Gen	lnL	RGF(Length)	L(Alpha)	L(1,1)	L(2,1)	L(3,1)	L(4,1)	L(5,1)	L(6,1)	RGF(Pi)	Pi(Alpha)	Pi(1,A)	Pi(1,C)	Pi(1,G)	Pi(1,T)	Pi(2,A)	Pi(2,C)	Pi(2,G)	Pi(2,T)	Pi(3,A)	Pi(3,C)	Pi(3,G)	Pi(3,T)	Pi(4,A)	Pi(4,C)	Pi(4,G)	Pi(4,T)	Pi(5,A)	Pi(5,C)	Pi(5,G)	Pi(5,T)	Pi(6,A)	Pi(6,C)	Pi(6,G)	Pi(6,T)	RGF(R)	R(Alpha)	R(1,AC)	R(1,AG)	R(1,AT)	R(1,CG)	R(1,CT)	R(1,GT)	R(2,AC)	R(2,AG)	R(2,AT)	R(2,CG)	R(2,CT)	R(2,GT)	R(3,AC)	R(3,AG)	R(3,AT)	R(3,CG)	R(3,CT)	R(3,GT)	R(4,AC)	R(4,AG)	R(4,AT)	R(4,CG)	R(4,CT)	R(4,GT)	R(5,AC)	R(5,AG)	R(5,AT)	R(5,CG)	R(5,CT)	R(5,GT)	R(6,AC)	R(6,AG)	R(6,AT)	R(6,CG)	R(6,CT)	R(6,GT)	RGF(Alpha)	Alpha(Alpha)	Alpha(1,1)	Alpha(2,1)	Alpha(3,1)	Alpha(4,1)	Alpha(5,1)	Alpha(6,1)	
1	-112813	1,2,3,2,1,4	71.354689	5.362148	4.575924	5.503362	4.575924	5.362148	6.087599	1,2,3,4,5,6	71.354689	0.367163	0.085128	0.326692	0.221018	0.503301	0.244544	0.141645	0.110509	0.303528	0.373554	0.079123	0.243795	0.173255	0.342229	0.031422	0.453094	0.567666	0.127506	0.096978	0.207850	0.267503	0.057551	0.441585	0.233361	1,2,3,4,5,6	71.354689	0.074777	0.423827	0.082286	0.308962	0.097183	0.012965	0.014859	0.295394	0.113852	0.172159	0.400176	0.003559	0.526440	0.044095	0.064845	0.051057	0.208520	0.105043	0.110332	0.069340	0.075122	0.125732	0.331003	0.288472	0.218705	0.120716	0.060417	0.138199	0.195327	0.266635	0.111148	0.024101	0.129269	0.225069	0.172093	0.338320	1,2,3,4,2,5	71.354689	1.054026	0.420006	1.012416	0.580691	0.420006	1.748355	
1000	-114781	1,2,3,4,5,6	71.354689	5.927090	4.915622	5.550071	4.885361	5.317397	4.730458	1,2,3,4,5,6	71.354689	0.460235	0.157587	0.289120	0.093058	0.464540	0.227570	0.207449	0.100441	0.378046	0.410410	0.014419	0.197126	0.375832	0.336719	0.087528	0.199921	0.303185	0.319106	0.087685	0.290023	0.188517	0.044634	0.705277	0.061572	1,1,2,3,1,4	71.354689	0.038887	0.478986	0.146468	0.101327	0.062667	0.171664	0.038887	0.478986	0.146468	0.101327	0.062667	0.171664	0.258488	0.184061	0.092789	0.224919	0.150367	0.089377	0.039616	0.449226	0.011227	0.091008	0.318404	0.090519	0.038887	0.478986	0.146468	0.101327	0.062667	0.171664	0.160858	0.018673	0.429734	0.104407	0.112673	0.173656	1,2,3,4,2,1	71.354689	1.141306	0.538890	1.001485	0.572138	0.538890	1.141306	
2000	-114920	1,2,3,4,5,4	71.354689	6.379407	5.128008	5.651150	4.179975	4.884539	4.179975	1,2,3,4,5,6	71.354689	0.636545	0.035373	0.269777	0.058305	0.523914	0.165713	0.175529	0.134844	0.344888	0.510361	0.059516	0.085235	0.011472	0.228491	0.267226	0.492811	0.598240	0.048014	0.153710	0.200036	0.071473	0.085463	0.160565	0.682499	1,2,3,2,4,5	71.354689	0.034758	0.288019	0.047890	0.209195	0.361722	0.058415	0.128935	0.507479	0.137368	0.006985	0.207139	0.012094	0.363166	0.018361	0.025115	0.067523	0.234460	0.291375	0.128935	0.507479	0.137368	0.006985	0.207139	0.012094	0.047942	0.304216	0.118346	0.157087	0.124232	0.248178	0.216855	0.028553	0.070348	0.458932	0.094831	0.130482	1,2,1,3,3,4	71.354689	1.130098	0.401657	1.130098	0.490450	0.490450	1.399162	
3000	-112353	1,2,3,2,4,4	71.354689	6.209454	5.276242	5.424171	5.276242	5.867023	5.867023	1,1,2,3,4,5	71.354689	0.476796	0.110008	0.371829	0.041368	0.476796	0.110008	0.371829	0.041368	0.213671	0.419699	0.111663	0.254967	0.353513	0.227469	0.056450	0.362569	0.245889	0.304695	0.103209	0.346207	0.352066	0.069828	0.287806	0.290301	1,1,2,3,4,2	71.354689	0.014210	0.339849	0.144782	0.092821	0.133180	0.275158	0.014210	0.339849	0.144782	0.092821	0.133180	0.275158	0.378049	0.012512	0.123604	0.121197	0.204777	0.159861	0.169195	0.025217	0.025836	0.131188	0.512507	0.136058	0.075229	0.584095	0.113813	0.068325	0.063946	0.094592	0.378049	0.012512	0.123604	0.121197	0.204777	0.159861	1,2,1,2,2,3	71.354689	1.034946	0.493381	1.034946	0.493381	0.493381	1.769870	
4000	-112679	1,2,3,4,5,4	71.354689	5.865527	7.376082	5.456966	4.882874	5.287923	4.882874	1,1,2,3,4,5	71.354689	0.619350	0.104318	0.264677	0.011655	0.619350	0.104318	0.264677	0.011655	0.365791	0.353914	0.075885	0.204410	0.105768	0.199307	0.109529	0.585396	0.496555	0.077585	0.123448	0.302412	0.146657	0.026011	0.766797	0.060535	1,1,2,3,3,2	71.354689	0.004014	0.295540	0.224707	0.052993	0.173356	0.249391	0.004014	0.295540	0.224707	0.052993	0.173356	0.249391	0.369892	0.013901	0.097321	0.015457	0.303167	0.200262	0.243064	0.129987	0.081225	0.050123	0.310513	0.185088	0.243064	0.129987	0.081225	0.050123	0.310513	0.185088	0.369892	0.013901	0.097321	0.015457	0.303167	0.200262	1,2,1,3,4,1	71.354689	1.164146	0.444577	1.164146	0.720600	0.480811	1.164146	
5000	-110956	1,2,3,3,4,5	71.354689	6.019091	6.190886	5.082836	5.082836	5.716030	4.924214	1,2,3,4,5,6	71.354689	0.500097	0.150162	0.327745	0.021996	0.742069	0.052362	0.179584	0.025985	0.484269	0.297467	0.086616	0.131648	0.007020	0.115822	0.240546	0.636612	0.505823	0.104368	0.144967	0.244842	0.312023	0.061935	0.507053	0.118989	1,1,2,3,4,2	71.354689	0.004007	0.204866	0.172992	0.022757	0.391168	0.204211	0.004007	0.204866	0.172992	0.022757	0.391168	0.204211	0.273071	0.014381	0.054245	0.085248	0.297536	0.275519	0.601432	0.083375	0.132401	0.006467	0.156978	0.019347	0.162956	0.310547	0.093922	0.234348	0.048655	0.149571	0.273071	0.014381	0.054245	0.085248	0.297536	0.275519	1,2,1,3,2,4	71.354689	1.088785	0.380881	1.088785	0.549599	0.380881	1.887948	
6000	-113102	1,2,3,4,5,6	71.354689	5.523530	6.420588	5.444747	5.233716	6.412195	5.279446	1,1,2,3,4,4	71.354689	0.541509	0.182010	0.254300	0.022181	0.541509	0.182010	0.254300	0.022181	0.279957	0.371515	0.118974	0.229554	0.183225	0.121002	0.222490	0.473283	0.482444	0.055321	0.212805	0.249431	0.482444	0.055321	0.212805	0.249431	1,1,2,3,4,2	71.354689	0.003374	0.335745	0.224086	0.047455	0.147975	0.241365	0.003374	0.335745	0.224086	0.047455	0.147975	0.241365	0.372104	0.011577	0.020401	0.188363	0.144288	0.263266	0.195781	0.138349	0.020126	0.400928	0.200926	0.043891	0.228707	0.281202	0.103457	0.110050	0.133521	0.143063	0.372104	0.011577	0.020401	0.188363	0.144288	0.263266	1,2,3,4,2,5	71.354689	1.190676	0.459038	0.915879	0.722661	0.459038	2.150723	
7000	-112393	1,2,3,3,4,5	71.354689	5.785751	6.532443	4.003854	4.003854	6.488506	5.281632	1,1,2,2,3,4	71.354689	0.524235	0.124215	0.324421	0.027129	0.524235	0.124215	0.324421	0.027129	0.116227	0.429009	0.030203	0.424560	0.116227	0.429009	0.030203	0.424560	0.274362	0.106145	0.211630	0.407864	0.352414	0.020316	0.347423	0.279847	1,1,2,3,4,2	71.354689	0.005256	0.344613	0.254847	0.050988	0.130150	0.214146	0.005256	0.344613	0.254847	0.050988	0.130150	0.214146	0.509528	0.000155	0.054813	0.180983	0.109205	0.145317	0.059355	0.464287	0.049310	0.070948	0.117535	0.238565	0.215512	0.143239	0.120219	0.158316	0.101461	0.261253	0.509528	0.000155	0.054813	0.180983	0.109205	0.145317	1,2,1,3,3,4	71.354689	1.055059	0.387705	1.055059	0.448167	0.448167	1.257987	
8000	-112150	1,2,3,2,4,5	71.354689	5.922888	4.739279	5.117986	4.739279	6.237458	5.760881	1,2,3,4,4,5	71.354689	0.487972	0.110224	0.327216	0.074588	0.655873	0.206479	0.109082	0.028566	0.258559	0.355760	0.051442	0.334239	0.342805	0.120798	0.116400	0.419997	0.342805	0.120798	0.116400	0.419997	0.321893	0.076381	0.327955	0.273772	1,1,2,3,1,2	71.354689	0.012562	0.387522	0.075644	0.125365	0.107671	0.291236	0.012562	0.387522	0.075644	0.125365	0.107671	0.291236	0.368018	0.038344	0.088287	0.199655	0.116069	0.189626	0.024123	0.029259	0.048946	0.094226	0.683807	0.119639	0.012562	0.387522	0.075644	0.125365	0.107671	0.291236	0.368018	0.038344	0.088287	0.199655	0.116069	0.189626	1,2,1,3,4,5	71.354689	1.149626	0.393204	1.149626	0.564732	0.510742	1.233930	
9000	-112219	1,2,3,4,2,5	71.354689	5.140457	5.255046	5.604241	5.206506	5.255046	5.977599	1,1,2,3,4,5	71.354689	0.462308	0.233589	0.256029	0.048074	0.462308	0.233589	0.256029	0.048074	0.374935	0.429883	0.126185	0.068998	0.207453	0.135117	0.249505	0.407924	0.588350	0.068532	0.168526	0.174592	0.183130	0.028867	0.488220	0.299782	1,1,2,3,4,2	71.354689	0.042413	0.563683	0.139659	0.045028	0.152770	0.056447	0.042413	0.563683	0.139659	0.045028	0.152770	0.056447	0.343103	0.026039	0.071707	0.107884	0.285965	0.165302	0.056242	0.084481	0.106281	0.124194	0.579443	0.049358	0.077656	0.205480	0.104226	0.175543	0.302742	0.134353	0.343103	0.026039	0.071707	0.107884	0.285965	0.165302	1,2,3,2,2,4	71.354689	1.224235	0.467441	0.911092	0.467441	0.467441	2.538372	
10000	-112443	1,2,3,4,4,5	71.354689	5.823384	5.701857	5.955571	4.382384	4.382384	5.934544	1,1,2,3,4,4	71.354689	0.495339	0.176675	0.277013	0.050973	0.495339	0.176675	0.277013	0.050973	0.449365	0.419800	0.059326	0.071509	0.134450	0.133425	0.046802	0.685323	0.215368	0.153482	0.303059	0.328091	0.215368	0.153482	0.303059	0.328091	1,1,2,2,3,4	71.354689	0.021464	0.482663	0.087041	0.113593	0.228546	0.066693	0.021464	0.482663	0.087041	0.113593	0.228546	0.066693	0.391245	0.009047	0.069492	0.086212	0.321518	0.122487	0.391245	0.009047	0.069492	0.086212	0.321518	0.122487	0.328579	0.166554	0.156235	0.031106	0.143082	0.174444	0.131538	0.037248	0.133643	0.162474	0.172565	0.362532	1,2,3,4,2,1	71.354689	1.160537	0.419972	1.130530	0.581903	0.419972	1.160537	
11000	-112259	1,2,2,2,3,4	71.354689	6.363656	4.970155	4.970155	4.970155	5.438190	5.382200	1,2,3,4,3,5	71.354689	0.365700	0.109218	0.423320	0.101762	0.485040	0.221421	0.155873	0.137666	0.367072	0.189322	0.120492	0.323114	0.051711	0.120507	0.053893	0.773888	0.367072	0.189322	0.120492	0.323114	0.213629	0.072470	0.343259	0.370642	1,1,2,3,4,2	71.354689	0.016618	0.660475	0.065215	0.108222	0.052599	0.096871	0.016618	0.660475	0.065215	0.108222	0.052599	0.096871	0.242738	0.021794	0.041583	0.205252	0.190233	0.298399	0.161134	0.060247	0.364889	0.150570	0.213259	0.049901	0.137159	0.193738	0.193161	0.192284	0.054955	0.228703	0.242738	0.021794	0.041583	0.205252	0.190233	0.298399	1,2,3,4,5,6	71.354689	1.016631	0.445105	0.951852	0.575029	0.451794	1.525638	
12000	-113970	1,2,3,4,5,6	71.354689	6.089758	6.296573	5.765645	4.294502	4.792747	5.047583	1,1,2,3,4,4	71.354689	0.520957	0.152372	0.286747	0.039924	0.520957	0.152372	0.286747	0.039924	0.513026	0.364753	0.003405	0.118816	0.057927	0.375824	0.272059	0.294190	0.368075	0.212451	0.239129	0.180344	0.368075	0.212451	0.239129	0.180344	1,1,2,2,3,4	71.354689	0.014299	0.511010	0.212780	0.051129	0.146977	0.063805	0.014299	0.511010	0.212780	0.051129	0.146977	0.063805	0.250425	0.033976	0.186197	0.127424	0.262383	0.139595	0.250425	0.033976	0.186197	0.127424	0.262383	0.139595	0.132065	0.173062	0.475494	0.039773	0.058390	0.121216	0.122718	0.032378	0.061097	0.141690	0.189724	0.452392	1,2,1,3,2,4	71.354689	1.137426	0.376590	1.137426	0.649900	0.376590	1.904869	
13000	-113670	1,2,3,4,5,6	71.354689	6.225379	5.799926	5.759825	5.298808	5.366573	6.021302	1,1,2,2,3,1	71.354689	0.519581	0.166807	0.238337	0.075276	0.519581	0.166807	0.238337	0.075276	0.247302	0.357876	0.084561	0.310261	0.247302	0.357876	0.084561	0.310261	0.499452	0.184501	0.105678	0.210369	0.519581	0.166807	0.238337	0.075276	1,1,2,3,1,2	71.354689	0.020788	0.548336	0.118462	0.104835	0.100731	0.106848	0.020788	0.548336	0.118462	0.104835	0.100731	0.106848	0.303052	0.005282	0.083349	0.067065	0.191793	0.349459	0.023296	0.266166	0.021148	0.227474	0.214819	0.247097	0.020788	0.548336	0.118462	0.104835	0.100731	0.106848	0.303052	0.005282	0.083349	0.067065	0.191793	0.349459	1,2,1,3,4,5	71.354689	1.051969	0.446799	1.051969	0.690618	0.482835	1.945235	
14000	-114367	1,2,3,3,4,5	71.354689	5.662107	5.847108	5.457921	5.457921	5.159041	5.623945	1,1,2,3,4,4	71.354689	0.464123	0.251320	0.258184	0.026374	0.464123	0.251320	0.258184	0.026374	0.291119	0.311270	0.225615	0.171995	0.236391	0.237135	0.337765	0.188709	0.247171	0.081994	0.366631	0.304203	0.247171	0.081994	0.366631	0.304203	1,1,2,3,3,2	71.354689	0.001436	0.354212	0.259126	0.026675	0.125149	0.233402	0.001436	0.354212	0.259126	0.026675	0.125149	0.233402	0.370461	0.013024	0.014955	0.115055	0.310938	0.175567	0.198490	0.066985	0.174502	0.103260	0.393901	0.062863	0.198490	0.066985	0.174502	0.103260	0.393901	0.062863	0.370461	0.013024	0.014955	0.115055	0.310938	0.175567	1,2,1,3,4,5	71.354689	1.133014	0.373892	1.133014	0.630028	0.581427	2.189455	
15000	-112720	1,2,3,4,5,6	71.354689	6.489572	4.902654	5.293802	4.763539	6.384457	5.775293	1,2,3,4,5,6	71.354689	0.381146	0.210008	0.234837	0.174009	0.489323	0.297379	0.188841	0.024457	0.220764	0.550618	0.071915	0.156703	0.353977	0.199081	0.044042	0.402899	0.441847	0.233455	0.093487	0.231211	0.175419	0.207866	0.315453	0.301262	1,1,2,3,1,2	71.354689	0.012574	0.631551	0.074472	0.036922	0.073671	0.170809	0.012574	0.631551	0.074472	0.036922	0.073671	0.170809	0.298208	0.020916	0.081168	0.072712	0.229784	0.297212	0.055489	0.234259	0.007622	0.154159	0.245024	0.303447	0.012574	0.631551	0.074472	0.036922	0.073671	0.170809	0.298208	0.020916	0.081168	0.072712	0.229784	0.297212	1,2,3,4,5,6	71.354689	1.238473	0.363838	0.908850	0.510653	0.391123	1.806923	
16000	-112728	1,2,3,3,3,4	71.354689	5.562089	5.803386	4.706071	4.706071	4.706071	6.387574	1,1,2,3,4,5	71.354689	0.511259	0.201324	0.260452	0.026965	0.511259	0.201324	0.260452	0.026965	0.181682	0.430625	0.212858	0.174835	0.239355	0.102076	0.114805	0.543764	0.705626	0.078458	0.115445	0.100471	0.164018	0.117829	0.464765	0.253388	1,1,2,3,4,2	71.354689	0.000587	0.403460	0.314806	0.092932	0.130837	0.057378	0.000587	0.403460	0.314806	0.092932	0.130837	0.057378	0.410630	0.006197	0.061896	0.088511	0.161389	0.271376	0.120755	0.212546	0.077559	0.241725	0.296632	0.050784	0.143839	0.130282	0.122679	0.171537	0.173718	0.257944	0.410630	0.006197	0.061896	0.088511	0.161389	0.271376	1,2,3,4,5,1	71.354689	1.374616	0.449437	0.961694	0.842201	0.660505	1.374616	
17000	-113748	1,2,3,3,4,5	71.354689	6.012364	5.153707	4.062641	4.062641	5.358288	5.933416	1,2,3,4,5,1	71.354689	0.415566	0.097918	0.353201	0.133315	0.478070	0.079405	0.427789	0.014736	0.324378	0.409933	0.218914	0.046774	0.138338	0.173809	0.297781	0.390072	0.380947	0.135750	0.304807	0.178496	0.415566	0.097918	0.353201	0.133315	1,1,2,3,4,2	71.354689	0.048997	0.426543	0.166075	0.036607	0.121031	0.200746	0.048997	0.426543	0.166075	0.036607	0.121031	0.200746	0.260164	0.007223	0.066449	0.021221	0.285428	0.359516	0.093999	0.064573	0.158218	0.019510	0.528664	0.135037	0.243345	0.263624	0.254830	0.016978	0.115819	0.105405	0.260164	0.007223	0.066449	0.021221	0.285428	0.359516	1,2,3,4,2,5	71.354689	1.015354	0.445305	0.914948	0.547005	0.445305	2.112309	
18000	-117316	1,2,3,4,4,5	71.354689	5.559963	6.538277	5.906949	5.212634	5.212634	6.714903	1,1,2,3,4,5	71.354689	0.557846	0.138905	0.253091	0.050159	0.557846	0.138905	0.253091	0.050159	0.457438	0.350668	0.104911	0.086983	0.059828	0.277503	0.301569	0.361101	0.326670	0.318933	0.227696	0.126702	0.206656	0.218154	0.385597	0.189593	1,1,2,3,3,4	71.354689	0.008285	0.667463	0.071352	0.134726	0.046246	0.071928	0.008285	0.667463	0.071352	0.134726	0.046246	0.071928	0.097105	0.050294	0.090946	0.446487	0.173458	0.141711	0.131593	0.116440	0.265830	0.177538	0.115569	0.193030	0.131593	0.116440	0.265830	0.177538	0.115569	0.193030	0.062283	0.016641	0.130676	0.351501	0.163272	0.275627	1,2,3,4,2,5	71.354689	1.076199	0.427980	1.007958	0.631782	0.427980	1.806233	
19000	-113143	1,2,3,2,2,4	71.354689	5.652122	4.389052	5.508651	4.389052	4.389052	5.969359	1,2,3,4,3,5	71.354689	0.639017	0.097404	0.245278	0.018302	0.609816	0.208085	0.139904	0.042194	0.257662	0.460121	0.023063	0.259155	0.000658	0.146355	0.037223	0.815765	0.257662	0.460121	0.023063	0.259155	0.101494	0.034072	0.664889	0.199544	1,1,2,3,1,2	71.354689	0.027206	0.462770	0.116188	0.052991	0.053405	0.287441	0.027206	0.462770	0.116188	0.052991	0.053405	0.287441	0.334725	0.021810	0.070310	0.174665	0.181873	0.216616	0.189114	0.219053	0.190492	0.021083	0.300151	0.080106	0.027206	0.462770	0.116188	0.052991	0.053405	0.287441	0.334725	0.021810	0.070310	0.174665	0.181873	0.216616	1,2,1,3,4,5	71.354689	1.171219	0.297008	1.171219	0.598762	0.566204	2.475223	
20000	-112996	1,2,3,4,5,6	71.354689	5.479239	5.470234	5.131280	5.401878	6.031879	6.130260	1,1,2,3,2,4	71.354689	0.536957	0.178751	0.275296	0.008996	0.536957	0.178751	0.275296	0.008996	0.296395	0.264056	0.216150	0.223399	0.039812	0.250152	0.136884	0.573152	0.296395	0.264056	0.216150	0.223399	0.108302	0.099055	0.577549	0.215093	1,1,2,2,3,4	71.354689	0.024766	0.411822	0.251169	0.092871	0.075511	0.143861	0.024766	0.411822	0.251169	0.092871	0.075511	0.143861	0.260675	0.071420	0.054349	0.161960	0.338183	0.113414	0.260675	0.071420	0.054349	0.161960	0.338183	0.113414	0.057755	0.202521	0.128455	0.207690	0.077295	0.326284	0.231492	0.079297	0.104319	0.156882	0.261586	0.166423	1,2,1,3,4,5	71.354689	1.178869	0.385509	1.178869	0.544311	0.461130	1.656209	
21000	-112631	1,2,1,3,4,5	71.354689	5.409969	6.042926	5.409969	5.661106	5.658534	6.790404	1,1,2,3,2,4	71.354689	0.528009	0.228868	0.221375	0.021748	0.528009	0.228868	0.221375	0.021748	0.407857	0.300005	0.111334	0.180803	0.093552	0.146758	0.237726	0.521964	0.407857	0.300005	0.111334	0.180803	0.163902	0.206934	0.347576	0.281587	1,1,2,3,4,2	71.354689	0.001441	0.311507	0.353162	0.069447	0.099679	0.164765	0.001441	0.311507	0.353162	0.069447	0.099679	0.164765	0.310898	0.005618	0.030437	0.108466	0.308507	0.236074	0.224536	0.473563	0.030169	0.122618	0.148420	0.000694	0.060914	0.429454	0.116776	0.012127	0.088591	0.292138	0.310898	0.005618	0.030437	0.108466	0.308507	0.236074	1,2,1,3,4,5	71.354689	1.066701	0.388425	1.066701	0.543112	0.507276	1.805313	
22000	-113494	1,2,3,4,5,6	71.354689	5.516552	6.332803	5.726916	4.659151	5.616848	6.911186	1,1,2,2,3,4	71.354689	0.555574	0.133043	0.230301	0.081082	0.555574	0.133043	0.230301	0.081082	0.245438	0.442525	0.030171	0.281865	0.245438	0.442525	0.030171	0.281865	0.520323	0.095662	0.277840	0.106176	0.128406	0.087608	0.436390	0.347596	1,2,3,2,4,3	71.354689	0.019601	0.452190	0.270462	0.085360	0.051752	0.120636	0.014738	0.368939	0.139275	0.046804	0.260450	0.169794	0.387386	0.030527	0.112169	0.060376	0.108382	0.301159	0.014738	0.368939	0.139275	0.046804	0.260450	0.169794	0.172019	0.128386	0.070095	0.048323	0.405861	0.175315	0.387386	0.030527	0.112169	0.060376	0.108382	0.301159	1,2,1,3,4,5	71.354689	1.152286	0.469789	1.152286	0.671861	0.493919	1.716358	
23000	-112347	1,2,3,2,4,2	71.354689	6.279736	4.713500	5.403064	4.713500	5.605592	4.713500	1,2,3,4,3,5	71.354689	0.452991	0.143674	0.369867	0.033468	0.424635	0.299371	0.227646	0.048348	0.349563	0.312307	0.113423	0.224708	0.138784	0.423965	0.017199	0.420052	0.349563	0.312307	0.113423	0.224708	0.507756	0.024833	0.222021	0.245390	1,1,2,3,1,3	71.354689	0.014031	0.495636	0.149317	0.079845	0.084037	0.177134	0.014031	0.495636	0.149317	0.079845	0.084037	0.177134	0.400885	0.018875	0.069188	0.067492	0.277938	0.165622	0.178695	0.024996	0.069580	0.073131	0.284076	0.369521	0.014031	0.495636	0.149317	0.079845	0.084037	0.177134	0.178695	0.024996	0.069580	0.073131	0.284076	0.369521	1,2,3,4,4,5	71.354689	1.033181	0.418122	1.156542	0.425588	0.425588	2.176460	
24000	-112177	1,2,3,4,5,6	71.354689	5.895877	7.338878	4.731487	5.232032	6.158238	5.728804	1,1,2,3,4,5	71.354689	0.593360	0.114260	0.265508	0.026871	0.593360	0.114260	0.265508	0.026871	0.253518	0.481029	0.193638	0.071815	0.034397	0.379878	0.072845	0.512880	0.453183	0.140155	0.169973	0.236689	0.297182	0.148137	0.344400	0.210280	1,1,2,3,4,4	71.354689	0.009450	0.498334	0.090003	0.094438	0.078255	0.229520	0.009450	0.498334	0.090003	0.094438	0.078255	0.229520	0.341516	0.018734	0.088097	0.093898	0.370367	0.087388	0.174339	0.059843	0.273107	0.009498	0.295519	0.187695	0.177913	0.083623	0.092753	0.126400	0.095751	0.423560	0.177913	0.083623	0.092753	0.126400	0.095751	0.423560	1,2,1,3,3,4	71.354689	0.927506	0.332547	0.927506	0.518839	0.518839	1.519071	
25000	-113243	1,2,1,1,3,4	71.354689	4.953317	5.913826	4.953317	4.953317	6.238639	6.846192	1,1,2,3,4,5	71.354689	0.541205	0.246070	0.196974	0.015751	0.541205	0.246070	0.196974	0.015751	0.206013	0.286964	0.165434	0.341588	0.184702	0.272102	0.137285	0.405911	0.388687	0.201299	0.179520	0.230495	0.119667	0.069837	0.574296	0.236201	1,1,2,3,4,5	71.354689	0.003155	0.194338	0.205520	0.017479	0.228767	0.350740	0.003155	0.194338	0.205520	0.017479	0.228767	0.350740	0.298488	0.144374	0.207877	0.058377	0.159961	0.130923	0.320807	0.239461	0.076837	0.041774	0.270552	0.050569	0.135390	0.383426	0.094146	0.055570	0.158543	0.172925	0.128849	0.031370	0.176296	0.156769	0.050154	0.456563	1,2,3,4,5,6	71.354689	1.230448	0.376315	1.179506	0.598688	0.515381	1.485570	
26000	-114374	1,2,3,3,4,3	71.354689	6.224068	5.744469	4.781477	4.781477	5.557924	4.781477	1,1,2,3,3,4	71.354689	0.586300	0.105149	0.298909	0.009641	0.586300	0.105149	0.298909	0.009641	0.196314	0.650168	0.020259	0.133259	0.266047	0.184084	0.125312	0.424556	0.266047	0.184084	0.125312	0.424556	0.407594	0.166800	0.199929	0.225677	1,1,2,3,1,4	71.354689	0.051485	0.391083	0.174320	0.017504	0.167842	0.197765	0.051485	0.391083	0.174320	0.017504	0.167842	0.197765	0.377181	0.181294	0.062508	0.067638	0.226170	0.085209	0.217855	0.008006	0.010467	0.174316	0.422177	0.167179	0.051485	0.391083	0.174320	0.017504	0.167842	0.197765	0.167424	0.098674	0.124938	0.022197	0.233011	0.353756	1,2,3,4,2,5	71.354689	1.149437	0.473301	0.885248	0.662170	0.473301	1.324878	
27000	-113265	1,2,3,4,4,5	71.354689	6.218526	5.717555	5.110578	4.975087	4.975087	5.516749	1,2,3,4,5,5	71.354689	0.534849	0.094711	0.331788	0.038651	0.624309	0.129997	0.185921	0.059773	0.260126	0.250282	0.266251	0.223341	0.082126	0.210419	0.121619	0.585836	0.281364	0.044965	0.344187	0.329485	0.281364	0.044965	0.344187	0.329485	1,1,2,3,3,2	71.354689	0.040812	0.344662	0.252697	0.046936	0.067082	0.247812	0.040812	0.344662	0.252697	0.046936	0.067082	0.247812	0.387980	0.027885	0.029055	0.162350	0.229695	0.163034	0.121871	0.057126	0.071793	0.251337	0.337960	0.159913	0.121871	0.057126	0.071793	0.251337	0.337960	0.159913	0.387980	0.027885	0.029055	0.162350	0.229695	0.163034	1,2,1,3,4,5	71.354689	1.037777	0.363593	1.037777	0.578050	0.598020	1.561695	
28000	-112329	1,2,1,3,2,1	71.354689	4.975627	5.540524	4.975627	4.746577	5.540524	4.975627	1,1,2,3,2,4	71.354689	0.507639	0.232979	0.212602	0.046780	0.507639	0.232979	0.212602	0.046780	0.306465	0.280559	0.101246	0.311729	0.311616	0.108917	0.032993	0.546473	0.306465	0.280559	0.101246	0.311729	0.372679	0.049498	0.422756	0.155067	1,1,2,3,1,2	71.354689	0.026924	0.544932	0.147280	0.056297	0.042859	0.181709	0.026924	0.544932	0.147280	0.056297	0.042859	0.181709	0.296391	0.023112	0.059271	0.314593	0.147634	0.158999	0.012055	0.096093	0.044187	0.207674	0.593700	0.046291	0.026924	0.544932	0.147280	0.056297	0.042859	0.181709	0.296391	0.023112	0.059271	0.314593	0.147634	0.158999	1,2,3,4,2,5	71.354689	1.270738	0.475930	0.959270	0.691669	0.475930	1.927990	
29000	-111791	1,2,3,4,5,6	71.354689	5.822347	5.821292	5.551840	5.400748	5.028814	6.061768	1,1,2,3,4,4	71.354689	0.554690	0.135682	0.298547	0.011081	0.554690	0.135682	0.298547	0.011081	0.281010	0.351146	0.112525	0.255319	0.081805	0.220007	0.176455	0.521733	0.293104	0.102246	0.390786	0.213864	0.293104	0.102246	0.390786	0.213864	1,1,2,3,3,2	71.354689	0.006981	0.207077	0.407362	0.044421	0.151463	0.182696	0.006981	0.207077	0.407362	0.044421	0.151463	0.182696	0.357524	0.000771	0.045620	0.142111	0.220126	0.233848	0.148562	0.082020	0.182589	0.234389	0.256230	0.096210	0.148562	0.082020	0.182589	0.234389	0.256230	0.096210	0.357524	0.000771	0.045620	0.142111	0.220126	0.233848	1,2,1,3,3,4	71.354689	1.097800	0.351110	1.097800	0.499986	0.499986	1.738394	
30000	-113264	1,2,3,4,4,5	71.354689	5.566641	5.502456	5.219794	5.105705	5.105705	6.223282	1,1,2,3,1,4	71.354689	0.491743	0.112716	0.252883	0.142658	0.491743	0.112716	0.252883	0.142658	0.189112	0.446340	0.207178	0.157369	0.088963	0.158605	0.110286	0.642146	0.491743	0.112716	0.252883	0.142658	0.272392	0.072802	0.391309	0.263496	1,1,2,3,4,5	71.354689	0.020342	0.676961	0.064795	0.119841	0.040496	0.077566	0.020342	0.676961	0.064795	0.119841	0.040496	0.077566	0.253770	0.100163	0.042633	0.069440	0.273278	0.260716	0.265420	0.063888	0.005983	0.006768	0.453065	0.204877	0.192682	0.086688	0.169954	0.190479	0.128123	0.232074	0.212716	0.078406	0.069327	0.113169	0.042482	0.483899	1,2,1,3,4,5	71.354689	1.090791	0.421014	1.090791	0.555259	0.525728	1.357528	
31000	-112996	1,1,2,3,4,5	71.354689	4.880043	4.880043	5.258593	5.400756	6.156099	6.359552	1,2,3,4,5,6	71.354689	0.537423	0.209876	0.196628	0.056072	0.471310	0.317563	0.181279	0.029848	0.270268	0.561714	0.091250	0.076767	0.174970	0.180618	0.018902	0.625509	0.441132	0.298690	0.125434	0.134744	0.134121	0.150487	0.475630	0.239763	1,1,2,3,4,2	71.354689	0.007668	0.376004	0.123355	0.070000	0.064789	0.358184	0.007668	0.376004	0.123355	0.070000	0.064789	0.358184	0.286956	0.035293	0.063877	0.023107	0.407045	0.183723	0.016697	0.119483	0.362872	0.056339	0.371925	0.072683	0.116429	0.432720	0.114277	0.069541	0.008074	0.258959	0.286956	0.035293	0.063877	0.023107	0.407045	0.183723	1,2,3,4,5,6	71.354689	1.333222	0.441633	0.995792	0.572022	0.453322	1.557752	
32000	-112167	1,2,3,2,4,5	71.354689	5.473560	4.329897	4.759304	4.329897	6.408752	6.843627	1,1,2,3,4,5	71.354689	0.542434	0.124411	0.234419	0.098736	0.542434	0.124411	0.234419	0.098736	0.348254	0.264811	0.107319	0.279616	0.040075	0.270040	0.015330	0.674555	0.396519	0.300923	0.132750	0.169808	0.355574	0.191068	0.221779	0.231580	1,1,2,2,3,4	71.354689	0.007409	0.602289	0.147712	0.086930	0.082656	0.073004	0.007409	0.602289	0.147712	0.086930	0.082656	0.073004	0.363619	0.026752	0.047060	0.037208	0.396069	0.129293	0.363619	0.026752	0.047060	0.037208	0.396069	0.129293	0.110842	0.167499	0.264312	0.147029	0.057616	0.252702	0.198448	0.008869	0.165065	0.083439	0.110482	0.433697	1,2,3,4,2,5	71.354689	1.233250	0.449785	1.106485	0.439776	0.449785	1.809106	
33000	-112614	1,2,3,4,4,5	71.354689	5.907935	5.237242	5.507472	4.235343	4.235343	6.242384	1,1,2,3,2,4	71.354689	0.490323	0.101421	0.299369	0.108887	0.490323	0.101421	0.299369	0.108887	0.290069	0.434738	0.065508	0.209685	0.188327	0.235589	0.231550	0.344534	0.290069	0.434738	0.065508	0.209685	0.178937	0.173602	0.302941	0.344519	1,1,2,3,1,2	71.354689	0.027063	0.521385	0.096804	0.092630	0.022609	0.239509	0.027063	0.521385	0.096804	0.092630	0.022609	0.239509	0.330620	0.018031	0.081606	0.129984	0.224123	0.215636	0.027280	0.239364	0.075907	0.236569	0.393706	0.027174	0.027063	0.521385	0.096804	0.092630	0.022609	0.239509	0.330620	0.018031	0.081606	0.129984	0.224123	0.215636	1,2,3,4,5,6	71.354689	1.220398	0.362759	1.057485	0.523528	0.454635	1.802348	
34000	-113889	1,2,3,4,3,3	71.354689	5.804883	6.362227	4.888296	4.852251	4.888296	4.888296	1,2,3,4,5,6	71.354689	0.534139	0.161014	0.259911	0.044936	0.592616	0.209697	0.164005	0.033682	0.279002	0.530494	0.016468	0.174036	0.082669	0.300783	0.174263	0.442285	0.465618	0.149729	0.136339	0.248313	0.150219	0.306171	0.307047	0.236563	1,1,2,3,4,5	71.354689	0.007796	0.487707	0.124340	0.071697	0.200354	0.108107	0.007796	0.487707	0.124340	0.071697	0.200354	0.108107	0.264419	0.226702	0.030130	0.212078	0.065546	0.201123	0.289008	0.113771	0.075477	0.222450	0.215465	0.083829	0.233336	0.184939	0.247866	0.062253	0.056410	0.215197	0.031268	0.039461	0.455214	0.079782	0.003415	0.390860	1,2,3,4,5,1	71.354689	1.266234	0.371008	0.846302	0.569777	0.429981	1.266234	
35000	-112322	1,2,2,2,3,4	71.354689	5.897857	4.977031	4.977031	4.977031	6.426193	6.115396	1,2,3,4,3,5	71.354689	0.311839	0.171330	0.420559	0.096272	0.714074	0.066785	0.139051	0.080090	0.489295	0.262071	0.119852	0.128782	0.114314	0.206397	0.027796	0.651494	0.489295	0.262071	0.119852	0.128782	0.192255	0.153921	0.456618	0.197205	1,1,2,2,1,2	71.354689	0.010945	0.492296	0.086171	0.081587	0.098566	0.230435	0.010945	0.492296	0.086171	0.081587	0.098566	0.230435	0.196618	0.026849	0.074854	0.129693	0.266756	0.305229	0.196618	0.026849	0.074854	0.129693	0.266756	0.305229	0.010945	0.492296	0.086171	0.081587	0.098566	0.230435	0.196618	0.026849	0.074854	0.129693	0.266756	0.305229	1,2,3,4,5,6	71.354689	1.208773	0.429645	1.074796	0.561478	0.385946	1.888678	
36000	-114647	1,1,2,3,4,5	71.354689	4.428388	4.428388	5.180431	5.222396	7.052253	5.197586	1,1,2,3,4,5	71.354689	0.553556	0.295004	0.138997	0.012444	0.553556	0.295004	0.138997	0.012444	0.099859	0.601612	0.094512	0.204016	0.091367	0.231626	0.200942	0.476065	0.328705	0.237755	0.107399	0.326140	0.352676	0.068783	0.437947	0.140594	1,1,2,3,4,2	71.354689	0.015579	0.601144	0.060904	0.120224	0.037307	0.164842	0.015579	0.601144	0.060904	0.120224	0.037307	0.164842	0.213479	0.043193	0.159026	0.051161	0.316619	0.216522	0.042638	0.430369	0.256366	0.075795	0.183187	0.011644	0.005354	0.403742	0.024535	0.353844	0.033695	0.178829	0.213479	0.043193	0.159026	0.051161	0.316619	0.216522	1,2,1,3,3,4	71.354689	1.041715	0.386227	1.041715	0.411872	0.411872	4.242419	
37000	-112734	1,2,3,4,3,5	71.354689	6.245726	6.542068	5.330798	4.479842	5.330798	6.159825	1,1,2,3,4,5	71.354689	0.536022	0.146594	0.289064	0.028320	0.536022	0.146594	0.289064	0.028320	0.253062	0.420561	0.048377	0.278000	0.176312	0.367239	0.141217	0.315231	0.327444	0.171268	0.285377	0.215911	0.234283	0.097617	0.457908	0.210192	1,1,2,3,4,5	71.354689	0.004393	0.387943	0.241806	0.033533	0.203786	0.128538	0.004393	0.387943	0.241806	0.033533	0.203786	0.128538	0.288401	0.239592	0.038913	0.107718	0.277181	0.048195	0.112337	0.068370	0.110290	0.067266	0.386528	0.255208	0.145316	0.179241	0.285483	0.088687	0.076668	0.224606	0.538394	0.026657	0.022452	0.168473	0.080695	0.163330	1,2,3,4,5,6	71.354689	1.314450	0.439703	0.876095	0.541249	0.539525	1.513380	
38000	-115171	1,2,3,4,5,6	71.354689	5.249886	5.373583	5.224392	6.213954	5.961421	6.048774	1,1,2,3,1,4	71.354689	0.494966	0.131546	0.222129	0.151360	0.494966	0.131546	0.222129	0.151360	0.341283	0.272629	0.077099	0.308989	0.109965	0.443949	0.122935	0.323151	0.494966	0.131546	0.222129	0.151360	0.479142	0.104114	0.323896	0.092848	1,1,2,3,3,4	71.354689	0.013650	0.624446	0.144268	0.067218	0.030886	0.119533	0.013650	0.624446	0.144268	0.067218	0.030886	0.119533	0.238766	0.088115	0.013584	0.245272	0.150899	0.263364	0.134464	0.263096	0.157215	0.223747	0.063154	0.158325	0.134464	0.263096	0.157215	0.223747	0.063154	0.158325	0.255288	0.013738	0.227593	0.124082	0.133957	0.245341	1,2,1,3,3,4	71.354689	0.955951	0.396259	0.955951	0.539384	0.539384	1.912145	
39000	-112119	1,1,2,1,3,4	71.354689	4.568037	4.568037	5.590691	4.568037	6.094489	5.914125	1,2,3,4,5,1	71.354689	0.296516	0.218968	0.310552	0.173963	0.374774	0.326771	0.144730	0.153724	0.348118	0.350613	0.110191	0.191079	0.154113	0.130380	0.021446	0.694061	0.367912	0.179868	0.149433	0.302788	0.296516	0.218968	0.310552	0.173963	1,1,2,3,4,2	71.354689	0.007617	0.705311	0.105880	0.028868	0.105044	0.047280	0.007617	0.705311	0.105880	0.028868	0.105044	0.047280	0.348051	0.038006	0.081575	0.026111	0.162380	0.343877	0.128719	0.137223	0.133703	0.113098	0.458050	0.029207	0.048944	0.165241	0.159436	0.147311	0.065826	0.413242	0.348051	0.038006	0.081575	0.026111	0.162380	0.343877	1,2,3,4,5,6	71.354689	1.129321	0.388897	0.988241	0.515995	0.474284	1.580384	
40000	-111965	1,2,3,4,5,6	71.354689	5.758405	5.510351	5.527995	5.093803	5.495681	6.359653	1,1,2,3,2,4	71.354689	0.524315	0.129097	0.325319	0.021269	0.524315	0.129097	0.325319	0.021269	0.352285	0.338747	0.057941	0.251027	0.089251	0.175513	0.138416	0.596820	0.352285	0.338747	0.057941	0.251027	0.341763	0.104439	0.296328	0.257471	1,1,2,1,3,2	71.354689	0.027598	0.275766	0.323255	0.060202	0.194210	0.118969	0.027598	0.275766	0.323255	0.060202	0.194210	0.118969	0.397522	0.006328	0.049523	0.195010	0.126956	0.224661	0.027598	0.275766	0.323255	0.060202	0.194210	0.118969	0.047845	0.376383	0.099661	0.047585	0.075292	0.353235	0.397522	0.006328	0.049523	0.195010	0.126956	0.224661	1,2,3,4,5,6	71.354689	1.180047	0.472082	1.088227	0.537472	0.486540	1.667868	
41000	-112951	1,2,3,1,4,5	71.354689	4.984452	6.289398	5.394735	4.984452	5.633488	6.109458	1,1,2,3,4,4	71.354689	0.659628	0.091725	0.218613	0.030034	0.659628	0.091725	0.218613	0.030034	0.346675	0.395635	0.010474	0.247216	0.364967	0.270654	0.012184	0.352196	0.365418	0.127083	0.249607	0.257892	0.365418	0.127083	0.249607	0.257892	1,1,2,3,4,5	71.354689	0.005390	0.325231	0.320475	0.086897	0.173017	0.088990	0.005390	0.325231	0.320475	0.086897	0.173017	0.088990	0.275809	0.106845	0.080067	0.081855	0.096048	0.359375	0.114995	0.007336	0.018164	0.190674	0.422848	0.245982	0.112166	0.196035	0.208387	0.066241	0.349017	0.068153	0.278941	0.019188	0.032865	0.327238	0.118505	0.223263	1,2,3,4,5,6	71.354689	0.992657	0.367219	1.031984	0.524720	0.504269	1.707515	
42000	-114138	1,2,3,2,4,5	71.354689	5.726295	3.857870	4.949143	3.857870	6.404921	5.716375	1,2,3,4,4,5	71.354689	0.417843	0.225606	0.291721	0.064829	0.588312	0.116188	0.232051	0.063449	0.378764	0.324079	0.131854	0.165303	0.255834	0.176776	0.129904	0.437486	0.255834	0.176776	0.129904	0.437486	0.202150	0.315824	0.251684	0.230342	1,1,2,3,4,2	71.354689	0.002428	0.624041	0.116385	0.137475	0.048447	0.071224	0.002428	0.624041	0.116385	0.137475	0.048447	0.071224	0.295599	0.046245	0.022425	0.032535	0.333314	0.269883	0.010778	0.011342	0.243210	0.210770	0.489531	0.034369	0.099977	0.395921	0.024665	0.380617	0.043831	0.054988	0.295599	0.046245	0.022425	0.032535	0.333314	0.269883	1,2,1,3,4,5	71.354689	0.982875	0.385943	0.982875	0.506019	0.567284	1.731440	
43000	-114629	1,2,3,3,4,5	71.354689	5.997988	4.141779	5.044220	5.044220	5.823412	5.577628	1,1,2,3,2,1	71.354689	0.342617	0.084516	0.423640	0.149227	0.342617	0.084516	0.423640	0.149227	0.334863	0.298523	0.155606	0.211008	0.012365	0.449459	0.059279	0.478897	0.334863	0.298523	0.155606	0.211008	0.342617	0.084516	0.423640	0.149227	1,1,2,3,1,2	71.354689	0.068421	0.348390	0.127357	0.089267	0.156212	0.210353	0.068421	0.348390	0.127357	0.089267	0.156212	0.210353	0.192207	0.074431	0.147162	0.004381	0.280269	0.301550	0.147824	0.070364	0.448981	0.113713	0.190710	0.028408	0.068421	0.348390	0.127357	0.089267	0.156212	0.210353	0.192207	0.074431	0.147162	0.004381	0.280269	0.301550	1,2,1,3,4,5	71.354689	1.125685	0.423978	1.125685	0.535863	0.455641	1.732389	
44000	-113572	1,2,3,3,4,3	71.354689	5.648376	5.670772	5.067743	5.067743	6.559983	5.067743	1,1,2,3,2,4	71.354689	0.464074	0.102401	0.295909	0.137617	0.464074	0.102401	0.295909	0.137617	0.409159	0.307604	0.114739	0.168498	0.081655	0.313940	0.139987	0.464419	0.409159	0.307604	0.114739	0.168498	0.051065	0.012496	0.812459	0.123980	1,1,2,3,1,3	71.354689	0.030192	0.548277	0.052858	0.052009	0.069818	0.246847	0.030192	0.548277	0.052858	0.052009	0.069818	0.246847	0.196487	0.008370	0.086659	0.046219	0.407244	0.255021	0.245962	0.015621	0.085863	0.039701	0.523453	0.089400	0.030192	0.548277	0.052858	0.052009	0.069818	0.246847	0.245962	0.015621	0.085863	0.039701	0.523453	0.089400	1,2,3,4,5,6	71.354689	1.223936	0.408148	1.017637	0.509998	0.380574	1.683419	
45000	-113709	1,2,3,4,5,6	71.354689	5.805068	4.998257	5.586694	4.847069	5.263401	4.773439	1,1,2,3,2,4	71.354689	0.441776	0.211196	0.316161	0.030867	0.441776	0.211196	0.316161	0.030867	0.375322	0.366694	0.052322	0.205662	0.234366	0.306490	0.058844	0.400301	0.375322	0.366694	0.052322	0.205662	0.132957	0.313026	0.231367	0.322650	1,1,2,3,4,5	71.354689	0.004794	0.201014	0.240511	0.024792	0.363336	0.165553	0.004794	0.201014	0.240511	0.024792	0.363336	0.165553	0.315339	0.111238	0.076577	0.156046	0.140361	0.200440	0.145802	0.085764	0.006180	0.429318	0.281611	0.051325	0.048442	0.689348	0.042169	0.006524	0.050585	0.162932	0.270324	0.017343	0.221048	0.114148	0.058159	0.318978	1,2,3,4,2,5	71.354689	1.103590	0.347969	1.063643	0.552976	0.347969	1.633260	
46000	-114133	1,2,3,2,2,4	71.354689	5.659434	4.817172	5.999708	4.817172	4.817172	6.473730	1,1,2,3,2,4	71.354689	0.469950	0.299645	0.189400	0.041005	0.469950	0.299645	0.189400	0.041005	0.408091	0.317545	0.095532	0.178832	0.121519	0.137366	0.079146	0.661969	0.408091	0.317545	0.095532	0.178832	0.091110	0.202779	0.418404	0.287707	1,1,2,2,1,2	71.354689	0.004462	0.365297	0.120659	0.107493	0.116736	0.285353	0.004462	0.365297	0.120659	0.107493	0.116736	0.285353	0.280386	0.061570	0.280337	0.016435	0.235155	0.126116	0.280386	0.061570	0.280337	0.016435	0.235155	0.126116	0.004462	0.365297	0.120659	0.107493	0.116736	0.285353	0.280386	0.061570	0.280337	0.016435	0.235155	0.126116	1,2,3,4,5,6	71.354689	1.248810	0.414918	1.112287	0.533373	0.453665	1.599867	
47000	-113858	1,2,3,2,2,4	71.354689	5.713464	5.025749	5.588667	5.025749	5.025749	6.134331	1,2,3,4,2,5	71.354689	0.313789	0.171419	0.404108	0.110684	0.407012	0.340459	0.142121	0.110408	0.215855	0.614413	0.041355	0.128378	0.048992	0.063856	0.251652	0.635500	0.407012	0.340459	0.142121	0.110408	0.224224	0.038351	0.403727	0.333698	1,1,2,3,4,2	71.354689	0.003552	0.679251	0.095089	0.067564	0.091467	0.063077	0.003552	0.679251	0.095089	0.067564	0.091467	0.063077	0.349849	0.009729	0.062675	0.095249	0.185002	0.297496	0.039317	0.219889	0.088910	0.342792	0.258591	0.050501	0.023563	0.385887	0.138284	0.026335	0.065648	0.360282	0.349849	0.009729	0.062675	0.095249	0.185002	0.297496	1,2,1,3,2,4	71.354689	1.044915	0.373658	1.044915	0.675932	0.373658	1.197831	
48000	-112461	1,2,3,4,5,6	71.354689	5.236738	6.084372	5.039423	4.683874	4.585564	6.549319	1,1,2,2,3,3	71.354689	0.453702	0.275972	0.214977	0.055349	0.453702	0.275972	0.214977	0.055349	0.234318	0.313399	0.076033	0.376249	0.234318	0.313399	0.076033	0.376249	0.223176	0.100685	0.384615	0.291524	0.223176	0.100685	0.384615	0.291524	1,1,2,3,4,2	71.354689	0.017061	0.699926	0.117601	0.026399	0.024339	0.114673	0.017061	0.699926	0.117601	0.026399	0.024339	0.114673	0.447694	0.004940	0.112237	0.064742	0.165844	0.204542	0.078097	0.070692	0.140632	0.293816	0.306366	0.110396	0.273883	0.131965	0.144258	0.166256	0.096273	0.187366	0.447694	0.004940	0.112237	0.064742	0.165844	0.204542	1,2,1,3,2,4	71.354689	1.140310	0.413790	1.140310	0.722516	0.413790	1.473987	
49000	-113058	1,2,2,3,4,5	71.354689	5.207823	4.976685	4.976685	5.680951	6.762917	6.481795	1,1,2,3,2,4	71.354689	0.327773	0.309053	0.342320	0.020855	0.327773	0.309053	0.342320	0.020855	0.416207	0.240183	0.128554	0.215055	0.120715	0.202126	0.009838	0.667321	0.416207	0.240183	0.128554	0.215055	0.179296	0.175824	0.443984	0.200897	1,1,2,3,1,2	71.354689	0.009280	0.500131	0.166264	0.110334	0.087689	0.126302	0.009280	0.500131	0.166264	0.110334	0.087689	0.126302	0.313203	0.006644	0.056150	0.112024	0.315036	0.196943	0.127853	0.321024	0.189593	0.066933	0.291758	0.002840	0.009280	0.500131	0.166264	0.110334	0.087689	0.126302	0.313203	0.006644	0.056150	0.112024	0.315036	0.196943	1,2,3,4,5,6	71.354689	1.172267	0.420275	1.038915	0.586018	0.462875	1.639878	
50000	-112271	1,2,2,3,4,5	71.354689	4.717390	4.664876	4.664876	4.479240	5.203591	6.358240	1,1,1,2,1,3	71.354689	0.390884	0.274556	0.187601	0.146960	0.390884	0.274556	0.187601	0.146960	0.390884	0.274556	0.187601	0.146960	0.196088	0.175107	0.103978	0.524827	0.390884	0.274556	0.187601	0.146960	0.130331	0.076076	0.466283	0.327310	1,1,2,3,4,2	71.354689	0.008601	0.786962	0.051108	0.044507	0.027679	0.081143	0.008601	0.786962	0.051108	0.044507	0.027679	0.081143	0.371045	0.020442	0.035057	0.103476	0.325844	0.144136	0.037345	0.256556	0.076331	0.218584	0.394848	0.016336	0.196243	0.262034	0.255682	0.077656	0.090101	0.118284	0.371045	0.020442	0.035057	0.103476	0.325844	0.144136	1,2,1,3,4,5	71.354689	1.008170	0.336830	1.008170	0.584146	0.493064	1.585940	
51000	-112120	1,2,3,4,5,2	71.354689	5.872710	5.919571	5.411313	5.148656	5.033942	5.919571	1,1,2,3,2,4	71.354689	0.553607	0.098881	0.284637	0.062875	0.553607	0.098881	0.284637	0.062875	0.298856	0.359766	0.079826	0.261552	0.219399	0.070635	0.082063	0.627904	0.298856	0.359766	0.079826	0.261552	0.311061	0.100682	0.443562	0.144695	1,1,2,3,1,2	71.354689	0.046071	0.411557	0.130877	0.072513	0.052236	0.286746	0.046071	0.411557	0.130877	0.072513	0.052236	0.286746	0.336228	0.001263	0.038687	0.138028	0.214471	0.271323	0.080574	0.079951	0.130330	0.226907	0.393564	0.088674	0.046071	0.411557	0.130877	0.072513	0.052236	0.286746	0.336228	0.001263	0.038687	0.138028	0.214471	0.271323	1,2,3,4,2,5	71.354689	1.090551	0.495317	1.043183	0.922868	0.495317	1.426311	
52000	-113874	1,2,3,3,3,4	71.354689	5.692224	6.078281	4.339612	4.339612	4.339612	6.310895	1,1,2,3,2,4	71.354689	0.542585	0.094590	0.245460	0.117365	0.542585	0.094590	0.245460	0.117365	0.199347	0.239200	0.055229	0.506223	0.130222	0.302578	0.076182	0.491017	0.199347	0.239200	0.055229	0.506223	0.095826	0.203023	0.415860	0.285291	1,1,2,3,1,4	71.354689	0.038294	0.597460	0.083019	0.071282	0.018030	0.191915	0.038294	0.597460	0.083019	0.071282	0.018030	0.191915	0.443109	0.317387	0.034831	0.039069	0.143934	0.021671	0.181414	0.085807	0.052553	0.080231	0.477946	0.122049	0.038294	0.597460	0.083019	0.071282	0.018030	0.191915	0.234968	0.067739	0.085086	0.224243	0.232468	0.155497	1,2,3,2,2,4	71.354689	0.933949	0.488218	1.141440	0.488218	0.488218	1.721000	
53000	-113852	1,2,3,4,2,5	71.354689	6.467625	5.719181	5.260870	4.542427	5.719181	6.069614	1,2,3,4,5,6	71.354689	0.534487	0.110682	0.321284	0.033547	0.548082	0.160835	0.230248	0.060836	0.243675	0.583763	0.118073	0.054489	0.099444	0.171380	0.095269	0.633907	0.502232	0.136096	0.273391	0.088281	0.083303	0.168936	0.312031	0.435730	1,1,2,3,4,2	71.354689	0.035590	0.424927	0.332617	0.057899	0.104091	0.044875	0.035590	0.424927	0.332617	0.057899	0.104091	0.044875	0.349965	0.053679	0.023156	0.132528	0.261317	0.179355	0.111256	0.268509	0.088519	0.094671	0.333624	0.103421	0.312329	0.181670	0.113176	0.096203	0.153093	0.143529	0.349965	0.053679	0.023156	0.132528	0.261317	0.179355	1,2,3,4,2,5	71.354689	0.981907	0.465986	1.001406	0.696186	0.465986	1.764067	
54000	-114681	1,2,3,4,5,2	71.354689	5.863682	5.943146	5.551670	4.924795	5.606045	5.943146	1,1,2,3,4,2	71.354689	0.639045	0.041033	0.268500	0.051422	0.639045	0.041033	0.268500	0.051422	0.149274	0.246402	0.287489	0.316835	0.123677	0.448871	0.063436	0.364016	0.392002	0.170820	0.251670	0.185509	0.149274	0.246402	0.287489	0.316835	1,1,2,3,4,2	71.354689	0.023397	0.364837	0.218156	0.097095	0.191862	0.104653	0.023397	0.364837	0.218156	0.097095	0.191862	0.104653	0.300900	0.042452	0.093483	0.037848	0.245970	0.279348	0.227159	0.027912	0.086555	0.094737	0.404770	0.158868	0.057319	0.085733	0.194008	0.240824	0.215965	0.206151	0.300900	0.042452	0.093483	0.037848	0.245970	0.279348	1,2,3,2,2,1	71.354689	1.282710	0.510868	0.926248	0.510868	0.510868	1.282710	
55000	-112948	1,2,3,3,4,5	71.354689	5.792723	6.189863	4.846681	4.846681	5.789747	5.883714	1,1,2,2,3,4	71.354689	0.608182	0.090362	0.274449	0.027008	0.608182	0.090362	0.274449	0.027008	0.218223	0.291499	0.057453	0.432825	0.218223	0.291499	0.057453	0.432825	0.505920	0.199800	0.116713	0.177566	0.223890	0.172770	0.468486	0.134854	1,1,2,3,1,2	71.354689	0.014154	0.334944	0.184067	0.110352	0.221669	0.134814	0.014154	0.334944	0.184067	0.110352	0.221669	0.134814	0.286369	0.022936	0.026479	0.076627	0.160346	0.427245	0.200712	0.104760	0.105828	0.172977	0.236844	0.178878	0.014154	0.334944	0.184067	0.110352	0.221669	0.134814	0.286369	0.022936	0.026479	0.076627	0.160346	0.427245	1,2,3,4,2,5	71.354689	1.005094	0.451251	0.926342	0.698198	0.451251	1.604329	
56000	-114313	1,2,3,3,3,4	71.354689	5.467719	5.968745	4.327642	4.327642	4.327642	6.235437	1,1,2,3,4,5	71.354689	0.506728	0.211474	0.255467	0.026332	0.506728	0.211474	0.255467	0.026332	0.230275	0.432565	0.195786	0.141374	0.217235	0.089353	0.041079	0.652333	0.295779	0.378400	0.107944	0.217877	0.367692	0.052744	0.189520	0.390043	1,1,2,3,4,2	71.354689	0.016571	0.462226	0.081697	0.044196	0.208178	0.187133	0.016571	0.462226	0.081697	0.044196	0.208178	0.187133	0.371307	0.014540	0.072267	0.320809	0.052245	0.168832	0.258034	0.086498	0.089057	0.029127	0.483393	0.053890	0.114924	0.303586	0.214444	0.110258	0.095983	0.160805	0.371307	0.014540	0.072267	0.320809	0.052245	0.168832	1,2,3,4,5,6	71.354689	1.146766	0.377579	1.075535	0.447141	0.413412	1.540230	
57000	-113964	1,2,3,3,4,5	71.354689	5.737637	6.401692	4.208899	4.208899	6.211904	5.768161	1,2,3,4,5,6	71.354689	0.577038	0.121796	0.277870	0.023297	0.652652	0.127632	0.178058	0.041659	0.132699	0.645992	0.011640	0.209670	0.205970	0.143414	0.019349	0.631267	0.473204	0.110584	0.203337	0.212875	0.141998	0.175242	0.383594	0.299166	1,1,2,3,4,5	71.354689	0.010994	0.334281	0.149059	0.080740	0.226981	0.197945	0.010994	0.334281	0.149059	0.080740	0.226981	0.197945	0.587697	0.038884	0.161174	0.125553	0.065925	0.020766	0.129427	0.055053	0.312849	0.049576	0.333094	0.120001	0.163888	0.137529	0.184105	0.290619	0.126110	0.097749	0.345846	0.001401	0.088002	0.301171	0.007306	0.256274	1,2,1,3,4,5	71.354689	1.163124	0.382521	1.163124	0.658382	0.419214	2.104212	
58000	-113188	1,2,3,4,5,6	71.354689	5.228109	5.389915	5.510239	5.239276	6.617404	5.738855	1,1,2,3,4,5	71.354689	0.390953	0.222460	0.271768	0.114819	0.390953	0.222460	0.271768	0.114819	0.274667	0.411784	0.069079	0.244470	0.022383	0.230282	0.183400	0.563935	0.300014	0.379436	0.093378	0.227172	0.131626	0.292435	0.229216	0.346722	1,1,2,3,1,2	71.354689	0.001044	0.685044	0.063277	0.078697	0.021746	0.150191	0.001044	0.685044	0.063277	0.078697	0.021746	0.150191	0.346800	0.047707	0.087364	0.046280	0.210479	0.261370	0.152557	0.304563	0.226054	0.110760	0.163862	0.042204	0.001044	0.685044	0.063277	0.078697	0.021746	0.150191	0.346800	0.047707	0.087364	0.046280	0.210479	0.261370	1,2,3,4,5,6	71.354689	1.103978	0.419439	0.964054	0.606627	0.390270	1.109880	
59000	-112302	1,2,3,2,4,5	71.354689	6.588316	5.224096	5.439564	5.224096	5.650099	5.456389	1,1,2,3,4,5	71.354689	0.456660	0.359400	0.167973	0.015968	0.456660	0.359400	0.167973	0.015968	0.195920	0.604000	0.055340	0.144740	0.132164	0.229399	0.050904	0.587533	0.410657	0.142653	0.125399	0.321290	0.102105	0.169880	0.515731	0.212285	1,1,2,3,4,2	71.354689	0.008378	0.271438	0.303822	0.025982	0.088092	0.302288	0.008378	0.271438	0.303822	0.025982	0.088092	0.302288	0.252070	0.108999	0.148989	0.024394	0.272136	0.193412	0.162376	0.095581	0.022758	0.013412	0.579011	0.126861	0.084012	0.214279	0.135171	0.099811	0.100807	0.365921	0.252070	0.108999	0.148989	0.024394	0.272136	0.193412	1,2,3,4,2,5	71.354689	0.960137	0.495379	1.035978	0.613694	0.495379	1.328078	
60000	-114275	1,2,3,3,4,5	71.354689	5.261829	5.924939	4.802323	4.802323	6.205364	5.833877	1,1,2,3,4,5	71.354689	0.517777	0.230716	0.230224	0.021283	0.517777	0.230716	0.230224	0.021283	0.489148	0.247621	0.138626	0.124605	0.478264	0.232088	0.020517	0.269130	0.300048	0.058853	0.288607	0.352492	0.236079	0.054549	0.521458	0.187914	1,1,2,3,4,5	71.354689	0.005397	0.428997	0.229571	0.053526	0.141034	0.141476	0.005397	0.428997	0.229571	0.053526	0.141034	0.141476	0.347897	0.055141	0.077180	0.083453	0.161556	0.274773	0.060104	0.175252	0.091256	0.049604	0.270299	0.353485	0.162145	0.293465	0.200081	0.235832	0.080207	0.028271	0.111144	0.043026	0.080034	0.103485	0.313131	0.349180	1,2,1,3,3,4	71.354689	1.123521	0.366097	1.123521	0.663545	0.663545	1.582353	
61000	-113155	1,1,2,1,3,4	71.354689	4.498763	4.498763	5.455294	4.498763	4.962572	5.083337	1,2,2,3,4,4	71.354689	0.511472	0.111394	0.326206	0.050928	0.439715	0.280673	0.183579	0.096032	0.439715	0.280673	0.183579	0.096032	0.079544	0.260604	0.146719	0.513134	0.364772	0.186608	0.232348	0.216272	0.364772	0.186608	0.232348	0.216272	1,2,3,3,4,5	71.354689	0.002014	0.344299	0.153058	0.063792	0.088002	0.348836	0.027408	0.495211	0.251980	0.032143	0.116257	0.077001	0.256576	0.038711	0.067629	0.012188	0.574392	0.050503	0.256576	0.038711	0.067629	0.012188	0.574392	0.050503	0.193691	0.146742	0.238012	0.176760	0.110491	0.134305	0.138263	0.137375	0.175673	0.121634	0.123835	0.303220	1,2,3,4,5,6	71.354689	0.833965	0.415235	1.078230	0.521291	0.502782	1.783569	
62000	-111848	1,2,2,3,4,1	71.354689	5.688577	5.058346	5.058346	5.093250	6.169399	5.688577	1,2,3,4,2,5	71.354689	0.388457	0.151164	0.319219	0.141160	0.483604	0.191811	0.174996	0.149589	0.160455	0.534745	0.019061	0.285739	0.020106	0.193089	0.045457	0.741347	0.483604	0.191811	0.174996	0.149589	0.354629	0.153089	0.323638	0.168645	1,1,2,3,4,2	71.354689	0.014926	0.552481	0.031736	0.074123	0.030403	0.296331	0.014926	0.552481	0.031736	0.074123	0.030403	0.296331	0.206616	0.054708	0.044669	0.153599	0.090747	0.449662	0.230429	0.286712	0.050850	0.138434	0.208880	0.084695	0.026730	0.249542	0.142446	0.265437	0.070691	0.245153	0.206616	0.054708	0.044669	0.153599	0.090747	0.449662	1,2,3,2,2,4	71.354689	1.148099	0.505399	1.082789	0.505399	0.505399	2.485057	
63000	-113598	1,2,3,3,4,5	71.354689	5.820733	6.438709	4.667835	4.667835	6.052735	5.506941	1,1,2,3,4,4	71.354689	0.509006	0.214165	0.258206	0.018623	0.509006	0.214165	0.258206	0.018623	0.367133	0.225096	0.186952	0.220818	0.073480	0.062743	0.109252	0.754526	0.277862	0.126886	0.296307	0.298945	0.277862	0.126886	0.296307	0.298945	1,1,2,3,2,2	71.354689	0.007236	0.411575	0.215998	0.018896	0.183838	0.162457	0.007236	0.411575	0.215998	0.018896	0.183838	0.162457	0.329253	0.091336	0.076573	0.127733	0.120027	0.255079	0.221283	0.019383	0.182868	0.085344	0.450811	0.040311	0.329253	0.091336	0.076573	0.127733	0.120027	0.255079	0.329253	0.091336	0.076573	0.127733	0.120027	0.255079	1,2,1,3,4,5	71.354689	0.992578	0.559363	0.992578	0.590431	0.561092	1.273726	
64000	-113330	1,2,3,2,4,5	71.354689	5.489120	4.541720	5.493522	4.541720	5.672489	5.954509	1,1,2,3,1,4	71.354689	0.388910	0.087322	0.368509	0.155258	0.388910	0.087322	0.368509	0.155258	0.258550	0.357217	0.044984	0.339249	0.212959	0.145962	0.066724	0.574355	0.388910	0.087322	0.368509	0.155258	0.192444	0.111565	0.493050	0.202940	1,1,2,3,4,2	71.354689	0.022967	0.512837	0.090973	0.168185	0.038203	0.166836	0.022967	0.512837	0.090973	0.168185	0.038203	0.166836	0.421467	0.007220	0.093308	0.107577	0.165687	0.204741	0.213615	0.101720	0.157358	0.246273	0.169149	0.111886	0.254201	0.120446	0.181160	0.152070	0.146837	0.145286	0.421467	0.007220	0.093308	0.107577	0.165687	0.204741	1,2,3,4,2,5	71.354689	0.925134	0.504836	1.237684	0.733614	0.504836	2.089954	
65000	-112909	1,2,3,4,5,6	71.354689	5.833059	6.812843	5.852612	5.108060	6.338175	6.187783	1,1,2,3,4,5	71.354689	0.651152	0.055279	0.248827	0.044742	0.651152	0.055279	0.248827	0.044742	0.318955	0.431535	0.025100	0.224410	0.093810	0.320901	0.158888	0.426401	0.437401	0.184478	0.215679	0.162442	0.302380	0.254906	0.278396	0.164317	1,1,2,3,4,2	71.354689	0.012199	0.536704	0.163340	0.083616	0.052222	0.151919	0.012199	0.536704	0.163340	0.083616	0.052222	0.151919	0.342154	0.063199	0.123396	0.049548	0.124324	0.297379	0.233569	0.103362	0.120861	0.090939	0.308845	0.142424	0.181227	0.259130	0.308061	0.062879	0.092046	0.096656	0.342154	0.063199	0.123396	0.049548	0.124324	0.297379	1,2,3,2,4,5	71.354689	1.184533	0.519725	1.028280	0.519725	0.501722	1.751080	
66000	-111912	1,2,3,3,4,5	71.354689	5.167580	5.164941	5.527431	5.527431	5.730844	6.510296	1,2,3,4,5,6	71.354689	0.289892	0.230011	0.351262	0.128835	0.319596	0.353024	0.228544	0.098836	0.269701	0.352590	0.134136	0.243574	0.046322	0.212584	0.055074	0.686021	0.566954	0.091393	0.137778	0.203875	0.150830	0.124632	0.527495	0.197042	1,1,2,2,3,4	71.354689	0.051660	0.659321	0.120609	0.048764	0.013534	0.106112	0.051660	0.659321	0.120609	0.048764	0.013534	0.106112	0.487234	0.123429	0.038938	0.133485	0.167890	0.049025	0.487234	0.123429	0.038938	0.133485	0.167890	0.049025	0.192213	0.212590	0.092056	0.140263	0.125766	0.237111	0.153460	0.012712	0.220203	0.017927	0.178237	0.417461	1,2,1,3,4,5	71.354689	0.968993	0.402587	0.968993	0.680956	0.550278	1.584159	
67000	-112035	1,2,3,4,5,6	71.354689	5.639585	6.661619	6.035472	5.508367	5.292658	5.717460	1,1,2,3,4,5	71.354689	0.561005	0.071270	0.309913	0.057813	0.561005	0.071270	0.309913	0.057813	0.182191	0.459134	0.100951	0.257723	0.132649	0.161865	0.169778	0.535708	0.350183	0.245079	0.138888	0.265850	0.209708	0.040164	0.482977	0.267151	1,2,3,4,5,3	71.354689	0.004751	0.371591	0.173453	0.118857	0.198255	0.133093	0.034710	0.389494	0.178652	0.060398	0.046009	0.290737	0.373941	0.005644	0.046907	0.159711	0.170639	0.243158	0.149974	0.078952	0.198522	0.065906	0.376286	0.130360	0.249709	0.174259	0.185627	0.067439	0.145258	0.177707	0.373941	0.005644	0.046907	0.159711	0.170639	0.243158	1,2,3,4,5,6	71.354689	1.007934	0.447397	1.039357	0.680251	0.444254	1.774381	
68000	-114164	1,2,3,4,5,6	71.354689	5.955248	5.492012	5.672848	4.694494	5.749433	5.865110	1,2,3,4,5,1	71.354689	0.329091	0.081311	0.437441	0.152156	0.497349	0.128583	0.267323	0.106746	0.301227	0.321739	0.083517	0.293518	0.030694	0.133067	0.477112	0.359126	0.350947	0.186511	0.088015	0.374527	0.329091	0.081311	0.437441	0.152156	1,1,2,3,4,5	71.354689	0.025868	0.562620	0.095415	0.130446	0.038327	0.147325	0.025868	0.562620	0.095415	0.130446	0.038327	0.147325	0.218483	0.116143	0.036816	0.154674	0.137383	0.336501	0.062537	0.169526	0.154223	0.267128	0.314597	0.031988	0.070824	0.489877	0.093001	0.030967	0.089925	0.225407	0.039716	0.019378	0.119875	0.076233	0.461563	0.283236	1,2,1,2,3,4	71.354689	1.188147	0.454750	1.188147	0.454750	0.418580	1.625240	
69000	-112841	1,1,1,1,2,3	71.354689	4.519937	4.519937	4.519937	4.519937	5.840127	6.268696	1,1,2,3,2,4	71.354689	0.354639	0.401775	0.198095	0.045490	0.354639	0.401775	0.198095	0.045490	0.361543	0.239017	0.115098	0.284342	0.195714	0.205017	0.096540	0.502729	0.361543	0.239017	0.115098	0.284342	0.043553	0.119983	0.577435	0.259029	1,1,2,3,4,2	71.354689	0.005992	0.678895	0.168174	0.046955	0.026549	0.073436	0.005992	0.678895	0.168174	0.046955	0.026549	0.073436	0.302451	0.021494	0.104033	0.062998	0.359261	0.149764	0.056030	0.266021	0.084266	0.117209	0.352461	0.124013	0.064848	0.419633	0.257694	0.083059	0.042827	0.131940	0.302451	0.021494	0.104033	0.062998	0.359261	0.149764	1,2,3,4,4,5	71.354689	1.341830	0.340588	1.119169	0.510564	0.510564	1.441406	
70000	-111392	1,2,3,4,5,6	71.354689	5.010223	5.065442	5.285048	5.347758	5.179119	6.281901	1,2,3,4,3,5	71.354689	0.469096	0.181687	0.280958	0.068259	0.640935	0.227267	0.122158	0.009640	0.292216	0.362873	0.109831	0.235080	0.034022	0.267099	0.093425	0.605454	0.292216	0.362873	0.109831	0.235080	0.303852	0.043612	0.419601	0.232935	1,1,2,3,1,4	71.354689	0.026439	0.465571	0.117919	0.106008	0.079924	0.204139	0.026439	0.465571	0.117919	0.106008	0.079924	0.204139	0.321005	0.004433	0.013342	0.169397	0.297297	0.194525	0.231395	0.280514	0.106829	0.084574	0.192237	0.104451	0.026439	0.465571	0.117919	0.106008	0.079924	0.204139	0.183647	0.001168	0.064155	0.044287	0.351936	0.354807	1,2,3,4,5,6	71.354689	0.996272	0.414794	1.024534	0.746025	0.431233	1.711688	
71000	-113960	1,2,3,4,4,5	71.354689	5.395069	5.690430	5.710437	4.583665	4.583665	6.283706	1,1,2,3,3,4	71.354689	0.523173	0.186897	0.249188	0.040743	0.523173	0.186897	0.249188	0.040743	0.339993	0.402366	0.043304	0.214337	0.287651	0.295932	0.145988	0.270429	0.287651	0.295932	0.145988	0.270429	0.449002	0.084224	0.272435	0.194338	1,2,3,4,5,3	71.354689	0.083775	0.166293	0.268437	0.180969	0.141960	0.158566	0.006877	0.507006	0.133950	0.029649	0.055242	0.267276	0.247077	0.005718	0.095692	0.141152	0.230037	0.280324	0.204168	0.297423	0.025189	0.055371	0.257409	0.160441	0.025810	0.345091	0.214913	0.167943	0.148573	0.097670	0.247077	0.005718	0.095692	0.141152	0.230037	0.280324	1,2,1,3,4,5	71.354689	1.014775	0.373718	1.014775	0.534382	0.313022	1.510799	
72000	-114250	1,2,3,4,5,6	71.354689	5.838272	6.695301	5.360215	4.874981	5.482096	5.622891	1,1,2,3,4,5	71.354689	0.527073	0.199312	0.235831	0.037785	0.527073	0.199312	0.235831	0.037785	0.113651	0.558750	0.027439	0.300160	0.170189	0.219653	0.035463	0.574695	0.625255	0.094267	0.099980	0.180499	0.095600	0.247320	0.369776	0.287303	1,1,2,3,3,3	71.354689	0.012897	0.423046	0.135496	0.103676	0.058845	0.266041	0.012897	0.423046	0.135496	0.103676	0.058845	0.266041	0.285719	0.110069	0.153867	0.068365	0.270169	0.111811	0.234027	0.132113	0.118934	0.144476	0.122437	0.248014	0.234027	0.132113	0.118934	0.144476	0.122437	0.248014	0.234027	0.132113	0.118934	0.144476	0.122437	0.248014	1,2,3,4,2,5	71.354689	1.137763	0.427827	1.094903	0.597208	0.427827	1.797005	
73000	-114471	1,1,2,2,3,4	71.354689	5.023873	5.023873	5.500067	5.500067	5.771894	6.316293	1,1,2,3,3,1	71.354689	0.413659	0.191778	0.248176	0.146386	0.413659	0.191778	0.248176	0.146386	0.266189	0.494186	0.094344	0.145281	0.159801	0.322533	0.145677	0.371988	0.159801	0.322533	0.145677	0.371988	0.413659	0.191778	0.248176	0.146386	1,1,2,3,1,2	71.354689	0.042468	0.622708	0.066224	0.189916	0.012527	0.066157	0.042468	0.622708	0.066224	0.189916	0.012527	0.066157	0.279692	0.007337	0.031571	0.160251	0.152417	0.368733	0.033517	0.607428	0.166629	0.047512	0.118474	0.026441	0.042468	0.622708	0.066224	0.189916	0.012527	0.066157	0.279692	0.007337	0.031571	0.160251	0.152417	0.368733	1,2,3,2,2,4	71.354689	1.102703	0.496903	1.123162	0.496903	0.496903	1.611443	
74000	-112558	1,2,3,1,1,4	71.354689	4.674048	6.148598	5.309674	4.674048	4.674048	5.928677	1,1,2,3,4,4	71.354689	0.507261	0.297476	0.184358	0.010905	0.507261	0.297476	0.184358	0.010905	0.370328	0.315768	0.052578	0.261326	0.062657	0.070517	0.033749	0.833077	0.187623	0.157890	0.355345	0.299142	0.187623	0.157890	0.355345	0.299142	1,1,2,3,4,2	71.354689	0.000001	0.302957	0.232791	0.033998	0.100675	0.329578	0.000001	0.302957	0.232791	0.033998	0.100675	0.329578	0.316985	0.035847	0.101926	0.158602	0.172344	0.214295	0.229549	0.119717	0.038920	0.164637	0.266033	0.181145	0.402829	0.136621	0.168231	0.084811	0.084690	0.122818	0.316985	0.035847	0.101926	0.158602	0.172344	0.214295	1,2,3,4,5,6	71.354689	1.340179	0.404905	1.066991	0.677760	0.489729	2.031862	
75000	-115201	1,2,3,4,5,3	71.354689	6.311505	5.716785	4.765546	5.365427	5.571425	4.765546	1,2,3,4,5,5	71.354689	0.433758	0.171527	0.333671	0.061044	0.494732	0.182513	0.308201	0.014554	0.184892	0.379479	0.030545	0.405084	0.091295	0.155040	0.111082	0.642582	0.461357	0.046161	0.109923	0.382560	0.461357	0.046161	0.109923	0.382560	1,1,2,3,4,2	71.354689	0.005929	0.303224	0.194449	0.036920	0.354494	0.104984	0.005929	0.303224	0.194449	0.036920	0.354494	0.104984	0.521772	0.106922	0.090436	0.075702	0.125337	0.079831	0.044699	0.111475	0.175121	0.002887	0.635162	0.030655	0.284877	0.405920	0.051712	0.123580	0.057823	0.076087	0.521772	0.106922	0.090436	0.075702	0.125337	0.079831	1,2,1,3,4,5	71.354689	1.260275	0.355526	1.260275	0.624986	0.449294	1.269696	
76000	-111491	1,2,2,3,4,5	71.354689	5.219893	5.617763	5.617763	5.129868	4.926055	5.815988	1,1,2,3,4,5	71.354689	0.469257	0.160958	0.232691	0.137094	0.469257	0.160958	0.232691	0.137094	0.375494	0.322776	0.075310	0.226420	0.167058	0.180186	0.054056	0.598699	0.412294	0.312074	0.114172	0.161460	0.197181	0.050470	0.602240	0.150110	1,1,2,3,4,2	71.354689	0.017827	0.740788	0.052488	0.093103	0.045622	0.050171	0.017827	0.740788	0.052488	0.093103	0.045622	0.050171	0.311063	0.007719	0.152456	0.132684	0.214251	0.181826	0.148645	0.031356	0.149853	0.283850	0.302071	0.084225	0.086417	0.306271	0.175840	0.062415	0.039583	0.329473	0.311063	0.007719	0.152456	0.132684	0.214251	0.181826	1,2,1,2,2,3	71.354689	1.074609	0.464878	1.074609	0.464878	0.464878	1.287009	
77000	-113502	1,2,3,4,5,3	71.354689	6.262362	5.163564	5.837664	5.116196	6.562200	5.837664	1,1,2,3,4,5	71.354689	0.423139	0.091806	0.351752	0.133303	0.423139	0.091806	0.351752	0.133303	0.186930	0.451561	0.104619	0.256889	0.027205	0.420860	0.036766	0.515169	0.443747	0.254126	0.162126	0.140001	0.097585	0.033873	0.449583	0.418958	1,1,2,3,1,2	71.354689	0.048173	0.385200	0.088341	0.155104	0.171580	0.151603	0.048173	0.385200	0.088341	0.155104	0.171580	0.151603	0.317561	0.076318	0.096522	0.119656	0.095910	0.294034	0.244279	0.259725	0.178267	0.133401	0.134080	0.050248	0.048173	0.385200	0.088341	0.155104	0.171580	0.151603	0.317561	0.076318	0.096522	0.119656	0.095910	0.294034	1,2,1,3,4,5	71.354689	1.051732	0.451779	1.051732	0.598403	0.339272	1.680694	
78000	-112806	1,2,3,4,5,6	71.354689	6.282553	7.454882	5.231379	5.096494	6.610271	6.545349	1,2,3,4,5,6	71.354689	0.476390	0.038424	0.333202	0.151984	0.640722	0.019457	0.260539	0.079281	0.224796	0.383040	0.019253	0.372911	0.103639	0.286109	0.103849	0.506403	0.404941	0.117736	0.266240	0.211083	0.153531	0.087138	0.513048	0.246283	1,1,2,3,4,2	71.354689	0.017471	0.405647	0.300890	0.050518	0.150664	0.074810	0.017471	0.405647	0.300890	0.050518	0.150664	0.074810	0.429040	0.014990	0.061057	0.046070	0.140597	0.308246	0.161535	0.428648	0.010977	0.007157	0.317917	0.073767	0.066088	0.349318	0.112867	0.153874	0.058095	0.259758	0.429040	0.014990	0.061057	0.046070	0.140597	0.308246	1,2,3,4,2,1	71.354689	1.077907	0.409604	1.042723	0.568478	0.409604	1.077907	
79000	-112152	1,2,3,2,4,5	71.354689	5.337136	4.164697	5.249105	4.164697	5.450859	6.023912	1,1,2,3,2,4	71.354689	0.327884	0.364597	0.294075	0.013444	0.327884	0.364597	0.294075	0.013444	0.432231	0.242545	0.098719	0.226506	0.178029	0.139468	0.067558	0.614946	0.432231	0.242545	0.098719	0.226506	0.240397	0.130486	0.339085	0.290032	1,1,2,3,4,2	71.354689	0.002148	0.411352	0.452309	0.023668	0.090518	0.020005	0.002148	0.411352	0.452309	0.023668	0.090518	0.020005	0.356403	0.026311	0.082675	0.105847	0.197335	0.231429	0.040149	0.076867	0.013304	0.074843	0.488911	0.305926	0.150231	0.270826	0.162998	0.169915	0.031121	0.214908	0.356403	0.026311	0.082675	0.105847	0.197335	0.231429	1,2,3,4,5,6	71.354689	0.999623	0.432661	1.255946	0.436946	0.550899	1.703544	
80000	-112039	1,2,3,4,5,6	71.354689	5.537798	5.048185	5.145743	4.985870	6.288497	6.129016	1,2,3,4,5,1	71.354689	0.445421	0.090298	0.299721	0.164560	0.491782	0.288219	0.166839	0.053160	0.192608	0.609799	0.033835	0.163759	0.155641	0.228955	0.068967	0.546437	0.525320	0.097550	0.120715	0.256416	0.445421	0.090298	0.299721	0.164560	1,2,3,4,1,5	71.354689	0.122716	0.446975	0.079216	0.157920	0.038508	0.154665	0.020975	0.416644	0.274909	0.058727	0.085028	0.143718	0.178946	0.210613	0.056604	0.041679	0.224710	0.287448	0.136883	0.072213	0.180944	0.020096	0.443684	0.146180	0.122716	0.446975	0.079216	0.157920	0.038508	0.154665	0.199625	0.026477	0.122060	0.045866	0.168392	0.437581	1,2,3,4,2,5	71.354689	1.050548	0.445750	1.031596	0.652151	0.445750	1.092280	
81000	-112257	1,2,2,3,3,3	71.354689	5.571240	4.916483	4.916483	4.910772	4.910772	4.910772	1,2,3,4,5,6	71.354689	0.385232	0.179643	0.267152	0.167972	0.468097	0.338591	0.137490	0.055822	0.432247	0.298091	0.099433	0.170229	0.108297	0.292522	0.170215	0.428966	0.524475	0.147515	0.168932	0.159078	0.441949	0.057370	0.300029	0.200652	1,1,2,3,4,2	71.354689	0.014085	0.845855	0.043917	0.053488	0.013253	0.029402	0.014085	0.845855	0.043917	0.053488	0.013253	0.029402	0.186098	0.025715	0.047918	0.120278	0.237287	0.382704	0.210701	0.044466	0.146447	0.057480	0.382230	0.158676	0.172828	0.119215	0.071953	0.334350	0.192903	0.108751	0.186098	0.025715	0.047918	0.120278	0.237287	0.382704	1,2,3,4,5,6	71.354689	0.945813	0.495143	0.988667	0.641135	0.360726	1.596833	
82000	-111679	1,2,3,4,5,6	71.354689	5.777066	6.175531	5.722092	5.230602	5.069039	6.452753	1,1,2,3,2,4	71.354689	0.510750	0.174042	0.279014	0.036194	0.510750	0.174042	0.279014	0.036194	0.271052	0.416355	0.070857	0.241735	0.175133	0.258982	0.016880	0.549005	0.271052	0.416355	0.070857	0.241735	0.077728	0.150353	0.539980	0.231940	1,1,2,2,1,3	71.354689	0.027379	0.538306	0.105394	0.067249	0.031453	0.230219	0.027379	0.538306	0.105394	0.067249	0.031453	0.230219	0.337914	0.122444	0.069312	0.023755	0.267513	0.179061	0.337914	0.122444	0.069312	0.023755	0.267513	0.179061	0.027379	0.538306	0.105394	0.067249	0.031453	0.230219	0.310672	0.001887	0.145155	0.111082	0.169520	0.261684	1,2,3,4,5,6	71.354689	1.247818	0.459703	1.088658	0.788995	0.477485	1.413318	
83000	-112544	1,2,3,4,5,6	71.354689	5.727540	5.822589	5.468181	5.264168	7.139152	5.646941	1,1,2,3,4,5	71.354689	0.537908	0.176658	0.263343	0.022091	0.537908	0.176658	0.263343	0.022091	0.218111	0.353734	0.068971	0.359185	0.029921	0.149546	0.118546	0.701987	0.443189	0.177746	0.180721	0.198344	0.273460	0.232963	0.396531	0.097046	1,2,3,4,5,6	71.354689	0.006609	0.396642	0.193058	0.072922	0.221035	0.109734	0.017495	0.321410	0.139313	0.064077	0.225231	0.232475	0.628410	0.033252	0.068405	0.008562	0.148933	0.112438	0.237166	0.090869	0.100416	0.045732	0.347303	0.178514	0.060023	0.465623	0.049728	0.226185	0.131217	0.067224	0.079611	0.002477	0.234329	0.162975	0.043905	0.476702	1,2,3,2,4,5	71.354689	1.023028	0.423185	0.987299	0.423185	0.424052	1.658819	
84000	-112493	1,2,1,2,3,4	71.354689	5.289523	5.129977	5.289523	5.129977	5.766837	5.858126	1,1,2,2,3,4	71.354689	0.384143	0.276911	0.310529	0.028417	0.384143	0.276911	0.310529	0.028417	0.215671	0.373867	0.003307	0.407154	0.215671	0.373867	0.003307	0.407154	0.278712	0.083066	0.252277	0.385945	0.229144	0.107068	0.504476	0.159311	1,1,2,3,4,5	71.354689	0.008756	0.336365	0.262254	0.034831	0.174111	0.183683	0.008756	0.336365	0.262254	0.034831	0.174111	0.183683	0.325967	0.069725	0.016162	0.292918	0.108864	0.186364	0.118117	0.198246	0.047643	0.196905	0.374655	0.064434	0.122493	0.278371	0.099142	0.191060	0.136197	0.172738	0.363084	0.011369	0.100139	0.161105	0.183509	0.180794	1,2,3,4,2,5	71.354689	1.167787	0.462350	0.969865	0.701757	0.462350	2.122548	
85000	-112208	1,2,3,1,4,5	71.354689	4.410633	5.678150	5.779331	4.410633	5.741668	6.580602	1,1,2,3,4,5	71.354689	0.477842	0.291153	0.208163	0.022841	0.477842	0.291153	0.208163	0.022841	0.385999	0.367132	0.049826	0.197043	0.154653	0.091342	0.004405	0.749600	0.363238	0.210164	0.088394	0.338204	0.391917	0.158515	0.284201	0.165368	1,1,2,3,4,2	71.354689	0.003166	0.395565	0.217589	0.023395	0.149107	0.211177	0.003166	0.395565	0.217589	0.023395	0.149107	0.211177	0.343951	0.003271	0.085480	0.105461	0.176508	0.285329	0.111462	0.084215	0.007952	0.451391	0.219799	0.125181	0.122063	0.104728	0.071503	0.055991	0.041810	0.603905	0.343951	0.003271	0.085480	0.105461	0.176508	0.285329	1,2,3,4,2,5	71.354689	1.149440	0.385761	1.001746	0.580330	0.385761	1.926433	
86000	-114120	1,2,3,4,5,6	71.354689	5.462997	5.239159	5.873436	5.167396	5.560992	6.566778	1,1,2,3,4,5	71.354689	0.353574	0.263164	0.313649	0.069613	0.353574	0.263164	0.313649	0.069613	0.289897	0.462686	0.091472	0.155944	0.172502	0.326526	0.068043	0.432929	0.315966	0.243748	0.109141	0.331145	0.228100	0.018434	0.247537	0.505929	1,1,2,3,3,2	71.354689	0.014419	0.605422	0.074906	0.023693	0.098740	0.182820	0.014419	0.605422	0.074906	0.023693	0.098740	0.182820	0.407501	0.007088	0.081245	0.063432	0.278302	0.162432	0.113582	0.116407	0.144844	0.225343	0.165056	0.234769	0.113582	0.116407	0.144844	0.225343	0.165056	0.234769	0.407501	0.007088	0.081245	0.063432	0.278302	0.162432	1,2,1,3,4,5	71.354689	1.037535	0.413040	1.037535	0.661552	0.524949	1.913492	
87000	-113882	1,1,2,3,4,5	71.354689	3.981589	3.981589	5.132598	5.114792	6.450757	5.635281	1,1,2,3,4,5	71.354689	0.250924	0.372910	0.366360	0.009806	0.250924	0.372910	0.366360	0.009806	0.437805	0.242451	0.108630	0.211113	0.143217	0.343843	0.094384	0.418556	0.499441	0.128919	0.172059	0.199582	0.411459	0.115034	0.318333	0.155173	1,1,2,3,4,5	71.354689	0.004830	0.184036	0.394619	0.011582	0.187625	0.217307	0.004830	0.184036	0.394619	0.011582	0.187625	0.217307	0.495680	0.048265	0.003497	0.061677	0.231136	0.159745	0.231187	0.406117	0.021707	0.069350	0.232199	0.039440	0.163406	0.352045	0.119365	0.072548	0.057010	0.235626	0.101436	0.063274	0.034527	0.154235	0.003887	0.642641	1,2,3,2,4,5	71.354689	1.040974	0.553182	1.008810	0.553182	0.431276	1.811346	
88000	-111850	1,2,3,3,4,5	71.354689	5.544932	5.607657	4.882455	4.882455	5.706302	5.765014	1,2,3,4,3,5	71.354689	0.438840	0.197520	0.320854	0.042786	0.624419	0.229940	0.107283	0.038357	0.413194	0.265022	0.115087	0.206697	0.023547	0.319903	0.141948	0.514603	0.413194	0.265022	0.115087	0.206697	0.068637	0.085871	0.672331	0.173161	1,1,2,3,1,2	71.354689	0.009737	0.448700	0.169737	0.068784	0.092795	0.210246	0.009737	0.448700	0.169737	0.068784	0.092795	0.210246	0.386527	0.006263	0.043249	0.164251	0.261049	0.138661	0.362022	0.127597	0.211477	0.037634	0.252590	0.008680	0.009737	0.448700	0.169737	0.068784	0.092795	0.210246	0.386527	0.006263	0.043249	0.164251	0.261049	0.138661	1,2,3,4,2,5	71.354689	1.043521	0.475426	0.911564	0.635549	0.475426	1.549210	
89000	-113078	1,2,3,1,2,4	71.354689	4.926571	4.899075	6.127381	4.926571	4.899075	6.146273	1,2,3,4,5,5	71.354689	0.432844	0.260438	0.212330	0.094388	0.480017	0.333464	0.163610	0.022909	0.329768	0.419574	0.012235	0.238423	0.091178	0.055853	0.016001	0.836968	0.235601	0.074212	0.473839	0.216348	0.235601	0.074212	0.473839	0.216348	1,2,3,4,5,3	71.354689	0.016704	0.648148	0.117149	0.051192	0.077417	0.089389	0.005976	0.526134	0.180968	0.055557	0.054996	0.176370	0.430711	0.020167	0.071713	0.013760	0.219847	0.243803	0.158159	0.315870	0.119151	0.065895	0.201526	0.139398	0.236262	0.049724	0.357168	0.060244	0.186318	0.110284	0.430711	0.020167	0.071713	0.013760	0.219847	0.243803	1,2,3,4,2,5	71.354689	1.375818	0.502287	1.031355	0.744264	0.502287	1.417673	
90000	-112642	1,2,3,4,5,6	71.354689	6.102690	6.418559	5.294023	5.235725	5.579525	5.933579	1,1,2,3,4,5	71.354689	0.572067	0.100668	0.316104	0.011161	0.572067	0.100668	0.316104	0.011161	0.373332	0.527145	0.035725	0.063798	0.098717	0.464340	0.050123	0.386821	0.335664	0.078829	0.267153	0.318354	0.132100	0.066704	0.591604	0.209592	1,1,2,2,2,3	71.354689	0.005133	0.233350	0.220109	0.051024	0.302681	0.187703	0.005133	0.233350	0.220109	0.051024	0.302681	0.187703	0.132681	0.317490	0.116104	0.076957	0.185958	0.170810	0.132681	0.317490	0.116104	0.076957	0.185958	0.170810	0.132681	0.317490	0.116104	0.076957	0.185958	0.170810	0.254550	0.040192	0.034590	0.138389	0.386362	0.145917	1,2,3,4,2,5	71.354689	1.163124	0.454161	1.015720	0.638470	0.454161	1.375090	
91000	-112564	1,2,3,3,3,4	71.354689	5.586297	5.887672	5.139092	5.139092	5.139092	6.092273	1,1,2,3,4,5	71.354689	0.606382	0.091456	0.252669	0.049493	0.606382	0.091456	0.252669	0.049493	0.434128	0.369463	0.023398	0.173012	0.050661	0.287329	0.074527	0.587482	0.243426	0.264635	0.135820	0.356119	0.118572	0.158206	0.569296	0.153926	1,1,2,3,4,2	71.354689	0.039577	0.389324	0.094831	0.011659	0.298060	0.166549	0.039577	0.389324	0.094831	0.011659	0.298060	0.166549	0.286557	0.089141	0.089777	0.017471	0.276501	0.240554	0.248478	0.059310	0.055714	0.056803	0.480888	0.098806	0.136750	0.270110	0.108068	0.263408	0.112586	0.109078	0.286557	0.089141	0.089777	0.017471	0.276501	0.240554	1,2,1,3,4,1	71.354689	1.066136	0.526100	1.066136	0.505780	0.515643	1.066136	
92000	-112579	1,2,3,4,5,6	71.354689	5.637468	5.560763	4.874336	5.351807	6.012032	5.755957	1,1,2,3,2,4	71.354689	0.553251	0.192697	0.226264	0.027789	0.553251	0.192697	0.226264	0.027789	0.409894	0.209343	0.141722	0.239041	0.155228	0.422515	0.012025	0.410232	0.409894	0.209343	0.141722	0.239041	0.141330	0.011637	0.634011	0.213022	1,1,2,2,3,2	71.354689	0.010062	0.520876	0.067596	0.106197	0.059758	0.235512	0.010062	0.520876	0.067596	0.106197	0.059758	0.235512	0.393508	0.034734	0.057646	0.111023	0.240793	0.162296	0.393508	0.034734	0.057646	0.111023	0.240793	0.162296	0.140222	0.334663	0.126896	0.074016	0.041418	0.282784	0.393508	0.034734	0.057646	0.111023	0.240793	0.162296	1,2,1,3,4,5	71.354689	1.087084	0.372992	1.087084	0.544353	0.526602	1.987608	
93000	-111535	1,2,3,4,5,6	71.354689	5.659577	5.452294	5.454075	5.292925	6.234217	5.840635	1,2,3,4,5,6	71.354689	0.426731	0.175761	0.341981	0.055526	0.592034	0.090372	0.200600	0.116993	0.292771	0.428152	0.077789	0.201288	0.064476	0.190686	0.161885	0.582953	0.434406	0.250367	0.079715	0.235512	0.147830	0.139454	0.345244	0.367472	1,2,3,4,2,3	71.354689	0.033582	0.447192	0.141857	0.071876	0.277710	0.027784	0.068688	0.601217	0.064468	0.086221	0.027632	0.151774	0.256426	0.037929	0.156815	0.055132	0.172430	0.321269	0.272891	0.266070	0.018349	0.018854	0.385945	0.037892	0.068688	0.601217	0.064468	0.086221	0.027632	0.151774	0.256426	0.037929	0.156815	0.055132	0.172430	0.321269	1,2,3,4,5,6	71.354689	1.004187	0.365193	1.134048	0.782444	0.421074	1.919496	
94000	-112763	1,2,3,3,4,5	71.354689	6.797848	4.896570	4.462670	4.462670	5.863767	5.778042	1,2,3,3,4,5	71.354689	0.530127	0.072366	0.373020	0.024487	0.588821	0.261147	0.127672	0.022360	0.232690	0.236342	0.066938	0.464029	0.232690	0.236342	0.066938	0.464029	0.462333	0.163876	0.163844	0.209947	0.278273	0.200427	0.194202	0.327098	1,1,2,3,4,2	71.354689	0.002275	0.300860	0.419794	0.050109	0.144367	0.082595	0.002275	0.300860	0.419794	0.050109	0.144367	0.082595	0.424152	0.024406	0.051340	0.127386	0.127178	0.245539	0.233901	0.170186	0.086874	0.000119	0.238621	0.270299	0.099882	0.246279	0.087843	0.277392	0.189796	0.098808	0.424152	0.024406	0.051340	0.127386	0.127178	0.245539	1,2,3,4,2,3	71.354689	1.048426	0.465252	1.138198	0.592559	0.465252	1.138198	
95000	-113083	1,2,3,4,4,5	71.354689	5.532578	5.648733	5.529162	5.024071	5.024071	6.584592	1,2,3,4,3,5	71.354689	0.407795	0.158629	0.299481	0.134095	0.567026	0.099796	0.215987	0.117190	0.307666	0.408310	0.074894	0.209130	0.100178	0.259751	0.369077	0.270994	0.307666	0.408310	0.074894	0.209130	0.107115	0.126318	0.434188	0.332379	1,1,2,3,1,2	71.354689	0.030115	0.569080	0.173536	0.113839	0.023021	0.090410	0.030115	0.569080	0.173536	0.113839	0.023021	0.090410	0.384365	0.001249	0.107458	0.067176	0.192627	0.247124	0.045457	0.120022	0.141627	0.129544	0.467774	0.095576	0.030115	0.569080	0.173536	0.113839	0.023021	0.090410	0.384365	0.001249	0.107458	0.067176	0.192627	0.247124	1,2,1,3,2,4	71.354689	1.066637	0.430771	1.066637	0.597234	0.430771	1.487629	
96000	-112366	1,2,3,4,5,6	71.354689	5.294695	6.081390	5.277359	5.562105	5.078695	5.593720	1,1,2,3,4,5	71.354689	0.599787	0.151153	0.222460	0.026600	0.599787	0.151153	0.222460	0.026600	0.227372	0.361968	0.229759	0.180901	0.095103	0.226054	0.017420	0.661423	0.229349	0.281501	0.249225	0.239925	0.211729	0.101350	0.308196	0.378725	1,1,2,3,4,5	71.354689	0.003481	0.372386	0.099866	0.064388	0.057684	0.402195	0.003481	0.372386	0.099866	0.064388	0.057684	0.402195	0.355285	0.099120	0.048238	0.102177	0.200913	0.194266	0.112368	0.059943	0.247030	0.059564	0.387568	0.133527	0.140504	0.193023	0.265852	0.028323	0.055683	0.316615	0.270701	0.060514	0.050873	0.277186	0.092252	0.248473	1,2,3,4,4,5	71.354689	1.050235	0.354039	1.180255	0.536638	0.536638	1.812872	
97000	-113002	1,2,3,4,5,6	71.354689	5.861882	5.030732	4.933709	5.465339	5.226766	5.318827	1,2,3,4,5,6	71.354689	0.542351	0.113639	0.310129	0.033881	0.624905	0.192329	0.146278	0.036488	0.222255	0.415313	0.046589	0.315843	0.114543	0.320142	0.073405	0.491910	0.409523	0.112407	0.179047	0.299023	0.175112	0.152187	0.354742	0.317958	1,2,3,4,1,3	71.354689	0.060148	0.501643	0.108478	0.076454	0.117498	0.135779	0.017905	0.304508	0.129152	0.036867	0.346298	0.165269	0.159318	0.027371	0.050352	0.002104	0.168356	0.592500	0.162389	0.296476	0.063395	0.006020	0.379530	0.092190	0.060148	0.501643	0.108478	0.076454	0.117498	0.135779	0.159318	0.027371	0.050352	0.002104	0.168356	0.592500	1,2,3,4,5,6	71.354689	1.182658	0.421487	0.929484	0.750037	0.475709	1.407980	
98000	-112601	1,2,3,4,5,6	71.354689	5.482515	6.425317	5.425207	5.605905	5.964030	5.911436	1,1,2,3,4,5	71.354689	0.602192	0.125555	0.232412	0.039840	0.602192	0.125555	0.232412	0.039840	0.330826	0.330503	0.183933	0.154738	0.205047	0.221261	0.187809	0.385883	0.358947	0.201757	0.117582	0.321713	0.392588	0.216383	0.238545	0.152484	1,2,3,4,5,6	71.354689	0.004243	0.385387	0.272508	0.029884	0.207451	0.100526	0.020238	0.599264	0.103786	0.033389	0.132736	0.110587	0.524712	0.042841	0.009829	0.058268	0.296622	0.067729	0.040206	0.411208	0.176703	0.059804	0.297115	0.014965	0.120712	0.437976	0.072031	0.040255	0.073641	0.255384	0.303112	0.033789	0.120891	0.079175	0.118886	0.344148	1,2,3,4,5,6	71.354689	1.473965	0.401345	1.035327	0.614149	0.453762	1.694325	
99000	-113514	1,2,3,2,4,4	71.354689	6.011042	4.633151	5.256267	4.633151	5.127996	5.127996	1,2,3,4,5,5	71.354689	0.506277	0.068352	0.365119	0.060251	0.509753	0.306183	0.137287	0.046778	0.197949	0.455159	0.217779	0.129113	0.194735	0.271548	0.101604	0.432112	0.470216	0.087049	0.283079	0.159656	0.470216	0.087049	0.283079	0.159656	1,2,3,4,5,5	71.354689	0.041548	0.554831	0.128863	0.136488	0.085489	0.052781	0.002522	0.468672	0.143032	0.046155	0.220182	0.119437	0.419225	0.037651	0.210495	0.194399	0.116437	0.021793	0.202113	0.071085	0.018086	0.283043	0.356604	0.069068	0.156914	0.030981	0.159109	0.147108	0.221462	0.284426	0.156914	0.030981	0.159109	0.147108	0.221462	0.284426	1,2,1,3,4,5	71.354689	1.143564	0.306453	1.143564	0.583728	0.479650	2.950685	
100000	-113978	1,2,3,3,4,5	71.354689	5.926988	6.289557	4.983973	4.983973	5.765066	5.668072	1,2,3,4,3,4	71.354689	0.572437	0.117397	0.277834	0.032332	0.657165	0.107611	0.224388	0.010836	0.322124	0.261149	0.138015	0.278712	0.124075	0.155467	0.242278	0.478179	0.322124	0.261149	0.138015	0.278712	0.124075	0.155467	0.242278	0.478179	1,1,2,3,1,4	71.354689	0.025669	0.379854	0.186938	0.064097	0.190582	0.152861	0.025669	0.379854	0.186938	0.064097	0.190582	0.152861	0.195421	0.239957	0.056214	0.106008	0.292861	0.109540	0.118079	0.061151	0.102672	0.093677	0.535132	0.089289	0.025669	0.379854	0.186938	0.064097	0.190582	0.152861	0.211181	0.026375	0.100699	0.039275	0.246683	0.375787	1,2,3,4,2,3	71.354689	1.170713	0.458273	1.116810	0.536093	0.458273	1.116810	
101000	-114057	1,1,1,1,2,1	71.354689	4.403644	4.403644	4.403644	4.403644	5.470073	4.403644	1,1,2,3,1,4	71.354689	0.484171	0.194081	0.172650	0.149098	0.484171	0.194081	0.172650	0.149098	0.344684	0.275323	0.122650	0.257344	0.050710	0.101798	0.173101	0.674391	0.484171	0.194081	0.172650	0.149098	0.114304	0.100888	0.177194	0.607615	1,1,2,3,4,2	71.354689	0.003028	0.596742	0.127129	0.062276	0.115564	0.095261	0.003028	0.596742	0.127129	0.062276	0.115564	0.095261	0.491411	0.029174	0.069511	0.168813	0.108394	0.132697	0.198198	0.280724	0.174063	0.080526	0.200708	0.065782	0.144390	0.183709	0.228948	0.185929	0.084744	0.172279	0.491411	0.029174	0.069511	0.168813	0.108394	0.132697	1,2,3,4,2,5	71.354689	1.026820	0.458938	0.963419	0.536873	0.458938	2.011232	
102000	-112442	1,2,3,2,4,5	71.354689	5.838752	3.733921	5.813064	3.733921	4.914049	5.374674	1,2,3,4,5,1	71.354689	0.368035	0.110829	0.341851	0.179285	0.351990	0.448227	0.093190	0.106593	0.366093	0.425361	0.032494	0.176052	0.216779	0.115493	0.227971	0.439758	0.227560	0.311749	0.195765	0.264925	0.368035	0.110829	0.341851	0.179285	1,1,2,3,4,2	71.354689	0.018402	0.786456	0.046273	0.057998	0.003885	0.086986	0.018402	0.786456	0.046273	0.057998	0.003885	0.086986	0.207152	0.045442	0.123405	0.119654	0.193406	0.310942	0.081174	0.068623	0.047980	0.089326	0.655625	0.057272	0.278533	0.288720	0.171828	0.065322	0.062479	0.133119	0.207152	0.045442	0.123405	0.119654	0.193406	0.310942	1,2,3,4,2,5	71.354689	1.125405	0.542822	1.136289	0.638506	0.542822	2.047275	
103000	-113058	1,2,3,3,4,5	71.354689	6.053041	5.692232	4.625911	4.625911	6.070710	6.177074	1,1,2,3,4,4	71.354689	0.524720	0.092832	0.312527	0.069922	0.524720	0.092832	0.312527	0.069922	0.423934	0.251728	0.073547	0.250791	0.235505	0.125394	0.155550	0.483551	0.349707	0.132443	0.263087	0.254764	0.349707	0.132443	0.263087	0.254764	1,1,2,3,4,2	71.354689	0.010355	0.494986	0.123114	0.095656	0.135450	0.140438	0.010355	0.494986	0.123114	0.095656	0.135450	0.140438	0.347490	0.022009	0.024777	0.123387	0.246597	0.235740	0.006975	0.410607	0.027720	0.249764	0.203594	0.101340	0.219503	0.140419	0.169442	0.227127	0.166612	0.076897	0.347490	0.022009	0.024777	0.123387	0.246597	0.235740	1,2,3,4,5,6	71.354689	1.068922	0.320815	0.974565	0.624233	0.566100	1.441145	
104000	-112777	1,2,3,1,4,5	71.354689	5.251833	5.948092	5.579970	5.251833	5.528853	5.542173	1,2,3,4,4,5	71.354689	0.428252	0.121185	0.403232	0.047331	0.503599	0.295730	0.185404	0.015267	0.232118	0.442837	0.046120	0.278925	0.313738	0.228039	0.102262	0.355961	0.313738	0.228039	0.102262	0.355961	0.321940	0.037757	0.520718	0.119585	1,2,3,4,1,5	71.354689	0.033148	0.537185	0.129055	0.060755	0.047928	0.191928	0.023428	0.315956	0.047319	0.003378	0.193467	0.416452	0.319759	0.137287	0.131603	0.082941	0.126330	0.202080	0.067968	0.218567	0.088287	0.312842	0.264612	0.047724	0.033148	0.537185	0.129055	0.060755	0.047928	0.191928	0.301043	0.046058	0.119485	0.196947	0.073819	0.262648	1,2,3,4,5,6	71.354689	1.073104	0.405561	1.045261	0.558103	0.475228	2.229847	
105000	-112950	1,2,3,4,5,6	71.354689	6.041518	5.555221	5.550397	4.992379	5.744489	6.621135	1,2,3,4,2,1	71.354689	0.313042	0.109932	0.457979	0.119047	0.490503	0.159848	0.123876	0.225772	0.227454	0.451933	0.054812	0.265801	0.048753	0.098428	0.175802	0.677016	0.490503	0.159848	0.123876	0.225772	0.313042	0.109932	0.457979	0.119047	1,1,2,3,4,2	71.354689	0.039417	0.406982	0.050665	0.043869	0.360479	0.098588	0.039417	0.406982	0.050665	0.043869	0.360479	0.098588	0.397041	0.001588	0.021407	0.075242	0.136875	0.367847	0.206209	0.026748	0.081636	0.013078	0.530539	0.141791	0.104043	0.235549	0.196239	0.204281	0.025065	0.234823	0.397041	0.001588	0.021407	0.075242	0.136875	0.367847	1,2,3,4,5,6	71.354689	0.979830	0.383943	1.204959	0.684145	0.505436	1.516756	
106000	-115094	1,2,3,4,5,2	71.354689	6.007664	5.340578	5.699572	5.460279	5.449148	5.340578	1,2,3,4,1,5	71.354689	0.619809	0.015783	0.218851	0.145557	0.504791	0.205106	0.251903	0.038200	0.177994	0.324105	0.275804	0.222097	0.150121	0.202763	0.024573	0.622543	0.619809	0.015783	0.218851	0.145557	0.543040	0.024602	0.251361	0.180997	1,1,2,2,3,4	71.354689	0.056389	0.323811	0.173491	0.094072	0.310145	0.042093	0.056389	0.323811	0.173491	0.094072	0.310145	0.042093	0.416235	0.032130	0.048256	0.082498	0.365646	0.055236	0.416235	0.032130	0.048256	0.082498	0.365646	0.055236	0.113102	0.145444	0.034120	0.160942	0.523732	0.022660	0.048051	0.016819	0.021671	0.235223	0.452015	0.226221	1,2,3,4,5,6	71.354689	1.084497	0.415248	1.126121	0.597229	0.466561	1.463825	
107000	-111764	1,2,3,3,3,4	71.354689	5.174905	5.823804	4.388614	4.388614	4.388614	6.911142	1,1,2,3,4,4	71.354689	0.473028	0.213029	0.271044	0.042900	0.473028	0.213029	0.271044	0.042900	0.285867	0.238441	0.105242	0.370450	0.068775	0.125828	0.067452	0.737946	0.298662	0.084385	0.335347	0.281606	0.298662	0.084385	0.335347	0.281606	1,1,2,3,3,4	71.354689	0.005506	0.419701	0.148550	0.071007	0.151605	0.203630	0.005506	0.419701	0.148550	0.071007	0.151605	0.203630	0.509517	0.001946	0.071481	0.182925	0.149012	0.085118	0.229710	0.215085	0.117497	0.111517	0.282548	0.043643	0.229710	0.215085	0.117497	0.111517	0.282548	0.043643	0.215582	0.063313	0.089155	0.062752	0.308075	0.261122	1,2,3,4,2,5	71.354689	1.250078	0.406994	1.001561	0.587160	0.406994	1.430319	
108000	-112590	1,2,3,4,4,5	71.354689	5.402842	6.024036	5.597915	5.020889	5.020889	6.412426	1,1,2,3,2,4	71.354689	0.540983	0.169855	0.247381	0.041781	0.540983	0.169855	0.247381	0.041781	0.334596	0.365917	0.079313	0.220174	0.112191	0.297484	0.143783	0.446541	0.334596	0.365917	0.079313	0.220174	0.294204	0.023067	0.468004	0.214725	1,1,2,3,1,2	71.354689	0.022354	0.481433	0.135150	0.059810	0.037407	0.263846	0.022354	0.481433	0.135150	0.059810	0.037407	0.263846	0.320743	0.017502	0.178255	0.009276	0.278651	0.195573	0.068059	0.367569	0.227989	0.087448	0.184907	0.064028	0.022354	0.481433	0.135150	0.059810	0.037407	0.263846	0.320743	0.017502	0.178255	0.009276	0.278651	0.195573	1,2,3,4,2,5	71.354689	1.266874	0.407338	0.908215	0.559968	0.407338	1.798241	
109000	-111529	1,2,3,4,4,5	71.354689	5.472174	5.992335	5.721291	4.488683	4.488683	5.158634	1,1,2,3,4,5	71.354689	0.458418	0.205708	0.251772	0.084102	0.458418	0.205708	0.251772	0.084102	0.432320	0.321363	0.046452	0.199865	0.021349	0.231468	0.074462	0.672721	0.340873	0.255985	0.123011	0.280130	0.255167	0.031721	0.423346	0.289766	1,1,2,3,4,5	71.354689	0.001016	0.674346	0.048008	0.079093	0.041031	0.156506	0.001016	0.674346	0.048008	0.079093	0.041031	0.156506	0.321036	0.078951	0.032241	0.080593	0.295428	0.191752	0.245288	0.321956	0.064168	0.068177	0.241476	0.058934	0.216516	0.377068	0.060483	0.093360	0.081919	0.170655	0.488517	0.036473	0.060627	0.045713	0.205027	0.163644	1,2,3,4,5,6	71.354689	1.105917	0.481015	1.010575	0.756092	0.443880	1.424174	
110000	-113349	1,2,3,1,4,5	71.354689	5.446893	6.511221	6.687279	5.446893	6.393684	4.870123	1,1,2,3,4,4	71.354689	0.558503	0.116151	0.262689	0.062657	0.558503	0.116151	0.262689	0.062657	0.337183	0.404005	0.056039	0.202773	0.054799	0.256951	0.273874	0.414376	0.452708	0.096628	0.253948	0.196716	0.452708	0.096628	0.253948	0.196716	1,2,3,4,5,5	71.354689	0.001231	0.442499	0.148806	0.126665	0.164406	0.116392	0.017433	0.450537	0.051261	0.111157	0.096012	0.273601	0.488316	0.129088	0.032811	0.039437	0.069219	0.241130	0.160945	0.484880	0.029605	0.008390	0.310363	0.005818	0.161993	0.087172	0.138392	0.134870	0.077477	0.400096	0.161993	0.087172	0.138392	0.134870	0.077477	0.400096	1,2,3,4,4,5	71.354689	1.229954	0.440551	0.910756	0.548344	0.548344	1.740103	
111000	-113625	1,1,2,1,3,2	71.354689	4.293788	4.293788	5.352427	4.293788	5.387522	5.352427	1,2,3,4,1,1	71.354689	0.431087	0.086027	0.288728	0.194158	0.620912	0.154942	0.147842	0.076304	0.227078	0.403297	0.115864	0.253761	0.184018	0.134238	0.039429	0.642315	0.431087	0.086027	0.288728	0.194158	0.431087	0.086027	0.288728	0.194158	1,1,2,3,4,5	71.354689	0.017326	0.518946	0.068539	0.021902	0.245970	0.127316	0.017326	0.518946	0.068539	0.021902	0.245970	0.127316	0.331407	0.085947	0.022504	0.029278	0.469608	0.061256	0.397594	0.138654	0.095478	0.061861	0.267058	0.039355	0.047648	0.171274	0.170336	0.123759	0.361180	0.125802	0.038609	0.033335	0.036183	0.152971	0.240408	0.498493	1,2,1,3,3,1	71.354689	1.261711	0.383682	1.261711	0.583795	0.583795	1.261711	
112000	-112505	1,2,2,2,3,4	71.354689	6.078905	4.264532	4.264532	4.264532	5.199395	5.492829	1,2,3,3,4,5	71.354689	0.437924	0.191870	0.346255	0.023951	0.562323	0.324726	0.100284	0.012667	0.220860	0.269722	0.013659	0.495759	0.220860	0.269722	0.013659	0.495759	0.326070	0.194410	0.354324	0.125197	0.140920	0.020908	0.450101	0.388072	1,1,2,3,4,2	71.354689	0.004469	0.377082	0.264346	0.043472	0.170559	0.140073	0.004469	0.377082	0.264346	0.043472	0.170559	0.140073	0.507687	0.012642	0.019081	0.241123	0.100038	0.119430	0.010766	0.057499	0.036104	0.329537	0.186917	0.379177	0.127256	0.169232	0.109589	0.241714	0.146884	0.205325	0.507687	0.012642	0.019081	0.241123	0.100038	0.119430	1,2,1,3,2,4	71.354689	1.095674	0.463703	1.095674	0.561579	0.463703	1.390880	
113000	-111888	1,2,3,4,5,6	71.354689	5.754426	5.203320	5.458596	5.369187	6.243967	5.519057	1,1,2,3,4,4	71.354689	0.453541	0.171244	0.326275	0.048940	0.453541	0.171244	0.326275	0.048940	0.278975	0.375307	0.077443	0.268276	0.090485	0.209846	0.101669	0.598000	0.255443	0.168049	0.193378	0.383130	0.255443	0.168049	0.193378	0.383130	1,1,2,3,4,2	71.354689	0.010771	0.433211	0.220076	0.067318	0.102453	0.166171	0.010771	0.433211	0.220076	0.067318	0.102453	0.166171	0.381375	0.036018	0.062532	0.113299	0.141485	0.265291	0.242390	0.012396	0.045518	0.103015	0.586729	0.009951	0.065310	0.355383	0.113556	0.094369	0.105673	0.265709	0.381375	0.036018	0.062532	0.113299	0.141485	0.265291	1,2,1,2,3,4	71.354689	0.992729	0.502510	0.992729	0.502510	0.515919	1.152949	
114000	-113035	1,2,3,1,4,5	71.354689	5.049198	6.235186	5.189779	5.049198	5.513616	5.339630	1,2,3,4,5,6	71.354689	0.444780	0.134034	0.220810	0.200376	0.652735	0.047514	0.239308	0.060442	0.261711	0.515029	0.122024	0.101237	0.141880	0.121116	0.064160	0.672844	0.252586	0.287837	0.113018	0.346559	0.340563	0.075591	0.461825	0.122020	1,1,2,1,1,2	71.354689	0.127394	0.495578	0.095081	0.070180	0.129432	0.082335	0.127394	0.495578	0.095081	0.070180	0.129432	0.082335	0.245206	0.009651	0.091853	0.073580	0.208157	0.371553	0.127394	0.495578	0.095081	0.070180	0.129432	0.082335	0.127394	0.495578	0.095081	0.070180	0.129432	0.082335	0.245206	0.009651	0.091853	0.073580	0.208157	0.371553	1,2,1,3,4,5	71.354689	1.115642	0.451790	1.115642	0.540164	0.490887	1.763296	
115000	-112861	1,1,2,2,2,3	71.354689	5.946217	5.946217	4.950524	4.950524	4.950524	5.516867	1,2,3,4,5,1	71.354689	0.445201	0.080865	0.354713	0.119221	0.443338	0.408540	0.140990	0.007132	0.446050	0.303373	0.101149	0.149428	0.093215	0.133529	0.021985	0.751271	0.234409	0.151834	0.184255	0.429503	0.445201	0.080865	0.354713	0.119221	1,1,2,3,4,2	71.354689	0.032091	0.401769	0.129420	0.087372	0.215705	0.133644	0.032091	0.401769	0.129420	0.087372	0.215705	0.133644	0.404465	0.030560	0.089327	0.090376	0.191649	0.193623	0.123776	0.169591	0.032464	0.034167	0.550528	0.089473	0.059515	0.267179	0.132015	0.370688	0.023962	0.146641	0.404465	0.030560	0.089327	0.090376	0.191649	0.193623	1,2,3,4,5,6	71.354689	1.123003	0.335647	1.017437	0.603163	0.423652	1.237378	
116000	-113338	1,2,3,2,4,5	71.354689	5.955216	4.400818	5.197765	4.400818	6.387254	6.284003	1,2,2,3,2,4	71.354689	0.487981	0.054202	0.329793	0.128024	0.402390	0.293289	0.119279	0.185043	0.402390	0.293289	0.119279	0.185043	0.115467	0.422726	0.111133	0.350674	0.402390	0.293289	0.119279	0.185043	0.302575	0.093116	0.477071	0.127238	1,1,2,3,1,2	71.354689	0.000943	0.576423	0.155702	0.082239	0.053305	0.131388	0.000943	0.576423	0.155702	0.082239	0.053305	0.131388	0.459138	0.003100	0.126302	0.061036	0.142715	0.207710	0.221380	0.133314	0.141269	0.016657	0.359331	0.128048	0.000943	0.576423	0.155702	0.082239	0.053305	0.131388	0.459138	0.003100	0.126302	0.061036	0.142715	0.207710	1,2,3,4,2,5	71.354689	1.305254	0.362471	1.030090	0.572493	0.362471	1.495629	
117000	-113400	1,2,3,4,5,6	71.354689	5.134625	5.503493	5.626364	4.969974	6.130957	5.494453	1,1,2,2,3,4	71.354689	0.443539	0.276370	0.247147	0.032943	0.443539	0.276370	0.247147	0.032943	0.388360	0.345097	0.023450	0.243094	0.388360	0.345097	0.023450	0.243094	0.507419	0.090956	0.148805	0.252821	0.253373	0.213245	0.327501	0.205881	1,1,2,2,3,2	71.354689	0.007484	0.555322	0.184642	0.044782	0.105578	0.102192	0.007484	0.555322	0.184642	0.044782	0.105578	0.102192	0.147825	0.071919	0.063040	0.106417	0.170043	0.440756	0.147825	0.071919	0.063040	0.106417	0.170043	0.440756	0.029637	0.321995	0.102097	0.181489	0.218683	0.146100	0.147825	0.071919	0.063040	0.106417	0.170043	0.440756	1,2,3,4,5,6	71.354689	1.099744	0.419355	1.077526	0.574831	0.431932	1.761048	
118000	-114170	1,2,3,3,3,3	71.354689	6.179661	6.558489	4.464392	4.464392	4.464392	4.464392	1,2,3,4,5,6	71.354689	0.444169	0.117694	0.371144	0.066993	0.595295	0.092069	0.215088	0.097548	0.400023	0.403616	0.158332	0.038029	0.069301	0.088072	0.156762	0.685865	0.352884	0.118495	0.399532	0.129089	0.114134	0.032842	0.714674	0.138350	1,1,2,3,3,2	71.354689	0.000276	0.648139	0.129319	0.092447	0.073085	0.056733	0.000276	0.648139	0.129319	0.092447	0.073085	0.056733	0.165559	0.048041	0.095276	0.099420	0.480413	0.111290	0.262842	0.075358	0.144219	0.163053	0.313813	0.040715	0.262842	0.075358	0.144219	0.163053	0.313813	0.040715	0.165559	0.048041	0.095276	0.099420	0.480413	0.111290	1,2,3,3,4,5	71.354689	1.170197	0.314458	0.813705	0.813705	0.474327	1.357697	
119000	-113920	1,2,3,4,5,2	71.354689	5.658412	5.153263	4.911871	5.236352	6.762497	5.153263	1,1,2,2,3,4	71.354689	0.440980	0.255560	0.261590	0.041869	0.440980	0.255560	0.261590	0.041869	0.140636	0.378868	0.032023	0.448472	0.140636	0.378868	0.032023	0.448472	0.266506	0.228351	0.165122	0.340021	0.105849	0.336876	0.388290	0.168985	1,1,2,3,4,2	71.354689	0.040513	0.584739	0.202346	0.027601	0.134151	0.010650	0.040513	0.584739	0.202346	0.027601	0.134151	0.010650	0.384744	0.044575	0.185229	0.073837	0.102266	0.209347	0.232912	0.242752	0.036555	0.157073	0.182468	0.148240	0.104460	0.225508	0.048764	0.153600	0.018127	0.449540	0.384744	0.044575	0.185229	0.073837	0.102266	0.209347	1,2,3,4,2,5	71.354689	1.067960	0.431126	1.181444	0.556165	0.431126	1.328092	
120000	-115817	1,2,3,1,4,5	71.354689	4.590967	5.294895	5.307844	4.590967	5.900401	5.502506	1,1,2,3,4,5	71.354689	0.611028	0.156722	0.154198	0.078052	0.611028	0.156722	0.154198	0.078052	0.307124	0.431537	0.203033	0.058306	0.022043	0.598266	0.202955	0.176736	0.380333	0.339103	0.118525	0.162038	0.344752	0.131150	0.339229	0.184869	1,2,3,4,1,5	71.354689	0.017516	0.468541	0.082614	0.092225	0.073600	0.265504	0.020364	0.555103	0.050400	0.049852	0.118168	0.206113	0.295267	0.205944	0.043371	0.095827	0.331603	0.027989	0.312526	0.108346	0.285043	0.018511	0.181729	0.093845	0.017516	0.468541	0.082614	0.092225	0.073600	0.265504	0.196617	0.132266	0.021488	0.086067	0.106752	0.456810	1,2,3,4,5,6	71.354689	1.099333	0.423949	0.943893	0.582383	0.506539	1.506803	
121000	-114031	1,2,3,4,5,4	71.354689	4.897834	6.160129	5.354001	4.124699	5.724510	4.124699	1,1,2,3,4,5	71.354689	0.483296	0.260023	0.239803	0.016878	0.483296	0.260023	0.239803	0.016878	0.389392	0.303068	0.079950	0.227590	0.008430	0.382722	0.158907	0.449942	0.575342	0.099696	0.162432	0.162531	0.107656	0.456172	0.368887	0.067285	1,2,3,4,5,6	71.354689	0.010566	0.362404	0.332873	0.021378	0.014786	0.257992	0.002765	0.301948	0.138439	0.011264	0.165882	0.379702	0.318869	0.181428	0.020929	0.272704	0.204068	0.002003	0.274218	0.058987	0.130809	0.057797	0.397908	0.080282	0.179443	0.178377	0.058665	0.245598	0.174249	0.163668	0.101936	0.105012	0.308079	0.047822	0.029614	0.407537	1,2,3,4,5,3	71.354689	1.053792	0.413225	1.166297	0.458706	0.630678	1.166297	
122000	-112193	1,2,3,2,2,4	71.354689	5.536922	4.621446	5.450035	4.621446	4.621446	6.202697	1,2,3,4,5,6	71.354689	0.480366	0.180758	0.314047	0.024830	0.584620	0.263500	0.122512	0.029368	0.259617	0.354328	0.121664	0.264390	0.118494	0.200958	0.164079	0.516469	0.232388	0.129547	0.215298	0.422767	0.074452	0.139548	0.421194	0.364806	1,1,2,3,3,2	71.354689	0.008763	0.289636	0.207518	0.036878	0.285341	0.171864	0.008763	0.289636	0.207518	0.036878	0.285341	0.171864	0.341867	0.016754	0.067095	0.107107	0.202259	0.264918	0.261694	0.243138	0.146305	0.030090	0.247654	0.071118	0.261694	0.243138	0.146305	0.030090	0.247654	0.071118	0.341867	0.016754	0.067095	0.107107	0.202259	0.264918	1,2,1,3,3,4	71.354689	1.064386	0.379692	1.064386	0.539615	0.539615	2.003080	
123000	-112694	1,2,3,4,4,5	71.354689	6.024535	5.727117	5.506820	4.557891	4.557891	5.827569	1,2,3,4,3,5	71.354689	0.501555	0.119178	0.325787	0.053481	0.473429	0.358862	0.138542	0.029168	0.236721	0.415687	0.064951	0.282641	0.057105	0.375804	0.042829	0.524262	0.236721	0.415687	0.064951	0.282641	0.079399	0.031778	0.771336	0.117487	1,1,2,3,4,2	71.354689	0.033365	0.400229	0.146311	0.026313	0.279607	0.114175	0.033365	0.400229	0.146311	0.026313	0.279607	0.114175	0.400171	0.009179	0.102448	0.052146	0.204410	0.231647	0.036851	0.114678	0.103577	0.281149	0.276272	0.187472	0.014108	0.420881	0.139742	0.060498	0.133441	0.231330	0.400171	0.009179	0.102448	0.052146	0.204410	0.231647	1,2,3,4,5,6	71.354689	1.115393	0.412422	1.148336	0.704208	0.445216	1.503459	
124000	-115130	1,2,3,1,4,5	71.354689	4.644410	6.704069	5.420139	4.644410	5.506027	5.486693	1,1,2,3,1,3	71.354689	0.582815	0.134156	0.181512	0.101516	0.582815	0.134156	0.181512	0.101516	0.290194	0.312815	0.051455	0.345536	0.197087	0.143334	0.264920	0.394659	0.582815	0.134156	0.181512	0.101516	0.197087	0.143334	0.264920	0.394659	1,2,3,4,5,6	71.354689	0.050661	0.501520	0.031596	0.077964	0.257398	0.080861	0.000849	0.266792	0.064569	0.013433	0.095906	0.558451	0.445031	0.002278	0.050590	0.181900	0.218260	0.101942	0.259240	0.025165	0.351278	0.018661	0.324091	0.021565	0.034200	0.282849	0.215276	0.004884	0.231693	0.231097	0.441558	0.029738	0.035244	0.204308	0.070031	0.219121	1,2,3,4,2,5	71.354689	1.125558	0.382481	0.982443	0.600686	0.382481	1.454718	
125000	-114305	1,2,3,3,4,5	71.354689	5.055750	5.569396	3.379144	3.379144	5.751749	6.259598	1,1,2,3,2,4	71.354689	0.524102	0.093834	0.213229	0.168835	0.524102	0.093834	0.213229	0.168835	0.440379	0.140052	0.137174	0.282394	0.065325	0.582258	0.104565	0.247852	0.440379	0.140052	0.137174	0.282394	0.146091	0.096817	0.370928	0.386164	1,1,2,3,3,2	71.354689	0.020504	0.498395	0.002555	0.212096	0.089000	0.177451	0.020504	0.498395	0.002555	0.212096	0.089000	0.177451	0.447627	0.011899	0.058966	0.076448	0.266692	0.138369	0.172386	0.306325	0.089098	0.050262	0.195846	0.186083	0.172386	0.306325	0.089098	0.050262	0.195846	0.186083	0.447627	0.011899	0.058966	0.076448	0.266692	0.138369	1,2,3,4,2,5	71.354689	0.967665	0.467235	1.093825	0.643620	0.467235	2.020544	
126000	-113170	1,1,2,1,3,4	71.354689	4.293887	4.293887	5.355522	4.293887	6.023131	5.413599	1,2,3,4,1,1	71.354689	0.308199	0.090685	0.242412	0.358704	0.465361	0.286639	0.169106	0.078893	0.362502	0.505862	0.032828	0.098809	0.059654	0.186851	0.080868	0.672627	0.308199	0.090685	0.242412	0.358704	0.308199	0.090685	0.242412	0.358704	1,1,2,3,4,5	71.354689	0.005086	0.612538	0.121543	0.111244	0.090635	0.058954	0.005086	0.612538	0.121543	0.111244	0.090635	0.058954	0.226203	0.179098	0.050930	0.103355	0.253483	0.186932	0.026690	0.117778	0.081365	0.123647	0.539063	0.111458	0.135226	0.500419	0.096925	0.054473	0.123201	0.089756	0.258193	0.015107	0.128562	0.016621	0.120860	0.460656	1,2,3,4,4,5	71.354689	1.127658	0.455594	1.095334	0.472646	0.472646	1.715597	
127000	-112839	1,2,3,4,5,6	71.354689	6.090896	5.447238	5.727685	4.856322	5.980705	6.435671	1,2,3,4,5,5	71.354689	0.488552	0.141456	0.313483	0.056509	0.603992	0.156039	0.152769	0.087201	0.143427	0.456749	0.271556	0.128268	0.249488	0.238665	0.008476	0.503371	0.335395	0.112481	0.262454	0.289670	0.335395	0.112481	0.262454	0.289670	1,1,2,3,4,2	71.354689	0.015568	0.386881	0.123334	0.061590	0.236561	0.176066	0.015568	0.386881	0.123334	0.061590	0.236561	0.176066	0.322809	0.004867	0.084671	0.111143	0.282997	0.193513	0.282740	0.022809	0.039736	0.204751	0.384051	0.065913	0.068242	0.148864	0.169996	0.129054	0.301912	0.181931	0.322809	0.004867	0.084671	0.111143	0.282997	0.193513	1,2,3,4,5,6	71.354689	1.143174	0.346539	1.002682	0.534995	0.530121	2.066913	
128000	-112156	1,2,3,4,5,6	71.354689	6.733958	4.898567	5.456334	4.932945	5.208238	5.568281	1,2,3,4,5,6	71.354689	0.449324	0.321223	0.166234	0.063219	0.488362	0.343872	0.146941	0.020825	0.208865	0.522734	0.066791	0.201610	0.078040	0.248006	0.010912	0.663042	0.246839	0.231898	0.302593	0.218670	0.213416	0.098402	0.368994	0.319189	1,1,2,3,4,2	71.354689	0.017672	0.535441	0.224649	0.065524	0.129029	0.027685	0.017672	0.535441	0.224649	0.065524	0.129029	0.027685	0.188073	0.007243	0.087932	0.149023	0.117511	0.450219	0.201642	0.383386	0.070080	0.043885	0.250228	0.050780	0.120883	0.216335	0.328888	0.038376	0.082907	0.212611	0.188073	0.007243	0.087932	0.149023	0.117511	0.450219	1,2,1,3,3,4	71.354689	1.092998	0.470583	1.092998	0.503333	0.503333	1.310133	
129000	-113547	1,2,3,2,4,5	71.354689	5.661761	4.188666	5.287227	4.188666	6.628817	5.078330	1,2,3,4,2,5	71.354689	0.419758	0.076289	0.341453	0.162500	0.431422	0.068338	0.153277	0.346963	0.467374	0.382718	0.127348	0.022560	0.224961	0.282237	0.027369	0.465434	0.431422	0.068338	0.153277	0.346963	0.183116	0.090498	0.507085	0.219301	1,1,2,2,3,2	71.354689	0.061617	0.685914	0.032332	0.119424	0.056381	0.044332	0.061617	0.685914	0.032332	0.119424	0.056381	0.044332	0.240045	0.028112	0.065951	0.137079	0.240634	0.288179	0.240045	0.028112	0.065951	0.137079	0.240634	0.288179	0.046749	0.258834	0.136024	0.144208	0.132057	0.282128	0.240045	0.028112	0.065951	0.137079	0.240634	0.288179	1,2,3,4,5,1	71.354689	1.119419	0.369710	1.105109	0.647997	0.583750	1.119419	
130000	-114959	1,2,3,3,4,5	71.354689	5.745147	5.150712	4.655512	4.655512	6.111275	5.646996	1,1,2,3,2,4	71.354689	0.260978	0.288655	0.352428	0.097939	0.260978	0.288655	0.352428	0.097939	0.290079	0.226141	0.148095	0.335684	0.158026	0.247213	0.213715	0.381046	0.290079	0.226141	0.148095	0.335684	0.298691	0.168467	0.293517	0.239325	1,1,2,3,4,5	71.354689	0.011641	0.390937	0.238823	0.055024	0.120628	0.182946	0.011641	0.390937	0.238823	0.055024	0.120628	0.182946	0.535593	0.119029	0.034244	0.080094	0.206591	0.024449	0.086298	0.251398	0.066729	0.014473	0.365946	0.215155	0.125554	0.571779	0.089299	0.093140	0.002299	0.117928	0.070609	0.058244	0.158760	0.193335	0.172983	0.346068	1,2,3,4,5,6	71.354689	1.161842	0.413537	1.128410	0.584849	0.451813	1.267727	
131000	-112106	1,2,3,1,4,5	71.354689	4.665832	5.764918	5.466289	4.665832	5.419354	5.770757	1,1,2,3,4,5	71.354689	0.656555	0.113118	0.197917	0.032409	0.656555	0.113118	0.197917	0.032409	0.236419	0.437163	0.118518	0.207899	0.118879	0.288199	0.070623	0.522298	0.382635	0.158287	0.238155	0.220923	0.407304	0.108839	0.314882	0.168975	1,2,3,4,4,3	71.354689	0.045937	0.510635	0.191446	0.116998	0.119187	0.015797	0.015921	0.479482	0.030014	0.109275	0.228738	0.136570	0.358936	0.019992	0.038770	0.035039	0.281927	0.265337	0.249900	0.123328	0.100665	0.123204	0.247870	0.155033	0.249900	0.123328	0.100665	0.123204	0.247870	0.155033	0.358936	0.019992	0.038770	0.035039	0.281927	0.265337	1,2,3,4,2,5	71.354689	1.106585	0.386255	1.093372	0.478743	0.386255	1.956172	
132000	-116359	1,1,1,1,1,2	71.354689	4.080232	4.080232	4.080232	4.080232	4.080232	5.641878	1,2,3,4,5,6	71.354689	0.268237	0.535100	0.179351	0.017312	0.277297	0.582357	0.129093	0.011254	0.185253	0.605662	0.153816	0.055269	0.073008	0.128262	0.611100	0.187630	0.251969	0.440285	0.091953	0.215793	0.256645	0.066450	0.503294	0.173611	1,1,2,3,4,5	71.354689	0.001929	0.367813	0.366424	0.032937	0.046129	0.184767	0.001929	0.367813	0.366424	0.032937	0.046129	0.184767	0.302287	0.041999	0.319242	0.066208	0.106317	0.163947	0.053088	0.201956	0.128565	0.073235	0.440929	0.102227	0.105967	0.306873	0.170279	0.177790	0.078254	0.160837	0.426707	0.023624	0.201471	0.097681	0.015062	0.235455	1,2,3,4,2,1	71.354689	1.325855	0.486925	0.919323	0.629778	0.486925	1.325855	
133000	-113435	1,2,3,3,4,5	71.354689	5.675413	5.692659	4.955471	4.955471	6.433596	6.192024	1,1,2,3,4,5	71.354689	0.459144	0.253780	0.259452	0.027624	0.459144	0.253780	0.259452	0.027624	0.255071	0.530815	0.166778	0.047337	0.199267	0.200164	0.163766	0.436803	0.364937	0.043490	0.250757	0.340815	0.362221	0.067387	0.323449	0.246944	1,1,2,3,4,2	71.354689	0.024263	0.596542	0.071844	0.022269	0.160926	0.124156	0.024263	0.596542	0.071844	0.022269	0.160926	0.124156	0.210753	0.000005	0.092700	0.132199	0.405843	0.158500	0.017917	0.039480	0.022416	0.127510	0.735689	0.056988	0.263278	0.316648	0.029591	0.189357	0.054271	0.146856	0.210753	0.000005	0.092700	0.132199	0.405843	0.158500	1,2,3,4,5,6	71.354689	1.025610	0.380676	0.873786	0.595139	0.469786	1.798814	
134000	-112044	1,2,3,4,5,6	71.354689	6.243480	6.363302	5.181978	5.091731	4.859980	5.862467	1,2,3,4,5,6	71.354689	0.515779	0.134193	0.299081	0.050946	0.588201	0.128317	0.220716	0.062766	0.196819	0.395671	0.039299	0.368211	0.098015	0.137598	0.145809	0.618578	0.376968	0.179039	0.306793	0.137200	0.111053	0.120040	0.457678	0.311230	1,1,2,3,4,2	71.354689	0.001052	0.403636	0.213344	0.064802	0.073109	0.244057	0.001052	0.403636	0.213344	0.064802	0.073109	0.244057	0.442072	0.017964	0.178896	0.102027	0.133641	0.125400	0.211355	0.011582	0.123894	0.035768	0.600268	0.017132	0.216826	0.134309	0.158184	0.127974	0.292632	0.070075	0.442072	0.017964	0.178896	0.102027	0.133641	0.125400	1,2,1,3,4,5	71.354689	1.154232	0.420984	1.154232	0.641450	0.509120	1.212277	
135000	-112924	1,2,3,2,2,4	71.354689	5.465810	4.912541	5.579001	4.912541	4.912541	5.744358	1,2,3,4,5,6	71.354689	0.294326	0.164748	0.403089	0.137836	0.445716	0.318918	0.177907	0.057459	0.336935	0.487359	0.049610	0.126096	0.052992	0.392249	0.171368	0.383391	0.463360	0.026675	0.195680	0.314285	0.109209	0.219299	0.485392	0.186100	1,1,2,3,4,2	71.354689	0.004519	0.537248	0.047862	0.057594	0.206040	0.146737	0.004519	0.537248	0.047862	0.057594	0.206040	0.146737	0.306492	0.112259	0.128470	0.075263	0.138700	0.238817	0.387770	0.085124	0.200174	0.074730	0.192140	0.060062	0.185735	0.206658	0.072877	0.161879	0.297843	0.075009	0.306492	0.112259	0.128470	0.075263	0.138700	0.238817	1,2,1,3,2,4	71.354689	1.062767	0.489513	1.062767	0.590165	0.489513	1.414048	
136000	-114113	1,2,3,1,4,5	71.354689	4.398733	6.164735	5.094355	4.398733	5.109253	5.597495	1,2,1,3,4,5	71.354689	0.364065	0.419268	0.165241	0.051426	0.646999	0.154145	0.195080	0.003776	0.364065	0.419268	0.165241	0.051426	0.084183	0.148037	0.338602	0.429178	0.403071	0.174073	0.171358	0.251499	0.267706	0.057336	0.430134	0.244823	1,2,3,3,4,5	71.354689	0.011871	0.369129	0.044901	0.037309	0.371362	0.165427	0.014247	0.239240	0.047910	0.007321	0.277232	0.414051	0.294998	0.075446	0.168179	0.040922	0.414907	0.005549	0.294998	0.075446	0.168179	0.040922	0.414907	0.005549	0.151141	0.130903	0.147723	0.192207	0.259095	0.118931	0.085025	0.155660	0.132443	0.170854	0.176581	0.279436	1,2,3,4,5,6	71.354689	1.226088	0.390085	1.141159	0.704706	0.396713	1.424418	
137000	-112698	1,2,3,3,4,5	71.354689	6.081846	5.137759	4.492505	4.492505	5.452626	6.010213	1,2,3,4,5,6	71.354689	0.553005	0.123474	0.295336	0.028185	0.706515	0.120219	0.135984	0.037282	0.326706	0.229924	0.065254	0.378116	0.052618	0.597876	0.010592	0.338913	0.253402	0.106256	0.339049	0.301293	0.238388	0.079394	0.458639	0.223579	1,1,2,3,4,2	71.354689	0.001816	0.360236	0.231308	0.056959	0.149412	0.200270	0.001816	0.360236	0.231308	0.056959	0.149412	0.200270	0.453977	0.010903	0.047376	0.042019	0.268748	0.176976	0.237899	0.122393	0.074604	0.112355	0.119916	0.332832	0.189434	0.407131	0.164946	0.160345	0.046568	0.031576	0.453977	0.010903	0.047376	0.042019	0.268748	0.176976	1,2,3,4,4,5	71.354689	0.935084	0.309740	1.080593	0.561505	0.561505	1.366572	
138000	-112194	1,2,3,3,4,5	71.354689	5.511636	6.704926	4.985098	4.985098	6.166855	5.901906	1,1,2,3,4,5	71.354689	0.585196	0.087829	0.264278	0.062697	0.585196	0.087829	0.264278	0.062697	0.277005	0.296092	0.056713	0.370189	0.068231	0.181922	0.137944	0.611902	0.466404	0.196613	0.083139	0.253843	0.204136	0.200392	0.419124	0.176349	1,2,3,4,5,6	71.354689	0.004455	0.430044	0.075292	0.160219	0.141301	0.188689	0.033452	0.396333	0.055777	0.094694	0.302728	0.117016	0.617166	0.095062	0.017645	0.108937	0.078535	0.082655	0.018840	0.000979	0.113516	0.077670	0.635466	0.153529	0.112828	0.293135	0.164089	0.126908	0.104808	0.198232	0.421957	0.031874	0.099993	0.057260	0.158452	0.230465	1,2,3,4,5,6	71.354689	1.063277	0.320782	1.103324	0.508963	0.475658	1.827764	
139000	-117337	1,2,3,4,5,3	71.354689	6.109971	3.765524	4.818354	4.947624	6.127921	4.818354	1,2,3,4,5,6	71.354689	0.348761	0.056154	0.507703	0.087381	0.214343	0.687315	0.043949	0.054393	0.169786	0.593616	0.008751	0.227847	0.009381	0.297219	0.063208	0.630193	0.272614	0.272891	0.206957	0.247538	0.113787	0.151004	0.252378	0.482830	1,1,2,3,4,2	71.354689	0.095905	0.361194	0.161833	0.099616	0.242521	0.038932	0.095905	0.361194	0.161833	0.099616	0.242521	0.038932	0.246986	0.048804	0.116711	0.296543	0.067520	0.223436	0.140380	0.031781	0.504600	0.132262	0.124056	0.066921	0.025601	0.249225	0.182309	0.307707	0.162382	0.072775	0.246986	0.048804	0.116711	0.296543	0.067520	0.223436	1,2,3,2,4,3	71.354689	0.955565	0.532495	1.005392	0.532495	0.528563	1.005392	
140000	-113605	1,2,3,4,4,5	71.354689	5.730617	6.236351	5.502918	5.073644	5.073644	6.362738	1,1,2,3,2,4	71.354689	0.557832	0.140734	0.256838	0.044595	0.557832	0.140734	0.256838	0.044595	0.374692	0.375425	0.085958	0.163925	0.033214	0.403564	0.205794	0.357428	0.374692	0.375425	0.085958	0.163925	0.292813	0.076977	0.173874	0.456336	1,1,2,3,1,4	71.354689	0.030970	0.449062	0.103360	0.065911	0.063827	0.286871	0.030970	0.449062	0.103360	0.065911	0.063827	0.286871	0.369183	0.036273	0.185566	0.135898	0.226391	0.046689	0.457844	0.084623	0.209494	0.060258	0.143439	0.044342	0.030970	0.449062	0.103360	0.065911	0.063827	0.286871	0.665105	0.024245	0.082988	0.070725	0.085011	0.071926	1,2,3,4,5,6	71.354689	1.278629	0.382473	1.097039	0.626656	0.512597	1.349789	
141000	-112991	1,2,3,4,3,5	71.354689	5.956132	5.825456	5.315158	4.928907	5.315158	6.364844	1,1,2,3,4,4	71.354689	0.526827	0.159780	0.285710	0.027684	0.526827	0.159780	0.285710	0.027684	0.274943	0.371596	0.023179	0.330281	0.062753	0.327430	0.200294	0.409522	0.338767	0.066312	0.291004	0.303916	0.338767	0.066312	0.291004	0.303916	1,1,2,2,2,3	71.354689	0.022109	0.427916	0.176084	0.043042	0.135627	0.195222	0.022109	0.427916	0.176084	0.043042	0.135627	0.195222	0.230329	0.136158	0.063164	0.236553	0.233835	0.099961	0.230329	0.136158	0.063164	0.236553	0.233835	0.099961	0.230329	0.136158	0.063164	0.236553	0.233835	0.099961	0.156674	0.021004	0.019335	0.109995	0.190574	0.502418	1,2,1,2,2,1	71.354689	1.150399	0.556070	1.150399	0.556070	0.556070	1.150399	
142000	-113589	1,2,1,3,4,5	71.354689	4.786839	5.419346	4.786839	5.550206	5.853508	5.891410	1,1,2,2,3,4	71.354689	0.465327	0.278099	0.241608	0.014966	0.465327	0.278099	0.241608	0.014966	0.118856	0.241758	0.024898	0.614488	0.118856	0.241758	0.024898	0.614488	0.443756	0.193308	0.143166	0.219770	0.207999	0.095728	0.383141	0.313133	1,1,2,3,4,5	71.354689	0.005346	0.391097	0.373751	0.064269	0.063319	0.102218	0.005346	0.391097	0.373751	0.064269	0.063319	0.102218	0.326765	0.224921	0.060027	0.322144	0.062277	0.003865	0.094641	0.606725	0.051681	0.101322	0.071593	0.074039	0.077076	0.109602	0.234621	0.008288	0.213125	0.357287	0.138440	0.070526	0.182817	0.175492	0.149244	0.283481	1,2,3,4,2,5	71.354689	1.071383	0.424307	1.051339	0.686800	0.424307	1.288181	
143000	-114076	1,2,3,4,3,5	71.354689	5.619822	5.818399	4.863423	4.959523	4.863423	5.493547	1,1,2,3,4,5	71.354689	0.548739	0.162352	0.259836	0.029073	0.548739	0.162352	0.259836	0.029073	0.201800	0.293349	0.207509	0.297342	0.186339	0.292101	0.086167	0.435393	0.204692	0.183033	0.184076	0.428199	0.088822	0.019445	0.504137	0.387595	1,1,2,3,4,2	71.354689	0.022974	0.391155	0.206640	0.012469	0.035718	0.331045	0.022974	0.391155	0.206640	0.012469	0.035718	0.331045	0.325783	0.026487	0.217978	0.098153	0.229680	0.101918	0.160752	0.254810	0.177976	0.019091	0.265456	0.121914	0.150624	0.388477	0.036360	0.119753	0.107669	0.197117	0.325783	0.026487	0.217978	0.098153	0.229680	0.101918	1,2,3,4,5,1	71.354689	1.239359	0.393077	0.969009	0.710842	0.551808	1.239359	
144000	-111797	1,2,3,4,4,5	71.354689	6.307256	5.763135	5.828621	4.864861	4.864861	5.657542	1,1,2,3,2,4	71.354689	0.485120	0.134910	0.342186	0.037784	0.485120	0.134910	0.342186	0.037784	0.351180	0.357516	0.079367	0.211937	0.121935	0.203575	0.171728	0.502762	0.351180	0.357516	0.079367	0.211937	0.308112	0.034640	0.421667	0.235582	1,1,2,3,1,2	71.354689	0.023343	0.439943	0.160577	0.068619	0.051438	0.256079	0.023343	0.439943	0.160577	0.068619	0.051438	0.256079	0.282422	0.039272	0.067594	0.024277	0.401395	0.185040	0.247260	0.161714	0.158401	0.063720	0.342843	0.026063	0.023343	0.439943	0.160577	0.068619	0.051438	0.256079	0.282422	0.039272	0.067594	0.024277	0.401395	0.185040	1,2,3,4,2,5	71.354689	1.101403	0.439717	1.052622	0.600915	0.439717	2.106156	
145000	-112046	1,2,3,3,3,4	71.354689	5.450137	6.198679	4.723589	4.723589	4.723589	6.136360	1,1,2,3,4,4	71.354689	0.518738	0.197923	0.260776	0.022562	0.518738	0.197923	0.260776	0.022562	0.122358	0.443943	0.080003	0.353696	0.162918	0.214487	0.045263	0.577332	0.362276	0.085320	0.286598	0.265806	0.362276	0.085320	0.286598	0.265806	1,1,2,3,3,2	71.354689	0.003171	0.275990	0.477875	0.039251	0.111848	0.091864	0.003171	0.275990	0.477875	0.039251	0.111848	0.091864	0.432381	0.005145	0.130339	0.104226	0.126697	0.201212	0.262571	0.110752	0.154643	0.100833	0.236912	0.134289	0.262571	0.110752	0.154643	0.100833	0.236912	0.134289	0.432381	0.005145	0.130339	0.104226	0.126697	0.201212	1,2,3,4,5,6	71.354689	1.146817	0.456165	1.019071	0.558583	0.458250	1.477228	
146000	-114096	1,2,3,4,5,4	71.354689	5.702898	6.047467	5.309115	4.874236	5.230836	4.874236	1,1,2,3,4,5	71.354689	0.586954	0.123614	0.259172	0.030261	0.586954	0.123614	0.259172	0.030261	0.258974	0.665100	0.035331	0.040596	0.060361	0.089607	0.035074	0.814958	0.604932	0.127686	0.115266	0.152116	0.116925	0.079224	0.436339	0.367512	1,1,2,3,4,5	71.354689	0.014074	0.374130	0.253857	0.054313	0.204175	0.099451	0.014074	0.374130	0.253857	0.054313	0.204175	0.099451	0.273962	0.031659	0.145907	0.002724	0.311989	0.233759	0.393354	0.186537	0.071810	0.063670	0.258331	0.026298	0.121311	0.185933	0.102016	0.389616	0.171533	0.029591	0.045884	0.055272	0.060711	0.372517	0.149699	0.315918	1,2,1,3,4,5	71.354689	1.250592	0.536912	1.250592	0.671859	0.457320	1.406954	
147000	-112851	1,2,3,3,4,5	71.354689	6.187180	5.699986	4.232924	4.232924	5.509399	5.547842	1,2,3,3,4,5	71.354689	0.483056	0.004426	0.476521	0.035997	0.642599	0.067212	0.212389	0.077800	0.171621	0.324055	0.049463	0.454861	0.171621	0.324055	0.049463	0.454861	0.307530	0.230986	0.171304	0.290180	0.252815	0.095200	0.521185	0.130800	1,2,3,1,4,3	71.354689	0.056018	0.175251	0.116271	0.148049	0.403999	0.100412	0.037329	0.359309	0.079627	0.155460	0.191072	0.177203	0.520450	0.066563	0.044521	0.058043	0.105159	0.205264	0.056018	0.175251	0.116271	0.148049	0.403999	0.100412	0.099339	0.242670	0.170706	0.244038	0.047852	0.195395	0.520450	0.066563	0.044521	0.058043	0.105159	0.205264	1,2,3,4,4,5	71.354689	1.083537	0.366133	0.966616	0.492701	0.492701	2.031946	
148000	-113628	1,2,3,3,4,5	71.354689	5.018771	5.223578	5.071174	5.071174	5.704088	5.795330	1,1,2,2,2,3	71.354689	0.408621	0.163030	0.227570	0.200778	0.408621	0.163030	0.227570	0.200778	0.319501	0.295681	0.059353	0.325465	0.319501	0.295681	0.059353	0.325465	0.319501	0.295681	0.059353	0.325465	0.152242	0.219057	0.408754	0.219947	1,1,2,2,1,3	71.354689	0.024610	0.692131	0.048309	0.058360	0.018662	0.157928	0.024610	0.692131	0.048309	0.058360	0.018662	0.157928	0.337788	0.030226	0.053158	0.143782	0.281731	0.153316	0.337788	0.030226	0.053158	0.143782	0.281731	0.153316	0.024610	0.692131	0.048309	0.058360	0.018662	0.157928	0.227010	0.073414	0.089283	0.184261	0.130454	0.295577	1,2,3,4,5,6	71.354689	1.102701	0.439108	0.980274	0.822848	0.403911	1.578984	
149000	-113096	1,2,3,4,2,5	71.354689	6.538232	5.078918	5.847618	6.560384	5.078918	6.387664	1,1,2,3,4,4	71.354689	0.434674	0.163467	0.383444	0.018415	0.434674	0.163467	0.383444	0.018415	0.330008	0.409248	0.069286	0.191459	0.093283	0.433995	0.169914	0.302808	0.330094	0.121797	0.323470	0.224639	0.330094	0.121797	0.323470	0.224639	1,1,2,3,4,2	71.354689	0.030996	0.567650	0.158601	0.029279	0.192075	0.021400	0.030996	0.567650	0.158601	0.029279	0.192075	0.021400	0.340740	0.008955	0.056484	0.091494	0.243316	0.259011	0.497487	0.222587	0.181589	0.011948	0.073996	0.012392	0.206111	0.273774	0.251156	0.026855	0.181169	0.060935	0.340740	0.008955	0.056484	0.091494	0.243316	0.259011	1,2,3,2,2,4	71.354689	0.974548	0.438388	1.170392	0.438388	0.438388	2.599496	
150000	-112471	1,2,3,4,5,6	71.354689	5.963247	5.914335	5.699003	5.068913	5.315695	5.845819	1,1,2,3,4,5	71.354689	0.561790	0.114113	0.305138	0.018960	0.561790	0.114113	0.305138	0.018960	0.339150	0.427132	0.083414	0.150304	0.117189	0.179008	0.216984	0.486819	0.345181	0.111162	0.293389	0.250268	0.267067	0.101961	0.402476	0.228496	1,1,2,3,4,2	71.354689	0.002117	0.254027	0.368785	0.099540	0.045603	0.229929	0.002117	0.254027	0.368785	0.099540	0.045603	0.229929	0.354298	0.104574	0.088636	0.015379	0.161739	0.275374	0.130242	0.223794	0.099881	0.132076	0.321782	0.092226	0.130845	0.138919	0.174712	0.099111	0.219023	0.237389	0.354298	0.104574	0.088636	0.015379	0.161739	0.275374	1,2,3,4,5,6	71.354689	1.076666	0.359376	1.102909	0.798556	0.448642	1.443595	
151000	-113380	1,2,2,2,2,3	71.354689	5.401240	4.182967	4.182967	4.182967	4.182967	6.088629	1,1,1,2,3,4	71.354689	0.336286	0.252524	0.316273	0.094917	0.336286	0.252524	0.316273	0.094917	0.336286	0.252524	0.316273	0.094917	0.082622	0.206922	0.162862	0.547595	0.662213	0.067890	0.145345	0.124553	0.205974	0.020345	0.451085	0.322596	1,1,2,2,3,2	71.354689	0.017635	0.527079	0.110323	0.031098	0.136363	0.177502	0.017635	0.527079	0.110323	0.031098	0.136363	0.177502	0.284930	0.002649	0.041486	0.051216	0.448915	0.170805	0.284930	0.002649	0.041486	0.051216	0.448915	0.170805	0.146531	0.126991	0.095719	0.184810	0.357239	0.088710	0.284930	0.002649	0.041486	0.051216	0.448915	0.170805	1,2,1,2,3,4	71.354689	1.052562	0.560173	1.052562	0.560173	0.511743	1.406067	
152000	-115020	1,2,3,4,4,5	71.354689	6.258416	5.767351	5.283269	4.707513	4.707513	6.002498	1,2,3,4,5,4	71.354689	0.394926	0.110768	0.413779	0.080527	0.515655	0.091559	0.265894	0.126892	0.224859	0.417454	0.125102	0.232585	0.160706	0.230416	0.288019	0.320859	0.201752	0.194123	0.197424	0.406701	0.160706	0.230416	0.288019	0.320859	1,1,2,3,3,2	71.354689	0.026063	0.450153	0.254042	0.059043	0.078648	0.132051	0.026063	0.450153	0.254042	0.059043	0.078648	0.132051	0.285960	0.068985	0.158834	0.035079	0.208181	0.242961	0.131398	0.325236	0.225057	0.118809	0.147141	0.052359	0.131398	0.325236	0.225057	0.118809	0.147141	0.052359	0.285960	0.068985	0.158834	0.035079	0.208181	0.242961	1,2,3,4,5,6	71.354689	1.065419	0.393347	0.962989	0.697906	0.567618	1.466131	
153000	-112352	1,1,2,3,4,5	71.354689	4.870896	4.870896	5.384942	5.370781	6.130532	5.749414	1,2,3,4,2,5	71.354689	0.344749	0.272533	0.291612	0.091106	0.485842	0.178946	0.126238	0.208974	0.482529	0.292808	0.060273	0.164390	0.173067	0.105059	0.195717	0.526157	0.485842	0.178946	0.126238	0.208974	0.241000	0.110303	0.405383	0.243315	1,1,2,3,4,2	71.354689	0.024290	0.666995	0.093437	0.107577	0.056650	0.051050	0.024290	0.666995	0.093437	0.107577	0.056650	0.051050	0.373226	0.001267	0.077347	0.051200	0.239532	0.257428	0.108253	0.228261	0.222308	0.071100	0.324655	0.045423	0.100441	0.341582	0.184065	0.069422	0.155072	0.149418	0.373226	0.001267	0.077347	0.051200	0.239532	0.257428	1,2,1,3,2,4	71.354689	1.239638	0.508840	1.239638	0.643329	0.508840	1.299266	
154000	-113071	1,2,2,2,3,2	71.354689	5.037094	4.433376	4.433376	4.433376	5.739127	4.433376	1,2,3,3,2,4	71.354689	0.395888	0.090605	0.269654	0.243854	0.598840	0.117865	0.132632	0.150662	0.222092	0.327766	0.058083	0.392059	0.222092	0.327766	0.058083	0.392059	0.598840	0.117865	0.132632	0.150662	0.212334	0.088650	0.548470	0.150546	1,1,2,3,4,5	71.354689	0.016655	0.584352	0.060760	0.234795	0.055887	0.047551	0.016655	0.584352	0.060760	0.234795	0.055887	0.047551	0.284293	0.025854	0.123331	0.221170	0.174416	0.170936	0.194028	0.065033	0.043553	0.184352	0.334115	0.178920	0.105313	0.171209	0.165154	0.148196	0.111288	0.298840	0.208513	0.047740	0.324550	0.055152	0.062858	0.301186	1,2,3,4,5,3	71.354689	0.999054	0.504861	1.026128	0.529257	0.487816	1.026128	
155000	-112574	1,2,2,3,4,5	71.354689	5.580122	4.991130	4.991130	5.648112	6.348883	6.539437	1,2,3,4,5,6	71.354689	0.317343	0.312109	0.344370	0.026179	0.339061	0.530121	0.113775	0.017043	0.190750	0.315915	0.145061	0.348274	0.073279	0.266381	0.033294	0.627047	0.408026	0.129509	0.209606	0.252859	0.100895	0.116697	0.445848	0.336560	1,2,3,4,4,3	71.354689	0.034609	0.654512	0.124331	0.059228	0.031278	0.096043	0.006084	0.419468	0.321591	0.002222	0.161799	0.088836	0.343776	0.040526	0.028107	0.065582	0.272350	0.249660	0.225419	0.111096	0.194819	0.238570	0.169100	0.060996	0.225419	0.111096	0.194819	0.238570	0.169100	0.060996	0.343776	0.040526	0.028107	0.065582	0.272350	0.249660	1,2,1,3,3,4	71.354689	1.204717	0.488424	1.204717	0.507016	0.507016	1.241128	
156000	-113241	1,2,3,4,5,4	71.354689	6.119161	6.900960	5.994464	4.899234	5.382613	4.899234	1,2,3,4,5,6	71.354689	0.391937	0.076275	0.481439	0.050349	0.663278	0.088997	0.239310	0.008415	0.339094	0.376649	0.079406	0.204851	0.342952	0.269969	0.035799	0.351280	0.322573	0.020421	0.140954	0.516051	0.156639	0.019553	0.693883	0.129926	1,1,2,2,3,2	71.354689	0.003027	0.420891	0.145790	0.066958	0.339602	0.023732	0.003027	0.420891	0.145790	0.066958	0.339602	0.023732	0.252319	0.011567	0.043079	0.032495	0.511410	0.149131	0.252319	0.011567	0.043079	0.032495	0.511410	0.149131	0.269102	0.298630	0.031889	0.123577	0.050886	0.225916	0.252319	0.011567	0.043079	0.032495	0.511410	0.149131	1,2,1,3,4,5	71.354689	0.951956	0.395332	0.951956	0.771460	0.490053	1.701787	
157000	-113588	1,2,3,4,4,1	71.354689	5.361423	6.047385	5.517182	4.632392	4.632392	5.361423	1,1,2,3,2,4	71.354689	0.463343	0.254249	0.279794	0.002614	0.463343	0.254249	0.279794	0.002614	0.392848	0.340993	0.068725	0.197434	0.231743	0.332204	0.033243	0.402810	0.392848	0.340993	0.068725	0.197434	0.046110	0.226136	0.549920	0.177834	1,1,2,3,4,2	71.354689	0.003275	0.369587	0.455664	0.039963	0.031324	0.100187	0.003275	0.369587	0.455664	0.039963	0.031324	0.100187	0.341571	0.033406	0.120948	0.061509	0.233979	0.208587	0.034838	0.215875	0.053678	0.125814	0.456524	0.113271	0.023762	0.146706	0.077303	0.279014	0.092935	0.380280	0.341571	0.033406	0.120948	0.061509	0.233979	0.208587	1,2,1,3,2,4	71.354689	1.009329	0.395902	1.009329	0.909629	0.395902	1.330926	
158000	-113199	1,2,3,2,4,5	71.354689	5.926345	4.463116	5.358519	4.463116	5.264559	5.599746	1,2,3,4,5,5	71.354689	0.488623	0.196816	0.265632	0.048929	0.452692	0.417607	0.111006	0.018695	0.511952	0.344376	0.027893	0.115779	0.147258	0.234166	0.297203	0.321373	0.273649	0.070411	0.347399	0.308541	0.273649	0.070411	0.347399	0.308541	1,1,2,3,4,2	71.354689	0.006667	0.560649	0.268402	0.050838	0.065780	0.047663	0.006667	0.560649	0.268402	0.050838	0.065780	0.047663	0.192796	0.065031	0.152657	0.084262	0.315457	0.189797	0.176029	0.125467	0.071241	0.121737	0.422040	0.083485	0.222963	0.306185	0.141541	0.221406	0.048615	0.059290	0.192796	0.065031	0.152657	0.084262	0.315457	0.189797	1,2,1,3,4,5	71.354689	1.022047	0.435498	1.022047	0.664664	0.517208	1.648609	
159000	-112218	1,2,3,4,5,6	71.354689	6.038339	5.704654	5.329517	5.740996	5.048313	5.867192	1,1,2,3,4,5	71.354689	0.446433	0.165258	0.328478	0.059831	0.446433	0.165258	0.328478	0.059831	0.384741	0.460427	0.058261	0.096572	0.208261	0.282085	0.083841	0.425813	0.265259	0.351239	0.216518	0.166985	0.203278	0.063971	0.582595	0.150156	1,1,2,3,4,2	71.354689	0.003282	0.553134	0.221220	0.040540	0.078739	0.103084	0.003282	0.553134	0.221220	0.040540	0.078739	0.103084	0.327970	0.003909	0.074874	0.054367	0.179066	0.359813	0.247662	0.016678	0.190985	0.052596	0.449927	0.042152	0.103745	0.377560	0.220454	0.052289	0.114860	0.131092	0.327970	0.003909	0.074874	0.054367	0.179066	0.359813	1,2,3,4,5,6	71.354689	0.982592	0.434703	0.947133	0.642143	0.505416	1.894634	
160000	-113489	1,2,3,4,5,6	71.354689	5.352825	6.257272	5.140096	4.811522	6.033733	5.931629	1,1,2,3,4,4	71.354689	0.485375	0.209880	0.287106	0.017639	0.485375	0.209880	0.287106	0.017639	0.407262	0.310011	0.095934	0.186793	0.046467	0.109197	0.318178	0.526157	0.341457	0.065266	0.305456	0.287821	0.341457	0.065266	0.305456	0.287821	1,1,2,3,4,2	71.354689	0.000507	0.275002	0.067982	0.038245	0.252929	0.365335	0.000507	0.275002	0.067982	0.038245	0.252929	0.365335	0.275578	0.006580	0.070080	0.145521	0.192298	0.309943	0.196953	0.513075	0.048984	0.071308	0.108535	0.061146	0.325798	0.344878	0.100495	0.020916	0.057323	0.150590	0.275578	0.006580	0.070080	0.145521	0.192298	0.309943	1,2,3,4,5,6	71.354689	0.885476	0.397361	1.037627	0.662230	0.518503	1.509828	
161000	-114442	1,2,3,3,1,4	71.354689	5.577815	6.909645	5.076748	5.076748	5.577815	5.526797	1,2,3,4,1,5	71.354689	0.433358	0.151752	0.270078	0.144812	0.445214	0.163477	0.359816	0.031493	0.520391	0.245018	0.169891	0.064700	0.020384	0.327820	0.184235	0.467561	0.433358	0.151752	0.270078	0.144812	0.096470	0.145757	0.467134	0.290639	1,1,2,2,3,4	71.354689	0.006399	0.631158	0.315193	0.015171	0.009805	0.022274	0.006399	0.631158	0.315193	0.015171	0.009805	0.022274	0.360847	0.168640	0.182894	0.020526	0.224160	0.042933	0.360847	0.168640	0.182894	0.020526	0.224160	0.042933	0.091850	0.144426	0.253925	0.163768	0.098797	0.247234	0.250044	0.014428	0.355982	0.017632	0.081980	0.279932	1,2,3,4,2,5	71.354689	0.982450	0.463105	1.112368	0.681675	0.463105	1.773173	
162000	-113678	1,2,3,2,2,4	71.354689	5.285939	4.133196	4.863189	4.133196	4.133196	5.919138	1,2,3,4,4,5	71.354689	0.371401	0.186879	0.314345	0.127375	0.678213	0.160806	0.105432	0.055549	0.169250	0.617151	0.059302	0.154297	0.195165	0.081713	0.248276	0.474846	0.195165	0.081713	0.248276	0.474846	0.249547	0.079681	0.522506	0.148266	1,1,2,3,4,2	71.354689	0.000700	0.453301	0.109111	0.285398	0.136132	0.015359	0.000700	0.453301	0.109111	0.285398	0.136132	0.015359	0.332759	0.003300	0.108760	0.110924	0.248726	0.195531	0.032922	0.227618	0.086465	0.125090	0.432783	0.095121	0.124380	0.334544	0.058287	0.269318	0.140286	0.073184	0.332759	0.003300	0.108760	0.110924	0.248726	0.195531	1,2,3,4,5,6	71.354689	1.014690	0.400099	1.164398	0.628353	0.446916	1.981896	
163000	-112549	1,2,3,3,3,4	71.354689	5.183629	5.735387	4.796240	4.796240	4.796240	6.464728	1,1,2,3,4,5	71.354689	0.474157	0.265260	0.238464	0.022120	0.474157	0.265260	0.238464	0.022120	0.482437	0.327248	0.138605	0.051711	0.003087	0.292525	0.140404	0.563984	0.412642	0.155834	0.110459	0.321066	0.293999	0.057455	0.381712	0.266834	1,1,2,3,4,5	71.354689	0.006345	0.367959	0.247824	0.032738	0.162202	0.182932	0.006345	0.367959	0.247824	0.032738	0.162202	0.182932	0.381815	0.097515	0.096427	0.227875	0.159510	0.036858	0.053938	0.107523	0.292411	0.128862	0.386569	0.030697	0.130646	0.259327	0.061475	0.271712	0.032818	0.244022	0.170759	0.011199	0.077064	0.230056	0.190083	0.320838	1,2,3,2,4,5	71.354689	1.118206	0.458257	1.016695	0.458257	0.464407	1.915517	
164000	-113037	1,2,3,1,4,5	71.354689	5.176124	6.474018	5.281156	5.176124	6.015401	5.969251	1,1,2,3,2,4	71.354689	0.640072	0.115042	0.233632	0.011254	0.640072	0.115042	0.233632	0.011254	0.328738	0.322570	0.145787	0.202906	0.132467	0.181654	0.292191	0.393688	0.328738	0.322570	0.145787	0.202906	0.155282	0.049686	0.606363	0.188668	1,1,2,3,1,2	71.354689	0.005228	0.295522	0.195394	0.044911	0.119911	0.339034	0.005228	0.295522	0.195394	0.044911	0.119911	0.339034	0.346602	0.006555	0.138184	0.105759	0.251623	0.151276	0.189231	0.309669	0.285063	0.056033	0.153764	0.006240	0.005228	0.295522	0.195394	0.044911	0.119911	0.339034	0.346602	0.006555	0.138184	0.105759	0.251623	0.151276	1,2,3,4,5,1	71.354689	1.308027	0.519548	1.041837	0.695234	0.510923	1.308027	
165000	-112629	1,2,3,4,1,5	71.354689	5.059179	6.030309	5.207025	4.971571	5.059179	6.188784	1,2,3,4,5,6	71.354689	0.247034	0.179712	0.528130	0.045124	0.609629	0.161268	0.146531	0.082572	0.178146	0.590235	0.126048	0.105570	0.209036	0.237935	0.147960	0.405069	0.542730	0.169416	0.073355	0.214499	0.227205	0.101473	0.449408	0.221913	1,2,3,4,5,3	71.354689	0.004393	0.408072	0.295270	0.033805	0.247283	0.011178	0.045965	0.622652	0.094132	0.052703	0.014945	0.169602	0.347356	0.016308	0.160189	0.097612	0.193528	0.185007	0.180002	0.193429	0.152447	0.104309	0.352153	0.017659	0.041331	0.376210	0.116597	0.330612	0.057627	0.077623	0.347356	0.016308	0.160189	0.097612	0.193528	0.185007	1,2,1,3,4,5	71.354689	1.101320	0.469073	1.101320	0.622668	0.629732	1.632514	
166000	-112589	1,2,3,4,5,6	71.354689	5.386378	5.815051	5.507794	4.811422	5.777870	6.578812	1,1,2,3,4,5	71.354689	0.508074	0.129361	0.259469	0.103096	0.508074	0.129361	0.259469	0.103096	0.250763	0.453561	0.113661	0.182015	0.111398	0.150671	0.393493	0.344438	0.236974	0.270855	0.123377	0.368794	0.188992	0.139449	0.433996	0.237563	1,1,2,3,4,2	71.354689	0.001821	0.575402	0.036811	0.169443	0.106496	0.110026	0.001821	0.575402	0.036811	0.169443	0.106496	0.110026	0.399993	0.003006	0.076096	0.090849	0.149257	0.280799	0.025322	0.142146	0.067355	0.135148	0.580703	0.049326	0.065883	0.261245	0.134868	0.325165	0.095356	0.117484	0.399993	0.003006	0.076096	0.090849	0.149257	0.280799	1,2,1,3,3,4	71.354689	0.991027	0.359919	0.991027	0.645804	0.645804	1.305702	
167000	-113037	1,2,2,3,4,5	71.354689	5.875996	5.005010	5.005010	5.594378	5.017142	5.834145	1,2,3,4,2,1	71.354689	0.428816	0.103506	0.320156	0.147523	0.585909	0.110612	0.179224	0.124255	0.180615	0.580452	0.078066	0.160868	0.018487	0.367280	0.021298	0.592935	0.585909	0.110612	0.179224	0.124255	0.428816	0.103506	0.320156	0.147523	1,2,3,3,4,3	71.354689	0.122455	0.577928	0.188719	0.020754	0.006296	0.083847	0.030650	0.372008	0.182726	0.124192	0.182923	0.107502	0.334131	0.011320	0.205809	0.018802	0.158999	0.270938	0.334131	0.011320	0.205809	0.018802	0.158999	0.270938	0.164818	0.169105	0.064812	0.190836	0.239921	0.170508	0.334131	0.011320	0.205809	0.018802	0.158999	0.270938	1,2,3,4,4,5	71.354689	1.048685	0.354665	0.976983	0.468882	0.468882	1.834624	
168000	-115751	1,1,2,3,4,5	71.354689	5.454908	5.454908	5.341403	5.220956	6.944795	6.426805	1,2,3,4,5,6	71.354689	0.488005	0.217596	0.269650	0.024750	0.660004	0.150788	0.173219	0.015989	0.236588	0.179935	0.242157	0.341320	0.160042	0.275274	0.178439	0.386245	0.230453	0.135382	0.225872	0.408293	0.319161	0.046410	0.426925	0.207503	1,1,2,3,4,5	71.354689	0.001300	0.249720	0.187451	0.048517	0.236330	0.276682	0.001300	0.249720	0.187451	0.048517	0.236330	0.276682	0.117319	0.020783	0.027728	0.001130	0.541110	0.291930	0.101793	0.054658	0.102395	0.249268	0.423206	0.068680	0.127721	0.410436	0.102931	0.046164	0.064403	0.248344	0.265805	0.007631	0.221845	0.023285	0.148026	0.333409	1,2,1,3,4,5	71.354689	1.118262	0.325696	1.118262	0.498546	0.485233	1.885757	
169000	-112668	1,2,3,2,2,4	71.354689	5.514962	4.987162	5.585562	4.987162	4.987162	6.195027	1,2,3,4,3,1	71.354689	0.340325	0.131729	0.399479	0.128466	0.586833	0.258545	0.086601	0.068022	0.319911	0.414487	0.082398	0.183205	0.032089	0.101898	0.361276	0.504737	0.319911	0.414487	0.082398	0.183205	0.340325	0.131729	0.399479	0.128466	1,1,2,3,1,2	71.354689	0.022323	0.477784	0.107640	0.044904	0.020781	0.326567	0.022323	0.477784	0.107640	0.044904	0.020781	0.326567	0.346508	0.000788	0.092603	0.085149	0.189169	0.285784	0.004231	0.118316	0.479529	0.088419	0.280109	0.029395	0.022323	0.477784	0.107640	0.044904	0.020781	0.326567	0.346508	0.000788	0.092603	0.085149	0.189169	0.285784	1,2,3,4,2,5	71.354689	1.009539	0.456751	0.996969	0.754686	0.456751	1.568936	
170000	-113163	1,2,3,4,5,6	71.354689	6.120014	6.406650	5.099490	5.300008	5.448900	6.276916	1,1,2,3,4,5	71.354689	0.608299	0.099182	0.253567	0.038952	0.608299	0.099182	0.253567	0.038952	0.282347	0.436459	0.203720	0.077474	0.039806	0.137497	0.014746	0.807951	0.398269	0.087331	0.141461	0.372939	0.349840	0.025878	0.422020	0.202262	1,1,2,2,3,4	71.354689	0.024237	0.450674	0.174762	0.089194	0.067621	0.193512	0.024237	0.450674	0.174762	0.089194	0.067621	0.193512	0.175090	0.197174	0.228226	0.038062	0.258523	0.102925	0.175090	0.197174	0.228226	0.038062	0.258523	0.102925	0.125919	0.167080	0.057240	0.182102	0.173171	0.294489	0.094657	0.055353	0.068436	0.229676	0.026348	0.525530	1,2,3,4,2,5	71.354689	1.209185	0.404981	1.060453	0.631165	0.404981	1.675889	
171000	-112411	1,2,3,1,1,4	71.354689	4.186340	5.129532	6.007025	4.186340	4.186340	5.921059	1,1,2,3,4,5	71.354689	0.440272	0.346716	0.197412	0.015600	0.440272	0.346716	0.197412	0.015600	0.344093	0.461126	0.049349	0.145433	0.204330	0.259104	0.154409	0.382157	0.254418	0.056471	0.276602	0.412509	0.173156	0.101646	0.553145	0.172053	1,1,2,3,4,2	71.354689	0.001620	0.290663	0.246234	0.019726	0.200461	0.241296	0.001620	0.290663	0.246234	0.019726	0.200461	0.241296	0.326364	0.018252	0.119212	0.049794	0.176704	0.309674	0.261680	0.172589	0.069846	0.072886	0.413893	0.009105	0.423245	0.033312	0.130756	0.103839	0.163151	0.145696	0.326364	0.018252	0.119212	0.049794	0.176704	0.309674	1,2,3,4,4,3	71.354689	1.151455	0.344835	1.177773	0.527433	0.527433	1.177773	
172000	-113682	1,2,3,4,4,5	71.354689	5.448176	5.228208	6.114384	4.270671	4.270671	6.481342	1,2,3,4,5,1	71.354689	0.294242	0.128152	0.388027	0.189579	0.566946	0.268765	0.152044	0.012245	0.337035	0.589617	0.017991	0.055358	0.057906	0.587151	0.000364	0.354578	0.306824	0.173762	0.260142	0.259272	0.294242	0.128152	0.388027	0.189579	1,1,2,3,3,2	71.354689	0.017903	0.682390	0.136157	0.077423	0.060099	0.026027	0.017903	0.682390	0.136157	0.077423	0.060099	0.026027	0.388080	0.016418	0.051158	0.124470	0.235216	0.184659	0.184783	0.217139	0.247206	0.165305	0.131734	0.053833	0.184783	0.217139	0.247206	0.165305	0.131734	0.053833	0.388080	0.016418	0.051158	0.124470	0.235216	0.184659	1,2,3,4,5,6	71.354689	1.244776	0.322555	0.938653	0.645227	0.386977	2.084492	
173000	-113906	1,2,3,2,1,4	71.354689	5.292435	4.388062	5.431555	4.388062	5.292435	7.118585	1,2,3,4,4,5	71.354689	0.663945	0.022643	0.202280	0.111132	0.346981	0.379324	0.226748	0.046947	0.314187	0.434139	0.084637	0.167038	0.307176	0.269728	0.083596	0.339500	0.307176	0.269728	0.083596	0.339500	0.081072	0.017046	0.558257	0.343626	1,1,2,3,4,2	71.354689	0.006605	0.462290	0.168413	0.104222	0.148977	0.109493	0.006605	0.462290	0.168413	0.104222	0.148977	0.109493	0.361087	0.011339	0.101137	0.117744	0.185196	0.223497	0.255427	0.052383	0.110610	0.080742	0.400045	0.100793	0.035891	0.149827	0.082328	0.315421	0.047857	0.368677	0.361087	0.011339	0.101137	0.117744	0.185196	0.223497	1,2,1,3,2,4	71.354689	0.959102	0.444050	0.959102	0.745390	0.444050	1.464860	
174000	-112357	1,2,3,2,4,5	71.354689	5.925344	4.909649	5.769382	4.909649	5.203148	5.459286	1,2,3,4,5,1	71.354689	0.319739	0.069935	0.471154	0.139171	0.497843	0.336210	0.153035	0.012912	0.422016	0.379978	0.016299	0.181706	0.314649	0.239367	0.068010	0.377973	0.286630	0.144081	0.159302	0.409987	0.319739	0.069935	0.471154	0.139171	1,1,2,3,4,2	71.354689	0.007617	0.482930	0.109777	0.062631	0.090929	0.246116	0.007617	0.482930	0.109777	0.062631	0.090929	0.246116	0.225701	0.008296	0.133758	0.060993	0.283036	0.288216	0.286015	0.058628	0.098205	0.127191	0.391524	0.038436	0.147588	0.261258	0.212015	0.054185	0.145836	0.179118	0.225701	0.008296	0.133758	0.060993	0.283036	0.288216	1,2,1,3,4,5	71.354689	1.053421	0.394651	1.053421	0.740353	0.534253	1.264634	
175000	-111727	1,2,3,3,3,4	71.354689	5.846639	6.563789	4.991366	4.991366	4.991366	5.675749	1,2,3,4,5,6	71.354689	0.364429	0.120033	0.502102	0.013436	0.632514	0.162158	0.181145	0.024184	0.464883	0.294266	0.027537	0.213313	0.177241	0.221518	0.071164	0.530077	0.350855	0.152560	0.324926	0.171659	0.344683	0.114334	0.329646	0.211336	1,1,2,3,4,2	71.354689	0.003306	0.329097	0.453762	0.045353	0.050044	0.118437	0.003306	0.329097	0.453762	0.045353	0.050044	0.118437	0.183705	0.016783	0.091019	0.170782	0.222353	0.315358	0.059673	0.431578	0.129034	0.073725	0.260583	0.045407	0.127129	0.151752	0.100537	0.253553	0.107176	0.259854	0.183705	0.016783	0.091019	0.170782	0.222353	0.315358	1,2,3,4,5,6	71.354689	1.028134	0.450353	1.093463	0.593120	0.581188	2.009339	
176000	-113229	1,2,3,4,4,5	71.354689	5.279965	5.970447	5.579751	4.984487	4.984487	6.124349	1,2,3,4,3,5	71.354689	0.326614	0.340052	0.269828	0.063505	0.496101	0.257322	0.218950	0.027627	0.268658	0.343712	0.121720	0.265909	0.044404	0.231930	0.419153	0.304513	0.268658	0.343712	0.121720	0.265909	0.300765	0.095726	0.225294	0.378215	1,1,2,3,4,2	71.354689	0.028300	0.620642	0.119515	0.053769	0.060054	0.117720	0.028300	0.620642	0.119515	0.053769	0.060054	0.117720	0.422307	0.000653	0.043104	0.260159	0.141598	0.132179	0.130792	0.168596	0.347499	0.031114	0.264064	0.057935	0.065377	0.425505	0.216743	0.067341	0.088304	0.136731	0.422307	0.000653	0.043104	0.260159	0.141598	0.132179	1,2,3,4,5,6	71.354689	1.229518	0.380540	1.028223	0.707541	0.481858	1.469118	
177000	-114340	1,2,3,4,5,6	71.354689	5.524612	6.356255	5.249814	4.598559	5.442873	5.641649	1,1,2,3,4,4	71.354689	0.612101	0.095380	0.215012	0.077506	0.612101	0.095380	0.215012	0.077506	0.288556	0.444390	0.184183	0.082872	0.400351	0.300360	0.017318	0.281971	0.428280	0.155844	0.267064	0.148812	0.428280	0.155844	0.267064	0.148812	1,1,2,3,4,2	71.354689	0.008808	0.446172	0.201518	0.033284	0.094639	0.215579	0.008808	0.446172	0.201518	0.033284	0.094639	0.215579	0.221899	0.063049	0.156824	0.065705	0.243338	0.249185	0.037922	0.219164	0.012241	0.026917	0.269967	0.433789	0.075956	0.207242	0.291296	0.154121	0.099547	0.171838	0.221899	0.063049	0.156824	0.065705	0.243338	0.249185	1,2,3,2,4,5	71.354689	1.133098	0.470978	1.009065	0.470978	0.484091	2.565009	
178000	-112894	1,2,3,1,1,4	71.354689	5.340792	4.491236	5.173697	5.340792	5.340792	6.761921	1,2,3,4,5,6	71.354689	0.625303	0.096736	0.230962	0.046998	0.528880	0.259628	0.135334	0.076158	0.355083	0.320659	0.140242	0.184016	0.094059	0.225624	0.068131	0.612185	0.389572	0.096982	0.121683	0.391762	0.353931	0.179549	0.297354	0.169167	1,1,2,3,3,4	71.354689	0.019932	0.539368	0.129272	0.080750	0.112062	0.118617	0.019932	0.539368	0.129272	0.080750	0.112062	0.118617	0.422300	0.025609	0.095896	0.017580	0.422751	0.015865	0.287947	0.250197	0.087757	0.038773	0.234620	0.100707	0.287947	0.250197	0.087757	0.038773	0.234620	0.100707	0.025278	0.025098	0.006415	0.077109	0.345425	0.520675	1,2,3,2,4,5	71.354689	1.206690	0.574300	1.202497	0.574300	0.493063	1.093408	
179000	-112918	1,2,3,2,4,3	71.354689	4.966167	4.510605	5.168753	4.510605	5.255165	5.168753	1,1,2,3,4,4	71.354689	0.390961	0.315041	0.263728	0.030269	0.390961	0.315041	0.263728	0.030269	0.535025	0.339678	0.060698	0.064599	0.058666	0.127738	0.128902	0.684695	0.367830	0.153327	0.254466	0.224378	0.367830	0.153327	0.254466	0.224378	1,1,2,3,4,5	71.354689	0.012771	0.365985	0.334631	0.025881	0.135451	0.125281	0.012771	0.365985	0.334631	0.025881	0.135451	0.125281	0.380013	0.089020	0.250046	0.016463	0.214399	0.050059	0.269894	0.391210	0.008907	0.005309	0.320803	0.003878	0.251942	0.120103	0.253268	0.180473	0.023020	0.171194	0.309569	0.001226	0.083304	0.092953	0.113477	0.399471	1,2,3,4,5,3	71.354689	1.351885	0.471652	1.306928	0.524215	0.491366	1.306928	
180000	-114535	1,2,2,2,3,3	71.354689	5.952819	4.556252	4.556252	4.556252	5.123804	5.123804	1,2,2,3,4,1	71.354689	0.426899	0.039183	0.344707	0.189212	0.311978	0.195109	0.253893	0.239019	0.311978	0.195109	0.253893	0.239019	0.166681	0.511294	0.092120	0.229905	0.515698	0.116699	0.217259	0.150344	0.426899	0.039183	0.344707	0.189212	1,1,2,2,3,2	71.354689	0.048569	0.520812	0.033129	0.229298	0.103032	0.065160	0.048569	0.520812	0.033129	0.229298	0.103032	0.065160	0.382928	0.007722	0.075403	0.105876	0.292918	0.135152	0.382928	0.007722	0.075403	0.105876	0.292918	0.135152	0.107226	0.167846	0.109449	0.240063	0.091606	0.283811	0.382928	0.007722	0.075403	0.105876	0.292918	0.135152	1,2,3,4,5,6	71.354689	1.050888	0.597993	1.178100	0.599661	0.395123	1.919435	
181000	-112710	1,2,1,3,2,4	71.354689	5.485406	5.097593	5.485406	6.126425	5.097593	6.283696	1,1,2,3,2,4	71.354689	0.369416	0.231654	0.315018	0.083912	0.369416	0.231654	0.315018	0.083912	0.317745	0.313730	0.107754	0.260771	0.008562	0.147735	0.053648	0.790054	0.317745	0.313730	0.107754	0.260771	0.172063	0.179850	0.455521	0.192566	1,1,2,2,3,2	71.354689	0.018506	0.511209	0.120970	0.041312	0.117148	0.190855	0.018506	0.511209	0.120970	0.041312	0.117148	0.190855	0.342960	0.052608	0.080775	0.003864	0.172082	0.347712	0.342960	0.052608	0.080775	0.003864	0.172082	0.347712	0.122585	0.291697	0.114283	0.113307	0.022609	0.335518	0.342960	0.052608	0.080775	0.003864	0.172082	0.347712	1,2,3,4,2,5	71.354689	1.115924	0.416999	0.997004	0.763384	0.416999	1.582730	
182000	-112907	1,2,3,4,5,6	71.354689	5.581767	6.165732	5.635070	5.063873	5.669990	5.794220	1,1,2,3,4,5	71.354689	0.520916	0.198464	0.250214	0.030405	0.520916	0.198464	0.250214	0.030405	0.242627	0.452089	0.019414	0.285869	0.047073	0.091892	0.111604	0.749430	0.320274	0.187255	0.143911	0.348559	0.186999	0.149453	0.513286	0.150263	1,1,2,3,4,4	71.354689	0.009954	0.422356	0.258962	0.046154	0.170897	0.091677	0.009954	0.422356	0.258962	0.046154	0.170897	0.091677	0.310982	0.034674	0.007623	0.054910	0.202025	0.389785	0.039469	0.173882	0.180497	0.057751	0.457961	0.090440	0.240681	0.107999	0.076755	0.250715	0.036252	0.287598	0.240681	0.107999	0.076755	0.250715	0.036252	0.287598	1,2,3,4,5,6	71.354689	1.132966	0.352470	1.111734	0.486133	0.448414	1.848116	
183000	-113715	1,2,3,2,2,4	71.354689	5.890607	4.125078	5.111452	4.125078	4.125078	5.898204	1,2,2,3,4,4	71.354689	0.512422	0.021511	0.447972	0.018096	0.306135	0.276458	0.245502	0.171905	0.306135	0.276458	0.245502	0.171905	0.161421	0.411045	0.095566	0.331968	0.291161	0.064460	0.414955	0.229424	0.291161	0.064460	0.414955	0.229424	1,2,3,1,1,3	71.354689	0.136148	0.134787	0.124979	0.122621	0.375239	0.106226	0.140590	0.553633	0.122067	0.042060	0.108161	0.033488	0.384138	0.013106	0.093982	0.061724	0.266247	0.180802	0.136148	0.134787	0.124979	0.122621	0.375239	0.106226	0.136148	0.134787	0.124979	0.122621	0.375239	0.106226	0.384138	0.013106	0.093982	0.061724	0.266247	0.180802	1,2,3,4,4,5	71.354689	0.851134	0.451919	1.009188	0.589973	0.589973	1.294258	
184000	-111511	1,2,3,4,5,6	71.354689	5.285795	5.410547	7.070416	5.021379	6.551876	6.277737	1,1,2,3,4,5	71.354689	0.466083	0.251644	0.244460	0.037813	0.466083	0.251644	0.244460	0.037813	0.365583	0.492214	0.046715	0.095488	0.113697	0.337840	0.022273	0.526190	0.462071	0.108698	0.142420	0.286811	0.138843	0.118570	0.544811	0.197775	1,1,2,3,4,2	71.354689	0.005249	0.353167	0.248407	0.064836	0.243839	0.084502	0.005249	0.353167	0.248407	0.064836	0.243839	0.084502	0.533441	0.008871	0.074708	0.085513	0.178126	0.119340	0.094229	0.030917	0.181892	0.157983	0.412605	0.122374	0.120385	0.424547	0.092080	0.105809	0.066220	0.190958	0.533441	0.008871	0.074708	0.085513	0.178126	0.119340	1,2,3,4,4,5	71.354689	1.197509	0.356362	0.899160	0.539212	0.539212	1.669910	
185000	-112656	1,2,3,1,4,5	71.354689	5.262861	5.839902	5.504200	5.262861	5.522719	5.439742	1,1,2,3,4,5	71.354689	0.449001	0.282787	0.247904	0.020308	0.449001	0.282787	0.247904	0.020308	0.377726	0.499635	0.004212	0.118427	0.328064	0.120988	0.089354	0.461594	0.252968	0.129506	0.170203	0.447322	0.320195	0.225177	0.268614	0.186015	1,1,2,3,4,5	71.354689	0.005263	0.394462	0.215693	0.029330	0.067445	0.287807	0.005263	0.394462	0.215693	0.029330	0.067445	0.287807	0.178469	0.024221	0.113462	0.208837	0.139585	0.335427	0.058054	0.191920	0.005795	0.492306	0.176337	0.075587	0.213284	0.412031	0.064053	0.144747	0.038770	0.127115	0.137055	0.026999	0.207745	0.061902	0.131792	0.434508	1,2,1,3,2,4	71.354689	1.068158	0.446754	1.068158	0.528203	0.446754	1.494886	
186000	-112940	1,1,1,1,2,3	71.354689	4.668763	4.668763	4.668763	4.668763	5.226595	5.560623	1,1,2,3,4,5	71.354689	0.389485	0.387172	0.191739	0.031604	0.389485	0.387172	0.191739	0.031604	0.257212	0.199234	0.064454	0.479100	0.040874	0.174986	0.123871	0.660269	0.374307	0.135793	0.288846	0.201053	0.384076	0.089761	0.419606	0.106558	1,1,2,3,3,2	71.354689	0.004258	0.491043	0.280029	0.021415	0.149703	0.053554	0.004258	0.491043	0.280029	0.021415	0.149703	0.053554	0.383717	0.000097	0.115567	0.079524	0.158450	0.262646	0.262997	0.060532	0.219335	0.209808	0.172695	0.074632	0.262997	0.060532	0.219335	0.209808	0.172695	0.074632	0.383717	0.000097	0.115567	0.079524	0.158450	0.262646	1,2,3,4,2,1	71.354689	1.324535	0.532580	1.157546	0.549720	0.532580	1.324535	
187000	-114634	1,2,3,2,3,3	71.354689	6.408601	4.254834	4.630835	4.254834	4.630835	4.630835	1,2,3,3,2,4	71.354689	0.310230	0.396649	0.286577	0.006543	0.471912	0.202525	0.106960	0.218602	0.224391	0.377395	0.208905	0.189309	0.224391	0.377395	0.208905	0.189309	0.471912	0.202525	0.106960	0.218602	0.076536	0.039931	0.602316	0.281217	1,1,2,3,4,2	71.354689	0.019399	0.682271	0.100823	0.048377	0.117986	0.031145	0.019399	0.682271	0.100823	0.048377	0.117986	0.031145	0.392972	0.000967	0.084003	0.049808	0.314846	0.157404	0.083438	0.134436	0.117363	0.177168	0.377033	0.110562	0.145921	0.390474	0.091771	0.066098	0.199999	0.105737	0.392972	0.000967	0.084003	0.049808	0.314846	0.157404	1,2,1,3,4,5	71.354689	0.871574	0.454283	0.871574	0.487640	0.457186	1.239426	
188000	-113649	1,2,3,4,5,6	71.354689	5.458397	5.647014	5.807141	5.138371	6.381757	5.718674	1,1,2,3,2,4	71.354689	0.525635	0.205353	0.247046	0.021966	0.525635	0.205353	0.247046	0.021966	0.497792	0.155336	0.123360	0.223512	0.248409	0.167862	0.055018	0.528711	0.497792	0.155336	0.123360	0.223512	0.178395	0.285176	0.323459	0.212971	1,1,2,3,4,2	71.354689	0.017681	0.368228	0.195227	0.067424	0.038416	0.313024	0.017681	0.368228	0.195227	0.067424	0.038416	0.313024	0.155303	0.000531	0.158162	0.050268	0.179483	0.456253	0.265308	0.198052	0.068616	0.084119	0.290476	0.093429	0.158602	0.394454	0.031952	0.110748	0.096371	0.207873	0.155303	0.000531	0.158162	0.050268	0.179483	0.456253	1,2,1,3,4,5	71.354689	1.112398	0.463736	1.112398	0.534576	0.434198	2.062977	
189000	-113799	1,2,3,4,5,6	71.354689	5.691212	5.617661	5.463546	5.103356	5.643389	5.947460	1,2,3,4,5,6	71.354689	0.460436	0.245811	0.270567	0.023186	0.646802	0.206903	0.132452	0.013842	0.337909	0.381826	0.046413	0.233852	0.018253	0.108340	0.358687	0.514720	0.315754	0.078234	0.115051	0.490961	0.040858	0.021574	0.589440	0.348129	1,1,2,2,3,4	71.354689	0.012914	0.312077	0.064527	0.022664	0.206051	0.381768	0.012914	0.312077	0.064527	0.022664	0.206051	0.381768	0.258844	0.170814	0.235888	0.038279	0.249914	0.046261	0.258844	0.170814	0.235888	0.038279	0.249914	0.046261	0.061533	0.147608	0.144549	0.336449	0.048229	0.261632	0.556595	0.016745	0.032723	0.139208	0.224597	0.030131	1,2,3,4,2,3	71.354689	1.140102	0.447359	1.147235	0.604679	0.447359	1.147235	
190000	-112224	1,2,3,4,5,6	71.354689	5.922204	5.359214	5.767695	4.802128	5.824497	5.786642	1,2,3,4,5,6	71.354689	0.568207	0.083555	0.326922	0.021316	0.673507	0.143298	0.139365	0.043830	0.360472	0.398655	0.009814	0.231058	0.036932	0.458694	0.081875	0.422500	0.297956	0.216486	0.207947	0.277611	0.454128	0.192070	0.203011	0.150791	1,2,3,4,5,3	71.354689	0.008887	0.298598	0.384332	0.063832	0.005582	0.238768	0.045756	0.468980	0.169621	0.074136	0.117646	0.123861	0.292524	0.006744	0.042150	0.189193	0.105343	0.364046	0.249473	0.523484	0.088420	0.004610	0.130091	0.003921	0.100629	0.324381	0.098737	0.168919	0.032182	0.275152	0.292524	0.006744	0.042150	0.189193	0.105343	0.364046	1,2,1,3,2,4	71.354689	0.941195	0.372290	0.941195	0.642722	0.372290	1.388389	
191000	-116248	1,2,3,2,2,4	71.354689	5.594477	4.809310	5.103994	4.809310	4.809310	5.552959	1,2,3,4,5,1	71.354689	0.342535	0.083169	0.389123	0.185173	0.302540	0.390998	0.301133	0.005329	0.250979	0.613504	0.062691	0.072825	0.025631	0.314175	0.446443	0.213751	0.493239	0.050914	0.250694	0.205152	0.342535	0.083169	0.389123	0.185173	1,2,3,4,3,3	71.354689	0.046415	0.510509	0.026527	0.180066	0.173417	0.063067	0.015474	0.288431	0.015629	0.036399	0.505445	0.138622	0.278220	0.096468	0.092341	0.085683	0.178676	0.268612	0.049280	0.107598	0.525300	0.031466	0.179557	0.106800	0.278220	0.096468	0.092341	0.085683	0.178676	0.268612	0.278220	0.096468	0.092341	0.085683	0.178676	0.268612	1,2,1,3,4,5	71.354689	1.029484	0.422618	1.029484	0.600886	0.474502	1.036269	
192000	-112948	1,2,3,4,5,6	71.354689	5.999651	6.523293	5.324677	5.304733	5.270265	5.736201	1,2,3,4,3,5	71.354689	0.459295	0.220484	0.266268	0.053953	0.603890	0.180997	0.195022	0.020091	0.397864	0.306385	0.099561	0.196190	0.008500	0.175408	0.067398	0.748694	0.397864	0.306385	0.099561	0.196190	0.281497	0.149741	0.274051	0.294712	1,1,2,3,4,5	71.354689	0.008412	0.558064	0.265198	0.030422	0.131687	0.006217	0.008412	0.558064	0.265198	0.030422	0.131687	0.006217	0.264450	0.157324	0.022380	0.175873	0.354451	0.025522	0.314704	0.174411	0.212187	0.124652	0.168840	0.005206	0.143901	0.120802	0.311779	0.044519	0.090768	0.288231	0.186008	0.138557	0.072204	0.132971	0.214906	0.255354	1,2,1,3,2,1	71.354689	1.132615	0.434263	1.132615	0.540497	0.434263	1.132615	
193000	-113029	1,2,3,3,4,5	71.354689	6.348773	6.956264	4.639260	4.639260	7.190612	6.676673	1,1,2,2,3,4	71.354689	0.565858	0.108561	0.289402	0.036179	0.565858	0.108561	0.289402	0.036179	0.186020	0.392511	0.042463	0.379006	0.186020	0.392511	0.042463	0.379006	0.386665	0.346685	0.178446	0.088204	0.134128	0.132695	0.477609	0.255569	1,1,2,3,1,2	71.354689	0.008228	0.527174	0.138657	0.054082	0.058462	0.213397	0.008228	0.527174	0.138657	0.054082	0.058462	0.213397	0.351738	0.013840	0.099560	0.115799	0.083083	0.335979	0.112027	0.447716	0.036352	0.148912	0.187450	0.067543	0.008228	0.527174	0.138657	0.054082	0.058462	0.213397	0.351738	0.013840	0.099560	0.115799	0.083083	0.335979	1,2,3,4,5,6	71.354689	1.033031	0.377783	1.030231	0.685613	0.415945	1.346690	
194000	-113170	1,2,1,3,4,5	71.354689	5.105799	6.177481	5.105799	4.748232	5.271414	5.870888	1,1,2,3,2,4	71.354689	0.609830	0.142934	0.214419	0.032818	0.609830	0.142934	0.214419	0.032818	0.233441	0.363057	0.071375	0.332127	0.011823	0.053771	0.044830	0.889576	0.233441	0.363057	0.071375	0.332127	0.122852	0.140980	0.605274	0.130895	1,2,3,4,5,3	71.354689	0.013209	0.377505	0.215643	0.084790	0.167157	0.141696	0.023621	0.469156	0.053254	0.051538	0.091748	0.310683	0.456473	0.002527	0.060291	0.084671	0.172974	0.223063	0.549472	0.123750	0.057218	0.043796	0.161663	0.064101	0.018946	0.247572	0.049952	0.137540	0.087670	0.458321	0.456473	0.002527	0.060291	0.084671	0.172974	0.223063	1,2,3,4,5,6	71.354689	1.529969	0.359147	0.854445	0.474397	0.387875	1.667883	
195000	-112831	1,2,3,4,5,6	71.354689	5.202937	5.507345	5.193692	5.241527	5.435259	5.484704	1,1,2,3,2,4	71.354689	0.448627	0.254876	0.276033	0.020464	0.448627	0.254876	0.276033	0.020464	0.278157	0.257513	0.131933	0.332397	0.041976	0.384698	0.180419	0.392907	0.278157	0.257513	0.131933	0.332397	0.123763	0.172809	0.342641	0.360788	1,1,2,3,4,5	71.354689	0.004860	0.247009	0.213075	0.021322	0.322352	0.191383	0.004860	0.247009	0.213075	0.021322	0.322352	0.191383	0.401035	0.019999	0.066533	0.085082	0.210735	0.216615	0.026524	0.132177	0.431337	0.090030	0.276052	0.043879	0.163788	0.254342	0.089848	0.174693	0.247723	0.069606	0.326905	0.047453	0.092825	0.093975	0.107301	0.331541	1,2,3,4,5,6	71.354689	1.196724	0.384614	1.107039	0.665789	0.449539	1.389262	
196000	-113041	1,2,3,4,5,6	71.354689	5.626354	5.973828	5.331020	5.636701	7.071594	5.214026	1,1,2,3,4,1	71.354689	0.584023	0.096486	0.261573	0.057919	0.584023	0.096486	0.261573	0.057919	0.211333	0.464740	0.005010	0.318917	0.122211	0.396856	0.027078	0.453855	0.319455	0.197986	0.213758	0.268801	0.584023	0.096486	0.261573	0.057919	1,1,2,2,3,4	71.354689	0.012220	0.366640	0.168647	0.142560	0.272969	0.036964	0.012220	0.366640	0.168647	0.142560	0.272969	0.036964	0.355872	0.017644	0.059392	0.059935	0.211651	0.295505	0.355872	0.017644	0.059392	0.059935	0.211651	0.295505	0.070771	0.245005	0.059071	0.257515	0.043529	0.324108	0.108300	0.007031	0.026772	0.188870	0.063543	0.605484	1,2,3,4,5,6	71.354689	1.029641	0.401801	0.951722	0.615628	0.454656	1.283333	
197000	-111277	1,2,3,4,5,6	71.354689	5.592454	5.122571	5.680449	4.974276	5.041609	6.092576	1,1,2,3,2,4	71.354689	0.431599	0.233807	0.302633	0.031961	0.431599	0.233807	0.302633	0.031961	0.313652	0.359035	0.110288	0.217025	0.074026	0.409295	0.087556	0.429123	0.313652	0.359035	0.110288	0.217025	0.139605	0.046559	0.536753	0.277082	1,1,2,3,4,2	71.354689	0.026586	0.529860	0.184934	0.072807	0.060212	0.125602	0.026586	0.529860	0.184934	0.072807	0.060212	0.125602	0.442269	0.007060	0.064590	0.109712	0.230039	0.146329	0.151760	0.055694	0.306686	0.156987	0.272067	0.056806	0.098449	0.267747	0.196486	0.057281	0.042751	0.337285	0.442269	0.007060	0.064590	0.109712	0.230039	0.146329	1,2,3,4,5,6	71.354689	0.950927	0.459519	0.949646	0.496030	0.508027	1.365903	
198000	-114860	1,2,2,2,3,4	71.354689	5.010413	3.963576	3.963576	3.963576	6.018540	5.747465	1,1,2,3,2,4	71.354689	0.325239	0.392232	0.255473	0.027056	0.325239	0.392232	0.255473	0.027056	0.535967	0.126597	0.159622	0.177814	0.138705	0.105621	0.068185	0.687490	0.535967	0.126597	0.159622	0.177814	0.263343	0.045800	0.332863	0.357994	1,1,2,3,4,5	71.354689	0.016331	0.478417	0.217006	0.015044	0.208978	0.064224	0.016331	0.478417	0.217006	0.015044	0.208978	0.064224	0.589810	0.061085	0.045336	0.024300	0.109641	0.169829	0.037915	0.298556	0.073707	0.051338	0.519152	0.019331	0.044080	0.275225	0.174488	0.082176	0.097115	0.326916	0.098307	0.044514	0.094902	0.107330	0.501835	0.153112	1,2,1,3,4,5	71.354689	1.077448	0.443379	1.077448	0.497282	0.463014	1.900298	
199000	-112773	1,2,3,4,5,6	71.354689	5.816919	5.667253	5.508047	4.847455	5.218066	5.775325	1,1,2,3,4,4	71.354689	0.509913	0.116223	0.305205	0.068659	0.509913	0.116223	0.305205	0.068659	0.362235	0.252917	0.175023	0.209824	0.088896	0.197722	0.253702	0.459680	0.385815	0.102098	0.344369	0.167719	0.385815	0.102098	0.344369	0.167719	1,2,3,4,4,3	71.354689	0.008240	0.199387	0.213481	0.025967	0.366654	0.186271	0.062599	0.495310	0.174025	0.015968	0.123570	0.128528	0.262075	0.011000	0.059171	0.127691	0.233585	0.306478	0.092700	0.208149	0.197192	0.045867	0.355989	0.100103	0.092700	0.208149	0.197192	0.045867	0.355989	0.100103	0.262075	0.011000	0.059171	0.127691	0.233585	0.306478	1,2,1,3,4,5	71.354689	1.002597	0.540147	1.002597	0.573677	0.470666	2.110280	
200000	-112810	1,2,3,2,4,3	71.354689	5.945985	4.024749	5.593409	4.024749	6.415642	5.593409	1,2,2,3,4,1	71.354689	0.389867	0.112816	0.375590	0.121727	0.354197	0.429251	0.095427	0.121124	0.354197	0.429251	0.095427	0.121124	0.551339	0.167697	0.016769	0.264195	0.231433	0.395397	0.159833	0.213338	0.389867	0.112816	0.375590	0.121727	1,1,2,3,4,2	71.354689	0.007456	0.718188	0.117199	0.095112	0.023295	0.038750	0.007456	0.718188	0.117199	0.095112	0.023295	0.038750	0.209124	0.002506	0.099196	0.055707	0.258836	0.374630	0.066659	0.174161	0.005564	0.103981	0.315275	0.334361	0.061514	0.382838	0.087631	0.112034	0.040971	0.315011	0.209124	0.002506	0.099196	0.055707	0.258836	0.374630	1,2,3,4,4,5	71.354689	1.097604	0.442937	1.068143	0.461930	0.461930	1.174814	
201000	-112697	1,2,3,4,5,6	71.354689	5.360106	6.518352	6.330674	4.809529	5.675643	5.910083	1,1,2,3,4,5	71.354689	0.524047	0.206037	0.245230	0.024685	0.524047	0.206037	0.245230	0.024685	0.228700	0.459942	0.072339	0.239019	0.022370	0.148253	0.204067	0.625310	0.383000	0.191327	0.167677	0.257996	0.188615	0.207268	0.379023	0.225093	1,1,2,3,4,5	71.354689	0.002832	0.554154	0.270738	0.060706	0.074712	0.036857	0.002832	0.554154	0.270738	0.060706	0.074712	0.036857	0.255870	0.065495	0.035565	0.047401	0.473963	0.121706	0.089022	0.356816	0.171902	0.103737	0.149024	0.129498	0.174600	0.357815	0.135044	0.121559	0.063521	0.147461	0.294424	0.009537	0.196290	0.045644	0.116712	0.337393	1,2,3,4,5,6	71.354689	1.072959	0.341681	0.807810	0.634243	0.379736	1.779058	
202000	-114553	1,2,3,2,4,5	71.354689	6.095397	4.891964	5.228422	4.891964	6.190162	5.578304	1,2,3,4,2,5	71.354689	0.510757	0.092151	0.351084	0.046007	0.466461	0.132687	0.266915	0.133937	0.269078	0.505705	0.101752	0.123465	0.186837	0.525870	0.083863	0.203429	0.466461	0.132687	0.266915	0.133937	0.282726	0.247825	0.256809	0.212640	1,1,2,3,4,2	71.354689	0.051733	0.570336	0.171530	0.098938	0.026019	0.081445	0.051733	0.570336	0.171530	0.098938	0.026019	0.081445	0.278662	0.074233	0.110324	0.152310	0.123056	0.261414	0.102291	0.012355	0.180833	0.201033	0.446024	0.057465	0.106377	0.248623	0.162414	0.146027	0.198226	0.138333	0.278662	0.074233	0.110324	0.152310	0.123056	0.261414	1,2,1,2,3,4	71.354689	1.004893	0.536542	1.004893	0.536542	0.493275	2.130243	
203000	-113611	1,2,3,3,4,5	71.354689	5.947451	5.783814	4.455202	4.455202	7.160640	5.409212	1,2,3,4,2,5	71.354689	0.488555	0.154928	0.297563	0.058955	0.461754	0.177630	0.198521	0.162096	0.357006	0.411961	0.049269	0.181764	0.122352	0.476029	0.096424	0.305195	0.461754	0.177630	0.198521	0.162096	0.268862	0.023938	0.471418	0.235782	1,1,2,2,3,4	71.354689	0.008146	0.698355	0.116526	0.126753	0.032185	0.018034	0.008146	0.698355	0.116526	0.126753	0.032185	0.018034	0.506428	0.017448	0.024348	0.183803	0.229263	0.038711	0.506428	0.017448	0.024348	0.183803	0.229263	0.038711	0.064481	0.328768	0.040592	0.239500	0.165369	0.161290	0.217539	0.040432	0.139931	0.036103	0.323031	0.242963	1,2,3,4,4,5	71.354689	0.986717	0.390100	1.002957	0.491298	0.491298	1.306346	
204000	-113949	1,2,3,2,4,5	71.354689	5.421554	5.128560	5.115975	5.128560	5.410948	5.319210	1,1,2,3,4,4	71.354689	0.401432	0.264352	0.240115	0.094102	0.401432	0.264352	0.240115	0.094102	0.156513	0.412334	0.069137	0.362016	0.358722	0.234497	0.020851	0.385931	0.436236	0.066716	0.217293	0.279755	0.436236	0.066716	0.217293	0.279755	1,1,2,3,4,2	71.354689	0.004141	0.753200	0.067758	0.090909	0.036949	0.047041	0.004141	0.753200	0.067758	0.090909	0.036949	0.047041	0.232819	0.003935	0.097470	0.228677	0.250320	0.186779	0.025644	0.231420	0.074133	0.009434	0.511736	0.147632	0.299918	0.249902	0.272691	0.006002	0.064261	0.107226	0.232819	0.003935	0.097470	0.228677	0.250320	0.186779	1,2,3,4,2,5	71.354689	1.111187	0.433455	0.968722	0.534438	0.433455	1.763188	
205000	-114323	1,2,3,4,5,6	71.354689	5.852434	5.466613	5.198540	5.140281	5.837467	4.820218	1,1,2,3,2,4	71.354689	0.555151	0.119984	0.304347	0.020518	0.555151	0.119984	0.304347	0.020518	0.339831	0.313250	0.116324	0.230595	0.067494	0.216839	0.185000	0.530666	0.339831	0.313250	0.116324	0.230595	0.189163	0.521815	0.172874	0.116149	1,1,2,2,3,4	71.354689	0.023509	0.240749	0.204298	0.128370	0.299202	0.103872	0.023509	0.240749	0.204298	0.128370	0.299202	0.103872	0.452717	0.036575	0.155821	0.028834	0.222369	0.103683	0.452717	0.036575	0.155821	0.028834	0.222369	0.103683	0.043919	0.200323	0.060279	0.151090	0.010124	0.534266	0.168739	0.148161	0.274536	0.003079	0.107099	0.298385	1,2,3,4,5,6	71.354689	1.222829	0.358342	1.159615	0.606015	0.423567	1.544375	
206000	-113198	1,2,2,2,2,3	71.354689	5.479444	4.945322	4.945322	4.945322	4.945322	5.203058	1,2,2,3,4,5	71.354689	0.325782	0.296157	0.344459	0.033602	0.388088	0.285236	0.115900	0.210776	0.388088	0.285236	0.115900	0.210776	0.203041	0.255019	0.114218	0.427722	0.578742	0.097374	0.113600	0.210285	0.156919	0.227923	0.450351	0.164807	1,1,2,3,4,5	71.354689	0.005737	0.648048	0.026458	0.050222	0.134898	0.134637	0.005737	0.648048	0.026458	0.050222	0.134898	0.134637	0.206099	0.020343	0.051614	0.109674	0.382025	0.230245	0.225438	0.091004	0.021454	0.068510	0.560434	0.033160	0.177133	0.190063	0.115419	0.070222	0.214176	0.232987	0.151727	0.059470	0.343527	0.115180	0.006553	0.323543	1,2,3,4,5,6	71.354689	0.943245	0.332571	1.137877	0.645158	0.495264	1.958925	
207000	-112096	1,2,2,3,3,4	71.354689	5.819702	4.819256	4.819256	4.755320	4.755320	5.486629	1,2,3,4,5,6	71.354689	0.512414	0.101114	0.308666	0.077806	0.382943	0.310173	0.215541	0.091343	0.265731	0.546456	0.074570	0.113243	0.175584	0.164649	0.141963	0.517804	0.294020	0.307300	0.126594	0.272086	0.253291	0.121554	0.274874	0.350281	1,1,2,3,1,2	71.354689	0.035546	0.588070	0.125496	0.086802	0.050384	0.113702	0.035546	0.588070	0.125496	0.086802	0.050384	0.113702	0.217883	0.040588	0.157604	0.119726	0.214522	0.249676	0.126156	0.174292	0.142885	0.056101	0.495676	0.004891	0.035546	0.588070	0.125496	0.086802	0.050384	0.113702	0.217883	0.040588	0.157604	0.119726	0.214522	0.249676	1,2,3,4,2,5	71.354689	0.967172	0.400960	1.060365	0.638228	0.400960	1.161860	
208000	-112516	1,2,3,4,5,6	71.354689	5.592095	5.562199	5.161385	5.151226	6.300566	6.427932	1,1,2,3,4,5	71.354689	0.463593	0.216522	0.304673	0.015212	0.463593	0.216522	0.304673	0.015212	0.287804	0.497595	0.154674	0.059927	0.126292	0.441851	0.017453	0.414404	0.412876	0.072391	0.131146	0.383586	0.200145	0.121432	0.356847	0.321576	1,1,2,3,4,5	71.354689	0.004976	0.306857	0.316885	0.047335	0.161985	0.161962	0.004976	0.306857	0.316885	0.047335	0.161985	0.161962	0.374264	0.001420	0.050632	0.020679	0.182762	0.370243	0.151991	0.221423	0.033070	0.061712	0.266965	0.264839	0.287409	0.165546	0.099510	0.229606	0.090534	0.127395	0.158002	0.051884	0.061294	0.170631	0.250697	0.307492	1,2,1,3,2,4	71.354689	1.048853	0.384123	1.048853	0.648210	0.384123	1.632893	
209000	-113385	1,2,3,2,4,4	71.354689	5.658744	4.107237	6.005180	4.107237	5.323547	5.323547	1,1,2,2,3,4	71.354689	0.372289	0.147049	0.442754	0.037908	0.372289	0.147049	0.442754	0.037908	0.237979	0.215503	0.117989	0.428529	0.237979	0.215503	0.117989	0.428529	0.415976	0.210362	0.092098	0.281565	0.044975	0.156440	0.587400	0.211184	1,2,3,4,1,3	71.354689	0.085330	0.436512	0.144143	0.094570	0.060779	0.178666	0.045650	0.261740	0.078760	0.008953	0.446952	0.157945	0.419134	0.026212	0.065794	0.066561	0.172011	0.250288	0.054683	0.157182	0.127909	0.001351	0.574572	0.084301	0.085330	0.436512	0.144143	0.094570	0.060779	0.178666	0.419134	0.026212	0.065794	0.066561	0.172011	0.250288	1,2,3,4,5,6	71.354689	0.976135	0.367796	1.225852	0.515740	0.393319	1.479623	
210000	-113452	1,2,3,2,4,5	71.354689	5.869326	4.956883	5.706464	4.956883	6.284653	6.307657	1,1,2,3,4,5	71.354689	0.388337	0.242256	0.337576	0.031830	0.388337	0.242256	0.337576	0.031830	0.456852	0.320451	0.116114	0.106582	0.086244	0.364787	0.170123	0.378846	0.260980	0.260921	0.200089	0.278011	0.144368	0.153027	0.513652	0.188954	1,2,3,4,2,3	71.354689	0.001699	0.508360	0.160015	0.055986	0.176266	0.097674	0.004172	0.329921	0.103874	0.084826	0.201178	0.276029	0.320924	0.014785	0.050013	0.043114	0.294773	0.276391	0.083418	0.030654	0.045226	0.106204	0.713608	0.020891	0.004172	0.329921	0.103874	0.084826	0.201178	0.276029	0.320924	0.014785	0.050013	0.043114	0.294773	0.276391	1,2,3,2,2,1	71.354689	1.395349	0.479956	0.942933	0.479956	0.479956	1.395349	
211000	-113226	1,2,3,3,4,5	71.354689	6.509507	4.738716	4.202703	4.202703	5.973401	5.580744	1,1,2,3,4,5	71.354689	0.606756	0.164682	0.213869	0.014693	0.606756	0.164682	0.213869	0.014693	0.163476	0.385727	0.082425	0.368372	0.080039	0.267510	0.264949	0.387502	0.190794	0.228115	0.159033	0.422058	0.238483	0.048417	0.500307	0.212794	1,2,3,4,5,3	71.354689	0.028169	0.381885	0.152119	0.056501	0.227781	0.153545	0.032274	0.562577	0.223115	0.002443	0.164094	0.015497	0.316180	0.021939	0.073015	0.234025	0.143549	0.211292	0.479195	0.156019	0.086201	0.050155	0.177260	0.051169	0.056432	0.173284	0.093246	0.191306	0.061770	0.423963	0.316180	0.021939	0.073015	0.234025	0.143549	0.211292	1,2,1,3,2,4	71.354689	1.149046	0.418253	1.149046	0.594291	0.418253	1.068372	
212000	-113829	1,2,3,4,3,2	71.354689	5.448758	5.148951	5.122289	4.927841	5.122289	5.148951	1,2,3,4,5,1	71.354689	0.307174	0.189947	0.341545	0.161333	0.548419	0.052687	0.250388	0.148506	0.219150	0.330260	0.151016	0.299575	0.100799	0.268717	0.102397	0.528087	0.232147	0.134934	0.255600	0.377318	0.307174	0.189947	0.341545	0.161333	1,1,2,3,4,5	71.354689	0.032766	0.544188	0.013232	0.080068	0.154948	0.174797	0.032766	0.544188	0.013232	0.080068	0.154948	0.174797	0.398467	0.035059	0.222832	0.062321	0.174412	0.106909	0.209105	0.338163	0.228900	0.059289	0.158685	0.005857	0.404551	0.108603	0.056867	0.108448	0.104460	0.217072	0.101149	0.042328	0.226415	0.030844	0.073856	0.525409	1,2,1,3,4,5	71.354689	1.043744	0.415327	1.043744	0.594038	0.446219	1.753826	
213000	-113009	1,1,2,3,4,5	71.354689	4.517198	4.517198	5.208517	5.084145	6.216611	6.309178	1,1,2,3,4,5	71.354689	0.392488	0.384934	0.179618	0.042960	0.392488	0.384934	0.179618	0.042960	0.293311	0.343565	0.050906	0.312218	0.084519	0.268811	0.067804	0.578867	0.474546	0.206822	0.123190	0.195441	0.258014	0.065808	0.614168	0.062011	1,1,2,3,4,5	71.354689	0.000683	0.600288	0.089299	0.076170	0.071332	0.162229	0.000683	0.600288	0.089299	0.076170	0.071332	0.162229	0.194653	0.009414	0.038612	0.294405	0.111427	0.351490	0.032610	0.274841	0.182839	0.084125	0.255315	0.170270	0.073591	0.156195	0.037636	0.496967	0.024136	0.211475	0.585858	0.000813	0.015652	0.059682	0.242914	0.095080	1,2,1,3,2,1	71.354689	1.198932	0.461281	1.198932	0.608309	0.461281	1.198932	
214000	-112444	1,2,3,3,4,5	71.354689	5.430553	5.593513	5.245764	5.245764	5.581395	5.617933	1,1,2,2,3,4	71.354689	0.456750	0.259815	0.234888	0.048547	0.456750	0.259815	0.234888	0.048547	0.337508	0.247628	0.067149	0.347715	0.337508	0.247628	0.067149	0.347715	0.536000	0.172605	0.130493	0.160902	0.323241	0.087696	0.298414	0.290648	1,1,2,3,4,2	71.354689	0.006067	0.369116	0.238420	0.053054	0.258865	0.074477	0.006067	0.369116	0.238420	0.053054	0.258865	0.074477	0.292637	0.037783	0.052002	0.112691	0.092758	0.412129	0.210062	0.023899	0.066609	0.030935	0.542285	0.126210	0.156242	0.266607	0.147129	0.214514	0.082230	0.133279	0.292637	0.037783	0.052002	0.112691	0.092758	0.412129	1,2,3,4,5,6	71.354689	1.112777	0.472738	1.018103	0.684644	0.475874	1.461712	
215000	-112818	1,2,3,2,2,4	71.354689	5.498023	4.940101	5.378935	4.940101	4.940101	6.628395	1,1,2,3,4,5	71.354689	0.378697	0.266714	0.345468	0.009122	0.378697	0.266714	0.345468	0.009122	0.272921	0.481790	0.062943	0.182346	0.192308	0.203405	0.023701	0.580585	0.385176	0.226653	0.060449	0.327722	0.169017	0.074647	0.475840	0.280496	1,1,2,3,4,2	71.354689	0.000459	0.270200	0.541265	0.034467	0.114068	0.039541	0.000459	0.270200	0.541265	0.034467	0.114068	0.039541	0.242594	0.042564	0.137444	0.040464	0.157801	0.379134	0.177572	0.044852	0.047714	0.291714	0.390666	0.047481	0.153866	0.182882	0.148785	0.163331	0.284149	0.066987	0.242594	0.042564	0.137444	0.040464	0.157801	0.379134	1,2,3,4,5,6	71.354689	1.095007	0.439452	0.996999	0.600379	0.505394	1.409183	
216000	-113237	1,2,3,3,4,5	71.354689	5.779006	6.005347	4.840344	4.840344	5.108969	5.547709	1,1,2,2,3,4	71.354689	0.515762	0.191497	0.253391	0.039350	0.515762	0.191497	0.253391	0.039350	0.316557	0.236027	0.115144	0.332271	0.316557	0.236027	0.115144	0.332271	0.448891	0.223544	0.112637	0.214927	0.113319	0.169845	0.496737	0.220099	1,1,2,3,4,2	71.354689	0.010435	0.534071	0.160221	0.051656	0.143956	0.099661	0.010435	0.534071	0.160221	0.051656	0.143956	0.099661	0.343916	0.027002	0.027838	0.131489	0.184333	0.285422	0.163016	0.083206	0.240202	0.094154	0.348481	0.070940	0.086082	0.259801	0.111323	0.137907	0.153939	0.250947	0.343916	0.027002	0.027838	0.131489	0.184333	0.285422	1,2,1,3,4,5	71.354689	1.135258	0.439774	1.135258	0.592978	0.428388	1.272905	
217000	-113042	1,2,3,4,4,5	71.354689	6.131225	5.598494	5.545128	4.959290	4.959290	6.106308	1,1,2,3,4,4	71.354689	0.537861	0.238595	0.191916	0.031628	0.537861	0.238595	0.191916	0.031628	0.158745	0.493773	0.086951	0.260531	0.062379	0.194256	0.373960	0.369404	0.217698	0.110465	0.472773	0.199065	0.217698	0.110465	0.472773	0.199065	1,1,2,3,3,2	71.354689	0.001530	0.424096	0.146095	0.063583	0.116356	0.248340	0.001530	0.424096	0.146095	0.063583	0.116356	0.248340	0.305812	0.012461	0.147371	0.063202	0.242918	0.228236	0.316138	0.057219	0.120579	0.056500	0.388547	0.061017	0.316138	0.057219	0.120579	0.056500	0.388547	0.061017	0.305812	0.012461	0.147371	0.063202	0.242918	0.228236	1,2,3,4,5,6	71.354689	1.088905	0.396995	0.982106	0.619435	0.525626	1.563702	
218000	-114024	1,1,2,3,1,4	71.354689	5.162322	5.162322	5.340316	5.094407	5.162322	5.839642	1,2,3,4,5,1	71.354689	0.329245	0.159124	0.268695	0.242935	0.682745	0.057054	0.148415	0.111786	0.244422	0.362568	0.186952	0.206058	0.293286	0.104629	0.033269	0.568816	0.277755	0.216042	0.088464	0.417739	0.329245	0.159124	0.268695	0.242935	1,1,2,2,3,4	71.354689	0.025619	0.591103	0.083120	0.034313	0.186581	0.079264	0.025619	0.591103	0.083120	0.034313	0.186581	0.079264	0.250560	0.146304	0.046390	0.045650	0.441187	0.069909	0.250560	0.146304	0.046390	0.045650	0.441187	0.069909	0.153280	0.290095	0.143155	0.080719	0.015123	0.317629	0.200882	0.051291	0.163036	0.139670	0.002396	0.442724	1,2,1,3,4,5	71.354689	1.064972	0.382863	1.064972	0.715811	0.451875	1.366809	
219000	-113496	1,2,2,2,2,3	71.354689	5.778016	4.622938	4.622938	4.622938	4.622938	6.235522	1,2,3,4,5,5	71.354689	0.443168	0.137013	0.264016	0.155803	0.609334	0.188510	0.097433	0.104724	0.148803	0.434217	0.197067	0.219913	0.165149	0.125017	0.099876	0.609958	0.322685	0.138445	0.326439	0.212432	0.322685	0.138445	0.326439	0.212432	1,1,2,2,3,4	71.354689	0.013831	0.581184	0.127491	0.049534	0.047658	0.180303	0.013831	0.581184	0.127491	0.049534	0.047658	0.180303	0.375461	0.203392	0.095526	0.059207	0.207892	0.058522	0.375461	0.203392	0.095526	0.059207	0.207892	0.058522	0.209516	0.213488	0.176502	0.124793	0.244670	0.031032	0.124440	0.034241	0.067704	0.042077	0.432277	0.299261	1,2,1,3,2,4	71.354689	1.121553	0.426017	1.121553	0.593026	0.426017	2.565800	
220000	-112977	1,2,3,4,5,6	71.354689	5.939218	6.307449	5.705122	4.567941	5.150284	5.464570	1,1,2,3,4,5	71.354689	0.543228	0.123550	0.289026	0.044195	0.543228	0.123550	0.289026	0.044195	0.485782	0.321584	0.129958	0.062676	0.147155	0.409141	0.033571	0.410133	0.403588	0.048929	0.337709	0.209774	0.178117	0.099642	0.452390	0.269851	1,1,2,2,3,2	71.354689	0.011196	0.497400	0.300776	0.062892	0.116737	0.010998	0.011196	0.497400	0.300776	0.062892	0.116737	0.010998	0.209202	0.038532	0.046245	0.059744	0.472377	0.173899	0.209202	0.038532	0.046245	0.059744	0.472377	0.173899	0.228673	0.248091	0.074791	0.021956	0.314430	0.112059	0.209202	0.038532	0.046245	0.059744	0.472377	0.173899	1,2,1,3,2,4	71.354689	1.081235	0.423450	1.081235	0.644308	0.423450	1.634918	
221000	-113499	1,2,2,2,3,4	71.354689	5.219394	4.808495	4.808495	4.808495	5.722743	6.025716	1,2,3,4,2,1	71.354689	0.433728	0.113723	0.257207	0.195343	0.446171	0.098352	0.206271	0.249205	0.270391	0.254619	0.065364	0.409626	0.135641	0.309877	0.038324	0.516158	0.446171	0.098352	0.206271	0.249205	0.433728	0.113723	0.257207	0.195343	1,1,2,3,4,5	71.354689	0.087775	0.563310	0.044255	0.180817	0.093040	0.030802	0.087775	0.563310	0.044255	0.180817	0.093040	0.030802	0.517903	0.017952	0.171679	0.031311	0.104053	0.157102	0.322032	0.136317	0.001027	0.038912	0.338453	0.163260	0.269917	0.302184	0.144406	0.017168	0.070932	0.195393	0.390693	0.013905	0.052715	0.017187	0.353139	0.172362	1,2,1,3,4,5	71.354689	1.077448	0.351177	1.077448	0.690007	0.425105	2.357135	
222000	-112063	1,2,3,4,4,5	71.354689	5.555129	5.858796	5.637269	5.323204	5.323204	5.555890	1,1,2,3,2,4	71.354689	0.524983	0.181562	0.249498	0.043958	0.524983	0.181562	0.249498	0.043958	0.298070	0.398963	0.087301	0.215666	0.061497	0.400663	0.028083	0.509758	0.298070	0.398963	0.087301	0.215666	0.468213	0.071682	0.157106	0.302999	1,1,2,3,1,2	71.354689	0.018125	0.462570	0.131511	0.062066	0.055511	0.270217	0.018125	0.462570	0.131511	0.062066	0.055511	0.270217	0.451728	0.004548	0.060969	0.103248	0.206133	0.173374	0.143112	0.388282	0.046345	0.032953	0.243660	0.145648	0.018125	0.462570	0.131511	0.062066	0.055511	0.270217	0.451728	0.004548	0.060969	0.103248	0.206133	0.173374	1,2,3,4,5,6	71.354689	1.054076	0.415338	0.943568	0.584816	0.509456	1.926054	
223000	-113679	1,2,3,3,4,5	71.354689	5.452224	5.062889	4.793308	4.793308	6.287422	5.024559	1,1,2,3,4,4	71.354689	0.543892	0.063628	0.263000	0.129480	0.543892	0.063628	0.263000	0.129480	0.161454	0.579474	0.012565	0.246507	0.069309	0.212909	0.331270	0.386513	0.342872	0.057415	0.254912	0.344800	0.342872	0.057415	0.254912	0.344800	1,1,2,3,4,5	71.354689	0.065641	0.455140	0.144952	0.169569	0.091537	0.073161	0.065641	0.455140	0.144952	0.169569	0.091537	0.073161	0.189107	0.333354	0.047250	0.218211	0.062275	0.149803	0.293300	0.142472	0.018335	0.088684	0.401144	0.056066	0.097592	0.257586	0.105504	0.242513	0.036126	0.260679	0.353772	0.050416	0.035789	0.125997	0.240067	0.193960	1,2,3,4,2,5	71.354689	1.075790	0.419964	0.983339	0.641971	0.419964	1.988546	
224000	-114356	1,2,3,3,3,4	71.354689	5.538228	6.173902	4.370686	4.370686	4.370686	6.374616	1,1,2,3,4,5	71.354689	0.511912	0.216336	0.232298	0.039455	0.511912	0.216336	0.232298	0.039455	0.148711	0.514109	0.020058	0.317123	0.030731	0.185045	0.373352	0.410872	0.216197	0.380857	0.050761	0.352184	0.215097	0.059714	0.335883	0.389306	1,1,2,3,1,2	71.354689	0.010143	0.505918	0.107724	0.035956	0.043639	0.296619	0.010143	0.505918	0.107724	0.035956	0.043639	0.296619	0.281315	0.008255	0.069604	0.088259	0.174051	0.378516	0.025209	0.222095	0.102212	0.228831	0.317728	0.103925	0.010143	0.505918	0.107724	0.035956	0.043639	0.296619	0.281315	0.008255	0.069604	0.088259	0.174051	0.378516	1,2,3,4,5,6	71.354689	1.170051	0.462386	1.059973	0.592473	0.458415	1.046977	
225000	-112136	1,2,3,2,4,2	71.354689	5.766178	4.578464	5.105422	4.578464	5.642178	4.578464	1,2,3,4,5,6	71.354689	0.449389	0.206335	0.281392	0.062884	0.434490	0.337039	0.153370	0.075102	0.236562	0.395199	0.123159	0.245079	0.274778	0.123291	0.082625	0.519306	0.515122	0.192434	0.133048	0.159397	0.345384	0.018794	0.243746	0.392076	1,1,2,3,4,5	71.354689	0.008296	0.574368	0.101023	0.058479	0.124173	0.133660	0.008296	0.574368	0.101023	0.058479	0.124173	0.133660	0.342470	0.052276	0.096279	0.218621	0.148376	0.141978	0.086304	0.036024	0.041031	0.051846	0.716509	0.068285	0.047761	0.151092	0.172540	0.047307	0.144582	0.436717	0.284363	0.013889	0.044686	0.320953	0.210246	0.125862	1,2,3,4,5,6	71.354689	1.056941	0.448759	1.132834	0.519043	0.431076	1.948688	
226000	-111818	1,2,3,4,5,6	71.354689	5.400791	5.850480	5.727380	4.771581	6.229836	5.330554	1,1,2,3,4,5	71.354689	0.515217	0.236213	0.221751	0.026818	0.515217	0.236213	0.221751	0.026818	0.225806	0.340003	0.053035	0.381155	0.166751	0.294001	0.058051	0.481196	0.360067	0.094357	0.232975	0.312602	0.197867	0.094410	0.369965	0.337758	1,1,2,3,3,2	71.354689	0.007175	0.285242	0.388770	0.034053	0.096452	0.188308	0.007175	0.285242	0.388770	0.034053	0.096452	0.188308	0.301939	0.018853	0.022370	0.189729	0.163526	0.303583	0.087427	0.331642	0.107585	0.069958	0.254704	0.148684	0.087427	0.331642	0.107585	0.069958	0.254704	0.148684	0.301939	0.018853	0.022370	0.189729	0.163526	0.303583	1,2,1,3,4,5	71.354689	1.159383	0.417737	1.159383	0.630812	0.524136	1.769470	
227000	-112294	1,2,3,2,4,5	71.354689	5.139100	4.192890	5.500519	4.192890	6.633091	6.629427	1,1,2,3,4,5	71.354689	0.440675	0.265072	0.226511	0.067742	0.440675	0.265072	0.226511	0.067742	0.244035	0.597968	0.072686	0.085312	0.159930	0.265780	0.095776	0.478514	0.440273	0.181481	0.116895	0.261351	0.184628	0.152519	0.404183	0.258670	1,1,2,3,4,2	71.354689	0.006974	0.707844	0.148915	0.078416	0.037974	0.019877	0.006974	0.707844	0.148915	0.078416	0.037974	0.019877	0.430334	0.007422	0.045816	0.044785	0.116923	0.354719	0.160271	0.123997	0.023673	0.255104	0.350631	0.086324	0.059626	0.422727	0.108850	0.191515	0.133020	0.084262	0.430334	0.007422	0.045816	0.044785	0.116923	0.354719	1,2,3,4,5,6	71.354689	1.036965	0.367128	1.051676	0.811504	0.489479	2.038711	
228000	-112728	1,2,3,1,4,5	71.354689	4.008778	5.804957	5.285112	4.008778	6.391254	5.650384	1,2,3,4,5,6	71.354689	0.722644	0.073104	0.158835	0.045418	0.580788	0.106864	0.265873	0.046475	0.386514	0.382344	0.016524	0.214618	0.086730	0.371134	0.267305	0.274831	0.500341	0.085161	0.178680	0.235818	0.270492	0.135203	0.281870	0.312436	1,1,2,3,4,2	71.354689	0.010002	0.381873	0.199390	0.108761	0.076589	0.223385	0.010002	0.381873	0.199390	0.108761	0.076589	0.223385	0.297252	0.033095	0.071591	0.118090	0.173793	0.306180	0.353173	0.051079	0.140043	0.091969	0.318107	0.045630	0.110015	0.201505	0.119526	0.176952	0.048401	0.343601	0.297252	0.033095	0.071591	0.118090	0.173793	0.306180	1,2,3,4,5,6	71.354689	1.382643	0.336994	0.828233	0.588012	0.596122	1.553768	
229000	-113054	1,2,3,4,5,6	71.354689	5.365858	5.671902	5.526205	5.480680	6.373714	5.882481	1,1,2,3,4,5	71.354689	0.526162	0.159137	0.266035	0.048665	0.526162	0.159137	0.266035	0.048665	0.190882	0.431474	0.066242	0.311402	0.077725	0.449851	0.075923	0.396501	0.455144	0.044572	0.204655	0.295629	0.255530	0.102934	0.282569	0.358967	1,1,2,1,3,2	71.354689	0.038362	0.523915	0.216650	0.060959	0.102858	0.057256	0.038362	0.523915	0.216650	0.060959	0.102858	0.057256	0.303393	0.024283	0.014693	0.147844	0.145814	0.363973	0.038362	0.523915	0.216650	0.060959	0.102858	0.057256	0.198460	0.133203	0.028753	0.279700	0.052051	0.307833	0.303393	0.024283	0.014693	0.147844	0.145814	0.363973	1,2,3,4,4,1	71.354689	1.027371	0.457858	0.979299	0.597072	0.597072	1.027371	
230000	-114123	1,2,3,4,5,5	71.354689	5.343672	6.287303	5.765276	5.383373	5.201716	5.201716	1,1,2,3,4,5	71.354689	0.622868	0.104139	0.221319	0.051673	0.622868	0.104139	0.221319	0.051673	0.236024	0.463167	0.084097	0.216712	0.213538	0.331447	0.134427	0.320589	0.372109	0.113632	0.062026	0.452233	0.136053	0.098106	0.679621	0.086220	1,1,2,3,4,2	71.354689	0.015752	0.365169	0.114783	0.040640	0.049980	0.413675	0.015752	0.365169	0.114783	0.040640	0.049980	0.413675	0.384271	0.003423	0.032585	0.116932	0.233822	0.228967	0.424917	0.287971	0.012403	0.004759	0.203074	0.066877	0.165399	0.139763	0.074180	0.052508	0.173128	0.395022	0.384271	0.003423	0.032585	0.116932	0.233822	0.228967	1,2,3,4,5,1	71.354689	1.159581	0.344316	0.839853	0.491770	0.472962	1.159581	
231000	-111708	1,2,3,2,4,5	71.354689	5.838627	4.785581	5.840121	4.785581	5.395462	5.898082	1,2,3,4,5,6	71.354689	0.403493	0.194866	0.314553	0.087089	0.566112	0.162387	0.198139	0.073362	0.308064	0.422935	0.034962	0.234040	0.245523	0.148629	0.046880	0.558968	0.447096	0.103071	0.107534	0.342299	0.435552	0.079047	0.378932	0.106470	1,1,2,3,4,2	71.354689	0.010231	0.706512	0.093417	0.069232	0.031653	0.088955	0.010231	0.706512	0.093417	0.069232	0.031653	0.088955	0.322159	0.001592	0.163459	0.148660	0.138145	0.225985	0.073291	0.162370	0.097433	0.047578	0.538228	0.081101	0.023861	0.306445	0.127324	0.109711	0.218024	0.214635	0.322159	0.001592	0.163459	0.148660	0.138145	0.225985	1,2,3,4,4,5	71.354689	0.976646	0.385519	1.050359	0.504224	0.504224	2.035184	
232000	-112218	1,2,3,2,4,5	71.354689	6.423221	4.596527	5.077295	4.596527	5.143459	5.176537	1,2,3,4,3,1	71.354689	0.471370	0.078286	0.358362	0.091982	0.419884	0.355366	0.220603	0.004147	0.333372	0.292317	0.069028	0.305284	0.065322	0.121922	0.007216	0.805540	0.333372	0.292317	0.069028	0.305284	0.471370	0.078286	0.358362	0.091982	1,2,3,4,1,3	71.354689	0.036496	0.545784	0.053453	0.059647	0.056750	0.247871	0.028662	0.444790	0.144055	0.078181	0.006346	0.297967	0.330738	0.013943	0.040724	0.172731	0.222135	0.219729	0.108918	0.006645	0.082480	0.318812	0.332658	0.150487	0.036496	0.545784	0.053453	0.059647	0.056750	0.247871	0.330738	0.013943	0.040724	0.172731	0.222135	0.219729	1,2,3,4,4,5	71.354689	1.091133	0.411620	0.968715	0.435645	0.435645	2.120837	
233000	-113629	1,2,3,4,5,6	71.354689	6.170367	4.736958	6.021800	5.174101	5.690611	5.235719	1,2,3,4,2,5	71.354689	0.442353	0.067874	0.409209	0.080563	0.508628	0.172952	0.132261	0.186159	0.205941	0.553053	0.083079	0.157927	0.007988	0.395425	0.173284	0.423303	0.508628	0.172952	0.132261	0.186159	0.295148	0.031185	0.340186	0.333481	1,1,2,3,4,2	71.354689	0.027436	0.522240	0.133246	0.109415	0.112044	0.095619	0.027436	0.522240	0.133246	0.109415	0.112044	0.095619	0.221339	0.019625	0.040412	0.081462	0.479694	0.157467	0.118683	0.156878	0.163271	0.153396	0.399978	0.007795	0.165110	0.352317	0.202258	0.124656	0.047751	0.107907	0.221339	0.019625	0.040412	0.081462	0.479694	0.157467	1,2,1,3,2,4	71.354689	0.963062	0.331297	0.963062	0.759809	0.331297	1.549595	
234000	-114059	1,2,3,4,5,2	71.354689	4.838802	5.278342	6.022068	5.756885	5.858078	5.278342	1,1,2,3,2,4	71.354689	0.412721	0.353336	0.210859	0.023085	0.412721	0.353336	0.210859	0.023085	0.270158	0.296614	0.149986	0.283242	0.053814	0.289212	0.127188	0.529787	0.270158	0.296614	0.149986	0.283242	0.109407	0.185679	0.384625	0.320289	1,1,2,3,4,5	71.354689	0.005709	0.470332	0.285803	0.031045	0.122698	0.084413	0.005709	0.470332	0.285803	0.031045	0.122698	0.084413	0.526562	0.034748	0.012829	0.144538	0.214522	0.066801	0.006717	0.193608	0.057511	0.509310	0.229664	0.003191	0.234584	0.188265	0.080381	0.231291	0.018433	0.247047	0.048066	0.015538	0.082692	0.100048	0.446665	0.306991	1,2,3,4,4,1	71.354689	1.357539	0.358450	0.715442	0.531092	0.531092	1.357539	
235000	-112102	1,2,3,4,5,6	71.354689	5.191119	5.077942	4.903643	5.102923	6.088592	5.742483	1,2,3,4,5,6	71.354689	0.491611	0.216783	0.262711	0.028895	0.469799	0.302539	0.195837	0.031825	0.224085	0.301851	0.088212	0.385851	0.137913	0.372908	0.068981	0.420197	0.442786	0.119854	0.124366	0.312994	0.201775	0.106813	0.238557	0.452854	1,1,2,3,4,2	71.354689	0.016916	0.510898	0.243470	0.038609	0.126610	0.063498	0.016916	0.510898	0.243470	0.038609	0.126610	0.063498	0.496754	0.011062	0.098411	0.072733	0.140061	0.180980	0.404884	0.110994	0.080747	0.013402	0.361863	0.028111	0.127703	0.198881	0.193085	0.131244	0.055295	0.293792	0.496754	0.011062	0.098411	0.072733	0.140061	0.180980	1,2,3,4,5,6	71.354689	0.932003	0.406101	0.730258	0.590903	0.540629	1.564620	
236000	-112191	1,2,3,4,4,2	71.354689	6.101500	5.424998	5.801470	4.976982	4.976982	5.424998	1,1,2,3,4,4	71.354689	0.481356	0.152724	0.345489	0.020431	0.481356	0.152724	0.345489	0.020431	0.210309	0.502543	0.073278	0.213870	0.098675	0.236415	0.070025	0.594885	0.293264	0.044099	0.298497	0.364140	0.293264	0.044099	0.298497	0.364140	1,1,2,3,3,4	71.354689	0.018846	0.417219	0.256679	0.059068	0.230484	0.017705	0.018846	0.417219	0.256679	0.059068	0.230484	0.017705	0.504797	0.102912	0.040309	0.083793	0.110792	0.157397	0.227731	0.226279	0.057436	0.138435	0.271436	0.078683	0.227731	0.226279	0.057436	0.138435	0.271436	0.078683	0.383081	0.011928	0.124335	0.201344	0.095748	0.183564	1,2,3,4,4,5	71.354689	1.085685	0.337034	1.036212	0.401242	0.401242	1.406042	
237000	-114105	1,2,3,4,5,6	71.354689	5.333783	5.509931	5.309903	4.928646	5.938063	5.433022	1,1,2,3,4,4	71.354689	0.372415	0.169810	0.310108	0.147666	0.372415	0.169810	0.310108	0.147666	0.280095	0.361565	0.232366	0.125974	0.193687	0.399845	0.163593	0.242874	0.257925	0.128379	0.334813	0.278882	0.257925	0.128379	0.334813	0.278882	1,1,2,3,4,5	71.354689	0.021333	0.555716	0.114944	0.089959	0.172420	0.045627	0.021333	0.555716	0.114944	0.089959	0.172420	0.045627	0.261102	0.019513	0.207170	0.035236	0.189243	0.287737	0.484793	0.035309	0.060336	0.008481	0.376017	0.035064	0.262691	0.097533	0.189234	0.077312	0.215220	0.158009	0.527028	0.007640	0.059720	0.047253	0.125680	0.232679	1,2,1,3,2,4	71.354689	1.046022	0.539121	1.046022	0.655475	0.539121	1.568765	
238000	-114899	1,2,2,2,2,3	71.354689	5.995361	4.989558	4.989558	4.989558	4.989558	5.640194	1,1,2,3,4,4	71.354689	0.509703	0.137129	0.228046	0.125122	0.509703	0.137129	0.228046	0.125122	0.353649	0.386181	0.021966	0.238205	0.069252	0.459361	0.264340	0.207047	0.359443	0.119801	0.320394	0.200362	0.359443	0.119801	0.320394	0.200362	1,2,3,4,3,5	71.354689	0.132000	0.385148	0.139466	0.050277	0.229513	0.063595	0.087358	0.460918	0.053247	0.046631	0.087832	0.264015	0.224934	0.166897	0.173398	0.092012	0.101406	0.241353	0.090319	0.210353	0.416752	0.067485	0.198183	0.016909	0.224934	0.166897	0.173398	0.092012	0.101406	0.241353	0.077920	0.069706	0.017225	0.178177	0.225196	0.431776	1,2,1,3,2,4	71.354689	1.005358	0.491173	1.005358	0.677061	0.491173	1.167010	
239000	-112786	1,2,3,4,4,5	71.354689	5.795245	6.172747	5.423868	4.916413	4.916413	5.897318	1,1,2,3,4,5	71.354689	0.509474	0.176080	0.295128	0.019318	0.509474	0.176080	0.295128	0.019318	0.173387	0.473540	0.052231	0.300843	0.106654	0.280288	0.171433	0.441626	0.417155	0.148095	0.206418	0.228332	0.320089	0.099684	0.386578	0.193649	1,1,2,2,3,4	71.354689	0.005216	0.292619	0.273478	0.029964	0.159365	0.239359	0.005216	0.292619	0.273478	0.029964	0.159365	0.239359	0.197139	0.043746	0.217889	0.081864	0.385063	0.074300	0.197139	0.043746	0.217889	0.081864	0.385063	0.074300	0.122155	0.196023	0.098096	0.149278	0.153321	0.281127	0.241804	0.031395	0.263537	0.161319	0.039486	0.262459	1,2,3,4,5,6	71.354689	1.168079	0.461601	1.102645	0.601585	0.432572	1.314461	
240000	-113250	1,2,3,4,2,5	71.354689	6.376871	4.915797	5.300990	5.415281	4.915797	5.448378	1,2,2,3,2,4	71.354689	0.590056	0.077279	0.256950	0.075715	0.448152	0.307551	0.159321	0.084975	0.448152	0.307551	0.159321	0.084975	0.089858	0.172061	0.008959	0.729122	0.448152	0.307551	0.159321	0.084975	0.430579	0.103943	0.199774	0.265704	1,1,2,3,4,2	71.354689	0.003477	0.398422	0.165869	0.055514	0.216122	0.160596	0.003477	0.398422	0.165869	0.055514	0.216122	0.160596	0.330359	0.021638	0.049407	0.057029	0.230072	0.311495	0.136375	0.158762	0.229450	0.044954	0.305315	0.125143	0.106455	0.304578	0.101060	0.205890	0.176793	0.105224	0.330359	0.021638	0.049407	0.057029	0.230072	0.311495	1,2,1,3,3,4	71.354689	1.027369	0.390064	1.027369	0.525325	0.525325	1.692969	
241000	-113008	1,2,3,4,3,5	71.354689	5.387278	6.517614	4.957265	4.427307	4.957265	5.303582	1,2,3,4,5,6	71.354689	0.431600	0.228241	0.323160	0.016999	0.639028	0.104854	0.205678	0.050440	0.155408	0.585305	0.127990	0.131297	0.009875	0.133140	0.244711	0.612274	0.182518	0.458711	0.140963	0.217809	0.212326	0.014142	0.485602	0.287930	1,1,2,3,4,2	71.354689	0.013509	0.321195	0.192720	0.056949	0.170558	0.245068	0.013509	0.321195	0.192720	0.056949	0.170558	0.245068	0.312580	0.003619	0.120058	0.078332	0.389479	0.095931	0.423056	0.317628	0.081306	0.002796	0.169112	0.006101	0.069473	0.272059	0.257777	0.265896	0.004806	0.129988	0.312580	0.003619	0.120058	0.078332	0.389479	0.095931	1,2,3,4,2,5	71.354689	0.908314	0.451886	0.910152	0.630675	0.451886	1.308864	
242000	-114009	1,2,3,2,4,5	71.354689	5.479897	5.365144	5.624323	5.365144	5.101135	5.089835	1,2,3,4,5,6	71.354689	0.545425	0.169978	0.259880	0.024716	0.496667	0.299144	0.197018	0.007171	0.308575	0.418874	0.051073	0.221478	0.122513	0.568762	0.011231	0.297494	0.443866	0.317744	0.063865	0.174525	0.473992	0.073476	0.310047	0.142485	1,1,2,3,4,5	71.354689	0.003937	0.310737	0.196818	0.043146	0.116402	0.328961	0.003937	0.310737	0.196818	0.043146	0.116402	0.328961	0.382048	0.005969	0.068241	0.111554	0.132668	0.299519	0.120372	0.128342	0.431335	0.174997	0.143194	0.001760	0.068117	0.533625	0.127279	0.182080	0.029747	0.059152	0.308758	0.038006	0.129404	0.046140	0.056627	0.421064	1,2,3,4,5,6	71.354689	1.084186	0.505099	0.936890	0.566212	0.510038	1.104647	
243000	-113776	1,1,2,3,2,4	71.354689	4.866566	4.866566	5.412285	5.308869	5.412285	5.728910	1,2,3,4,5,6	71.354689	0.472794	0.232420	0.227727	0.067058	0.481717	0.293523	0.199430	0.025330	0.241795	0.357094	0.035707	0.365403	0.087439	0.361411	0.043061	0.508090	0.514304	0.077244	0.071226	0.337227	0.066202	0.308145	0.414948	0.210704	1,1,2,3,4,2	71.354689	0.012245	0.480913	0.072403	0.144458	0.099165	0.190816	0.012245	0.480913	0.072403	0.144458	0.099165	0.190816	0.290833	0.044651	0.047825	0.013907	0.163131	0.439653	0.125468	0.261251	0.286690	0.086952	0.181457	0.058183	0.073344	0.086519	0.148240	0.174121	0.220460	0.297316	0.290833	0.044651	0.047825	0.013907	0.163131	0.439653	1,2,3,4,5,6	71.354689	1.097304	0.460701	1.003640	0.664459	0.466164	1.775056	
244000	-113641	1,1,1,1,2,3	71.354689	4.427947	4.427947	4.427947	4.427947	5.678891	6.085896	1,2,3,4,2,1	71.354689	0.207731	0.083684	0.433595	0.274991	0.477743	0.181899	0.122842	0.217517	0.318389	0.380914	0.133469	0.167228	0.173847	0.461641	0.025508	0.339004	0.477743	0.181899	0.122842	0.217517	0.207731	0.083684	0.433595	0.274991	1,1,2,3,4,5	71.354689	0.026241	0.798414	0.044362	0.065137	0.026687	0.039159	0.026241	0.798414	0.044362	0.065137	0.026687	0.039159	0.240042	0.052568	0.030924	0.214544	0.306625	0.155298	0.322346	0.205148	0.188656	0.011486	0.213900	0.058464	0.187759	0.097251	0.183680	0.220499	0.023352	0.287458	0.388770	0.006241	0.051559	0.091165	0.265997	0.196268	1,2,3,4,5,6	71.354689	1.234790	0.372940	0.908248	0.677834	0.419320	1.709049	
245000	-113776	1,2,3,4,4,5	71.354689	5.378145	5.911498	5.933438	4.844867	4.844867	6.102342	1,1,2,3,4,5	71.354689	0.632287	0.118291	0.219515	0.029907	0.632287	0.118291	0.219515	0.029907	0.334998	0.581624	0.024861	0.058517	0.175508	0.229463	0.218602	0.376427	0.195250	0.257904	0.256251	0.290594	0.129364	0.220463	0.433420	0.216752	1,1,2,3,1,2	71.354689	0.052549	0.391363	0.227023	0.098530	0.102907	0.127628	0.052549	0.391363	0.227023	0.098530	0.102907	0.127628	0.391760	0.019668	0.084675	0.080430	0.238243	0.185224	0.166199	0.076389	0.112094	0.068032	0.421789	0.155498	0.052549	0.391363	0.227023	0.098530	0.102907	0.127628	0.391760	0.019668	0.084675	0.080430	0.238243	0.185224	1,2,1,3,2,4	71.354689	1.076851	0.418629	1.076851	0.633583	0.418629	1.746409	
246000	-112456	1,2,1,1,3,4	71.354689	4.618581	5.251415	4.618581	4.618581	5.102281	6.425479	1,1,1,2,3,4	71.354689	0.448177	0.247442	0.194694	0.109688	0.448177	0.247442	0.194694	0.109688	0.448177	0.247442	0.194694	0.109688	0.228217	0.178331	0.179665	0.413787	0.566179	0.146304	0.081778	0.205740	0.266286	0.075755	0.476754	0.181205	1,1,2,3,4,5	71.354689	0.006157	0.594912	0.134950	0.066882	0.112939	0.084159	0.006157	0.594912	0.134950	0.066882	0.112939	0.084159	0.387777	0.036612	0.064795	0.042225	0.358130	0.110462	0.005876	0.163880	0.059547	0.042706	0.703020	0.024971	0.070427	0.143034	0.040987	0.129559	0.182074	0.433918	0.390801	0.010530	0.088228	0.101485	0.007874	0.401082	1,2,3,4,5,6	71.354689	1.175246	0.418707	0.896296	0.504303	0.480475	1.505606	
247000	-112499	1,2,3,4,5,6	71.354689	5.618216	6.496206	5.318655	5.097137	5.236306	6.259833	1,1,2,3,4,4	71.354689	0.587285	0.146116	0.240791	0.025808	0.587285	0.146116	0.240791	0.025808	0.227090	0.425727	0.170524	0.176659	0.064211	0.461743	0.108770	0.365276	0.246207	0.142961	0.329595	0.281237	0.246207	0.142961	0.329595	0.281237	1,1,2,3,4,2	71.354689	0.005389	0.363665	0.250459	0.044190	0.102324	0.233973	0.005389	0.363665	0.250459	0.044190	0.102324	0.233973	0.312755	0.021206	0.054351	0.114720	0.193630	0.303338	0.199541	0.279170	0.083015	0.145891	0.268857	0.023525	0.101435	0.274061	0.115724	0.241471	0.207732	0.059577	0.312755	0.021206	0.054351	0.114720	0.193630	0.303338	1,2,1,3,4,5	71.354689	1.278189	0.401226	1.278189	0.587708	0.461463	1.374203	
248000	-113359	1,2,3,2,4,5	71.354689	7.089867	4.852080	5.696618	4.852080	5.069702	5.422763	1,2,3,4,5,5	71.354689	0.510086	0.062032	0.386193	0.041689	0.655691	0.219870	0.116753	0.007686	0.440571	0.258226	0.050534	0.250669	0.112420	0.363650	0.129515	0.394414	0.391848	0.060349	0.167101	0.380702	0.391848	0.060349	0.167101	0.380702	1,1,2,2,3,4	71.354689	0.009108	0.655305	0.088626	0.076135	0.058731	0.112095	0.009108	0.655305	0.088626	0.076135	0.058731	0.112095	0.239396	0.155179	0.058002	0.090567	0.405232	0.051623	0.239396	0.155179	0.058002	0.090567	0.405232	0.051623	0.206126	0.129957	0.066796	0.257518	0.175512	0.164091	0.197807	0.054582	0.043014	0.388918	0.111012	0.204667	1,2,3,4,5,6	71.354689	0.912617	0.377399	1.107747	0.542515	0.532908	1.471611	
249000	-113832	1,2,3,3,4,5	71.354689	5.298556	5.181373	4.776680	4.776680	7.194597	5.087267	1,2,3,4,5,6	71.354689	0.468335	0.173615	0.265216	0.092833	0.541699	0.192205	0.195003	0.071092	0.145765	0.371847	0.105820	0.376567	0.258851	0.282097	0.023391	0.435661	0.325367	0.281164	0.120182	0.273287	0.037499	0.243043	0.456378	0.263080	1,1,2,3,1,2	71.354689	0.085518	0.595806	0.041975	0.100980	0.031974	0.143748	0.085518	0.595806	0.041975	0.100980	0.031974	0.143748	0.432289	0.087235	0.068104	0.018963	0.178486	0.214922	0.098283	0.360498	0.019843	0.006163	0.359496	0.155717	0.085518	0.595806	0.041975	0.100980	0.031974	0.143748	0.432289	0.087235	0.068104	0.018963	0.178486	0.214922	1,2,1,3,4,5	71.354689	1.060060	0.396322	1.060060	0.642067	0.463685	1.215133	
250000	-114165	1,2,3,4,4,5	71.354689	6.116017	6.497282	5.032170	4.517812	4.517812	5.854603	1,2,3,4,4,5	71.354689	0.469478	0.160019	0.318286	0.052216	0.560186	0.199753	0.223495	0.016566	0.448988	0.334514	0.097840	0.118658	0.276995	0.208502	0.058190	0.456312	0.276995	0.208502	0.058190	0.456312	0.495174	0.077526	0.135211	0.292089	1,1,2,2,1,2	71.354689	0.020264	0.574546	0.076663	0.083488	0.057371	0.187667	0.020264	0.574546	0.076663	0.083488	0.057371	0.187667	0.228526	0.024059	0.066177	0.207744	0.400567	0.072926	0.228526	0.024059	0.066177	0.207744	0.400567	0.072926	0.020264	0.574546	0.076663	0.083488	0.057371	0.187667	0.228526	0.024059	0.066177	0.207744	0.400567	0.072926	1,2,1,3,2,4	71.354689	0.993813	0.406327	0.993813	0.741446	0.406327	2.008912	
251000	-113049	1,2,3,4,5,4	71.354689	5.407088	5.743766	5.138538	4.645547	5.534610	4.645547	1,1,2,3,4,5	71.354689	0.463612	0.252166	0.248739	0.035483	0.463612	0.252166	0.248739	0.035483	0.304768	0.341241	0.155355	0.198636	0.106004	0.115041	0.350730	0.428225	0.450845	0.258890	0.085792	0.204473	0.377542	0.012195	0.401871	0.208393	1,1,2,3,4,5	71.354689	0.000724	0.365885	0.171423	0.044393	0.227376	0.190200	0.000724	0.365885	0.171423	0.044393	0.227376	0.190200	0.382734	0.021126	0.181098	0.063234	0.312920	0.038887	0.043845	0.014533	0.039052	0.087048	0.774445	0.041078	0.055283	0.491275	0.047715	0.066806	0.029707	0.309214	0.077253	0.028749	0.065875	0.272117	0.124250	0.431756	1,2,3,4,5,6	71.354689	1.126718	0.446337	0.897305	0.680394	0.401443	1.594277	
252000	-113473	1,2,3,2,4,5	71.354689	5.342860	4.362911	5.526239	4.362911	5.459824	6.529705	1,1,2,3,2,4	71.354689	0.462382	0.294291	0.183314	0.060014	0.462382	0.294291	0.183314	0.060014	0.381843	0.226918	0.138443	0.252795	0.090513	0.260990	0.084134	0.564363	0.381843	0.226918	0.138443	0.252795	0.309248	0.069668	0.317969	0.303115	1,1,2,3,4,5	71.354689	0.030054	0.684707	0.000006	0.057395	0.033581	0.194257	0.030054	0.684707	0.000006	0.057395	0.033581	0.194257	0.298618	0.026272	0.098268	0.027708	0.276876	0.272258	0.030884	0.237355	0.020634	0.324418	0.265417	0.121292	0.090177	0.389742	0.251998	0.222154	0.024230	0.021698	0.341662	0.016825	0.181635	0.074845	0.166290	0.218743	1,2,3,2,2,4	71.354689	1.248002	0.384743	1.007793	0.384743	0.384743	1.481620	
253000	-112921	1,2,3,4,5,6	71.354689	5.262089	5.839032	4.946084	5.146938	5.732696	5.961061	1,1,2,3,2,4	71.354689	0.594866	0.104446	0.241484	0.059204	0.594866	0.104446	0.241484	0.059204	0.351151	0.223113	0.141631	0.284105	0.030727	0.425615	0.021128	0.522530	0.351151	0.223113	0.141631	0.284105	0.161978	0.132351	0.429501	0.276170	1,2,3,4,1,5	71.354689	0.031024	0.245191	0.199330	0.276256	0.051806	0.196394	0.039068	0.345724	0.088567	0.066700	0.173400	0.286541	0.482289	0.002880	0.059970	0.082681	0.265510	0.106669	0.123104	0.371481	0.186823	0.014828	0.243600	0.060164	0.031024	0.245191	0.199330	0.276256	0.051806	0.196394	0.045508	0.064408	0.195146	0.042502	0.255957	0.396479	1,2,1,3,3,1	71.354689	1.191657	0.345098	1.191657	0.458857	0.458857	1.191657	
254000	-114167	1,2,3,2,4,5	71.354689	6.198013	4.785844	5.270801	4.785844	6.211095	6.325423	1,2,2,2,2,3	71.354689	0.466237	0.090679	0.329826	0.113258	0.369712	0.261894	0.151868	0.216526	0.369712	0.261894	0.151868	0.216526	0.369712	0.261894	0.151868	0.216526	0.369712	0.261894	0.151868	0.216526	0.384168	0.137646	0.323823	0.154363	1,1,2,3,4,5	71.354689	0.020720	0.723841	0.050129	0.045543	0.057218	0.102550	0.020720	0.723841	0.050129	0.045543	0.057218	0.102550	0.481742	0.035342	0.146527	0.057143	0.181208	0.098038	0.005849	0.024726	0.021869	0.362479	0.489836	0.095241	0.075178	0.351774	0.269697	0.043442	0.131132	0.128776	0.402472	0.038778	0.045263	0.086723	0.190452	0.236313	1,2,3,4,4,5	71.354689	1.018957	0.416896	0.881881	0.501381	0.501381	1.514383	
255000	-112885	1,2,3,4,5,6	71.354689	5.900699	6.559557	5.305024	5.298223	5.419392	5.568566	1,1,2,3,4,5	71.354689	0.614581	0.106455	0.248615	0.030349	0.614581	0.106455	0.248615	0.030349	0.644783	0.267600	0.021914	0.065703	0.116054	0.226041	0.100697	0.557209	0.395914	0.097604	0.107515	0.398967	0.080117	0.027567	0.545124	0.347191	1,1,2,3,4,2	71.354689	0.020306	0.566384	0.095158	0.114266	0.094027	0.109860	0.020306	0.566384	0.095158	0.114266	0.094027	0.109860	0.418295	0.016663	0.099732	0.116351	0.232741	0.116218	0.248252	0.108192	0.073287	0.281945	0.275910	0.012414	0.160680	0.330956	0.126394	0.017895	0.141201	0.222874	0.418295	0.016663	0.099732	0.116351	0.232741	0.116218	1,2,3,4,2,5	71.354689	1.172165	0.510142	1.194625	0.598476	0.510142	1.381755	
256000	-111215	1,2,3,4,5,6	71.354689	5.815461	5.625735	5.645622	5.187466	5.018811	6.368861	1,1,2,3,2,4	71.354689	0.515320	0.154208	0.302345	0.028127	0.515320	0.154208	0.302345	0.028127	0.390074	0.338645	0.088832	0.182449	0.132921	0.203633	0.003173	0.660274	0.390074	0.338645	0.088832	0.182449	0.238488	0.075728	0.407899	0.277885	1,1,2,2,1,2	71.354689	0.040852	0.341343	0.225914	0.050649	0.122387	0.218857	0.040852	0.341343	0.225914	0.050649	0.122387	0.218857	0.337149	0.007920	0.044322	0.115270	0.307080	0.188259	0.337149	0.007920	0.044322	0.115270	0.307080	0.188259	0.040852	0.341343	0.225914	0.050649	0.122387	0.218857	0.337149	0.007920	0.044322	0.115270	0.307080	0.188259	1,2,1,3,4,5	71.354689	1.007462	0.531174	1.007462	0.559248	0.545563	1.893258	
257000	-112874	1,2,3,4,5,6	71.354689	6.051684	6.326560	5.119217	4.803384	6.256130	5.972944	1,1,2,3,2,3	71.354689	0.581954	0.081019	0.328363	0.008665	0.581954	0.081019	0.328363	0.008665	0.414861	0.227601	0.109536	0.248002	0.108108	0.162828	0.302265	0.426800	0.414861	0.227601	0.109536	0.248002	0.108108	0.162828	0.302265	0.426800	1,1,2,3,4,2	71.354689	0.003903	0.232478	0.152135	0.107586	0.135547	0.368352	0.003903	0.232478	0.152135	0.107586	0.135547	0.368352	0.432189	0.008995	0.097873	0.109823	0.192442	0.158677	0.210652	0.034762	0.052629	0.086553	0.607845	0.007559	0.168786	0.197476	0.134647	0.202363	0.010797	0.285931	0.432189	0.008995	0.097873	0.109823	0.192442	0.158677	1,2,1,3,2,4	71.354689	1.071186	0.393477	1.071186	0.529068	0.393477	1.673469	
258000	-112733	1,2,3,2,4,5	71.354689	6.310347	4.553571	5.429703	4.553571	6.695892	6.220448	1,2,2,3,4,5	71.354689	0.481250	0.063405	0.310544	0.144801	0.438006	0.332193	0.125995	0.103806	0.438006	0.332193	0.125995	0.103806	0.135485	0.152061	0.179809	0.532645	0.471412	0.165409	0.150209	0.212970	0.476184	0.049368	0.323423	0.151025	1,1,2,3,4,2	71.354689	0.016307	0.490141	0.030648	0.151207	0.016128	0.295569	0.016307	0.490141	0.030648	0.151207	0.016128	0.295569	0.206913	0.002762	0.029639	0.016078	0.532365	0.212244	0.086827	0.063349	0.257328	0.163076	0.373171	0.056249	0.077274	0.395138	0.221393	0.162065	0.037685	0.106445	0.206913	0.002762	0.029639	0.016078	0.532365	0.212244	1,2,3,4,2,5	71.354689	1.077557	0.426752	0.956891	0.819514	0.426752	1.452134	
259000	-112248	1,2,3,4,5,6	71.354689	5.605251	5.800566	5.442649	5.570651	5.358996	5.811744	1,1,2,3,4,4	71.354689	0.547363	0.141884	0.285188	0.025565	0.547363	0.141884	0.285188	0.025565	0.243692	0.599036	0.089961	0.067311	0.061516	0.218676	0.082530	0.637278	0.375481	0.092822	0.325353	0.206344	0.375481	0.092822	0.325353	0.206344	1,1,2,2,2,3	71.354689	0.014876	0.292186	0.157321	0.052685	0.218570	0.264363	0.014876	0.292186	0.157321	0.052685	0.218570	0.264363	0.419256	0.146952	0.089006	0.087024	0.191160	0.066602	0.419256	0.146952	0.089006	0.087024	0.191160	0.066602	0.419256	0.146952	0.089006	0.087024	0.191160	0.066602	0.438199	0.029811	0.129260	0.064266	0.094695	0.243768	1,2,3,4,2,5	71.354689	1.019231	0.513433	1.120203	0.746005	0.513433	1.122376	
260000	-112092	1,2,1,3,1,4	71.354689	5.026441	6.237229	5.026441	4.719306	5.026441	4.840023	1,2,3,4,3,5	71.354689	0.527262	0.215973	0.237902	0.018862	0.608879	0.166754	0.201289	0.023078	0.378640	0.269416	0.062120	0.289823	0.026468	0.226875	0.150561	0.596095	0.378640	0.269416	0.062120	0.289823	0.273524	0.036398	0.214232	0.475847	1,1,2,3,4,2	71.354689	0.003067	0.306536	0.257607	0.030651	0.137067	0.265073	0.003067	0.306536	0.257607	0.030651	0.137067	0.265073	0.471940	0.021311	0.086421	0.070782	0.178321	0.171225	0.222902	0.306352	0.171266	0.107018	0.185915	0.006548	0.149880	0.245210	0.068638	0.164530	0.097641	0.274101	0.471940	0.021311	0.086421	0.070782	0.178321	0.171225	1,2,3,4,5,6	71.354689	1.198077	0.410788	1.184600	0.628213	0.465388	1.778478	
261000	-113961	1,2,3,4,5,6	71.354689	5.098016	5.523750	5.451955	4.816467	5.742451	6.091515	1,1,2,2,2,3	71.354689	0.371147	0.246383	0.346508	0.035962	0.371147	0.246383	0.346508	0.035962	0.305405	0.338971	0.125521	0.230103	0.305405	0.338971	0.125521	0.230103	0.305405	0.338971	0.125521	0.230103	0.295735	0.172291	0.220109	0.311865	1,1,2,3,4,2	71.354689	0.003815	0.298382	0.200014	0.040758	0.064837	0.392194	0.003815	0.298382	0.200014	0.040758	0.064837	0.392194	0.367050	0.029822	0.071391	0.072006	0.153860	0.305869	0.033341	0.151998	0.053630	0.293266	0.362700	0.105065	0.033826	0.183000	0.245368	0.121766	0.157942	0.258098	0.367050	0.029822	0.071391	0.072006	0.153860	0.305869	1,2,1,3,4,5	71.354689	1.093191	0.441838	1.093191	0.635615	0.486335	1.840282	
262000	-114688	1,2,3,4,5,6	71.354689	5.140295	5.755246	5.131871	5.063652	6.294545	5.247069	1,1,2,3,4,5	71.354689	0.529973	0.195387	0.238418	0.036221	0.529973	0.195387	0.238418	0.036221	0.344238	0.296435	0.105626	0.253702	0.197456	0.547838	0.068842	0.185864	0.520762	0.112735	0.117357	0.249146	0.145922	0.045630	0.274540	0.533908	1,1,2,3,4,2	71.354689	0.014200	0.434068	0.162535	0.080309	0.216025	0.092863	0.014200	0.434068	0.162535	0.080309	0.216025	0.092863	0.246406	0.020195	0.067109	0.332117	0.187574	0.146598	0.260907	0.205022	0.180391	0.100515	0.248152	0.005012	0.040315	0.445717	0.017508	0.124308	0.045378	0.326774	0.246406	0.020195	0.067109	0.332117	0.187574	0.146598	1,2,3,2,4,5	71.354689	1.214907	0.425106	1.203247	0.425106	0.413447	2.051117	
263000	-115834	1,2,2,3,4,5	71.354689	6.950653	4.626585	4.626585	5.573474	5.815055	5.856010	1,1,2,3,4,4	71.354689	0.351938	0.412165	0.225178	0.010719	0.351938	0.412165	0.225178	0.010719	0.394936	0.278093	0.032402	0.294569	0.182071	0.201704	0.159556	0.456670	0.420089	0.044222	0.235455	0.300234	0.420089	0.044222	0.235455	0.300234	1,1,2,3,3,4	71.354689	0.031181	0.434905	0.005293	0.078311	0.133458	0.316853	0.031181	0.434905	0.005293	0.078311	0.133458	0.316853	0.244974	0.109415	0.177965	0.047432	0.162462	0.257752	0.154075	0.237002	0.057934	0.088450	0.205133	0.257407	0.154075	0.237002	0.057934	0.088450	0.205133	0.257407	0.150780	0.005873	0.165454	0.166062	0.060641	0.451190	1,2,1,3,2,1	71.354689	1.020501	0.450742	1.020501	0.643774	0.450742	1.020501	
264000	-113492	1,2,1,3,4,5	71.354689	5.427984	4.939077	5.427984	6.195048	5.626443	6.689085	1,2,3,4,4,5	71.354689	0.461849	0.198755	0.314891	0.024505	0.559328	0.269180	0.140322	0.031170	0.307724	0.382698	0.139997	0.169581	0.343515	0.319414	0.117549	0.219522	0.343515	0.319414	0.117549	0.219522	0.143784	0.035897	0.381964	0.438354	1,1,2,3,4,2	71.354689	0.024336	0.658126	0.043149	0.074146	0.179759	0.020483	0.024336	0.658126	0.043149	0.074146	0.179759	0.020483	0.394978	0.001823	0.043764	0.067043	0.305492	0.186899	0.160171	0.441548	0.019253	0.020124	0.268282	0.090623	0.061389	0.295299	0.166103	0.167591	0.023111	0.286507	0.394978	0.001823	0.043764	0.067043	0.305492	0.186899	1,2,1,3,3,4	71.354689	1.001699	0.533232	1.001699	0.522091	0.522091	1.094283	
265000	-114282	1,2,3,2,4,5	71.354689	5.884716	5.473230	5.652617	5.473230	6.089286	5.331620	1,1,2,3,4,5	71.354689	0.519533	0.119157	0.272942	0.088368	0.519533	0.119157	0.272942	0.088368	0.376192	0.367207	0.099619	0.156981	0.258219	0.088231	0.248509	0.405041	0.338090	0.119554	0.116946	0.425410	0.170179	0.216530	0.465838	0.147453	1,1,2,3,4,2	71.354689	0.051511	0.471992	0.236079	0.013342	0.080588	0.146488	0.051511	0.471992	0.236079	0.013342	0.080588	0.146488	0.366896	0.146637	0.072808	0.028699	0.135644	0.249317	0.093982	0.074717	0.135007	0.114511	0.542437	0.039346	0.303676	0.295520	0.086847	0.178555	0.092962	0.042440	0.366896	0.146637	0.072808	0.028699	0.135644	0.249317	1,2,1,3,4,5	71.354689	1.226083	0.435254	1.226083	0.655521	0.444968	1.554282	
266000	-113075	1,2,3,4,5,6	71.354689	5.643355	5.450639	5.367806	5.215682	6.741452	7.136099	1,2,3,4,2,1	71.354689	0.331947	0.073026	0.324698	0.270329	0.492639	0.164111	0.155450	0.187800	0.198362	0.351743	0.139073	0.310823	0.295854	0.145026	0.115049	0.444072	0.492639	0.164111	0.155450	0.187800	0.331947	0.073026	0.324698	0.270329	1,1,2,3,4,5	71.354689	0.009419	0.811284	0.043522	0.072653	0.049740	0.013383	0.009419	0.811284	0.043522	0.072653	0.049740	0.013383	0.468061	0.104371	0.099647	0.038961	0.248305	0.040655	0.042324	0.082176	0.107609	0.191254	0.534156	0.042480	0.026009	0.356368	0.079623	0.044187	0.119995	0.373819	0.564086	0.015525	0.000891	0.134314	0.146257	0.138927	1,2,1,3,2,4	71.354689	1.070889	0.436810	1.070889	0.528701	0.436810	2.096022	
267000	-111957	1,2,3,4,5,6	71.354689	5.960338	6.273134	5.644975	4.988275	6.316996	6.181576	1,1,2,3,3,4	71.354689	0.511330	0.173780	0.248205	0.066684	0.511330	0.173780	0.248205	0.066684	0.349164	0.377752	0.116605	0.156479	0.275971	0.174435	0.096000	0.453595	0.275971	0.174435	0.096000	0.453595	0.148101	0.185956	0.519011	0.146931	1,1,2,3,4,2	71.354689	0.002840	0.595204	0.097850	0.064950	0.112261	0.126894	0.002840	0.595204	0.097850	0.064950	0.112261	0.126894	0.401090	0.011352	0.087803	0.080348	0.141415	0.277992	0.303332	0.149447	0.029278	0.093561	0.347464	0.076918	0.142795	0.461188	0.056351	0.056918	0.022296	0.260452	0.401090	0.011352	0.087803	0.080348	0.141415	0.277992	1,2,1,3,4,5	71.354689	1.005410	0.419857	1.005410	0.684103	0.527395	1.701361	
268000	-112673	1,2,3,4,4,5	71.354689	5.461275	5.624054	5.225809	5.019033	5.019033	6.088869	1,1,2,3,4,4	71.354689	0.539451	0.085810	0.304430	0.070309	0.539451	0.085810	0.304430	0.070309	0.247617	0.378092	0.124414	0.249877	0.145269	0.202829	0.005878	0.646024	0.219179	0.136565	0.432594	0.211663	0.219179	0.136565	0.432594	0.211663	1,2,3,4,5,3	71.354689	0.005242	0.226845	0.036768	0.208402	0.389713	0.133031	0.076710	0.414445	0.164829	0.040736	0.191649	0.111631	0.280249	0.004586	0.215067	0.065896	0.205809	0.228393	0.202823	0.202990	0.027666	0.147207	0.211288	0.208026	0.246556	0.087106	0.289812	0.077490	0.087444	0.211591	0.280249	0.004586	0.215067	0.065896	0.205809	0.228393	1,2,3,4,2,5	71.354689	0.765438	0.445949	0.917029	0.513819	0.445949	1.133522	
269000	-113600	1,2,3,2,4,5	71.354689	5.845176	5.157423	5.289797	5.157423	5.731491	5.660757	1,2,3,4,3,1	71.354689	0.458492	0.160468	0.314780	0.066259	0.656936	0.111451	0.142458	0.089155	0.358539	0.347567	0.092185	0.201710	0.090669	0.505196	0.170513	0.233623	0.358539	0.347567	0.092185	0.201710	0.458492	0.160468	0.314780	0.066259	1,1,2,3,1,2	71.354689	0.039155	0.539993	0.081072	0.061105	0.085784	0.192892	0.039155	0.539993	0.081072	0.061105	0.085784	0.192892	0.254465	0.000003	0.068793	0.168190	0.174775	0.333775	0.189481	0.041512	0.251029	0.011541	0.474688	0.031749	0.039155	0.539993	0.081072	0.061105	0.085784	0.192892	0.254465	0.000003	0.068793	0.168190	0.174775	0.333775	1,2,1,3,2,4	71.354689	1.102528	0.407777	1.102528	0.580648	0.407777	2.563651	
270000	-114389	1,2,1,3,4,5	71.354689	5.109076	6.149991	5.109076	4.654143	5.471289	6.090590	1,1,2,3,4,5	71.354689	0.497455	0.240235	0.238228	0.024082	0.497455	0.240235	0.238228	0.024082	0.174288	0.507833	0.050445	0.267434	0.065213	0.153290	0.323643	0.457854	0.467191	0.047175	0.148360	0.337273	0.036055	0.112054	0.343848	0.508043	1,1,2,3,4,2	71.354689	0.004494	0.383500	0.197327	0.026552	0.086752	0.301375	0.004494	0.383500	0.197327	0.026552	0.086752	0.301375	0.372880	0.016093	0.080117	0.329684	0.136596	0.064631	0.419362	0.339468	0.067426	0.034373	0.131075	0.008296	0.262631	0.325865	0.200432	0.028684	0.108641	0.073747	0.372880	0.016093	0.080117	0.329684	0.136596	0.064631	1,2,3,4,4,5	71.354689	1.297819	0.323315	1.281814	0.488782	0.488782	1.380366	
271000	-113011	1,2,2,2,3,4	71.354689	5.647601	4.684473	4.684473	4.684473	5.500754	5.746498	1,2,2,3,3,1	71.354689	0.401392	0.112269	0.290547	0.195792	0.397928	0.248047	0.147922	0.206102	0.397928	0.248047	0.147922	0.206102	0.316386	0.224938	0.125260	0.333416	0.316386	0.224938	0.125260	0.333416	0.401392	0.112269	0.290547	0.195792	1,1,2,3,4,2	71.354689	0.027075	0.768755	0.086872	0.054487	0.035718	0.027093	0.027075	0.768755	0.086872	0.054487	0.035718	0.027093	0.326652	0.015612	0.084618	0.096008	0.147719	0.329391	0.310921	0.193245	0.033362	0.164693	0.282813	0.014966	0.170696	0.442328	0.135939	0.111345	0.006725	0.132967	0.326652	0.015612	0.084618	0.096008	0.147719	0.329391	1,2,3,4,2,5	71.354689	1.129347	0.470047	1.086960	0.547748	0.470047	1.342418	
272000	-116471	1,2,3,2,4,4	71.354689	5.798416	4.831227	5.732380	4.831227	5.585500	5.585500	1,1,2,3,2,4	71.354689	0.561564	0.254829	0.176426	0.007181	0.561564	0.254829	0.176426	0.007181	0.236397	0.379626	0.204900	0.179077	0.262955	0.466953	0.061714	0.208378	0.236397	0.379626	0.204900	0.179077	0.212925	0.122614	0.616285	0.048176	1,1,2,3,4,5	71.354689	0.006814	0.198731	0.322355	0.054990	0.216108	0.201003	0.006814	0.198731	0.322355	0.054990	0.216108	0.201003	0.373743	0.035572	0.118960	0.195290	0.201910	0.074525	0.148786	0.028256	0.022464	0.015351	0.397387	0.387756	0.056930	0.145591	0.134693	0.144175	0.026370	0.492241	0.471203	0.025519	0.141236	0.167329	0.014127	0.180586	1,2,1,3,2,4	71.354689	1.063450	0.422289	1.063450	0.777226	0.422289	2.172793	
273000	-111999	1,2,3,3,4,5	71.354689	5.367893	5.913218	4.592326	4.592326	5.153740	5.910493	1,1,2,2,3,4	71.354689	0.546183	0.191611	0.231272	0.030934	0.546183	0.191611	0.231272	0.030934	0.204208	0.337330	0.028084	0.430377	0.204208	0.337330	0.028084	0.430377	0.291196	0.237328	0.060091	0.411385	0.261603	0.075034	0.443283	0.220080	1,1,2,3,4,2	71.354689	0.007461	0.357485	0.246442	0.042065	0.169609	0.176938	0.007461	0.357485	0.246442	0.042065	0.169609	0.176938	0.413935	0.001122	0.067755	0.138546	0.119042	0.259599	0.012812	0.567656	0.035598	0.098154	0.193558	0.092223	0.282668	0.456781	0.121085	0.014910	0.040577	0.083980	0.413935	0.001122	0.067755	0.138546	0.119042	0.259599	1,2,1,3,4,5	71.354689	1.069448	0.411400	1.069448	0.592339	0.429873	1.371838	
274000	-112601	1,2,3,4,5,6	71.354689	5.400167	6.392852	5.644288	5.164206	5.789700	5.626535	1,1,2,3,4,5	71.354689	0.531847	0.214076	0.233423	0.020654	0.531847	0.214076	0.233423	0.020654	0.406790	0.373067	0.087136	0.133007	0.257003	0.234450	0.080745	0.427802	0.521751	0.163167	0.091756	0.223327	0.419102	0.097648	0.231006	0.252245	1,1,2,3,4,5	71.354689	0.002275	0.278404	0.161147	0.031925	0.175853	0.350395	0.002275	0.278404	0.161147	0.031925	0.175853	0.350395	0.487922	0.082737	0.104806	0.037845	0.237809	0.048881	0.061323	0.263404	0.056787	0.039925	0.420425	0.158135	0.067511	0.137602	0.200077	0.113895	0.052056	0.428859	0.146501	0.047237	0.139596	0.090524	0.338045	0.238097	1,2,3,4,5,6	71.354689	1.395265	0.413024	0.766841	0.716984	0.405122	1.499770	
275000	-112076	1,2,2,1,3,4	71.354689	5.483548	4.262399	4.262399	5.483548	5.013762	6.307457	1,1,2,3,4,5	71.354689	0.335518	0.309491	0.321202	0.033788	0.335518	0.309491	0.321202	0.033788	0.477827	0.239314	0.105640	0.177219	0.170344	0.213858	0.041962	0.573835	0.359896	0.063482	0.296685	0.279936	0.204926	0.100245	0.496116	0.198713	1,1,2,3,4,2	71.354689	0.000217	0.523762	0.188875	0.055747	0.022327	0.209073	0.000217	0.523762	0.188875	0.055747	0.022327	0.209073	0.367109	0.003039	0.063933	0.104259	0.266144	0.195517	0.213353	0.168681	0.062328	0.230179	0.301185	0.024274	0.292147	0.088612	0.247649	0.079890	0.191317	0.100385	0.367109	0.003039	0.063933	0.104259	0.266144	0.195517	1,2,3,4,2,5	71.354689	1.108722	0.478496	1.013721	0.509735	0.478496	1.483870	
276000	-115600	1,2,3,4,3,4	71.354689	5.749696	6.840307	5.610447	4.806732	5.610447	4.806732	1,1,2,3,2,4	71.354689	0.523743	0.196940	0.265928	0.013389	0.523743	0.196940	0.265928	0.013389	0.394002	0.341186	0.066785	0.198027	0.083876	0.809222	0.009247	0.097656	0.394002	0.341186	0.066785	0.198027	0.371670	0.057713	0.169293	0.401323	1,1,2,3,3,2	71.354689	0.005936	0.286662	0.248894	0.033878	0.159516	0.265115	0.005936	0.286662	0.248894	0.033878	0.159516	0.265115	0.314847	0.017060	0.015649	0.182900	0.253397	0.216146	0.048500	0.100295	0.132144	0.027685	0.097816	0.593560	0.048500	0.100295	0.132144	0.027685	0.097816	0.593560	0.314847	0.017060	0.015649	0.182900	0.253397	0.216146	1,2,3,4,5,6	71.354689	1.449430	0.437415	1.087028	0.461991	0.516565	1.382003	
277000	-114109	1,2,3,4,4,5	71.354689	5.647188	5.277446	5.498383	4.962685	4.962685	5.001465	1,1,2,3,4,5	71.354689	0.450216	0.228509	0.299534	0.021741	0.450216	0.228509	0.299534	0.021741	0.263148	0.401295	0.035443	0.300113	0.364390	0.270801	0.006232	0.358576	0.422752	0.235142	0.132630	0.209475	0.213166	0.157411	0.338914	0.290509	1,1,2,2,3,4	71.354689	0.004090	0.303982	0.263932	0.035925	0.212432	0.179639	0.004090	0.303982	0.263932	0.035925	0.212432	0.179639	0.321404	0.114772	0.096236	0.040903	0.367667	0.059018	0.321404	0.114772	0.096236	0.040903	0.367667	0.059018	0.022953	0.336323	0.344777	0.076224	0.127569	0.092155	0.125529	0.079498	0.057111	0.111283	0.366735	0.259843	1,2,3,4,2,3	71.354689	1.122490	0.499504	1.124242	0.531136	0.499504	1.124242	
278000	-113150	1,2,3,4,5,4	71.354689	6.857693	6.005696	5.168602	4.335826	5.196954	4.335826	1,2,3,4,5,2	71.354689	0.476259	0.133398	0.372856	0.017487	0.574365	0.078969	0.272664	0.074002	0.490881	0.289574	0.043482	0.176063	0.065688	0.404269	0.210054	0.319989	0.273957	0.142892	0.211180	0.371971	0.574365	0.078969	0.272664	0.074002	1,2,3,4,5,3	71.354689	0.002504	0.229040	0.211786	0.010152	0.090465	0.456052	0.027791	0.411049	0.096259	0.114086	0.251520	0.099294	0.162806	0.005520	0.026762	0.158696	0.128741	0.517474	0.222731	0.227355	0.066635	0.143387	0.255012	0.084881	0.304349	0.340356	0.189624	0.058868	0.013632	0.093170	0.162806	0.005520	0.026762	0.158696	0.128741	0.517474	1,2,3,4,5,6	71.354689	0.975700	0.449753	0.986782	0.726760	0.450324	1.851690	
279000	-113348	1,2,1,1,1,3	71.354689	5.083739	7.000144	5.083739	5.083739	5.083739	5.867556	1,1,2,3,4,4	71.354689	0.632384	0.142485	0.212038	0.013093	0.632384	0.142485	0.212038	0.013093	0.526267	0.227488	0.147941	0.098304	0.028913	0.430649	0.203481	0.336956	0.317221	0.073833	0.429702	0.179244	0.317221	0.073833	0.429702	0.179244	1,1,2,3,3,2	71.354689	0.002283	0.212854	0.209018	0.031474	0.195274	0.349096	0.002283	0.212854	0.209018	0.031474	0.195274	0.349096	0.163551	0.020212	0.057393	0.068654	0.296071	0.394119	0.123405	0.149186	0.397834	0.061989	0.177555	0.090031	0.123405	0.149186	0.397834	0.061989	0.177555	0.090031	0.163551	0.020212	0.057393	0.068654	0.296071	0.394119	1,2,3,4,5,6	71.354689	1.387097	0.318001	0.840063	0.699332	0.502470	1.541203	
280000	-113772	1,2,3,4,5,6	71.354689	5.515492	6.702005	5.228518	5.268406	5.786755	5.846434	1,2,3,4,3,5	71.354689	0.316030	0.169694	0.404999	0.109277	0.626184	0.135111	0.227504	0.011201	0.601651	0.165381	0.072659	0.160309	0.274519	0.173220	0.013926	0.538334	0.601651	0.165381	0.072659	0.160309	0.173818	0.137213	0.460984	0.227985	1,1,2,3,4,5	71.354689	0.013443	0.517743	0.166938	0.095149	0.041205	0.165523	0.013443	0.517743	0.166938	0.095149	0.041205	0.165523	0.253196	0.121776	0.117264	0.186725	0.220471	0.100568	0.327291	0.070622	0.125447	0.068113	0.321394	0.087133	0.091739	0.486825	0.061733	0.180873	0.094900	0.083929	0.277856	0.038377	0.149172	0.047882	0.187214	0.299499	1,2,1,3,4,5	71.354689	0.961081	0.548144	0.961081	0.679990	0.455976	1.250363	
281000	-112678	1,2,3,2,4,5	71.354689	6.161121	5.004868	5.405700	5.004868	4.993643	5.088376	1,2,3,4,5,5	71.354689	0.507078	0.043716	0.363243	0.085963	0.605450	0.073184	0.209109	0.112257	0.294892	0.348970	0.026634	0.329504	0.031869	0.388438	0.030957	0.548737	0.377123	0.067262	0.309762	0.245854	0.377123	0.067262	0.309762	0.245854	1,1,2,2,2,3	71.354689	0.022309	0.555843	0.170881	0.043509	0.046000	0.161458	0.022309	0.555843	0.170881	0.043509	0.046000	0.161458	0.276937	0.173042	0.215372	0.058421	0.146188	0.130039	0.276937	0.173042	0.215372	0.058421	0.146188	0.130039	0.276937	0.173042	0.215372	0.058421	0.146188	0.130039	0.165036	0.078939	0.057023	0.268131	0.204165	0.226706	1,2,3,4,5,6	71.354689	1.202278	0.405292	1.001775	0.522088	0.496416	1.946956	
282000	-114365	1,1,2,1,3,4	71.354689	4.659709	4.659709	5.301277	4.659709	5.376658	6.316561	1,1,2,3,4,4	71.354689	0.545593	0.276982	0.134935	0.042490	0.545593	0.276982	0.134935	0.042490	0.356755	0.270831	0.054713	0.317701	0.114616	0.362055	0.176830	0.346498	0.369710	0.191462	0.177863	0.260964	0.369710	0.191462	0.177863	0.260964	1,1,2,3,4,5	71.354689	0.002881	0.441200	0.157963	0.035668	0.124118	0.238170	0.002881	0.441200	0.157963	0.035668	0.124118	0.238170	0.238148	0.188750	0.102002	0.118025	0.265978	0.087097	0.026558	0.065777	0.188435	0.064214	0.632592	0.022424	0.271910	0.174940	0.154318	0.071432	0.243657	0.083743	0.138598	0.014112	0.120324	0.044122	0.411453	0.271391	1,2,3,4,5,6	71.354689	1.224745	0.452112	1.081848	0.545383	0.473705	1.506597	
283000	-111839	1,2,3,4,5,6	71.354689	5.720594	5.751262	5.696446	5.307595	5.493549	5.136007	1,2,3,4,5,6	71.354689	0.506799	0.179746	0.285920	0.027534	0.589068	0.216003	0.156030	0.038899	0.330200	0.352461	0.133572	0.183766	0.093630	0.136529	0.123311	0.646529	0.391051	0.217773	0.080374	0.310803	0.305082	0.120376	0.199647	0.374896	1,1,2,3,4,5	71.354689	0.005762	0.347770	0.248148	0.050637	0.128376	0.219308	0.005762	0.347770	0.248148	0.050637	0.128376	0.219308	0.243797	0.087952	0.091026	0.013290	0.292114	0.271820	0.318698	0.187456	0.019742	0.149979	0.302158	0.021968	0.072350	0.184189	0.033458	0.256284	0.067363	0.386356	0.260598	0.037265	0.086926	0.109175	0.112149	0.393888	1,2,3,4,5,6	71.354689	1.161941	0.378909	0.922091	0.480652	0.401498	1.352008	
284000	-113789	1,2,3,4,5,2	71.354689	6.186974	6.395312	5.914111	5.211416	6.340262	6.395312	1,1,2,3,4,5	71.354689	0.607110	0.044647	0.328832	0.019411	0.607110	0.044647	0.328832	0.019411	0.331085	0.399472	0.138113	0.131330	0.318409	0.191074	0.028480	0.462037	0.524573	0.079010	0.122553	0.273864	0.181360	0.165434	0.174364	0.478841	1,1,2,3,4,5	71.354689	0.026410	0.245534	0.203571	0.070750	0.321560	0.132176	0.026410	0.245534	0.203571	0.070750	0.321560	0.132176	0.494290	0.001402	0.046374	0.006663	0.246065	0.205205	0.123647	0.004361	0.002299	0.351543	0.385749	0.132400	0.122902	0.432284	0.091049	0.160450	0.104343	0.088971	0.169251	0.021832	0.059242	0.106515	0.474596	0.168564	1,2,1,3,4,5	71.354689	1.058861	0.367713	1.058861	0.680345	0.545741	1.330305	
285000	-113928	1,2,3,4,5,2	71.354689	5.716840	5.460710	6.070041	5.851807	6.135325	5.460710	1,2,3,4,3,1	71.354689	0.348467	0.107618	0.395665	0.148249	0.552789	0.068738	0.371085	0.007388	0.348331	0.279207	0.113809	0.258653	0.040788	0.097567	0.241683	0.619961	0.348331	0.279207	0.113809	0.258653	0.348467	0.107618	0.395665	0.148249	1,1,2,2,3,4	71.354689	0.007998	0.406079	0.118709	0.099667	0.201683	0.165863	0.007998	0.406079	0.118709	0.099667	0.201683	0.165863	0.240783	0.277380	0.053529	0.077050	0.306669	0.044590	0.240783	0.277380	0.053529	0.077050	0.306669	0.044590	0.072419	0.164035	0.061813	0.116420	0.070516	0.514797	0.095060	0.001897	0.084407	0.106297	0.056016	0.656324	1,2,3,2,4,5	71.354689	1.045123	0.463455	0.931730	0.463455	0.517970	2.263853	
286000	-112543	1,2,3,4,3,5	71.354689	6.372757	6.158332	4.605862	5.588281	4.605862	5.687059	1,1,2,3,4,4	71.354689	0.520421	0.204539	0.224324	0.050716	0.520421	0.204539	0.224324	0.050716	0.238591	0.290478	0.155993	0.314939	0.053862	0.190272	0.190651	0.565216	0.263656	0.090412	0.368177	0.277755	0.263656	0.090412	0.368177	0.277755	1,1,2,3,4,2	71.354689	0.020535	0.407428	0.396228	0.054117	0.025789	0.095903	0.020535	0.407428	0.396228	0.054117	0.025789	0.095903	0.504490	0.034167	0.070652	0.116297	0.074286	0.200107	0.349800	0.181331	0.117032	0.054766	0.198349	0.098722	0.312549	0.136206	0.246931	0.105669	0.081608	0.117036	0.504490	0.034167	0.070652	0.116297	0.074286	0.200107	1,2,1,3,2,4	71.354689	1.230082	0.559009	1.230082	0.614617	0.559009	1.798611	
287000	-113906	1,1,2,1,3,4	71.354689	4.734931	4.734931	5.585931	4.734931	5.692427	6.597500	1,2,3,4,5,6	71.354689	0.314758	0.352717	0.319641	0.012884	0.394000	0.178451	0.308552	0.118997	0.386103	0.408928	0.001881	0.203088	0.082376	0.582503	0.015989	0.319131	0.429551	0.035449	0.112070	0.422929	0.145590	0.119435	0.392227	0.342747	1,2,3,2,4,3	71.354689	0.019365	0.208109	0.528217	0.018503	0.214412	0.011394	0.058065	0.411659	0.050989	0.025336	0.133090	0.320861	0.260265	0.027908	0.062533	0.281616	0.118353	0.249325	0.058065	0.411659	0.050989	0.025336	0.133090	0.320861	0.111708	0.330215	0.169607	0.134613	0.112618	0.141240	0.260265	0.027908	0.062533	0.281616	0.118353	0.249325	1,2,3,4,4,5	71.354689	1.151066	0.440034	0.980758	0.473735	0.473735	1.951138	
288000	-114660	1,2,3,3,4,5	71.354689	6.179118	6.442088	5.298078	5.298078	5.449140	5.829147	1,1,2,3,3,4	71.354689	0.584332	0.103158	0.292223	0.020286	0.584332	0.103158	0.292223	0.020286	0.341049	0.307537	0.186284	0.165130	0.343038	0.109824	0.214683	0.332455	0.343038	0.109824	0.214683	0.332455	0.218575	0.187609	0.407109	0.186707	1,1,2,3,2,4	71.354689	0.009953	0.225134	0.265336	0.034662	0.331602	0.133312	0.009953	0.225134	0.265336	0.034662	0.331602	0.133312	0.318018	0.254112	0.102478	0.043362	0.154827	0.127202	0.033016	0.066687	0.025334	0.220924	0.391860	0.262178	0.318018	0.254112	0.102478	0.043362	0.154827	0.127202	0.130505	0.108535	0.121435	0.016064	0.178899	0.444562	1,2,1,3,2,4	71.354689	1.068479	0.434907	1.068479	0.680691	0.434907	1.801966	
289000	-112245	1,2,3,2,4,2	71.354689	6.089887	4.577934	5.694108	4.577934	5.580450	4.577934	1,1,2,3,4,5	71.354689	0.584716	0.053341	0.311336	0.050607	0.584716	0.053341	0.311336	0.050607	0.448523	0.236900	0.141270	0.173307	0.145624	0.145521	0.229320	0.479535	0.363231	0.324307	0.132493	0.179968	0.307126	0.084560	0.385804	0.222509	1,2,3,4,5,3	71.354689	0.035092	0.727086	0.070450	0.087606	0.031725	0.048041	0.087277	0.364507	0.041814	0.088337	0.185861	0.232204	0.273158	0.022041	0.104282	0.106015	0.189542	0.304961	0.228786	0.115086	0.060505	0.040738	0.549386	0.005498	0.050361	0.454938	0.147307	0.083191	0.028008	0.236195	0.273158	0.022041	0.104282	0.106015	0.189542	0.304961	1,2,1,3,4,5	71.354689	0.980803	0.346571	0.980803	0.649398	0.520833	1.212004	
290000	-112362	1,2,1,3,4,5	71.354689	4.842226	5.930228	4.842226	4.795998	5.790753	5.607276	1,1,2,2,3,3	71.354689	0.570809	0.187301	0.213829	0.028061	0.570809	0.187301	0.213829	0.028061	0.189757	0.395871	0.020793	0.393579	0.189757	0.395871	0.020793	0.393579	0.378464	0.111016	0.213205	0.297315	0.378464	0.111016	0.213205	0.297315	1,1,2,3,4,2	71.354689	0.014833	0.556526	0.097457	0.062184	0.090905	0.178095	0.014833	0.556526	0.097457	0.062184	0.090905	0.178095	0.297517	0.026183	0.067645	0.117192	0.086353	0.405110	0.108689	0.100768	0.165763	0.015076	0.345772	0.263932	0.120763	0.125611	0.066905	0.451842	0.150714	0.084166	0.297517	0.026183	0.067645	0.117192	0.086353	0.405110	1,2,1,3,4,5	71.354689	1.187109	0.350441	1.187109	0.538643	0.509037	1.621262	
291000	-112780	1,2,3,4,2,5	71.354689	5.763548	4.599326	5.475568	4.973568	4.599326	6.417941	1,1,2,3,4,4	71.354689	0.384571	0.243933	0.341738	0.029758	0.384571	0.243933	0.341738	0.029758	0.315906	0.239676	0.287557	0.156861	0.087634	0.211882	0.064359	0.636126	0.308508	0.067704	0.347960	0.275828	0.308508	0.067704	0.347960	0.275828	1,1,2,3,2,4	71.354689	0.008082	0.296404	0.133666	0.021691	0.384176	0.155981	0.008082	0.296404	0.133666	0.021691	0.384176	0.155981	0.393112	0.162622	0.137476	0.051903	0.150960	0.103927	0.382704	0.057153	0.277687	0.030685	0.222772	0.028999	0.393112	0.162622	0.137476	0.051903	0.150960	0.103927	0.363037	0.021788	0.025563	0.064184	0.357251	0.168178	1,2,3,2,4,5	71.354689	1.216259	0.449691	1.083311	0.449691	0.491611	2.441467	
292000	-113390	1,2,2,3,4,2	71.354689	5.784007	5.076161	5.076161	5.212208	5.345233	5.076161	1,1,2,3,4,5	71.354689	0.385493	0.100426	0.425438	0.088643	0.385493	0.100426	0.425438	0.088643	0.363524	0.484743	0.040074	0.111659	0.139988	0.269940	0.128773	0.461299	0.378623	0.119634	0.216762	0.284981	0.234746	0.094140	0.421349	0.249765	1,1,2,3,4,5	71.354689	0.021749	0.413737	0.379963	0.087566	0.031068	0.065917	0.021749	0.413737	0.379963	0.087566	0.031068	0.065917	0.390506	0.003545	0.081872	0.176868	0.308305	0.038904	0.046459	0.076367	0.450048	0.039542	0.313209	0.074376	0.138636	0.277099	0.226705	0.098929	0.055299	0.203333	0.095615	0.087023	0.136308	0.145954	0.162843	0.372257	1,2,3,4,5,6	71.354689	0.923716	0.510613	0.779483	0.385239	0.494559	1.188758	
293000	-112284	1,2,3,2,4,5	71.354689	5.495588	4.916500	5.084871	4.916500	5.469915	5.933663	1,2,3,4,5,6	71.354689	0.361995	0.243661	0.345589	0.048754	0.708828	0.094781	0.118629	0.077762	0.277792	0.344430	0.132750	0.245027	0.120180	0.239075	0.260482	0.380264	0.372836	0.123053	0.239941	0.264170	0.116385	0.123585	0.575189	0.184842	1,2,3,4,5,3	71.354689	0.068459	0.547642	0.098286	0.143710	0.080784	0.061120	0.034347	0.481894	0.080076	0.005465	0.054109	0.344110	0.425911	0.011711	0.074555	0.120963	0.207444	0.159416	0.080365	0.279197	0.094455	0.072739	0.444300	0.028944	0.071645	0.266716	0.244203	0.160073	0.114367	0.142996	0.425911	0.011711	0.074555	0.120963	0.207444	0.159416	1,2,3,4,2,5	71.354689	0.991490	0.448505	1.019989	0.758340	0.448505	1.441181	
294000	-113123	1,2,1,2,2,3	71.354689	5.771168	5.096301	5.771168	5.096301	5.096301	5.486386	1,2,3,4,2,5	71.354689	0.426892	0.214270	0.349358	0.009480	0.436988	0.239479	0.213761	0.109772	0.418774	0.397994	0.049683	0.133549	0.055497	0.359512	0.174623	0.410368	0.436988	0.239479	0.213761	0.109772	0.354732	0.169160	0.263879	0.212229	1,2,3,4,5,3	71.354689	0.013809	0.363717	0.124621	0.119779	0.227752	0.150322	0.042230	0.386988	0.009798	0.046114	0.079179	0.435691	0.277194	0.054062	0.057624	0.122336	0.145408	0.343377	0.197237	0.376039	0.087827	0.064097	0.194317	0.080483	0.116554	0.172044	0.100885	0.048425	0.301623	0.260468	0.277194	0.054062	0.057624	0.122336	0.145408	0.343377	1,2,1,3,3,4	71.354689	1.086520	0.436435	1.086520	0.503107	0.503107	2.117902	
295000	-114181	1,1,2,2,3,4	71.354689	5.120136	5.120136	4.765323	4.765323	5.741878	5.767199	1,1,2,3,4,5	71.354689	0.432626	0.271998	0.205617	0.089759	0.432626	0.271998	0.205617	0.089759	0.569851	0.220292	0.054780	0.155077	0.395365	0.159868	0.026566	0.418201	0.283961	0.244082	0.180467	0.291490	0.166388	0.269689	0.328471	0.235452	1,1,2,3,4,5	71.354689	0.003566	0.339088	0.083665	0.037776	0.365141	0.170764	0.003566	0.339088	0.083665	0.037776	0.365141	0.170764	0.132633	0.104809	0.040362	0.204716	0.191840	0.325640	0.026810	0.192905	0.001267	0.179221	0.267435	0.332363	0.025879	0.291836	0.171385	0.092062	0.078413	0.340425	0.320940	0.032357	0.039326	0.098579	0.250768	0.258029	1,2,3,4,5,6	71.354689	0.906507	0.418874	1.100541	0.451186	0.442214	1.778606	
296000	-112801	1,2,2,2,3,2	71.354689	7.010996	4.403097	4.403097	4.403097	6.172300	4.403097	1,2,3,4,5,6	71.354689	0.373908	0.266958	0.332089	0.027046	0.632150	0.189278	0.134016	0.044555	0.214464	0.294336	0.238248	0.252952	0.211314	0.243165	0.092704	0.452817	0.241580	0.254748	0.140905	0.362767	0.257612	0.118749	0.486946	0.136694	1,1,2,3,1,2	71.354689	0.054738	0.446279	0.080429	0.026532	0.050945	0.341078	0.054738	0.446279	0.080429	0.026532	0.050945	0.341078	0.344168	0.001883	0.093160	0.126545	0.168496	0.265748	0.019910	0.373894	0.026286	0.109787	0.291860	0.178263	0.054738	0.446279	0.080429	0.026532	0.050945	0.341078	0.344168	0.001883	0.093160	0.126545	0.168496	0.265748	1,2,1,3,2,4	71.354689	1.091357	0.492785	1.091357	0.757077	0.492785	2.054265	
297000	-113150	1,2,3,4,5,6	71.354689	6.166815	4.818285	5.302174	4.814954	6.766671	5.696279	1,1,2,3,4,5	71.354689	0.422255	0.168007	0.359207	0.050530	0.422255	0.168007	0.359207	0.050530	0.292298	0.333942	0.007921	0.365839	0.182747	0.424508	0.081247	0.311498	0.492344	0.183916	0.213216	0.110524	0.126640	0.066717	0.619614	0.187028	1,2,3,4,5,3	71.354689	0.007588	0.550383	0.091268	0.112570	0.034861	0.203330	0.035370	0.341668	0.002559	0.020382	0.200660	0.399361	0.435126	0.015619	0.042099	0.127218	0.246395	0.133543	0.098817	0.191115	0.158198	0.157055	0.375447	0.019368	0.081984	0.332500	0.100289	0.305503	0.090062	0.089662	0.435126	0.015619	0.042099	0.127218	0.246395	0.133543	1,2,1,3,2,4	71.354689	1.128364	0.451442	1.128364	0.834166	0.451442	1.795998	
298000	-111883	1,2,3,4,5,6	71.354689	5.516396	5.949974	5.298791	4.921084	5.804901	5.037016	1,1,2,3,2,4	71.354689	0.536394	0.191403	0.254778	0.017425	0.536394	0.191403	0.254778	0.017425	0.350916	0.260215	0.109396	0.279473	0.201873	0.173574	0.146300	0.478254	0.350916	0.260215	0.109396	0.279473	0.246794	0.074077	0.573158	0.105971	1,1,2,3,4,2	71.354689	0.003940	0.231266	0.298004	0.016465	0.124608	0.325717	0.003940	0.231266	0.298004	0.016465	0.124608	0.325717	0.387543	0.015330	0.145338	0.112962	0.116054	0.222773	0.088448	0.010352	0.136878	0.117052	0.629979	0.017291	0.192327	0.293338	0.068108	0.048725	0.062405	0.335096	0.387543	0.015330	0.145338	0.112962	0.116054	0.222773	1,2,3,4,2,5	71.354689	1.322720	0.437395	1.086867	0.706464	0.437395	1.671461	
299000	-114745	1,2,3,4,4,5	71.354689	6.134750	6.608406	5.249925	5.103841	5.103841	5.766107	1,1,2,2,3,4	71.354689	0.566248	0.036279	0.299525	0.097948	0.566248	0.036279	0.299525	0.097948	0.255594	0.416792	0.022847	0.304768	0.255594	0.416792	0.022847	0.304768	0.563305	0.094972	0.244053	0.097670	0.364999	0.148427	0.245044	0.241529	1,1,2,3,3,2	71.354689	0.009298	0.539514	0.072737	0.134411	0.030302	0.213739	0.009298	0.539514	0.072737	0.134411	0.030302	0.213739	0.308009	0.097339	0.131418	0.035951	0.144550	0.282732	0.199411	0.144342	0.170447	0.019239	0.278656	0.187906	0.199411	0.144342	0.170447	0.019239	0.278656	0.187906	0.308009	0.097339	0.131418	0.035951	0.144550	0.282732	1,2,1,3,4,5	71.354689	1.053153	0.394174	1.053153	0.595878	0.413782	1.172788	
300000	-112832	1,2,2,3,4,5	71.354689	5.720355	5.199976	5.199976	4.936372	5.726181	5.837143	1,1,2,3,4,5	71.354689	0.392871	0.229090	0.310188	0.067851	0.392871	0.229090	0.310188	0.067851	0.190689	0.354280	0.149952	0.305080	0.290338	0.170082	0.122747	0.416834	0.387832	0.175980	0.128735	0.307453	0.181120	0.075953	0.405044	0.337882	1,1,2,3,4,2	71.354689	0.002961	0.345474	0.387358	0.062819	0.057946	0.143442	0.002961	0.345474	0.387358	0.062819	0.057946	0.143442	0.412913	0.011825	0.152828	0.158755	0.124625	0.139053	0.064378	0.134926	0.140265	0.182833	0.368751	0.108847	0.118357	0.309235	0.170582	0.137219	0.038033	0.226574	0.412913	0.011825	0.152828	0.158755	0.124625	0.139053	1,2,1,3,2,4	71.354689	1.168584	0.407928	1.168584	0.636870	0.407928	1.865382	
301000	-112552	1,2,3,4,5,6	71.354689	6.014376	6.717462	5.795797	5.219233	5.383467	6.207276	1,2,3,4,5,6	71.354689	0.410589	0.167369	0.403967	0.018075	0.652023	0.037142	0.276617	0.034218	0.424055	0.456615	0.035910	0.083421	0.167889	0.145018	0.113068	0.574025	0.256450	0.128603	0.194037	0.420910	0.086337	0.165780	0.460090	0.287794	1,1,2,3,4,2	71.354689	0.010803	0.458037	0.228076	0.086080	0.075748	0.141256	0.010803	0.458037	0.228076	0.086080	0.075748	0.141256	0.284073	0.037606	0.063666	0.109315	0.250286	0.255054	0.421229	0.147047	0.077359	0.117597	0.219913	0.016855	0.193643	0.147554	0.068515	0.309434	0.096092	0.184763	0.284073	0.037606	0.063666	0.109315	0.250286	0.255054	1,2,3,4,5,6	71.354689	1.041309	0.431296	0.843065	0.605928	0.496843	1.577672	
302000	-113486	1,2,3,4,3,5	71.354689	5.902214	5.093822	5.557499	5.097377	5.557499	4.969779	1,2,3,4,2,5	71.354689	0.479437	0.065989	0.310373	0.144202	0.422775	0.150754	0.217542	0.208930	0.310627	0.336504	0.060841	0.292027	0.176574	0.414749	0.106708	0.301970	0.422775	0.150754	0.217542	0.208930	0.231845	0.018227	0.399259	0.350669	1,1,2,3,3,2	71.354689	0.001972	0.563860	0.059447	0.175867	0.067158	0.131696	0.001972	0.563860	0.059447	0.175867	0.067158	0.131696	0.301915	0.017600	0.037488	0.156335	0.374913	0.111750	0.177545	0.213848	0.153237	0.121831	0.158766	0.174773	0.177545	0.213848	0.153237	0.121831	0.158766	0.174773	0.301915	0.017600	0.037488	0.156335	0.374913	0.111750	1,2,1,3,3,4	71.354689	1.027561	0.347031	1.027561	0.501549	0.501549	1.236453	
303000	-113209	1,2,1,3,4,5	71.354689	5.509404	6.596758	5.509404	4.141927	5.286268	5.937706	1,1,2,3,2,4	71.354689	0.592494	0.133052	0.269777	0.004677	0.592494	0.133052	0.269777	0.004677	0.204666	0.368988	0.156284	0.270062	0.289748	0.075895	0.044794	0.589563	0.204666	0.368988	0.156284	0.270062	0.227464	0.115559	0.248465	0.408512	1,1,2,3,4,2	71.354689	0.003404	0.155158	0.146790	0.015156	0.160669	0.518824	0.003404	0.155158	0.146790	0.015156	0.160669	0.518824	0.539983	0.026511	0.085779	0.045678	0.113417	0.188631	0.122622	0.187303	0.031273	0.026006	0.454311	0.178486	0.089162	0.216512	0.293781	0.129757	0.098435	0.172353	0.539983	0.026511	0.085779	0.045678	0.113417	0.188631	1,2,3,4,5,6	71.354689	1.268767	0.335226	1.006618	0.694767	0.642986	1.770062	
304000	-111537	1,2,3,4,1,5	71.354689	5.522023	5.808086	5.414003	5.119888	5.522023	6.480053	1,1,2,3,2,4	71.354689	0.560002	0.159832	0.225837	0.054329	0.560002	0.159832	0.225837	0.054329	0.270086	0.344793	0.174305	0.210816	0.071444	0.104419	0.019854	0.804284	0.270086	0.344793	0.174305	0.210816	0.163602	0.052212	0.512897	0.271289	1,1,2,3,4,2	71.354689	0.010250	0.413780	0.137019	0.050812	0.261524	0.126616	0.010250	0.413780	0.137019	0.050812	0.261524	0.126616	0.327392	0.008099	0.089790	0.103397	0.190473	0.280848	0.026787	0.064993	0.058764	0.272134	0.435011	0.142312	0.083761	0.311018	0.152683	0.095969	0.042173	0.314395	0.327392	0.008099	0.089790	0.103397	0.190473	0.280848	1,2,3,4,4,5	71.354689	1.154463	0.408691	1.084115	0.578831	0.578831	1.729018	
305000	-113621	1,2,3,3,4,5	71.354689	5.566744	5.570427	4.195304	4.195304	6.875850	6.575505	1,2,3,4,3,1	71.354689	0.434471	0.144672	0.278816	0.142041	0.579488	0.165154	0.223477	0.031881	0.472211	0.160054	0.170953	0.196782	0.060370	0.282889	0.223010	0.433732	0.472211	0.160054	0.170953	0.196782	0.434471	0.144672	0.278816	0.142041	1,1,2,1,3,2	71.354689	0.081174	0.406763	0.099621	0.086891	0.251855	0.073696	0.081174	0.406763	0.099621	0.086891	0.251855	0.073696	0.379746	0.014013	0.065617	0.111007	0.221632	0.207985	0.081174	0.406763	0.099621	0.086891	0.251855	0.073696	0.176317	0.452946	0.098112	0.043742	0.073184	0.155700	0.379746	0.014013	0.065617	0.111007	0.221632	0.207985	1,2,1,3,4,5	71.354689	1.209985	0.394348	1.209985	0.518764	0.421505	1.347425	
306000	-112085	1,2,3,4,5,6	71.354689	6.281289	5.273322	5.491184	5.354322	5.031998	5.716515	1,2,3,4,3,5	71.354689	0.503917	0.075906	0.399236	0.020941	0.557293	0.146706	0.219520	0.076481	0.283699	0.381893	0.106236	0.228173	0.140549	0.336886	0.112411	0.410153	0.283699	0.381893	0.106236	0.228173	0.336622	0.132806	0.282301	0.248271	1,2,3,4,2,3	71.354689	0.006268	0.178821	0.179611	0.038554	0.154874	0.441874	0.033684	0.534465	0.223002	0.081925	0.041582	0.085343	0.245536	0.026619	0.091506	0.083888	0.163282	0.389168	0.238580	0.109249	0.108814	0.262947	0.279650	0.000760	0.033684	0.534465	0.223002	0.081925	0.041582	0.085343	0.245536	0.026619	0.091506	0.083888	0.163282	0.389168	1,2,3,4,5,6	71.354689	1.272799	0.414053	1.059795	0.835738	0.423745	1.514525	
307000	-113280	1,1,1,1,2,3	71.354689	4.571402	4.571402	4.571402	4.571402	4.994271	6.053647	1,1,2,3,4,4	71.354689	0.379992	0.338759	0.228069	0.053180	0.379992	0.338759	0.228069	0.053180	0.630622	0.203099	0.061617	0.104661	0.047070	0.389952	0.171914	0.391064	0.347117	0.083477	0.339519	0.229887	0.347117	0.083477	0.339519	0.229887	1,1,2,2,3,2	71.354689	0.015121	0.572584	0.141389	0.054914	0.163645	0.052348	0.015121	0.572584	0.141389	0.054914	0.163645	0.052348	0.205578	0.016432	0.110446	0.097078	0.419199	0.151267	0.205578	0.016432	0.110446	0.097078	0.419199	0.151267	0.324550	0.243112	0.161346	0.014095	0.132452	0.124445	0.205578	0.016432	0.110446	0.097078	0.419199	0.151267	1,2,1,3,4,5	71.354689	1.121543	0.434822	1.121543	0.643606	0.502009	1.369948	
308000	-113842	1,2,3,4,5,6	71.354689	6.505000	4.845023	5.054005	4.743051	5.793334	5.184647	1,1,2,3,4,5	71.354689	0.476222	0.080484	0.363340	0.079955	0.476222	0.080484	0.363340	0.079955	0.529321	0.289899	0.010274	0.170506	0.092422	0.485306	0.016969	0.405304	0.392203	0.160818	0.269530	0.177449	0.280610	0.164280	0.271046	0.284065	1,1,2,2,3,4	71.354689	0.052094	0.401777	0.205063	0.035805	0.225511	0.079750	0.052094	0.401777	0.205063	0.035805	0.225511	0.079750	0.250276	0.032049	0.163749	0.143391	0.273567	0.136969	0.250276	0.032049	0.163749	0.143391	0.273567	0.136969	0.255328	0.299341	0.147830	0.157786	0.090285	0.049430	0.310072	0.160028	0.049139	0.072610	0.098642	0.309509	1,2,1,3,4,5	71.354689	1.060741	0.413858	1.060741	0.564056	0.533094	1.395275	
309000	-113359	1,2,3,2,4,5	71.354689	6.583488	4.189857	5.847776	4.189857	5.329905	5.954868	1,1,2,3,4,5	71.354689	0.331800	0.385873	0.195381	0.086946	0.331800	0.385873	0.195381	0.086946	0.261163	0.270067	0.091629	0.377141	0.090997	0.430452	0.133421	0.345129	0.536564	0.155520	0.191348	0.116568	0.229846	0.080926	0.575408	0.113821	1,1,2,3,4,2	71.354689	0.009851	0.491865	0.177849	0.055797	0.117012	0.147627	0.009851	0.491865	0.177849	0.055797	0.117012	0.147627	0.436788	0.008318	0.084408	0.049718	0.178379	0.242389	0.039450	0.145526	0.441977	0.106180	0.244864	0.022002	0.055024	0.166679	0.227396	0.210833	0.072338	0.267730	0.436788	0.008318	0.084408	0.049718	0.178379	0.242389	1,2,1,3,4,5	71.354689	0.902594	0.495784	0.902594	0.618328	0.536804	1.077799	
310000	-114604	1,2,2,2,3,4	71.354689	5.531532	4.934517	4.934517	4.934517	6.088195	5.605225	1,1,2,3,4,5	71.354689	0.440850	0.188385	0.209892	0.160873	0.440850	0.188385	0.209892	0.160873	0.175293	0.642440	0.043051	0.139216	0.184594	0.337132	0.152415	0.325859	0.290292	0.206404	0.176156	0.327148	0.334189	0.205476	0.325018	0.135317	1,2,3,1,4,3	71.354689	0.020711	0.304825	0.201110	0.065483	0.348528	0.059343	0.034282	0.634422	0.086606	0.109292	0.099446	0.035953	0.168993	0.020576	0.155538	0.243394	0.169475	0.242023	0.020711	0.304825	0.201110	0.065483	0.348528	0.059343	0.059654	0.476900	0.083704	0.134619	0.038068	0.207055	0.168993	0.020576	0.155538	0.243394	0.169475	0.242023	1,2,1,3,2,1	71.354689	1.133572	0.381717	1.133572	0.706451	0.381717	1.133572	
311000	-114100	1,2,2,3,2,4	71.354689	5.872168	4.859076	4.859076	4.879486	4.859076	4.961158	1,2,3,3,3,4	71.354689	0.322554	0.072106	0.497668	0.107672	0.456580	0.265356	0.182258	0.095805	0.307879	0.255132	0.031236	0.405753	0.307879	0.255132	0.031236	0.405753	0.307879	0.255132	0.031236	0.405753	0.191583	0.099337	0.335319	0.373762	1,1,2,3,4,2	71.354689	0.008102	0.682484	0.097811	0.065666	0.061154	0.084783	0.008102	0.682484	0.097811	0.065666	0.061154	0.084783	0.227838	0.013885	0.085732	0.422665	0.043350	0.206529	0.245439	0.035655	0.036369	0.079000	0.452543	0.150993	0.119636	0.226998	0.057053	0.158608	0.065473	0.372232	0.227838	0.013885	0.085732	0.422665	0.043350	0.206529	1,2,1,3,4,5	71.354689	1.084575	0.367513	1.084575	0.679395	0.431586	1.840930	
312000	-112831	1,2,3,2,4,5	71.354689	6.047038	5.269759	5.448477	5.269759	5.897762	6.327987	1,1,2,3,4,5	71.354689	0.438218	0.149884	0.398942	0.012956	0.438218	0.149884	0.398942	0.012956	0.235743	0.402733	0.083061	0.278462	0.001817	0.096953	0.089289	0.811940	0.299626	0.116921	0.195992	0.387462	0.196500	0.147067	0.452309	0.204125	1,1,2,3,4,5	71.354689	0.005241	0.308599	0.197871	0.032746	0.109290	0.346253	0.005241	0.308599	0.197871	0.032746	0.109290	0.346253	0.278751	0.298447	0.078162	0.208853	0.093812	0.041974	0.160647	0.010815	0.467596	0.081525	0.273435	0.005982	0.186443	0.298988	0.080625	0.330404	0.054456	0.049084	0.345317	0.036928	0.125283	0.039672	0.255149	0.197652	1,2,1,3,4,5	71.354689	1.063402	0.460773	1.063402	0.740359	0.519652	1.691394	
313000	-113304	1,2,3,3,4,5	71.354689	6.172393	6.623384	4.636468	4.636468	5.721648	5.489062	1,1,2,3,4,5	71.354689	0.538269	0.143600	0.282739	0.035392	0.538269	0.143600	0.282739	0.035392	0.165439	0.512018	0.037809	0.284734	0.051084	0.412720	0.218988	0.317207	0.421037	0.084997	0.331226	0.162739	0.260897	0.026661	0.466850	0.245591	1,1,2,3,4,2	71.354689	0.014396	0.486303	0.206988	0.057885	0.088571	0.145856	0.014396	0.486303	0.206988	0.057885	0.088571	0.145856	0.480240	0.036306	0.119811	0.108749	0.113516	0.141378	0.276401	0.065963	0.206884	0.026824	0.228780	0.195149	0.115300	0.230830	0.219848	0.009928	0.215619	0.208475	0.480240	0.036306	0.119811	0.108749	0.113516	0.141378	1,2,3,2,4,5	71.354689	1.125872	0.553585	1.192480	0.553585	0.569859	1.557075	
314000	-112555	1,2,3,2,4,5	71.354689	5.382847	4.582646	5.642927	4.582646	5.124422	6.005705	1,1,2,3,2,4	71.354689	0.403649	0.301210	0.288700	0.006442	0.403649	0.301210	0.288700	0.006442	0.380845	0.306051	0.063599	0.249505	0.093347	0.178793	0.198009	0.529851	0.380845	0.306051	0.063599	0.249505	0.080155	0.124805	0.580230	0.214809	1,1,2,3,4,3	71.354689	0.013184	0.361174	0.382433	0.028208	0.092267	0.122735	0.013184	0.361174	0.382433	0.028208	0.092267	0.122735	0.319345	0.031597	0.056718	0.064237	0.127049	0.401054	0.261379	0.018087	0.101445	0.042995	0.423963	0.152131	0.031241	0.188634	0.164286	0.090764	0.055711	0.469365	0.261379	0.018087	0.101445	0.042995	0.423963	0.152131	1,2,3,2,2,4	71.354689	1.105100	0.551569	1.130090	0.551569	0.551569	1.810284	
315000	-112143	1,2,3,4,5,4	71.354689	5.649658	5.638326	5.652969	4.588617	6.209569	4.588617	1,1,2,3,4,5	71.354689	0.520811	0.159124	0.258607	0.061458	0.520811	0.159124	0.258607	0.061458	0.304680	0.384628	0.165078	0.145614	0.201154	0.340976	0.007832	0.450039	0.343158	0.127846	0.134808	0.394188	0.312074	0.069817	0.530424	0.087685	1,1,2,3,4,2	71.354689	0.035857	0.608810	0.121763	0.051708	0.081589	0.100273	0.035857	0.608810	0.121763	0.051708	0.081589	0.100273	0.362232	0.012257	0.076949	0.101691	0.132669	0.314202	0.094712	0.220607	0.147820	0.003336	0.342747	0.190778	0.170814	0.446405	0.171740	0.047325	0.043206	0.120510	0.362232	0.012257	0.076949	0.101691	0.132669	0.314202	1,2,3,4,4,5	71.354689	1.153491	0.410346	1.134767	0.589692	0.589692	2.483473	
316000	-112732	1,2,1,1,3,4	71.354689	4.926550	5.898468	4.926550	4.926550	5.718274	5.765055	1,1,2,3,4,5	71.354689	0.554540	0.226753	0.204329	0.014379	0.554540	0.226753	0.204329	0.014379	0.422187	0.252618	0.169978	0.155217	0.099296	0.106712	0.051301	0.742691	0.319736	0.160910	0.271494	0.247860	0.118626	0.139846	0.532324	0.209204	1,1,2,3,4,5	71.354689	0.002824	0.338529	0.253636	0.037046	0.135610	0.232355	0.002824	0.338529	0.253636	0.037046	0.135610	0.232355	0.356094	0.120979	0.051217	0.170999	0.259646	0.041064	0.230871	0.156704	0.065681	0.083894	0.321497	0.141355	0.213736	0.326617	0.147482	0.143901	0.075188	0.093075	0.067260	0.097574	0.152376	0.097580	0.326935	0.258275	1,2,1,3,4,5	71.354689	1.089110	0.496784	1.089110	0.845940	0.459005	1.753995	
317000	-113212	1,2,3,4,5,3	71.354689	6.622664	6.213743	5.409388	5.232439	5.611134	5.409388	1,1,2,3,2,4	71.354689	0.547338	0.107757	0.303059	0.041845	0.547338	0.107757	0.303059	0.041845	0.312989	0.365246	0.081660	0.240105	0.068457	0.298181	0.146601	0.486761	0.312989	0.365246	0.081660	0.240105	0.109348	0.134766	0.625172	0.130714	1,1,2,3,1,2	71.354689	0.003861	0.520053	0.173371	0.069492	0.075366	0.157856	0.003861	0.520053	0.173371	0.069492	0.075366	0.157856	0.268918	0.078007	0.124864	0.180290	0.228332	0.119588	0.312614	0.106358	0.145084	0.061058	0.323810	0.051075	0.003861	0.520053	0.173371	0.069492	0.075366	0.157856	0.268918	0.078007	0.124864	0.180290	0.228332	0.119588	1,2,1,3,4,1	71.354689	1.170140	0.424965	1.170140	0.469691	0.434123	1.170140	
318000	-114302	1,2,3,4,5,4	71.354689	6.344616	4.432505	5.311894	5.029759	5.493873	5.029759	1,2,3,3,2,1	71.354689	0.473541	0.034219	0.335393	0.156847	0.338301	0.228610	0.258267	0.174822	0.177375	0.365173	0.101233	0.356220	0.177375	0.365173	0.101233	0.356220	0.338301	0.228610	0.258267	0.174822	0.473541	0.034219	0.335393	0.156847	1,2,3,4,5,6	71.354689	0.000188	0.522886	0.238307	0.053289	0.051673	0.133657	0.001526	0.418822	0.077422	0.203770	0.165184	0.133276	0.620072	0.013280	0.023859	0.163410	0.099738	0.079640	0.480635	0.040601	0.030401	0.029662	0.384608	0.034093	0.114878	0.129001	0.424843	0.151460	0.042440	0.137378	0.173127	0.010887	0.155426	0.156440	0.232070	0.272049	1,2,1,2,2,3	71.354689	1.058035	0.526459	1.058035	0.526459	0.526459	1.691154	
319000	-114555	1,2,2,3,4,5	71.354689	5.367801	5.023629	5.023629	5.527657	6.378731	4.950685	1,2,3,4,5,6	71.354689	0.254217	0.353482	0.224320	0.167982	0.435573	0.202483	0.295284	0.066660	0.377868	0.263751	0.101803	0.256578	0.103491	0.262222	0.094447	0.539840	0.322992	0.093400	0.202337	0.381271	0.375327	0.072002	0.435978	0.116693	1,2,3,4,5,3	71.354689	0.156627	0.415184	0.019301	0.001901	0.271502	0.135486	0.001973	0.377505	0.017814	0.208941	0.305229	0.088537	0.319258	0.038071	0.043415	0.058389	0.248198	0.292670	0.306627	0.112358	0.208298	0.056773	0.306449	0.009495	0.089240	0.441091	0.151160	0.260194	0.014041	0.044274	0.319258	0.038071	0.043415	0.058389	0.248198	0.292670	1,2,1,3,2,1	71.354689	1.166656	0.418875	1.166656	0.630956	0.418875	1.166656	
320000	-113447	1,2,1,3,4,5	71.354689	5.314926	5.542361	5.314926	5.305431	5.724067	5.376231	1,1,2,2,3,4	71.354689	0.560021	0.162092	0.262647	0.015240	0.560021	0.162092	0.262647	0.015240	0.198000	0.594275	0.030354	0.177371	0.198000	0.594275	0.030354	0.177371	0.416822	0.048927	0.196929	0.337322	0.474965	0.058836	0.276571	0.189628	1,1,2,3,4,3	71.354689	0.009310	0.335097	0.450766	0.029859	0.041102	0.133866	0.009310	0.335097	0.450766	0.029859	0.041102	0.133866	0.349087	0.015100	0.066641	0.264015	0.125493	0.179665	0.165734	0.001048	0.044729	0.159268	0.271586	0.357635	0.368227	0.165251	0.057883	0.100274	0.172497	0.135868	0.165734	0.001048	0.044729	0.159268	0.271586	0.357635	1,2,1,3,4,5	71.354689	1.155637	0.354309	1.155637	0.661432	0.473249	1.258008	
321000	-112789	1,2,3,3,4,5	71.354689	6.068392	5.522943	4.562534	4.562534	5.790489	6.200246	1,1,2,3,2,4	71.354689	0.457587	0.206405	0.288142	0.047866	0.457587	0.206405	0.288142	0.047866	0.395200	0.176482	0.112643	0.315676	0.095785	0.159310	0.098948	0.645956	0.395200	0.176482	0.112643	0.315676	0.265942	0.239586	0.369861	0.124611	1,1,2,3,4,2	71.354689	0.008211	0.334029	0.304012	0.048981	0.150243	0.154525	0.008211	0.334029	0.304012	0.048981	0.150243	0.154525	0.339950	0.008813	0.060500	0.085221	0.212821	0.292695	0.139615	0.244267	0.039892	0.249656	0.236401	0.090168	0.072603	0.283794	0.058482	0.063512	0.276210	0.245398	0.339950	0.008813	0.060500	0.085221	0.212821	0.292695	1,2,3,4,4,5	71.354689	1.020047	0.381398	1.066556	0.458237	0.458237	1.843374	
322000	-112710	1,2,3,2,4,4	71.354689	5.369655	4.854525	5.872645	4.854525	5.312646	5.312646	1,1,2,3,1,4	71.354689	0.414365	0.187640	0.275552	0.122442	0.414365	0.187640	0.275552	0.122442	0.235410	0.398220	0.038843	0.327527	0.072064	0.337797	0.174862	0.415277	0.414365	0.187640	0.275552	0.122442	0.475778	0.055706	0.352065	0.116451	1,1,2,3,4,2	71.354689	0.015943	0.651996	0.093744	0.047255	0.075675	0.115387	0.015943	0.651996	0.093744	0.047255	0.075675	0.115387	0.311257	0.004612	0.014227	0.123297	0.254667	0.291939	0.085272	0.535259	0.220195	0.000318	0.126177	0.032778	0.080970	0.204446	0.157648	0.035356	0.116935	0.404644	0.311257	0.004612	0.014227	0.123297	0.254667	0.291939	1,2,3,4,4,5	71.354689	1.254349	0.380406	1.081299	0.453326	0.453326	1.642975	
323000	-112853	1,1,2,3,2,2	71.354689	4.674286	4.674286	5.323368	4.808761	5.323368	5.323368	1,1,2,2,3,4	71.354689	0.372860	0.328786	0.263824	0.034530	0.372860	0.328786	0.263824	0.034530	0.160477	0.489416	0.046262	0.303845	0.160477	0.489416	0.046262	0.303845	0.411779	0.140001	0.094526	0.353694	0.110915	0.169304	0.512234	0.207546	1,1,2,3,4,2	71.354689	0.007639	0.534744	0.198326	0.034754	0.112922	0.111615	0.007639	0.534744	0.198326	0.034754	0.112922	0.111615	0.389549	0.041027	0.073885	0.080058	0.165750	0.249731	0.102190	0.095784	0.056220	0.083623	0.285028	0.377154	0.099922	0.364728	0.013520	0.041187	0.112182	0.368462	0.389549	0.041027	0.073885	0.080058	0.165750	0.249731	1,2,1,3,3,4	71.354689	0.975676	0.400048	0.975676	0.471776	0.471776	1.883470	
324000	-113632	1,2,3,4,5,4	71.354689	5.642425	6.236265	5.898968	4.740851	5.297969	4.740851	1,1,2,2,3,4	71.354689	0.494724	0.227136	0.248743	0.029397	0.494724	0.227136	0.248743	0.029397	0.307866	0.313460	0.085155	0.293519	0.307866	0.313460	0.085155	0.293519	0.391204	0.253154	0.077554	0.278087	0.255525	0.099286	0.161036	0.484153	1,1,2,3,4,5	71.354689	0.004577	0.468982	0.236522	0.046164	0.055819	0.187935	0.004577	0.468982	0.236522	0.046164	0.055819	0.187935	0.216217	0.006747	0.059773	0.054465	0.156238	0.506560	0.050369	0.068637	0.061397	0.191175	0.461332	0.167089	0.059651	0.298738	0.104822	0.410977	0.017793	0.108019	0.459130	0.025518	0.027689	0.280229	0.012946	0.194489	1,2,1,3,4,1	71.354689	1.164854	0.443549	1.164854	0.705292	0.471313	1.164854	
325000	-112527	1,2,1,1,1,3	71.354689	5.065731	6.191191	5.065731	5.065731	5.065731	5.736899	1,2,3,4,2,5	71.354689	0.272507	0.326883	0.357762	0.042849	0.474551	0.145246	0.214250	0.165952	0.314544	0.518530	0.066983	0.099944	0.088709	0.166923	0.110648	0.633721	0.474551	0.145246	0.214250	0.165952	0.050556	0.049572	0.616506	0.283366	1,1,2,2,3,2	71.354689	0.006225	0.425500	0.144637	0.104624	0.112794	0.206220	0.006225	0.425500	0.144637	0.104624	0.112794	0.206220	0.266746	0.016146	0.129010	0.090044	0.361412	0.136642	0.266746	0.016146	0.129010	0.090044	0.361412	0.136642	0.172029	0.231455	0.123104	0.220492	0.108019	0.144903	0.266746	0.016146	0.129010	0.090044	0.361412	0.136642	1,2,3,4,5,6	71.354689	1.166207	0.372820	1.084534	0.681112	0.443758	1.934701	
326000	-112694	1,2,3,4,5,6	71.354689	5.880944	6.379151	5.485156	5.476068	5.308472	5.432398	1,1,2,3,4,5	71.354689	0.553197	0.149758	0.267740	0.029305	0.553197	0.149758	0.267740	0.029305	0.271393	0.563202	0.031449	0.133955	0.144201	0.163964	0.033644	0.658191	0.456186	0.042085	0.225534	0.276196	0.438806	0.071663	0.365734	0.123797	1,1,2,3,4,2	71.354689	0.020597	0.451094	0.070926	0.024318	0.208264	0.224801	0.020597	0.451094	0.070926	0.024318	0.208264	0.224801	0.236189	0.018399	0.202514	0.182510	0.214303	0.146086	0.051684	0.063004	0.068394	0.197191	0.361270	0.258457	0.213079	0.196864	0.182233	0.194400	0.154500	0.058924	0.236189	0.018399	0.202514	0.182510	0.214303	0.146086	1,2,3,4,4,5	71.354689	1.080861	0.375327	0.936973	0.548742	0.548742	1.826675	
327000	-114228	1,2,3,4,4,5	71.354689	5.690341	5.430134	5.075408	4.827840	4.827840	5.752575	1,1,2,3,4,4	71.354689	0.456719	0.165986	0.286560	0.090735	0.456719	0.165986	0.286560	0.090735	0.237406	0.352130	0.120431	0.290032	0.144819	0.206379	0.221111	0.427692	0.415248	0.064441	0.319637	0.200674	0.415248	0.064441	0.319637	0.200674	1,1,2,3,4,2	71.354689	0.014560	0.519635	0.047550	0.122629	0.182299	0.113328	0.014560	0.519635	0.047550	0.122629	0.182299	0.113328	0.469870	0.108964	0.098614	0.041694	0.153696	0.127163	0.216828	0.083512	0.147908	0.109096	0.426890	0.015767	0.137658	0.249718	0.228018	0.097232	0.039514	0.247860	0.469870	0.108964	0.098614	0.041694	0.153696	0.127163	1,2,1,3,2,4	71.354689	1.044595	0.436323	1.044595	0.623818	0.436323	1.979133	
328000	-114064	1,2,3,4,5,4	71.354689	5.946235	5.905907	5.817442	4.217481	5.376080	4.217481	1,2,3,4,5,2	71.354689	0.522261	0.121866	0.322365	0.033508	0.543492	0.146349	0.234728	0.075430	0.342321	0.392868	0.071314	0.193497	0.155684	0.131882	0.071586	0.640849	0.418166	0.197100	0.083179	0.301555	0.543492	0.146349	0.234728	0.075430	1,1,2,3,4,5	71.354689	0.012027	0.373528	0.159224	0.059154	0.241081	0.154985	0.012027	0.373528	0.159224	0.059154	0.241081	0.154985	0.227659	0.014159	0.351755	0.188447	0.110264	0.107716	0.069409	0.128130	0.157340	0.010951	0.550504	0.083666	0.085221	0.355902	0.091071	0.195421	0.213100	0.059285	0.094894	0.025179	0.071763	0.028889	0.582899	0.196375	1,2,1,2,3,4	71.354689	1.049911	0.417470	1.049911	0.417470	0.433166	2.353898	
329000	-112540	1,2,3,2,4,5	71.354689	4.988539	4.602104	5.448502	4.602104	5.489805	5.726197	1,1,2,2,3,3	71.354689	0.390910	0.304156	0.294525	0.010409	0.390910	0.304156	0.294525	0.010409	0.209798	0.347265	0.062756	0.380181	0.209798	0.347265	0.062756	0.380181	0.296491	0.070680	0.316910	0.315919	0.296491	0.070680	0.316910	0.315919	1,1,2,3,4,2	71.354689	0.007512	0.294404	0.229028	0.023709	0.162563	0.282784	0.007512	0.294404	0.229028	0.023709	0.162563	0.282784	0.293381	0.039784	0.024103	0.144684	0.105475	0.392573	0.146605	0.451116	0.028158	0.075324	0.244000	0.054797	0.200097	0.164911	0.188003	0.210556	0.079418	0.157015	0.293381	0.039784	0.024103	0.144684	0.105475	0.392573	1,2,3,4,5,6	71.354689	1.154374	0.579811	0.952656	0.577087	0.523415	1.214290	
330000	-113842	1,2,3,4,5,6	71.354689	5.826607	5.744986	5.497498	5.317726	5.759240	5.442901	1,1,2,3,4,4	71.354689	0.581140	0.123668	0.279621	0.015571	0.581140	0.123668	0.279621	0.015571	0.271451	0.449045	0.139989	0.139515	0.108004	0.520630	0.120711	0.250655	0.457572	0.099346	0.190660	0.252422	0.457572	0.099346	0.190660	0.252422	1,2,3,4,5,6	71.354689	0.036887	0.255604	0.325512	0.068776	0.289757	0.023464	0.041508	0.220393	0.472523	0.023525	0.213966	0.028085	0.286293	0.004856	0.079936	0.179901	0.168536	0.280478	0.025250	0.175459	0.081851	0.027686	0.264630	0.425124	0.107489	0.221928	0.075528	0.304474	0.134696	0.155886	0.362126	0.011709	0.083044	0.108321	0.041428	0.393373	1,2,3,4,5,6	71.354689	1.017609	0.397670	1.103718	0.464505	0.436344	1.592995	
331000	-111662	1,2,3,2,4,1	71.354689	5.545924	5.091477	5.328645	5.091477	7.066152	5.545924	1,1,2,3,4,5	71.354689	0.524878	0.096183	0.269428	0.109511	0.524878	0.096183	0.269428	0.109511	0.224795	0.363682	0.122797	0.288726	0.045616	0.199312	0.122716	0.632356	0.480003	0.073555	0.190889	0.255553	0.192072	0.024075	0.604919	0.178934	1,1,2,3,4,2	71.354689	0.085377	0.468889	0.086752	0.084240	0.218281	0.056460	0.085377	0.468889	0.086752	0.084240	0.218281	0.056460	0.329759	0.000004	0.120714	0.095003	0.264423	0.190096	0.225204	0.111601	0.149257	0.031167	0.408497	0.074275	0.030596	0.352161	0.113721	0.291817	0.140073	0.071631	0.329759	0.000004	0.120714	0.095003	0.264423	0.190096	1,2,3,4,2,5	71.354689	1.072243	0.435298	1.046545	0.486796	0.435298	1.333864	
332000	-111770	1,2,3,4,3,5	71.354689	5.659420	6.940684	4.917542	4.940415	4.917542	5.661176	1,1,2,3,4,5	71.354689	0.560511	0.156631	0.261564	0.021294	0.560511	0.156631	0.261564	0.021294	0.499071	0.234759	0.058471	0.207700	0.180631	0.270124	0.123505	0.425740	0.341646	0.079923	0.263834	0.314597	0.406858	0.069740	0.410070	0.113332	1,1,2,3,4,2	71.354689	0.003977	0.287085	0.232648	0.028011	0.326547	0.121731	0.003977	0.287085	0.232648	0.028011	0.326547	0.121731	0.362279	0.002096	0.057366	0.103112	0.279451	0.195696	0.168248	0.068495	0.107402	0.085217	0.481771	0.088868	0.288085	0.239218	0.213712	0.156211	0.064594	0.038180	0.362279	0.002096	0.057366	0.103112	0.279451	0.195696	1,2,3,2,4,5	71.354689	0.993723	0.557520	0.988798	0.557520	0.523893	1.461372	
333000	-114596	1,2,2,3,2,4	71.354689	5.737535	5.289995	5.289995	3.777610	5.289995	5.908878	1,1,2,3,4,4	71.354689	0.445987	0.215534	0.306448	0.032030	0.445987	0.215534	0.306448	0.032030	0.389432	0.291397	0.052476	0.266695	0.012975	0.783348	0.027174	0.176504	0.200491	0.158668	0.318181	0.322660	0.200491	0.158668	0.318181	0.322660	1,1,2,3,4,5	71.354689	0.014003	0.371164	0.179013	0.033318	0.269908	0.132593	0.014003	0.371164	0.179013	0.033318	0.269908	0.132593	0.359071	0.007295	0.061437	0.261393	0.157186	0.153617	0.293934	0.075261	0.212015	0.150689	0.092001	0.176101	0.164644	0.373059	0.108906	0.137441	0.128468	0.087481	0.375042	0.061334	0.151138	0.010593	0.170370	0.231524	1,2,3,2,4,5	71.354689	1.146962	0.512585	1.138013	0.512585	0.499335	1.666393	
334000	-113545	1,1,1,1,2,3	71.354689	4.765291	4.765291	4.765291	4.765291	6.343887	5.959519	1,2,3,4,5,6	71.354689	0.236370	0.159298	0.379933	0.224400	0.404598	0.093637	0.174938	0.326827	0.215213	0.535574	0.123123	0.126091	0.076779	0.069826	0.229849	0.623545	0.384782	0.142144	0.094886	0.378188	0.271361	0.127332	0.386855	0.214451	1,1,2,3,4,2	71.354689	0.042008	0.764316	0.082482	0.082804	0.028033	0.000357	0.042008	0.764316	0.082482	0.082804	0.028033	0.000357	0.283357	0.031336	0.116335	0.058204	0.205748	0.305021	0.053381	0.128553	0.261194	0.063997	0.453751	0.039125	0.196190	0.256940	0.018095	0.345565	0.137678	0.045532	0.283357	0.031336	0.116335	0.058204	0.205748	0.305021	1,2,1,3,2,4	71.354689	0.903513	0.476553	0.903513	0.639850	0.476553	1.797325	
335000	-113735	1,2,1,3,1,4	71.354689	4.649316	5.448590	4.649316	6.155715	4.649316	6.445042	1,1,2,3,4,5	71.354689	0.440856	0.349156	0.192345	0.017643	0.440856	0.349156	0.192345	0.017643	0.458264	0.308340	0.090732	0.142665	0.193394	0.171158	0.148219	0.487230	0.282044	0.081896	0.209429	0.426631	0.325193	0.063452	0.416270	0.195085	1,1,2,3,4,2	71.354689	0.005963	0.279349	0.442827	0.009942	0.140926	0.120993	0.005963	0.279349	0.442827	0.009942	0.140926	0.120993	0.173585	0.048552	0.188660	0.030708	0.166362	0.392133	0.070831	0.679441	0.041015	0.080641	0.110553	0.017519	0.399906	0.233856	0.194402	0.021581	0.105796	0.044460	0.173585	0.048552	0.188660	0.030708	0.166362	0.392133	1,2,3,4,2,5	71.354689	1.294132	0.450227	0.984245	0.656620	0.450227	1.603533	
336000	-112193	1,2,3,3,4,5	71.354689	6.229104	5.049786	4.425654	4.425654	5.137425	7.107537	1,2,3,4,5,6	71.354689	0.411968	0.142574	0.429424	0.016035	0.634034	0.076566	0.180829	0.108570	0.369942	0.290939	0.054274	0.284846	0.009981	0.083348	0.055614	0.851057	0.283559	0.266358	0.141897	0.308186	0.083748	0.046602	0.518954	0.350696	1,2,3,4,5,3	71.354689	0.020037	0.551780	0.185124	0.055901	0.067132	0.120027	0.054573	0.450941	0.031091	0.121245	0.189692	0.152458	0.482872	0.010416	0.086817	0.062422	0.225790	0.131683	0.080598	0.018338	0.244399	0.097457	0.473495	0.085713	0.089802	0.302224	0.214189	0.043551	0.125881	0.224353	0.482872	0.010416	0.086817	0.062422	0.225790	0.131683	1,2,3,4,4,1	71.354689	1.096472	0.369566	1.038432	0.505670	0.505670	1.096472	
337000	-113242	1,2,3,4,4,5	71.354689	6.409790	6.070405	5.434566	4.502838	4.502838	6.233388	1,1,2,3,4,4	71.354689	0.483395	0.116735	0.332834	0.067037	0.483395	0.116735	0.332834	0.067037	0.187099	0.462354	0.104393	0.246154	0.053961	0.102354	0.160859	0.682825	0.136862	0.095763	0.392370	0.375006	0.136862	0.095763	0.392370	0.375006	1,1,2,3,4,5	71.354689	0.011514	0.445844	0.099390	0.013442	0.120016	0.309793	0.011514	0.445844	0.099390	0.013442	0.120016	0.309793	0.595492	0.007146	0.082721	0.049859	0.216949	0.047833	0.160164	0.186283	0.166496	0.108410	0.329233	0.049413	0.114150	0.173670	0.305772	0.165612	0.133252	0.107543	0.315653	0.028805	0.096273	0.251098	0.074092	0.234078	1,2,3,4,4,5	71.354689	1.157138	0.419511	1.155996	0.689005	0.689005	1.494916	
338000	-112489	1,2,3,3,4,5	71.354689	6.517312	5.233513	5.127552	5.127552	5.422368	5.972367	1,2,3,4,5,6	71.354689	0.465536	0.036494	0.309774	0.188196	0.342199	0.372351	0.175697	0.109753	0.294964	0.356990	0.090769	0.257277	0.011292	0.159014	0.104891	0.724803	0.334830	0.112683	0.192871	0.359616	0.363061	0.048235	0.389408	0.199297	1,1,2,3,2,4	71.354689	0.005248	0.662968	0.027689	0.114719	0.052236	0.137141	0.005248	0.662968	0.027689	0.114719	0.052236	0.137141	0.275037	0.118585	0.093551	0.317732	0.117373	0.077723	0.202658	0.111502	0.179808	0.040027	0.402037	0.063968	0.275037	0.118585	0.093551	0.317732	0.117373	0.077723	0.144843	0.009284	0.019140	0.403920	0.257399	0.165415	1,2,3,4,4,5	71.354689	1.102032	0.468483	1.066138	0.561835	0.561835	2.217484	
339000	-112985	1,2,3,4,5,6	71.354689	5.538108	6.011281	5.405794	4.962418	5.502379	6.457063	1,1,2,3,4,4	71.354689	0.564565	0.132056	0.258166	0.045213	0.564565	0.132056	0.258166	0.045213	0.360321	0.438153	0.141709	0.059817	0.131441	0.461455	0.030400	0.376704	0.378998	0.096275	0.317406	0.207320	0.378998	0.096275	0.317406	0.207320	1,1,2,3,4,2	71.354689	0.061004	0.526626	0.128586	0.061284	0.166277	0.056222	0.061004	0.526626	0.128586	0.061284	0.166277	0.056222	0.288708	0.000935	0.066775	0.059779	0.299296	0.284507	0.082875	0.191566	0.022204	0.153586	0.365539	0.184230	0.132498	0.064661	0.366702	0.099702	0.148577	0.187860	0.288708	0.000935	0.066775	0.059779	0.299296	0.284507	1,2,3,4,4,5	71.354689	1.200838	0.423037	0.931504	0.528154	0.528154	1.848887	
340000	-112790	1,2,3,4,4,5	71.354689	6.447172	5.462770	5.229626	4.682185	4.682185	5.908695	1,2,3,4,5,6	71.354689	0.428867	0.069824	0.469371	0.031938	0.538717	0.233189	0.144546	0.083548	0.177101	0.503670	0.053610	0.265618	0.170953	0.153008	0.001656	0.674382	0.698454	0.024675	0.142989	0.133882	0.353761	0.145943	0.311066	0.189230	1,1,2,3,4,2	71.354689	0.000026	0.546892	0.145644	0.103399	0.045035	0.159004	0.000026	0.546892	0.145644	0.103399	0.045035	0.159004	0.328590	0.048179	0.105428	0.042603	0.179244	0.295955	0.065882	0.140791	0.007663	0.435976	0.202123	0.147566	0.134354	0.112518	0.027626	0.066450	0.496206	0.162846	0.328590	0.048179	0.105428	0.042603	0.179244	0.295955	1,2,3,4,5,1	71.354689	1.295491	0.415926	1.071613	0.733043	0.477192	1.295491	
341000	-113172	1,2,3,4,4,5	71.354689	6.665713	5.700184	5.254642	5.155027	5.155027	5.721138	1,1,2,3,4,5	71.354689	0.537561	0.053300	0.390941	0.018198	0.537561	0.053300	0.390941	0.018198	0.360616	0.331936	0.093070	0.214379	0.366847	0.126875	0.057038	0.449240	0.560268	0.116333	0.077590	0.245808	0.289637	0.010124	0.434911	0.265328	1,2,3,4,1,3	71.354689	0.062402	0.350060	0.096982	0.184591	0.027014	0.278952	0.019330	0.137370	0.289997	0.068602	0.116982	0.367719	0.330436	0.012630	0.084013	0.106158	0.206835	0.259927	0.018507	0.061828	0.008487	0.058272	0.334152	0.518754	0.062402	0.350060	0.096982	0.184591	0.027014	0.278952	0.330436	0.012630	0.084013	0.106158	0.206835	0.259927	1,2,3,4,2,5	71.354689	1.043052	0.449135	0.995361	0.579679	0.449135	1.650512	
342000	-112949	1,2,3,4,5,6	71.354689	5.506834	6.178104	5.794940	5.345200	5.742387	5.206393	1,1,2,3,2,4	71.354689	0.587763	0.148195	0.242178	0.021864	0.587763	0.148195	0.242178	0.021864	0.331716	0.292510	0.114133	0.261641	0.044231	0.527117	0.023483	0.405169	0.331716	0.292510	0.114133	0.261641	0.505990	0.095102	0.259545	0.139363	1,1,2,3,4,5	71.354689	0.011742	0.358239	0.180893	0.059668	0.155708	0.233750	0.011742	0.358239	0.180893	0.059668	0.155708	0.233750	0.604968	0.064645	0.041611	0.046720	0.239597	0.002459	0.056686	0.428559	0.240289	0.024104	0.138229	0.112133	0.021922	0.321741	0.178550	0.060570	0.085972	0.331245	0.012889	0.009791	0.058439	0.163474	0.376620	0.378788	1,2,3,4,4,5	71.354689	1.024232	0.355328	0.984788	0.556860	0.556860	1.372915	
343000	-115190	1,2,3,1,3,4	71.354689	3.977620	5.174442	5.196651	3.977620	5.196651	6.456925	1,1,2,3,4,5	71.354689	0.624038	0.212711	0.146109	0.017142	0.624038	0.212711	0.146109	0.017142	0.516100	0.388112	0.042207	0.053581	0.022418	0.268620	0.385680	0.323282	0.336810	0.223194	0.266987	0.173009	0.102161	0.166692	0.440282	0.290865	1,1,2,3,4,5	71.354689	0.007444	0.188966	0.397735	0.048628	0.097975	0.259252	0.007444	0.188966	0.397735	0.048628	0.097975	0.259252	0.181875	0.146638	0.262948	0.078108	0.317110	0.013321	0.305537	0.032779	0.187344	0.024937	0.356884	0.092519	0.301346	0.274563	0.178883	0.049431	0.156097	0.039680	0.148509	0.012304	0.153809	0.281479	0.122382	0.281517	1,2,3,4,2,5	71.354689	1.252181	0.483186	0.848468	0.703720	0.483186	1.436676	
344000	-113331	1,2,3,4,4,5	71.354689	5.246635	6.265370	6.542030	5.008471	5.008471	6.080215	1,1,2,3,4,5	71.354689	0.597085	0.134090	0.261477	0.007348	0.597085	0.134090	0.261477	0.007348	0.329304	0.486691	0.067067	0.116937	0.067186	0.099704	0.100739	0.732370	0.240488	0.461231	0.145685	0.152596	0.209928	0.167369	0.350855	0.271849	1,1,2,3,4,2	71.354689	0.003032	0.078661	0.175166	0.008068	0.343513	0.391559	0.003032	0.078661	0.175166	0.008068	0.343513	0.391559	0.464118	0.026225	0.039094	0.102763	0.190945	0.176857	0.115877	0.141837	0.095613	0.007404	0.358819	0.280450	0.132461	0.160256	0.349284	0.049902	0.023570	0.284527	0.464118	0.026225	0.039094	0.102763	0.190945	0.176857	1,2,1,3,2,4	71.354689	1.184319	0.473727	1.184319	0.613503	0.473727	1.611309	
345000	-112938	1,2,3,3,4,5	71.354689	5.980533	7.076751	5.006369	5.006369	5.161475	5.667522	1,1,2,3,4,5	71.354689	0.583858	0.117596	0.284004	0.014542	0.583858	0.117596	0.284004	0.014542	0.214914	0.275161	0.032719	0.477206	0.259043	0.216544	0.034694	0.489720	0.608066	0.051571	0.122380	0.217983	0.131007	0.089488	0.642929	0.136575	1,1,2,3,4,3	71.354689	0.007137	0.225940	0.236899	0.025238	0.268038	0.236749	0.007137	0.225940	0.236899	0.025238	0.268038	0.236749	0.426031	0.059720	0.040114	0.030919	0.327130	0.116086	0.080859	0.011159	0.068515	0.034989	0.561137	0.243341	0.058824	0.376194	0.132192	0.233292	0.106603	0.092896	0.080859	0.011159	0.068515	0.034989	0.561137	0.243341	1,2,1,3,2,4	71.354689	1.108519	0.347048	1.108519	0.621874	0.347048	1.817547	
346000	-112335	1,2,3,3,4,5	71.354689	5.874588	6.007583	4.795769	4.795769	6.273846	5.744138	1,2,3,4,5,6	71.354689	0.403183	0.082185	0.379520	0.135113	0.381649	0.130610	0.258546	0.229195	0.302526	0.366740	0.149063	0.181671	0.051744	0.150000	0.203801	0.594454	0.601762	0.072742	0.092831	0.232665	0.322189	0.086426	0.392879	0.198506	1,1,2,3,4,2	71.354689	0.020971	0.617166	0.154448	0.102446	0.020620	0.084350	0.020971	0.617166	0.154448	0.102446	0.020620	0.084350	0.368647	0.002778	0.067540	0.045533	0.320614	0.194889	0.114979	0.219226	0.060423	0.115229	0.402845	0.087299	0.036744	0.349111	0.104474	0.411714	0.040617	0.057339	0.368647	0.002778	0.067540	0.045533	0.320614	0.194889	1,2,1,3,4,5	71.354689	1.022942	0.401464	1.022942	0.687567	0.472602	1.941514	
347000	-113713	1,2,3,4,2,5	71.354689	6.500526	5.273589	5.308770	5.449226	5.273589	6.027800	1,2,3,4,5,1	71.354689	0.504187	0.061394	0.311799	0.122620	0.552391	0.074679	0.260672	0.112258	0.146531	0.524531	0.223409	0.105529	0.168706	0.313709	0.112820	0.404765	0.448905	0.106973	0.120545	0.323578	0.504187	0.061394	0.311799	0.122620	1,1,2,3,4,5	71.354689	0.026749	0.639193	0.086081	0.091428	0.042760	0.113790	0.026749	0.639193	0.086081	0.091428	0.042760	0.113790	0.335566	0.035047	0.095839	0.135184	0.317277	0.081086	0.125912	0.124950	0.033204	0.025178	0.582810	0.107946	0.101055	0.179887	0.080757	0.309824	0.074232	0.254246	0.040701	0.061662	0.114851	0.040512	0.278321	0.463954	1,2,3,4,5,6	71.354689	1.048642	0.388062	0.898888	0.525557	0.483506	1.749732	
348000	-114754	1,2,2,2,3,2	71.354689	6.164833	4.502801	4.502801	4.502801	6.666259	4.502801	1,2,3,4,5,6	71.354689	0.364177	0.191470	0.412963	0.031391	0.505264	0.315815	0.134888	0.044033	0.275930	0.521620	0.151173	0.051278	0.187082	0.143565	0.121326	0.548027	0.200730	0.093826	0.267255	0.438189	0.255612	0.060432	0.241238	0.442718	1,1,2,3,4,5	71.354689	0.002871	0.239814	0.121432	0.027864	0.114408	0.493612	0.002871	0.239814	0.121432	0.027864	0.114408	0.493612	0.240293	0.024403	0.153645	0.080892	0.349764	0.151003	0.239976	0.309698	0.108206	0.130435	0.166735	0.044949	0.097722	0.138239	0.078415	0.003281	0.196916	0.485428	0.431872	0.039796	0.037334	0.280815	0.063735	0.146447	1,2,3,4,2,5	71.354689	1.144692	0.381893	1.111801	0.513479	0.381893	1.661636	
349000	-112689	1,2,3,4,5,6	71.354689	5.639757	5.042784	5.647073	5.069161	5.518200	5.808353	1,2,2,3,4,1	71.354689	0.385710	0.176767	0.286447	0.151076	0.379179	0.384103	0.113454	0.123264	0.379179	0.384103	0.113454	0.123264	0.057323	0.219577	0.164500	0.558600	0.440373	0.224305	0.135127	0.200195	0.385710	0.176767	0.286447	0.151076	1,1,2,3,4,5	71.354689	0.012922	0.851982	0.024104	0.013613	0.016096	0.081284	0.012922	0.851982	0.024104	0.013613	0.016096	0.081284	0.207517	0.098680	0.051898	0.103877	0.507690	0.030339	0.154600	0.147890	0.093248	0.052019	0.471809	0.080433	0.066204	0.204829	0.168715	0.060999	0.073996	0.425258	0.131513	0.007737	0.006053	0.161249	0.295931	0.397516	1,2,1,3,3,4	71.354689	1.103315	0.440689	1.103315	0.503707	0.503707	1.434800	
350000	-113301	1,2,3,4,5,6	71.354689	5.414203	5.539202	6.068535	4.851485	6.884238	6.669469	1,1,2,3,4,4	71.354689	0.433962	0.221392	0.265433	0.079213	0.433962	0.221392	0.265433	0.079213	0.291344	0.445159	0.074275	0.189223	0.185337	0.345803	0.222278	0.246583	0.368114	0.146530	0.261701	0.223655	0.368114	0.146530	0.261701	0.223655	1,2,3,1,4,3	71.354689	0.039511	0.359762	0.105927	0.047500	0.428936	0.018363	0.038535	0.473258	0.231570	0.070577	0.044263	0.141797	0.268335	0.069482	0.110822	0.046105	0.190825	0.314430	0.039511	0.359762	0.105927	0.047500	0.428936	0.018363	0.198669	0.201005	0.164453	0.203003	0.121634	0.111236	0.268335	0.069482	0.110822	0.046105	0.190825	0.314430	1,2,1,3,4,5	71.354689	1.095391	0.422227	1.095391	0.580354	0.509790	1.279157	
351000	-114976	1,2,3,2,2,4	71.354689	5.596157	5.129521	5.485953	5.129521	5.129521	5.763836	1,2,3,4,5,1	71.354689	0.376556	0.119434	0.369851	0.134159	0.434962	0.118712	0.291961	0.154366	0.599693	0.236303	0.069558	0.094447	0.071001	0.212656	0.313781	0.402562	0.454726	0.073100	0.227316	0.244858	0.376556	0.119434	0.369851	0.134159	1,1,2,3,4,2	71.354689	0.053381	0.580148	0.092701	0.094408	0.114887	0.064474	0.053381	0.580148	0.092701	0.094408	0.114887	0.064474	0.265316	0.002774	0.094979	0.092169	0.199655	0.345107	0.106618	0.136072	0.648855	0.040934	0.048685	0.018837	0.273187	0.161024	0.082803	0.060327	0.217596	0.205063	0.265316	0.002774	0.094979	0.092169	0.199655	0.345107	1,2,1,3,4,5	71.354689	1.121241	0.515433	1.121241	0.686086	0.491525	1.594695	
352000	-111782	1,2,1,3,4,5	71.354689	5.170791	6.805054	5.170791	5.027178	6.755758	5.934239	1,1,2,3,4,5	71.354689	0.568286	0.178129	0.241410	0.012175	0.568286	0.178129	0.241410	0.012175	0.390010	0.195132	0.153776	0.261082	0.099906	0.299519	0.132853	0.467722	0.358670	0.141918	0.177052	0.322360	0.390693	0.112361	0.313812	0.183135	1,1,2,3,3,2	71.354689	0.003118	0.247963	0.259802	0.023581	0.128526	0.337011	0.003118	0.247963	0.259802	0.023581	0.128526	0.337011	0.312763	0.018046	0.060159	0.087174	0.226430	0.295428	0.136845	0.302201	0.089108	0.105492	0.275892	0.090461	0.136845	0.302201	0.089108	0.105492	0.275892	0.090461	0.312763	0.018046	0.060159	0.087174	0.226430	0.295428	1,2,3,4,5,6	71.354689	1.173649	0.405770	1.065238	0.589831	0.422934	2.713559	
353000	-111432	1,2,3,4,5,4	71.354689	5.744644	4.813623	5.492837	5.547034	5.818922	5.547034	1,2,3,4,5,1	71.354689	0.403190	0.122765	0.307378	0.166667	0.415187	0.379237	0.164340	0.041236	0.351233	0.304132	0.076077	0.268558	0.042475	0.238934	0.024504	0.694087	0.397971	0.210649	0.147705	0.243675	0.403190	0.122765	0.307378	0.166667	1,2,3,4,5,3	71.354689	0.077353	0.556916	0.100179	0.070066	0.185898	0.009588	0.030801	0.381035	0.332007	0.097367	0.106190	0.052600	0.229780	0.031416	0.073984	0.077740	0.164978	0.422103	0.076644	0.228137	0.197718	0.010470	0.415308	0.071722	0.036712	0.241115	0.115443	0.304072	0.076773	0.225886	0.229780	0.031416	0.073984	0.077740	0.164978	0.422103	1,2,1,3,4,5	71.354689	1.021890	0.472456	1.021890	0.560035	0.500852	1.497559	
354000	-113003	1,2,3,2,4,5	71.354689	5.353906	4.883204	5.118031	4.883204	6.263983	5.253276	1,2,3,4,2,5	71.354689	0.288036	0.187761	0.372629	0.151574	0.515513	0.240166	0.129305	0.115016	0.331159	0.400594	0.154560	0.113687	0.163720	0.202675	0.066203	0.567402	0.515513	0.240166	0.129305	0.115016	0.378274	0.117888	0.338031	0.165807	1,1,2,3,4,5	71.354689	0.011973	0.514900	0.101512	0.071825	0.189901	0.109889	0.011973	0.514900	0.101512	0.071825	0.189901	0.109889	0.288628	0.030420	0.185407	0.000165	0.354272	0.141109	0.199319	0.011490	0.190637	0.024972	0.441837	0.131745	0.099755	0.491459	0.128749	0.069837	0.035733	0.174467	0.087539	0.095658	0.079524	0.219622	0.072942	0.444715	1,2,3,4,2,5	71.354689	1.201097	0.437576	1.015774	0.587780	0.437576	2.023291	
355000	-114439	1,2,3,2,4,5	71.354689	5.386334	4.061876	4.932614	4.061876	5.036754	5.722018	1,1,2,3,4,5	71.354689	0.388789	0.279756	0.299803	0.031652	0.388789	0.279756	0.299803	0.031652	0.172556	0.683723	0.021860	0.121861	0.345510	0.067947	0.012223	0.574320	0.525756	0.101365	0.052909	0.319970	0.243321	0.153121	0.372790	0.230767	1,1,2,3,2,4	71.354689	0.034682	0.430984	0.154980	0.090308	0.141334	0.147712	0.034682	0.430984	0.154980	0.090308	0.141334	0.147712	0.239566	0.253673	0.075983	0.148097	0.132590	0.150091	0.061961	0.067621	0.053346	0.138384	0.570983	0.107705	0.239566	0.253673	0.075983	0.148097	0.132590	0.150091	0.202296	0.149971	0.143203	0.106954	0.224037	0.173540	1,2,3,4,5,6	71.354689	1.097427	0.477025	1.025782	0.512378	0.492486	1.662181	
356000	-113621	1,2,3,2,4,3	71.354689	5.571728	5.140588	5.219912	5.140588	5.834744	5.219912	1,2,3,4,2,4	71.354689	0.506775	0.134483	0.260603	0.098139	0.514784	0.253599	0.144024	0.087593	0.321116	0.520945	0.040117	0.117823	0.193050	0.119893	0.201011	0.486047	0.514784	0.253599	0.144024	0.087593	0.193050	0.119893	0.201011	0.486047	1,1,2,3,4,2	71.354689	0.006633	0.592116	0.139371	0.047948	0.085779	0.128154	0.006633	0.592116	0.139371	0.047948	0.085779	0.128154	0.216910	0.051015	0.197186	0.206668	0.135320	0.192901	0.087324	0.163117	0.194555	0.012785	0.502396	0.039823	0.047300	0.211761	0.054475	0.292920	0.035961	0.357582	0.216910	0.051015	0.197186	0.206668	0.135320	0.192901	1,2,3,4,2,5	71.354689	0.955210	0.402733	0.937424	0.629372	0.402733	1.206555	
357000	-113956	1,2,3,3,4,5	71.354689	5.163374	5.726672	5.194838	5.194838	5.188903	6.121004	1,1,2,3,4,4	71.354689	0.520829	0.214119	0.221654	0.043398	0.520829	0.214119	0.221654	0.043398	0.240519	0.353588	0.216557	0.189336	0.005909	0.407286	0.075032	0.511773	0.224734	0.162244	0.319272	0.293751	0.224734	0.162244	0.319272	0.293751	1,1,2,2,2,3	71.354689	0.005976	0.514887	0.117244	0.059178	0.086016	0.216698	0.005976	0.514887	0.117244	0.059178	0.086016	0.216698	0.243500	0.108407	0.136206	0.066026	0.314128	0.131732	0.243500	0.108407	0.136206	0.066026	0.314128	0.131732	0.243500	0.108407	0.136206	0.066026	0.314128	0.131732	0.133894	0.099502	0.260187	0.012293	0.173586	0.320538	1,2,3,4,5,6	71.354689	1.184486	0.363187	0.978962	0.572135	0.424987	1.170386	
358000	-112753	1,2,3,4,3,5	71.354689	6.202392	6.317538	4.841256	5.720958	4.841256	5.704563	1,1,2,3,4,4	71.354689	0.498615	0.177332	0.301942	0.022111	0.498615	0.177332	0.301942	0.022111	0.647036	0.171959	0.066496	0.114509	0.057365	0.385565	0.021121	0.535949	0.375065	0.059725	0.319644	0.245567	0.375065	0.059725	0.319644	0.245567	1,1,2,3,4,2	71.354689	0.004947	0.442414	0.128746	0.030455	0.068854	0.324584	0.004947	0.442414	0.128746	0.030455	0.068854	0.324584	0.224161	0.023839	0.114286	0.052563	0.310315	0.274838	0.391289	0.126349	0.046848	0.081584	0.318992	0.034937	0.310602	0.187026	0.127623	0.123096	0.212012	0.039642	0.224161	0.023839	0.114286	0.052563	0.310315	0.274838	1,2,1,3,3,4	71.354689	1.099716	0.324171	1.099716	0.536565	0.536565	1.421103	
359000	-114037	1,2,3,4,4,5	71.354689	5.827238	6.161041	5.196935	4.518286	4.518286	5.564024	1,1,2,3,4,5	71.354689	0.579476	0.057588	0.344463	0.018474	0.579476	0.057588	0.344463	0.018474	0.323099	0.466483	0.126036	0.084382	0.022052	0.339783	0.187179	0.450986	0.273992	0.205266	0.182847	0.337894	0.252484	0.128566	0.355267	0.263683	1,1,2,3,4,2	71.354689	0.015561	0.144982	0.177544	0.074298	0.275937	0.311679	0.015561	0.144982	0.177544	0.074298	0.275937	0.311679	0.418632	0.046905	0.188673	0.076409	0.134887	0.134494	0.083305	0.197726	0.103006	0.180545	0.289442	0.145976	0.276124	0.274228	0.288902	0.073864	0.053838	0.033044	0.418632	0.046905	0.188673	0.076409	0.134887	0.134494	1,2,3,4,5,6	71.354689	0.984004	0.376230	1.111373	0.673125	0.587368	1.824965	
360000	-113027	1,2,3,2,4,5	71.354689	5.964625	3.958881	5.583055	3.958881	5.686596	5.697455	1,2,3,4,3,1	71.354689	0.431273	0.101860	0.339524	0.127344	0.587346	0.181526	0.202010	0.029118	0.375076	0.238348	0.107573	0.279003	0.184973	0.327292	0.066798	0.420938	0.375076	0.238348	0.107573	0.279003	0.431273	0.101860	0.339524	0.127344	1,1,2,2,3,4	71.354689	0.001576	0.645493	0.106564	0.059663	0.083341	0.103364	0.001576	0.645493	0.106564	0.059663	0.083341	0.103364	0.225570	0.175145	0.095752	0.006593	0.302555	0.194386	0.225570	0.175145	0.095752	0.006593	0.302555	0.194386	0.097500	0.353937	0.072190	0.355069	0.100118	0.021186	0.192230	0.032626	0.059960	0.065164	0.288116	0.361904	1,2,3,4,2,5	71.354689	0.970322	0.428259	1.144912	0.534031	0.428259	1.660594	
361000	-113595	1,2,1,1,1,3	71.354689	5.181565	6.366600	5.181565	5.181565	5.181565	6.010561	1,1,2,3,2,4	71.354689	0.506929	0.211577	0.265107	0.016387	0.506929	0.211577	0.265107	0.016387	0.409985	0.120843	0.148357	0.320815	0.057072	0.254638	0.069315	0.618975	0.409985	0.120843	0.148357	0.320815	0.112538	0.048688	0.450298	0.388476	1,1,2,3,2,4	71.354689	0.007168	0.330768	0.294767	0.023395	0.079223	0.264678	0.007168	0.330768	0.294767	0.023395	0.079223	0.264678	0.222785	0.148126	0.131793	0.048263	0.208241	0.240792	0.241600	0.089676	0.217983	0.133171	0.253959	0.063612	0.222785	0.148126	0.131793	0.048263	0.208241	0.240792	0.335053	0.007795	0.151751	0.051443	0.109534	0.344425	1,2,1,2,2,3	71.354689	1.021275	0.407781	1.021275	0.407781	0.407781	1.224042	
362000	-112331	1,2,3,4,4,5	71.354689	5.366366	5.684907	5.618600	5.071684	5.071684	5.993179	1,1,2,3,4,5	71.354689	0.499437	0.270684	0.220340	0.009539	0.499437	0.270684	0.220340	0.009539	0.432231	0.297855	0.097924	0.171991	0.043348	0.120343	0.197470	0.638839	0.274183	0.108769	0.077667	0.539381	0.377340	0.040026	0.335604	0.247031	1,1,2,2,3,4	71.354689	0.003300	0.316617	0.274446	0.039037	0.088543	0.278057	0.003300	0.316617	0.274446	0.039037	0.088543	0.278057	0.527249	0.024807	0.062086	0.046130	0.268417	0.071312	0.527249	0.024807	0.062086	0.046130	0.268417	0.071312	0.232592	0.414690	0.022299	0.039341	0.143112	0.147965	0.254026	0.010886	0.161489	0.051158	0.257801	0.264640	1,2,1,3,3,4	71.354689	1.121394	0.361713	1.121394	0.638298	0.638298	2.548801	
363000	-114142	1,2,3,4,5,6	71.354689	6.094139	5.166876	5.654807	5.265422	5.752859	5.263413	1,2,3,4,5,6	71.354689	0.342046	0.059867	0.434812	0.163275	0.568989	0.284600	0.070891	0.075520	0.477899	0.298588	0.023296	0.200216	0.054635	0.306874	0.065290	0.573200	0.186082	0.283654	0.148686	0.381578	0.335889	0.120627	0.332766	0.210718	1,1,2,3,4,5	71.354689	0.017880	0.708080	0.121380	0.075407	0.030951	0.046302	0.017880	0.708080	0.121380	0.075407	0.030951	0.046302	0.139078	0.137934	0.005435	0.393137	0.093386	0.231030	0.088605	0.164053	0.076298	0.200914	0.333565	0.136565	0.057643	0.253120	0.080556	0.395582	0.035230	0.177869	0.109803	0.190609	0.122656	0.196795	0.026974	0.353163	1,2,1,2,2,3	71.354689	1.186832	0.507961	1.186832	0.507961	0.507961	1.211253	
364000	-111891	1,2,1,3,4,5	71.354689	5.707030	6.310676	5.707030	5.173953	6.112859	6.607282	1,1,2,3,2,4	71.354689	0.643108	0.057574	0.227687	0.071630	0.643108	0.057574	0.227687	0.071630	0.340533	0.313702	0.134961	0.210805	0.209821	0.280984	0.071109	0.438086	0.340533	0.313702	0.134961	0.210805	0.258571	0.070611	0.307102	0.363716	1,2,3,4,2,3	71.354689	0.002097	0.480970	0.077326	0.094111	0.118632	0.226865	0.030526	0.467475	0.110416	0.129028	0.047925	0.214630	0.392044	0.002318	0.054996	0.086793	0.329155	0.134693	0.129022	0.100379	0.119049	0.054652	0.447591	0.149307	0.030526	0.467475	0.110416	0.129028	0.047925	0.214630	0.392044	0.002318	0.054996	0.086793	0.329155	0.134693	1,2,1,3,4,5	71.354689	1.151153	0.367098	1.151153	0.552788	0.428346	2.031095	
365000	-114040	1,2,3,4,5,6	71.354689	5.925152	5.728431	5.526574	5.406036	5.140394	5.563354	1,2,3,4,3,5	71.354689	0.452743	0.162645	0.370204	0.014408	0.713687	0.079865	0.143580	0.062869	0.399077	0.365594	0.084648	0.150682	0.024385	0.119873	0.361000	0.494741	0.399077	0.365594	0.084648	0.150682	0.246373	0.186588	0.153312	0.413727	1,1,2,3,4,2	71.354689	0.001012	0.288864	0.260461	0.103376	0.188879	0.157408	0.001012	0.288864	0.260461	0.103376	0.188879	0.157408	0.327318	0.038625	0.062956	0.163678	0.220357	0.187066	0.034611	0.070631	0.155252	0.000276	0.627377	0.111853	0.053526	0.381952	0.169423	0.076070	0.134791	0.184238	0.327318	0.038625	0.062956	0.163678	0.220357	0.187066	1,2,3,2,4,5	71.354689	1.224610	0.463318	0.984860	0.463318	0.441648	1.528607	
366000	-111516	1,2,3,4,5,6	71.354689	5.750174	5.362884	5.157001	5.337843	5.480837	6.576385	1,2,3,4,3,5	71.354689	0.461576	0.172635	0.310905	0.054883	0.475202	0.187510	0.263939	0.073349	0.332490	0.275224	0.093677	0.298609	0.136102	0.175851	0.041811	0.646236	0.332490	0.275224	0.093677	0.298609	0.154688	0.116074	0.377660	0.351579	1,1,2,3,1,2	71.354689	0.035052	0.444499	0.108237	0.074730	0.124870	0.212613	0.035052	0.444499	0.108237	0.074730	0.124870	0.212613	0.487845	0.000015	0.050699	0.126350	0.218765	0.116326	0.158994	0.041485	0.102054	0.354147	0.326827	0.016493	0.035052	0.444499	0.108237	0.074730	0.124870	0.212613	0.487845	0.000015	0.050699	0.126350	0.218765	0.116326	1,2,3,4,2,5	71.354689	1.229806	0.484429	1.021130	0.569842	0.484429	1.499371	
367000	-112898	1,2,3,1,4,5	71.354689	5.631321	6.365625	5.210774	5.631321	5.778871	5.780380	1,1,2,3,4,5	71.354689	0.565699	0.147552	0.259396	0.027352	0.565699	0.147552	0.259396	0.027352	0.354536	0.338000	0.095570	0.211894	0.085403	0.092781	0.361871	0.459946	0.505059	0.098412	0.161949	0.234580	0.152650	0.105722	0.353154	0.388475	1,1,2,3,4,5	71.354689	0.010800	0.257566	0.327815	0.035377	0.245122	0.123319	0.010800	0.257566	0.327815	0.035377	0.245122	0.123319	0.256445	0.052996	0.187131	0.052239	0.250104	0.201084	0.379013	0.111421	0.139037	0.067212	0.280438	0.022880	0.015711	0.385351	0.020694	0.131915	0.096879	0.349449	0.371373	0.018370	0.134654	0.133554	0.103629	0.238420	1,2,3,4,2,5	71.354689	1.093384	0.431260	0.984251	0.519411	0.431260	1.638943	
368000	-112831	1,2,3,4,3,4	71.354689	6.195958	6.121043	5.409235	4.551313	5.409235	4.551313	1,1,2,3,4,5	71.354689	0.538566	0.096057	0.309934	0.055443	0.538566	0.096057	0.309934	0.055443	0.348166	0.405360	0.085514	0.160960	0.017018	0.498815	0.079615	0.404552	0.308652	0.299557	0.082230	0.309562	0.605717	0.054921	0.179656	0.159706	1,2,3,4,1,3	71.354689	0.027536	0.581843	0.112741	0.107407	0.028071	0.142402	0.015036	0.401301	0.214591	0.076716	0.116551	0.175805	0.268765	0.006463	0.045749	0.171955	0.214100	0.292968	0.004877	0.066667	0.132193	0.093731	0.421805	0.280728	0.027536	0.581843	0.112741	0.107407	0.028071	0.142402	0.268765	0.006463	0.045749	0.171955	0.214100	0.292968	1,2,3,4,5,6	71.354689	1.172148	0.574763	1.072896	0.597833	0.342641	2.044392	
369000	-112456	1,2,2,3,4,5	71.354689	5.916780	4.897299	4.897299	6.140900	5.551026	5.858245	1,2,3,4,5,6	71.354689	0.409065	0.164957	0.380848	0.045130	0.384225	0.363513	0.213150	0.039112	0.149920	0.513399	0.093968	0.242713	0.009845	0.286068	0.021933	0.682154	0.292595	0.099396	0.228209	0.379801	0.245929	0.161169	0.315706	0.277196	1,1,2,3,3,2	71.354689	0.000611	0.370810	0.181877	0.035160	0.166612	0.244931	0.000611	0.370810	0.181877	0.035160	0.166612	0.244931	0.240626	0.083476	0.113450	0.024752	0.240921	0.296775	0.147551	0.304694	0.203505	0.010188	0.097424	0.236638	0.147551	0.304694	0.203505	0.010188	0.097424	0.236638	0.240626	0.083476	0.113450	0.024752	0.240921	0.296775	1,2,1,3,2,1	71.354689	1.112455	0.408537	1.112455	0.625452	0.408537	1.112455	
370000	-112962	1,2,3,4,5,6	71.354689	5.528387	5.186600	5.467323	5.039708	6.218868	5.935976	1,2,3,4,5,5	71.354689	0.361697	0.138345	0.356036	0.143922	0.283227	0.429725	0.218940	0.068108	0.208357	0.412634	0.053375	0.325633	0.063841	0.231871	0.031889	0.672400	0.359109	0.069801	0.352088	0.219002	0.359109	0.069801	0.352088	0.219002	1,2,3,2,4,3	71.354689	0.003568	0.590645	0.119193	0.014199	0.094766	0.177629	0.033632	0.465981	0.123646	0.015500	0.313679	0.047562	0.409927	0.028207	0.096353	0.035110	0.207396	0.223008	0.033632	0.465981	0.123646	0.015500	0.313679	0.047562	0.143945	0.322395	0.085781	0.071220	0.064954	0.311704	0.409927	0.028207	0.096353	0.035110	0.207396	0.223008	1,2,1,3,4,5	71.354689	1.167426	0.383825	1.167426	0.562918	0.450114	2.213310	
371000	-114151	1,2,3,3,4,5	71.354689	5.481847	5.621008	4.963313	4.963313	5.568620	5.814536	1,2,3,4,3,5	71.354689	0.421104	0.249570	0.284251	0.045076	0.540959	0.240165	0.196223	0.022653	0.441307	0.168639	0.105563	0.284491	0.186444	0.091913	0.143163	0.578480	0.441307	0.168639	0.105563	0.284491	0.352225	0.211642	0.260951	0.175183	1,1,2,3,4,5	71.354689	0.007890	0.296651	0.099302	0.060357	0.174556	0.361244	0.007890	0.296651	0.099302	0.060357	0.174556	0.361244	0.314812	0.232538	0.015943	0.062710	0.113902	0.260095	0.269643	0.088041	0.038251	0.044533	0.501660	0.057872	0.139587	0.080710	0.186406	0.154103	0.187425	0.251770	0.076523	0.032782	0.151185	0.015192	0.416336	0.307982	1,2,3,4,2,5	71.354689	1.153502	0.392816	1.153780	0.807575	0.392816	1.975904	
372000	-113462	1,2,3,4,5,6	71.354689	6.427611	5.107972	5.848049	5.031173	4.888824	6.723619	1,2,3,4,3,5	71.354689	0.411872	0.145379	0.396880	0.045869	0.412184	0.212565	0.237023	0.138228	0.323027	0.399628	0.074997	0.202348	0.335124	0.182679	0.038727	0.443471	0.323027	0.399628	0.074997	0.202348	0.143464	0.132323	0.331891	0.392322	1,1,2,2,1,2	71.354689	0.015233	0.577419	0.114912	0.085148	0.011365	0.195924	0.015233	0.577419	0.114912	0.085148	0.011365	0.195924	0.446290	0.004225	0.082386	0.073891	0.304222	0.088986	0.446290	0.004225	0.082386	0.073891	0.304222	0.088986	0.015233	0.577419	0.114912	0.085148	0.011365	0.195924	0.446290	0.004225	0.082386	0.073891	0.304222	0.088986	1,2,1,3,2,4	71.354689	1.063434	0.476022	1.063434	0.637103	0.476022	1.339771	
373000	-112746	1,2,3,4,5,6	71.354689	5.878836	5.654072	5.248134	5.180638	5.742043	6.074416	1,1,2,3,2,4	71.354689	0.547837	0.141256	0.269186	0.041720	0.547837	0.141256	0.269186	0.041720	0.277639	0.360470	0.133189	0.228703	0.016583	0.349914	0.262371	0.371133	0.277639	0.360470	0.133189	0.228703	0.217267	0.157861	0.331804	0.293067	1,1,2,3,4,5	71.354689	0.021694	0.306274	0.175391	0.029068	0.235127	0.232447	0.021694	0.306274	0.175391	0.029068	0.235127	0.232447	0.335523	0.038320	0.090275	0.240067	0.241464	0.054353	0.016920	0.454588	0.344509	0.001103	0.147459	0.035421	0.131595	0.297751	0.202414	0.164227	0.034142	0.169871	0.424848	0.059185	0.101034	0.048867	0.021400	0.344667	1,2,1,3,3,1	71.354689	1.177971	0.437749	1.177971	0.508107	0.508107	1.177971	
374000	-113510	1,1,2,1,3,4	71.354689	4.587197	4.587197	5.674789	4.587197	5.856212	5.001412	1,1,2,3,4,4	71.354689	0.348157	0.496400	0.148668	0.006775	0.348157	0.496400	0.148668	0.006775	0.309593	0.375729	0.063058	0.251620	0.102106	0.159714	0.068525	0.669655	0.433091	0.101971	0.189255	0.275684	0.433091	0.101971	0.189255	0.275684	1,1,2,2,3,4	71.354689	0.001636	0.219746	0.229859	0.012467	0.152400	0.383892	0.001636	0.219746	0.229859	0.012467	0.152400	0.383892	0.215976	0.081135	0.127708	0.101480	0.370596	0.103106	0.215976	0.081135	0.127708	0.101480	0.370596	0.103106	0.122809	0.163339	0.076914	0.451689	0.085695	0.099555	0.076482	0.130637	0.030396	0.373226	0.020652	0.368608	1,2,3,4,4,5	71.354689	1.080812	0.555058	0.920505	0.506514	0.506514	1.072302	
375000	-112215	1,2,3,1,1,3	71.354689	5.145662	6.481120	5.707841	5.145662	5.145662	5.707841	1,2,3,4,3,5	71.354689	0.420932	0.095026	0.383108	0.100934	0.657639	0.158068	0.140695	0.043598	0.268525	0.448082	0.076043	0.207350	0.210237	0.208551	0.066902	0.514311	0.268525	0.448082	0.076043	0.207350	0.058197	0.121635	0.440616	0.379551	1,1,2,3,1,2	71.354689	0.004675	0.614915	0.143796	0.137079	0.027943	0.071592	0.004675	0.614915	0.143796	0.137079	0.027943	0.071592	0.330557	0.029196	0.142041	0.123113	0.130222	0.244870	0.144890	0.242266	0.057784	0.066077	0.354681	0.134303	0.004675	0.614915	0.143796	0.137079	0.027943	0.071592	0.330557	0.029196	0.142041	0.123113	0.130222	0.244870	1,2,3,4,5,6	71.354689	0.902723	0.379756	0.982715	0.692301	0.398371	1.394217	
376000	-112435	1,2,3,2,4,5	71.354689	5.642545	4.919823	5.575113	4.919823	5.314513	5.833108	1,2,3,4,5,1	71.354689	0.421038	0.088329	0.312391	0.178241	0.412159	0.227778	0.159993	0.200070	0.499111	0.362971	0.048257	0.089661	0.106144	0.162528	0.190991	0.540337	0.447626	0.113286	0.263114	0.175974	0.421038	0.088329	0.312391	0.178241	1,1,2,3,3,4	71.354689	0.001504	0.559757	0.039393	0.103807	0.232267	0.063272	0.001504	0.559757	0.039393	0.103807	0.232267	0.063272	0.299829	0.003818	0.125680	0.052100	0.374771	0.143803	0.183605	0.227245	0.117882	0.043828	0.349958	0.077483	0.183605	0.227245	0.117882	0.043828	0.349958	0.077483	0.399238	0.018572	0.030865	0.061997	0.292918	0.196410	1,2,3,4,5,1	71.354689	1.179507	0.379983	0.972090	0.680917	0.393597	1.179507	
377000	-112795	1,2,3,4,3,1	71.354689	5.328984	5.395748	5.506460	5.279685	5.506460	5.328984	1,1,2,3,2,4	71.354689	0.496759	0.163422	0.292741	0.047078	0.496759	0.163422	0.292741	0.047078	0.354522	0.369546	0.094669	0.181263	0.018218	0.272603	0.271149	0.438029	0.354522	0.369546	0.094669	0.181263	0.302916	0.116209	0.311284	0.269591	1,1,2,2,1,2	71.354689	0.038755	0.412304	0.201699	0.063176	0.115829	0.168236	0.038755	0.412304	0.201699	0.063176	0.115829	0.168236	0.425300	0.005745	0.075155	0.100746	0.275516	0.117537	0.425300	0.005745	0.075155	0.100746	0.275516	0.117537	0.038755	0.412304	0.201699	0.063176	0.115829	0.168236	0.425300	0.005745	0.075155	0.100746	0.275516	0.117537	1,2,3,4,2,5	71.354689	1.088254	0.449737	1.112561	0.559825	0.449737	1.148365	
378000	-113520	1,2,3,4,5,6	71.354689	5.036500	5.770595	5.751801	5.101240	5.544892	5.515601	1,1,2,3,4,5	71.354689	0.546126	0.204995	0.211224	0.037654	0.546126	0.204995	0.211224	0.037654	0.262276	0.385049	0.087614	0.265060	0.033607	0.233467	0.093347	0.639578	0.457846	0.231830	0.058806	0.251518	0.480674	0.098128	0.268373	0.152825	1,1,2,3,4,5	71.354689	0.017449	0.512442	0.196300	0.089167	0.110247	0.074395	0.017449	0.512442	0.196300	0.089167	0.110247	0.074395	0.443552	0.102722	0.026560	0.102728	0.235151	0.089287	0.415313	0.092489	0.083020	0.035806	0.330058	0.043316	0.001158	0.288166	0.130404	0.209593	0.092765	0.277914	0.208497	0.191659	0.111117	0.056582	0.103763	0.328382	1,2,3,4,4,5	71.354689	1.306037	0.387408	0.824535	0.488664	0.488664	1.270555	
379000	-113136	1,2,3,4,5,6	71.354689	4.872844	6.000097	5.533338	4.556726	6.373246	5.900742	1,1,2,3,3,4	71.354689	0.513029	0.154445	0.295320	0.037206	0.513029	0.154445	0.295320	0.037206	0.493897	0.159384	0.189247	0.157472	0.257281	0.161074	0.152076	0.429569	0.257281	0.161074	0.152076	0.429569	0.304029	0.102463	0.477535	0.115973	1,1,2,3,4,2	71.354689	0.006271	0.345023	0.134829	0.029071	0.108880	0.375926	0.006271	0.345023	0.134829	0.029071	0.108880	0.375926	0.366759	0.000006	0.046101	0.122229	0.336522	0.128382	0.119976	0.145283	0.082546	0.167368	0.402383	0.082444	0.081693	0.352708	0.063440	0.150157	0.160481	0.191521	0.366759	0.000006	0.046101	0.122229	0.336522	0.128382	1,2,3,4,4,5	71.354689	1.003262	0.372688	1.052691	0.525484	0.525484	1.623978	
380000	-113630	1,2,3,4,2,5	71.354689	5.895142	4.203726	5.038068	5.254115	4.203726	5.532666	1,1,2,3,4,4	71.354689	0.415336	0.097255	0.345891	0.141518	0.415336	0.097255	0.345891	0.141518	0.185518	0.514666	0.071650	0.228165	0.030100	0.334701	0.189066	0.446133	0.370417	0.092215	0.327607	0.209761	0.370417	0.092215	0.327607	0.209761	1,1,2,1,3,4	71.354689	0.085310	0.542425	0.051483	0.094798	0.210705	0.015280	0.085310	0.542425	0.051483	0.094798	0.210705	0.015280	0.450710	0.056090	0.132220	0.036781	0.227491	0.096708	0.085310	0.542425	0.051483	0.094798	0.210705	0.015280	0.236137	0.048728	0.140419	0.225995	0.266412	0.082309	0.119829	0.033799	0.046650	0.209979	0.419898	0.169845	1,2,3,4,4,5	71.354689	0.829574	0.385354	1.172168	0.487958	0.487958	1.879796	
381000	-113414	1,2,3,4,4,5	71.354689	5.682137	6.520831	5.545789	4.825572	4.825572	6.043265	1,1,2,3,2,4	71.354689	0.563897	0.136574	0.247424	0.052105	0.563897	0.136574	0.247424	0.052105	0.344021	0.357448	0.085224	0.213307	0.032689	0.142735	0.291778	0.532798	0.344021	0.357448	0.085224	0.213307	0.037030	0.084055	0.504630	0.374285	1,2,3,3,2,3	71.354689	0.010411	0.597083	0.170545	0.098529	0.071803	0.051628	0.024657	0.468138	0.190970	0.087026	0.050175	0.179035	0.266616	0.076322	0.108210	0.066865	0.337765	0.144223	0.266616	0.076322	0.108210	0.066865	0.337765	0.144223	0.024657	0.468138	0.190970	0.087026	0.050175	0.179035	0.266616	0.076322	0.108210	0.066865	0.337765	0.144223	1,2,3,4,2,5	71.354689	1.235962	0.416761	1.267656	0.627879	0.416761	1.472458	
382000	-113359	1,2,2,2,2,3	71.354689	6.055450	4.639642	4.639642	4.639642	4.639642	5.640771	1,1,2,3,4,4	71.354689	0.340001	0.124664	0.492571	0.042764	0.340001	0.124664	0.492571	0.042764	0.213816	0.229080	0.161779	0.395325	0.086486	0.359008	0.117631	0.436876	0.283068	0.112796	0.333560	0.270576	0.283068	0.112796	0.333560	0.270576	1,1,2,3,4,5	71.354689	0.026864	0.470123	0.214241	0.041184	0.088068	0.159520	0.026864	0.470123	0.214241	0.041184	0.088068	0.159520	0.550271	0.160082	0.015357	0.048906	0.125900	0.099484	0.117072	0.293813	0.104254	0.029966	0.364086	0.090809	0.278427	0.171607	0.173207	0.187747	0.101597	0.087414	0.171546	0.038916	0.074821	0.334213	0.082694	0.297811	1,2,3,4,5,6	71.354689	0.987648	0.537039	0.943133	0.615121	0.515337	1.637109	
383000	-113543	1,2,1,1,3,4	71.354689	5.075187	6.381560	5.075187	5.075187	5.995492	6.369661	1,1,2,3,4,5	71.354689	0.715686	0.058071	0.193827	0.032416	0.715686	0.058071	0.193827	0.032416	0.116520	0.514780	0.100484	0.268216	0.278853	0.096216	0.022816	0.602115	0.236267	0.147830	0.196509	0.419395	0.330921	0.129306	0.377576	0.162197	1,1,2,3,4,2	71.354689	0.027379	0.488404	0.103129	0.129521	0.164479	0.087088	0.027379	0.488404	0.103129	0.129521	0.164479	0.087088	0.353650	0.007334	0.102138	0.042537	0.214186	0.280153	0.178799	0.144124	0.089228	0.286643	0.297886	0.003321	0.067103	0.279875	0.077649	0.314871	0.046714	0.213788	0.353650	0.007334	0.102138	0.042537	0.214186	0.280153	1,2,3,4,5,6	71.354689	1.187764	0.397898	1.122618	0.839478	0.486747	2.143582	
384000	-114304	1,2,3,2,4,5	71.354689	5.391430	3.524181	5.224052	3.524181	6.324362	6.199528	1,2,3,4,5,6	71.354689	0.301776	0.171317	0.493326	0.033582	0.437051	0.355677	0.148806	0.058465	0.333450	0.364358	0.151648	0.150544	0.086034	0.603890	0.107283	0.202793	0.346847	0.226256	0.192790	0.234107	0.161324	0.285980	0.357472	0.195224	1,2,3,4,2,3	71.354689	0.051947	0.369575	0.285663	0.067344	0.049331	0.176140	0.029717	0.469514	0.148931	0.125048	0.086439	0.140351	0.333251	0.011149	0.068420	0.045702	0.291937	0.249541	0.277088	0.116751	0.061002	0.069417	0.270827	0.204914	0.029717	0.469514	0.148931	0.125048	0.086439	0.140351	0.333251	0.011149	0.068420	0.045702	0.291937	0.249541	1,2,3,4,2,5	71.354689	1.004257	0.413924	1.045008	0.721409	0.413924	1.503893	
385000	-114229	1,2,3,3,4,2	71.354689	6.766363	5.762810	5.138126	5.138126	6.279936	5.762810	1,2,3,4,3,5	71.354689	0.509780	0.112521	0.356613	0.021087	0.571917	0.152562	0.183316	0.092205	0.340427	0.320822	0.191308	0.147442	0.049923	0.649110	0.069975	0.230992	0.340427	0.320822	0.191308	0.147442	0.153579	0.273778	0.348074	0.224569	1,1,2,3,4,2	71.354689	0.018742	0.643261	0.147525	0.111453	0.073080	0.005939	0.018742	0.643261	0.147525	0.111453	0.073080	0.005939	0.272448	0.038787	0.086714	0.089460	0.174942	0.337648	0.326832	0.022257	0.264026	0.114770	0.158404	0.113711	0.035948	0.536903	0.161773	0.081032	0.099916	0.084428	0.272448	0.038787	0.086714	0.089460	0.174942	0.337648	1,2,3,1,2,4	71.354689	0.880398	0.387142	0.928623	0.880398	0.387142	1.999807	
386000	-114285	1,2,1,3,4,5	71.354689	5.262518	5.503046	5.262518	5.282778	6.125178	6.016750	1,1,2,3,2,4	71.354689	0.360078	0.319460	0.286992	0.033470	0.360078	0.319460	0.286992	0.033470	0.321342	0.385082	0.135497	0.158079	0.129095	0.345097	0.029247	0.496561	0.321342	0.385082	0.135497	0.158079	0.131730	0.261156	0.404422	0.202693	1,1,2,3,3,4	71.354689	0.006563	0.467153	0.145726	0.075483	0.118700	0.186374	0.006563	0.467153	0.145726	0.075483	0.118700	0.186374	0.398121	0.080855	0.101588	0.137003	0.245393	0.037040	0.099986	0.620447	0.135470	0.004451	0.037361	0.102285	0.099986	0.620447	0.135470	0.004451	0.037361	0.102285	0.120422	0.120527	0.230485	0.068915	0.128386	0.331266	1,2,3,4,5,6	71.354689	1.193025	0.498521	1.256533	0.739738	0.350032	1.630101	
387000	-112849	1,2,3,4,5,6	71.354689	5.612208	6.317871	5.795845	4.860626	5.365007	6.352811	1,1,2,3,4,5	71.354689	0.561509	0.131532	0.266683	0.040277	0.561509	0.131532	0.266683	0.040277	0.199304	0.397224	0.146574	0.256898	0.328543	0.160620	0.149443	0.361393	0.489539	0.174376	0.074957	0.261128	0.313921	0.085993	0.354153	0.245933	1,1,2,3,1,2	71.354689	0.036245	0.433679	0.118456	0.089852	0.072114	0.249653	0.036245	0.433679	0.118456	0.089852	0.072114	0.249653	0.357201	0.011723	0.021908	0.143606	0.092458	0.373103	0.285566	0.011618	0.053497	0.039326	0.450143	0.159850	0.036245	0.433679	0.118456	0.089852	0.072114	0.249653	0.357201	0.011723	0.021908	0.143606	0.092458	0.373103	1,2,3,4,5,6	71.354689	1.017572	0.330042	1.059665	0.925710	0.485567	1.861968	
388000	-113837	1,2,3,4,3,5	71.354689	6.119698	4.729749	4.587020	5.791791	4.587020	5.569088	1,2,3,4,1,1	71.354689	0.481253	0.092674	0.298738	0.127336	0.631313	0.135929	0.129679	0.103079	0.226849	0.294087	0.319247	0.159817	0.079914	0.296620	0.206301	0.417165	0.481253	0.092674	0.298738	0.127336	0.481253	0.092674	0.298738	0.127336	1,1,2,3,4,2	71.354689	0.000791	0.658323	0.093956	0.161759	0.037954	0.047217	0.000791	0.658323	0.093956	0.161759	0.037954	0.047217	0.380202	0.023648	0.030887	0.117155	0.143081	0.305027	0.087897	0.670062	0.011037	0.009613	0.172662	0.048729	0.100602	0.136493	0.221263	0.110325	0.362935	0.068382	0.380202	0.023648	0.030887	0.117155	0.143081	0.305027	1,2,1,3,4,5	71.354689	1.166416	0.399652	1.166416	0.633140	0.404924	1.940809	
389000	-113830	1,2,3,4,3,5	71.354689	5.337076	5.646117	4.597033	5.078610	4.597033	6.264550	1,1,2,3,4,4	71.354689	0.483268	0.244582	0.219099	0.053051	0.483268	0.244582	0.219099	0.053051	0.356891	0.171358	0.230366	0.241385	0.062296	0.436596	0.026247	0.474861	0.275067	0.076639	0.431966	0.216328	0.275067	0.076639	0.431966	0.216328	1,1,2,3,3,4	71.354689	0.012558	0.438036	0.239631	0.028303	0.132576	0.148896	0.012558	0.438036	0.239631	0.028303	0.132576	0.148896	0.194469	0.073210	0.042407	0.063791	0.382678	0.243445	0.187735	0.164150	0.336898	0.021275	0.233601	0.056341	0.187735	0.164150	0.336898	0.021275	0.233601	0.056341	0.583706	0.030947	0.037385	0.085469	0.122256	0.140237	1,2,3,4,5,6	71.354689	1.239343	0.467017	1.229768	0.493328	0.432080	1.424782	
390000	-113304	1,2,3,4,5,6	71.354689	5.522483	6.457156	5.257203	5.304661	5.983095	5.913929	1,1,2,3,4,5	71.354689	0.438585	0.215791	0.319851	0.025774	0.438585	0.215791	0.319851	0.025774	0.477714	0.404153	0.058182	0.059951	0.328443	0.332960	0.023624	0.314973	0.319263	0.080024	0.281137	0.319575	0.366988	0.088566	0.378476	0.165970	1,1,2,3,4,5	71.354689	0.004410	0.195495	0.149713	0.012985	0.440990	0.196408	0.004410	0.195495	0.149713	0.012985	0.440990	0.196408	0.196396	0.084862	0.129949	0.091295	0.467587	0.029911	0.126341	0.236271	0.018530	0.027086	0.355576	0.236196	0.155019	0.357424	0.071913	0.178503	0.054154	0.182987	0.256058	0.052156	0.055102	0.020039	0.317469	0.299176	1,2,1,3,4,5	71.354689	1.105607	0.401246	1.105607	0.753779	0.407978	1.950239	
391000	-112975	1,2,3,1,4,5	71.354689	4.900052	5.641553	6.105510	4.900052	5.799060	6.883048	1,1,2,3,4,4	71.354689	0.543041	0.110437	0.297827	0.048695	0.543041	0.110437	0.297827	0.048695	0.328177	0.416910	0.072344	0.182569	0.168371	0.406738	0.023905	0.400987	0.316289	0.115511	0.238643	0.329557	0.316289	0.115511	0.238643	0.329557	1,1,2,3,4,2	71.354689	0.019552	0.279542	0.041229	0.016741	0.604975	0.037962	0.019552	0.279542	0.041229	0.016741	0.604975	0.037962	0.365349	0.009060	0.026339	0.047960	0.365108	0.186186	0.040554	0.041666	0.210299	0.101425	0.394811	0.211245	0.346397	0.125095	0.160200	0.116169	0.125428	0.126711	0.365349	0.009060	0.026339	0.047960	0.365108	0.186186	1,2,1,3,3,4	71.354689	1.132470	0.283157	1.132470	0.577395	0.577395	1.855474	
392000	-113228	1,2,3,4,5,6	71.354689	5.564868	5.968518	5.316969	5.338048	5.048263	5.068973	1,1,2,3,1,4	71.354689	0.486805	0.169764	0.267906	0.075525	0.486805	0.169764	0.267906	0.075525	0.307819	0.397125	0.058483	0.236573	0.042750	0.177628	0.028247	0.751376	0.486805	0.169764	0.267906	0.075525	0.505568	0.031273	0.243141	0.220018	1,1,2,3,2,4	71.354689	0.007434	0.525519	0.143904	0.100934	0.056779	0.165430	0.007434	0.525519	0.143904	0.100934	0.056779	0.165430	0.235009	0.166663	0.083547	0.084712	0.194613	0.235456	0.055557	0.587279	0.168238	0.039911	0.134357	0.014658	0.235009	0.166663	0.083547	0.084712	0.194613	0.235456	0.394075	0.070695	0.070124	0.134701	0.044135	0.286270	1,2,3,4,4,5	71.354689	1.042789	0.471109	1.145536	0.506095	0.506095	1.348295	
393000	-112518	1,2,3,4,5,1	71.354689	5.951556	6.684942	5.503521	5.180813	5.812105	5.951556	1,2,3,4,5,5	71.354689	0.362198	0.209274	0.389737	0.038791	0.693690	0.167819	0.111455	0.027037	0.260317	0.350608	0.009086	0.379989	0.057957	0.209261	0.142790	0.589992	0.252932	0.129323	0.194436	0.423308	0.252932	0.129323	0.194436	0.423308	1,1,2,3,4,2	71.354689	0.029409	0.438646	0.240796	0.103607	0.064631	0.122911	0.029409	0.438646	0.240796	0.103607	0.064631	0.122911	0.416840	0.017347	0.062265	0.084397	0.230331	0.188820	0.074535	0.229393	0.255097	0.008432	0.363661	0.068883	0.382055	0.163185	0.130709	0.151830	0.074319	0.097901	0.416840	0.017347	0.062265	0.084397	0.230331	0.188820	1,2,3,4,5,6	71.354689	1.080870	0.447298	1.141908	0.548018	0.557167	1.287457	
394000	-111875	1,2,3,4,5,6	71.354689	5.950606	5.937520	4.837547	5.008252	6.290806	6.011103	1,1,2,3,4,5	71.354689	0.517132	0.153965	0.257588	0.071316	0.517132	0.153965	0.257588	0.071316	0.459923	0.413128	0.067817	0.059133	0.095298	0.131067	0.099600	0.674035	0.442069	0.037664	0.219010	0.301257	0.240704	0.098191	0.422558	0.238546	1,1,2,3,4,2	71.354689	0.014223	0.623210	0.149037	0.062088	0.105461	0.045982	0.014223	0.623210	0.149037	0.062088	0.105461	0.045982	0.230247	0.023392	0.101181	0.081157	0.335388	0.228635	0.643800	0.056430	0.019651	0.018696	0.254089	0.007334	0.051364	0.368835	0.133911	0.167253	0.178810	0.099827	0.230247	0.023392	0.101181	0.081157	0.335388	0.228635	1,2,3,4,5,6	71.354689	1.286464	0.421271	0.868690	0.683493	0.340269	1.554056	
395000	-113476	1,2,3,4,5,2	71.354689	6.645959	4.903884	5.527346	4.995600	5.183253	4.903884	1,2,3,4,3,5	71.354689	0.519045	0.038915	0.415493	0.026547	0.637431	0.151209	0.180754	0.030607	0.236248	0.446606	0.079711	0.237435	0.095179	0.275886	0.166977	0.461958	0.236248	0.446606	0.079711	0.237435	0.095136	0.238554	0.250733	0.415576	1,2,3,4,1,5	71.354689	0.075146	0.393905	0.160289	0.041627	0.012506	0.316526	0.005930	0.342059	0.120803	0.073430	0.119193	0.338584	0.398880	0.050150	0.012344	0.050202	0.164370	0.324054	0.619292	0.131652	0.111407	0.012843	0.118992	0.005813	0.075146	0.393905	0.160289	0.041627	0.012506	0.316526	0.173403	0.080540	0.087929	0.216874	0.071479	0.369775	1,2,3,4,5,6	71.354689	1.077376	0.346025	1.052535	0.750494	0.544604	1.397007	
396000	-112685	1,2,3,4,5,2	71.354689	6.162442	5.609391	5.604039	5.229937	7.014953	5.609391	1,2,3,4,5,6	71.354689	0.499980	0.142696	0.300291	0.057034	0.519649	0.231401	0.222606	0.026343	0.355050	0.452322	0.071041	0.121587	0.062442	0.075390	0.251749	0.610418	0.390581	0.195768	0.135304	0.278347	0.114653	0.067233	0.656494	0.161619	1,2,3,4,1,3	71.354689	0.009297	0.547953	0.108417	0.133864	0.040561	0.159909	0.022112	0.450712	0.421042	0.027117	0.053790	0.025227	0.236332	0.080326	0.106886	0.092682	0.104123	0.379653	0.259101	0.145334	0.058118	0.145756	0.364926	0.026764	0.009297	0.547953	0.108417	0.133864	0.040561	0.159909	0.236332	0.080326	0.106886	0.092682	0.104123	0.379653	1,2,3,4,2,5	71.354689	1.167552	0.429816	1.065350	0.641626	0.429816	1.371175	
397000	-115482	1,2,3,1,4,1	71.354689	4.234606	4.944304	5.435579	4.234606	5.943739	4.234606	1,1,2,3,2,4	71.354689	0.415187	0.398147	0.168395	0.018270	0.415187	0.398147	0.168395	0.018270	0.346676	0.236510	0.099547	0.317267	0.248144	0.158312	0.149975	0.443568	0.346676	0.236510	0.099547	0.317267	0.179831	0.291406	0.203326	0.325437	1,1,2,3,4,5	71.354689	0.004345	0.264787	0.345929	0.006608	0.213633	0.164697	0.004345	0.264787	0.345929	0.006608	0.213633	0.164697	0.283062	0.091730	0.009755	0.095220	0.160167	0.360066	0.204122	0.004190	0.139360	0.314920	0.237555	0.099853	0.176286	0.153023	0.052613	0.365287	0.001512	0.251279	0.191268	0.223701	0.050547	0.095037	0.030845	0.408602	1,2,3,4,2,5	71.354689	1.172064	0.453041	1.127549	0.696482	0.453041	1.298454	
398000	-113453	1,1,2,1,3,1	71.354689	4.784225	4.784225	5.437436	4.784225	5.516517	4.784225	1,2,3,4,3,5	71.354689	0.404625	0.132255	0.313174	0.149946	0.356699	0.410358	0.160902	0.072041	0.348460	0.327409	0.145910	0.178221	0.052487	0.123240	0.265993	0.558280	0.348460	0.327409	0.145910	0.178221	0.104384	0.174296	0.362185	0.359135	1,1,2,3,4,2	71.354689	0.005106	0.563616	0.211947	0.050742	0.064575	0.104013	0.005106	0.563616	0.211947	0.050742	0.064575	0.104013	0.162555	0.114794	0.069824	0.085065	0.177508	0.390253	0.211634	0.179407	0.202748	0.069755	0.293293	0.043163	0.073726	0.253278	0.160667	0.263294	0.116686	0.132349	0.162555	0.114794	0.069824	0.085065	0.177508	0.390253	1,2,3,4,5,6	71.354689	1.173360	0.438835	1.154885	0.543359	0.507718	1.546029	
399000	-114835	1,2,3,2,2,4	71.354689	5.553196	4.977173	5.033699	4.977173	4.977173	5.741318	1,1,2,3,4,5	71.354689	0.379240	0.220589	0.376369	0.023801	0.379240	0.220589	0.376369	0.023801	0.346438	0.307618	0.122916	0.223028	0.236951	0.289597	0.140244	0.333208	0.384461	0.260357	0.144190	0.210992	0.107735	0.046883	0.251758	0.593623	1,1,2,3,4,5	71.354689	0.011712	0.281384	0.253571	0.037589	0.098242	0.317502	0.011712	0.281384	0.253571	0.037589	0.098242	0.317502	0.532596	0.055986	0.107160	0.087868	0.186702	0.029688	0.097293	0.112355	0.254978	0.142376	0.341009	0.051990	0.140290	0.260915	0.154782	0.038091	0.238300	0.167622	0.322115	0.124360	0.156807	0.054628	0.115313	0.226777	1,2,1,3,2,4	71.354689	1.010873	0.500902	1.010873	0.812851	0.500902	1.169273	
400000	-112327	1,2,1,3,4,5	71.354689	5.044458	5.702770	5.044458	5.391607	6.024669	5.887171	1,1,2,3,2,4	71.354689	0.477063	0.315980	0.183996	0.022960	0.477063	0.315980	0.183996	0.022960	0.428429	0.269238	0.086733	0.215601	0.110054	0.283792	0.120846	0.485308	0.428429	0.269238	0.086733	0.215601	0.090790	0.168312	0.529049	0.211849	1,1,2,3,3,2	71.354689	0.001147	0.423865	0.293058	0.034723	0.132389	0.114818	0.001147	0.423865	0.293058	0.034723	0.132389	0.114818	0.371026	0.025023	0.075953	0.058810	0.253144	0.216044	0.078125	0.565337	0.105543	0.042878	0.139813	0.068305	0.078125	0.565337	0.105543	0.042878	0.139813	0.068305	0.371026	0.025023	0.075953	0.058810	0.253144	0.216044	1,2,3,4,5,6	71.354689	1.451901	0.389861	0.980149	0.657253	0.495865	1.486290	
401000	-112781	1,2,3,4,5,6	71.354689	5.807144	6.211024	5.097516	5.027603	5.462794	5.510618	1,1,2,3,4,4	71.354689	0.493664	0.172679	0.311466	0.022191	0.493664	0.172679	0.311466	0.022191	0.188275	0.368981	0.101228	0.341516	0.169812	0.249012	0.033012	0.548163	0.275747	0.176166	0.281207	0.266880	0.275747	0.176166	0.281207	0.266880	1,1,2,3,4,5	71.354689	0.004373	0.260380	0.308869	0.027784	0.118246	0.280348	0.004373	0.260380	0.308869	0.027784	0.118246	0.280348	0.404403	0.047169	0.065432	0.260289	0.067113	0.155593	0.104542	0.087117	0.081223	0.236003	0.315422	0.175692	0.249426	0.246012	0.230033	0.081591	0.039374	0.153564	0.033022	0.010713	0.048970	0.257392	0.134264	0.515638	1,2,1,3,3,4	71.354689	1.130216	0.530803	1.130216	0.532435	0.532435	1.993084	
402000	-112091	1,2,3,4,5,6	71.354689	5.500055	5.332497	5.543528	5.138067	6.460149	5.844691	1,2,3,4,5,6	71.354689	0.379881	0.195497	0.358426	0.066197	0.319483	0.427403	0.233674	0.019440	0.327099	0.383739	0.071063	0.218100	0.055110	0.197529	0.191379	0.555982	0.380524	0.207920	0.109183	0.302372	0.081564	0.122243	0.448747	0.347446	1,1,2,3,1,2	71.354689	0.017727	0.444022	0.125136	0.067864	0.075903	0.269347	0.017727	0.444022	0.125136	0.067864	0.075903	0.269347	0.409707	0.083553	0.051220	0.147985	0.153321	0.154214	0.398978	0.334348	0.038253	0.024344	0.195950	0.008127	0.017727	0.444022	0.125136	0.067864	0.075903	0.269347	0.409707	0.083553	0.051220	0.147985	0.153321	0.154214	1,2,1,3,4,5	71.354689	1.078568	0.379521	1.078568	0.548199	0.541500	2.343422	
403000	-112970	1,2,3,4,1,5	71.354689	6.130047	4.921475	5.563051	5.493929	6.130047	5.504315	1,2,3,4,5,1	71.354689	0.393695	0.075436	0.390071	0.140798	0.331232	0.434384	0.185450	0.048934	0.245124	0.460682	0.135137	0.159057	0.065388	0.406983	0.171374	0.356254	0.294939	0.094864	0.272127	0.338070	0.393695	0.075436	0.390071	0.140798	1,1,2,3,4,5	71.354689	0.035277	0.529063	0.029315	0.094740	0.130022	0.181583	0.035277	0.529063	0.029315	0.094740	0.130022	0.181583	0.390700	0.009267	0.054340	0.073102	0.383163	0.089428	0.483003	0.209747	0.103401	0.015793	0.122954	0.065103	0.158436	0.247572	0.078276	0.221848	0.071660	0.222209	0.149529	0.039496	0.045360	0.089893	0.238068	0.437653	1,2,1,2,2,3	71.354689	1.038120	0.495973	1.038120	0.495973	0.495973	1.668381	
404000	-114048	1,2,3,4,2,5	71.354689	5.353881	4.681652	5.522729	4.519578	4.681652	5.992782	1,2,2,3,4,5	71.354689	0.314793	0.245540	0.342785	0.096882	0.405271	0.375377	0.114787	0.104565	0.405271	0.375377	0.114787	0.104565	0.119177	0.283066	0.186651	0.411105	0.244806	0.325508	0.178380	0.251305	0.149069	0.183639	0.443912	0.223380	1,1,2,3,4,5	71.354689	0.001433	0.734456	0.168243	0.038789	0.010449	0.046630	0.001433	0.734456	0.168243	0.038789	0.010449	0.046630	0.119396	0.170731	0.079429	0.062622	0.131965	0.435857	0.231453	0.232193	0.025428	0.110576	0.333281	0.067068	0.088354	0.372750	0.252102	0.025107	0.190008	0.071679	0.361894	0.120198	0.040902	0.017977	0.124043	0.334987	1,2,1,3,2,4	71.354689	1.128773	0.449118	1.128773	0.551530	0.449118	1.350723	
405000	-112915	1,2,3,2,4,5	71.354689	5.693584	4.826896	5.249721	4.826896	6.064891	6.078551	1,2,3,4,5,6	71.354689	0.525292	0.137169	0.265880	0.071660	0.486476	0.329426	0.128031	0.056067	0.183508	0.467788	0.027499	0.321204	0.066695	0.300197	0.166522	0.466587	0.287181	0.180779	0.227282	0.304757	0.247684	0.109021	0.366654	0.276641	1,1,2,3,2,4	71.354689	0.050074	0.686803	0.112343	0.039183	0.088512	0.023085	0.050074	0.686803	0.112343	0.039183	0.088512	0.023085	0.208749	0.175739	0.052860	0.335521	0.057798	0.169333	0.137173	0.192146	0.152367	0.006598	0.372773	0.138943	0.208749	0.175739	0.052860	0.335521	0.057798	0.169333	0.063706	0.007418	0.225176	0.223010	0.146026	0.334665	1,2,1,3,4,5	71.354689	1.065836	0.450876	1.065836	0.539413	0.466155	1.397192	
406000	-116105	1,2,2,2,3,4	71.354689	6.585085	4.888122	4.888122	4.888122	5.976743	7.608212	1,1,2,3,4,5	71.354689	0.513960	0.163755	0.228771	0.093515	0.513960	0.163755	0.228771	0.093515	0.244052	0.329139	0.034512	0.392298	0.305711	0.241715	0.028659	0.423915	0.298298	0.185734	0.180628	0.335340	0.467427	0.088326	0.143959	0.300287	1,1,2,3,1,4	71.354689	0.006514	0.406298	0.104656	0.081973	0.107161	0.293397	0.006514	0.406298	0.104656	0.081973	0.107161	0.293397	0.293069	0.252673	0.013425	0.188999	0.196625	0.055209	0.087465	0.326795	0.025822	0.016673	0.337244	0.206002	0.006514	0.406298	0.104656	0.081973	0.107161	0.293397	0.306149	0.004356	0.120157	0.273761	0.253222	0.042354	1,2,3,4,5,1	71.354689	1.100893	0.358592	1.039256	0.549616	0.502956	1.100893	
407000	-112515	1,2,3,1,4,5	71.354689	5.105515	6.275276	5.564265	5.105515	5.366459	5.653744	1,1,2,3,4,4	71.354689	0.629863	0.073786	0.214071	0.082280	0.629863	0.073786	0.214071	0.082280	0.281004	0.476565	0.029116	0.213316	0.011332	0.389611	0.137335	0.461722	0.337961	0.159598	0.216854	0.285586	0.337961	0.159598	0.216854	0.285586	1,1,2,3,1,2	71.354689	0.029908	0.519577	0.093241	0.098159	0.139770	0.119345	0.029908	0.519577	0.093241	0.098159	0.139770	0.119345	0.270839	0.041603	0.077214	0.110294	0.186138	0.313912	0.026889	0.046032	0.634299	0.025242	0.205589	0.061949	0.029908	0.519577	0.093241	0.098159	0.139770	0.119345	0.270839	0.041603	0.077214	0.110294	0.186138	0.313912	1,2,3,4,2,5	71.354689	0.930492	0.441911	1.066514	0.781749	0.441911	1.838095	
408000	-112881	1,2,3,4,5,4	71.354689	5.860961	5.073742	5.511070	5.459666	5.384835	5.459666	1,1,2,3,2,4	71.354689	0.494973	0.150119	0.333659	0.021249	0.494973	0.150119	0.333659	0.021249	0.462795	0.290158	0.126692	0.120355	0.009288	0.470302	0.017832	0.502578	0.462795	0.290158	0.126692	0.120355	0.336891	0.087585	0.202081	0.373443	1,1,2,3,4,2	71.354689	0.026500	0.471912	0.130670	0.063035	0.138501	0.169382	0.026500	0.471912	0.130670	0.063035	0.138501	0.169382	0.411566	0.019044	0.043041	0.079729	0.252031	0.194589	0.425664	0.080562	0.106231	0.230186	0.071279	0.086079	0.055121	0.204840	0.072211	0.071907	0.063788	0.532132	0.411566	0.019044	0.043041	0.079729	0.252031	0.194589	1,2,3,4,5,6	71.354689	1.163594	0.447491	1.024015	0.633984	0.429945	1.815976	
409000	-116221	1,2,3,4,5,5	71.354689	5.846693	5.400945	5.765034	5.558077	5.163064	5.163064	1,1,2,3,1,1	71.354689	0.447217	0.094238	0.298208	0.160338	0.447217	0.094238	0.298208	0.160338	0.277588	0.328810	0.112135	0.281468	0.138786	0.248560	0.174040	0.438614	0.447217	0.094238	0.298208	0.160338	0.447217	0.094238	0.298208	0.160338	1,1,2,3,4,2	71.354689	0.030871	0.605418	0.031202	0.106322	0.058273	0.167914	0.030871	0.605418	0.031202	0.106322	0.058273	0.167914	0.120350	0.042869	0.162787	0.112305	0.155639	0.406050	0.094816	0.212995	0.207143	0.102275	0.095713	0.287058	0.226861	0.107946	0.152607	0.140057	0.282097	0.090433	0.120350	0.042869	0.162787	0.112305	0.155639	0.406050	1,2,3,2,2,4	71.354689	1.234747	0.489598	0.914491	0.489598	0.489598	2.257752	
410000	-113458	1,2,3,4,5,6	71.354689	5.724158	6.308302	5.480505	5.219788	5.260887	6.265811	1,2,3,4,5,6	71.354689	0.395930	0.142396	0.298128	0.163546	0.651293	0.106494	0.210339	0.031874	0.238622	0.621661	0.012708	0.127010	0.107331	0.106305	0.020129	0.766235	0.537989	0.129390	0.197707	0.134914	0.213772	0.150673	0.365209	0.270346	1,2,3,4,5,3	71.354689	0.019198	0.590925	0.010857	0.144282	0.125069	0.109668	0.059604	0.483719	0.090766	0.033214	0.139183	0.193514	0.388535	0.084497	0.066049	0.042987	0.294630	0.123302	0.183865	0.025170	0.003087	0.043559	0.488871	0.255448	0.139450	0.109715	0.086799	0.206006	0.330860	0.127170	0.388535	0.084497	0.066049	0.042987	0.294630	0.123302	1,2,3,4,5,6	71.354689	1.078797	0.419003	1.046053	0.588447	0.388620	1.524203	
411000	-113249	1,2,3,4,1,5	71.354689	5.064175	4.929969	5.604570	4.759161	5.064175	6.779849	1,1,2,2,3,4	71.354689	0.411158	0.294555	0.248655	0.045632	0.411158	0.294555	0.248655	0.045632	0.256205	0.447041	0.094206	0.202548	0.256205	0.447041	0.094206	0.202548	0.283240	0.234650	0.087409	0.394701	0.214997	0.093296	0.333806	0.357900	1,1,2,3,4,2	71.354689	0.007899	0.491268	0.159962	0.042341	0.105725	0.192805	0.007899	0.491268	0.159962	0.042341	0.105725	0.192805	0.443971	0.016844	0.044215	0.055083	0.232605	0.207281	0.033732	0.554005	0.088323	0.016452	0.235968	0.071520	0.242904	0.343709	0.170962	0.115066	0.023617	0.103741	0.443971	0.016844	0.044215	0.055083	0.232605	0.207281	1,2,1,3,2,4	71.354689	1.337600	0.510926	1.337600	0.532080	0.510926	1.899479	
412000	-114233	1,2,3,3,4,5	71.354689	5.591432	5.301619	4.319354	4.319354	5.106570	5.719247	1,2,2,3,1,1	71.354689	0.366107	0.197169	0.308486	0.128238	0.442491	0.262701	0.215448	0.079360	0.442491	0.262701	0.215448	0.079360	0.076388	0.215343	0.261624	0.446645	0.366107	0.197169	0.308486	0.128238	0.366107	0.197169	0.308486	0.128238	1,1,2,2,3,4	71.354689	0.030840	0.650359	0.061452	0.020644	0.152693	0.084011	0.030840	0.650359	0.061452	0.020644	0.152693	0.084011	0.204688	0.041523	0.134181	0.024475	0.553347	0.041786	0.204688	0.041523	0.134181	0.024475	0.553347	0.041786	0.249851	0.164006	0.148517	0.341225	0.012203	0.084197	0.095622	0.045583	0.075343	0.346057	0.098204	0.339192	1,2,3,4,5,6	71.354689	0.968253	0.398013	1.103287	0.619499	0.483584	1.923051	
413000	-114382	1,2,3,3,4,5	71.354689	5.375927	5.876545	4.549631	4.549631	5.996302	6.028221	1,1,2,2,3,4	71.354689	0.478748	0.249414	0.253056	0.018782	0.478748	0.249414	0.253056	0.018782	0.373814	0.185422	0.020199	0.420565	0.373814	0.185422	0.020199	0.420565	0.647918	0.020714	0.182372	0.148996	0.350763	0.173317	0.290639	0.185281	1,1,2,3,4,5	71.354689	0.010027	0.519425	0.137550	0.035179	0.106713	0.191107	0.010027	0.519425	0.137550	0.035179	0.106713	0.191107	0.219229	0.085992	0.039167	0.418046	0.184076	0.053491	0.175439	0.121491	0.124935	0.024927	0.373991	0.179218	0.062910	0.206738	0.067514	0.097118	0.243832	0.321888	0.091759	0.005355	0.198403	0.089469	0.342843	0.272170	1,2,3,4,5,6	71.354689	1.105607	0.411583	1.232688	0.746090	0.488938	1.847693	
414000	-113116	1,2,3,4,5,2	71.354689	5.650008	6.056550	6.348179	5.455952	4.851406	6.056550	1,1,2,3,4,4	71.354689	0.474889	0.201422	0.275991	0.047699	0.474889	0.201422	0.275991	0.047699	0.298404	0.562188	0.019243	0.120166	0.165060	0.257061	0.160126	0.417754	0.269729	0.070558	0.391109	0.268604	0.269729	0.070558	0.391109	0.268604	1,1,2,3,4,5	71.354689	0.007243	0.364402	0.099463	0.012211	0.268581	0.248101	0.007243	0.364402	0.099463	0.012211	0.268581	0.248101	0.171603	0.217564	0.046121	0.089855	0.172925	0.301931	0.062422	0.036797	0.253070	0.152628	0.456510	0.038573	0.135775	0.094528	0.100696	0.075912	0.544623	0.048466	0.224877	0.067825	0.052824	0.182445	0.055226	0.416803	1,2,3,4,5,6	71.354689	1.066170	0.495531	0.957670	0.499340	0.491648	1.885390	
415000	-112960	1,2,3,4,4,5	71.354689	5.970466	5.956404	5.592665	5.117871	5.117871	6.257220	1,1,2,3,4,4	71.354689	0.485100	0.182076	0.297724	0.035100	0.485100	0.182076	0.297724	0.035100	0.174189	0.528663	0.048387	0.248761	0.080390	0.131956	0.238787	0.548867	0.473835	0.143790	0.207019	0.175356	0.473835	0.143790	0.207019	0.175356	1,1,2,3,3,2	71.354689	0.032589	0.512177	0.153579	0.031732	0.111485	0.158438	0.032589	0.512177	0.153579	0.031732	0.111485	0.158438	0.205868	0.001032	0.068822	0.083396	0.300731	0.340151	0.201475	0.231182	0.112153	0.128272	0.260389	0.066530	0.201475	0.231182	0.112153	0.128272	0.260389	0.066530	0.205868	0.001032	0.068822	0.083396	0.300731	0.340151	1,2,3,4,5,6	71.354689	1.050740	0.539270	1.056462	0.754739	0.486787	1.225564	
416000	-113897	1,2,1,2,1,3	71.354689	5.281231	4.124502	5.281231	4.124502	5.281231	5.729431	1,2,2,3,1,1	71.354689	0.433579	0.124439	0.259547	0.182435	0.485637	0.281083	0.102084	0.131196	0.485637	0.281083	0.102084	0.131196	0.202805	0.426235	0.138293	0.232667	0.433579	0.124439	0.259547	0.182435	0.433579	0.124439	0.259547	0.182435	1,1,2,3,4,2	71.354689	0.028429	0.692842	0.057417	0.136724	0.031127	0.053460	0.028429	0.692842	0.057417	0.136724	0.031127	0.053460	0.195163	0.042971	0.050217	0.031485	0.335646	0.344517	0.160770	0.025770	0.080749	0.212365	0.370643	0.149702	0.134377	0.084540	0.128453	0.078797	0.209110	0.364723	0.195163	0.042971	0.050217	0.031485	0.335646	0.344517	1,2,3,4,5,6	71.354689	1.054417	0.426402	0.993965	0.804125	0.504201	1.616377	
417000	-113879	1,2,3,3,4,3	71.354689	5.687135	5.386530	4.735293	4.735293	5.358129	4.735293	1,2,3,4,5,5	71.354689	0.312225	0.371971	0.258480	0.057324	0.639922	0.214458	0.091531	0.054089	0.299062	0.405476	0.135035	0.160427	0.020750	0.426497	0.002026	0.550726	0.324840	0.108370	0.232455	0.334336	0.324840	0.108370	0.232455	0.334336	1,2,3,1,4,5	71.354689	0.026253	0.613091	0.214321	0.035780	0.106327	0.004228	0.021218	0.615536	0.096251	0.014078	0.093837	0.159080	0.316795	0.044207	0.099189	0.222226	0.177071	0.140513	0.026253	0.613091	0.214321	0.035780	0.106327	0.004228	0.196459	0.206924	0.151103	0.052614	0.111930	0.280970	0.027857	0.063914	0.185036	0.271059	0.143041	0.309093	1,2,3,4,5,6	71.354689	1.197014	0.419835	0.903824	0.618335	0.495205	1.205541	
418000	-114244	1,2,3,4,5,6	71.354689	5.564367	4.998909	6.077959	5.722631	4.946185	5.385744	1,2,3,3,4,4	71.354689	0.418293	0.201300	0.287858	0.092550	0.404741	0.212758	0.196718	0.185783	0.290022	0.405980	0.012531	0.291468	0.290022	0.405980	0.012531	0.291468	0.353505	0.116364	0.333212	0.196919	0.353505	0.116364	0.333212	0.196919	1,1,2,3,4,5	71.354689	0.023351	0.637636	0.057546	0.102324	0.049644	0.129499	0.023351	0.637636	0.057546	0.102324	0.049644	0.129499	0.349433	0.089209	0.009404	0.095307	0.292541	0.164106	0.447816	0.224521	0.093263	0.009700	0.189433	0.035267	0.100816	0.119601	0.203502	0.232896	0.240868	0.102317	0.174378	0.085292	0.039475	0.075188	0.283715	0.341952	1,2,1,3,4,5	71.354689	1.054603	0.400017	1.054603	0.525836	0.462172	1.765293	
419000	-114528	1,1,2,3,4,1	71.354689	4.835785	4.835785	5.533132	5.378341	6.030494	4.835785	1,1,2,3,2,4	71.354689	0.477918	0.173683	0.236219	0.112180	0.477918	0.173683	0.236219	0.112180	0.405514	0.331279	0.137423	0.125785	0.202093	0.248919	0.197653	0.351335	0.405514	0.331279	0.137423	0.125785	0.197356	0.104719	0.267470	0.430454	1,1,2,3,1,4	71.354689	0.035057	0.520950	0.135142	0.090543	0.037505	0.180804	0.035057	0.520950	0.135142	0.090543	0.037505	0.180804	0.429912	0.216178	0.164222	0.007112	0.100893	0.081682	0.016996	0.256104	0.033786	0.113250	0.574186	0.005679	0.035057	0.520950	0.135142	0.090543	0.037505	0.180804	0.165325	0.005020	0.152658	0.064627	0.384737	0.227633	1,2,3,4,2,1	71.354689	1.121745	0.409909	1.046594	0.621191	0.409909	1.121745	
420000	-113131	1,2,3,4,5,6	71.354689	5.191346	5.569287	4.962728	5.337359	6.217453	6.616187	1,2,3,4,5,6	71.354689	0.519345	0.147351	0.274909	0.058394	0.475892	0.294304	0.169129	0.060675	0.366431	0.395994	0.094549	0.143026	0.111124	0.301222	0.168705	0.418950	0.353695	0.158412	0.204479	0.283413	0.136180	0.171292	0.374149	0.318379	1,1,2,3,3,2	71.354689	0.010936	0.584737	0.072239	0.045976	0.067006	0.219106	0.010936	0.584737	0.072239	0.045976	0.067006	0.219106	0.502157	0.021016	0.084123	0.096576	0.181059	0.115069	0.315504	0.312527	0.034065	0.111831	0.151842	0.074230	0.315504	0.312527	0.034065	0.111831	0.151842	0.074230	0.502157	0.021016	0.084123	0.096576	0.181059	0.115069	1,2,3,4,2,1	71.354689	1.198956	0.434884	1.142152	0.461662	0.434884	1.198956	
421000	-112656	1,2,2,2,3,4	71.354689	5.476375	4.709596	4.709596	4.709596	6.175729	6.146339	1,2,3,4,3,5	71.354689	0.345887	0.315471	0.267341	0.071300	0.274669	0.593889	0.108763	0.022679	0.296932	0.248774	0.188706	0.265589	0.151674	0.169183	0.071439	0.607704	0.296932	0.248774	0.188706	0.265589	0.174653	0.093203	0.272751	0.459392	1,1,2,3,4,2	71.354689	0.007893	0.423861	0.121744	0.024140	0.198110	0.224251	0.007893	0.423861	0.121744	0.024140	0.198110	0.224251	0.457627	0.007518	0.084170	0.049224	0.230850	0.170612	0.005843	0.226615	0.069423	0.056748	0.440119	0.201252	0.028660	0.284264	0.085788	0.284880	0.085746	0.230662	0.457627	0.007518	0.084170	0.049224	0.230850	0.170612	1,2,3,4,5,6	71.354689	1.154235	0.451020	1.208688	0.564365	0.428869	2.047667	
422000	-111637	1,2,3,4,3,4	71.354689	5.657465	6.315716	5.095969	4.719510	5.095969	4.719510	1,1,2,3,4,5	71.354689	0.505018	0.233357	0.245375	0.016249	0.505018	0.233357	0.245375	0.016249	0.220874	0.420695	0.087097	0.271334	0.065719	0.296093	0.181785	0.456402	0.317334	0.122519	0.090371	0.469776	0.385952	0.076976	0.388196	0.148876	1,1,2,3,4,2	71.354689	0.011096	0.344324	0.228105	0.029594	0.168058	0.218823	0.011096	0.344324	0.228105	0.029594	0.168058	0.218823	0.312302	0.022320	0.090642	0.114186	0.239311	0.221239	0.133902	0.021988	0.070665	0.201661	0.570926	0.000858	0.196150	0.304858	0.129586	0.266320	0.022165	0.080921	0.312302	0.022320	0.090642	0.114186	0.239311	0.221239	1,2,1,3,4,5	71.354689	1.197107	0.410556	1.197107	0.591388	0.376055	2.442740	
423000	-113170	1,2,3,4,5,6	71.354689	5.596590	5.250878	5.350785	4.987928	5.982408	6.125958	1,2,3,4,2,5	71.354689	0.333183	0.157826	0.313345	0.195646	0.471135	0.219582	0.134193	0.175090	0.278640	0.312483	0.055608	0.353269	0.087635	0.337165	0.012573	0.562627	0.471135	0.219582	0.134193	0.175090	0.078123	0.097279	0.535518	0.289080	1,1,2,3,4,2	71.354689	0.022286	0.545648	0.129286	0.021350	0.129668	0.151762	0.022286	0.545648	0.129286	0.021350	0.129668	0.151762	0.319582	0.035532	0.086758	0.223663	0.062734	0.271731	0.094591	0.134249	0.189777	0.020300	0.299429	0.261654	0.003694	0.233267	0.158417	0.132574	0.246069	0.225979	0.319582	0.035532	0.086758	0.223663	0.062734	0.271731	1,2,3,4,5,6	71.354689	1.146277	0.485639	1.058247	0.506927	0.480477	1.551405	
424000	-113075	1,2,2,2,3,4	71.354689	6.148157	4.866261	4.866261	4.866261	6.289223	6.070544	1,2,3,4,3,5	71.354689	0.550707	0.058029	0.290753	0.100511	0.470477	0.358563	0.143582	0.027378	0.445391	0.228387	0.121157	0.205064	0.187458	0.236783	0.115728	0.460032	0.445391	0.228387	0.121157	0.205064	0.252322	0.120440	0.434658	0.192580	1,1,2,1,3,4	71.354689	0.043949	0.511342	0.045144	0.064982	0.197803	0.136780	0.043949	0.511342	0.045144	0.064982	0.197803	0.136780	0.412607	0.040937	0.090011	0.015191	0.178556	0.262697	0.043949	0.511342	0.045144	0.064982	0.197803	0.136780	0.000462	0.258449	0.110636	0.148231	0.103747	0.378474	0.162983	0.033519	0.124878	0.176895	0.052316	0.449409	1,2,3,2,2,4	71.354689	1.073052	0.491312	0.949455	0.491312	0.491312	1.503590	
425000	-112585	1,2,3,4,3,5	71.354689	5.991792	5.972832	5.419951	4.202896	5.419951	5.952720	1,1,2,3,4,4	71.354689	0.584187	0.111655	0.254281	0.049877	0.584187	0.111655	0.254281	0.049877	0.161909	0.482525	0.076902	0.278664	0.206237	0.181162	0.103146	0.509455	0.296305	0.074690	0.309949	0.319055	0.296305	0.074690	0.309949	0.319055	1,1,2,3,4,5	71.354689	0.040057	0.346569	0.209681	0.043524	0.185598	0.174572	0.040057	0.346569	0.209681	0.043524	0.185598	0.174572	0.498442	0.010677	0.078111	0.165988	0.199704	0.047077	0.147260	0.024667	0.057094	0.254237	0.374029	0.142713	0.196488	0.071349	0.177551	0.163184	0.186139	0.205289	0.362722	0.031795	0.109676	0.028532	0.169843	0.297433	1,2,3,4,2,5	71.354689	1.142738	0.458924	1.028948	0.553533	0.458924	1.539588	
426000	-112642	1,2,3,2,4,5	71.354689	5.409089	3.753096	5.494890	3.753096	5.625813	6.309397	1,2,3,4,3,5	71.354689	0.468960	0.214114	0.302527	0.014400	0.740955	0.125021	0.098739	0.035286	0.381064	0.327013	0.116573	0.175349	0.125235	0.137559	0.267426	0.469780	0.381064	0.327013	0.116573	0.175349	0.233957	0.116775	0.464586	0.184682	1,1,2,3,1,2	71.354689	0.006851	0.376965	0.179487	0.139457	0.143278	0.153960	0.006851	0.376965	0.179487	0.139457	0.143278	0.153960	0.333339	0.022608	0.016110	0.065456	0.295152	0.267336	0.132270	0.061951	0.020752	0.267505	0.481025	0.036497	0.006851	0.376965	0.179487	0.139457	0.143278	0.153960	0.333339	0.022608	0.016110	0.065456	0.295152	0.267336	1,2,3,4,2,5	71.354689	1.410762	0.427943	1.081124	0.805813	0.427943	2.132512	
427000	-112417	1,2,3,4,5,6	71.354689	5.405778	5.067481	5.531244	5.174245	5.503179	5.702163	1,1,2,3,4,5	71.354689	0.445774	0.239544	0.303779	0.010903	0.445774	0.239544	0.303779	0.010903	0.272284	0.440199	0.078527	0.208991	0.030125	0.522584	0.052889	0.394402	0.243612	0.156933	0.232486	0.366968	0.246073	0.145141	0.354587	0.254199	1,1,2,3,4,5	71.354689	0.007066	0.247217	0.271606	0.044188	0.116584	0.313339	0.007066	0.247217	0.271606	0.044188	0.116584	0.313339	0.412633	0.020581	0.100521	0.085673	0.323414	0.057178	0.411572	0.089183	0.316947	0.010306	0.069518	0.102474	0.244474	0.191190	0.125685	0.217742	0.015752	0.205157	0.136649	0.085582	0.143831	0.223356	0.025608	0.384975	1,2,1,3,4,5	71.354689	1.020506	0.402384	1.020506	0.666285	0.520201	1.827389	
428000	-114638	1,2,3,3,4,5	71.354689	4.958077	5.498838	4.768729	4.768729	5.356613	5.400896	1,2,2,3,4,5	71.354689	0.277531	0.283925	0.367560	0.070984	0.530099	0.145842	0.182824	0.141235	0.530099	0.145842	0.182824	0.141235	0.120455	0.115553	0.431853	0.332139	0.382835	0.240019	0.181269	0.195877	0.360720	0.033954	0.441232	0.164094	1,1,2,3,4,2	71.354689	0.013869	0.655958	0.076084	0.126196	0.043234	0.084658	0.013869	0.655958	0.076084	0.126196	0.043234	0.084658	0.218965	0.014196	0.118231	0.063806	0.223842	0.360959	0.036932	0.080550	0.061941	0.093716	0.624775	0.102086	0.103614	0.208299	0.332223	0.120405	0.090190	0.145269	0.218965	0.014196	0.118231	0.063806	0.223842	0.360959	1,2,3,4,2,5	71.354689	1.056790	0.430841	1.051656	0.615284	0.430841	1.763450	
429000	-112590	1,2,3,4,5,4	71.354689	6.058167	5.796385	5.601161	4.251260	6.101381	4.251260	1,1,2,3,4,1	71.354689	0.588669	0.053516	0.303685	0.054129	0.588669	0.053516	0.303685	0.054129	0.346960	0.383335	0.131679	0.138026	0.054899	0.183925	0.197869	0.563307	0.435740	0.242071	0.158460	0.163729	0.588669	0.053516	0.303685	0.054129	1,1,2,3,4,5	71.354689	0.069160	0.366619	0.140135	0.101546	0.222436	0.100103	0.069160	0.366619	0.140135	0.101546	0.222436	0.100103	0.315559	0.006796	0.076480	0.040204	0.328359	0.232601	0.373286	0.155522	0.167236	0.036482	0.197986	0.069487	0.062981	0.384867	0.125193	0.194396	0.070669	0.161894	0.135118	0.005678	0.078739	0.213228	0.326308	0.240928	1,2,3,4,2,5	71.354689	1.060075	0.405817	1.155116	0.700112	0.405817	1.950957	
430000	-112101	1,2,3,3,1,4	71.354689	5.390322	5.841863	4.832176	4.832176	5.390322	6.211985	1,1,2,3,4,5	71.354689	0.509379	0.206668	0.243673	0.040280	0.509379	0.206668	0.243673	0.040280	0.394515	0.287163	0.007738	0.310584	0.117575	0.133968	0.122450	0.626006	0.260029	0.172143	0.221831	0.345998	0.220350	0.180010	0.453327	0.146313	1,1,2,3,4,2	71.354689	0.011878	0.464201	0.217599	0.044580	0.112319	0.149423	0.011878	0.464201	0.217599	0.044580	0.112319	0.149423	0.287471	0.014914	0.059079	0.177415	0.064115	0.397007	0.101046	0.156404	0.088358	0.288068	0.356112	0.010012	0.038564	0.319667	0.197684	0.161386	0.087068	0.195631	0.287471	0.014914	0.059079	0.177415	0.064115	0.397007	1,2,3,4,5,6	71.354689	0.984172	0.383056	1.102532	0.559587	0.509407	1.281142	
431000	-115516	1,1,2,3,1,4	71.354689	5.356426	5.356426	5.074625	5.023618	5.356426	6.782581	1,1,2,3,2,4	71.354689	0.562656	0.180938	0.232902	0.023504	0.562656	0.180938	0.232902	0.023504	0.358910	0.281426	0.073836	0.285828	0.105445	0.332035	0.362727	0.199792	0.358910	0.281426	0.073836	0.285828	0.073355	0.023307	0.621108	0.282230	1,1,2,2,1,3	71.354689	0.042103	0.515260	0.118770	0.098314	0.063271	0.162282	0.042103	0.515260	0.118770	0.098314	0.063271	0.162282	0.429295	0.190079	0.064799	0.090610	0.137624	0.087593	0.429295	0.190079	0.064799	0.090610	0.137624	0.087593	0.042103	0.515260	0.118770	0.098314	0.063271	0.162282	0.402465	0.073196	0.037720	0.003633	0.357604	0.125382	1,2,3,4,5,6	71.354689	1.317297	0.421611	1.054245	0.566345	0.472763	1.321869	
432000	-113100	1,2,3,4,5,2	71.354689	6.246661	5.338040	5.490006	5.188285	5.441891	5.338040	1,2,3,4,3,5	71.354689	0.436866	0.074757	0.422297	0.066080	0.546485	0.184562	0.235658	0.033296	0.355432	0.238487	0.132772	0.273309	0.157627	0.165318	0.225030	0.452026	0.355432	0.238487	0.132772	0.273309	0.158763	0.100023	0.599277	0.141937	1,1,2,3,4,5	71.354689	0.004049	0.273788	0.310784	0.040963	0.191259	0.179156	0.004049	0.273788	0.310784	0.040963	0.191259	0.179156	0.326366	0.056642	0.020535	0.336713	0.134140	0.125604	0.116800	0.151199	0.195349	0.064404	0.365117	0.107130	0.087484	0.392900	0.202608	0.116415	0.072446	0.128147	0.168219	0.028451	0.115076	0.208389	0.317965	0.161900	1,2,1,3,4,5	71.354689	1.068598	0.415005	1.068598	0.590744	0.410049	1.605516	
433000	-114700	1,2,3,3,4,5	71.354689	5.366308	6.160247	5.068042	5.068042	6.026114	5.912484	1,1,2,2,3,4	71.354689	0.490605	0.173783	0.283277	0.052335	0.490605	0.173783	0.283277	0.052335	0.149878	0.239242	0.094087	0.516792	0.149878	0.239242	0.094087	0.516792	0.256889	0.279621	0.133984	0.329507	0.043941	0.177678	0.493651	0.284730	1,1,2,3,4,3	71.354689	0.003582	0.363051	0.206483	0.047697	0.157005	0.222182	0.003582	0.363051	0.206483	0.047697	0.157005	0.222182	0.382763	0.002808	0.089939	0.275613	0.230742	0.018134	0.235591	0.016523	0.064251	0.128630	0.427053	0.127953	0.140905	0.319985	0.055789	0.023492	0.185276	0.274553	0.235591	0.016523	0.064251	0.128630	0.427053	0.127953	1,2,3,2,4,1	71.354689	1.426321	0.451667	0.909556	0.451667	0.460488	1.426321	
434000	-112873	1,2,3,4,4,5	71.354689	5.795445	5.113956	5.829879	5.073737	5.073737	5.441828	1,1,2,3,2,4	71.354689	0.480570	0.119095	0.265174	0.135162	0.480570	0.119095	0.265174	0.135162	0.436358	0.377621	0.044060	0.141961	0.077281	0.370908	0.034679	0.517132	0.436358	0.377621	0.044060	0.141961	0.268297	0.170055	0.285739	0.275910	1,1,2,3,1,4	71.354689	0.036808	0.587087	0.116463	0.057202	0.033954	0.168486	0.036808	0.587087	0.116463	0.057202	0.033954	0.168486	0.317896	0.036901	0.145596	0.144497	0.194774	0.160335	0.161811	0.037660	0.263796	0.032112	0.302605	0.202017	0.036808	0.587087	0.116463	0.057202	0.033954	0.168486	0.213389	0.088785	0.172156	0.074445	0.191793	0.259432	1,2,3,4,4,5	71.354689	1.220554	0.388209	1.165018	0.541624	0.541624	1.216325	
435000	-111652	1,2,3,4,5,6	71.354689	5.918003	6.169221	5.806088	4.921755	5.536915	5.910703	1,1,2,3,4,5	71.354689	0.604641	0.107684	0.262881	0.024794	0.604641	0.107684	0.262881	0.024794	0.285339	0.501970	0.080453	0.132237	0.057477	0.447781	0.035099	0.459643	0.396457	0.310717	0.135652	0.157174	0.236795	0.089136	0.536650	0.137419	1,1,2,3,4,2	71.354689	0.004514	0.208375	0.386134	0.039266	0.134771	0.226940	0.004514	0.208375	0.386134	0.039266	0.134771	0.226940	0.321935	0.010832	0.050270	0.106337	0.231569	0.279057	0.166728	0.299171	0.111095	0.150235	0.181452	0.091320	0.053895	0.189463	0.264406	0.197994	0.159119	0.135123	0.321935	0.010832	0.050270	0.106337	0.231569	0.279057	1,2,3,4,5,6	71.354689	1.161280	0.377209	1.088849	0.626990	0.372034	1.630224	
436000	-112306	1,2,3,4,5,6	71.354689	5.721151	5.442663	5.419417	5.507656	5.652934	5.856597	1,1,2,3,4,4	71.354689	0.517401	0.113933	0.290878	0.077788	0.517401	0.113933	0.290878	0.077788	0.219334	0.552150	0.098542	0.129973	0.096810	0.240706	0.032404	0.630080	0.366139	0.098337	0.253788	0.281736	0.366139	0.098337	0.253788	0.281736	1,1,2,2,3,2	71.354689	0.027727	0.415922	0.117553	0.041968	0.293917	0.102914	0.027727	0.415922	0.117553	0.041968	0.293917	0.102914	0.163184	0.038192	0.108362	0.076509	0.387478	0.226275	0.163184	0.038192	0.108362	0.076509	0.387478	0.226275	0.212176	0.123494	0.186745	0.148912	0.111700	0.216973	0.163184	0.038192	0.108362	0.076509	0.387478	0.226275	1,2,1,3,4,5	71.354689	0.958924	0.370453	0.958924	0.691202	0.584779	1.865177	
437000	-111563	1,2,3,4,5,6	71.354689	5.295855	5.253769	5.474570	5.037492	5.897004	6.438648	1,1,2,3,4,5	71.354689	0.513515	0.155813	0.252792	0.077880	0.513515	0.155813	0.252792	0.077880	0.348231	0.329644	0.076782	0.245343	0.029117	0.190919	0.098118	0.681847	0.428964	0.171481	0.088641	0.310914	0.466756	0.113555	0.340128	0.079561	1,1,2,3,1,2	71.354689	0.033721	0.542127	0.091529	0.097907	0.084784	0.149932	0.033721	0.542127	0.091529	0.097907	0.084784	0.149932	0.379798	0.000766	0.053509	0.063492	0.305928	0.196506	0.608624	0.001654	0.224873	0.024786	0.131128	0.008935	0.033721	0.542127	0.091529	0.097907	0.084784	0.149932	0.379798	0.000766	0.053509	0.063492	0.305928	0.196506	1,2,3,2,4,5	71.354689	1.151508	0.503873	0.913224	0.503873	0.475080	1.927494	
438000	-111932	1,2,3,3,4,5	71.354689	5.620727	5.472121	4.644194	4.644194	5.213330	6.174090	1,1,2,3,4,5	71.354689	0.510729	0.171532	0.257862	0.059876	0.510729	0.171532	0.257862	0.059876	0.221030	0.319190	0.026127	0.433653	0.192155	0.162540	0.146493	0.498813	0.306815	0.216338	0.083308	0.393538	0.106512	0.121538	0.596931	0.175020	1,2,3,4,1,3	71.354689	0.029939	0.518824	0.058963	0.153629	0.035873	0.202773	0.046104	0.547703	0.083547	0.042725	0.162501	0.117420	0.415318	0.017144	0.044468	0.176343	0.101600	0.245126	0.177591	0.013940	0.150690	0.126963	0.515900	0.014917	0.029939	0.518824	0.058963	0.153629	0.035873	0.202773	0.415318	0.017144	0.044468	0.176343	0.101600	0.245126	1,2,1,3,2,4	71.354689	1.098571	0.431573	1.098571	0.517020	0.431573	1.536926	
439000	-112421	1,2,3,4,5,6	71.354689	5.361704	6.616653	5.589232	4.896397	5.374351	5.583967	1,1,2,3,4,5	71.354689	0.526361	0.220021	0.239837	0.013781	0.526361	0.220021	0.239837	0.013781	0.347515	0.418745	0.115902	0.117838	0.153416	0.490596	0.033738	0.322250	0.528273	0.136867	0.179784	0.155076	0.238106	0.095187	0.282159	0.384548	1,1,2,3,4,2	71.354689	0.002403	0.252088	0.373863	0.017175	0.136733	0.217738	0.002403	0.252088	0.373863	0.017175	0.136733	0.217738	0.337097	0.032565	0.107415	0.109532	0.119636	0.293755	0.218933	0.222883	0.039974	0.020344	0.318664	0.179202	0.116138	0.172533	0.105535	0.071068	0.249418	0.285309	0.337097	0.032565	0.107415	0.109532	0.119636	0.293755	1,2,1,3,3,4	71.354689	1.178783	0.323474	1.178783	0.466725	0.466725	1.931573	
440000	-112247	1,2,3,4,5,4	71.354689	6.367089	5.905880	5.412852	5.071935	5.945160	5.071935	1,1,2,3,4,4	71.354689	0.498966	0.106301	0.364787	0.029946	0.498966	0.106301	0.364787	0.029946	0.355052	0.366873	0.193815	0.084260	0.082228	0.296100	0.059339	0.562334	0.535515	0.109753	0.208096	0.146636	0.535515	0.109753	0.208096	0.146636	1,2,3,4,4,5	71.354689	0.108220	0.442827	0.203242	0.127563	0.089691	0.028458	0.034607	0.319174	0.228034	0.003123	0.015809	0.399253	0.377180	0.045072	0.109743	0.085705	0.247885	0.134415	0.194634	0.293544	0.088715	0.106944	0.239072	0.077091	0.194634	0.293544	0.088715	0.106944	0.239072	0.077091	0.135290	0.010152	0.036707	0.116747	0.234083	0.467021	1,2,1,3,4,5	71.354689	1.102382	0.487065	1.102382	0.560474	0.370693	1.957809	
441000	-112417	1,2,3,4,5,6	71.354689	5.340038	4.652812	5.273750	4.642979	5.743914	6.258819	1,2,3,4,5,1	71.354689	0.408516	0.217223	0.256374	0.117888	0.413288	0.403524	0.144880	0.038308	0.206505	0.553987	0.093664	0.145844	0.129041	0.186233	0.153054	0.531672	0.371833	0.062801	0.205111	0.360255	0.408516	0.217223	0.256374	0.117888	1,1,2,3,4,2	71.354689	0.008381	0.457375	0.245182	0.048417	0.171886	0.068760	0.008381	0.457375	0.245182	0.048417	0.171886	0.068760	0.328374	0.010116	0.100391	0.040471	0.157431	0.363217	0.018075	0.100109	0.201819	0.127351	0.524130	0.028516	0.122620	0.329623	0.208274	0.110240	0.180127	0.049117	0.328374	0.010116	0.100391	0.040471	0.157431	0.363217	1,2,1,3,3,4	71.354689	1.021966	0.381796	1.021966	0.536424	0.536424	1.592073	
442000	-111212	1,2,3,4,5,6	71.354689	6.130245	4.943681	5.651723	5.084371	6.636788	6.244335	1,2,3,4,5,6	71.354689	0.422012	0.079914	0.389423	0.108651	0.450890	0.290358	0.120010	0.138743	0.293312	0.534883	0.053390	0.118415	0.124234	0.183798	0.156449	0.535519	0.399936	0.164994	0.185041	0.250029	0.248632	0.117183	0.440132	0.194053	1,1,2,3,4,2	71.354689	0.009976	0.687236	0.063331	0.148080	0.043471	0.047906	0.009976	0.687236	0.063331	0.148080	0.043471	0.047906	0.338803	0.018755	0.062675	0.048585	0.292029	0.239153	0.185097	0.215204	0.068379	0.185670	0.321896	0.023754	0.032278	0.268488	0.109988	0.427417	0.083877	0.077951	0.338803	0.018755	0.062675	0.048585	0.292029	0.239153	1,2,3,4,2,5	71.354689	1.074624	0.486720	1.078662	0.687310	0.486720	1.757361	
443000	-113011	1,2,1,3,4,5	71.354689	5.322681	6.415778	5.322681	5.294458	5.960174	5.640409	1,1,2,3,3,4	71.354689	0.527370	0.191712	0.263745	0.017173	0.527370	0.191712	0.263745	0.017173	0.430057	0.302791	0.054881	0.212270	0.366132	0.213461	0.120565	0.299841	0.366132	0.213461	0.120565	0.299841	0.268597	0.081776	0.237276	0.412351	1,1,2,3,4,2	71.354689	0.000773	0.239559	0.182829	0.036453	0.315630	0.224756	0.000773	0.239559	0.182829	0.036453	0.315630	0.224756	0.333426	0.028696	0.050037	0.078841	0.155497	0.353504	0.223570	0.154518	0.062140	0.031597	0.454077	0.074099	0.289028	0.201492	0.080817	0.080392	0.020616	0.327655	0.333426	0.028696	0.050037	0.078841	0.155497	0.353504	1,2,1,3,4,5	71.354689	1.060351	0.461125	1.060351	0.649519	0.447304	1.385274	
444000	-112976	1,2,1,3,4,3	71.354689	5.856748	6.339279	5.856748	4.897065	5.896702	4.897065	1,2,3,4,5,6	71.354689	0.565160	0.092661	0.328777	0.013402	0.634868	0.099788	0.261422	0.003922	0.285852	0.395050	0.033544	0.285554	0.046854	0.155877	0.081882	0.715386	0.335595	0.258197	0.068508	0.337700	0.457978	0.059915	0.387379	0.094728	1,1,2,3,4,5	71.354689	0.016522	0.223922	0.268633	0.050807	0.408447	0.031669	0.016522	0.223922	0.268633	0.050807	0.408447	0.031669	0.262560	0.118252	0.065007	0.169871	0.368134	0.016175	0.063818	0.139342	0.066029	0.059164	0.505285	0.166362	0.107129	0.391588	0.042528	0.122182	0.230635	0.105938	0.079787	0.014889	0.068184	0.166014	0.129932	0.541194	1,2,1,3,4,5	71.354689	1.112928	0.423734	1.112928	0.617161	0.486199	1.525111	
445000	-111873	1,2,3,4,5,6	71.354689	5.899033	4.885634	5.733790	5.529859	5.564966	6.514166	1,1,2,3,4,5	71.354689	0.486316	0.147150	0.360593	0.005942	0.486316	0.147150	0.360593	0.005942	0.248877	0.468435	0.065211	0.217477	0.057714	0.239503	0.112824	0.589959	0.335716	0.135963	0.074834	0.453487	0.213749	0.099963	0.394828	0.291460	1,2,3,4,5,3	71.354689	0.069923	0.362046	0.197000	0.063065	0.153844	0.154122	0.006373	0.079267	0.466654	0.024986	0.370385	0.052335	0.240340	0.012178	0.064799	0.133583	0.221412	0.327688	0.297343	0.387831	0.102619	0.046475	0.129375	0.036357	0.060938	0.296251	0.117664	0.476602	0.025089	0.023456	0.240340	0.012178	0.064799	0.133583	0.221412	0.327688	1,2,3,4,5,6	71.354689	0.988308	0.428879	1.001351	0.637831	0.415035	1.938954	
446000	-112756	1,2,2,3,4,5	71.354689	6.343976	4.701947	4.701947	5.194464	5.979981	5.009757	1,2,2,3,4,1	71.354689	0.341359	0.101816	0.456886	0.099939	0.356622	0.341096	0.204331	0.097951	0.356622	0.341096	0.204331	0.097951	0.087624	0.194872	0.002988	0.714515	0.273605	0.089701	0.224445	0.412248	0.341359	0.101816	0.456886	0.099939	1,1,2,3,4,2	71.354689	0.005896	0.440438	0.138183	0.053926	0.054801	0.306756	0.005896	0.440438	0.138183	0.053926	0.054801	0.306756	0.225509	0.025635	0.117441	0.071525	0.307908	0.251982	0.066547	0.256542	0.102132	0.049504	0.423400	0.101875	0.073994	0.220062	0.145723	0.117937	0.200829	0.241455	0.225509	0.025635	0.117441	0.071525	0.307908	0.251982	1,2,3,4,5,6	71.354689	1.136049	0.464001	0.991251	0.659738	0.476344	1.767211	
447000	-113584	1,2,3,3,4,5	71.354689	5.827930	6.006747	5.134856	5.134856	5.407563	5.320351	1,1,2,3,4,5	71.354689	0.571563	0.138876	0.269030	0.020532	0.571563	0.138876	0.269030	0.020532	0.221057	0.466118	0.179503	0.133322	0.112740	0.438829	0.107577	0.340855	0.446119	0.098494	0.215356	0.240031	0.391877	0.050771	0.355344	0.202008	1,1,2,3,3,4	71.354689	0.030397	0.320037	0.318184	0.022094	0.130507	0.178781	0.030397	0.320037	0.318184	0.022094	0.130507	0.178781	0.476847	0.159585	0.083077	0.071287	0.178057	0.031147	0.217160	0.168404	0.111488	0.166763	0.225893	0.110292	0.217160	0.168404	0.111488	0.166763	0.225893	0.110292	0.059043	0.087188	0.102544	0.340619	0.116271	0.294336	1,2,3,4,5,1	71.354689	1.182718	0.412048	1.046450	0.872718	0.567314	1.182718	
448000	-114677	1,2,2,2,3,4	71.354689	5.673757	5.112211	5.112211	5.112211	7.085826	5.812878	1,2,3,4,5,1	71.354689	0.353151	0.123922	0.314653	0.208274	0.339608	0.332156	0.259970	0.068266	0.248360	0.632771	0.011443	0.107427	0.094059	0.404362	0.001500	0.500079	0.687726	0.100285	0.116536	0.095453	0.353151	0.123922	0.314653	0.208274	1,1,2,3,1,2	71.354689	0.015637	0.620267	0.104223	0.057644	0.016138	0.186092	0.015637	0.620267	0.104223	0.057644	0.016138	0.186092	0.216718	0.050323	0.135379	0.106174	0.224280	0.267126	0.190781	0.278934	0.228161	0.057521	0.192590	0.052013	0.015637	0.620267	0.104223	0.057644	0.016138	0.186092	0.216718	0.050323	0.135379	0.106174	0.224280	0.267126	1,2,1,3,4,5	71.354689	1.073977	0.452400	1.073977	0.520989	0.462265	1.562570	
449000	-111460	1,2,3,1,4,5	71.354689	4.711191	5.349506	5.237138	4.711191	5.987528	5.688694	1,1,2,3,4,5	71.354689	0.594559	0.194025	0.177443	0.033972	0.594559	0.194025	0.177443	0.033972	0.331490	0.289523	0.136466	0.242520	0.209882	0.212670	0.049051	0.528397	0.400552	0.223746	0.142553	0.233150	0.180193	0.105538	0.523180	0.191089	1,1,2,3,4,2	71.354689	0.010364	0.462160	0.150086	0.063999	0.133364	0.180028	0.010364	0.462160	0.150086	0.063999	0.133364	0.180028	0.284792	0.057944	0.083797	0.049942	0.198335	0.325191	0.188351	0.014410	0.052425	0.022355	0.499993	0.222467	0.048690	0.205016	0.075882	0.233930	0.039784	0.396699	0.284792	0.057944	0.083797	0.049942	0.198335	0.325191	1,2,3,4,2,5	71.354689	1.144713	0.399009	1.060652	0.818821	0.399009	1.481364	
450000	-114118	1,2,3,4,5,6	71.354689	6.366675	6.582502	5.675071	5.287755	6.502208	5.401056	1,1,2,2,3,4	71.354689	0.546056	0.102984	0.293780	0.057180	0.546056	0.102984	0.293780	0.057180	0.302890	0.220716	0.071679	0.404715	0.302890	0.220716	0.071679	0.404715	0.397882	0.253926	0.177662	0.170530	0.327676	0.248691	0.210220	0.213412	1,1,2,3,1,2	71.354689	0.019211	0.382850	0.144758	0.018707	0.086738	0.347735	0.019211	0.382850	0.144758	0.018707	0.086738	0.347735	0.143994	0.022178	0.062413	0.199605	0.093023	0.478788	0.171969	0.057130	0.062999	0.099971	0.502447	0.105483	0.019211	0.382850	0.144758	0.018707	0.086738	0.347735	0.143994	0.022178	0.062413	0.199605	0.093023	0.478788	1,2,3,4,2,5	71.354689	1.106464	0.411120	0.985866	0.561151	0.411120	1.363800	
451000	-116963	1,2,1,1,3,2	71.354689	5.092224	5.519373	5.092224	5.092224	5.779301	5.519373	1,2,3,4,3,5	71.354689	0.208350	0.107268	0.623421	0.060961	0.453779	0.216731	0.301346	0.028144	0.352702	0.242911	0.123964	0.280423	0.059984	0.470568	0.349872	0.119575	0.352702	0.242911	0.123964	0.280423	0.141600	0.039475	0.336117	0.482809	1,1,2,2,3,4	71.354689	0.006513	0.369683	0.286898	0.049923	0.122760	0.164223	0.006513	0.369683	0.286898	0.049923	0.122760	0.164223	0.437878	0.057919	0.228830	0.020531	0.210676	0.044166	0.437878	0.057919	0.228830	0.020531	0.210676	0.044166	0.050072	0.273919	0.075554	0.241895	0.242583	0.115977	0.496029	0.083781	0.190919	0.031218	0.039975	0.158078	1,2,3,4,5,6	71.354689	1.138913	0.429705	0.996513	0.619510	0.448000	1.239566	
452000	-115460	1,2,3,4,5,6	71.354689	5.412821	6.545887	5.587501	5.272494	6.125324	6.111214	1,1,2,3,4,4	71.354689	0.604166	0.121089	0.213761	0.060985	0.604166	0.121089	0.213761	0.060985	0.363449	0.506554	0.036382	0.093616	0.049034	0.391585	0.261969	0.297412	0.371466	0.217884	0.140679	0.269971	0.371466	0.217884	0.140679	0.269971	1,1,2,2,3,2	71.354689	0.014505	0.556399	0.036088	0.065899	0.163935	0.163174	0.014505	0.556399	0.036088	0.065899	0.163935	0.163174	0.400076	0.006961	0.075478	0.132914	0.278467	0.106104	0.400076	0.006961	0.075478	0.132914	0.278467	0.106104	0.127492	0.196866	0.184752	0.104053	0.179482	0.207354	0.400076	0.006961	0.075478	0.132914	0.278467	0.106104	1,2,3,4,5,6	71.354689	1.134731	0.328396	1.100765	0.566760	0.508090	1.800328	
453000	-114813	1,2,2,3,3,4	71.354689	6.088562	5.139217	5.139217	4.755998	4.755998	6.088470	1,1,2,3,4,4	71.354689	0.467162	0.156352	0.342429	0.034058	0.467162	0.156352	0.342429	0.034058	0.245799	0.474767	0.080274	0.199160	0.158353	0.082872	0.211195	0.547579	0.466335	0.082042	0.265751	0.185872	0.466335	0.082042	0.265751	0.185872	1,2,3,4,3,5	71.354689	0.005978	0.280350	0.243803	0.020336	0.343515	0.106018	0.049785	0.474023	0.076389	0.142027	0.013394	0.244382	0.215718	0.078161	0.181487	0.276997	0.072109	0.175528	0.025775	0.053436	0.044134	0.184438	0.454828	0.237389	0.215718	0.078161	0.181487	0.276997	0.072109	0.175528	0.071402	0.039847	0.104655	0.365703	0.074867	0.343525	1,2,3,4,5,6	71.354689	1.126088	0.415397	1.095585	0.582682	0.527734	1.411011	
454000	-112763	1,2,1,2,3,4	71.354689	5.454494	4.536181	5.454494	4.536181	4.871720	5.579226	1,2,3,4,2,1	71.354689	0.388411	0.062040	0.367079	0.182470	0.499188	0.073533	0.203337	0.223941	0.132108	0.348016	0.049179	0.470697	0.062989	0.174840	0.123023	0.639147	0.499188	0.073533	0.203337	0.223941	0.388411	0.062040	0.367079	0.182470	1,1,2,3,4,2	71.354689	0.074974	0.461554	0.097298	0.201745	0.118753	0.045675	0.074974	0.461554	0.097298	0.201745	0.118753	0.045675	0.363301	0.001902	0.077149	0.104176	0.213019	0.240453	0.296734	0.121446	0.099678	0.002676	0.350559	0.128907	0.062284	0.140613	0.256647	0.135225	0.233986	0.171245	0.363301	0.001902	0.077149	0.104176	0.213019	0.240453	1,2,1,3,4,5	71.354689	1.016352	0.410143	1.016352	0.541029	0.408498	1.704387	
455000	-113009	1,2,3,2,4,5	71.354689	5.977016	4.633841	5.271020	4.633841	5.937686	6.156858	1,2,3,4,3,5	71.354689	0.460167	0.039142	0.365268	0.135423	0.647506	0.053805	0.158998	0.139691	0.407576	0.256967	0.086208	0.249249	0.118248	0.379120	0.024864	0.477768	0.407576	0.256967	0.086208	0.249249	0.246533	0.063361	0.431328	0.258778	1,1,2,3,1,4	71.354689	0.055502	0.490330	0.044654	0.169949	0.050156	0.189409	0.055502	0.490330	0.044654	0.169949	0.050156	0.189409	0.381888	0.153566	0.038561	0.066691	0.300746	0.058549	0.167393	0.189363	0.143292	0.081683	0.286723	0.131546	0.055502	0.490330	0.044654	0.169949	0.050156	0.189409	0.217948	0.151241	0.075168	0.239472	0.023434	0.292737	1,2,3,4,5,6	71.354689	0.909170	0.534748	1.106360	0.566445	0.449586	1.731782	
456000	-113246	1,2,3,4,5,6	71.354689	5.414994	6.891424	6.315286	5.095612	5.569169	5.451357	1,1,2,3,4,5	71.354689	0.533072	0.202376	0.248972	0.015580	0.533072	0.202376	0.248972	0.015580	0.412330	0.295170	0.043561	0.248939	0.120681	0.159357	0.161067	0.558895	0.270186	0.041726	0.377842	0.310246	0.302518	0.132715	0.314979	0.249788	1,1,2,3,4,5	71.354689	0.000112	0.245451	0.193489	0.025857	0.243804	0.291288	0.000112	0.245451	0.193489	0.025857	0.243804	0.291288	0.397827	0.041860	0.001079	0.155172	0.187139	0.216923	0.086086	0.121388	0.358398	0.122823	0.295793	0.015513	0.503701	0.272006	0.083702	0.055876	0.002214	0.082501	0.182510	0.034701	0.131558	0.218352	0.139405	0.293475	1,2,1,3,4,5	71.354689	1.201200	0.437437	1.201200	0.531295	0.519463	1.418360	
457000	-113931	1,2,3,3,4,5	71.354689	5.861496	5.902934	4.229254	4.229254	5.391496	6.748267	1,1,2,3,2,3	71.354689	0.493598	0.141447	0.290139	0.074815	0.493598	0.141447	0.290139	0.074815	0.352055	0.138085	0.235596	0.274264	0.209705	0.091229	0.318940	0.380126	0.352055	0.138085	0.235596	0.274264	0.209705	0.091229	0.318940	0.380126	1,1,2,3,4,2	71.354689	0.022568	0.493624	0.155766	0.041078	0.083465	0.203499	0.022568	0.493624	0.155766	0.041078	0.083465	0.203499	0.471479	0.005425	0.003959	0.025597	0.355605	0.137935	0.024717	0.095809	0.091374	0.091753	0.651202	0.045144	0.271234	0.225501	0.094519	0.087066	0.169105	0.152575	0.471479	0.005425	0.003959	0.025597	0.355605	0.137935	1,2,3,4,2,5	71.354689	1.040978	0.413800	0.976755	0.614824	0.413800	1.901547	
458000	-113687	1,2,3,4,5,6	71.354689	5.833279	5.559146	5.819278	5.225008	5.223463	5.890218	1,2,3,4,3,5	71.354689	0.351966	0.181673	0.386153	0.080209	0.526470	0.212193	0.156997	0.104340	0.350753	0.290874	0.186514	0.171859	0.038674	0.314123	0.060014	0.587190	0.350753	0.290874	0.186514	0.171859	0.118391	0.222257	0.346914	0.312437	1,1,2,3,4,2	71.354689	0.016042	0.297164	0.152068	0.051232	0.226137	0.257357	0.016042	0.297164	0.152068	0.051232	0.226137	0.257357	0.556911	0.034990	0.036639	0.021953	0.115105	0.234402	0.101603	0.151863	0.370379	0.042361	0.197991	0.135803	0.190874	0.133688	0.161615	0.247205	0.049963	0.216656	0.556911	0.034990	0.036639	0.021953	0.115105	0.234402	1,2,1,2,3,4	71.354689	1.172108	0.511523	1.172108	0.511523	0.452060	1.399921	
459000	-111687	1,2,3,4,5,6	71.354689	5.557284	5.395236	5.780648	5.239587	5.254312	6.491881	1,1,2,3,4,4	71.354689	0.459938	0.245031	0.277256	0.017774	0.459938	0.245031	0.277256	0.017774	0.292598	0.462323	0.052824	0.192255	0.185081	0.236211	0.004026	0.574682	0.375102	0.082423	0.297376	0.245100	0.375102	0.082423	0.297376	0.245100	1,1,2,3,4,3	71.354689	0.006585	0.315828	0.391542	0.031608	0.090096	0.164341	0.006585	0.315828	0.391542	0.031608	0.090096	0.164341	0.217427	0.140290	0.032218	0.033490	0.255126	0.321449	0.183468	0.000711	0.063206	0.059697	0.453002	0.239916	0.163273	0.118097	0.204663	0.037323	0.238024	0.238620	0.183468	0.000711	0.063206	0.059697	0.453002	0.239916	1,2,1,3,2,4	71.354689	1.164511	0.464001	1.164511	0.572819	0.464001	1.494571	
460000	-113027	1,1,2,1,3,4	71.354689	4.867989	4.867989	5.098518	4.867989	5.841133	5.815433	1,1,2,3,4,5	71.354689	0.497735	0.240814	0.206152	0.055299	0.497735	0.240814	0.206152	0.055299	0.263619	0.472053	0.128140	0.136188	0.180803	0.352900	0.099849	0.366448	0.277275	0.272112	0.134925	0.315688	0.058348	0.050528	0.433821	0.457303	1,1,2,3,4,2	71.354689	0.052487	0.445892	0.076287	0.058221	0.171615	0.195497	0.052487	0.445892	0.076287	0.058221	0.171615	0.195497	0.367576	0.048705	0.055556	0.100018	0.286091	0.142055	0.065983	0.105384	0.088324	0.074308	0.501203	0.164798	0.049877	0.483019	0.154309	0.103585	0.009701	0.199509	0.367576	0.048705	0.055556	0.100018	0.286091	0.142055	1,2,1,3,3,4	71.354689	1.053187	0.439137	1.053187	0.533693	0.533693	1.900607	
461000	-112335	1,2,3,3,4,5	71.354689	6.076052	6.408665	5.148242	5.148242	5.518987	6.216734	1,1,2,3,4,4	71.354689	0.586335	0.056019	0.322394	0.035252	0.586335	0.056019	0.322394	0.035252	0.451635	0.375209	0.063944	0.109212	0.104294	0.185282	0.146619	0.563806	0.333209	0.109340	0.248995	0.308456	0.333209	0.109340	0.248995	0.308456	1,2,3,1,1,4	71.354689	0.137853	0.287721	0.153493	0.068056	0.282581	0.070297	0.025163	0.226523	0.237382	0.031550	0.078518	0.400864	0.229183	0.029936	0.138654	0.077305	0.365101	0.159820	0.137853	0.287721	0.153493	0.068056	0.282581	0.070297	0.137853	0.287721	0.153493	0.068056	0.282581	0.070297	0.239194	0.029784	0.116942	0.201122	0.188002	0.224955	1,2,1,3,4,5	71.354689	1.017894	0.341424	1.017894	0.514771	0.588663	1.966534	
462000	-113329	1,1,2,3,4,2	71.354689	3.579292	3.579292	4.931109	5.412934	5.783269	4.931109	1,1,1,2,3,3	71.354689	0.390979	0.316998	0.158095	0.133929	0.390979	0.316998	0.158095	0.133929	0.390979	0.316998	0.158095	0.133929	0.043729	0.298806	0.057047	0.600418	0.338942	0.065548	0.206781	0.388729	0.338942	0.065548	0.206781	0.388729	1,1,2,3,4,5	71.354689	0.054381	0.570732	0.143158	0.073516	0.012466	0.145747	0.054381	0.570732	0.143158	0.073516	0.012466	0.145747	0.251307	0.022657	0.085359	0.154148	0.337886	0.148643	0.149043	0.311048	0.266221	0.042221	0.157542	0.073926	0.085469	0.243570	0.079686	0.110065	0.258158	0.223053	0.276426	0.041447	0.120962	0.194269	0.151963	0.214934	1,2,1,3,2,4	71.354689	1.038626	0.448664	1.038626	0.626807	0.448664	2.047492	
463000	-114290	1,2,3,2,4,4	71.354689	5.902978	5.051694	5.394577	5.051694	6.109814	6.109814	1,2,3,4,3,4	71.354689	0.267551	0.378050	0.238323	0.116076	0.693105	0.096201	0.189625	0.021069	0.411513	0.309948	0.102882	0.175658	0.160230	0.094396	0.416453	0.328921	0.411513	0.309948	0.102882	0.175658	0.160230	0.094396	0.416453	0.328921	1,2,3,2,1,3	71.354689	0.032116	0.563479	0.098247	0.130985	0.037506	0.137667	0.032802	0.501982	0.140912	0.074189	0.236175	0.013940	0.230239	0.055665	0.108474	0.089301	0.191654	0.324667	0.032802	0.501982	0.140912	0.074189	0.236175	0.013940	0.032116	0.563479	0.098247	0.130985	0.037506	0.137667	0.230239	0.055665	0.108474	0.089301	0.191654	0.324667	1,2,1,3,2,4	71.354689	1.129140	0.378834	1.129140	0.642101	0.378834	1.553566	
464000	-112085	1,2,3,4,5,6	71.354689	5.551841	5.728144	4.971578	5.050487	5.562423	6.198878	1,1,2,3,4,5	71.354689	0.515538	0.162531	0.229204	0.092727	0.515538	0.162531	0.229204	0.092727	0.206394	0.351336	0.005024	0.437247	0.081905	0.218939	0.124299	0.574858	0.604635	0.073922	0.142706	0.178737	0.135660	0.069092	0.596787	0.198460	1,1,2,3,4,2	71.354689	0.018303	0.634899	0.043791	0.095346	0.114522	0.093139	0.018303	0.634899	0.043791	0.095346	0.114522	0.093139	0.423399	0.000003	0.087587	0.089667	0.186587	0.212758	0.218300	0.047992	0.372925	0.112837	0.192840	0.055106	0.145402	0.223360	0.161872	0.205657	0.037389	0.226320	0.423399	0.000003	0.087587	0.089667	0.186587	0.212758	1,2,1,3,4,5	71.354689	1.089983	0.467627	1.089983	0.515188	0.448416	1.466913	
465000	-114352	1,2,2,2,3,4	71.354689	6.122545	4.544219	4.544219	4.544219	6.019416	5.666286	1,2,3,4,5,6	71.354689	0.579374	0.019920	0.308253	0.092452	0.487074	0.172417	0.285318	0.055191	0.199313	0.329268	0.209104	0.262316	0.264491	0.309957	0.038538	0.387014	0.493482	0.226713	0.143523	0.136282	0.063329	0.209159	0.479982	0.247530	1,1,2,3,4,5	71.354689	0.095735	0.394522	0.068616	0.124433	0.026131	0.290564	0.095735	0.394522	0.068616	0.124433	0.026131	0.290564	0.391678	0.158940	0.174878	0.045457	0.193792	0.035255	0.032030	0.025395	0.082706	0.027516	0.517152	0.315202	0.203165	0.319432	0.155102	0.054559	0.111269	0.156473	0.115740	0.074058	0.307012	0.058670	0.202796	0.241724	1,2,1,3,4,5	71.354689	1.015692	0.341030	1.015692	0.526857	0.497715	2.219230	
466000	-113143	1,2,3,4,4,5	71.354689	5.442318	6.451994	4.917676	5.931156	5.931156	6.469985	1,1,2,2,3,4	71.354689	0.527985	0.216130	0.235512	0.020373	0.527985	0.216130	0.235512	0.020373	0.164197	0.308717	0.227126	0.299960	0.164197	0.308717	0.227126	0.299960	0.316111	0.139672	0.112332	0.431885	0.246566	0.025410	0.395616	0.332409	1,1,2,3,4,2	71.354689	0.000946	0.373079	0.357133	0.061013	0.180855	0.026974	0.000946	0.373079	0.357133	0.061013	0.180855	0.026974	0.447358	0.020543	0.082069	0.019188	0.223566	0.207276	0.110502	0.104273	0.037903	0.322824	0.406397	0.018102	0.060683	0.421682	0.146398	0.231595	0.058802	0.080840	0.447358	0.020543	0.082069	0.019188	0.223566	0.207276	1,2,1,3,4,5	71.354689	1.099670	0.348055	1.099670	0.644070	0.534650	1.686792	
467000	-112333	1,2,3,4,3,5	71.354689	6.039520	5.722014	4.818411	5.090576	4.818411	5.743881	1,1,2,3,4,5	71.354689	0.539904	0.130721	0.291330	0.038045	0.539904	0.130721	0.291330	0.038045	0.269786	0.251168	0.069743	0.409303	0.077973	0.345310	0.084524	0.492193	0.297802	0.237315	0.226786	0.238097	0.082273	0.085924	0.409167	0.422636	1,1,2,3,4,2	71.354689	0.031791	0.471830	0.236593	0.053144	0.136343	0.070298	0.031791	0.471830	0.236593	0.053144	0.136343	0.070298	0.460796	0.012167	0.015071	0.140964	0.199999	0.171003	0.315859	0.000166	0.281619	0.027904	0.231592	0.142860	0.153577	0.153880	0.161724	0.159462	0.148112	0.223246	0.460796	0.012167	0.015071	0.140964	0.199999	0.171003	1,2,3,4,4,5	71.354689	1.113982	0.426365	1.089896	0.511458	0.511458	1.246461	
468000	-111676	1,2,3,4,5,6	71.354689	5.626263	6.423670	5.590832	5.497100	5.790899	6.537106	1,1,2,3,4,5	71.354689	0.567899	0.152198	0.243969	0.035934	0.567899	0.152198	0.243969	0.035934	0.411535	0.441119	0.045146	0.102200	0.026409	0.382347	0.054210	0.537034	0.322654	0.219353	0.140235	0.317758	0.165756	0.175604	0.312226	0.346415	1,1,2,3,4,2	71.354689	0.013427	0.386983	0.291368	0.024678	0.049270	0.234274	0.013427	0.386983	0.291368	0.024678	0.049270	0.234274	0.298169	0.061133	0.068262	0.117522	0.200816	0.254098	0.037294	0.256605	0.222591	0.157222	0.176286	0.150001	0.219505	0.324472	0.085057	0.055817	0.078794	0.236356	0.298169	0.061133	0.068262	0.117522	0.200816	0.254098	1,2,3,4,4,5	71.354689	1.294122	0.311341	0.906114	0.542228	0.542228	1.740608	
469000	-113212	1,2,3,4,2,4	71.354689	5.361496	5.117381	5.432019	4.164984	5.117381	4.164984	1,1,2,3,4,5	71.354689	0.363481	0.272890	0.310815	0.052814	0.363481	0.272890	0.310815	0.052814	0.123872	0.523176	0.069770	0.283183	0.245685	0.220006	0.066700	0.467609	0.577885	0.141256	0.121349	0.159510	0.406807	0.191162	0.308814	0.093217	1,1,2,3,4,2	71.354689	0.002461	0.447285	0.163809	0.026647	0.114989	0.244809	0.002461	0.447285	0.163809	0.026647	0.114989	0.244809	0.162079	0.007827	0.046886	0.042905	0.188989	0.551315	0.089035	0.168145	0.059953	0.028287	0.416231	0.238348	0.051142	0.386028	0.149056	0.153167	0.126658	0.133949	0.162079	0.007827	0.046886	0.042905	0.188989	0.551315	1,2,1,3,4,5	71.354689	1.057412	0.469895	1.057412	0.457509	0.462499	1.457746	
470000	-112493	1,2,3,4,2,5	71.354689	5.826179	4.540701	5.311890	5.024225	4.540701	5.353034	1,1,2,3,2,1	71.354689	0.434597	0.058950	0.347471	0.158983	0.434597	0.058950	0.347471	0.158983	0.349163	0.295046	0.061121	0.294670	0.067858	0.386656	0.054389	0.491096	0.349163	0.295046	0.061121	0.294670	0.434597	0.058950	0.347471	0.158983	1,1,2,3,1,2	71.354689	0.019540	0.591545	0.081957	0.132347	0.069178	0.105432	0.019540	0.591545	0.081957	0.132347	0.069178	0.105432	0.318436	0.001060	0.063949	0.151284	0.240470	0.224802	0.057145	0.048027	0.065689	0.024940	0.628609	0.175590	0.019540	0.591545	0.081957	0.132347	0.069178	0.105432	0.318436	0.001060	0.063949	0.151284	0.240470	0.224802	1,2,3,4,5,6	71.354689	1.335818	0.339644	0.926732	0.605571	0.340495	2.203911	
471000	-112604	1,2,3,2,4,5	71.354689	5.924208	4.492229	5.819759	4.492229	5.338080	6.485867	1,2,3,4,2,5	71.354689	0.473983	0.086683	0.230088	0.209246	0.497275	0.103102	0.203471	0.196152	0.251200	0.621628	0.047338	0.079834	0.253102	0.302810	0.023181	0.420907	0.497275	0.103102	0.203471	0.196152	0.097409	0.129766	0.507481	0.265344	1,1,2,3,4,2	71.354689	0.006749	0.637081	0.071110	0.170352	0.065565	0.049142	0.006749	0.637081	0.071110	0.170352	0.065565	0.049142	0.325167	0.015698	0.069867	0.066868	0.277935	0.244466	0.059072	0.032656	0.053930	0.180610	0.346382	0.327350	0.115774	0.304160	0.159594	0.114053	0.252328	0.054090	0.325167	0.015698	0.069867	0.066868	0.277935	0.244466	1,2,1,2,2,3	71.354689	1.026493	0.490225	1.026493	0.490225	0.490225	1.542440	
472000	-113999	1,2,1,1,1,3	71.354689	5.552733	5.977991	5.552733	5.552733	5.552733	6.388558	1,1,2,3,4,5	71.354689	0.316952	0.338652	0.305686	0.038710	0.316952	0.338652	0.305686	0.038710	0.376020	0.340331	0.082816	0.200832	0.071467	0.588082	0.053779	0.286672	0.546421	0.192305	0.094229	0.167045	0.371535	0.076264	0.450984	0.101218	1,1,2,3,4,2	71.354689	0.003128	0.458014	0.151903	0.013636	0.145382	0.227938	0.003128	0.458014	0.151903	0.013636	0.145382	0.227938	0.369217	0.036295	0.047735	0.076408	0.309929	0.160417	0.433383	0.024341	0.249617	0.060798	0.135017	0.096843	0.017192	0.231741	0.206497	0.043614	0.244222	0.256734	0.369217	0.036295	0.047735	0.076408	0.309929	0.160417	1,2,3,4,5,6	71.354689	1.015436	0.407166	1.026445	0.621370	0.509247	2.013575	
473000	-112348	1,2,3,4,3,5	71.354689	5.980957	5.721149	5.064444	5.641416	5.064444	5.477233	1,1,2,3,4,5	71.354689	0.531290	0.092392	0.297021	0.079297	0.531290	0.092392	0.297021	0.079297	0.375411	0.308182	0.079591	0.236816	0.250309	0.284741	0.031263	0.433687	0.368401	0.278001	0.091673	0.261925	0.275402	0.059207	0.340602	0.324788	1,1,2,3,1,4	71.354689	0.033800	0.456743	0.161567	0.102319	0.034835	0.210736	0.033800	0.456743	0.161567	0.102319	0.034835	0.210736	0.390313	0.125301	0.071876	0.033479	0.131958	0.247072	0.258363	0.193544	0.061511	0.061719	0.322847	0.102016	0.033800	0.456743	0.161567	0.102319	0.034835	0.210736	0.110776	0.006571	0.048691	0.239018	0.217537	0.377407	1,2,3,4,2,5	71.354689	1.289208	0.479172	0.979504	0.512406	0.479172	1.474962	
474000	-112659	1,2,3,4,4,5	71.354689	5.726627	5.726766	5.715644	4.960352	4.960352	5.849845	1,1,2,3,4,4	71.354689	0.458021	0.207222	0.283971	0.050786	0.458021	0.207222	0.283971	0.050786	0.189739	0.342945	0.181578	0.285738	0.200762	0.212233	0.033786	0.553219	0.272456	0.141824	0.366425	0.219294	0.272456	0.141824	0.366425	0.219294	1,1,2,3,4,2	71.354689	0.005834	0.437848	0.075104	0.099009	0.167806	0.214399	0.005834	0.437848	0.075104	0.099009	0.167806	0.214399	0.210001	0.047759	0.132805	0.070032	0.166343	0.373060	0.185823	0.014435	0.088731	0.021111	0.427746	0.262154	0.252312	0.189487	0.167144	0.098522	0.080517	0.212017	0.210001	0.047759	0.132805	0.070032	0.166343	0.373060	1,2,3,4,5,6	71.354689	1.137822	0.426086	1.211775	0.441522	0.479714	1.584193	
475000	-112133	1,2,3,2,4,5	71.354689	6.458969	4.757933	5.250547	4.757933	5.721301	6.564557	1,2,3,4,3,5	71.354689	0.397104	0.074704	0.439585	0.088607	0.551632	0.169621	0.132387	0.146359	0.328031	0.374242	0.134783	0.162944	0.063565	0.159116	0.074804	0.702516	0.328031	0.374242	0.134783	0.162944	0.162972	0.200905	0.322700	0.313423	1,1,2,2,3,4	71.354689	0.017363	0.493472	0.238153	0.096041	0.065455	0.089515	0.017363	0.493472	0.238153	0.096041	0.065455	0.089515	0.410832	0.047395	0.148349	0.073052	0.259562	0.060811	0.410832	0.047395	0.148349	0.073052	0.259562	0.060811	0.099255	0.283914	0.157239	0.062765	0.004272	0.392555	0.170253	0.000980	0.170548	0.167170	0.135510	0.355539	1,2,1,3,2,4	71.354689	1.168514	0.466921	1.168514	0.556675	0.466921	1.385206	
476000	-112535	1,2,3,2,4,5	71.354689	6.091005	4.555426	5.470426	4.555426	5.407266	6.377624	1,1,2,3,2,4	71.354689	0.464693	0.144297	0.341905	0.049106	0.464693	0.144297	0.341905	0.049106	0.410552	0.304787	0.097374	0.187287	0.114789	0.370881	0.050138	0.464192	0.410552	0.304787	0.097374	0.187287	0.224049	0.187921	0.438011	0.150019	1,1,2,3,4,2	71.354689	0.000745	0.437613	0.108342	0.114657	0.200501	0.138142	0.000745	0.437613	0.108342	0.114657	0.200501	0.138142	0.230186	0.043927	0.041166	0.032109	0.294676	0.357935	0.065854	0.085821	0.129604	0.232215	0.486180	0.000325	0.053603	0.332830	0.245281	0.059912	0.035570	0.272805	0.230186	0.043927	0.041166	0.032109	0.294676	0.357935	1,2,1,3,4,5	71.354689	1.039584	0.482022	1.039584	0.804065	0.464365	1.476127	
477000	-113690	1,2,3,4,4,5	71.354689	5.843231	5.753121	4.995125	4.067247	4.067247	5.880185	1,2,3,4,5,6	71.354689	0.518617	0.114483	0.244180	0.122720	0.459672	0.311411	0.165005	0.063912	0.339021	0.499449	0.012393	0.149137	0.033545	0.046615	0.160506	0.759334	0.403758	0.093461	0.192810	0.309971	0.164316	0.025115	0.679414	0.131156	1,1,2,3,4,2	71.354689	0.006787	0.534508	0.179006	0.040979	0.160867	0.077853	0.006787	0.534508	0.179006	0.040979	0.160867	0.077853	0.381016	0.016921	0.083339	0.129453	0.172085	0.217185	0.090808	0.111553	0.433569	0.033622	0.253824	0.076625	0.148928	0.130255	0.192320	0.082865	0.414021	0.031611	0.381016	0.016921	0.083339	0.129453	0.172085	0.217185	1,2,3,4,2,5	71.354689	1.002946	0.349186	1.112616	0.628651	0.349186	1.280842	
478000	-112122	1,2,3,4,5,2	71.354689	6.325611	6.494455	5.553075	5.355428	5.261202	6.494455	1,1,2,3,2,4	71.354689	0.557708	0.101296	0.282327	0.058669	0.557708	0.101296	0.282327	0.058669	0.366178	0.348102	0.060224	0.225497	0.130154	0.205480	0.061183	0.603182	0.366178	0.348102	0.060224	0.225497	0.161139	0.146616	0.398461	0.293784	1,1,2,2,3,2	71.354689	0.011787	0.428862	0.188707	0.093206	0.046379	0.231060	0.011787	0.428862	0.188707	0.093206	0.046379	0.231060	0.338750	0.004706	0.035866	0.105829	0.383788	0.131063	0.338750	0.004706	0.035866	0.105829	0.383788	0.131063	0.126241	0.442813	0.074626	0.160277	0.034079	0.161964	0.338750	0.004706	0.035866	0.105829	0.383788	0.131063	1,2,3,4,4,5	71.354689	1.129286	0.365710	0.949608	0.489897	0.489897	2.219019	
479000	-113772	1,2,3,3,4,5	71.354689	5.482447	5.804717	4.240254	4.240254	6.380340	5.361078	1,1,2,3,4,5	71.354689	0.506500	0.251094	0.197999	0.044406	0.506500	0.251094	0.197999	0.044406	0.433296	0.332982	0.039127	0.194595	0.098665	0.320385	0.198264	0.382686	0.308697	0.338843	0.084057	0.268403	0.300383	0.157460	0.273549	0.268608	1,1,2,3,1,4	71.354689	0.022679	0.451339	0.161271	0.052699	0.012204	0.299807	0.022679	0.451339	0.161271	0.052699	0.012204	0.299807	0.284071	0.166969	0.038962	0.087196	0.179988	0.242814	0.080722	0.252283	0.203576	0.255176	0.160202	0.048041	0.022679	0.451339	0.161271	0.052699	0.012204	0.299807	0.152961	0.137701	0.179848	0.096387	0.147641	0.285460	1,2,3,4,2,5	71.354689	1.152148	0.463254	1.091653	0.590895	0.463254	1.579045	
480000	-113222	1,2,3,2,3,4	71.354689	5.795786	4.906102	5.379259	4.906102	5.379259	6.565057	1,2,3,4,5,6	71.354689	0.443474	0.058989	0.306402	0.191136	0.529771	0.088096	0.183570	0.198564	0.307820	0.355928	0.155949	0.180303	0.037066	0.162531	0.370639	0.429764	0.385690	0.237547	0.102538	0.274226	0.078963	0.128036	0.483930	0.309071	1,1,2,2,3,2	71.354689	0.044204	0.591428	0.054465	0.142117	0.066355	0.101432	0.044204	0.591428	0.054465	0.142117	0.066355	0.101432	0.306143	0.040887	0.088822	0.032895	0.384377	0.146876	0.306143	0.040887	0.088822	0.032895	0.384377	0.146876	0.099583	0.378180	0.088947	0.168619	0.095172	0.169498	0.306143	0.040887	0.088822	0.032895	0.384377	0.146876	1,2,1,3,3,4	71.354689	1.054721	0.353827	1.054721	0.482792	0.482792	1.747847	
481000	-112380	1,2,3,3,4,5	71.354689	5.395512	6.140751	4.950689	4.950689	6.064143	5.829424	1,1,2,3,2,4	71.354689	0.596440	0.146537	0.247741	0.009283	0.596440	0.146537	0.247741	0.009283	0.384445	0.266181	0.118839	0.230535	0.037303	0.253341	0.342080	0.367276	0.384445	0.266181	0.118839	0.230535	0.446726	0.096549	0.270779	0.185947	1,2,3,4,5,3	71.354689	0.000044	0.267403	0.191064	0.065471	0.277652	0.198366	0.005406	0.147873	0.400579	0.015556	0.151938	0.278647	0.362797	0.005701	0.020165	0.076690	0.257755	0.276892	0.125229	0.331957	0.202048	0.011615	0.233957	0.095194	0.034002	0.491390	0.118167	0.045902	0.103447	0.207092	0.362797	0.005701	0.020165	0.076690	0.257755	0.276892	1,2,3,4,5,6	71.354689	1.284633	0.481284	1.266979	0.821303	0.490642	1.349791	
482000	-113869	1,2,3,2,2,4	71.354689	6.050610	4.785443	5.607365	4.785443	4.785443	6.462053	1,1,2,2,2,3	71.354689	0.559193	0.199697	0.182352	0.058759	0.559193	0.199697	0.182352	0.058759	0.324807	0.214467	0.130295	0.330431	0.324807	0.214467	0.130295	0.330431	0.324807	0.214467	0.130295	0.330431	0.377865	0.018514	0.410792	0.192828	1,1,2,3,1,2	71.354689	0.030303	0.394648	0.147193	0.068605	0.069617	0.289634	0.030303	0.394648	0.147193	0.068605	0.069617	0.289634	0.382968	0.000784	0.103125	0.104797	0.230340	0.177987	0.007350	0.520725	0.010432	0.027934	0.208308	0.225251	0.030303	0.394648	0.147193	0.068605	0.069617	0.289634	0.382968	0.000784	0.103125	0.104797	0.230340	0.177987	1,2,1,3,3,4	71.354689	0.968366	0.454389	0.968366	0.440773	0.440773	2.032601	
483000	-113377	1,2,3,3,4,5	71.354689	5.707704	6.151670	5.279095	5.279095	5.280366	5.373921	1,1,2,3,4,5	71.354689	0.518240	0.159460	0.287617	0.034683	0.518240	0.159460	0.287617	0.034683	0.448881	0.313821	0.109032	0.128266	0.076357	0.565485	0.054876	0.303283	0.268065	0.246591	0.138566	0.346778	0.358418	0.053118	0.449628	0.138837	1,2,3,3,4,5	71.354689	0.029059	0.411089	0.152469	0.102374	0.200957	0.104051	0.020731	0.363443	0.027380	0.011911	0.223677	0.352858	0.215379	0.011871	0.145286	0.106206	0.396715	0.124544	0.215379	0.011871	0.145286	0.106206	0.396715	0.124544	0.045438	0.241469	0.213848	0.176994	0.146449	0.175801	0.315956	0.072225	0.060298	0.060929	0.090389	0.400204	1,2,3,4,2,5	71.354689	1.268560	0.416364	1.177143	0.671834	0.416364	1.609441	
484000	-112306	1,2,3,1,2,4	71.354689	5.092613	5.066971	5.389000	5.092613	5.066971	5.385605	1,2,2,3,2,4	71.354689	0.403540	0.051872	0.388209	0.156379	0.415976	0.297753	0.125252	0.161019	0.415976	0.297753	0.125252	0.161019	0.163085	0.109455	0.044705	0.682755	0.415976	0.297753	0.125252	0.161019	0.246681	0.090651	0.497676	0.164991	1,1,2,3,4,2	71.354689	0.004502	0.643204	0.063874	0.103161	0.060641	0.124617	0.004502	0.643204	0.063874	0.103161	0.060641	0.124617	0.434594	0.018038	0.081565	0.029886	0.126048	0.309868	0.022723	0.304806	0.023856	0.289059	0.248144	0.111413	0.079853	0.240240	0.247552	0.060575	0.063517	0.308263	0.434594	0.018038	0.081565	0.029886	0.126048	0.309868	1,2,1,3,4,5	71.354689	1.054160	0.476270	1.054160	0.699587	0.528114	1.607472	
485000	-112463	1,2,3,2,4,5	71.354689	5.782358	5.244744	5.639027	5.244744	6.435925	6.183781	1,1,2,3,2,4	71.354689	0.456377	0.188964	0.294842	0.059817	0.456377	0.188964	0.294842	0.059817	0.361782	0.302904	0.109500	0.225813	0.061081	0.100090	0.084391	0.754438	0.361782	0.302904	0.109500	0.225813	0.301296	0.062661	0.193253	0.442790	1,2,3,4,2,3	71.354689	0.004845	0.573404	0.315749	0.020308	0.016076	0.069618	0.034946	0.508762	0.063237	0.048487	0.055847	0.288721	0.286949	0.022379	0.020265	0.106373	0.320837	0.243197	0.237110	0.189621	0.183421	0.017822	0.283106	0.088920	0.034946	0.508762	0.063237	0.048487	0.055847	0.288721	0.286949	0.022379	0.020265	0.106373	0.320837	0.243197	1,2,3,4,2,5	71.354689	1.162129	0.424736	0.856767	0.767915	0.424736	1.632829	
486000	-111167	1,2,3,4,4,5	71.354689	5.723116	5.492914	5.520503	5.183208	5.183208	5.033688	1,1,2,3,4,5	71.354689	0.465925	0.198374	0.302058	0.033643	0.465925	0.198374	0.302058	0.033643	0.220322	0.384988	0.074732	0.319957	0.040963	0.277500	0.010405	0.671132	0.457265	0.100510	0.254213	0.188013	0.172161	0.094600	0.325006	0.408234	1,1,2,3,3,2	71.354689	0.005002	0.481439	0.118121	0.102167	0.055180	0.238090	0.005002	0.481439	0.118121	0.102167	0.055180	0.238090	0.375678	0.018819	0.097167	0.182233	0.150935	0.175167	0.163574	0.192911	0.210336	0.097907	0.200840	0.134432	0.163574	0.192911	0.210336	0.097907	0.200840	0.134432	0.375678	0.018819	0.097167	0.182233	0.150935	0.175167	1,2,1,2,3,4	71.354689	1.117463	0.489301	1.117463	0.489301	0.448238	1.114204	
487000	-114459	1,2,3,4,4,1	71.354689	5.351559	6.121576	5.833775	4.799492	4.799492	5.351559	1,1,2,3,4,5	71.354689	0.549526	0.172321	0.262151	0.016002	0.549526	0.172321	0.262151	0.016002	0.322361	0.446120	0.056731	0.174788	0.055610	0.093906	0.283409	0.567075	0.447676	0.306898	0.092436	0.152990	0.206764	0.326106	0.306588	0.160542	1,1,2,3,1,4	71.354689	0.018007	0.353346	0.234202	0.048785	0.044443	0.301216	0.018007	0.353346	0.234202	0.048785	0.044443	0.301216	0.237549	0.142246	0.004633	0.162003	0.299746	0.153823	0.106821	0.115426	0.194028	0.026370	0.478729	0.078626	0.018007	0.353346	0.234202	0.048785	0.044443	0.301216	0.216769	0.232087	0.075384	0.020276	0.233668	0.221817	1,2,3,4,2,1	71.354689	1.367994	0.379589	0.835482	0.665429	0.379589	1.367994	
488000	-112972	1,2,3,3,4,3	71.354689	5.924523	6.117089	4.989234	4.989234	6.499972	4.989234	1,1,2,2,3,4	71.354689	0.533750	0.173080	0.255205	0.037965	0.533750	0.173080	0.255205	0.037965	0.225437	0.422137	0.011506	0.340920	0.225437	0.422137	0.011506	0.340920	0.467544	0.150951	0.200842	0.180663	0.408603	0.091581	0.351620	0.148196	1,1,2,3,2,4	71.354689	0.012157	0.420461	0.136184	0.048013	0.291477	0.091708	0.012157	0.420461	0.136184	0.048013	0.291477	0.091708	0.249898	0.238607	0.061224	0.170434	0.087905	0.191932	0.310296	0.118146	0.058707	0.030480	0.355062	0.127308	0.249898	0.238607	0.061224	0.170434	0.087905	0.191932	0.121673	0.018653	0.168177	0.140436	0.365621	0.185440	1,2,3,4,5,6	71.354689	1.252488	0.480252	1.002824	0.502094	0.475588	2.842691	
489000	-112550	1,2,3,4,5,6	71.354689	5.911765	5.781379	5.256995	5.062661	6.945117	5.711934	1,1,2,3,2,4	71.354689	0.514285	0.156438	0.303453	0.025824	0.514285	0.156438	0.303453	0.025824	0.315562	0.278935	0.152948	0.252554	0.104555	0.165419	0.053674	0.676351	0.315562	0.278935	0.152948	0.252554	0.446127	0.019852	0.236724	0.297297	1,1,2,2,3,4	71.354689	0.011807	0.261328	0.332308	0.071601	0.113835	0.209121	0.011807	0.261328	0.332308	0.071601	0.113835	0.209121	0.395825	0.001341	0.100674	0.092275	0.338696	0.071189	0.395825	0.001341	0.100674	0.092275	0.338696	0.071189	0.167422	0.194074	0.161535	0.027123	0.157203	0.292643	0.343703	0.014512	0.089332	0.339609	0.094066	0.118778	1,2,1,3,3,4	71.354689	1.041031	0.404360	1.041031	0.635078	0.635078	2.380681	
490000	-114767	1,2,3,4,4,5	71.354689	5.725647	6.194382	5.157422	5.062230	5.062230	5.819800	1,2,3,3,4,5	71.354689	0.524588	0.123292	0.220117	0.132003	0.600706	0.110700	0.267687	0.020907	0.229381	0.304256	0.091718	0.374645	0.229381	0.304256	0.091718	0.374645	0.266716	0.374268	0.141924	0.217092	0.030059	0.220462	0.573467	0.176012	1,1,2,3,1,2	71.354689	0.018523	0.473022	0.121695	0.088325	0.066714	0.231722	0.018523	0.473022	0.121695	0.088325	0.066714	0.231722	0.593902	0.023567	0.155137	0.035553	0.102871	0.088971	0.140583	0.065006	0.040676	0.453111	0.247338	0.053285	0.018523	0.473022	0.121695	0.088325	0.066714	0.231722	0.593902	0.023567	0.155137	0.035553	0.102871	0.088971	1,2,1,3,2,4	71.354689	1.221295	0.422715	1.221295	0.677974	0.422715	1.505418	
491000	-112443	1,2,3,4,1,5	71.354689	4.629587	5.438522	4.787667	5.174078	4.629587	6.633511	1,1,2,3,4,5	71.354689	0.396126	0.394158	0.197044	0.012672	0.396126	0.394158	0.197044	0.012672	0.400200	0.311822	0.176450	0.111527	0.111870	0.186518	0.029411	0.672202	0.284904	0.036171	0.307741	0.371184	0.242585	0.103856	0.377574	0.275984	1,1,2,2,3,4	71.354689	0.002177	0.350445	0.339868	0.020042	0.060719	0.226749	0.002177	0.350445	0.339868	0.020042	0.060719	0.226749	0.305727	0.046207	0.112556	0.042277	0.440089	0.053144	0.305727	0.046207	0.112556	0.042277	0.440089	0.053144	0.328970	0.112748	0.106835	0.309221	0.124857	0.017368	0.182195	0.039817	0.299328	0.150063	0.090967	0.237630	1,2,3,4,5,6	71.354689	1.136086	0.378039	1.146497	0.560068	0.534983	1.201196	
492000	-112608	1,2,3,2,4,2	71.354689	6.019492	4.599302	5.340057	4.599302	5.574641	4.599302	1,1,2,3,4,5	71.354689	0.406022	0.200446	0.366715	0.026817	0.406022	0.200446	0.366715	0.026817	0.304153	0.308702	0.174598	0.212547	0.204208	0.298941	0.018273	0.478577	0.369710	0.100879	0.125537	0.403874	0.490708	0.037392	0.290285	0.181615	1,1,2,3,4,2	71.354689	0.010370	0.455082	0.201716	0.043926	0.156550	0.132356	0.010370	0.455082	0.201716	0.043926	0.156550	0.132356	0.323306	0.011683	0.032077	0.156558	0.120152	0.356224	0.062929	0.435095	0.024621	0.155077	0.302343	0.019935	0.187183	0.263680	0.020669	0.110277	0.162533	0.255658	0.323306	0.011683	0.032077	0.156558	0.120152	0.356224	1,2,3,4,5,6	71.354689	1.000799	0.407966	0.998531	0.560954	0.547339	2.126247	
493000	-114025	1,2,2,2,3,4	71.354689	5.612396	4.799064	4.799064	4.799064	4.896617	5.530286	1,2,3,4,2,5	71.354689	0.338512	0.090943	0.386378	0.184166	0.531578	0.156100	0.150177	0.162144	0.156553	0.249410	0.174761	0.419276	0.092292	0.405429	0.164222	0.338057	0.531578	0.156100	0.150177	0.162144	0.109499	0.085554	0.416219	0.388728	1,1,2,3,4,2	71.354689	0.025606	0.560299	0.047884	0.097148	0.199974	0.069088	0.025606	0.560299	0.047884	0.097148	0.199974	0.069088	0.430524	0.038636	0.037215	0.033064	0.326709	0.133852	0.271640	0.137385	0.097662	0.200498	0.231841	0.060974	0.143041	0.278405	0.222043	0.108438	0.158461	0.089613	0.430524	0.038636	0.037215	0.033064	0.326709	0.133852	1,2,1,3,4,1	71.354689	1.062873	0.331569	1.062873	0.664405	0.351604	1.062873	
494000	-114023	1,2,3,4,5,1	71.354689	5.001271	5.095210	5.277520	5.109483	5.962845	5.001271	1,1,2,2,3,3	71.354689	0.381517	0.339582	0.273873	0.005027	0.381517	0.339582	0.273873	0.005027	0.241300	0.241946	0.127601	0.389153	0.241300	0.241946	0.127601	0.389153	0.394393	0.142252	0.279600	0.183755	0.394393	0.142252	0.279600	0.183755	1,1,2,3,4,2	71.354689	0.001144	0.311418	0.208965	0.042857	0.055256	0.380360	0.001144	0.311418	0.208965	0.042857	0.055256	0.380360	0.235175	0.028348	0.058015	0.232434	0.219571	0.226456	0.156462	0.317136	0.014388	0.041336	0.436284	0.034394	0.116400	0.202420	0.057217	0.218819	0.218267	0.186877	0.235175	0.028348	0.058015	0.232434	0.219571	0.226456	1,2,3,4,5,6	71.354689	1.337973	0.426227	0.842284	0.477479	0.440218	1.455813	
495000	-113467	1,2,3,3,4,5	71.354689	6.306579	5.932483	4.728302	4.728302	5.963540	5.174589	1,2,3,4,3,5	71.354689	0.555217	0.101444	0.304349	0.038990	0.634090	0.115949	0.193920	0.056041	0.427638	0.199299	0.140985	0.232078	0.232347	0.249303	0.177930	0.340420	0.427638	0.199299	0.140985	0.232078	0.087300	0.127677	0.442738	0.342284	1,1,2,2,3,4	71.354689	0.008658	0.517866	0.164926	0.169001	0.100281	0.039268	0.008658	0.517866	0.164926	0.169001	0.100281	0.039268	0.276360	0.191370	0.037762	0.163595	0.322374	0.008540	0.276360	0.191370	0.037762	0.163595	0.322374	0.008540	0.157359	0.276632	0.118751	0.047910	0.094189	0.305159	0.591145	0.077674	0.087875	0.070452	0.047380	0.125473	1,2,3,4,5,3	71.354689	0.998159	0.405524	1.025235	0.680479	0.500175	1.025235	
496000	-112791	1,2,3,4,5,6	71.354689	5.754329	5.326706	5.522169	5.083267	6.312852	5.984611	1,2,3,4,5,6	71.354689	0.373604	0.250402	0.313043	0.062950	0.590520	0.244368	0.163620	0.001492	0.195904	0.429382	0.010504	0.364210	0.092657	0.133874	0.061795	0.711674	0.511066	0.068424	0.244365	0.176145	0.108973	0.108521	0.621377	0.161130	1,1,2,3,4,2	71.354689	0.014795	0.384680	0.156546	0.034237	0.270522	0.139221	0.014795	0.384680	0.156546	0.034237	0.270522	0.139221	0.410226	0.008230	0.038758	0.021735	0.303358	0.217692	0.024223	0.091521	0.056294	0.110823	0.672655	0.044484	0.056765	0.244388	0.150194	0.029525	0.189320	0.329808	0.410226	0.008230	0.038758	0.021735	0.303358	0.217692	1,2,3,4,2,5	71.354689	1.102451	0.373425	1.045596	0.589920	0.373425	1.767886	
497000	-112243	1,2,3,4,2,5	71.354689	6.502989	5.817607	5.492113	5.032244	5.817607	6.542993	1,1,2,3,4,5	71.354689	0.524291	0.157598	0.297892	0.020219	0.524291	0.157598	0.297892	0.020219	0.309067	0.488485	0.025754	0.176694	0.085460	0.184681	0.061321	0.668538	0.684371	0.041611	0.116774	0.157244	0.298853	0.100516	0.305364	0.295267	1,1,2,3,4,5	71.354689	0.035048	0.281048	0.288739	0.086882	0.069244	0.239039	0.035048	0.281048	0.288739	0.086882	0.069244	0.239039	0.324057	0.223121	0.114695	0.092630	0.120072	0.125425	0.006622	0.036687	0.230400	0.180434	0.469001	0.076857	0.131482	0.292587	0.056138	0.165391	0.166363	0.188041	0.085309	0.049016	0.127029	0.233636	0.070451	0.434559	1,2,3,4,5,6	71.354689	1.013091	0.418408	1.060238	0.684208	0.506445	1.203614	
498000	-112653	1,2,3,3,4,5	71.354689	5.673574	5.279612	5.095001	5.095001	5.290678	6.269533	1,1,2,3,4,5	71.354689	0.511804	0.158825	0.262948	0.066424	0.511804	0.158825	0.262948	0.066424	0.290713	0.451373	0.068554	0.189360	0.013619	0.095128	0.505430	0.385824	0.430998	0.176970	0.103934	0.288097	0.258759	0.090473	0.386669	0.264099	1,1,2,3,1,2	71.354689	0.060719	0.572312	0.103260	0.095934	0.044747	0.123028	0.060719	0.572312	0.103260	0.095934	0.044747	0.123028	0.416092	0.020029	0.079177	0.082991	0.134108	0.267603	0.151755	0.046086	0.380866	0.170356	0.240138	0.010799	0.060719	0.572312	0.103260	0.095934	0.044747	0.123028	0.416092	0.020029	0.079177	0.082991	0.134108	0.267603	1,2,3,4,5,6	71.354689	1.194879	0.474096	1.012962	0.598903	0.431849	1.332411	
499000	-112620	1,2,3,4,5,6	71.354689	5.873652	6.607335	5.545790	5.492635	5.953825	6.768688	1,2,3,4,5,6	71.354689	0.485395	0.218704	0.286909	0.008991	0.592083	0.123699	0.255372	0.028846	0.245940	0.547000	0.037046	0.170014	0.118271	0.251504	0.091047	0.539177	0.484687	0.184088	0.164996	0.166229	0.208797	0.225861	0.441564	0.123778	1,2,3,4,5,6	71.354689	0.000317	0.327141	0.482274	0.013426	0.069207	0.107635	0.021479	0.219564	0.220615	0.022830	0.120627	0.394885	0.250762	0.121929	0.153836	0.130008	0.149475	0.193991	0.076549	0.080929	0.032388	0.010213	0.710882	0.089038	0.164645	0.223740	0.205692	0.228357	0.013299	0.164267	0.345701	0.013407	0.244125	0.169233	0.004235	0.223299	1,2,3,2,4,5	71.354689	1.048436	0.479745	1.127306	0.479745	0.494315	2.188564	
500000	-112936	1,2,3,4,5,2	71.354689	5.717278	6.083875	5.204671	5.188092	6.578305	6.083875	1,1,2,3,4,5	71.354689	0.591262	0.133957	0.258967	0.015814	0.591262	0.133957	0.258967	0.015814	0.407226	0.169207	0.018801	0.404765	0.009471	0.218362	0.127447	0.644720	0.502041	0.088555	0.167024	0.242381	0.140227	0.186929	0.484463	0.188382	1,1,2,3,4,2	71.354689	0.018191	0.314428	0.212812	0.059167	0.098954	0.296449	0.018191	0.314428	0.212812	0.059167	0.098954	0.296449	0.258455	0.049173	0.062962	0.102922	0.104373	0.422115	0.063227	0.062274	0.245103	0.257487	0.334106	0.037804	0.268898	0.253140	0.021826	0.187280	0.166869	0.101988	0.258455	0.049173	0.062962	0.102922	0.104373	0.422115	1,2,3,4,5,6	71.354689	1.165316	0.542284	1.126939	0.580517	0.494108	1.312626	
501000	-113081	1,2,2,2,2,2	71.354689	5.937678	4.949635	4.949635	4.949635	4.949635	4.949635	1,1,2,3,4,5	71.354689	0.539621	0.157645	0.249189	0.053545	0.539621	0.157645	0.249189	0.053545	0.200630	0.354669	0.204034	0.240667	0.083454	0.295478	0.201478	0.419589	0.212350	0.268271	0.067339	0.452040	0.419956	0.012577	0.492239	0.075228	1,1,2,2,3,4	71.354689	0.002717	0.403757	0.146182	0.070360	0.127872	0.249112	0.002717	0.403757	0.146182	0.070360	0.127872	0.249112	0.549438	0.007160	0.188057	0.001624	0.209664	0.044057	0.549438	0.007160	0.188057	0.001624	0.209664	0.044057	0.043854	0.479771	0.063763	0.278923	0.029452	0.104236	0.153125	0.003128	0.049599	0.106915	0.581735	0.105497	1,2,3,4,2,5	71.354689	1.299117	0.485172	1.060246	0.623387	0.485172	1.624156	
502000	-113578	1,2,3,1,2,4	71.354689	5.146406	5.390108	5.145729	5.146406	5.390108	5.324353	1,2,3,4,2,5	71.354689	0.469357	0.184068	0.234719	0.111856	0.521052	0.138940	0.202314	0.137694	0.179803	0.522304	0.175469	0.122423	0.062262	0.172041	0.181434	0.584263	0.521052	0.138940	0.202314	0.137694	0.423213	0.142832	0.275276	0.158679	1,1,2,2,3,4	71.354689	0.052929	0.708777	0.101723	0.058342	0.015485	0.062743	0.052929	0.708777	0.101723	0.058342	0.015485	0.062743	0.369639	0.128245	0.087180	0.104492	0.272173	0.038269	0.369639	0.128245	0.087180	0.104492	0.272173	0.038269	0.215749	0.182888	0.172622	0.209368	0.112460	0.106913	0.090222	0.066685	0.138734	0.098407	0.400421	0.205530	1,2,1,3,3,4	71.354689	1.205274	0.431701	1.205274	0.542366	0.542366	2.411899	
503000	-112587	1,2,3,3,4,5	71.354689	5.354364	5.269009	4.295541	4.295541	6.688148	6.148183	1,1,2,3,4,5	71.354689	0.529586	0.125796	0.223704	0.120913	0.529586	0.125796	0.223704	0.120913	0.312544	0.387535	0.160540	0.139382	0.124081	0.312559	0.014187	0.549173	0.528223	0.159767	0.093828	0.218182	0.459902	0.057671	0.318016	0.164411	1,1,2,2,3,4	71.354689	0.070502	0.566911	0.110065	0.134160	0.026893	0.091470	0.070502	0.566911	0.110065	0.134160	0.026893	0.091470	0.377731	0.028828	0.139411	0.094504	0.332561	0.026965	0.377731	0.028828	0.139411	0.094504	0.332561	0.026965	0.050821	0.138486	0.172386	0.099315	0.040669	0.498324	0.143211	0.002642	0.122840	0.342277	0.025679	0.363351	1,2,3,2,4,5	71.354689	1.313840	0.396047	0.991606	0.396047	0.574149	1.444870	
504000	-113917	1,2,2,1,3,4	71.354689	4.502106	4.668928	4.668928	4.502106	5.582243	5.641676	1,1,2,3,4,4	71.354689	0.496707	0.143370	0.312246	0.047678	0.496707	0.143370	0.312246	0.047678	0.187888	0.633374	0.066218	0.112520	0.023656	0.156345	0.285167	0.534832	0.168898	0.223503	0.345718	0.261880	0.168898	0.223503	0.345718	0.261880	1,1,2,2,1,3	71.354689	0.018529	0.359532	0.217886	0.055902	0.146370	0.201782	0.018529	0.359532	0.217886	0.055902	0.146370	0.201782	0.338621	0.060682	0.166930	0.074956	0.312037	0.046774	0.338621	0.060682	0.166930	0.074956	0.312037	0.046774	0.018529	0.359532	0.217886	0.055902	0.146370	0.201782	0.313969	0.141662	0.069423	0.026728	0.146905	0.301313	1,2,3,4,4,5	71.354689	0.980486	0.389900	1.036929	0.682110	0.682110	1.352226	
505000	-112263	1,2,3,4,5,6	71.354689	5.599757	6.070267	5.021881	4.905598	5.685718	5.535350	1,1,2,3,4,5	71.354689	0.506729	0.210570	0.255768	0.026933	0.506729	0.210570	0.255768	0.026933	0.408634	0.237779	0.078571	0.275016	0.121086	0.385864	0.009534	0.483516	0.475981	0.055667	0.113965	0.354386	0.084476	0.174142	0.411532	0.329850	1,1,2,3,4,5	71.354689	0.004912	0.390986	0.222692	0.036488	0.049166	0.295756	0.004912	0.390986	0.222692	0.036488	0.049166	0.295756	0.392392	0.124533	0.054030	0.080745	0.270864	0.077436	0.080677	0.045486	0.228745	0.043034	0.528897	0.073161	0.198260	0.260415	0.025731	0.319893	0.044708	0.150995	0.433614	0.056764	0.157654	0.025815	0.107964	0.218189	1,2,3,2,4,1	71.354689	1.170287	0.527160	1.050119	0.527160	0.530196	1.170287	
506000	-114527	1,2,1,1,3,4	71.354689	4.867524	4.933553	4.867524	4.867524	5.816923	5.909622	1,2,3,4,3,1	71.354689	0.334518	0.116958	0.399422	0.149102	0.545220	0.145067	0.215685	0.094028	0.363727	0.137125	0.127320	0.371829	0.165490	0.477565	0.065394	0.291551	0.363727	0.137125	0.127320	0.371829	0.334518	0.116958	0.399422	0.149102	1,1,2,2,3,4	71.354689	0.014104	0.803778	0.056908	0.063195	0.016550	0.045466	0.014104	0.803778	0.056908	0.063195	0.016550	0.045466	0.418141	0.086976	0.051305	0.094879	0.270717	0.077982	0.418141	0.086976	0.051305	0.094879	0.270717	0.077982	0.249791	0.227736	0.049862	0.147325	0.152773	0.172513	0.091595	0.039267	0.241901	0.237052	0.001591	0.388594	1,2,1,3,2,4	71.354689	1.080868	0.413631	1.080868	0.545550	0.413631	1.231947	
507000	-112759	1,2,3,4,5,6	71.354689	6.132078	5.906128	5.607249	4.928989	6.082848	5.734302	1,1,2,3,4,1	71.354689	0.438596	0.109639	0.306267	0.145498	0.438596	0.109639	0.306267	0.145498	0.221652	0.643215	0.013327	0.121805	0.173464	0.212947	0.024080	0.589509	0.502459	0.143862	0.171623	0.182056	0.438596	0.109639	0.306267	0.145498	1,1,2,3,4,5	71.354689	0.100092	0.478364	0.148920	0.054113	0.113916	0.104596	0.100092	0.478364	0.148920	0.054113	0.113916	0.104596	0.247010	0.082148	0.065153	0.261533	0.124318	0.219837	0.160728	0.036999	0.035385	0.238823	0.343885	0.184180	0.027063	0.220017	0.070784	0.264687	0.048576	0.368873	0.380241	0.032119	0.019633	0.157027	0.080686	0.330295	1,2,1,3,2,4	71.354689	0.975963	0.482751	0.975963	0.526795	0.482751	2.260019	
508000	-112789	1,2,3,4,4,2	71.354689	6.140268	6.664490	5.471223	4.785867	4.785867	6.664490	1,1,2,3,4,5	71.354689	0.573732	0.099567	0.303038	0.023663	0.573732	0.099567	0.303038	0.023663	0.227674	0.403427	0.005159	0.363740	0.167049	0.153419	0.042714	0.636817	0.252627	0.354430	0.195087	0.197856	0.280184	0.173131	0.300246	0.246439	1,1,2,3,4,5	71.354689	0.021061	0.360167	0.223848	0.058525	0.115539	0.220859	0.021061	0.360167	0.223848	0.058525	0.115539	0.220859	0.284971	0.184971	0.020101	0.230758	0.088188	0.191011	0.101644	0.093849	0.194455	0.000540	0.381922	0.227589	0.039279	0.390658	0.236204	0.062309	0.131596	0.139953	0.381736	0.009592	0.288061	0.090840	0.041102	0.188669	1,2,3,4,5,6	71.354689	1.324974	0.409764	1.007508	0.637619	0.489309	1.311015	
509000	-113509	1,2,3,4,5,6	71.354689	6.298713	5.575261	5.179256	5.169161	6.165522	5.599441	1,2,3,4,3,5	71.354689	0.385576	0.022125	0.457158	0.135141	0.502724	0.080681	0.239670	0.176924	0.359040	0.343059	0.103085	0.194815	0.067202	0.463310	0.037504	0.431983	0.359040	0.343059	0.103085	0.194815	0.227282	0.063113	0.496251	0.213354	1,2,3,1,4,3	71.354689	0.012946	0.252421	0.055284	0.088692	0.469049	0.121608	0.011719	0.464064	0.014091	0.120200	0.266833	0.123092	0.351947	0.012428	0.119224	0.098599	0.204050	0.213752	0.012946	0.252421	0.055284	0.088692	0.469049	0.121608	0.167128	0.509053	0.065527	0.170118	0.025571	0.062602	0.351947	0.012428	0.119224	0.098599	0.204050	0.213752	1,2,3,4,5,6	71.354689	0.883672	0.426382	0.990067	0.438141	0.452790	1.856547	
510000	-112375	1,2,3,3,4,5	71.354689	6.321766	5.722861	5.106800	5.106800	6.065696	5.805816	1,1,2,3,2,4	71.354689	0.518952	0.133674	0.339566	0.007809	0.518952	0.133674	0.339566	0.007809	0.380537	0.222527	0.120157	0.276779	0.112982	0.393995	0.194858	0.298165	0.380537	0.222527	0.120157	0.276779	0.247185	0.087303	0.515032	0.150480	1,1,2,3,4,2	71.354689	0.014365	0.240059	0.362536	0.026730	0.106871	0.249439	0.014365	0.240059	0.362536	0.026730	0.106871	0.249439	0.370618	0.004670	0.080152	0.130445	0.192883	0.221231	0.011639	0.214580	0.143266	0.016488	0.453143	0.160885	0.157098	0.434978	0.170482	0.105584	0.032498	0.099360	0.370618	0.004670	0.080152	0.130445	0.192883	0.221231	1,2,3,4,5,6	71.354689	1.253601	0.387765	1.161624	0.647415	0.503692	1.732381	
511000	-112352	1,2,3,4,5,6	71.354689	4.919567	4.646466	5.189133	5.151558	5.241655	5.471558	1,1,2,3,4,5	71.354689	0.341015	0.362788	0.265517	0.030680	0.341015	0.362788	0.265517	0.030680	0.337593	0.369695	0.035709	0.257002	0.025291	0.305508	0.060221	0.608979	0.260603	0.292169	0.158354	0.288873	0.088252	0.170212	0.504407	0.237129	1,1,2,3,2,4	71.354689	0.007485	0.450213	0.222429	0.049611	0.068218	0.202045	0.007485	0.450213	0.222429	0.049611	0.068218	0.202045	0.221434	0.320360	0.083278	0.167149	0.088297	0.119483	0.208185	0.269254	0.271825	0.082786	0.112556	0.055393	0.221434	0.320360	0.083278	0.167149	0.088297	0.119483	0.413235	0.085337	0.077599	0.102444	0.104180	0.217205	1,2,3,4,2,5	71.354689	1.066723	0.413404	0.928066	0.525714	0.413404	1.216444	
512000	-113262	1,2,3,4,4,5	71.354689	5.723362	5.974140	5.285274	4.989854	4.989854	6.183071	1,2,3,4,5,6	71.354689	0.578358	0.089878	0.232102	0.099662	0.573877	0.116561	0.250441	0.059121	0.572696	0.247429	0.023255	0.156620	0.020203	0.134478	0.113960	0.731359	0.562538	0.055490	0.057143	0.324828	0.176155	0.098894	0.466856	0.258095	1,1,2,3,4,5	71.354689	0.040376	0.577024	0.065526	0.121631	0.059918	0.135524	0.040376	0.577024	0.065526	0.121631	0.059918	0.135524	0.394674	0.062225	0.006450	0.057408	0.354665	0.124578	0.107538	0.095111	0.034016	0.117502	0.609188	0.036644	0.285330	0.312242	0.136004	0.065062	0.032043	0.169319	0.291445	0.014019	0.146239	0.046181	0.089947	0.412168	1,2,1,3,2,4	71.354689	1.178079	0.360562	1.178079	0.655890	0.360562	1.811958	
513000	-112858	1,2,3,4,4,5	71.354689	5.271458	5.830292	5.500107	4.323609	4.323609	6.362365	1,1,2,3,3,4	71.354689	0.517432	0.201412	0.232061	0.049095	0.517432	0.201412	0.232061	0.049095	0.212957	0.445598	0.027424	0.314021	0.154479	0.160755	0.073026	0.611740	0.154479	0.160755	0.073026	0.611740	0.146749	0.104816	0.501091	0.247344	1,1,2,3,4,2	71.354689	0.012416	0.462632	0.111769	0.071975	0.218747	0.122461	0.012416	0.462632	0.111769	0.071975	0.218747	0.122461	0.151477	0.059738	0.142133	0.108446	0.171417	0.366788	0.022906	0.126092	0.151147	0.233739	0.367532	0.098582	0.103316	0.397223	0.047398	0.275385	0.097464	0.079214	0.151477	0.059738	0.142133	0.108446	0.171417	0.366788	1,2,3,4,4,5	71.354689	1.223193	0.535575	1.168197	0.630262	0.630262	1.464724	
514000	-111263	1,2,3,4,5,2	71.354689	5.067710	6.005244	5.348148	5.138952	6.151192	6.005244	1,1,2,3,4,5	71.354689	0.584868	0.231810	0.169130	0.014191	0.584868	0.231810	0.169130	0.014191	0.341219	0.553734	0.055895	0.049153	0.080730	0.155505	0.045746	0.718018	0.344550	0.130998	0.115759	0.408692	0.185341	0.038080	0.585805	0.190774	1,1,2,3,4,2	71.354689	0.002745	0.296107	0.205922	0.024768	0.122661	0.347797	0.002745	0.296107	0.205922	0.024768	0.122661	0.347797	0.279358	0.008794	0.088211	0.094181	0.269487	0.259969	0.053569	0.113199	0.148868	0.174773	0.480927	0.028664	0.223377	0.512334	0.059743	0.044258	0.059821	0.100466	0.279358	0.008794	0.088211	0.094181	0.269487	0.259969	1,2,1,3,4,5	71.354689	1.151714	0.316638	1.151714	0.465414	0.474974	1.488232	
515000	-111964	1,2,3,3,4,5	71.354689	5.733136	6.055842	5.057098	5.057098	5.622752	6.620958	1,2,3,4,3,1	71.354689	0.405955	0.078447	0.414532	0.101067	0.537050	0.169914	0.185253	0.107783	0.339198	0.267118	0.158557	0.235127	0.033733	0.343926	0.102112	0.520229	0.339198	0.267118	0.158557	0.235127	0.405955	0.078447	0.414532	0.101067	1,1,2,3,4,2	71.354689	0.016571	0.466620	0.161058	0.088517	0.186018	0.081217	0.016571	0.466620	0.161058	0.088517	0.186018	0.081217	0.523192	0.002723	0.046563	0.091750	0.215104	0.120668	0.070439	0.320805	0.189933	0.056271	0.330122	0.032431	0.055166	0.261803	0.207850	0.225466	0.076249	0.173465	0.523192	0.002723	0.046563	0.091750	0.215104	0.120668	1,2,1,3,2,4	71.354689	1.041541	0.437408	1.041541	0.627850	0.437408	1.539199	
516000	-111876	1,2,3,4,4,5	71.354689	5.183239	5.212586	5.632450	4.760882	4.760882	5.636142	1,2,3,4,4,5	71.354689	0.447182	0.191205	0.265891	0.095722	0.557889	0.207638	0.174955	0.059518	0.325266	0.399842	0.053730	0.221162	0.238322	0.330976	0.076433	0.354269	0.238322	0.330976	0.076433	0.354269	0.314406	0.073094	0.318230	0.294271	1,2,3,4,1,3	71.354689	0.037695	0.608723	0.104664	0.048675	0.061683	0.138560	0.033983	0.577842	0.124122	0.049102	0.093917	0.121035	0.373895	0.024048	0.092826	0.077793	0.121515	0.309922	0.185281	0.052510	0.051356	0.050315	0.371998	0.288541	0.037695	0.608723	0.104664	0.048675	0.061683	0.138560	0.373895	0.024048	0.092826	0.077793	0.121515	0.309922	1,2,3,4,5,6	71.354689	1.132901	0.438231	1.107679	0.650118	0.464375	2.335221	
517000	-115927	1,2,2,2,2,3	71.354689	6.496391	3.892925	3.892925	3.892925	3.892925	5.296254	1,1,2,3,3,4	71.354689	0.499454	0.058265	0.436872	0.005409	0.499454	0.058265	0.436872	0.005409	0.129447	0.353822	0.197738	0.318994	0.177532	0.253910	0.204607	0.363951	0.177532	0.253910	0.204607	0.363951	0.317870	0.016023	0.420713	0.245394	1,1,2,3,4,5	71.354689	0.084554	0.167542	0.503041	0.034259	0.159719	0.050886	0.084554	0.167542	0.503041	0.034259	0.159719	0.050886	0.391164	0.279357	0.193195	0.047617	0.055505	0.033161	0.165504	0.001831	0.057884	0.003614	0.577958	0.193209	0.327768	0.147519	0.250455	0.131995	0.046792	0.095471	0.415099	0.015463	0.145555	0.158913	0.040166	0.224805	1,2,3,4,4,5	71.354689	0.859833	0.299707	1.001129	0.490165	0.490165	1.280780	
518000	-113813	1,2,3,1,4,5	71.354689	5.076953	6.183918	6.337516	5.076953	6.004929	6.019255	1,1,2,2,3,3	71.354689	0.612499	0.186852	0.173513	0.027137	0.612499	0.186852	0.173513	0.027137	0.294803	0.366590	0.046609	0.291998	0.294803	0.366590	0.046609	0.291998	0.320516	0.132082	0.317098	0.230304	0.320516	0.132082	0.317098	0.230304	1,1,2,3,4,3	71.354689	0.001317	0.419619	0.355318	0.054515	0.156670	0.012560	0.001317	0.419619	0.355318	0.054515	0.156670	0.012560	0.092560	0.068368	0.032820	0.065410	0.097851	0.642990	0.167075	0.028105	0.053162	0.126916	0.386018	0.238724	0.070864	0.109662	0.139208	0.424336	0.039807	0.216124	0.167075	0.028105	0.053162	0.126916	0.386018	0.238724	1,2,1,3,2,4	71.354689	1.053685	0.479087	1.053685	0.708797	0.479087	1.583868	
519000	-114191	1,2,2,3,4,5	71.354689	5.459829	5.093590	5.093590	5.206889	6.629453	5.422336	1,1,2,3,4,4	71.354689	0.476188	0.146253	0.283674	0.093885	0.476188	0.146253	0.283674	0.093885	0.205057	0.503209	0.142934	0.148800	0.165677	0.127668	0.233547	0.473108	0.397298	0.069941	0.235595	0.297165	0.397298	0.069941	0.235595	0.297165	1,1,2,3,4,2	71.354689	0.044992	0.581678	0.109847	0.128190	0.035011	0.100282	0.044992	0.581678	0.109847	0.128190	0.035011	0.100282	0.253260	0.035621	0.060365	0.091634	0.203922	0.355198	0.025288	0.304584	0.260616	0.010403	0.282840	0.116269	0.077943	0.112643	0.025312	0.242107	0.313717	0.228277	0.253260	0.035621	0.060365	0.091634	0.203922	0.355198	1,2,3,4,4,5	71.354689	1.079898	0.462132	0.940508	0.512075	0.512075	1.494007	
520000	-113674	1,2,3,4,5,6	71.354689	5.790495	6.549829	5.300099	5.073198	5.913796	6.211437	1,2,3,4,5,6	71.354689	0.653223	0.062943	0.221899	0.061934	0.682211	0.125228	0.179298	0.013264	0.444596	0.238486	0.177379	0.139539	0.051692	0.063365	0.117338	0.767604	0.426214	0.144512	0.231049	0.198225	0.232361	0.120514	0.377124	0.270001	1,1,2,2,3,2	71.354689	0.030085	0.517881	0.100884	0.101858	0.066760	0.182531	0.030085	0.517881	0.100884	0.101858	0.066760	0.182531	0.309621	0.058409	0.145356	0.085321	0.312221	0.089072	0.309621	0.058409	0.145356	0.085321	0.312221	0.089072	0.077000	0.334298	0.175185	0.160547	0.080043	0.172926	0.309621	0.058409	0.145356	0.085321	0.312221	0.089072	1,2,1,3,4,1	71.354689	1.240509	0.417138	1.240509	0.638296	0.503888	1.240509	
521000	-114516	1,2,3,4,5,6	71.354689	5.951800	5.268884	5.097902	4.742048	6.378588	6.131066	1,2,3,3,4,5	71.354689	0.496496	0.106123	0.346659	0.050722	0.547322	0.128845	0.242152	0.081681	0.290652	0.289969	0.084807	0.334573	0.290652	0.289969	0.084807	0.334573	0.406322	0.107677	0.164080	0.321920	0.096068	0.064368	0.285000	0.554564	1,1,2,3,4,5	71.354689	0.045107	0.401852	0.222554	0.055694	0.102011	0.172782	0.045107	0.401852	0.222554	0.055694	0.102011	0.172782	0.337007	0.311955	0.076895	0.065022	0.205947	0.003175	0.169698	0.014762	0.027411	0.281584	0.500590	0.005954	0.246300	0.254253	0.032043	0.156146	0.207825	0.103433	0.148919	0.051136	0.050076	0.099706	0.293740	0.356423	1,2,1,3,2,4	71.354689	1.051627	0.468187	1.051627	0.575166	0.468187	1.288333	
522000	-113059	1,1,1,2,1,3	71.354689	4.727672	4.727672	4.727672	5.052538	4.727672	5.524586	1,2,3,4,5,5	71.354689	0.357958	0.162025	0.290648	0.189369	0.527577	0.305787	0.087848	0.078788	0.104245	0.463538	0.039043	0.393174	0.061563	0.158843	0.024844	0.754750	0.305335	0.105759	0.335899	0.253008	0.305335	0.105759	0.335899	0.253008	1,1,2,3,3,4	71.354689	0.001434	0.572107	0.167112	0.095185	0.087295	0.076867	0.001434	0.572107	0.167112	0.095185	0.087295	0.076867	0.452889	0.064252	0.238476	0.033923	0.072350	0.138111	0.190665	0.296292	0.213911	0.045829	0.228809	0.024492	0.190665	0.296292	0.213911	0.045829	0.228809	0.024492	0.140131	0.011104	0.051863	0.240218	0.101957	0.454727	1,2,3,2,4,5	71.354689	1.025942	0.511231	1.021145	0.511231	0.491347	1.601732	
523000	-113177	1,2,2,2,3,4	71.354689	4.821853	4.426269	4.426269	4.426269	5.604455	6.184193	1,2,2,3,1,4	71.354689	0.448344	0.186271	0.229878	0.135507	0.474959	0.275281	0.162823	0.086937	0.474959	0.275281	0.162823	0.086937	0.230293	0.322596	0.068322	0.378790	0.448344	0.186271	0.229878	0.135507	0.228631	0.150377	0.399265	0.221727	1,1,2,2,3,2	71.354689	0.017838	0.592429	0.154459	0.089165	0.052644	0.093464	0.017838	0.592429	0.154459	0.089165	0.052644	0.093464	0.266435	0.019448	0.057111	0.082921	0.350996	0.223088	0.266435	0.019448	0.057111	0.082921	0.350996	0.223088	0.036855	0.040461	0.184892	0.220146	0.117748	0.399898	0.266435	0.019448	0.057111	0.082921	0.350996	0.223088	1,2,3,4,5,6	71.354689	1.024297	0.437236	0.997890	0.599765	0.480179	2.008668	
524000	-111869	1,2,3,2,4,5	71.354689	5.712177	5.372631	5.428059	5.372631	5.496016	5.058001	1,1,2,3,4,5	71.354689	0.547936	0.125018	0.277118	0.049928	0.547936	0.125018	0.277118	0.049928	0.277767	0.394224	0.104782	0.223228	0.113232	0.299508	0.048415	0.538845	0.364725	0.336712	0.109830	0.188733	0.404962	0.106170	0.304475	0.184392	1,1,2,3,4,5	71.354689	0.035362	0.490497	0.232851	0.094291	0.064931	0.082067	0.035362	0.490497	0.232851	0.094291	0.064931	0.082067	0.490407	0.045884	0.116731	0.082650	0.163483	0.100844	0.104681	0.054553	0.101970	0.214162	0.506901	0.017733	0.040122	0.481836	0.171242	0.151144	0.035675	0.119980	0.420449	0.014961	0.123050	0.144883	0.129338	0.167319	1,2,1,3,3,1	71.354689	1.129589	0.393692	1.129589	0.658474	0.658474	1.129589	
525000	-112454	1,2,3,3,4,5	71.354689	5.253886	6.507127	4.934310	4.934310	5.650529	6.071491	1,1,2,2,3,4	71.354689	0.501328	0.219344	0.263822	0.015506	0.501328	0.219344	0.263822	0.015506	0.143594	0.404205	0.019845	0.432356	0.143594	0.404205	0.019845	0.432356	0.421380	0.217536	0.089429	0.271654	0.197594	0.222908	0.383443	0.196054	1,1,2,3,4,2	71.354689	0.004983	0.274428	0.313271	0.022076	0.132534	0.252708	0.004983	0.274428	0.313271	0.022076	0.132534	0.252708	0.245076	0.008130	0.067970	0.067068	0.137364	0.474392	0.088773	0.050296	0.142410	0.303955	0.334788	0.079778	0.191144	0.287639	0.176489	0.052670	0.049676	0.242383	0.245076	0.008130	0.067970	0.067068	0.137364	0.474392	1,2,3,4,2,5	71.354689	1.101771	0.482724	1.009771	0.773508	0.482724	1.313948	
526000	-114049	1,2,3,2,4,5	71.354689	5.528352	4.537591	5.652292	4.537591	6.103689	5.430652	1,2,3,4,2,5	71.354689	0.285005	0.095415	0.590988	0.028592	0.324612	0.273861	0.310794	0.090733	0.372660	0.458520	0.034635	0.134186	0.028029	0.351910	0.182149	0.437913	0.324612	0.273861	0.310794	0.090733	0.157251	0.106322	0.431844	0.304584	1,1,2,3,4,2	71.354689	0.006280	0.300423	0.176456	0.021652	0.479803	0.015385	0.006280	0.300423	0.176456	0.021652	0.479803	0.015385	0.385269	0.023242	0.072987	0.106455	0.219160	0.192886	0.144888	0.186502	0.042667	0.243181	0.346242	0.036520	0.078082	0.136306	0.183142	0.321382	0.039984	0.241104	0.385269	0.023242	0.072987	0.106455	0.219160	0.192886	1,2,3,4,5,1	71.354689	1.295126	0.485574	1.256503	0.494473	0.504265	1.295126	
527000	-112873	1,2,3,2,4,5	71.354689	6.114808	5.360989	6.023733	5.360989	5.186488	6.354562	1,2,3,4,3,5	71.354689	0.418955	0.123224	0.339006	0.118815	0.387254	0.203804	0.343620	0.065322	0.293909	0.376921	0.104783	0.224387	0.079643	0.453135	0.091713	0.375510	0.293909	0.376921	0.104783	0.224387	0.299092	0.088955	0.450642	0.161311	1,1,2,3,4,2	71.354689	0.038007	0.588801	0.042981	0.064204	0.172748	0.093258	0.038007	0.588801	0.042981	0.064204	0.172748	0.093258	0.373155	0.044765	0.038264	0.089132	0.239176	0.215508	0.277920	0.199131	0.153783	0.093128	0.186957	0.089081	0.165830	0.342838	0.098858	0.070476	0.002941	0.319057	0.373155	0.044765	0.038264	0.089132	0.239176	0.215508	1,2,1,3,4,5	71.354689	1.022397	0.392901	1.022397	0.567157	0.401064	1.001007	
528000	-113005	1,2,3,3,4,5	71.354689	5.723040	5.772171	5.154891	5.154891	5.866743	5.678052	1,1,2,2,3,3	71.354689	0.530021	0.121814	0.325847	0.022318	0.530021	0.121814	0.325847	0.022318	0.429388	0.243992	0.006392	0.320227	0.429388	0.243992	0.006392	0.320227	0.430820	0.080146	0.290291	0.198742	0.430820	0.080146	0.290291	0.198742	1,1,2,3,4,2	71.354689	0.009802	0.270996	0.282138	0.061427	0.194472	0.181165	0.009802	0.270996	0.282138	0.061427	0.194472	0.181165	0.182858	0.013452	0.048715	0.099711	0.227307	0.427957	0.024918	0.096694	0.039996	0.258524	0.284633	0.295236	0.052621	0.244112	0.111924	0.174826	0.263054	0.153463	0.182858	0.013452	0.048715	0.099711	0.227307	0.427957	1,2,3,2,2,4	71.354689	1.005920	0.478168	1.073620	0.478168	0.478168	1.159932	
529000	-113811	1,2,3,4,5,6	71.354689	6.073640	6.137348	5.256384	4.994789	6.755167	6.636646	1,1,2,3,4,5	71.354689	0.642654	0.063754	0.271989	0.021604	0.642654	0.063754	0.271989	0.021604	0.422792	0.345339	0.141871	0.089998	0.300629	0.094388	0.126176	0.478807	0.413348	0.285903	0.118057	0.182692	0.499572	0.117357	0.111295	0.271776	1,1,2,3,1,2	71.354689	0.057594	0.399631	0.150680	0.182347	0.059100	0.150649	0.057594	0.399631	0.150680	0.182347	0.059100	0.150649	0.245971	0.010581	0.069738	0.063606	0.193970	0.416135	0.020144	0.160113	0.069011	0.196513	0.548599	0.005621	0.057594	0.399631	0.150680	0.182347	0.059100	0.150649	0.245971	0.010581	0.069738	0.063606	0.193970	0.416135	1,2,1,3,4,1	71.354689	1.081821	0.460533	1.081821	0.844037	0.470515	1.081821	
530000	-113726	1,2,3,4,3,5	71.354689	5.909245	5.693783	5.245586	5.296381	5.245586	5.373820	1,2,3,3,4,5	71.354689	0.434300	0.056451	0.313834	0.195414	0.595994	0.227660	0.172669	0.003676	0.155757	0.319476	0.061956	0.462812	0.155757	0.319476	0.061956	0.462812	0.262292	0.423785	0.085106	0.228817	0.142699	0.169733	0.317787	0.369781	1,1,2,3,1,4	71.354689	0.029767	0.583336	0.048931	0.090361	0.076824	0.170782	0.029767	0.583336	0.048931	0.090361	0.076824	0.170782	0.413406	0.014575	0.001343	0.293714	0.151157	0.125806	0.127624	0.312937	0.105636	0.231934	0.164354	0.057515	0.029767	0.583336	0.048931	0.090361	0.076824	0.170782	0.328953	0.070499	0.069099	0.169888	0.118122	0.243438	1,2,3,4,2,5	71.354689	1.176702	0.394423	0.912341	0.590995	0.394423	1.361483	
531000	-112867	1,2,3,4,2,5	71.354689	5.417384	5.578123	5.467467	4.438218	5.578123	5.421328	1,1,2,3,4,4	71.354689	0.462242	0.177056	0.273485	0.087217	0.462242	0.177056	0.273485	0.087217	0.369401	0.463964	0.057040	0.109595	0.045941	0.528276	0.078303	0.347480	0.224059	0.297554	0.223624	0.254763	0.224059	0.297554	0.223624	0.254763	1,1,2,3,4,2	71.354689	0.014308	0.641531	0.132411	0.069560	0.064243	0.077947	0.014308	0.641531	0.132411	0.069560	0.064243	0.077947	0.179365	0.015211	0.112461	0.094319	0.159153	0.439492	0.113428	0.385872	0.151175	0.125307	0.184441	0.039777	0.112438	0.265487	0.128142	0.270954	0.074511	0.148469	0.179365	0.015211	0.112461	0.094319	0.159153	0.439492	1,2,1,3,4,5	71.354689	0.974687	0.394400	0.974687	0.705095	0.477566	1.792533	
532000	-113817	1,2,2,3,4,5	71.354689	5.393789	5.146798	5.146798	5.074889	5.820100	5.269280	1,2,3,3,3,4	71.354689	0.378240	0.123885	0.356726	0.141148	0.485943	0.068256	0.302083	0.143718	0.285908	0.294953	0.125992	0.293148	0.285908	0.294953	0.125992	0.293148	0.285908	0.294953	0.125992	0.293148	0.210080	0.070700	0.552060	0.167161	1,1,2,3,1,2	71.354689	0.034831	0.493757	0.089130	0.131833	0.123185	0.127263	0.034831	0.493757	0.089130	0.131833	0.123185	0.127263	0.300938	0.076569	0.132143	0.157146	0.163108	0.170096	0.284056	0.095351	0.006625	0.012433	0.457431	0.144105	0.034831	0.493757	0.089130	0.131833	0.123185	0.127263	0.300938	0.076569	0.132143	0.157146	0.163108	0.170096	1,2,3,4,2,5	71.354689	1.103805	0.486127	1.187401	0.661952	0.486127	2.525017	
533000	-111534	1,2,3,4,3,5	71.354689	5.684466	6.010803	5.411180	5.780788	5.411180	5.364037	1,1,2,3,4,5	71.354689	0.495697	0.138458	0.272781	0.093064	0.495697	0.138458	0.272781	0.093064	0.189056	0.384719	0.020093	0.406133	0.022496	0.251002	0.033431	0.693071	0.409857	0.265972	0.095903	0.228268	0.390627	0.044482	0.390458	0.174434	1,2,3,4,5,3	71.354689	0.084189	0.577739	0.117391	0.034514	0.066358	0.119809	0.021260	0.477547	0.068028	0.057388	0.269527	0.106250	0.290955	0.001062	0.080177	0.189784	0.133602	0.304420	0.189247	0.080242	0.158529	0.073302	0.281151	0.217529	0.130390	0.240930	0.116308	0.129414	0.181568	0.201390	0.290955	0.001062	0.080177	0.189784	0.133602	0.304420	1,2,1,3,3,4	71.354689	1.076467	0.364021	1.076467	0.510742	0.510742	2.031416	
534000	-112382	1,2,3,4,5,6	71.354689	5.425700	4.795655	5.302355	4.877024	5.833845	6.463140	1,2,3,4,5,6	71.354689	0.333774	0.087531	0.523281	0.055414	0.370854	0.227438	0.376159	0.025549	0.346138	0.318714	0.173995	0.161154	0.115354	0.222486	0.144184	0.517976	0.473263	0.132545	0.180220	0.213972	0.311199	0.178348	0.325532	0.184921	1,2,3,4,5,3	71.354689	0.027430	0.409607	0.232860	0.190749	0.070019	0.069334	0.035214	0.324023	0.036064	0.029350	0.271904	0.303446	0.249021	0.013160	0.111342	0.016900	0.332889	0.276688	0.132657	0.234423	0.059017	0.089398	0.437841	0.046664	0.094155	0.173688	0.063587	0.264292	0.269721	0.134558	0.249021	0.013160	0.111342	0.016900	0.332889	0.276688	1,2,3,4,4,5	71.354689	0.906070	0.451646	0.960448	0.452393	0.452393	2.031995	
535000	-114586	1,2,3,4,5,6	71.354689	6.063740	5.409313	5.620398	5.227368	5.982376	6.527587	1,1,2,3,4,4	71.354689	0.454771	0.126547	0.386593	0.032089	0.454771	0.126547	0.386593	0.032089	0.252988	0.371307	0.233787	0.141919	0.251956	0.268789	0.074838	0.404417	0.602117	0.096195	0.198939	0.102749	0.602117	0.096195	0.198939	0.102749	1,1,2,3,4,2	71.354689	0.018115	0.382431	0.296803	0.048731	0.058020	0.195899	0.018115	0.382431	0.296803	0.048731	0.058020	0.195899	0.312428	0.027968	0.036082	0.048095	0.448349	0.127077	0.138876	0.015171	0.049074	0.065984	0.678565	0.052330	0.056386	0.186161	0.084504	0.252649	0.147125	0.273175	0.312428	0.027968	0.036082	0.048095	0.448349	0.127077	1,2,3,4,2,5	71.354689	0.994553	0.421019	0.934952	0.682862	0.421019	1.269725	
536000	-114004	1,2,3,2,2,4	71.354689	6.728305	5.039652	5.458630	5.039652	5.039652	5.961370	1,1,2,3,2,4	71.354689	0.466008	0.274711	0.174190	0.085091	0.466008	0.274711	0.174190	0.085091	0.211906	0.461194	0.061700	0.265199	0.033084	0.486111	0.162281	0.318524	0.211906	0.461194	0.061700	0.265199	0.094664	0.169434	0.526860	0.209041	1,1,2,3,1,4	71.354689	0.023696	0.646088	0.159791	0.054884	0.030557	0.084983	0.023696	0.646088	0.159791	0.054884	0.030557	0.084983	0.401129	0.128600	0.088445	0.109042	0.170319	0.102465	0.151088	0.352943	0.171397	0.015827	0.188768	0.119976	0.023696	0.646088	0.159791	0.054884	0.030557	0.084983	0.379181	0.139724	0.107292	0.025099	0.024462	0.324243	1,2,1,3,4,5	71.354689	1.079472	0.374515	1.079472	0.626668	0.517018	1.687121	
537000	-112984	1,2,3,4,5,6	71.354689	5.605273	5.975513	5.534963	4.280537	6.286801	5.128831	1,2,3,4,5,6	71.354689	0.427224	0.278194	0.261465	0.033117	0.560367	0.136066	0.242071	0.061496	0.447466	0.396078	0.085214	0.071242	0.163103	0.199945	0.199280	0.437673	0.600613	0.080426	0.155842	0.163119	0.627979	0.047662	0.177828	0.146531	1,1,2,3,4,2	71.354689	0.031968	0.439639	0.118558	0.043412	0.078682	0.287741	0.031968	0.439639	0.118558	0.043412	0.078682	0.287741	0.305200	0.003302	0.058249	0.100245	0.312336	0.220668	0.343912	0.302777	0.016094	0.021936	0.273377	0.041905	0.112000	0.060004	0.038485	0.500144	0.120185	0.169182	0.305200	0.003302	0.058249	0.100245	0.312336	0.220668	1,2,3,4,5,6	71.354689	1.035893	0.421020	1.056200	0.672851	0.480049	1.618459	
538000	-111928	1,2,3,4,5,6	71.354689	5.699906	5.318547	5.208067	5.262453	6.083020	5.552678	1,2,3,4,5,1	71.354689	0.408109	0.120114	0.261801	0.209977	0.596135	0.195835	0.143530	0.064500	0.161200	0.463841	0.066121	0.308838	0.054504	0.208803	0.158733	0.577960	0.337688	0.187094	0.117679	0.357538	0.408109	0.120114	0.261801	0.209977	1,2,3,4,5,3	71.354689	0.012471	0.730548	0.080069	0.056313	0.074722	0.045878	0.000098	0.435614	0.204222	0.043925	0.265301	0.050839	0.253034	0.038725	0.052694	0.087660	0.157932	0.409956	0.152874	0.038604	0.133214	0.087022	0.502173	0.086113	0.041092	0.248802	0.153607	0.064001	0.151177	0.341321	0.253034	0.038725	0.052694	0.087660	0.157932	0.409956	1,2,3,4,4,5	71.354689	1.083196	0.395092	1.108502	0.517777	0.517777	1.899498	
539000	-113832	1,2,3,4,5,6	71.354689	5.556680	6.109186	5.335166	5.102300	6.282544	5.880606	1,1,2,3,4,5	71.354689	0.498501	0.210130	0.258672	0.032697	0.498501	0.210130	0.258672	0.032697	0.475750	0.256800	0.052818	0.214632	0.038480	0.615536	0.033881	0.312103	0.291132	0.304943	0.149791	0.254134	0.083002	0.171297	0.442996	0.302705	1,1,2,3,4,2	71.354689	0.007702	0.433572	0.346984	0.034774	0.094429	0.082539	0.007702	0.433572	0.346984	0.034774	0.094429	0.082539	0.332238	0.099323	0.070396	0.100426	0.288050	0.109567	0.262737	0.288356	0.260634	0.000804	0.097770	0.089699	0.074872	0.108452	0.108546	0.144611	0.031065	0.532454	0.332238	0.099323	0.070396	0.100426	0.288050	0.109567	1,2,1,3,4,5	71.354689	1.196539	0.460774	1.196539	0.846520	0.365850	1.594472	
540000	-113849	1,2,3,4,5,6	71.354689	5.829024	5.809042	5.375620	5.267052	4.987240	5.265295	1,1,2,3,4,4	71.354689	0.511126	0.167868	0.301207	0.019799	0.511126	0.167868	0.301207	0.019799	0.667077	0.275003	0.008076	0.049845	0.145684	0.110039	0.197419	0.546857	0.468822	0.156235	0.201004	0.173940	0.468822	0.156235	0.201004	0.173940	1,1,2,3,4,5	71.354689	0.018316	0.375874	0.396696	0.014017	0.035013	0.160083	0.018316	0.375874	0.396696	0.014017	0.035013	0.160083	0.109643	0.060047	0.066593	0.142353	0.409095	0.212269	0.044622	0.026051	0.118997	0.165370	0.575527	0.069433	0.066511	0.109667	0.150735	0.053622	0.412489	0.206977	0.253697	0.034368	0.168496	0.035668	0.027416	0.480355	1,2,3,3,4,5	71.354689	1.100140	0.366009	0.814420	0.814420	0.402869	1.482401	
541000	-111551	1,2,3,4,5,3	71.354689	5.462464	6.292047	5.665363	5.271478	5.522564	5.665363	1,1,2,3,4,5	71.354689	0.509317	0.192015	0.273952	0.024716	0.509317	0.192015	0.273952	0.024716	0.162439	0.444780	0.089461	0.303320	0.104511	0.231177	0.068293	0.596019	0.406144	0.083148	0.248541	0.262166	0.351922	0.189949	0.296436	0.161693	1,1,2,3,4,2	71.354689	0.004527	0.346630	0.228218	0.041516	0.181198	0.197910	0.004527	0.346630	0.228218	0.041516	0.181198	0.197910	0.238609	0.013652	0.074854	0.055285	0.194464	0.423136	0.214111	0.110277	0.045084	0.026575	0.462631	0.141322	0.074984	0.159260	0.213224	0.142125	0.166450	0.243957	0.238609	0.013652	0.074854	0.055285	0.194464	0.423136	1,2,1,3,2,4	71.354689	1.137770	0.500105	1.137770	0.652894	0.500105	1.341884	
542000	-113260	1,2,3,4,3,2	71.354689	6.155284	5.887577	4.495614	4.791637	4.495614	5.887577	1,1,2,2,3,3	71.354689	0.545981	0.120099	0.319579	0.014341	0.545981	0.120099	0.319579	0.014341	0.153312	0.267947	0.061198	0.517543	0.153312	0.267947	0.061198	0.517543	0.213580	0.107252	0.350006	0.329163	0.213580	0.107252	0.350006	0.329163	1,1,2,3,4,5	71.354689	0.023295	0.303067	0.169449	0.057589	0.197741	0.248860	0.023295	0.303067	0.169449	0.057589	0.197741	0.248860	0.394237	0.337409	0.011797	0.138973	0.076285	0.041300	0.089919	0.355541	0.094628	0.037845	0.323132	0.098935	0.124717	0.174126	0.116576	0.099661	0.382399	0.102522	0.412787	0.094719	0.025380	0.025563	0.169480	0.272071	1,2,1,2,2,3	71.354689	1.022118	0.472618	1.022118	0.472618	0.472618	1.609288	
543000	-113775	1,2,3,4,5,6	71.354689	5.969954	6.131304	5.361438	5.302136	5.585775	6.129676	1,1,2,3,4,4	71.354689	0.525891	0.190368	0.271066	0.012675	0.525891	0.190368	0.271066	0.012675	0.392156	0.312854	0.004762	0.290228	0.056062	0.039714	0.013022	0.891203	0.426671	0.101504	0.301746	0.170079	0.426671	0.101504	0.301746	0.170079	1,1,2,2,3,2	71.354689	0.000057	0.208179	0.290187	0.026132	0.297804	0.177640	0.000057	0.208179	0.290187	0.026132	0.297804	0.177640	0.311619	0.013923	0.079891	0.009724	0.267762	0.317081	0.311619	0.013923	0.079891	0.009724	0.267762	0.317081	0.234838	0.129022	0.081375	0.325589	0.168936	0.060240	0.311619	0.013923	0.079891	0.009724	0.267762	0.317081	1,2,3,4,5,6	71.354689	1.024606	0.437215	0.877901	0.692154	0.591834	1.371795	
544000	-111890	1,2,3,4,5,4	71.354689	5.508060	6.007634	5.264644	4.544452	5.266413	4.544452	1,2,3,4,5,6	71.354689	0.494502	0.207407	0.266121	0.031970	0.492065	0.247910	0.207294	0.052731	0.412097	0.325609	0.131630	0.130664	0.395073	0.210541	0.020946	0.373440	0.320679	0.104207	0.261015	0.314100	0.149032	0.079424	0.529799	0.241745	1,1,2,3,4,2	71.354689	0.017018	0.453885	0.291263	0.030183	0.047290	0.160360	0.017018	0.453885	0.291263	0.030183	0.047290	0.160360	0.434587	0.012399	0.085938	0.076541	0.216389	0.174147	0.113006	0.186880	0.034089	0.150475	0.202579	0.312971	0.240943	0.212289	0.166472	0.147271	0.071499	0.161526	0.434587	0.012399	0.085938	0.076541	0.216389	0.174147	1,2,3,4,5,6	71.354689	1.161328	0.444038	1.071747	0.528362	0.513183	2.473248	
545000	-111826	1,2,3,4,5,6	71.354689	5.355981	5.745812	5.541193	5.061359	6.890390	5.935054	1,1,2,3,4,5	71.354689	0.466959	0.240397	0.261142	0.031503	0.466959	0.240397	0.261142	0.031503	0.418659	0.303533	0.025089	0.252719	0.215220	0.130789	0.029357	0.624633	0.433256	0.134902	0.129230	0.302613	0.132852	0.040094	0.472065	0.354989	1,1,2,3,4,2	71.354689	0.014109	0.436501	0.169528	0.040589	0.088502	0.250772	0.014109	0.436501	0.169528	0.040589	0.088502	0.250772	0.402636	0.012605	0.082206	0.136599	0.263422	0.102531	0.038435	0.027642	0.034980	0.596160	0.225441	0.077342	0.197005	0.083834	0.042241	0.189387	0.121654	0.365879	0.402636	0.012605	0.082206	0.136599	0.263422	0.102531	1,2,3,4,5,6	71.354689	1.070245	0.421413	1.011734	0.653007	0.604776	1.714694	
546000	-111951	1,2,3,4,4,5	71.354689	5.888762	6.430012	5.607355	4.229900	4.229900	5.967506	1,2,3,4,5,5	71.354689	0.443799	0.187064	0.340077	0.029061	0.601997	0.121905	0.252794	0.023304	0.305481	0.520467	0.019851	0.154201	0.020726	0.342863	0.230223	0.406188	0.299622	0.095787	0.410631	0.193959	0.299622	0.095787	0.410631	0.193959	1,1,2,1,3,2	71.354689	0.006093	0.248212	0.322262	0.034832	0.332515	0.056087	0.006093	0.248212	0.322262	0.034832	0.332515	0.056087	0.282905	0.030910	0.142884	0.123429	0.212051	0.207821	0.006093	0.248212	0.322262	0.034832	0.332515	0.056087	0.121976	0.175283	0.154539	0.232708	0.183718	0.131777	0.282905	0.030910	0.142884	0.123429	0.212051	0.207821	1,2,3,4,5,6	71.354689	1.333790	0.434430	1.063285	0.470066	0.459058	2.219503	
547000	-113167	1,1,2,1,3,4	71.354689	4.510105	4.510105	5.774880	4.510105	6.227384	5.271801	1,1,2,3,4,5	71.354689	0.367058	0.383900	0.216697	0.032345	0.367058	0.383900	0.216697	0.032345	0.273896	0.418498	0.043786	0.263820	0.157406	0.276325	0.291870	0.274400	0.193560	0.117695	0.296459	0.392286	0.229173	0.096766	0.545456	0.128605	1,1,2,3,4,2	71.354689	0.009992	0.570006	0.208617	0.034940	0.050902	0.125542	0.009992	0.570006	0.208617	0.034940	0.050902	0.125542	0.279630	0.015667	0.112121	0.092567	0.176120	0.323895	0.103342	0.157777	0.077612	0.161459	0.498577	0.001233	0.114212	0.357768	0.027558	0.226549	0.064438	0.209474	0.279630	0.015667	0.112121	0.092567	0.176120	0.323895	1,2,3,4,5,6	71.354689	1.051151	0.414707	1.165582	0.542690	0.405157	2.026038	
548000	-113137	1,2,3,4,5,6	71.354689	5.743785	6.295910	5.231842	5.064700	5.500636	6.699005	1,1,2,3,4,5	71.354689	0.650271	0.066530	0.231167	0.052031	0.650271	0.066530	0.231167	0.052031	0.189645	0.252563	0.272730	0.285062	0.110130	0.266845	0.049970	0.573055	0.250327	0.219685	0.226590	0.303398	0.134847	0.029788	0.656462	0.178903	1,1,2,3,4,2	71.354689	0.029412	0.247119	0.133944	0.051424	0.241303	0.296797	0.029412	0.247119	0.133944	0.051424	0.241303	0.296797	0.403537	0.005133	0.102704	0.057423	0.116229	0.314974	0.025389	0.022162	0.221720	0.118864	0.564242	0.047623	0.144366	0.241267	0.238218	0.249880	0.062263	0.064006	0.403537	0.005133	0.102704	0.057423	0.116229	0.314974	1,2,1,3,2,4	71.354689	0.979621	0.437061	0.979621	0.641172	0.437061	1.823579	
549000	-114744	1,2,1,3,4,5	71.354689	5.761835	5.467440	5.761835	4.512912	5.246057	5.278653	1,1,2,3,4,1	71.354689	0.446862	0.189787	0.278329	0.085023	0.446862	0.189787	0.278329	0.085023	0.107664	0.672464	0.046608	0.173264	0.240945	0.406227	0.012180	0.340648	0.244462	0.211325	0.129589	0.414624	0.446862	0.189787	0.278329	0.085023	1,1,2,3,4,2	71.354689	0.026106	0.725816	0.088592	0.038783	0.050661	0.070043	0.026106	0.725816	0.088592	0.038783	0.050661	0.070043	0.181787	0.009934	0.026289	0.077505	0.141807	0.562678	0.372583	0.069954	0.121491	0.002890	0.285454	0.147627	0.324624	0.157735	0.098010	0.079124	0.142110	0.198397	0.181787	0.009934	0.026289	0.077505	0.141807	0.562678	1,2,3,4,2,5	71.354689	1.121136	0.400777	1.130932	0.677919	0.400777	1.746933	
550000	-115368	1,2,3,2,2,4	71.354689	5.820764	4.387980	5.580225	4.387980	4.387980	5.424944	1,2,3,4,1,1	71.354689	0.442955	0.044338	0.329523	0.183183	0.491323	0.387300	0.082867	0.038510	0.186042	0.446676	0.068592	0.298691	0.082002	0.090080	0.183722	0.644195	0.442955	0.044338	0.329523	0.183183	0.442955	0.044338	0.329523	0.183183	1,1,2,3,4,5	71.354689	0.173101	0.473330	0.094911	0.127843	0.034044	0.096772	0.173101	0.473330	0.094911	0.127843	0.034044	0.096772	0.248396	0.224875	0.014514	0.104624	0.179935	0.227656	0.247410	0.088671	0.147741	0.077526	0.362185	0.076466	0.162424	0.101281	0.203046	0.083972	0.259264	0.190012	0.427380	0.012265	0.007557	0.096905	0.064290	0.391602	1,2,3,4,2,1	71.354689	1.031568	0.470319	0.967410	0.784988	0.470319	1.031568	
551000	-113959	1,2,3,3,4,5	71.354689	5.640785	6.184804	4.599855	4.599855	5.572708	5.403483	1,1,2,3,4,5	71.354689	0.528669	0.218044	0.237191	0.016095	0.528669	0.218044	0.237191	0.016095	0.128123	0.444587	0.137293	0.289997	0.294046	0.126347	0.111195	0.468412	0.603255	0.079354	0.195337	0.122054	0.158785	0.320379	0.267893	0.252944	1,1,2,3,3,2	71.354689	0.002249	0.176581	0.108534	0.013478	0.238551	0.460608	0.002249	0.176581	0.108534	0.013478	0.238551	0.460608	0.233706	0.086737	0.123153	0.046672	0.154279	0.355452	0.090499	0.176164	0.053851	0.228735	0.332437	0.118315	0.090499	0.176164	0.053851	0.228735	0.332437	0.118315	0.233706	0.086737	0.123153	0.046672	0.154279	0.355452	1,2,3,4,5,6	71.354689	1.083587	0.428056	1.149697	0.667568	0.683192	1.288695	
552000	-113278	1,2,3,2,4,5	71.354689	6.078716	4.527197	4.939758	4.527197	6.397359	5.475499	1,1,2,3,4,5	71.354689	0.413308	0.155421	0.368958	0.062313	0.413308	0.155421	0.368958	0.062313	0.326316	0.410192	0.034982	0.228509	0.212652	0.180794	0.002386	0.604169	0.239312	0.160769	0.219955	0.379964	0.276786	0.066022	0.567724	0.089468	1,2,3,4,5,6	71.354689	0.024797	0.326020	0.425365	0.019748	0.134081	0.069990	0.008127	0.339770	0.137132	0.092860	0.106688	0.315423	0.419975	0.157766	0.039454	0.085752	0.113756	0.183296	0.079755	0.082583	0.113452	0.032407	0.578803	0.113001	0.139014	0.356801	0.111869	0.022072	0.166965	0.203279	0.267232	0.000406	0.163477	0.280600	0.005757	0.282528	1,2,3,4,4,3	71.354689	0.828980	0.398479	1.001182	0.561164	0.561164	1.001182	
553000	-113255	1,2,3,3,4,5	71.354689	5.285840	6.522341	5.101426	5.101426	5.153871	5.958811	1,2,3,4,5,5	71.354689	0.518375	0.207717	0.220895	0.053014	0.635045	0.194805	0.158471	0.011679	0.145918	0.731317	0.012687	0.110078	0.128688	0.486379	0.138932	0.246001	0.385418	0.087404	0.333985	0.193193	0.385418	0.087404	0.333985	0.193193	1,2,3,4,5,3	71.354689	0.001333	0.480923	0.099621	0.077038	0.066483	0.274602	0.006607	0.385994	0.413623	0.004584	0.130612	0.058580	0.358961	0.002683	0.081905	0.097487	0.215963	0.243002	0.233962	0.064855	0.094116	0.099513	0.462006	0.045548	0.155093	0.172091	0.160236	0.142789	0.129368	0.240423	0.358961	0.002683	0.081905	0.097487	0.215963	0.243002	1,2,3,4,2,1	71.354689	1.120180	0.453846	1.106861	0.561897	0.453846	1.120180	
554000	-113176	1,2,3,2,4,5	71.354689	5.858200	4.259790	5.306378	4.259790	5.323890	5.353123	1,2,3,4,5,1	71.354689	0.453706	0.060415	0.330698	0.155181	0.523634	0.204897	0.138121	0.133348	0.294580	0.365751	0.064622	0.275047	0.167243	0.200732	0.341099	0.290926	0.540489	0.111376	0.116067	0.232069	0.453706	0.060415	0.330698	0.155181	1,1,2,3,3,2	71.354689	0.009208	0.641136	0.071685	0.218718	0.044069	0.015184	0.009208	0.641136	0.071685	0.218718	0.044069	0.015184	0.251162	0.007094	0.068529	0.059757	0.213305	0.400153	0.109696	0.222606	0.078990	0.043548	0.371509	0.173651	0.109696	0.222606	0.078990	0.043548	0.371509	0.173651	0.251162	0.007094	0.068529	0.059757	0.213305	0.400153	1,2,3,4,4,5	71.354689	1.063595	0.438760	1.145183	0.469272	0.469272	1.811116	
555000	-114682	1,2,3,4,5,6	71.354689	5.390246	5.287465	4.724235	5.946304	5.436553	5.076398	1,2,2,3,1,1	71.354689	0.485700	0.073214	0.237256	0.203829	0.500163	0.262570	0.166680	0.070587	0.500163	0.262570	0.166680	0.070587	0.285782	0.233055	0.159078	0.322085	0.485700	0.073214	0.237256	0.203829	0.485700	0.073214	0.237256	0.203829	1,1,2,3,2,4	71.354689	0.018517	0.535729	0.128763	0.149212	0.124978	0.042801	0.018517	0.535729	0.128763	0.149212	0.124978	0.042801	0.361003	0.192209	0.115410	0.030488	0.217331	0.083559	0.014129	0.132666	0.045937	0.133756	0.484277	0.189235	0.361003	0.192209	0.115410	0.030488	0.217331	0.083559	0.208741	0.030020	0.139460	0.229248	0.119799	0.272732	1,2,3,4,5,6	71.354689	1.213165	0.362329	1.120082	0.529940	0.484647	1.289929	
556000	-111990	1,2,3,4,5,6	71.354689	6.871189	5.032911	5.508408	4.674331	5.162034	5.915611	1,2,3,4,3,5	71.354689	0.467038	0.053561	0.452243	0.027159	0.429038	0.218049	0.317617	0.035297	0.302854	0.346894	0.105873	0.244379	0.015200	0.437678	0.082689	0.464432	0.302854	0.346894	0.105873	0.244379	0.448770	0.071384	0.230304	0.249543	1,1,2,3,1,2	71.354689	0.031480	0.377232	0.165054	0.083826	0.064920	0.277488	0.031480	0.377232	0.165054	0.083826	0.064920	0.277488	0.387875	0.003887	0.069330	0.131304	0.205990	0.201613	0.041543	0.287427	0.202902	0.074534	0.238680	0.154914	0.031480	0.377232	0.165054	0.083826	0.064920	0.277488	0.387875	0.003887	0.069330	0.131304	0.205990	0.201613	1,2,3,4,2,5	71.354689	0.999641	0.480550	1.017698	0.550097	0.480550	1.824788	
557000	-113292	1,2,3,4,4,2	71.354689	6.271407	5.106087	5.143585	3.958609	3.958609	5.106087	1,2,3,3,4,4	71.354689	0.488365	0.095010	0.395625	0.021000	0.659151	0.133294	0.145394	0.062161	0.188982	0.451072	0.096006	0.263940	0.188982	0.451072	0.096006	0.263940	0.421216	0.081692	0.329726	0.167366	0.421216	0.081692	0.329726	0.167366	1,1,2,3,2,4	71.354689	0.038326	0.520427	0.189621	0.048446	0.055409	0.147772	0.038326	0.520427	0.189621	0.048446	0.055409	0.147772	0.253517	0.116063	0.132057	0.125534	0.195060	0.177769	0.082587	0.036234	0.237506	0.039363	0.541871	0.062439	0.253517	0.116063	0.132057	0.125534	0.195060	0.177769	0.162859	0.049243	0.094018	0.199733	0.201277	0.292871	1,2,3,2,2,4	71.354689	1.018180	0.457322	0.931133	0.457322	0.457322	1.829908	
558000	-114125	1,2,3,4,3,5	71.354689	5.606521	6.045574	4.242117	5.391956	4.242117	5.854523	1,1,2,3,4,5	71.354689	0.513604	0.189574	0.282457	0.014365	0.513604	0.189574	0.282457	0.014365	0.198645	0.638051	0.037283	0.126022	0.230392	0.314867	0.194019	0.260723	0.338179	0.133370	0.382128	0.146323	0.153029	0.094509	0.635532	0.116930	1,1,2,3,2,4	71.354689	0.003372	0.211874	0.255851	0.023203	0.121330	0.384370	0.003372	0.211874	0.255851	0.023203	0.121330	0.384370	0.276226	0.133280	0.142055	0.090391	0.149537	0.208511	0.035891	0.015131	0.070670	0.364137	0.357469	0.156701	0.276226	0.133280	0.142055	0.090391	0.149537	0.208511	0.501230	0.013016	0.029629	0.158904	0.139839	0.157382	1,2,3,4,5,3	71.354689	1.065269	0.385947	1.200012	0.615732	0.483778	1.200012	
559000	-113123	1,2,3,3,3,4	71.354689	6.821467	5.804099	5.017438	5.017438	5.017438	6.131899	1,1,2,3,4,4	71.354689	0.491266	0.139885	0.346421	0.022427	0.491266	0.139885	0.346421	0.022427	0.460191	0.384965	0.098621	0.056222	0.036163	0.065193	0.089614	0.809030	0.260792	0.100681	0.293757	0.344769	0.260792	0.100681	0.293757	0.344769	1,1,2,3,4,2	71.354689	0.026077	0.588554	0.110195	0.109025	0.064690	0.101458	0.026077	0.588554	0.110195	0.109025	0.064690	0.101458	0.226759	0.010270	0.110388	0.076306	0.266721	0.309556	0.155775	0.026603	0.130185	0.058198	0.460816	0.168424	0.146317	0.256920	0.265556	0.119402	0.120404	0.091401	0.226759	0.010270	0.110388	0.076306	0.266721	0.309556	1,2,3,4,4,5	71.354689	1.145278	0.433762	0.980028	0.531664	0.531664	1.572625	
560000	-113512	1,1,2,3,3,4	71.354689	5.357925	5.357925	5.527782	4.498391	4.498391	5.761408	1,1,2,3,1,1	71.354689	0.424024	0.089024	0.276183	0.210769	0.424024	0.089024	0.276183	0.210769	0.460395	0.309154	0.100784	0.129667	0.004842	0.119822	0.159713	0.715623	0.424024	0.089024	0.276183	0.210769	0.424024	0.089024	0.276183	0.210769	1,1,2,3,4,2	71.354689	0.065688	0.520554	0.132501	0.148898	0.098157	0.034202	0.065688	0.520554	0.132501	0.148898	0.098157	0.034202	0.271855	0.000884	0.101914	0.072116	0.214080	0.339153	0.040745	0.666638	0.036541	0.032447	0.203671	0.019958	0.162531	0.162365	0.068479	0.022699	0.479207	0.104721	0.271855	0.000884	0.101914	0.072116	0.214080	0.339153	1,2,1,3,4,5	71.354689	0.990971	0.470809	0.990971	0.507191	0.438468	1.284405	
561000	-112686	1,2,3,1,2,4	71.354689	4.847852	5.187740	5.516529	4.847852	5.187740	6.419418	1,1,2,3,4,5	71.354689	0.402774	0.333212	0.209445	0.054570	0.402774	0.333212	0.209445	0.054570	0.244356	0.493922	0.117307	0.144416	0.090740	0.131337	0.124365	0.653558	0.426025	0.106859	0.209754	0.257362	0.093491	0.088482	0.454812	0.363216	1,1,2,3,4,2	71.354689	0.015732	0.645699	0.041651	0.040818	0.057878	0.198223	0.015732	0.645699	0.041651	0.040818	0.057878	0.198223	0.321541	0.064832	0.061174	0.001454	0.443223	0.107776	0.359812	0.088976	0.057308	0.079606	0.375208	0.039090	0.150868	0.224628	0.118375	0.054302	0.282002	0.169825	0.321541	0.064832	0.061174	0.001454	0.443223	0.107776	1,2,3,4,2,1	71.354689	1.181273	0.474362	1.094077	0.622490	0.474362	1.181273	
562000	-114114	1,2,3,3,4,5	71.354689	6.290508	5.796883	5.004118	5.004118	4.932357	6.055508	1,1,2,2,3,4	71.354689	0.507066	0.120454	0.298990	0.073491	0.507066	0.120454	0.298990	0.073491	0.193752	0.418041	0.121608	0.266599	0.193752	0.418041	0.121608	0.266599	0.569404	0.122614	0.092512	0.215471	0.135217	0.149514	0.482888	0.232381	1,2,3,4,4,5	71.354689	0.022481	0.587572	0.051863	0.117289	0.131122	0.089673	0.065351	0.622271	0.090066	0.040521	0.054046	0.127745	0.358634	0.051959	0.194103	0.166211	0.168859	0.060233	0.177273	0.185387	0.124971	0.183426	0.150594	0.178348	0.177273	0.185387	0.124971	0.183426	0.150594	0.178348	0.227977	0.077545	0.093407	0.260611	0.032589	0.307871	1,2,3,4,5,6	71.354689	1.042432	0.423075	0.978526	0.443606	0.442563	1.683194	
563000	-111948	1,2,3,2,4,5	71.354689	4.874663	4.412860	5.423378	4.412860	5.149478	6.565831	1,2,3,4,3,5	71.354689	0.430044	0.262297	0.192690	0.114968	0.673585	0.142458	0.127486	0.056471	0.336219	0.344403	0.063317	0.256061	0.023044	0.380431	0.140832	0.455693	0.336219	0.344403	0.063317	0.256061	0.125707	0.045337	0.641342	0.187615	1,1,2,3,1,2	71.354689	0.018972	0.636211	0.131597	0.054556	0.091850	0.066815	0.018972	0.636211	0.131597	0.054556	0.091850	0.066815	0.362054	0.003481	0.061958	0.090780	0.206487	0.275241	0.114599	0.134517	0.412326	0.021751	0.289090	0.027716	0.018972	0.636211	0.131597	0.054556	0.091850	0.066815	0.362054	0.003481	0.061958	0.090780	0.206487	0.275241	1,2,1,3,2,4	71.354689	1.224621	0.372231	1.224621	0.675345	0.372231	2.015314	
564000	-116213	1,2,1,3,4,5	71.354689	4.659969	5.293835	4.659969	4.915844	5.704809	5.311842	1,1,1,2,1,3	71.354689	0.530855	0.133143	0.191078	0.144923	0.530855	0.133143	0.191078	0.144923	0.530855	0.133143	0.191078	0.144923	0.010374	0.388184	0.063078	0.538364	0.530855	0.133143	0.191078	0.144923	0.370962	0.176822	0.342120	0.110097	1,1,2,3,4,5	71.354689	0.028003	0.640015	0.055182	0.144994	0.042018	0.089787	0.028003	0.640015	0.055182	0.144994	0.042018	0.089787	0.137683	0.150184	0.004061	0.200514	0.428278	0.079279	0.005667	0.005879	0.473190	0.051650	0.206303	0.257311	0.289081	0.161845	0.084175	0.068102	0.312526	0.084271	0.159068	0.078270	0.119796	0.206965	0.044925	0.390976	1,2,1,3,4,5	71.354689	1.204888	0.480764	1.204888	0.484499	0.488857	1.919835	
565000	-112764	1,2,2,3,4,5	71.354689	5.423299	5.684815	5.684815	5.156845	6.629294	5.666357	1,1,2,3,4,4	71.354689	0.492245	0.236316	0.250195	0.021244	0.492245	0.236316	0.250195	0.021244	0.259478	0.405136	0.028455	0.306932	0.063160	0.202189	0.181755	0.552895	0.324926	0.090697	0.298687	0.285690	0.324926	0.090697	0.298687	0.285690	1,1,2,3,4,5	71.354689	0.004751	0.297605	0.119490	0.019947	0.224191	0.334017	0.004751	0.297605	0.119490	0.019947	0.224191	0.334017	0.414851	0.001686	0.117272	0.081513	0.334040	0.050639	0.060763	0.276191	0.186291	0.060024	0.385356	0.031375	0.086057	0.236648	0.043378	0.270268	0.032246	0.331403	0.095288	0.111919	0.118367	0.204852	0.139046	0.330528	1,2,3,4,5,6	71.354689	1.158423	0.457233	1.020756	0.756929	0.448451	1.497025	
566000	-113193	1,2,3,2,4,5	71.354689	4.951811	4.423727	5.517063	4.423727	5.908928	4.978363	1,2,3,4,5,6	71.354689	0.357495	0.068373	0.567295	0.006837	0.355252	0.470173	0.149481	0.025095	0.177198	0.493593	0.068579	0.260630	0.216104	0.385518	0.004594	0.393784	0.379924	0.104789	0.221607	0.293679	0.403731	0.027235	0.355612	0.213422	1,1,2,3,4,5	71.354689	0.002575	0.478941	0.278193	0.054379	0.058716	0.127195	0.002575	0.478941	0.278193	0.054379	0.058716	0.127195	0.239173	0.078801	0.076813	0.055834	0.153224	0.396155	0.074058	0.283415	0.045503	0.145947	0.387754	0.063324	0.113573	0.199173	0.062452	0.100339	0.135497	0.388966	0.102991	0.003250	0.070774	0.126903	0.444173	0.251909	1,2,3,4,5,1	71.354689	1.427151	0.448591	0.816740	0.733945	0.474586	1.427151	
567000	-112931	1,2,3,3,4,5	71.354689	5.824213	5.826409	4.827671	4.827671	5.578088	6.038610	1,1,2,3,4,5	71.354689	0.498222	0.179935	0.299887	0.021956	0.498222	0.179935	0.299887	0.021956	0.221323	0.343463	0.070389	0.364825	0.179740	0.078236	0.078627	0.663398	0.427987	0.255594	0.111189	0.205230	0.049006	0.107979	0.417933	0.425081	1,1,2,3,4,5	71.354689	0.008564	0.291685	0.139736	0.055232	0.252991	0.251793	0.008564	0.291685	0.139736	0.055232	0.252991	0.251793	0.505170	0.073938	0.096902	0.159633	0.145267	0.019089	0.107313	0.184773	0.029003	0.110007	0.541022	0.027883	0.123348	0.276916	0.202817	0.157150	0.146890	0.092879	0.337146	0.002805	0.167641	0.219463	0.050121	0.222825	1,2,1,2,2,3	71.354689	1.179645	0.476476	1.179645	0.476476	0.476476	1.618421	
568000	-112141	1,2,3,3,3,4	71.354689	4.824777	6.124337	4.528208	4.528208	4.528208	5.647013	1,1,2,2,3,3	71.354689	0.636816	0.153455	0.190798	0.018932	0.636816	0.153455	0.190798	0.018932	0.172290	0.300613	0.018860	0.508237	0.172290	0.300613	0.018860	0.508237	0.328901	0.086990	0.291379	0.292730	0.328901	0.086990	0.291379	0.292730	1,1,2,3,4,2	71.354689	0.005136	0.422027	0.159360	0.082225	0.143535	0.187717	0.005136	0.422027	0.159360	0.082225	0.143535	0.187717	0.316147	0.024163	0.034853	0.247779	0.070672	0.306387	0.033017	0.039166	0.121977	0.208828	0.317936	0.279077	0.197142	0.228671	0.118194	0.184668	0.225888	0.045436	0.316147	0.024163	0.034853	0.247779	0.070672	0.306387	1,2,3,4,5,6	71.354689	1.352631	0.292597	1.041555	0.495621	0.445407	1.655351	
569000	-113772	1,1,2,1,3,4	71.354689	4.639852	4.639852	5.514781	4.639852	5.417076	5.763852	1,1,2,2,3,4	71.354689	0.482853	0.277273	0.220742	0.019132	0.482853	0.277273	0.220742	0.019132	0.207827	0.386315	0.051272	0.354586	0.207827	0.386315	0.051272	0.354586	0.306166	0.300093	0.100392	0.293349	0.263750	0.061382	0.285409	0.389459	1,1,2,3,1,4	71.354689	0.054974	0.391862	0.137482	0.058983	0.132680	0.224020	0.054974	0.391862	0.137482	0.058983	0.132680	0.224020	0.287564	0.260812	0.017919	0.187651	0.166205	0.079849	0.204208	0.174996	0.085557	0.239534	0.219314	0.076391	0.054974	0.391862	0.137482	0.058983	0.132680	0.224020	0.277124	0.068456	0.038854	0.241853	0.003947	0.369767	1,2,3,4,5,1	71.354689	1.178618	0.379601	1.125072	0.596553	0.440209	1.178618	
570000	-111998	1,2,3,2,2,4	71.354689	5.461409	4.632393	5.533676	4.632393	4.632393	5.987468	1,1,2,3,4,4	71.354689	0.436538	0.243367	0.305911	0.014183	0.436538	0.243367	0.305911	0.014183	0.225990	0.465438	0.114450	0.194121	0.071469	0.136574	0.082284	0.709672	0.272788	0.096504	0.367110	0.263598	0.272788	0.096504	0.367110	0.263598	1,1,2,3,4,2	71.354689	0.009325	0.242190	0.258353	0.034994	0.288008	0.167131	0.009325	0.242190	0.258353	0.034994	0.288008	0.167131	0.301934	0.058791	0.034724	0.055487	0.270080	0.278984	0.328362	0.071500	0.045765	0.081372	0.452770	0.020231	0.305222	0.078557	0.184982	0.188889	0.025900	0.216450	0.301934	0.058791	0.034724	0.055487	0.270080	0.278984	1,2,3,4,2,5	71.354689	1.023103	0.464751	0.828102	0.511244	0.464751	1.592315	
571000	-117328	1,2,3,4,5,6	71.354689	6.400670	6.339092	5.794654	5.310153	5.138392	5.663490	1,1,2,3,2,4	71.354689	0.599587	0.031313	0.327948	0.041152	0.599587	0.031313	0.327948	0.041152	0.261608	0.319519	0.086371	0.332502	0.013035	0.192667	0.415202	0.379096	0.261608	0.319519	0.086371	0.332502	0.207652	0.085057	0.369749	0.337542	1,1,2,3,1,4	71.354689	0.036921	0.586598	0.122898	0.084570	0.034402	0.134611	0.036921	0.586598	0.122898	0.084570	0.034402	0.134611	0.337136	0.222844	0.032886	0.226903	0.069554	0.110677	0.118217	0.135515	0.634533	0.029001	0.034000	0.048734	0.036921	0.586598	0.122898	0.084570	0.034402	0.134611	0.121702	0.127217	0.311618	0.149040	0.133494	0.156929	1,2,1,3,4,5	71.354689	0.945897	0.405082	0.945897	0.484168	0.509138	1.618475	
572000	-112690	1,2,3,4,5,6	71.354689	4.684041	6.315241	5.406477	4.690196	5.695803	6.379465	1,1,2,3,4,5	71.354689	0.644883	0.052348	0.242727	0.060042	0.644883	0.052348	0.242727	0.060042	0.182802	0.425588	0.074485	0.317126	0.073862	0.193201	0.283269	0.449668	0.411150	0.206927	0.162092	0.219830	0.324003	0.061639	0.299314	0.315044	1,1,2,3,4,2	71.354689	0.017942	0.316191	0.221012	0.037512	0.200833	0.206510	0.017942	0.316191	0.221012	0.037512	0.200833	0.206510	0.342889	0.006845	0.110472	0.142559	0.212295	0.184941	0.248554	0.190638	0.004616	0.110972	0.399174	0.046046	0.171530	0.380087	0.084203	0.081123	0.022587	0.260470	0.342889	0.006845	0.110472	0.142559	0.212295	0.184941	1,2,1,3,4,5	71.354689	1.004034	0.400292	1.004034	0.670900	0.435629	1.246170	
573000	-111327	1,2,3,4,2,5	71.354689	6.040235	5.459884	5.250505	5.254214	5.459884	5.369836	1,1,2,3,4,5	71.354689	0.503464	0.113291	0.352260	0.030985	0.503464	0.113291	0.352260	0.030985	0.333736	0.290749	0.151673	0.223842	0.044095	0.111111	0.033234	0.811559	0.273011	0.223405	0.112620	0.390963	0.239425	0.039747	0.562153	0.158675	1,1,2,3,4,2	71.354689	0.003292	0.297668	0.205399	0.081181	0.207393	0.205067	0.003292	0.297668	0.205399	0.081181	0.207393	0.205067	0.378956	0.004890	0.097158	0.084232	0.261461	0.173303	0.307339	0.133555	0.080348	0.068310	0.253966	0.156482	0.026208	0.586985	0.149913	0.097314	0.068253	0.071328	0.378956	0.004890	0.097158	0.084232	0.261461	0.173303	1,2,3,4,2,5	71.354689	1.102163	0.454931	1.078422	0.643439	0.454931	1.154000	
574000	-113923	1,2,3,3,4,5	71.354689	6.490618	6.007480	4.548610	4.548610	5.405039	5.993488	1,1,2,3,4,4	71.354689	0.545385	0.066288	0.374350	0.013977	0.545385	0.066288	0.374350	0.013977	0.282356	0.203414	0.046798	0.467431	0.014410	0.491521	0.087894	0.406175	0.411784	0.065952	0.256382	0.265882	0.411784	0.065952	0.256382	0.265882	1,1,2,3,4,5	71.354689	0.003447	0.230180	0.160766	0.070817	0.338934	0.195856	0.003447	0.230180	0.160766	0.070817	0.338934	0.195856	0.318147	0.120262	0.084549	0.337866	0.061749	0.077427	0.179161	0.246143	0.215328	0.050681	0.236220	0.072466	0.328922	0.137824	0.271374	0.055023	0.091611	0.115246	0.144072	0.003466	0.203565	0.075493	0.244414	0.328990	1,2,3,4,4,5	71.354689	1.181173	0.398107	1.053749	0.600818	0.600818	1.333980	
575000	-112652	1,2,3,4,4,5	71.354689	6.022371	5.598017	5.480292	4.927201	4.927201	5.998736	1,1,2,3,4,5	71.354689	0.501775	0.172353	0.297299	0.028573	0.501775	0.172353	0.297299	0.028573	0.191722	0.623873	0.032144	0.152261	0.070978	0.110206	0.047815	0.771001	0.190436	0.317377	0.040899	0.451288	0.103530	0.031317	0.583889	0.281264	1,1,2,3,4,2	71.354689	0.023670	0.392126	0.242465	0.023336	0.209344	0.109058	0.023670	0.392126	0.242465	0.023336	0.209344	0.109058	0.464688	0.028071	0.061817	0.112382	0.155291	0.177751	0.101088	0.050770	0.178043	0.049804	0.468896	0.151398	0.062940	0.442455	0.125797	0.171019	0.113197	0.084592	0.464688	0.028071	0.061817	0.112382	0.155291	0.177751	1,2,3,4,4,5	71.354689	1.157607	0.376402	1.191936	0.578273	0.578273	1.869874	
576000	-111702	1,2,3,4,5,6	71.354689	5.571303	5.448020	5.477275	5.118568	6.606222	6.356355	1,1,2,3,4,5	71.354689	0.494463	0.199106	0.292755	0.013676	0.494463	0.199106	0.292755	0.013676	0.338202	0.350886	0.010837	0.300075	0.067657	0.176005	0.000436	0.755902	0.281620	0.179824	0.239877	0.298679	0.122163	0.050630	0.519627	0.307580	1,1,2,3,4,2	71.354689	0.003798	0.219255	0.183841	0.027130	0.283680	0.282297	0.003798	0.219255	0.183841	0.027130	0.283680	0.282297	0.449265	0.010981	0.037664	0.118338	0.263742	0.120011	0.178243	0.030532	0.091991	0.330797	0.168502	0.199935	0.048490	0.356057	0.053292	0.207127	0.144095	0.190938	0.449265	0.010981	0.037664	0.118338	0.263742	0.120011	1,2,3,4,5,6	71.354689	1.216938	0.445124	1.028358	0.605968	0.435367	2.708957	
577000	-113356	1,2,3,4,5,6	71.354689	5.869272	6.434488	5.512356	4.828864	5.462166	5.539878	1,1,2,3,4,4	71.354689	0.588140	0.110789	0.257178	0.043893	0.588140	0.110789	0.257178	0.043893	0.311832	0.490911	0.028529	0.168728	0.209412	0.336267	0.103573	0.350747	0.289930	0.118408	0.260077	0.331586	0.289930	0.118408	0.260077	0.331586	1,1,2,3,2,2	71.354689	0.001524	0.345487	0.302290	0.032016	0.099770	0.218912	0.001524	0.345487	0.302290	0.032016	0.099770	0.218912	0.304304	0.099833	0.114812	0.123881	0.216843	0.140327	0.195934	0.009758	0.217996	0.025639	0.511692	0.038980	0.304304	0.099833	0.114812	0.123881	0.216843	0.140327	0.304304	0.099833	0.114812	0.123881	0.216843	0.140327	1,2,1,3,4,1	71.354689	1.052482	0.393607	1.052482	0.627677	0.606449	1.052482	
578000	-113467	1,2,3,4,5,6	71.354689	5.401140	5.907389	5.749406	4.723580	5.399838	5.770213	1,1,2,3,4,5	71.354689	0.604198	0.110853	0.231926	0.053023	0.604198	0.110853	0.231926	0.053023	0.274600	0.634008	0.002553	0.088839	0.019885	0.308234	0.346396	0.325484	0.270283	0.089054	0.391613	0.249050	0.328069	0.103690	0.354677	0.213563	1,1,2,3,4,2	71.354689	0.031202	0.478272	0.167285	0.120939	0.072606	0.129697	0.031202	0.478272	0.167285	0.120939	0.072606	0.129697	0.232291	0.032940	0.054605	0.089532	0.239105	0.351527	0.074141	0.020990	0.425763	0.008419	0.349329	0.121358	0.469835	0.186896	0.176791	0.082760	0.016070	0.067647	0.232291	0.032940	0.054605	0.089532	0.239105	0.351527	1,2,3,4,5,6	71.354689	1.243318	0.381530	1.100405	0.632616	0.546305	1.826322	
579000	-112035	1,2,3,4,3,5	71.354689	4.497278	5.643958	5.034183	5.676118	5.034183	5.695057	1,1,2,3,4,4	71.354689	0.502496	0.259056	0.191792	0.046656	0.502496	0.259056	0.191792	0.046656	0.194747	0.474664	0.125076	0.205513	0.026101	0.225462	0.122019	0.626418	0.245866	0.163278	0.234113	0.356742	0.245866	0.163278	0.234113	0.356742	1,1,2,3,4,2	71.354689	0.002337	0.416367	0.063539	0.079639	0.324803	0.113315	0.002337	0.416367	0.063539	0.079639	0.324803	0.113315	0.444542	0.011375	0.098358	0.076444	0.078213	0.291068	0.599698	0.065239	0.229513	0.004929	0.083736	0.016885	0.162727	0.333933	0.164402	0.109370	0.084121	0.145447	0.444542	0.011375	0.098358	0.076444	0.078213	0.291068	1,2,3,4,5,1	71.354689	1.299482	0.388768	0.757952	0.640556	0.471264	1.299482	
580000	-112736	1,2,3,2,4,5	71.354689	5.330263	5.337652	5.186018	5.337652	6.443329	5.540965	1,1,2,3,4,5	71.354689	0.491371	0.220156	0.250353	0.038120	0.491371	0.220156	0.250353	0.038120	0.194466	0.511304	0.164302	0.129928	0.253706	0.307025	0.057092	0.382177	0.334423	0.120429	0.237629	0.307519	0.313210	0.041029	0.431317	0.214443	1,1,2,3,4,3	71.354689	0.020473	0.394780	0.284030	0.055181	0.105267	0.140268	0.020473	0.394780	0.284030	0.055181	0.105267	0.140268	0.388218	0.009728	0.202865	0.070827	0.247195	0.081168	0.304955	0.021993	0.153452	0.055595	0.226617	0.237388	0.302811	0.140541	0.065666	0.152023	0.171165	0.167794	0.304955	0.021993	0.153452	0.055595	0.226617	0.237388	1,2,3,4,5,6	71.354689	1.138090	0.377336	0.966830	0.599938	0.549405	1.387710	
581000	-113135	1,2,1,3,3,4	71.354689	4.736627	5.731982	4.736627	5.454586	5.454586	5.888452	1,1,2,2,1,3	71.354689	0.501106	0.134964	0.227864	0.136067	0.501106	0.134964	0.227864	0.136067	0.175715	0.457540	0.029336	0.337409	0.175715	0.457540	0.029336	0.337409	0.501106	0.134964	0.227864	0.136067	0.331457	0.129556	0.367135	0.171851	1,1,2,3,2,4	71.354689	0.010518	0.602262	0.117385	0.072025	0.088811	0.108999	0.010518	0.602262	0.117385	0.072025	0.088811	0.108999	0.175148	0.124407	0.131475	0.134306	0.131888	0.302776	0.118740	0.466389	0.089976	0.008201	0.256706	0.059989	0.175148	0.124407	0.131475	0.134306	0.131888	0.302776	0.192609	0.029258	0.142599	0.077105	0.214297	0.344132	1,2,3,4,5,6	71.354689	1.174508	0.406932	1.034300	0.511960	0.548320	1.725713	
582000	-114638	1,2,3,4,2,5	71.354689	5.405695	5.160280	5.379195	4.922025	5.160280	5.490929	1,1,2,3,2,2	71.354689	0.537381	0.174896	0.235298	0.052424	0.537381	0.174896	0.235298	0.052424	0.318559	0.296552	0.201256	0.183632	0.020641	0.270041	0.312483	0.396835	0.318559	0.296552	0.201256	0.183632	0.318559	0.296552	0.201256	0.183632	1,1,2,3,1,2	71.354689	0.042900	0.549422	0.163020	0.106525	0.075906	0.062227	0.042900	0.549422	0.163020	0.106525	0.075906	0.062227	0.247530	0.068024	0.153159	0.048042	0.148707	0.334538	0.258992	0.048193	0.278115	0.186781	0.171046	0.056873	0.042900	0.549422	0.163020	0.106525	0.075906	0.062227	0.247530	0.068024	0.153159	0.048042	0.148707	0.334538	1,2,1,3,2,4	71.354689	1.114250	0.363649	1.114250	0.582444	0.363649	1.692263	
583000	-114442	1,2,3,2,4,5	71.354689	5.789709	4.018522	5.516983	4.018522	5.753879	6.241443	1,2,2,3,4,5	71.354689	0.325917	0.459440	0.189601	0.025042	0.378402	0.329299	0.168486	0.123813	0.378402	0.329299	0.168486	0.123813	0.474450	0.172087	0.013246	0.340217	0.237091	0.210332	0.231412	0.321165	0.338799	0.088809	0.379129	0.193263	1,1,2,3,4,2	71.354689	0.006390	0.647702	0.153565	0.023020	0.059978	0.109346	0.006390	0.647702	0.153565	0.023020	0.059978	0.109346	0.466688	0.059128	0.057991	0.004799	0.135348	0.276046	0.088740	0.123669	0.019188	0.015130	0.583071	0.170202	0.243430	0.131992	0.135951	0.207617	0.239402	0.041607	0.466688	0.059128	0.057991	0.004799	0.135348	0.276046	1,2,1,3,4,5	71.354689	1.055682	0.412681	1.055682	0.676375	0.474395	1.833194	
584000	-112442	1,2,3,3,4,5	71.354689	5.774270	5.103750	5.058320	5.058320	6.364976	6.272335	1,1,2,3,2,4	71.354689	0.393391	0.222278	0.312816	0.071515	0.393391	0.222278	0.312816	0.071515	0.423913	0.267094	0.118303	0.190690	0.069515	0.452069	0.013810	0.464605	0.423913	0.267094	0.118303	0.190690	0.263258	0.146438	0.272159	0.318144	1,1,2,3,4,2	71.354689	0.004096	0.667593	0.120437	0.041982	0.112826	0.053066	0.004096	0.667593	0.120437	0.041982	0.112826	0.053066	0.245995	0.002341	0.046196	0.183623	0.234858	0.286986	0.342044	0.095264	0.137375	0.097157	0.196771	0.131389	0.103311	0.381544	0.189421	0.128819	0.108391	0.088514	0.245995	0.002341	0.046196	0.183623	0.234858	0.286986	1,2,3,4,5,6	71.354689	0.999469	0.489024	1.005725	0.526358	0.489822	1.862007	
585000	-113083	1,2,3,4,5,6	71.354689	5.894686	5.816005	5.489454	6.381773	5.919553	6.167319	1,2,3,4,5,6	71.354689	0.458806	0.176378	0.289982	0.074834	0.707147	0.046904	0.180990	0.064959	0.353696	0.436761	0.061042	0.148500	0.095451	0.144996	0.104511	0.655041	0.259116	0.180050	0.213298	0.347536	0.233303	0.154561	0.379300	0.232837	1,1,2,3,4,2	71.354689	0.039737	0.473771	0.049403	0.072314	0.172583	0.192192	0.039737	0.473771	0.049403	0.072314	0.172583	0.192192	0.192108	0.014635	0.215104	0.167615	0.236319	0.174218	0.261440	0.051467	0.411300	0.034663	0.163503	0.077626	0.098819	0.138744	0.099902	0.297375	0.159173	0.205987	0.192108	0.014635	0.215104	0.167615	0.236319	0.174218	1,2,1,3,4,5	71.354689	1.165390	0.457306	1.165390	0.515478	0.456652	2.047195	
586000	-114037	1,2,3,4,4,5	71.354689	5.367079	6.288435	5.255465	4.949986	4.949986	5.576800	1,1,2,3,4,5	71.354689	0.555867	0.163597	0.232744	0.047791	0.555867	0.163597	0.232744	0.047791	0.284719	0.322064	0.104119	0.289098	0.178065	0.185354	0.174334	0.462247	0.352906	0.263074	0.267489	0.116531	0.295284	0.261066	0.249742	0.193908	1,1,2,3,4,2	71.354689	0.003928	0.506229	0.138149	0.076226	0.010558	0.264910	0.003928	0.506229	0.138149	0.076226	0.010558	0.264910	0.280342	0.051142	0.026315	0.084432	0.078784	0.478985	0.142433	0.537164	0.032430	0.102391	0.131171	0.054411	0.120439	0.168508	0.157191	0.350665	0.099832	0.103366	0.280342	0.051142	0.026315	0.084432	0.078784	0.478985	1,2,3,4,2,5	71.354689	1.323383	0.383966	1.123040	0.590924	0.383966	1.570416	
587000	-113491	1,2,3,3,4,5	71.354689	5.348098	5.208569	4.888738	4.888738	4.835658	5.447132	1,1,2,3,1,4	71.354689	0.459782	0.122623	0.257382	0.160212	0.459782	0.122623	0.257382	0.160212	0.165988	0.473375	0.098877	0.261760	0.115841	0.210201	0.243191	0.430767	0.459782	0.122623	0.257382	0.160212	0.182722	0.100360	0.537838	0.179079	1,1,2,3,4,5	71.354689	0.027757	0.549856	0.002944	0.118922	0.065293	0.235227	0.027757	0.549856	0.002944	0.118922	0.065293	0.235227	0.426974	0.003740	0.212591	0.082782	0.216672	0.057241	0.065064	0.115182	0.085153	0.133223	0.480247	0.121131	0.113766	0.109085	0.285380	0.218554	0.023900	0.249314	0.141762	0.008823	0.060932	0.257222	0.270453	0.260809	1,2,3,4,5,6	71.354689	0.993090	0.361627	0.969640	0.893255	0.420708	1.416247	
588000	-113055	1,2,2,2,3,4	71.354689	6.295082	4.551579	4.551579	4.551579	5.260491	6.155439	1,2,2,3,2,4	71.354689	0.510337	0.070405	0.360549	0.058708	0.500260	0.245114	0.123881	0.130746	0.500260	0.245114	0.123881	0.130746	0.327982	0.159445	0.046042	0.466531	0.500260	0.245114	0.123881	0.130746	0.172054	0.119653	0.401087	0.307206	1,1,2,3,4,5	71.354689	0.004102	0.564289	0.103787	0.113225	0.055124	0.159472	0.004102	0.564289	0.103787	0.113225	0.055124	0.159472	0.184328	0.004888	0.214837	0.053127	0.391329	0.151491	0.037441	0.356783	0.005968	0.044108	0.368519	0.187181	0.049482	0.097853	0.121851	0.221207	0.180251	0.329356	0.207845	0.004385	0.232422	0.224033	0.115320	0.215995	1,2,3,2,4,5	71.354689	1.047951	0.507547	0.909391	0.507547	0.517005	1.594900	
589000	-113431	1,2,2,2,2,3	71.354689	5.573947	4.988021	4.988021	4.988021	4.988021	5.758796	1,2,3,4,5,6	71.354689	0.343324	0.266812	0.305736	0.084128	0.417952	0.243861	0.245123	0.093065	0.280844	0.365996	0.198800	0.154360	0.362394	0.286130	0.042144	0.309333	0.553071	0.131500	0.171816	0.143613	0.249509	0.017374	0.425313	0.307804	1,1,2,3,4,2	71.354689	0.004758	0.590738	0.109727	0.052223	0.116641	0.125913	0.004758	0.590738	0.109727	0.052223	0.116641	0.125913	0.246749	0.051416	0.078704	0.094103	0.316288	0.212740	0.138428	0.008627	0.057897	0.005107	0.701570	0.088370	0.161547	0.098623	0.193570	0.118900	0.154468	0.272893	0.246749	0.051416	0.078704	0.094103	0.316288	0.212740	1,2,1,3,3,4	71.354689	1.093068	0.424844	1.093068	0.524992	0.524992	1.742007	
590000	-112543	1,2,3,1,1,4	71.354689	4.663258	6.156611	5.428155	4.663258	4.663258	5.657463	1,2,3,4,5,6	71.354689	0.304418	0.314651	0.282407	0.098524	0.535376	0.168160	0.283017	0.013447	0.359411	0.454897	0.109965	0.075727	0.027477	0.176101	0.109547	0.686875	0.268794	0.174475	0.342866	0.213865	0.159977	0.138663	0.462403	0.238957	1,1,2,3,4,5	71.354689	0.027433	0.549785	0.140749	0.077314	0.170830	0.033888	0.027433	0.549785	0.140749	0.077314	0.170830	0.033888	0.262825	0.070483	0.156431	0.006437	0.464854	0.038970	0.301552	0.220252	0.215056	0.041974	0.149593	0.071572	0.280376	0.197344	0.197659	0.119060	0.078770	0.126791	0.174656	0.064594	0.318188	0.090874	0.068313	0.283375	1,2,1,3,4,5	71.354689	1.085556	0.455129	1.085556	0.779116	0.491589	1.709841	
591000	-112541	1,2,3,4,1,3	71.354689	5.500263	5.595164	5.411584	5.050026	5.500263	5.411584	1,1,2,3,4,5	71.354689	0.545811	0.167801	0.262393	0.023995	0.545811	0.167801	0.262393	0.023995	0.120336	0.466927	0.070060	0.342677	0.010896	0.145934	0.222041	0.621128	0.458344	0.146593	0.262383	0.132680	0.357000	0.081437	0.217881	0.343682	1,1,2,2,3,4	71.354689	0.027285	0.482479	0.182493	0.068861	0.057280	0.181602	0.027285	0.482479	0.182493	0.068861	0.057280	0.181602	0.540046	0.082405	0.088991	0.050130	0.197921	0.040507	0.540046	0.082405	0.088991	0.050130	0.197921	0.040507	0.078063	0.232310	0.244632	0.107287	0.077649	0.260059	0.265595	0.029984	0.089703	0.086224	0.226360	0.302135	1,2,3,4,5,6	71.354689	1.265263	0.414352	0.960471	0.717141	0.503396	1.701384	
592000	-112528	1,2,3,4,5,6	71.354689	6.127905	6.509254	5.827752	4.979331	4.929058	6.312119	1,1,2,3,2,4	71.354689	0.637019	0.056694	0.279470	0.026817	0.637019	0.056694	0.279470	0.026817	0.312330	0.361027	0.083519	0.243124	0.073712	0.375121	0.168449	0.382718	0.312330	0.361027	0.083519	0.243124	0.120078	0.201428	0.451312	0.227182	1,1,2,3,1,2	71.354689	0.032395	0.479675	0.103575	0.058014	0.030515	0.295825	0.032395	0.479675	0.103575	0.058014	0.030515	0.295825	0.481350	0.016921	0.045839	0.058409	0.220949	0.176531	0.085694	0.096155	0.394864	0.021841	0.312311	0.089135	0.032395	0.479675	0.103575	0.058014	0.030515	0.295825	0.481350	0.016921	0.045839	0.058409	0.220949	0.176531	1,2,1,3,2,4	71.354689	1.042348	0.403174	1.042348	0.557427	0.403174	1.738434	
593000	-113985	1,2,3,4,4,5	71.354689	6.301939	5.115960	5.584841	4.731389	4.731389	4.868319	1,2,3,4,5,5	71.354689	0.479797	0.087224	0.384020	0.048959	0.673886	0.083472	0.175681	0.066962	0.314081	0.494534	0.113765	0.077621	0.164313	0.342319	0.012002	0.481367	0.461454	0.047268	0.349148	0.142130	0.461454	0.047268	0.349148	0.142130	1,1,2,3,4,5	71.354689	0.141901	0.377313	0.072811	0.225323	0.063521	0.119131	0.141901	0.377313	0.072811	0.225323	0.063521	0.119131	0.333954	0.005146	0.215477	0.162404	0.160921	0.122098	0.214333	0.005476	0.141216	0.249330	0.334039	0.055606	0.208261	0.145592	0.109730	0.194688	0.149569	0.192161	0.110259	0.062299	0.110955	0.089214	0.263216	0.364057	1,2,1,3,3,4	71.354689	0.884683	0.408541	0.884683	0.509806	0.509806	2.323579	
594000	-113379	1,2,3,4,4,5	71.354689	5.843526	6.124216	5.361080	5.234389	5.234389	5.855796	1,2,3,4,5,5	71.354689	0.388438	0.226543	0.338815	0.046204	0.641753	0.108679	0.179549	0.070019	0.335283	0.503631	0.104460	0.056626	0.388622	0.137475	0.009992	0.463911	0.217042	0.088247	0.320471	0.374240	0.217042	0.088247	0.320471	0.374240	1,1,2,3,2,4	71.354689	0.006117	0.536065	0.207116	0.062017	0.113099	0.075586	0.006117	0.536065	0.207116	0.062017	0.113099	0.075586	0.210787	0.138754	0.089457	0.073041	0.258146	0.229817	0.175341	0.194156	0.002328	0.041120	0.513602	0.073453	0.210787	0.138754	0.089457	0.073041	0.258146	0.229817	0.344271	0.035299	0.138918	0.058392	0.042729	0.380391	1,2,3,4,2,5	71.354689	1.069176	0.450881	0.923358	0.560884	0.450881	1.255231	
595000	-113260	1,2,3,2,1,4	71.354689	6.142596	4.732504	6.264549	4.732504	6.142596	6.078411	1,1,2,3,4,4	71.354689	0.448492	0.129737	0.380720	0.041050	0.448492	0.129737	0.380720	0.041050	0.404114	0.403184	0.024022	0.168680	0.231437	0.094092	0.061348	0.613124	0.441043	0.117672	0.249206	0.192078	0.441043	0.117672	0.249206	0.192078	1,1,2,3,4,2	71.354689	0.012097	0.429998	0.227001	0.033072	0.261271	0.036561	0.012097	0.429998	0.227001	0.033072	0.261271	0.036561	0.263929	0.020028	0.004691	0.295550	0.104017	0.311785	0.107745	0.090457	0.023157	0.022583	0.424434	0.331624	0.084627	0.251680	0.193318	0.169559	0.047106	0.253710	0.263929	0.020028	0.004691	0.295550	0.104017	0.311785	1,2,3,4,5,6	71.354689	1.142541	0.451152	1.016408	0.670460	0.494382	1.625918	
596000	-113549	1,2,3,4,5,6	71.354689	5.448290	6.254339	5.461203	5.300984	5.602308	6.425807	1,2,3,4,5,4	71.354689	0.381087	0.322494	0.255139	0.041280	0.459292	0.256113	0.264488	0.020106	0.328866	0.360267	0.042719	0.268148	0.173663	0.170934	0.220717	0.434686	0.481044	0.181239	0.062009	0.275708	0.173663	0.170934	0.220717	0.434686	1,1,2,3,4,5	71.354689	0.009999	0.592334	0.056530	0.035529	0.188703	0.116905	0.009999	0.592334	0.056530	0.035529	0.188703	0.116905	0.433077	0.033846	0.071386	0.060335	0.355457	0.045900	0.034923	0.067773	0.085890	0.054180	0.659367	0.097866	0.170767	0.433411	0.070366	0.036714	0.099713	0.189030	0.306775	0.162964	0.018027	0.021507	0.121046	0.369681	1,2,1,3,4,5	71.354689	1.092429	0.422404	1.092429	0.608342	0.421898	2.261460	
597000	-115086	1,2,1,2,3,4	71.354689	5.533222	5.144006	5.533222	5.144006	5.791687	5.955075	1,1,2,3,4,5	71.354689	0.414393	0.319503	0.220842	0.045261	0.414393	0.319503	0.220842	0.045261	0.326346	0.374651	0.176599	0.122405	0.258663	0.504438	0.000574	0.236325	0.241219	0.202329	0.199724	0.356727	0.129719	0.024919	0.440141	0.405221	1,1,2,3,1,2	71.354689	0.025181	0.534796	0.150526	0.079004	0.075237	0.135255	0.025181	0.534796	0.150526	0.079004	0.075237	0.135255	0.381402	0.015091	0.041382	0.118792	0.235669	0.207664	0.073988	0.031320	0.348754	0.008681	0.445656	0.091601	0.025181	0.534796	0.150526	0.079004	0.075237	0.135255	0.381402	0.015091	0.041382	0.118792	0.235669	0.207664	1,2,1,3,2,4	71.354689	1.075743	0.427945	1.075743	0.554307	0.427945	1.493526	
598000	-112301	1,2,3,4,2,5	71.354689	5.965771	4.682335	5.446118	4.691088	4.682335	6.994635	1,1,2,3,4,4	71.354689	0.422593	0.227549	0.291861	0.057997	0.422593	0.227549	0.291861	0.057997	0.347857	0.349474	0.102509	0.200160	0.102944	0.316196	0.126539	0.454321	0.318910	0.088752	0.375672	0.216666	0.318910	0.088752	0.375672	0.216666	1,2,3,4,4,3	71.354689	0.003908	0.291855	0.291192	0.029844	0.213917	0.169284	0.028514	0.584014	0.074481	0.017630	0.140152	0.155211	0.438104	0.005062	0.045112	0.065672	0.356354	0.089696	0.210418	0.188815	0.254335	0.033636	0.246892	0.065904	0.210418	0.188815	0.254335	0.033636	0.246892	0.065904	0.438104	0.005062	0.045112	0.065672	0.356354	0.089696	1,2,3,4,5,6	71.354689	1.146435	0.382725	0.895871	0.664563	0.623258	1.361047	
599000	-112623	1,2,2,2,3,4	71.354689	6.121462	4.488273	4.488273	4.488273	5.953898	6.116797	1,2,3,4,5,6	71.354689	0.312895	0.133410	0.493138	0.060558	0.502920	0.292014	0.080896	0.124171	0.211203	0.273732	0.033862	0.481202	0.102669	0.216124	0.182623	0.498583	0.312734	0.159062	0.166567	0.361637	0.173335	0.108572	0.466616	0.251478	1,1,2,3,4,2	71.354689	0.030663	0.607022	0.027337	0.047831	0.054732	0.232415	0.030663	0.607022	0.027337	0.047831	0.054732	0.232415	0.420139	0.035872	0.057077	0.158714	0.117767	0.210431	0.045964	0.098637	0.252691	0.052789	0.476591	0.073328	0.195393	0.226578	0.040113	0.060010	0.272792	0.205114	0.420139	0.035872	0.057077	0.158714	0.117767	0.210431	1,2,3,2,2,4	71.354689	1.088854	0.496041	1.165302	0.496041	0.496041	1.505774	
600000	-114381	1,2,2,2,3,4	71.354689	5.665404	4.560641	4.560641	4.560641	5.305088	5.135148	1,1,2,3,4,5	71.354689	0.468671	0.192441	0.273118	0.065771	0.468671	0.192441	0.273118	0.065771	0.284682	0.294591	0.059525	0.361202	0.059821	0.202211	0.304437	0.433531	0.486898	0.252048	0.120767	0.140287	0.190399	0.159890	0.467245	0.182467	1,2,3,4,5,6	71.354689	0.042674	0.530587	0.214573	0.074713	0.035427	0.102026	0.006270	0.477029	0.068098	0.089740	0.136243	0.222620	0.504685	0.048125	0.038200	0.041805	0.058968	0.308218	0.124734	0.094002	0.294542	0.083597	0.314265	0.088860	0.081083	0.208485	0.053946	0.420684	0.092672	0.143130	0.143917	0.026556	0.012985	0.336137	0.260778	0.219627	1,2,1,3,2,4	71.354689	1.109727	0.432428	1.109727	0.494558	0.432428	2.127008	
601000	-113903	1,2,3,4,5,6	71.354689	6.104105	6.286378	5.331888	5.153505	5.461137	6.354659	1,1,2,3,4,5	71.354689	0.525590	0.134609	0.264319	0.075482	0.525590	0.134609	0.264319	0.075482	0.255311	0.428236	0.002095	0.314358	0.172445	0.316825	0.168601	0.342129	0.496537	0.092342	0.090876	0.320245	0.234288	0.194331	0.350272	0.221108	1,1,2,3,4,2	71.354689	0.001397	0.580966	0.202483	0.067687	0.082189	0.065279	0.001397	0.580966	0.202483	0.067687	0.082189	0.065279	0.402379	0.065195	0.062464	0.072074	0.235187	0.162699	0.401246	0.070191	0.124473	0.039449	0.348908	0.015732	0.260761	0.089386	0.122887	0.294163	0.167061	0.065741	0.402379	0.065195	0.062464	0.072074	0.235187	0.162699	1,2,3,2,2,4	71.354689	1.274026	0.479613	1.092660	0.479613	0.479613	1.842240	
602000	-112754	1,2,1,3,3,4	71.354689	4.564050	4.656305	4.564050	5.079354	5.079354	6.358823	1,1,1,2,3,3	71.354689	0.383755	0.336324	0.204387	0.075534	0.383755	0.336324	0.204387	0.075534	0.383755	0.336324	0.204387	0.075534	0.078131	0.257305	0.099580	0.564984	0.358149	0.071244	0.313021	0.257586	0.358149	0.071244	0.313021	0.257586	1,1,2,2,3,4	71.354689	0.011562	0.647604	0.063152	0.016120	0.077532	0.184030	0.011562	0.647604	0.063152	0.016120	0.077532	0.184030	0.259384	0.004185	0.112204	0.050206	0.485812	0.088209	0.259384	0.004185	0.112204	0.050206	0.485812	0.088209	0.275340	0.320779	0.046088	0.075570	0.146578	0.135644	0.185035	0.082267	0.104151	0.058838	0.109800	0.459908	1,2,3,4,2,5	71.354689	1.368079	0.423862	0.752196	0.582736	0.423862	2.142052	
603000	-114067	1,2,3,3,4,5	71.354689	5.735688	6.209438	4.500494	4.500494	5.570039	5.251690	1,1,2,3,4,3	71.354689	0.544100	0.134059	0.251499	0.070341	0.544100	0.134059	0.251499	0.070341	0.300578	0.378348	0.181335	0.139740	0.120517	0.146173	0.325499	0.407811	0.446317	0.227079	0.120255	0.206349	0.120517	0.146173	0.325499	0.407811	1,1,2,3,4,4	71.354689	0.021054	0.642705	0.130531	0.022999	0.038797	0.143913	0.021054	0.642705	0.130531	0.022999	0.038797	0.143913	0.277288	0.072091	0.214442	0.022703	0.294448	0.119028	0.001387	0.069691	0.102693	0.130387	0.646597	0.049244	0.072958	0.100523	0.154001	0.266604	0.205404	0.200510	0.072958	0.100523	0.154001	0.266604	0.205404	0.200510	1,2,3,4,5,6	71.354689	1.014539	0.343619	1.251835	0.499202	0.479374	1.980320	
604000	-113517	1,2,3,4,5,6	71.354689	5.585124	5.483730	5.729089	5.457351	6.541699	5.466727	1,1,2,3,2,4	71.354689	0.426863	0.176210	0.349161	0.047766	0.426863	0.176210	0.349161	0.047766	0.330154	0.231163	0.168209	0.270474	0.057713	0.081205	0.119932	0.741149	0.330154	0.231163	0.168209	0.270474	0.273996	0.336612	0.275201	0.114191	1,1,2,3,4,2	71.354689	0.008770	0.422469	0.232914	0.044023	0.118433	0.173390	0.008770	0.422469	0.232914	0.044023	0.118433	0.173390	0.399894	0.000373	0.110266	0.056130	0.132495	0.300841	0.075115	0.572469	0.096069	0.021502	0.209558	0.025287	0.086856	0.530171	0.163841	0.060537	0.026335	0.132261	0.399894	0.000373	0.110266	0.056130	0.132495	0.300841	1,2,3,4,2,5	71.354689	0.991333	0.394931	1.027259	0.660129	0.394931	1.388453	
605000	-113958	1,2,3,4,5,6	71.354689	5.846398	5.445144	5.391930	5.202636	5.468849	5.446077	1,2,3,4,1,1	71.354689	0.437502	0.108639	0.305641	0.148218	0.527591	0.149055	0.160453	0.162900	0.188832	0.562143	0.007768	0.241257	0.168365	0.294869	0.223645	0.313121	0.437502	0.108639	0.305641	0.148218	0.437502	0.108639	0.305641	0.148218	1,1,2,3,3,4	71.354689	0.002113	0.691749	0.102499	0.050890	0.078533	0.074217	0.002113	0.691749	0.102499	0.050890	0.078533	0.074217	0.282348	0.214698	0.009616	0.163554	0.160306	0.169479	0.154922	0.222723	0.202739	0.048851	0.266928	0.103837	0.154922	0.222723	0.202739	0.048851	0.266928	0.103837	0.189768	0.014437	0.284356	0.046830	0.105074	0.359536	1,2,3,4,4,5	71.354689	1.158969	0.450797	0.911612	0.538986	0.538986	1.364460	
606000	-112629	1,2,3,4,4,5	71.354689	5.331458	6.482725	4.593522	4.514335	4.514335	6.193604	1,1,2,3,4,4	71.354689	0.559338	0.210575	0.196634	0.033453	0.559338	0.210575	0.196634	0.033453	0.476878	0.241657	0.037653	0.243812	0.183768	0.290403	0.123591	0.402238	0.219740	0.125650	0.389762	0.264848	0.219740	0.125650	0.389762	0.264848	1,1,2,2,3,4	71.354689	0.005670	0.448813	0.229598	0.042565	0.081828	0.191526	0.005670	0.448813	0.229598	0.042565	0.081828	0.191526	0.326251	0.026620	0.091519	0.013972	0.405035	0.136602	0.326251	0.026620	0.091519	0.013972	0.405035	0.136602	0.093010	0.160527	0.246060	0.188509	0.153768	0.158126	0.237160	0.056893	0.097115	0.094791	0.111515	0.402526	1,2,1,3,4,5	71.354689	1.017273	0.325448	1.017273	0.556020	0.540757	1.676494	
607000	-112382	1,2,3,4,4,5	71.354689	5.441060	5.800116	5.422916	4.907476	4.907476	5.642865	1,1,2,3,4,5	71.354689	0.554486	0.097759	0.225713	0.122042	0.554486	0.097759	0.225713	0.122042	0.249310	0.522830	0.012676	0.215185	0.167853	0.293789	0.099234	0.439124	0.337620	0.236236	0.075309	0.350835	0.207190	0.043052	0.442184	0.307574	1,1,2,3,4,5	71.354689	0.026247	0.479161	0.166631	0.038992	0.182533	0.106437	0.026247	0.479161	0.166631	0.038992	0.182533	0.106437	0.131952	0.469773	0.028268	0.002587	0.101934	0.265487	0.046411	0.036978	0.031031	0.358280	0.408554	0.118746	0.050393	0.328775	0.081673	0.321910	0.021652	0.195597	0.471835	0.025179	0.070205	0.134843	0.128423	0.169515	1,2,3,4,2,5	71.354689	1.007624	0.414610	1.109800	0.604854	0.414610	1.104703	
608000	-114307	1,2,2,2,3,3	71.354689	5.105961	4.565548	4.565548	4.565548	5.500183	5.500183	1,2,3,4,5,6	71.354689	0.307523	0.231416	0.340636	0.120425	0.308471	0.291953	0.276160	0.123415	0.222942	0.295293	0.043254	0.438511	0.227191	0.181700	0.025457	0.565652	0.241837	0.291335	0.284330	0.182498	0.180366	0.061073	0.262499	0.496062	1,1,2,3,1,2	71.354689	0.033681	0.516548	0.188554	0.086033	0.046441	0.128742	0.033681	0.516548	0.188554	0.086033	0.046441	0.128742	0.405154	0.022858	0.033108	0.144019	0.083964	0.310897	0.015923	0.074102	0.196823	0.175500	0.374809	0.162842	0.033681	0.516548	0.188554	0.086033	0.046441	0.128742	0.405154	0.022858	0.033108	0.144019	0.083964	0.310897	1,2,3,4,5,6	71.354689	1.042677	0.484601	1.078400	0.510124	0.512615	1.476674	
609000	-113010	1,2,3,4,5,6	71.354689	5.964965	6.794415	5.200375	4.753019	5.311807	6.172902	1,2,3,4,5,6	71.354689	0.469166	0.049578	0.410168	0.071088	0.525495	0.244406	0.138180	0.091919	0.538067	0.337790	0.028472	0.095672	0.089642	0.323883	0.167894	0.418582	0.444077	0.085894	0.225271	0.244758	0.143607	0.164625	0.355482	0.336286	1,1,2,3,4,3	71.354689	0.005838	0.395241	0.198849	0.083595	0.059452	0.257025	0.005838	0.395241	0.198849	0.083595	0.059452	0.257025	0.146841	0.157754	0.013350	0.359152	0.184095	0.138809	0.371034	0.020963	0.105208	0.032731	0.303120	0.166944	0.104749	0.316749	0.142989	0.198179	0.160786	0.076548	0.371034	0.020963	0.105208	0.032731	0.303120	0.166944	1,2,3,4,5,6	71.354689	0.950170	0.464980	0.921916	0.661687	0.448086	1.562713	
610000	-114380	1,2,3,4,5,6	71.354689	5.824421	4.625004	5.677166	4.796453	6.080559	6.361866	1,2,3,4,2,1	71.354689	0.354397	0.077790	0.384760	0.183053	0.453755	0.204698	0.126911	0.214636	0.358653	0.385749	0.068311	0.187287	0.008086	0.430168	0.046915	0.514831	0.453755	0.204698	0.126911	0.214636	0.354397	0.077790	0.384760	0.183053	1,1,2,2,3,4	71.354689	0.017376	0.444688	0.063314	0.121333	0.339068	0.014221	0.017376	0.444688	0.063314	0.121333	0.339068	0.014221	0.295870	0.160977	0.162924	0.123631	0.213551	0.043046	0.295870	0.160977	0.162924	0.123631	0.213551	0.043046	0.042122	0.206278	0.198313	0.251231	0.105768	0.196288	0.132891	0.013215	0.444344	0.009300	0.015474	0.384777	1,2,3,4,2,1	71.354689	1.135077	0.456304	0.956914	0.759212	0.456304	1.135077	
611000	-114306	1,2,3,1,1,4	71.354689	4.745293	5.301961	5.185739	4.745293	4.745293	5.835713	1,2,3,4,5,1	71.354689	0.229425	0.106928	0.503730	0.159917	0.396124	0.346914	0.233944	0.023017	0.191898	0.397770	0.100438	0.309894	0.046999	0.218492	0.372694	0.361816	0.160036	0.239802	0.284361	0.315801	0.229425	0.106928	0.503730	0.159917	1,1,2,3,4,5	71.354689	0.008332	0.507194	0.157798	0.063661	0.156345	0.106670	0.008332	0.507194	0.157798	0.063661	0.156345	0.106670	0.371543	0.152644	0.150092	0.019074	0.142384	0.164263	0.135934	0.385376	0.200506	0.109714	0.161809	0.006660	0.242824	0.318399	0.173896	0.099983	0.052101	0.112796	0.306650	0.092370	0.048478	0.049218	0.167992	0.335291	1,2,1,3,4,5	71.354689	1.062176	0.488925	1.062176	0.620729	0.582400	1.614682	
612000	-113021	1,1,2,2,2,3	71.354689	6.137831	6.137831	5.232940	5.232940	5.232940	6.084621	1,1,2,3,4,4	71.354689	0.582344	0.083279	0.310251	0.024126	0.582344	0.083279	0.310251	0.024126	0.281743	0.581430	0.024271	0.112556	0.202078	0.226500	0.077837	0.493585	0.212002	0.107196	0.313120	0.367682	0.212002	0.107196	0.313120	0.367682	1,2,3,3,3,4	71.354689	0.023104	0.420598	0.328072	0.147666	0.027000	0.053560	0.012818	0.266748	0.206850	0.076660	0.125366	0.311557	0.266639	0.184030	0.077131	0.052881	0.247142	0.172176	0.266639	0.184030	0.077131	0.052881	0.247142	0.172176	0.266639	0.184030	0.077131	0.052881	0.247142	0.172176	0.145750	0.037878	0.068560	0.263237	0.292101	0.192474	1,2,3,4,4,5	71.354689	1.056459	0.426447	1.230494	0.576459	0.576459	1.238641	
613000	-114784	1,2,3,4,5,6	71.354689	6.373429	5.788665	5.477613	5.575837	5.485268	5.406515	1,1,2,3,3,4	71.354689	0.559844	0.088911	0.253009	0.098235	0.559844	0.088911	0.253009	0.098235	0.114743	0.805013	0.019787	0.060458	0.299215	0.171591	0.241554	0.287640	0.299215	0.171591	0.241554	0.287640	0.136703	0.124972	0.580818	0.157507	1,1,2,1,2,3	71.354689	0.011259	0.462558	0.096505	0.037979	0.314398	0.077300	0.011259	0.462558	0.096505	0.037979	0.314398	0.077300	0.178839	0.215603	0.249595	0.065184	0.154605	0.136175	0.011259	0.462558	0.096505	0.037979	0.314398	0.077300	0.178839	0.215603	0.249595	0.065184	0.154605	0.136175	0.184079	0.005111	0.089105	0.097690	0.287039	0.336976	1,2,1,3,3,4	71.354689	1.099737	0.295024	1.099737	0.573508	0.573508	1.516061	
614000	-112472	1,2,3,3,3,4	71.354689	5.499045	5.450902	4.900762	4.900762	4.900762	6.582785	1,2,3,3,4,4	71.354689	0.466284	0.235432	0.232995	0.065289	0.548686	0.308340	0.120696	0.022278	0.128053	0.383379	0.087162	0.401405	0.128053	0.383379	0.087162	0.401405	0.294415	0.103366	0.326930	0.275289	0.294415	0.103366	0.326930	0.275289	1,1,2,3,4,2	71.354689	0.001534	0.471860	0.164817	0.052596	0.118424	0.190769	0.001534	0.471860	0.164817	0.052596	0.118424	0.190769	0.384143	0.001276	0.077012	0.091972	0.135681	0.309916	0.281197	0.042378	0.218809	0.150149	0.231947	0.075520	0.148288	0.236582	0.063108	0.132477	0.196419	0.223125	0.384143	0.001276	0.077012	0.091972	0.135681	0.309916	1,2,1,2,3,4	71.354689	1.240168	0.543600	1.240168	0.543600	0.427019	1.779970	
615000	-113186	1,2,3,2,2,4	71.354689	6.196283	4.606944	5.032927	4.606944	4.606944	6.374147	1,2,3,4,5,6	71.354689	0.413730	0.153222	0.389233	0.043814	0.479615	0.303396	0.130695	0.086294	0.148412	0.490797	0.030495	0.330297	0.201591	0.138003	0.075058	0.585349	0.555537	0.041114	0.052386	0.350963	0.133871	0.033236	0.389839	0.443054	1,1,2,3,4,2	71.354689	0.036327	0.657344	0.061773	0.151878	0.056472	0.036207	0.036327	0.657344	0.061773	0.151878	0.056472	0.036207	0.353856	0.029194	0.122696	0.040429	0.170750	0.283076	0.064681	0.012686	0.055225	0.273683	0.587692	0.006034	0.045939	0.313394	0.043530	0.273109	0.070460	0.253568	0.353856	0.029194	0.122696	0.040429	0.170750	0.283076	1,2,3,4,2,5	71.354689	0.931930	0.472870	0.992033	0.554889	0.472870	1.426142	
616000	-111669	1,2,3,4,5,6	71.354689	5.764083	6.626648	5.658565	4.772755	6.323779	6.357830	1,1,2,3,4,5	71.354689	0.592979	0.115877	0.247702	0.043442	0.592979	0.115877	0.247702	0.043442	0.278155	0.396501	0.091246	0.234098	0.070262	0.082341	0.222241	0.625156	0.396708	0.239011	0.105975	0.258306	0.167603	0.125695	0.504882	0.201821	1,1,2,3,1,2	71.354689	0.014303	0.499046	0.086979	0.082361	0.099683	0.217628	0.014303	0.499046	0.086979	0.082361	0.099683	0.217628	0.542997	0.004431	0.056263	0.068203	0.145219	0.182886	0.117683	0.069842	0.116505	0.178389	0.500670	0.016912	0.014303	0.499046	0.086979	0.082361	0.099683	0.217628	0.542997	0.004431	0.056263	0.068203	0.145219	0.182886	1,2,1,3,4,5	71.354689	1.157907	0.371999	1.157907	0.612006	0.479947	1.459894	
617000	-112416	1,2,3,3,4,5	71.354689	5.138079	5.731458	4.523383	4.523383	5.800005	6.737469	1,1,2,2,3,4	71.354689	0.616007	0.143390	0.181696	0.058907	0.616007	0.143390	0.181696	0.058907	0.158572	0.298954	0.029915	0.512559	0.158572	0.298954	0.029915	0.512559	0.320351	0.272915	0.173633	0.233100	0.161366	0.037526	0.575658	0.225450	1,1,2,3,4,2	71.354689	0.007658	0.451036	0.191847	0.051542	0.172546	0.125371	0.007658	0.451036	0.191847	0.051542	0.172546	0.125371	0.449082	0.000339	0.036515	0.031468	0.181990	0.300607	0.049560	0.178312	0.082727	0.227272	0.314750	0.147379	0.065646	0.409290	0.110801	0.202936	0.078143	0.133185	0.449082	0.000339	0.036515	0.031468	0.181990	0.300607	1,2,3,4,5,1	71.354689	1.233473	0.336788	1.113505	0.549715	0.496110	1.233473	
618000	-112481	1,2,3,4,5,6	71.354689	5.948884	5.799450	5.215938	5.219857	5.547972	5.242320	1,1,2,3,4,5	71.354689	0.540279	0.149664	0.278912	0.031145	0.540279	0.149664	0.278912	0.031145	0.316034	0.482312	0.122387	0.079267	0.043009	0.132627	0.042353	0.782011	0.311433	0.100726	0.136736	0.451104	0.045653	0.021489	0.611485	0.321373	1,1,2,2,3,4	71.354689	0.012032	0.333333	0.111034	0.070841	0.319263	0.153497	0.012032	0.333333	0.111034	0.070841	0.319263	0.153497	0.331853	0.019021	0.075590	0.019294	0.444483	0.109760	0.331853	0.019021	0.075590	0.019294	0.444483	0.109760	0.240667	0.434535	0.095792	0.000018	0.160647	0.068341	0.613622	0.046690	0.052242	0.058033	0.184102	0.045311	1,2,3,4,4,1	71.354689	1.190168	0.402803	0.860620	0.486319	0.486319	1.190168	
619000	-113978	1,2,2,2,3,4	71.354689	6.488116	4.696474	4.696474	4.696474	6.683060	5.046663	1,1,2,3,2,4	71.354689	0.470729	0.136951	0.378652	0.013668	0.470729	0.136951	0.378652	0.013668	0.334911	0.328312	0.078224	0.258554	0.251964	0.311159	0.077096	0.359781	0.334911	0.328312	0.078224	0.258554	0.353482	0.270618	0.150742	0.225158	1,1,2,3,4,5	71.354689	0.053442	0.379533	0.175883	0.064207	0.126420	0.200515	0.053442	0.379533	0.175883	0.064207	0.126420	0.200515	0.294799	0.186107	0.033198	0.002323	0.215756	0.267817	0.215456	0.012475	0.087203	0.024457	0.611762	0.048647	0.063769	0.290088	0.111700	0.146198	0.044577	0.343669	0.196869	0.100736	0.032079	0.196118	0.053751	0.420446	1,2,3,4,4,5	71.354689	1.154774	0.456896	0.866630	0.489639	0.489639	1.267365	
620000	-112226	1,2,3,4,5,6	71.354689	5.471000	6.657349	4.654578	5.054546	6.014155	7.055476	1,2,3,4,5,6	71.354689	0.444253	0.230640	0.267819	0.057288	0.555948	0.206893	0.224671	0.012488	0.567878	0.255155	0.014597	0.162370	0.118631	0.281458	0.081922	0.517989	0.315378	0.321502	0.164729	0.198390	0.342824	0.130559	0.283230	0.243387	1,1,2,2,1,3	71.354689	0.019608	0.517547	0.177012	0.031554	0.062632	0.191647	0.019608	0.517547	0.177012	0.031554	0.062632	0.191647	0.233914	0.021084	0.060397	0.047882	0.496427	0.140296	0.233914	0.021084	0.060397	0.047882	0.496427	0.140296	0.019608	0.517547	0.177012	0.031554	0.062632	0.191647	0.156119	0.014338	0.123868	0.079705	0.373865	0.252105	1,2,3,4,5,6	71.354689	1.187435	0.364179	0.925072	0.779520	0.423880	1.886499	
621000	-112596	1,2,3,2,3,4	71.354689	5.505191	4.063391	5.260101	4.063391	5.260101	5.342872	1,2,3,4,1,5	71.354689	0.391126	0.133350	0.297550	0.177974	0.740460	0.133408	0.104723	0.021409	0.300404	0.294025	0.093387	0.312184	0.160938	0.096012	0.285675	0.457375	0.391126	0.133350	0.297550	0.177974	0.246506	0.049192	0.576528	0.127774	1,2,3,2,4,5	71.354689	0.080466	0.481488	0.136770	0.218258	0.038500	0.044519	0.008543	0.200959	0.156180	0.027976	0.549865	0.056477	0.315735	0.000002	0.077551	0.165361	0.161779	0.279572	0.008543	0.200959	0.156180	0.027976	0.549865	0.056477	0.150230	0.161477	0.167307	0.173540	0.283840	0.063605	0.307649	0.001246	0.113875	0.092204	0.248251	0.236775	1,2,3,4,5,6	71.354689	1.066891	0.443549	1.168964	0.558170	0.500354	1.852015	
622000	-112694	1,2,3,2,4,5	71.354689	5.087204	4.850200	5.707140	4.850200	5.602172	5.534469	1,2,2,3,4,1	71.354689	0.269124	0.109151	0.533502	0.088223	0.354784	0.408261	0.145208	0.091746	0.354784	0.408261	0.145208	0.091746	0.039548	0.131830	0.106733	0.721889	0.280127	0.151580	0.094690	0.473604	0.269124	0.109151	0.533502	0.088223	1,1,2,3,1,2	71.354689	0.011340	0.507773	0.124866	0.065076	0.119119	0.171826	0.011340	0.507773	0.124866	0.065076	0.119119	0.171826	0.342267	0.002159	0.083797	0.095976	0.206829	0.268973	0.085737	0.266681	0.251776	0.031591	0.332240	0.031976	0.011340	0.507773	0.124866	0.065076	0.119119	0.171826	0.342267	0.002159	0.083797	0.095976	0.206829	0.268973	1,2,3,4,4,5	71.354689	1.112033	0.421890	1.047241	0.420141	0.420141	1.850699	
623000	-113033	1,2,3,2,4,5	71.354689	5.822929	4.444990	5.217601	4.444990	4.785060	5.578788	1,2,3,4,5,1	71.354689	0.338395	0.144853	0.354539	0.162214	0.400416	0.205349	0.245800	0.148435	0.232205	0.521155	0.131744	0.114895	0.026799	0.123478	0.192047	0.657676	0.587025	0.094353	0.191097	0.127526	0.338395	0.144853	0.354539	0.162214	1,1,2,2,3,4	71.354689	0.032429	0.486467	0.108504	0.036493	0.318940	0.017168	0.032429	0.486467	0.108504	0.036493	0.318940	0.017168	0.381231	0.036917	0.179454	0.071958	0.298003	0.032437	0.381231	0.036917	0.179454	0.071958	0.298003	0.032437	0.040901	0.158331	0.185860	0.076355	0.321244	0.217309	0.055265	0.070896	0.122116	0.163990	0.135272	0.452461	1,2,1,3,4,5	71.354689	1.140823	0.446002	1.140823	0.476174	0.443402	1.397026	
624000	-113086	1,2,3,4,5,2	71.354689	6.223416	6.356822	5.714498	4.916879	5.334868	6.356822	1,1,2,3,4,5	71.354689	0.610678	0.051960	0.298255	0.039107	0.610678	0.051960	0.298255	0.039107	0.244827	0.432958	0.144307	0.177909	0.051067	0.065958	0.003088	0.879887	0.253549	0.302706	0.128655	0.315090	0.260677	0.203746	0.382162	0.153415	1,2,3,4,2,3	71.354689	0.072822	0.292092	0.225282	0.084104	0.238686	0.087013	0.055678	0.436864	0.086687	0.089367	0.077453	0.253950	0.304586	0.011527	0.036964	0.084636	0.334110	0.228177	0.079530	0.266854	0.085300	0.187551	0.275795	0.104971	0.055678	0.436864	0.086687	0.089367	0.077453	0.253950	0.304586	0.011527	0.036964	0.084636	0.334110	0.228177	1,2,1,3,4,5	71.354689	1.102072	0.321013	1.102072	0.636844	0.365583	1.543459	
625000	-114928	1,2,3,3,4,5	71.354689	5.033423	5.089673	4.351788	4.351788	4.687905	6.359491	1,1,2,3,4,5	71.354689	0.528254	0.212502	0.224313	0.034931	0.528254	0.212502	0.224313	0.034931	0.120198	0.518482	0.146852	0.214468	0.135934	0.426071	0.148976	0.289020	0.230670	0.432853	0.083334	0.253143	0.183255	0.066848	0.469521	0.280376	1,1,2,2,3,4	71.354689	0.019307	0.289301	0.230647	0.119938	0.166995	0.173812	0.019307	0.289301	0.230647	0.119938	0.166995	0.173812	0.436959	0.122301	0.079404	0.065597	0.236657	0.059082	0.436959	0.122301	0.079404	0.065597	0.236657	0.059082	0.127053	0.210602	0.099018	0.129462	0.061793	0.372072	0.122427	0.088245	0.107616	0.275802	0.003387	0.402523	1,2,1,3,4,5	71.354689	1.144255	0.400275	1.144255	0.457105	0.484846	1.367209	
626000	-112806	1,1,2,3,4,1	71.354689	5.007762	5.007762	5.122887	5.105015	5.598004	5.007762	1,2,3,4,2,5	71.354689	0.343739	0.156611	0.452011	0.047639	0.369066	0.222317	0.250375	0.158242	0.500545	0.408866	0.045223	0.045365	0.129867	0.258309	0.010343	0.601481	0.369066	0.222317	0.250375	0.158242	0.361664	0.144353	0.325005	0.168978	1,1,2,3,4,5	71.354689	0.006712	0.565143	0.237166	0.097526	0.066403	0.027050	0.006712	0.565143	0.237166	0.097526	0.066403	0.027050	0.138276	0.139160	0.056103	0.013119	0.220363	0.432980	0.101806	0.261664	0.037370	0.151205	0.382904	0.065052	0.120456	0.122842	0.146636	0.278487	0.096893	0.234686	0.197142	0.042378	0.096041	0.127845	0.127946	0.408648	1,2,1,3,2,4	71.354689	0.997879	0.482840	0.997879	0.569229	0.482840	1.606384	
627000	-113712	1,2,3,2,2,4	71.354689	5.707603	4.492319	5.435536	4.492319	4.492319	5.868060	1,1,2,3,4,5	71.354689	0.389451	0.168215	0.333042	0.109291	0.389451	0.168215	0.333042	0.109291	0.416742	0.381981	0.020882	0.180395	0.129335	0.381377	0.150172	0.339115	0.316847	0.175764	0.062510	0.444880	0.314879	0.083256	0.389620	0.212245	1,1,2,3,4,5	71.354689	0.060021	0.610334	0.093831	0.049477	0.050428	0.135909	0.060021	0.610334	0.093831	0.049477	0.050428	0.135909	0.203375	0.126000	0.171473	0.161347	0.100527	0.237278	0.227368	0.175058	0.318238	0.016982	0.203430	0.058924	0.134572	0.460649	0.064481	0.135547	0.082034	0.122718	0.104459	0.027854	0.246402	0.289361	0.134414	0.197509	1,2,3,4,5,6	71.354689	0.999025	0.458076	1.025198	0.579182	0.449014	1.709128	
628000	-113176	1,1,2,3,4,1	71.354689	4.665925	4.665925	5.170104	5.011741	5.498743	4.665925	1,1,2,3,2,4	71.354689	0.334579	0.412134	0.232378	0.020909	0.334579	0.412134	0.232378	0.020909	0.417097	0.276616	0.144285	0.162002	0.142506	0.253851	0.125023	0.478620	0.417097	0.276616	0.144285	0.162002	0.567456	0.056496	0.153799	0.222249	1,1,2,2,3,4	71.354689	0.006918	0.340545	0.270639	0.031277	0.100348	0.250273	0.006918	0.340545	0.270639	0.031277	0.100348	0.250273	0.213016	0.029084	0.146128	0.091274	0.477825	0.042674	0.213016	0.029084	0.146128	0.091274	0.477825	0.042674	0.190280	0.247255	0.234487	0.129203	0.005694	0.193081	0.185682	0.002741	0.081977	0.159558	0.331841	0.238201	1,2,3,4,2,5	71.354689	1.137701	0.439919	1.094174	0.702183	0.439919	2.381485	
629000	-113554	1,2,3,1,4,5	71.354689	5.312175	6.447676	5.588230	5.312175	6.144951	5.676241	1,1,2,3,2,4	71.354689	0.668396	0.049367	0.261560	0.020677	0.668396	0.049367	0.261560	0.020677	0.285403	0.223272	0.234765	0.256560	0.116987	0.355178	0.119342	0.408493	0.285403	0.223272	0.234765	0.256560	0.395701	0.053712	0.360162	0.190425	1,1,2,3,1,4	71.354689	0.011867	0.259688	0.181898	0.215637	0.050235	0.280675	0.011867	0.259688	0.181898	0.215637	0.050235	0.280675	0.358725	0.112983	0.125386	0.086773	0.202654	0.113479	0.132117	0.310490	0.086412	0.124942	0.341341	0.004699	0.011867	0.259688	0.181898	0.215637	0.050235	0.280675	0.281291	0.024839	0.090911	0.158221	0.020293	0.424444	1,2,1,3,2,4	71.354689	1.036356	0.344558	1.036356	0.700899	0.344558	1.845097	
630000	-113034	1,2,3,4,5,6	71.354689	5.538793	5.070121	5.378842	6.220425	5.387350	5.361544	1,2,3,4,2,1	71.354689	0.429526	0.098428	0.292813	0.179233	0.370096	0.237564	0.216523	0.175817	0.322046	0.304264	0.061471	0.312218	0.034583	0.281068	0.038546	0.645804	0.370096	0.237564	0.216523	0.175817	0.429526	0.098428	0.292813	0.179233	1,2,3,4,4,5	71.354689	0.103920	0.520038	0.145237	0.119794	0.064475	0.046537	0.028955	0.476537	0.117427	0.108733	0.241753	0.026595	0.304809	0.137848	0.051930	0.145790	0.289509	0.070113	0.113241	0.153378	0.337796	0.062240	0.112777	0.220568	0.113241	0.153378	0.337796	0.062240	0.112777	0.220568	0.163877	0.022413	0.093955	0.346887	0.143941	0.228927	1,2,3,4,5,6	71.354689	1.203945	0.361025	1.017315	0.563892	0.582930	1.656363	
631000	-112500	1,2,3,4,5,6	71.354689	6.242138	5.991164	5.337702	5.537608	6.055759	5.870990	1,1,2,3,4,5	71.354689	0.509664	0.088012	0.381972	0.020352	0.509664	0.088012	0.381972	0.020352	0.266113	0.296418	0.078233	0.359237	0.040608	0.223746	0.157647	0.577999	0.312531	0.069933	0.198117	0.419418	0.327665	0.173046	0.348021	0.151267	1,1,2,2,3,4	71.354689	0.001063	0.163046	0.273709	0.042312	0.309398	0.210472	0.001063	0.163046	0.273709	0.042312	0.309398	0.210472	0.311535	0.319685	0.049823	0.130612	0.160860	0.027484	0.311535	0.319685	0.049823	0.130612	0.160860	0.027484	0.170251	0.260951	0.109838	0.098372	0.070759	0.289828	0.117507	0.006765	0.029583	0.213687	0.234415	0.398043	1,2,3,4,5,6	71.354689	1.062054	0.442079	1.108201	0.597243	0.543246	1.303959	
632000	-112721	1,2,3,4,5,6	71.354689	5.929802	6.203136	5.266487	5.141341	5.342830	6.374240	1,1,2,2,3,4	71.354689	0.566356	0.091938	0.311015	0.030690	0.566356	0.091938	0.311015	0.030690	0.280127	0.292832	0.036523	0.390518	0.280127	0.292832	0.036523	0.390518	0.319468	0.083453	0.252471	0.344609	0.188888	0.082500	0.397547	0.331064	1,1,2,3,4,2	71.354689	0.034222	0.223345	0.071944	0.037852	0.044557	0.588081	0.034222	0.223345	0.071944	0.037852	0.044557	0.588081	0.385472	0.016202	0.075201	0.104027	0.110813	0.308285	0.021471	0.138462	0.108020	0.422128	0.294363	0.015555	0.232272	0.299680	0.120436	0.023776	0.235726	0.088110	0.385472	0.016202	0.075201	0.104027	0.110813	0.308285	1,2,3,4,5,6	71.354689	0.858061	0.425492	0.998591	0.745237	0.579045	1.160301	
633000	-112576	1,2,3,2,4,5	71.354689	5.930824	4.981989	6.122269	4.981989	5.445593	6.405174	1,1,2,3,4,4	71.354689	0.362943	0.261803	0.293927	0.081328	0.362943	0.261803	0.293927	0.081328	0.450799	0.365712	0.018082	0.165408	0.124544	0.163957	0.113666	0.597833	0.282450	0.125938	0.418645	0.172968	0.282450	0.125938	0.418645	0.172968	1,1,2,2,3,4	71.354689	0.015740	0.411520	0.206933	0.058521	0.091910	0.215376	0.015740	0.411520	0.206933	0.058521	0.091910	0.215376	0.279419	0.037895	0.037279	0.192681	0.349488	0.103238	0.279419	0.037895	0.037279	0.192681	0.349488	0.103238	0.393528	0.121916	0.160318	0.044662	0.098768	0.180808	0.121525	0.015747	0.100471	0.087747	0.401526	0.272984	1,2,1,3,4,5	71.354689	1.084884	0.451504	1.084884	0.628135	0.490285	1.877012	
634000	-114751	1,2,3,4,5,6	71.354689	5.979162	5.276703	5.506877	4.844185	6.773002	5.513195	1,2,3,4,4,4	71.354689	0.638501	0.060826	0.282684	0.017988	0.485839	0.321069	0.126139	0.066953	0.259229	0.429311	0.170323	0.141137	0.328797	0.129754	0.223123	0.318327	0.328797	0.129754	0.223123	0.318327	0.328797	0.129754	0.223123	0.318327	1,1,2,3,4,5	71.354689	0.001007	0.330840	0.328059	0.051808	0.034819	0.253467	0.001007	0.330840	0.328059	0.051808	0.034819	0.253467	0.412633	0.033599	0.030495	0.147431	0.254804	0.121038	0.226392	0.116661	0.118439	0.052487	0.387170	0.098852	0.202424	0.179682	0.302850	0.040854	0.131138	0.143053	0.141942	0.075427	0.009650	0.154254	0.185697	0.433030	1,2,3,4,2,5	71.354689	1.111199	0.503474	0.951802	0.884030	0.503474	1.251468	
635000	-111849	1,2,3,4,5,6	71.354689	6.469965	5.195460	5.350176	5.773505	4.950602	6.411168	1,2,3,4,5,6	71.354689	0.579854	0.070334	0.311625	0.038187	0.421177	0.308311	0.202901	0.067611	0.168103	0.499322	0.052323	0.280253	0.071536	0.198664	0.023697	0.706103	0.421268	0.056692	0.247848	0.274192	0.189796	0.098983	0.421979	0.289242	1,1,2,3,4,2	71.354689	0.009762	0.391768	0.339751	0.036713	0.058088	0.163918	0.009762	0.391768	0.339751	0.036713	0.058088	0.163918	0.223710	0.004889	0.080728	0.317096	0.106422	0.267155	0.047965	0.182726	0.220446	0.166159	0.370163	0.012541	0.190017	0.184606	0.165885	0.172971	0.219428	0.067093	0.223710	0.004889	0.080728	0.317096	0.106422	0.267155	1,2,3,2,2,4	71.354689	0.960256	0.526225	1.030027	0.526225	0.526225	1.959180	
636000	-112366	1,2,3,3,4,5	71.354689	5.467027	6.580164	5.172943	5.172943	5.309847	5.961849	1,1,2,3,4,5	71.354689	0.595622	0.142949	0.237427	0.024002	0.595622	0.142949	0.237427	0.024002	0.218858	0.436851	0.222964	0.121327	0.032652	0.154431	0.153232	0.659686	0.470200	0.061430	0.219211	0.249159	0.242467	0.078089	0.331265	0.348179	1,2,3,4,5,6	71.354689	0.021088	0.422617	0.134366	0.048221	0.326383	0.047325	0.004821	0.288482	0.048029	0.016076	0.350419	0.292173	0.333995	0.027772	0.221325	0.025662	0.286899	0.104347	0.373616	0.299717	0.070446	0.028548	0.213988	0.013685	0.132689	0.093843	0.049613	0.239633	0.343598	0.140624	0.337465	0.006694	0.001291	0.378047	0.120141	0.156363	1,2,1,3,4,5	71.354689	1.126748	0.444959	1.126748	0.583104	0.466343	1.645662	
637000	-113075	1,2,3,3,4,5	71.354689	5.209448	5.396251	4.471901	4.471901	6.544128	5.596601	1,2,2,3,2,4	71.354689	0.408591	0.252165	0.217352	0.121892	0.472403	0.232436	0.155392	0.139770	0.472403	0.232436	0.155392	0.139770	0.100750	0.110935	0.072772	0.715543	0.472403	0.232436	0.155392	0.139770	0.282847	0.099364	0.432532	0.185258	1,1,2,2,3,4	71.354689	0.002350	0.801923	0.081311	0.043172	0.029183	0.042061	0.002350	0.801923	0.081311	0.043172	0.029183	0.042061	0.252422	0.037008	0.136198	0.029598	0.438655	0.106120	0.252422	0.037008	0.136198	0.029598	0.438655	0.106120	0.254650	0.105557	0.154183	0.096809	0.156368	0.232433	0.131376	0.036518	0.023718	0.245478	0.337870	0.225040	1,2,1,3,2,4	71.354689	0.994686	0.393097	0.994686	0.787733	0.393097	1.983437	
638000	-112375	1,2,3,2,4,5	71.354689	5.997477	4.503596	5.592197	4.503596	5.676660	5.597539	1,2,3,4,3,5	71.354689	0.501291	0.145084	0.338503	0.015121	0.426039	0.391554	0.123492	0.058915	0.285556	0.366137	0.120190	0.228117	0.189473	0.205183	0.129634	0.475710	0.285556	0.366137	0.120190	0.228117	0.166444	0.094496	0.537875	0.201185	1,2,3,4,2,5	71.354689	0.025336	0.347339	0.201175	0.037032	0.120084	0.269034	0.021596	0.486739	0.100702	0.053124	0.073660	0.264178	0.424060	0.060181	0.069220	0.002547	0.338763	0.105228	0.041169	0.107587	0.096686	0.148182	0.568626	0.037750	0.021596	0.486739	0.100702	0.053124	0.073660	0.264178	0.090325	0.028880	0.025561	0.156565	0.221035	0.477633	1,2,3,2,4,5	71.354689	1.061485	0.552157	0.929672	0.552157	0.399936	1.189096	
639000	-115169	1,2,3,2,4,5	71.354689	6.075727	5.241719	5.357034	5.241719	5.352476	5.504389	1,1,2,3,4,3	71.354689	0.621265	0.062248	0.284022	0.032465	0.621265	0.062248	0.284022	0.032465	0.378781	0.158702	0.073010	0.389506	0.150836	0.210671	0.162939	0.475554	0.341186	0.177138	0.114519	0.367158	0.150836	0.210671	0.162939	0.475554	1,2,3,3,4,5	71.354689	0.005240	0.441600	0.090498	0.179859	0.171027	0.111776	0.086128	0.538166	0.050978	0.073905	0.050975	0.199849	0.385988	0.138169	0.005651	0.142292	0.225740	0.102161	0.385988	0.138169	0.005651	0.142292	0.225740	0.102161	0.139946	0.238334	0.067685	0.354005	0.112037	0.087992	0.221988	0.121876	0.163061	0.115506	0.205246	0.172323	1,2,3,4,5,6	71.354689	1.087581	0.350794	1.156242	0.515441	0.476076	1.225690	
640000	-115374	1,1,2,3,4,5	71.354689	3.949778	3.949778	5.281848	5.398906	5.349627	5.014947	1,1,1,2,3,4	71.354689	0.447247	0.397179	0.115361	0.040214	0.447247	0.397179	0.115361	0.040214	0.447247	0.397179	0.115361	0.040214	0.079471	0.255750	0.009369	0.655410	0.635703	0.107464	0.154715	0.102119	0.264625	0.032699	0.583417	0.119259	1,1,2,2,2,3	71.354689	0.005607	0.472365	0.298702	0.026135	0.074548	0.122644	0.005607	0.472365	0.298702	0.026135	0.074548	0.122644	0.106275	0.225759	0.103984	0.173735	0.231183	0.159064	0.106275	0.225759	0.103984	0.173735	0.231183	0.159064	0.106275	0.225759	0.103984	0.173735	0.231183	0.159064	0.317500	0.156301	0.088561	0.067558	0.150187	0.219893	1,2,3,4,2,5	71.354689	1.134984	0.478901	0.883759	0.517519	0.478901	1.758469	
641000	-112223	1,2,3,3,4,5	71.354689	5.232881	6.483491	4.837121	4.837121	6.460390	5.333702	1,1,2,3,4,4	71.354689	0.657528	0.078307	0.244354	0.019810	0.657528	0.078307	0.244354	0.019810	0.218429	0.345344	0.088663	0.347563	0.072185	0.218616	0.069144	0.640055	0.433191	0.145329	0.204405	0.217075	0.433191	0.145329	0.204405	0.217075	1,1,2,3,4,2	71.354689	0.010774	0.203373	0.195799	0.043201	0.316842	0.230011	0.010774	0.203373	0.195799	0.043201	0.316842	0.230011	0.212183	0.038388	0.042171	0.161553	0.144801	0.400905	0.314723	0.029361	0.269163	0.154141	0.179431	0.053181	0.040171	0.262292	0.111445	0.197642	0.240895	0.147556	0.212183	0.038388	0.042171	0.161553	0.144801	0.400905	1,2,1,3,3,4	71.354689	1.160608	0.410788	1.160608	0.552939	0.552939	1.708632	
642000	-111828	1,2,3,2,4,5	71.354689	6.026229	4.916904	5.159161	4.916904	6.059879	5.910444	1,2,3,4,5,6	71.354689	0.428494	0.153248	0.401503	0.016755	0.368643	0.274550	0.230845	0.125962	0.275484	0.345745	0.112118	0.266653	0.028956	0.114795	0.036900	0.819349	0.556517	0.110094	0.109167	0.224221	0.261398	0.123549	0.326266	0.288787	1,1,2,3,4,2	71.354689	0.013041	0.412478	0.129871	0.070836	0.254804	0.118969	0.013041	0.412478	0.129871	0.070836	0.254804	0.118969	0.355265	0.014146	0.060997	0.112514	0.164897	0.292180	0.152663	0.253896	0.061486	0.346978	0.181924	0.003053	0.147609	0.397103	0.207880	0.044527	0.073026	0.129855	0.355265	0.014146	0.060997	0.112514	0.164897	0.292180	1,2,1,3,2,4	71.354689	1.047010	0.476861	1.047010	0.656756	0.476861	1.281452	
643000	-112918	1,2,1,3,3,4	71.354689	5.079628	5.739916	5.079628	5.405346	5.405346	6.399470	1,1,2,3,4,5	71.354689	0.421763	0.315012	0.248217	0.015009	0.421763	0.315012	0.248217	0.015009	0.416791	0.208219	0.006783	0.368207	0.026792	0.229604	0.117776	0.625828	0.619507	0.065358	0.125424	0.189711	0.242407	0.093802	0.425854	0.237937	1,1,2,3,4,2	71.354689	0.003422	0.308536	0.315543	0.017875	0.240989	0.113635	0.003422	0.308536	0.315543	0.017875	0.240989	0.113635	0.295602	0.015940	0.041004	0.260790	0.297551	0.089114	0.578877	0.034574	0.027607	0.135718	0.196050	0.027173	0.158096	0.315871	0.191171	0.132377	0.125539	0.076945	0.295602	0.015940	0.041004	0.260790	0.297551	0.089114	1,2,3,4,5,6	71.354689	1.227847	0.443911	0.966595	0.843551	0.461420	1.050046	
644000	-113797	1,2,2,2,3,4	71.354689	5.039425	4.755778	4.755778	4.755778	5.446812	6.983945	1,2,2,3,4,5	71.354689	0.304378	0.256601	0.365276	0.073745	0.414975	0.276116	0.196539	0.112370	0.414975	0.276116	0.196539	0.112370	0.186448	0.473229	0.113036	0.227287	0.391962	0.093588	0.099877	0.414573	0.399144	0.155638	0.267497	0.177721	1,1,2,3,4,5	71.354689	0.009444	0.645084	0.079956	0.104795	0.090564	0.070157	0.009444	0.645084	0.079956	0.104795	0.090564	0.070157	0.317081	0.000347	0.231762	0.103279	0.177419	0.170112	0.278166	0.257693	0.043745	0.038134	0.361213	0.021050	0.119715	0.440189	0.022061	0.283621	0.031297	0.103117	0.241147	0.015891	0.031355	0.070514	0.344051	0.297042	1,2,3,4,5,6	71.354689	1.059867	0.437374	1.042311	0.773701	0.421531	1.599705	
645000	-112245	1,2,3,2,4,5	71.354689	5.651321	4.789811	5.371262	4.789811	4.830013	6.369259	1,1,2,3,3,4	71.354689	0.470368	0.192925	0.302968	0.033739	0.470368	0.192925	0.302968	0.033739	0.370279	0.336038	0.177106	0.116576	0.238881	0.243552	0.082025	0.435542	0.238881	0.243552	0.082025	0.435542	0.284134	0.145490	0.286355	0.284021	1,1,2,3,4,2	71.354689	0.024564	0.398035	0.218484	0.046492	0.119058	0.193366	0.024564	0.398035	0.218484	0.046492	0.119058	0.193366	0.230357	0.000986	0.076495	0.145188	0.258279	0.288695	0.200602	0.229179	0.081028	0.041261	0.426472	0.021458	0.070132	0.402077	0.179772	0.103844	0.075806	0.168369	0.230357	0.000986	0.076495	0.145188	0.258279	0.288695	1,2,1,3,4,5	71.354689	1.130454	0.393437	1.130454	0.561855	0.493689	1.662676	
646000	-112536	1,2,3,3,4,5	71.354689	5.030922	6.250438	4.766122	4.766122	6.447885	6.202278	1,1,2,3,2,4	71.354689	0.466653	0.304495	0.216470	0.012381	0.466653	0.304495	0.216470	0.012381	0.499081	0.151737	0.127968	0.221214	0.084589	0.321751	0.114264	0.479395	0.499081	0.151737	0.127968	0.221214	0.217404	0.084983	0.447015	0.250598	1,1,2,3,4,5	71.354689	0.002646	0.587930	0.060443	0.038991	0.110032	0.199958	0.002646	0.587930	0.060443	0.038991	0.110032	0.199958	0.193300	0.027406	0.089425	0.149186	0.265549	0.275133	0.100921	0.193626	0.254263	0.122002	0.275885	0.053302	0.044764	0.298750	0.065254	0.173916	0.071662	0.345654	0.226370	0.018363	0.211539	0.094883	0.210523	0.238323	1,2,3,4,4,5	71.354689	0.906338	0.414267	1.001045	0.517813	0.517813	1.721625	
647000	-112624	1,2,3,4,1,5	71.354689	5.451407	6.413696	4.725626	5.988260	5.451407	6.877275	1,1,2,3,4,4	71.354689	0.530376	0.182781	0.261394	0.025449	0.530376	0.182781	0.261394	0.025449	0.163792	0.438804	0.087741	0.309663	0.088584	0.362932	0.033697	0.514787	0.201418	0.096854	0.403276	0.298452	0.201418	0.096854	0.403276	0.298452	1,1,2,2,3,2	71.354689	0.005198	0.394490	0.299212	0.031887	0.040800	0.228414	0.005198	0.394490	0.299212	0.031887	0.040800	0.228414	0.481153	0.070062	0.128981	0.021707	0.183622	0.114474	0.481153	0.070062	0.128981	0.021707	0.183622	0.114474	0.194860	0.243918	0.206655	0.085111	0.106913	0.162544	0.481153	0.070062	0.128981	0.021707	0.183622	0.114474	1,2,3,4,2,1	71.354689	1.180910	0.444766	0.971107	0.528803	0.444766	1.180910	
648000	-116250	1,1,2,1,3,4	71.354689	4.533955	4.533955	6.162583	4.533955	5.869254	5.011098	1,2,2,3,4,5	71.354689	0.276825	0.441788	0.220781	0.060606	0.437690	0.418766	0.084373	0.059170	0.437690	0.418766	0.084373	0.059170	0.020825	0.411165	0.406161	0.161849	0.373677	0.182065	0.147237	0.297021	0.029861	0.224859	0.551190	0.194090	1,1,2,3,4,4	71.354689	0.001875	0.645726	0.118979	0.048654	0.073518	0.111248	0.001875	0.645726	0.118979	0.048654	0.073518	0.111248	0.236707	0.201699	0.024700	0.226492	0.257279	0.053124	0.144144	0.037701	0.431086	0.130940	0.244524	0.011606	0.168740	0.123093	0.175082	0.017131	0.135734	0.380221	0.168740	0.123093	0.175082	0.017131	0.135734	0.380221	1,2,3,4,5,6	71.354689	1.166554	0.522029	1.070328	0.620859	0.472028	1.498121	
649000	-113052	1,2,3,2,4,5	71.354689	6.382635	4.577631	5.950761	4.577631	5.009988	6.277172	1,2,3,4,5,5	71.354689	0.411012	0.112847	0.446808	0.029333	0.724772	0.154014	0.115998	0.005216	0.388386	0.337026	0.016390	0.258199	0.020760	0.174637	0.308239	0.496364	0.277698	0.095393	0.262437	0.364471	0.277698	0.095393	0.262437	0.364471	1,1,2,3,4,2	71.354689	0.000568	0.269806	0.227959	0.135204	0.266227	0.100237	0.000568	0.269806	0.227959	0.135204	0.266227	0.100237	0.394336	0.008048	0.179083	0.108665	0.168796	0.141071	0.188101	0.419548	0.098528	0.123456	0.156681	0.013685	0.150043	0.169022	0.218449	0.180718	0.122202	0.159565	0.394336	0.008048	0.179083	0.108665	0.168796	0.141071	1,2,3,4,5,6	71.354689	1.176473	0.401140	1.008322	0.604130	0.474066	1.642407	
650000	-112578	1,2,3,4,2,5	71.354689	5.793573	4.965024	6.155514	5.719288	4.965024	5.855198	1,2,3,4,5,6	71.354689	0.321995	0.153377	0.446059	0.078569	0.434441	0.246751	0.154408	0.164400	0.413322	0.420061	0.047216	0.119401	0.026418	0.225895	0.048950	0.698738	0.320211	0.109376	0.360558	0.209855	0.228733	0.090379	0.548553	0.132335	1,1,2,3,3,4	71.354689	0.049273	0.435996	0.167508	0.045092	0.161666	0.140465	0.049273	0.435996	0.167508	0.045092	0.161666	0.140465	0.427636	0.148285	0.061127	0.149382	0.152301	0.061269	0.191085	0.222726	0.164554	0.092875	0.224125	0.104636	0.191085	0.222726	0.164554	0.092875	0.224125	0.104636	0.382082	0.026562	0.047403	0.006696	0.358879	0.178378	1,2,1,3,4,5	71.354689	1.155193	0.460840	1.155193	0.727733	0.472131	1.495510	
651000	-111966	1,2,3,4,5,2	71.354689	5.975681	6.516066	5.141493	5.170999	5.407971	6.516066	1,1,2,3,2,4	71.354689	0.528757	0.162088	0.279075	0.030080	0.528757	0.162088	0.279075	0.030080	0.339724	0.265376	0.132626	0.262274	0.098110	0.220897	0.180984	0.500009	0.339724	0.265376	0.132626	0.262274	0.250314	0.133455	0.346289	0.269942	1,1,2,2,3,4	71.354689	0.046044	0.490550	0.230364	0.032421	0.039090	0.161532	0.046044	0.490550	0.230364	0.032421	0.039090	0.161532	0.481275	0.062367	0.044844	0.024989	0.353923	0.032602	0.481275	0.062367	0.044844	0.024989	0.353923	0.032602	0.080453	0.513441	0.045570	0.100305	0.044080	0.216151	0.175544	0.023171	0.029860	0.323608	0.045322	0.402495	1,2,3,4,2,5	71.354689	1.232458	0.451534	1.041454	0.534169	0.451534	1.521907	
652000	-112284	1,2,3,4,5,6	71.354689	5.226480	6.106467	5.383980	5.760668	5.697064	6.570160	1,1,2,3,2,4	71.354689	0.506190	0.192633	0.285526	0.015651	0.506190	0.192633	0.285526	0.015651	0.357721	0.300819	0.092445	0.249015	0.134109	0.274392	0.027175	0.564323	0.357721	0.300819	0.092445	0.249015	0.288706	0.148395	0.377612	0.185286	1,1,2,3,4,2	71.354689	0.003342	0.234016	0.257945	0.029437	0.112614	0.362645	0.003342	0.234016	0.257945	0.029437	0.112614	0.362645	0.469518	0.003705	0.029495	0.089376	0.270576	0.137331	0.339466	0.157449	0.001834	0.128208	0.281694	0.091349	0.143587	0.204403	0.132661	0.133134	0.248551	0.137664	0.469518	0.003705	0.029495	0.089376	0.270576	0.137331	1,2,3,4,4,5	71.354689	1.130305	0.414471	0.961844	0.528390	0.528390	1.421108	
653000	-113377	1,2,3,3,3,4	71.354689	5.729458	6.216064	5.255523	5.255523	5.255523	5.651567	1,1,2,3,4,4	71.354689	0.542811	0.151113	0.289263	0.016813	0.542811	0.151113	0.289263	0.016813	0.408861	0.379321	0.077330	0.134488	0.041987	0.089064	0.199005	0.669944	0.433731	0.082878	0.266366	0.217025	0.433731	0.082878	0.266366	0.217025	1,1,2,3,2,4	71.354689	0.001607	0.257375	0.272477	0.034688	0.151300	0.282553	0.001607	0.257375	0.272477	0.034688	0.151300	0.282553	0.150884	0.204434	0.228618	0.137785	0.127114	0.151165	0.110090	0.065803	0.089171	0.054944	0.630903	0.049089	0.150884	0.204434	0.228618	0.137785	0.127114	0.151165	0.373118	0.100357	0.034568	0.064649	0.203993	0.223314	1,2,3,4,5,6	71.354689	1.192940	0.453413	0.806445	0.701575	0.516491	1.220352	
654000	-111950	1,2,3,3,1,4	71.354689	4.354386	5.839049	5.352730	5.352730	4.354386	5.902227	1,1,2,3,4,5	71.354689	0.487716	0.286464	0.191170	0.034650	0.487716	0.286464	0.191170	0.034650	0.257955	0.401490	0.247685	0.092871	0.134594	0.393947	0.069171	0.402289	0.366029	0.179312	0.216867	0.237792	0.369094	0.079802	0.337693	0.213411	1,1,2,3,4,2	71.354689	0.005749	0.618470	0.145685	0.044247	0.054659	0.131189	0.005749	0.618470	0.145685	0.044247	0.054659	0.131189	0.316153	0.004437	0.067189	0.088908	0.270087	0.253225	0.111655	0.064449	0.223805	0.139329	0.299604	0.161158	0.262648	0.262739	0.164818	0.149920	0.039894	0.119981	0.316153	0.004437	0.067189	0.088908	0.270087	0.253225	1,2,1,3,4,5	71.354689	1.111465	0.379010	1.111465	0.628190	0.438340	1.519459	
655000	-112793	1,1,2,1,3,4	71.354689	4.475216	4.475216	5.164847	4.475216	5.292892	5.648240	1,1,2,3,2,4	71.354689	0.384718	0.292700	0.209841	0.112742	0.384718	0.292700	0.209841	0.112742	0.213010	0.385417	0.092254	0.309318	0.066278	0.114210	0.035880	0.783632	0.213010	0.385417	0.092254	0.309318	0.106901	0.112107	0.570352	0.210641	1,1,2,3,4,2	71.354689	0.019665	0.512828	0.089878	0.025695	0.072234	0.279700	0.019665	0.512828	0.089878	0.025695	0.072234	0.279700	0.362184	0.084776	0.070413	0.108939	0.078193	0.295495	0.336481	0.024459	0.133201	0.148327	0.356285	0.001247	0.067821	0.381469	0.169063	0.106145	0.080614	0.194887	0.362184	0.084776	0.070413	0.108939	0.078193	0.295495	1,2,1,3,4,5	71.354689	1.000553	0.481238	1.000553	0.597949	0.448874	1.430551	
656000	-113236	1,2,2,2,3,4	71.354689	6.575414	5.073447	5.073447	5.073447	6.533668	5.871953	1,2,3,4,5,6	71.354689	0.500298	0.072631	0.374583	0.052487	0.619573	0.274886	0.085061	0.020480	0.276360	0.583861	0.004902	0.134877	0.095629	0.350537	0.205450	0.348385	0.333719	0.234675	0.191847	0.239758	0.110767	0.094970	0.396448	0.397816	1,1,2,3,4,5	71.354689	0.003344	0.471224	0.143216	0.038286	0.065365	0.278566	0.003344	0.471224	0.143216	0.038286	0.065365	0.278566	0.146884	0.105129	0.044712	0.346963	0.059520	0.296792	0.376597	0.123976	0.118869	0.012528	0.352393	0.015638	0.005445	0.221289	0.241649	0.186929	0.170705	0.173982	0.350842	0.047481	0.113846	0.260960	0.124488	0.102383	1,2,3,4,5,6	71.354689	1.140284	0.500279	1.115677	0.670608	0.515376	1.723083	
657000	-114117	1,2,3,3,4,5	71.354689	5.309650	6.284669	4.694181	4.694181	5.356990	5.086879	1,1,2,3,2,4	71.354689	0.519792	0.239002	0.232452	0.008753	0.519792	0.239002	0.232452	0.008753	0.379768	0.268263	0.157832	0.194137	0.070506	0.115686	0.076576	0.737232	0.379768	0.268263	0.157832	0.194137	0.164580	0.079721	0.279607	0.476092	1,1,2,3,2,3	71.354689	0.001477	0.160902	0.333174	0.004144	0.154274	0.346028	0.001477	0.160902	0.333174	0.004144	0.154274	0.346028	0.176124	0.185786	0.125427	0.035442	0.168706	0.308515	0.198769	0.063655	0.039921	0.018934	0.504738	0.173983	0.176124	0.185786	0.125427	0.035442	0.168706	0.308515	0.198769	0.063655	0.039921	0.018934	0.504738	0.173983	1,2,3,4,4,5	71.354689	1.076395	0.431221	1.063201	0.520874	0.520874	1.953195	
658000	-112261	1,2,3,4,5,6	71.354689	5.003710	6.156328	5.310059	4.847788	4.868833	5.642742	1,1,2,3,4,5	71.354689	0.477108	0.268801	0.239388	0.014703	0.477108	0.268801	0.239388	0.014703	0.306707	0.342782	0.084994	0.265517	0.066017	0.233882	0.025224	0.674877	0.191422	0.085378	0.232173	0.491026	0.095518	0.086076	0.495824	0.322582	1,1,2,3,4,4	71.354689	0.001560	0.246487	0.291144	0.028332	0.133362	0.299116	0.001560	0.246487	0.291144	0.028332	0.133362	0.299116	0.423325	0.103662	0.161517	0.059512	0.199979	0.052004	0.223949	0.007819	0.197246	0.070341	0.317786	0.182858	0.203330	0.104497	0.155402	0.129414	0.188045	0.219311	0.203330	0.104497	0.155402	0.129414	0.188045	0.219311	1,2,1,3,2,4	71.354689	1.163405	0.436844	1.163405	0.678415	0.436844	1.424975	
659000	-113239	1,2,1,1,3,4	71.354689	5.279832	5.488757	5.279832	5.279832	5.720130	5.084563	1,1,2,3,2,4	71.354689	0.446115	0.256125	0.279637	0.018123	0.446115	0.256125	0.279637	0.018123	0.355780	0.283319	0.170947	0.189954	0.107586	0.388161	0.141035	0.363218	0.355780	0.283319	0.170947	0.189954	0.195987	0.048003	0.392498	0.363513	1,1,2,3,4,5	71.354689	0.002791	0.289843	0.276501	0.024432	0.191031	0.215401	0.002791	0.289843	0.276501	0.024432	0.191031	0.215401	0.268715	0.026874	0.022116	0.240112	0.393181	0.049003	0.141059	0.100442	0.075585	0.076963	0.392614	0.213337	0.038952	0.228077	0.203143	0.150361	0.151155	0.228312	0.463086	0.105545	0.022247	0.190226	0.077033	0.141863	1,2,3,4,5,6	71.354689	1.110867	0.458884	1.021265	0.548899	0.465988	1.487353	
660000	-111812	1,2,3,2,4,5	71.354689	6.177054	4.817880	5.715742	4.817880	6.147844	5.056643	1,2,3,4,5,1	71.354689	0.424135	0.090744	0.369945	0.115176	0.805382	0.070799	0.113115	0.010704	0.368973	0.368654	0.070135	0.192237	0.138512	0.191781	0.081856	0.587851	0.376688	0.170350	0.213823	0.239140	0.424135	0.090744	0.369945	0.115176	1,1,2,3,4,2	71.354689	0.020764	0.611495	0.096351	0.133692	0.081727	0.055971	0.020764	0.611495	0.096351	0.133692	0.081727	0.055971	0.324702	0.001680	0.134500	0.087798	0.166316	0.285003	0.040455	0.048493	0.309930	0.055974	0.468539	0.076609	0.177382	0.164528	0.106446	0.048361	0.106348	0.396935	0.324702	0.001680	0.134500	0.087798	0.166316	0.285003	1,2,3,4,4,5	71.354689	1.206729	0.386696	1.019538	0.442057	0.442057	1.980147	
661000	-115532	1,2,3,4,5,3	71.354689	5.342578	6.486264	6.027728	5.268800	5.230263	6.027728	1,1,2,3,2,4	71.354689	0.513319	0.194894	0.220274	0.071512	0.513319	0.194894	0.220274	0.071512	0.449670	0.193501	0.090087	0.266742	0.136280	0.451084	0.033721	0.378914	0.449670	0.193501	0.090087	0.266742	0.295341	0.045160	0.488947	0.170552	1,1,2,3,4,3	71.354689	0.000294	0.678311	0.156573	0.051207	0.050180	0.063435	0.000294	0.678311	0.156573	0.051207	0.050180	0.063435	0.190283	0.180138	0.037536	0.418886	0.143292	0.029864	0.221647	0.181293	0.125230	0.056712	0.312671	0.102447	0.042247	0.323594	0.116904	0.216503	0.108598	0.192154	0.221647	0.181293	0.125230	0.056712	0.312671	0.102447	1,2,3,4,5,6	71.354689	1.135434	0.341040	1.112194	0.676111	0.446146	1.246965	
662000	-113760	1,2,3,4,5,6	71.354689	5.520182	6.223196	5.327895	5.231590	6.083034	5.896670	1,1,2,3,4,5	71.354689	0.616779	0.134038	0.221940	0.027242	0.616779	0.134038	0.221940	0.027242	0.230942	0.356148	0.127139	0.285771	0.184308	0.296921	0.057356	0.461415	0.528671	0.133199	0.129381	0.208748	0.097356	0.168443	0.558977	0.175223	1,1,2,3,4,5	71.354689	0.010966	0.340481	0.366888	0.053559	0.175949	0.052157	0.010966	0.340481	0.366888	0.053559	0.175949	0.052157	0.260715	0.298119	0.175546	0.048714	0.070593	0.146314	0.040490	0.304233	0.116910	0.066496	0.461633	0.010238	0.052631	0.266855	0.078953	0.440041	0.095415	0.066106	0.192450	0.139793	0.059586	0.143020	0.020987	0.444165	1,2,3,4,4,5	71.354689	1.215418	0.371184	1.222838	0.497310	0.497310	1.375541	
663000	-114557	1,2,2,3,2,4	71.354689	4.247768	4.931431	4.931431	5.040367	4.931431	5.827928	1,1,2,3,4,5	71.354689	0.470362	0.352980	0.159805	0.016853	0.470362	0.352980	0.159805	0.016853	0.155821	0.446808	0.093292	0.304079	0.033239	0.209848	0.180370	0.576542	0.293922	0.184519	0.044218	0.477341	0.192433	0.271934	0.200689	0.334944	1,1,2,2,3,2	71.354689	0.008527	0.356788	0.290359	0.034390	0.150316	0.159620	0.008527	0.356788	0.290359	0.034390	0.150316	0.159620	0.320030	0.064029	0.081677	0.088554	0.187722	0.257988	0.320030	0.064029	0.081677	0.088554	0.187722	0.257988	0.076372	0.303986	0.126620	0.204526	0.130250	0.158246	0.320030	0.064029	0.081677	0.088554	0.187722	0.257988	1,2,3,4,5,6	71.354689	1.264565	0.391005	1.077021	0.477074	0.514374	1.560141	
664000	-112481	1,2,3,3,4,3	71.354689	6.169409	5.791144	4.626261	4.626261	5.764019	4.626261	1,2,3,4,5,6	71.354689	0.564572	0.113678	0.305675	0.016074	0.601825	0.125356	0.265010	0.007809	0.369529	0.491383	0.023377	0.115711	0.062468	0.277207	0.284631	0.375695	0.320920	0.267195	0.151140	0.260744	0.152596	0.275696	0.372796	0.198913	1,1,2,3,4,5	71.354689	0.021290	0.252694	0.315658	0.018499	0.215396	0.176464	0.021290	0.252694	0.315658	0.018499	0.215396	0.176464	0.263463	0.039834	0.036972	0.097684	0.258366	0.303681	0.068435	0.307620	0.175937	0.056016	0.388479	0.003513	0.197793	0.362341	0.048919	0.072867	0.101054	0.217025	0.238492	0.028879	0.101936	0.075131	0.267958	0.287605	1,2,3,4,2,5	71.354689	1.136969	0.416606	1.152159	0.534847	0.416606	1.105721	
665000	-112369	1,2,3,4,5,6	71.354689	5.627145	5.926123	5.240104	5.266481	5.663851	5.838944	1,1,2,3,2,4	71.354689	0.558911	0.158334	0.253563	0.029191	0.558911	0.158334	0.253563	0.029191	0.314481	0.368064	0.167717	0.149738	0.075561	0.109758	0.201682	0.612999	0.314481	0.368064	0.167717	0.149738	0.300497	0.122604	0.380315	0.196584	1,1,2,3,1,4	71.354689	0.011465	0.382539	0.123396	0.132749	0.036752	0.313099	0.011465	0.382539	0.123396	0.132749	0.036752	0.313099	0.294684	0.036774	0.121796	0.021619	0.381462	0.143665	0.223793	0.045409	0.141660	0.136403	0.421947	0.030790	0.011465	0.382539	0.123396	0.132749	0.036752	0.313099	0.284331	0.049054	0.030550	0.036484	0.418435	0.181147	1,2,1,3,2,4	71.354689	1.007637	0.418381	1.007637	0.527342	0.418381	1.714058	
666000	-112751	1,2,3,1,4,1	71.354689	4.846138	5.649311	5.088536	4.846138	6.372089	4.846138	1,1,2,3,3,4	71.354689	0.576015	0.200069	0.186788	0.037128	0.576015	0.200069	0.186788	0.037128	0.217252	0.552231	0.067339	0.163178	0.294497	0.179600	0.151403	0.374500	0.294497	0.179600	0.151403	0.374500	0.135396	0.095837	0.565571	0.203196	1,1,2,3,4,5	71.354689	0.016633	0.404359	0.225811	0.054147	0.092688	0.206362	0.016633	0.404359	0.225811	0.054147	0.092688	0.206362	0.479624	0.069339	0.157651	0.108970	0.082798	0.101619	0.285641	0.000980	0.010436	0.153814	0.453803	0.095325	0.095478	0.192644	0.087974	0.463042	0.052252	0.108611	0.417310	0.074830	0.071297	0.047253	0.224854	0.164456	1,2,3,4,4,5	71.354689	1.120194	0.444300	1.077558	0.583923	0.583923	1.126245	
667000	-113473	1,2,3,4,5,6	71.354689	5.803808	6.270989	5.195758	4.597234	5.823779	5.519249	1,1,2,3,4,5	71.354689	0.494079	0.202950	0.280360	0.022611	0.494079	0.202950	0.280360	0.022611	0.240916	0.529648	0.061892	0.167544	0.134954	0.281858	0.148599	0.434588	0.593675	0.036772	0.115725	0.253828	0.200489	0.200072	0.136668	0.462772	1,1,2,3,4,2	71.354689	0.005245	0.415727	0.192527	0.038790	0.049780	0.297930	0.005245	0.415727	0.192527	0.038790	0.049780	0.297930	0.282986	0.119237	0.075377	0.068727	0.267871	0.185802	0.336268	0.196812	0.015352	0.034831	0.335460	0.081278	0.095571	0.317642	0.049974	0.359834	0.072975	0.104005	0.282986	0.119237	0.075377	0.068727	0.267871	0.185802	1,2,3,4,2,5	71.354689	1.087806	0.414651	1.011017	0.498067	0.414651	1.297948	
668000	-112101	1,2,3,4,4,5	71.354689	5.546334	5.825848	5.579009	4.951609	4.951609	5.784199	1,1,2,3,2,4	71.354689	0.552144	0.139545	0.269833	0.038479	0.552144	0.139545	0.269833	0.038479	0.370536	0.266625	0.055742	0.307097	0.132527	0.145166	0.024582	0.697725	0.370536	0.266625	0.055742	0.307097	0.334253	0.183451	0.307193	0.175103	1,1,2,3,1,2	71.354689	0.011633	0.410918	0.155673	0.100706	0.063496	0.257574	0.011633	0.410918	0.155673	0.100706	0.063496	0.257574	0.371473	0.013523	0.049191	0.137388	0.224556	0.203869	0.248894	0.282880	0.046528	0.014175	0.299019	0.108503	0.011633	0.410918	0.155673	0.100706	0.063496	0.257574	0.371473	0.013523	0.049191	0.137388	0.224556	0.203869	1,2,3,4,2,5	71.354689	1.362009	0.478812	1.076822	0.547642	0.478812	1.860730	
669000	-114918	1,2,3,2,4,5	71.354689	5.767653	4.957660	5.456587	4.957660	5.267111	6.546462	1,2,3,3,4,5	71.354689	0.296481	0.147149	0.478342	0.078028	0.564317	0.251863	0.091829	0.091991	0.241652	0.464045	0.074116	0.220187	0.241652	0.464045	0.074116	0.220187	0.276286	0.224150	0.226336	0.273227	0.219678	0.209173	0.263026	0.308123	1,1,2,3,4,5	71.354689	0.010589	0.662723	0.123892	0.056346	0.062582	0.083868	0.010589	0.662723	0.123892	0.056346	0.062582	0.083868	0.447062	0.141773	0.097222	0.055541	0.156053	0.102350	0.204428	0.251458	0.101383	0.023675	0.395432	0.023624	0.183250	0.204942	0.086870	0.139452	0.215802	0.169684	0.022532	0.014358	0.261823	0.110808	0.305267	0.285212	1,2,3,2,4,5	71.354689	1.028664	0.521723	0.977694	0.521723	0.456021	1.247088	
670000	-112757	1,2,2,3,4,5	71.354689	5.473496	5.313363	5.313363	5.824503	5.435601	6.013877	1,2,2,3,1,4	71.354689	0.385027	0.110823	0.283653	0.220497	0.456998	0.316049	0.092220	0.134733	0.456998	0.316049	0.092220	0.134733	0.125354	0.111687	0.232648	0.530311	0.385027	0.110823	0.283653	0.220497	0.286436	0.117457	0.452787	0.143319	1,1,2,3,4,2	71.354689	0.008192	0.770494	0.054204	0.070369	0.037604	0.059136	0.008192	0.770494	0.054204	0.070369	0.037604	0.059136	0.317232	0.008822	0.088430	0.115993	0.237363	0.232160	0.131894	0.067723	0.259575	0.241866	0.282096	0.016847	0.197988	0.169953	0.172105	0.359020	0.023398	0.077536	0.317232	0.008822	0.088430	0.115993	0.237363	0.232160	1,2,1,3,4,5	71.354689	1.158026	0.435720	1.158026	0.733004	0.509161	1.690640	
671000	-113721	1,2,3,4,5,6	71.354689	5.999381	5.994308	5.402896	5.424157	6.502885	6.876760	1,1,2,3,4,5	71.354689	0.506812	0.190749	0.266469	0.035970	0.506812	0.190749	0.266469	0.035970	0.338562	0.470208	0.034838	0.156393	0.023218	0.459274	0.253451	0.264057	0.364757	0.202988	0.258611	0.173644	0.185732	0.063809	0.318468	0.431991	1,1,2,3,4,2	71.354689	0.004959	0.454532	0.154986	0.027423	0.132926	0.225175	0.004959	0.454532	0.154986	0.027423	0.132926	0.225175	0.478542	0.005004	0.053076	0.087416	0.111113	0.264850	0.183779	0.064441	0.303703	0.232175	0.187701	0.028202	0.098375	0.183867	0.166957	0.002586	0.125540	0.422674	0.478542	0.005004	0.053076	0.087416	0.111113	0.264850	1,2,3,4,5,6	71.354689	1.168154	0.329298	0.963408	0.492107	0.421732	1.339171	
672000	-116159	1,2,3,4,5,6	71.354689	5.540652	5.992203	5.635683	4.798051	6.147707	6.124722	1,1,2,3,4,4	71.354689	0.503228	0.217157	0.263853	0.015762	0.503228	0.217157	0.263853	0.015762	0.112940	0.436330	0.021375	0.429356	0.082178	0.394208	0.048731	0.474883	0.421854	0.258371	0.196348	0.123428	0.421854	0.258371	0.196348	0.123428	1,1,2,3,4,2	71.354689	0.008826	0.429740	0.344993	0.069026	0.078775	0.068639	0.008826	0.429740	0.344993	0.069026	0.078775	0.068639	0.216570	0.011571	0.131790	0.128641	0.335253	0.176176	0.208588	0.056748	0.055749	0.224003	0.343018	0.111894	0.207343	0.394274	0.106057	0.029886	0.081349	0.181091	0.216570	0.011571	0.131790	0.128641	0.335253	0.176176	1,2,3,4,2,5	71.354689	0.960313	0.386177	0.974104	0.741206	0.386177	2.054122	
673000	-114940	1,2,3,4,5,6	71.354689	4.982114	4.954337	5.314341	5.385857	6.440505	5.669891	1,2,1,3,4,3	71.354689	0.428734	0.227625	0.249223	0.094418	0.764646	0.056183	0.175279	0.003891	0.428734	0.227625	0.249223	0.094418	0.138499	0.254945	0.278222	0.328335	0.329883	0.052534	0.204503	0.413080	0.138499	0.254945	0.278222	0.328335	1,2,3,4,5,3	71.354689	0.003451	0.537932	0.349398	0.039057	0.058751	0.011410	0.031755	0.307630	0.373337	0.080783	0.056812	0.149683	0.156720	0.002965	0.152187	0.094407	0.264013	0.329708	0.234418	0.127228	0.145931	0.002487	0.403126	0.086810	0.057542	0.175041	0.100147	0.489239	0.035104	0.142928	0.156720	0.002965	0.152187	0.094407	0.264013	0.329708	1,2,1,3,4,5	71.354689	1.060158	0.341990	1.060158	0.830247	0.436035	1.075817	
674000	-113013	1,2,3,4,5,6	71.354689	6.104709	6.428532	5.101318	5.289493	6.035929	5.493935	1,1,2,3,4,4	71.354689	0.578970	0.112285	0.277698	0.031047	0.578970	0.112285	0.277698	0.031047	0.347593	0.346374	0.170854	0.135180	0.027986	0.388178	0.173931	0.409904	0.365434	0.126999	0.265026	0.242542	0.365434	0.126999	0.265026	0.242542	1,2,3,3,1,3	71.354689	0.056733	0.413673	0.199284	0.135391	0.098116	0.096802	0.037719	0.259988	0.125773	0.000666	0.240832	0.335022	0.241586	0.000069	0.085048	0.085815	0.359658	0.227825	0.241586	0.000069	0.085048	0.085815	0.359658	0.227825	0.056733	0.413673	0.199284	0.135391	0.098116	0.096802	0.241586	0.000069	0.085048	0.085815	0.359658	0.227825	1,2,3,4,5,6	71.354689	1.026660	0.414384	1.139587	0.468980	0.489011	1.315508	
675000	-112960	1,2,3,4,5,6	71.354689	5.971848	5.679170	6.076514	5.458258	5.646834	5.976760	1,1,2,3,4,5	71.354689	0.533214	0.129745	0.308768	0.028273	0.533214	0.129745	0.308768	0.028273	0.230343	0.451128	0.111576	0.206954	0.066053	0.258663	0.174719	0.500566	0.166375	0.296421	0.315548	0.221655	0.140888	0.064133	0.372868	0.422111	1,2,3,4,5,6	71.354689	0.013083	0.210352	0.064141	0.074155	0.367046	0.271223	0.007450	0.243238	0.203752	0.096722	0.307800	0.141039	0.358933	0.111382	0.027250	0.149660	0.129463	0.223312	0.379068	0.066977	0.036667	0.058483	0.365365	0.093441	0.118128	0.270995	0.231523	0.124935	0.107345	0.147074	0.359020	0.075633	0.110547	0.097413	0.140476	0.216910	1,2,1,3,2,4	71.354689	0.989235	0.441349	0.989235	0.465357	0.441349	1.693109	
676000	-115614	1,2,3,4,2,5	71.354689	6.668599	5.827088	5.661014	5.900347	5.827088	6.284497	1,1,2,3,2,1	71.354689	0.576404	0.054975	0.240457	0.128164	0.576404	0.054975	0.240457	0.128164	0.369701	0.350830	0.134342	0.145127	0.151649	0.517348	0.115617	0.215386	0.369701	0.350830	0.134342	0.145127	0.576404	0.054975	0.240457	0.128164	1,1,2,3,1,2	71.354689	0.020153	0.421643	0.084056	0.086634	0.086521	0.300993	0.020153	0.421643	0.084056	0.086634	0.086521	0.300993	0.146579	0.058288	0.040455	0.056422	0.212508	0.485748	0.402456	0.167712	0.019924	0.160498	0.210058	0.039352	0.020153	0.421643	0.084056	0.086634	0.086521	0.300993	0.146579	0.058288	0.040455	0.056422	0.212508	0.485748	1,2,3,4,5,6	71.354689	1.070084	0.351593	0.932520	0.821571	0.564148	1.531928	
677000	-114035	1,2,2,2,3,4	71.354689	5.556211	4.153220	4.153220	4.153220	5.692536	6.035184	1,1,2,3,1,4	71.354689	0.384824	0.160536	0.322346	0.132295	0.384824	0.160536	0.322346	0.132295	0.216965	0.202669	0.073069	0.507296	0.071427	0.130117	0.033921	0.764535	0.384824	0.160536	0.322346	0.132295	0.390554	0.115611	0.339034	0.154801	1,1,2,3,4,3	71.354689	0.028378	0.372723	0.072810	0.156172	0.245643	0.124274	0.028378	0.372723	0.072810	0.156172	0.245643	0.124274	0.395059	0.066744	0.094788	0.109596	0.089922	0.243891	0.173625	0.014749	0.065909	0.283317	0.285629	0.176771	0.216206	0.131823	0.233158	0.215217	0.019658	0.183938	0.173625	0.014749	0.065909	0.283317	0.285629	0.176771	1,2,3,4,5,6	71.354689	1.011206	0.458027	1.067877	0.497465	0.491155	1.879930	
678000	-112907	1,2,3,4,5,6	71.354689	5.804101	7.432617	5.652253	4.786548	4.754980	5.390799	1,1,2,3,3,4	71.354689	0.503517	0.130337	0.352082	0.014064	0.503517	0.130337	0.352082	0.014064	0.279484	0.326140	0.128798	0.265578	0.351277	0.169890	0.132840	0.345993	0.351277	0.169890	0.132840	0.345993	0.319342	0.260128	0.287498	0.133032	1,1,2,3,4,2	71.354689	0.001176	0.318334	0.289412	0.060477	0.083121	0.247480	0.001176	0.318334	0.289412	0.060477	0.083121	0.247480	0.315918	0.007468	0.057991	0.083164	0.153742	0.381717	0.064842	0.092142	0.075916	0.258426	0.403496	0.105179	0.022462	0.321120	0.099945	0.375068	0.040662	0.140744	0.315918	0.007468	0.057991	0.083164	0.153742	0.381717	1,2,1,3,4,5	71.354689	1.043335	0.399592	1.043335	0.994804	0.416211	1.513599	
679000	-114639	1,2,3,4,5,6	71.354689	5.266948	6.575613	5.452501	5.007423	5.372237	6.070143	1,1,2,3,4,2	71.354689	0.547468	0.177061	0.247338	0.028133	0.547468	0.177061	0.247338	0.028133	0.214269	0.180867	0.375296	0.229568	0.098044	0.453589	0.155097	0.293270	0.248076	0.156118	0.267394	0.328412	0.214269	0.180867	0.375296	0.229568	1,1,2,2,3,3	71.354689	0.002462	0.372633	0.186106	0.035597	0.148332	0.254870	0.002462	0.372633	0.186106	0.035597	0.148332	0.254870	0.372552	0.037073	0.117435	0.064524	0.339314	0.069101	0.372552	0.037073	0.117435	0.064524	0.339314	0.069101	0.472075	0.116577	0.110077	0.058680	0.035828	0.206762	0.472075	0.116577	0.110077	0.058680	0.035828	0.206762	1,2,3,4,2,5	71.354689	1.169008	0.445832	1.123781	0.664485	0.445832	1.496365	
680000	-112669	1,2,3,4,5,6	71.354689	5.049369	6.109743	5.334764	4.813651	4.838638	5.403160	1,1,2,3,4,5	71.354689	0.568444	0.193897	0.219916	0.017744	0.568444	0.193897	0.219916	0.017744	0.289658	0.376292	0.187458	0.146592	0.145961	0.244214	0.150576	0.459249	0.290050	0.046827	0.288436	0.374687	0.421353	0.076092	0.362999	0.139557	1,1,2,2,2,3	71.354689	0.012599	0.397856	0.266317	0.031204	0.084041	0.207983	0.012599	0.397856	0.266317	0.031204	0.084041	0.207983	0.225127	0.118118	0.092632	0.050031	0.360306	0.153784	0.225127	0.118118	0.092632	0.050031	0.360306	0.153784	0.225127	0.118118	0.092632	0.050031	0.360306	0.153784	0.157619	0.004749	0.106444	0.237454	0.289947	0.203786	1,2,3,2,4,5	71.354689	1.123765	0.562512	1.025717	0.562512	0.498894	1.707170	
681000	-112192	1,2,3,3,4,5	71.354689	5.996032	6.169878	4.630955	4.630955	4.919877	5.720760	1,1,2,3,4,5	71.354689	0.496507	0.169731	0.303351	0.030411	0.496507	0.169731	0.303351	0.030411	0.148789	0.359369	0.073681	0.418161	0.211020	0.203290	0.036302	0.549388	0.246625	0.068466	0.304933	0.379976	0.283493	0.067902	0.331191	0.317413	1,1,2,3,4,2	71.354689	0.003668	0.301521	0.232960	0.038862	0.131067	0.291923	0.003668	0.301521	0.232960	0.038862	0.131067	0.291923	0.408237	0.037985	0.067876	0.156587	0.161079	0.168235	0.210858	0.032426	0.018887	0.234648	0.239994	0.263188	0.333438	0.103645	0.086554	0.133630	0.197533	0.145200	0.408237	0.037985	0.067876	0.156587	0.161079	0.168235	1,2,3,4,4,3	71.354689	1.052276	0.380096	1.286440	0.515061	0.515061	1.286440	
682000	-113316	1,2,2,2,3,4	71.354689	5.798210	4.912267	4.912267	4.912267	5.301952	5.705251	1,2,3,4,5,5	71.354689	0.561936	0.121825	0.258052	0.058187	0.595124	0.193684	0.154251	0.056941	0.474606	0.215860	0.161905	0.147629	0.146672	0.184458	0.118586	0.550284	0.360601	0.090285	0.199649	0.349465	0.360601	0.090285	0.199649	0.349465	1,2,3,3,4,3	71.354689	0.003331	0.548862	0.088246	0.071538	0.090952	0.197072	0.018680	0.541591	0.087161	0.101167	0.129947	0.121455	0.355509	0.061647	0.081772	0.061499	0.239293	0.200279	0.355509	0.061647	0.081772	0.061499	0.239293	0.200279	0.212513	0.125632	0.217562	0.192521	0.132633	0.119139	0.355509	0.061647	0.081772	0.061499	0.239293	0.200279	1,2,1,3,4,5	71.354689	1.061357	0.404447	1.061357	0.681443	0.649986	2.000506	
683000	-113302	1,2,3,4,5,6	71.354689	5.948773	4.960396	5.421132	5.321139	6.163138	5.626051	1,2,3,4,5,6	71.354689	0.405496	0.303768	0.289384	0.001352	0.537118	0.328992	0.092616	0.041273	0.194441	0.550279	0.013347	0.241933	0.053988	0.342544	0.011679	0.591789	0.437207	0.150729	0.192106	0.219957	0.134679	0.223844	0.387345	0.254131	1,2,3,4,5,6	71.354689	0.033562	0.294571	0.401879	0.048621	0.148463	0.072904	0.022722	0.229983	0.163867	0.008124	0.091821	0.483484	0.301748	0.080162	0.082264	0.158296	0.219529	0.158001	0.047592	0.066442	0.234342	0.135266	0.411647	0.104709	0.060641	0.167449	0.144837	0.156771	0.056980	0.413323	0.247096	0.112738	0.093437	0.009984	0.220814	0.315930	1,2,3,4,5,6	71.354689	1.047678	0.377434	0.980290	0.795770	0.370755	1.137590	
684000	-114377	1,2,3,3,4,5	71.354689	5.835366	6.292079	4.718506	4.718506	6.056252	5.908682	1,1,2,2,3,4	71.354689	0.642724	0.065044	0.258685	0.033548	0.642724	0.065044	0.258685	0.033548	0.296083	0.159632	0.016849	0.527436	0.296083	0.159632	0.016849	0.527436	0.413523	0.240781	0.160732	0.184964	0.316798	0.129080	0.448650	0.105471	1,1,2,3,4,3	71.354689	0.013925	0.285815	0.201672	0.030282	0.252270	0.216038	0.013925	0.285815	0.201672	0.030282	0.252270	0.216038	0.162950	0.548670	0.004383	0.151216	0.078508	0.054272	0.158478	0.028191	0.063436	0.258353	0.317713	0.173828	0.129487	0.252694	0.118892	0.054561	0.071637	0.372729	0.158478	0.028191	0.063436	0.258353	0.317713	0.173828	1,2,1,3,4,5	71.354689	1.128095	0.263996	1.128095	0.645393	0.479231	1.658817	
685000	-115864	1,2,3,2,3,4	71.354689	6.466251	4.207186	5.407517	4.207186	5.407517	6.385004	1,2,3,4,5,4	71.354689	0.232758	0.367876	0.366728	0.032638	0.412329	0.366460	0.165873	0.055338	0.316830	0.471360	0.141737	0.070074	0.153751	0.217819	0.126028	0.502403	0.563548	0.139879	0.108660	0.187913	0.153751	0.217819	0.126028	0.502403	1,1,2,3,4,2	71.354689	0.029382	0.586919	0.097129	0.070731	0.052522	0.163316	0.029382	0.586919	0.097129	0.070731	0.052522	0.163316	0.222844	0.001221	0.354941	0.108779	0.152619	0.159595	0.151996	0.080311	0.092260	0.034798	0.438712	0.201923	0.256300	0.193268	0.075961	0.033796	0.059559	0.381116	0.222844	0.001221	0.354941	0.108779	0.152619	0.159595	1,2,1,3,2,4	71.354689	1.083281	0.454503	1.083281	0.566164	0.454503	1.429091	
686000	-112780	1,2,1,3,3,4	71.354689	4.706728	5.222820	4.706728	5.207997	5.207997	5.820921	1,2,3,4,5,6	71.354689	0.563786	0.109810	0.175129	0.151275	0.633413	0.126906	0.157880	0.081801	0.238644	0.508745	0.195522	0.057089	0.082856	0.235704	0.125635	0.555805	0.327813	0.046486	0.148225	0.477477	0.170454	0.039771	0.539810	0.249965	1,2,3,4,5,3	71.354689	0.074693	0.474785	0.192357	0.100036	0.006591	0.151537	0.042138	0.605843	0.111527	0.128192	0.038770	0.073530	0.383496	0.038268	0.054799	0.059716	0.316102	0.147619	0.067656	0.170572	0.110531	0.203853	0.430081	0.017308	0.256122	0.366164	0.111277	0.041850	0.098379	0.126207	0.383496	0.038268	0.054799	0.059716	0.316102	0.147619	1,2,3,4,4,5	71.354689	1.015359	0.409566	1.059129	0.540972	0.540972	1.813171	
687000	-113123	1,2,3,3,3,4	71.354689	5.416037	5.878449	4.906198	4.906198	4.906198	5.562502	1,2,3,4,3,5	71.354689	0.279487	0.354388	0.313298	0.052827	0.614717	0.213642	0.102554	0.069087	0.396431	0.295179	0.157258	0.151132	0.091969	0.096018	0.021425	0.790588	0.396431	0.295179	0.157258	0.151132	0.088498	0.051687	0.748748	0.111067	1,1,2,3,4,5	71.354689	0.022157	0.756424	0.051305	0.075321	0.058629	0.036164	0.022157	0.756424	0.051305	0.075321	0.058629	0.036164	0.396488	0.062370	0.099885	0.039115	0.215377	0.186765	0.081118	0.138558	0.221830	0.175786	0.348442	0.034267	0.077255	0.216500	0.264937	0.310487	0.045856	0.084964	0.233243	0.010878	0.092821	0.095637	0.400754	0.166666	1,2,1,3,2,4	71.354689	1.060284	0.450894	1.060284	0.645543	0.450894	1.945178	
688000	-113115	1,2,1,3,4,4	71.354689	5.485917	5.916419	5.485917	5.075107	5.092960	5.092960	1,1,2,3,4,5	71.354689	0.572882	0.147989	0.222755	0.056375	0.572882	0.147989	0.222755	0.056375	0.443743	0.319807	0.044000	0.192450	0.158136	0.306006	0.041232	0.494627	0.423464	0.129961	0.264854	0.181721	0.329893	0.141904	0.415437	0.112766	1,1,2,3,4,5	71.354689	0.008444	0.533700	0.148249	0.065151	0.062095	0.182362	0.008444	0.533700	0.148249	0.065151	0.062095	0.182362	0.268419	0.040041	0.254157	0.026349	0.238317	0.172718	0.222348	0.102535	0.075673	0.200153	0.333450	0.065841	0.230798	0.178185	0.117611	0.083765	0.124621	0.265019	0.013799	0.044057	0.219946	0.122122	0.228243	0.371831	1,2,3,4,2,1	71.354689	1.397435	0.340554	1.027385	0.718973	0.340554	1.397435	
689000	-112863	1,2,3,1,1,4	71.354689	5.115274	5.973928	5.929292	5.115274	5.115274	6.255747	1,1,2,3,2,4	71.354689	0.546965	0.171550	0.236645	0.044840	0.546965	0.171550	0.236645	0.044840	0.307702	0.360487	0.080901	0.250909	0.035563	0.120774	0.062044	0.781618	0.307702	0.360487	0.080901	0.250909	0.300404	0.119264	0.178366	0.401966	1,1,2,3,1,4	71.354689	0.033800	0.544955	0.129602	0.045938	0.052421	0.193284	0.033800	0.544955	0.129602	0.045938	0.052421	0.193284	0.662152	0.027616	0.054213	0.075617	0.157345	0.023057	0.067969	0.277198	0.154354	0.150678	0.335447	0.014355	0.033800	0.544955	0.129602	0.045938	0.052421	0.193284	0.454249	0.072007	0.114567	0.028979	0.182553	0.147645	1,2,1,3,4,5	71.354689	1.074730	0.445931	1.074730	0.531668	0.481000	1.420175	
690000	-113815	1,2,3,4,5,6	71.354689	6.283659	6.200920	5.816315	5.072629	5.978274	5.918844	1,2,3,4,5,5	71.354689	0.557952	0.090043	0.293599	0.058406	0.674496	0.068205	0.187654	0.069645	0.261954	0.527223	0.147796	0.063027	0.142969	0.283236	0.097890	0.475905	0.295923	0.067696	0.307683	0.328698	0.295923	0.067696	0.307683	0.328698	1,1,2,2,3,4	71.354689	0.027043	0.471426	0.173373	0.106688	0.105219	0.116252	0.027043	0.471426	0.173373	0.106688	0.105219	0.116252	0.162237	0.059397	0.117418	0.169148	0.310130	0.181670	0.162237	0.059397	0.117418	0.169148	0.310130	0.181670	0.052785	0.301738	0.035749	0.450210	0.072819	0.086700	0.136740	0.034553	0.064576	0.344901	0.184138	0.235092	1,2,3,4,5,6	71.354689	1.152645	0.357774	0.977331	0.520394	0.493570	1.773535	
691000	-112366	1,2,3,3,3,4	71.354689	4.724621	5.235108	5.014103	5.014103	5.014103	6.338500	1,1,2,3,4,5	71.354689	0.570633	0.158138	0.177548	0.093681	0.570633	0.158138	0.177548	0.093681	0.216415	0.323709	0.125277	0.334599	0.168600	0.177129	0.039941	0.614330	0.285371	0.362717	0.093597	0.258316	0.082329	0.114490	0.405616	0.397565	1,1,2,3,1,2	71.354689	0.024015	0.577755	0.106590	0.090882	0.048375	0.152383	0.024015	0.577755	0.106590	0.090882	0.048375	0.152383	0.395817	0.005776	0.052372	0.177816	0.211944	0.156275	0.407975	0.150575	0.049313	0.046263	0.284402	0.061471	0.024015	0.577755	0.106590	0.090882	0.048375	0.152383	0.395817	0.005776	0.052372	0.177816	0.211944	0.156275	1,2,1,3,2,4	71.354689	1.072659	0.388694	1.072659	0.702904	0.388694	1.751067	
692000	-112022	1,2,3,3,4,5	71.354689	6.278268	5.386933	5.168925	5.168925	5.903797	5.404377	1,2,3,4,5,2	71.354689	0.569776	0.051561	0.322446	0.056218	0.451601	0.133988	0.274037	0.140374	0.205179	0.500138	0.029938	0.264745	0.008010	0.280423	0.154541	0.557025	0.482718	0.107927	0.176109	0.233245	0.451601	0.133988	0.274037	0.140374	1,1,2,3,4,2	71.354689	0.016829	0.525880	0.069938	0.088049	0.125569	0.173735	0.016829	0.525880	0.069938	0.088049	0.125569	0.173735	0.293218	0.017698	0.098148	0.101094	0.109545	0.380297	0.546984	0.013170	0.139549	0.016569	0.175595	0.108133	0.210803	0.262315	0.198356	0.143752	0.046620	0.138154	0.293218	0.017698	0.098148	0.101094	0.109545	0.380297	1,2,3,4,4,5	71.354689	1.106429	0.364766	0.966134	0.616401	0.616401	1.874859	
693000	-113147	1,2,3,4,5,6	71.354689	6.264815	5.825046	5.151481	5.326977	5.136614	5.530809	1,1,2,3,4,5	71.354689	0.512102	0.181135	0.277291	0.029472	0.512102	0.181135	0.277291	0.029472	0.454519	0.276291	0.071617	0.197573	0.032951	0.395260	0.098611	0.473177	0.237223	0.150944	0.133199	0.478635	0.175418	0.165779	0.225486	0.433317	1,1,2,3,4,5	71.354689	0.011160	0.318170	0.173573	0.075770	0.167253	0.254074	0.011160	0.318170	0.173573	0.075770	0.167253	0.254074	0.203024	0.138706	0.097035	0.149104	0.128114	0.284018	0.021694	0.211184	0.524182	0.036652	0.169345	0.036943	0.241750	0.408051	0.031694	0.182387	0.071099	0.065020	0.394033	0.094648	0.101899	0.068773	0.162802	0.177845	1,2,3,4,4,5	71.354689	1.319304	0.389108	1.267555	0.545196	0.545196	1.495856	
694000	-114171	1,2,3,3,4,5	71.354689	6.417240	6.467248	4.131054	4.131054	5.682025	5.213928	1,1,2,3,4,5	71.354689	0.561519	0.102372	0.318062	0.018047	0.561519	0.102372	0.318062	0.018047	0.409249	0.246674	0.146090	0.197987	0.010063	0.127530	0.256328	0.606080	0.338580	0.183652	0.093910	0.383857	0.319594	0.237688	0.328694	0.114024	1,1,2,3,4,5	71.354689	0.008857	0.416912	0.229530	0.043707	0.218798	0.082195	0.008857	0.416912	0.229530	0.043707	0.218798	0.082195	0.378977	0.091462	0.087747	0.061927	0.306406	0.073481	0.029672	0.287831	0.155055	0.094329	0.420953	0.012161	0.106581	0.668527	0.036054	0.072294	0.015604	0.100939	0.106447	0.057249	0.037424	0.054736	0.552886	0.191259	1,2,3,4,5,6	71.354689	1.038673	0.397233	0.967133	0.641626	0.524964	2.695292	
695000	-112542	1,2,2,2,3,4	71.354689	5.098788	4.695795	4.695795	4.695795	5.555914	5.419734	1,2,3,4,5,6	71.354689	0.394600	0.224938	0.256917	0.123545	0.621576	0.238383	0.082441	0.057600	0.537207	0.241998	0.037200	0.183595	0.047007	0.322898	0.179449	0.450646	0.456835	0.075345	0.233274	0.234546	0.377729	0.090081	0.386290	0.145901	1,1,2,3,3,2	71.354689	0.020798	0.686418	0.198294	0.017112	0.059191	0.018186	0.020798	0.686418	0.198294	0.017112	0.059191	0.018186	0.307574	0.032097	0.055587	0.177339	0.149215	0.278188	0.304581	0.198206	0.121906	0.126420	0.171408	0.077479	0.304581	0.198206	0.121906	0.126420	0.171408	0.077479	0.307574	0.032097	0.055587	0.177339	0.149215	0.278188	1,2,3,4,2,5	71.354689	1.117672	0.492357	1.138746	0.561679	0.492357	1.848101	
696000	-112136	1,2,3,4,2,5	71.354689	5.598901	4.633108	5.301153	5.885734	4.633108	6.450430	1,1,2,3,4,5	71.354689	0.286154	0.272644	0.400283	0.040919	0.286154	0.272644	0.400283	0.040919	0.186392	0.451867	0.059229	0.302512	0.056585	0.265133	0.007802	0.670480	0.275575	0.076504	0.314154	0.333768	0.244172	0.097847	0.442350	0.215631	1,2,3,4,5,3	71.354689	0.000935	0.427358	0.305925	0.027477	0.206654	0.031650	0.025165	0.403637	0.074890	0.031125	0.342321	0.122861	0.384978	0.019788	0.020308	0.105832	0.250011	0.219084	0.289339	0.209960	0.104617	0.049734	0.265662	0.080688	0.213541	0.146416	0.145823	0.194572	0.163873	0.135776	0.384978	0.019788	0.020308	0.105832	0.250011	0.219084	1,2,3,4,4,5	71.354689	1.107682	0.417097	0.937141	0.539927	0.539927	1.607492	
697000	-112058	1,2,3,4,4,4	71.354689	5.592301	5.901519	5.048903	4.782470	4.782470	4.782470	1,1,2,3,4,4	71.354689	0.503858	0.218824	0.245031	0.032286	0.503858	0.218824	0.245031	0.032286	0.171753	0.432111	0.106999	0.289137	0.058542	0.185189	0.033161	0.723108	0.429757	0.074044	0.348353	0.147846	0.429757	0.074044	0.348353	0.147846	1,1,2,3,4,5	71.354689	0.009205	0.480096	0.216938	0.040219	0.108642	0.144900	0.009205	0.480096	0.216938	0.040219	0.108642	0.144900	0.503481	0.049744	0.080457	0.052345	0.246377	0.067597	0.066147	0.056305	0.119732	0.109837	0.546257	0.101723	0.367824	0.104690	0.097501	0.161715	0.171241	0.097029	0.049857	0.006324	0.047284	0.225773	0.462003	0.208758	1,2,3,4,5,6	71.354689	1.119965	0.391306	1.195633	0.718830	0.463504	1.178918	
698000	-113316	1,2,3,4,5,6	71.354689	5.933708	6.346819	5.522308	5.489787	5.490185	5.967780	1,1,2,2,3,3	71.354689	0.616672	0.064049	0.262149	0.057130	0.616672	0.064049	0.262149	0.057130	0.255560	0.212082	0.030375	0.501983	0.255560	0.212082	0.030375	0.501983	0.339611	0.113017	0.331463	0.215908	0.339611	0.113017	0.331463	0.215908	1,1,2,3,4,5	71.354689	0.029156	0.333532	0.044167	0.095761	0.196364	0.301020	0.029156	0.333532	0.044167	0.095761	0.196364	0.301020	0.260380	0.173977	0.058305	0.072264	0.208328	0.226745	0.200836	0.130307	0.030159	0.020648	0.538170	0.079880	0.095602	0.248526	0.224216	0.212707	0.112130	0.106819	0.253359	0.014020	0.019298	0.259365	0.219888	0.234071	1,2,3,4,5,6	71.354689	1.012764	0.330111	0.951092	0.591811	0.509970	1.962816	
699000	-114307	1,2,3,4,5,6	71.354689	6.099781	5.642838	5.294942	5.094682	5.756552	5.944962	1,1,2,2,3,4	71.354689	0.498412	0.162783	0.293342	0.045462	0.498412	0.162783	0.293342	0.045462	0.163348	0.421116	0.152022	0.263514	0.163348	0.421116	0.152022	0.263514	0.434652	0.115837	0.187438	0.262073	0.335884	0.189891	0.315882	0.158343	1,1,2,3,3,4	71.354689	0.015654	0.524298	0.247508	0.099780	0.076284	0.036476	0.015654	0.524298	0.247508	0.099780	0.076284	0.036476	0.203875	0.105359	0.187384	0.044754	0.108114	0.350514	0.058089	0.190597	0.209986	0.049747	0.366812	0.124769	0.058089	0.190597	0.209986	0.049747	0.366812	0.124769	0.196853	0.044301	0.042003	0.043325	0.358881	0.314637	1,2,3,4,4,5	71.354689	1.150656	0.373679	1.003937	0.599787	0.599787	1.894088	
700000	-113215	1,2,3,3,4,2	71.354689	5.527779	6.521547	4.673422	4.673422	5.466225	6.521547	1,1,2,3,3,4	71.354689	0.530334	0.178878	0.267576	0.023212	0.530334	0.178878	0.267576	0.023212	0.226096	0.460284	0.069218	0.244402	0.315553	0.135585	0.140128	0.408734	0.315553	0.135585	0.140128	0.408734	0.450602	0.120246	0.241496	0.187656	1,1,2,3,4,2	71.354689	0.005877	0.335856	0.183109	0.035190	0.196196	0.243772	0.005877	0.335856	0.183109	0.035190	0.196196	0.243772	0.297784	0.013862	0.071078	0.068747	0.114109	0.434420	0.140158	0.163680	0.156695	0.092488	0.250776	0.196203	0.154786	0.471685	0.107478	0.179585	0.001889	0.084577	0.297784	0.013862	0.071078	0.068747	0.114109	0.434420	1,2,3,4,5,6	71.354689	1.151798	0.364870	0.832704	0.605460	0.477344	1.984074	
701000	-111486	1,2,3,4,5,4	71.354689	6.100434	6.459606	5.356262	4.456452	5.949113	4.456452	1,2,3,4,5,6	71.354689	0.541086	0.095096	0.249328	0.114490	0.484823	0.220478	0.166953	0.127747	0.450933	0.376065	0.015362	0.157640	0.094779	0.186568	0.136172	0.582481	0.501372	0.147140	0.163695	0.187793	0.255223	0.233422	0.333087	0.178268	1,1,2,3,4,5	71.354689	0.005161	0.602370	0.005929	0.059608	0.047277	0.279654	0.005161	0.602370	0.005929	0.059608	0.047277	0.279654	0.218332	0.071128	0.072540	0.121437	0.184267	0.332296	0.088746	0.028422	0.209680	0.135877	0.456157	0.081117	0.112396	0.280386	0.153474	0.060270	0.191127	0.202348	0.204440	0.031964	0.135897	0.057591	0.068082	0.502026	1,2,3,4,4,5	71.354689	0.992915	0.373595	0.898588	0.592405	0.592405	1.253397	
702000	-113995	1,2,3,4,5,6	71.354689	5.837272	5.270977	5.161532	4.807901	5.616484	5.697477	1,2,2,3,1,1	71.354689	0.367813	0.152395	0.275647	0.204145	0.572899	0.274417	0.089117	0.063567	0.572899	0.274417	0.089117	0.063567	0.165813	0.347234	0.236034	0.250920	0.367813	0.152395	0.275647	0.204145	0.367813	0.152395	0.275647	0.204145	1,1,2,3,4,2	71.354689	0.038731	0.733229	0.087538	0.027647	0.045328	0.067528	0.038731	0.733229	0.087538	0.027647	0.045328	0.067528	0.254553	0.011298	0.054312	0.132053	0.168321	0.379462	0.137110	0.132687	0.198299	0.135910	0.358583	0.037411	0.177124	0.200464	0.086077	0.190137	0.066974	0.279224	0.254553	0.011298	0.054312	0.132053	0.168321	0.379462	1,2,1,2,2,3	71.354689	1.213620	0.484030	1.213620	0.484030	0.484030	1.754596	
703000	-113422	1,2,3,1,4,5	71.354689	4.735482	5.604600	5.614740	4.735482	6.343261	6.620579	1,1,2,3,4,5	71.354689	0.475948	0.247870	0.207272	0.068910	0.475948	0.247870	0.207272	0.068910	0.202746	0.581880	0.083379	0.131994	0.054459	0.510492	0.132128	0.302921	0.418517	0.084207	0.294655	0.202622	0.245363	0.132461	0.334008	0.288168	1,1,2,3,4,2	71.354689	0.009071	0.491508	0.180096	0.056902	0.075709	0.186714	0.009071	0.491508	0.180096	0.056902	0.075709	0.186714	0.451136	0.000794	0.137432	0.144734	0.113724	0.152180	0.313198	0.030684	0.156529	0.126207	0.228336	0.145046	0.076105	0.356712	0.184783	0.160070	0.180157	0.042173	0.451136	0.000794	0.137432	0.144734	0.113724	0.152180	1,2,3,4,2,5	71.354689	1.250628	0.416096	1.144354	0.786143	0.416096	1.504412	
704000	-111877	1,2,3,4,5,6	71.354689	5.590703	5.776339	5.992647	5.334721	5.651517	5.813391	1,1,2,3,2,4	71.354689	0.552115	0.149501	0.287886	0.010497	0.552115	0.149501	0.287886	0.010497	0.311775	0.288249	0.065272	0.334704	0.029252	0.165255	0.123002	0.682491	0.311775	0.288249	0.065272	0.334704	0.244274	0.086401	0.473444	0.195881	1,1,2,3,4,2	71.354689	0.006527	0.217160	0.198316	0.045632	0.124867	0.407498	0.006527	0.217160	0.198316	0.045632	0.124867	0.407498	0.451678	0.023074	0.071208	0.065270	0.229763	0.159007	0.051718	0.265786	0.076055	0.088298	0.409755	0.108388	0.073654	0.194263	0.060807	0.347069	0.145317	0.178892	0.451678	0.023074	0.071208	0.065270	0.229763	0.159007	1,2,3,4,5,6	71.354689	1.168165	0.415513	0.827011	0.561900	0.482897	1.823568	
705000	-111708	1,2,3,4,1,5	71.354689	5.579210	6.595977	5.701778	5.455131	5.579210	6.365539	1,2,3,4,5,6	71.354689	0.335986	0.282721	0.321655	0.059638	0.507922	0.225262	0.171441	0.095375	0.537756	0.277327	0.049057	0.135860	0.041379	0.174604	0.016594	0.767422	0.269427	0.210471	0.124302	0.395800	0.409568	0.046485	0.317596	0.226351	1,1,2,1,3,2	71.354689	0.010991	0.643421	0.143122	0.026115	0.137092	0.039259	0.010991	0.643421	0.143122	0.026115	0.137092	0.039259	0.334554	0.050086	0.041987	0.041053	0.321147	0.211172	0.010991	0.643421	0.143122	0.026115	0.137092	0.039259	0.187340	0.330319	0.089367	0.114239	0.076277	0.202458	0.334554	0.050086	0.041987	0.041053	0.321147	0.211172	1,2,3,4,4,5	71.354689	1.111064	0.378434	0.898633	0.559311	0.559311	1.566050	
706000	-113512	1,2,3,4,5,1	71.354689	4.825638	5.248765	5.827608	5.214910	5.329818	4.825638	1,2,3,4,5,6	71.354689	0.433277	0.252320	0.251210	0.063193	0.542082	0.232906	0.152069	0.072943	0.212879	0.346351	0.210366	0.230404	0.084342	0.375184	0.199290	0.341184	0.410626	0.143341	0.132390	0.313642	0.141854	0.144462	0.369558	0.344126	1,1,2,2,1,3	71.354689	0.001338	0.520855	0.157693	0.100519	0.053825	0.165771	0.001338	0.520855	0.157693	0.100519	0.053825	0.165771	0.661131	0.036811	0.054302	0.042271	0.183120	0.022365	0.661131	0.036811	0.054302	0.042271	0.183120	0.022365	0.001338	0.520855	0.157693	0.100519	0.053825	0.165771	0.127233	0.031329	0.079457	0.214814	0.325279	0.221888	1,2,1,3,4,5	71.354689	0.981029	0.442908	0.981029	0.557449	0.349347	1.287377	
707000	-113236	1,2,3,4,5,6	71.354689	5.476788	6.660173	4.912889	4.815413	6.487557	5.586809	1,1,2,3,4,5	71.354689	0.545132	0.182977	0.250361	0.021530	0.545132	0.182977	0.250361	0.021530	0.291847	0.231361	0.157543	0.319249	0.029128	0.097606	0.202703	0.670564	0.552365	0.121741	0.191644	0.134251	0.358512	0.108594	0.394150	0.138744	1,1,2,3,4,5	71.354689	0.006646	0.477271	0.327874	0.063046	0.014093	0.111070	0.006646	0.477271	0.327874	0.063046	0.014093	0.111070	0.477261	0.037349	0.011270	0.204063	0.165169	0.104888	0.169497	0.123574	0.163998	0.223539	0.231777	0.087615	0.111115	0.406808	0.094101	0.182756	0.066127	0.139092	0.228819	0.049967	0.159739	0.076561	0.206052	0.278863	1,2,3,4,2,5	71.354689	1.044159	0.363408	1.085380	0.687667	0.363408	2.019963	
708000	-111547	1,2,2,2,3,4	71.354689	5.804791	5.202180	5.202180	5.202180	5.968600	5.622877	1,2,3,4,5,6	71.354689	0.331928	0.122448	0.386517	0.159107	0.354900	0.221323	0.282681	0.141096	0.393083	0.388647	0.100619	0.117650	0.092752	0.282065	0.098506	0.526677	0.403204	0.149114	0.155332	0.292350	0.294519	0.091552	0.472114	0.141815	1,1,2,3,4,2	71.354689	0.016410	0.606343	0.222919	0.063412	0.078412	0.012505	0.016410	0.606343	0.222919	0.063412	0.078412	0.012505	0.229423	0.026480	0.074226	0.089995	0.233873	0.346003	0.145638	0.036710	0.141394	0.100759	0.536514	0.038985	0.145347	0.274086	0.118846	0.091786	0.022479	0.347456	0.229423	0.026480	0.074226	0.089995	0.233873	0.346003	1,2,1,3,2,4	71.354689	1.048130	0.477637	1.048130	0.565029	0.477637	2.061842	
709000	-114475	1,2,3,4,5,6	71.354689	5.950423	5.034575	5.740248	4.927438	6.687988	5.720609	1,2,3,4,5,6	71.354689	0.310992	0.166760	0.504035	0.018213	0.389051	0.207014	0.352106	0.051829	0.280045	0.359650	0.105473	0.254833	0.220354	0.307509	0.080028	0.392109	0.420845	0.133227	0.215485	0.230442	0.258967	0.238404	0.342267	0.160362	1,2,3,4,5,6	71.354689	0.004694	0.456819	0.135335	0.031273	0.086187	0.285693	0.013112	0.498537	0.155852	0.041355	0.044922	0.246222	0.330342	0.076892	0.059254	0.018936	0.303060	0.211516	0.101789	0.366137	0.126625	0.035197	0.368797	0.001455	0.057391	0.051195	0.036124	0.353298	0.291294	0.210698	0.051982	0.076022	0.050468	0.059596	0.285812	0.476120	1,2,1,3,4,5	71.354689	1.144884	0.519083	1.144884	0.630747	0.518498	1.384049	
710000	-115791	1,2,3,4,5,6	71.354689	5.581795	6.257827	5.666795	5.439733	5.689665	5.284390	1,1,2,3,2,4	71.354689	0.410246	0.129003	0.410341	0.050410	0.410246	0.129003	0.410341	0.050410	0.309092	0.216568	0.151729	0.322611	0.031752	0.434632	0.267407	0.266209	0.309092	0.216568	0.151729	0.322611	0.420086	0.119205	0.213701	0.247008	1,1,2,3,4,2	71.354689	0.004131	0.463909	0.035604	0.081709	0.121601	0.293046	0.004131	0.463909	0.035604	0.081709	0.121601	0.293046	0.239957	0.014163	0.063658	0.184389	0.182986	0.314847	0.033347	0.082854	0.561055	0.178980	0.084907	0.058857	0.037704	0.225112	0.020953	0.289258	0.081928	0.345045	0.239957	0.014163	0.063658	0.184389	0.182986	0.314847	1,2,3,4,4,5	71.354689	1.063055	0.430576	1.004166	0.472010	0.472010	1.566285	
711000	-113302	1,2,3,3,4,5	71.354689	6.054093	5.762120	4.462285	4.462285	5.649436	5.708357	1,1,2,3,4,5	71.354689	0.543370	0.125346	0.307287	0.023996	0.543370	0.125346	0.307287	0.023996	0.192702	0.285851	0.022650	0.498796	0.193867	0.268817	0.050430	0.486885	0.360066	0.415130	0.093331	0.131473	0.302498	0.141937	0.416960	0.138605	1,1,2,3,4,2	71.354689	0.027596	0.310035	0.295859	0.086947	0.191864	0.087698	0.027596	0.310035	0.295859	0.086947	0.191864	0.087698	0.257057	0.054532	0.073314	0.229266	0.031325	0.354506	0.105268	0.086226	0.042160	0.232137	0.283478	0.250730	0.018959	0.564880	0.041564	0.087753	0.005731	0.281112	0.257057	0.054532	0.073314	0.229266	0.031325	0.354506	1,2,1,2,2,3	71.354689	1.016653	0.523730	1.016653	0.523730	0.523730	1.775917	
712000	-113240	1,2,1,3,4,3	71.354689	5.349863	5.507968	5.349863	4.984833	5.488122	4.984833	1,2,3,4,5,6	71.354689	0.274656	0.114681	0.495338	0.115325	0.670958	0.090817	0.152444	0.085781	0.210307	0.427982	0.149556	0.212155	0.111308	0.118786	0.323741	0.446166	0.427629	0.197367	0.064408	0.310596	0.226263	0.042417	0.607289	0.124031	1,2,3,4,5,3	71.354689	0.001164	0.603597	0.239949	0.114754	0.032085	0.008451	0.004012	0.460186	0.132089	0.041285	0.075279	0.287150	0.320045	0.002360	0.099272	0.101131	0.284708	0.192484	0.266723	0.083332	0.075877	0.130804	0.360118	0.083146	0.075610	0.365739	0.230661	0.088592	0.133530	0.105868	0.320045	0.002360	0.099272	0.101131	0.284708	0.192484	1,2,1,3,2,4	71.354689	1.020508	0.437938	1.020508	0.659205	0.437938	3.117432	
713000	-112834	1,1,2,1,3,4	71.354689	4.144476	4.144476	5.910941	4.144476	6.014126	5.752078	1,1,2,3,4,5	71.354689	0.343680	0.415046	0.202733	0.038542	0.343680	0.415046	0.202733	0.038542	0.323069	0.407028	0.048027	0.221876	0.037654	0.108478	0.361549	0.492319	0.342247	0.118730	0.250339	0.288684	0.259008	0.137396	0.485272	0.118324	1,1,2,3,4,2	71.354689	0.043878	0.526903	0.155110	0.020348	0.092509	0.161252	0.043878	0.526903	0.155110	0.020348	0.092509	0.161252	0.129255	0.007502	0.089213	0.128128	0.226713	0.419189	0.141673	0.129210	0.377305	0.003778	0.332380	0.015655	0.082287	0.142076	0.289416	0.105149	0.072308	0.308763	0.129255	0.007502	0.089213	0.128128	0.226713	0.419189	1,2,3,4,2,5	71.354689	1.233380	0.469886	0.994888	0.565269	0.469886	1.678890	
714000	-112908	1,2,3,4,5,6	71.354689	5.285308	5.602138	5.284549	5.404983	5.473218	5.770858	1,1,2,3,4,5	71.354689	0.498185	0.192785	0.217082	0.091949	0.498185	0.192785	0.217082	0.091949	0.333335	0.290969	0.037552	0.338144	0.021578	0.226817	0.072128	0.679477	0.281657	0.306094	0.190962	0.221287	0.093504	0.158270	0.387866	0.360360	1,1,2,3,4,4	71.354689	0.011029	0.631820	0.141492	0.094314	0.070159	0.051186	0.011029	0.631820	0.141492	0.094314	0.070159	0.051186	0.372554	0.126043	0.080617	0.189127	0.119560	0.112101	0.122406	0.296633	0.044528	0.136795	0.337763	0.061875	0.116484	0.095008	0.159703	0.089873	0.105825	0.433107	0.116484	0.095008	0.159703	0.089873	0.105825	0.433107	1,2,1,3,3,4	71.354689	1.337991	0.448253	1.337991	0.507874	0.507874	1.307375	
715000	-113136	1,2,3,2,2,4	71.354689	6.260344	4.246262	6.331539	4.246262	4.246262	6.173966	1,1,2,2,3,3	71.354689	0.421742	0.129339	0.392170	0.056749	0.421742	0.129339	0.392170	0.056749	0.201574	0.292437	0.032420	0.473569	0.201574	0.292437	0.032420	0.473569	0.383432	0.101907	0.330411	0.184250	0.383432	0.101907	0.330411	0.184250	1,1,2,3,4,2	71.354689	0.038111	0.429156	0.204751	0.096643	0.083179	0.148161	0.038111	0.429156	0.204751	0.096643	0.083179	0.148161	0.165370	0.009526	0.041369	0.264336	0.050137	0.469262	0.224363	0.025388	0.095731	0.075777	0.381433	0.197308	0.218596	0.119748	0.308555	0.018632	0.244769	0.089700	0.165370	0.009526	0.041369	0.264336	0.050137	0.469262	1,2,1,3,2,4	71.354689	1.035139	0.427883	1.035139	0.552260	0.427883	1.024194	
716000	-112266	1,2,3,4,5,6	71.354689	5.687605	5.983021	5.610693	5.350401	5.279466	5.482409	1,1,2,3,4,5	71.354689	0.512017	0.202152	0.256885	0.028946	0.512017	0.202152	0.256885	0.028946	0.244263	0.487947	0.037730	0.230060	0.280985	0.078446	0.096786	0.543782	0.396043	0.076711	0.255957	0.271289	0.204458	0.138419	0.268029	0.389093	1,1,2,3,4,5	71.354689	0.010989	0.409284	0.151828	0.031130	0.130154	0.266615	0.010989	0.409284	0.151828	0.031130	0.130154	0.266615	0.317783	0.155028	0.057004	0.166532	0.193820	0.109833	0.061126	0.547787	0.017276	0.011624	0.340811	0.021376	0.127969	0.142478	0.186694	0.248083	0.120368	0.174408	0.438008	0.047963	0.025624	0.100266	0.088977	0.299163	1,2,3,4,5,6	71.354689	1.213604	0.393673	1.054300	0.609821	0.494655	1.430848	
717000	-112152	1,2,3,4,3,5	71.354689	5.578822	6.301941	5.141195	5.167676	5.141195	6.246148	1,1,2,3,4,5	71.354689	0.542231	0.174797	0.263434	0.019538	0.542231	0.174797	0.263434	0.019538	0.292558	0.315632	0.085528	0.306282	0.168800	0.119163	0.050702	0.661335	0.611818	0.106142	0.146295	0.135746	0.192890	0.209113	0.268925	0.329072	1,1,2,3,4,2	71.354689	0.007561	0.363082	0.237373	0.029268	0.106677	0.256039	0.007561	0.363082	0.237373	0.029268	0.106677	0.256039	0.450358	0.012453	0.034603	0.042458	0.196460	0.263669	0.085457	0.204548	0.059385	0.077955	0.434468	0.138187	0.037193	0.255787	0.124908	0.037167	0.131023	0.413922	0.450358	0.012453	0.034603	0.042458	0.196460	0.263669	1,2,3,4,5,6	71.354689	1.371647	0.361002	0.978332	0.637647	0.442754	1.588008	
718000	-111997	1,1,2,1,3,4	71.354689	4.268627	4.268627	6.031851	4.268627	6.241948	5.961986	1,1,2,3,4,5	71.354689	0.301755	0.372070	0.289419	0.036755	0.301755	0.372070	0.289419	0.036755	0.345288	0.292375	0.084222	0.278115	0.075125	0.255422	0.111816	0.557637	0.367448	0.156066	0.182941	0.293545	0.223757	0.032477	0.443269	0.300497	1,1,2,3,3,2	71.354689	0.007346	0.324793	0.246339	0.065158	0.146366	0.209999	0.007346	0.324793	0.246339	0.065158	0.146366	0.209999	0.407072	0.008164	0.059355	0.157085	0.207795	0.160529	0.084328	0.268992	0.092185	0.110097	0.362652	0.081746	0.084328	0.268992	0.092185	0.110097	0.362652	0.081746	0.407072	0.008164	0.059355	0.157085	0.207795	0.160529	1,2,1,3,2,4	71.354689	0.993094	0.478890	0.993094	0.740386	0.478890	1.234233	
719000	-112708	1,1,2,1,3,2	71.354689	5.325170	5.325170	4.868132	5.325170	6.239193	4.868132	1,1,2,3,4,5	71.354689	0.456843	0.150308	0.240618	0.152231	0.456843	0.150308	0.240618	0.152231	0.150926	0.468484	0.183573	0.197018	0.057903	0.406265	0.029585	0.506247	0.473162	0.117007	0.199215	0.210615	0.346512	0.013354	0.490247	0.149888	1,1,2,3,3,2	71.354689	0.017523	0.713103	0.079712	0.092963	0.060492	0.036207	0.017523	0.713103	0.079712	0.092963	0.060492	0.036207	0.413998	0.022537	0.079220	0.095187	0.153666	0.235392	0.165615	0.320460	0.083321	0.003940	0.252628	0.174036	0.165615	0.320460	0.083321	0.003940	0.252628	0.174036	0.413998	0.022537	0.079220	0.095187	0.153666	0.235392	1,2,1,3,2,4	71.354689	1.019759	0.423820	1.019759	0.509691	0.423820	2.106547	
720000	-112217	1,2,3,4,5,4	71.354689	5.342302	5.772127	5.785767	5.236872	5.303897	5.236872	1,2,3,4,5,6	71.354689	0.520946	0.205887	0.246706	0.026461	0.549944	0.226310	0.205495	0.018250	0.301576	0.379530	0.043592	0.275302	0.047828	0.333482	0.103974	0.514716	0.311454	0.332129	0.235079	0.121339	0.454462	0.089668	0.341092	0.114779	1,1,2,2,3,4	71.354689	0.003838	0.406890	0.101730	0.087459	0.223884	0.176199	0.003838	0.406890	0.101730	0.087459	0.223884	0.176199	0.439580	0.186587	0.114597	0.065980	0.143812	0.049444	0.439580	0.186587	0.114597	0.065980	0.143812	0.049444	0.043461	0.163393	0.299715	0.049291	0.136702	0.307439	0.156435	0.004107	0.048182	0.379416	0.031331	0.380528	1,2,1,2,2,3	71.354689	1.126542	0.526638	1.126542	0.526638	0.526638	1.266287	
721000	-112652	1,2,3,2,2,4	71.354689	6.169307	4.328672	6.201915	4.328672	4.328672	5.909415	1,2,3,4,5,5	71.354689	0.488796	0.111336	0.358813	0.041055	0.648060	0.192033	0.118804	0.041103	0.410036	0.419515	0.032049	0.138400	0.199678	0.269476	0.125902	0.404944	0.216011	0.173595	0.341092	0.269301	0.216011	0.173595	0.341092	0.269301	1,2,3,4,1,5	71.354689	0.086145	0.380192	0.291785	0.090311	0.116731	0.034836	0.001198	0.346273	0.209021	0.173646	0.087819	0.182043	0.245752	0.077802	0.038468	0.042724	0.251601	0.343653	0.035883	0.241996	0.120082	0.066784	0.434005	0.101251	0.086145	0.380192	0.291785	0.090311	0.116731	0.034836	0.404822	0.007567	0.198225	0.085322	0.051589	0.252474	1,2,3,4,2,5	71.354689	0.911968	0.557952	1.015148	0.566882	0.557952	1.724493	
722000	-112222	1,2,3,3,1,4	71.354689	5.608848	5.358823	5.284686	5.284686	5.608848	6.414856	1,1,2,3,2,4	71.354689	0.518509	0.118089	0.267774	0.095629	0.518509	0.118089	0.267774	0.095629	0.317104	0.320096	0.112395	0.250405	0.036803	0.097522	0.013264	0.852411	0.317104	0.320096	0.112395	0.250405	0.226537	0.103942	0.514265	0.155257	1,1,2,1,3,2	71.354689	0.046796	0.475037	0.133441	0.042482	0.192469	0.109774	0.046796	0.475037	0.133441	0.042482	0.192469	0.109774	0.365298	0.013309	0.009687	0.142154	0.294077	0.175476	0.046796	0.475037	0.133441	0.042482	0.192469	0.109774	0.072748	0.553968	0.111416	0.115918	0.063308	0.082642	0.365298	0.013309	0.009687	0.142154	0.294077	0.175476	1,2,3,4,5,6	71.354689	1.296043	0.430339	0.937153	0.814349	0.439756	1.606716	
723000	-114131	1,2,3,4,5,6	71.354689	6.665967	5.630342	5.604349	5.088564	4.902164	6.080231	1,1,2,3,4,4	71.354689	0.462821	0.201146	0.248344	0.087689	0.462821	0.201146	0.248344	0.087689	0.365674	0.318967	0.148722	0.166637	0.195978	0.151689	0.187115	0.465218	0.484045	0.115574	0.222464	0.177917	0.484045	0.115574	0.222464	0.177917	1,1,2,3,4,2	71.354689	0.009298	0.612473	0.126618	0.063792	0.063086	0.124733	0.009298	0.612473	0.126618	0.063792	0.063086	0.124733	0.274556	0.023204	0.188733	0.193750	0.154206	0.165550	0.213347	0.109506	0.109793	0.107537	0.336788	0.123028	0.059051	0.185657	0.203311	0.192503	0.059509	0.299968	0.274556	0.023204	0.188733	0.193750	0.154206	0.165550	1,2,1,3,4,5	71.354689	1.182985	0.492343	1.182985	0.765591	0.480612	1.310428	
724000	-113473	1,2,2,3,3,4	71.354689	5.477131	4.768446	4.768446	4.239474	4.239474	5.336052	1,2,3,4,1,1	71.354689	0.361807	0.092356	0.362489	0.183347	0.785377	0.032068	0.137281	0.045274	0.197367	0.312629	0.122857	0.367147	0.077933	0.388812	0.142961	0.390294	0.361807	0.092356	0.362489	0.183347	0.361807	0.092356	0.362489	0.183347	1,1,2,3,3,4	71.354689	0.045214	0.486226	0.056488	0.246043	0.033086	0.132944	0.045214	0.486226	0.056488	0.246043	0.033086	0.132944	0.580129	0.030008	0.234998	0.041505	0.098268	0.015093	0.182913	0.082373	0.159771	0.170084	0.355174	0.049686	0.182913	0.082373	0.159771	0.170084	0.355174	0.049686	0.186546	0.016059	0.023235	0.032702	0.378282	0.363176	1,2,3,4,5,6	71.354689	1.006114	0.406816	1.171661	0.603692	0.564520	1.224898	
725000	-113816	1,2,3,2,4,5	71.354689	6.586945	4.084097	5.130341	4.084097	5.012113	5.461933	1,1,2,2,3,1	71.354689	0.445577	0.123575	0.298210	0.132637	0.445577	0.123575	0.298210	0.132637	0.391881	0.246952	0.080022	0.281145	0.391881	0.246952	0.080022	0.281145	0.618760	0.159927	0.074041	0.147272	0.445577	0.123575	0.298210	0.132637	1,1,2,3,4,2	71.354689	0.041805	0.470256	0.269235	0.057170	0.096697	0.064837	0.041805	0.470256	0.269235	0.057170	0.096697	0.064837	0.314399	0.012460	0.079997	0.078113	0.120533	0.394498	0.235236	0.055820	0.057536	0.137951	0.434080	0.079377	0.045562	0.144627	0.116416	0.055463	0.169641	0.468291	0.314399	0.012460	0.079997	0.078113	0.120533	0.394498	1,2,1,2,2,3	71.354689	0.890901	0.395661	0.890901	0.395661	0.395661	1.596148	
726000	-113693	1,2,3,4,5,6	71.354689	5.947912	6.109076	5.151616	5.162505	7.172975	6.206254	1,1,2,3,2,4	71.354689	0.517138	0.180755	0.274828	0.027279	0.517138	0.180755	0.274828	0.027279	0.250253	0.311262	0.158656	0.279828	0.002489	0.157012	0.034244	0.806255	0.250253	0.311262	0.158656	0.279828	0.333418	0.085226	0.169355	0.412001	1,1,2,3,4,5	71.354689	0.005977	0.409780	0.263205	0.054351	0.124705	0.141982	0.005977	0.409780	0.263205	0.054351	0.124705	0.141982	0.271552	0.172914	0.140818	0.092037	0.224151	0.098527	0.247596	0.114711	0.183253	0.127423	0.296639	0.030378	0.026361	0.511403	0.024210	0.101990	0.050981	0.285055	0.287411	0.005855	0.069992	0.026724	0.200044	0.409975	1,2,3,4,5,6	71.354689	1.157798	0.337754	1.023196	0.646575	0.387115	1.472072	
727000	-112631	1,2,3,4,5,6	71.354689	5.015956	4.927053	5.420035	5.367260	6.599535	5.931913	1,2,3,4,2,5	71.354689	0.273939	0.404780	0.227872	0.093409	0.636683	0.062187	0.176265	0.124865	0.253808	0.459052	0.161148	0.125992	0.093131	0.240331	0.030707	0.635831	0.636683	0.062187	0.176265	0.124865	0.121259	0.183102	0.415804	0.279835	1,2,3,4,5,6	71.354689	0.002625	0.657255	0.185486	0.029901	0.111396	0.013338	0.106116	0.572569	0.028508	0.078582	0.062874	0.151350	0.413606	0.019905	0.063788	0.129422	0.154428	0.218852	0.095214	0.403533	0.055907	0.075605	0.276557	0.093184	0.027749	0.369291	0.067791	0.154181	0.233668	0.147321	0.201752	0.049131	0.159147	0.082508	0.239426	0.268037	1,2,3,4,5,6	71.354689	1.093776	0.331008	1.049282	0.490944	0.342933	1.508772	
728000	-111990	1,2,3,4,5,6	71.354689	6.639051	5.963489	5.193973	4.854622	5.150448	5.196310	1,2,3,4,5,6	71.354689	0.500760	0.127484	0.346553	0.025202	0.494600	0.272041	0.197580	0.035780	0.277225	0.418923	0.083205	0.220648	0.177176	0.205616	0.097974	0.519234	0.245791	0.164280	0.157381	0.432549	0.060360	0.183904	0.456115	0.299621	1,1,2,3,4,5	71.354689	0.012465	0.233643	0.364389	0.021959	0.112660	0.254884	0.012465	0.233643	0.364389	0.021959	0.112660	0.254884	0.297815	0.017861	0.161522	0.165054	0.162385	0.195364	0.239041	0.159233	0.117676	0.076453	0.395525	0.012072	0.172803	0.350406	0.115579	0.267922	0.006797	0.086493	0.394253	0.081852	0.134674	0.072315	0.114118	0.202788	1,2,3,4,2,1	71.354689	1.121448	0.460927	1.024792	0.596784	0.460927	1.121448	
729000	-112100	1,2,3,2,4,5	71.354689	5.930390	4.810222	5.253176	4.810222	5.618708	6.318579	1,1,2,3,2,4	71.354689	0.429746	0.173511	0.374817	0.021927	0.429746	0.173511	0.374817	0.021927	0.372980	0.291553	0.088321	0.247146	0.209719	0.144128	0.031556	0.614597	0.372980	0.291553	0.088321	0.247146	0.156871	0.064884	0.335523	0.442722	1,1,2,3,4,2	71.354689	0.005550	0.356010	0.267795	0.043821	0.116848	0.209976	0.005550	0.356010	0.267795	0.043821	0.116848	0.209976	0.379357	0.006036	0.082780	0.045138	0.272885	0.213804	0.085753	0.097259	0.121383	0.084679	0.351734	0.259191	0.165199	0.435330	0.102023	0.057572	0.022671	0.217205	0.379357	0.006036	0.082780	0.045138	0.272885	0.213804	1,2,3,4,2,5	71.354689	1.212171	0.429064	1.071880	0.607814	0.429064	1.492617	
730000	-113919	1,2,3,4,5,6	71.354689	6.131464	4.922480	5.137502	6.715987	6.141416	6.082191	1,2,3,4,5,6	71.354689	0.482732	0.134452	0.316275	0.066541	0.511522	0.239942	0.193876	0.054660	0.414651	0.276195	0.131340	0.177814	0.021241	0.191562	0.003039	0.784158	0.328482	0.147993	0.269547	0.253979	0.155898	0.117340	0.577446	0.149316	1,2,3,4,5,3	71.354689	0.002780	0.411866	0.206055	0.139665	0.002839	0.236795	0.146312	0.611592	0.098664	0.007256	0.062429	0.073748	0.421483	0.016006	0.010996	0.108136	0.206594	0.236784	0.002933	0.145113	0.060081	0.163198	0.589063	0.039612	0.020712	0.119973	0.154812	0.100413	0.358459	0.245631	0.421483	0.016006	0.010996	0.108136	0.206594	0.236784	1,2,3,4,2,1	71.354689	1.200524	0.499072	1.087586	0.503296	0.499072	1.200524	
731000	-113852	1,2,3,4,2,5	71.354689	5.458435	4.431918	5.564426	5.344101	4.431918	5.326799	1,2,2,3,4,5	71.354689	0.300321	0.078917	0.523792	0.096971	0.408572	0.367918	0.112592	0.110918	0.408572	0.367918	0.112592	0.110918	0.077890	0.186374	0.016371	0.719365	0.204290	0.174566	0.231477	0.389667	0.064258	0.056143	0.747911	0.131689	1,1,2,3,3,2	71.354689	0.011975	0.377866	0.109815	0.071309	0.284009	0.145025	0.011975	0.377866	0.109815	0.071309	0.284009	0.145025	0.402536	0.023863	0.080947	0.208305	0.161922	0.122427	0.334166	0.164855	0.161437	0.032298	0.187424	0.119820	0.334166	0.164855	0.161437	0.032298	0.187424	0.119820	0.402536	0.023863	0.080947	0.208305	0.161922	0.122427	1,2,1,2,2,3	71.354689	1.164080	0.457019	1.164080	0.457019	0.457019	1.897635	
732000	-111910	1,2,3,3,3,4	71.354689	6.234244	5.797910	4.905460	4.905460	4.905460	6.085578	1,1,2,3,1,4	71.354689	0.451951	0.200561	0.241031	0.106457	0.451951	0.200561	0.241031	0.106457	0.327293	0.391546	0.021286	0.259874	0.209232	0.227353	0.003687	0.559729	0.451951	0.200561	0.241031	0.106457	0.205840	0.127011	0.454683	0.212467	1,1,2,3,4,2	71.354689	0.020160	0.615867	0.048576	0.029986	0.050575	0.234836	0.020160	0.615867	0.048576	0.029986	0.050575	0.234836	0.368413	0.014909	0.062003	0.074937	0.193935	0.285804	0.361180	0.034059	0.004653	0.083200	0.338978	0.177930	0.048547	0.237225	0.239195	0.237134	0.094322	0.143576	0.368413	0.014909	0.062003	0.074937	0.193935	0.285804	1,2,3,4,2,5	71.354689	1.205020	0.463177	1.093338	0.690477	0.463177	1.882794	
733000	-114078	1,2,3,4,5,6	71.354689	5.425894	6.043098	5.201056	5.108313	5.705093	5.294616	1,1,2,3,4,4	71.354689	0.568695	0.116728	0.214140	0.100437	0.568695	0.116728	0.214140	0.100437	0.160351	0.297156	0.051381	0.491112	0.019107	0.232673	0.163313	0.584907	0.315025	0.073557	0.320332	0.291085	0.315025	0.073557	0.320332	0.291085	1,1,2,3,4,5	71.354689	0.024000	0.546800	0.033030	0.067428	0.049208	0.279534	0.024000	0.546800	0.033030	0.067428	0.049208	0.279534	0.306739	0.185277	0.148150	0.103130	0.112531	0.144172	0.140729	0.123882	0.190914	0.216494	0.278204	0.049776	0.121332	0.298723	0.129261	0.110456	0.140246	0.199981	0.116978	0.128608	0.171513	0.210046	0.062566	0.310289	1,2,3,4,5,6	71.354689	1.376873	0.434896	0.957469	0.681468	0.464302	1.587559	
734000	-113400	1,2,3,3,4,5	71.354689	5.499549	5.652679	4.814555	4.814555	7.047795	5.891545	1,1,2,3,4,5	71.354689	0.509002	0.195371	0.261807	0.033819	0.509002	0.195371	0.261807	0.033819	0.134084	0.628500	0.030382	0.207034	0.071853	0.314837	0.141841	0.471469	0.592932	0.169139	0.173277	0.064652	0.125378	0.102457	0.335221	0.436945	1,1,2,3,1,2	71.354689	0.024464	0.455710	0.181971	0.035869	0.104556	0.197430	0.024464	0.455710	0.181971	0.035869	0.104556	0.197430	0.304717	0.050010	0.065975	0.087132	0.149992	0.342174	0.406056	0.077400	0.068678	0.043595	0.329986	0.074285	0.024464	0.455710	0.181971	0.035869	0.104556	0.197430	0.304717	0.050010	0.065975	0.087132	0.149992	0.342174	1,2,3,4,5,6	71.354689	1.159857	0.497509	0.994553	0.552943	0.477184	1.882432	
735000	-113609	1,2,3,4,5,6	71.354689	6.318271	5.830833	4.864420	5.171532	5.555310	6.535807	1,2,3,4,5,6	71.354689	0.339937	0.177935	0.424744	0.057384	0.605431	0.129817	0.145250	0.119501	0.143013	0.428241	0.167574	0.261171	0.046289	0.404600	0.064442	0.484669	0.571312	0.156400	0.144290	0.127998	0.265794	0.045201	0.465511	0.223494	1,1,2,3,4,5	71.354689	0.000913	0.376697	0.199990	0.080240	0.071413	0.270747	0.000913	0.376697	0.199990	0.080240	0.071413	0.270747	0.435066	0.163563	0.125333	0.067806	0.172774	0.035458	0.268056	0.059331	0.171322	0.025143	0.465493	0.010656	0.103714	0.233701	0.123137	0.043820	0.332764	0.162865	0.130500	0.053649	0.046634	0.167244	0.095447	0.506527	1,2,3,4,5,6	71.354689	0.931187	0.438758	0.914069	0.559528	0.422943	1.508023	
736000	-112942	1,2,3,2,4,5	71.354689	6.521485	4.886224	5.547951	4.886224	6.252069	5.612413	1,2,3,4,5,6	71.354689	0.247062	0.363490	0.301186	0.088263	0.568977	0.107573	0.217600	0.105851	0.344424	0.406967	0.072277	0.176331	0.029207	0.136789	0.123194	0.710810	0.381381	0.129831	0.081128	0.407660	0.221073	0.103189	0.564213	0.111525	1,1,2,3,4,2	71.354689	0.046349	0.407805	0.047992	0.105309	0.221344	0.171201	0.046349	0.407805	0.047992	0.105309	0.221344	0.171201	0.259024	0.090247	0.065674	0.124524	0.168727	0.291804	0.053056	0.582041	0.165933	0.015810	0.152589	0.030571	0.127870	0.221747	0.030864	0.345156	0.027524	0.246839	0.259024	0.090247	0.065674	0.124524	0.168727	0.291804	1,2,3,4,4,5	71.354689	1.124921	0.354790	1.161144	0.509675	0.509675	1.669138	
737000	-112573	1,2,3,4,5,6	71.354689	6.206620	6.453468	5.579837	5.192666	5.402523	4.931667	1,1,2,3,4,4	71.354689	0.525754	0.169354	0.274852	0.030040	0.525754	0.169354	0.274852	0.030040	0.320679	0.367383	0.108160	0.203778	0.056625	0.168037	0.114675	0.660662	0.267344	0.113616	0.177697	0.441344	0.267344	0.113616	0.177697	0.441344	1,1,2,2,3,4	71.354689	0.003505	0.463412	0.254630	0.049037	0.110347	0.119069	0.003505	0.463412	0.254630	0.049037	0.110347	0.119069	0.298128	0.004506	0.244636	0.054506	0.307435	0.090789	0.298128	0.004506	0.244636	0.054506	0.307435	0.090789	0.299621	0.346592	0.112275	0.037853	0.039810	0.163848	0.276145	0.013699	0.107824	0.188347	0.298385	0.115600	1,2,3,4,5,6	71.354689	1.226118	0.425132	1.141584	0.628121	0.389566	1.700256	
738000	-112502	1,2,3,3,4,5	71.354689	5.963710	5.771238	4.413975	4.413975	5.234278	6.204570	1,1,2,2,3,4	71.354689	0.489559	0.176653	0.299200	0.034588	0.489559	0.176653	0.299200	0.034588	0.132288	0.182252	0.108821	0.576639	0.132288	0.182252	0.108821	0.576639	0.332712	0.056256	0.137500	0.473532	0.243151	0.070221	0.404781	0.281847	1,1,2,3,4,5	71.354689	0.000319	0.352189	0.286558	0.057697	0.134175	0.169062	0.000319	0.352189	0.286558	0.057697	0.134175	0.169062	0.771480	0.006413	0.055756	0.085602	0.051229	0.029519	0.059803	0.135896	0.238846	0.031453	0.459730	0.074273	0.137651	0.593373	0.044107	0.066204	0.034751	0.123915	0.617630	0.041163	0.066191	0.061037	0.065769	0.148209	1,2,1,3,4,5	71.354689	1.124257	0.382281	1.124257	0.580453	0.402863	1.815472	
739000	-112519	1,2,3,4,5,6	71.354689	5.563346	5.656172	4.882611	5.046761	5.165011	5.592212	1,1,2,3,4,5	71.354689	0.458251	0.228084	0.289562	0.024103	0.458251	0.228084	0.289562	0.024103	0.263706	0.351723	0.244562	0.140009	0.100029	0.443717	0.023539	0.432715	0.336867	0.172556	0.030925	0.459652	0.075668	0.158993	0.520586	0.244753	1,1,2,2,3,2	71.354689	0.005610	0.368816	0.201285	0.042491	0.103513	0.278285	0.005610	0.368816	0.201285	0.042491	0.103513	0.278285	0.349126	0.039347	0.128828	0.059194	0.266200	0.157304	0.349126	0.039347	0.128828	0.059194	0.266200	0.157304	0.108013	0.416036	0.072989	0.237494	0.027398	0.138070	0.349126	0.039347	0.128828	0.059194	0.266200	0.157304	1,2,3,4,2,5	71.354689	1.240951	0.416816	0.996411	0.737368	0.416816	1.515962	
740000	-112815	1,2,3,4,3,5	71.354689	4.474143	6.126961	4.899190	5.358463	4.899190	6.142472	1,1,2,3,4,4	71.354689	0.539206	0.251793	0.180302	0.028698	0.539206	0.251793	0.180302	0.028698	0.199050	0.683667	0.037852	0.079430	0.056224	0.159134	0.047999	0.736643	0.329531	0.101056	0.246907	0.322506	0.329531	0.101056	0.246907	0.322506	1,1,2,2,2,3	71.354689	0.000324	0.406221	0.234293	0.065756	0.045517	0.247889	0.000324	0.406221	0.234293	0.065756	0.045517	0.247889	0.235013	0.279777	0.108639	0.023024	0.167024	0.186522	0.235013	0.279777	0.108639	0.023024	0.167024	0.186522	0.235013	0.279777	0.108639	0.023024	0.167024	0.186522	0.122427	0.040813	0.045977	0.008330	0.248290	0.534162	1,2,1,3,4,5	71.354689	1.157840	0.309460	1.157840	0.648301	0.319131	1.256031	
741000	-112974	1,2,3,4,1,5	71.354689	5.193053	5.372563	5.279858	5.915754	5.193053	5.888451	1,1,2,3,4,5	71.354689	0.512635	0.205527	0.253526	0.028311	0.512635	0.205527	0.253526	0.028311	0.307438	0.363963	0.061366	0.267233	0.002342	0.319950	0.083867	0.593841	0.304004	0.025732	0.225682	0.444581	0.286867	0.025466	0.367449	0.320219	1,1,2,3,3,2	71.354689	0.038134	0.412198	0.157757	0.043682	0.153795	0.194434	0.038134	0.412198	0.157757	0.043682	0.153795	0.194434	0.340378	0.021403	0.068911	0.045890	0.315230	0.208188	0.168685	0.188504	0.057153	0.312546	0.169011	0.104100	0.168685	0.188504	0.057153	0.312546	0.169011	0.104100	0.340378	0.021403	0.068911	0.045890	0.315230	0.208188	1,2,3,4,5,6	71.354689	1.034759	0.376335	0.888199	0.631730	0.509433	1.979499	
742000	-112150	1,2,3,4,5,6	71.354689	6.273411	5.726068	5.220510	4.922980	6.050035	6.076346	1,1,2,3,4,5	71.354689	0.550821	0.073304	0.336934	0.038940	0.550821	0.073304	0.336934	0.038940	0.372836	0.489524	0.032859	0.104781	0.252204	0.293112	0.075101	0.379583	0.385737	0.114468	0.189175	0.310620	0.396647	0.121190	0.338703	0.143460	1,1,2,3,4,2	71.354689	0.017209	0.482129	0.227865	0.155892	0.022247	0.094658	0.017209	0.482129	0.227865	0.155892	0.022247	0.094658	0.298033	0.005066	0.108819	0.030212	0.206559	0.351312	0.046185	0.238375	0.014879	0.123131	0.371341	0.206088	0.292840	0.207933	0.053769	0.118104	0.083845	0.243509	0.298033	0.005066	0.108819	0.030212	0.206559	0.351312	1,2,3,4,5,6	71.354689	1.007384	0.358300	1.085216	0.529776	0.477164	2.591487	
743000	-113924	1,2,2,3,4,2	71.354689	6.575228	4.632967	4.632967	5.604818	4.898223	4.632967	1,2,3,4,5,6	71.354689	0.574346	0.092229	0.314313	0.019112	0.469112	0.358975	0.132567	0.039346	0.388405	0.397644	0.137047	0.076905	0.007832	0.234317	0.033362	0.724489	0.330441	0.374975	0.077494	0.217090	0.711361	0.087082	0.106144	0.095413	1,1,2,3,4,5	71.354689	0.005343	0.419215	0.255157	0.048867	0.049020	0.222397	0.005343	0.419215	0.255157	0.048867	0.049020	0.222397	0.347534	0.074591	0.032902	0.019042	0.164853	0.361078	0.069925	0.620442	0.134826	0.066213	0.083009	0.025585	0.150683	0.261799	0.157842	0.147245	0.014565	0.267866	0.118466	0.045056	0.011039	0.282175	0.104881	0.438383	1,2,3,4,5,6	71.354689	1.211781	0.351349	0.943368	0.639145	0.382477	1.813903	
744000	-114888	1,2,3,3,4,5	71.354689	5.276648	6.030623	4.292197	4.292197	5.639580	5.751857	1,1,2,2,2,3	71.354689	0.517416	0.194771	0.261613	0.026199	0.517416	0.194771	0.261613	0.026199	0.448927	0.212540	0.031592	0.306940	0.448927	0.212540	0.031592	0.306940	0.448927	0.212540	0.031592	0.306940	0.324795	0.148362	0.404717	0.122126	1,1,2,2,3,2	71.354689	0.007899	0.384441	0.173644	0.040783	0.141090	0.252143	0.007899	0.384441	0.173644	0.040783	0.141090	0.252143	0.285069	0.006369	0.070121	0.082764	0.355462	0.200214	0.285069	0.006369	0.070121	0.082764	0.355462	0.200214	0.144356	0.180151	0.050841	0.037895	0.304100	0.282658	0.285069	0.006369	0.070121	0.082764	0.355462	0.200214	1,2,3,3,2,4	71.354689	1.213312	0.420962	0.977609	0.977609	0.420962	1.693742	
745000	-112611	1,2,3,4,4,5	71.354689	6.018966	5.829829	5.264365	4.531906	4.531906	5.983023	1,1,2,3,4,5	71.354689	0.561580	0.093869	0.323018	0.021533	0.561580	0.093869	0.323018	0.021533	0.236074	0.412888	0.152240	0.198797	0.089851	0.388896	0.086115	0.435138	0.606083	0.165326	0.131246	0.097345	0.213315	0.094696	0.440224	0.251764	1,1,2,3,3,2	71.354689	0.016592	0.140581	0.139730	0.024583	0.261749	0.416766	0.016592	0.140581	0.139730	0.024583	0.261749	0.416766	0.394332	0.042703	0.175187	0.050380	0.114349	0.223049	0.055776	0.198353	0.222028	0.059659	0.287912	0.176272	0.055776	0.198353	0.222028	0.059659	0.287912	0.176272	0.394332	0.042703	0.175187	0.050380	0.114349	0.223049	1,2,3,4,4,5	71.354689	1.143873	0.467309	0.881571	0.471896	0.471896	1.631547	
746000	-111795	1,2,3,4,4,5	71.354689	5.489737	5.857180	5.315680	4.599929	4.599929	5.287185	1,1,2,3,2,4	71.354689	0.596235	0.100514	0.221961	0.081290	0.596235	0.100514	0.221961	0.081290	0.356363	0.302755	0.054843	0.286039	0.017512	0.235070	0.197719	0.549698	0.356363	0.302755	0.054843	0.286039	0.261236	0.079824	0.565464	0.093476	1,1,2,3,1,2	71.354689	0.031237	0.490421	0.106885	0.071821	0.091235	0.208402	0.031237	0.490421	0.106885	0.071821	0.091235	0.208402	0.384668	0.005738	0.091863	0.029447	0.216476	0.271807	0.250323	0.222943	0.112714	0.036378	0.368972	0.008669	0.031237	0.490421	0.106885	0.071821	0.091235	0.208402	0.384668	0.005738	0.091863	0.029447	0.216476	0.271807	1,2,3,4,2,5	71.354689	1.206117	0.412831	1.034427	0.561419	0.412831	2.018667	
747000	-113453	1,2,3,4,3,5	71.354689	5.747423	6.234972	5.457208	4.965005	5.457208	6.159070	1,1,2,3,4,4	71.354689	0.611937	0.126770	0.195036	0.066257	0.611937	0.126770	0.195036	0.066257	0.396175	0.411046	0.073921	0.118859	0.056513	0.302295	0.265963	0.375230	0.432478	0.073154	0.199394	0.294974	0.432478	0.073154	0.199394	0.294974	1,1,2,3,4,2	71.354689	0.038209	0.587833	0.129557	0.024708	0.058789	0.160904	0.038209	0.587833	0.129557	0.024708	0.058789	0.160904	0.350437	0.031203	0.019318	0.211808	0.261615	0.125619	0.150633	0.006910	0.320453	0.023900	0.365615	0.132490	0.043456	0.232509	0.162522	0.170033	0.145815	0.245665	0.350437	0.031203	0.019318	0.211808	0.261615	0.125619	1,2,3,4,2,5	71.354689	1.179443	0.391885	1.185347	0.614211	0.391885	1.546441	
748000	-114427	1,2,3,2,2,4	71.354689	6.123232	4.455444	5.639246	4.455444	4.455444	6.585807	1,1,2,2,3,3	71.354689	0.427253	0.132618	0.404865	0.035263	0.427253	0.132618	0.404865	0.035263	0.172359	0.522893	0.063667	0.241081	0.172359	0.522893	0.063667	0.241081	0.263489	0.091788	0.337038	0.307685	0.263489	0.091788	0.337038	0.307685	1,1,2,3,3,2	71.354689	0.057286	0.391013	0.273938	0.060207	0.106793	0.110763	0.057286	0.391013	0.273938	0.060207	0.106793	0.110763	0.524618	0.013274	0.189463	0.073262	0.065018	0.134365	0.163810	0.211785	0.068053	0.232136	0.244045	0.080171	0.163810	0.211785	0.068053	0.232136	0.244045	0.080171	0.524618	0.013274	0.189463	0.073262	0.065018	0.134365	1,2,1,3,4,5	71.354689	0.994874	0.413195	0.994874	0.618993	0.387393	1.920127	
749000	-115460	1,2,3,3,3,4	71.354689	5.910349	6.159560	4.853911	4.853911	4.853911	6.643050	1,2,3,3,4,1	71.354689	0.331529	0.191966	0.383092	0.093413	0.522511	0.134307	0.237861	0.105321	0.444427	0.254332	0.018322	0.282919	0.444427	0.254332	0.018322	0.282919	0.330356	0.406051	0.039452	0.224141	0.331529	0.191966	0.383092	0.093413	1,1,2,3,1,4	71.354689	0.018519	0.589311	0.049530	0.070360	0.026547	0.245733	0.018519	0.589311	0.049530	0.070360	0.026547	0.245733	0.244471	0.103007	0.075072	0.210793	0.130032	0.236625	0.139274	0.195971	0.026308	0.343930	0.139682	0.154834	0.018519	0.589311	0.049530	0.070360	0.026547	0.245733	0.426775	0.010791	0.070058	0.251959	0.037276	0.203142	1,2,3,4,2,5	71.354689	1.297823	0.451003	1.107295	0.724628	0.451003	1.613707	
750000	-113143	1,2,3,4,4,5	71.354689	6.005138	6.366207	5.357396	4.537408	4.537408	5.972389	1,2,3,4,5,5	71.354689	0.451648	0.100205	0.337695	0.110452	0.599960	0.096690	0.248525	0.054826	0.280550	0.396176	0.144314	0.178960	0.184935	0.218883	0.228141	0.368042	0.325690	0.110988	0.391155	0.172167	0.325690	0.110988	0.391155	0.172167	1,1,2,3,3,2	71.354689	0.021542	0.424252	0.098905	0.052982	0.146743	0.255576	0.021542	0.424252	0.098905	0.052982	0.146743	0.255576	0.320655	0.027397	0.068727	0.064935	0.292125	0.226160	0.257003	0.131707	0.296810	0.024356	0.249924	0.040201	0.257003	0.131707	0.296810	0.024356	0.249924	0.040201	0.320655	0.027397	0.068727	0.064935	0.292125	0.226160	1,2,3,4,5,6	71.354689	1.064296	0.353063	0.935517	0.648231	0.546397	1.727482	
751000	-111727	1,2,3,4,5,6	71.354689	5.362294	5.850372	5.389657	5.727029	5.336959	5.873502	1,1,2,3,4,4	71.354689	0.519995	0.226381	0.232521	0.021103	0.519995	0.226381	0.232521	0.021103	0.231260	0.580825	0.086773	0.101142	0.102001	0.190616	0.008221	0.699162	0.412081	0.072474	0.310020	0.205424	0.412081	0.072474	0.310020	0.205424	1,1,2,3,4,2	71.354689	0.004444	0.364370	0.233109	0.028887	0.146354	0.222836	0.004444	0.364370	0.233109	0.028887	0.146354	0.222836	0.359262	0.001657	0.088400	0.055499	0.238934	0.256248	0.287809	0.000363	0.358296	0.023511	0.242845	0.087176	0.163339	0.251335	0.095268	0.126353	0.277547	0.086157	0.359262	0.001657	0.088400	0.055499	0.238934	0.256248	1,2,3,4,2,5	71.354689	1.455664	0.463464	1.018389	0.535573	0.463464	2.196801	
752000	-114311	1,2,3,3,4,5	71.354689	5.092801	6.576113	4.948909	4.948909	5.805342	5.305578	1,2,3,4,5,6	71.354689	0.245737	0.169400	0.409339	0.175524	0.396068	0.186591	0.167093	0.250249	0.459680	0.196299	0.051869	0.292152	0.100981	0.411274	0.187741	0.300004	0.445211	0.126377	0.118260	0.310153	0.284761	0.067052	0.340148	0.308039	1,1,2,3,4,5	71.354689	0.004742	0.764835	0.066189	0.043085	0.009474	0.111675	0.004742	0.764835	0.066189	0.043085	0.009474	0.111675	0.387752	0.130823	0.123369	0.067580	0.229467	0.061009	0.098515	0.075161	0.181064	0.041809	0.494261	0.109189	0.178831	0.212274	0.154354	0.292035	0.010695	0.151811	0.435540	0.016819	0.071528	0.354715	0.009714	0.111685	1,2,3,2,2,4	71.354689	1.001873	0.469662	1.011404	0.469662	0.469662	1.477642	
753000	-111714	1,2,3,3,4,5	71.354689	5.951374	6.269855	5.006338	5.006338	5.509967	6.086352	1,1,2,3,2,4	71.354689	0.609804	0.094772	0.264324	0.031100	0.609804	0.094772	0.264324	0.031100	0.270866	0.241250	0.107483	0.380401	0.178577	0.172412	0.030413	0.618598	0.270866	0.241250	0.107483	0.380401	0.242436	0.089289	0.451138	0.217136	1,2,3,4,5,3	71.354689	0.015484	0.395775	0.245287	0.223857	0.009079	0.110518	0.053594	0.496467	0.031293	0.091158	0.113212	0.214276	0.344015	0.020031	0.067101	0.141680	0.206718	0.220455	0.088649	0.162775	0.114614	0.171165	0.444586	0.018211	0.122112	0.323932	0.070065	0.030305	0.071873	0.381713	0.344015	0.020031	0.067101	0.141680	0.206718	0.220455	1,2,1,3,4,5	71.354689	1.130767	0.452433	1.130767	0.531413	0.429701	1.825852	
754000	-113145	1,2,3,4,5,6	71.354689	6.274768	5.764510	5.709191	5.640684	5.509759	7.047518	1,1,2,3,2,4	71.354689	0.452680	0.221099	0.300419	0.025801	0.452680	0.221099	0.300419	0.025801	0.317937	0.203926	0.100407	0.377731	0.017587	0.150369	0.017622	0.814422	0.317937	0.203926	0.100407	0.377731	0.393392	0.130227	0.208678	0.267703	1,1,2,3,4,2	71.354689	0.046084	0.516232	0.333713	0.002559	0.050633	0.050779	0.046084	0.516232	0.333713	0.002559	0.050633	0.050779	0.373346	0.038267	0.012051	0.030010	0.329533	0.216793	0.064107	0.176751	0.315882	0.075294	0.202893	0.165073	0.042187	0.264279	0.040028	0.419152	0.039870	0.194485	0.373346	0.038267	0.012051	0.030010	0.329533	0.216793	1,2,1,3,2,4	71.354689	1.028750	0.460667	1.028750	0.627548	0.460667	1.560970	
755000	-112555	1,2,3,4,5,6	71.354689	5.954656	6.177660	5.216105	5.032959	5.761261	6.060162	1,1,2,3,3,4	71.354689	0.521491	0.191348	0.264911	0.022251	0.521491	0.191348	0.264911	0.022251	0.384342	0.307665	0.176009	0.131985	0.415570	0.159588	0.213703	0.211139	0.415570	0.159588	0.213703	0.211139	0.402867	0.088705	0.287408	0.221020	1,1,2,3,4,2	71.354689	0.006776	0.261607	0.281424	0.024424	0.152417	0.273352	0.006776	0.261607	0.281424	0.024424	0.152417	0.273352	0.301572	0.011546	0.082618	0.061669	0.311743	0.230852	0.186322	0.050037	0.015367	0.106467	0.612938	0.028869	0.165874	0.241015	0.231929	0.188970	0.037433	0.134780	0.301572	0.011546	0.082618	0.061669	0.311743	0.230852	1,2,1,3,4,5	71.354689	1.097049	0.391209	1.097049	0.550664	0.516949	1.870937	
756000	-114020	1,2,1,3,4,4	71.354689	4.636128	5.619456	4.636128	5.102477	5.324829	5.324829	1,1,2,3,4,4	71.354689	0.273215	0.392848	0.311968	0.021970	0.273215	0.392848	0.311968	0.021970	0.410012	0.270673	0.053357	0.265958	0.225398	0.359584	0.017483	0.397536	0.403028	0.050873	0.201928	0.344171	0.403028	0.050873	0.201928	0.344171	1,1,2,3,3,4	71.354689	0.001099	0.429874	0.359912	0.056038	0.050346	0.102731	0.001099	0.429874	0.359912	0.056038	0.050346	0.102731	0.373073	0.045905	0.037068	0.192314	0.285380	0.066261	0.118079	0.131357	0.074731	0.377799	0.238627	0.059406	0.118079	0.131357	0.074731	0.377799	0.238627	0.059406	0.095715	0.030740	0.053677	0.235853	0.109174	0.474841	1,2,1,3,4,5	71.354689	1.264330	0.385738	1.264330	0.764154	0.395574	1.546957	
757000	-113845	1,2,1,1,3,4	71.354689	5.042163	5.573599	5.042163	5.042163	5.852759	5.874827	1,1,2,3,2,1	71.354689	0.509687	0.151921	0.221567	0.116825	0.509687	0.151921	0.221567	0.116825	0.418810	0.232665	0.127228	0.221297	0.029090	0.644547	0.074806	0.251557	0.418810	0.232665	0.127228	0.221297	0.509687	0.151921	0.221567	0.116825	1,1,2,3,4,2	71.354689	0.030841	0.641161	0.052537	0.141418	0.068212	0.065833	0.030841	0.641161	0.052537	0.141418	0.068212	0.065833	0.286922	0.008380	0.082414	0.043937	0.146767	0.431580	0.246343	0.328135	0.061690	0.007647	0.282260	0.073925	0.051527	0.403539	0.118629	0.220167	0.092407	0.113732	0.286922	0.008380	0.082414	0.043937	0.146767	0.431580	1,2,1,3,4,5	71.354689	1.082448	0.464252	1.082448	0.643443	0.456008	1.536669	
758000	-115400	1,2,3,4,3,5	71.354689	6.463131	5.791156	4.999285	6.384387	4.999285	5.995508	1,1,2,3,4,4	71.354689	0.561004	0.230972	0.198912	0.009112	0.561004	0.230972	0.198912	0.009112	0.241801	0.247222	0.228950	0.282027	0.028846	0.619375	0.104540	0.247239	0.405190	0.110547	0.324984	0.159279	0.405190	0.110547	0.324984	0.159279	1,1,2,3,4,2	71.354689	0.011309	0.152059	0.329081	0.051138	0.141519	0.314894	0.011309	0.152059	0.329081	0.051138	0.141519	0.314894	0.540616	0.002869	0.128629	0.073087	0.063546	0.191253	0.517529	0.120923	0.216338	0.032075	0.069842	0.043292	0.077329	0.074131	0.078265	0.386499	0.134364	0.249412	0.540616	0.002869	0.128629	0.073087	0.063546	0.191253	1,2,1,3,4,1	71.354689	1.098796	0.406034	1.098796	0.502201	0.384286	1.098796	
759000	-112684	1,2,1,1,3,4	71.354689	5.178674	5.491846	5.178674	5.178674	5.987717	5.416250	1,1,2,3,4,5	71.354689	0.480112	0.287065	0.216372	0.016451	0.480112	0.287065	0.216372	0.016451	0.305635	0.317727	0.014399	0.362239	0.008669	0.131653	0.170279	0.689399	0.438634	0.126842	0.128327	0.306197	0.390689	0.039398	0.246009	0.323904	1,1,2,3,4,5	71.354689	0.005241	0.397383	0.254025	0.033676	0.059569	0.250106	0.005241	0.397383	0.254025	0.033676	0.059569	0.250106	0.263486	0.085998	0.108712	0.061796	0.260788	0.219221	0.036928	0.027520	0.169369	0.082687	0.591114	0.092383	0.167681	0.331611	0.123096	0.087438	0.028534	0.261639	0.196034	0.002981	0.010656	0.140917	0.313452	0.335960	1,2,1,3,4,5	71.354689	1.111804	0.341251	1.111804	0.552364	0.496146	1.824666	
760000	-114593	1,2,3,3,4,3	71.354689	5.960430	6.013511	5.353862	5.353862	5.824798	5.353862	1,1,2,2,3,4	71.354689	0.568033	0.083246	0.277903	0.070818	0.568033	0.083246	0.277903	0.070818	0.192996	0.464183	0.004943	0.337878	0.192996	0.464183	0.004943	0.337878	0.406638	0.173848	0.169910	0.249605	0.356877	0.129058	0.399875	0.114190	1,1,2,3,4,5	71.354689	0.012954	0.513733	0.151730	0.105755	0.093879	0.121950	0.012954	0.513733	0.151730	0.105755	0.093879	0.121950	0.282554	0.149220	0.053173	0.334114	0.089779	0.091161	0.009670	0.020841	0.208740	0.252737	0.398864	0.109148	0.113625	0.408067	0.032628	0.057034	0.053378	0.335268	0.043587	0.122973	0.139701	0.165903	0.097929	0.429907	1,2,3,4,5,6	71.354689	1.034947	0.370340	1.033509	0.704053	0.465933	1.246460	
761000	-113091	1,2,3,4,5,6	71.354689	5.506919	5.742831	5.231796	5.125512	5.683887	6.509670	1,1,2,3,4,5	71.354689	0.458818	0.261867	0.242215	0.037101	0.458818	0.261867	0.242215	0.037101	0.169987	0.418182	0.185932	0.225899	0.026000	0.481511	0.135705	0.356783	0.418354	0.274282	0.183502	0.123862	0.238204	0.105716	0.355291	0.300789	1,1,2,3,4,2	71.354689	0.002797	0.456843	0.206373	0.025707	0.108305	0.199974	0.002797	0.456843	0.206373	0.025707	0.108305	0.199974	0.436902	0.022970	0.105846	0.038973	0.305053	0.090256	0.180392	0.361572	0.150451	0.011706	0.181341	0.114538	0.071705	0.429277	0.240198	0.068722	0.027375	0.162724	0.436902	0.022970	0.105846	0.038973	0.305053	0.090256	1,2,3,4,2,5	71.354689	1.155849	0.417856	1.003202	0.762217	0.417856	1.468119	
762000	-112091	1,2,3,3,4,5	71.354689	5.782411	5.976096	5.039411	5.039411	6.699243	6.075233	1,2,3,4,3,5	71.354689	0.521848	0.107827	0.322475	0.047850	0.645659	0.148169	0.189548	0.016624	0.315094	0.295737	0.072662	0.316508	0.078004	0.189381	0.136237	0.596379	0.315094	0.295737	0.072662	0.316508	0.196380	0.037745	0.483962	0.281913	1,1,2,2,3,4	71.354689	0.040659	0.418456	0.095390	0.080583	0.242711	0.122201	0.040659	0.418456	0.095390	0.080583	0.242711	0.122201	0.477686	0.027896	0.116540	0.056965	0.233872	0.087042	0.477686	0.027896	0.116540	0.056965	0.233872	0.087042	0.093362	0.398504	0.174157	0.088634	0.102486	0.142857	0.150884	0.075818	0.050986	0.077748	0.335989	0.308574	1,2,3,4,4,5	71.354689	1.054299	0.405397	0.999189	0.576719	0.576719	1.612688	
763000	-113204	1,2,3,3,4,5	71.354689	5.720904	6.542864	5.219675	5.219675	5.487370	5.857603	1,1,2,2,3,3	71.354689	0.616532	0.114787	0.230158	0.038523	0.616532	0.114787	0.230158	0.038523	0.207166	0.373091	0.104331	0.315412	0.207166	0.373091	0.104331	0.315412	0.308915	0.072035	0.331260	0.287790	0.308915	0.072035	0.331260	0.287790	1,2,3,4,4,3	71.354689	0.012404	0.345671	0.110702	0.105952	0.350815	0.074457	0.019573	0.489593	0.033096	0.110264	0.127092	0.220382	0.399562	0.022085	0.077898	0.100632	0.223487	0.176336	0.162410	0.332287	0.120635	0.194369	0.152653	0.037647	0.162410	0.332287	0.120635	0.194369	0.152653	0.037647	0.399562	0.022085	0.077898	0.100632	0.223487	0.176336	1,2,3,2,4,5	71.354689	1.206229	0.582371	0.982686	0.582371	0.537752	1.568588	
764000	-113272	1,2,3,3,4,5	71.354689	6.003965	5.910790	4.744123	4.744123	5.447200	7.179375	1,2,2,3,4,5	71.354689	0.332076	0.194119	0.346662	0.127143	0.333723	0.364099	0.177790	0.124388	0.333723	0.364099	0.177790	0.124388	0.002535	0.286468	0.048761	0.662236	0.271844	0.200554	0.237517	0.290085	0.208877	0.205959	0.331873	0.253292	1,1,2,3,4,2	71.354689	0.009928	0.564566	0.226179	0.067665	0.106866	0.024796	0.009928	0.564566	0.226179	0.067665	0.106866	0.024796	0.229348	0.051250	0.036902	0.113812	0.221394	0.347294	0.459448	0.221330	0.167832	0.015944	0.124970	0.010476	0.146302	0.158673	0.093889	0.438512	0.006005	0.156618	0.229348	0.051250	0.036902	0.113812	0.221394	0.347294	1,2,3,4,5,6	71.354689	1.048592	0.378054	0.865691	0.542118	0.419512	1.421501	
765000	-112852	1,2,2,3,4,5	71.354689	5.400071	5.043013	5.043013	5.448291	5.597294	5.457451	1,2,3,4,3,5	71.354689	0.336161	0.179705	0.412043	0.072091	0.439671	0.246518	0.220320	0.093492	0.318826	0.269277	0.156208	0.255689	0.072559	0.297132	0.281874	0.348435	0.318826	0.269277	0.156208	0.255689	0.267394	0.046260	0.477713	0.208633	1,1,2,3,4,5	71.354689	0.031540	0.699074	0.126869	0.038814	0.034221	0.069482	0.031540	0.699074	0.126869	0.038814	0.034221	0.069482	0.511793	0.078790	0.142346	0.031718	0.201804	0.033549	0.252840	0.110885	0.125047	0.051470	0.437133	0.022625	0.114484	0.334773	0.132462	0.081182	0.173095	0.164005	0.209569	0.030171	0.235269	0.010987	0.132569	0.381436	1,2,3,4,5,6	71.354689	1.088601	0.375828	1.104558	0.776009	0.447097	1.434010	
766000	-114257	1,2,2,2,3,4	71.354689	5.049791	4.233667	4.233667	4.233667	6.049546	5.893453	1,1,1,2,3,4	71.354689	0.425867	0.227264	0.209340	0.137529	0.425867	0.227264	0.209340	0.137529	0.425867	0.227264	0.209340	0.137529	0.139640	0.198375	0.368010	0.293975	0.507251	0.207638	0.153263	0.131847	0.105662	0.075735	0.358292	0.460312	1,1,2,3,4,5	71.354689	0.048567	0.640236	0.162872	0.062025	0.032821	0.053480	0.048567	0.640236	0.162872	0.062025	0.032821	0.053480	0.319741	0.012566	0.140490	0.038313	0.326610	0.162280	0.275896	0.013859	0.074998	0.092230	0.449849	0.093169	0.134819	0.332608	0.138834	0.024844	0.113984	0.254911	0.180176	0.008849	0.075037	0.282007	0.247632	0.206299	1,2,3,4,2,5	71.354689	1.152017	0.470937	0.987777	0.531889	0.470937	1.286675	
767000	-111811	1,2,3,4,5,6	71.354689	5.325304	6.467950	5.410324	5.252462	5.318383	5.678197	1,1,2,2,3,4	71.354689	0.563904	0.177170	0.238709	0.020218	0.563904	0.177170	0.238709	0.020218	0.333396	0.310127	0.063802	0.292675	0.333396	0.310127	0.063802	0.292675	0.503880	0.078619	0.166689	0.250812	0.297213	0.065333	0.484741	0.152714	1,1,2,3,4,2	71.354689	0.002228	0.246484	0.191343	0.031396	0.134567	0.393983	0.002228	0.246484	0.191343	0.031396	0.134567	0.393983	0.455890	0.005530	0.069405	0.056637	0.232697	0.179842	0.188768	0.006784	0.019702	0.169161	0.334677	0.280907	0.141476	0.142408	0.084278	0.181877	0.301374	0.148587	0.455890	0.005530	0.069405	0.056637	0.232697	0.179842	1,2,3,4,5,6	71.354689	1.366245	0.348694	1.101304	0.559828	0.499853	1.870003	
768000	-114731	1,2,3,2,4,5	71.354689	5.226713	4.400853	5.074708	4.400853	6.435808	5.580300	1,2,3,3,2,4	71.354689	0.357744	0.135947	0.258858	0.247452	0.439858	0.117230	0.176473	0.266439	0.326005	0.307719	0.156655	0.209621	0.326005	0.307719	0.156655	0.209621	0.439858	0.117230	0.176473	0.266439	0.381483	0.132448	0.292660	0.193409	1,1,2,3,4,5	71.354689	0.045117	0.515950	0.009831	0.250860	0.062925	0.115317	0.045117	0.515950	0.009831	0.250860	0.062925	0.115317	0.422014	0.047503	0.094722	0.028175	0.143038	0.264549	0.199754	0.111519	0.108005	0.221685	0.307089	0.051948	0.034706	0.398923	0.085716	0.125228	0.071778	0.283649	0.246418	0.060516	0.147203	0.063852	0.147366	0.334646	1,2,3,4,2,5	71.354689	1.230007	0.371745	1.256440	0.912695	0.371745	1.605738	
769000	-113008	1,2,3,4,3,5	71.354689	5.879100	5.979483	5.187383	4.852896	5.187383	5.670659	1,1,2,2,3,4	71.354689	0.475175	0.112442	0.313255	0.099129	0.475175	0.112442	0.313255	0.099129	0.295724	0.339661	0.051267	0.313349	0.295724	0.339661	0.051267	0.313349	0.288874	0.151565	0.205021	0.354540	0.164841	0.199001	0.374949	0.261208	1,1,2,3,4,2	71.354689	0.009143	0.615075	0.091002	0.104549	0.043415	0.136816	0.009143	0.615075	0.091002	0.104549	0.043415	0.136816	0.366773	0.123328	0.070451	0.081392	0.104771	0.253285	0.023029	0.021172	0.036034	0.513737	0.363961	0.042067	0.150504	0.184035	0.161203	0.235818	0.105066	0.163375	0.366773	0.123328	0.070451	0.081392	0.104771	0.253285	1,2,3,4,2,5	71.354689	1.225755	0.457058	1.184060	0.796825	0.457058	1.341487	
770000	-112823	1,2,3,4,5,3	71.354689	6.232902	6.034398	5.218669	5.110988	5.416662	5.218669	1,1,2,3,4,1	71.354689	0.423109	0.203568	0.273934	0.099389	0.423109	0.203568	0.273934	0.099389	0.291316	0.288007	0.109160	0.311517	0.119592	0.143263	0.098710	0.638435	0.372292	0.239143	0.114082	0.274484	0.423109	0.203568	0.273934	0.099389	1,1,2,2,3,4	71.354689	0.026286	0.663629	0.101140	0.062813	0.130734	0.015397	0.026286	0.663629	0.101140	0.062813	0.130734	0.015397	0.234474	0.082838	0.059827	0.087043	0.270188	0.265630	0.234474	0.082838	0.059827	0.087043	0.270188	0.265630	0.084258	0.350806	0.125639	0.124980	0.121325	0.192992	0.178406	0.002285	0.032878	0.082776	0.285691	0.417963	1,2,1,2,3,4	71.354689	1.147819	0.536639	1.147819	0.536639	0.505859	1.546304	
771000	-112746	1,2,3,4,2,2	71.354689	5.189183	5.036430	5.283681	5.259261	5.036430	5.036430	1,1,2,3,4,5	71.354689	0.402609	0.191440	0.284616	0.121335	0.402609	0.191440	0.284616	0.121335	0.309432	0.292371	0.052201	0.345997	0.006835	0.244545	0.094483	0.654136	0.559930	0.059744	0.111467	0.268859	0.599412	0.082655	0.147698	0.170236	1,1,2,3,4,2	71.354689	0.005188	0.435586	0.086015	0.141203	0.176962	0.155046	0.005188	0.435586	0.086015	0.141203	0.176962	0.155046	0.228459	0.019009	0.036979	0.170564	0.249973	0.295016	0.278246	0.155273	0.298606	0.024102	0.225426	0.018347	0.095630	0.233693	0.145954	0.121666	0.211219	0.191837	0.228459	0.019009	0.036979	0.170564	0.249973	0.295016	1,2,3,4,2,5	71.354689	1.081916	0.435132	1.120364	0.582363	0.435132	1.504521	
772000	-112487	1,2,3,3,4,5	71.354689	5.428233	6.178852	4.533770	4.533770	5.890167	5.642111	1,1,2,3,4,4	71.354689	0.467808	0.223390	0.293709	0.015093	0.467808	0.223390	0.293709	0.015093	0.244321	0.484036	0.213606	0.058037	0.087855	0.170751	0.068744	0.672650	0.517345	0.063243	0.166677	0.252735	0.517345	0.063243	0.166677	0.252735	1,1,2,3,4,5	71.354689	0.010372	0.311893	0.072412	0.064535	0.172067	0.368721	0.010372	0.311893	0.072412	0.064535	0.172067	0.368721	0.284404	0.029633	0.323906	0.023128	0.261173	0.077756	0.184318	0.049906	0.128565	0.000784	0.621728	0.014699	0.268025	0.267736	0.115897	0.188830	0.044711	0.114800	0.177821	0.008645	0.058539	0.088719	0.264335	0.401941	1,2,3,4,5,6	71.354689	0.974084	0.401810	0.967818	0.471211	0.473838	1.763669	
773000	-112996	1,2,3,4,5,5	71.354689	5.896969	5.494801	5.702127	5.517837	6.708406	6.708406	1,2,3,4,5,6	71.354689	0.475086	0.176347	0.303000	0.045566	0.589245	0.151084	0.182972	0.076698	0.408130	0.404454	0.068017	0.119399	0.091244	0.465206	0.180672	0.262879	0.479196	0.232278	0.103739	0.184787	0.224998	0.203730	0.342231	0.229041	1,1,2,3,1,2	71.354689	0.014244	0.570770	0.092126	0.125612	0.038495	0.158753	0.014244	0.570770	0.092126	0.125612	0.038495	0.158753	0.322356	0.000890	0.100503	0.038146	0.263692	0.274413	0.067029	0.384571	0.191276	0.106087	0.147993	0.103045	0.014244	0.570770	0.092126	0.125612	0.038495	0.158753	0.322356	0.000890	0.100503	0.038146	0.263692	0.274413	1,2,3,4,5,6	71.354689	1.204220	0.438763	1.149197	0.698786	0.389300	1.305628	
774000	-116394	1,2,3,4,5,6	71.354689	5.654517	6.865901	5.330124	5.090409	5.747547	5.730681	1,1,2,3,2,4	71.354689	0.549622	0.201417	0.241099	0.007863	0.549622	0.201417	0.241099	0.007863	0.407645	0.182402	0.244555	0.165398	0.069356	0.746719	0.045346	0.138579	0.407645	0.182402	0.244555	0.165398	0.177883	0.021964	0.462582	0.337570	1,1,2,3,4,5	71.354689	0.005915	0.397239	0.200476	0.039383	0.137750	0.219236	0.005915	0.397239	0.200476	0.039383	0.137750	0.219236	0.211202	0.032276	0.206557	0.065633	0.217480	0.266852	0.049567	0.001449	0.782357	0.034614	0.105283	0.026730	0.129818	0.227867	0.262607	0.089943	0.047827	0.241938	0.291961	0.026592	0.111678	0.171781	0.116902	0.281087	1,2,1,3,2,4	71.354689	1.184696	0.490714	1.184696	0.503601	0.490714	1.682045	
775000	-112624	1,2,3,3,4,3	71.354689	5.526830	6.209026	5.022239	5.022239	5.597394	5.022239	1,1,2,3,2,4	71.354689	0.552873	0.158895	0.264209	0.024023	0.552873	0.158895	0.264209	0.024023	0.408529	0.243698	0.118835	0.228937	0.041069	0.392645	0.078145	0.488141	0.408529	0.243698	0.118835	0.228937	0.053352	0.047112	0.565830	0.333706	1,1,2,2,3,2	71.354689	0.009924	0.307507	0.193143	0.041669	0.333092	0.114665	0.009924	0.307507	0.193143	0.041669	0.333092	0.114665	0.449054	0.058633	0.099966	0.082537	0.246239	0.063572	0.449054	0.058633	0.099966	0.082537	0.246239	0.063572	0.111938	0.336950	0.266806	0.030056	0.171308	0.082942	0.449054	0.058633	0.099966	0.082537	0.246239	0.063572	1,2,3,4,5,6	71.354689	1.061849	0.390792	0.919084	0.554128	0.597281	1.721014	
776000	-112310	1,2,3,4,4,5	71.354689	6.170127	5.903541	5.694672	5.009606	5.009606	6.610026	1,1,2,3,4,4	71.354689	0.456836	0.183053	0.344015	0.016095	0.456836	0.183053	0.344015	0.016095	0.311310	0.517322	0.016229	0.155138	0.107540	0.175581	0.012345	0.704534	0.239591	0.167629	0.401236	0.191544	0.239591	0.167629	0.401236	0.191544	1,1,2,3,3,2	71.354689	0.009456	0.387165	0.286218	0.025117	0.081641	0.210403	0.009456	0.387165	0.286218	0.025117	0.081641	0.210403	0.303142	0.004880	0.027040	0.085337	0.250641	0.328960	0.187227	0.079427	0.138805	0.091456	0.243055	0.260031	0.187227	0.079427	0.138805	0.091456	0.243055	0.260031	0.303142	0.004880	0.027040	0.085337	0.250641	0.328960	1,2,3,2,4,5	71.354689	1.202181	0.512377	0.821290	0.512377	0.328051	1.214087	
777000	-111467	1,2,3,4,5,6	71.354689	5.826622	6.129674	5.574061	5.081174	5.285388	6.398691	1,1,2,3,4,5	71.354689	0.621225	0.079782	0.272144	0.026850	0.621225	0.079782	0.272144	0.026850	0.340223	0.497268	0.058886	0.103623	0.008689	0.293467	0.144385	0.553458	0.446008	0.126102	0.121245	0.306645	0.158728	0.065226	0.477310	0.298736	1,1,2,3,4,2	71.354689	0.035016	0.263915	0.159326	0.078577	0.279718	0.183447	0.035016	0.263915	0.159326	0.078577	0.279718	0.183447	0.361577	0.002174	0.079341	0.133264	0.256879	0.166766	0.402397	0.043747	0.029221	0.119236	0.359815	0.045583	0.139000	0.168308	0.138612	0.367580	0.080761	0.105738	0.361577	0.002174	0.079341	0.133264	0.256879	0.166766	1,2,3,4,5,6	71.354689	1.095403	0.385374	1.022246	0.538346	0.533935	1.420936	
778000	-115832	1,2,3,3,4,5	71.354689	5.706628	5.888633	4.998711	4.998711	5.053848	5.643602	1,1,2,3,2,4	71.354689	0.503384	0.137016	0.272491	0.087110	0.503384	0.137016	0.272491	0.087110	0.349784	0.168297	0.172515	0.309404	0.020950	0.058751	0.461215	0.459084	0.349784	0.168297	0.172515	0.309404	0.401919	0.016689	0.251482	0.329910	1,1,2,2,1,3	71.354689	0.070798	0.456307	0.101060	0.058701	0.084555	0.228579	0.070798	0.456307	0.101060	0.058701	0.084555	0.228579	0.492170	0.050889	0.042773	0.096882	0.316341	0.000945	0.492170	0.050889	0.042773	0.096882	0.316341	0.000945	0.070798	0.456307	0.101060	0.058701	0.084555	0.228579	0.011845	0.046930	0.067272	0.255651	0.311453	0.306849	1,2,3,4,4,5	71.354689	1.063851	0.364384	1.228910	0.501858	0.501858	1.604083	
779000	-114443	1,2,2,1,1,3	71.354689	5.102253	5.295542	5.295542	5.102253	5.102253	5.390034	1,2,1,3,4,4	71.354689	0.357021	0.378566	0.227954	0.036459	0.696141	0.111575	0.127916	0.064368	0.357021	0.378566	0.227954	0.036459	0.235262	0.350344	0.041465	0.372929	0.308724	0.087326	0.338471	0.265479	0.308724	0.087326	0.338471	0.265479	1,1,2,3,3,2	71.354689	0.000193	0.569170	0.141212	0.076843	0.035556	0.177026	0.000193	0.569170	0.141212	0.076843	0.035556	0.177026	0.348568	0.032493	0.081522	0.195142	0.107592	0.234683	0.083440	0.197102	0.126333	0.201526	0.341708	0.049890	0.083440	0.197102	0.126333	0.201526	0.341708	0.049890	0.348568	0.032493	0.081522	0.195142	0.107592	0.234683	1,2,3,4,5,6	71.354689	1.218178	0.329238	0.825751	0.642811	0.490901	1.260686	
780000	-113541	1,2,1,1,1,3	71.354689	5.103398	5.814827	5.103398	5.103398	5.103398	5.239634	1,1,2,3,4,5	71.354689	0.558463	0.153465	0.200746	0.087326	0.558463	0.153465	0.200746	0.087326	0.258345	0.198685	0.341919	0.201051	0.009087	0.068831	0.080668	0.841414	0.312579	0.149493	0.280033	0.257895	0.310932	0.133740	0.399135	0.156194	1,1,2,2,3,4	71.354689	0.016916	0.601633	0.203071	0.077745	0.085584	0.015050	0.016916	0.601633	0.203071	0.077745	0.085584	0.015050	0.485898	0.061650	0.125876	0.033746	0.250709	0.042121	0.485898	0.061650	0.125876	0.033746	0.250709	0.042121	0.365007	0.146872	0.148936	0.095426	0.115844	0.127915	0.149765	0.041151	0.181838	0.265401	0.133149	0.228696	1,2,3,4,4,5	71.354689	1.195616	0.406344	0.991946	0.536116	0.536116	1.265878	
781000	-113988	1,2,2,2,3,4	71.354689	5.997609	5.404976	5.404976	5.404976	5.839682	6.762962	1,2,3,4,3,5	71.354689	0.412628	0.115504	0.442154	0.029715	0.504585	0.073139	0.394676	0.027600	0.341144	0.386562	0.101582	0.170712	0.294002	0.340816	0.075729	0.289453	0.341144	0.386562	0.101582	0.170712	0.260309	0.114912	0.293494	0.331285	1,1,2,3,1,2	71.354689	0.005570	0.363236	0.250076	0.030454	0.145840	0.204823	0.005570	0.363236	0.250076	0.030454	0.145840	0.204823	0.274574	0.017288	0.081766	0.067913	0.221536	0.336923	0.563816	0.081661	0.041146	0.056059	0.226182	0.031137	0.005570	0.363236	0.250076	0.030454	0.145840	0.204823	0.274574	0.017288	0.081766	0.067913	0.221536	0.336923	1,2,3,2,2,4	71.354689	0.934917	0.491291	0.959977	0.491291	0.491291	1.536427	
782000	-113832	1,2,3,3,4,5	71.354689	5.278362	5.899621	4.942329	4.942329	5.649935	5.599622	1,1,2,3,4,3	71.354689	0.495434	0.241886	0.252268	0.010412	0.495434	0.241886	0.252268	0.010412	0.466734	0.225031	0.133310	0.174925	0.226337	0.206600	0.190218	0.376844	0.474987	0.216780	0.125160	0.183073	0.226337	0.206600	0.190218	0.376844	1,1,2,3,4,2	71.354689	0.003651	0.301412	0.298399	0.037911	0.082316	0.276311	0.003651	0.301412	0.298399	0.037911	0.082316	0.276311	0.233371	0.047688	0.022137	0.024979	0.203377	0.468448	0.010495	0.009044	0.075016	0.139080	0.744635	0.021731	0.136530	0.338844	0.068875	0.109416	0.208544	0.137791	0.233371	0.047688	0.022137	0.024979	0.203377	0.468448	1,2,3,2,4,5	71.354689	1.511356	0.523090	1.012625	0.523090	0.452702	1.997208	
783000	-113940	1,2,3,4,5,6	71.354689	5.007756	6.849466	5.129801	5.563563	6.183420	5.330134	1,2,3,4,1,1	71.354689	0.367940	0.106688	0.212035	0.313337	0.621015	0.045557	0.292240	0.041188	0.248599	0.289447	0.064683	0.397271	0.031520	0.403758	0.079559	0.485163	0.367940	0.106688	0.212035	0.313337	0.367940	0.106688	0.212035	0.313337	1,2,3,3,3,4	71.354689	0.000656	0.640153	0.166095	0.107823	0.052346	0.032927	0.001166	0.192894	0.206050	0.104684	0.287063	0.208143	0.495168	0.215837	0.060089	0.010314	0.149473	0.069118	0.495168	0.215837	0.060089	0.010314	0.149473	0.069118	0.495168	0.215837	0.060089	0.010314	0.149473	0.069118	0.254029	0.032263	0.044394	0.294902	0.008866	0.365547	1,2,1,3,4,5	71.354689	1.053791	0.388241	1.053791	0.675698	0.607701	2.129646	
784000	-113439	1,2,3,3,1,4	71.354689	5.717661	6.108514	4.927957	4.927957	5.717661	5.666256	1,1,2,3,4,5	71.354689	0.554417	0.110347	0.271968	0.063269	0.554417	0.110347	0.271968	0.063269	0.290247	0.254149	0.174031	0.281573	0.040123	0.198082	0.420798	0.340997	0.298912	0.224053	0.147892	0.329143	0.067856	0.116741	0.576809	0.238594	1,2,3,4,1,3	71.354689	0.036108	0.467441	0.198320	0.067090	0.049052	0.181990	0.018416	0.383295	0.072230	0.064496	0.058718	0.402845	0.329959	0.032220	0.165364	0.111645	0.172713	0.188099	0.360533	0.088712	0.097983	0.088958	0.295020	0.068794	0.036108	0.467441	0.198320	0.067090	0.049052	0.181990	0.329959	0.032220	0.165364	0.111645	0.172713	0.188099	1,2,3,4,5,6	71.354689	1.097317	0.419496	1.213717	0.629411	0.453907	1.478637	
785000	-114102	1,2,2,3,4,5	71.354689	6.757779	4.965035	4.965035	5.755279	5.530018	5.842881	1,2,3,4,3,5	71.354689	0.314524	0.186041	0.357231	0.142205	0.618671	0.070342	0.156907	0.154080	0.430127	0.253387	0.090266	0.226220	0.099028	0.097225	0.126063	0.677684	0.430127	0.253387	0.090266	0.226220	0.166335	0.042712	0.465537	0.325416	1,1,2,2,3,4	71.354689	0.040388	0.662803	0.039878	0.037388	0.065577	0.153966	0.040388	0.662803	0.039878	0.037388	0.065577	0.153966	0.171029	0.255666	0.051305	0.015140	0.491922	0.014938	0.171029	0.255666	0.051305	0.015140	0.491922	0.014938	0.034685	0.300103	0.138070	0.084246	0.186752	0.256143	0.280481	0.109458	0.047611	0.174983	0.055265	0.332203	1,2,3,4,4,5	71.354689	1.090014	0.349955	0.922164	0.545467	0.545467	1.897048	
786000	-112752	1,2,3,2,4,5	71.354689	5.604692	4.061785	5.450478	4.061785	5.119179	5.439179	1,2,3,4,1,5	71.354689	0.403202	0.152291	0.312087	0.132419	0.460423	0.275763	0.183894	0.079920	0.138781	0.573181	0.173940	0.114097	0.044886	0.109323	0.208728	0.637063	0.403202	0.152291	0.312087	0.132419	0.239963	0.124934	0.463478	0.171624	1,1,2,3,4,2	71.354689	0.008931	0.470371	0.172428	0.042044	0.169220	0.137006	0.008931	0.470371	0.172428	0.042044	0.169220	0.137006	0.361762	0.039178	0.138006	0.100342	0.152703	0.208009	0.442656	0.008972	0.117339	0.065243	0.345660	0.020130	0.211040	0.241272	0.095320	0.126162	0.233088	0.093118	0.361762	0.039178	0.138006	0.100342	0.152703	0.208009	1,2,3,4,2,5	71.354689	1.033216	0.482245	0.915392	0.788905	0.482245	1.256066	
787000	-114632	1,2,3,4,5,3	71.354689	6.011240	5.739348	4.583706	5.583757	5.817035	4.583706	1,1,2,3,4,5	71.354689	0.476084	0.247297	0.247269	0.029350	0.476084	0.247297	0.247269	0.029350	0.331025	0.340307	0.112767	0.215901	0.482204	0.097125	0.018379	0.402292	0.662159	0.050485	0.097790	0.189566	0.057211	0.142157	0.485367	0.315266	1,1,2,3,4,5	71.354689	0.007920	0.456325	0.227375	0.034290	0.061850	0.212241	0.007920	0.456325	0.227375	0.034290	0.061850	0.212241	0.417524	0.005003	0.088802	0.018316	0.408271	0.062084	0.026005	0.233452	0.027065	0.232410	0.465085	0.015983	0.117198	0.161784	0.090966	0.021805	0.242235	0.366012	0.439807	0.016536	0.052258	0.380315	0.003941	0.107142	1,2,3,4,5,6	71.354689	1.084572	0.386611	1.046314	0.528824	0.559509	1.006303	
788000	-112970	1,2,3,4,5,6	71.354689	5.492960	5.289186	6.362733	5.194981	6.433550	6.344705	1,1,2,3,4,5	71.354689	0.375181	0.114070	0.336422	0.174326	0.375181	0.114070	0.336422	0.174326	0.308085	0.528082	0.043961	0.119872	0.153796	0.207184	0.079544	0.559476	0.461655	0.064907	0.117327	0.356111	0.183218	0.162533	0.309377	0.344872	1,1,2,3,4,5	71.354689	0.021965	0.565042	0.119449	0.153496	0.093940	0.046107	0.021965	0.565042	0.119449	0.153496	0.093940	0.046107	0.505701	0.022871	0.051590	0.039296	0.340806	0.039736	0.080153	0.113323	0.052841	0.011093	0.582091	0.160499	0.132639	0.368077	0.045754	0.046517	0.096644	0.310370	0.373056	0.084880	0.073612	0.102262	0.223854	0.142336	1,2,3,4,5,6	71.354689	1.034176	0.477089	1.152253	0.602003	0.496107	2.294491	
789000	-113184	1,2,3,4,5,5	71.354689	6.635528	5.223446	5.534558	5.000411	5.036765	5.036765	1,1,2,3,4,5	71.354689	0.516791	0.034569	0.390283	0.058356	0.516791	0.034569	0.390283	0.058356	0.323783	0.430271	0.014471	0.231475	0.030581	0.477152	0.130427	0.361841	0.259156	0.164671	0.101968	0.474206	0.225569	0.053733	0.606728	0.113970	1,1,2,2,1,3	71.354689	0.071100	0.556605	0.136110	0.066448	0.060984	0.108753	0.071100	0.556605	0.136110	0.066448	0.060984	0.108753	0.408356	0.012011	0.305765	0.019642	0.207598	0.046627	0.408356	0.012011	0.305765	0.019642	0.207598	0.046627	0.071100	0.556605	0.136110	0.066448	0.060984	0.108753	0.299914	0.013895	0.060879	0.035416	0.360367	0.229530	1,2,1,3,4,5	71.354689	0.935031	0.343827	0.935031	0.735562	0.523784	1.741443	
790000	-113283	1,2,3,4,5,6	71.354689	5.640148	5.351319	5.204521	5.230423	7.093828	6.104816	1,1,2,3,2,4	71.354689	0.514869	0.147450	0.255242	0.082439	0.514869	0.147450	0.255242	0.082439	0.500896	0.250064	0.121255	0.127785	0.053804	0.428614	0.225653	0.291928	0.500896	0.250064	0.121255	0.127785	0.268759	0.069097	0.421293	0.240852	1,1,2,3,1,2	71.354689	0.066032	0.568733	0.095505	0.043783	0.096353	0.129595	0.066032	0.568733	0.095505	0.043783	0.096353	0.129595	0.271651	0.024420	0.070785	0.110748	0.244479	0.277917	0.086543	0.134700	0.244286	0.155583	0.253052	0.125837	0.066032	0.568733	0.095505	0.043783	0.096353	0.129595	0.271651	0.024420	0.070785	0.110748	0.244479	0.277917	1,2,3,4,5,6	71.354689	1.206425	0.343784	1.026950	0.556966	0.501240	1.757018	
791000	-113213	1,2,3,4,5,3	71.354689	5.438762	6.099136	5.059316	5.127193	6.066719	5.059316	1,1,2,3,4,5	71.354689	0.583881	0.131740	0.224055	0.060323	0.583881	0.131740	0.224055	0.060323	0.143726	0.507033	0.197614	0.151627	0.095706	0.174470	0.198910	0.530913	0.518478	0.093394	0.171579	0.216549	0.353512	0.029787	0.199962	0.416739	1,1,2,3,4,5	71.354689	0.021289	0.462170	0.200430	0.060411	0.140622	0.115078	0.021289	0.462170	0.200430	0.060411	0.140622	0.115078	0.502996	0.020166	0.089556	0.092256	0.169909	0.125117	0.061866	0.148166	0.207254	0.013196	0.561194	0.008324	0.114618	0.371195	0.180831	0.033880	0.218069	0.081407	0.203986	0.002575	0.036928	0.091404	0.385759	0.279349	1,2,3,4,5,6	71.354689	1.191596	0.433171	1.059138	0.552932	0.437013	1.465005	
792000	-114427	1,2,3,1,1,4	71.354689	4.727942	4.969917	4.866517	4.727942	4.727942	5.459068	1,2,2,3,4,4	71.354689	0.280116	0.280912	0.339238	0.099734	0.527055	0.228635	0.155248	0.089062	0.527055	0.228635	0.155248	0.089062	0.119396	0.076969	0.187585	0.616050	0.192047	0.168929	0.322914	0.316111	0.192047	0.168929	0.322914	0.316111	1,1,2,3,2,4	71.354689	0.006801	0.624454	0.110703	0.084216	0.127580	0.046246	0.006801	0.624454	0.110703	0.084216	0.127580	0.046246	0.301456	0.124363	0.140488	0.049608	0.259480	0.124605	0.042172	0.026336	0.073587	0.007560	0.844243	0.006102	0.301456	0.124363	0.140488	0.049608	0.259480	0.124605	0.355883	0.121251	0.193923	0.091558	0.041182	0.196202	1,2,1,3,3,4	71.354689	1.111963	0.309113	1.111963	0.588060	0.588060	1.742420	
793000	-113137	1,2,3,2,4,5	71.354689	5.812868	5.174212	5.593789	5.174212	4.953856	6.469822	1,1,2,3,2,4	71.354689	0.414470	0.190467	0.359377	0.035686	0.414470	0.190467	0.359377	0.035686	0.324610	0.343946	0.098332	0.233112	0.104288	0.284277	0.226913	0.384522	0.324610	0.343946	0.098332	0.233112	0.391943	0.141947	0.295795	0.170316	1,2,3,3,2,3	71.354689	0.000287	0.329293	0.299023	0.058446	0.039194	0.273756	0.033961	0.460416	0.147726	0.081586	0.050022	0.226290	0.417067	0.000007	0.064619	0.118857	0.197484	0.201966	0.417067	0.000007	0.064619	0.118857	0.197484	0.201966	0.033961	0.460416	0.147726	0.081586	0.050022	0.226290	0.417067	0.000007	0.064619	0.118857	0.197484	0.201966	1,2,3,4,5,6	71.354689	0.925565	0.512563	1.111602	0.590008	0.516991	1.629325	
794000	-112730	1,2,3,4,3,5	71.354689	6.173032	6.697502	4.623079	5.631625	4.623079	6.023061	1,1,2,3,4,4	71.354689	0.561821	0.123041	0.293122	0.022016	0.561821	0.123041	0.293122	0.022016	0.091713	0.384177	0.037274	0.486836	0.101079	0.248074	0.059999	0.590848	0.252568	0.072647	0.348555	0.326230	0.252568	0.072647	0.348555	0.326230	1,1,2,3,2,4	71.354689	0.015492	0.204166	0.394229	0.006299	0.211125	0.168690	0.015492	0.204166	0.394229	0.006299	0.211125	0.168690	0.452317	0.154413	0.109784	0.153941	0.095003	0.034542	0.183096	0.011421	0.082162	0.195610	0.369386	0.158325	0.452317	0.154413	0.109784	0.153941	0.095003	0.034542	0.237284	0.021904	0.124673	0.163436	0.230619	0.222083	1,2,3,4,5,6	71.354689	1.132556	0.480340	1.185398	0.715866	0.491157	1.537056	
795000	-112536	1,2,3,4,5,6	71.354689	5.486927	6.199336	5.575987	4.658557	6.130561	5.508618	1,1,2,3,4,5	71.354689	0.583988	0.134286	0.234413	0.047313	0.583988	0.134286	0.234413	0.047313	0.264684	0.518718	0.078179	0.138418	0.097293	0.422997	0.062009	0.417701	0.371762	0.243176	0.169284	0.215778	0.144358	0.232372	0.486377	0.136893	1,1,2,2,1,2	71.354689	0.024186	0.429265	0.135735	0.065737	0.069424	0.275653	0.024186	0.429265	0.135735	0.065737	0.069424	0.275653	0.205759	0.058432	0.126065	0.080315	0.293358	0.236071	0.205759	0.058432	0.126065	0.080315	0.293358	0.236071	0.024186	0.429265	0.135735	0.065737	0.069424	0.275653	0.205759	0.058432	0.126065	0.080315	0.293358	0.236071	1,2,3,4,5,6	71.354689	1.156701	0.374669	1.006306	0.764556	0.430816	2.661440	
796000	-114900	1,1,2,1,3,4	71.354689	5.142935	5.142935	5.989844	5.142935	5.732519	5.754129	1,2,3,4,4,5	71.354689	0.523056	0.136753	0.311174	0.029017	0.528933	0.134672	0.218076	0.118318	0.315185	0.335816	0.071271	0.277728	0.371252	0.229219	0.074329	0.325200	0.371252	0.229219	0.074329	0.325200	0.264869	0.091766	0.420254	0.223111	1,1,2,3,4,5	71.354689	0.016741	0.482459	0.105846	0.190671	0.148151	0.056132	0.016741	0.482459	0.105846	0.190671	0.148151	0.056132	0.474960	0.123974	0.070991	0.006642	0.234039	0.089394	0.087275	0.170249	0.002992	0.324054	0.172935	0.242495	0.118254	0.417398	0.142530	0.034770	0.129141	0.157907	0.265139	0.064710	0.364923	0.082617	0.135052	0.087558	1,2,3,4,2,5	71.354689	1.073886	0.473944	1.067933	0.665070	0.473944	1.159263	
797000	-112032	1,2,3,4,5,6	71.354689	5.228413	5.644436	5.947215	6.394129	5.662455	5.837576	1,1,2,3,4,4	71.354689	0.420304	0.282310	0.260753	0.036633	0.420304	0.282310	0.260753	0.036633	0.340519	0.348317	0.056642	0.254521	0.167074	0.241307	0.088946	0.502673	0.256254	0.149233	0.292466	0.302047	0.256254	0.149233	0.292466	0.302047	1,1,2,3,4,5	71.354689	0.004209	0.533591	0.220206	0.044131	0.072419	0.125445	0.004209	0.533591	0.220206	0.044131	0.072419	0.125445	0.456822	0.057173	0.101825	0.022876	0.167310	0.193994	0.001527	0.721857	0.048699	0.048712	0.144514	0.034692	0.219868	0.211308	0.100425	0.275392	0.038405	0.154602	0.305091	0.011240	0.130201	0.167973	0.158926	0.226569	1,2,3,4,4,5	71.354689	1.116044	0.405524	1.020681	0.543994	0.543994	1.265230	
798000	-113108	1,2,3,3,4,5	71.354689	5.391570	6.174859	5.026549	5.026549	5.795662	6.175651	1,1,2,3,4,5	71.354689	0.571568	0.161947	0.230233	0.036251	0.571568	0.161947	0.230233	0.036251	0.388581	0.212490	0.134355	0.264574	0.102648	0.285111	0.247682	0.364559	0.453877	0.186492	0.127478	0.232153	0.030926	0.020678	0.519640	0.428756	1,1,2,3,4,2	71.354689	0.016245	0.503119	0.319230	0.037268	0.083565	0.040573	0.016245	0.503119	0.319230	0.037268	0.083565	0.040573	0.452529	0.020416	0.046920	0.101310	0.235008	0.143817	0.016994	0.016986	0.223252	0.008536	0.637832	0.096400	0.056115	0.227793	0.124150	0.225148	0.149024	0.217771	0.452529	0.020416	0.046920	0.101310	0.235008	0.143817	1,2,1,3,4,5	71.354689	1.147790	0.413254	1.147790	0.529425	0.506083	1.400401	
799000	-113864	1,2,1,1,2,3	71.354689	4.352668	5.611884	4.352668	4.352668	5.611884	6.280326	1,1,2,3,4,5	71.354689	0.372089	0.305547	0.258612	0.063752	0.372089	0.305547	0.258612	0.063752	0.283257	0.413744	0.137430	0.165569	0.278462	0.270797	0.094076	0.356665	0.321767	0.023364	0.195187	0.459681	0.217468	0.007092	0.496858	0.278581	1,2,3,4,4,3	71.354689	0.033566	0.560727	0.258794	0.026707	0.056527	0.063679	0.011878	0.441806	0.091065	0.040534	0.117794	0.296923	0.322241	0.014068	0.044211	0.219594	0.293895	0.105991	0.163425	0.145572	0.052852	0.128080	0.412420	0.097652	0.163425	0.145572	0.052852	0.128080	0.412420	0.097652	0.322241	0.014068	0.044211	0.219594	0.293895	0.105991	1,2,3,4,5,6	71.354689	0.996930	0.452742	0.984168	0.503585	0.496063	1.565998	
800000	-111586	1,2,3,4,2,5	71.354689	5.804252	5.435971	5.462404	5.710410	5.435971	5.693878	1,2,3,4,5,6	71.354689	0.467006	0.153967	0.288327	0.090700	0.467143	0.318099	0.184085	0.030672	0.235014	0.564868	0.086086	0.114032	0.081503	0.325524	0.082618	0.510355	0.374713	0.072647	0.249704	0.302936	0.140597	0.099396	0.622478	0.137528	1,1,2,3,4,2	71.354689	0.006025	0.531888	0.135685	0.047930	0.221610	0.056863	0.006025	0.531888	0.135685	0.047930	0.221610	0.056863	0.354491	0.012128	0.056067	0.054548	0.195680	0.327086	0.191656	0.518089	0.053937	0.085365	0.136085	0.014868	0.222802	0.214525	0.050289	0.354953	0.059976	0.097454	0.354491	0.012128	0.056067	0.054548	0.195680	0.327086	1,2,3,4,2,5	71.354689	1.104351	0.404363	1.000562	0.599532	0.404363	2.139149	
801000	-113254	1,2,3,3,4,4	71.354689	4.929004	6.010148	4.443172	4.443172	5.018177	5.018177	1,1,2,3,2,4	71.354689	0.544453	0.211694	0.209366	0.034487	0.544453	0.211694	0.209366	0.034487	0.355236	0.232746	0.176136	0.235882	0.063610	0.123699	0.370361	0.442330	0.355236	0.232746	0.176136	0.235882	0.215545	0.067454	0.591469	0.125532	1,1,2,2,3,4	71.354689	0.005147	0.476985	0.230326	0.053150	0.124890	0.109503	0.005147	0.476985	0.230326	0.053150	0.124890	0.109503	0.383004	0.023916	0.173328	0.033740	0.316817	0.069195	0.383004	0.023916	0.173328	0.033740	0.316817	0.069195	0.117793	0.117366	0.396826	0.077977	0.091095	0.198943	0.432291	0.027725	0.229004	0.065786	0.076882	0.168313	1,2,3,4,2,5	71.354689	1.049957	0.457383	1.157251	0.624486	0.457383	1.888714	
802000	-111992	1,2,3,2,4,5	71.354689	5.050379	4.251730	5.140472	4.251730	5.833338	6.532065	1,2,2,3,4,5	71.354689	0.333091	0.171673	0.314299	0.180938	0.440016	0.272771	0.105658	0.181555	0.440016	0.272771	0.105658	0.181555	0.114940	0.208996	0.168717	0.507347	0.394594	0.137219	0.186215	0.281972	0.350964	0.114406	0.341134	0.193497	1,1,2,3,4,2	71.354689	0.035698	0.752159	0.062354	0.048291	0.082037	0.019460	0.035698	0.752159	0.062354	0.048291	0.082037	0.019460	0.281953	0.011915	0.025155	0.086563	0.228452	0.365962	0.015457	0.000693	0.180839	0.174370	0.510220	0.118422	0.056742	0.271140	0.102912	0.122685	0.261444	0.185076	0.281953	0.011915	0.025155	0.086563	0.228452	0.365962	1,2,3,4,5,6	71.354689	0.960485	0.422996	1.213119	0.540917	0.466224	1.321920	
803000	-112082	1,2,2,3,4,5	71.354689	5.557440	4.650110	4.650110	4.795699	5.758921	5.977137	1,2,3,4,5,6	71.354689	0.464643	0.082610	0.431263	0.021485	0.521425	0.285592	0.139533	0.053449	0.206019	0.611960	0.012290	0.169730	0.074166	0.252094	0.037260	0.636479	0.343670	0.131802	0.286281	0.238247	0.193938	0.124028	0.495522	0.186512	1,1,2,3,4,2	71.354689	0.043597	0.423356	0.196015	0.048507	0.250564	0.037961	0.043597	0.423356	0.196015	0.048507	0.250564	0.037961	0.251774	0.022793	0.110188	0.093047	0.263542	0.258656	0.050701	0.260976	0.436923	0.088731	0.130026	0.032643	0.062273	0.133174	0.214968	0.238608	0.132452	0.218525	0.251774	0.022793	0.110188	0.093047	0.263542	0.258656	1,2,1,3,3,4	71.354689	1.070080	0.429509	1.070080	0.472425	0.472425	1.328981	
804000	-114612	1,2,3,1,4,5	71.354689	4.977467	5.118427	5.501331	4.977467	5.353934	5.159880	1,1,2,2,3,3	71.354689	0.506267	0.239602	0.224242	0.029889	0.506267	0.239602	0.224242	0.029889	0.252287	0.362981	0.052431	0.332301	0.252287	0.362981	0.052431	0.332301	0.341448	0.191755	0.324864	0.141933	0.341448	0.191755	0.324864	0.141933	1,1,2,3,4,2	71.354689	0.003245	0.257546	0.244164	0.062168	0.227930	0.204947	0.003245	0.257546	0.244164	0.062168	0.227930	0.204947	0.146731	0.010445	0.175796	0.096367	0.243025	0.327637	0.047987	0.528761	0.053974	0.086838	0.247083	0.035357	0.016938	0.193409	0.299143	0.025288	0.101435	0.363787	0.146731	0.010445	0.175796	0.096367	0.243025	0.327637	1,2,3,4,2,5	71.354689	1.114030	0.464100	1.107758	0.730316	0.464100	2.239053	
805000	-111996	1,2,1,1,1,3	71.354689	4.622802	5.130383	4.622802	4.622802	4.622802	5.778452	1,1,2,2,3,3	71.354689	0.487513	0.325407	0.165835	0.021245	0.487513	0.325407	0.165835	0.021245	0.219958	0.257187	0.027982	0.494873	0.219958	0.257187	0.027982	0.494873	0.323053	0.053408	0.286014	0.337525	0.323053	0.053408	0.286014	0.337525	1,1,2,3,4,5	71.354689	0.004301	0.453939	0.295257	0.037864	0.058207	0.150432	0.004301	0.453939	0.295257	0.037864	0.058207	0.150432	0.408196	0.045918	0.032393	0.226668	0.077665	0.209160	0.143532	0.079269	0.034280	0.233069	0.425553	0.084297	0.326720	0.160546	0.121111	0.094440	0.140197	0.156986	0.414941	0.011327	0.009551	0.207540	0.219674	0.136966	1,2,3,4,5,6	71.354689	1.229913	0.390228	1.076437	0.529228	0.399534	1.835521	
806000	-113668	1,2,3,4,5,6	71.354689	5.254437	6.122375	5.243111	4.795949	5.609168	5.530385	1,1,2,3,4,5	71.354689	0.504711	0.251070	0.216974	0.027244	0.504711	0.251070	0.216974	0.027244	0.366983	0.258967	0.041774	0.332276	0.092114	0.267082	0.133940	0.506864	0.461778	0.093784	0.096988	0.347449	0.033466	0.167565	0.358494	0.440475	1,1,2,3,4,5	71.354689	0.002937	0.335680	0.260169	0.032124	0.147196	0.221894	0.002937	0.335680	0.260169	0.032124	0.147196	0.221894	0.324630	0.051275	0.021485	0.438831	0.162101	0.001679	0.064782	0.087068	0.024871	0.247145	0.510017	0.066117	0.211109	0.392183	0.134961	0.021075	0.128359	0.112313	0.226945	0.015640	0.216625	0.206130	0.104500	0.230160	1,2,1,3,3,4	71.354689	1.247626	0.437030	1.247626	0.486085	0.486085	1.695713	
807000	-112560	1,2,3,2,4,5	71.354689	5.915882	5.087944	4.919440	5.087944	5.506290	6.003396	1,1,2,3,4,5	71.354689	0.447719	0.197541	0.330463	0.024277	0.447719	0.197541	0.330463	0.024277	0.246222	0.415305	0.227731	0.110742	0.136268	0.240632	0.049630	0.573469	0.477603	0.154591	0.216860	0.150946	0.126584	0.073779	0.604040	0.195597	1,1,2,3,4,5	71.354689	0.024913	0.419748	0.212521	0.034959	0.300150	0.007709	0.024913	0.419748	0.212521	0.034959	0.300150	0.007709	0.305031	0.007183	0.183342	0.084581	0.353796	0.066067	0.002608	0.254821	0.184376	0.037247	0.470432	0.050516	0.083180	0.247999	0.154044	0.008569	0.301258	0.204950	0.382730	0.034303	0.026786	0.249855	0.128978	0.177348	1,2,1,3,3,4	71.354689	0.983196	0.434073	0.983196	0.481955	0.481955	1.548757	
808000	-113561	1,2,3,4,5,6	71.354689	5.353839	6.545484	5.639743	5.241821	5.178817	5.266938	1,1,2,3,4,5	71.354689	0.518638	0.248714	0.223463	0.009186	0.518638	0.248714	0.223463	0.009186	0.262727	0.467944	0.073762	0.195568	0.058094	0.197806	0.142444	0.601657	0.206536	0.052128	0.258184	0.483152	0.276551	0.069020	0.540811	0.113619	1,1,2,2,3,2	71.354689	0.003676	0.349759	0.202674	0.028633	0.103911	0.311348	0.003676	0.349759	0.202674	0.028633	0.103911	0.311348	0.314474	0.036047	0.186086	0.013170	0.308918	0.141305	0.314474	0.036047	0.186086	0.013170	0.308918	0.141305	0.129057	0.128049	0.301596	0.276565	0.027041	0.137691	0.314474	0.036047	0.186086	0.013170	0.308918	0.141305	1,2,3,4,4,1	71.354689	1.384350	0.314513	1.013418	0.502906	0.502906	1.384350	
809000	-114295	1,2,2,2,3,4	71.354689	5.452339	4.213787	4.213787	4.213787	6.808030	7.035449	1,1,2,3,2,4	71.354689	0.342177	0.179863	0.355517	0.122443	0.342177	0.179863	0.355517	0.122443	0.432070	0.212007	0.178797	0.177125	0.238398	0.228679	0.122989	0.409934	0.432070	0.212007	0.178797	0.177125	0.115034	0.139528	0.326633	0.418805	1,1,2,2,3,4	71.354689	0.026972	0.669747	0.021653	0.038681	0.010852	0.232094	0.026972	0.669747	0.021653	0.038681	0.010852	0.232094	0.257625	0.157231	0.021242	0.035398	0.416186	0.112318	0.257625	0.157231	0.021242	0.035398	0.416186	0.112318	0.075732	0.175717	0.110801	0.112060	0.160333	0.365357	0.227247	0.136825	0.086117	0.194944	0.052993	0.301875	1,2,1,3,2,4	71.354689	1.058436	0.540392	1.058436	0.625900	0.540392	1.563089	
810000	-111626	1,2,3,4,3,5	71.354689	5.195171	5.804633	4.262684	4.857536	4.262684	6.155641	1,2,3,4,3,5	71.354689	0.440949	0.271044	0.242313	0.045694	0.625051	0.198084	0.144153	0.032711	0.417106	0.161966	0.054259	0.366669	0.043527	0.301180	0.142458	0.512835	0.417106	0.161966	0.054259	0.366669	0.130842	0.043258	0.580094	0.245806	1,1,2,3,4,2	71.354689	0.007576	0.612432	0.065252	0.046844	0.029517	0.238378	0.007576	0.612432	0.065252	0.046844	0.029517	0.238378	0.343613	0.005670	0.088832	0.214465	0.140224	0.207195	0.151316	0.016759	0.302935	0.052515	0.410002	0.066474	0.092508	0.296722	0.062460	0.233026	0.042441	0.272843	0.343613	0.005670	0.088832	0.214465	0.140224	0.207195	1,2,3,4,2,5	71.354689	0.964061	0.477242	1.109071	0.558363	0.477242	1.430033	
811000	-111594	1,2,3,4,5,6	71.354689	4.781050	6.008380	5.792000	5.100337	6.312052	6.380215	1,1,2,3,4,5	71.354689	0.669753	0.138259	0.170895	0.021093	0.669753	0.138259	0.170895	0.021093	0.263719	0.385880	0.089521	0.260880	0.033017	0.162858	0.050600	0.753526	0.377290	0.154929	0.112367	0.355413	0.251364	0.169350	0.399202	0.180084	1,1,2,3,4,2	71.354689	0.009366	0.384133	0.283973	0.041615	0.127588	0.153325	0.009366	0.384133	0.283973	0.041615	0.127588	0.153325	0.347733	0.079680	0.034055	0.059696	0.216884	0.261952	0.315411	0.189497	0.164995	0.065577	0.172058	0.092463	0.063671	0.437968	0.138274	0.100049	0.013569	0.246469	0.347733	0.079680	0.034055	0.059696	0.216884	0.261952	1,2,3,4,4,5	71.354689	1.390492	0.426662	0.939497	0.474761	0.474761	1.617601	
812000	-113745	1,2,3,4,1,5	71.354689	5.091656	6.588913	5.532011	4.944013	5.091656	5.354258	1,1,2,3,4,5	71.354689	0.615536	0.182398	0.197527	0.004539	0.615536	0.182398	0.197527	0.004539	0.356755	0.314195	0.014819	0.314230	0.057696	0.114398	0.087699	0.740208	0.210704	0.139770	0.225397	0.424129	0.171629	0.026368	0.527660	0.274343	1,1,2,3,4,2	71.354689	0.004860	0.414637	0.132572	0.028354	0.116524	0.303053	0.004860	0.414637	0.132572	0.028354	0.116524	0.303053	0.294154	0.088476	0.046192	0.108405	0.361753	0.101020	0.411991	0.029557	0.209049	0.003544	0.282866	0.062994	0.049677	0.239021	0.271001	0.266308	0.031837	0.142156	0.294154	0.088476	0.046192	0.108405	0.361753	0.101020	1,2,3,4,4,5	71.354689	1.232810	0.388250	0.965573	0.455942	0.455942	1.243772	
813000	-114383	1,2,3,3,4,3	71.354689	5.518475	6.104916	4.866525	4.866525	5.234031	4.866525	1,1,2,3,4,1	71.354689	0.539001	0.136709	0.227560	0.096729	0.539001	0.136709	0.227560	0.096729	0.194642	0.451360	0.200763	0.153235	0.023848	0.156248	0.231656	0.588248	0.337590	0.211087	0.236569	0.214755	0.539001	0.136709	0.227560	0.096729	1,1,2,2,3,4	71.354689	0.009227	0.640605	0.099743	0.109336	0.012049	0.129040	0.009227	0.640605	0.099743	0.109336	0.012049	0.129040	0.592505	0.050966	0.093908	0.015100	0.224044	0.023478	0.592505	0.050966	0.093908	0.015100	0.224044	0.023478	0.148221	0.233789	0.267909	0.120019	0.060398	0.169664	0.058356	0.040424	0.069858	0.076085	0.634454	0.120823	1,2,3,2,2,4	71.354689	1.086566	0.442394	1.047556	0.442394	0.442394	1.147521	
814000	-114242	1,2,3,4,4,5	71.354689	5.526700	5.968632	5.243252	5.150419	5.150419	5.849914	1,2,2,3,2,4	71.354689	0.418754	0.111373	0.319696	0.150177	0.428774	0.194805	0.206925	0.169496	0.428774	0.194805	0.206925	0.169496	0.142335	0.190605	0.120433	0.546627	0.428774	0.194805	0.206925	0.169496	0.058553	0.239427	0.453021	0.248998	1,1,2,3,4,4	71.354689	0.004499	0.471283	0.148089	0.052763	0.225606	0.097760	0.004499	0.471283	0.148089	0.052763	0.225606	0.097760	0.451922	0.036680	0.066012	0.159888	0.146912	0.138586	0.247029	0.073245	0.082103	0.012513	0.511794	0.073316	0.163677	0.209009	0.101433	0.089605	0.180306	0.255970	0.163677	0.209009	0.101433	0.089605	0.180306	0.255970	1,2,3,4,5,1	71.354689	1.153274	0.518988	1.140435	0.536384	0.488077	1.153274	
815000	-112722	1,2,3,3,4,5	71.354689	5.794326	6.559793	4.680803	4.680803	6.650863	5.307026	1,1,2,3,2,4	71.354689	0.546327	0.149832	0.281797	0.022044	0.546327	0.149832	0.281797	0.022044	0.422416	0.245472	0.124843	0.207270	0.198694	0.235501	0.181610	0.384195	0.422416	0.245472	0.124843	0.207270	0.153910	0.049753	0.277822	0.518515	1,1,2,3,4,2	71.354689	0.003158	0.336190	0.225799	0.045717	0.118570	0.270567	0.003158	0.336190	0.225799	0.045717	0.118570	0.270567	0.370248	0.015124	0.054736	0.081595	0.310466	0.167832	0.556041	0.046933	0.015518	0.071057	0.277321	0.033130	0.024682	0.460203	0.123871	0.093389	0.112840	0.185015	0.370248	0.015124	0.054736	0.081595	0.310466	0.167832	1,2,3,4,2,5	71.354689	1.031665	0.417037	1.050372	0.604756	0.417037	1.629439	
816000	-112993	1,2,3,4,2,5	71.354689	6.231372	5.189014	5.983336	5.965296	5.189014	6.493119	1,1,2,3,4,4	71.354689	0.488354	0.126348	0.372879	0.012418	0.488354	0.126348	0.372879	0.012418	0.322647	0.409918	0.077553	0.189883	0.121135	0.525036	0.042577	0.311252	0.411472	0.100422	0.323294	0.164811	0.411472	0.100422	0.323294	0.164811	1,1,2,3,4,2	71.354689	0.015278	0.208169	0.228182	0.047495	0.438795	0.062082	0.015278	0.208169	0.228182	0.047495	0.438795	0.062082	0.383766	0.006665	0.028061	0.066661	0.320563	0.194283	0.399027	0.372543	0.078943	0.029536	0.062741	0.057210	0.186286	0.164312	0.259963	0.119758	0.091062	0.178620	0.383766	0.006665	0.028061	0.066661	0.320563	0.194283	1,2,3,4,5,6	71.354689	1.009760	0.450030	0.924919	0.590184	0.513349	2.407920	
817000	-113688	1,2,1,3,4,1	71.354689	5.693399	5.800274	5.693399	5.332522	6.242021	5.693399	1,1,2,3,2,4	71.354689	0.497844	0.222710	0.255821	0.023625	0.497844	0.222710	0.255821	0.023625	0.311167	0.317965	0.146444	0.224424	0.509710	0.125719	0.029345	0.335226	0.311167	0.317965	0.146444	0.224424	0.321393	0.143917	0.188725	0.345965	1,1,2,3,4,5	71.354689	0.007154	0.446157	0.141069	0.042667	0.097340	0.265612	0.007154	0.446157	0.141069	0.042667	0.097340	0.265612	0.475359	0.055468	0.142776	0.020264	0.157691	0.148441	0.042964	0.283215	0.024452	0.230162	0.339957	0.079250	0.090113	0.289191	0.281406	0.003077	0.086790	0.249424	0.291246	0.023146	0.071722	0.293508	0.153420	0.166958	1,2,3,2,4,5	71.354689	1.204024	0.457163	0.896261	0.457163	0.536575	1.382036	
818000	-112152	1,2,3,4,4,5	71.354689	5.841643	6.093771	5.418886	5.320778	5.320778	6.545813	1,1,2,3,4,5	71.354689	0.518122	0.216720	0.244659	0.020499	0.518122	0.216720	0.244659	0.020499	0.286309	0.516930	0.106831	0.089931	0.043245	0.293032	0.133362	0.530361	0.344759	0.256285	0.158909	0.240046	0.083219	0.072651	0.559864	0.284266	1,1,2,3,4,5	71.354689	0.034977	0.428243	0.254318	0.043445	0.096424	0.142593	0.034977	0.428243	0.254318	0.043445	0.096424	0.142593	0.321140	0.119297	0.147536	0.018862	0.158683	0.234482	0.108186	0.062991	0.374402	0.016500	0.390714	0.047207	0.051276	0.285981	0.087669	0.050734	0.092373	0.431967	0.296260	0.077898	0.195550	0.029428	0.114615	0.286249	1,2,1,3,4,5	71.354689	1.069047	0.396158	1.069047	0.591756	0.403227	2.461238	
819000	-111664	1,2,3,4,5,6	71.354689	5.262788	5.385733	5.196337	4.688976	6.372348	5.861130	1,1,2,3,4,5	71.354689	0.614993	0.144494	0.179065	0.061448	0.614993	0.144494	0.179065	0.061448	0.326330	0.339367	0.095479	0.238825	0.041147	0.122587	0.078195	0.758070	0.416167	0.102836	0.134077	0.346920	0.141525	0.103937	0.569339	0.185200	1,2,3,4,5,3	71.354689	0.000749	0.447050	0.144443	0.104337	0.031584	0.271838	0.054482	0.360297	0.198745	0.100420	0.225459	0.060597	0.321313	0.026426	0.115799	0.044331	0.279255	0.212875	0.352782	0.117695	0.050372	0.110935	0.347928	0.020289	0.156171	0.538859	0.156166	0.071146	0.046081	0.031577	0.321313	0.026426	0.115799	0.044331	0.279255	0.212875	1,2,3,4,2,5	71.354689	1.114683	0.370584	1.010850	0.517343	0.370584	1.725423	
820000	-112620	1,2,3,4,4,4	71.354689	5.928871	5.462153	5.415760	4.704873	4.704873	4.704873	1,1,2,3,3,4	71.354689	0.536653	0.169529	0.221938	0.071881	0.536653	0.169529	0.221938	0.071881	0.316047	0.408682	0.014985	0.260287	0.229618	0.166745	0.104168	0.499469	0.229618	0.166745	0.104168	0.499469	0.354880	0.062315	0.498720	0.084085	1,1,2,3,4,2	71.354689	0.020637	0.499201	0.220520	0.048012	0.198958	0.012673	0.020637	0.499201	0.220520	0.048012	0.198958	0.012673	0.260164	0.018354	0.079190	0.151066	0.209344	0.281882	0.130487	0.083796	0.011283	0.403250	0.306118	0.065066	0.330422	0.311054	0.058470	0.023301	0.034642	0.242111	0.260164	0.018354	0.079190	0.151066	0.209344	0.281882	1,2,1,3,3,4	71.354689	1.113390	0.345058	1.113390	0.466011	0.466011	1.622936	
821000	-112460	1,2,3,3,4,5	71.354689	5.844243	6.497635	5.160616	5.160616	5.143243	6.561501	1,2,3,4,4,5	71.354689	0.389896	0.104779	0.375527	0.129798	0.599944	0.062230	0.280167	0.057660	0.332241	0.332146	0.061306	0.274307	0.233444	0.194124	0.096414	0.476018	0.233444	0.194124	0.096414	0.476018	0.306222	0.099339	0.351777	0.242661	1,1,2,2,3,4	71.354689	0.031686	0.495501	0.204964	0.077777	0.085322	0.104750	0.031686	0.495501	0.204964	0.077777	0.085322	0.104750	0.344734	0.113992	0.049790	0.060255	0.339424	0.091804	0.344734	0.113992	0.049790	0.060255	0.339424	0.091804	0.145388	0.186716	0.066612	0.277840	0.060748	0.262695	0.382452	0.007398	0.086688	0.040439	0.339336	0.143687	1,2,3,4,4,5	71.354689	1.064909	0.505922	0.944733	0.514101	0.514101	1.710155	
822000	-112158	1,2,3,4,5,3	71.354689	5.580867	6.115591	5.788768	5.193628	5.082423	5.788768	1,1,2,3,4,5	71.354689	0.520588	0.205897	0.259499	0.014016	0.520588	0.205897	0.259499	0.014016	0.303302	0.357080	0.032497	0.307122	0.117499	0.127916	0.043342	0.711243	0.172851	0.045949	0.156949	0.624250	0.297785	0.055305	0.301298	0.345612	1,1,2,3,4,5	71.354689	0.004980	0.178745	0.146337	0.027207	0.318325	0.324407	0.004980	0.178745	0.146337	0.027207	0.318325	0.324407	0.559935	0.039448	0.033843	0.055018	0.253024	0.058732	0.142800	0.299128	0.033150	0.072813	0.444279	0.007829	0.220463	0.322323	0.050757	0.093934	0.133890	0.178633	0.439408	0.021762	0.034144	0.153226	0.074223	0.277238	1,2,1,3,2,4	71.354689	1.003521	0.503905	1.003521	0.637607	0.503905	1.345541	
823000	-113157	1,2,2,3,4,5	71.354689	5.738269	4.906241	4.906241	5.135870	5.172729	5.939555	1,2,3,4,5,6	71.354689	0.331343	0.135469	0.447000	0.086188	0.500485	0.086851	0.107865	0.304799	0.388935	0.208996	0.032564	0.369505	0.176908	0.166092	0.043453	0.613547	0.299405	0.100719	0.257696	0.342180	0.179990	0.156061	0.326219	0.337730	1,1,2,3,4,2	71.354689	0.031440	0.688351	0.065525	0.088895	0.050978	0.074810	0.031440	0.688351	0.065525	0.088895	0.050978	0.074810	0.317895	0.000281	0.149262	0.153801	0.126985	0.251776	0.080949	0.174177	0.024311	0.103858	0.380066	0.236638	0.278145	0.269933	0.157436	0.025734	0.173017	0.095735	0.317895	0.000281	0.149262	0.153801	0.126985	0.251776	1,2,1,3,4,5	71.354689	1.035198	0.390401	1.035198	0.683689	0.352814	1.543530	
824000	-112777	1,2,3,4,5,6	71.354689	5.633199	6.005929	5.494330	5.111502	4.887052	6.228457	1,1,2,3,4,4	71.354689	0.502051	0.193705	0.283006	0.021238	0.502051	0.193705	0.283006	0.021238	0.210903	0.449592	0.126546	0.212959	0.064888	0.091730	0.175791	0.667591	0.332714	0.111953	0.297503	0.257830	0.332714	0.111953	0.297503	0.257830	1,1,2,3,4,2	71.354689	0.005727	0.269818	0.205718	0.014488	0.157426	0.346822	0.005727	0.269818	0.205718	0.014488	0.157426	0.346822	0.193864	0.039366	0.062685	0.040950	0.104353	0.558782	0.182632	0.211719	0.121344	0.222473	0.211910	0.049921	0.199450	0.143996	0.218272	0.162365	0.118351	0.157565	0.193864	0.039366	0.062685	0.040950	0.104353	0.558782	1,2,3,4,5,6	71.354689	1.279306	0.389344	1.053882	0.642631	0.531082	1.797949	
825000	-111736	1,2,3,4,4,5	71.354689	5.741960	6.396154	5.517789	5.090606	5.090606	5.390022	1,1,2,3,2,4	71.354689	0.539899	0.152172	0.272917	0.035012	0.539899	0.152172	0.272917	0.035012	0.356807	0.374656	0.067509	0.201028	0.184941	0.289790	0.168316	0.356952	0.356807	0.374656	0.067509	0.201028	0.370821	0.027221	0.335338	0.266620	1,1,2,3,1,2	71.354689	0.031979	0.437142	0.122747	0.062283	0.046083	0.299766	0.031979	0.437142	0.122747	0.062283	0.046083	0.299766	0.290915	0.014702	0.071489	0.161419	0.172979	0.288496	0.095399	0.203399	0.039552	0.041036	0.588534	0.032080	0.031979	0.437142	0.122747	0.062283	0.046083	0.299766	0.290915	0.014702	0.071489	0.161419	0.172979	0.288496	1,2,3,4,5,6	71.354689	1.164101	0.472664	1.118624	0.644429	0.466340	1.854870	
826000	-113484	1,2,3,3,4,5	71.354689	5.431184	5.535769	4.209746	4.209746	5.104620	4.891261	1,1,2,3,4,1	71.354689	0.503080	0.100391	0.256746	0.139782	0.503080	0.100391	0.256746	0.139782	0.399580	0.282123	0.258055	0.060243	0.345601	0.224370	0.050308	0.379721	0.458721	0.055863	0.162944	0.322472	0.503080	0.100391	0.256746	0.139782	1,1,2,3,4,2	71.354689	0.033429	0.572644	0.050237	0.126211	0.048481	0.168998	0.033429	0.572644	0.050237	0.126211	0.048481	0.168998	0.280965	0.019662	0.092110	0.126250	0.210928	0.270085	0.142814	0.028450	0.009852	0.352621	0.359904	0.106359	0.199913	0.214281	0.088532	0.141311	0.168285	0.187678	0.280965	0.019662	0.092110	0.126250	0.210928	0.270085	1,2,3,4,5,6	71.354689	1.017413	0.425992	1.068987	0.629505	0.495015	1.657086	
827000	-113199	1,2,3,3,4,5	71.354689	6.052204	4.716630	4.669482	4.669482	5.391015	5.844905	1,1,2,3,3,4	71.354689	0.453353	0.107061	0.401862	0.037724	0.453353	0.107061	0.401862	0.037724	0.132844	0.414715	0.092189	0.360252	0.264390	0.202657	0.123850	0.409102	0.264390	0.202657	0.123850	0.409102	0.084452	0.164964	0.382889	0.367695	1,2,3,4,1,3	71.354689	0.058354	0.399274	0.178233	0.094900	0.172539	0.096700	0.035099	0.367653	0.289563	0.058827	0.208647	0.040211	0.383188	0.012658	0.092865	0.088369	0.204653	0.218267	0.031048	0.136526	0.048661	0.115148	0.628054	0.040563	0.058354	0.399274	0.178233	0.094900	0.172539	0.096700	0.383188	0.012658	0.092865	0.088369	0.204653	0.218267	1,2,1,3,2,4	71.354689	1.068755	0.482650	1.068755	0.556649	0.482650	1.636057	
828000	-114373	1,2,3,4,5,6	71.354689	5.581686	6.048910	4.368183	5.179435	6.219807	5.765293	1,2,2,3,4,1	71.354689	0.329213	0.099208	0.387100	0.184479	0.576573	0.307680	0.097274	0.018474	0.576573	0.307680	0.097274	0.018474	0.032818	0.393990	0.110988	0.462204	0.350246	0.112445	0.290227	0.247082	0.329213	0.099208	0.387100	0.184479	1,1,2,3,2,4	71.354689	0.015909	0.710026	0.063146	0.105030	0.065642	0.040247	0.015909	0.710026	0.063146	0.105030	0.065642	0.040247	0.214362	0.154820	0.108777	0.118647	0.145980	0.257414	0.238899	0.157913	0.080607	0.199516	0.277945	0.045121	0.214362	0.154820	0.108777	0.118647	0.145980	0.257414	0.155644	0.048064	0.038669	0.161228	0.178476	0.417920	1,2,3,4,5,6	71.354689	0.900151	0.461586	1.259667	0.558481	0.456548	1.728202	
829000	-113444	1,2,3,3,4,3	71.354689	5.975091	5.406066	4.811024	4.811024	6.569302	4.811024	1,2,3,4,3,1	71.354689	0.469080	0.084588	0.341193	0.105139	0.490446	0.224272	0.238080	0.047202	0.401941	0.206260	0.145936	0.245863	0.120304	0.117335	0.246828	0.515533	0.401941	0.206260	0.145936	0.245863	0.469080	0.084588	0.341193	0.105139	1,2,3,2,1,4	71.354689	0.026773	0.479896	0.076581	0.245992	0.103167	0.067592	0.049735	0.427093	0.079121	0.000430	0.416060	0.027560	0.275856	0.041439	0.090886	0.218470	0.335623	0.037726	0.049735	0.427093	0.079121	0.000430	0.416060	0.027560	0.026773	0.479896	0.076581	0.245992	0.103167	0.067592	0.261635	0.041882	0.017138	0.008232	0.209317	0.461797	1,2,1,3,2,4	71.354689	1.156175	0.463196	1.156175	0.754777	0.463196	1.806543	
830000	-115813	1,1,1,1,2,3	71.354689	4.957797	4.957797	4.957797	4.957797	5.381290	5.517935	1,1,1,2,3,3	71.354689	0.447718	0.285459	0.239051	0.027773	0.447718	0.285459	0.239051	0.027773	0.447718	0.285459	0.239051	0.027773	0.203166	0.181339	0.091727	0.523769	0.337147	0.108319	0.136027	0.418507	0.337147	0.108319	0.136027	0.418507	1,2,3,4,5,6	71.354689	0.055614	0.384551	0.228253	0.091570	0.197299	0.042713	0.021170	0.283106	0.120296	0.014579	0.370349	0.190500	0.458643	0.052009	0.145700	0.083350	0.155003	0.105296	0.002212	0.169367	0.140297	0.146650	0.504581	0.036893	0.253581	0.319267	0.106812	0.084257	0.106462	0.129621	0.189009	0.043656	0.202898	0.260421	0.167743	0.136274	1,2,3,4,5,6	71.354689	1.140721	0.416557	1.161082	0.518948	0.490130	1.502419	
831000	-112900	1,2,3,4,5,6	71.354689	6.307010	5.242094	4.969164	5.502090	6.404208	5.588595	1,2,3,4,5,6	71.354689	0.408505	0.091931	0.432085	0.067479	0.444001	0.194575	0.336368	0.025056	0.307125	0.323213	0.042971	0.326691	0.023609	0.230845	0.065678	0.679868	0.532916	0.113768	0.097890	0.255426	0.220027	0.170871	0.497435	0.111667	1,1,2,3,4,5	71.354689	0.005441	0.530903	0.110748	0.114351	0.137897	0.100661	0.005441	0.530903	0.110748	0.114351	0.137897	0.100661	0.349075	0.056443	0.114951	0.198298	0.205417	0.075816	0.149378	0.151463	0.440278	0.011592	0.177802	0.069487	0.051586	0.504761	0.085191	0.028257	0.049513	0.280691	0.058490	0.031711	0.387851	0.221351	0.056985	0.243612	1,2,1,2,2,3	71.354689	0.994157	0.445695	0.994157	0.445695	0.445695	1.854842	
832000	-112636	1,2,3,4,5,6	71.354689	6.148759	6.317492	5.290126	4.911974	5.066390	6.015213	1,2,3,4,3,5	71.354689	0.467687	0.171501	0.330290	0.030522	0.739930	0.042883	0.202050	0.015137	0.353329	0.266959	0.071570	0.308142	0.152122	0.397603	0.118520	0.331755	0.353329	0.266959	0.071570	0.308142	0.168488	0.151502	0.350450	0.329561	1,2,3,4,2,3	71.354689	0.005268	0.390740	0.203219	0.033641	0.000347	0.366785	0.045790	0.400425	0.151220	0.097715	0.144633	0.160217	0.343137	0.043738	0.055899	0.107277	0.233215	0.216735	0.021517	0.043943	0.191378	0.015118	0.646928	0.081115	0.045790	0.400425	0.151220	0.097715	0.144633	0.160217	0.343137	0.043738	0.055899	0.107277	0.233215	0.216735	1,2,1,3,3,4	71.354689	1.078972	0.434517	1.078972	0.493227	0.493227	1.724477	
833000	-115100	1,1,2,3,4,3	71.354689	5.836504	5.836504	5.222700	5.163518	4.849629	5.163518	1,1,2,3,4,5	71.354689	0.508499	0.177504	0.300203	0.013794	0.508499	0.177504	0.300203	0.013794	0.322533	0.236294	0.012384	0.428789	0.066052	0.117770	0.325111	0.491067	0.286251	0.280424	0.267152	0.166174	0.094429	0.060868	0.695835	0.148867	1,1,2,3,4,5	71.354689	0.007820	0.332293	0.449037	0.034929	0.147634	0.028288	0.007820	0.332293	0.449037	0.034929	0.147634	0.028288	0.104322	0.119265	0.032689	0.546751	0.026705	0.170267	0.335811	0.180012	0.134883	0.011814	0.287539	0.049941	0.109197	0.220470	0.076286	0.257764	0.068597	0.267685	0.114549	0.087527	0.393405	0.174069	0.117367	0.113083	1,2,1,3,4,5	71.354689	1.046611	0.388250	1.046611	0.580195	0.418011	1.943610	
834000	-112964	1,2,1,1,3,4	71.354689	5.055086	5.843450	5.055086	5.055086	5.874040	6.107404	1,2,3,4,1,5	71.354689	0.393712	0.099115	0.205766	0.301407	0.452967	0.350557	0.154812	0.041664	0.287761	0.275591	0.149171	0.287478	0.043317	0.308267	0.093704	0.554712	0.393712	0.099115	0.205766	0.301407	0.113641	0.118597	0.539809	0.227953	1,1,2,2,3,4	71.354689	0.001714	0.613165	0.099746	0.117348	0.120745	0.047281	0.001714	0.613165	0.099746	0.117348	0.120745	0.047281	0.310852	0.029301	0.090117	0.041216	0.425790	0.102724	0.310852	0.029301	0.090117	0.041216	0.425790	0.102724	0.026146	0.240443	0.205366	0.280316	0.125898	0.121830	0.361462	0.066593	0.050871	0.233212	0.065797	0.222065	1,2,1,3,3,4	71.354689	0.958561	0.397908	0.958561	0.502925	0.502925	1.615353	
835000	-112055	1,2,3,4,5,6	71.354689	5.162991	6.310802	6.235440	5.356675	5.280324	6.480826	1,1,2,3,4,5	71.354689	0.579139	0.149988	0.226183	0.044690	0.579139	0.149988	0.226183	0.044690	0.355705	0.451574	0.037878	0.154844	0.211856	0.186080	0.053959	0.548104	0.426584	0.271378	0.075748	0.226290	0.234346	0.079004	0.466518	0.220132	1,1,2,3,4,5	71.354689	0.007692	0.344821	0.153244	0.042131	0.318278	0.133834	0.007692	0.344821	0.153244	0.042131	0.318278	0.133834	0.434669	0.005526	0.057439	0.217154	0.141270	0.143941	0.390364	0.081982	0.171207	0.060693	0.254193	0.041560	0.114988	0.196883	0.186973	0.177442	0.091510	0.232204	0.193218	0.010246	0.072352	0.173348	0.348562	0.202274	1,2,1,3,4,5	71.354689	1.153708	0.376036	1.153708	0.685770	0.444749	1.915253	
836000	-111841	1,2,3,1,4,5	71.354689	5.219036	5.671217	5.953082	5.219036	5.508273	6.153735	1,1,2,3,4,5	71.354689	0.488632	0.228393	0.220184	0.062791	0.488632	0.228393	0.220184	0.062791	0.406887	0.337634	0.007611	0.247867	0.082838	0.272627	0.118524	0.526012	0.473796	0.103888	0.185017	0.237299	0.313385	0.135368	0.387471	0.163776	1,1,2,3,4,2	71.354689	0.006716	0.438967	0.386341	0.046775	0.055853	0.065349	0.006716	0.438967	0.386341	0.046775	0.055853	0.065349	0.388191	0.011466	0.024033	0.056307	0.125770	0.394232	0.409727	0.217007	0.055152	0.012796	0.269686	0.035632	0.035061	0.176388	0.168990	0.375440	0.118277	0.125844	0.388191	0.011466	0.024033	0.056307	0.125770	0.394232	1,2,3,4,2,5	71.354689	1.315755	0.495164	1.082812	0.562766	0.495164	1.482932	
837000	-113655	1,2,3,4,5,6	71.354689	5.408158	5.521221	5.869773	5.321294	6.770537	5.620526	1,2,3,4,5,1	71.354689	0.276541	0.130412	0.505805	0.087242	0.559958	0.062501	0.190680	0.186860	0.402902	0.343870	0.089479	0.163749	0.026503	0.294078	0.211326	0.468093	0.372687	0.243251	0.140441	0.243621	0.276541	0.130412	0.505805	0.087242	1,1,2,3,4,2	71.354689	0.007564	0.369664	0.274491	0.052743	0.165698	0.129840	0.007564	0.369664	0.274491	0.052743	0.165698	0.129840	0.397894	0.009831	0.060668	0.050157	0.226224	0.255225	0.124041	0.496947	0.085083	0.072116	0.150523	0.071290	0.079973	0.398324	0.057880	0.142304	0.003430	0.318089	0.397894	0.009831	0.060668	0.050157	0.226224	0.255225	1,2,3,4,5,6	71.354689	1.014406	0.463894	1.096470	0.599157	0.420672	2.358421	
838000	-110882	1,2,3,4,5,6	71.354689	5.861560	5.996790	5.923080	5.252173	4.725838	5.510152	1,1,2,3,2,4	71.354689	0.527105	0.140661	0.273135	0.059099	0.527105	0.140661	0.273135	0.059099	0.322886	0.355902	0.075345	0.245867	0.030789	0.213957	0.087537	0.667716	0.322886	0.355902	0.075345	0.245867	0.419006	0.074630	0.374298	0.132067	1,1,2,3,1,2	71.354689	0.017057	0.512702	0.100128	0.092235	0.031391	0.246487	0.017057	0.512702	0.100128	0.092235	0.031391	0.246487	0.362860	0.012872	0.030966	0.180503	0.218688	0.194111	0.479376	0.043522	0.207971	0.069808	0.165107	0.034215	0.017057	0.512702	0.100128	0.092235	0.031391	0.246487	0.362860	0.012872	0.030966	0.180503	0.218688	0.194111	1,2,3,4,2,5	71.354689	1.145869	0.453861	0.933869	0.632462	0.453861	1.644044	
839000	-112824	1,2,3,4,5,6	71.354689	5.556250	5.767712	5.313974	5.253040	5.531198	5.811042	1,1,2,3,4,5	71.354689	0.496062	0.230679	0.230527	0.042733	0.496062	0.230679	0.230527	0.042733	0.302493	0.610904	0.009480	0.077124	0.196230	0.176475	0.045590	0.581704	0.316526	0.276281	0.067297	0.339896	0.287946	0.127185	0.491089	0.093779	1,1,2,3,4,2	71.354689	0.001449	0.404887	0.233107	0.036633	0.096421	0.227503	0.001449	0.404887	0.233107	0.036633	0.096421	0.227503	0.141412	0.004557	0.154395	0.063043	0.074806	0.561787	0.132811	0.280110	0.023483	0.259288	0.191041	0.113267	0.034094	0.322731	0.139199	0.269041	0.189881	0.045053	0.141412	0.004557	0.154395	0.063043	0.074806	0.561787	1,2,3,4,2,1	71.354689	1.251114	0.443335	0.882852	0.601296	0.443335	1.251114	
840000	-113141	1,2,3,4,3,5	71.354689	5.541099	5.668460	4.827095	6.570154	4.827095	5.612564	1,1,2,3,3,4	71.354689	0.564689	0.165432	0.217334	0.052545	0.564689	0.165432	0.217334	0.052545	0.288570	0.338393	0.223975	0.149062	0.193806	0.268112	0.067513	0.470570	0.193806	0.268112	0.067513	0.470570	0.074879	0.161105	0.512881	0.251135	1,1,2,3,1,2	71.354689	0.024424	0.498143	0.087314	0.078726	0.103696	0.207697	0.024424	0.498143	0.087314	0.078726	0.103696	0.207697	0.460970	0.009657	0.149472	0.050120	0.131772	0.198010	0.336104	0.451358	0.008013	0.021418	0.171320	0.011787	0.024424	0.498143	0.087314	0.078726	0.103696	0.207697	0.460970	0.009657	0.149472	0.050120	0.131772	0.198010	1,2,3,4,5,6	71.354689	1.014849	0.389688	1.028670	0.591245	0.412301	1.287159	
841000	-113133	1,2,3,3,4,5	71.354689	5.734688	5.328683	5.121407	5.121407	5.888630	5.619317	1,1,2,3,4,5	71.354689	0.451366	0.231151	0.298805	0.018678	0.451366	0.231151	0.298805	0.018678	0.204541	0.405158	0.158663	0.231639	0.014120	0.420176	0.167345	0.398359	0.243077	0.376680	0.098910	0.281333	0.236820	0.144236	0.310674	0.308269	1,1,2,3,4,5	71.354689	0.006255	0.289543	0.308421	0.028339	0.029469	0.337973	0.006255	0.289543	0.308421	0.028339	0.029469	0.337973	0.664945	0.049079	0.089353	0.004709	0.145346	0.046568	0.143907	0.405640	0.192085	0.078608	0.159616	0.020143	0.026796	0.313167	0.381412	0.091493	0.092388	0.094744	0.293579	0.062190	0.139915	0.127901	0.089242	0.287173	1,2,1,3,2,4	71.354689	1.019644	0.436508	1.019644	0.750633	0.436508	1.395034	
842000	-113231	1,2,2,2,3,4	71.354689	5.623347	4.761924	4.761924	4.761924	6.483272	6.250176	1,2,2,3,4,4	71.354689	0.405165	0.219512	0.318366	0.056957	0.434296	0.318985	0.155929	0.090790	0.434296	0.318985	0.155929	0.090790	0.012821	0.386737	0.275148	0.325293	0.428421	0.088342	0.243005	0.240231	0.428421	0.088342	0.243005	0.240231	1,1,2,3,4,5	71.354689	0.003477	0.412988	0.193482	0.031205	0.111442	0.247405	0.003477	0.412988	0.193482	0.031205	0.111442	0.247405	0.340189	0.023089	0.120653	0.093757	0.277805	0.144507	0.514530	0.026349	0.197636	0.029112	0.162871	0.069503	0.109127	0.358644	0.061805	0.131944	0.043516	0.294965	0.155471	0.001478	0.033646	0.195931	0.422477	0.190997	1,2,3,4,2,5	71.354689	1.076922	0.393047	1.013835	0.727844	0.393047	2.123753	
843000	-113648	1,2,2,2,3,4	71.354689	5.576870	4.515169	4.515169	4.515169	6.394729	5.719745	1,2,3,4,5,6	71.354689	0.388624	0.073683	0.524836	0.012858	0.437929	0.166899	0.353303	0.041869	0.292561	0.318754	0.129761	0.258925	0.262757	0.189000	0.177594	0.370649	0.425620	0.063408	0.217853	0.293119	0.197328	0.175040	0.456033	0.171600	1,1,2,3,4,2	71.354689	0.002334	0.192984	0.484711	0.015827	0.061289	0.242855	0.002334	0.192984	0.484711	0.015827	0.061289	0.242855	0.224042	0.003809	0.103449	0.089140	0.110162	0.469399	0.296106	0.269552	0.032483	0.069024	0.263181	0.069654	0.258052	0.113546	0.042632	0.222997	0.160007	0.202766	0.224042	0.003809	0.103449	0.089140	0.110162	0.469399	1,2,3,4,5,6	71.354689	0.963801	0.531382	0.993100	0.740264	0.482761	2.322543	
844000	-112360	1,2,3,3,4,5	71.354689	5.183939	5.463290	4.688585	4.688585	5.976778	5.841042	1,2,3,4,3,5	71.354689	0.327258	0.076868	0.521705	0.074169	0.604845	0.118252	0.229667	0.047237	0.322515	0.261981	0.140308	0.275196	0.234950	0.156407	0.150663	0.457979	0.322515	0.261981	0.140308	0.275196	0.379410	0.038203	0.405175	0.177212	1,1,2,3,4,2	71.354689	0.038533	0.418880	0.209228	0.063404	0.231579	0.038377	0.038533	0.418880	0.209228	0.063404	0.231579	0.038377	0.434075	0.018748	0.065175	0.131725	0.215755	0.134523	0.028860	0.363621	0.107566	0.117774	0.374962	0.007218	0.049657	0.200522	0.184401	0.081374	0.052046	0.431999	0.434075	0.018748	0.065175	0.131725	0.215755	0.134523	1,2,3,4,5,6	71.354689	1.078332	0.324731	1.105820	0.520087	0.502107	1.709816	
845000	-113609	1,2,3,4,2,5	71.354689	5.130456	6.562027	5.371082	5.560518	6.562027	4.715770	1,2,3,3,4,5	71.354689	0.364564	0.208706	0.405762	0.020968	0.419380	0.389703	0.186208	0.004710	0.232081	0.362419	0.044819	0.360682	0.232081	0.362419	0.044819	0.360682	0.277669	0.396124	0.151852	0.174356	0.205938	0.260999	0.353021	0.180042	1,1,2,3,4,5	71.354689	0.007251	0.602782	0.147595	0.029415	0.036405	0.176552	0.007251	0.602782	0.147595	0.029415	0.036405	0.176552	0.245806	0.024334	0.107471	0.347512	0.093298	0.181580	0.529552	0.114070	0.073795	0.005422	0.241133	0.036027	0.036182	0.290242	0.271257	0.252832	0.035999	0.113489	0.140572	0.004196	0.072910	0.048394	0.174350	0.559578	1,2,3,4,5,6	71.354689	1.105971	0.389847	1.082280	0.597911	0.453185	1.698274	
846000	-115112	1,2,2,2,3,4	71.354689	5.273318	5.114627	5.114627	5.114627	5.335321	5.733051	1,1,2,3,4,4	71.354689	0.339125	0.293187	0.355960	0.011728	0.339125	0.293187	0.355960	0.011728	0.393390	0.221329	0.059736	0.325546	0.101196	0.410940	0.152492	0.335373	0.350112	0.076682	0.352870	0.220336	0.350112	0.076682	0.352870	0.220336	1,1,2,3,4,5	71.354689	0.009369	0.499220	0.105344	0.051092	0.158661	0.176313	0.009369	0.499220	0.105344	0.051092	0.158661	0.176313	0.253303	0.086821	0.024953	0.380180	0.169815	0.084927	0.233096	0.182908	0.110822	0.203638	0.255716	0.013819	0.221084	0.201729	0.087457	0.056521	0.182905	0.250304	0.155055	0.066879	0.099996	0.488257	0.021321	0.168492	1,2,1,3,4,5	71.354689	1.077721	0.477382	1.077721	0.596646	0.482087	1.454204	
847000	-113275	1,2,2,3,4,2	71.354689	6.336793	4.957372	4.957372	6.054048	6.269751	4.957372	1,1,2,3,1,4	71.354689	0.476098	0.103414	0.264145	0.156343	0.476098	0.103414	0.264145	0.156343	0.278812	0.501150	0.056994	0.163045	0.054405	0.651018	0.031208	0.263370	0.476098	0.103414	0.264145	0.156343	0.174351	0.068477	0.473985	0.283187	1,1,2,3,3,2	71.354689	0.010999	0.587105	0.141245	0.058683	0.091191	0.110777	0.010999	0.587105	0.141245	0.058683	0.091191	0.110777	0.473809	0.023709	0.089576	0.094658	0.194319	0.123930	0.110538	0.068628	0.181473	0.163634	0.207929	0.267799	0.110538	0.068628	0.181473	0.163634	0.207929	0.267799	0.473809	0.023709	0.089576	0.094658	0.194319	0.123930	1,2,3,4,5,6	71.354689	1.114128	0.448661	1.016470	0.581513	0.575522	1.356378	
848000	-112297	1,2,3,4,1,5	71.354689	5.273341	6.275213	5.358276	5.122815	5.273341	5.453128	1,2,3,4,5,6	71.354689	0.309317	0.329712	0.314689	0.046282	0.540955	0.144894	0.208682	0.105469	0.255432	0.457515	0.140693	0.146359	0.108423	0.119825	0.203904	0.567847	0.312994	0.310171	0.179808	0.197027	0.314277	0.039053	0.269214	0.377457	1,1,2,3,4,2	71.354689	0.009978	0.748456	0.100628	0.039062	0.031166	0.070710	0.009978	0.748456	0.100628	0.039062	0.031166	0.070710	0.254038	0.010524	0.108974	0.106002	0.239004	0.281459	0.122032	0.049028	0.021902	0.051942	0.694784	0.060312	0.064424	0.315510	0.200584	0.131507	0.149597	0.138378	0.254038	0.010524	0.108974	0.106002	0.239004	0.281459	1,2,3,4,5,6	71.354689	1.121924	0.425161	1.117564	0.680338	0.516077	1.510357	
849000	-112642	1,2,3,3,4,5	71.354689	5.373634	6.083162	4.583274	4.583274	5.268406	6.299564	1,1,2,3,4,5	71.354689	0.598743	0.147744	0.217662	0.035850	0.598743	0.147744	0.217662	0.035850	0.322792	0.217939	0.020661	0.438608	0.273903	0.222500	0.050688	0.452909	0.443071	0.189997	0.111783	0.255149	0.227510	0.124072	0.365897	0.282522	1,1,2,3,4,2	71.354689	0.005002	0.367688	0.249656	0.050010	0.122269	0.205375	0.005002	0.367688	0.249656	0.050010	0.122269	0.205375	0.376361	0.038243	0.014328	0.075411	0.287599	0.208059	0.214939	0.108245	0.002948	0.013788	0.448669	0.211412	0.141024	0.277885	0.148131	0.062942	0.255171	0.114845	0.376361	0.038243	0.014328	0.075411	0.287599	0.208059	1,2,3,4,5,1	71.354689	1.443101	0.377562	1.005635	0.500733	0.444486	1.443101	
850000	-112032	1,2,3,4,4,5	71.354689	5.333459	5.967089	5.489180	5.016439	5.016439	5.652706	1,1,2,3,4,5	71.354689	0.439609	0.285796	0.255333	0.019263	0.439609	0.285796	0.255333	0.019263	0.227722	0.338354	0.104729	0.329195	0.179476	0.269706	0.014885	0.535933	0.249509	0.161916	0.298905	0.289670	0.236517	0.193791	0.342880	0.226813	1,1,2,3,4,5	71.354689	0.000524	0.290576	0.197652	0.018265	0.197452	0.295530	0.000524	0.290576	0.197652	0.018265	0.197452	0.295530	0.370570	0.135727	0.192766	0.116425	0.139532	0.044979	0.085489	0.172279	0.129362	0.061238	0.420026	0.131606	0.211018	0.172612	0.257663	0.178807	0.086592	0.093307	0.373870	0.008911	0.147570	0.126004	0.048623	0.295022	1,2,3,4,4,5	71.354689	1.091256	0.353576	1.155923	0.545158	0.545158	1.518275	
851000	-112841	1,2,3,4,2,5	71.354689	5.997064	5.541864	5.685025	5.183938	5.541864	5.815051	1,2,3,4,5,6	71.354689	0.375521	0.161801	0.379915	0.082763	0.584030	0.117136	0.202340	0.096493	0.290558	0.489805	0.117525	0.102113	0.023257	0.439356	0.062932	0.474455	0.473298	0.131167	0.265759	0.129775	0.099652	0.263026	0.335935	0.301387	1,1,2,3,4,5	71.354689	0.077325	0.503088	0.133924	0.111094	0.088405	0.086164	0.077325	0.503088	0.133924	0.111094	0.088405	0.086164	0.409428	0.064594	0.077637	0.089076	0.323176	0.036089	0.187475	0.367701	0.124057	0.026660	0.244459	0.049648	0.066663	0.191106	0.145298	0.195138	0.097260	0.304536	0.189876	0.059357	0.073087	0.116382	0.117638	0.443659	1,2,1,3,2,4	71.354689	1.156977	0.463483	1.156977	0.637578	0.463483	1.491297	
852000	-112801	1,2,3,4,4,5	71.354689	6.174530	5.847899	5.581706	5.272728	5.272728	6.282606	1,1,2,3,2,4	71.354689	0.521084	0.134903	0.302016	0.041997	0.521084	0.134903	0.302016	0.041997	0.326415	0.366140	0.110663	0.196782	0.029892	0.310953	0.028551	0.630604	0.326415	0.366140	0.110663	0.196782	0.017888	0.133030	0.523886	0.325196	1,1,2,3,1,4	71.354689	0.033070	0.495085	0.173979	0.047698	0.060881	0.189287	0.033070	0.495085	0.173979	0.047698	0.060881	0.189287	0.307436	0.149503	0.072659	0.124010	0.289810	0.056583	0.236678	0.261206	0.290828	0.042861	0.132731	0.035696	0.033070	0.495085	0.173979	0.047698	0.060881	0.189287	0.385235	0.002953	0.129875	0.166163	0.205935	0.109839	1,2,3,2,2,4	71.354689	1.246873	0.471860	1.125106	0.471860	0.471860	1.633089	
853000	-113406	1,2,3,4,5,6	71.354689	6.611470	6.301102	5.854977	5.160811	5.374203	5.031883	1,1,2,3,2,1	71.354689	0.550073	0.040739	0.319370	0.089818	0.550073	0.040739	0.319370	0.089818	0.380466	0.320345	0.076142	0.223047	0.079419	0.152080	0.134893	0.633609	0.380466	0.320345	0.076142	0.223047	0.550073	0.040739	0.319370	0.089818	1,1,2,3,4,5	71.354689	0.023400	0.506655	0.237855	0.067333	0.120945	0.043811	0.023400	0.506655	0.237855	0.067333	0.120945	0.043811	0.404158	0.014542	0.032326	0.179415	0.353814	0.015744	0.310566	0.176810	0.054538	0.082517	0.372492	0.003076	0.069789	0.423056	0.189949	0.109082	0.013033	0.195091	0.104002	0.009546	0.230368	0.040137	0.068200	0.547746	1,2,1,2,2,3	71.354689	1.113612	0.451900	1.113612	0.451900	0.451900	2.072718	
854000	-112971	1,2,3,4,5,6	71.354689	5.327695	5.781001	6.285577	5.194982	6.083373	6.381887	1,2,1,3,4,5	71.354689	0.329787	0.294885	0.305001	0.070326	0.530940	0.147734	0.274957	0.046369	0.329787	0.294885	0.305001	0.070326	0.070514	0.271236	0.098381	0.559869	0.290014	0.294308	0.095522	0.320157	0.215452	0.034167	0.349111	0.401270	1,1,2,3,4,2	71.354689	0.004682	0.620269	0.113211	0.068857	0.059717	0.133263	0.004682	0.620269	0.113211	0.068857	0.059717	0.133263	0.446025	0.024332	0.038555	0.140851	0.298171	0.052066	0.552846	0.068588	0.088676	0.055254	0.226177	0.008457	0.091015	0.191564	0.100012	0.188754	0.084746	0.343909	0.446025	0.024332	0.038555	0.140851	0.298171	0.052066	1,2,3,4,2,5	71.354689	1.276648	0.469150	1.133679	0.509101	0.469150	1.415382	
855000	-113515	1,2,3,2,4,5	71.354689	5.376388	4.275100	5.432697	4.275100	5.505504	5.803507	1,2,2,3,4,1	71.354689	0.371776	0.070145	0.315318	0.242762	0.267080	0.523237	0.111785	0.097898	0.267080	0.523237	0.111785	0.097898	0.035122	0.026824	0.057959	0.880096	0.395816	0.156093	0.232134	0.215957	0.371776	0.070145	0.315318	0.242762	1,1,2,3,4,2	71.354689	0.007457	0.750990	0.042772	0.041901	0.114798	0.042082	0.007457	0.750990	0.042772	0.041901	0.114798	0.042082	0.356888	0.007011	0.058774	0.081161	0.312979	0.183186	0.179489	0.140779	0.256757	0.068611	0.314685	0.039678	0.251924	0.218871	0.145696	0.136333	0.133530	0.113646	0.356888	0.007011	0.058774	0.081161	0.312979	0.183186	1,2,3,4,5,6	71.354689	1.061095	0.463294	0.986419	0.520598	0.490242	1.823341	
856000	-114031	1,2,3,2,4,5	71.354689	5.141410	5.060084	5.813689	5.060084	5.460218	6.206106	1,1,2,3,4,5	71.354689	0.268403	0.092777	0.609808	0.029013	0.268403	0.092777	0.609808	0.029013	0.347556	0.402495	0.035141	0.214808	0.227186	0.206095	0.119144	0.447575	0.353461	0.098515	0.233206	0.314818	0.416698	0.074326	0.289851	0.219125	1,2,3,1,4,3	71.354689	0.098475	0.202634	0.143610	0.024172	0.405515	0.125594	0.117857	0.347362	0.411544	0.017050	0.058378	0.047810	0.405724	0.000857	0.055495	0.047296	0.233061	0.257567	0.098475	0.202634	0.143610	0.024172	0.405515	0.125594	0.305464	0.149896	0.069372	0.029246	0.269067	0.176955	0.405724	0.000857	0.055495	0.047296	0.233061	0.257567	1,2,3,4,2,5	71.354689	1.103776	0.528138	1.007951	0.700408	0.528138	1.497497	
857000	-112502	1,2,3,1,4,5	71.354689	4.994943	5.538864	5.457827	4.994943	5.749695	5.775835	1,1,2,3,4,5	71.354689	0.512501	0.195040	0.220301	0.072158	0.512501	0.195040	0.220301	0.072158	0.235309	0.422218	0.108395	0.234078	0.029620	0.431380	0.088615	0.450385	0.519777	0.165230	0.057485	0.257508	0.284269	0.037101	0.336348	0.342283	1,1,2,3,1,2	71.354689	0.025517	0.523324	0.054533	0.041235	0.061596	0.293794	0.025517	0.523324	0.054533	0.041235	0.061596	0.293794	0.218380	0.019208	0.109971	0.078081	0.200701	0.373659	0.353633	0.153620	0.174327	0.009568	0.220382	0.088472	0.025517	0.523324	0.054533	0.041235	0.061596	0.293794	0.218380	0.019208	0.109971	0.078081	0.200701	0.373659	1,2,3,4,2,5	71.354689	1.256260	0.456065	0.881380	0.661751	0.456065	1.823917	
858000	-114541	1,2,3,4,5,6	71.354689	5.645205	5.592714	4.961879	4.761299	5.235158	6.636152	1,1,2,3,4,4	71.354689	0.443576	0.209392	0.270044	0.076987	0.443576	0.209392	0.270044	0.076987	0.121332	0.342423	0.304592	0.231653	0.130921	0.390873	0.082934	0.395271	0.289275	0.059340	0.379184	0.272201	0.289275	0.059340	0.379184	0.272201	1,1,2,3,4,3	71.354689	0.013352	0.573985	0.163350	0.035139	0.095779	0.118394	0.013352	0.573985	0.163350	0.035139	0.095779	0.118394	0.537150	0.071706	0.011344	0.042290	0.077497	0.260013	0.295010	0.023311	0.039662	0.015623	0.522103	0.104291	0.102326	0.148423	0.234990	0.049389	0.241063	0.223808	0.295010	0.023311	0.039662	0.015623	0.522103	0.104291	1,2,3,4,5,6	71.354689	1.240335	0.535931	1.032592	0.667613	0.464440	1.288223	
859000	-114511	1,2,3,3,4,3	71.354689	5.498949	6.228900	4.341290	4.341290	5.836533	4.341290	1,1,2,3,1,4	71.354689	0.523783	0.107691	0.198785	0.169742	0.523783	0.107691	0.198785	0.169742	0.541768	0.169070	0.090930	0.198232	0.077432	0.475592	0.062834	0.384143	0.523783	0.107691	0.198785	0.169742	0.132551	0.323928	0.451530	0.091991	1,1,2,3,3,4	71.354689	0.001997	0.732631	0.098754	0.077203	0.047097	0.042317	0.001997	0.732631	0.098754	0.077203	0.047097	0.042317	0.524613	0.022169	0.021419	0.118889	0.246298	0.066611	0.105622	0.272293	0.148047	0.107955	0.212264	0.153820	0.105622	0.272293	0.148047	0.107955	0.212264	0.153820	0.204868	0.074614	0.355485	0.054770	0.101600	0.208663	1,2,1,3,4,5	71.354689	1.281834	0.478890	1.281834	0.618879	0.501289	1.510649	
860000	-111867	1,2,3,3,4,5	71.354689	4.843537	5.940934	4.835790	4.835790	5.511595	5.953312	1,1,2,3,2,4	71.354689	0.496390	0.251942	0.239591	0.012078	0.496390	0.251942	0.239591	0.012078	0.318454	0.292758	0.170475	0.218312	0.099104	0.329109	0.097445	0.474341	0.318454	0.292758	0.170475	0.218312	0.347759	0.039308	0.390789	0.222144	1,1,2,3,4,2	71.354689	0.001309	0.235638	0.257045	0.014552	0.145710	0.345746	0.001309	0.235638	0.257045	0.014552	0.145710	0.345746	0.315520	0.002426	0.140488	0.047464	0.210417	0.283686	0.101833	0.160276	0.266851	0.087946	0.262613	0.120481	0.220980	0.173672	0.178631	0.109920	0.051317	0.265480	0.315520	0.002426	0.140488	0.047464	0.210417	0.283686	1,2,1,3,4,5	71.354689	1.122846	0.388375	1.122846	0.637351	0.573806	1.660613	
861000	-112797	1,2,3,4,5,6	71.354689	5.526223	5.607075	5.351634	4.962009	5.369119	5.894074	1,1,2,3,2,4	71.354689	0.504579	0.137400	0.324949	0.033072	0.504579	0.137400	0.324949	0.033072	0.331145	0.270696	0.083711	0.314448	0.128853	0.240511	0.059874	0.570762	0.331145	0.270696	0.083711	0.314448	0.388132	0.043876	0.468460	0.099532	1,1,2,3,1,2	71.354689	0.037513	0.445568	0.211863	0.093045	0.122034	0.089977	0.037513	0.445568	0.211863	0.093045	0.122034	0.089977	0.251785	0.054054	0.060432	0.067974	0.274566	0.291189	0.304962	0.031063	0.172329	0.160281	0.316269	0.015096	0.037513	0.445568	0.211863	0.093045	0.122034	0.089977	0.251785	0.054054	0.060432	0.067974	0.274566	0.291189	1,2,3,4,2,5	71.354689	1.030688	0.468101	1.086873	0.641511	0.468101	1.667994	
862000	-113770	1,2,3,2,4,5	71.354689	5.980954	4.279761	5.483035	4.279761	5.900457	5.590606	1,2,3,4,2,1	71.354689	0.365763	0.079105	0.423919	0.131213	0.476067	0.109774	0.182575	0.231584	0.259399	0.577193	0.016030	0.147379	0.266953	0.495688	0.040999	0.196361	0.476067	0.109774	0.182575	0.231584	0.365763	0.079105	0.423919	0.131213	1,1,2,3,4,2	71.354689	0.043745	0.641314	0.065533	0.120464	0.076618	0.052327	0.043745	0.641314	0.065533	0.120464	0.076618	0.052327	0.240502	0.021733	0.066141	0.272704	0.088517	0.310404	0.136071	0.190189	0.031553	0.179306	0.168514	0.294367	0.070518	0.100050	0.105362	0.294452	0.226720	0.202898	0.240502	0.021733	0.066141	0.272704	0.088517	0.310404	1,2,1,3,3,4	71.354689	1.030067	0.430625	1.030067	0.453655	0.453655	1.864464	
863000	-113322	1,2,3,4,5,6	71.354689	5.971794	6.252128	5.148932	4.470067	5.326442	5.757684	1,2,3,4,4,5	71.354689	0.509388	0.109641	0.300153	0.080818	0.436203	0.419094	0.130174	0.014528	0.257061	0.382265	0.224270	0.136404	0.433724	0.131554	0.076437	0.358285	0.433724	0.131554	0.076437	0.358285	0.122865	0.086527	0.479094	0.311513	1,1,2,3,4,5	71.354689	0.009258	0.538445	0.059004	0.062553	0.173042	0.157698	0.009258	0.538445	0.059004	0.062553	0.173042	0.157698	0.289393	0.243835	0.157016	0.088042	0.116613	0.105101	0.020506	0.219182	0.046465	0.135935	0.497613	0.080299	0.095340	0.385562	0.082923	0.187237	0.191801	0.057136	0.435675	0.015812	0.022977	0.057356	0.273025	0.195154	1,2,3,4,2,5	71.354689	1.268109	0.428283	0.903252	0.605782	0.428283	1.279786	
864000	-113111	1,2,3,2,4,5	71.354689	6.030012	4.713537	5.064633	4.713537	6.233296	5.582445	1,2,2,3,2,4	71.354689	0.389268	0.176106	0.412713	0.021912	0.396042	0.305479	0.169971	0.128508	0.396042	0.305479	0.169971	0.128508	0.216366	0.244249	0.081330	0.458055	0.396042	0.305479	0.169971	0.128508	0.297325	0.144960	0.448211	0.109503	1,2,3,3,1,4	71.354689	0.018063	0.403035	0.180712	0.083213	0.060592	0.254385	0.098892	0.697898	0.118673	0.024336	0.004083	0.056118	0.368649	0.029586	0.018886	0.059260	0.469181	0.054439	0.368649	0.029586	0.018886	0.059260	0.469181	0.054439	0.018063	0.403035	0.180712	0.083213	0.060592	0.254385	0.169937	0.023664	0.198062	0.254420	0.007519	0.346398	1,2,3,4,2,5	71.354689	1.063694	0.476328	0.991972	0.567792	0.476328	1.446710	
865000	-113847	1,2,3,3,4,5	71.354689	5.418667	5.272941	4.475841	4.475841	6.386068	5.859288	1,1,2,3,4,4	71.354689	0.464138	0.225456	0.290117	0.020289	0.464138	0.225456	0.290117	0.020289	0.208732	0.600640	0.148889	0.041740	0.119090	0.178019	0.207948	0.494944	0.324093	0.104267	0.224944	0.346696	0.324093	0.104267	0.224944	0.346696	1,1,2,3,4,5	71.354689	0.019606	0.383850	0.338498	0.056601	0.082421	0.119025	0.019606	0.383850	0.338498	0.056601	0.082421	0.119025	0.186296	0.011154	0.437687	0.062050	0.114037	0.188776	0.118780	0.378606	0.119109	0.012249	0.301136	0.070121	0.089463	0.398444	0.069541	0.198654	0.173690	0.070208	0.404312	0.079287	0.013391	0.111538	0.236659	0.154814	1,2,3,4,2,5	71.354689	1.050327	0.465091	0.929744	0.556280	0.465091	1.465342	
866000	-114249	1,2,3,4,5,6	71.354689	5.363051	5.743800	5.417507	5.239273	5.988935	6.707875	1,1,2,3,4,5	71.354689	0.457919	0.305007	0.203926	0.033148	0.457919	0.305007	0.203926	0.033148	0.178742	0.473727	0.114286	0.233246	0.092740	0.502236	0.010350	0.394674	0.277785	0.250990	0.080487	0.390739	0.121515	0.116297	0.435471	0.326717	1,1,2,3,4,2	71.354689	0.009969	0.508466	0.241271	0.013568	0.190072	0.036653	0.009969	0.508466	0.241271	0.013568	0.190072	0.036653	0.503388	0.004845	0.017751	0.219308	0.098113	0.156594	0.012813	0.053020	0.164474	0.243240	0.352788	0.173665	0.013682	0.187526	0.152370	0.258898	0.182531	0.204993	0.503388	0.004845	0.017751	0.219308	0.098113	0.156594	1,2,1,3,4,5	71.354689	1.135469	0.412766	1.135469	0.790284	0.574538	1.763310	
867000	-113257	1,2,3,3,4,5	71.354689	5.327801	6.513593	5.081288	5.081288	6.616520	5.068929	1,1,2,3,4,5	71.354689	0.586721	0.169775	0.217794	0.025709	0.586721	0.169775	0.217794	0.025709	0.557424	0.328463	0.010762	0.103352	0.173324	0.142952	0.042959	0.640765	0.543755	0.173398	0.105930	0.176917	0.181714	0.059432	0.198558	0.560297	1,1,2,3,4,2	71.354689	0.009977	0.333623	0.317273	0.034951	0.130967	0.173209	0.009977	0.333623	0.317273	0.034951	0.130967	0.173209	0.209045	0.028130	0.043496	0.181357	0.415145	0.122827	0.198663	0.151821	0.072811	0.107488	0.377644	0.091574	0.107526	0.419752	0.135620	0.281262	0.017765	0.038074	0.209045	0.028130	0.043496	0.181357	0.415145	0.122827	1,2,3,4,5,6	71.354689	1.178687	0.517102	1.114467	0.650590	0.472022	1.659149	
868000	-111393	1,2,3,4,5,6	71.354689	5.613765	5.758996	5.711933	5.203120	5.626404	6.378135	1,1,2,3,4,5	71.354689	0.537135	0.155963	0.272931	0.033971	0.537135	0.155963	0.272931	0.033971	0.361438	0.394522	0.045217	0.198824	0.140995	0.084080	0.240866	0.534059	0.312747	0.262977	0.138194	0.286082	0.205148	0.124351	0.447864	0.222638	1,1,2,3,4,2	71.354689	0.012918	0.445150	0.114575	0.053912	0.291275	0.082170	0.012918	0.445150	0.114575	0.053912	0.291275	0.082170	0.403273	0.005274	0.070973	0.065549	0.275291	0.179641	0.190234	0.259062	0.099866	0.024951	0.393098	0.032789	0.120333	0.253327	0.146913	0.062583	0.083258	0.333586	0.403273	0.005274	0.070973	0.065549	0.275291	0.179641	1,2,3,4,2,5	71.354689	1.192289	0.512454	1.008702	0.566605	0.512454	1.438690	
869000	-114249	1,2,3,4,5,4	71.354689	5.894712	6.407437	5.917251	5.355421	6.237299	5.355421	1,1,2,3,4,5	71.354689	0.570489	0.082650	0.291161	0.055701	0.570489	0.082650	0.291161	0.055701	0.375036	0.465343	0.026770	0.132852	0.148891	0.398497	0.125639	0.326973	0.358750	0.209959	0.140418	0.290873	0.280645	0.020449	0.630169	0.068736	1,1,2,1,3,2	71.354689	0.013792	0.433589	0.088056	0.032089	0.284980	0.147493	0.013792	0.433589	0.088056	0.032089	0.284980	0.147493	0.342037	0.022382	0.095156	0.088151	0.238672	0.213602	0.013792	0.433589	0.088056	0.032089	0.284980	0.147493	0.421585	0.161064	0.111687	0.018990	0.012527	0.274146	0.342037	0.022382	0.095156	0.088151	0.238672	0.213602	1,2,3,4,4,5	71.354689	1.149473	0.412780	0.979869	0.532080	0.532080	1.682542	
870000	-113622	1,2,3,4,5,3	71.354689	5.922809	6.080855	5.342434	4.815615	6.118837	5.342434	1,1,2,2,3,4	71.354689	0.611773	0.103458	0.264018	0.020752	0.611773	0.103458	0.264018	0.020752	0.180297	0.491629	0.122156	0.205917	0.180297	0.491629	0.122156	0.205917	0.344689	0.268893	0.132357	0.254061	0.134230	0.043064	0.624647	0.198059	1,1,2,1,3,2	71.354689	0.007517	0.140319	0.261137	0.018085	0.340516	0.232426	0.007517	0.140319	0.261137	0.018085	0.340516	0.232426	0.352448	0.013986	0.059483	0.163634	0.211309	0.199139	0.007517	0.140319	0.261137	0.018085	0.340516	0.232426	0.161069	0.350448	0.076228	0.028136	0.155004	0.229116	0.352448	0.013986	0.059483	0.163634	0.211309	0.199139	1,2,1,3,3,4	71.354689	1.032399	0.341877	1.032399	0.583346	0.583346	1.226241	
871000	-113495	1,2,3,2,4,5	71.354689	4.411240	4.811236	5.525219	4.811236	7.106265	6.137025	1,2,3,4,5,4	71.354689	0.289695	0.389581	0.251239	0.069485	0.501893	0.227573	0.137987	0.132547	0.463375	0.310508	0.081921	0.144197	0.184944	0.125880	0.233140	0.456036	0.454749	0.149803	0.084312	0.311136	0.184944	0.125880	0.233140	0.456036	1,1,2,3,1,4	71.354689	0.015002	0.739389	0.072292	0.032622	0.056264	0.084431	0.015002	0.739389	0.072292	0.032622	0.056264	0.084431	0.332672	0.041204	0.089388	0.027123	0.403592	0.106022	0.105342	0.343896	0.132168	0.013102	0.391664	0.013828	0.015002	0.739389	0.072292	0.032622	0.056264	0.084431	0.313362	0.011094	0.070070	0.193010	0.251616	0.160849	1,2,3,4,5,6	71.354689	1.242755	0.360596	1.117108	0.840781	0.626893	2.088612	
872000	-114023	1,2,3,3,4,5	71.354689	5.655892	5.802685	5.069000	5.069000	6.841677	6.082447	1,1,2,3,4,5	71.354689	0.542345	0.086296	0.303149	0.068211	0.542345	0.086296	0.303149	0.068211	0.325941	0.230463	0.288328	0.155268	0.028255	0.283845	0.177012	0.510888	0.509347	0.197083	0.127340	0.166229	0.282925	0.180222	0.242525	0.294327	1,1,2,3,1,2	71.354689	0.052969	0.410459	0.036115	0.140507	0.237079	0.122871	0.052969	0.410459	0.036115	0.140507	0.237079	0.122871	0.316780	0.021611	0.170628	0.059898	0.179940	0.251143	0.110197	0.035599	0.176345	0.031369	0.437049	0.209440	0.052969	0.410459	0.036115	0.140507	0.237079	0.122871	0.316780	0.021611	0.170628	0.059898	0.179940	0.251143	1,2,1,3,4,5	71.354689	1.008752	0.301710	1.008752	0.746802	0.549775	2.007211	
873000	-112399	1,2,3,1,4,5	71.354689	4.868431	5.918297	5.170070	4.868431	6.163979	7.145894	1,2,3,4,3,5	71.354689	0.363847	0.128706	0.486975	0.020472	0.664486	0.128705	0.111400	0.095409	0.261961	0.319741	0.100688	0.317611	0.253960	0.178729	0.034036	0.533275	0.261961	0.319741	0.100688	0.317611	0.122161	0.079646	0.548564	0.249629	1,1,2,3,1,4	71.354689	0.013549	0.581651	0.128930	0.092133	0.047644	0.136092	0.013549	0.581651	0.128930	0.092133	0.047644	0.136092	0.362512	0.130714	0.152704	0.057046	0.164749	0.132275	0.088557	0.093373	0.018704	0.065944	0.232326	0.501097	0.013549	0.581651	0.128930	0.092133	0.047644	0.136092	0.366686	0.004398	0.053264	0.101643	0.232160	0.241849	1,2,3,4,5,6	71.354689	1.023449	0.447294	1.117277	0.456795	0.442686	1.179203	
874000	-112519	1,2,3,2,4,5	71.354689	6.148441	5.099914	5.461861	5.099914	5.898505	5.683931	1,2,3,4,2,1	71.354689	0.380320	0.084683	0.339649	0.195347	0.510496	0.067721	0.190898	0.230886	0.329819	0.303183	0.165515	0.201483	0.117713	0.322297	0.055501	0.504489	0.510496	0.067721	0.190898	0.230886	0.380320	0.084683	0.339649	0.195347	1,1,2,3,4,5	71.354689	0.037539	0.731687	0.026424	0.047628	0.047686	0.109036	0.037539	0.731687	0.026424	0.047628	0.047686	0.109036	0.322641	0.044812	0.014136	0.098306	0.260886	0.259219	0.053806	0.113044	0.076546	0.355969	0.291212	0.109423	0.073289	0.229886	0.074146	0.230240	0.310540	0.081899	0.116558	0.035193	0.114082	0.054035	0.198631	0.481501	1,2,3,4,4,5	71.354689	0.976092	0.409959	1.137401	0.539015	0.539015	1.466001	
875000	-112522	1,2,3,3,4,5	71.354689	5.192968	5.921675	5.163379	5.163379	5.838162	6.127084	1,1,2,3,4,5	71.354689	0.593425	0.105026	0.233927	0.067622	0.593425	0.105026	0.233927	0.067622	0.235098	0.359828	0.026374	0.378700	0.233689	0.095713	0.050164	0.620434	0.420998	0.129533	0.175559	0.273909	0.315833	0.071459	0.274579	0.338128	1,1,2,3,4,5	71.354689	0.017322	0.451486	0.133373	0.097324	0.175268	0.125228	0.017322	0.451486	0.133373	0.097324	0.175268	0.125228	0.475698	0.039343	0.192079	0.092727	0.152910	0.047243	0.118500	0.230815	0.060201	0.114419	0.429419	0.046646	0.225799	0.139227	0.096154	0.047806	0.160766	0.330248	0.308891	0.015487	0.020594	0.220584	0.044836	0.389607	1,2,1,3,4,5	71.354689	1.040626	0.332102	1.040626	0.638664	0.515550	1.455380	
876000	-115927	1,2,3,3,3,4	71.354689	6.187414	5.719687	5.016691	5.016691	5.016691	5.333053	1,1,2,2,2,3	71.354689	0.534863	0.125997	0.322371	0.016769	0.534863	0.125997	0.322371	0.016769	0.194634	0.271727	0.074959	0.458680	0.194634	0.271727	0.074959	0.458680	0.194634	0.271727	0.074959	0.458680	0.254014	0.141199	0.073024	0.531763	1,1,2,3,4,5	71.354689	0.018623	0.297393	0.211031	0.078384	0.220040	0.174529	0.018623	0.297393	0.211031	0.078384	0.220040	0.174529	0.354430	0.049561	0.051214	0.194138	0.221518	0.129138	0.109168	0.078687	0.221832	0.051438	0.307628	0.231246	0.171253	0.357789	0.069056	0.298877	0.032411	0.070614	0.447061	0.020269	0.017818	0.240661	0.166741	0.107450	1,2,3,4,5,6	71.354689	1.096734	0.433416	0.951435	0.584894	0.450040	1.918628	
877000	-112453	1,2,3,4,5,6	71.354689	5.671765	6.271687	5.044186	4.644416	5.258178	6.133430	1,1,2,3,2,4	71.354689	0.560108	0.138944	0.262925	0.038023	0.560108	0.138944	0.262925	0.038023	0.326345	0.314217	0.210121	0.149318	0.028780	0.241897	0.032704	0.696619	0.326345	0.314217	0.210121	0.149318	0.524300	0.100364	0.216605	0.158732	1,1,2,3,4,2	71.354689	0.004965	0.415124	0.197608	0.069263	0.192129	0.120912	0.004965	0.415124	0.197608	0.069263	0.192129	0.120912	0.325717	0.022573	0.031158	0.042654	0.188085	0.389813	0.227788	0.322361	0.088383	0.045181	0.266825	0.049461	0.062041	0.232794	0.054595	0.049427	0.094254	0.506889	0.325717	0.022573	0.031158	0.042654	0.188085	0.389813	1,2,3,4,5,6	71.354689	1.100165	0.391929	0.945677	0.522864	0.520269	1.597297	
878000	-112505	1,2,3,3,4,3	71.354689	6.222058	5.920930	4.991741	4.991741	5.810986	4.991741	1,2,3,4,3,5	71.354689	0.435493	0.123264	0.397909	0.043334	0.517928	0.130604	0.229872	0.121596	0.308971	0.290901	0.125573	0.274555	0.156356	0.227358	0.141942	0.474344	0.308971	0.290901	0.125573	0.274555	0.420539	0.044868	0.233814	0.300778	1,1,2,3,1,2	71.354689	0.005242	0.536586	0.082693	0.075077	0.054020	0.246382	0.005242	0.536586	0.082693	0.075077	0.054020	0.246382	0.325444	0.036073	0.082197	0.155268	0.155142	0.245875	0.234390	0.038693	0.021747	0.242809	0.407775	0.054586	0.005242	0.536586	0.082693	0.075077	0.054020	0.246382	0.325444	0.036073	0.082197	0.155268	0.155142	0.245875	1,2,3,4,5,6	71.354689	1.002678	0.472649	0.948443	0.688774	0.429846	1.757624	
879000	-111759	1,2,3,4,5,6	71.354689	5.599809	5.362355	5.262629	5.042540	5.507831	5.368981	1,2,3,4,3,1	71.354689	0.420578	0.143718	0.315929	0.119775	0.546400	0.287036	0.148014	0.018550	0.349716	0.279292	0.102655	0.268337	0.079902	0.198313	0.149575	0.572211	0.349716	0.279292	0.102655	0.268337	0.420578	0.143718	0.315929	0.119775	1,1,2,3,1,4	71.354689	0.014567	0.532726	0.069864	0.201220	0.055751	0.125871	0.014567	0.532726	0.069864	0.201220	0.055751	0.125871	0.420157	0.010078	0.021252	0.163905	0.312549	0.072059	0.318580	0.185644	0.101106	0.132625	0.250732	0.011312	0.014567	0.532726	0.069864	0.201220	0.055751	0.125871	0.261520	0.018285	0.100805	0.012874	0.166083	0.440434	1,2,1,3,2,1	71.354689	1.157490	0.369449	1.157490	0.608900	0.369449	1.157490	
880000	-112185	1,2,3,3,4,5	71.354689	5.643720	5.700458	5.000991	5.000991	5.957292	6.212008	1,1,2,3,4,5	71.354689	0.453285	0.226378	0.281869	0.038469	0.453285	0.226378	0.281869	0.038469	0.359453	0.189433	0.167623	0.283490	0.176308	0.149788	0.031235	0.642669	0.442725	0.103347	0.118727	0.335201	0.081435	0.150157	0.504347	0.264061	1,1,2,3,4,2	71.354689	0.006365	0.454753	0.249032	0.029549	0.157653	0.102649	0.006365	0.454753	0.249032	0.029549	0.157653	0.102649	0.411052	0.000153	0.089388	0.102826	0.112520	0.284062	0.036825	0.296100	0.055726	0.351535	0.212814	0.046998	0.116634	0.450170	0.103553	0.076703	0.105272	0.147668	0.411052	0.000153	0.089388	0.102826	0.112520	0.284062	1,2,3,4,5,3	71.354689	1.023674	0.471833	1.065272	0.528234	0.484858	1.065272	
881000	-114027	1,2,3,4,2,2	71.354689	5.785236	4.783031	5.321767	5.037899	4.783031	4.783031	1,1,2,3,1,4	71.354689	0.489078	0.100586	0.248128	0.162207	0.489078	0.100586	0.248128	0.162207	0.405026	0.373887	0.015725	0.205362	0.052679	0.363338	0.072783	0.511201	0.489078	0.100586	0.248128	0.162207	0.337419	0.135406	0.192519	0.334656	1,1,2,3,3,2	71.354689	0.123153	0.570797	0.165606	0.041663	0.080199	0.018583	0.123153	0.570797	0.165606	0.041663	0.080199	0.018583	0.106714	0.047376	0.009314	0.475471	0.107047	0.254078	0.230758	0.143683	0.149670	0.172645	0.187410	0.115833	0.230758	0.143683	0.149670	0.172645	0.187410	0.115833	0.106714	0.047376	0.009314	0.475471	0.107047	0.254078	1,2,3,4,5,6	71.354689	1.116245	0.426843	0.766595	0.581847	0.504764	1.197153	
882000	-112420	1,2,3,4,3,5	71.354689	5.058107	5.989480	4.937208	6.479899	4.937208	5.464841	1,1,2,3,4,5	71.354689	0.503636	0.244512	0.233993	0.017859	0.503636	0.244512	0.233993	0.017859	0.218972	0.461399	0.049149	0.270479	0.206052	0.255530	0.053406	0.485011	0.483954	0.055444	0.313873	0.146729	0.159769	0.139089	0.604931	0.096211	1,1,2,3,4,2	71.354689	0.005713	0.176900	0.152675	0.017682	0.033384	0.613646	0.005713	0.176900	0.152675	0.017682	0.033384	0.613646	0.435423	0.023725	0.072481	0.046294	0.235402	0.186675	0.134381	0.146030	0.053531	0.036566	0.415153	0.214339	0.214749	0.108370	0.095068	0.216368	0.160837	0.204608	0.435423	0.023725	0.072481	0.046294	0.235402	0.186675	1,2,3,2,4,5	71.354689	1.097426	0.473409	1.047653	0.473409	0.492552	1.519924	
883000	-113758	1,2,3,2,4,5	71.354689	5.955659	5.269435	4.615828	5.269435	6.620632	6.093439	1,2,3,4,3,5	71.354689	0.316249	0.132428	0.455661	0.095662	0.474633	0.226483	0.209527	0.089356	0.398404	0.204907	0.222744	0.173945	0.020815	0.225192	0.130703	0.623290	0.398404	0.204907	0.222744	0.173945	0.315905	0.144322	0.274998	0.264775	1,1,2,3,4,4	71.354689	0.004736	0.468890	0.178381	0.048692	0.091208	0.208092	0.004736	0.468890	0.178381	0.048692	0.091208	0.208092	0.426038	0.046682	0.090503	0.208659	0.171001	0.057116	0.120362	0.058494	0.214811	0.125316	0.455394	0.025624	0.133403	0.080935	0.165921	0.019112	0.243932	0.356697	0.133403	0.080935	0.165921	0.019112	0.243932	0.356697	1,2,3,2,2,4	71.354689	0.984327	0.472408	1.066377	0.472408	0.472408	1.091912	
884000	-113950	1,2,3,1,2,4	71.354689	5.207212	5.760767	5.766077	5.207212	5.760767	5.829844	1,1,2,3,4,5	71.354689	0.602360	0.050484	0.316841	0.030316	0.602360	0.050484	0.316841	0.030316	0.193207	0.554043	0.135308	0.117441	0.207039	0.263712	0.051514	0.477735	0.332830	0.308097	0.057012	0.302062	0.420140	0.039006	0.424940	0.115914	1,1,2,3,4,2	71.354689	0.004519	0.266693	0.148454	0.022751	0.147404	0.410179	0.004519	0.266693	0.148454	0.022751	0.147404	0.410179	0.303885	0.000400	0.069502	0.143236	0.203345	0.279633	0.362907	0.166575	0.183106	0.013121	0.258822	0.015469	0.075703	0.219466	0.050343	0.173911	0.249729	0.230848	0.303885	0.000400	0.069502	0.143236	0.203345	0.279633	1,2,3,4,4,5	71.354689	1.059553	0.463372	1.119059	0.470021	0.470021	1.749327	
885000	-112578	1,2,3,2,2,4	71.354689	6.136675	5.139043	6.337345	5.139043	5.139043	5.555416	1,2,3,4,5,5	71.354689	0.539546	0.083227	0.302595	0.074632	0.383278	0.316757	0.246428	0.053537	0.314485	0.507313	0.011668	0.166535	0.002141	0.137620	0.044588	0.815651	0.297191	0.052877	0.324029	0.325903	0.297191	0.052877	0.324029	0.325903	1,1,2,3,4,2	71.354689	0.006590	0.429082	0.213260	0.044047	0.141405	0.165617	0.006590	0.429082	0.213260	0.044047	0.141405	0.165617	0.358366	0.035929	0.050703	0.033296	0.293797	0.227908	0.130874	0.167125	0.372500	0.079756	0.147404	0.102341	0.457320	0.126484	0.099781	0.023817	0.176398	0.116199	0.358366	0.035929	0.050703	0.033296	0.293797	0.227908	1,2,1,2,2,3	71.354689	1.113035	0.516967	1.113035	0.516967	0.516967	2.052668	
886000	-115171	1,2,3,3,4,1	71.354689	5.572928	6.344746	4.866795	4.866795	5.237914	5.572928	1,1,2,3,4,5	71.354689	0.642319	0.104464	0.213292	0.039925	0.642319	0.104464	0.213292	0.039925	0.612820	0.211542	0.048731	0.126907	0.146050	0.494646	0.213557	0.145747	0.570651	0.101384	0.118073	0.209892	0.351962	0.048811	0.359839	0.239387	1,1,2,1,3,4	71.354689	0.031818	0.496283	0.198546	0.040960	0.188622	0.043770	0.031818	0.496283	0.198546	0.040960	0.188622	0.043770	0.212229	0.049849	0.107101	0.147856	0.142295	0.340670	0.031818	0.496283	0.198546	0.040960	0.188622	0.043770	0.235426	0.189210	0.079922	0.253720	0.028172	0.213549	0.235566	0.049708	0.085449	0.099395	0.104950	0.424933	1,2,1,3,2,4	71.354689	1.154384	0.469668	1.154384	0.838862	0.469668	1.492554	
887000	-113689	1,2,3,4,4,3	71.354689	5.386298	6.349096	5.521927	5.031050	5.031050	5.521927	1,1,2,3,4,5	71.354689	0.531244	0.220682	0.235286	0.012788	0.531244	0.220682	0.235286	0.012788	0.265948	0.341722	0.092475	0.299855	0.058454	0.222318	0.227482	0.491746	0.385464	0.105410	0.076438	0.432688	0.367769	0.123148	0.262891	0.246192	1,1,2,2,3,4	71.354689	0.002261	0.377167	0.292965	0.017792	0.065359	0.244455	0.002261	0.377167	0.292965	0.017792	0.065359	0.244455	0.530168	0.103550	0.082891	0.055344	0.212486	0.015561	0.530168	0.103550	0.082891	0.055344	0.212486	0.015561	0.017082	0.439059	0.192836	0.177440	0.023631	0.149952	0.013149	0.026236	0.015724	0.187511	0.190846	0.566534	1,2,3,4,4,5	71.354689	1.248971	0.386996	1.111165	0.476682	0.476682	1.590018	
888000	-112500	1,2,3,4,4,5	71.354689	5.911345	5.166380	5.470920	4.109770	4.109770	6.608153	1,2,3,4,5,6	71.354689	0.461918	0.184578	0.294797	0.058706	0.674507	0.170007	0.128565	0.026921	0.239091	0.494083	0.071125	0.195701	0.046244	0.112835	0.002950	0.837971	0.695988	0.091180	0.077367	0.135465	0.211041	0.132539	0.496336	0.160084	1,1,2,2,3,4	71.354689	0.024601	0.484858	0.201380	0.016340	0.166197	0.106624	0.024601	0.484858	0.201380	0.016340	0.166197	0.106624	0.293435	0.138943	0.196076	0.057642	0.199891	0.114013	0.293435	0.138943	0.196076	0.057642	0.199891	0.114013	0.185313	0.126622	0.062896	0.332250	0.153746	0.139173	0.244868	0.067814	0.176067	0.067607	0.253924	0.189720	1,2,1,3,4,5	71.354689	0.966608	0.433228	0.966608	0.558013	0.427942	1.117676	
889000	-113730	1,2,2,2,2,3	71.354689	5.684963	4.262427	4.262427	4.262427	4.262427	6.830310	1,2,3,3,4,4	71.354689	0.512385	0.182273	0.238864	0.066477	0.452937	0.408937	0.129793	0.008333	0.300876	0.144645	0.121912	0.432567	0.300876	0.144645	0.121912	0.432567	0.322039	0.108055	0.355807	0.214098	0.322039	0.108055	0.355807	0.214098	1,1,2,3,4,5	71.354689	0.000003	0.459506	0.182516	0.049930	0.072234	0.235810	0.000003	0.459506	0.182516	0.049930	0.072234	0.235810	0.510939	0.064511	0.095645	0.161456	0.141480	0.025970	0.427383	0.018887	0.009758	0.144871	0.369227	0.029875	0.297777	0.094475	0.183245	0.205698	0.100760	0.118045	0.125036	0.012939	0.036331	0.128431	0.057506	0.639757	1,2,3,2,2,4	71.354689	1.180472	0.481713	0.949011	0.481713	0.481713	1.947123	
890000	-112778	1,2,2,2,3,4	71.354689	5.280238	5.013991	5.013991	5.013991	5.120493	5.717292	1,2,3,4,3,5	71.354689	0.398249	0.203086	0.219710	0.178955	0.398188	0.360178	0.170422	0.071212	0.484786	0.219476	0.075752	0.219985	0.019409	0.435942	0.144954	0.399695	0.484786	0.219476	0.075752	0.219985	0.305401	0.044290	0.372041	0.278268	1,1,2,3,4,2	71.354689	0.042610	0.665040	0.009509	0.027005	0.153640	0.102195	0.042610	0.665040	0.009509	0.027005	0.153640	0.102195	0.393469	0.014262	0.038116	0.134080	0.209974	0.210098	0.232046	0.112947	0.341802	0.006668	0.280983	0.025553	0.046443	0.177953	0.160573	0.387844	0.105487	0.121699	0.393469	0.014262	0.038116	0.134080	0.209974	0.210098	1,2,1,2,3,4	71.354689	1.159208	0.568695	1.159208	0.568695	0.411482	2.355502	
891000	-112604	1,2,2,3,4,5	71.354689	5.749995	5.126106	5.126106	4.999037	5.261899	6.259497	1,1,2,3,4,5	71.354689	0.452079	0.245294	0.285899	0.016728	0.452079	0.245294	0.285899	0.016728	0.198262	0.467983	0.046186	0.287569	0.076440	0.337555	0.222142	0.363863	0.516147	0.241929	0.080258	0.161666	0.242713	0.100383	0.430749	0.226155	1,1,2,3,4,2	71.354689	0.016880	0.509379	0.043215	0.056574	0.039870	0.334083	0.016880	0.509379	0.043215	0.056574	0.039870	0.334083	0.271151	0.006287	0.077948	0.317783	0.130496	0.196335	0.279043	0.137027	0.264590	0.056129	0.187314	0.075897	0.026775	0.297127	0.027041	0.121702	0.019486	0.507870	0.271151	0.006287	0.077948	0.317783	0.130496	0.196335	1,2,1,3,2,4	71.354689	0.992173	0.427263	0.992173	0.598962	0.427263	1.562350	
892000	-116033	1,1,2,3,4,4	71.354689	4.951702	4.951702	6.023827	5.070616	6.498227	6.498227	1,2,3,4,5,6	71.354689	0.245298	0.370293	0.306672	0.077738	0.346312	0.351320	0.155757	0.146612	0.279748	0.467674	0.098096	0.154482	0.030162	0.172127	0.108611	0.689101	0.466562	0.190014	0.150682	0.192742	0.270302	0.162934	0.433638	0.133126	1,1,2,3,2,4	71.354689	0.007429	0.500968	0.152321	0.080581	0.024324	0.234377	0.007429	0.500968	0.152321	0.080581	0.024324	0.234377	0.250160	0.136820	0.069692	0.314288	0.083738	0.145302	0.151095	0.139534	0.026876	0.117099	0.285678	0.279718	0.250160	0.136820	0.069692	0.314288	0.083738	0.145302	0.417492	0.120461	0.006335	0.100546	0.219180	0.135985	1,2,1,3,3,4	71.354689	1.085326	0.486669	1.085326	0.512937	0.512937	1.270270	
893000	-111813	1,2,3,4,5,6	71.354689	5.971383	5.437274	5.553050	5.253873	6.017413	6.083158	1,2,3,4,3,1	71.354689	0.442788	0.110791	0.311207	0.135214	0.719680	0.109167	0.128584	0.042569	0.404820	0.335915	0.087066	0.172199	0.063511	0.382913	0.108146	0.445429	0.404820	0.335915	0.087066	0.172199	0.442788	0.110791	0.311207	0.135214	1,2,3,4,2,3	71.354689	0.074573	0.566925	0.110383	0.050226	0.190471	0.007421	0.042005	0.488120	0.042549	0.068000	0.053560	0.305766	0.308155	0.009784	0.047178	0.053323	0.327261	0.254298	0.287033	0.100259	0.312018	0.046309	0.221754	0.032626	0.042005	0.488120	0.042549	0.068000	0.053560	0.305766	0.308155	0.009784	0.047178	0.053323	0.327261	0.254298	1,2,1,3,4,5	71.354689	1.005861	0.436206	1.005861	0.677771	0.471308	1.742470	
894000	-111798	1,2,3,4,5,6	71.354689	5.698009	6.269892	6.227274	4.770345	5.282544	6.088221	1,1,2,3,4,5	71.354689	0.570418	0.144251	0.264707	0.020624	0.570418	0.144251	0.264707	0.020624	0.282650	0.555087	0.024016	0.138247	0.212041	0.210111	0.054072	0.523775	0.415304	0.063105	0.140410	0.381180	0.251894	0.148333	0.358462	0.241311	1,1,2,3,4,2	71.354689	0.007614	0.251296	0.274860	0.039372	0.202548	0.224310	0.007614	0.251296	0.274860	0.039372	0.202548	0.224310	0.279106	0.046862	0.048396	0.127525	0.209466	0.288645	0.137220	0.197023	0.124809	0.199216	0.257239	0.084493	0.105927	0.485994	0.014297	0.077945	0.044094	0.271743	0.279106	0.046862	0.048396	0.127525	0.209466	0.288645	1,2,1,3,4,5	71.354689	1.165760	0.374070	1.165760	0.595529	0.468081	1.972830	
895000	-112701	1,2,3,3,4,5	71.354689	5.767202	5.183188	4.947450	4.947450	5.066035	6.098664	1,1,2,2,2,3	71.354689	0.471674	0.129206	0.301544	0.097576	0.471674	0.129206	0.301544	0.097576	0.363892	0.257157	0.065357	0.313593	0.363892	0.257157	0.065357	0.313593	0.363892	0.257157	0.065357	0.313593	0.195303	0.055317	0.453131	0.296250	1,1,2,3,1,2	71.354689	0.038176	0.531009	0.079629	0.076845	0.051764	0.222577	0.038176	0.531009	0.079629	0.076845	0.051764	0.222577	0.404896	0.013609	0.065425	0.136867	0.124365	0.254838	0.024082	0.056533	0.219044	0.216802	0.441206	0.042332	0.038176	0.531009	0.079629	0.076845	0.051764	0.222577	0.404896	0.013609	0.065425	0.136867	0.124365	0.254838	1,2,1,3,4,5	71.354689	1.077231	0.406699	1.077231	0.702891	0.465440	1.661187	
896000	-114087	1,2,3,3,3,4	71.354689	6.054668	6.370738	4.582369	4.582369	4.582369	5.235980	1,1,2,3,3,4	71.354689	0.537181	0.135571	0.306315	0.020934	0.537181	0.135571	0.306315	0.020934	0.554883	0.202124	0.146439	0.096554	0.184162	0.163935	0.192267	0.459635	0.184162	0.163935	0.192267	0.459635	0.251338	0.167056	0.220509	0.361097	1,1,2,2,3,4	71.354689	0.004138	0.258338	0.324715	0.030275	0.114653	0.267882	0.004138	0.258338	0.324715	0.030275	0.114653	0.267882	0.165261	0.024010	0.083727	0.114582	0.500701	0.111718	0.165261	0.024010	0.083727	0.114582	0.500701	0.111718	0.209909	0.132491	0.187870	0.052530	0.159323	0.257877	0.157749	0.134612	0.043454	0.136879	0.110311	0.416996	1,2,3,4,5,6	71.354689	1.095308	0.407573	0.867967	0.601361	0.426198	1.679401	
897000	-114080	1,2,3,4,5,4	71.354689	5.193409	6.249053	5.628447	4.340480	5.376699	4.340480	1,1,2,2,3,4	71.354689	0.533589	0.203556	0.248101	0.014754	0.533589	0.203556	0.248101	0.014754	0.212496	0.345645	0.115726	0.326133	0.212496	0.345645	0.115726	0.326133	0.460296	0.307036	0.121263	0.111405	0.227461	0.117117	0.474339	0.181083	1,1,2,3,4,4	71.354689	0.002475	0.260371	0.308543	0.026464	0.158294	0.243854	0.002475	0.260371	0.308543	0.026464	0.158294	0.243854	0.419343	0.227898	0.116276	0.039098	0.176936	0.020449	0.010636	0.367086	0.054018	0.092579	0.436297	0.039384	0.070005	0.162270	0.253088	0.095091	0.109975	0.309572	0.070005	0.162270	0.253088	0.095091	0.109975	0.309572	1,2,1,3,3,4	71.354689	1.076775	0.400735	1.076775	0.511043	0.511043	1.578974	
898000	-112373	1,2,3,4,5,1	71.354689	5.931068	6.301611	5.351723	5.393973	5.275688	5.931068	1,2,3,4,3,5	71.354689	0.425109	0.137069	0.385997	0.051825	0.409417	0.100664	0.290245	0.199673	0.326037	0.318427	0.078121	0.277416	0.128674	0.379873	0.091693	0.399760	0.326037	0.318427	0.078121	0.277416	0.260405	0.191236	0.297267	0.251091	1,2,3,4,2,3	71.354689	0.000030	0.467956	0.294547	0.052422	0.041975	0.143070	0.068662	0.618308	0.052251	0.041775	0.051348	0.167656	0.324280	0.034712	0.112162	0.034363	0.186075	0.308409	0.143061	0.180703	0.241620	0.037211	0.346128	0.051277	0.068662	0.618308	0.052251	0.041775	0.051348	0.167656	0.324280	0.034712	0.112162	0.034363	0.186075	0.308409	1,2,1,3,4,5	71.354689	0.933557	0.500979	0.933557	0.526339	0.403929	1.538153	
899000	-113502	1,2,3,2,4,5	71.354689	5.738878	5.121061	5.668282	5.121061	6.120563	6.336280	1,1,2,2,3,4	71.354689	0.477465	0.168908	0.309491	0.044136	0.477465	0.168908	0.309491	0.044136	0.274829	0.301965	0.169878	0.253329	0.274829	0.301965	0.169878	0.253329	0.382239	0.186646	0.145174	0.285941	0.292085	0.150708	0.289381	0.267825	1,2,3,4,2,3	71.354689	0.017934	0.441886	0.121678	0.109278	0.159455	0.149769	0.039795	0.419599	0.124536	0.058675	0.125137	0.232258	0.250172	0.005144	0.103178	0.049514	0.274880	0.317112	0.356053	0.137815	0.168959	0.023372	0.262054	0.051748	0.039795	0.419599	0.124536	0.058675	0.125137	0.232258	0.250172	0.005144	0.103178	0.049514	0.274880	0.317112	1,2,3,4,2,5	71.354689	1.167777	0.448943	1.134391	0.522051	0.448943	1.482629	
900000	-111925	1,2,3,4,5,6	71.354689	5.423389	5.415350	5.584366	5.507835	6.576562	5.924264	1,1,2,3,4,4	71.354689	0.376056	0.290176	0.285979	0.047789	0.376056	0.290176	0.285979	0.047789	0.312433	0.435511	0.047693	0.204363	0.101672	0.164822	0.066912	0.666595	0.272321	0.100689	0.295649	0.331340	0.272321	0.100689	0.295649	0.331340	1,1,2,3,4,2	71.354689	0.007732	0.538081	0.137543	0.056654	0.108589	0.151401	0.007732	0.538081	0.137543	0.056654	0.108589	0.151401	0.324744	0.000190	0.080688	0.174642	0.165467	0.254269	0.076036	0.685806	0.053447	0.035172	0.086102	0.063438	0.115643	0.255104	0.051695	0.164023	0.148450	0.265084	0.324744	0.000190	0.080688	0.174642	0.165467	0.254269	1,2,1,3,3,4	71.354689	1.282089	0.366653	1.282089	0.536680	0.536680	1.956358	
901000	-114735	1,2,3,4,5,5	71.354689	6.308599	5.888976	5.133296	4.637258	5.086247	5.086247	1,1,2,2,3,4	71.354689	0.573727	0.062314	0.331461	0.032498	0.573727	0.062314	0.331461	0.032498	0.266927	0.312222	0.068609	0.352242	0.266927	0.312222	0.068609	0.352242	0.227396	0.329356	0.248377	0.194871	0.046858	0.221649	0.483313	0.248180	1,1,2,3,1,2	71.354689	0.013196	0.295110	0.305983	0.080917	0.099019	0.205775	0.013196	0.295110	0.305983	0.080917	0.099019	0.205775	0.374522	0.182060	0.085071	0.011711	0.113533	0.233102	0.008679	0.021008	0.171968	0.055933	0.409328	0.333084	0.013196	0.295110	0.305983	0.080917	0.099019	0.205775	0.374522	0.182060	0.085071	0.011711	0.113533	0.233102	1,2,3,2,4,5	71.354689	1.047549	0.460956	0.944469	0.460956	0.433661	1.184799	
902000	-114427	1,2,3,1,4,1	71.354689	4.702791	5.000060	5.474132	4.702791	5.588559	4.702791	1,2,3,4,1,5	71.354689	0.453025	0.098768	0.259984	0.188223	0.371285	0.348859	0.136641	0.143214	0.286281	0.490061	0.121626	0.102031	0.077538	0.447314	0.097390	0.377758	0.453025	0.098768	0.259984	0.188223	0.043979	0.048197	0.714056	0.193767	1,1,2,3,4,2	71.354689	0.008058	0.440863	0.115849	0.084722	0.120222	0.230286	0.008058	0.440863	0.115849	0.084722	0.120222	0.230286	0.328442	0.016285	0.302730	0.074708	0.137731	0.140104	0.112162	0.025154	0.192849	0.260725	0.261765	0.147344	0.042071	0.285403	0.255733	0.285113	0.075661	0.056019	0.328442	0.016285	0.302730	0.074708	0.137731	0.140104	1,2,1,3,4,5	71.354689	1.111173	0.445732	1.111173	0.607226	0.370510	1.062404	
903000	-112442	1,2,3,3,4,5	71.354689	5.700770	6.106658	5.192367	5.192367	5.787739	6.934376	1,1,2,3,4,4	71.354689	0.549602	0.143547	0.254780	0.052070	0.549602	0.143547	0.254780	0.052070	0.283967	0.192257	0.109692	0.414084	0.124911	0.287262	0.073812	0.514015	0.353412	0.060287	0.280838	0.305463	0.353412	0.060287	0.280838	0.305463	1,1,2,3,4,2	71.354689	0.017250	0.549537	0.101191	0.099470	0.215751	0.016801	0.017250	0.549537	0.101191	0.099470	0.215751	0.016801	0.335775	0.030448	0.062769	0.076800	0.211227	0.282982	0.225421	0.162438	0.069211	0.104928	0.433166	0.004836	0.239925	0.251739	0.129258	0.156833	0.086468	0.135776	0.335775	0.030448	0.062769	0.076800	0.211227	0.282982	1,2,3,4,4,5	71.354689	1.007979	0.307127	0.956116	0.531849	0.531849	1.367552	
904000	-112823	1,2,3,4,5,6	71.354689	5.926186	6.788513	5.590509	5.356817	5.705707	6.183065	1,2,3,3,4,5	71.354689	0.523970	0.054733	0.353400	0.067898	0.454476	0.321387	0.200951	0.023186	0.263534	0.429014	0.029960	0.277492	0.263534	0.429014	0.029960	0.277492	0.341322	0.068088	0.258668	0.331922	0.390294	0.039373	0.374753	0.195580	1,1,2,3,4,2	71.354689	0.004468	0.308750	0.268355	0.058931	0.152407	0.207088	0.004468	0.308750	0.268355	0.058931	0.152407	0.207088	0.351309	0.033172	0.052310	0.112479	0.260100	0.190631	0.125225	0.136126	0.206066	0.013801	0.288933	0.229848	0.230640	0.232223	0.151768	0.220710	0.115044	0.049614	0.351309	0.033172	0.052310	0.112479	0.260100	0.190631	1,2,1,3,2,4	71.354689	1.007493	0.492059	1.007493	0.723155	0.492059	1.936184	
905000	-112411	1,2,3,4,5,6	71.354689	5.747451	6.256081	5.619074	5.053325	5.312397	6.382458	1,1,2,3,4,5	71.354689	0.531095	0.202509	0.245547	0.020849	0.531095	0.202509	0.245547	0.020849	0.301890	0.387958	0.014291	0.295860	0.020213	0.504514	0.192352	0.282921	0.557553	0.065740	0.092458	0.284248	0.145368	0.077580	0.507986	0.269066	1,1,2,3,4,2	71.354689	0.015701	0.440262	0.119672	0.023513	0.098901	0.301950	0.015701	0.440262	0.119672	0.023513	0.098901	0.301950	0.401417	0.010913	0.065454	0.197162	0.143993	0.181062	0.095254	0.558299	0.222138	0.053132	0.059468	0.011709	0.084638	0.194208	0.089251	0.162093	0.010034	0.459776	0.401417	0.010913	0.065454	0.197162	0.143993	0.181062	1,2,3,4,4,5	71.354689	1.228206	0.374528	1.062343	0.453809	0.453809	1.281332	
906000	-114834	1,2,3,4,5,6	71.354689	5.456307	6.010952	5.492031	4.773731	5.611373	6.153457	1,2,3,4,1,1	71.354689	0.332023	0.140561	0.349340	0.178076	0.538443	0.206690	0.119984	0.134883	0.285734	0.553112	0.077253	0.083901	0.082346	0.031792	0.019952	0.865910	0.332023	0.140561	0.349340	0.178076	0.332023	0.140561	0.349340	0.178076	1,1,2,3,4,2	71.354689	0.069136	0.680426	0.053317	0.098404	0.011002	0.087716	0.069136	0.680426	0.053317	0.098404	0.011002	0.087716	0.251314	0.003889	0.153493	0.146953	0.221311	0.223040	0.567123	0.158669	0.105536	0.008624	0.130823	0.029225	0.319349	0.277143	0.080812	0.096883	0.152604	0.073208	0.251314	0.003889	0.153493	0.146953	0.221311	0.223040	1,2,3,4,2,5	71.354689	0.943412	0.511533	1.075662	0.745495	0.511533	1.503820	
907000	-113771	1,2,3,4,3,5	71.354689	6.316146	4.781325	5.012785	5.780827	5.012785	5.125938	1,2,3,4,4,1	71.354689	0.305104	0.047719	0.486610	0.160567	0.541901	0.235559	0.075874	0.146666	0.191061	0.678025	0.011090	0.119824	0.315251	0.209420	0.111272	0.364057	0.315251	0.209420	0.111272	0.364057	0.305104	0.047719	0.486610	0.160567	1,1,2,3,4,5	71.354689	0.011514	0.598162	0.109261	0.082943	0.072590	0.125529	0.011514	0.598162	0.109261	0.082943	0.072590	0.125529	0.231074	0.098374	0.042326	0.080639	0.137980	0.409608	0.134760	0.052900	0.096585	0.177406	0.479343	0.059006	0.175356	0.402219	0.062397	0.232713	0.019636	0.107679	0.298312	0.027641	0.116957	0.285988	0.026636	0.244465	1,2,3,4,5,1	71.354689	1.114602	0.294311	0.905787	0.740943	0.339746	1.114602	
908000	-113487	1,2,3,4,5,6	71.354689	5.842941	5.831743	5.572940	5.413576	5.730383	6.498659	1,1,2,3,3,4	71.354689	0.664551	0.099250	0.191708	0.044492	0.664551	0.099250	0.191708	0.044492	0.255192	0.412924	0.105450	0.226433	0.254727	0.224368	0.059987	0.460919	0.254727	0.224368	0.059987	0.460919	0.077048	0.257487	0.427344	0.238120	1,1,2,3,4,2	71.354689	0.032645	0.488357	0.107609	0.114267	0.151682	0.105441	0.032645	0.488357	0.107609	0.114267	0.151682	0.105441	0.184206	0.067318	0.129578	0.067465	0.102740	0.448693	0.150878	0.117582	0.012786	0.374632	0.232429	0.111692	0.086368	0.536061	0.034950	0.019535	0.020989	0.302097	0.184206	0.067318	0.129578	0.067465	0.102740	0.448693	1,2,3,4,5,6	71.354689	1.212965	0.450834	1.131000	0.744275	0.496929	2.152087	
909000	-112396	1,2,3,4,5,6	71.354689	5.753830	6.575277	5.142983	5.495257	5.803855	6.494064	1,2,3,4,5,6	71.354689	0.503412	0.185271	0.298689	0.012628	0.658862	0.102632	0.229674	0.008831	0.098263	0.506016	0.127408	0.268314	0.021184	0.222210	0.150866	0.605740	0.407918	0.335507	0.122012	0.134564	0.162269	0.065969	0.483355	0.288407	1,1,2,3,4,2	71.354689	0.000860	0.261613	0.242444	0.036264	0.185896	0.272923	0.000860	0.261613	0.242444	0.036264	0.185896	0.272923	0.442974	0.022903	0.118418	0.009227	0.150099	0.256378	0.344681	0.188321	0.056541	0.117822	0.239702	0.052934	0.098564	0.476254	0.159995	0.047463	0.004631	0.213094	0.442974	0.022903	0.118418	0.009227	0.150099	0.256378	1,2,3,4,5,6	71.354689	1.227880	0.347643	0.958566	0.622339	0.347040	1.634360	
910000	-111952	1,2,2,2,3,4	71.354689	5.763547	4.572427	4.572427	4.572427	5.644707	5.678371	1,2,3,4,2,1	71.354689	0.375298	0.061375	0.394098	0.169229	0.433445	0.227933	0.137278	0.201344	0.180333	0.568780	0.057993	0.192894	0.014689	0.185491	0.018342	0.781478	0.433445	0.227933	0.137278	0.201344	0.375298	0.061375	0.394098	0.169229	1,2,3,3,4,3	71.354689	0.084542	0.597638	0.110951	0.082920	0.055662	0.068286	0.098187	0.590188	0.019810	0.007515	0.081715	0.202585	0.270861	0.007942	0.086479	0.065613	0.294339	0.274765	0.270861	0.007942	0.086479	0.065613	0.294339	0.274765	0.184159	0.290910	0.093755	0.228791	0.042201	0.160183	0.270861	0.007942	0.086479	0.065613	0.294339	0.274765	1,2,3,4,5,6	71.354689	0.940083	0.369727	0.967556	0.579837	0.439511	1.587857	
911000	-113014	1,2,3,4,3,5	71.354689	5.482901	5.781279	4.928713	4.787660	4.928713	5.923303	1,1,2,3,4,4	71.354689	0.462142	0.236132	0.251436	0.050290	0.462142	0.236132	0.251436	0.050290	0.187347	0.386288	0.191036	0.235329	0.234437	0.202877	0.106692	0.455994	0.354129	0.061776	0.351352	0.232743	0.354129	0.061776	0.351352	0.232743	1,1,2,3,4,5	71.354689	0.003189	0.467408	0.015286	0.063765	0.184460	0.265894	0.003189	0.467408	0.015286	0.063765	0.184460	0.265894	0.325022	0.161855	0.148977	0.020887	0.136788	0.206472	0.100099	0.465778	0.050699	0.007328	0.278682	0.097413	0.257528	0.215700	0.110452	0.026915	0.289538	0.099866	0.200468	0.024923	0.089420	0.057824	0.452293	0.175072	1,2,3,4,5,6	71.354689	0.974618	0.355218	1.013110	0.542130	0.541257	1.696127	
912000	-115522	1,2,1,3,4,5	71.354689	4.390839	5.476674	4.390839	5.725780	5.701779	6.068116	1,1,2,2,2,3	71.354689	0.575129	0.141766	0.189850	0.093254	0.575129	0.141766	0.189850	0.093254	0.318931	0.181800	0.144459	0.354810	0.318931	0.181800	0.144459	0.354810	0.318931	0.181800	0.144459	0.354810	0.211978	0.057616	0.396229	0.334177	1,1,2,3,4,5	71.354689	0.003755	0.284318	0.196455	0.049770	0.280521	0.185181	0.003755	0.284318	0.196455	0.049770	0.280521	0.185181	0.333229	0.069409	0.122241	0.172218	0.184198	0.118704	0.500955	0.118413	0.071824	0.025381	0.183629	0.099798	0.088146	0.263722	0.166990	0.299556	0.059246	0.122339	0.209499	0.061220	0.168117	0.198463	0.098111	0.264591	1,2,1,3,3,4	71.354689	1.207633	0.357603	1.207633	0.570253	0.570253	1.852715	
913000	-114028	1,2,2,2,3,4	71.354689	5.452307	4.468027	4.468027	4.468027	6.064549	6.113600	1,2,3,4,2,1	71.354689	0.345538	0.108023	0.347068	0.199372	0.453241	0.195654	0.130459	0.220646	0.336766	0.230606	0.060880	0.371747	0.037083	0.444211	0.101844	0.416862	0.453241	0.195654	0.130459	0.220646	0.345538	0.108023	0.347068	0.199372	1,1,2,2,3,2	71.354689	0.000796	0.672580	0.030751	0.258776	0.001313	0.035785	0.000796	0.672580	0.030751	0.258776	0.001313	0.035785	0.321251	0.065322	0.104392	0.158009	0.259573	0.091453	0.321251	0.065322	0.104392	0.158009	0.259573	0.091453	0.110814	0.424309	0.097686	0.089647	0.042756	0.234788	0.321251	0.065322	0.104392	0.158009	0.259573	0.091453	1,2,3,4,5,6	71.354689	0.950342	0.417604	1.230686	0.720371	0.408717	1.811463	
914000	-113090	1,2,3,3,4,4	71.354689	6.137781	6.403576	5.550708	5.550708	5.115696	5.115696	1,1,2,3,4,5	71.354689	0.538044	0.133209	0.270477	0.058270	0.538044	0.133209	0.270477	0.058270	0.353352	0.425845	0.056809	0.163994	0.069600	0.386967	0.026395	0.517038	0.308770	0.342717	0.147752	0.200762	0.153291	0.042816	0.270154	0.533739	1,1,2,3,3,2	71.354689	0.028583	0.626147	0.130080	0.035656	0.065127	0.114406	0.028583	0.626147	0.130080	0.035656	0.065127	0.114406	0.332416	0.038942	0.154264	0.205694	0.133195	0.135490	0.180173	0.235186	0.252018	0.103277	0.155597	0.073750	0.180173	0.235186	0.252018	0.103277	0.155597	0.073750	0.332416	0.038942	0.154264	0.205694	0.133195	0.135490	1,2,3,4,5,6	71.354689	1.232018	0.407556	0.936993	0.693454	0.515200	1.858909	
915000	-113441	1,2,3,3,3,4	71.354689	5.571109	6.549056	4.719844	4.719844	4.719844	5.583751	1,1,2,3,4,5	71.354689	0.572811	0.115233	0.297915	0.014041	0.572811	0.115233	0.297915	0.014041	0.269217	0.469026	0.137667	0.124090	0.019312	0.380690	0.082607	0.517391	0.363263	0.042778	0.153832	0.440128	0.126399	0.183836	0.379408	0.310357	1,1,2,3,4,3	71.354689	0.002870	0.180611	0.244927	0.033562	0.336087	0.201943	0.002870	0.180611	0.244927	0.033562	0.336087	0.201943	0.577747	0.007003	0.135252	0.095988	0.174426	0.009585	0.265601	0.096352	0.121111	0.079547	0.315644	0.121744	0.519862	0.153017	0.088137	0.094219	0.003994	0.140771	0.265601	0.096352	0.121111	0.079547	0.315644	0.121744	1,2,3,4,4,5	71.354689	0.939978	0.369017	0.938689	0.505403	0.505403	1.480207	
916000	-113263	1,2,3,2,4,5	71.354689	6.254342	4.193735	5.096683	4.193735	5.107500	7.218045	1,2,3,4,5,5	71.354689	0.419930	0.079608	0.340369	0.160093	0.590445	0.233331	0.109417	0.066807	0.496543	0.282868	0.095487	0.125102	0.032233	0.092628	0.010179	0.864960	0.288266	0.138273	0.318344	0.255117	0.288266	0.138273	0.318344	0.255117	1,1,2,3,4,5	71.354689	0.029967	0.483224	0.049304	0.012709	0.387227	0.037569	0.029967	0.483224	0.049304	0.012709	0.387227	0.037569	0.233530	0.160120	0.017852	0.049584	0.469922	0.068991	0.224523	0.150658	0.255320	0.014705	0.243780	0.111014	0.298454	0.227175	0.173664	0.036144	0.188029	0.076535	0.553655	0.012971	0.083154	0.081073	0.125426	0.143722	1,2,3,4,4,5	71.354689	1.008690	0.300570	1.099696	0.760851	0.760851	1.198053	
917000	-114476	1,2,3,4,3,5	71.354689	6.088712	5.835524	5.740273	5.595311	5.740273	5.539450	1,1,2,3,4,5	71.354689	0.520906	0.137543	0.287481	0.054069	0.520906	0.137543	0.287481	0.054069	0.286938	0.403644	0.115058	0.194360	0.035301	0.546929	0.093759	0.324011	0.455664	0.074616	0.136836	0.332884	0.143630	0.210152	0.570775	0.075443	1,1,2,3,4,2	71.354689	0.023575	0.599493	0.051972	0.083749	0.115044	0.126166	0.023575	0.599493	0.051972	0.083749	0.115044	0.126166	0.201551	0.057183	0.327874	0.060946	0.122739	0.229707	0.254100	0.247316	0.054109	0.098720	0.178433	0.167322	0.191283	0.181588	0.172090	0.085909	0.055485	0.313646	0.201551	0.057183	0.327874	0.060946	0.122739	0.229707	1,2,3,4,5,6	71.354689	1.271291	0.411096	0.969704	0.816495	0.433372	1.417268	
918000	-111192	1,2,3,4,5,6	71.354689	5.842215	6.117910	5.607932	5.148661	5.821634	5.600021	1,1,2,3,4,5	71.354689	0.549056	0.140796	0.291219	0.018928	0.549056	0.140796	0.291219	0.018928	0.274252	0.499502	0.070016	0.156230	0.057173	0.226025	0.089850	0.626952	0.320358	0.113175	0.104503	0.461964	0.353293	0.064091	0.222811	0.359804	1,1,2,3,4,2	71.354689	0.012687	0.347995	0.302492	0.044119	0.163879	0.128828	0.012687	0.347995	0.302492	0.044119	0.163879	0.128828	0.364634	0.001000	0.081118	0.098801	0.235341	0.219106	0.050403	0.140815	0.259145	0.179528	0.336874	0.033235	0.153917	0.441882	0.021862	0.044860	0.054468	0.283011	0.364634	0.001000	0.081118	0.098801	0.235341	0.219106	1,2,1,3,3,4	71.354689	1.134126	0.423141	1.134126	0.436987	0.436987	1.731548	
919000	-112717	1,2,3,4,4,5	71.354689	5.326101	5.977989	5.645043	4.733295	4.733295	6.433401	1,1,2,3,4,4	71.354689	0.492514	0.186603	0.239963	0.080920	0.492514	0.186603	0.239963	0.080920	0.228369	0.401116	0.042211	0.328304	0.081371	0.172775	0.168639	0.577216	0.220727	0.126447	0.418798	0.234028	0.220727	0.126447	0.418798	0.234028	1,1,2,3,4,2	71.354689	0.013007	0.654071	0.137235	0.052973	0.046064	0.096651	0.013007	0.654071	0.137235	0.052973	0.046064	0.096651	0.455045	0.045358	0.066545	0.123743	0.207923	0.101387	0.237478	0.127560	0.242889	0.004766	0.354999	0.032308	0.047880	0.094714	0.235274	0.217217	0.194181	0.210734	0.455045	0.045358	0.066545	0.123743	0.207923	0.101387	1,2,3,4,5,6	71.354689	0.965898	0.512673	1.138604	0.635684	0.586012	2.058729	
920000	-111912	1,2,3,3,3,4	71.354689	5.840698	5.785181	5.139290	5.139290	5.139290	6.213334	1,2,3,4,5,5	71.354689	0.451743	0.246787	0.280137	0.021333	0.542199	0.277113	0.172865	0.007823	0.258062	0.459746	0.180036	0.102156	0.116753	0.264667	0.072594	0.545985	0.374461	0.183348	0.268594	0.173597	0.374461	0.183348	0.268594	0.173597	1,1,2,2,3,2	71.354689	0.005885	0.444944	0.304246	0.016842	0.115356	0.112727	0.005885	0.444944	0.304246	0.016842	0.115356	0.112727	0.219029	0.025741	0.098229	0.078370	0.288904	0.289728	0.219029	0.025741	0.098229	0.078370	0.288904	0.289728	0.218519	0.184457	0.172416	0.053853	0.146672	0.224083	0.219029	0.025741	0.098229	0.078370	0.288904	0.289728	1,2,3,4,5,6	71.354689	1.071192	0.411499	1.016716	0.688067	0.491222	1.867654	
921000	-113474	1,2,3,3,4,5	71.354689	5.521173	6.269883	4.960505	4.960505	6.162106	5.614658	1,1,2,3,4,5	71.354689	0.533973	0.189496	0.261336	0.015195	0.533973	0.189496	0.261336	0.015195	0.297872	0.256199	0.243590	0.202339	0.022893	0.026487	0.359772	0.590847	0.376008	0.166993	0.158284	0.298714	0.301543	0.116160	0.454531	0.127765	1,1,2,2,3,4	71.354689	0.003135	0.271923	0.278046	0.036180	0.156915	0.253801	0.003135	0.271923	0.278046	0.036180	0.156915	0.253801	0.331388	0.002390	0.145691	0.114125	0.376681	0.029725	0.331388	0.002390	0.145691	0.114125	0.376681	0.029725	0.055750	0.245354	0.156827	0.101000	0.177547	0.263522	0.261939	0.004114	0.131253	0.106253	0.196389	0.300052	1,2,1,3,3,4	71.354689	1.134305	0.349062	1.134305	0.485741	0.485741	1.804840	
922000	-112908	1,2,3,3,4,5	71.354689	5.802056	6.466547	4.700894	4.700894	6.716908	5.890812	1,1,2,3,4,3	71.354689	0.496529	0.126257	0.336723	0.040491	0.496529	0.126257	0.336723	0.040491	0.364599	0.463408	0.084989	0.087003	0.114670	0.200832	0.358825	0.325672	0.394762	0.347222	0.114155	0.143862	0.114670	0.200832	0.358825	0.325672	1,1,2,3,4,2	71.354689	0.022726	0.385752	0.176073	0.097118	0.110212	0.208119	0.022726	0.385752	0.176073	0.097118	0.110212	0.208119	0.174740	0.071571	0.169672	0.036537	0.192090	0.355390	0.132566	0.310027	0.036651	0.061110	0.453282	0.006364	0.043062	0.403986	0.135555	0.194235	0.064211	0.158952	0.174740	0.071571	0.169672	0.036537	0.192090	0.355390	1,2,3,4,4,5	71.354689	1.178935	0.393915	0.943372	0.459589	0.459589	1.634115	
923000	-112235	1,2,3,2,2,4	71.354689	5.542333	4.657055	5.306161	4.657055	4.657055	6.348518	1,2,2,3,3,4	71.354689	0.553314	0.102176	0.227024	0.117486	0.453088	0.310110	0.125878	0.110923	0.453088	0.310110	0.125878	0.110923	0.232056	0.165204	0.074473	0.528267	0.232056	0.165204	0.074473	0.528267	0.207852	0.071873	0.296581	0.423694	1,1,2,3,4,5	71.354689	0.006805	0.721251	0.064881	0.086160	0.050477	0.070427	0.006805	0.721251	0.064881	0.086160	0.050477	0.070427	0.366240	0.007014	0.053729	0.114143	0.322920	0.135955	0.124080	0.142619	0.039890	0.174592	0.359286	0.159533	0.096787	0.482095	0.070643	0.056889	0.142075	0.151511	0.501505	0.003295	0.071568	0.167769	0.076887	0.178975	1,2,3,4,2,5	71.354689	0.983041	0.494664	1.026350	0.637118	0.494664	2.075689	
924000	-111797	1,2,3,4,5,5	71.354689	5.889429	5.985082	5.922212	4.599575	5.597334	5.597334	1,1,2,3,4,4	71.354689	0.481170	0.220281	0.249240	0.049310	0.481170	0.220281	0.249240	0.049310	0.297014	0.453850	0.093855	0.155280	0.172337	0.158617	0.017586	0.651460	0.353519	0.069389	0.290121	0.286971	0.353519	0.069389	0.290121	0.286971	1,1,2,3,4,2	71.354689	0.007447	0.507710	0.144330	0.043736	0.111452	0.185325	0.007447	0.507710	0.144330	0.043736	0.111452	0.185325	0.206446	0.036398	0.042267	0.092681	0.326804	0.295404	0.118083	0.040401	0.111520	0.088357	0.434721	0.206918	0.085787	0.097312	0.193660	0.132481	0.293236	0.197525	0.206446	0.036398	0.042267	0.092681	0.326804	0.295404	1,2,3,4,4,5	71.354689	1.082795	0.335177	0.960066	0.479087	0.479087	1.652052	
925000	-115196	1,2,3,3,4,5	71.354689	5.292918	4.772301	4.900462	4.900462	5.732834	5.731641	1,2,2,3,4,5	71.354689	0.516328	0.222214	0.250674	0.010784	0.393504	0.316113	0.218258	0.072125	0.393504	0.316113	0.218258	0.072125	0.018001	0.503313	0.163167	0.315519	0.266469	0.241827	0.087121	0.404583	0.307891	0.191237	0.295809	0.205062	1,1,2,3,4,3	71.354689	0.005839	0.601824	0.036647	0.036430	0.262749	0.056511	0.005839	0.601824	0.036647	0.036430	0.262749	0.056511	0.267933	0.088964	0.121122	0.054461	0.345073	0.122447	0.252049	0.059109	0.118671	0.087657	0.201806	0.280708	0.083441	0.164437	0.116593	0.049743	0.038598	0.547189	0.252049	0.059109	0.118671	0.087657	0.201806	0.280708	1,2,1,3,2,1	71.354689	1.102808	0.385654	1.102808	0.742805	0.385654	1.102808	
926000	-112563	1,2,3,4,5,6	71.354689	5.410546	5.383177	5.115802	5.047170	7.074662	6.235973	1,2,3,4,4,5	71.354689	0.489204	0.107247	0.249033	0.154517	0.604951	0.184180	0.173013	0.037857	0.379976	0.304797	0.147970	0.167256	0.344179	0.183681	0.151465	0.320675	0.344179	0.183681	0.151465	0.320675	0.206155	0.122974	0.494278	0.176593	1,1,2,3,1,2	71.354689	0.032132	0.552049	0.064676	0.060695	0.137505	0.152942	0.032132	0.552049	0.064676	0.060695	0.137505	0.152942	0.382642	0.000183	0.063903	0.055100	0.346256	0.151916	0.092851	0.096298	0.074528	0.234533	0.463361	0.038430	0.032132	0.552049	0.064676	0.060695	0.137505	0.152942	0.382642	0.000183	0.063903	0.055100	0.346256	0.151916	1,2,3,4,5,6	71.354689	1.148759	0.393104	1.083721	0.889563	0.445642	1.589455	
927000	-111144	1,2,3,4,5,6	71.354689	5.779589	6.439888	5.839165	5.138434	6.027855	5.296644	1,1,2,3,4,4	71.354689	0.536731	0.141055	0.291520	0.030694	0.536731	0.141055	0.291520	0.030694	0.380355	0.428238	0.073813	0.117594	0.051346	0.167955	0.056813	0.723887	0.499918	0.082630	0.172794	0.244658	0.499918	0.082630	0.172794	0.244658	1,1,2,3,4,5	71.354689	0.007032	0.301582	0.306727	0.044435	0.265294	0.074929	0.007032	0.301582	0.306727	0.044435	0.265294	0.074929	0.355411	0.000916	0.055457	0.040226	0.319476	0.228514	0.225405	0.307989	0.083319	0.129673	0.188047	0.065567	0.157671	0.255034	0.068436	0.300011	0.107171	0.111678	0.208534	0.003481	0.038045	0.201532	0.347383	0.201025	1,2,3,4,5,6	71.354689	1.091649	0.432641	1.155035	0.490248	0.549420	1.794089	
928000	-114730	1,2,3,3,4,5	71.354689	5.801601	6.095090	4.176214	4.176214	6.098554	5.967436	1,1,2,2,3,4	71.354689	0.643017	0.052798	0.251607	0.052578	0.643017	0.052798	0.251607	0.052578	0.357491	0.193174	0.152385	0.296950	0.357491	0.193174	0.152385	0.296950	0.462446	0.112437	0.147471	0.277646	0.285794	0.039942	0.425403	0.248862	1,1,2,2,3,4	71.354689	0.047035	0.299528	0.218218	0.065960	0.150015	0.219244	0.047035	0.299528	0.218218	0.065960	0.150015	0.219244	0.314139	0.101492	0.016818	0.028762	0.517826	0.020963	0.314139	0.101492	0.016818	0.028762	0.517826	0.020963	0.106988	0.302571	0.094726	0.332574	0.028420	0.134721	0.060617	0.060450	0.165544	0.243554	0.065418	0.404418	1,2,3,4,5,6	71.354689	1.073578	0.357537	0.907410	0.576776	0.458519	1.386575	
929000	-114085	1,2,3,1,4,5	71.354689	5.620881	5.809492	5.470179	5.620881	6.580961	4.828468	1,1,2,2,2,3	71.354689	0.493535	0.200376	0.251518	0.054571	0.493535	0.200376	0.251518	0.054571	0.297347	0.305590	0.166218	0.230846	0.297347	0.305590	0.166218	0.230846	0.297347	0.305590	0.166218	0.230846	0.282562	0.068190	0.455361	0.193887	1,1,2,2,1,2	71.354689	0.002907	0.512085	0.225362	0.079663	0.067875	0.112109	0.002907	0.512085	0.225362	0.079663	0.067875	0.112109	0.321873	0.012900	0.122210	0.086171	0.239299	0.217547	0.321873	0.012900	0.122210	0.086171	0.239299	0.217547	0.002907	0.512085	0.225362	0.079663	0.067875	0.112109	0.321873	0.012900	0.122210	0.086171	0.239299	0.217547	1,2,1,3,4,5	71.354689	1.185766	0.374070	1.185766	0.516545	0.431156	1.254724	
930000	-113547	1,1,2,3,1,4	71.354689	5.031008	5.031008	5.535420	4.658604	5.031008	5.690125	1,2,3,4,2,2	71.354689	0.264111	0.348724	0.325074	0.062092	0.422043	0.106057	0.285392	0.186508	0.451242	0.445668	0.038250	0.064840	0.255841	0.139317	0.030556	0.574286	0.422043	0.106057	0.285392	0.186508	0.422043	0.106057	0.285392	0.186508	1,1,2,3,4,5	71.354689	0.004518	0.681269	0.093609	0.055508	0.043341	0.121755	0.004518	0.681269	0.093609	0.055508	0.043341	0.121755	0.306400	0.131769	0.099483	0.043548	0.335357	0.083442	0.083022	0.091940	0.053934	0.026352	0.398678	0.346073	0.194877	0.146587	0.095688	0.157617	0.062114	0.343117	0.154083	0.047139	0.007910	0.227379	0.072005	0.491484	1,2,3,4,5,6	71.354689	0.972507	0.578050	0.936986	0.561337	0.468024	1.480535	
931000	-112410	1,1,1,1,2,3	71.354689	4.728750	4.728750	4.728750	4.728750	6.198160	5.962024	1,2,3,4,2,5	71.354689	0.344725	0.118262	0.277380	0.259633	0.412064	0.235460	0.154768	0.197707	0.279666	0.293482	0.301779	0.125073	0.084647	0.125426	0.065638	0.724289	0.412064	0.235460	0.154768	0.197707	0.238031	0.128943	0.456330	0.176696	1,1,2,2,3,4	71.354689	0.016821	0.751777	0.039028	0.089182	0.048129	0.055063	0.016821	0.751777	0.039028	0.089182	0.048129	0.055063	0.380833	0.043925	0.085691	0.072672	0.333558	0.083322	0.380833	0.043925	0.085691	0.072672	0.333558	0.083322	0.065865	0.206139	0.267225	0.086553	0.075372	0.298845	0.579655	0.027424	0.025048	0.070273	0.175433	0.122167	1,2,1,3,3,1	71.354689	1.191832	0.432162	1.191832	0.485243	0.485243	1.191832	
932000	-111480	1,2,3,4,5,6	71.354689	5.849337	6.039353	5.215954	5.103510	5.214817	6.526367	1,1,2,3,2,4	71.354689	0.529434	0.147628	0.265999	0.056940	0.529434	0.147628	0.265999	0.056940	0.326112	0.348771	0.039931	0.285186	0.151246	0.258502	0.039421	0.550831	0.326112	0.348771	0.039931	0.285186	0.312530	0.045585	0.405944	0.235942	1,1,2,3,1,2	71.354689	0.019358	0.519833	0.150135	0.057687	0.067679	0.185308	0.019358	0.519833	0.150135	0.057687	0.067679	0.185308	0.390960	0.015812	0.054369	0.120194	0.192611	0.226055	0.016700	0.143019	0.258091	0.126036	0.377773	0.078381	0.019358	0.519833	0.150135	0.057687	0.067679	0.185308	0.390960	0.015812	0.054369	0.120194	0.192611	0.226055	1,2,3,4,5,6	71.354689	1.234114	0.399916	1.281336	0.705167	0.411542	1.801978	
933000	-112836	1,2,3,1,4,5	71.354689	5.350762	6.204484	5.927096	5.350762	5.845523	5.789510	1,1,2,3,4,4	71.354689	0.527678	0.209982	0.249210	0.013130	0.527678	0.209982	0.249210	0.013130	0.358673	0.480691	0.038021	0.122615	0.137573	0.324299	0.164577	0.373550	0.241065	0.181383	0.309774	0.267779	0.241065	0.181383	0.309774	0.267779	1,1,2,3,4,2	71.354689	0.009543	0.371704	0.271955	0.022237	0.081999	0.242563	0.009543	0.371704	0.271955	0.022237	0.081999	0.242563	0.235922	0.027774	0.057280	0.195294	0.094872	0.388858	0.094746	0.238041	0.019618	0.013695	0.432802	0.201098	0.025386	0.187743	0.203145	0.284194	0.117899	0.181632	0.235922	0.027774	0.057280	0.195294	0.094872	0.388858	1,2,3,4,2,5	71.354689	1.021416	0.459387	0.964302	0.600659	0.459387	1.510133	
934000	-113261	1,2,3,2,3,4	71.354689	5.957738	5.311299	5.069215	5.311299	5.069215	5.066267	1,1,2,3,4,5	71.354689	0.429471	0.171849	0.316487	0.082193	0.429471	0.171849	0.316487	0.082193	0.402282	0.191173	0.050789	0.355755	0.064570	0.208418	0.182466	0.544546	0.282146	0.105320	0.259658	0.352877	0.131269	0.017141	0.694725	0.156865	1,1,2,3,4,5	71.354689	0.034867	0.475029	0.101101	0.081545	0.198779	0.108678	0.034867	0.475029	0.101101	0.081545	0.198779	0.108678	0.443832	0.065481	0.026165	0.025259	0.234623	0.204640	0.161987	0.236580	0.274559	0.067126	0.218142	0.041606	0.180468	0.319073	0.076407	0.183023	0.160096	0.080933	0.435363	0.037638	0.136754	0.013664	0.139639	0.236942	1,2,3,4,5,6	71.354689	1.209907	0.485552	1.038815	0.562494	0.478899	1.660202	
935000	-112568	1,2,3,2,1,2	71.354689	5.009193	5.024418	5.549541	5.024418	5.009193	5.024418	1,1,2,3,4,5	71.354689	0.460343	0.293952	0.196010	0.049695	0.460343	0.293952	0.196010	0.049695	0.343742	0.309797	0.202829	0.143633	0.078624	0.474431	0.108411	0.338533	0.465926	0.102134	0.105323	0.326616	0.261405	0.038464	0.423188	0.276943	1,2,3,4,5,3	71.354689	0.009439	0.389290	0.116973	0.035353	0.267178	0.181767	0.030038	0.483247	0.210285	0.034232	0.141105	0.101092	0.308780	0.013867	0.151423	0.072650	0.238393	0.214887	0.132879	0.356377	0.056164	0.195558	0.170119	0.088903	0.109034	0.377178	0.148331	0.047244	0.132989	0.185223	0.308780	0.013867	0.151423	0.072650	0.238393	0.214887	1,2,3,4,5,6	71.354689	1.053458	0.482115	1.164391	0.497294	0.454524	1.947995	
936000	-113128	1,2,3,3,4,5	71.354689	6.127838	5.585611	5.004467	5.004467	5.363982	5.864149	1,1,2,3,4,4	71.354689	0.567774	0.089046	0.281194	0.061986	0.567774	0.089046	0.281194	0.061986	0.320744	0.285193	0.165509	0.228554	0.208018	0.317653	0.145918	0.328410	0.281461	0.072455	0.275757	0.370328	0.281461	0.072455	0.275757	0.370328	1,1,2,3,4,5	71.354689	0.015671	0.448348	0.239302	0.102615	0.095971	0.098093	0.015671	0.448348	0.239302	0.102615	0.095971	0.098093	0.391406	0.019689	0.048410	0.061717	0.365470	0.113308	0.221620	0.046731	0.059105	0.121484	0.426808	0.124252	0.336505	0.216264	0.222591	0.038542	0.145903	0.040196	0.123354	0.017324	0.127288	0.248306	0.149980	0.333748	1,2,1,3,2,4	71.354689	1.111577	0.430642	1.111577	0.743764	0.430642	1.459068	
937000	-114296	1,1,1,2,3,4	71.354689	5.068626	5.068626	5.068626	6.121485	5.247908	5.042530	1,2,2,3,2,4	71.354689	0.504097	0.093425	0.212564	0.189914	0.385641	0.269439	0.204537	0.140383	0.385641	0.269439	0.204537	0.140383	0.083228	0.385853	0.190154	0.340765	0.385641	0.269439	0.204537	0.140383	0.447109	0.071488	0.302834	0.178568	1,1,2,1,3,2	71.354689	0.014826	0.732663	0.054175	0.087586	0.086188	0.024563	0.014826	0.732663	0.054175	0.087586	0.086188	0.024563	0.264594	0.060724	0.064550	0.034938	0.217402	0.357793	0.014826	0.732663	0.054175	0.087586	0.086188	0.024563	0.113678	0.142821	0.252205	0.094428	0.019217	0.377651	0.264594	0.060724	0.064550	0.034938	0.217402	0.357793	1,2,1,3,2,4	71.354689	0.985969	0.428967	0.985969	0.716327	0.428967	1.638367	
938000	-113807	1,2,3,4,5,4	71.354689	5.827451	5.684082	5.441048	5.083802	5.437751	5.083802	1,1,2,3,4,4	71.354689	0.493513	0.329213	0.160532	0.016742	0.493513	0.329213	0.160532	0.016742	0.358251	0.272183	0.046263	0.323302	0.118189	0.200481	0.134194	0.547136	0.186950	0.157788	0.342170	0.313092	0.186950	0.157788	0.342170	0.313092	1,1,2,3,3,4	71.354689	0.007439	0.388700	0.259197	0.004634	0.051436	0.288594	0.007439	0.388700	0.259197	0.004634	0.051436	0.288594	0.466092	0.201962	0.017200	0.080014	0.093324	0.141408	0.243045	0.218791	0.108377	0.089967	0.256770	0.083050	0.243045	0.218791	0.108377	0.089967	0.256770	0.083050	0.082538	0.062331	0.273618	0.078098	0.265948	0.237466	1,2,3,4,5,1	71.354689	1.193729	0.350540	1.135613	0.614880	0.549655	1.193729	
939000	-112504	1,2,1,3,4,1	71.354689	4.827562	5.585890	4.827562	5.471849	5.354471	4.827562	1,1,2,3,2,4	71.354689	0.544389	0.178241	0.195802	0.081568	0.544389	0.178241	0.195802	0.081568	0.268664	0.216440	0.090387	0.424509	0.055647	0.195415	0.109528	0.639411	0.268664	0.216440	0.090387	0.424509	0.062104	0.050191	0.756110	0.131595	1,2,3,4,1,3	71.354689	0.084721	0.532487	0.056876	0.158742	0.049142	0.118032	0.048933	0.530429	0.242074	0.021625	0.152708	0.004232	0.479049	0.018980	0.038665	0.132535	0.171031	0.159740	0.448109	0.115030	0.177976	0.006697	0.204011	0.048177	0.084721	0.532487	0.056876	0.158742	0.049142	0.118032	0.479049	0.018980	0.038665	0.132535	0.171031	0.159740	1,2,3,4,5,6	71.354689	1.189472	0.413481	1.102109	0.628312	0.487007	1.778234	
940000	-112177	1,2,2,3,4,5	71.354689	5.062165	5.035117	5.035117	5.234483	5.650306	5.159918	1,2,3,4,5,6	71.354689	0.368380	0.294711	0.263592	0.073316	0.282743	0.608665	0.093526	0.015066	0.388298	0.271801	0.024465	0.315436	0.073684	0.208692	0.048189	0.669434	0.364243	0.139598	0.199165	0.296994	0.372159	0.040201	0.391337	0.196303	1,1,2,3,3,2	71.354689	0.039917	0.781282	0.110823	0.025393	0.041849	0.000735	0.039917	0.781282	0.110823	0.025393	0.041849	0.000735	0.429656	0.012809	0.099944	0.169280	0.126577	0.161735	0.156109	0.239205	0.126126	0.103310	0.227909	0.147340	0.156109	0.239205	0.126126	0.103310	0.227909	0.147340	0.429656	0.012809	0.099944	0.169280	0.126577	0.161735	1,2,3,4,5,6	71.354689	1.195341	0.471734	0.984360	0.531703	0.497354	1.670406	
941000	-112010	1,2,1,2,2,3	71.354689	5.369700	4.664220	5.369700	4.664220	4.664220	5.978918	1,2,3,4,1,1	71.354689	0.356928	0.091902	0.318564	0.232606	0.521719	0.337790	0.121825	0.018665	0.314733	0.356656	0.168840	0.159770	0.177797	0.179740	0.068254	0.574209	0.356928	0.091902	0.318564	0.232606	0.356928	0.091902	0.318564	0.232606	1,1,2,3,4,5	71.354689	0.003518	0.645027	0.120420	0.074390	0.078118	0.078527	0.003518	0.645027	0.120420	0.074390	0.078118	0.078527	0.362931	0.077183	0.084042	0.038409	0.319436	0.117999	0.122135	0.199371	0.054507	0.020556	0.489543	0.113887	0.102560	0.129717	0.125198	0.122128	0.162207	0.358190	0.426629	0.051906	0.069748	0.058171	0.054524	0.339021	1,2,3,4,5,6	71.354689	1.100965	0.465634	1.041473	0.615128	0.369163	1.639307	
942000	-113898	1,1,1,1,2,3	71.354689	4.653909	4.653909	4.653909	4.653909	5.916097	5.558777	1,2,2,3,4,5	71.354689	0.468735	0.053103	0.320863	0.157299	0.454377	0.249817	0.134711	0.161096	0.454377	0.249817	0.134711	0.161096	0.050465	0.461779	0.150461	0.337295	0.334427	0.113917	0.205791	0.345866	0.089590	0.190384	0.470731	0.249295	1,1,2,3,4,4	71.354689	0.009115	0.590866	0.113735	0.054752	0.095028	0.136504	0.009115	0.590866	0.113735	0.054752	0.095028	0.136504	0.240456	0.048426	0.175491	0.021506	0.369665	0.144456	0.336185	0.101764	0.169464	0.061533	0.247050	0.084004	0.163448	0.133269	0.075312	0.109449	0.226646	0.291876	0.163448	0.133269	0.075312	0.109449	0.226646	0.291876	1,2,3,4,5,6	71.354689	0.961312	0.369616	0.848987	0.470764	0.445586	1.227503	
943000	-113274	1,2,3,4,5,6	71.354689	5.922072	5.766059	4.191698	4.780637	5.598724	5.875374	1,1,2,3,4,5	71.354689	0.510412	0.155664	0.281102	0.052822	0.510412	0.155664	0.281102	0.052822	0.336137	0.141452	0.316546	0.205865	0.016567	0.296164	0.138195	0.549074	0.502068	0.100421	0.218852	0.178659	0.257470	0.052803	0.273055	0.416672	1,2,3,4,5,3	71.354689	0.111387	0.401400	0.096996	0.116230	0.023232	0.250754	0.070402	0.603680	0.080104	0.021035	0.009775	0.215005	0.461577	0.024530	0.072895	0.054296	0.298349	0.088354	0.404107	0.178978	0.176799	0.089040	0.128013	0.023064	0.090629	0.222655	0.095482	0.170038	0.204420	0.216774	0.461577	0.024530	0.072895	0.054296	0.298349	0.088354	1,2,3,2,2,4	71.354689	0.971653	0.471247	1.179655	0.471247	0.471247	1.600499	
944000	-112288	1,2,3,4,5,6	71.354689	5.673303	5.803119	5.244812	5.180586	5.258345	5.630497	1,1,2,3,4,4	71.354689	0.485640	0.204655	0.255787	0.053917	0.485640	0.204655	0.255787	0.053917	0.389141	0.263403	0.050350	0.297106	0.021851	0.313099	0.069361	0.595689	0.410273	0.122877	0.232926	0.233923	0.410273	0.122877	0.232926	0.233923	1,1,2,3,4,5	71.354689	0.010970	0.591039	0.163647	0.058226	0.061626	0.114493	0.010970	0.591039	0.163647	0.058226	0.061626	0.114493	0.263925	0.001215	0.085875	0.120710	0.287345	0.240930	0.486541	0.107612	0.191704	0.054910	0.124215	0.035017	0.047584	0.125027	0.113508	0.107290	0.377673	0.228918	0.070827	0.029372	0.213924	0.126507	0.042864	0.516505	1,2,3,4,5,6	71.354689	1.077237	0.402956	1.139997	0.546266	0.473135	1.316419	
945000	-112940	1,2,3,1,4,5	71.354689	4.986537	5.724653	5.397296	4.986537	7.084725	5.831285	1,1,2,3,4,5	71.354689	0.540677	0.220796	0.223504	0.015022	0.540677	0.220796	0.223504	0.015022	0.089796	0.587303	0.094322	0.228579	0.109146	0.353169	0.198908	0.338777	0.389789	0.203765	0.165541	0.240905	0.191398	0.144836	0.507414	0.156352	1,1,2,3,4,2	71.354689	0.005961	0.249934	0.228312	0.024664	0.153955	0.337174	0.005961	0.249934	0.228312	0.024664	0.153955	0.337174	0.320810	0.026692	0.163809	0.095125	0.114754	0.278810	0.052103	0.100080	0.118005	0.179714	0.336632	0.213466	0.058608	0.399538	0.089848	0.190712	0.114642	0.146653	0.320810	0.026692	0.163809	0.095125	0.114754	0.278810	1,2,3,4,2,5	71.354689	1.297452	0.439846	1.216332	0.658945	0.439846	1.959074	
946000	-113282	1,2,3,2,4,5	71.354689	6.021333	4.488773	5.620173	4.488773	5.575689	5.747443	1,1,2,3,2,4	71.354689	0.407926	0.166405	0.350648	0.075021	0.407926	0.166405	0.350648	0.075021	0.365602	0.300776	0.111667	0.221955	0.175794	0.083728	0.196191	0.544287	0.365602	0.300776	0.111667	0.221955	0.099223	0.243503	0.429182	0.228092	1,1,2,3,4,2	71.354689	0.038509	0.531371	0.200439	0.028068	0.007046	0.194567	0.038509	0.531371	0.200439	0.028068	0.007046	0.194567	0.393760	0.012020	0.085318	0.033529	0.171916	0.303457	0.169504	0.162523	0.118757	0.067076	0.456472	0.025668	0.157852	0.372393	0.103166	0.103626	0.163861	0.099102	0.393760	0.012020	0.085318	0.033529	0.171916	0.303457	1,2,1,1,2,3	71.354689	1.105249	0.486309	1.105249	1.105249	0.486309	1.996856	
947000	-113321	1,2,2,2,3,4	71.354689	5.878575	4.880694	4.880694	4.880694	5.349496	6.211275	1,2,2,3,2,4	71.354689	0.346963	0.025372	0.394891	0.232775	0.483897	0.244003	0.141681	0.130419	0.483897	0.244003	0.141681	0.130419	0.036358	0.289113	0.071239	0.603290	0.483897	0.244003	0.141681	0.130419	0.402548	0.134627	0.266713	0.196112	1,2,3,4,5,6	71.354689	0.013463	0.516533	0.074862	0.253873	0.056456	0.084813	0.030914	0.681795	0.087274	0.066355	0.120617	0.013046	0.418433	0.063360	0.084264	0.080478	0.225606	0.127860	0.098678	0.093867	0.235079	0.124834	0.423511	0.024032	0.114509	0.229066	0.139884	0.006602	0.074537	0.435402	0.125850	0.082890	0.119289	0.061112	0.318010	0.292849	1,2,1,3,2,4	71.354689	1.159660	0.472610	1.159660	0.561022	0.472610	2.026640	
948000	-113055	1,2,3,2,4,5	71.354689	5.772921	4.654717	4.682256	4.654717	6.269370	5.561854	1,2,2,3,4,5	71.354689	0.329425	0.207591	0.400775	0.062209	0.275188	0.433999	0.228417	0.062396	0.275188	0.433999	0.228417	0.062396	0.142375	0.258481	0.114007	0.485137	0.439975	0.137152	0.114625	0.308248	0.350883	0.087502	0.281612	0.280003	1,2,3,3,4,5	71.354689	0.016233	0.459206	0.124277	0.012194	0.103023	0.285065	0.003810	0.423019	0.038383	0.072193	0.076056	0.386540	0.311260	0.011703	0.079656	0.025762	0.480630	0.090989	0.311260	0.011703	0.079656	0.025762	0.480630	0.090989	0.082276	0.532917	0.076805	0.136650	0.056814	0.114538	0.254769	0.080154	0.197880	0.032501	0.185141	0.249554	1,2,3,4,2,5	71.354689	1.192562	0.457178	0.776818	0.658245	0.457178	1.820821	
949000	-112641	1,2,3,3,4,5	71.354689	6.160551	6.514609	4.254607	4.254607	5.952719	6.056384	1,1,2,3,4,5	71.354689	0.588441	0.119840	0.274432	0.017287	0.588441	0.119840	0.274432	0.017287	0.213024	0.269622	0.220307	0.297047	0.188769	0.312242	0.033169	0.465819	0.419847	0.162651	0.099282	0.318220	0.484875	0.142157	0.226222	0.146746	1,1,2,3,4,2	71.354689	0.006190	0.286102	0.289054	0.047622	0.110481	0.260552	0.006190	0.286102	0.289054	0.047622	0.110481	0.260552	0.271961	0.000232	0.092926	0.098842	0.218115	0.317925	0.018374	0.031997	0.218337	0.090655	0.407017	0.233620	0.054324	0.378821	0.104567	0.147280	0.194876	0.120132	0.271961	0.000232	0.092926	0.098842	0.218115	0.317925	1,2,1,3,4,5	71.354689	1.066415	0.391859	1.066415	0.617096	0.403096	1.548822	
950000	-113920	1,2,3,3,4,5	71.354689	5.345506	6.358607	5.971402	5.971402	5.110117	4.744094	1,2,3,4,5,5	71.354689	0.438681	0.168486	0.360152	0.032681	0.641633	0.121448	0.202818	0.034101	0.473195	0.282118	0.042359	0.202328	0.150595	0.522026	0.166178	0.161200	0.467213	0.111270	0.225405	0.196112	0.467213	0.111270	0.225405	0.196112	1,1,2,3,4,5	71.354689	0.023881	0.324648	0.203413	0.026841	0.069143	0.352075	0.023881	0.324648	0.203413	0.026841	0.069143	0.352075	0.354535	0.003275	0.072933	0.049938	0.309359	0.209959	0.191301	0.155007	0.223411	0.094537	0.217960	0.117784	0.240769	0.147131	0.094767	0.136903	0.202915	0.177515	0.103883	0.024171	0.018520	0.215471	0.209408	0.428547	1,2,3,4,5,6	71.354689	1.246470	0.416992	1.165347	0.559653	0.450417	1.464315	
951000	-114816	1,2,3,2,2,4	71.354689	5.320996	4.240224	5.343381	4.240224	4.240224	5.455985	1,2,2,3,4,4	71.354689	0.333221	0.306710	0.277756	0.082313	0.495059	0.304357	0.106815	0.093769	0.495059	0.304357	0.106815	0.093769	0.145486	0.471224	0.033946	0.349344	0.274113	0.038818	0.434033	0.253037	0.274113	0.038818	0.434033	0.253037	1,1,2,2,2,2	71.354689	0.009027	0.430622	0.245906	0.046218	0.172092	0.096134	0.009027	0.430622	0.245906	0.046218	0.172092	0.096134	0.157222	0.064956	0.144613	0.069958	0.438066	0.125186	0.157222	0.064956	0.144613	0.069958	0.438066	0.125186	0.157222	0.064956	0.144613	0.069958	0.438066	0.125186	0.157222	0.064956	0.144613	0.069958	0.438066	0.125186	1,2,3,4,5,6	71.354689	1.297236	0.416919	1.166737	0.562897	0.499750	1.802113	
952000	-113681	1,2,2,3,4,5	71.354689	5.498432	5.362959	5.362959	5.102145	5.151881	5.804685	1,1,2,3,4,1	71.354689	0.370603	0.120799	0.335276	0.173322	0.370603	0.120799	0.335276	0.173322	0.234765	0.553295	0.152588	0.059352	0.300777	0.167719	0.084896	0.446607	0.473979	0.142859	0.112028	0.271135	0.370603	0.120799	0.335276	0.173322	1,1,2,3,4,5	71.354689	0.018401	0.604469	0.081198	0.098280	0.133137	0.064514	0.018401	0.604469	0.081198	0.098280	0.133137	0.064514	0.151402	0.033448	0.310522	0.059727	0.420595	0.024306	0.203625	0.017737	0.061678	0.047483	0.667781	0.001696	0.182532	0.387687	0.067877	0.046129	0.093059	0.222715	0.373372	0.030166	0.007565	0.067349	0.272957	0.248590	1,2,3,4,5,6	71.354689	1.046133	0.451958	0.915519	0.564675	0.419378	1.530251	
953000	-112814	1,2,3,4,5,6	71.354689	5.724746	6.237326	5.697422	5.062556	5.648233	7.001196	1,1,2,3,4,5	71.354689	0.545163	0.185557	0.246135	0.023145	0.545163	0.185557	0.246135	0.023145	0.433497	0.454759	0.063218	0.048527	0.098794	0.229627	0.200873	0.470706	0.464581	0.114941	0.228691	0.191788	0.084606	0.040410	0.584000	0.290984	1,1,2,3,4,2	71.354689	0.006162	0.350063	0.172142	0.038839	0.121490	0.311304	0.006162	0.350063	0.172142	0.038839	0.121490	0.311304	0.237577	0.025649	0.031750	0.167280	0.173115	0.364629	0.027959	0.416176	0.036035	0.092621	0.368083	0.059126	0.136917	0.243358	0.110588	0.207154	0.168337	0.133647	0.237577	0.025649	0.031750	0.167280	0.173115	0.364629	1,2,1,3,4,1	71.354689	1.021609	0.486252	1.021609	0.568064	0.399765	1.021609	
954000	-112863	1,2,3,1,4,5	71.354689	4.543035	5.628660	5.547447	4.543035	5.731426	5.988130	1,1,2,3,4,5	71.354689	0.482205	0.101113	0.338976	0.077706	0.482205	0.101113	0.338976	0.077706	0.312594	0.386430	0.073972	0.227004	0.231164	0.344363	0.068511	0.355962	0.279099	0.242508	0.187724	0.290670	0.435202	0.106846	0.335185	0.122766	1,1,2,3,1,4	71.354689	0.044567	0.467388	0.185400	0.133782	0.058685	0.110177	0.044567	0.467388	0.185400	0.133782	0.058685	0.110177	0.319168	0.261588	0.193466	0.013944	0.170737	0.041098	0.176920	0.136469	0.054066	0.204693	0.373954	0.053897	0.044567	0.467388	0.185400	0.133782	0.058685	0.110177	0.171011	0.002206	0.141310	0.127076	0.296749	0.261648	1,2,3,4,2,5	71.354689	1.055972	0.399546	1.046169	0.630164	0.399546	1.745412	
955000	-113411	1,2,3,4,5,6	71.354689	5.352443	4.669016	5.834438	4.849901	5.611431	5.121859	1,2,3,4,2,1	71.354689	0.350468	0.208092	0.315225	0.126214	0.424015	0.217117	0.140524	0.218345	0.386376	0.331994	0.101246	0.180384	0.205451	0.260803	0.010184	0.523562	0.424015	0.217117	0.140524	0.218345	0.350468	0.208092	0.315225	0.126214	1,1,2,2,3,4	71.354689	0.009270	0.792577	0.065276	0.069673	0.047957	0.015249	0.009270	0.792577	0.065276	0.069673	0.047957	0.015249	0.176285	0.069838	0.039412	0.047915	0.460313	0.206237	0.176285	0.069838	0.039412	0.047915	0.460313	0.206237	0.024312	0.305565	0.223721	0.185558	0.074862	0.185982	0.062340	0.045314	0.302299	0.007073	0.270046	0.312929	1,2,1,3,2,4	71.354689	1.067077	0.404848	1.067077	0.621888	0.404848	1.889699	
956000	-113137	1,1,1,2,3,1	71.354689	5.040794	5.040794	5.040794	3.964689	5.812612	5.040794	1,1,2,3,4,4	71.354689	0.570887	0.130858	0.266373	0.031883	0.570887	0.130858	0.266373	0.031883	0.282917	0.456009	0.073205	0.187869	0.146005	0.293972	0.216931	0.343092	0.405493	0.108585	0.189975	0.295948	0.405493	0.108585	0.189975	0.295948	1,2,3,3,2,4	71.354689	0.044290	0.325562	0.266693	0.156158	0.103217	0.104081	0.056708	0.569538	0.072777	0.117898	0.042101	0.140979	0.285859	0.012340	0.155115	0.042084	0.359477	0.145125	0.285859	0.012340	0.155115	0.042084	0.359477	0.145125	0.056708	0.569538	0.072777	0.117898	0.042101	0.140979	0.186769	0.008991	0.113381	0.234949	0.062954	0.392957	1,2,3,4,2,5	71.354689	1.181904	0.357359	1.092073	0.821922	0.357359	1.475841	
957000	-113951	1,2,3,4,4,4	71.354689	5.625567	5.266463	5.823045	5.120668	5.120668	5.120668	1,2,3,4,5,6	71.354689	0.230241	0.286057	0.395346	0.088356	0.329270	0.487110	0.149365	0.034254	0.281581	0.435407	0.055878	0.227134	0.104127	0.386412	0.002171	0.507289	0.398892	0.262034	0.127542	0.211531	0.228661	0.089511	0.624406	0.057422	1,1,2,3,1,2	71.354689	0.020089	0.493701	0.201868	0.034704	0.079593	0.170045	0.020089	0.493701	0.201868	0.034704	0.079593	0.170045	0.435514	0.008026	0.067976	0.090717	0.163552	0.234215	0.039638	0.065287	0.015378	0.067025	0.595722	0.216950	0.020089	0.493701	0.201868	0.034704	0.079593	0.170045	0.435514	0.008026	0.067976	0.090717	0.163552	0.234215	1,2,1,3,4,5	71.354689	1.153413	0.382936	1.153413	0.564529	0.524411	2.053113	
958000	-115296	1,2,3,1,2,4	71.354689	4.293569	4.888460	5.412127	4.293569	4.888460	5.941020	1,1,2,3,4,5	71.354689	0.310682	0.147147	0.510883	0.031288	0.310682	0.147147	0.510883	0.031288	0.228094	0.325890	0.134443	0.311574	0.116151	0.156689	0.214376	0.512784	0.380953	0.284964	0.225880	0.108204	0.201542	0.045217	0.423435	0.329806	1,1,2,3,4,4	71.354689	0.007010	0.356705	0.278752	0.018462	0.246511	0.092560	0.007010	0.356705	0.278752	0.018462	0.246511	0.092560	0.301939	0.276200	0.102646	0.158535	0.066211	0.094469	0.029821	0.161034	0.174941	0.075106	0.516508	0.042589	0.142881	0.169333	0.155867	0.139826	0.128327	0.263765	0.142881	0.169333	0.155867	0.139826	0.128327	0.263765	1,2,3,4,5,1	71.354689	1.299067	0.367166	0.927319	0.663882	0.527560	1.299067	
959000	-113737	1,2,3,4,5,6	71.354689	5.806923	5.502634	5.162040	5.348992	5.623868	5.380941	1,1,2,3,4,4	71.354689	0.461582	0.222290	0.290214	0.025914	0.461582	0.222290	0.290214	0.025914	0.332155	0.374547	0.033400	0.259898	0.267588	0.172507	0.064729	0.495176	0.305546	0.061250	0.341093	0.292111	0.305546	0.061250	0.341093	0.292111	1,2,3,4,5,6	71.354689	0.013520	0.450128	0.340882	0.059554	0.025230	0.110687	0.012846	0.409971	0.218593	0.059858	0.111728	0.187003	0.375949	0.113860	0.086134	0.114685	0.140615	0.168758	0.121217	0.074633	0.202184	0.107839	0.214005	0.280123	0.336851	0.205550	0.099083	0.047851	0.197444	0.113222	0.066282	0.055293	0.117944	0.047261	0.230228	0.482992	1,2,1,3,4,5	71.354689	1.137057	0.453421	1.137057	0.535822	0.497618	1.708991	
960000	-114696	1,2,3,2,2,4	71.354689	5.688171	4.798347	5.151950	4.798347	4.798347	4.985553	1,1,2,2,1,1	71.354689	0.403005	0.184638	0.279452	0.132905	0.403005	0.184638	0.279452	0.132905	0.184462	0.370754	0.052154	0.392630	0.184462	0.370754	0.052154	0.392630	0.403005	0.184638	0.279452	0.132905	0.403005	0.184638	0.279452	0.132905	1,2,3,4,5,6	71.354689	0.004575	0.572832	0.175572	0.040111	0.094127	0.112785	0.050355	0.645174	0.038595	0.108975	0.070202	0.086699	0.232489	0.069018	0.062832	0.301245	0.096368	0.238049	0.061524	0.009753	0.039654	0.200162	0.639567	0.049340	0.236815	0.164789	0.219062	0.074352	0.184973	0.120008	0.017650	0.037772	0.294526	0.126530	0.063857	0.459665	1,2,1,3,2,4	71.354689	1.010541	0.497979	1.010541	0.737794	0.497979	1.298754	
961000	-112413	1,2,3,1,4,3	71.354689	4.607478	5.802344	5.160040	4.607478	6.043249	5.160040	1,1,2,3,4,5	71.354689	0.532291	0.256747	0.156308	0.054654	0.532291	0.256747	0.156308	0.054654	0.313810	0.304739	0.193797	0.187654	0.062531	0.164381	0.236451	0.536638	0.306321	0.314902	0.168876	0.209901	0.260299	0.016544	0.444039	0.279118	1,1,2,3,4,5	71.354689	0.000756	0.628871	0.227365	0.030294	0.097430	0.015283	0.000756	0.628871	0.227365	0.030294	0.097430	0.015283	0.283133	0.027028	0.060993	0.026874	0.311168	0.290805	0.174640	0.206565	0.127046	0.070996	0.399780	0.020974	0.008766	0.265259	0.135450	0.253596	0.080442	0.256487	0.253704	0.005606	0.059729	0.141292	0.454437	0.085232	1,2,3,4,2,5	71.354689	1.212998	0.367812	0.958002	0.521221	0.367812	2.075138	
962000	-112354	1,2,3,3,1,4	71.354689	4.947482	4.937350	5.113169	5.113169	4.947482	5.230346	1,1,2,3,4,5	71.354689	0.427846	0.377195	0.178435	0.016525	0.427846	0.377195	0.178435	0.016525	0.254905	0.404791	0.010885	0.329420	0.093819	0.258459	0.089079	0.558642	0.386343	0.084603	0.164077	0.364977	0.169292	0.068453	0.264518	0.497736	1,1,2,3,4,5	71.354689	0.000809	0.423002	0.233427	0.091454	0.052911	0.198397	0.000809	0.423002	0.233427	0.091454	0.052911	0.198397	0.258027	0.065637	0.044246	0.319139	0.186642	0.126309	0.155362	0.230031	0.056749	0.048303	0.383808	0.125747	0.120849	0.125989	0.089875	0.203273	0.291597	0.168418	0.410486	0.043891	0.040749	0.114488	0.153120	0.237267	1,2,1,2,2,1	71.354689	1.175163	0.445277	1.175163	0.445277	0.445277	1.175163	
963000	-112288	1,2,3,4,5,6	71.354689	5.419739	5.364937	5.387664	5.167702	5.444842	5.895124	1,1,2,3,2,4	71.354689	0.512861	0.211574	0.234329	0.041236	0.512861	0.211574	0.234329	0.041236	0.282039	0.268669	0.173203	0.276089	0.211568	0.285575	0.094103	0.408754	0.282039	0.268669	0.173203	0.276089	0.201894	0.088270	0.408978	0.300859	1,2,3,2,4,3	71.354689	0.003060	0.264771	0.105561	0.030385	0.548637	0.047587	0.028621	0.281216	0.080680	0.031678	0.363861	0.213944	0.402897	0.000997	0.089640	0.055106	0.162528	0.288831	0.028621	0.281216	0.080680	0.031678	0.363861	0.213944	0.172428	0.159997	0.179227	0.137854	0.039891	0.310604	0.402897	0.000997	0.089640	0.055106	0.162528	0.288831	1,2,1,3,3,4	71.354689	1.050968	0.418141	1.050968	0.494594	0.494594	1.912620	
964000	-112941	1,2,3,1,4,5	71.354689	4.817189	5.455746	5.170202	4.817189	5.415712	6.409723	1,1,2,3,4,5	71.354689	0.502486	0.239755	0.195393	0.062367	0.502486	0.239755	0.195393	0.062367	0.367658	0.464856	0.076135	0.091350	0.178272	0.156239	0.006889	0.658599	0.615974	0.079445	0.155186	0.149394	0.046005	0.127572	0.503212	0.323211	1,1,2,3,4,3	71.354689	0.010526	0.401385	0.110239	0.063598	0.197000	0.217251	0.010526	0.401385	0.110239	0.063598	0.197000	0.217251	0.432091	0.022853	0.172778	0.034114	0.103126	0.235037	0.348981	0.025529	0.056899	0.047721	0.300112	0.220758	0.111380	0.164942	0.087400	0.253243	0.214635	0.168400	0.348981	0.025529	0.056899	0.047721	0.300112	0.220758	1,2,3,4,5,6	71.354689	1.189836	0.354974	1.020904	0.616765	0.455961	1.709643	
965000	-111985	1,2,3,4,5,3	71.354689	5.639649	5.172990	5.343431	5.166159	5.923244	5.343431	1,1,2,3,2,4	71.354689	0.494922	0.272897	0.182314	0.049866	0.494922	0.272897	0.182314	0.049866	0.390749	0.271920	0.096444	0.240886	0.037566	0.100753	0.250448	0.611233	0.390749	0.271920	0.096444	0.240886	0.227770	0.092121	0.545420	0.134690	1,2,3,4,1,5	71.354689	0.042291	0.543712	0.094666	0.105942	0.099209	0.114181	0.015501	0.497729	0.327046	0.066377	0.052700	0.040647	0.373279	0.042561	0.070394	0.038584	0.431035	0.044148	0.326481	0.269692	0.035809	0.032372	0.326812	0.008833	0.042291	0.543712	0.094666	0.105942	0.099209	0.114181	0.214806	0.014147	0.120654	0.059495	0.349806	0.241092	1,2,3,2,2,4	71.354689	1.151444	0.451181	1.142425	0.451181	0.451181	1.993352	
966000	-113258	1,2,1,3,4,3	71.354689	5.670364	5.867976	5.670364	4.900087	6.005411	4.900087	1,1,2,3,4,5	71.354689	0.515837	0.201598	0.267151	0.015414	0.515837	0.201598	0.267151	0.015414	0.260286	0.459406	0.077655	0.202654	0.060067	0.141732	0.330321	0.467880	0.345675	0.324065	0.193500	0.136759	0.069721	0.234372	0.589803	0.106103	1,1,2,3,4,5	71.354689	0.005461	0.270914	0.183976	0.030991	0.242041	0.266617	0.005461	0.270914	0.183976	0.030991	0.242041	0.266617	0.317488	0.147151	0.070198	0.091765	0.238648	0.134750	0.017494	0.039884	0.068536	0.172684	0.681805	0.019596	0.134293	0.151452	0.166862	0.069062	0.151230	0.327100	0.348634	0.065465	0.151593	0.055900	0.078317	0.300091	1,2,3,4,4,5	71.354689	1.177297	0.407064	1.041698	0.434668	0.434668	1.233449	
967000	-112912	1,2,3,3,3,4	71.354689	5.359018	6.560880	4.888225	4.888225	4.888225	6.418512	1,1,2,3,4,5	71.354689	0.557737	0.190416	0.245723	0.006124	0.557737	0.190416	0.245723	0.006124	0.511668	0.301752	0.022660	0.163920	0.095249	0.293171	0.202596	0.408983	0.718063	0.039060	0.140608	0.102269	0.101443	0.042144	0.593444	0.262969	1,1,2,3,4,2	71.354689	0.003909	0.306236	0.256249	0.025464	0.064273	0.343869	0.003909	0.306236	0.256249	0.025464	0.064273	0.343869	0.255579	0.037877	0.050650	0.134047	0.263944	0.257902	0.403526	0.237125	0.043011	0.057951	0.195667	0.062720	0.179545	0.183690	0.051124	0.119217	0.157670	0.308753	0.255579	0.037877	0.050650	0.134047	0.263944	0.257902	1,2,3,4,5,6	71.354689	1.297018	0.386202	1.016585	0.624817	0.463600	1.772495	
968000	-113581	1,2,3,2,4,5	71.354689	5.565086	4.903098	5.686058	4.903098	5.815644	5.586228	1,2,3,4,5,6	71.354689	0.345244	0.265674	0.376713	0.012369	0.340551	0.454634	0.119153	0.085662	0.358608	0.366792	0.132469	0.142131	0.093000	0.288327	0.216040	0.402633	0.496052	0.235347	0.109076	0.159525	0.273851	0.033924	0.442862	0.249363	1,1,2,3,1,2	71.354689	0.018273	0.460878	0.180451	0.057752	0.108060	0.174587	0.018273	0.460878	0.180451	0.057752	0.108060	0.174587	0.154424	0.059747	0.142986	0.087138	0.303030	0.252675	0.428168	0.269624	0.034850	0.030603	0.228464	0.008290	0.018273	0.460878	0.180451	0.057752	0.108060	0.174587	0.154424	0.059747	0.142986	0.087138	0.303030	0.252675	1,2,3,4,4,5	71.354689	1.134487	0.394693	1.026064	0.469899	0.469899	2.056767	
969000	-113568	1,2,3,2,4,5	71.354689	5.604822	4.932013	5.056072	4.932013	5.532927	5.764576	1,1,2,3,2,1	71.354689	0.334285	0.199723	0.362886	0.103105	0.334285	0.199723	0.362886	0.103105	0.311666	0.285358	0.101023	0.301952	0.058804	0.302761	0.186781	0.451654	0.311666	0.285358	0.101023	0.301952	0.334285	0.199723	0.362886	0.103105	1,1,2,3,1,3	71.354689	0.043820	0.583827	0.103981	0.078263	0.024696	0.165414	0.043820	0.583827	0.103981	0.078263	0.024696	0.165414	0.351056	0.017932	0.082861	0.116844	0.257716	0.173591	0.293536	0.021603	0.070304	0.086309	0.255148	0.273100	0.043820	0.583827	0.103981	0.078263	0.024696	0.165414	0.293536	0.021603	0.070304	0.086309	0.255148	0.273100	1,2,3,4,2,5	71.354689	1.212189	0.446017	1.058517	0.564846	0.446017	1.869314	
970000	-115447	1,2,3,3,4,5	71.354689	5.769595	6.476040	5.168104	5.168104	5.646461	5.522460	1,1,2,3,4,5	71.354689	0.493469	0.061838	0.419660	0.025033	0.493469	0.061838	0.419660	0.025033	0.642955	0.152282	0.008518	0.196245	0.051264	0.382538	0.175861	0.390338	0.352836	0.069104	0.061222	0.516838	0.072751	0.361722	0.334825	0.230702	1,2,3,4,5,3	71.354689	0.007391	0.351286	0.231178	0.190626	0.170989	0.048530	0.003851	0.206784	0.430401	0.080558	0.145721	0.132686	0.200641	0.018864	0.153255	0.044205	0.186404	0.396631	0.164695	0.249975	0.087438	0.233969	0.238922	0.025000	0.073072	0.213598	0.051695	0.384183	0.124606	0.152846	0.200641	0.018864	0.153255	0.044205	0.186404	0.396631	1,2,3,4,4,5	71.354689	1.261049	0.354658	1.029418	0.476740	0.476740	2.726814	
971000	-112226	1,2,3,4,5,6	71.354689	6.397812	5.556948	5.555014	5.406304	5.131617	6.104361	1,1,2,3,2,4	71.354689	0.520050	0.078021	0.375628	0.026301	0.520050	0.078021	0.375628	0.026301	0.246173	0.450580	0.106409	0.196838	0.107351	0.167914	0.167792	0.556943	0.246173	0.450580	0.106409	0.196838	0.220730	0.097397	0.398526	0.283348	1,1,2,3,1,4	71.354689	0.047440	0.386860	0.169892	0.092043	0.064355	0.239410	0.047440	0.386860	0.169892	0.092043	0.064355	0.239410	0.420632	0.003164	0.122189	0.115661	0.232817	0.105537	0.220321	0.071501	0.031039	0.128493	0.367666	0.180980	0.047440	0.386860	0.169892	0.092043	0.064355	0.239410	0.230288	0.042745	0.153372	0.223568	0.118078	0.231949	1,2,1,3,2,4	71.354689	1.182626	0.452646	1.182626	0.782499	0.452646	1.829387	
972000	-111669	1,2,1,3,4,1	71.354689	5.036694	5.480763	5.036694	5.100206	5.722157	5.036694	1,2,3,4,5,6	71.354689	0.304327	0.225748	0.250513	0.219412	0.600005	0.206373	0.165950	0.027672	0.464213	0.334386	0.094612	0.106790	0.108367	0.167848	0.137580	0.586204	0.429652	0.079319	0.167134	0.323895	0.456219	0.047764	0.357423	0.138594	1,1,2,3,4,2	71.354689	0.010513	0.475600	0.040100	0.094573	0.236966	0.142248	0.010513	0.475600	0.040100	0.094573	0.236966	0.142248	0.240253	0.010022	0.085332	0.142580	0.243278	0.278535	0.364092	0.164322	0.088391	0.046361	0.309651	0.027184	0.058402	0.220952	0.153573	0.222996	0.193378	0.150700	0.240253	0.010022	0.085332	0.142580	0.243278	0.278535	1,2,3,4,4,5	71.354689	1.119162	0.408908	1.081407	0.485976	0.485976	1.206673	
973000	-113928	1,2,3,3,3,4	71.354689	5.677908	6.070652	4.461869	4.461869	4.461869	6.145198	1,1,2,2,3,4	71.354689	0.532072	0.161974	0.275771	0.030183	0.532072	0.161974	0.275771	0.030183	0.255100	0.280276	0.005545	0.459080	0.255100	0.280276	0.005545	0.459080	0.144709	0.102933	0.058293	0.694066	0.123074	0.254134	0.311666	0.311126	1,1,2,3,4,2	71.354689	0.010107	0.363131	0.279009	0.038065	0.088939	0.220748	0.010107	0.363131	0.279009	0.038065	0.088939	0.220748	0.265937	0.026582	0.020405	0.213457	0.098150	0.375469	0.060802	0.057225	0.013806	0.311894	0.156075	0.400198	0.147858	0.563550	0.063404	0.086987	0.077623	0.060578	0.265937	0.026582	0.020405	0.213457	0.098150	0.375469	1,2,3,2,4,5	71.354689	1.007054	0.489853	0.790940	0.489853	0.404301	1.996161	
974000	-114511	1,2,3,4,4,5	71.354689	5.400318	6.015944	4.888696	4.167973	4.167973	5.338008	1,1,2,3,4,2	71.354689	0.500904	0.214007	0.267322	0.017767	0.500904	0.214007	0.267322	0.017767	0.201950	0.371226	0.200012	0.226812	0.019400	0.557928	0.051046	0.371626	0.161790	0.158455	0.127365	0.552390	0.201950	0.371226	0.200012	0.226812	1,1,2,3,4,5	71.354689	0.000749	0.120188	0.221978	0.005002	0.413763	0.238320	0.000749	0.120188	0.221978	0.005002	0.413763	0.238320	0.463835	0.110264	0.154388	0.032465	0.085759	0.153289	0.068682	0.218293	0.268623	0.178870	0.135956	0.129576	0.058090	0.642282	0.075727	0.077640	0.081178	0.065083	0.324448	0.096296	0.081370	0.076667	0.044528	0.376691	1,2,3,4,5,6	71.354689	1.173379	0.444578	0.968476	0.678595	0.482501	1.510941	
975000	-112303	1,2,3,3,4,5	71.354689	6.055764	6.259221	5.515037	5.515037	5.855641	6.171293	1,1,2,3,3,4	71.354689	0.547964	0.164912	0.264594	0.022530	0.547964	0.164912	0.264594	0.022530	0.233249	0.407244	0.072843	0.286665	0.293538	0.246987	0.168720	0.290755	0.293538	0.246987	0.168720	0.290755	0.178983	0.099862	0.318722	0.402432	1,1,2,3,4,2	71.354689	0.011056	0.331495	0.177442	0.049767	0.175294	0.254945	0.011056	0.331495	0.177442	0.049767	0.175294	0.254945	0.482080	0.023808	0.049285	0.028012	0.173258	0.243558	0.065697	0.317827	0.072232	0.035622	0.428403	0.080218	0.087462	0.346077	0.145854	0.300674	0.034361	0.085573	0.482080	0.023808	0.049285	0.028012	0.173258	0.243558	1,2,3,4,5,6	71.354689	1.025471	0.366809	1.144621	0.661298	0.544411	1.560163	
976000	-112628	1,2,3,4,5,1	71.354689	4.262194	5.631296	5.409574	6.164970	6.557764	4.262194	1,1,2,3,4,5	71.354689	0.494091	0.325143	0.172280	0.008486	0.494091	0.325143	0.172280	0.008486	0.349165	0.392226	0.015877	0.242732	0.113148	0.117560	0.065409	0.703883	0.478587	0.040003	0.171653	0.309756	0.405672	0.062500	0.416757	0.115070	1,1,2,3,3,2	71.354689	0.001383	0.304227	0.247676	0.026160	0.246681	0.173873	0.001383	0.304227	0.247676	0.026160	0.246681	0.173873	0.235068	0.034822	0.063510	0.146705	0.164489	0.355406	0.076031	0.437879	0.087790	0.131722	0.090085	0.176493	0.076031	0.437879	0.087790	0.131722	0.090085	0.176493	0.235068	0.034822	0.063510	0.146705	0.164489	0.355406	1,2,3,4,5,6	71.354689	1.144581	0.439472	1.107405	0.542751	0.438442	1.289375	
977000	-112944	1,2,3,4,5,6	71.354689	5.998811	6.530232	5.506301	5.437441	5.661776	6.003595	1,1,2,3,2,4	71.354689	0.550236	0.136107	0.302585	0.011072	0.550236	0.136107	0.302585	0.011072	0.437329	0.234410	0.222629	0.105632	0.037926	0.215822	0.041289	0.704964	0.437329	0.234410	0.222629	0.105632	0.124042	0.073625	0.482179	0.320153	1,1,2,3,4,2	71.354689	0.002572	0.202497	0.218296	0.026238	0.205873	0.344525	0.002572	0.202497	0.218296	0.026238	0.205873	0.344525	0.316828	0.067329	0.035330	0.152850	0.340263	0.087400	0.224128	0.111678	0.136481	0.162707	0.259865	0.105141	0.034188	0.215568	0.085917	0.160082	0.034537	0.469708	0.316828	0.067329	0.035330	0.152850	0.340263	0.087400	1,2,3,4,5,6	71.354689	0.874612	0.418774	0.925431	0.515807	0.482248	1.281038	
978000	-113155	1,2,3,4,5,6	71.354689	5.909997	6.178192	5.187701	4.957733	5.969807	5.630395	1,2,3,3,3,4	71.354689	0.390072	0.097707	0.496140	0.016081	0.615320	0.139421	0.170263	0.074996	0.226455	0.277944	0.104618	0.390983	0.226455	0.277944	0.104618	0.390983	0.226455	0.277944	0.104618	0.390983	0.283329	0.086417	0.428540	0.201714	1,1,2,3,4,5	71.354689	0.014931	0.338859	0.474255	0.033893	0.071001	0.067061	0.014931	0.338859	0.474255	0.033893	0.071001	0.067061	0.410476	0.044511	0.101513	0.002171	0.151778	0.289552	0.083491	0.085593	0.079536	0.024495	0.544870	0.182016	0.023975	0.366641	0.152642	0.113442	0.069352	0.273948	0.452869	0.052641	0.056235	0.198906	0.023815	0.215534	1,2,1,3,4,5	71.354689	1.232667	0.446711	1.232667	0.553158	0.506341	1.741058	
979000	-112545	1,2,1,3,1,1	71.354689	4.797441	6.348768	4.797441	5.607304	4.797441	4.797441	1,1,2,3,4,5	71.354689	0.510504	0.262813	0.216836	0.009846	0.510504	0.262813	0.216836	0.009846	0.213738	0.274136	0.082471	0.429655	0.057564	0.250606	0.008582	0.683247	0.552725	0.165371	0.192788	0.089116	0.028363	0.049352	0.672176	0.250108	1,1,2,3,4,2	71.354689	0.000599	0.265145	0.321551	0.017817	0.220501	0.174388	0.000599	0.265145	0.321551	0.017817	0.220501	0.174388	0.488435	0.038105	0.163459	0.069111	0.128717	0.112173	0.337569	0.132865	0.144892	0.074614	0.243140	0.066919	0.064366	0.146996	0.244034	0.084299	0.125860	0.334445	0.488435	0.038105	0.163459	0.069111	0.128717	0.112173	1,2,1,3,3,4	71.354689	1.152893	0.373161	1.152893	0.515823	0.515823	1.362386	
980000	-113611	1,2,3,3,4,5	71.354689	5.217109	6.042773	4.782053	4.782053	6.765176	5.515019	1,1,2,3,2,4	71.354689	0.483345	0.227749	0.272913	0.015992	0.483345	0.227749	0.272913	0.015992	0.259322	0.220999	0.270519	0.249159	0.246149	0.108822	0.065825	0.579204	0.259322	0.220999	0.270519	0.249159	0.159344	0.057801	0.278080	0.504775	1,1,2,3,4,2	71.354689	0.005199	0.347289	0.231928	0.038181	0.131146	0.246257	0.005199	0.347289	0.231928	0.038181	0.131146	0.246257	0.425736	0.024404	0.066656	0.074742	0.273765	0.134698	0.058365	0.511255	0.062948	0.058864	0.168388	0.140181	0.067298	0.399779	0.080259	0.189158	0.064098	0.199408	0.425736	0.024404	0.066656	0.074742	0.273765	0.134698	1,2,1,3,4,5	71.354689	0.938924	0.418408	0.938924	0.660308	0.453802	1.198499	
981000	-111852	1,2,3,4,4,5	71.354689	5.843641	5.597675	5.643543	4.732925	4.732925	5.965623	1,2,3,4,5,6	71.354689	0.524831	0.047374	0.367998	0.059798	0.556920	0.059716	0.317304	0.066059	0.320255	0.463290	0.070676	0.145779	0.030066	0.288649	0.040118	0.641167	0.412428	0.210101	0.171294	0.206177	0.338051	0.050217	0.252798	0.358934	1,2,3,4,5,3	71.354689	0.037322	0.364791	0.299409	0.239130	0.031091	0.028257	0.026030	0.295001	0.326531	0.152240	0.145629	0.054568	0.341410	0.030328	0.031241	0.186939	0.188323	0.221759	0.120826	0.071549	0.229696	0.156960	0.315518	0.105452	0.040929	0.229983	0.189233	0.222759	0.019801	0.297295	0.341410	0.030328	0.031241	0.186939	0.188323	0.221759	1,2,1,3,4,5	71.354689	1.050409	0.353321	1.050409	0.689823	0.403500	1.854747	
982000	-113283	1,2,3,4,5,6	71.354689	5.841817	6.713519	5.284062	4.984178	4.945996	6.408537	1,1,2,3,2,4	71.354689	0.577645	0.089330	0.293248	0.039778	0.577645	0.089330	0.293248	0.039778	0.389654	0.373821	0.110144	0.126381	0.235881	0.293396	0.197409	0.273314	0.389654	0.373821	0.110144	0.126381	0.179913	0.152980	0.447646	0.219461	1,2,3,4,1,3	71.354689	0.047507	0.313709	0.096743	0.069706	0.016052	0.456284	0.016076	0.469414	0.143329	0.046995	0.084528	0.239658	0.273992	0.008280	0.081078	0.118653	0.161272	0.356725	0.156509	0.017414	0.328544	0.053450	0.367566	0.076517	0.047507	0.313709	0.096743	0.069706	0.016052	0.456284	0.273992	0.008280	0.081078	0.118653	0.161272	0.356725	1,2,1,3,4,5	71.354689	1.019287	0.457962	1.019287	0.650911	0.432240	1.795347	
983000	-112579	1,2,3,4,5,6	71.354689	5.126222	6.139198	5.573288	5.934831	5.907198	5.976130	1,1,2,3,2,4	71.354689	0.603425	0.178838	0.206538	0.011199	0.603425	0.178838	0.206538	0.011199	0.342609	0.307421	0.084063	0.265907	0.010406	0.237736	0.072731	0.679127	0.342609	0.307421	0.084063	0.265907	0.329553	0.167430	0.363236	0.139781	1,1,2,3,4,2	71.354689	0.016613	0.438079	0.236552	0.016520	0.052567	0.239669	0.016613	0.438079	0.236552	0.016520	0.052567	0.239669	0.371781	0.039368	0.076469	0.065509	0.091659	0.355214	0.115723	0.144254	0.037851	0.045535	0.534794	0.121842	0.053393	0.507333	0.026351	0.030689	0.084495	0.297740	0.371781	0.039368	0.076469	0.065509	0.091659	0.355214	1,2,3,4,5,6	71.354689	0.993788	0.423387	1.008071	0.549080	0.476719	1.868720	
984000	-117935	1,2,3,2,4,5	71.354689	5.294526	4.659053	5.955168	4.659053	6.362125	6.155957	1,2,2,3,4,1	71.354689	0.357488	0.114595	0.314603	0.213314	0.410899	0.395841	0.113483	0.079777	0.410899	0.395841	0.113483	0.079777	0.317328	0.064007	0.002192	0.616473	0.491275	0.115923	0.206316	0.186486	0.357488	0.114595	0.314603	0.213314	1,2,3,4,1,1	71.354689	0.136752	0.305938	0.062093	0.086305	0.139847	0.269066	0.031891	0.417331	0.532928	0.004767	0.003931	0.009151	0.221381	0.279606	0.086143	0.078952	0.274149	0.059768	0.035090	0.289153	0.064494	0.298036	0.286750	0.026477	0.136752	0.305938	0.062093	0.086305	0.139847	0.269066	0.136752	0.305938	0.062093	0.086305	0.139847	0.269066	1,2,3,4,2,3	71.354689	1.209687	0.446778	1.228919	0.696551	0.446778	1.228919	
985000	-112808	1,2,3,3,2,4	71.354689	5.853534	5.509984	5.099656	5.099656	5.509984	5.678255	1,1,2,3,4,5	71.354689	0.533418	0.209517	0.242960	0.014105	0.533418	0.209517	0.242960	0.014105	0.234107	0.378040	0.102498	0.285355	0.179262	0.283941	0.021974	0.514824	0.474487	0.122403	0.085783	0.317326	0.306032	0.092037	0.325711	0.276220	1,1,2,3,4,2	71.354689	0.006521	0.354430	0.341371	0.022135	0.106141	0.169402	0.006521	0.354430	0.341371	0.022135	0.106141	0.169402	0.305837	0.002390	0.132464	0.148632	0.256872	0.153804	0.097421	0.265726	0.343673	0.116172	0.124360	0.052649	0.038956	0.364011	0.074492	0.114301	0.155983	0.252256	0.305837	0.002390	0.132464	0.148632	0.256872	0.153804	1,2,3,4,2,5	71.354689	1.072586	0.458745	0.947999	0.615656	0.458745	1.288614	
986000	-112180	1,2,3,4,5,6	71.354689	5.558954	6.417504	5.114218	5.098083	6.065958	5.323374	1,1,2,3,4,5	71.354689	0.577256	0.199643	0.209258	0.013843	0.577256	0.199643	0.209258	0.013843	0.187589	0.632514	0.039222	0.140675	0.212252	0.171065	0.074624	0.542058	0.454260	0.142313	0.169708	0.233718	0.247154	0.103119	0.226184	0.423543	1,1,2,3,4,2	71.354689	0.000018	0.333029	0.288412	0.043704	0.042036	0.292802	0.000018	0.333029	0.288412	0.043704	0.042036	0.292802	0.287355	0.030392	0.091715	0.073223	0.173380	0.343935	0.173462	0.156379	0.088214	0.068683	0.360646	0.152617	0.074790	0.302892	0.134331	0.196787	0.232834	0.058365	0.287355	0.030392	0.091715	0.073223	0.173380	0.343935	1,2,3,4,5,6	71.354689	1.257303	0.434978	1.040177	0.780932	0.596656	2.091987	
987000	-112981	1,2,2,2,2,3	71.354689	5.710758	4.399829	4.399829	4.399829	4.399829	5.384311	1,2,3,3,4,5	71.354689	0.375985	0.122957	0.405834	0.095224	0.527002	0.247342	0.152006	0.073650	0.254950	0.276269	0.150498	0.318284	0.254950	0.276269	0.150498	0.318284	0.251589	0.140169	0.406901	0.201342	0.148692	0.031021	0.564520	0.255767	1,1,2,3,4,2	71.354689	0.028609	0.426662	0.092546	0.091098	0.306427	0.054658	0.028609	0.426662	0.092546	0.091098	0.306427	0.054658	0.392465	0.028901	0.148865	0.120956	0.141509	0.167305	0.035685	0.164323	0.056013	0.086605	0.566932	0.090442	0.278205	0.151803	0.260709	0.142223	0.117964	0.049096	0.392465	0.028901	0.148865	0.120956	0.141509	0.167305	1,2,1,2,2,3	71.354689	0.953523	0.451287	0.953523	0.451287	0.451287	1.798699	
988000	-112868	1,2,3,2,4,5	71.354689	5.473675	5.028401	5.467368	5.028401	5.667998	6.289410	1,1,2,3,4,4	71.354689	0.308998	0.192511	0.389381	0.109110	0.308998	0.192511	0.389381	0.109110	0.241633	0.402462	0.070461	0.285443	0.060594	0.231133	0.147392	0.560881	0.309362	0.169481	0.294079	0.227078	0.309362	0.169481	0.294079	0.227078	1,1,2,3,4,2	71.354689	0.012442	0.550981	0.079064	0.085526	0.122051	0.149937	0.012442	0.550981	0.079064	0.085526	0.122051	0.149937	0.308752	0.026229	0.122815	0.129171	0.213117	0.199916	0.101974	0.062014	0.347869	0.003768	0.438005	0.046370	0.119425	0.117787	0.110433	0.390628	0.173991	0.087736	0.308752	0.026229	0.122815	0.129171	0.213117	0.199916	1,2,3,4,5,6	71.354689	1.091047	0.514850	1.147403	0.634364	0.429259	1.866159	
989000	-112691	1,1,2,3,4,5	71.354689	5.277474	5.277474	5.430216	5.176219	5.441239	5.889964	1,1,2,3,3,4	71.354689	0.477910	0.255995	0.212333	0.053761	0.477910	0.255995	0.212333	0.053761	0.284549	0.611230	0.020395	0.083827	0.408392	0.201033	0.079461	0.311114	0.408392	0.201033	0.079461	0.311114	0.184180	0.096027	0.378756	0.341037	1,1,2,3,4,2	71.354689	0.025320	0.605178	0.195645	0.032797	0.034479	0.106581	0.025320	0.605178	0.195645	0.032797	0.034479	0.106581	0.290432	0.043967	0.100926	0.140687	0.240545	0.183443	0.261957	0.039708	0.059433	0.039060	0.532960	0.066881	0.137802	0.250608	0.186700	0.239485	0.061340	0.124065	0.290432	0.043967	0.100926	0.140687	0.240545	0.183443	1,2,3,4,5,6	71.354689	1.200483	0.353064	0.947098	0.693967	0.462370	1.417341	
990000	-113389	1,2,3,4,5,6	71.354689	5.818298	5.850088	5.990328	5.145282	6.683024	6.511689	1,1,2,3,4,4	71.354689	0.450260	0.236152	0.274115	0.039473	0.450260	0.236152	0.274115	0.039473	0.252670	0.459990	0.136636	0.150703	0.288348	0.118055	0.010564	0.583033	0.361159	0.125967	0.210480	0.302394	0.361159	0.125967	0.210480	0.302394	1,1,2,3,4,2	71.354689	0.008571	0.606591	0.178860	0.043643	0.031743	0.130592	0.008571	0.606591	0.178860	0.043643	0.031743	0.130592	0.501742	0.017981	0.047292	0.140093	0.142048	0.150844	0.000970	0.354593	0.091572	0.080854	0.318150	0.153862	0.177423	0.134462	0.082585	0.081357	0.030790	0.493383	0.501742	0.017981	0.047292	0.140093	0.142048	0.150844	1,2,3,4,5,6	71.354689	1.237034	0.397552	1.207402	0.585391	0.469332	2.381229	
991000	-114770	1,2,3,4,1,5	71.354689	5.061826	5.369149	5.512949	5.890896	5.061826	5.862761	1,1,2,2,3,4	71.354689	0.525675	0.232400	0.206039	0.035886	0.525675	0.232400	0.206039	0.035886	0.101136	0.489807	0.203504	0.205553	0.101136	0.489807	0.203504	0.205553	0.261731	0.198275	0.253077	0.286917	0.108086	0.181419	0.416344	0.294151	1,1,2,3,4,2	71.354689	0.011977	0.317301	0.145418	0.058045	0.214738	0.252521	0.011977	0.317301	0.145418	0.058045	0.214738	0.252521	0.300872	0.022430	0.150602	0.083037	0.255119	0.187940	0.066920	0.521631	0.120062	0.090518	0.146250	0.054619	0.139625	0.166700	0.292283	0.149973	0.114911	0.136508	0.300872	0.022430	0.150602	0.083037	0.255119	0.187940	1,2,3,4,4,5	71.354689	1.330639	0.331006	1.118289	0.562194	0.562194	1.549736	
992000	-112572	1,2,2,3,4,5	71.354689	6.591761	5.260286	5.260286	6.145030	5.452472	5.940047	1,2,3,4,5,6	71.354689	0.324412	0.204619	0.462538	0.008431	0.620272	0.172256	0.137293	0.070180	0.307289	0.354169	0.078324	0.260218	0.222184	0.228679	0.122249	0.426888	0.445637	0.192968	0.112774	0.248621	0.088919	0.130175	0.602298	0.178608	1,1,2,3,4,5	71.354689	0.023455	0.582595	0.177147	0.049310	0.093893	0.073600	0.023455	0.582595	0.177147	0.049310	0.093893	0.073600	0.409979	0.177765	0.050620	0.029254	0.198663	0.133720	0.080126	0.004391	0.040381	0.145577	0.697535	0.031989	0.150444	0.172760	0.099036	0.198880	0.111900	0.266980	0.088628	0.027105	0.174563	0.128900	0.082253	0.498551	1,2,3,4,5,6	71.354689	1.187047	0.494730	0.766752	0.651812	0.486630	1.565940	
993000	-115341	1,1,2,1,2,3	71.354689	4.455794	4.455794	4.953767	4.455794	4.953767	6.371452	1,2,3,3,4,5	71.354689	0.360360	0.062162	0.445574	0.131904	0.280339	0.412765	0.235081	0.071815	0.149971	0.517258	0.091410	0.241361	0.149971	0.517258	0.091410	0.241361	0.540270	0.050667	0.130878	0.278185	0.182618	0.169273	0.306277	0.341832	1,1,2,2,3,4	71.354689	0.004175	0.521295	0.131013	0.098674	0.048965	0.195876	0.004175	0.521295	0.131013	0.098674	0.048965	0.195876	0.415011	0.161798	0.118477	0.035725	0.221358	0.047631	0.415011	0.161798	0.118477	0.035725	0.221358	0.047631	0.136686	0.345753	0.145503	0.321919	0.014258	0.035881	0.323437	0.078493	0.213009	0.166771	0.010013	0.208277	1,2,3,2,2,4	71.354689	1.274842	0.453821	1.128748	0.453821	0.453821	1.526113	
994000	-115196	1,2,3,2,4,5	71.354689	5.636778	3.985930	5.526849	3.985930	5.417901	6.505749	1,2,3,4,1,5	71.354689	0.390641	0.170985	0.287406	0.150969	0.495301	0.218280	0.095165	0.191254	0.192638	0.452766	0.202807	0.151789	0.404606	0.183552	0.130352	0.281490	0.390641	0.170985	0.287406	0.150969	0.354689	0.180854	0.274449	0.190009	1,1,2,2,3,4	71.354689	0.005171	0.723582	0.096514	0.079099	0.020516	0.075117	0.005171	0.723582	0.096514	0.079099	0.020516	0.075117	0.153304	0.161409	0.004469	0.010078	0.552195	0.118545	0.153304	0.161409	0.004469	0.010078	0.552195	0.118545	0.115747	0.178959	0.277349	0.230764	0.126816	0.070365	0.064497	0.039990	0.091960	0.022439	0.196549	0.584565	1,2,1,2,2,3	71.354689	1.044133	0.518606	1.044133	0.518606	0.518606	1.511027	
995000	-112934	1,2,3,4,5,6	71.354689	6.240257	6.047564	5.692779	5.092603	5.974750	5.366368	1,1,2,3,3,4	71.354689	0.515571	0.107172	0.345885	0.031372	0.515571	0.107172	0.345885	0.031372	0.313629	0.506089	0.031647	0.148634	0.400300	0.105179	0.110739	0.383783	0.400300	0.105179	0.110739	0.383783	0.111725	0.130946	0.307333	0.449995	1,1,2,3,4,2	71.354689	0.036197	0.465102	0.145465	0.034220	0.232205	0.086811	0.036197	0.465102	0.145465	0.034220	0.232205	0.086811	0.245903	0.133382	0.068460	0.104132	0.186003	0.262120	0.109850	0.319494	0.031650	0.002555	0.451245	0.085207	0.031672	0.247041	0.094952	0.280078	0.038756	0.307501	0.245903	0.133382	0.068460	0.104132	0.186003	0.262120	1,2,3,4,2,3	71.354689	1.082388	0.412397	1.118072	0.660355	0.412397	1.118072	
996000	-113471	1,2,1,1,1,3	71.354689	4.947201	5.419972	4.947201	4.947201	4.947201	6.171037	1,1,2,2,3,4	71.354689	0.519905	0.124059	0.238249	0.117787	0.519905	0.124059	0.238249	0.117787	0.184103	0.386004	0.096659	0.333234	0.184103	0.386004	0.096659	0.333234	0.493754	0.114588	0.250822	0.140836	0.079006	0.130551	0.505811	0.284632	1,1,2,3,4,2	71.354689	0.004934	0.725818	0.042057	0.130999	0.013470	0.082723	0.004934	0.725818	0.042057	0.130999	0.013470	0.082723	0.318869	0.000954	0.169770	0.122473	0.214689	0.173244	0.127106	0.314495	0.066622	0.215892	0.240178	0.035708	0.189941	0.108233	0.083169	0.256388	0.249820	0.112449	0.318869	0.000954	0.169770	0.122473	0.214689	0.173244	1,2,3,4,2,5	71.354689	1.100114	0.451184	1.117537	0.597203	0.451184	1.076806	
997000	-112557	1,2,2,3,2,4	71.354689	6.181404	4.313374	4.313374	5.727787	4.313374	6.085699	1,2,3,4,5,6	71.354689	0.354395	0.324110	0.272550	0.048945	0.436539	0.304521	0.236769	0.022171	0.241720	0.343147	0.053285	0.361848	0.039515	0.377987	0.137557	0.444941	0.336868	0.125102	0.265377	0.272653	0.272771	0.028315	0.375114	0.323801	1,1,2,3,3,2	71.354689	0.012766	0.581747	0.103387	0.149285	0.102286	0.050529	0.012766	0.581747	0.103387	0.149285	0.102286	0.050529	0.404443	0.028530	0.048353	0.163820	0.100736	0.254118	0.240319	0.139514	0.168692	0.083790	0.323585	0.044099	0.240319	0.139514	0.168692	0.083790	0.323585	0.044099	0.404443	0.028530	0.048353	0.163820	0.100736	0.254118	1,2,1,2,3,1	71.354689	1.161788	0.578366	1.161788	0.578366	0.552298	1.161788	
998000	-114437	1,2,3,3,3,4	71.354689	6.236481	6.041066	4.928657	4.928657	4.928657	6.009970	1,1,2,3,4,5	71.354689	0.520033	0.150536	0.289875	0.039556	0.520033	0.150536	0.289875	0.039556	0.166954	0.512669	0.232696	0.087681	0.195819	0.246831	0.111534	0.445817	0.351929	0.366918	0.194528	0.086625	0.222590	0.119533	0.480313	0.177564	1,1,2,3,2,4	71.354689	0.012741	0.368046	0.296082	0.059855	0.168620	0.094656	0.012741	0.368046	0.296082	0.059855	0.168620	0.094656	0.209486	0.186951	0.264340	0.047899	0.148522	0.142802	0.105675	0.141945	0.096051	0.285042	0.352614	0.018673	0.209486	0.186951	0.264340	0.047899	0.148522	0.142802	0.082838	0.026421	0.029443	0.081900	0.461116	0.318281	1,2,3,4,2,5	71.354689	1.117565	0.543740	0.962348	0.690698	0.543740	1.488703	
999000	-112776	1,2,1,1,1,3	71.354689	5.362442	6.465628	5.362442	5.362442	5.362442	6.919909	1,1,2,3,4,5	71.354689	0.651700	0.092849	0.224931	0.030520	0.651700	0.092849	0.224931	0.030520	0.195869	0.464151	0.052297	0.287684	0.159141	0.384759	0.034800	0.421299	0.446450	0.157780	0.074261	0.321508	0.131648	0.069857	0.452133	0.346362	1,1,2,3,4,5	71.354689	0.021579	0.407931	0.221171	0.095268	0.024550	0.229500	0.021579	0.407931	0.221171	0.095268	0.024550	0.229500	0.187650	0.091836	0.058055	0.298142	0.081097	0.283220	0.073721	0.262800	0.149551	0.204435	0.191979	0.117513	0.048231	0.409359	0.123577	0.130548	0.037181	0.251104	0.198565	0.011885	0.106222	0.033259	0.529715	0.120354	1,2,3,4,4,5	71.354689	0.963041	0.379755	1.080903	0.549213	0.549213	1.316806	
1000000	-112895	1,2,3,4,5,5	71.354689	5.805815	6.857133	5.535273	5.048338	5.929957	5.929957	1,1,2,3,3,4	71.354689	0.591870	0.094353	0.297537	0.016240	0.591870	0.094353	0.297537	0.016240	0.325791	0.292813	0.067160	0.314237	0.216968	0.183178	0.162983	0.436871	0.216968	0.183178	0.162983	0.436871	0.189839	0.023069	0.398534	0.388558	1,1,2,3,4,2	71.354689	0.007787	0.224770	0.236923	0.037071	0.235271	0.258179	0.007787	0.224770	0.236923	0.037071	0.235271	0.258179	0.387625	0.030578	0.092113	0.107660	0.143845	0.238179	0.011655	0.035563	0.257452	0.221120	0.404311	0.069899	0.177643	0.312809	0.064623	0.054218	0.037597	0.353111	0.387625	0.030578	0.092113	0.107660	0.143845	0.238179	1,2,3,4,2,5	71.354689	1.222417	0.506504	1.052132	0.582368	0.506504	1.954193	
