Gen	lnL	RGF(Length)	L(Alpha)	L(1,1)	L(2,1)	L(3,1)	L(4,1)	L(5,1)	L(6,1)	RGF(Pi)	Pi(Alpha)	Pi(1,A)	Pi(1,C)	Pi(1,G)	Pi(1,T)	Pi(2,A)	Pi(2,C)	Pi(2,G)	Pi(2,T)	Pi(3,A)	Pi(3,C)	Pi(3,G)	Pi(3,T)	Pi(4,A)	Pi(4,C)	Pi(4,G)	Pi(4,T)	Pi(5,A)	Pi(5,C)	Pi(5,G)	Pi(5,T)	Pi(6,A)	Pi(6,C)	Pi(6,G)	Pi(6,T)	RGF(R)	R(Alpha)	R(1,AC)	R(1,AG)	R(1,AT)	R(1,CG)	R(1,CT)	R(1,GT)	R(2,AC)	R(2,AG)	R(2,AT)	R(2,CG)	R(2,CT)	R(2,GT)	R(3,AC)	R(3,AG)	R(3,AT)	R(3,CG)	R(3,CT)	R(3,GT)	R(4,AC)	R(4,AG)	R(4,AT)	R(4,CG)	R(4,CT)	R(4,GT)	R(5,AC)	R(5,AG)	R(5,AT)	R(5,CG)	R(5,CT)	R(5,GT)	R(6,AC)	R(6,AG)	R(6,AT)	R(6,CG)	R(6,CT)	R(6,GT)	RGF(Alpha)	Alpha(Alpha)	Alpha(1,1)	Alpha(2,1)	Alpha(3,1)	Alpha(4,1)	Alpha(5,1)	Alpha(6,1)	
1	-116863	1,2,3,3,4,5	71.392419	5.496216	5.858033	4.015003	4.015003	5.952714	6.491298	1,2,3,1,4,1	71.249623	0.474245	0.235599	0.057678	0.232478	0.239244	0.103679	0.559883	0.097194	0.285077	0.168215	0.255003	0.291704	0.474245	0.235599	0.057678	0.232478	0.376787	0.092814	0.424091	0.106307	0.474245	0.235599	0.057678	0.232478	1,2,3,4,3,2	71.727175	0.086080	0.090254	0.433530	0.314606	0.012717	0.062812	0.171492	0.124218	0.107442	0.162619	0.105662	0.328567	0.073349	0.295370	0.195981	0.231000	0.043559	0.160740	0.142576	0.103374	0.142883	0.203697	0.072746	0.334724	0.073349	0.295370	0.195981	0.231000	0.043559	0.160740	0.171492	0.124218	0.107442	0.162619	0.105662	0.328567	1,2,3,1,3,4	71.467795	0.241172	2.935658	0.924208	0.241172	0.924208	1.016671	
1000	-116556	1,1,2,1,3,4	72.440612	4.556813	4.556813	6.426172	4.556813	6.429694	5.485044	1,2,3,1,2,4	70.456790	0.572898	0.149060	0.090808	0.187234	0.299801	0.098317	0.555175	0.046707	0.365155	0.105852	0.231836	0.297157	0.572898	0.149060	0.090808	0.187234	0.299801	0.098317	0.555175	0.046707	0.153650	0.495224	0.049304	0.301822	1,2,3,4,5,2	70.400403	0.020801	0.163097	0.604029	0.088154	0.109498	0.014421	0.109064	0.095560	0.320656	0.050056	0.098865	0.325799	0.031487	0.109238	0.139636	0.343640	0.083216	0.292784	0.086820	0.169037	0.114871	0.327676	0.197255	0.104341	0.093601	0.585699	0.059308	0.167960	0.048384	0.045047	0.109064	0.095560	0.320656	0.050056	0.098865	0.325799	1,2,3,1,4,4	72.008591	0.244649	3.754141	0.737109	0.244649	0.902260	0.902260	
2000	-119048	1,2,3,3,4,5	71.199830	6.142734	5.236689	5.130251	5.130251	5.822496	5.702441	1,2,2,1,3,4	70.494594	0.380331	0.205478	0.155756	0.258435	0.098193	0.026471	0.435715	0.439622	0.098193	0.026471	0.435715	0.439622	0.380331	0.205478	0.155756	0.258435	0.236964	0.215924	0.245807	0.301305	0.032775	0.531210	0.083754	0.352261	1,2,3,2,3,1	71.463958	0.135821	0.152472	0.390429	0.009752	0.129048	0.182479	0.158400	0.151844	0.083067	0.349840	0.158438	0.098410	0.261083	0.215402	0.117972	0.201367	0.149494	0.054681	0.158400	0.151844	0.083067	0.349840	0.158438	0.098410	0.261083	0.215402	0.117972	0.201367	0.149494	0.054681	0.135821	0.152472	0.390429	0.009752	0.129048	0.182479	1,2,3,1,4,5	72.111722	0.273545	3.017457	0.781657	0.273545	1.230111	0.835474	
3000	-118359	1,2,3,4,5,6	69.966765	5.616388	5.938165	5.815500	5.247673	6.129767	5.911610	1,2,3,4,5,3	73.583526	0.444325	0.221629	0.041391	0.292655	0.093323	0.076827	0.681682	0.148168	0.205907	0.159088	0.118270	0.516736	0.462819	0.491937	0.019305	0.025939	0.293379	0.294219	0.228329	0.184073	0.205907	0.159088	0.118270	0.516736	1,2,3,4,3,5	70.349326	0.048818	0.102448	0.252091	0.298829	0.255767	0.042047	0.005769	0.082208	0.153010	0.172042	0.333741	0.253230	0.349653	0.300444	0.124414	0.091467	0.000660	0.133361	0.026556	0.059590	0.232621	0.241726	0.226964	0.212543	0.349653	0.300444	0.124414	0.091467	0.000660	0.133361	0.105858	0.252096	0.062099	0.164787	0.346034	0.069125	1,2,3,4,5,6	73.297507	0.216612	1.909099	0.976279	0.251939	1.136390	0.965999	
4000	-117076	1,2,3,2,4,3	70.224456	5.559919	4.738768	6.563250	4.738768	6.793377	6.563250	1,2,3,4,2,1	72.375898	0.512385	0.115255	0.060680	0.311680	0.233599	0.243188	0.425952	0.097262	0.095449	0.147945	0.345963	0.410643	0.580877	0.255804	0.117818	0.045501	0.233599	0.243188	0.425952	0.097262	0.512385	0.115255	0.060680	0.311680	1,2,3,1,3,4	71.539700	0.078650	0.045119	0.288085	0.389514	0.094255	0.104377	0.065649	0.239770	0.023177	0.060198	0.036458	0.574748	0.004244	0.534904	0.286697	0.135518	0.012593	0.026045	0.078650	0.045119	0.288085	0.389514	0.094255	0.104377	0.004244	0.534904	0.286697	0.135518	0.012593	0.026045	0.094575	0.016139	0.024035	0.124702	0.662406	0.078143	1,2,3,4,5,6	69.869839	0.250814	2.233874	0.666535	0.216192	1.014524	0.699293	
5000	-117311	1,2,2,2,3,4	69.942322	6.615512	5.017250	5.017250	5.017250	6.568809	5.747644	1,2,3,4,2,4	71.482937	0.424196	0.286913	0.018135	0.270756	0.383851	0.119184	0.374540	0.122425	0.112952	0.125536	0.114608	0.646904	0.446276	0.182247	0.048968	0.322509	0.383851	0.119184	0.374540	0.122425	0.446276	0.182247	0.048968	0.322509	1,2,3,4,4,2	72.745169	0.004881	0.029957	0.283517	0.016252	0.054015	0.611378	0.114764	0.130827	0.061169	0.115974	0.307658	0.269607	0.005473	0.136838	0.136556	0.305680	0.055367	0.360086	0.127000	0.341189	0.139334	0.286542	0.086990	0.018945	0.127000	0.341189	0.139334	0.286542	0.086990	0.018945	0.114764	0.130827	0.061169	0.115974	0.307658	0.269607	1,2,3,1,4,4	71.239906	0.266298	1.367021	0.746662	0.266298	1.082249	1.082249	
6000	-116934	1,2,3,4,5,6	71.228657	5.140924	4.991615	5.941714	5.438151	6.872944	5.715039	1,2,1,3,4,5	71.314110	0.229594	0.095064	0.259634	0.415708	0.045217	0.028733	0.498589	0.427461	0.229594	0.095064	0.259634	0.415708	0.807150	0.083575	0.012869	0.096406	0.321849	0.189434	0.405617	0.083101	0.189196	0.438953	0.103846	0.268005	1,2,2,3,4,5	71.795241	0.070934	0.022991	0.320127	0.195789	0.218221	0.171938	0.186281	0.280709	0.096819	0.260379	0.014751	0.161061	0.186281	0.280709	0.096819	0.260379	0.014751	0.161061	0.019506	0.019209	0.173925	0.058726	0.377221	0.351413	0.145499	0.531969	0.080328	0.182536	0.002269	0.057399	0.085739	0.100717	0.136858	0.059170	0.235806	0.381710	1,2,3,4,5,6	71.345557	0.315848	2.430870	0.822945	0.232289	1.175369	0.980245	
7000	-116008	1,2,2,2,3,4	71.953233	5.501233	4.625673	4.625673	4.625673	6.447378	5.901420	1,2,3,4,2,5	73.202951	0.626230	0.085064	0.050822	0.237884	0.417280	0.086616	0.441691	0.054413	0.454950	0.025570	0.142428	0.377053	0.682291	0.178324	0.088446	0.050939	0.417280	0.086616	0.441691	0.054413	0.321479	0.222312	0.030796	0.425414	1,2,3,1,4,2	72.491464	0.030296	0.163162	0.156842	0.490377	0.123019	0.036305	0.115897	0.072077	0.170098	0.078189	0.129828	0.433912	0.002333	0.193721	0.106713	0.477198	0.043743	0.176291	0.030296	0.163162	0.156842	0.490377	0.123019	0.036305	0.064044	0.240157	0.060402	0.370950	0.205281	0.059165	0.115897	0.072077	0.170098	0.078189	0.129828	0.433912	1,2,3,4,5,6	69.807122	0.245622	2.825065	0.830896	0.175273	0.943410	1.018292	
8000	-115124	1,2,3,3,4,5	70.693804	5.604920	5.341327	5.294164	5.294164	6.367839	5.821998	1,2,3,4,5,6	71.014354	0.406510	0.157722	0.171771	0.263998	0.279339	0.054809	0.431921	0.233931	0.184300	0.153287	0.279779	0.382633	0.453003	0.134700	0.211955	0.200342	0.405144	0.128549	0.430380	0.035928	0.180030	0.398015	0.111030	0.310925	1,2,3,4,5,4	71.425795	0.075057	0.035188	0.470785	0.257859	0.127486	0.033625	0.241941	0.127291	0.106952	0.118191	0.162032	0.243594	0.058082	0.401662	0.145646	0.089042	0.102963	0.202603	0.162312	0.054183	0.213469	0.104847	0.189159	0.276030	0.141051	0.368064	0.103895	0.271572	0.067049	0.048369	0.162312	0.054183	0.213469	0.104847	0.189159	0.276030	1,2,3,4,5,5	70.566694	0.232428	3.369202	0.858849	0.196975	0.952151	0.952151	
9000	-116641	1,2,3,1,3,3	72.594716	5.179936	5.464784	6.651507	5.179936	6.651507	6.651507	1,2,3,1,2,4	71.083900	0.530354	0.220395	0.047157	0.202094	0.352380	0.064022	0.463243	0.120356	0.097869	0.106177	0.310420	0.485534	0.530354	0.220395	0.047157	0.202094	0.352380	0.064022	0.463243	0.120356	0.295338	0.158553	0.121275	0.424835	1,2,3,3,3,2	72.265012	0.064391	0.101294	0.269729	0.328581	0.028493	0.207513	0.053948	0.169025	0.055135	0.284034	0.071902	0.365957	0.040924	0.205896	0.097045	0.493094	0.079573	0.083469	0.040924	0.205896	0.097045	0.493094	0.079573	0.083469	0.040924	0.205896	0.097045	0.493094	0.079573	0.083469	0.053948	0.169025	0.055135	0.284034	0.071902	0.365957	1,2,3,4,5,3	70.605316	0.335741	2.534451	0.907451	0.242116	0.921008	0.907451	
10000	-116944	1,2,3,3,4,5	69.406823	6.115232	5.359725	4.490660	4.490660	6.515647	5.433350	1,2,1,3,2,1	71.239318	0.459119	0.173094	0.064793	0.302993	0.249563	0.102418	0.505291	0.142727	0.459119	0.173094	0.064793	0.302993	0.544510	0.196216	0.207721	0.051553	0.249563	0.102418	0.505291	0.142727	0.459119	0.173094	0.064793	0.302993	1,2,3,1,4,2	74.231996	0.058302	0.022852	0.465329	0.072946	0.150349	0.230222	0.059124	0.169674	0.119317	0.085941	0.297331	0.268613	0.081686	0.150183	0.085165	0.233348	0.242645	0.206973	0.058302	0.022852	0.465329	0.072946	0.150349	0.230222	0.527331	0.231117	0.057240	0.105935	0.034398	0.043979	0.059124	0.169674	0.119317	0.085941	0.297331	0.268613	1,2,3,4,5,5	69.765464	0.196508	1.507102	0.841698	0.168255	1.085130	1.085130	
11000	-118846	1,2,3,2,4,5	70.004275	5.600736	5.297346	6.576134	5.297346	6.571800	5.901157	1,2,2,3,2,4	70.777140	0.332890	0.235801	0.072754	0.358555	0.298068	0.067056	0.404661	0.230215	0.298068	0.067056	0.404661	0.230215	0.493681	0.088589	0.395283	0.022447	0.298068	0.067056	0.404661	0.230215	0.249649	0.341032	0.136049	0.273269	1,2,3,1,4,5	71.870674	0.051472	0.017754	0.430403	0.212931	0.198879	0.088560	0.131656	0.281421	0.060704	0.148596	0.006768	0.370855	0.009782	0.140191	0.163260	0.603915	0.044632	0.038221	0.051472	0.017754	0.430403	0.212931	0.198879	0.088560	0.140225	0.345399	0.049481	0.070091	0.327034	0.067770	0.074197	0.417817	0.196941	0.028823	0.147789	0.134434	1,2,3,4,5,6	70.666356	0.233117	2.518604	1.026901	0.134132	1.136827	0.769235	
12000	-115438	1,2,3,4,5,6	70.968596	5.763028	6.190973	6.640185	5.086446	6.178138	5.663834	1,2,3,4,5,6	71.632352	0.466153	0.089630	0.041082	0.403134	0.225188	0.047423	0.458962	0.268428	0.165382	0.056735	0.382831	0.395053	0.422209	0.422371	0.043688	0.111732	0.513546	0.071560	0.336603	0.078291	0.413591	0.110955	0.066020	0.409434	1,2,3,4,3,5	71.856819	0.125595	0.116257	0.293305	0.071576	0.083866	0.309401	0.066986	0.081917	0.143374	0.220761	0.284056	0.202906	0.138253	0.250536	0.066098	0.445699	0.025743	0.073671	0.004552	0.156505	0.095781	0.497139	0.224760	0.021263	0.138253	0.250536	0.066098	0.445699	0.025743	0.073671	0.104702	0.070047	0.063465	0.091619	0.352665	0.317502	1,2,3,4,5,6	72.464343	0.270285	2.586495	0.791199	0.152856	1.074837	0.970066	
13000	-117113	1,2,3,3,4,3	70.871761	5.339235	5.237201	4.914940	4.914940	7.291811	4.914940	1,2,3,1,3,4	70.474360	0.561172	0.174507	0.050569	0.213752	0.395050	0.033507	0.355783	0.215660	0.290286	0.148921	0.329593	0.231200	0.561172	0.174507	0.050569	0.213752	0.290286	0.148921	0.329593	0.231200	0.383893	0.121110	0.091405	0.403592	1,2,3,2,4,2	71.893952	0.002026	0.067009	0.307572	0.285040	0.168990	0.169364	0.045752	0.123756	0.104665	0.221550	0.099928	0.404349	0.028455	0.212086	0.247606	0.207998	0.071915	0.231940	0.045752	0.123756	0.104665	0.221550	0.099928	0.404349	0.131326	0.401218	0.020647	0.204461	0.157243	0.085106	0.045752	0.123756	0.104665	0.221550	0.099928	0.404349	1,2,3,4,3,5	71.349239	0.225585	2.779129	0.968995	0.165811	0.968995	1.088561	
14000	-117668	1,2,3,1,4,5	71.668643	4.788087	6.007540	5.354257	4.788087	6.866108	5.226750	1,2,1,2,2,1	70.659917	0.304666	0.113475	0.136751	0.445108	0.364654	0.123248	0.362118	0.149980	0.304666	0.113475	0.136751	0.445108	0.364654	0.123248	0.362118	0.149980	0.364654	0.123248	0.362118	0.149980	0.304666	0.113475	0.136751	0.445108	1,2,3,4,5,6	71.368659	0.036358	0.032616	0.407047	0.433677	0.056305	0.033998	0.063361	0.181854	0.026667	0.309981	0.139062	0.279075	0.362201	0.277186	0.081919	0.084966	0.013496	0.180232	0.232742	0.018826	0.201571	0.207735	0.068137	0.270989	0.268255	0.379885	0.063609	0.077737	0.016048	0.194464	0.171158	0.021437	0.156242	0.101877	0.376987	0.172298	1,2,3,4,5,6	72.204880	0.320196	2.238949	1.019465	0.156528	1.027766	0.863689	
15000	-116443	1,2,3,3,4,5	72.290783	6.068214	6.283578	4.447766	4.447766	5.389345	5.526807	1,2,3,1,2,1	73.381856	0.356195	0.330126	0.072277	0.241402	0.174295	0.070271	0.521620	0.233815	0.180702	0.089267	0.218981	0.511050	0.356195	0.330126	0.072277	0.241402	0.174295	0.070271	0.521620	0.233815	0.356195	0.330126	0.072277	0.241402	1,2,3,4,5,2	71.880258	0.059749	0.086693	0.509377	0.205921	0.040861	0.097400	0.029658	0.158987	0.187553	0.114122	0.223257	0.286424	0.005130	0.266154	0.058575	0.302259	0.083948	0.283934	0.089629	0.211514	0.138666	0.123560	0.306300	0.130330	0.372698	0.251944	0.023836	0.136704	0.071407	0.143411	0.029658	0.158987	0.187553	0.114122	0.223257	0.286424	1,2,3,4,5,3	69.359540	0.235678	2.317569	0.922777	0.158484	1.101312	0.922777	
16000	-118577	1,2,3,1,4,1	70.105877	4.023218	5.547170	6.717141	4.023218	6.318841	4.023218	1,2,3,4,4,5	71.540519	0.428033	0.161101	0.242047	0.168820	0.280613	0.180253	0.327320	0.211814	0.220479	0.142440	0.331865	0.305217	0.463864	0.188950	0.269522	0.077663	0.463864	0.188950	0.269522	0.077663	0.377410	0.338297	0.175702	0.108592	1,2,3,1,3,4	71.927460	0.114752	0.041937	0.466773	0.090172	0.247534	0.038833	0.233212	0.192974	0.183104	0.085091	0.036823	0.268796	0.027882	0.330206	0.264287	0.161602	0.052039	0.163984	0.114752	0.041937	0.466773	0.090172	0.247534	0.038833	0.027882	0.330206	0.264287	0.161602	0.052039	0.163984	0.145081	0.051976	0.077063	0.256574	0.301972	0.167333	1,2,3,4,5,6	70.690458	0.283276	2.847203	0.759294	0.145282	1.089069	0.918871	
17000	-116214	1,2,3,2,4,5	69.717292	5.765779	5.135182	5.598467	5.135182	6.326203	6.224486	1,2,3,4,2,5	71.755873	0.502654	0.148576	0.098462	0.250308	0.332778	0.142634	0.426796	0.097792	0.351206	0.092256	0.304974	0.251563	0.370604	0.417093	0.168693	0.043610	0.332778	0.142634	0.426796	0.097792	0.298548	0.165491	0.152507	0.383454	1,2,3,1,4,5	70.245569	0.033455	0.062084	0.386956	0.274631	0.235196	0.007677	0.028958	0.195214	0.202421	0.176444	0.129379	0.267583	0.098406	0.202597	0.100448	0.211908	0.204441	0.182200	0.033455	0.062084	0.386956	0.274631	0.235196	0.007677	0.089571	0.392151	0.158640	0.245310	0.002194	0.112135	0.169811	0.104579	0.139722	0.013651	0.200304	0.371934	1,2,3,4,5,6	70.410553	0.281869	2.815038	0.634172	0.167946	1.020577	1.087965	
18000	-116369	1,2,3,3,4,5	71.675128	5.091710	4.972567	4.275261	4.275261	6.805310	6.235568	1,2,3,4,2,1	71.886881	0.279558	0.235285	0.076506	0.408651	0.322205	0.130671	0.420477	0.126646	0.195445	0.206280	0.100580	0.497694	0.504018	0.377880	0.062657	0.055445	0.322205	0.130671	0.420477	0.126646	0.279558	0.235285	0.076506	0.408651	1,2,2,3,4,5	70.308625	0.078186	0.002676	0.188766	0.413768	0.072054	0.244549	0.041930	0.231027	0.157331	0.256624	0.054755	0.258334	0.041930	0.231027	0.157331	0.256624	0.054755	0.258334	0.024422	0.018882	0.238987	0.095959	0.152134	0.469616	0.077028	0.416825	0.175193	0.170801	0.089746	0.070407	0.223986	0.266143	0.186654	0.064652	0.194209	0.064356	1,2,3,4,3,3	70.386427	0.235317	2.942485	0.950443	0.104515	0.950443	0.950443	
19000	-117908	1,2,3,4,5,1	73.737629	5.564357	5.278080	5.994700	4.800340	6.278675	5.564357	1,2,3,2,2,4	70.479788	0.234852	0.415541	0.081472	0.268135	0.510820	0.069159	0.264338	0.155683	0.368197	0.066110	0.139055	0.426638	0.510820	0.069159	0.264338	0.155683	0.510820	0.069159	0.264338	0.155683	0.147036	0.488467	0.051719	0.312778	1,2,3,2,3,4	71.205695	0.031078	0.123492	0.476237	0.033148	0.025769	0.310276	0.211138	0.105116	0.173340	0.101481	0.105674	0.303252	0.156676	0.415365	0.062761	0.170810	0.058095	0.136295	0.211138	0.105116	0.173340	0.101481	0.105674	0.303252	0.156676	0.415365	0.062761	0.170810	0.058095	0.136295	0.100071	0.135186	0.336825	0.039283	0.189174	0.199461	1,2,3,4,5,6	70.863870	0.336338	1.706887	0.892758	0.197410	1.141557	1.000445	
20000	-117329	1,2,3,4,5,5	71.566033	5.193781	5.632688	6.798166	4.847283	6.831443	6.831443	1,2,2,1,3,4	70.081372	0.457768	0.218828	0.101716	0.221688	0.201295	0.125616	0.392097	0.280992	0.201295	0.125616	0.392097	0.280992	0.457768	0.218828	0.101716	0.221688	0.511799	0.111468	0.310950	0.065782	0.138108	0.306946	0.160669	0.394276	1,2,3,4,5,6	70.179951	0.032804	0.148704	0.352019	0.272950	0.123378	0.070145	0.021719	0.181864	0.340669	0.225053	0.049659	0.181035	0.020239	0.284311	0.084283	0.406196	0.094451	0.110520	0.159572	0.246792	0.139822	0.380090	0.069965	0.003759	0.237647	0.206747	0.086576	0.287921	0.159177	0.021931	0.169406	0.049045	0.076949	0.212762	0.160808	0.331030	1,2,3,4,3,3	71.244662	0.280933	3.559246	0.981004	0.194360	0.981004	0.981004	
21000	-116523	1,2,3,4,5,6	72.718904	5.447194	5.838130	6.645307	5.137341	6.530828	4.982643	1,2,3,4,2,5	71.732052	0.412967	0.160428	0.239253	0.187351	0.327398	0.051385	0.426181	0.195036	0.274109	0.066317	0.330783	0.328790	0.533028	0.310927	0.075757	0.080289	0.327398	0.051385	0.426181	0.195036	0.080436	0.303006	0.014258	0.602300	1,2,3,4,5,2	71.286595	0.144370	0.091631	0.397663	0.165309	0.136175	0.064852	0.153195	0.145662	0.195627	0.140984	0.166587	0.197946	0.174382	0.106084	0.167148	0.231566	0.131177	0.189642	0.119972	0.055726	0.228491	0.412028	0.175906	0.007878	0.625560	0.224148	0.047983	0.044045	0.044724	0.013540	0.153195	0.145662	0.195627	0.140984	0.166587	0.197946	1,2,3,4,5,6	70.751266	0.343228	3.180097	1.037070	0.295236	1.034027	1.016706	
22000	-116980	1,2,2,2,3,4	72.649088	5.178620	5.002783	5.002783	5.002783	5.653884	5.176808	1,2,1,3,4,5	71.999488	0.319983	0.143582	0.211497	0.324938	0.340584	0.055805	0.255686	0.347926	0.319983	0.143582	0.211497	0.324938	0.676069	0.066656	0.148169	0.109106	0.342629	0.164393	0.337953	0.155025	0.181883	0.325813	0.155103	0.337201	1,2,2,3,4,3	72.890205	0.120118	0.089683	0.317434	0.288009	0.030673	0.154084	0.020285	0.223258	0.167401	0.314826	0.007469	0.266760	0.020285	0.223258	0.167401	0.314826	0.007469	0.266760	0.039986	0.015265	0.283151	0.128093	0.381804	0.151701	0.176522	0.289587	0.158990	0.133965	0.079661	0.161276	0.039986	0.015265	0.283151	0.128093	0.381804	0.151701	1,2,3,1,4,5	70.847350	0.262919	1.992677	0.670734	0.262919	0.944325	0.752627	
23000	-116301	1,2,3,4,5,6	70.996109	5.803414	5.391729	5.439545	5.209747	6.829648	5.952260	1,2,2,3,4,1	71.515695	0.374938	0.206952	0.060097	0.358013	0.376290	0.022503	0.289350	0.311857	0.376290	0.022503	0.289350	0.311857	0.459451	0.236043	0.273250	0.031256	0.414238	0.106008	0.374750	0.105004	0.374938	0.206952	0.060097	0.358013	1,2,2,1,3,4	70.252497	0.057183	0.031843	0.396795	0.110127	0.237238	0.166812	0.060450	0.076435	0.051782	0.574983	0.143012	0.093338	0.060450	0.076435	0.051782	0.574983	0.143012	0.093338	0.057183	0.031843	0.396795	0.110127	0.237238	0.166812	0.118300	0.217936	0.042051	0.491029	0.007291	0.123392	0.105072	0.060439	0.241783	0.219893	0.270000	0.102814	1,2,3,4,3,3	71.493185	0.324428	1.812394	0.948673	0.196226	0.948673	0.948673	
24000	-117830	1,1,2,2,3,4	71.789854	5.431733	5.431733	5.291943	5.291943	6.153282	4.932085	1,2,3,4,5,6	70.499784	0.542636	0.159971	0.107244	0.190149	0.209875	0.020570	0.439478	0.330078	0.110471	0.136206	0.201828	0.551495	0.475420	0.414294	0.075075	0.035211	0.548455	0.149883	0.272246	0.029417	0.016699	0.381158	0.097242	0.504902	1,2,2,3,4,5	72.341424	0.042133	0.050254	0.306118	0.180323	0.356557	0.064615	0.006053	0.407364	0.085677	0.303845	0.001388	0.195673	0.006053	0.407364	0.085677	0.303845	0.001388	0.195673	0.010474	0.106860	0.363966	0.285018	0.233056	0.000626	0.151057	0.240177	0.049817	0.242126	0.215496	0.101327	0.344417	0.044443	0.205403	0.137232	0.204976	0.063529	1,2,3,1,4,4	72.226947	0.228058	1.971786	0.891390	0.228058	0.854136	0.854136	
25000	-117040	1,2,3,4,5,6	72.045138	5.264435	5.805749	5.227875	4.504483	6.496156	6.448869	1,2,3,4,4,3	71.291694	0.326766	0.158944	0.016858	0.497432	0.221032	0.084186	0.543822	0.150961	0.272763	0.161939	0.128896	0.436402	0.311750	0.200866	0.403756	0.083629	0.311750	0.200866	0.403756	0.083629	0.272763	0.161939	0.128896	0.436402	1,2,3,1,4,5	72.055203	0.121260	0.103263	0.399718	0.145531	0.043045	0.187183	0.062471	0.113615	0.146530	0.098853	0.293685	0.284847	0.161224	0.273394	0.100479	0.098011	0.083870	0.283022	0.121260	0.103263	0.399718	0.145531	0.043045	0.187183	0.203621	0.271449	0.129577	0.094301	0.083746	0.217307	0.149642	0.014391	0.109734	0.116815	0.367863	0.241554	1,2,3,4,5,6	73.286286	0.288059	2.312598	0.472973	0.142587	1.344427	1.071543	
26000	-115330	1,2,3,1,4,5	70.706719	4.747583	5.921027	5.848183	4.747583	5.993844	5.660353	1,2,3,1,2,4	71.803457	0.401996	0.325704	0.131653	0.140647	0.264886	0.064329	0.562664	0.108121	0.271664	0.016683	0.240177	0.471476	0.401996	0.325704	0.131653	0.140647	0.264886	0.064329	0.562664	0.108121	0.103848	0.275339	0.034169	0.586644	1,2,3,2,4,5	71.511203	0.039831	0.073518	0.498985	0.077420	0.160150	0.150096	0.068282	0.090667	0.206451	0.139860	0.221801	0.272940	0.325417	0.053984	0.032120	0.396992	0.158144	0.033344	0.068282	0.090667	0.206451	0.139860	0.221801	0.272940	0.315284	0.246919	0.011666	0.209701	0.194656	0.021775	0.169728	0.191742	0.083887	0.128281	0.136063	0.290300	1,2,3,4,5,6	70.848344	0.414498	2.289711	0.793740	0.347024	1.162035	1.110218	
27000	-117536	1,2,3,4,5,6	70.773468	5.495636	5.691604	5.944717	5.055594	6.436374	5.556479	1,2,3,4,2,5	70.150098	0.465012	0.124704	0.046478	0.363806	0.254906	0.087260	0.497441	0.160394	0.282627	0.000822	0.372192	0.344358	0.458791	0.333739	0.152124	0.055346	0.254906	0.087260	0.497441	0.160394	0.102374	0.422083	0.062001	0.413542	1,1,2,2,3,4	71.639723	0.052649	0.152508	0.242029	0.204307	0.131653	0.216855	0.052649	0.152508	0.242029	0.204307	0.131653	0.216855	0.149407	0.181127	0.134066	0.285445	0.176789	0.073166	0.149407	0.181127	0.134066	0.285445	0.176789	0.073166	0.203945	0.408195	0.021222	0.158520	0.202967	0.005152	0.013863	0.029982	0.353461	0.110470	0.339156	0.153068	1,2,3,4,5,3	72.508985	0.286920	2.958885	0.808424	0.305225	1.237227	0.808424	
28000	-116947	1,2,3,4,5,6	72.181121	6.343514	5.783645	5.339441	5.162464	6.437626	6.130410	1,2,3,4,2,1	70.835315	0.396433	0.162995	0.096599	0.343973	0.311139	0.104035	0.404314	0.180512	0.119545	0.020736	0.434824	0.424896	0.352607	0.227721	0.254956	0.164716	0.311139	0.104035	0.404314	0.180512	0.396433	0.162995	0.096599	0.343973	1,2,3,3,4,4	72.335223	0.040213	0.127159	0.422815	0.380050	0.029502	0.000262	0.084076	0.127567	0.238774	0.132346	0.035635	0.381603	0.018567	0.163465	0.164244	0.266991	0.261052	0.125681	0.018567	0.163465	0.164244	0.266991	0.261052	0.125681	0.070913	0.291632	0.104982	0.105901	0.372398	0.054175	0.070913	0.291632	0.104982	0.105901	0.372398	0.054175	1,2,3,1,4,5	72.675514	0.193637	2.943095	0.973846	0.193637	1.068342	1.008766	
29000	-115735	1,2,3,2,4,5	72.681651	5.622295	4.392867	5.420490	4.392867	6.409182	5.795253	1,2,3,4,5,6	71.095217	0.359913	0.186503	0.177821	0.275763	0.183307	0.107501	0.415387	0.293805	0.170693	0.171535	0.317748	0.340024	0.796053	0.147262	0.016304	0.040380	0.429122	0.120458	0.283452	0.166968	0.191474	0.396105	0.060754	0.351666	1,2,2,3,4,5	70.733630	0.007375	0.073788	0.539591	0.071241	0.239793	0.068212	0.016470	0.325584	0.155374	0.288675	0.037122	0.176774	0.016470	0.325584	0.155374	0.288675	0.037122	0.176774	0.009074	0.218524	0.212748	0.162713	0.257487	0.139453	0.319766	0.373253	0.088834	0.125788	0.002081	0.090278	0.035383	0.283310	0.171455	0.112888	0.270521	0.126444	1,2,3,4,5,6	71.217398	0.282205	2.374693	0.739126	0.276093	0.850686	0.919507	
30000	-115886	1,2,3,3,4,5	70.481033	6.147675	5.278868	4.435377	4.435377	6.650669	6.508808	1,2,3,1,2,4	71.938126	0.431963	0.183684	0.063954	0.320399	0.291968	0.111184	0.384545	0.212303	0.176895	0.148347	0.075725	0.599033	0.431963	0.183684	0.063954	0.320399	0.291968	0.111184	0.384545	0.212303	0.230602	0.263080	0.086592	0.419726	1,2,3,4,5,6	70.120167	0.050901	0.029535	0.225495	0.525186	0.061888	0.106996	0.046045	0.290365	0.162403	0.095555	0.041243	0.364390	0.049848	0.387305	0.139636	0.312805	0.002571	0.107835	0.068305	0.243477	0.061988	0.256105	0.031443	0.338682	0.474983	0.269926	0.069903	0.175499	0.005760	0.003929	0.075294	0.207626	0.146247	0.322607	0.176905	0.071321	1,2,3,4,5,6	71.232297	0.293272	3.349192	1.028231	0.221201	1.103063	1.064040	
31000	-115702	1,2,3,4,5,6	72.285198	6.142853	6.732217	5.463443	4.588097	5.781660	5.552894	1,2,3,4,2,5	70.211922	0.442638	0.185422	0.106536	0.265404	0.274264	0.071438	0.530844	0.123454	0.263775	0.137834	0.241512	0.356879	0.621283	0.047826	0.192813	0.138077	0.274264	0.071438	0.530844	0.123454	0.106314	0.217025	0.160066	0.516596	1,2,3,4,5,4	70.686647	0.031641	0.001170	0.391725	0.321421	0.182201	0.071841	0.029651	0.077737	0.090955	0.181379	0.398081	0.222197	0.043390	0.523524	0.112041	0.193478	0.017428	0.110139	0.116243	0.095885	0.264226	0.086237	0.293598	0.143812	0.475954	0.216823	0.130088	0.112572	0.053149	0.011414	0.116243	0.095885	0.264226	0.086237	0.293598	0.143812	1,2,3,1,4,5	70.913101	0.247213	3.472387	0.651746	0.247213	1.137360	1.069696	
32000	-116277	1,2,3,4,5,6	70.717192	6.377260	6.058238	6.720522	5.634381	6.396208	5.630425	1,2,3,1,2,4	71.778133	0.559013	0.111129	0.056099	0.273759	0.338090	0.060950	0.499258	0.101702	0.176733	0.144327	0.356630	0.322309	0.559013	0.111129	0.056099	0.273759	0.338090	0.060950	0.499258	0.101702	0.389470	0.267942	0.017678	0.324910	1,2,3,4,4,2	70.667366	0.029687	0.037267	0.374197	0.036223	0.205428	0.317197	0.126579	0.060600	0.104408	0.215026	0.273064	0.220323	0.035960	0.172972	0.314640	0.382539	0.029195	0.064695	0.129365	0.280882	0.074857	0.363107	0.101643	0.050146	0.129365	0.280882	0.074857	0.363107	0.101643	0.050146	0.126579	0.060600	0.104408	0.215026	0.273064	0.220323	1,2,3,1,4,4	71.335322	0.316915	4.746177	0.704651	0.316915	0.993990	0.993990	
33000	-117216	1,2,3,4,5,6	71.393885	5.384699	6.063145	5.694003	6.669163	5.971936	5.355125	1,2,3,4,1,5	70.530043	0.399863	0.048481	0.249317	0.302339	0.188265	0.083185	0.570245	0.158305	0.278722	0.103527	0.265896	0.351855	0.297535	0.577435	0.090576	0.034453	0.399863	0.048481	0.249317	0.302339	0.072954	0.390042	0.229643	0.307361	1,2,3,4,5,1	70.399316	0.099252	0.084034	0.293484	0.162940	0.234446	0.125845	0.095186	0.100070	0.376936	0.052991	0.111471	0.263346	0.069971	0.231829	0.141963	0.264020	0.065859	0.226358	0.005381	0.015317	0.197760	0.326371	0.029576	0.425594	0.175142	0.358511	0.035741	0.182373	0.229623	0.018610	0.099252	0.084034	0.293484	0.162940	0.234446	0.125845	1,2,3,4,5,3	71.174316	0.268677	1.627775	0.937360	0.116998	1.201703	0.937360	
34000	-117192	1,2,3,3,4,5	71.524642	5.465479	5.741969	5.220525	5.220525	6.828552	6.152117	1,2,3,1,3,1	71.192095	0.369984	0.236199	0.129693	0.264125	0.145480	0.030538	0.666203	0.157779	0.340554	0.116842	0.339472	0.203131	0.369984	0.236199	0.129693	0.264125	0.340554	0.116842	0.339472	0.203131	0.369984	0.236199	0.129693	0.264125	1,1,2,3,4,3	71.655525	0.063278	0.130144	0.329769	0.205070	0.074346	0.197394	0.063278	0.130144	0.329769	0.205070	0.074346	0.197394	0.275585	0.144087	0.139652	0.133999	0.077198	0.229480	0.123992	0.232902	0.077460	0.206950	0.275811	0.082885	0.252489	0.462228	0.182827	0.028570	0.026702	0.047184	0.123992	0.232902	0.077460	0.206950	0.275811	0.082885	1,2,3,1,4,5	72.374610	0.253708	2.635150	0.649003	0.253708	1.090874	0.942438	
35000	-116260	1,2,3,1,4,5	70.331544	4.239727	6.012221	5.108260	4.239727	6.630880	5.651929	1,2,3,4,5,6	70.444020	0.299974	0.186474	0.098299	0.415253	0.065774	0.090345	0.642194	0.201688	0.396659	0.053581	0.258060	0.291700	0.646479	0.179880	0.026658	0.146983	0.296069	0.149018	0.417133	0.137780	0.340665	0.247820	0.028276	0.383239	1,2,2,3,4,5	70.764373	0.176655	0.093402	0.246423	0.241590	0.084617	0.157313	0.092089	0.118434	0.134482	0.180798	0.302550	0.171646	0.092089	0.118434	0.134482	0.180798	0.302550	0.171646	0.038162	0.284519	0.058790	0.522903	0.038222	0.057404	0.129732	0.506289	0.048639	0.154961	0.073036	0.087343	0.067849	0.008423	0.154254	0.090637	0.188181	0.490656	1,2,3,1,4,5	69.333587	0.237051	3.691483	0.907099	0.237051	0.945508	1.015702	
36000	-116987	1,2,2,3,4,5	73.032521	5.857189	5.474882	5.474882	5.314200	6.147818	5.925063	1,2,3,4,2,1	71.999214	0.350578	0.155695	0.047675	0.446052	0.277675	0.065296	0.490721	0.166308	0.065416	0.019327	0.185036	0.730221	0.452628	0.246802	0.042736	0.257834	0.277675	0.065296	0.490721	0.166308	0.350578	0.155695	0.047675	0.446052	1,2,3,4,5,4	71.959573	0.033483	0.354343	0.386696	0.076295	0.104818	0.044365	0.085338	0.099832	0.463957	0.040509	0.143811	0.166553	0.132585	0.278887	0.115665	0.230447	0.092704	0.149712	0.116888	0.232689	0.132171	0.161485	0.246797	0.109970	0.193182	0.298885	0.247410	0.141415	0.105101	0.014008	0.116888	0.232689	0.132171	0.161485	0.246797	0.109970	1,2,3,4,5,3	70.029088	0.227400	2.320773	1.024140	0.244521	0.952325	1.024140	
37000	-116623	1,2,3,1,4,5	72.087752	4.720451	5.498177	4.868643	4.720451	7.169369	6.557471	1,2,2,1,3,4	71.615883	0.520544	0.166305	0.135618	0.177532	0.265322	0.005795	0.415453	0.313431	0.265322	0.005795	0.415453	0.313431	0.520544	0.166305	0.135618	0.177532	0.348013	0.161175	0.234513	0.256300	0.169819	0.280132	0.076836	0.473213	1,2,2,3,4,5	70.921706	0.013567	0.097757	0.494132	0.020106	0.317659	0.056779	0.068536	0.123600	0.093233	0.330694	0.268364	0.115572	0.068536	0.123600	0.093233	0.330694	0.268364	0.115572	0.075045	0.046923	0.084692	0.213778	0.163269	0.416293	0.222652	0.624537	0.001752	0.057266	0.028753	0.065039	0.040074	0.064589	0.165567	0.142538	0.129048	0.458183	1,2,3,1,4,5	72.107157	0.184837	2.170785	0.702056	0.184837	1.125845	0.850699	
38000	-117720	1,1,2,2,3,4	70.426569	5.445082	5.445082	4.494604	4.494604	6.184985	5.865341	1,2,3,4,4,1	70.032266	0.266209	0.312532	0.060311	0.360948	0.258825	0.229147	0.411111	0.100917	0.235933	0.171184	0.093808	0.499076	0.304762	0.232002	0.335615	0.127621	0.304762	0.232002	0.335615	0.127621	0.266209	0.312532	0.060311	0.360948	1,2,2,3,4,3	69.112547	0.007864	0.028109	0.401834	0.274554	0.136034	0.151604	0.041217	0.151538	0.113916	0.123647	0.097057	0.472625	0.041217	0.151538	0.113916	0.123647	0.097057	0.472625	0.073941	0.112841	0.183057	0.186066	0.193869	0.250225	0.105124	0.330154	0.008179	0.238841	0.261313	0.056389	0.073941	0.112841	0.183057	0.186066	0.193869	0.250225	1,2,3,4,5,6	72.574105	0.308419	2.285875	1.020018	0.191966	1.036077	0.978774	
39000	-116106	1,2,3,4,5,4	71.647920	5.518529	5.023302	6.106327	4.937126	5.850647	4.937126	1,2,3,4,5,1	70.619967	0.330656	0.136261	0.151447	0.381637	0.212933	0.088906	0.432205	0.265957	0.104138	0.088507	0.418563	0.388792	0.457678	0.186736	0.233647	0.121939	0.349200	0.244269	0.327035	0.079496	0.330656	0.136261	0.151447	0.381637	1,2,3,4,5,6	72.361178	0.091871	0.032810	0.591817	0.102738	0.136256	0.044508	0.079397	0.143077	0.134721	0.046581	0.216430	0.379793	0.119746	0.244220	0.264280	0.063347	0.147003	0.161405	0.077264	0.071391	0.438415	0.061570	0.139877	0.211483	0.052315	0.448892	0.118154	0.219240	0.061041	0.100358	0.233157	0.028883	0.156958	0.153009	0.315509	0.112485	1,2,3,4,5,3	72.801397	0.399363	2.760631	0.956290	0.141211	0.969490	0.956290	
40000	-118245	1,2,3,1,4,5	70.721009	4.335906	5.084306	4.912049	4.335906	6.178967	6.180685	1,2,3,4,4,5	71.845305	0.298825	0.152179	0.062363	0.486633	0.337429	0.215237	0.232098	0.215236	0.071281	0.123725	0.279767	0.525228	0.510295	0.172758	0.254463	0.062484	0.510295	0.172758	0.254463	0.062484	0.270687	0.292693	0.063462	0.373158	1,2,3,4,3,5	69.517343	0.278450	0.100483	0.367624	0.144516	0.009482	0.099445	0.196529	0.149151	0.066033	0.358613	0.011024	0.218650	0.236016	0.325984	0.140592	0.098497	0.144568	0.054343	0.045009	0.072273	0.252849	0.153156	0.475379	0.001334	0.236016	0.325984	0.140592	0.098497	0.144568	0.054343	0.079742	0.055267	0.164577	0.190334	0.173241	0.336839	1,2,3,4,5,6	71.742737	0.217969	2.434715	0.796962	0.212044	0.977657	0.903640	
41000	-116314	1,2,3,3,4,5	72.042918	5.730154	5.796167	5.088835	5.088835	5.741530	5.780208	1,2,3,1,2,3	71.655519	0.367924	0.228826	0.178100	0.225149	0.215794	0.101435	0.511380	0.171391	0.262188	0.170615	0.173864	0.393332	0.367924	0.228826	0.178100	0.225149	0.215794	0.101435	0.511380	0.171391	0.262188	0.170615	0.173864	0.393332	1,2,3,4,5,6	71.125928	0.190301	0.110279	0.426211	0.165641	0.028350	0.079219	0.050182	0.129187	0.260246	0.223169	0.022920	0.314298	0.023444	0.502958	0.039343	0.163607	0.020859	0.249788	0.110087	0.100665	0.199369	0.233908	0.221370	0.134600	0.068980	0.424075	0.055564	0.179672	0.183620	0.088089	0.093348	0.020496	0.251980	0.111966	0.399283	0.122927	1,2,3,1,4,5	72.851398	0.201982	1.375560	0.663057	0.201982	1.216227	1.196705	
42000	-117297	1,2,3,3,4,3	71.661017	5.669288	6.009175	5.140855	5.140855	5.813188	5.140855	1,2,3,1,2,4	71.508832	0.493934	0.194405	0.074209	0.237453	0.398539	0.097869	0.313779	0.189813	0.248805	0.129954	0.381396	0.239846	0.493934	0.194405	0.074209	0.237453	0.398539	0.097869	0.313779	0.189813	0.289750	0.280809	0.101549	0.327891	1,2,3,4,5,4	71.280065	0.077440	0.106905	0.556248	0.098724	0.117375	0.043307	0.114036	0.069107	0.118834	0.200635	0.227323	0.270064	0.007008	0.141745	0.532174	0.086462	0.074932	0.157678	0.105915	0.117610	0.119984	0.135090	0.263904	0.257497	0.095915	0.190801	0.036770	0.268635	0.361488	0.046391	0.105915	0.117610	0.119984	0.135090	0.263904	0.257497	1,2,3,4,5,6	72.125164	0.286699	1.768811	0.757523	0.323158	1.041005	0.932515	
43000	-116162	1,2,3,4,5,6	72.560320	5.367698	5.730485	6.762620	5.328402	6.378928	5.590682	1,2,3,4,2,1	70.462610	0.423475	0.216418	0.091910	0.268197	0.268101	0.079904	0.514786	0.137209	0.343178	0.130299	0.228302	0.298221	0.469653	0.216150	0.143725	0.170473	0.268101	0.079904	0.514786	0.137209	0.423475	0.216418	0.091910	0.268197	1,2,3,4,5,4	70.972322	0.070512	0.048102	0.479683	0.131200	0.045951	0.224553	0.105165	0.101798	0.164193	0.056256	0.053658	0.518929	0.078880	0.306032	0.050113	0.138707	0.136327	0.289941	0.031481	0.120144	0.127815	0.286858	0.306518	0.127185	0.295998	0.172479	0.122096	0.228520	0.101344	0.079563	0.031481	0.120144	0.127815	0.286858	0.306518	0.127185	1,2,3,1,4,3	70.922402	0.272457	1.396818	0.858883	0.272457	1.290208	0.858883	
44000	-116956	1,2,3,4,5,6	70.252586	6.576355	5.286271	5.376619	5.155918	5.935674	6.081527	1,2,3,1,4,5	71.369455	0.497824	0.191786	0.084620	0.225770	0.286935	0.113601	0.536822	0.062641	0.239431	0.209806	0.233144	0.317618	0.497824	0.191786	0.084620	0.225770	0.326318	0.316807	0.254252	0.102623	0.336425	0.317791	0.059862	0.285922	1,2,2,2,3,2	70.107424	0.026769	0.004141	0.649190	0.166506	0.012513	0.140882	0.079231	0.141512	0.126085	0.272301	0.067246	0.313625	0.079231	0.141512	0.126085	0.272301	0.067246	0.313625	0.079231	0.141512	0.126085	0.272301	0.067246	0.313625	0.039511	0.507511	0.185603	0.237501	0.013481	0.016393	0.079231	0.141512	0.126085	0.272301	0.067246	0.313625	1,2,3,4,3,3	69.945674	0.450195	1.026222	0.871003	0.198083	0.871003	0.871003	
45000	-116469	1,2,3,2,4,5	70.903874	6.471290	4.738955	5.485458	4.738955	6.885055	5.254663	1,2,3,4,2,5	70.677217	0.500784	0.143646	0.091674	0.263896	0.372508	0.117890	0.471334	0.038267	0.120103	0.168468	0.239789	0.471640	0.611003	0.074876	0.127011	0.187110	0.372508	0.117890	0.471334	0.038267	0.364562	0.155528	0.022550	0.457359	1,2,3,4,5,6	70.296881	0.129289	0.045427	0.304597	0.354477	0.052924	0.113286	0.028101	0.099111	0.055554	0.163486	0.011846	0.641902	0.249172	0.282473	0.278264	0.020115	0.009834	0.160142	0.104173	0.123190	0.164623	0.210657	0.217630	0.179727	0.302784	0.205728	0.188824	0.069232	0.116495	0.116937	0.084402	0.043959	0.057030	0.123202	0.253951	0.437456	1,2,3,4,5,5	73.119054	0.262832	2.177761	0.763837	0.230609	1.010883	1.010883	
46000	-116192	1,2,3,3,4,5	70.987314	5.834261	5.685948	4.676622	4.676622	6.660718	5.795866	1,2,3,4,2,3	70.287603	0.624991	0.098354	0.022737	0.253917	0.335603	0.110434	0.437402	0.116561	0.237557	0.226151	0.102225	0.434067	0.448645	0.138722	0.321181	0.091451	0.335603	0.110434	0.437402	0.116561	0.237557	0.226151	0.102225	0.434067	1,2,2,3,4,3	72.908764	0.078807	0.085268	0.403027	0.089809	0.280268	0.062821	0.158970	0.199947	0.078525	0.134133	0.016634	0.411790	0.158970	0.199947	0.078525	0.134133	0.016634	0.411790	0.188652	0.040073	0.222119	0.109265	0.258935	0.180955	0.118339	0.373107	0.029813	0.303568	0.112356	0.062818	0.188652	0.040073	0.222119	0.109265	0.258935	0.180955	1,2,3,4,5,3	71.886174	0.289922	2.136883	1.003389	0.199025	1.041569	1.003389	
47000	-117169	1,2,1,1,3,4	72.674106	4.655857	5.661990	4.655857	4.655857	6.438631	5.655877	1,2,3,4,5,3	69.173007	0.573428	0.209238	0.033572	0.183762	0.289316	0.064345	0.528354	0.117985	0.262911	0.334952	0.144623	0.257514	0.526642	0.303004	0.064991	0.105362	0.323078	0.156624	0.350444	0.169855	0.262911	0.334952	0.144623	0.257514	1,2,3,2,4,5	70.500183	0.024463	0.027105	0.187253	0.435116	0.167490	0.158573	0.077444	0.115635	0.198619	0.279414	0.151232	0.177656	0.133915	0.046917	0.257562	0.112651	0.004044	0.444911	0.077444	0.115635	0.198619	0.279414	0.151232	0.177656	0.269082	0.347327	0.057824	0.201067	0.051530	0.073170	0.168588	0.201177	0.205422	0.057971	0.170306	0.196536	1,2,3,4,5,2	73.665292	0.278231	1.078961	0.830009	0.215381	1.249127	1.078961	
48000	-118334	1,2,3,1,4,5	71.936726	4.404997	6.488143	4.800330	4.404997	6.173351	6.158287	1,1,2,3,4,5	69.922680	0.305779	0.110603	0.390394	0.193225	0.305779	0.110603	0.390394	0.193225	0.069907	0.124886	0.153202	0.652005	0.357655	0.325818	0.180662	0.135865	0.324952	0.211854	0.403876	0.059318	0.087262	0.385338	0.145431	0.381968	1,2,3,4,3,4	73.168411	0.090582	0.030873	0.677243	0.180836	0.001539	0.018928	0.004594	0.047585	0.129532	0.504972	0.144033	0.169285	0.133013	0.273145	0.105673	0.194368	0.127899	0.165902	0.070001	0.290526	0.162446	0.090574	0.207511	0.178942	0.133013	0.273145	0.105673	0.194368	0.127899	0.165902	0.070001	0.290526	0.162446	0.090574	0.207511	0.178942	1,2,3,1,4,4	71.266406	0.199981	1.293660	0.908910	0.199981	0.969636	0.969636	
49000	-115474	1,2,3,3,4,5	71.361156	5.434663	5.855481	4.867801	4.867801	5.802457	5.507904	1,2,3,4,5,1	71.550276	0.401198	0.289614	0.033049	0.276139	0.206622	0.013704	0.479273	0.300401	0.282490	0.170709	0.207286	0.339515	0.568538	0.275971	0.045323	0.110168	0.205617	0.138630	0.403138	0.252615	0.401198	0.289614	0.033049	0.276139	1,2,3,1,4,5	71.837954	0.026791	0.111484	0.319837	0.170437	0.116446	0.255004	0.078090	0.107301	0.141138	0.384315	0.140937	0.148218	0.013634	0.286379	0.061793	0.191594	0.048251	0.398349	0.026791	0.111484	0.319837	0.170437	0.116446	0.255004	0.313489	0.498464	0.024633	0.123294	0.035905	0.004215	0.154858	0.108921	0.100243	0.263384	0.168936	0.203657	1,2,3,4,5,5	73.027941	0.302174	1.922523	0.659761	0.156535	0.990155	0.990155	
50000	-116527	1,2,3,2,2,4	70.586023	6.074383	4.521327	5.463053	4.521327	4.521327	6.096738	1,2,2,3,4,5	69.418865	0.505121	0.170283	0.074969	0.249627	0.197464	0.075183	0.337479	0.389875	0.197464	0.075183	0.337479	0.389875	0.394728	0.418189	0.080659	0.106424	0.506125	0.038315	0.357954	0.097606	0.149155	0.312436	0.111415	0.426994	1,2,3,4,5,6	71.979467	0.140556	0.024753	0.452589	0.023812	0.092408	0.265882	0.339645	0.160708	0.075361	0.178737	0.095416	0.150133	0.222911	0.297615	0.145237	0.085803	0.104651	0.143783	0.063429	0.152091	0.268638	0.236270	0.208377	0.071195	0.223275	0.443312	0.116149	0.142202	0.064229	0.010832	0.115970	0.250375	0.280779	0.064747	0.111573	0.176555	1,2,3,4,3,5	71.342546	0.378555	1.911848	0.810162	0.326136	0.810162	0.879518	
51000	-116043	1,2,3,4,5,6	71.552359	4.981932	5.814918	5.787020	5.166235	5.935750	5.985858	1,2,3,4,5,1	68.497064	0.352548	0.275489	0.061614	0.310348	0.174384	0.002511	0.623322	0.199783	0.196285	0.067690	0.269597	0.466428	0.801580	0.117092	0.038232	0.043095	0.274592	0.328085	0.364709	0.032613	0.352548	0.275489	0.061614	0.310348	1,2,2,2,3,4	71.754248	0.116908	0.098684	0.325502	0.213175	0.047988	0.197742	0.004607	0.137069	0.142731	0.383450	0.071809	0.260333	0.004607	0.137069	0.142731	0.383450	0.071809	0.260333	0.004607	0.137069	0.142731	0.383450	0.071809	0.260333	0.023535	0.171540	0.324771	0.143962	0.030532	0.305660	0.049548	0.112956	0.111561	0.314218	0.286852	0.124865	1,2,3,1,3,3	72.898918	0.274851	2.692793	0.855501	0.274851	0.855501	0.855501	
52000	-117444	1,2,3,4,5,6	71.430570	6.440053	5.364006	5.218472	6.788787	7.186103	5.463489	1,2,3,4,2,5	72.640286	0.479618	0.076684	0.090562	0.353136	0.380232	0.110515	0.333995	0.175259	0.114543	0.240141	0.326173	0.319143	0.654398	0.139143	0.060153	0.146305	0.380232	0.110515	0.333995	0.175259	0.435960	0.133831	0.023111	0.407098	1,2,3,1,4,3	71.318714	0.008824	0.045977	0.300038	0.135234	0.250456	0.259470	0.053500	0.209256	0.065036	0.141385	0.060215	0.470608	0.062666	0.271462	0.145826	0.132524	0.243223	0.144297	0.008824	0.045977	0.300038	0.135234	0.250456	0.259470	0.035666	0.515766	0.105572	0.209336	0.017298	0.116362	0.062666	0.271462	0.145826	0.132524	0.243223	0.144297	1,2,3,4,5,6	72.139618	0.339906	2.388244	0.725393	0.143446	1.150645	1.114196	
53000	-115830	1,2,3,3,4,5	71.764943	5.565485	6.184886	5.349376	5.349376	6.379853	5.390640	1,2,3,4,2,1	72.602433	0.410203	0.167523	0.064724	0.357550	0.298717	0.056898	0.427896	0.216488	0.467471	0.002321	0.195785	0.334423	0.796837	0.064256	0.040971	0.097936	0.298717	0.056898	0.427896	0.216488	0.410203	0.167523	0.064724	0.357550	1,2,3,4,5,6	69.497229	0.086124	0.251859	0.352581	0.177668	0.076644	0.055124	0.058753	0.091656	0.085177	0.248841	0.218925	0.296648	0.169489	0.107531	0.015206	0.436382	0.154189	0.117204	0.050641	0.197305	0.064362	0.467759	0.118265	0.101668	0.384151	0.214431	0.014746	0.249471	0.134236	0.002964	0.104880	0.076087	0.119038	0.096746	0.330415	0.272834	1,2,3,4,3,3	72.176528	0.242709	1.787351	1.009079	0.248699	1.009079	1.009079	
54000	-116972	1,2,3,4,5,5	71.316134	5.319807	5.428085	6.034796	5.207086	5.804326	5.804326	1,2,3,4,5,1	72.209076	0.318463	0.209098	0.072524	0.399915	0.120866	0.023777	0.717795	0.137563	0.170126	0.071148	0.080024	0.678702	0.389649	0.347901	0.152902	0.109548	0.271028	0.331569	0.368382	0.029021	0.318463	0.209098	0.072524	0.399915	1,2,3,1,4,2	71.517087	0.060838	0.026614	0.352538	0.370153	0.133378	0.056478	0.139038	0.083793	0.111315	0.174540	0.346058	0.145256	0.019643	0.221887	0.353170	0.192164	0.104553	0.108583	0.060838	0.026614	0.352538	0.370153	0.133378	0.056478	0.149379	0.245929	0.173809	0.075803	0.068703	0.286377	0.139038	0.083793	0.111315	0.174540	0.346058	0.145256	1,2,3,4,3,5	71.576391	0.345818	2.316730	1.048629	0.167257	1.048629	0.941549	
55000	-117779	1,2,3,4,5,2	71.028638	6.388633	5.660095	5.717064	5.547331	5.635344	5.660095	1,2,2,3,2,4	70.762211	0.326463	0.135789	0.096823	0.440925	0.284418	0.034900	0.474757	0.205925	0.284418	0.034900	0.474757	0.205925	0.275817	0.561609	0.095833	0.066741	0.284418	0.034900	0.474757	0.205925	0.155566	0.151907	0.109723	0.582804	1,2,3,3,4,5	71.580535	0.028624	0.157884	0.565449	0.044912	0.088509	0.114622	0.090696	0.201032	0.103444	0.377475	0.041598	0.185756	0.026645	0.114731	0.081458	0.445022	0.234047	0.098098	0.026645	0.114731	0.081458	0.445022	0.234047	0.098098	0.156681	0.329794	0.165453	0.148247	0.089086	0.110739	0.325993	0.015310	0.216786	0.049748	0.182362	0.209801	1,2,3,4,5,3	70.634571	0.227358	2.781617	0.796334	0.270187	1.251823	0.796334	
56000	-117744	1,2,3,4,5,6	72.594922	5.329256	5.726586	5.381467	4.975844	6.635373	6.245703	1,2,3,1,2,3	70.297116	0.502302	0.157002	0.084352	0.256344	0.313008	0.051421	0.410675	0.224896	0.287273	0.086446	0.099960	0.526321	0.502302	0.157002	0.084352	0.256344	0.313008	0.051421	0.410675	0.224896	0.287273	0.086446	0.099960	0.526321	1,2,2,1,1,3	71.846663	0.114608	0.177214	0.160684	0.263800	0.167395	0.116299	0.023719	0.175808	0.085420	0.355332	0.060463	0.299258	0.023719	0.175808	0.085420	0.355332	0.060463	0.299258	0.114608	0.177214	0.160684	0.263800	0.167395	0.116299	0.114608	0.177214	0.160684	0.263800	0.167395	0.116299	0.360680	0.051187	0.080442	0.083966	0.316223	0.107503	1,2,3,4,5,6	70.404990	0.275952	2.807873	0.747849	0.186046	0.947219	1.091484	
57000	-115773	1,2,3,1,4,5	71.552635	4.813047	5.762317	5.866970	4.813047	6.699971	5.788204	1,2,3,4,5,6	71.991786	0.349004	0.197322	0.215905	0.237770	0.133400	0.011011	0.519800	0.335789	0.156664	0.091698	0.280328	0.471310	0.637463	0.178185	0.064079	0.120273	0.400663	0.253695	0.245801	0.099842	0.057465	0.167766	0.089505	0.685265	1,2,2,2,3,4	71.967046	0.037054	0.016609	0.522978	0.076908	0.183564	0.162889	0.039182	0.113046	0.087843	0.535014	0.131850	0.093065	0.039182	0.113046	0.087843	0.535014	0.131850	0.093065	0.039182	0.113046	0.087843	0.535014	0.131850	0.093065	0.042099	0.383812	0.089101	0.241708	0.060529	0.182751	0.237058	0.226593	0.084560	0.087571	0.237112	0.127106	1,2,3,1,4,3	72.289768	0.282663	2.193732	0.910621	0.282663	1.098695	0.910621	
58000	-117237	1,2,3,4,5,6	70.869693	5.425417	6.129885	6.142715	5.264617	6.818601	5.642071	1,2,3,4,2,1	70.025038	0.375552	0.258132	0.043769	0.322547	0.348427	0.047463	0.524505	0.079606	0.336410	0.163025	0.336914	0.163651	0.588029	0.114535	0.184404	0.113032	0.348427	0.047463	0.524505	0.079606	0.375552	0.258132	0.043769	0.322547	1,2,3,1,3,1	71.166388	0.032284	0.027798	0.290896	0.164614	0.294715	0.189692	0.054470	0.054769	0.186741	0.242345	0.027926	0.433749	0.144597	0.355672	0.140135	0.173298	0.041808	0.144490	0.032284	0.027798	0.290896	0.164614	0.294715	0.189692	0.144597	0.355672	0.140135	0.173298	0.041808	0.144490	0.032284	0.027798	0.290896	0.164614	0.294715	0.189692	1,2,3,4,5,3	72.456195	0.215505	1.552122	0.894697	0.279085	0.949077	0.894697	
59000	-119076	1,2,1,1,3,4	71.330379	4.376168	6.251564	4.376168	4.376168	5.676778	5.801068	1,2,1,3,4,5	71.011397	0.368108	0.261957	0.138450	0.231484	0.155024	0.000202	0.593683	0.251090	0.368108	0.261957	0.138450	0.231484	0.622880	0.177271	0.085623	0.114227	0.222227	0.478745	0.249259	0.049769	0.379438	0.270066	0.021366	0.329130	1,2,3,2,4,2	72.553167	0.408537	0.115767	0.393371	0.033207	0.019757	0.029360	0.027997	0.103009	0.105893	0.412709	0.096146	0.254247	0.058155	0.158894	0.079606	0.110650	0.024915	0.567780	0.027997	0.103009	0.105893	0.412709	0.096146	0.254247	0.056570	0.280378	0.315551	0.036089	0.196794	0.114620	0.027997	0.103009	0.105893	0.412709	0.096146	0.254247	1,2,3,1,4,5	71.932822	0.332835	2.493802	0.815734	0.332835	0.974694	0.990635	
60000	-116875	1,2,3,2,4,5	71.260306	5.347953	4.925351	6.016437	4.925351	6.827459	5.751698	1,2,3,4,5,6	71.614645	0.485806	0.050788	0.160857	0.302549	0.181634	0.253527	0.369092	0.195747	0.212535	0.053985	0.414129	0.319351	0.617720	0.310947	0.043172	0.028161	0.428458	0.198076	0.335228	0.038238	0.323839	0.130243	0.100958	0.444960	1,2,3,4,5,3	71.360538	0.183942	0.073591	0.409154	0.079338	0.213344	0.040631	0.181352	0.297181	0.150214	0.057244	0.045106	0.268904	0.050920	0.090363	0.075673	0.267966	0.399623	0.115455	0.051551	0.134868	0.159157	0.262754	0.331399	0.060271	0.230825	0.307350	0.049951	0.193637	0.100837	0.117400	0.050920	0.090363	0.075673	0.267966	0.399623	0.115455	1,2,3,4,5,5	70.889708	0.291128	1.637542	0.569513	0.222570	1.023248	1.023248	
61000	-118525	1,2,3,4,5,6	72.293473	5.998897	5.353276	5.197386	4.977280	5.786171	5.821583	1,2,3,1,2,4	72.062422	0.445115	0.249515	0.098820	0.206550	0.237279	0.204571	0.323264	0.234886	0.083592	0.108805	0.339409	0.468194	0.445115	0.249515	0.098820	0.206550	0.237279	0.204571	0.323264	0.234886	0.194567	0.230302	0.257654	0.317477	1,2,1,3,4,5	69.455354	0.039171	0.293530	0.252880	0.180984	0.081973	0.151462	0.064811	0.244612	0.234003	0.248068	0.011514	0.196992	0.039171	0.293530	0.252880	0.180984	0.081973	0.151462	0.046308	0.275481	0.165595	0.290228	0.164170	0.058217	0.102027	0.273760	0.228744	0.323861	0.057979	0.013629	0.251463	0.283005	0.186382	0.067677	0.160061	0.051412	1,2,3,1,4,3	68.239664	0.244394	1.285702	0.918621	0.244394	0.948499	0.918621	
62000	-117494	1,2,3,3,4,5	72.210134	5.029526	5.256663	5.203789	5.203789	6.513760	5.939001	1,2,3,4,5,6	70.849227	0.317242	0.210416	0.163516	0.308826	0.281334	0.142672	0.425004	0.150990	0.086649	0.037930	0.185024	0.690397	0.551741	0.131377	0.035930	0.280952	0.364939	0.155676	0.322954	0.156431	0.400946	0.250543	0.075157	0.273354	1,2,3,4,3,5	70.156391	0.162260	0.038891	0.390671	0.200719	0.113841	0.093619	0.053743	0.179278	0.145167	0.058172	0.338895	0.224744	0.184552	0.194153	0.039677	0.351751	0.049973	0.179895	0.147389	0.084801	0.330924	0.230214	0.040711	0.165960	0.184552	0.194153	0.039677	0.351751	0.049973	0.179895	0.119945	0.162176	0.095008	0.232360	0.180814	0.209697	1,2,3,4,3,5	69.807232	0.316443	1.793770	0.932268	0.218815	0.932268	0.864347	
63000	-116796	1,2,3,4,5,6	72.326323	4.917813	5.384589	5.540574	6.183376	6.561770	5.836477	1,2,3,4,5,1	71.655255	0.326099	0.266955	0.075412	0.331533	0.402664	0.019458	0.497557	0.080321	0.422804	0.022529	0.151973	0.402695	0.434481	0.377070	0.073712	0.114737	0.233284	0.098529	0.472591	0.195596	0.326099	0.266955	0.075412	0.331533	1,2,3,3,4,2	71.326548	0.105210	0.141124	0.237250	0.302703	0.068717	0.144996	0.103256	0.106807	0.132761	0.132337	0.351401	0.173439	0.024927	0.254875	0.056432	0.260404	0.210497	0.192864	0.024927	0.254875	0.056432	0.260404	0.210497	0.192864	0.247406	0.267278	0.035848	0.144806	0.110446	0.194216	0.103256	0.106807	0.132761	0.132337	0.351401	0.173439	1,2,3,1,3,3	70.017012	0.233851	2.367746	0.891956	0.233851	0.891956	0.891956	
64000	-119759	1,2,3,3,4,5	72.576875	5.131461	5.222772	4.880306	4.880306	6.366975	5.786036	1,2,3,4,4,1	71.659458	0.346993	0.172391	0.071129	0.409486	0.287426	0.185586	0.288344	0.238644	0.196699	0.017889	0.567916	0.217496	0.443435	0.199154	0.239301	0.118110	0.443435	0.199154	0.239301	0.118110	0.346993	0.172391	0.071129	0.409486	1,2,3,2,4,2	71.643481	0.216366	0.193191	0.257665	0.012669	0.104382	0.215726	0.075962	0.128169	0.089919	0.242980	0.207610	0.255360	0.357910	0.065711	0.074709	0.343040	0.036228	0.122401	0.075962	0.128169	0.089919	0.242980	0.207610	0.255360	0.144710	0.396432	0.259803	0.008047	0.007402	0.183606	0.075962	0.128169	0.089919	0.242980	0.207610	0.255360	1,2,3,1,4,5	71.032577	0.245269	1.706394	0.710742	0.245269	0.848027	1.216402	
65000	-115175	1,2,3,4,3,5	72.022646	5.909412	6.095655	5.420487	4.993144	5.420487	5.867567	1,2,3,4,5,1	71.257758	0.402238	0.144063	0.105577	0.348122	0.176057	0.112427	0.590499	0.121017	0.207377	0.081910	0.191899	0.518814	0.568522	0.219124	0.053020	0.159334	0.532649	0.037705	0.270540	0.159107	0.402238	0.144063	0.105577	0.348122	1,2,3,3,4,2	71.520000	0.230079	0.089733	0.352112	0.141992	0.031743	0.154341	0.052281	0.114807	0.146803	0.151105	0.269337	0.265668	0.031650	0.255603	0.094163	0.252466	0.169448	0.196670	0.031650	0.255603	0.094163	0.252466	0.169448	0.196670	0.266512	0.168872	0.071036	0.381481	0.078508	0.033591	0.052281	0.114807	0.146803	0.151105	0.269337	0.265668	1,2,3,4,5,3	71.075717	0.323082	3.129519	0.958888	0.299260	1.053957	0.958888	
66000	-117201	1,2,3,1,4,5	70.918129	4.650930	6.362794	6.069301	4.650930	6.167432	6.199093	1,2,3,1,4,5	72.220681	0.537479	0.217399	0.058216	0.186906	0.078145	0.204810	0.506050	0.210995	0.134397	0.037922	0.363819	0.463861	0.537479	0.217399	0.058216	0.186906	0.264825	0.163596	0.492576	0.079003	0.248477	0.203596	0.160071	0.387856	1,2,3,3,1,4	70.994485	0.083559	0.272616	0.349694	0.076709	0.133163	0.084258	0.036609	0.073661	0.273182	0.204904	0.100597	0.311046	0.046367	0.254102	0.156309	0.280639	0.141961	0.120623	0.046367	0.254102	0.156309	0.280639	0.141961	0.120623	0.083559	0.272616	0.349694	0.076709	0.133163	0.084258	0.241425	0.090297	0.181417	0.001863	0.401978	0.083019	1,2,3,4,5,6	70.955042	0.219832	2.674495	0.812842	0.186802	0.803295	0.845955	
67000	-116688	1,2,3,2,4,2	72.286953	6.220885	5.320533	5.313795	5.320533	7.089409	5.320533	1,2,3,4,5,6	71.892934	0.516997	0.119933	0.043053	0.320017	0.046557	0.032219	0.808623	0.112601	0.102063	0.244021	0.220997	0.432919	0.394845	0.173815	0.334764	0.096575	0.339463	0.139233	0.477070	0.044234	0.475466	0.143381	0.058876	0.322277	1,2,3,1,3,4	71.608072	0.156625	0.045163	0.431558	0.260078	0.017960	0.088616	0.157596	0.156014	0.236367	0.302090	0.010287	0.137647	0.139832	0.417640	0.158778	0.148214	0.065177	0.070358	0.156625	0.045163	0.431558	0.260078	0.017960	0.088616	0.139832	0.417640	0.158778	0.148214	0.065177	0.070358	0.034070	0.074201	0.096763	0.194479	0.492108	0.108379	1,2,3,4,5,5	70.962934	0.276072	2.260934	0.838514	0.200032	0.883346	0.883346	
68000	-116095	1,2,3,3,4,5	71.967616	5.725826	5.927805	5.347725	5.347725	6.490895	5.625814	1,2,3,4,2,1	71.133134	0.376542	0.143432	0.105850	0.374175	0.310030	0.070597	0.445189	0.174184	0.048026	0.125666	0.243755	0.582552	0.552998	0.289424	0.131744	0.025835	0.310030	0.070597	0.445189	0.174184	0.376542	0.143432	0.105850	0.374175	1,2,3,4,5,2	70.942009	0.159765	0.006191	0.464933	0.156758	0.060864	0.151490	0.119229	0.090749	0.118020	0.123951	0.278728	0.269323	0.092553	0.418786	0.054291	0.213662	0.013748	0.206959	0.099383	0.003624	0.428894	0.199259	0.059527	0.209313	0.158854	0.482474	0.022479	0.115647	0.056019	0.164528	0.119229	0.090749	0.118020	0.123951	0.278728	0.269323	1,2,3,1,4,3	72.809411	0.237531	1.805683	0.921634	0.237531	1.246119	0.921634	
69000	-117824	1,2,3,2,4,5	71.123345	5.898450	5.349912	5.989183	5.349912	6.556559	5.443660	1,2,3,4,2,5	71.092822	0.624307	0.084102	0.056386	0.235205	0.420299	0.082424	0.406069	0.091208	0.223201	0.013869	0.317414	0.445516	0.563373	0.143202	0.104447	0.188977	0.420299	0.082424	0.406069	0.091208	0.029577	0.317397	0.300179	0.352847	1,2,3,3,4,5	69.422262	0.053624	0.146761	0.380995	0.036319	0.087500	0.294801	0.249401	0.100844	0.123900	0.128126	0.142129	0.255601	0.118423	0.298096	0.070889	0.316346	0.035611	0.160636	0.118423	0.298096	0.070889	0.316346	0.035611	0.160636	0.195241	0.278226	0.082468	0.392779	0.017540	0.033745	0.102805	0.089621	0.373144	0.003587	0.395302	0.035540	1,2,3,1,4,5	71.751503	0.258527	1.638176	0.835903	0.258527	1.202495	0.861348	
70000	-118534	1,2,3,1,4,4	72.782863	4.460147	5.930016	5.180882	4.460147	6.581936	6.581936	1,2,3,1,4,3	69.905091	0.675566	0.038289	0.137912	0.148232	0.131086	0.102202	0.645763	0.120949	0.149042	0.121818	0.134561	0.594579	0.675566	0.038289	0.137912	0.148232	0.536049	0.070893	0.327667	0.065391	0.149042	0.121818	0.134561	0.594579	1,2,3,1,3,4	72.336086	0.090681	0.049212	0.354279	0.126400	0.309352	0.070077	0.102279	0.139980	0.080021	0.220523	0.171157	0.286040	0.085135	0.315796	0.328805	0.092647	0.039180	0.138437	0.090681	0.049212	0.354279	0.126400	0.309352	0.070077	0.085135	0.315796	0.328805	0.092647	0.039180	0.138437	0.069549	0.168313	0.157067	0.083313	0.148213	0.373545	1,2,3,4,5,6	70.227460	0.397141	2.359512	0.755848	0.252552	0.650572	0.870623	
71000	-117038	1,2,3,4,5,6	72.875663	6.370406	5.452943	5.247349	6.971788	6.724497	6.011228	1,2,3,1,4,5	71.525597	0.523773	0.141499	0.066649	0.268079	0.247440	0.126100	0.419793	0.206666	0.142038	0.051374	0.395885	0.410703	0.523773	0.141499	0.066649	0.268079	0.363771	0.147149	0.307157	0.181923	0.213596	0.067576	0.048864	0.669964	1,2,2,3,4,5	70.612653	0.007633	0.074568	0.231319	0.510939	0.032674	0.142868	0.054466	0.194066	0.297514	0.106553	0.103000	0.244400	0.054466	0.194066	0.297514	0.106553	0.103000	0.244400	0.137839	0.055128	0.067012	0.434661	0.153034	0.152326	0.041497	0.453070	0.157589	0.237443	0.002867	0.107534	0.226484	0.114696	0.079572	0.116057	0.196325	0.266865	1,2,3,4,5,5	72.270388	0.353378	1.619036	0.789730	0.213579	0.956104	0.956104	
72000	-116503	1,2,3,4,5,6	70.898977	6.165726	5.444502	6.739523	4.990798	6.190420	5.536781	1,2,3,4,3,1	70.209797	0.450875	0.202641	0.063269	0.283216	0.171768	0.051628	0.696539	0.080065	0.224397	0.119811	0.421505	0.234287	0.451556	0.346109	0.160559	0.041775	0.224397	0.119811	0.421505	0.234287	0.450875	0.202641	0.063269	0.283216	1,1,2,3,2,4	71.928501	0.037848	0.119733	0.402986	0.052751	0.181205	0.205476	0.037848	0.119733	0.402986	0.052751	0.181205	0.205476	0.197106	0.285231	0.135713	0.206915	0.061351	0.113684	0.011287	0.015232	0.598239	0.135734	0.195267	0.044240	0.197106	0.285231	0.135713	0.206915	0.061351	0.113684	0.048724	0.011518	0.111105	0.382594	0.147291	0.298767	1,2,3,1,4,4	71.699614	0.192633	2.712037	0.648154	0.192633	0.955611	0.955611	
73000	-116607	1,1,2,3,3,4	72.409733	5.707604	5.707604	5.293453	4.051859	4.051859	6.203487	1,2,3,1,4,5	71.329994	0.455524	0.198100	0.063413	0.282964	0.216873	0.011123	0.676991	0.095013	0.246861	0.135423	0.136128	0.481588	0.455524	0.198100	0.063413	0.282964	0.154223	0.146643	0.352083	0.347051	0.190625	0.263743	0.161641	0.383991	1,2,2,2,3,1	73.277467	0.106800	0.047116	0.431472	0.058665	0.254346	0.101601	0.085195	0.094120	0.095845	0.477109	0.102102	0.145630	0.085195	0.094120	0.095845	0.477109	0.102102	0.145630	0.085195	0.094120	0.095845	0.477109	0.102102	0.145630	0.289296	0.303566	0.204629	0.143665	0.051592	0.007252	0.106800	0.047116	0.431472	0.058665	0.254346	0.101601	1,2,3,4,5,5	73.052361	0.333572	3.309599	0.623527	0.232236	1.007087	1.007087	
74000	-114918	1,2,3,1,4,5	70.486895	5.124409	5.810185	5.858749	5.124409	6.238332	5.698169	1,2,3,4,2,1	71.211453	0.402027	0.235745	0.044525	0.317703	0.265535	0.065944	0.564201	0.104320	0.187712	0.111778	0.225241	0.475268	0.382644	0.494770	0.083545	0.039041	0.265535	0.065944	0.564201	0.104320	0.402027	0.235745	0.044525	0.317703	1,2,3,2,4,5	70.304079	0.064742	0.055163	0.339553	0.265797	0.129597	0.145147	0.007495	0.100604	0.239923	0.138987	0.179676	0.333315	0.101462	0.203010	0.109251	0.313231	0.150234	0.122812	0.007495	0.100604	0.239923	0.138987	0.179676	0.333315	0.079695	0.326420	0.076759	0.301656	0.146627	0.068842	0.038534	0.222245	0.184661	0.077948	0.189882	0.286730	1,2,3,4,5,6	70.488282	0.255664	2.553668	0.871207	0.174743	1.005999	1.026422	
75000	-116406	1,2,3,4,5,6	70.815149	5.682436	6.717436	7.517991	5.720649	6.754953	6.308433	1,2,3,4,5,6	70.864176	0.511221	0.217744	0.038807	0.232229	0.102542	0.067116	0.758058	0.072284	0.277099	0.005285	0.095131	0.622484	0.388243	0.392494	0.099233	0.120031	0.237791	0.128191	0.453494	0.180524	0.169132	0.385833	0.193318	0.251717	1,2,3,2,4,2	70.250046	0.117192	0.037517	0.364529	0.258449	0.006554	0.215758	0.044651	0.044456	0.261237	0.078118	0.370388	0.201150	0.128750	0.318247	0.023773	0.454631	0.001709	0.072890	0.044651	0.044456	0.261237	0.078118	0.370388	0.201150	0.216506	0.362886	0.038947	0.271919	0.068205	0.041537	0.044651	0.044456	0.261237	0.078118	0.370388	0.201150	1,2,3,4,5,6	71.857059	0.202810	1.792135	0.916358	0.164347	1.101879	0.988694	
76000	-116400	1,2,3,3,4,5	72.494411	5.221231	5.062270	4.839502	4.839502	6.773442	5.965908	1,2,3,4,5,1	69.725918	0.306335	0.226893	0.093132	0.373640	0.116349	0.191089	0.624823	0.067739	0.097903	0.038494	0.078149	0.785454	0.437093	0.201009	0.296136	0.065762	0.320047	0.190089	0.364445	0.125420	0.306335	0.226893	0.093132	0.373640	1,2,3,4,3,4	71.597707	0.071776	0.257565	0.521649	0.111169	0.012595	0.025246	0.120762	0.080129	0.266123	0.042659	0.250757	0.239571	0.218919	0.265967	0.119494	0.313428	0.019431	0.062761	0.104563	0.043084	0.175450	0.112438	0.358730	0.205735	0.218919	0.265967	0.119494	0.313428	0.019431	0.062761	0.104563	0.043084	0.175450	0.112438	0.358730	0.205735	1,2,3,4,5,6	70.751086	0.370218	1.557500	0.929382	0.270620	1.200778	0.936334	
77000	-117085	1,2,3,4,5,6	72.083129	5.579671	5.605938	6.035553	4.924002	6.364623	5.663015	1,2,3,1,4,1	71.053499	0.407747	0.202194	0.092706	0.297353	0.432278	0.001248	0.389799	0.176675	0.259683	0.060560	0.250626	0.429130	0.407747	0.202194	0.092706	0.297353	0.375854	0.289544	0.269077	0.065525	0.407747	0.202194	0.092706	0.297353	1,2,3,4,5,3	73.145995	0.003946	0.025001	0.575404	0.076176	0.135331	0.184142	0.107986	0.138221	0.030456	0.418011	0.017124	0.288202	0.107915	0.152347	0.108691	0.157467	0.207041	0.266539	0.107345	0.076783	0.120301	0.548533	0.061723	0.085316	0.049873	0.232643	0.412608	0.089641	0.189011	0.026225	0.107915	0.152347	0.108691	0.157467	0.207041	0.266539	1,2,3,4,3,5	71.384638	0.225132	2.212599	0.661833	0.227284	0.661833	1.021328	
78000	-116291	1,2,3,4,5,6	70.097380	5.577929	6.263980	5.736987	5.419734	5.992590	5.830153	1,2,3,4,2,5	71.864329	0.643380	0.029165	0.087023	0.240432	0.251331	0.082758	0.471042	0.194868	0.079891	0.028889	0.431182	0.460038	0.492850	0.269963	0.097433	0.139754	0.251331	0.082758	0.471042	0.194868	0.379787	0.177813	0.041462	0.400938	1,2,3,3,4,3	70.456375	0.065857	0.065316	0.341248	0.200081	0.226195	0.101304	0.001154	0.133012	0.083930	0.232482	0.339139	0.210284	0.059068	0.076259	0.095689	0.481616	0.220383	0.066984	0.059068	0.076259	0.095689	0.481616	0.220383	0.066984	0.362143	0.219935	0.122442	0.074236	0.173503	0.047742	0.059068	0.076259	0.095689	0.481616	0.220383	0.066984	1,2,3,1,4,4	71.743386	0.277489	1.797502	0.642885	0.277489	1.041199	1.041199	
79000	-116041	1,2,3,4,5,6	72.507746	5.708601	5.332638	5.065811	4.859259	7.259207	6.329607	1,2,3,4,5,1	70.618140	0.389438	0.204027	0.047946	0.358590	0.252531	0.175488	0.413429	0.158552	0.100441	0.098784	0.538475	0.262300	0.489475	0.185175	0.261537	0.063814	0.363770	0.137147	0.358046	0.141037	0.389438	0.204027	0.047946	0.358590	1,2,1,3,4,2	72.098317	0.074011	0.193765	0.352677	0.169833	0.052024	0.157689	0.013247	0.185857	0.105555	0.036462	0.307147	0.351733	0.074011	0.193765	0.352677	0.169833	0.052024	0.157689	0.071490	0.001707	0.505027	0.109416	0.083445	0.228917	0.427551	0.271301	0.071613	0.195562	0.009320	0.024653	0.013247	0.185857	0.105555	0.036462	0.307147	0.351733	1,2,3,1,4,4	72.363341	0.305580	2.465525	0.523230	0.305580	0.961382	0.961382	
80000	-116354	1,2,3,4,5,6	73.004765	4.724714	5.779276	5.739160	5.140974	6.138890	6.239646	1,2,3,4,2,1	71.142885	0.357366	0.252182	0.076805	0.313647	0.307817	0.046533	0.350347	0.295303	0.077698	0.059161	0.302201	0.560940	0.506891	0.252032	0.085925	0.155152	0.307817	0.046533	0.350347	0.295303	0.357366	0.252182	0.076805	0.313647	1,1,2,1,3,4	71.093152	0.066953	0.054501	0.390952	0.282092	0.084262	0.121241	0.066953	0.054501	0.390952	0.282092	0.084262	0.121241	0.063709	0.304911	0.128671	0.413487	0.051636	0.037585	0.066953	0.054501	0.390952	0.282092	0.084262	0.121241	0.410162	0.262095	0.044964	0.171787	0.075561	0.035431	0.075707	0.048028	0.104614	0.085563	0.177017	0.509070	1,2,3,4,5,5	70.624600	0.250188	2.148000	0.640031	0.188644	1.012914	1.012914	
81000	-116794	1,2,3,4,5,6	72.111685	4.642609	5.947980	5.203280	4.697652	5.819116	5.724685	1,2,3,1,2,4	71.562336	0.485981	0.243364	0.114242	0.156413	0.275483	0.099332	0.458631	0.166554	0.073186	0.026079	0.378525	0.522210	0.485981	0.243364	0.114242	0.156413	0.275483	0.099332	0.458631	0.166554	0.220768	0.143031	0.112425	0.523776	1,2,3,3,3,2	72.354242	0.063304	0.008410	0.518006	0.138199	0.103238	0.168843	0.131548	0.230544	0.102248	0.251324	0.080197	0.204140	0.080477	0.247361	0.267909	0.260512	0.119049	0.024694	0.080477	0.247361	0.267909	0.260512	0.119049	0.024694	0.080477	0.247361	0.267909	0.260512	0.119049	0.024694	0.131548	0.230544	0.102248	0.251324	0.080197	0.204140	1,2,3,4,5,6	72.648846	0.359088	1.639216	0.810228	0.235314	0.853807	1.124234	
82000	-116717	1,2,3,4,5,6	72.147786	5.266043	5.597894	5.309551	4.967302	6.406000	6.174811	1,2,3,4,2,1	71.194193	0.350871	0.315208	0.130523	0.203398	0.270507	0.119927	0.543330	0.066236	0.164951	0.081306	0.401179	0.352564	0.659911	0.211799	0.018862	0.109428	0.270507	0.119927	0.543330	0.066236	0.350871	0.315208	0.130523	0.203398	1,2,3,1,3,2	70.667018	0.066297	0.045676	0.602587	0.144899	0.049918	0.090622	0.117372	0.088060	0.115665	0.116760	0.182257	0.379886	0.127910	0.226787	0.117681	0.181992	0.232733	0.112897	0.066297	0.045676	0.602587	0.144899	0.049918	0.090622	0.127910	0.226787	0.117681	0.181992	0.232733	0.112897	0.117372	0.088060	0.115665	0.116760	0.182257	0.379886	1,2,3,1,4,5	72.922599	0.248451	2.850339	0.808835	0.248451	1.037949	1.017822	
83000	-115711	1,2,3,4,5,4	72.387866	5.473450	6.253070	5.540980	4.367937	6.143719	4.367937	1,2,3,4,5,4	72.348696	0.337707	0.094681	0.193362	0.374249	0.327262	0.006089	0.537969	0.128680	0.174631	0.057468	0.125692	0.642209	0.505183	0.253142	0.062656	0.179019	0.338540	0.048731	0.290628	0.322101	0.505183	0.253142	0.062656	0.179019	1,2,3,4,5,4	70.959829	0.145184	0.045238	0.466795	0.048645	0.145419	0.148719	0.056570	0.067688	0.141742	0.294824	0.071045	0.368131	0.165412	0.405091	0.039073	0.163735	0.084011	0.142679	0.063291	0.114568	0.156144	0.245179	0.323157	0.097661	0.090133	0.559749	0.036377	0.224830	0.078831	0.010080	0.063291	0.114568	0.156144	0.245179	0.323157	0.097661	1,2,3,4,5,6	68.603530	0.348778	1.917205	0.922670	0.107702	1.329832	1.099665	
84000	-117911	1,2,3,1,4,5	71.204406	4.357088	5.885261	5.815457	4.357088	6.297923	6.221571	1,2,2,1,1,3	70.234662	0.423042	0.143953	0.272287	0.160718	0.210458	0.032105	0.403793	0.353644	0.210458	0.032105	0.403793	0.353644	0.423042	0.143953	0.272287	0.160718	0.423042	0.143953	0.272287	0.160718	0.079082	0.266861	0.093957	0.560100	1,2,2,3,4,3	71.600807	0.146694	0.175327	0.498476	0.010279	0.030516	0.138708	0.083261	0.095497	0.077625	0.466098	0.182203	0.095317	0.083261	0.095497	0.077625	0.466098	0.182203	0.095317	0.142226	0.014848	0.187250	0.112144	0.254994	0.288537	0.302950	0.219686	0.156262	0.063738	0.063421	0.193943	0.142226	0.014848	0.187250	0.112144	0.254994	0.288537	1,2,3,4,5,5	72.494380	0.260543	2.507809	0.766792	0.242889	0.931522	0.931522	
85000	-116190	1,2,3,4,5,6	69.084401	6.903672	5.902604	5.599439	5.354424	5.285636	6.489780	1,2,2,3,4,5	72.747967	0.448028	0.149784	0.098490	0.303698	0.210748	0.080586	0.351877	0.356788	0.210748	0.080586	0.351877	0.356788	0.539614	0.256425	0.040928	0.163032	0.424714	0.146339	0.361241	0.067706	0.445008	0.216201	0.060598	0.278193	1,2,2,3,4,2	72.213386	0.231939	0.035245	0.377743	0.188637	0.007171	0.159264	0.074699	0.188787	0.155518	0.165589	0.231357	0.184050	0.074699	0.188787	0.155518	0.165589	0.231357	0.184050	0.034873	0.153224	0.136317	0.167912	0.131784	0.375890	0.070353	0.550467	0.048534	0.113049	0.211497	0.006101	0.074699	0.188787	0.155518	0.165589	0.231357	0.184050	1,2,3,1,4,4	69.683148	0.280269	2.050089	0.709789	0.280269	1.062564	1.062564	
86000	-116286	1,2,3,4,5,6	71.302223	6.494557	5.389890	5.708185	4.542354	6.317122	5.275206	1,2,3,4,5,3	69.724471	0.507584	0.186027	0.094771	0.211619	0.143246	0.026996	0.465222	0.364536	0.133551	0.106698	0.129643	0.630108	0.535016	0.211277	0.095241	0.158466	0.427689	0.062615	0.302278	0.207418	0.133551	0.106698	0.129643	0.630108	1,2,3,4,5,6	71.873577	0.075996	0.110389	0.644362	0.037474	0.048579	0.083201	0.000645	0.114020	0.110706	0.604490	0.011711	0.158427	0.087263	0.301264	0.143435	0.205588	0.060235	0.202215	0.092593	0.127075	0.066914	0.455409	0.154065	0.103945	0.122141	0.260896	0.090136	0.235050	0.135554	0.156224	0.151424	0.080342	0.095338	0.208619	0.274696	0.189580	1,2,3,1,4,4	69.470762	0.218891	2.320941	0.664064	0.218891	1.006391	1.006391	
87000	-117667	1,2,3,3,4,3	71.460942	6.224342	5.528540	5.001591	5.001591	7.192818	5.001591	1,2,3,4,2,1	70.743232	0.482042	0.106795	0.085261	0.325902	0.376827	0.067142	0.421079	0.134952	0.054262	0.254579	0.372504	0.318655	0.562794	0.147324	0.173167	0.116715	0.376827	0.067142	0.421079	0.134952	0.482042	0.106795	0.085261	0.325902	1,2,3,1,4,5	71.166885	0.068763	0.053937	0.293453	0.169048	0.166720	0.248080	0.086600	0.134151	0.165949	0.199414	0.133537	0.280349	0.102766	0.207657	0.108305	0.417228	0.013736	0.150308	0.068763	0.053937	0.293453	0.169048	0.166720	0.248080	0.145523	0.214383	0.147856	0.477551	0.001579	0.013109	0.078476	0.027569	0.084347	0.589603	0.158670	0.061335	1,2,3,4,5,6	72.669446	0.334033	2.620968	0.909756	0.216314	1.283365	0.946385	
88000	-116932	1,2,3,1,4,5	70.471753	4.971671	5.880625	5.686580	4.971671	5.664222	5.474448	1,2,3,1,2,4	72.045343	0.289894	0.217349	0.247557	0.245201	0.227286	0.124965	0.535552	0.112197	0.104564	0.229636	0.136228	0.529572	0.289894	0.217349	0.247557	0.245201	0.227286	0.124965	0.535552	0.112197	0.270752	0.365241	0.024635	0.339371	1,2,3,2,4,2	71.929835	0.120785	0.045292	0.350371	0.328276	0.042295	0.112983	0.075048	0.079087	0.130989	0.102619	0.195805	0.416452	0.028424	0.469517	0.078447	0.059099	0.009308	0.355204	0.075048	0.079087	0.130989	0.102619	0.195805	0.416452	0.050623	0.411646	0.119834	0.130308	0.233216	0.054373	0.075048	0.079087	0.130989	0.102619	0.195805	0.416452	1,2,3,4,5,3	71.123340	0.276133	3.324414	0.756789	0.145541	1.316251	0.756789	
89000	-116838	1,2,3,4,4,5	71.778392	5.744297	5.730621	5.589801	4.960149	4.960149	5.760140	1,2,2,1,1,3	70.970089	0.469773	0.154050	0.161827	0.214349	0.253484	0.044838	0.382164	0.319513	0.253484	0.044838	0.382164	0.319513	0.469773	0.154050	0.161827	0.214349	0.469773	0.154050	0.161827	0.214349	0.254133	0.344512	0.163424	0.237931	1,2,3,2,4,2	72.208466	0.086657	0.040546	0.648544	0.106763	0.054084	0.063406	0.125279	0.164306	0.149340	0.136767	0.228141	0.196166	0.010927	0.109745	0.113623	0.463488	0.136286	0.165929	0.125279	0.164306	0.149340	0.136767	0.228141	0.196166	0.044494	0.278342	0.028986	0.266346	0.330584	0.051247	0.125279	0.164306	0.149340	0.136767	0.228141	0.196166	1,2,3,4,5,5	70.491571	0.251570	2.770680	0.681737	0.251398	0.934296	0.934296	
90000	-117575	1,2,3,4,5,6	71.064357	5.809631	5.329870	5.660677	5.262451	6.713376	5.329363	1,2,3,1,2,4	73.486957	0.395461	0.138620	0.103463	0.362457	0.318331	0.093413	0.499217	0.089040	0.261311	0.247991	0.290751	0.199947	0.395461	0.138620	0.103463	0.362457	0.318331	0.093413	0.499217	0.089040	0.139355	0.483385	0.018861	0.358398	1,2,3,2,4,3	72.824683	0.143323	0.022672	0.285297	0.155039	0.301658	0.092011	0.096291	0.194871	0.046504	0.233109	0.001921	0.427304	0.034816	0.430448	0.099165	0.080046	0.065557	0.289968	0.096291	0.194871	0.046504	0.233109	0.001921	0.427304	0.051631	0.528216	0.014795	0.281656	0.006860	0.116841	0.034816	0.430448	0.099165	0.080046	0.065557	0.289968	1,2,3,4,5,5	71.201205	0.368507	2.378627	0.858039	0.300691	0.940865	0.940865	
91000	-116495	1,2,3,4,5,4	71.998208	5.181150	5.847520	5.279575	5.447731	5.774224	5.447731	1,2,3,1,2,1	71.156733	0.386901	0.279028	0.100919	0.233152	0.251088	0.076851	0.528729	0.143333	0.387829	0.150670	0.237931	0.223570	0.386901	0.279028	0.100919	0.233152	0.251088	0.076851	0.528729	0.143333	0.386901	0.279028	0.100919	0.233152	1,2,2,3,4,3	71.660681	0.123946	0.099409	0.514385	0.139274	0.017101	0.105886	0.035646	0.168415	0.072964	0.239403	0.064385	0.419187	0.035646	0.168415	0.072964	0.239403	0.064385	0.419187	0.038937	0.060715	0.131357	0.044844	0.266670	0.457478	0.168360	0.203630	0.120238	0.224735	0.208326	0.074712	0.038937	0.060715	0.131357	0.044844	0.266670	0.457478	1,2,3,4,3,3	71.193225	0.277572	1.964878	0.986542	0.171536	0.986542	0.986542	
92000	-116191	1,2,3,4,5,6	71.823757	6.061489	5.720965	5.944813	5.066901	6.161103	6.130356	1,2,3,4,2,4	70.572169	0.506060	0.122680	0.067351	0.303909	0.321129	0.079375	0.492394	0.107102	0.056236	0.071482	0.127053	0.745229	0.410812	0.248832	0.056496	0.283860	0.321129	0.079375	0.492394	0.107102	0.410812	0.248832	0.056496	0.283860	1,2,3,4,3,5	70.842565	0.041223	0.058424	0.315867	0.213959	0.142963	0.227564	0.029047	0.067736	0.156132	0.268361	0.066491	0.412233	0.098614	0.300039	0.055121	0.249063	0.143274	0.153888	0.064017	0.092379	0.113749	0.543517	0.096782	0.089556	0.098614	0.300039	0.055121	0.249063	0.143274	0.153888	0.167787	0.182005	0.143007	0.062105	0.192209	0.252888	1,2,3,1,3,3	72.858114	0.294664	2.106418	1.039606	0.294664	1.039606	1.039606	
93000	-115879	1,2,3,1,4,2	70.303352	5.243426	6.044058	6.176721	5.243426	7.146068	6.044058	1,2,3,4,5,1	69.242106	0.310117	0.266541	0.069221	0.354121	0.342500	0.056044	0.470521	0.130935	0.169485	0.018944	0.290716	0.520856	0.469563	0.153269	0.114506	0.262661	0.269422	0.107402	0.556890	0.066285	0.310117	0.266541	0.069221	0.354121	1,2,3,4,5,4	71.333068	0.153648	0.313298	0.254407	0.050348	0.080812	0.147487	0.167144	0.073317	0.156781	0.169519	0.033786	0.399453	0.164072	0.226160	0.100402	0.234568	0.082695	0.192103	0.101796	0.085793	0.178911	0.263894	0.180981	0.188624	0.147930	0.389560	0.058252	0.236934	0.136168	0.031157	0.101796	0.085793	0.178911	0.263894	0.180981	0.188624	1,2,3,4,5,5	70.356776	0.348306	3.797178	0.764755	0.226055	0.965722	0.965722	
94000	-115345	1,2,3,3,4,5	71.849050	5.951173	6.784569	4.436627	4.436627	6.677631	5.967817	1,2,3,1,2,4	70.030637	0.504453	0.171778	0.113253	0.210516	0.396739	0.053962	0.437288	0.112011	0.169650	0.139204	0.238752	0.452394	0.504453	0.171778	0.113253	0.210516	0.396739	0.053962	0.437288	0.112011	0.091235	0.383412	0.075462	0.449891	1,2,3,4,3,4	71.730534	0.173312	0.053416	0.513497	0.083483	0.034994	0.141297	0.043945	0.037463	0.217148	0.292203	0.072636	0.336605	0.253136	0.367970	0.116446	0.137975	0.006643	0.117830	0.180119	0.125251	0.190566	0.177888	0.178985	0.147192	0.253136	0.367970	0.116446	0.137975	0.006643	0.117830	0.180119	0.125251	0.190566	0.177888	0.178985	0.147192	1,2,3,1,4,5	70.215589	0.232044	1.619304	0.932407	0.232044	0.920089	1.007561	
95000	-117845	1,2,3,4,5,6	69.912520	6.056760	6.197939	5.183098	5.157982	6.288763	6.334348	1,2,2,3,3,1	71.422366	0.286146	0.297054	0.087934	0.328866	0.270531	0.065374	0.439146	0.224948	0.270531	0.065374	0.439146	0.224948	0.368462	0.328937	0.243612	0.058989	0.368462	0.328937	0.243612	0.058989	0.286146	0.297054	0.087934	0.328866	1,2,2,3,4,5	70.242114	0.005860	0.093608	0.461090	0.275295	0.089179	0.074968	0.100424	0.183152	0.035365	0.388381	0.017610	0.275068	0.100424	0.183152	0.035365	0.388381	0.017610	0.275068	0.009052	0.146917	0.338137	0.116179	0.319808	0.069907	0.149050	0.508163	0.028562	0.146745	0.001086	0.166393	0.065187	0.397119	0.142144	0.119241	0.172563	0.103745	1,2,3,4,5,3	73.207413	0.423069	2.643141	0.970843	0.418230	1.434242	0.970843	
96000	-116378	1,2,3,2,4,5	69.845994	5.441055	4.483964	5.796181	4.483964	6.768093	5.702705	1,2,3,4,5,6	72.344065	0.434053	0.271300	0.056826	0.237822	0.045583	0.022986	0.606099	0.325332	0.186085	0.022308	0.426673	0.364934	0.289677	0.561312	0.065384	0.083628	0.431656	0.070470	0.396000	0.101873	0.163091	0.183126	0.209993	0.443790	1,2,2,1,3,4	71.385975	0.025500	0.197222	0.315525	0.297283	0.077315	0.087156	0.024954	0.241104	0.177558	0.344773	0.109552	0.102058	0.024954	0.241104	0.177558	0.344773	0.109552	0.102058	0.025500	0.197222	0.315525	0.297283	0.077315	0.087156	0.160736	0.399246	0.087467	0.343758	0.004767	0.004027	0.111276	0.174298	0.102559	0.202873	0.345632	0.063363	1,2,3,4,3,5	72.031256	0.230521	1.548215	0.826130	0.185662	0.826130	0.975020	
97000	-117586	1,1,2,1,3,4	69.650025	4.705515	4.705515	5.646064	4.705515	6.036346	5.809159	1,2,3,1,2,4	69.577935	0.529460	0.194873	0.098257	0.177409	0.443073	0.068693	0.267993	0.220241	0.067963	0.058539	0.213879	0.659619	0.529460	0.194873	0.098257	0.177409	0.443073	0.068693	0.267993	0.220241	0.426743	0.177009	0.091728	0.304521	1,2,3,2,3,1	70.424634	0.029490	0.062665	0.191047	0.190423	0.355864	0.170511	0.087122	0.115499	0.115573	0.180975	0.182764	0.318068	0.034898	0.364706	0.048166	0.236382	0.191283	0.124566	0.087122	0.115499	0.115573	0.180975	0.182764	0.318068	0.034898	0.364706	0.048166	0.236382	0.191283	0.124566	0.029490	0.062665	0.191047	0.190423	0.355864	0.170511	1,2,3,1,4,3	71.202293	0.301320	1.847796	0.912786	0.301320	1.226166	0.912786	
98000	-115236	1,2,3,3,4,5	70.398386	6.025595	5.665855	4.901277	4.901277	7.125927	6.206657	1,2,3,1,4,5	72.770413	0.419324	0.216872	0.104707	0.259098	0.401684	0.033760	0.409386	0.155171	0.174279	0.042240	0.109183	0.674298	0.419324	0.216872	0.104707	0.259098	0.422350	0.067227	0.379809	0.130614	0.195339	0.260697	0.067823	0.476141	1,2,3,2,4,5	70.300813	0.030651	0.221671	0.385699	0.246939	0.057269	0.057770	0.115001	0.157473	0.200084	0.204233	0.084965	0.238243	0.116291	0.428592	0.061043	0.182749	0.072783	0.138542	0.115001	0.157473	0.200084	0.204233	0.084965	0.238243	0.087787	0.428881	0.088190	0.270716	0.022540	0.101886	0.115715	0.258098	0.156840	0.218475	0.139845	0.111027	1,2,3,4,5,6	71.220014	0.279153	2.808288	0.750584	0.241354	1.134496	1.042823	
99000	-118066	1,2,3,3,4,5	71.765612	5.750322	5.957394	5.101730	5.101730	6.456892	5.423085	1,2,2,3,1,3	70.260379	0.463625	0.066913	0.320335	0.149127	0.151299	0.020660	0.557777	0.270265	0.151299	0.020660	0.557777	0.270265	0.274661	0.460627	0.128990	0.135722	0.463625	0.066913	0.320335	0.149127	0.274661	0.460627	0.128990	0.135722	1,2,2,3,4,3	73.210484	0.029441	0.021274	0.664422	0.080986	0.179286	0.024592	0.148174	0.169098	0.217221	0.168245	0.182800	0.114462	0.148174	0.169098	0.217221	0.168245	0.182800	0.114462	0.057593	0.210999	0.263407	0.100664	0.228285	0.139052	0.278227	0.311580	0.225509	0.106064	0.050478	0.028142	0.057593	0.210999	0.263407	0.100664	0.228285	0.139052	1,2,3,4,5,6	71.336630	0.386528	2.014447	0.763918	0.185000	1.000790	0.986437	
100000	-116233	1,2,3,3,4,5	70.302353	5.048266	5.872416	4.468276	4.468276	6.496508	5.815441	1,2,3,4,5,1	71.567022	0.348004	0.173721	0.086698	0.391578	0.300279	0.026662	0.444917	0.228142	0.032717	0.055228	0.229595	0.682461	0.600687	0.115790	0.059526	0.223998	0.428671	0.109830	0.305066	0.156433	0.348004	0.173721	0.086698	0.391578	1,2,3,4,3,5	70.785672	0.228532	0.036031	0.267540	0.246048	0.095710	0.126139	0.081493	0.194173	0.109821	0.051562	0.109221	0.453731	0.075083	0.400343	0.096729	0.168705	0.129295	0.129845	0.074834	0.181124	0.114537	0.314513	0.203114	0.111878	0.075083	0.400343	0.096729	0.168705	0.129295	0.129845	0.093747	0.017983	0.142306	0.159789	0.224568	0.361606	1,2,3,1,4,4	71.683890	0.333839	2.646806	0.878358	0.333839	0.916837	0.916837	
101000	-117251	1,2,2,3,4,2	72.386458	5.467235	5.425736	5.425736	4.890730	6.763390	5.425736	1,2,3,4,2,5	69.729739	0.490775	0.131042	0.017446	0.360736	0.381497	0.097947	0.397702	0.122854	0.204202	0.230642	0.187883	0.377273	0.490395	0.225258	0.124960	0.159387	0.381497	0.097947	0.397702	0.122854	0.281401	0.254408	0.088050	0.376141	1,2,3,1,4,2	71.880317	0.085836	0.147514	0.288359	0.183210	0.166858	0.128224	0.056458	0.096316	0.111102	0.051107	0.388898	0.296119	0.345376	0.066346	0.100302	0.291033	0.112547	0.084396	0.085836	0.147514	0.288359	0.183210	0.166858	0.128224	0.215711	0.185867	0.121396	0.432178	0.014765	0.030082	0.056458	0.096316	0.111102	0.051107	0.388898	0.296119	1,2,3,4,5,6	72.219953	0.239591	2.676593	0.605209	0.224006	1.054127	0.792008	
102000	-116281	1,1,2,2,3,4	72.052845	5.311801	5.311801	4.863958	4.863958	6.166603	5.949971	1,2,3,4,5,1	69.943380	0.370173	0.255726	0.032180	0.341921	0.175596	0.147974	0.412510	0.263920	0.227379	0.123337	0.199880	0.449405	0.617521	0.147456	0.144934	0.090089	0.189677	0.372844	0.289720	0.147759	0.370173	0.255726	0.032180	0.341921	1,2,3,4,5,6	72.154077	0.071292	0.309659	0.347879	0.119956	0.048790	0.102423	0.020173	0.286680	0.196219	0.194844	0.009553	0.292531	0.002570	0.409991	0.147147	0.189647	0.020165	0.230481	0.060244	0.165261	0.305572	0.164900	0.113893	0.190130	0.067017	0.360464	0.228618	0.132807	0.188870	0.022224	0.046856	0.249066	0.075317	0.131005	0.077780	0.419976	1,2,3,1,4,4	70.246794	0.256448	2.180972	0.731904	0.256448	0.989724	0.989724	
103000	-116788	1,2,3,4,5,6	72.696717	5.981397	5.766663	4.992153	4.790869	6.526628	6.635551	1,2,1,3,3,4	70.813673	0.337359	0.163468	0.113505	0.385668	0.093824	0.006619	0.787037	0.112520	0.337359	0.163468	0.113505	0.385668	0.347623	0.231284	0.356180	0.064912	0.347623	0.231284	0.356180	0.064912	0.187527	0.319396	0.055734	0.437343	1,2,3,4,3,5	69.745476	0.073248	0.007195	0.256852	0.294220	0.213084	0.155401	0.037310	0.161734	0.070848	0.203120	0.115234	0.411754	0.093799	0.437288	0.072810	0.203784	0.013118	0.179201	0.053895	0.003600	0.490800	0.058419	0.387141	0.006145	0.093799	0.437288	0.072810	0.203784	0.013118	0.179201	0.132752	0.066346	0.061572	0.054464	0.192645	0.492221	1,2,3,4,3,3	72.458400	0.404467	2.912594	1.016951	0.348577	1.016951	1.016951	
104000	-117832	1,2,3,4,5,6	70.166614	6.499152	5.725524	6.317574	5.509757	6.718382	5.753585	1,2,3,4,2,1	71.769189	0.346193	0.255754	0.162202	0.235851	0.220298	0.175345	0.477374	0.126983	0.166606	0.107079	0.226284	0.500031	0.374522	0.301528	0.210907	0.113042	0.220298	0.175345	0.477374	0.126983	0.346193	0.255754	0.162202	0.235851	1,2,3,2,4,2	71.824166	0.004012	0.081882	0.428559	0.087813	0.325403	0.072331	0.057449	0.173397	0.210700	0.130236	0.187718	0.240500	0.002217	0.216847	0.066760	0.485606	0.126847	0.101724	0.057449	0.173397	0.210700	0.130236	0.187718	0.240500	0.120367	0.261810	0.285634	0.027066	0.207615	0.097509	0.057449	0.173397	0.210700	0.130236	0.187718	0.240500	1,2,3,1,4,5	70.365186	0.252435	4.212753	0.893381	0.252435	0.831791	0.895159	
105000	-116666	1,2,3,2,4,5	71.500379	5.729427	4.538351	5.184513	4.538351	6.389184	5.820440	1,2,3,4,5,1	71.580093	0.350598	0.176061	0.070839	0.402502	0.418975	0.087480	0.378830	0.114714	0.047012	0.159653	0.287688	0.505647	0.562770	0.160908	0.219395	0.056927	0.547554	0.126189	0.255833	0.070424	0.350598	0.176061	0.070839	0.402502	1,2,3,1,4,5	70.795945	0.077714	0.027490	0.429794	0.164926	0.131520	0.168557	0.153517	0.128359	0.099425	0.139474	0.087696	0.391529	0.027308	0.323623	0.203819	0.044848	0.211528	0.188873	0.077714	0.027490	0.429794	0.164926	0.131520	0.168557	0.103851	0.465670	0.154889	0.094333	0.007758	0.173499	0.119832	0.017880	0.080741	0.424517	0.271424	0.085606	1,2,3,4,5,5	69.775750	0.277078	4.028858	0.674803	0.169698	1.107692	1.107692	
106000	-116925	1,2,3,3,4,3	72.318051	5.248850	5.269256	4.521467	4.521467	6.479958	4.521467	1,2,3,1,2,3	69.252645	0.539603	0.155289	0.108724	0.196384	0.505213	0.048143	0.333986	0.112658	0.074905	0.119091	0.071610	0.734394	0.539603	0.155289	0.108724	0.196384	0.505213	0.048143	0.333986	0.112658	0.074905	0.119091	0.071610	0.734394	1,2,3,2,3,4	70.516474	0.065728	0.052692	0.320829	0.221010	0.248003	0.091739	0.055012	0.051699	0.108239	0.233477	0.178655	0.372918	0.227636	0.312829	0.061974	0.288303	0.039827	0.069431	0.055012	0.051699	0.108239	0.233477	0.178655	0.372918	0.227636	0.312829	0.061974	0.288303	0.039827	0.069431	0.199019	0.044102	0.230935	0.010809	0.267163	0.247972	1,2,3,4,5,6	73.408142	0.326753	2.519601	1.059075	0.268996	1.075494	0.956165	
107000	-116453	1,2,3,4,5,6	69.759395	5.163866	5.083194	5.832671	5.818194	6.930105	5.235531	1,2,3,4,2,5	71.529549	0.464005	0.121729	0.146252	0.268014	0.405763	0.075026	0.392434	0.126777	0.241576	0.048190	0.383472	0.326762	0.616986	0.090614	0.197246	0.095154	0.405763	0.075026	0.392434	0.126777	0.158306	0.244524	0.118584	0.478586	1,2,3,4,3,3	69.916045	0.042742	0.011920	0.668911	0.109332	0.006473	0.160620	0.074854	0.041210	0.072782	0.313147	0.090004	0.408002	0.054831	0.304022	0.105693	0.265529	0.174768	0.095157	0.028143	0.101764	0.251107	0.290936	0.308724	0.019326	0.054831	0.304022	0.105693	0.265529	0.174768	0.095157	0.054831	0.304022	0.105693	0.265529	0.174768	0.095157	1,2,3,4,5,6	70.039311	0.265527	2.711913	1.087243	0.141434	1.151696	0.778265	
108000	-116210	1,2,3,3,4,5	72.140180	5.512237	5.620086	5.313891	5.313891	6.927711	5.591935	1,2,3,4,2,5	71.045511	0.419312	0.199321	0.111607	0.269760	0.290118	0.133360	0.434742	0.141780	0.096635	0.049118	0.570399	0.283849	0.504252	0.257222	0.067618	0.170909	0.290118	0.133360	0.434742	0.141780	0.213659	0.462543	0.094318	0.229479	1,2,3,2,4,2	73.220912	0.145922	0.039598	0.633193	0.046578	0.004082	0.130627	0.047047	0.136362	0.289093	0.119452	0.157150	0.250897	0.349475	0.173379	0.171455	0.263133	0.011487	0.031072	0.047047	0.136362	0.289093	0.119452	0.157150	0.250897	0.099927	0.338915	0.242782	0.115826	0.097971	0.104580	0.047047	0.136362	0.289093	0.119452	0.157150	0.250897	1,2,3,1,4,3	70.664256	0.289026	4.064188	0.850113	0.289026	1.049904	0.850113	
109000	-116789	1,2,3,4,5,6	71.782588	5.110284	6.022623	6.234634	4.977459	6.840328	6.940485	1,2,3,1,4,5	71.638632	0.483452	0.250770	0.022981	0.242797	0.233339	0.047853	0.625241	0.093566	0.288814	0.007813	0.169416	0.533956	0.483452	0.250770	0.022981	0.242797	0.254294	0.214204	0.408844	0.122658	0.283335	0.389961	0.022485	0.304219	1,1,2,2,3,4	71.340362	0.083830	0.086547	0.245871	0.195865	0.060677	0.327209	0.083830	0.086547	0.245871	0.195865	0.060677	0.327209	0.101273	0.211696	0.110163	0.340125	0.127772	0.108971	0.101273	0.211696	0.110163	0.340125	0.127772	0.108971	0.271285	0.378218	0.012062	0.067493	0.260193	0.010750	0.037514	0.139191	0.400005	0.128969	0.214362	0.079959	1,2,3,4,5,3	71.955985	0.366226	2.568734	0.923857	0.198405	0.997490	0.923857	
110000	-115413	1,2,3,4,3,5	70.805468	6.280109	5.727217	6.084929	4.919889	6.084929	6.425951	1,2,3,4,4,5	70.333464	0.471624	0.140435	0.107979	0.279963	0.109169	0.033712	0.570454	0.286665	0.312139	0.065687	0.257619	0.364555	0.343446	0.274829	0.320118	0.061607	0.343446	0.274829	0.320118	0.061607	0.301492	0.265390	0.093894	0.339224	1,2,2,1,3,4	71.682371	0.037672	0.016131	0.537262	0.162611	0.126071	0.120253	0.163412	0.188447	0.075727	0.354451	0.070364	0.147599	0.163412	0.188447	0.075727	0.354451	0.070364	0.147599	0.037672	0.016131	0.537262	0.162611	0.126071	0.120253	0.103669	0.320279	0.095090	0.192899	0.110846	0.177217	0.187378	0.134263	0.066978	0.042991	0.350394	0.217997	1,2,3,1,4,3	71.280437	0.247591	2.459714	0.864975	0.247591	1.012783	0.864975	
111000	-117313	1,2,1,1,3,4	71.672428	4.065239	5.543319	4.065239	4.065239	6.375641	7.115327	1,2,1,3,2,4	70.360914	0.436543	0.140914	0.247314	0.175229	0.371991	0.097414	0.413847	0.116748	0.436543	0.140914	0.247314	0.175229	0.781333	0.068783	0.021281	0.128603	0.371991	0.097414	0.413847	0.116748	0.170299	0.355534	0.166384	0.307784	1,2,2,3,3,2	72.203252	0.060330	0.022954	0.427465	0.093376	0.303675	0.092199	0.051260	0.083278	0.153284	0.133353	0.134405	0.444421	0.051260	0.083278	0.153284	0.133353	0.134405	0.444421	0.073158	0.320639	0.139047	0.382278	0.063876	0.021002	0.073158	0.320639	0.139047	0.382278	0.063876	0.021002	0.051260	0.083278	0.153284	0.133353	0.134405	0.444421	1,2,3,1,4,4	68.646732	0.209762	2.998803	0.813248	0.209762	1.041049	1.041049	
112000	-118497	1,2,1,2,3,4	71.598684	5.060421	4.244064	5.060421	4.244064	5.580779	5.934437	1,2,1,3,2,4	70.456973	0.325145	0.139626	0.098135	0.437094	0.204454	0.140281	0.601700	0.053565	0.325145	0.139626	0.098135	0.437094	0.379652	0.155456	0.250615	0.214277	0.204454	0.140281	0.601700	0.053565	0.193874	0.184961	0.162792	0.458374	1,2,3,4,3,4	71.215713	0.178039	0.053054	0.317957	0.268723	0.149287	0.032939	0.020022	0.174580	0.243552	0.023468	0.122419	0.415960	0.150613	0.232458	0.019815	0.119361	0.191542	0.286212	0.198360	0.065302	0.272119	0.167544	0.147504	0.149171	0.150613	0.232458	0.019815	0.119361	0.191542	0.286212	0.198360	0.065302	0.272119	0.167544	0.147504	0.149171	1,2,3,1,3,3	72.825250	0.259240	2.529850	0.838606	0.259240	0.838606	0.838606	
113000	-119078	1,2,3,4,5,6	70.398965	5.898307	5.350964	5.123379	4.773976	5.298342	5.642947	1,2,2,1,3,1	70.475587	0.423926	0.249340	0.052880	0.273855	0.183881	0.015999	0.627687	0.172433	0.183881	0.015999	0.627687	0.172433	0.423926	0.249340	0.052880	0.273855	0.215940	0.064201	0.610286	0.109573	0.423926	0.249340	0.052880	0.273855	1,2,3,1,4,2	72.065282	0.062953	0.220450	0.135713	0.469291	0.059115	0.052478	0.098746	0.028696	0.158147	0.109296	0.174026	0.431088	0.102848	0.079177	0.159544	0.350676	0.232624	0.075132	0.062953	0.220450	0.135713	0.469291	0.059115	0.052478	0.037404	0.334241	0.194285	0.123840	0.261666	0.048564	0.098746	0.028696	0.158147	0.109296	0.174026	0.431088	1,2,3,4,5,5	71.069830	0.255329	2.237500	0.839399	0.237101	1.024134	1.024134	
114000	-118391	1,2,3,3,4,4	69.390431	5.699466	5.992722	5.169441	5.169441	6.795275	6.795275	1,2,2,3,4,5	72.098767	0.371418	0.104760	0.107209	0.416612	0.148920	0.027063	0.392532	0.431485	0.148920	0.027063	0.392532	0.431485	0.831484	0.057347	0.085808	0.025361	0.659168	0.123312	0.212009	0.005511	0.263287	0.235028	0.088011	0.413673	1,2,3,4,2,5	71.929467	0.122542	0.003043	0.463215	0.206669	0.094935	0.109596	0.134910	0.225155	0.190877	0.159935	0.109369	0.179754	0.040773	0.216617	0.173156	0.327567	0.040877	0.201009	0.025602	0.014154	0.474416	0.068486	0.156033	0.261308	0.134910	0.225155	0.190877	0.159935	0.109369	0.179754	0.082777	0.310168	0.024989	0.001089	0.402067	0.178909	1,2,3,1,4,2	71.760284	0.302398	1.003879	0.690301	0.302398	0.868401	1.003879	
115000	-115569	1,2,3,4,5,6	71.747022	5.734110	5.628489	6.340506	5.525981	6.438715	5.814554	1,2,3,4,5,1	72.302032	0.348579	0.166872	0.101183	0.383365	0.341638	0.046736	0.545176	0.066450	0.314950	0.060835	0.261026	0.363190	0.584033	0.238073	0.089472	0.088422	0.561709	0.097998	0.276893	0.063400	0.348579	0.166872	0.101183	0.383365	1,2,3,4,5,3	71.373658	0.127081	0.145414	0.604205	0.051553	0.033122	0.038625	0.048533	0.046241	0.353298	0.198584	0.138233	0.215111	0.133281	0.207455	0.069208	0.232280	0.250939	0.106837	0.030478	0.058522	0.235894	0.363878	0.226603	0.084624	0.159461	0.375449	0.029041	0.179937	0.199812	0.056300	0.133281	0.207455	0.069208	0.232280	0.250939	0.106837	1,2,3,4,5,6	72.198293	0.325411	1.088122	0.842552	0.140015	1.040948	1.004969	
116000	-116717	1,2,3,2,4,5	69.229817	5.461494	4.729890	5.260420	4.729890	6.453351	5.358323	1,2,3,1,2,4	72.305210	0.562182	0.159227	0.043895	0.234696	0.306746	0.180414	0.443022	0.069818	0.238477	0.069666	0.138750	0.553107	0.562182	0.159227	0.043895	0.234696	0.306746	0.180414	0.443022	0.069818	0.070162	0.202154	0.212955	0.514729	1,2,3,4,3,5	71.320432	0.077042	0.070104	0.432351	0.194748	0.111544	0.114211	0.043615	0.147810	0.086736	0.124798	0.208160	0.388881	0.135078	0.445402	0.107708	0.134003	0.043890	0.133918	0.084659	0.150703	0.131697	0.332100	0.139813	0.161028	0.135078	0.445402	0.107708	0.134003	0.043890	0.133918	0.023342	0.025351	0.472027	0.163684	0.220075	0.095521	1,2,3,4,5,6	71.268602	0.238655	1.614545	0.704301	0.247229	0.874158	0.992613	
117000	-116027	1,2,3,4,5,5	70.641159	5.241307	6.261072	5.164909	5.242332	6.428362	6.428362	1,2,3,4,4,1	69.136037	0.307231	0.149888	0.099257	0.443623	0.205928	0.104537	0.603773	0.085761	0.113890	0.013219	0.202439	0.670453	0.493583	0.163931	0.285958	0.056528	0.493583	0.163931	0.285958	0.056528	0.307231	0.149888	0.099257	0.443623	1,2,3,4,5,2	72.297320	0.271732	0.072955	0.303263	0.126401	0.198063	0.027586	0.076932	0.079800	0.100889	0.104759	0.304306	0.333314	0.267667	0.199573	0.083967	0.318102	0.099086	0.031605	0.044728	0.090482	0.154665	0.029473	0.226847	0.453805	0.076951	0.525302	0.010605	0.344318	0.024533	0.018291	0.076932	0.079800	0.100889	0.104759	0.304306	0.333314	1,2,3,4,5,3	74.058409	0.266890	3.064898	0.960055	0.156372	1.127566	0.960055	
118000	-117219	1,1,1,2,3,4	70.017814	4.650285	4.650285	4.650285	5.303819	6.206565	5.795583	1,2,3,1,4,5	71.688688	0.497189	0.209191	0.150498	0.143122	0.403435	0.140336	0.318173	0.138057	0.179626	0.318545	0.262373	0.239456	0.497189	0.209191	0.150498	0.143122	0.315030	0.119622	0.461534	0.103814	0.311591	0.298813	0.099074	0.290523	1,2,2,1,3,1	70.895096	0.045747	0.065724	0.227950	0.173619	0.218396	0.268564	0.005796	0.242813	0.252411	0.090275	0.040906	0.367798	0.005796	0.242813	0.252411	0.090275	0.040906	0.367798	0.045747	0.065724	0.227950	0.173619	0.218396	0.268564	0.095174	0.393797	0.244473	0.197614	0.009098	0.059844	0.045747	0.065724	0.227950	0.173619	0.218396	0.268564	1,2,3,4,5,5	69.145793	0.238643	1.401012	0.627863	0.137502	0.912230	0.912230	
119000	-116956	1,2,3,3,4,5	69.889953	5.502595	5.676515	5.221722	5.221722	6.816611	5.908327	1,2,2,3,4,1	69.725488	0.376884	0.219433	0.085568	0.318115	0.119551	0.205333	0.495090	0.180025	0.119551	0.205333	0.495090	0.180025	0.576297	0.248125	0.030054	0.145525	0.389837	0.126032	0.440110	0.044022	0.376884	0.219433	0.085568	0.318115	1,2,3,4,5,4	72.048062	0.095956	0.031460	0.544757	0.096641	0.191740	0.039446	0.133223	0.144447	0.226584	0.012543	0.189138	0.294065	0.063615	0.228202	0.489366	0.035475	0.031623	0.151719	0.025173	0.086876	0.210014	0.081376	0.347920	0.248641	0.079865	0.433532	0.059327	0.211436	0.170099	0.045742	0.025173	0.086876	0.210014	0.081376	0.347920	0.248641	1,2,3,1,4,5	69.984485	0.210814	2.791980	0.957096	0.210814	0.906878	1.042449	
120000	-115775	1,1,2,3,4,5	70.622750	5.506338	5.506338	6.142583	5.310498	6.389047	5.527424	1,2,3,4,2,3	70.403466	0.496461	0.120933	0.133900	0.248705	0.402387	0.100626	0.375773	0.121214	0.232449	0.138097	0.185036	0.444418	0.494350	0.217598	0.237018	0.051034	0.402387	0.100626	0.375773	0.121214	0.232449	0.138097	0.185036	0.444418	1,2,3,4,5,4	72.228093	0.091759	0.037039	0.463273	0.337605	0.038637	0.031687	0.238298	0.155312	0.183899	0.102954	0.016439	0.303098	0.310023	0.197484	0.162376	0.158179	0.051874	0.120064	0.084914	0.062214	0.155088	0.209548	0.317979	0.170257	0.112765	0.356925	0.140795	0.279461	0.005721	0.104334	0.084914	0.062214	0.155088	0.209548	0.317979	0.170257	1,2,3,1,4,5	70.328711	0.278307	2.536727	1.039818	0.278307	1.106521	0.942723	
121000	-117242	1,2,3,4,5,6	71.492575	4.868698	5.979199	5.467675	4.762646	6.854212	6.054162	1,2,1,3,2,4	70.958945	0.263946	0.114886	0.343938	0.277231	0.344922	0.067377	0.464605	0.123097	0.263946	0.114886	0.343938	0.277231	0.276920	0.495422	0.170245	0.057413	0.344922	0.067377	0.464605	0.123097	0.237357	0.160503	0.235627	0.366513	1,2,3,4,5,6	71.883734	0.067134	0.005447	0.418389	0.174322	0.220134	0.114573	0.041786	0.147290	0.035062	0.196685	0.010430	0.568747	0.042557	0.289888	0.077617	0.129278	0.135914	0.324745	0.074688	0.161607	0.186896	0.367956	0.095588	0.113265	0.382455	0.277454	0.043847	0.192667	0.019334	0.084243	0.218997	0.083218	0.170440	0.035365	0.218002	0.273977	1,2,3,4,5,6	70.337354	0.256101	2.969070	0.624198	0.189296	1.204442	1.024439	
122000	-116422	1,2,3,4,5,6	70.891218	6.602470	5.407141	6.467877	5.160916	5.855260	4.736331	1,2,2,3,4,1	69.699164	0.476287	0.092195	0.099270	0.332248	0.139699	0.047812	0.372297	0.440192	0.139699	0.047812	0.372297	0.440192	0.705455	0.202002	0.060451	0.032092	0.313255	0.026860	0.487225	0.172660	0.476287	0.092195	0.099270	0.332248	1,2,2,3,2,4	71.641885	0.056478	0.062828	0.545545	0.065635	0.194688	0.074827	0.212904	0.262689	0.051327	0.371770	0.029345	0.071965	0.212904	0.262689	0.051327	0.371770	0.029345	0.071965	0.035593	0.235679	0.296541	0.208251	0.140263	0.083673	0.212904	0.262689	0.051327	0.371770	0.029345	0.071965	0.133344	0.023555	0.150336	0.225881	0.361676	0.105207	1,2,3,4,5,6	72.377600	0.237892	1.852699	0.726445	0.162999	1.123887	0.921768	
123000	-116477	1,2,3,3,4,1	69.847423	5.584179	5.865110	4.946013	4.946013	6.361335	5.584179	1,2,3,1,4,5	70.900149	0.490108	0.151120	0.065888	0.292883	0.148428	0.078421	0.562851	0.210300	0.234452	0.025834	0.481205	0.258509	0.490108	0.151120	0.065888	0.292883	0.272791	0.171964	0.402319	0.152926	0.277208	0.281746	0.169332	0.271714	1,2,3,4,4,5	73.146444	0.100103	0.021641	0.350842	0.312985	0.067602	0.146828	0.093231	0.053566	0.227183	0.296858	0.145984	0.183179	0.019634	0.205675	0.149276	0.296649	0.223930	0.104836	0.041122	0.352508	0.039249	0.479860	0.039433	0.047828	0.041122	0.352508	0.039249	0.479860	0.039433	0.047828	0.164228	0.081273	0.148808	0.011679	0.262171	0.331843	1,2,3,4,5,6	72.277195	0.275367	2.359966	0.717658	0.165012	1.334691	0.820919	
124000	-116898	1,2,3,4,5,6	72.040376	6.353619	5.705729	5.745122	5.205219	7.072529	6.315072	1,2,3,4,5,6	71.669926	0.430689	0.247029	0.062731	0.259551	0.130606	0.141638	0.567810	0.159947	0.112246	0.074349	0.119154	0.694250	0.597911	0.168865	0.144407	0.088817	0.284428	0.119058	0.470970	0.125545	0.215374	0.344437	0.079436	0.360754	1,2,3,4,5,6	70.104389	0.049604	0.114835	0.496077	0.161000	0.172972	0.005511	0.204971	0.168817	0.123559	0.233479	0.051772	0.217402	0.030075	0.428162	0.060529	0.342264	0.101399	0.037571	0.039987	0.219061	0.083746	0.254296	0.132354	0.270556	0.140946	0.205453	0.399656	0.022224	0.228708	0.003013	0.127141	0.167606	0.115316	0.100763	0.173141	0.316033	1,2,3,4,3,5	71.965838	0.302950	2.452410	0.770216	0.294834	0.770216	0.934507	
125000	-116582	1,2,3,4,5,6	70.904388	5.475818	5.680829	5.472886	5.735848	6.516163	5.610116	1,2,3,4,2,5	71.830897	0.398662	0.218679	0.150534	0.232125	0.355824	0.071680	0.480628	0.091868	0.223952	0.179432	0.328634	0.267981	0.333139	0.495177	0.037434	0.134250	0.355824	0.071680	0.480628	0.091868	0.237955	0.121142	0.102854	0.538049	1,2,3,1,4,5	71.161295	0.004817	0.075932	0.235016	0.396597	0.232377	0.055262	0.032034	0.073164	0.284848	0.204116	0.097707	0.308130	0.044933	0.326960	0.245665	0.186851	0.045481	0.150109	0.004817	0.075932	0.235016	0.396597	0.232377	0.055262	0.322925	0.364641	0.045911	0.164998	0.010594	0.090933	0.247780	0.139597	0.099080	0.030999	0.219634	0.262910	1,2,3,4,5,5	71.229434	0.276858	2.504911	0.656714	0.150689	1.055424	1.055424	
126000	-116937	1,2,2,2,3,4	71.992456	5.732386	5.122861	5.122861	5.122861	6.128027	5.704615	1,2,3,4,3,1	71.155188	0.432360	0.230790	0.042452	0.294398	0.194267	0.019806	0.726079	0.059848	0.320880	0.174060	0.331138	0.173923	0.801823	0.057397	0.069514	0.071266	0.320880	0.174060	0.331138	0.173923	0.432360	0.230790	0.042452	0.294398	1,1,2,2,3,2	70.944500	0.026512	0.069361	0.274537	0.231970	0.058837	0.338783	0.026512	0.069361	0.274537	0.231970	0.058837	0.338783	0.045819	0.142024	0.066775	0.321364	0.114730	0.309288	0.045819	0.142024	0.066775	0.321364	0.114730	0.309288	0.299450	0.247868	0.113297	0.105798	0.133611	0.099976	0.045819	0.142024	0.066775	0.321364	0.114730	0.309288	1,2,3,4,5,6	71.607486	0.272681	4.027158	0.927318	0.290666	1.060535	1.113728	
127000	-117133	1,2,3,1,4,5	71.009016	5.225339	6.124153	5.403182	5.225339	5.706785	5.927138	1,2,3,4,5,6	72.068683	0.486960	0.213424	0.107644	0.191972	0.158419	0.150099	0.493721	0.197760	0.157103	0.060770	0.387251	0.394876	0.718870	0.084778	0.067111	0.129240	0.223651	0.077599	0.450694	0.248056	0.162711	0.292578	0.187427	0.357283	1,2,1,1,3,2	70.075908	0.064388	0.207786	0.234562	0.323063	0.045400	0.124800	0.090678	0.096909	0.308719	0.124701	0.139302	0.239690	0.064388	0.207786	0.234562	0.323063	0.045400	0.124800	0.064388	0.207786	0.234562	0.323063	0.045400	0.124800	0.148665	0.195944	0.060412	0.307153	0.199417	0.088409	0.090678	0.096909	0.308719	0.124701	0.139302	0.239690	1,2,3,4,5,6	70.540248	0.346867	4.379499	0.675446	0.203320	1.092149	1.102787	
128000	-116728	1,2,3,3,1,4	71.211676	5.229254	5.121931	5.821974	5.821974	5.229254	5.739475	1,2,2,3,1,4	71.669036	0.466627	0.124113	0.201714	0.207545	0.135763	0.085135	0.374345	0.404757	0.135763	0.085135	0.374345	0.404757	0.524254	0.199672	0.174698	0.101376	0.466627	0.124113	0.201714	0.207545	0.351117	0.381413	0.025321	0.242149	1,2,3,4,2,4	70.444850	0.166897	0.007504	0.574491	0.095675	0.015308	0.140125	0.258446	0.283108	0.045605	0.218775	0.060111	0.133956	0.013536	0.186372	0.166160	0.257703	0.240335	0.135894	0.033872	0.063337	0.281662	0.019060	0.302894	0.299175	0.258446	0.283108	0.045605	0.218775	0.060111	0.133956	0.033872	0.063337	0.281662	0.019060	0.302894	0.299175	1,2,3,4,5,6	70.341819	0.288593	1.593971	0.667320	0.182048	0.847245	1.063838	
129000	-117334	1,2,3,4,5,6	70.313963	6.565130	5.611273	5.729144	5.186046	5.815925	6.223498	1,2,3,4,5,6	70.024264	0.455524	0.150371	0.054311	0.339794	0.212683	0.240499	0.432005	0.114813	0.066992	0.099656	0.230288	0.603065	0.480930	0.238136	0.052090	0.228844	0.571132	0.033060	0.364961	0.030846	0.311040	0.242900	0.051253	0.394807	1,2,3,4,5,6	72.959812	0.083198	0.127585	0.509359	0.095852	0.109526	0.074480	0.165237	0.081878	0.120759	0.044238	0.195400	0.392488	0.191585	0.110141	0.191885	0.196662	0.221462	0.088266	0.110448	0.563592	0.071767	0.095839	0.123594	0.034760	0.288958	0.157107	0.062421	0.260916	0.096259	0.134339	0.094582	0.158707	0.112324	0.119292	0.185931	0.329164	1,2,3,4,5,6	71.190148	0.296750	3.322708	0.716093	0.213500	0.994014	1.144265	
130000	-115997	1,2,3,4,3,5	70.243952	5.335840	5.232357	6.892271	5.390622	6.892271	5.423992	1,2,3,4,2,1	71.985667	0.396136	0.249104	0.028648	0.326112	0.224060	0.133901	0.395869	0.246170	0.146074	0.031064	0.356992	0.465870	0.609007	0.080636	0.157599	0.152757	0.224060	0.133901	0.395869	0.246170	0.396136	0.249104	0.028648	0.326112	1,2,3,1,3,2	71.646659	0.111128	0.032855	0.420179	0.110415	0.120723	0.204699	0.103952	0.160553	0.096688	0.241282	0.157953	0.239573	0.101411	0.455315	0.131474	0.214553	0.025219	0.072028	0.111128	0.032855	0.420179	0.110415	0.120723	0.204699	0.101411	0.455315	0.131474	0.214553	0.025219	0.072028	0.103952	0.160553	0.096688	0.241282	0.157953	0.239573	1,2,3,1,4,5	71.039418	0.213736	2.444940	0.651894	0.213736	0.947722	1.227336	
131000	-117113	1,2,3,2,4,5	72.681293	6.226328	5.182335	6.343901	5.182335	5.528853	6.295596	1,2,2,1,2,3	72.255309	0.545040	0.158168	0.057693	0.239099	0.233800	0.044432	0.340750	0.381018	0.233800	0.044432	0.340750	0.381018	0.545040	0.158168	0.057693	0.239099	0.233800	0.044432	0.340750	0.381018	0.329513	0.250551	0.032071	0.387864	1,2,3,3,4,5	70.724462	0.147028	0.085297	0.285954	0.208587	0.019205	0.253929	0.063894	0.266037	0.073699	0.263413	0.101387	0.231570	0.052914	0.156363	0.089283	0.503139	0.140318	0.057983	0.052914	0.156363	0.089283	0.503139	0.140318	0.057983	0.546476	0.156379	0.097121	0.075050	0.066740	0.058234	0.044936	0.180735	0.111765	0.356962	0.153049	0.152553	1,2,3,4,5,5	71.112835	0.239737	1.608122	0.732343	0.241141	0.995980	0.995980	
132000	-115331	1,2,3,4,5,6	71.986310	5.435732	5.812166	5.195368	6.359005	5.139422	6.608904	1,2,3,4,1,5	69.797618	0.376759	0.143108	0.195147	0.284986	0.313271	0.016272	0.599483	0.070974	0.275567	0.205367	0.149015	0.370052	0.529260	0.303242	0.032237	0.135260	0.376759	0.143108	0.195147	0.284986	0.151885	0.353025	0.052428	0.442662	1,2,3,4,5,6	71.210919	0.046035	0.041733	0.442276	0.208915	0.252580	0.008460	0.000050	0.045332	0.050671	0.367942	0.394011	0.141994	0.280184	0.229845	0.052942	0.203665	0.001210	0.232155	0.025053	0.187601	0.175427	0.248706	0.340845	0.022368	0.076008	0.437025	0.024190	0.359770	0.049250	0.053756	0.051703	0.112261	0.191150	0.116949	0.339855	0.188082	1,2,3,4,5,6	70.961663	0.295310	2.109941	0.817558	0.143071	0.924282	0.987464	
133000	-118825	1,2,3,4,4,5	70.734598	5.729571	5.763266	6.514899	5.128665	5.128665	6.233879	1,2,3,1,2,4	70.098558	0.570355	0.150932	0.056052	0.222662	0.146184	0.174985	0.383053	0.295778	0.107467	0.139171	0.255696	0.497666	0.570355	0.150932	0.056052	0.222662	0.146184	0.174985	0.383053	0.295778	0.280071	0.232904	0.120092	0.366932	1,2,3,4,3,4	73.187945	0.239070	0.040612	0.295062	0.197161	0.075891	0.152203	0.236371	0.092195	0.084878	0.368985	0.033572	0.183999	0.125709	0.386080	0.167837	0.231949	0.070145	0.018280	0.152377	0.083792	0.131714	0.262721	0.257784	0.111612	0.125709	0.386080	0.167837	0.231949	0.070145	0.018280	0.152377	0.083792	0.131714	0.262721	0.257784	0.111612	1,2,3,1,4,5	71.393282	0.366928	3.398151	0.612756	0.366928	1.387093	1.197381	
134000	-116052	1,2,2,1,3,4	70.615814	5.463627	5.406008	5.406008	5.463627	6.690101	6.189202	1,2,3,4,2,5	71.434645	0.587131	0.130621	0.109755	0.172493	0.387072	0.103626	0.457431	0.051871	0.425020	0.055501	0.123145	0.396335	0.638746	0.092920	0.199515	0.068818	0.387072	0.103626	0.457431	0.051871	0.213309	0.384248	0.113464	0.288979	1,2,3,2,4,2	70.882395	0.046492	0.057437	0.351008	0.372277	0.073537	0.099250	0.048904	0.047843	0.226516	0.082938	0.279973	0.313826	0.001423	0.152103	0.069030	0.338123	0.137211	0.302111	0.048904	0.047843	0.226516	0.082938	0.279973	0.313826	0.059861	0.285442	0.279271	0.155771	0.154951	0.064705	0.048904	0.047843	0.226516	0.082938	0.279973	0.313826	1,2,3,4,3,3	70.468585	0.504762	1.969053	0.856292	0.146867	0.856292	0.856292	
135000	-117708	1,2,2,2,3,4	71.551041	6.367162	5.043701	5.043701	5.043701	6.997313	6.081428	1,2,3,4,5,3	71.042334	0.561887	0.065337	0.057569	0.315208	0.377563	0.105871	0.345171	0.171395	0.155553	0.201130	0.179359	0.463957	0.458531	0.084188	0.284281	0.173000	0.355292	0.124291	0.462332	0.058084	0.155553	0.201130	0.179359	0.463957	1,2,2,3,4,3	73.529512	0.255072	0.008842	0.394385	0.067590	0.155742	0.118368	0.059368	0.249338	0.133591	0.324704	0.074832	0.158167	0.059368	0.249338	0.133591	0.324704	0.074832	0.158167	0.141997	0.090584	0.157181	0.299684	0.157785	0.152769	0.168931	0.261075	0.220648	0.234359	0.053235	0.061752	0.141997	0.090584	0.157181	0.299684	0.157785	0.152769	1,2,3,4,5,2	71.659419	0.283721	1.055474	0.870770	0.321022	1.118924	1.055474	
136000	-114808	1,2,3,2,4,5	72.691295	5.963999	4.769075	4.863626	4.769075	6.002135	6.796133	1,2,3,4,5,6	72.861592	0.418404	0.196805	0.077876	0.306915	0.279598	0.034726	0.519614	0.166062	0.256362	0.142683	0.348133	0.252822	0.557516	0.244988	0.124693	0.072803	0.294134	0.108990	0.468133	0.128743	0.259991	0.229202	0.083959	0.426848	1,2,2,2,3,4	71.962434	0.122952	0.088519	0.489599	0.219729	0.035839	0.043362	0.025725	0.163717	0.217674	0.262614	0.127195	0.203074	0.025725	0.163717	0.217674	0.262614	0.127195	0.203074	0.025725	0.163717	0.217674	0.262614	0.127195	0.203074	0.145303	0.399517	0.146673	0.274483	0.012184	0.021840	0.176228	0.161899	0.048521	0.262213	0.263553	0.087585	1,2,3,4,5,5	73.310777	0.345871	2.991077	0.805371	0.236823	1.042669	1.042669	
137000	-117643	1,1,2,3,4,5	71.576080	5.737770	5.737770	5.508078	5.118844	5.886591	5.536547	1,2,3,4,3,1	71.041637	0.368203	0.150463	0.109907	0.371427	0.108024	0.104017	0.674731	0.113228	0.357908	0.049826	0.260181	0.332085	0.408336	0.396439	0.063080	0.132145	0.357908	0.049826	0.260181	0.332085	0.368203	0.150463	0.109907	0.371427	1,2,3,2,3,2	72.353794	0.153718	0.040073	0.370787	0.264188	0.161614	0.009620	0.023888	0.145864	0.147154	0.085350	0.388562	0.209182	0.140859	0.091022	0.079386	0.533015	0.046966	0.108753	0.023888	0.145864	0.147154	0.085350	0.388562	0.209182	0.140859	0.091022	0.079386	0.533015	0.046966	0.108753	0.023888	0.145864	0.147154	0.085350	0.388562	0.209182	1,2,3,4,5,5	71.659047	0.259101	2.208123	0.850442	0.178754	0.849955	0.849955	
138000	-116112	1,2,3,3,4,5	72.997981	5.561501	5.598305	4.240566	4.240566	5.766524	5.551365	1,2,3,4,4,5	69.673315	0.635286	0.067104	0.051079	0.246531	0.377360	0.039840	0.426040	0.156761	0.124906	0.139384	0.091277	0.644434	0.314019	0.270823	0.342833	0.072325	0.314019	0.270823	0.342833	0.072325	0.208589	0.179169	0.148718	0.463525	1,2,3,1,3,2	70.435525	0.087768	0.048786	0.502134	0.084470	0.202173	0.074670	0.127106	0.154842	0.167994	0.088708	0.155464	0.305887	0.022778	0.532996	0.094800	0.140119	0.013212	0.196096	0.087768	0.048786	0.502134	0.084470	0.202173	0.074670	0.022778	0.532996	0.094800	0.140119	0.013212	0.196096	0.127106	0.154842	0.167994	0.088708	0.155464	0.305887	1,2,3,1,4,5	72.048857	0.242407	3.668670	0.796027	0.242407	0.812994	0.844789	
139000	-116582	1,1,2,1,3,4	71.924912	4.865284	4.865284	6.046206	4.865284	5.150051	6.249453	1,2,3,4,5,6	69.683659	0.259468	0.213877	0.065512	0.461144	0.264227	0.065898	0.359752	0.310124	0.186988	0.108241	0.243678	0.461092	0.256761	0.315962	0.342881	0.084395	0.484057	0.063690	0.391729	0.060524	0.235762	0.212810	0.060982	0.490446	1,2,3,4,5,4	71.205393	0.077165	0.157918	0.230579	0.204801	0.130058	0.199478	0.028024	0.257767	0.079081	0.227474	0.015720	0.391935	0.092544	0.220750	0.101346	0.344813	0.034400	0.206147	0.159428	0.053525	0.251478	0.185908	0.217715	0.131947	0.253371	0.253238	0.093786	0.225794	0.064900	0.108911	0.159428	0.053525	0.251478	0.185908	0.217715	0.131947	1,2,3,1,4,5	70.076348	0.329680	2.180812	0.703217	0.329680	1.126250	0.871321	
140000	-115261	1,2,3,4,5,6	71.243160	5.891489	6.501951	5.965781	5.534616	6.255668	5.813159	1,2,3,4,5,6	71.000199	0.389952	0.156095	0.125978	0.327975	0.257958	0.054589	0.518805	0.168649	0.043415	0.079512	0.153791	0.723282	0.603064	0.113324	0.199305	0.084307	0.377191	0.089186	0.280183	0.253440	0.286084	0.201182	0.147469	0.365265	1,2,3,1,3,1	72.228067	0.129227	0.062670	0.400961	0.121399	0.215601	0.070142	0.014437	0.195095	0.183848	0.137890	0.021059	0.447672	0.075884	0.424787	0.101042	0.309763	0.050394	0.038130	0.129227	0.062670	0.400961	0.121399	0.215601	0.070142	0.075884	0.424787	0.101042	0.309763	0.050394	0.038130	0.129227	0.062670	0.400961	0.121399	0.215601	0.070142	1,2,3,4,5,5	71.984538	0.312780	2.923938	0.759909	0.261715	0.928556	0.928556	
141000	-116853	1,2,3,3,4,5	71.115535	4.816988	5.921445	5.001988	5.001988	5.880233	5.276840	1,2,3,1,4,5	68.163988	0.667772	0.092378	0.110659	0.129191	0.193693	0.024661	0.637579	0.144067	0.172054	0.013468	0.123444	0.691034	0.667772	0.092378	0.110659	0.129191	0.460472	0.056079	0.286791	0.196659	0.041394	0.353798	0.069617	0.535191	1,1,2,1,2,3	70.704931	0.050974	0.108793	0.216237	0.123726	0.242849	0.257422	0.050974	0.108793	0.216237	0.123726	0.242849	0.257422	0.358037	0.262185	0.063144	0.189657	0.038890	0.088088	0.050974	0.108793	0.216237	0.123726	0.242849	0.257422	0.358037	0.262185	0.063144	0.189657	0.038890	0.088088	0.032591	0.306638	0.306485	0.069933	0.113275	0.171078	1,2,3,4,5,3	71.419561	0.257439	3.346276	1.014460	0.181572	0.941367	1.014460	
142000	-116993	1,1,2,3,4,5	71.654655	5.080962	5.080962	5.670239	6.241199	6.352349	6.079909	1,2,2,3,4,1	70.136278	0.326954	0.274279	0.048505	0.350262	0.131264	0.073122	0.401382	0.394231	0.131264	0.073122	0.401382	0.394231	0.199346	0.609648	0.102576	0.088430	0.363069	0.081694	0.469157	0.086080	0.326954	0.274279	0.048505	0.350262	1,2,3,4,2,5	72.367244	0.062958	0.120825	0.344708	0.245533	0.033955	0.192020	0.045944	0.418067	0.122094	0.240539	0.045510	0.127845	0.062275	0.192912	0.248675	0.362858	0.063213	0.070067	0.010454	0.016150	0.278854	0.298074	0.169177	0.227291	0.045944	0.418067	0.122094	0.240539	0.045510	0.127845	0.048455	0.172039	0.202157	0.301906	0.226238	0.049205	1,2,3,4,5,6	71.582749	0.259779	1.688414	0.587379	0.118352	1.124698	0.936133	
143000	-116633	1,2,2,2,3,4	73.032431	5.715557	4.816695	4.816695	4.816695	6.826583	5.917339	1,2,3,4,5,6	70.491344	0.584478	0.149845	0.026839	0.238837	0.217214	0.301179	0.414318	0.067289	0.344620	0.110686	0.186200	0.358494	0.616130	0.297495	0.055807	0.030568	0.454006	0.124328	0.272291	0.149374	0.201058	0.182839	0.074429	0.541675	1,2,3,2,1,3	73.162782	0.129595	0.219987	0.397794	0.187476	0.051591	0.013558	0.011194	0.136026	0.248057	0.106918	0.012942	0.484863	0.121519	0.162110	0.097164	0.265241	0.103908	0.250058	0.011194	0.136026	0.248057	0.106918	0.012942	0.484863	0.129595	0.219987	0.397794	0.187476	0.051591	0.013558	0.121519	0.162110	0.097164	0.265241	0.103908	0.250058	1,2,3,4,5,6	71.051761	0.321861	3.212681	0.649564	0.129512	0.912352	0.982595	
144000	-117237	1,2,3,2,4,5	70.904123	5.974085	4.628956	5.381740	4.628956	5.651971	5.572548	1,2,3,4,5,1	70.889589	0.337677	0.146792	0.124013	0.391519	0.078029	0.006874	0.590001	0.325096	0.109836	0.026907	0.357175	0.506083	0.275771	0.468662	0.141941	0.113626	0.443788	0.068262	0.476625	0.011325	0.337677	0.146792	0.124013	0.391519	1,2,3,4,3,5	71.886823	0.089720	0.109305	0.187994	0.357671	0.158765	0.096544	0.074772	0.150091	0.096243	0.409947	0.075345	0.193603	0.162861	0.331144	0.089932	0.214756	0.104040	0.097265	0.013251	0.093252	0.213759	0.113054	0.230122	0.336562	0.162861	0.331144	0.089932	0.214756	0.104040	0.097265	0.088852	0.146137	0.167827	0.150593	0.157623	0.288968	1,2,3,4,5,6	70.337797	0.362187	2.655302	0.733902	0.121850	0.836953	0.776815	
145000	-116138	1,2,3,4,5,6	70.079326	6.144870	5.795262	5.481009	5.234869	5.771008	5.705738	1,2,3,4,4,1	73.541733	0.382232	0.197830	0.073070	0.346869	0.152482	0.007410	0.709202	0.130907	0.045251	0.056403	0.470093	0.428253	0.463837	0.204027	0.205231	0.126904	0.463837	0.204027	0.205231	0.126904	0.382232	0.197830	0.073070	0.346869	1,2,3,4,5,2	71.266132	0.067790	0.148760	0.586157	0.081890	0.017679	0.097724	0.109321	0.070669	0.110702	0.242915	0.251897	0.214496	0.160051	0.238703	0.157849	0.236932	0.091030	0.115435	0.015412	0.076882	0.182416	0.013890	0.671619	0.039781	0.014043	0.358738	0.161007	0.424546	0.031564	0.010102	0.109321	0.070669	0.110702	0.242915	0.251897	0.214496	1,2,3,1,4,4	72.371472	0.219326	3.752941	0.688891	0.219326	1.000420	1.000420	
146000	-116682	1,2,1,1,3,1	72.326594	4.803070	5.777931	4.803070	4.803070	6.745456	4.803070	1,2,3,4,2,5	70.877411	0.390859	0.371864	0.046172	0.191104	0.341561	0.103272	0.405368	0.149799	0.072153	0.090397	0.286923	0.550527	0.438911	0.410577	0.056570	0.093941	0.341561	0.103272	0.405368	0.149799	0.353230	0.134197	0.040379	0.472195	1,2,1,3,4,2	71.230313	0.064061	0.337509	0.381057	0.035264	0.050693	0.131417	0.035174	0.083194	0.161387	0.092822	0.237835	0.389589	0.064061	0.337509	0.381057	0.035264	0.050693	0.131417	0.061405	0.012881	0.521226	0.139317	0.097481	0.167690	0.082064	0.270804	0.036016	0.420450	0.166503	0.024163	0.035174	0.083194	0.161387	0.092822	0.237835	0.389589	1,2,3,4,5,5	71.136787	0.234233	2.565470	0.587188	0.236375	0.876029	0.876029	
147000	-115845	1,2,3,4,5,6	71.282090	5.893614	5.763849	5.128754	5.618914	7.036237	5.659170	1,2,1,3,4,5	69.808775	0.455855	0.048055	0.102683	0.393407	0.282794	0.071335	0.571600	0.074271	0.455855	0.048055	0.102683	0.393407	0.418789	0.303116	0.093934	0.184162	0.426078	0.096130	0.322871	0.154922	0.302915	0.362097	0.059698	0.275290	1,2,3,4,5,4	70.892741	0.105726	0.086885	0.250513	0.447312	0.010162	0.099403	0.062922	0.114655	0.071950	0.212611	0.041173	0.496688	0.013816	0.157167	0.095083	0.168368	0.229499	0.336066	0.036262	0.084018	0.148408	0.178470	0.317061	0.235781	0.171853	0.491670	0.079008	0.143009	0.006694	0.107765	0.036262	0.084018	0.148408	0.178470	0.317061	0.235781	1,2,3,4,5,6	71.562238	0.269105	2.003014	0.920220	0.150135	1.098924	0.929421	
148000	-115973	1,2,3,4,5,4	72.232416	5.941391	5.388423	5.608151	5.167006	6.590647	5.167006	1,2,3,1,2,1	71.685363	0.481077	0.185563	0.058570	0.274790	0.314263	0.062862	0.544821	0.078054	0.171363	0.022950	0.506301	0.299386	0.481077	0.185563	0.058570	0.274790	0.314263	0.062862	0.544821	0.078054	0.481077	0.185563	0.058570	0.274790	1,2,3,3,4,5	70.122075	0.067005	0.011727	0.205780	0.360193	0.097945	0.257350	0.059518	0.171495	0.075380	0.045800	0.019064	0.628743	0.029283	0.186239	0.115051	0.497724	0.094094	0.077609	0.029283	0.186239	0.115051	0.497724	0.094094	0.077609	0.361689	0.186808	0.032410	0.168773	0.237862	0.012458	0.032451	0.146318	0.095720	0.038323	0.293308	0.393880	1,2,3,4,5,6	72.213566	0.411701	2.238429	0.932333	0.196079	1.017551	0.974124	
149000	-115328	1,2,3,4,5,6	72.445563	5.788276	5.826598	5.386777	5.084369	7.677309	5.672740	1,2,3,4,2,1	71.473767	0.366647	0.165031	0.049241	0.419082	0.284741	0.059331	0.485563	0.170365	0.351148	0.052225	0.375879	0.220749	0.688222	0.239383	0.040573	0.031821	0.284741	0.059331	0.485563	0.170365	0.366647	0.165031	0.049241	0.419082	1,2,3,4,5,6	72.352563	0.062559	0.058647	0.377116	0.342624	0.112294	0.046760	0.022719	0.135558	0.248975	0.232488	0.041195	0.319064	0.014189	0.117571	0.168210	0.473424	0.096589	0.130017	0.026780	0.199651	0.301164	0.155874	0.244463	0.072067	0.468792	0.385459	0.116068	0.013768	0.003170	0.012744	0.098116	0.091857	0.151247	0.025928	0.268968	0.363884	1,2,3,4,5,5	72.668786	0.322802	2.763015	0.549436	0.101125	0.963618	0.963618	
150000	-115749	1,2,3,1,4,5	71.790965	5.046370	5.502969	5.701845	5.046370	6.101661	5.464731	1,2,3,4,5,6	69.869922	0.433664	0.147301	0.200640	0.218395	0.355944	0.075627	0.447697	0.120732	0.187636	0.108117	0.227474	0.476772	0.512408	0.355184	0.040937	0.091472	0.352075	0.198206	0.240704	0.209015	0.408551	0.287580	0.040952	0.262917	1,2,2,2,3,2	70.283674	0.092184	0.093456	0.309615	0.193820	0.110204	0.200721	0.021606	0.116218	0.172051	0.221069	0.169711	0.299345	0.021606	0.116218	0.172051	0.221069	0.169711	0.299345	0.021606	0.116218	0.172051	0.221069	0.169711	0.299345	0.041983	0.568452	0.076054	0.151218	0.013238	0.149057	0.021606	0.116218	0.172051	0.221069	0.169711	0.299345	1,2,3,4,5,6	72.307712	0.305116	1.879385	0.846351	0.163181	1.006601	0.989899	
151000	-117996	1,2,3,4,5,6	71.266727	5.294889	5.109380	6.494174	5.836684	6.236314	6.806411	1,2,3,1,4,5	69.586662	0.478461	0.154145	0.149884	0.217509	0.396048	0.173692	0.370788	0.059472	0.301402	0.070682	0.199393	0.428524	0.478461	0.154145	0.149884	0.217509	0.363912	0.069290	0.368976	0.197822	0.173213	0.268917	0.097269	0.460601	1,2,3,4,3,5	70.361326	0.348866	0.146661	0.307244	0.053400	0.016789	0.127040	0.028005	0.077744	0.148213	0.149298	0.117481	0.479259	0.022258	0.284734	0.107013	0.488898	0.069317	0.027781	0.038480	0.028637	0.151855	0.146968	0.146565	0.487494	0.022258	0.284734	0.107013	0.488898	0.069317	0.027781	0.044864	0.161542	0.340544	0.072774	0.316579	0.063696	1,2,3,4,5,6	72.112459	0.259275	1.517920	0.725851	0.250857	0.966994	0.837632	
152000	-116029	1,2,3,3,4,5	71.938726	5.155961	5.616328	4.785817	4.785817	5.971684	6.390308	1,2,3,4,5,3	71.693601	0.516908	0.182881	0.088365	0.211846	0.401712	0.045491	0.472053	0.080744	0.245578	0.169439	0.115484	0.469498	0.458017	0.258188	0.208874	0.074921	0.261076	0.110583	0.489612	0.138729	0.245578	0.169439	0.115484	0.469498	1,2,3,1,4,5	71.922847	0.052473	0.063709	0.367876	0.278741	0.163733	0.073469	0.244752	0.143283	0.105138	0.105934	0.159089	0.241803	0.078365	0.491722	0.074617	0.025425	0.078648	0.251223	0.052473	0.063709	0.367876	0.278741	0.163733	0.073469	0.393049	0.255031	0.095942	0.189684	0.030960	0.035335	0.186076	0.038174	0.149298	0.037266	0.246581	0.342605	1,2,3,1,4,5	70.976154	0.184636	1.293099	0.969293	0.184636	1.096367	0.937270	
153000	-115626	1,2,3,4,5,6	72.489139	5.034304	6.738762	6.040915	4.584024	6.209818	5.823825	1,2,3,4,5,1	69.492041	0.301879	0.267955	0.125843	0.304323	0.231121	0.097983	0.497476	0.173421	0.212076	0.060457	0.148870	0.578598	0.566898	0.232645	0.107855	0.092602	0.253806	0.288826	0.290818	0.166550	0.301879	0.267955	0.125843	0.304323	1,2,3,2,3,4	69.905299	0.047888	0.050964	0.344093	0.317362	0.099927	0.139766	0.052460	0.090228	0.069268	0.437760	0.046066	0.304218	0.171794	0.513244	0.044543	0.169294	0.011804	0.089322	0.052460	0.090228	0.069268	0.437760	0.046066	0.304218	0.171794	0.513244	0.044543	0.169294	0.011804	0.089322	0.042850	0.160202	0.212964	0.093608	0.258903	0.231473	1,2,3,4,5,6	71.305855	0.201271	2.064476	0.680697	0.112952	1.266573	1.046523	
154000	-117815	1,2,3,1,4,5	70.440459	4.180228	5.302436	5.347736	4.180228	6.552332	5.695456	1,2,3,4,5,1	71.175248	0.335442	0.234003	0.041650	0.388905	0.393221	0.120333	0.303338	0.183108	0.305159	0.089231	0.081549	0.524061	0.682619	0.083993	0.166252	0.067136	0.284681	0.087394	0.464969	0.162957	0.335442	0.234003	0.041650	0.388905	1,2,2,1,3,2	72.576860	0.109703	0.019489	0.303261	0.215594	0.209914	0.142039	0.067974	0.145537	0.176079	0.175051	0.226473	0.208886	0.067974	0.145537	0.176079	0.175051	0.226473	0.208886	0.109703	0.019489	0.303261	0.215594	0.209914	0.142039	0.287498	0.170653	0.205074	0.161405	0.118267	0.057104	0.067974	0.145537	0.176079	0.175051	0.226473	0.208886	1,2,3,4,5,5	70.845094	0.257424	2.563449	0.556106	0.257619	1.004881	1.004881	
155000	-116119	1,2,3,4,5,6	69.525149	6.167985	6.348644	5.537263	5.119605	5.701673	5.977609	1,2,3,1,2,4	70.516411	0.421796	0.188238	0.123055	0.266910	0.247493	0.099241	0.467555	0.185712	0.100050	0.089561	0.323671	0.486718	0.421796	0.188238	0.123055	0.266910	0.247493	0.099241	0.467555	0.185712	0.176767	0.233364	0.207623	0.382246	1,2,1,3,3,4	71.689143	0.054642	0.252536	0.208510	0.341872	0.028291	0.114150	0.001633	0.115093	0.076072	0.075494	0.308794	0.422915	0.054642	0.252536	0.208510	0.341872	0.028291	0.114150	0.116770	0.371145	0.120521	0.268201	0.090908	0.032456	0.116770	0.371145	0.120521	0.268201	0.090908	0.032456	0.080180	0.120437	0.257040	0.211996	0.218497	0.111850	1,2,3,4,5,6	69.561313	0.455893	2.709939	0.950144	0.227683	1.025043	0.943715	
156000	-116121	1,2,3,1,4,5	72.874572	4.748431	6.427693	5.916434	4.748431	5.964027	6.168366	1,2,3,4,2,1	70.785896	0.272569	0.213028	0.083911	0.430492	0.289562	0.152942	0.420348	0.137148	0.209703	0.016724	0.307764	0.465809	0.386443	0.201050	0.225595	0.186912	0.289562	0.152942	0.420348	0.137148	0.272569	0.213028	0.083911	0.430492	1,2,3,4,5,4	70.395347	0.200105	0.204840	0.307882	0.187364	0.035238	0.064571	0.030598	0.060958	0.147920	0.024626	0.331773	0.404126	0.039018	0.418970	0.072565	0.207532	0.172291	0.089624	0.093458	0.007901	0.256423	0.093795	0.353427	0.194996	0.153590	0.384689	0.157987	0.165397	0.103339	0.034998	0.093458	0.007901	0.256423	0.093795	0.353427	0.194996	1,2,3,1,4,4	71.378042	0.247808	2.634022	0.712575	0.247808	1.038081	1.038081	
157000	-116943	1,2,3,4,5,6	70.590507	4.880254	5.661486	5.184544	5.017682	6.401934	6.232060	1,2,3,4,2,5	72.422147	0.313406	0.163765	0.190756	0.332073	0.321350	0.071095	0.424331	0.183224	0.241865	0.006805	0.369602	0.381728	0.574935	0.208817	0.045031	0.171217	0.321350	0.071095	0.424331	0.183224	0.332588	0.188643	0.076941	0.401827	1,2,3,2,4,3	70.781770	0.382792	0.084850	0.316535	0.060848	0.025785	0.129191	0.039052	0.111926	0.164842	0.247203	0.197445	0.239532	0.091341	0.125331	0.169311	0.146786	0.366346	0.100886	0.039052	0.111926	0.164842	0.247203	0.197445	0.239532	0.051100	0.303827	0.406957	0.141507	0.037112	0.059497	0.091341	0.125331	0.169311	0.146786	0.366346	0.100886	1,2,3,4,5,6	71.624909	0.404808	2.498118	0.822221	0.252332	0.802842	0.844021	
158000	-115483	1,2,3,4,5,6	72.162321	5.739962	6.123853	5.425541	5.045994	6.136047	5.530199	1,2,3,1,4,1	72.503110	0.460602	0.171967	0.049379	0.318052	0.243821	0.037446	0.561647	0.157087	0.085893	0.076682	0.356858	0.480567	0.460602	0.171967	0.049379	0.318052	0.270649	0.085333	0.443577	0.200440	0.460602	0.171967	0.049379	0.318052	1,2,3,4,3,2	70.970889	0.117560	0.062856	0.463062	0.333664	0.009431	0.013427	0.100064	0.092850	0.107585	0.126353	0.275079	0.298069	0.047083	0.376865	0.228065	0.203964	0.040268	0.103754	0.016400	0.093231	0.008874	0.424556	0.038203	0.418735	0.047083	0.376865	0.228065	0.203964	0.040268	0.103754	0.100064	0.092850	0.107585	0.126353	0.275079	0.298069	1,2,3,1,4,5	70.065594	0.301452	3.471993	0.644890	0.301452	0.915161	0.912097	
159000	-116573	1,2,3,4,5,6	70.374734	5.977149	5.704463	5.485821	5.206499	6.395436	5.184378	1,2,3,4,5,6	72.273414	0.386066	0.109341	0.131645	0.372948	0.249405	0.060618	0.459790	0.230186	0.276856	0.036310	0.225491	0.461343	0.572751	0.130973	0.122981	0.173294	0.500037	0.079265	0.363094	0.057604	0.415650	0.323592	0.056566	0.204192	1,2,2,2,3,2	71.739588	0.102366	0.076409	0.352362	0.332248	0.036036	0.100578	0.092602	0.177351	0.149370	0.157221	0.085243	0.338213	0.092602	0.177351	0.149370	0.157221	0.085243	0.338213	0.092602	0.177351	0.149370	0.157221	0.085243	0.338213	0.229024	0.152392	0.180309	0.319543	0.044353	0.074380	0.092602	0.177351	0.149370	0.157221	0.085243	0.338213	1,2,3,1,4,5	72.334889	0.207727	1.645720	0.744391	0.207727	0.860073	1.007863	
160000	-118741	1,1,2,3,4,5	71.472134	5.248085	5.248085	5.793788	5.610761	7.177307	5.221783	1,2,3,4,2,1	71.368451	0.416140	0.132980	0.167448	0.283431	0.362584	0.127131	0.463935	0.046350	0.083638	0.248023	0.465103	0.203236	0.336888	0.393803	0.171765	0.097544	0.362584	0.127131	0.463935	0.046350	0.416140	0.132980	0.167448	0.283431	1,2,3,2,3,4	72.183744	0.294114	0.003240	0.390422	0.031692	0.040953	0.239579	0.072563	0.066917	0.443656	0.055895	0.149125	0.211843	0.158677	0.366700	0.187645	0.219323	0.025178	0.042477	0.072563	0.066917	0.443656	0.055895	0.149125	0.211843	0.158677	0.366700	0.187645	0.219323	0.025178	0.042477	0.191312	0.131080	0.085090	0.124622	0.391903	0.075992	1,2,3,4,3,5	71.275989	0.300627	1.959239	1.015823	0.216010	1.015823	0.970161	
161000	-116781	1,2,3,4,5,4	70.696245	5.914815	5.815103	4.874444	4.818165	5.799294	4.818165	1,2,2,3,4,5	72.916047	0.496991	0.110109	0.099488	0.293412	0.189090	0.004603	0.512482	0.293825	0.189090	0.004603	0.512482	0.293825	0.515147	0.354938	0.050013	0.079902	0.456798	0.046649	0.263972	0.232582	0.397002	0.324467	0.122458	0.156073	1,2,3,4,5,4	70.819932	0.112340	0.097867	0.248319	0.360510	0.004544	0.176419	0.123211	0.111665	0.156438	0.446838	0.097975	0.063873	0.213114	0.129535	0.118954	0.366598	0.097354	0.074444	0.033323	0.133745	0.194564	0.044491	0.306015	0.287861	0.098567	0.435885	0.009438	0.267608	0.148072	0.040429	0.033323	0.133745	0.194564	0.044491	0.306015	0.287861	1,2,3,1,4,4	70.934802	0.279638	2.305577	0.680142	0.279638	1.131631	1.131631	
162000	-116588	1,1,2,2,3,4	72.595567	5.419187	5.419187	4.391288	4.391288	6.359707	5.832807	1,2,3,4,2,1	68.728206	0.378122	0.152865	0.067577	0.401436	0.330800	0.116128	0.323269	0.229802	0.035483	0.023952	0.226684	0.713882	0.390471	0.208939	0.096368	0.304222	0.330800	0.116128	0.323269	0.229802	0.378122	0.152865	0.067577	0.401436	1,2,3,4,5,2	71.738861	0.097576	0.177449	0.329678	0.194904	0.105546	0.094847	0.050182	0.179076	0.062346	0.132208	0.232245	0.343943	0.079906	0.362901	0.064820	0.158892	0.251031	0.082450	0.125330	0.246682	0.087732	0.298413	0.209935	0.031908	0.267217	0.369203	0.004730	0.218940	0.030257	0.109653	0.050182	0.179076	0.062346	0.132208	0.232245	0.343943	1,2,3,1,4,5	70.911785	0.321515	2.803548	0.630218	0.321515	1.459622	0.902364	
163000	-114560	1,2,3,4,5,6	70.891101	5.868087	6.207248	5.763519	5.169338	6.498294	5.386235	1,2,3,4,5,1	71.934919	0.428363	0.204053	0.046452	0.321131	0.278732	0.033996	0.524380	0.162892	0.188528	0.137790	0.272634	0.401048	0.576387	0.165567	0.188957	0.069089	0.323634	0.109247	0.525436	0.041682	0.428363	0.204053	0.046452	0.321131	1,1,2,3,2,4	71.100772	0.046553	0.108653	0.284662	0.147217	0.036876	0.376039	0.046553	0.108653	0.284662	0.147217	0.036876	0.376039	0.151872	0.301293	0.182158	0.213904	0.028994	0.121780	0.080655	0.036424	0.255778	0.213459	0.229752	0.183933	0.151872	0.301293	0.182158	0.213904	0.028994	0.121780	0.055682	0.117624	0.071769	0.312567	0.253838	0.188520	1,2,3,1,4,3	71.098781	0.290165	3.179471	0.866649	0.290165	1.121229	0.866649	
164000	-116702	1,2,3,3,4,5	71.647405	6.556982	5.958494	4.502728	4.502728	6.021266	5.584617	1,2,3,4,2,5	71.699743	0.437331	0.067772	0.038679	0.456218	0.220482	0.119954	0.502547	0.157017	0.101895	0.032230	0.152432	0.713444	0.464394	0.269605	0.032926	0.233075	0.220482	0.119954	0.502547	0.157017	0.133266	0.387098	0.267976	0.211660	1,2,3,3,4,5	72.358143	0.066612	0.008306	0.363871	0.368860	0.159149	0.033202	0.017776	0.272128	0.173574	0.242105	0.040369	0.254049	0.052226	0.252049	0.059059	0.387760	0.140997	0.107910	0.052226	0.252049	0.059059	0.387760	0.140997	0.107910	0.185652	0.293054	0.306880	0.080103	0.062001	0.072309	0.120700	0.039068	0.178510	0.105449	0.373929	0.182345	1,2,3,1,4,5	70.062407	0.318736	1.992470	0.794654	0.318736	1.160525	0.884082	
165000	-116666	1,2,3,3,4,5	71.250517	5.833182	6.140583	4.619076	4.619076	6.058508	5.633939	1,2,3,4,4,3	70.478046	0.389493	0.175598	0.175022	0.259888	0.113186	0.051319	0.567650	0.267845	0.431846	0.131531	0.133313	0.303309	0.560144	0.118521	0.263402	0.057933	0.560144	0.118521	0.263402	0.057933	0.431846	0.131531	0.133313	0.303309	1,2,2,1,3,4	69.720407	0.082730	0.038219	0.599029	0.021141	0.154215	0.104666	0.051018	0.277564	0.096133	0.200634	0.047367	0.327284	0.051018	0.277564	0.096133	0.200634	0.047367	0.327284	0.082730	0.038219	0.599029	0.021141	0.154215	0.104666	0.073796	0.588401	0.058467	0.218007	0.040718	0.020610	0.005096	0.037942	0.130592	0.212206	0.511882	0.102282	1,2,3,4,5,3	70.264195	0.259702	2.168988	0.951412	0.197116	0.844219	0.951412	
166000	-118424	1,2,3,4,5,6	71.422800	5.561436	5.720738	5.396187	5.482843	6.487678	5.993162	1,2,2,3,4,1	73.266611	0.311467	0.269209	0.061938	0.357386	0.137566	0.083078	0.584645	0.194712	0.137566	0.083078	0.584645	0.194712	0.258177	0.357693	0.289901	0.094229	0.546882	0.127924	0.164851	0.160343	0.311467	0.269209	0.061938	0.357386	1,2,1,2,3,4	70.869277	0.062750	0.240774	0.469671	0.149161	0.011012	0.066631	0.024144	0.171606	0.300791	0.086121	0.095326	0.322012	0.062750	0.240774	0.469671	0.149161	0.011012	0.066631	0.024144	0.171606	0.300791	0.086121	0.095326	0.322012	0.014547	0.229355	0.095801	0.329908	0.286304	0.044084	0.055237	0.095965	0.173167	0.240056	0.260566	0.175008	1,2,3,1,4,4	72.723252	0.271871	4.234385	0.750163	0.271871	1.014468	1.014468	
167000	-116105	1,2,1,1,3,4	72.608839	4.949566	5.753857	4.949566	4.949566	6.556190	5.807736	1,2,3,1,2,3	70.308166	0.537401	0.244083	0.060058	0.158458	0.304454	0.079786	0.508889	0.106871	0.218260	0.145814	0.116702	0.519225	0.537401	0.244083	0.060058	0.158458	0.304454	0.079786	0.508889	0.106871	0.218260	0.145814	0.116702	0.519225	1,2,2,2,3,3	71.280926	0.060833	0.125904	0.383163	0.203629	0.086411	0.140061	0.046612	0.147684	0.132799	0.175601	0.157323	0.339981	0.046612	0.147684	0.132799	0.175601	0.157323	0.339981	0.046612	0.147684	0.132799	0.175601	0.157323	0.339981	0.242680	0.183524	0.141100	0.227534	0.154752	0.050411	0.242680	0.183524	0.141100	0.227534	0.154752	0.050411	1,2,3,4,5,5	70.035093	0.198561	2.721219	0.797181	0.195678	0.982768	0.982768	
168000	-116499	1,2,3,3,4,5	71.263319	5.684627	5.426437	5.246895	5.246895	6.305179	6.340371	1,2,3,1,4,5	71.793569	0.418251	0.259677	0.091294	0.230778	0.462420	0.070368	0.312935	0.154277	0.136041	0.075219	0.188583	0.600158	0.418251	0.259677	0.091294	0.230778	0.446712	0.119422	0.347250	0.086616	0.178871	0.300217	0.062209	0.458704	1,2,2,3,4,1	71.364092	0.079644	0.071085	0.357104	0.118675	0.189665	0.183826	0.176212	0.192927	0.216991	0.087758	0.056130	0.269982	0.176212	0.192927	0.216991	0.087758	0.056130	0.269982	0.089563	0.325532	0.104867	0.198430	0.220222	0.061386	0.147302	0.371628	0.068565	0.208233	0.178397	0.025876	0.079644	0.071085	0.357104	0.118675	0.189665	0.183826	1,2,3,4,5,6	71.105512	0.223608	2.618194	0.693857	0.211838	1.011993	0.930981	
169000	-116340	1,2,3,3,4,5	72.318959	6.238649	5.541028	5.270740	5.270740	6.141737	5.738255	1,2,3,4,5,1	72.034129	0.322682	0.274580	0.115734	0.287004	0.192004	0.038346	0.596655	0.172995	0.420051	0.008949	0.176309	0.394691	0.611827	0.103525	0.090153	0.194495	0.473165	0.089577	0.287745	0.149513	0.322682	0.274580	0.115734	0.287004	1,2,3,4,3,5	69.243429	0.022146	0.150095	0.433955	0.046507	0.079087	0.268209	0.106811	0.157044	0.067384	0.198067	0.069565	0.401129	0.242248	0.255023	0.080593	0.158257	0.082805	0.181075	0.096588	0.065172	0.142435	0.313061	0.131861	0.250883	0.242248	0.255023	0.080593	0.158257	0.082805	0.181075	0.087410	0.079184	0.173480	0.112350	0.275010	0.272566	1,2,3,4,5,6	70.228173	0.331172	1.823603	0.907671	0.196405	1.046555	0.945655	
170000	-118185	1,2,3,4,5,6	71.220261	6.060197	5.017575	6.362688	4.721806	6.715394	6.648096	1,2,3,4,2,1	72.524141	0.361628	0.134957	0.151593	0.351822	0.460172	0.081940	0.358784	0.099105	0.075093	0.197598	0.282600	0.444709	0.326652	0.305447	0.313862	0.054039	0.460172	0.081940	0.358784	0.099105	0.361628	0.134957	0.151593	0.351822	1,2,3,1,4,5	69.966303	0.033327	0.171192	0.535214	0.126204	0.109971	0.024092	0.030676	0.104419	0.190351	0.374463	0.046198	0.253893	0.211644	0.232147	0.076119	0.358340	0.018975	0.102775	0.033327	0.171192	0.535214	0.126204	0.109971	0.024092	0.304231	0.326572	0.174605	0.190077	0.000684	0.003830	0.039709	0.352709	0.137484	0.122679	0.201883	0.145537	1,2,3,4,3,5	72.243074	0.336996	3.014921	0.949879	0.254739	0.949879	1.038491	
171000	-117823	1,2,3,1,4,5	69.982976	5.132349	5.449210	6.241219	5.132349	7.511284	6.483245	1,2,3,4,2,5	72.275767	0.367335	0.139145	0.223943	0.269577	0.373988	0.083772	0.425192	0.117049	0.166282	0.218961	0.239480	0.375276	0.433248	0.308093	0.180799	0.077860	0.373988	0.083772	0.425192	0.117049	0.241425	0.254228	0.163147	0.341201	1,2,3,1,4,2	69.940096	0.092942	0.074284	0.315092	0.054720	0.430355	0.032607	0.051061	0.184483	0.199513	0.097314	0.144030	0.323599	0.250500	0.140893	0.193507	0.181235	0.157465	0.076400	0.092942	0.074284	0.315092	0.054720	0.430355	0.032607	0.152170	0.327799	0.015145	0.104394	0.385631	0.014860	0.051061	0.184483	0.199513	0.097314	0.144030	0.323599	1,2,3,4,5,3	71.956779	0.311144	2.326081	0.832933	0.185457	0.913291	0.832933	
172000	-116079	1,2,3,4,5,6	71.839549	6.971648	5.636696	4.987840	5.440057	6.524696	5.340030	1,2,3,4,5,1	69.663351	0.470266	0.183162	0.066558	0.280014	0.193757	0.238010	0.460272	0.107961	0.087893	0.117581	0.104169	0.690357	0.550536	0.232941	0.103269	0.113254	0.293483	0.122770	0.405017	0.178730	0.470266	0.183162	0.066558	0.280014	1,2,3,4,3,4	70.638628	0.032886	0.213510	0.407879	0.173081	0.025984	0.146661	0.007479	0.126889	0.124515	0.095463	0.425342	0.220311	0.087205	0.326970	0.106428	0.306744	0.028961	0.143693	0.043930	0.063408	0.145291	0.074531	0.414073	0.258767	0.087205	0.326970	0.106428	0.306744	0.028961	0.143693	0.043930	0.063408	0.145291	0.074531	0.414073	0.258767	1,2,3,1,4,5	71.020139	0.257925	1.890873	0.640808	0.257925	1.094991	0.958296	
173000	-116767	1,2,3,3,4,5	72.500345	5.587995	5.572249	4.069317	4.069317	6.053471	5.499183	1,2,3,4,5,3	72.286251	0.322767	0.359338	0.040513	0.277382	0.284065	0.060744	0.483387	0.171804	0.225319	0.142815	0.116084	0.515782	0.771089	0.162667	0.046827	0.019417	0.304391	0.210360	0.426306	0.058943	0.225319	0.142815	0.116084	0.515782	1,2,2,3,4,5	72.121423	0.060734	0.290525	0.206852	0.239675	0.127623	0.074593	0.100971	0.304803	0.087666	0.180242	0.059347	0.266972	0.100971	0.304803	0.087666	0.180242	0.059347	0.266972	0.069408	0.158380	0.293763	0.118145	0.358408	0.001896	0.202050	0.367151	0.134139	0.133733	0.121986	0.040940	0.236825	0.145812	0.046664	0.019182	0.409873	0.141644	1,2,3,4,5,6	71.544274	0.356050	2.082487	0.887840	0.140034	1.448790	0.866090	
174000	-115609	1,2,3,4,5,6	71.296022	5.258231	5.318882	6.247897	4.833595	6.602271	5.524115	1,2,3,4,2,5	71.433759	0.429728	0.227279	0.113144	0.229849	0.327450	0.050691	0.534557	0.087302	0.190224	0.030092	0.191835	0.587849	0.561205	0.290787	0.055387	0.092621	0.327450	0.050691	0.534557	0.087302	0.343019	0.161584	0.145529	0.349868	1,2,3,2,3,4	72.338073	0.089712	0.065634	0.298340	0.014774	0.187806	0.343734	0.044636	0.138632	0.064465	0.210782	0.218894	0.322591	0.229477	0.277393	0.098679	0.266295	0.095858	0.032298	0.044636	0.138632	0.064465	0.210782	0.218894	0.322591	0.229477	0.277393	0.098679	0.266295	0.095858	0.032298	0.212411	0.116618	0.181236	0.042457	0.236863	0.210415	1,2,3,4,5,6	71.868922	0.223841	5.946784	0.791593	0.178919	1.147010	0.839512	
175000	-116043	1,2,3,4,5,6	72.856864	5.557004	5.889057	5.032833	5.010504	6.640656	6.059379	1,2,3,4,5,6	70.271060	0.370183	0.118366	0.021977	0.489474	0.326561	0.086845	0.430196	0.156397	0.158703	0.138306	0.129068	0.573923	0.565912	0.203016	0.119447	0.111625	0.503928	0.150857	0.288412	0.056803	0.145044	0.284731	0.169006	0.401219	1,2,3,2,3,2	70.978708	0.239561	0.003688	0.378769	0.260924	0.030980	0.086078	0.056851	0.106213	0.328539	0.060217	0.239809	0.208371	0.156261	0.300708	0.211302	0.125187	0.031525	0.175017	0.056851	0.106213	0.328539	0.060217	0.239809	0.208371	0.156261	0.300708	0.211302	0.125187	0.031525	0.175017	0.056851	0.106213	0.328539	0.060217	0.239809	0.208371	1,2,3,4,5,5	72.683539	0.453714	1.906252	0.672372	0.186810	0.853862	0.853862	
176000	-115517	1,2,3,1,4,1	71.714853	5.253604	6.088671	5.616518	5.253604	6.179556	5.253604	1,2,3,4,2,3	70.060491	0.329873	0.148190	0.228944	0.292993	0.257921	0.090760	0.489375	0.161944	0.228356	0.102126	0.150739	0.518780	0.768792	0.094574	0.082207	0.054428	0.257921	0.090760	0.489375	0.161944	0.228356	0.102126	0.150739	0.518780	1,2,3,4,3,5	70.663792	0.135492	0.039172	0.313136	0.251436	0.211155	0.049610	0.023401	0.086699	0.185904	0.239520	0.107175	0.357301	0.104147	0.432187	0.104307	0.189647	0.062626	0.107087	0.052400	0.098179	0.161637	0.191730	0.361056	0.134998	0.104147	0.432187	0.104307	0.189647	0.062626	0.107087	0.236325	0.198682	0.144406	0.026193	0.240175	0.154220	1,2,3,4,3,5	71.406354	0.364752	2.951361	1.001946	0.121801	1.001946	0.960764	
177000	-116634	1,2,3,3,4,5	71.226649	5.471833	6.238235	4.103584	4.103584	6.308416	5.597318	1,2,3,4,5,6	72.668861	0.384787	0.053143	0.122774	0.439296	0.163105	0.086647	0.703059	0.047189	0.230328	0.016542	0.285006	0.468125	0.548778	0.050184	0.215631	0.185407	0.368963	0.141626	0.450220	0.039191	0.110544	0.268270	0.128795	0.492391	1,2,3,2,3,2	70.930462	0.379122	0.047922	0.328488	0.171516	0.039609	0.033343	0.198800	0.063890	0.140445	0.129699	0.272097	0.195069	0.236240	0.251729	0.099410	0.259448	0.089578	0.063594	0.198800	0.063890	0.140445	0.129699	0.272097	0.195069	0.236240	0.251729	0.099410	0.259448	0.089578	0.063594	0.198800	0.063890	0.140445	0.129699	0.272097	0.195069	1,2,3,4,5,5	70.917469	0.252319	2.467915	0.742577	0.223669	1.081208	1.081208	
178000	-116162	1,2,3,3,4,2	70.775263	5.701077	5.834053	5.005056	5.005056	5.611563	5.834053	1,2,3,4,2,5	70.500053	0.581535	0.121848	0.032825	0.263792	0.302593	0.068464	0.369640	0.259302	0.105279	0.037831	0.515123	0.341768	0.588399	0.147518	0.031836	0.232247	0.302593	0.068464	0.369640	0.259302	0.351010	0.148931	0.029065	0.470993	1,2,3,2,4,2	70.669680	0.131495	0.177688	0.393443	0.091187	0.186272	0.019916	0.063275	0.145297	0.119403	0.341780	0.141586	0.188659	0.327090	0.166978	0.177187	0.245124	0.038426	0.045195	0.063275	0.145297	0.119403	0.341780	0.141586	0.188659	0.268394	0.243798	0.028774	0.256348	0.164361	0.038326	0.063275	0.145297	0.119403	0.341780	0.141586	0.188659	1,2,3,1,4,5	71.894165	0.206223	1.569214	0.719450	0.206223	1.254640	0.921767	
179000	-118836	1,2,3,4,5,2	70.931596	5.811981	5.837322	7.131753	5.148817	6.604935	5.837322	1,2,3,4,2,1	69.748825	0.390210	0.159619	0.077067	0.373103	0.215727	0.076099	0.607315	0.100859	0.231558	0.185351	0.298868	0.284223	0.340677	0.307631	0.194046	0.157645	0.215727	0.076099	0.607315	0.100859	0.390210	0.159619	0.077067	0.373103	1,2,3,4,3,2	70.726945	0.113107	0.002390	0.391533	0.014608	0.247366	0.230996	0.045522	0.141895	0.129118	0.096898	0.276440	0.310127	0.267246	0.235281	0.019172	0.448055	0.010287	0.019958	0.055500	0.041932	0.126037	0.117584	0.296487	0.362459	0.267246	0.235281	0.019172	0.448055	0.010287	0.019958	0.045522	0.141895	0.129118	0.096898	0.276440	0.310127	1,2,3,4,5,6	70.336689	0.222329	2.243558	0.316510	0.173688	1.206848	0.958147	
180000	-117202	1,2,3,4,5,1	69.972824	4.809533	5.944659	5.825339	4.689242	6.430103	4.809533	1,2,3,4,5,1	71.325846	0.372937	0.255677	0.194224	0.177162	0.278455	0.075815	0.470480	0.175250	0.341460	0.056455	0.343794	0.258292	0.320487	0.541820	0.087559	0.050134	0.406286	0.193730	0.309524	0.090460	0.372937	0.255677	0.194224	0.177162	1,2,3,1,3,4	70.978242	0.026508	0.017784	0.447922	0.070939	0.222328	0.214520	0.000450	0.199126	0.167237	0.189877	0.145208	0.298102	0.017354	0.299017	0.069465	0.342601	0.093667	0.177897	0.026508	0.017784	0.447922	0.070939	0.222328	0.214520	0.017354	0.299017	0.069465	0.342601	0.093667	0.177897	0.110549	0.141866	0.167569	0.049589	0.253340	0.277087	1,2,3,4,5,5	71.309018	0.262745	2.775994	0.619684	0.236924	1.076492	1.076492	
181000	-116885	1,2,3,4,5,6	72.560027	5.737590	5.406824	5.653645	5.122066	6.337661	4.927878	1,2,3,4,2,5	69.799374	0.579651	0.069276	0.120424	0.230648	0.461253	0.034409	0.385494	0.118844	0.101033	0.008456	0.328919	0.561593	0.361093	0.346550	0.174064	0.118293	0.461253	0.034409	0.385494	0.118844	0.055644	0.207827	0.026439	0.710091	1,2,3,4,3,4	70.225384	0.047551	0.132272	0.263095	0.328213	0.049459	0.179410	0.007131	0.056840	0.127781	0.111572	0.238658	0.458018	0.194316	0.316181	0.082625	0.307750	0.014719	0.084409	0.147793	0.052437	0.249611	0.194153	0.215590	0.140417	0.194316	0.316181	0.082625	0.307750	0.014719	0.084409	0.147793	0.052437	0.249611	0.194153	0.215590	0.140417	1,2,3,4,5,6	73.158165	0.301905	4.160751	0.854274	0.166887	0.917517	1.067310	
182000	-116092	1,2,3,3,4,5	70.507760	5.906482	5.227045	5.042290	5.042290	6.436658	6.447269	1,2,3,4,5,6	73.905627	0.478955	0.144084	0.078233	0.298728	0.328570	0.075183	0.360108	0.236139	0.051962	0.110034	0.341074	0.496930	0.653561	0.043612	0.113516	0.189311	0.258834	0.202107	0.384971	0.154088	0.189681	0.235015	0.093864	0.481440	1,2,3,4,5,6	71.071337	0.196744	0.060825	0.485603	0.097936	0.058625	0.100267	0.014858	0.276194	0.092146	0.196635	0.087518	0.332649	0.116978	0.321516	0.294932	0.155819	0.022957	0.087798	0.137740	0.265250	0.261736	0.276294	0.027573	0.031406	0.047701	0.495241	0.021146	0.369523	0.059277	0.007112	0.129791	0.236462	0.099698	0.030919	0.137284	0.365845	1,2,3,1,4,5	71.518142	0.247403	2.246113	0.857604	0.247403	1.198172	0.932662	
183000	-116659	1,2,3,3,4,5	69.921889	5.808875	5.204608	4.777008	4.777008	6.250815	6.718281	1,2,3,4,5,6	70.264186	0.478185	0.226056	0.027639	0.268120	0.260676	0.005292	0.645959	0.088073	0.107962	0.033123	0.496114	0.362800	0.445547	0.389142	0.095392	0.069919	0.449264	0.077405	0.191443	0.281887	0.241987	0.507029	0.057027	0.193957	1,2,3,2,4,5	72.407820	0.069047	0.040261	0.290448	0.326731	0.044468	0.229044	0.077093	0.201856	0.208240	0.240483	0.065649	0.206679	0.031453	0.252036	0.255801	0.295765	0.056381	0.108563	0.077093	0.201856	0.208240	0.240483	0.065649	0.206679	0.331783	0.406342	0.016380	0.112686	0.071847	0.060961	0.101359	0.090724	0.236241	0.082750	0.120431	0.368495	1,2,3,4,5,5	71.124944	0.270168	2.789551	0.715100	0.209866	0.725896	0.725896	
184000	-116686	1,2,3,3,4,5	71.107068	6.034717	5.553126	5.028102	5.028102	5.789608	6.033012	1,2,3,4,5,6	72.216398	0.459188	0.105654	0.120735	0.314422	0.172513	0.102425	0.517255	0.207807	0.325595	0.153324	0.145696	0.375384	0.470468	0.227841	0.037666	0.264025	0.500621	0.052761	0.278522	0.168096	0.256724	0.139551	0.112582	0.491143	1,2,3,4,4,5	70.363731	0.171073	0.193860	0.378506	0.183495	0.017041	0.056025	0.036103	0.261741	0.108894	0.085179	0.149895	0.358188	0.039588	0.403560	0.032290	0.198575	0.016777	0.309209	0.116886	0.237641	0.135590	0.211507	0.091286	0.207090	0.116886	0.237641	0.135590	0.211507	0.091286	0.207090	0.147635	0.121205	0.253203	0.113576	0.258932	0.105447	1,2,3,1,4,4	72.610019	0.238498	2.610117	0.812725	0.238498	0.924746	0.924746	
185000	-118541	1,2,3,3,4,3	71.832536	5.732830	5.513398	5.136033	5.136033	6.186795	5.136033	1,2,3,1,2,4	70.537740	0.576235	0.137029	0.047973	0.238763	0.377618	0.185598	0.360626	0.076158	0.480153	0.102372	0.204154	0.213320	0.576235	0.137029	0.047973	0.238763	0.377618	0.185598	0.360626	0.076158	0.188146	0.093446	0.070046	0.648362	1,2,2,3,4,5	71.930946	0.066202	0.024295	0.184005	0.579851	0.129654	0.015994	0.059872	0.311326	0.075756	0.092961	0.125164	0.334922	0.059872	0.311326	0.075756	0.092961	0.125164	0.334922	0.045655	0.042736	0.079756	0.658172	0.070257	0.103424	0.025786	0.391800	0.047469	0.320159	0.089197	0.125588	0.216527	0.229388	0.121095	0.152921	0.220510	0.059559	1,2,3,4,5,5	71.160756	0.465848	1.842566	0.826862	0.204381	0.952351	0.952351	
186000	-116746	1,2,3,4,5,6	71.707110	6.600264	4.653589	6.174681	5.092344	5.958706	5.504279	1,2,3,4,4,1	70.623904	0.235017	0.468969	0.062233	0.233782	0.220049	0.162986	0.471698	0.145268	0.238989	0.160350	0.273129	0.327533	0.486079	0.180987	0.275189	0.057745	0.486079	0.180987	0.275189	0.057745	0.235017	0.468969	0.062233	0.233782	1,2,3,4,2,5	72.500124	0.009544	0.078699	0.528285	0.328125	0.036701	0.018647	0.046380	0.268693	0.204499	0.164157	0.009365	0.306907	0.165183	0.180266	0.126122	0.315059	0.084847	0.128523	0.002514	0.020435	0.372525	0.063380	0.458848	0.082298	0.046380	0.268693	0.204499	0.164157	0.009365	0.306907	0.092271	0.226241	0.267423	0.076887	0.154029	0.183148	1,2,3,1,4,5	71.736968	0.196069	3.160367	1.050816	0.196069	0.921741	0.769063	
187000	-117855	1,2,3,4,5,6	71.524270	6.114764	5.698591	5.554699	5.423877	5.683656	5.454932	1,2,1,3,3,4	71.432382	0.358391	0.092254	0.167521	0.381834	0.079894	0.075235	0.682652	0.162220	0.358391	0.092254	0.167521	0.381834	0.329718	0.234829	0.262386	0.173068	0.329718	0.234829	0.262386	0.173068	0.172611	0.538378	0.039046	0.249965	1,2,2,3,4,5	69.995918	0.054655	0.032012	0.509640	0.155094	0.090748	0.157850	0.056554	0.249734	0.113468	0.258797	0.188117	0.133330	0.056554	0.249734	0.113468	0.258797	0.188117	0.133330	0.065558	0.073386	0.422860	0.245281	0.145333	0.047582	0.074643	0.294253	0.093139	0.170645	0.321511	0.045809	0.108366	0.095067	0.213668	0.025248	0.273937	0.283713	1,2,3,4,5,6	70.951713	0.282366	1.406976	0.748514	0.240974	0.892657	0.834435	
188000	-116608	1,2,3,4,5,6	71.833355	4.688681	5.288797	5.382714	4.725899	6.541977	6.087691	1,2,3,4,2,5	73.479507	0.368616	0.103132	0.287304	0.240947	0.394271	0.048877	0.431453	0.125398	0.362912	0.015526	0.165245	0.456318	0.429235	0.255601	0.102243	0.212920	0.394271	0.048877	0.431453	0.125398	0.161604	0.171729	0.166640	0.500027	1,2,3,4,4,5	73.022426	0.050266	0.004854	0.738956	0.141378	0.027472	0.037074	0.285228	0.085901	0.182720	0.030721	0.093563	0.321866	0.076716	0.185389	0.113331	0.183711	0.259346	0.181507	0.100253	0.145856	0.137334	0.348069	0.266037	0.002450	0.100253	0.145856	0.137334	0.348069	0.266037	0.002450	0.224598	0.000900	0.231001	0.041653	0.427817	0.074031	1,2,3,1,3,3	70.863277	0.235605	2.110349	0.921030	0.235605	0.921030	0.921030	
189000	-117730	1,2,3,4,4,5	70.721504	5.361141	5.167689	5.195185	5.178038	5.178038	6.312128	1,2,3,4,5,1	72.707923	0.328905	0.221075	0.144149	0.305872	0.313182	0.120289	0.334413	0.232115	0.247972	0.091216	0.177588	0.483224	0.800760	0.091082	0.085191	0.022967	0.410716	0.066599	0.385605	0.137079	0.328905	0.221075	0.144149	0.305872	1,2,1,3,1,4	71.956501	0.038777	0.257372	0.288061	0.188977	0.080983	0.145831	0.075826	0.148393	0.035621	0.280316	0.039584	0.420260	0.038777	0.257372	0.288061	0.188977	0.080983	0.145831	0.033112	0.017996	0.201628	0.361597	0.297306	0.088361	0.038777	0.257372	0.288061	0.188977	0.080983	0.145831	0.084688	0.027412	0.202966	0.188918	0.252762	0.243253	1,2,3,4,3,5	72.461036	0.309862	2.212643	0.868751	0.183525	0.868751	0.995896	
190000	-118034	1,2,3,1,4,5	72.864060	4.276872	5.684091	6.925839	4.276872	5.305480	6.351333	1,2,3,4,5,1	73.623471	0.244133	0.235307	0.106281	0.414279	0.093574	0.012237	0.672798	0.221392	0.143991	0.047092	0.246491	0.562426	0.693157	0.060184	0.083685	0.162974	0.216063	0.230086	0.209995	0.343856	0.244133	0.235307	0.106281	0.414279	1,2,2,3,4,5	73.179299	0.205388	0.057468	0.247290	0.227358	0.090384	0.172111	0.218906	0.215570	0.121171	0.284245	0.009488	0.150620	0.218906	0.215570	0.121171	0.284245	0.009488	0.150620	0.083498	0.210750	0.226345	0.315476	0.043137	0.120793	0.292497	0.360571	0.009517	0.022773	0.125046	0.189596	0.103581	0.091939	0.121781	0.086227	0.464435	0.132037	1,2,3,1,4,5	71.165238	0.291630	3.452461	0.886910	0.291630	1.224109	1.025870	
191000	-116633	1,2,3,3,4,5	70.990379	5.227198	5.944279	4.983528	4.983528	5.689070	5.002581	1,2,3,1,4,5	71.814073	0.476744	0.251314	0.045695	0.226247	0.082486	0.067786	0.730533	0.119195	0.077644	0.260594	0.122936	0.538826	0.476744	0.251314	0.045695	0.226247	0.343018	0.063411	0.569756	0.023815	0.244289	0.154132	0.017948	0.583631	1,1,2,3,2,4	70.560512	0.021727	0.121585	0.276131	0.197375	0.096416	0.286766	0.021727	0.121585	0.276131	0.197375	0.096416	0.286766	0.075914	0.398084	0.179579	0.247480	0.019932	0.079011	0.026660	0.123760	0.088760	0.358564	0.145911	0.256345	0.075914	0.398084	0.179579	0.247480	0.019932	0.079011	0.102587	0.059349	0.121091	0.081074	0.193292	0.442606	1,2,3,1,4,5	69.808364	0.217538	2.570562	0.606401	0.217538	1.062994	0.974807	
192000	-117122	1,2,3,2,4,5	72.264388	5.905330	5.224919	5.412702	5.224919	6.620664	5.727673	1,2,3,4,2,5	73.210406	0.543835	0.058251	0.081900	0.316014	0.410485	0.149682	0.320785	0.119047	0.338702	0.083845	0.197865	0.379588	0.466326	0.133981	0.331044	0.068649	0.410485	0.149682	0.320785	0.119047	0.209567	0.145194	0.162398	0.482841	1,2,3,1,4,1	70.171312	0.098133	0.026860	0.221156	0.092463	0.477393	0.083993	0.054575	0.091151	0.113065	0.282403	0.108299	0.350508	0.059239	0.131258	0.070514	0.331659	0.265743	0.141587	0.098133	0.026860	0.221156	0.092463	0.477393	0.083993	0.086898	0.584871	0.021808	0.127600	0.143938	0.034885	0.098133	0.026860	0.221156	0.092463	0.477393	0.083993	1,2,3,4,5,6	70.908308	0.338763	1.946926	0.694920	0.285277	1.051216	0.861261	
193000	-115535	1,2,3,4,5,6	71.743389	5.785567	6.919431	6.291683	5.371138	5.658436	6.748329	1,2,3,1,3,4	69.977097	0.446418	0.150087	0.135394	0.268101	0.214643	0.101055	0.516443	0.167858	0.277856	0.086943	0.301560	0.333641	0.446418	0.150087	0.135394	0.268101	0.277856	0.086943	0.301560	0.333641	0.289237	0.127276	0.102701	0.480787	1,2,3,4,5,2	69.363961	0.149715	0.093772	0.577958	0.077450	0.061626	0.039480	0.073734	0.098969	0.084412	0.248752	0.296148	0.197986	0.130005	0.214085	0.134903	0.301082	0.108772	0.111152	0.072250	0.152507	0.077076	0.400496	0.061038	0.236633	0.096389	0.502705	0.030212	0.241749	0.096310	0.032634	0.073734	0.098969	0.084412	0.248752	0.296148	0.197986	1,2,3,4,5,6	73.281030	0.316579	3.940565	1.046872	0.221825	1.286144	1.023856	
194000	-116876	1,2,3,2,4,5	71.857742	5.697176	5.365102	6.348903	5.365102	6.504039	5.676858	1,2,3,4,2,3	70.544866	0.339219	0.118646	0.095188	0.446947	0.363074	0.100596	0.432191	0.104140	0.275148	0.170746	0.130055	0.424052	0.356402	0.243081	0.223113	0.177404	0.363074	0.100596	0.432191	0.104140	0.275148	0.170746	0.130055	0.424052	1,2,3,1,3,4	71.244527	0.100561	0.092545	0.256216	0.181625	0.265319	0.103734	0.009150	0.196684	0.041258	0.097439	0.108994	0.546474	0.208808	0.341938	0.099456	0.281272	0.000451	0.068076	0.100561	0.092545	0.256216	0.181625	0.265319	0.103734	0.208808	0.341938	0.099456	0.281272	0.000451	0.068076	0.162934	0.264847	0.116763	0.052781	0.194068	0.208607	1,2,3,1,4,4	72.988183	0.220821	1.923647	0.819295	0.220821	0.926793	0.926793	
195000	-118756	1,2,3,1,4,5	71.568759	5.025713	5.401168	6.029293	5.025713	6.267447	5.994416	1,2,3,4,5,1	70.056788	0.310583	0.266716	0.071653	0.351048	0.350133	0.099344	0.513613	0.036911	0.113206	0.088534	0.317044	0.481215	0.171421	0.767614	0.018425	0.042540	0.369158	0.038671	0.486633	0.105539	0.310583	0.266716	0.071653	0.351048	1,2,2,3,4,5	69.973536	0.116536	0.026026	0.504726	0.173078	0.017781	0.161852	0.153951	0.228334	0.165408	0.147841	0.031577	0.272888	0.153951	0.228334	0.165408	0.147841	0.031577	0.272888	0.018251	0.078918	0.530427	0.300308	0.057912	0.014184	0.317107	0.079582	0.059706	0.359552	0.153905	0.030147	0.083631	0.123314	0.177974	0.015349	0.240104	0.359629	1,2,3,1,4,5	71.589562	0.298018	5.428686	0.777188	0.298018	1.125598	0.895114	
196000	-116788	1,2,3,2,4,2	72.130296	5.847297	5.105576	5.714590	5.105576	5.893997	5.105576	1,2,3,1,4,1	70.316145	0.432306	0.234741	0.112007	0.220945	0.228652	0.056804	0.445952	0.268592	0.216831	0.041106	0.272495	0.469567	0.432306	0.234741	0.112007	0.220945	0.479274	0.092208	0.250745	0.177773	0.432306	0.234741	0.112007	0.220945	1,2,2,3,2,3	72.537114	0.025600	0.065640	0.318267	0.442504	0.055281	0.092707	0.098371	0.280355	0.208546	0.238133	0.000630	0.173965	0.098371	0.280355	0.208546	0.238133	0.000630	0.173965	0.139101	0.043874	0.165880	0.140842	0.238254	0.272049	0.098371	0.280355	0.208546	0.238133	0.000630	0.173965	0.139101	0.043874	0.165880	0.140842	0.238254	0.272049	1,2,3,1,4,5	70.715850	0.289474	1.154929	0.565689	0.289474	0.875006	1.013511	
197000	-117062	1,1,2,1,3,4	70.388213	5.124667	5.124667	5.301735	5.124667	5.802011	5.443774	1,2,3,4,4,1	72.702751	0.297704	0.360510	0.100665	0.241120	0.074604	0.178649	0.598841	0.147906	0.140355	0.136365	0.165093	0.558186	0.423660	0.220321	0.248422	0.107596	0.423660	0.220321	0.248422	0.107596	0.297704	0.360510	0.100665	0.241120	1,1,2,3,2,3	71.603727	0.049432	0.210352	0.357989	0.172678	0.013568	0.195980	0.049432	0.210352	0.357989	0.172678	0.013568	0.195980	0.099941	0.358929	0.107723	0.099173	0.129661	0.204574	0.158869	0.124646	0.264483	0.030588	0.255133	0.166282	0.099941	0.358929	0.107723	0.099173	0.129661	0.204574	0.158869	0.124646	0.264483	0.030588	0.255133	0.166282	1,2,3,4,5,5	73.541477	0.277628	2.754724	0.853727	0.281910	1.013565	1.013565	
198000	-116323	1,1,2,1,3,4	71.589199	5.118359	5.118359	5.934551	5.118359	5.793114	5.471605	1,2,3,4,5,4	70.773062	0.280342	0.120909	0.123369	0.475380	0.397050	0.091880	0.379680	0.131390	0.135369	0.085672	0.219711	0.559248	0.427360	0.270545	0.024496	0.277599	0.309506	0.143419	0.249071	0.298004	0.427360	0.270545	0.024496	0.277599	1,2,3,4,5,3	70.915034	0.161412	0.136143	0.421331	0.158959	0.087847	0.034308	0.117509	0.115255	0.210868	0.167475	0.003016	0.385877	0.025823	0.171798	0.127525	0.252677	0.127142	0.295035	0.051205	0.238429	0.050693	0.200733	0.267029	0.191911	0.171483	0.530879	0.096323	0.136018	0.053450	0.011847	0.025823	0.171798	0.127525	0.252677	0.127142	0.295035	1,2,3,4,5,6	71.298798	0.421480	2.239065	0.941283	0.213962	1.054958	1.070507	
199000	-115296	1,2,3,4,4,4	70.024102	6.010397	6.149562	5.551240	5.569175	5.569175	5.569175	1,2,3,4,5,6	71.752774	0.544653	0.140156	0.070220	0.244971	0.241790	0.055613	0.609485	0.093112	0.098981	0.049406	0.238287	0.613326	0.581220	0.136183	0.080078	0.202519	0.420195	0.075446	0.247545	0.256814	0.274321	0.130206	0.060810	0.534662	1,2,3,2,4,5	72.241639	0.079527	0.218913	0.403841	0.135264	0.076460	0.085995	0.084813	0.089335	0.109951	0.440247	0.022750	0.252904	0.006597	0.346470	0.068118	0.430419	0.086317	0.062079	0.084813	0.089335	0.109951	0.440247	0.022750	0.252904	0.029191	0.243176	0.087886	0.548136	0.057708	0.033903	0.239757	0.012362	0.097069	0.324747	0.188685	0.137381	1,2,3,1,4,3	71.348362	0.246937	2.209351	1.000438	0.246937	1.129659	1.000438	
200000	-117935	1,2,3,1,4,5	70.894880	5.155765	5.712030	5.875428	5.155765	5.014712	6.002205	1,2,2,3,4,5	71.495127	0.594365	0.131196	0.112421	0.162018	0.378317	0.023113	0.325729	0.272841	0.378317	0.023113	0.325729	0.272841	0.666972	0.157735	0.082805	0.092488	0.610674	0.203438	0.122712	0.063175	0.295324	0.147416	0.115739	0.441521	1,2,3,2,4,5	71.481151	0.137475	0.000466	0.288396	0.317148	0.143222	0.113292	0.075459	0.063810	0.109936	0.353721	0.136316	0.260759	0.149098	0.247338	0.108491	0.257644	0.059178	0.178252	0.075459	0.063810	0.109936	0.353721	0.136316	0.260759	0.076007	0.390687	0.112195	0.169517	0.069379	0.182215	0.139244	0.020565	0.253587	0.294149	0.180959	0.111496	1,2,3,1,4,3	70.922973	0.481642	2.068143	0.938443	0.481642	0.918986	0.938443	
201000	-114859	1,1,2,1,3,4	71.441029	5.515422	5.515422	6.539656	5.515422	5.899214	6.221172	1,2,3,4,5,1	69.711528	0.349755	0.215177	0.040071	0.394997	0.137289	0.058742	0.636769	0.167200	0.242120	0.075539	0.243835	0.438505	0.425865	0.326071	0.145692	0.102373	0.419060	0.140789	0.256633	0.183518	0.349755	0.215177	0.040071	0.394997	1,2,3,4,3,5	70.369806	0.088935	0.086646	0.389595	0.244788	0.120906	0.069130	0.204547	0.203486	0.203341	0.129080	0.050768	0.208778	0.145038	0.386485	0.067047	0.231410	0.063876	0.106143	0.056697	0.117661	0.298755	0.096786	0.144203	0.285898	0.145038	0.386485	0.067047	0.231410	0.063876	0.106143	0.163530	0.045524	0.232831	0.049067	0.317141	0.191906	1,2,3,1,4,5	71.892206	0.289994	2.416333	0.767791	0.289994	1.116203	1.058586	
202000	-115963	1,2,3,4,5,6	71.807805	5.610142	5.871820	5.676792	5.293642	5.813217	6.094173	1,2,3,1,4,5	71.748805	0.446311	0.252849	0.073972	0.226868	0.208953	0.057635	0.676744	0.056668	0.256735	0.027489	0.175985	0.539791	0.446311	0.252849	0.073972	0.226868	0.269357	0.240166	0.239766	0.250712	0.187136	0.366044	0.059782	0.387038	1,2,3,2,4,2	72.348255	0.142356	0.229716	0.334936	0.139022	0.075477	0.078494	0.052376	0.106720	0.162751	0.216473	0.173684	0.287996	0.154511	0.251066	0.150831	0.336843	0.052651	0.054098	0.052376	0.106720	0.162751	0.216473	0.173684	0.287996	0.127366	0.381363	0.097532	0.194912	0.142093	0.056734	0.052376	0.106720	0.162751	0.216473	0.173684	0.287996	1,2,3,4,5,5	71.978754	0.370502	2.942251	0.787433	0.246120	1.213057	1.213057	
203000	-116489	1,2,2,2,3,4	71.602795	5.515163	5.036360	5.036360	5.036360	6.937006	5.706488	1,2,3,4,5,1	70.383044	0.423028	0.136397	0.073445	0.367130	0.429191	0.019178	0.441654	0.109976	0.244927	0.193787	0.337584	0.223703	0.424219	0.390141	0.091421	0.094219	0.397262	0.076978	0.271775	0.253985	0.423028	0.136397	0.073445	0.367130	1,2,3,1,4,2	72.168851	0.029567	0.110834	0.342038	0.107803	0.356393	0.053365	0.169846	0.073000	0.071821	0.121157	0.300567	0.263609	0.102682	0.078543	0.228492	0.323522	0.045888	0.220873	0.029567	0.110834	0.342038	0.107803	0.356393	0.053365	0.209957	0.181671	0.033645	0.488314	0.028024	0.058389	0.169846	0.073000	0.071821	0.121157	0.300567	0.263609	1,2,3,4,5,6	70.231412	0.311525	3.281530	0.743526	0.162114	1.262274	1.228949	
204000	-118001	1,2,3,3,4,5	70.347589	5.406151	6.472469	9.030016	9.030016	5.626498	5.425305	1,2,3,4,2,1	70.739973	0.466136	0.210228	0.084996	0.238639	0.346028	0.021275	0.486643	0.146054	0.128897	0.135845	0.471218	0.264040	0.490540	0.214206	0.182361	0.112893	0.346028	0.021275	0.486643	0.146054	0.466136	0.210228	0.084996	0.238639	1,2,3,2,3,4	71.616426	0.157715	0.013224	0.347462	0.207975	0.115111	0.158513	0.003946	0.039322	0.055926	0.388707	0.250093	0.262005	0.054266	0.198099	0.047134	0.551822	0.081927	0.066752	0.003946	0.039322	0.055926	0.388707	0.250093	0.262005	0.054266	0.198099	0.047134	0.551822	0.081927	0.066752	0.013375	0.020983	0.219188	0.218428	0.262369	0.265657	1,2,3,4,3,5	71.353123	0.282539	2.227511	0.953929	0.169049	0.953929	0.818523	
205000	-116322	1,2,3,4,5,6	70.425333	5.585277	6.164057	5.077473	4.958141	6.239293	5.947490	1,2,3,4,5,6	71.636484	0.424731	0.192752	0.097122	0.285395	0.309441	0.067156	0.441488	0.181915	0.244008	0.063036	0.457260	0.235696	0.644094	0.169744	0.039961	0.146201	0.337884	0.073697	0.372374	0.216044	0.307206	0.173554	0.049884	0.469356	1,2,3,2,4,2	70.358342	0.022282	0.001640	0.459777	0.143057	0.346602	0.026641	0.042130	0.187308	0.087382	0.326568	0.092333	0.264279	0.107082	0.167316	0.143102	0.392001	0.115815	0.074685	0.042130	0.187308	0.087382	0.326568	0.092333	0.264279	0.108294	0.318052	0.225700	0.189497	0.005260	0.153197	0.042130	0.187308	0.087382	0.326568	0.092333	0.264279	1,2,3,1,4,4	70.585770	0.280124	1.289530	0.887409	0.280124	0.975195	0.975195	
206000	-117953	1,2,3,4,5,6	72.004728	6.087039	6.113728	5.762177	5.203334	5.520329	6.316469	1,2,3,4,5,6	72.184661	0.502133	0.147735	0.184684	0.165448	0.169439	0.166080	0.339511	0.324970	0.232981	0.069936	0.149090	0.547993	0.459370	0.296400	0.066653	0.177577	0.423908	0.250230	0.277340	0.048521	0.151616	0.176389	0.096215	0.575780	1,2,2,1,3,4	70.737577	0.037190	0.078144	0.297077	0.302409	0.245281	0.039899	0.092958	0.094292	0.166815	0.362426	0.050053	0.233455	0.092958	0.094292	0.166815	0.362426	0.050053	0.233455	0.037190	0.078144	0.297077	0.302409	0.245281	0.039899	0.220443	0.440845	0.023349	0.125352	0.084004	0.106006	0.206594	0.111934	0.130073	0.205908	0.206091	0.139400	1,2,3,4,5,5	70.933023	0.384391	2.330896	0.857456	0.153833	1.028870	1.028870	
207000	-116552	1,2,3,1,4,5	69.175833	4.659929	5.505386	6.544595	4.659929	7.252318	5.793394	1,2,3,4,2,5	70.991574	0.575123	0.067544	0.150061	0.207272	0.310881	0.092176	0.403016	0.193926	0.221049	0.027463	0.349850	0.401637	0.477303	0.117229	0.367544	0.037924	0.310881	0.092176	0.403016	0.193926	0.336556	0.235409	0.048244	0.379791	1,2,3,4,3,2	70.441169	0.084476	0.040568	0.259526	0.376010	0.188522	0.050899	0.068190	0.200887	0.118237	0.050672	0.114885	0.447129	0.079452	0.209110	0.033189	0.528249	0.084913	0.065087	0.124454	0.151785	0.463533	0.090991	0.108769	0.060468	0.079452	0.209110	0.033189	0.528249	0.084913	0.065087	0.068190	0.200887	0.118237	0.050672	0.114885	0.447129	1,2,3,4,5,5	71.072832	0.312329	3.303452	0.758022	0.220091	1.002970	1.002970	
208000	-116799	1,2,3,4,5,6	72.120928	5.300194	5.784094	5.561281	5.370492	6.422564	5.562480	1,2,3,1,2,4	70.842459	0.498392	0.189391	0.114283	0.197933	0.210311	0.057809	0.597799	0.134081	0.157318	0.084542	0.145576	0.612563	0.498392	0.189391	0.114283	0.197933	0.210311	0.057809	0.597799	0.134081	0.321269	0.191935	0.042320	0.444476	1,2,3,4,5,5	71.317148	0.053325	0.039403	0.285089	0.075507	0.243804	0.302872	0.183874	0.114276	0.089506	0.324836	0.096103	0.191405	0.328471	0.214361	0.114099	0.175635	0.056529	0.110904	0.130148	0.128135	0.306518	0.223144	0.067537	0.144518	0.247740	0.319737	0.139555	0.054115	0.203665	0.035189	0.247740	0.319737	0.139555	0.054115	0.203665	0.035189	1,2,3,4,5,3	71.533572	0.285633	3.190574	0.966598	0.241677	1.085875	0.966598	
209000	-115753	1,2,3,4,5,6	71.877623	5.695391	5.481493	5.775547	5.016277	7.151199	5.923726	1,2,3,4,2,1	71.053848	0.462008	0.234104	0.066080	0.237807	0.368579	0.077093	0.390170	0.164158	0.165003	0.021790	0.287171	0.526035	0.465770	0.208466	0.285972	0.039793	0.368579	0.077093	0.390170	0.164158	0.462008	0.234104	0.066080	0.237807	1,2,3,1,4,5	70.651598	0.032623	0.041320	0.462174	0.125812	0.152501	0.185571	0.269661	0.123642	0.105315	0.136069	0.004583	0.360729	0.234435	0.124025	0.043347	0.285079	0.261174	0.051940	0.032623	0.041320	0.462174	0.125812	0.152501	0.185571	0.151444	0.413991	0.115220	0.190162	0.116795	0.012388	0.019423	0.297382	0.226506	0.037877	0.167910	0.250901	1,2,3,4,5,6	71.305156	0.336188	2.849188	0.861573	0.275574	1.065593	0.844488	
210000	-117245	1,1,1,2,3,4	70.364518	5.153623	5.153623	5.153623	5.050866	5.674489	6.060239	1,2,3,4,5,6	72.912280	0.403566	0.183781	0.033340	0.379313	0.109128	0.021961	0.785759	0.083151	0.091394	0.042520	0.592162	0.273924	0.303827	0.306681	0.234326	0.155166	0.383198	0.201343	0.238322	0.177138	0.188436	0.278871	0.121105	0.411588	1,2,3,2,3,2	72.044371	0.183927	0.014972	0.243513	0.164379	0.117709	0.275500	0.127221	0.134426	0.172322	0.156085	0.126074	0.283872	0.093710	0.558982	0.101790	0.160940	0.024389	0.060190	0.127221	0.134426	0.172322	0.156085	0.126074	0.283872	0.093710	0.558982	0.101790	0.160940	0.024389	0.060190	0.127221	0.134426	0.172322	0.156085	0.126074	0.283872	1,2,3,4,5,6	71.453246	0.319981	2.012352	0.917989	0.221605	1.057227	1.105752	
211000	-116132	1,2,3,2,2,4	71.476469	5.870985	5.006164	5.704108	5.006164	5.006164	5.722309	1,2,3,4,2,5	69.961040	0.405242	0.088554	0.127797	0.378407	0.258874	0.099609	0.484317	0.157200	0.198288	0.158147	0.255922	0.387643	0.827768	0.067692	0.047430	0.057111	0.258874	0.099609	0.484317	0.157200	0.329379	0.270893	0.053738	0.345990	1,2,3,3,4,5	71.479337	0.277743	0.124690	0.354084	0.087267	0.101152	0.055063	0.078082	0.065635	0.213477	0.025071	0.301111	0.316624	0.023523	0.150546	0.293462	0.128459	0.152391	0.251618	0.023523	0.150546	0.293462	0.128459	0.152391	0.251618	0.298380	0.366461	0.016026	0.085441	0.117261	0.116430	0.149879	0.048474	0.223309	0.085177	0.236173	0.256988	1,2,3,4,5,6	73.384616	0.432374	2.197059	0.752546	0.111191	0.990986	1.031958	
212000	-116103	1,2,3,4,5,6	70.505299	7.015157	5.443377	5.270374	6.321687	6.819683	6.168299	1,2,3,4,5,1	72.388986	0.251599	0.296914	0.058920	0.392567	0.188511	0.052719	0.583800	0.174970	0.196945	0.096492	0.284401	0.422162	0.674625	0.088110	0.078460	0.158805	0.231636	0.082820	0.467710	0.217834	0.251599	0.296914	0.058920	0.392567	1,2,3,4,5,6	71.094538	0.110176	0.066402	0.469948	0.104083	0.157506	0.091886	0.147050	0.122121	0.133331	0.050780	0.238147	0.308571	0.096403	0.341391	0.164479	0.227748	0.095893	0.074086	0.022822	0.053841	0.582410	0.157541	0.174584	0.008803	0.136686	0.568899	0.040342	0.130617	0.099419	0.024038	0.080683	0.138885	0.199491	0.047725	0.226105	0.307110	1,2,3,1,4,5	71.810207	0.250254	4.114616	0.823715	0.250254	1.030796	0.949967	
213000	-117067	1,2,3,2,4,3	70.977483	6.146129	5.182322	6.255908	5.182322	6.653012	6.255908	1,2,2,3,4,1	72.730324	0.363282	0.192424	0.095793	0.348501	0.120582	0.036647	0.470531	0.372239	0.120582	0.036647	0.470531	0.372239	0.692292	0.190539	0.084665	0.032504	0.390520	0.006510	0.380676	0.222294	0.363282	0.192424	0.095793	0.348501	1,2,3,4,5,2	71.261156	0.021931	0.125033	0.362022	0.300727	0.167531	0.022756	0.064014	0.278116	0.091587	0.228560	0.197990	0.139734	0.094775	0.361053	0.086949	0.312407	0.057258	0.087558	0.158321	0.176869	0.237255	0.205953	0.113958	0.107645	0.315896	0.284314	0.030554	0.258556	0.065995	0.044685	0.064014	0.278116	0.091587	0.228560	0.197990	0.139734	1,2,3,1,4,5	71.946282	0.266197	3.037420	0.682859	0.266197	1.147897	1.043082	
214000	-118190	1,1,2,3,4,4	72.434526	5.371039	5.371039	5.041545	6.295471	5.038701	5.038701	1,2,3,1,4,5	71.475846	0.403793	0.208777	0.171198	0.216232	0.200804	0.066209	0.651414	0.081572	0.423957	0.075388	0.150255	0.350400	0.403793	0.208777	0.171198	0.216232	0.195956	0.085085	0.602908	0.116051	0.132922	0.175655	0.010406	0.681018	1,2,3,1,4,2	71.908347	0.030196	0.037761	0.326077	0.204495	0.085642	0.315829	0.114865	0.198014	0.158160	0.146328	0.123200	0.259434	0.003764	0.321234	0.220256	0.167132	0.104133	0.183482	0.030196	0.037761	0.326077	0.204495	0.085642	0.315829	0.219577	0.211808	0.153679	0.133347	0.226705	0.054884	0.114865	0.198014	0.158160	0.146328	0.123200	0.259434	1,2,3,1,4,5	70.371538	0.311962	2.313299	0.838874	0.311962	0.954853	1.130857	
215000	-115785	1,2,3,4,5,6	71.801411	5.886656	5.488509	5.380760	4.803008	6.387122	6.235780	1,2,3,1,2,4	69.879375	0.422735	0.236728	0.042042	0.298496	0.343436	0.085712	0.398893	0.171959	0.298762	0.030963	0.166982	0.503293	0.422735	0.236728	0.042042	0.298496	0.343436	0.085712	0.398893	0.171959	0.188176	0.280303	0.071744	0.459777	1,2,3,4,5,2	72.249916	0.070563	0.024761	0.482069	0.166637	0.018720	0.237250	0.044414	0.124601	0.164823	0.090782	0.172036	0.403344	0.213378	0.286009	0.083467	0.108949	0.025190	0.283007	0.002352	0.191648	0.016796	0.577851	0.096350	0.115002	0.054578	0.332164	0.154219	0.205572	0.201620	0.051848	0.044414	0.124601	0.164823	0.090782	0.172036	0.403344	1,2,3,1,4,5	72.416906	0.190846	1.673556	0.866991	0.190846	0.938947	0.914577	
216000	-116488	1,2,3,1,4,5	72.040236	4.747244	5.232623	6.108501	4.747244	6.319861	6.402816	1,2,2,3,1,4	69.858826	0.364539	0.211552	0.262509	0.161400	0.174873	0.048371	0.386381	0.390374	0.174873	0.048371	0.386381	0.390374	0.477832	0.114996	0.282573	0.124599	0.364539	0.211552	0.262509	0.161400	0.162041	0.394437	0.045292	0.398230	1,2,2,3,4,5	72.468435	0.027916	0.098757	0.519786	0.056604	0.262353	0.034583	0.172896	0.252550	0.153428	0.242545	0.011344	0.167236	0.172896	0.252550	0.153428	0.242545	0.011344	0.167236	0.099794	0.027477	0.340858	0.008447	0.339083	0.184341	0.090955	0.339432	0.040964	0.377981	0.107307	0.043361	0.092218	0.258853	0.085714	0.112169	0.080857	0.370189	1,2,3,1,4,5	72.139486	0.278256	2.271472	0.883822	0.278256	1.227921	0.982648	
217000	-116521	1,1,2,1,3,4	70.520546	4.836172	4.836172	5.306369	4.836172	6.175023	6.261680	1,2,3,4,5,6	70.849734	0.356018	0.135614	0.130893	0.377475	0.278371	0.047549	0.285014	0.389066	0.182656	0.076040	0.203976	0.537328	0.460259	0.199970	0.180868	0.158902	0.332797	0.037476	0.582188	0.047539	0.224620	0.380804	0.054934	0.339642	1,2,3,4,3,4	71.375857	0.121025	0.058594	0.343882	0.243613	0.090825	0.142061	0.095477	0.206177	0.077319	0.266832	0.009070	0.345125	0.223415	0.263506	0.237828	0.131890	0.047265	0.096095	0.124929	0.033230	0.115337	0.096547	0.207334	0.422623	0.223415	0.263506	0.237828	0.131890	0.047265	0.096095	0.124929	0.033230	0.115337	0.096547	0.207334	0.422623	1,2,3,1,4,4	70.795089	0.136097	1.995908	0.567922	0.136097	1.030221	1.030221	
218000	-117689	1,2,3,4,5,6	71.160688	6.108074	5.969911	5.358041	5.187976	5.976073	6.418911	1,2,3,1,4,3	71.184038	0.331608	0.220274	0.118113	0.330005	0.244058	0.015238	0.604268	0.136436	0.216994	0.135420	0.192825	0.454761	0.331608	0.220274	0.118113	0.330005	0.208846	0.377384	0.350815	0.062954	0.216994	0.135420	0.192825	0.454761	1,2,1,2,3,4	70.620898	0.039671	0.204699	0.198919	0.289750	0.001863	0.265098	0.157329	0.100104	0.140613	0.354602	0.071151	0.176200	0.039671	0.204699	0.198919	0.289750	0.001863	0.265098	0.157329	0.100104	0.140613	0.354602	0.071151	0.176200	0.034044	0.323295	0.101177	0.041454	0.229607	0.270425	0.143683	0.022986	0.123439	0.064561	0.618475	0.026855	1,2,3,4,5,6	69.997262	0.319192	1.878617	0.860227	0.340361	1.072267	0.843223	
219000	-116324	1,2,3,4,5,6	71.499470	5.590158	5.909862	5.383222	5.080316	6.724890	5.436119	1,2,3,4,2,5	72.304407	0.474430	0.189588	0.067822	0.268160	0.280895	0.149057	0.474058	0.095989	0.079404	0.245945	0.237637	0.437014	0.319782	0.477955	0.060666	0.141596	0.280895	0.149057	0.474058	0.095989	0.281964	0.332532	0.016795	0.368709	1,2,3,2,4,2	72.021659	0.000018	0.039088	0.427068	0.075528	0.421003	0.037296	0.036909	0.135359	0.144981	0.156632	0.170971	0.355148	0.100448	0.176885	0.433299	0.123760	0.015213	0.150396	0.036909	0.135359	0.144981	0.156632	0.170971	0.355148	0.080417	0.613809	0.186540	0.094022	0.014263	0.010948	0.036909	0.135359	0.144981	0.156632	0.170971	0.355148	1,2,3,4,5,6	72.726518	0.260874	2.774943	0.899882	0.255996	0.956263	0.979437	
220000	-118465	1,2,3,4,5,6	71.929159	5.803334	5.581397	6.132677	5.461760	6.244225	6.058858	1,2,3,4,3,1	71.028122	0.407504	0.142728	0.059918	0.389851	0.306245	0.170543	0.266614	0.256597	0.368418	0.060328	0.350642	0.220613	0.555184	0.164370	0.030438	0.250008	0.368418	0.060328	0.350642	0.220613	0.407504	0.142728	0.059918	0.389851	1,1,2,2,3,4	71.240715	0.038060	0.155453	0.291816	0.189246	0.129099	0.196325	0.038060	0.155453	0.291816	0.189246	0.129099	0.196325	0.059876	0.179699	0.101507	0.383877	0.179507	0.095534	0.059876	0.179699	0.101507	0.383877	0.179507	0.095534	0.153305	0.251403	0.195664	0.172190	0.036254	0.191184	0.018709	0.044338	0.089404	0.163997	0.259853	0.423699	1,2,3,1,4,4	70.335070	0.269257	3.102957	0.661956	0.269257	0.833284	0.833284	
221000	-115598	1,2,3,4,5,6	71.704814	6.187415	5.240405	5.929783	5.606788	5.577268	5.834044	1,2,3,4,5,6	72.093425	0.417248	0.081247	0.122076	0.379429	0.137583	0.145846	0.668941	0.047631	0.167031	0.030185	0.229635	0.573148	0.670061	0.143451	0.093210	0.093278	0.204086	0.326938	0.261168	0.207808	0.230204	0.353087	0.046336	0.370372	1,2,3,1,4,5	69.469803	0.092426	0.087076	0.488846	0.197072	0.108921	0.025659	0.017186	0.284638	0.179377	0.115205	0.095327	0.308267	0.005780	0.092945	0.114458	0.549213	0.178594	0.059010	0.092426	0.087076	0.488846	0.197072	0.108921	0.025659	0.027956	0.552705	0.196284	0.084005	0.060942	0.078108	0.077817	0.039425	0.156300	0.140243	0.255220	0.330995	1,2,3,4,5,5	70.271219	0.264090	2.647307	0.761851	0.134716	1.145978	1.145978	
222000	-116185	1,2,3,2,4,5	70.435421	5.378865	4.781114	5.999142	4.781114	6.414650	6.289458	1,2,3,4,5,6	73.275279	0.349416	0.251549	0.081514	0.317522	0.106357	0.076735	0.591882	0.225026	0.190384	0.059907	0.130207	0.619502	0.497589	0.338644	0.034890	0.128878	0.459735	0.112479	0.232941	0.194845	0.293397	0.154877	0.194090	0.357637	1,2,1,1,3,4	72.144152	0.112557	0.191900	0.190954	0.272850	0.056087	0.175652	0.012424	0.148143	0.322381	0.114179	0.199093	0.203780	0.112557	0.191900	0.190954	0.272850	0.056087	0.175652	0.112557	0.191900	0.190954	0.272850	0.056087	0.175652	0.079510	0.428233	0.107809	0.277386	0.031044	0.076018	0.125637	0.043254	0.128800	0.158191	0.442190	0.101927	1,2,3,4,5,5	69.767620	0.303201	2.553487	0.885592	0.237390	1.047815	1.047815	
223000	-116709	1,2,3,1,4,5	70.529664	4.696662	5.079331	5.865240	4.696662	5.932555	5.699478	1,2,3,1,2,4	71.384767	0.598758	0.099998	0.160365	0.140879	0.296614	0.086586	0.385446	0.231354	0.178562	0.043777	0.222042	0.555619	0.598758	0.099998	0.160365	0.140879	0.296614	0.086586	0.385446	0.231354	0.296620	0.259182	0.020894	0.423303	1,2,3,1,3,2	70.928830	0.152607	0.038507	0.312860	0.188904	0.251428	0.055694	0.173247	0.230255	0.079809	0.063228	0.119466	0.333995	0.220553	0.309987	0.064258	0.097676	0.144128	0.163398	0.152607	0.038507	0.312860	0.188904	0.251428	0.055694	0.220553	0.309987	0.064258	0.097676	0.144128	0.163398	0.173247	0.230255	0.079809	0.063228	0.119466	0.333995	1,2,3,1,4,5	72.311740	0.308641	1.696977	0.757698	0.308641	0.975319	0.986913	
224000	-118197	1,2,3,3,4,5	72.025422	5.408394	5.417643	4.309817	4.309817	5.977279	5.655820	1,2,3,4,5,6	70.454190	0.346889	0.313634	0.139606	0.199870	0.151878	0.045254	0.430272	0.372596	0.466672	0.109468	0.213200	0.210659	0.516243	0.229702	0.195831	0.058224	0.288549	0.228697	0.300368	0.182386	0.361952	0.247758	0.168810	0.221479	1,2,2,1,3,4	71.092655	0.101196	0.058414	0.503712	0.284002	0.041544	0.011132	0.044301	0.242501	0.185223	0.291344	0.039360	0.197271	0.044301	0.242501	0.185223	0.291344	0.039360	0.197271	0.101196	0.058414	0.503712	0.284002	0.041544	0.011132	0.205030	0.315160	0.024956	0.131917	0.025119	0.297818	0.289335	0.044173	0.064982	0.072738	0.400748	0.128023	1,2,3,1,4,5	69.799840	0.231192	3.353716	0.731012	0.231192	1.119265	1.001509	
225000	-116415	1,2,3,4,5,6	69.981746	6.048293	6.243050	5.840396	5.042917	5.740421	5.854520	1,2,3,1,4,5	71.094907	0.534011	0.172548	0.055919	0.237522	0.588850	0.003709	0.302895	0.104546	0.119292	0.124159	0.190853	0.565697	0.534011	0.172548	0.055919	0.237522	0.201038	0.125568	0.461286	0.212108	0.340090	0.187770	0.082993	0.389147	1,2,3,2,3,4	70.767753	0.041936	0.184210	0.289663	0.357843	0.119857	0.006490	0.048032	0.062152	0.136004	0.517622	0.036040	0.200150	0.185514	0.319883	0.088216	0.276566	0.046002	0.083819	0.048032	0.062152	0.136004	0.517622	0.036040	0.200150	0.185514	0.319883	0.088216	0.276566	0.046002	0.083819	0.191821	0.186100	0.101005	0.013145	0.175648	0.332281	1,2,3,4,5,6	71.698846	0.271776	2.477221	0.914262	0.178130	1.235229	1.007623	
226000	-117023	1,2,3,4,4,5	70.528341	5.527635	5.736076	5.086813	4.835998	4.835998	6.191834	1,2,2,3,3,4	70.781503	0.354521	0.065368	0.109036	0.471075	0.136327	0.050568	0.538263	0.274843	0.136327	0.050568	0.538263	0.274843	0.640337	0.115628	0.195040	0.048996	0.640337	0.115628	0.195040	0.048996	0.115897	0.363786	0.123458	0.396859	1,2,2,3,4,4	70.777307	0.174621	0.016098	0.414215	0.216307	0.043263	0.135496	0.169754	0.262139	0.276337	0.180670	0.001550	0.109550	0.169754	0.262139	0.276337	0.180670	0.001550	0.109550	0.052266	0.021477	0.115329	0.056589	0.271456	0.482883	0.077462	0.271083	0.177639	0.210214	0.174009	0.089592	0.077462	0.271083	0.177639	0.210214	0.174009	0.089592	1,2,3,4,5,5	70.817042	0.278670	1.874658	0.599584	0.179218	0.933009	0.933009	
227000	-117411	1,2,3,4,4,5	71.607255	6.022351	6.099408	5.490918	4.683405	4.683405	4.957542	1,2,3,1,4,1	72.925873	0.444237	0.262347	0.086050	0.207366	0.181086	0.004626	0.710384	0.103903	0.234559	0.128233	0.470663	0.166545	0.444237	0.262347	0.086050	0.207366	0.423098	0.049375	0.309487	0.218039	0.444237	0.262347	0.086050	0.207366	1,2,3,3,4,5	72.353073	0.316637	0.017100	0.392092	0.096631	0.054601	0.122939	0.045243	0.094190	0.059044	0.195384	0.415235	0.190903	0.133432	0.107854	0.176374	0.400632	0.046443	0.135265	0.133432	0.107854	0.176374	0.400632	0.046443	0.135265	0.273269	0.492392	0.017317	0.129271	0.054175	0.033577	0.021853	0.094761	0.153947	0.013483	0.382478	0.333477	1,2,3,4,5,6	72.068693	0.340685	3.041555	0.920182	0.156937	0.981877	1.130922	
228000	-117289	1,2,3,4,5,6	70.215258	5.431483	5.329419	5.389079	6.203838	6.208520	6.345486	1,2,3,4,5,6	70.766223	0.412984	0.055982	0.071604	0.459430	0.239080	0.010403	0.462887	0.287630	0.235261	0.071613	0.107081	0.586045	0.359267	0.304804	0.144819	0.191110	0.311736	0.068221	0.527170	0.092872	0.189729	0.370607	0.038929	0.400734	1,2,2,1,2,3	74.003045	0.023015	0.064883	0.351604	0.392713	0.147672	0.020114	0.050405	0.258044	0.215564	0.184419	0.107580	0.183989	0.050405	0.258044	0.215564	0.184419	0.107580	0.183989	0.023015	0.064883	0.351604	0.392713	0.147672	0.020114	0.050405	0.258044	0.215564	0.184419	0.107580	0.183989	0.102698	0.052594	0.187785	0.167542	0.255500	0.233882	1,2,3,4,5,6	71.706979	0.274581	2.079933	0.967052	0.246442	0.768247	0.918771	
229000	-118589	1,2,3,3,4,5	72.637285	5.670144	5.251126	5.071665	5.071665	6.416298	6.690678	1,2,3,1,2,4	71.460761	0.412015	0.219212	0.127484	0.241289	0.144390	0.042894	0.679094	0.133622	0.242138	0.219384	0.144448	0.394030	0.412015	0.219212	0.127484	0.241289	0.144390	0.042894	0.679094	0.133622	0.072996	0.216116	0.049695	0.661193	1,2,2,3,4,4	70.842428	0.204248	0.046568	0.300278	0.149222	0.227142	0.072542	0.064129	0.199865	0.202394	0.117236	0.060641	0.355735	0.064129	0.199865	0.202394	0.117236	0.060641	0.355735	0.155952	0.011201	0.094122	0.417023	0.078650	0.243052	0.197067	0.377865	0.061467	0.044251	0.136410	0.182940	0.197067	0.377865	0.061467	0.044251	0.136410	0.182940	1,2,3,4,5,6	70.206833	0.244828	2.828219	0.927425	0.163358	0.978649	0.916401	
230000	-116480	1,2,3,2,4,5	70.838131	7.015387	4.718925	5.448128	4.718925	5.868710	6.266805	1,2,3,4,5,1	72.171567	0.265212	0.272579	0.089331	0.372878	0.313676	0.033401	0.463310	0.189613	0.206992	0.022779	0.159036	0.611192	0.381139	0.389778	0.180843	0.048240	0.424206	0.046283	0.310921	0.218590	0.265212	0.272579	0.089331	0.372878	1,2,3,4,5,2	73.030577	0.190877	0.186423	0.353037	0.108388	0.088503	0.072771	0.078322	0.068464	0.103806	0.198298	0.227491	0.323617	0.016219	0.348560	0.158684	0.116920	0.212940	0.146677	0.070867	0.041706	0.438034	0.174646	0.198915	0.075832	0.065412	0.320765	0.032847	0.165800	0.399832	0.015342	0.078322	0.068464	0.103806	0.198298	0.227491	0.323617	1,2,3,1,4,4	72.198611	0.283157	1.808216	0.649253	0.283157	0.803228	0.803228	
231000	-115599	1,2,1,2,3,4	70.298376	6.000290	5.374069	6.000290	5.374069	7.135137	5.972549	1,2,2,1,3,1	72.440193	0.392775	0.180415	0.083314	0.343497	0.294663	0.022248	0.407424	0.275665	0.294663	0.022248	0.407424	0.275665	0.392775	0.180415	0.083314	0.343497	0.243843	0.095181	0.345563	0.315412	0.392775	0.180415	0.083314	0.343497	1,2,2,2,3,4	71.207838	0.102673	0.046108	0.288931	0.503482	0.012350	0.046455	0.048754	0.120578	0.041438	0.579842	0.097070	0.112318	0.048754	0.120578	0.041438	0.579842	0.097070	0.112318	0.048754	0.120578	0.041438	0.579842	0.097070	0.112318	0.105581	0.507447	0.027410	0.345016	0.011055	0.003492	0.039955	0.035381	0.123196	0.045357	0.499088	0.257023	1,2,3,4,5,3	71.397925	0.286109	1.790821	0.897079	0.270287	1.385686	0.897079	
232000	-116936	1,2,3,4,5,6	71.224777	5.189445	5.296267	6.517137	5.176621	5.795131	6.200033	1,2,3,4,1,5	71.590742	0.435256	0.087188	0.294180	0.183377	0.351663	0.140928	0.368678	0.138731	0.335405	0.029723	0.084256	0.550617	0.273088	0.307782	0.259496	0.159634	0.435256	0.087188	0.294180	0.183377	0.223137	0.243533	0.123201	0.410130	1,2,3,4,3,5	69.266715	0.181086	0.025536	0.291486	0.062787	0.410524	0.028580	0.074640	0.128802	0.147495	0.072054	0.100272	0.476736	0.106079	0.288797	0.049776	0.392987	0.074324	0.088037	0.026316	0.040008	0.243917	0.184154	0.314053	0.191552	0.106079	0.288797	0.049776	0.392987	0.074324	0.088037	0.029194	0.228702	0.184245	0.071883	0.304741	0.181236	1,2,3,4,5,6	70.574588	0.335559	2.396761	0.961742	0.334133	1.183439	0.944728	
233000	-117912	1,2,3,4,5,6	71.813869	5.565471	5.389727	5.587747	5.900734	7.202874	6.115962	1,2,3,1,1,4	71.054136	0.450233	0.168117	0.142338	0.239312	0.131184	0.017322	0.706770	0.144724	0.362138	0.021969	0.225154	0.390739	0.450233	0.168117	0.142338	0.239312	0.450233	0.168117	0.142338	0.239312	0.222658	0.144957	0.224078	0.408307	1,2,3,2,4,5	72.316443	0.087544	0.025878	0.582078	0.064099	0.091418	0.148983	0.019053	0.099002	0.132204	0.110769	0.242940	0.396032	0.071132	0.320742	0.191705	0.242189	0.024239	0.149993	0.019053	0.099002	0.132204	0.110769	0.242940	0.396032	0.074406	0.410469	0.166943	0.121429	0.193107	0.033647	0.097351	0.273209	0.119159	0.040841	0.418200	0.051240	1,2,3,1,4,3	70.132772	0.259015	2.844606	0.859705	0.259015	0.979748	0.859705	
234000	-116301	1,2,3,4,4,5	73.971650	6.746856	5.416767	5.420636	4.785769	4.785769	5.305125	1,2,2,3,4,1	70.165450	0.518548	0.156915	0.076640	0.247898	0.289412	0.021907	0.382270	0.306412	0.289412	0.021907	0.382270	0.306412	0.707591	0.110124	0.093135	0.089150	0.159638	0.131845	0.381777	0.326741	0.518548	0.156915	0.076640	0.247898	1,2,2,3,4,2	72.788559	0.027189	0.029293	0.659731	0.175814	0.040595	0.067378	0.043369	0.120681	0.058586	0.172095	0.483882	0.121387	0.043369	0.120681	0.058586	0.172095	0.483882	0.121387	0.053269	0.105250	0.245363	0.157650	0.320207	0.118262	0.206978	0.454567	0.057430	0.114698	0.095313	0.071014	0.043369	0.120681	0.058586	0.172095	0.483882	0.121387	1,2,3,1,4,5	72.329132	0.251589	2.521920	0.670811	0.251589	1.118112	1.068797	
235000	-120364	1,2,3,1,4,5	72.372990	4.837842	5.492535	5.252675	4.837842	6.820537	5.728556	1,2,1,3,4,5	70.983838	0.281815	0.238938	0.193423	0.285824	0.147649	0.085715	0.642159	0.124477	0.281815	0.238938	0.193423	0.285824	0.280671	0.364365	0.224882	0.130082	0.301027	0.244168	0.289317	0.165488	0.130299	0.404768	0.038728	0.426204	1,2,3,4,5,6	73.139431	0.323333	0.070580	0.454880	0.047677	0.096617	0.006913	0.050726	0.109360	0.051816	0.309912	0.040932	0.437254	0.070181	0.334777	0.068025	0.316951	0.174213	0.035853	0.021764	0.004217	0.332175	0.214493	0.029865	0.397487	0.016533	0.513333	0.009048	0.191016	0.012328	0.257743	0.053387	0.002176	0.202461	0.149437	0.274358	0.318181	1,2,3,4,5,6	72.959917	0.274770	2.026195	0.875863	0.251703	1.054708	1.013323	
236000	-116294	1,2,3,4,5,6	71.624280	6.523470	5.729655	7.057397	4.709230	5.334805	5.754724	1,2,3,1,2,3	69.260438	0.450333	0.187159	0.047959	0.314548	0.343584	0.059601	0.458234	0.138580	0.265317	0.209659	0.102371	0.422653	0.450333	0.187159	0.047959	0.314548	0.343584	0.059601	0.458234	0.138580	0.265317	0.209659	0.102371	0.422653	1,2,3,4,5,6	72.785746	0.064400	0.007106	0.353973	0.087898	0.070584	0.416040	0.033215	0.099111	0.157784	0.281746	0.234885	0.193259	0.268482	0.425841	0.043475	0.154619	0.001797	0.105787	0.101530	0.419113	0.063834	0.154958	0.197780	0.062785	0.235507	0.285377	0.060132	0.184000	0.213685	0.021298	0.238830	0.098106	0.179695	0.056387	0.220225	0.206757	1,2,3,4,5,6	71.658685	0.310083	2.477506	0.901027	0.167829	0.967948	0.944997	
237000	-115740	1,2,3,1,4,5	70.748200	4.813203	5.453563	6.208499	4.813203	6.355269	6.214143	1,2,3,1,4,5	74.169183	0.495707	0.288326	0.030020	0.185947	0.355390	0.075462	0.467053	0.102096	0.176905	0.060642	0.358915	0.403538	0.495707	0.288326	0.030020	0.185947	0.403848	0.152394	0.378688	0.065069	0.147559	0.367510	0.129560	0.355370	1,2,3,3,3,4	70.541340	0.027862	0.159990	0.169380	0.235118	0.145574	0.262075	0.127322	0.121774	0.228018	0.188970	0.015424	0.318492	0.059379	0.274960	0.106499	0.270120	0.132423	0.156619	0.059379	0.274960	0.106499	0.270120	0.132423	0.156619	0.059379	0.274960	0.106499	0.270120	0.132423	0.156619	0.090134	0.146063	0.217907	0.095279	0.254102	0.196516	1,2,3,4,3,5	72.266553	0.338569	2.560988	0.993934	0.246816	0.993934	0.929717	
238000	-116874	1,2,3,4,5,6	69.991265	5.547178	5.586864	5.842901	4.943151	6.314896	6.027898	1,2,3,4,5,1	71.685732	0.444021	0.196227	0.066148	0.293605	0.055735	0.074205	0.712929	0.157131	0.311278	0.032986	0.393148	0.262588	0.721140	0.134648	0.067408	0.076803	0.399335	0.091586	0.485387	0.023692	0.444021	0.196227	0.066148	0.293605	1,1,2,3,2,4	70.753942	0.042766	0.143930	0.305835	0.191149	0.133549	0.182771	0.042766	0.143930	0.305835	0.191149	0.133549	0.182771	0.111403	0.245599	0.235323	0.251312	0.032599	0.123763	0.079760	0.207214	0.177118	0.433841	0.074270	0.027798	0.111403	0.245599	0.235323	0.251312	0.032599	0.123763	0.103991	0.284769	0.194084	0.085630	0.254528	0.076998	1,2,3,1,4,4	72.042329	0.288371	2.526436	0.634479	0.288371	0.922940	0.922940	
239000	-117943	1,2,3,1,4,5	70.254576	5.107135	5.455674	5.365121	5.107135	6.073476	6.195572	1,2,3,4,5,6	72.328049	0.411362	0.210228	0.105551	0.272860	0.395029	0.095581	0.246471	0.262920	0.032652	0.122316	0.269920	0.575112	0.731200	0.055676	0.054192	0.158932	0.221427	0.359071	0.370413	0.049088	0.272240	0.245204	0.062743	0.419813	1,2,3,2,4,5	70.278186	0.012289	0.166504	0.380490	0.054625	0.252450	0.133642	0.085696	0.133044	0.136408	0.354467	0.064601	0.225783	0.309459	0.306386	0.050386	0.227711	0.059468	0.046589	0.085696	0.133044	0.136408	0.354467	0.064601	0.225783	0.040910	0.738825	0.142847	0.060424	0.003171	0.013823	0.075469	0.140911	0.178078	0.104720	0.330551	0.170272	1,2,3,1,3,3	70.893670	0.259672	3.015932	0.924824	0.259672	0.924824	0.924824	
240000	-117021	1,2,3,2,2,4	69.713865	4.808060	4.716847	5.953914	4.716847	4.716847	5.926040	1,2,2,1,1,3	70.536833	0.481188	0.175526	0.153962	0.189324	0.119297	0.038133	0.386643	0.455927	0.119297	0.038133	0.386643	0.455927	0.481188	0.175526	0.153962	0.189324	0.481188	0.175526	0.153962	0.189324	0.247615	0.305880	0.181152	0.265354	1,2,3,4,3,5	71.441297	0.007298	0.114009	0.418031	0.135261	0.266372	0.059029	0.030071	0.360620	0.090509	0.353435	0.020427	0.144938	0.117092	0.311829	0.076641	0.286363	0.114516	0.093558	0.118444	0.019420	0.146810	0.136079	0.110741	0.468506	0.117092	0.311829	0.076641	0.286363	0.114516	0.093558	0.055111	0.117122	0.197637	0.231003	0.255747	0.143379	1,2,3,4,5,5	70.967539	0.222767	2.335931	0.679285	0.159380	1.122792	1.122792	
241000	-118470	1,2,1,3,4,2	70.381693	4.526034	5.581710	4.526034	5.619260	5.820787	5.581710	1,2,3,4,1,3	71.769536	0.425173	0.101054	0.299166	0.174607	0.283717	0.111401	0.352666	0.252217	0.067000	0.272308	0.199779	0.460913	0.547746	0.081498	0.257054	0.113702	0.425173	0.101054	0.299166	0.174607	0.067000	0.272308	0.199779	0.460913	1,2,3,4,3,5	72.087461	0.007024	0.028203	0.260367	0.123962	0.570111	0.010334	0.040512	0.100744	0.242224	0.273422	0.023714	0.319383	0.110808	0.358396	0.160555	0.213175	0.033369	0.123698	0.047561	0.006709	0.298787	0.109546	0.114208	0.423190	0.110808	0.358396	0.160555	0.213175	0.033369	0.123698	0.031562	0.152855	0.245658	0.057539	0.203992	0.308394	1,2,3,4,3,5	71.023192	0.204664	1.693070	1.067403	0.156164	1.067403	0.812383	
242000	-116720	1,2,3,3,4,5	71.466874	5.358502	5.513357	5.270115	5.270115	5.903021	6.072317	1,2,3,4,2,1	70.917502	0.342467	0.147665	0.035776	0.474092	0.376595	0.028314	0.344439	0.250652	0.178848	0.169851	0.346457	0.304845	0.553441	0.153055	0.092710	0.200793	0.376595	0.028314	0.344439	0.250652	0.342467	0.147665	0.035776	0.474092	1,2,3,1,4,5	71.652992	0.099157	0.098837	0.185927	0.347991	0.053903	0.214185	0.149521	0.124621	0.135893	0.213611	0.041312	0.335041	0.086159	0.245854	0.330517	0.160008	0.029579	0.147883	0.099157	0.098837	0.185927	0.347991	0.053903	0.214185	0.242623	0.421990	0.031698	0.143209	0.058383	0.102097	0.011334	0.057941	0.153739	0.121554	0.278753	0.376679	1,2,3,4,5,6	71.458112	0.316058	2.147757	0.735329	0.212815	1.011625	0.890238	
243000	-116033	1,2,3,4,5,3	72.046533	5.865824	5.527874	5.278412	5.007362	5.911850	5.278412	1,2,2,3,4,5	73.273245	0.472015	0.171403	0.075192	0.281390	0.267488	0.138026	0.378713	0.215773	0.267488	0.138026	0.378713	0.215773	0.800683	0.061402	0.024632	0.113283	0.407423	0.137026	0.341725	0.113826	0.357559	0.347603	0.037985	0.256853	1,2,3,4,5,2	71.096529	0.109148	0.002420	0.394376	0.186865	0.090273	0.216918	0.042345	0.126463	0.108436	0.172958	0.267509	0.282289	0.127190	0.180313	0.205261	0.120690	0.101523	0.265022	0.037987	0.096447	0.191713	0.193832	0.141123	0.338898	0.246110	0.372172	0.135003	0.131044	0.032691	0.082980	0.042345	0.126463	0.108436	0.172958	0.267509	0.282289	1,2,3,1,2,4	70.732296	0.261705	1.134759	0.622264	0.261705	1.134759	0.962410	
244000	-115485	1,2,3,3,4,5	70.417424	5.518946	5.745669	5.078371	5.078371	5.994347	6.264546	1,2,3,1,2,4	72.460144	0.550372	0.089117	0.102328	0.258182	0.296813	0.051319	0.525525	0.126343	0.077773	0.029518	0.171936	0.720773	0.550372	0.089117	0.102328	0.258182	0.296813	0.051319	0.525525	0.126343	0.212192	0.427189	0.040577	0.320042	1,2,3,2,3,4	72.940295	0.107622	0.111582	0.424666	0.158505	0.062370	0.135254	0.069907	0.097746	0.100413	0.311711	0.110164	0.310059	0.204536	0.324117	0.047762	0.261508	0.021139	0.140937	0.069907	0.097746	0.100413	0.311711	0.110164	0.310059	0.204536	0.324117	0.047762	0.261508	0.021139	0.140937	0.154835	0.116876	0.190097	0.147677	0.279655	0.110860	1,2,3,1,4,4	70.803854	0.222657	1.753705	0.790032	0.222657	0.962500	0.962500	
245000	-117369	1,1,2,3,4,5	71.337547	5.021012	5.021012	6.141327	5.012548	6.495728	6.309841	1,2,3,4,5,1	72.770204	0.195951	0.207203	0.177544	0.419302	0.367952	0.027856	0.236329	0.367863	0.210799	0.161001	0.135835	0.492365	0.626437	0.168320	0.086594	0.118649	0.258476	0.106512	0.474886	0.160125	0.195951	0.207203	0.177544	0.419302	1,2,3,4,3,4	72.195823	0.043395	0.025171	0.515369	0.198756	0.192835	0.024474	0.168209	0.196181	0.132944	0.135274	0.171955	0.195437	0.193807	0.486500	0.060445	0.170482	0.011746	0.077020	0.163341	0.174140	0.228353	0.096287	0.164282	0.173597	0.193807	0.486500	0.060445	0.170482	0.011746	0.077020	0.163341	0.174140	0.228353	0.096287	0.164282	0.173597	1,2,3,4,3,3	70.521701	0.338861	2.784738	1.046852	0.161708	1.046852	1.046852	
246000	-114901	1,2,3,4,5,6	71.733152	5.530724	5.440818	4.651739	4.647718	6.073571	5.955887	1,2,3,4,4,1	72.825467	0.365037	0.226994	0.070159	0.337809	0.227588	0.088438	0.533352	0.150621	0.261221	0.050439	0.105580	0.582760	0.546570	0.129506	0.271582	0.052342	0.546570	0.129506	0.271582	0.052342	0.365037	0.226994	0.070159	0.337809	1,2,3,1,3,2	71.987949	0.172046	0.026296	0.565076	0.136059	0.007812	0.092711	0.054370	0.185339	0.143791	0.111745	0.229080	0.275675	0.114062	0.329409	0.071723	0.289983	0.043431	0.151392	0.172046	0.026296	0.565076	0.136059	0.007812	0.092711	0.114062	0.329409	0.071723	0.289983	0.043431	0.151392	0.054370	0.185339	0.143791	0.111745	0.229080	0.275675	1,2,3,1,3,3	71.787226	0.236309	2.519081	1.039429	0.236309	1.039429	1.039429	
247000	-116872	1,2,3,4,5,6	70.833476	4.843219	5.640759	5.278076	4.814317	6.279311	5.843631	1,2,3,4,4,5	72.005180	0.398155	0.253060	0.135374	0.213411	0.199898	0.078537	0.636796	0.084769	0.095735	0.141878	0.185489	0.576898	0.386979	0.237042	0.303707	0.072273	0.386979	0.237042	0.303707	0.072273	0.219884	0.322785	0.019357	0.437975	1,2,3,1,4,2	71.023674	0.047174	0.068011	0.335754	0.200276	0.221470	0.127315	0.082780	0.297285	0.100323	0.018167	0.182005	0.319441	0.238705	0.253991	0.300712	0.130660	0.010722	0.065211	0.047174	0.068011	0.335754	0.200276	0.221470	0.127315	0.176334	0.359902	0.050142	0.091611	0.166754	0.155258	0.082780	0.297285	0.100323	0.018167	0.182005	0.319441	1,2,3,4,5,6	74.193762	0.305564	2.427598	0.752578	0.272139	0.887626	1.070776	
248000	-116103	1,2,3,4,5,6	71.730821	6.459899	5.965771	7.167577	5.483194	7.471197	6.266176	1,2,2,3,4,5	70.983988	0.396158	0.191340	0.035886	0.376616	0.312962	0.049482	0.447363	0.190193	0.312962	0.049482	0.447363	0.190193	0.624702	0.150660	0.081834	0.142805	0.436002	0.061816	0.455446	0.046736	0.152316	0.295378	0.045919	0.506387	1,2,3,4,3,5	71.594604	0.127525	0.153768	0.458146	0.238725	0.001276	0.020561	0.027796	0.088459	0.091712	0.251553	0.349367	0.191113	0.290545	0.219280	0.128747	0.166176	0.040368	0.154884	0.046893	0.058864	0.133230	0.064789	0.221427	0.474796	0.290545	0.219280	0.128747	0.166176	0.040368	0.154884	0.043723	0.212483	0.247212	0.022507	0.214002	0.260073	1,2,3,4,3,5	70.877198	0.377909	2.341293	0.866716	0.288336	0.866716	0.926307	
249000	-115247	1,2,3,3,4,5	71.589063	5.780809	5.826735	5.019683	5.019683	6.637359	5.832882	1,2,3,4,5,6	71.730216	0.415308	0.135709	0.117384	0.331600	0.244246	0.107813	0.482899	0.165042	0.215623	0.211410	0.230322	0.342646	0.588353	0.294068	0.038059	0.079519	0.369073	0.073007	0.506798	0.051122	0.148628	0.231572	0.176378	0.443422	1,2,3,3,4,4	71.224773	0.123587	0.071103	0.308655	0.409482	0.061993	0.025180	0.097793	0.163863	0.195690	0.071550	0.047735	0.423368	0.024744	0.200872	0.189199	0.294426	0.111252	0.179506	0.024744	0.200872	0.189199	0.294426	0.111252	0.179506	0.190129	0.171679	0.107238	0.109076	0.325857	0.096021	0.190129	0.171679	0.107238	0.109076	0.325857	0.096021	1,2,3,4,5,6	71.787386	0.319366	3.099880	0.661051	0.119924	0.816033	0.962964	
250000	-115550	1,2,3,3,4,5	71.452634	5.590457	6.026129	4.789548	4.789548	5.991181	6.227186	1,2,3,4,5,6	71.854984	0.408485	0.099258	0.144594	0.347663	0.205047	0.054497	0.609661	0.130795	0.203856	0.111001	0.054548	0.630594	0.698414	0.190046	0.012952	0.098587	0.396784	0.037785	0.391162	0.174269	0.243891	0.252351	0.058299	0.445460	1,2,3,2,3,4	72.618010	0.203011	0.006823	0.307609	0.122863	0.208330	0.151363	0.010096	0.200076	0.138018	0.264548	0.105656	0.281607	0.246479	0.281478	0.094084	0.262582	0.016969	0.098408	0.010096	0.200076	0.138018	0.264548	0.105656	0.281607	0.246479	0.281478	0.094084	0.262582	0.016969	0.098408	0.085079	0.281878	0.159422	0.100847	0.247442	0.125332	1,2,3,4,5,5	69.860536	0.390275	1.987104	1.131959	0.194170	1.065714	1.065714	
251000	-116950	1,2,3,4,5,2	70.861871	5.971214	5.373086	5.750601	5.138205	6.179675	5.373086	1,2,3,1,2,1	70.157536	0.438192	0.129022	0.078170	0.354616	0.333665	0.113927	0.413890	0.138517	0.164205	0.031910	0.476832	0.327054	0.438192	0.129022	0.078170	0.354616	0.333665	0.113927	0.413890	0.138517	0.438192	0.129022	0.078170	0.354616	1,2,3,1,4,5	70.982423	0.039123	0.141496	0.177489	0.487532	0.100517	0.053842	0.022262	0.128653	0.143900	0.183159	0.047516	0.474509	0.107345	0.161414	0.177265	0.209683	0.028322	0.315971	0.039123	0.141496	0.177489	0.487532	0.100517	0.053842	0.232567	0.348457	0.127537	0.116402	0.053175	0.121861	0.070195	0.022148	0.125927	0.161040	0.280838	0.339853	1,2,3,1,4,5	71.365787	0.311304	2.075251	0.627294	0.311304	1.135429	1.153219	
252000	-116649	1,1,2,3,4,5	72.422827	5.218201	5.218201	6.849294	5.362972	5.858731	6.063687	1,2,3,1,4,5	69.536631	0.497238	0.292775	0.035817	0.174171	0.323204	0.093961	0.414689	0.168145	0.234058	0.074304	0.181636	0.510001	0.497238	0.292775	0.035817	0.174171	0.443052	0.180028	0.290036	0.086884	0.081601	0.336000	0.145413	0.436986	1,2,3,4,5,6	71.295221	0.109738	0.043919	0.478720	0.291556	0.037106	0.038960	0.087468	0.172472	0.060453	0.102828	0.171879	0.404900	0.193828	0.116336	0.025074	0.512748	0.114073	0.037940	0.068132	0.268318	0.374424	0.038732	0.250256	0.000139	0.111489	0.293715	0.054466	0.175842	0.256472	0.108016	0.102078	0.115128	0.172038	0.196799	0.158924	0.255034	1,2,3,4,5,6	71.207603	0.287685	2.068817	0.680830	0.206167	0.928161	0.985541	
253000	-116237	1,2,3,3,4,1	70.968635	4.931596	6.365017	4.999889	4.999889	6.724982	4.931596	1,2,3,4,5,6	71.679319	0.505423	0.283047	0.035901	0.175628	0.220811	0.033515	0.554542	0.191132	0.072027	0.035067	0.191578	0.701328	0.609336	0.249164	0.067456	0.074044	0.260856	0.169224	0.498348	0.071572	0.415241	0.290704	0.107040	0.187014	1,2,3,1,3,2	70.496309	0.057528	0.094622	0.471792	0.144258	0.203307	0.028492	0.027462	0.087664	0.143466	0.114328	0.262458	0.364622	0.031363	0.291239	0.102166	0.282045	0.093233	0.199953	0.057528	0.094622	0.471792	0.144258	0.203307	0.028492	0.031363	0.291239	0.102166	0.282045	0.093233	0.199953	0.027462	0.087664	0.143466	0.114328	0.262458	0.364622	1,2,3,4,5,6	69.929187	0.399692	1.502193	0.854086	0.159308	0.920873	0.928284	
254000	-117005	1,2,3,3,4,5	71.673333	5.241320	5.284890	4.807533	4.807533	5.933269	5.431290	1,2,3,4,5,6	71.164364	0.268071	0.117915	0.383143	0.230871	0.319760	0.042968	0.572979	0.064293	0.361165	0.025025	0.359941	0.253869	0.600254	0.110521	0.232940	0.056285	0.242186	0.134591	0.581007	0.042216	0.201916	0.224925	0.027782	0.545377	1,2,3,1,4,3	71.112386	0.073429	0.036033	0.542705	0.074914	0.030812	0.242107	0.095670	0.055809	0.099726	0.098804	0.113469	0.536522	0.150622	0.117143	0.151388	0.206463	0.143241	0.231143	0.073429	0.036033	0.542705	0.074914	0.030812	0.242107	0.260624	0.293397	0.041974	0.067502	0.203674	0.132829	0.150622	0.117143	0.151388	0.206463	0.143241	0.231143	1,2,1,3,4,5	71.598930	0.557496	3.077745	0.557496	0.160571	0.980458	0.850273	
255000	-116326	1,2,3,2,4,5	70.860121	5.627161	4.980862	5.965952	4.980862	5.777757	5.177714	1,2,2,3,4,5	71.342403	0.387019	0.290644	0.046375	0.275963	0.168071	0.080918	0.352900	0.398111	0.168071	0.080918	0.352900	0.398111	0.721723	0.110824	0.138057	0.029395	0.300467	0.312081	0.236147	0.151305	0.161719	0.113079	0.062518	0.662684	1,2,3,1,4,5	72.533810	0.018018	0.047114	0.378972	0.164074	0.149679	0.242143	0.000785	0.223564	0.091242	0.199199	0.234603	0.250607	0.080820	0.262374	0.134815	0.329257	0.051159	0.141574	0.018018	0.047114	0.378972	0.164074	0.149679	0.242143	0.128897	0.485999	0.006090	0.083357	0.134094	0.161563	0.293129	0.191020	0.115988	0.040239	0.183153	0.176471	1,2,3,4,5,6	70.661295	0.412719	1.812488	0.768044	0.108241	1.043682	1.091709	
256000	-116363	1,2,3,3,4,5	70.966746	6.026860	5.633681	4.702557	4.702557	6.894532	5.593386	1,2,3,4,5,1	72.553710	0.403473	0.223904	0.049788	0.322836	0.336033	0.100058	0.462558	0.101351	0.266667	0.138559	0.137458	0.457316	0.355783	0.285214	0.127106	0.231897	0.326072	0.224144	0.280272	0.169512	0.403473	0.223904	0.049788	0.322836	1,2,3,2,4,5	72.069940	0.044919	0.009175	0.387532	0.299356	0.154178	0.104840	0.057234	0.172713	0.176506	0.208400	0.234936	0.150212	0.064914	0.197094	0.200570	0.233312	0.013322	0.290787	0.057234	0.172713	0.176506	0.208400	0.234936	0.150212	0.086604	0.675242	0.088027	0.083220	0.064151	0.002756	0.061991	0.114529	0.145187	0.113751	0.401144	0.163399	1,2,3,1,4,3	70.166113	0.280790	2.353126	0.927433	0.280790	1.123684	0.927433	
257000	-118530	1,2,3,1,4,5	73.739644	3.887722	5.942246	6.723621	3.887722	6.596341	6.407297	1,2,1,3,2,4	70.063297	0.369724	0.158672	0.241235	0.230369	0.358692	0.108918	0.381394	0.150997	0.369724	0.158672	0.241235	0.230369	0.594831	0.251924	0.082405	0.070840	0.358692	0.108918	0.381394	0.150997	0.135966	0.497823	0.012465	0.353746	1,2,3,1,3,2	71.290432	0.115010	0.052725	0.396290	0.120396	0.210707	0.104872	0.078438	0.091351	0.099800	0.258299	0.267678	0.204434	0.181694	0.318849	0.075103	0.294708	0.096308	0.033337	0.115010	0.052725	0.396290	0.120396	0.210707	0.104872	0.181694	0.318849	0.075103	0.294708	0.096308	0.033337	0.078438	0.091351	0.099800	0.258299	0.267678	0.204434	1,2,3,4,5,5	71.951600	0.230668	1.956128	0.795267	0.180526	1.002314	1.002314	
258000	-116372	1,2,3,1,4,5	70.974004	4.460814	5.851379	5.125076	4.460814	6.477629	5.800549	1,2,3,4,2,3	71.387246	0.605966	0.180641	0.021466	0.191927	0.347551	0.076915	0.474940	0.100594	0.187544	0.181266	0.140822	0.490368	0.749166	0.079404	0.101614	0.069816	0.347551	0.076915	0.474940	0.100594	0.187544	0.181266	0.140822	0.490368	1,2,3,4,5,1	71.265705	0.060388	0.185647	0.217661	0.152084	0.223435	0.160784	0.328532	0.166190	0.072798	0.103098	0.017424	0.311959	0.152700	0.158912	0.131386	0.318230	0.029696	0.209075	0.045185	0.067310	0.265970	0.416213	0.108449	0.096874	0.151019	0.257246	0.180475	0.293027	0.098672	0.019560	0.060388	0.185647	0.217661	0.152084	0.223435	0.160784	1,2,3,4,5,6	70.910691	0.225241	2.519919	0.888274	0.182367	0.896663	0.905239	
259000	-117683	1,2,3,4,5,6	72.614927	4.984176	5.113102	5.765662	4.958884	5.006575	5.717391	1,2,3,4,5,1	71.720086	0.457685	0.210155	0.035925	0.296235	0.142902	0.069599	0.429657	0.357841	0.160942	0.022072	0.357716	0.459270	0.505040	0.191810	0.098972	0.204177	0.194502	0.056271	0.516833	0.232393	0.457685	0.210155	0.035925	0.296235	1,2,3,4,5,4	70.051270	0.170518	0.031356	0.361574	0.149344	0.193399	0.093808	0.025281	0.367832	0.143292	0.153042	0.077812	0.232740	0.012902	0.277762	0.226429	0.348180	0.020584	0.114143	0.142163	0.052664	0.210417	0.046141	0.263837	0.284778	0.105200	0.236890	0.236014	0.220908	0.111822	0.089166	0.142163	0.052664	0.210417	0.046141	0.263837	0.284778	1,2,3,4,5,6	70.810800	0.512276	2.059923	0.764664	0.192666	0.806919	1.125238	
260000	-117741	1,2,3,4,5,6	71.291588	5.562746	6.103334	6.003306	5.208756	6.212229	6.435033	1,2,3,4,2,5	70.226025	0.411491	0.172406	0.162502	0.253601	0.347590	0.043303	0.483255	0.125853	0.204708	0.197274	0.346921	0.251097	0.327041	0.597225	0.021343	0.054391	0.347590	0.043303	0.483255	0.125853	0.273099	0.229342	0.183464	0.314095	1,2,2,2,3,4	71.187276	0.205439	0.158828	0.431615	0.097256	0.088691	0.018170	0.010344	0.142898	0.172323	0.208942	0.192437	0.273056	0.010344	0.142898	0.172323	0.208942	0.192437	0.273056	0.010344	0.142898	0.172323	0.208942	0.192437	0.273056	0.206277	0.101404	0.191103	0.279606	0.174949	0.046661	0.039879	0.031908	0.120500	0.153988	0.398483	0.255242	1,2,3,4,2,2	70.138983	0.228765	1.002319	0.647440	0.231895	1.002319	1.002319	
261000	-116629	1,2,3,4,5,4	72.005330	6.216086	5.203504	5.683293	4.481753	6.040709	4.481753	1,2,3,4,5,1	71.111213	0.346126	0.356141	0.021966	0.275767	0.187764	0.227081	0.428271	0.156884	0.052147	0.186383	0.357347	0.404123	0.555571	0.365534	0.044945	0.033949	0.345475	0.139864	0.338214	0.176447	0.346126	0.356141	0.021966	0.275767	1,2,3,2,3,4	71.009700	0.004491	0.108184	0.305318	0.490482	0.085476	0.006049	0.029584	0.190962	0.074957	0.147101	0.100590	0.456807	0.109826	0.410188	0.109729	0.277921	0.021768	0.070568	0.029584	0.190962	0.074957	0.147101	0.100590	0.456807	0.109826	0.410188	0.109729	0.277921	0.021768	0.070568	0.070951	0.076382	0.115687	0.044129	0.161655	0.531195	1,2,3,4,5,6	70.341935	0.250065	1.571406	0.749538	0.242638	1.221518	1.143618	
262000	-117199	1,2,3,1,4,1	71.951737	4.396877	5.935653	5.861773	4.396877	5.428005	4.396877	1,2,3,1,4,5	71.638663	0.468839	0.353893	0.031318	0.145950	0.114018	0.116754	0.611351	0.157877	0.107163	0.101695	0.298215	0.492927	0.468839	0.353893	0.031318	0.145950	0.233428	0.058646	0.362196	0.345730	0.111047	0.585496	0.078655	0.224802	1,2,3,4,5,2	69.927605	0.009948	0.062906	0.422216	0.095433	0.080800	0.328697	0.053719	0.114404	0.418570	0.046351	0.181206	0.185750	0.233258	0.285654	0.247941	0.045603	0.093295	0.094248	0.090150	0.380937	0.079453	0.100036	0.286920	0.062503	0.005160	0.665685	0.039197	0.257251	0.002640	0.030067	0.053719	0.114404	0.418570	0.046351	0.181206	0.185750	1,2,3,4,5,6	71.701246	0.268725	2.950728	0.735089	0.158708	1.228639	0.951721	
263000	-116505	1,2,3,3,4,5	71.369659	6.549219	5.351443	4.586236	4.586236	5.887030	5.964920	1,2,1,3,4,1	72.298683	0.361511	0.218257	0.076194	0.344039	0.371900	0.031360	0.494190	0.102551	0.361511	0.218257	0.076194	0.344039	0.561465	0.346030	0.079423	0.013082	0.435391	0.212217	0.207754	0.144638	0.361511	0.218257	0.076194	0.344039	1,2,2,1,3,4	71.320126	0.010204	0.053110	0.528117	0.258052	0.044470	0.106046	0.013880	0.203125	0.089791	0.297009	0.024792	0.371402	0.013880	0.203125	0.089791	0.297009	0.024792	0.371402	0.010204	0.053110	0.528117	0.258052	0.044470	0.106046	0.112759	0.425952	0.147616	0.105855	0.133602	0.074216	0.201692	0.078990	0.109018	0.197812	0.210558	0.201930	1,2,3,1,4,4	71.750530	0.196692	2.593007	0.956273	0.196692	0.996719	0.996719	
264000	-117345	1,2,3,3,4,3	69.784543	5.504588	6.067792	5.055365	5.055365	6.553025	5.055365	1,2,3,1,2,4	70.923551	0.495025	0.079142	0.164285	0.261548	0.294092	0.087145	0.453070	0.165694	0.054248	0.085737	0.161782	0.698233	0.495025	0.079142	0.164285	0.261548	0.294092	0.087145	0.453070	0.165694	0.202778	0.069057	0.193102	0.535063	1,2,3,2,3,4	72.625849	0.368298	0.001079	0.401440	0.095811	0.014017	0.119355	0.130971	0.092383	0.102302	0.313409	0.027901	0.333034	0.124147	0.383285	0.197693	0.240155	0.031332	0.023387	0.130971	0.092383	0.102302	0.313409	0.027901	0.333034	0.124147	0.383285	0.197693	0.240155	0.031332	0.023387	0.432534	0.086898	0.156520	0.053259	0.131560	0.139229	1,2,3,1,4,5	72.367207	0.250255	3.595547	0.690219	0.250255	1.076184	1.005648	
265000	-116353	1,2,3,3,4,5	70.904540	5.532909	5.593503	5.018103	5.018103	6.257086	5.438703	1,2,3,1,4,5	71.872060	0.465572	0.178642	0.068205	0.287582	0.219879	0.187741	0.299760	0.292620	0.169585	0.152944	0.162434	0.515037	0.465572	0.178642	0.068205	0.287582	0.551192	0.066555	0.245946	0.136307	0.246133	0.212591	0.019064	0.522212	1,2,3,4,5,2	70.996690	0.074254	0.064238	0.437209	0.088379	0.084102	0.251818	0.138695	0.135811	0.138691	0.121979	0.184369	0.280455	0.168280	0.335778	0.119034	0.175524	0.036810	0.164574	0.051625	0.149085	0.031372	0.555241	0.026579	0.186098	0.277430	0.177571	0.090971	0.409476	0.027654	0.016898	0.138695	0.135811	0.138691	0.121979	0.184369	0.280455	1,2,3,4,5,6	72.484408	0.306988	1.649203	0.758161	0.254069	1.048931	0.978415	
266000	-116648	1,2,3,2,4,1	69.563282	5.219079	4.773082	6.005800	4.773082	6.539057	5.219079	1,2,2,3,4,5	72.492845	0.355473	0.143805	0.090419	0.410303	0.241051	0.049728	0.259671	0.449550	0.241051	0.049728	0.259671	0.449550	0.438244	0.206337	0.211993	0.143426	0.463002	0.042958	0.386710	0.107330	0.420742	0.126173	0.050084	0.403002	1,2,2,3,2,4	73.024769	0.240920	0.096794	0.365520	0.139096	0.013430	0.144240	0.147026	0.256375	0.088368	0.297078	0.042498	0.168654	0.147026	0.256375	0.088368	0.297078	0.042498	0.168654	0.108382	0.063223	0.444869	0.136046	0.148479	0.099000	0.147026	0.256375	0.088368	0.297078	0.042498	0.168654	0.162605	0.132620	0.072553	0.337664	0.149924	0.144634	1,2,3,1,4,5	71.168900	0.243069	2.301150	0.780080	0.243069	1.062418	0.895530	
267000	-117346	1,2,3,3,4,5	71.813315	5.341949	4.964948	4.890166	4.890166	6.167126	5.553391	1,2,3,4,2,3	70.425054	0.518144	0.180360	0.091470	0.210026	0.159789	0.195766	0.487563	0.156881	0.324157	0.114361	0.188001	0.373481	0.643026	0.233514	0.059990	0.063470	0.159789	0.195766	0.487563	0.156881	0.324157	0.114361	0.188001	0.373481	1,2,3,4,3,5	73.004424	0.003862	0.310443	0.342380	0.269417	0.026566	0.047331	0.028852	0.207998	0.193613	0.032605	0.145656	0.391277	0.100931	0.478736	0.082277	0.187115	0.052774	0.098167	0.005203	0.060763	0.322988	0.112509	0.210646	0.287891	0.100931	0.478736	0.082277	0.187115	0.052774	0.098167	0.120677	0.298272	0.204861	0.068797	0.253115	0.054277	1,2,3,1,4,3	72.483376	0.280095	2.991703	0.910266	0.280095	0.848039	0.910266	
268000	-116690	1,2,3,4,5,6	70.921890	5.108329	5.580427	6.200132	5.675599	5.331450	5.813344	1,2,3,4,2,1	71.530327	0.266185	0.258249	0.110276	0.365290	0.287346	0.042551	0.511428	0.158675	0.242982	0.094663	0.180126	0.482230	0.342525	0.369969	0.192558	0.094948	0.287346	0.042551	0.511428	0.158675	0.266185	0.258249	0.110276	0.365290	1,2,3,4,3,2	70.360191	0.099523	0.026638	0.587136	0.013970	0.171016	0.101717	0.070113	0.131646	0.095930	0.419244	0.151291	0.131774	0.210589	0.382685	0.071931	0.193447	0.039955	0.101392	0.012268	0.129944	0.535968	0.179654	0.073881	0.068285	0.210589	0.382685	0.071931	0.193447	0.039955	0.101392	0.070113	0.131646	0.095930	0.419244	0.151291	0.131774	1,2,3,1,3,4	71.300389	0.185876	2.077528	1.075094	0.185876	1.075094	1.021429	
269000	-116862	1,2,3,4,5,6	73.835965	6.217266	5.865551	5.424172	5.828828	6.623126	5.873330	1,2,3,4,2,5	72.067523	0.593626	0.075714	0.044563	0.286098	0.383684	0.079406	0.422612	0.114298	0.144711	0.355355	0.258110	0.241824	0.507339	0.212570	0.164496	0.115595	0.383684	0.079406	0.422612	0.114298	0.185541	0.166206	0.063318	0.584934	1,2,3,4,3,5	71.281313	0.014170	0.093058	0.321236	0.292286	0.137671	0.141577	0.011350	0.070067	0.067366	0.310724	0.014811	0.525683	0.166080	0.358341	0.200127	0.178907	0.050494	0.046052	0.032217	0.070298	0.419002	0.154874	0.299384	0.024225	0.166080	0.358341	0.200127	0.178907	0.050494	0.046052	0.161818	0.160316	0.229479	0.166583	0.175755	0.106049	1,2,3,4,5,5	70.806087	0.220079	1.699665	0.489998	0.201650	1.051452	1.051452	
270000	-117891	1,2,3,4,5,3	70.543805	6.631030	6.375168	5.518019	6.766339	5.379997	5.518019	1,2,3,4,5,6	71.545488	0.504751	0.116853	0.151508	0.226888	0.151361	0.131533	0.621725	0.095381	0.164213	0.122878	0.481453	0.231456	0.418357	0.285379	0.263988	0.032276	0.529440	0.130042	0.265142	0.075376	0.190434	0.178028	0.215572	0.415966	1,2,2,1,3,4	71.696257	0.021801	0.064059	0.540002	0.146087	0.138952	0.089099	0.168825	0.104862	0.287772	0.235618	0.024606	0.178317	0.168825	0.104862	0.287772	0.235618	0.024606	0.178317	0.021801	0.064059	0.540002	0.146087	0.138952	0.089099	0.174137	0.268367	0.037662	0.262295	0.222391	0.035147	0.108152	0.144163	0.360271	0.166916	0.120040	0.100458	1,2,3,4,5,6	70.572053	0.252330	2.741413	0.769834	0.172149	0.858363	1.027870	
271000	-117149	1,2,3,4,5,6	71.436205	6.130805	6.009052	6.349697	5.531534	5.457064	6.262978	1,2,3,4,5,1	72.201351	0.321752	0.222972	0.062886	0.392391	0.157953	0.060735	0.441462	0.339851	0.073879	0.025456	0.367068	0.533597	0.325026	0.328811	0.158511	0.187651	0.402728	0.022923	0.257590	0.316760	0.321752	0.222972	0.062886	0.392391	1,2,3,4,5,6	68.858453	0.013370	0.275265	0.383204	0.304543	0.016993	0.006625	0.044057	0.170372	0.150238	0.116492	0.411882	0.106960	0.278547	0.291324	0.206477	0.149375	0.028725	0.045552	0.050363	0.215157	0.172220	0.248719	0.279369	0.034171	0.357009	0.247161	0.028844	0.191964	0.107061	0.067962	0.055149	0.201818	0.074707	0.036112	0.228833	0.403381	1,2,3,1,4,5	72.147266	0.289358	2.109464	0.679588	0.289358	1.473386	0.945915	
272000	-117932	1,2,3,2,4,5	71.396142	5.942979	5.197842	6.205300	5.197842	6.947371	7.130665	1,2,3,4,2,5	69.865143	0.653105	0.044993	0.054666	0.247236	0.348488	0.085259	0.511453	0.054800	0.053630	0.046068	0.426531	0.473770	0.670152	0.237030	0.048691	0.044126	0.348488	0.085259	0.511453	0.054800	0.254484	0.287156	0.070947	0.387413	1,2,3,2,4,5	69.738208	0.032084	0.052354	0.138110	0.516206	0.018994	0.242252	0.035722	0.140080	0.182618	0.196786	0.169463	0.275331	0.195599	0.114830	0.057257	0.505242	0.032199	0.094874	0.035722	0.140080	0.182618	0.196786	0.169463	0.275331	0.088353	0.311615	0.158673	0.317398	0.072390	0.051570	0.347395	0.047858	0.384478	0.109216	0.069709	0.041344	1,2,3,4,5,6	69.962858	0.348490	2.546992	0.774928	0.227004	0.911173	0.797743	
273000	-115321	1,2,3,4,5,6	71.268141	6.005046	5.745749	6.253276	5.388039	6.937727	5.704761	1,2,3,4,5,1	71.817871	0.436212	0.173158	0.062178	0.328453	0.208654	0.022661	0.565291	0.203394	0.194789	0.165504	0.329763	0.309944	0.570383	0.102503	0.070844	0.256270	0.452884	0.124722	0.385254	0.037140	0.436212	0.173158	0.062178	0.328453	1,2,3,3,4,5	69.829291	0.161546	0.071938	0.425795	0.082543	0.030782	0.227396	0.066265	0.179000	0.078258	0.311654	0.091533	0.273291	0.155466	0.226090	0.120309	0.292801	0.056797	0.148536	0.155466	0.226090	0.120309	0.292801	0.056797	0.148536	0.049863	0.371747	0.111370	0.335069	0.046009	0.085942	0.121794	0.157419	0.082036	0.122744	0.316790	0.199216	1,2,3,4,5,6	72.202300	0.190361	3.363954	0.727277	0.224030	1.211993	1.176057	
274000	-116995	1,2,3,4,5,6	73.038876	4.948121	5.449830	6.594579	5.198210	6.096960	5.807633	1,2,3,4,2,3	72.307244	0.577996	0.065271	0.191978	0.164754	0.314052	0.036737	0.467724	0.181487	0.200844	0.241391	0.241677	0.316088	0.449725	0.304425	0.083043	0.162807	0.314052	0.036737	0.467724	0.181487	0.200844	0.241391	0.241677	0.316088	1,2,3,4,3,5	72.038549	0.245411	0.060367	0.436861	0.149300	0.043274	0.064786	0.005104	0.197392	0.099488	0.182304	0.206886	0.308825	0.109583	0.291267	0.143230	0.338742	0.047476	0.069702	0.034206	0.113129	0.063125	0.294226	0.220427	0.274887	0.109583	0.291267	0.143230	0.338742	0.047476	0.069702	0.133351	0.057272	0.412781	0.062554	0.304994	0.029048	1,2,3,4,5,6	70.564889	0.266854	2.363484	0.741969	0.205961	0.954246	0.976262	
275000	-116147	1,2,3,3,4,5	70.735687	5.748479	5.745802	5.236245	5.236245	6.639534	5.769935	1,2,3,4,5,1	71.907687	0.425047	0.178748	0.163461	0.232744	0.293049	0.081034	0.541005	0.084913	0.035654	0.021730	0.181449	0.761167	0.539358	0.114928	0.148367	0.197348	0.406631	0.137172	0.287371	0.168826	0.425047	0.178748	0.163461	0.232744	1,2,3,2,3,2	70.754688	0.043531	0.094641	0.488551	0.141726	0.113878	0.117673	0.099534	0.050798	0.158052	0.140791	0.282532	0.268294	0.045558	0.362176	0.175012	0.264025	0.102600	0.050629	0.099534	0.050798	0.158052	0.140791	0.282532	0.268294	0.045558	0.362176	0.175012	0.264025	0.102600	0.050629	0.099534	0.050798	0.158052	0.140791	0.282532	0.268294	1,2,3,1,4,4	73.224526	0.195501	2.810967	0.738850	0.195501	0.916708	0.916708	
276000	-117241	1,1,2,1,3,4	71.865889	4.988954	4.988954	5.267409	4.988954	6.661283	5.784521	1,2,2,1,3,4	70.922681	0.430038	0.238861	0.142423	0.188678	0.182973	0.203337	0.321097	0.292593	0.182973	0.203337	0.321097	0.292593	0.430038	0.238861	0.142423	0.188678	0.386555	0.301487	0.256038	0.055920	0.221726	0.481306	0.043060	0.253908	1,2,2,3,4,5	70.321556	0.205911	0.014855	0.484717	0.095603	0.105874	0.093039	0.014510	0.287545	0.242080	0.153805	0.070211	0.231849	0.014510	0.287545	0.242080	0.153805	0.070211	0.231849	0.134057	0.018801	0.152828	0.148527	0.222752	0.323036	0.083420	0.399117	0.220824	0.256685	0.020916	0.019039	0.112224	0.171315	0.149907	0.158024	0.254791	0.153739	1,2,3,4,5,5	71.099251	0.371083	3.392673	0.584597	0.310299	1.041010	1.041010	
277000	-116634	1,2,3,1,4,5	71.932852	5.227674	5.631692	5.213600	5.227674	6.471866	6.412413	1,2,3,4,2,1	69.820410	0.302543	0.187916	0.075700	0.433841	0.386099	0.082252	0.393612	0.138038	0.218098	0.142536	0.110788	0.528579	0.408243	0.242418	0.229116	0.120222	0.386099	0.082252	0.393612	0.138038	0.302543	0.187916	0.075700	0.433841	1,2,3,3,4,5	72.101865	0.266288	0.199604	0.332458	0.143395	0.048532	0.009723	0.015520	0.104059	0.118158	0.330505	0.112437	0.319321	0.036383	0.263567	0.140116	0.360959	0.099953	0.099023	0.036383	0.263567	0.140116	0.360959	0.099953	0.099023	0.158254	0.195772	0.049388	0.394237	0.179592	0.022756	0.130126	0.045274	0.100117	0.118130	0.368126	0.238228	1,2,3,4,3,3	71.924429	0.280680	2.843307	1.014677	0.273566	1.014677	1.014677	
278000	-116377	1,2,3,4,5,6	71.077373	6.152550	4.882568	5.935786	4.931065	6.543648	6.566669	1,2,2,3,4,5	70.596090	0.400084	0.150801	0.085171	0.363944	0.200051	0.025808	0.332889	0.441253	0.200051	0.025808	0.332889	0.441253	0.626562	0.227953	0.105266	0.040219	0.367525	0.188591	0.419225	0.024659	0.102622	0.209986	0.092223	0.595169	1,2,2,3,2,4	72.617788	0.037525	0.019575	0.164747	0.495223	0.115288	0.167642	0.250553	0.240545	0.121686	0.197091	0.085254	0.104871	0.250553	0.240545	0.121686	0.197091	0.085254	0.104871	0.050128	0.101888	0.249982	0.286789	0.260788	0.050425	0.250553	0.240545	0.121686	0.197091	0.085254	0.104871	0.214170	0.122156	0.087511	0.101258	0.099852	0.375053	1,2,3,4,5,6	70.995456	0.290441	2.352062	0.903231	0.172440	1.095878	0.981715	
279000	-115793	1,2,3,4,5,6	71.769844	4.642052	6.109131	5.779442	5.345431	6.892541	6.053374	1,2,3,4,5,6	71.925049	0.265769	0.264111	0.015434	0.454687	0.190320	0.057454	0.641542	0.110684	0.276797	0.054194	0.256283	0.412727	0.387835	0.269584	0.226701	0.115881	0.342706	0.115914	0.412981	0.128399	0.168062	0.319867	0.123504	0.388568	1,2,3,4,3,5	70.641417	0.145564	0.024255	0.360714	0.283964	0.029573	0.155930	0.010721	0.098744	0.171164	0.188936	0.162477	0.367958	0.038619	0.317466	0.109824	0.347014	0.103646	0.083430	0.039203	0.002873	0.280791	0.173553	0.066544	0.437035	0.038619	0.317466	0.109824	0.347014	0.103646	0.083430	0.120990	0.365400	0.124482	0.061685	0.224411	0.103031	1,2,3,1,4,4	70.219019	0.184774	2.834933	0.624694	0.184774	0.899165	0.899165	
280000	-116281	1,2,3,3,4,5	72.703768	6.102517	6.342847	4.968525	4.968525	6.297336	5.748174	1,2,3,4,5,1	70.948405	0.405312	0.168185	0.066439	0.360064	0.373945	0.006882	0.508297	0.110876	0.393591	0.063465	0.231219	0.311724	0.499912	0.278914	0.190479	0.030695	0.307431	0.176194	0.387202	0.129173	0.405312	0.168185	0.066439	0.360064	1,2,3,2,4,5	70.880411	0.016426	0.199107	0.278873	0.068885	0.184429	0.252280	0.102369	0.078813	0.165899	0.181298	0.058764	0.412857	0.085495	0.153268	0.130356	0.241350	0.086611	0.302919	0.102369	0.078813	0.165899	0.181298	0.058764	0.412857	0.178402	0.365259	0.118508	0.194799	0.001421	0.141612	0.167706	0.134115	0.068529	0.007244	0.316669	0.305737	1,2,3,4,3,5	69.831838	0.306099	2.337944	0.892279	0.227862	0.892279	0.973621	
281000	-118615	1,2,3,1,4,5	70.101019	5.286144	5.584331	6.729955	5.286144	6.323929	5.073551	1,2,1,3,2,4	70.821303	0.319359	0.037760	0.187444	0.455438	0.478908	0.048525	0.381919	0.090648	0.319359	0.037760	0.187444	0.455438	0.319718	0.245241	0.375501	0.059540	0.478908	0.048525	0.381919	0.090648	0.396961	0.352847	0.089306	0.160887	1,2,3,2,4,5	70.596158	0.209476	0.126370	0.455409	0.135458	0.001319	0.071968	0.046861	0.030945	0.191768	0.105452	0.129122	0.495852	0.197887	0.270366	0.217452	0.169994	0.082554	0.061748	0.046861	0.030945	0.191768	0.105452	0.129122	0.495852	0.111623	0.196767	0.108404	0.296727	0.214085	0.072394	0.182063	0.073549	0.152973	0.019951	0.301034	0.270429	1,2,3,4,5,5	69.929949	0.339430	2.223138	0.823181	0.117770	0.928846	0.928846	
282000	-117944	1,2,3,4,5,6	71.279695	5.571970	5.699469	6.230383	5.358226	5.822547	6.162144	1,2,2,3,2,4	70.399966	0.280451	0.272923	0.114143	0.332483	0.322605	0.045820	0.372873	0.258703	0.322605	0.045820	0.372873	0.258703	0.175703	0.643760	0.080693	0.099844	0.322605	0.045820	0.372873	0.258703	0.144616	0.278601	0.129752	0.447031	1,2,3,4,5,1	71.624007	0.066955	0.040351	0.351546	0.071176	0.314528	0.155444	0.038788	0.196703	0.122579	0.192794	0.202609	0.246527	0.155309	0.220572	0.082844	0.299083	0.163189	0.079004	0.021258	0.208211	0.233011	0.175210	0.175301	0.187008	0.208724	0.271400	0.179602	0.121744	0.214081	0.004450	0.066955	0.040351	0.351546	0.071176	0.314528	0.155444	1,2,3,4,5,6	72.682721	0.345362	2.017483	0.776461	0.166224	1.099960	0.887086	
283000	-116457	1,2,2,1,3,4	72.287511	4.868710	4.862660	4.862660	4.868710	6.197392	5.963043	1,2,3,4,5,3	72.464507	0.479215	0.205218	0.114455	0.201112	0.049592	0.046384	0.569368	0.334656	0.096916	0.210010	0.187393	0.505682	0.775381	0.108978	0.087543	0.028098	0.473671	0.084528	0.321269	0.120532	0.096916	0.210010	0.187393	0.505682	1,2,2,3,2,1	72.975736	0.100733	0.068151	0.441877	0.108129	0.104759	0.176350	0.110949	0.345729	0.143412	0.211799	0.043384	0.144726	0.110949	0.345729	0.143412	0.211799	0.043384	0.144726	0.011458	0.090064	0.280836	0.254491	0.287630	0.075522	0.110949	0.345729	0.143412	0.211799	0.043384	0.144726	0.100733	0.068151	0.441877	0.108129	0.104759	0.176350	1,2,3,4,5,3	70.310591	0.283450	1.929249	0.937358	0.086907	1.071241	0.937358	
284000	-117463	1,2,3,4,5,6	71.484044	5.730733	5.504360	6.790925	5.304820	6.371168	5.211817	1,2,3,4,2,1	71.478251	0.435214	0.196565	0.060408	0.307813	0.315051	0.086540	0.521128	0.077281	0.438406	0.075153	0.069862	0.416579	0.274334	0.458752	0.092342	0.174572	0.315051	0.086540	0.521128	0.077281	0.435214	0.196565	0.060408	0.307813	1,2,3,1,4,2	72.786316	0.019756	0.031898	0.341360	0.337649	0.091093	0.178244	0.060062	0.100127	0.116200	0.118343	0.261544	0.343724	0.169120	0.135665	0.091564	0.331620	0.096157	0.175873	0.019756	0.031898	0.341360	0.337649	0.091093	0.178244	0.281881	0.147890	0.030852	0.190857	0.168937	0.179582	0.060062	0.100127	0.116200	0.118343	0.261544	0.343724	1,2,3,4,5,5	71.583903	0.255351	2.795009	0.964830	0.189107	0.945382	0.945382	
285000	-115567	1,2,3,1,4,5	69.970214	5.104468	5.617852	5.424127	5.104468	5.805388	6.182469	1,2,2,3,4,1	71.287783	0.313285	0.194410	0.060995	0.431310	0.206870	0.029057	0.430335	0.333739	0.206870	0.029057	0.430335	0.333739	0.375079	0.445316	0.139258	0.040348	0.219950	0.247215	0.430996	0.101839	0.313285	0.194410	0.060995	0.431310	1,2,3,4,5,3	71.141133	0.109379	0.089426	0.393368	0.322275	0.010348	0.075204	0.011370	0.241416	0.144916	0.315834	0.001217	0.285246	0.179887	0.077459	0.121323	0.170479	0.358957	0.091895	0.029738	0.103669	0.452135	0.055031	0.251770	0.107657	0.177114	0.532276	0.053706	0.105082	0.009802	0.122020	0.179887	0.077459	0.121323	0.170479	0.358957	0.091895	1,2,3,1,4,3	71.961954	0.236598	1.994238	0.864651	0.236598	1.225834	0.864651	
286000	-116989	1,2,3,2,4,1	71.770724	6.328076	5.361956	6.627910	5.361956	6.341024	6.328076	1,2,2,3,2,1	70.824224	0.319950	0.253421	0.076679	0.349950	0.218165	0.068774	0.372265	0.340795	0.218165	0.068774	0.372265	0.340795	0.405467	0.457702	0.061435	0.075395	0.218165	0.068774	0.372265	0.340795	0.319950	0.253421	0.076679	0.349950	1,2,3,4,5,6	71.269069	0.042216	0.070648	0.460995	0.192382	0.121405	0.112353	0.035737	0.236051	0.019065	0.189003	0.033491	0.486653	0.027625	0.569838	0.085319	0.172843	0.030550	0.113824	0.061795	0.085723	0.246957	0.101961	0.237799	0.265765	0.076582	0.386017	0.069540	0.201561	0.200126	0.066174	0.077120	0.034520	0.268754	0.051912	0.333572	0.234121	1,2,3,4,5,3	73.762397	0.276111	2.271098	0.908752	0.229938	1.087384	0.908752	
287000	-118609	1,2,3,4,5,6	71.692427	6.165666	5.805992	6.635431	5.174233	5.242250	6.897603	1,2,2,1,3,4	71.640843	0.400059	0.131536	0.119668	0.348737	0.275355	0.027656	0.266158	0.430832	0.275355	0.027656	0.266158	0.430832	0.400059	0.131536	0.119668	0.348737	0.516113	0.060585	0.227864	0.195438	0.186002	0.290520	0.092150	0.431329	1,2,3,4,5,6	71.419194	0.079443	0.071675	0.367760	0.165528	0.122995	0.192599	0.118627	0.111333	0.263970	0.160966	0.198630	0.146474	0.196139	0.287129	0.029428	0.186948	0.192701	0.107656	0.289184	0.182862	0.153617	0.060773	0.117786	0.195778	0.100285	0.307542	0.103749	0.115439	0.252315	0.120671	0.075838	0.018818	0.189575	0.121181	0.428828	0.165761	1,2,3,4,5,6	73.645635	0.438359	2.952366	0.745572	0.252278	0.894322	0.906708	
288000	-115881	1,2,3,3,4,5	72.010238	5.115199	5.743640	5.098508	5.098508	6.415217	6.310217	1,2,3,4,2,5	70.727700	0.482226	0.142705	0.053507	0.321562	0.307517	0.114874	0.464002	0.113607	0.133675	0.162879	0.324744	0.378701	0.521874	0.103167	0.235023	0.139936	0.307517	0.114874	0.464002	0.113607	0.266829	0.294659	0.070039	0.368474	1,2,1,3,4,5	70.122403	0.130155	0.197961	0.220651	0.195963	0.117043	0.138227	0.046309	0.186345	0.182711	0.210093	0.126771	0.247771	0.130155	0.197961	0.220651	0.195963	0.117043	0.138227	0.126717	0.181290	0.244080	0.177720	0.204343	0.065850	0.206112	0.319697	0.056029	0.264963	0.091207	0.061992	0.106280	0.067388	0.120359	0.337329	0.234499	0.134145	1,2,3,1,4,5	72.350666	0.267177	2.533988	0.600391	0.267177	1.080837	1.029620	
289000	-116893	1,2,3,4,5,3	72.598648	5.479872	5.145108	5.960058	5.190269	6.207160	5.960058	1,2,3,1,4,5	72.526293	0.391207	0.350462	0.075797	0.182534	0.073008	0.077519	0.530928	0.318545	0.189571	0.143985	0.237179	0.429265	0.391207	0.350462	0.075797	0.182534	0.483555	0.060627	0.316444	0.139375	0.205229	0.370327	0.147322	0.277122	1,2,2,3,2,4	71.785481	0.064645	0.179868	0.341946	0.256706	0.077193	0.079642	0.316376	0.244738	0.105080	0.169160	0.033060	0.131585	0.316376	0.244738	0.105080	0.169160	0.033060	0.131585	0.032106	0.221124	0.161521	0.269088	0.275958	0.040203	0.316376	0.244738	0.105080	0.169160	0.033060	0.131585	0.109251	0.139101	0.347039	0.132057	0.215069	0.057484	1,2,3,1,4,3	73.474025	0.327833	2.613299	0.928540	0.327833	0.919276	0.928540	
290000	-115980	1,2,3,4,5,6	71.482704	5.814538	5.360787	5.277419	4.719230	5.806423	5.728599	1,2,3,4,2,1	71.417912	0.317659	0.295227	0.073194	0.313920	0.391450	0.056559	0.344850	0.207142	0.057761	0.050794	0.216832	0.674613	0.635971	0.126605	0.130055	0.107369	0.391450	0.056559	0.344850	0.207142	0.317659	0.295227	0.073194	0.313920	1,2,3,4,3,4	72.118088	0.094285	0.057894	0.243572	0.241545	0.006015	0.356689	0.096523	0.099549	0.073114	0.107978	0.272364	0.350472	0.267354	0.190350	0.033593	0.362890	0.063626	0.082186	0.151527	0.055129	0.205257	0.114108	0.200485	0.273493	0.267354	0.190350	0.033593	0.362890	0.063626	0.082186	0.151527	0.055129	0.205257	0.114108	0.200485	0.273493	1,2,3,1,4,5	69.548618	0.251336	2.275486	0.817062	0.251336	0.990381	0.922234	
291000	-117546	1,2,3,1,4,5	69.905619	5.185449	5.360965	5.836597	5.185449	6.269447	6.211598	1,2,2,3,4,5	69.936068	0.265502	0.331670	0.195437	0.207391	0.234316	0.059602	0.357331	0.348752	0.234316	0.059602	0.357331	0.348752	0.271489	0.401690	0.131249	0.195572	0.330766	0.305546	0.336384	0.027303	0.177891	0.299237	0.105227	0.417646	1,2,3,3,4,5	72.651732	0.032581	0.203655	0.369785	0.300848	0.076477	0.016654	0.170720	0.204397	0.034560	0.340132	0.105752	0.144439	0.065338	0.187057	0.199993	0.389038	0.084250	0.074324	0.065338	0.187057	0.199993	0.389038	0.084250	0.074324	0.083848	0.430823	0.102498	0.048373	0.149389	0.185068	0.051246	0.150934	0.182644	0.046308	0.266483	0.302384	1,2,3,4,5,5	71.748040	0.316848	3.486754	0.768687	0.198983	1.098232	1.098232	
292000	-117212	1,2,3,4,5,6	72.373637	5.226497	4.920323	5.069790	5.308296	5.718368	6.847396	1,2,2,3,1,4	70.962249	0.472755	0.093488	0.207548	0.226208	0.408345	0.030594	0.221746	0.339314	0.408345	0.030594	0.221746	0.339314	0.499139	0.292838	0.126024	0.081999	0.472755	0.093488	0.207548	0.226208	0.228632	0.378638	0.053288	0.339442	1,2,2,2,3,2	71.280575	0.128849	0.012376	0.356024	0.327406	0.118818	0.056527	0.033604	0.106324	0.062559	0.458225	0.117581	0.221708	0.033604	0.106324	0.062559	0.458225	0.117581	0.221708	0.033604	0.106324	0.062559	0.458225	0.117581	0.221708	0.015292	0.318109	0.103634	0.309238	0.248049	0.005679	0.033604	0.106324	0.062559	0.458225	0.117581	0.221708	1,2,3,4,5,5	72.501594	0.325937	2.286666	0.640336	0.278502	1.125617	1.125617	
293000	-117662	1,2,3,1,4,5	70.252097	4.805168	5.824677	5.698664	4.805168	5.857945	6.192454	1,2,3,1,4,5	70.472048	0.708323	0.118506	0.015520	0.157652	0.161215	0.115692	0.486662	0.236430	0.060439	0.139633	0.196454	0.603473	0.708323	0.118506	0.015520	0.157652	0.426337	0.031700	0.401978	0.139985	0.290066	0.295004	0.048343	0.366587	1,2,3,3,4,3	71.512755	0.092838	0.108595	0.450062	0.141198	0.102391	0.104916	0.206347	0.203545	0.095413	0.046734	0.049570	0.398391	0.042595	0.238465	0.155155	0.397121	0.080340	0.086324	0.042595	0.238465	0.155155	0.397121	0.080340	0.086324	0.297014	0.167546	0.029492	0.126011	0.321287	0.058650	0.042595	0.238465	0.155155	0.397121	0.080340	0.086324	1,2,3,4,3,3	71.022644	0.382677	3.151168	0.920440	0.217395	0.920440	0.920440	
294000	-115218	1,2,3,1,4,5	71.099102	5.262971	5.549975	6.184017	5.262971	7.180584	6.083016	1,2,3,4,2,1	71.613117	0.331922	0.256552	0.094184	0.317342	0.353936	0.078703	0.463812	0.103549	0.211225	0.195396	0.284246	0.309132	0.591571	0.091775	0.171657	0.144997	0.353936	0.078703	0.463812	0.103549	0.331922	0.256552	0.094184	0.317342	1,2,3,4,3,4	72.624860	0.179674	0.010885	0.567394	0.182138	0.012038	0.047871	0.044848	0.086771	0.238143	0.167386	0.004113	0.458740	0.179726	0.399415	0.127113	0.146027	0.017872	0.129847	0.117763	0.160711	0.154801	0.137784	0.191230	0.237712	0.179726	0.399415	0.127113	0.146027	0.017872	0.129847	0.117763	0.160711	0.154801	0.137784	0.191230	0.237712	1,2,3,1,4,5	71.569338	0.266404	3.706152	0.908258	0.266404	1.063678	1.019211	
295000	-115499	1,2,3,4,5,6	72.535518	5.326568	5.656938	6.731198	5.405846	6.030996	6.068117	1,2,3,4,2,1	69.411651	0.334586	0.243750	0.069556	0.352108	0.229566	0.094376	0.414520	0.261538	0.134635	0.160610	0.270014	0.434741	0.421657	0.348814	0.161866	0.067663	0.229566	0.094376	0.414520	0.261538	0.334586	0.243750	0.069556	0.352108	1,2,3,1,4,2	70.148450	0.050387	0.059651	0.379564	0.355963	0.136828	0.017606	0.043595	0.234321	0.113527	0.145967	0.222642	0.239949	0.095422	0.250079	0.111336	0.436288	0.021091	0.085785	0.050387	0.059651	0.379564	0.355963	0.136828	0.017606	0.082652	0.546681	0.143338	0.099357	0.087630	0.040342	0.043595	0.234321	0.113527	0.145967	0.222642	0.239949	1,2,3,4,5,6	71.161252	0.263020	2.498388	0.971880	0.166132	0.948796	0.960831	
296000	-116844	1,2,3,4,5,6	70.502436	5.261306	5.394447	5.406153	4.771701	6.592908	5.160579	1,2,3,4,2,1	71.978934	0.514897	0.131188	0.141760	0.212155	0.409125	0.048220	0.452051	0.090604	0.065530	0.183036	0.258195	0.493239	0.649181	0.248156	0.084212	0.018451	0.409125	0.048220	0.452051	0.090604	0.514897	0.131188	0.141760	0.212155	1,2,3,1,4,2	71.687803	0.014232	0.086107	0.320137	0.268126	0.285662	0.025736	0.139120	0.069518	0.091544	0.096322	0.171892	0.431604	0.212789	0.425047	0.111883	0.161972	0.000716	0.087594	0.014232	0.086107	0.320137	0.268126	0.285662	0.025736	0.145613	0.421130	0.093682	0.207800	0.074466	0.057309	0.139120	0.069518	0.091544	0.096322	0.171892	0.431604	1,2,3,4,5,6	70.874565	0.241186	2.544749	0.918105	0.184347	0.914905	0.979992	
297000	-116382	1,2,3,3,1,4	70.970839	6.755234	6.316566	4.735387	4.735387	6.755234	5.284327	1,2,3,1,4,1	72.175934	0.472240	0.132956	0.051340	0.343464	0.209246	0.067186	0.578756	0.144812	0.045548	0.009007	0.469922	0.475523	0.472240	0.132956	0.051340	0.343464	0.312490	0.165520	0.471517	0.050473	0.472240	0.132956	0.051340	0.343464	1,2,3,2,3,2	71.354842	0.057969	0.000030	0.288201	0.429468	0.046639	0.177693	0.032017	0.130802	0.079939	0.238077	0.230288	0.288876	0.233993	0.413135	0.118309	0.124797	0.079161	0.030606	0.032017	0.130802	0.079939	0.238077	0.230288	0.288876	0.233993	0.413135	0.118309	0.124797	0.079161	0.030606	0.032017	0.130802	0.079939	0.238077	0.230288	0.288876	1,2,3,4,5,6	69.452059	0.367038	2.588556	1.067247	0.226210	1.058904	1.080321	
298000	-115978	1,2,3,1,4,5	72.014999	4.678480	5.694238	5.195171	4.678480	6.451708	5.068756	1,2,3,4,5,3	70.358094	0.273082	0.431530	0.031341	0.264048	0.271784	0.011562	0.544146	0.172507	0.303506	0.088060	0.145267	0.463167	0.530331	0.194812	0.172011	0.102845	0.447910	0.146978	0.349859	0.055252	0.303506	0.088060	0.145267	0.463167	1,2,2,3,4,5	70.657488	0.084038	0.043784	0.589529	0.265943	0.003416	0.013290	0.045646	0.227534	0.051897	0.455754	0.017884	0.201285	0.045646	0.227534	0.051897	0.455754	0.017884	0.201285	0.110289	0.034118	0.157214	0.246370	0.435273	0.016736	0.214609	0.309766	0.066848	0.155942	0.008729	0.244107	0.225112	0.079392	0.153683	0.082185	0.363770	0.095857	1,2,3,1,3,3	71.260049	0.276859	1.592446	0.835589	0.276859	0.835589	0.835589	
299000	-117855	1,2,3,1,4,5	69.821288	3.832675	5.710051	4.938755	3.832675	6.166823	5.328909	1,1,2,3,1,2	71.419787	0.273459	0.085403	0.438041	0.203097	0.273459	0.085403	0.438041	0.203097	0.080233	0.153136	0.194111	0.572521	0.507364	0.441313	0.029129	0.022193	0.273459	0.085403	0.438041	0.203097	0.080233	0.153136	0.194111	0.572521	1,2,3,4,5,1	72.837451	0.099299	0.075413	0.338880	0.029535	0.332366	0.124507	0.190337	0.152097	0.126713	0.167176	0.020800	0.342877	0.090287	0.416073	0.118466	0.181152	0.040022	0.153999	0.041258	0.257522	0.086118	0.477542	0.091370	0.046190	0.119972	0.396031	0.044381	0.156114	0.261366	0.022136	0.099299	0.075413	0.338880	0.029535	0.332366	0.124507	1,2,3,4,2,5	71.671650	0.404960	1.191904	0.929738	0.238105	1.191904	0.987351	
300000	-115848	1,2,3,1,4,3	73.167775	4.289554	5.599221	5.196777	4.289554	6.751719	5.196777	1,2,3,1,2,4	70.732024	0.538793	0.207217	0.083336	0.170654	0.352246	0.046604	0.483054	0.118095	0.246162	0.143314	0.224696	0.385827	0.538793	0.207217	0.083336	0.170654	0.352246	0.046604	0.483054	0.118095	0.210214	0.099695	0.059805	0.630286	1,2,2,2,3,4	71.204685	0.066272	0.014035	0.300072	0.197222	0.232332	0.190067	0.066544	0.117385	0.108103	0.265781	0.126189	0.315998	0.066544	0.117385	0.108103	0.265781	0.126189	0.315998	0.066544	0.117385	0.108103	0.265781	0.126189	0.315998	0.415850	0.381691	0.112018	0.042934	0.006359	0.041148	0.200038	0.039253	0.090635	0.160307	0.306050	0.203716	1,2,3,4,5,6	71.162801	0.263329	3.006849	0.803248	0.236373	0.969321	1.015659	
301000	-117406	1,1,2,1,3,4	71.363688	4.106215	4.106215	5.747586	4.106215	6.506923	5.603849	1,2,3,1,2,4	70.682572	0.466678	0.320593	0.081583	0.131146	0.441572	0.148699	0.366015	0.043714	0.176793	0.160897	0.151536	0.510775	0.466678	0.320593	0.081583	0.131146	0.441572	0.148699	0.366015	0.043714	0.281226	0.347756	0.036058	0.334960	1,2,3,2,4,5	71.424807	0.026778	0.045046	0.343276	0.067496	0.049234	0.468170	0.082817	0.129075	0.159836	0.153850	0.125648	0.348773	0.080908	0.239544	0.039227	0.296788	0.189050	0.154484	0.082817	0.129075	0.159836	0.153850	0.125648	0.348773	0.064999	0.365337	0.164760	0.142486	0.194746	0.067671	0.060634	0.165481	0.141440	0.207927	0.244100	0.180418	1,2,3,4,3,3	72.630172	0.316830	2.106679	0.898149	0.183753	0.898149	0.898149	
302000	-116926	1,2,3,4,5,6	69.536050	5.650404	5.976241	5.395277	5.348298	5.976848	6.153787	1,2,3,1,4,5	70.436442	0.417529	0.133559	0.136106	0.312806	0.122647	0.085492	0.662586	0.129275	0.386419	0.104586	0.225632	0.283363	0.417529	0.133559	0.136106	0.312806	0.461364	0.094640	0.312022	0.131974	0.121575	0.298962	0.098598	0.480866	1,2,2,2,3,1	73.018891	0.081607	0.096673	0.405044	0.049022	0.252770	0.114884	0.150507	0.125961	0.079487	0.231079	0.117747	0.295219	0.150507	0.125961	0.079487	0.231079	0.117747	0.295219	0.150507	0.125961	0.079487	0.231079	0.117747	0.295219	0.088068	0.182216	0.215520	0.423316	0.082432	0.008448	0.081607	0.096673	0.405044	0.049022	0.252770	0.114884	1,2,3,1,3,4	70.232564	0.282477	3.004653	0.862342	0.282477	0.862342	0.972666	
303000	-117534	1,2,3,2,4,5	69.816252	6.205330	4.614094	5.832964	4.614094	5.814000	5.734928	1,2,3,4,5,6	71.032784	0.311092	0.197806	0.108913	0.382188	0.042751	0.140142	0.572552	0.244555	0.261841	0.052800	0.188140	0.497219	0.496972	0.183221	0.068744	0.251063	0.507126	0.105448	0.231584	0.155842	0.223568	0.232399	0.019548	0.524485	1,2,2,3,4,3	72.163432	0.031083	0.079363	0.658244	0.101818	0.028387	0.101105	0.075630	0.207144	0.304465	0.173016	0.026809	0.212936	0.075630	0.207144	0.304465	0.173016	0.026809	0.212936	0.050259	0.153141	0.077992	0.358422	0.172799	0.187387	0.023288	0.238769	0.096863	0.230703	0.320658	0.089718	0.050259	0.153141	0.077992	0.358422	0.172799	0.187387	1,2,3,4,5,5	71.066619	0.407295	2.196180	0.871588	0.183834	1.025645	1.025645	
304000	-116459	1,2,1,3,4,5	71.652606	4.686423	5.836955	4.686423	5.071238	6.398568	6.168672	1,2,3,1,2,4	73.767878	0.509491	0.208295	0.085472	0.196742	0.301817	0.082328	0.538777	0.077079	0.415049	0.046884	0.146825	0.391242	0.509491	0.208295	0.085472	0.196742	0.301817	0.082328	0.538777	0.077079	0.269027	0.280123	0.097864	0.352986	1,2,2,2,3,1	72.036956	0.090517	0.035590	0.371406	0.114681	0.270804	0.117003	0.045546	0.106220	0.171342	0.190252	0.071067	0.415572	0.045546	0.106220	0.171342	0.190252	0.071067	0.415572	0.045546	0.106220	0.171342	0.190252	0.071067	0.415572	0.098152	0.187990	0.088795	0.262291	0.215765	0.147006	0.090517	0.035590	0.371406	0.114681	0.270804	0.117003	1,2,3,1,3,3	72.629051	0.227338	1.755672	0.927310	0.227338	0.927310	0.927310	
305000	-114838	1,2,3,1,4,5	69.557322	4.161015	5.161474	6.066409	4.161015	6.759456	5.905679	1,2,3,4,2,1	71.120708	0.243859	0.320330	0.053237	0.382573	0.454552	0.083751	0.378621	0.083077	0.179186	0.101794	0.300830	0.418190	0.610847	0.168586	0.054903	0.165664	0.454552	0.083751	0.378621	0.083077	0.243859	0.320330	0.053237	0.382573	1,2,3,4,3,2	70.932977	0.084972	0.104807	0.464980	0.145318	0.030835	0.169087	0.054355	0.058892	0.164328	0.099806	0.217445	0.405174	0.067238	0.315663	0.078645	0.325446	0.092205	0.120803	0.081030	0.121034	0.134987	0.329704	0.249393	0.083853	0.067238	0.315663	0.078645	0.325446	0.092205	0.120803	0.054355	0.058892	0.164328	0.099806	0.217445	0.405174	1,2,3,4,5,6	70.255734	0.283271	1.272066	0.876124	0.206570	0.971026	0.923792	
306000	-117739	1,2,3,4,5,4	71.346718	6.745413	5.463220	5.131326	4.801548	6.646601	4.801548	1,2,3,1,2,1	72.813157	0.543922	0.109361	0.075227	0.271491	0.412332	0.039633	0.402305	0.145729	0.467018	0.047462	0.144699	0.340820	0.543922	0.109361	0.075227	0.271491	0.412332	0.039633	0.402305	0.145729	0.543922	0.109361	0.075227	0.271491	1,2,2,3,4,5	71.487891	0.058984	0.246489	0.448144	0.017514	0.221964	0.006906	0.227632	0.215155	0.095250	0.154137	0.014376	0.293450	0.227632	0.215155	0.095250	0.154137	0.014376	0.293450	0.086250	0.099748	0.048083	0.526212	0.015546	0.224162	0.091537	0.306250	0.100574	0.345275	0.112829	0.043534	0.107375	0.104463	0.110940	0.172112	0.404589	0.100521	1,2,3,4,5,6	72.355456	0.426721	2.256956	0.806062	0.185402	0.887272	1.259082	
307000	-115992	1,2,3,4,5,6	70.287888	6.164041	6.596601	5.620104	5.392635	5.759552	5.863221	1,2,3,4,4,5	71.360455	0.309312	0.218812	0.126160	0.345715	0.295803	0.007937	0.508957	0.187303	0.126468	0.052989	0.294625	0.525918	0.421017	0.205972	0.292922	0.080088	0.421017	0.205972	0.292922	0.080088	0.138721	0.305518	0.123418	0.432344	1,2,3,1,4,2	70.884097	0.134031	0.042606	0.633939	0.075365	0.097686	0.016374	0.047012	0.075511	0.251713	0.082983	0.194497	0.348286	0.303270	0.160218	0.122658	0.241908	0.011603	0.160343	0.134031	0.042606	0.633939	0.075365	0.097686	0.016374	0.087711	0.257480	0.193098	0.123236	0.113922	0.224552	0.047012	0.075511	0.251713	0.082983	0.194497	0.348286	1,2,3,4,5,3	72.113830	0.227783	1.458348	0.842139	0.213627	0.815064	0.842139	
308000	-117474	1,2,2,1,2,3	70.495314	4.864708	5.614900	5.614900	4.864708	5.614900	6.002338	1,2,2,1,3,4	72.184182	0.522154	0.194707	0.096463	0.186676	0.180017	0.028659	0.603864	0.187459	0.180017	0.028659	0.603864	0.187459	0.522154	0.194707	0.096463	0.186676	0.376594	0.271232	0.182004	0.170169	0.302870	0.295483	0.091767	0.309881	1,2,3,2,4,4	71.526926	0.151567	0.109912	0.321205	0.052170	0.057637	0.307509	0.054097	0.152852	0.143503	0.428912	0.061498	0.159137	0.039130	0.208837	0.157532	0.451949	0.073830	0.068722	0.054097	0.152852	0.143503	0.428912	0.061498	0.159137	0.078255	0.243921	0.156096	0.209644	0.188825	0.123260	0.078255	0.243921	0.156096	0.209644	0.188825	0.123260	1,2,3,4,5,3	72.225958	0.278582	2.190709	1.047257	0.237522	1.086512	1.047257	
309000	-116646	1,2,1,1,3,4	70.162115	4.990303	5.429371	4.990303	4.990303	6.488577	5.978817	1,2,2,3,4,1	71.824366	0.393489	0.249570	0.039412	0.317529	0.229804	0.074702	0.414651	0.280843	0.229804	0.074702	0.414651	0.280843	0.311609	0.292513	0.202044	0.193833	0.220716	0.232193	0.302707	0.244385	0.393489	0.249570	0.039412	0.317529	1,2,1,3,4,2	70.437391	0.083688	0.100421	0.279940	0.294875	0.140027	0.101049	0.080297	0.127973	0.084577	0.153835	0.281173	0.272145	0.083688	0.100421	0.279940	0.294875	0.140027	0.101049	0.137703	0.021576	0.104955	0.312294	0.041855	0.381618	0.052901	0.600660	0.091263	0.136204	0.025453	0.093520	0.080297	0.127973	0.084577	0.153835	0.281173	0.272145	1,2,3,4,5,6	70.413887	0.387855	2.072467	0.606691	0.272551	1.217349	0.901970	
310000	-116405	1,2,3,1,4,5	72.560924	4.364981	5.444643	5.661489	4.364981	6.444029	6.106229	1,2,3,1,4,5	72.150671	0.478769	0.127174	0.224764	0.169294	0.223772	0.097669	0.514340	0.164219	0.067771	0.083828	0.137434	0.710967	0.478769	0.127174	0.224764	0.169294	0.401133	0.201433	0.348683	0.048752	0.174661	0.239032	0.084604	0.501702	1,2,3,1,3,1	72.156856	0.170361	0.036627	0.349901	0.072045	0.240080	0.130986	0.082061	0.330421	0.132428	0.147239	0.041579	0.266272	0.158998	0.277315	0.054184	0.280020	0.111443	0.118041	0.170361	0.036627	0.349901	0.072045	0.240080	0.130986	0.158998	0.277315	0.054184	0.280020	0.111443	0.118041	0.170361	0.036627	0.349901	0.072045	0.240080	0.130986	1,2,3,4,5,6	71.626495	0.304518	2.237512	0.849720	0.245435	1.015697	0.987057	
311000	-115958	1,2,3,3,4,5	72.325499	5.719939	5.437691	4.823728	4.823728	6.815075	6.275925	1,2,3,4,3,5	71.102592	0.421166	0.190280	0.097898	0.290656	0.323323	0.045630	0.568658	0.062390	0.311732	0.114128	0.376950	0.197189	0.422149	0.229929	0.224543	0.123379	0.311732	0.114128	0.376950	0.197189	0.225413	0.290197	0.051962	0.432429	1,2,2,3,4,3	70.419987	0.125542	0.020048	0.521275	0.113760	0.120492	0.098884	0.045874	0.119286	0.310330	0.186221	0.041403	0.296886	0.045874	0.119286	0.310330	0.186221	0.041403	0.296886	0.077100	0.048898	0.212173	0.105694	0.343766	0.212369	0.121283	0.555828	0.023335	0.060953	0.079714	0.158887	0.077100	0.048898	0.212173	0.105694	0.343766	0.212369	1,2,3,1,4,4	72.219032	0.218067	2.782270	0.582740	0.218067	1.104703	1.104703	
312000	-115852	1,1,2,3,4,5	70.545894	5.487733	5.487733	5.444666	6.160278	6.128607	6.001006	1,2,3,4,2,5	71.165881	0.396280	0.144913	0.171997	0.286810	0.461187	0.054544	0.388999	0.095271	0.107252	0.021804	0.213118	0.657826	0.481482	0.314868	0.089310	0.114340	0.461187	0.054544	0.388999	0.095271	0.234298	0.360987	0.088895	0.315819	1,2,3,4,3,5	71.769032	0.517107	0.011333	0.300112	0.135597	0.003465	0.032386	0.033327	0.120114	0.025235	0.165726	0.020360	0.635238	0.256255	0.227176	0.143907	0.305781	0.027258	0.039623	0.040743	0.041914	0.475019	0.208362	0.163803	0.070159	0.256255	0.227176	0.143907	0.305781	0.027258	0.039623	0.171531	0.088205	0.373411	0.110723	0.160189	0.095941	1,2,3,4,5,6	70.182596	0.246712	2.370237	0.810662	0.198009	0.923245	0.962702	
313000	-118057	1,2,3,4,5,6	72.463996	5.286177	6.068780	6.209687	5.030321	6.566924	6.769938	1,2,3,4,2,3	70.673524	0.419026	0.149231	0.210553	0.221191	0.404555	0.108194	0.404393	0.082859	0.140893	0.296709	0.074680	0.487718	0.508833	0.378791	0.032792	0.079584	0.404555	0.108194	0.404393	0.082859	0.140893	0.296709	0.074680	0.487718	1,2,3,2,4,2	70.781396	0.059703	0.086962	0.177534	0.527106	0.002187	0.146509	0.077313	0.045711	0.165228	0.071481	0.361794	0.278473	0.001713	0.399173	0.129880	0.297605	0.014462	0.157168	0.077313	0.045711	0.165228	0.071481	0.361794	0.278473	0.084315	0.339823	0.017324	0.151806	0.268076	0.138656	0.077313	0.045711	0.165228	0.071481	0.361794	0.278473	1,2,3,4,5,5	72.564408	0.268637	1.707687	0.907435	0.205578	0.928118	0.928118	
314000	-118382	1,2,3,4,5,6	70.738770	5.579945	5.509517	5.466105	5.587229	5.871582	6.094187	1,2,1,3,4,1	71.815999	0.250122	0.164728	0.128386	0.456763	0.403258	0.036953	0.335055	0.224733	0.250122	0.164728	0.128386	0.456763	0.165542	0.383004	0.215158	0.236296	0.480373	0.096407	0.344761	0.078459	0.250122	0.164728	0.128386	0.456763	1,2,3,2,3,4	70.789478	0.016855	0.023111	0.349672	0.279133	0.066804	0.264425	0.030240	0.149331	0.099179	0.341704	0.161933	0.217613	0.151534	0.187571	0.088450	0.340595	0.080164	0.151685	0.030240	0.149331	0.099179	0.341704	0.161933	0.217613	0.151534	0.187571	0.088450	0.340595	0.080164	0.151685	0.086581	0.030507	0.205371	0.031282	0.556117	0.090141	1,2,3,1,3,3	71.570616	0.293292	1.255512	0.851716	0.293292	0.851716	0.851716	
315000	-116362	1,2,3,4,5,3	70.423463	5.641493	5.707517	5.148298	4.876268	5.622296	5.148298	1,2,3,4,5,6	72.982957	0.434938	0.216016	0.083159	0.265887	0.251778	0.063841	0.507757	0.176624	0.118182	0.169346	0.144714	0.567758	0.538944	0.239239	0.159206	0.062611	0.388125	0.173457	0.224258	0.214160	0.041214	0.192251	0.057208	0.709326	1,2,3,4,3,5	71.559142	0.116125	0.059109	0.418769	0.083593	0.139011	0.183393	0.108270	0.154261	0.340773	0.072233	0.046869	0.277594	0.035881	0.532121	0.097112	0.132625	0.085853	0.116409	0.060902	0.114906	0.151192	0.222372	0.315612	0.135016	0.035881	0.532121	0.097112	0.132625	0.085853	0.116409	0.108424	0.473042	0.093775	0.063835	0.056934	0.203990	1,2,3,4,5,3	71.141195	0.241056	2.662234	1.055506	0.174892	1.060528	1.055506	
316000	-117265	1,2,3,1,4,5	70.356833	4.868027	4.987037	4.904566	4.868027	5.541621	5.616241	1,2,1,3,4,5	72.190975	0.302662	0.167198	0.244869	0.285271	0.423628	0.032133	0.337744	0.206495	0.302662	0.167198	0.244869	0.285271	0.592273	0.199277	0.106085	0.102366	0.379013	0.276600	0.221350	0.123037	0.306328	0.301345	0.112926	0.279401	1,2,3,4,2,4	70.873301	0.309347	0.056615	0.318261	0.076490	0.144054	0.095232	0.068167	0.258135	0.096861	0.326299	0.001081	0.249457	0.014832	0.259521	0.200123	0.207070	0.059494	0.258959	0.046195	0.036099	0.211513	0.113784	0.291944	0.300466	0.068167	0.258135	0.096861	0.326299	0.001081	0.249457	0.046195	0.036099	0.211513	0.113784	0.291944	0.300466	1,2,3,1,4,5	70.720187	0.309884	2.185962	0.854446	0.309884	0.985453	0.994870	
317000	-117480	1,2,3,4,5,6	72.877550	4.549583	5.946165	5.478196	4.929132	6.235494	6.387843	1,2,3,4,2,3	72.061532	0.595968	0.141943	0.018897	0.243191	0.325137	0.071406	0.498513	0.104944	0.284739	0.132545	0.220878	0.361839	0.505243	0.140535	0.149621	0.204601	0.325137	0.071406	0.498513	0.104944	0.284739	0.132545	0.220878	0.361839	1,2,3,4,3,5	69.609284	0.137313	0.349883	0.247396	0.097372	0.144753	0.023283	0.159089	0.065836	0.323306	0.070492	0.024246	0.357030	0.265698	0.249659	0.056702	0.243054	0.054480	0.130406	0.059934	0.325765	0.114936	0.049008	0.321145	0.129212	0.265698	0.249659	0.056702	0.243054	0.054480	0.130406	0.175797	0.045836	0.317838	0.016991	0.316703	0.126835	1,2,3,4,5,6	73.960112	0.279267	2.034091	1.047111	0.177394	1.185226	0.993754	
318000	-117902	1,2,3,1,4,5	72.522098	5.043571	5.502323	5.657006	5.043571	6.465819	5.777771	1,2,3,1,2,4	71.756631	0.440453	0.251021	0.036060	0.272466	0.391810	0.122603	0.356065	0.129522	0.294661	0.089277	0.212706	0.403356	0.440453	0.251021	0.036060	0.272466	0.391810	0.122603	0.356065	0.129522	0.299818	0.096135	0.114179	0.489869	1,2,2,3,4,4	71.613669	0.147286	0.104098	0.504212	0.018667	0.014298	0.211438	0.264902	0.090253	0.128556	0.163436	0.039791	0.313061	0.264902	0.090253	0.128556	0.163436	0.039791	0.313061	0.058559	0.051578	0.264842	0.404460	0.149940	0.070621	0.194931	0.264511	0.084924	0.105084	0.202711	0.147839	0.194931	0.264511	0.084924	0.105084	0.202711	0.147839	1,2,3,1,4,5	69.557565	0.290015	2.567354	0.828756	0.290015	0.863271	0.998562	
319000	-116320	1,2,3,4,5,6	71.391786	6.247004	5.825577	5.742341	5.429925	6.349597	5.910212	1,2,3,4,4,1	70.464439	0.411096	0.148315	0.086035	0.354555	0.169127	0.127598	0.524649	0.178626	0.171884	0.009760	0.358718	0.459638	0.434329	0.079859	0.418058	0.067754	0.434329	0.079859	0.418058	0.067754	0.411096	0.148315	0.086035	0.354555	1,1,2,3,4,5	72.361482	0.040845	0.148637	0.192281	0.213369	0.086964	0.317905	0.040845	0.148637	0.192281	0.213369	0.086964	0.317905	0.153040	0.248939	0.099109	0.266113	0.066781	0.166019	0.072050	0.017524	0.249976	0.043331	0.202118	0.415002	0.248174	0.204478	0.125829	0.347030	0.054515	0.019975	0.064800	0.041357	0.067271	0.038563	0.281705	0.506304	1,2,3,4,5,6	74.092383	0.305830	2.029218	0.701165	0.124223	0.940938	0.866770	
320000	-117125	1,2,3,1,4,5	71.391527	4.072406	5.331570	5.317437	4.072406	6.493429	5.573710	1,2,3,4,2,5	71.893882	0.295386	0.104890	0.154422	0.445302	0.400175	0.153061	0.318860	0.127905	0.108513	0.006413	0.245675	0.639399	0.575223	0.152062	0.202257	0.070457	0.400175	0.153061	0.318860	0.127905	0.171386	0.461873	0.028052	0.338689	1,2,3,4,3,2	71.335719	0.298224	0.030409	0.234624	0.193341	0.160099	0.083303	0.106256	0.086437	0.217001	0.236986	0.135559	0.217760	0.054352	0.360226	0.188485	0.227177	0.030124	0.139635	0.139061	0.067443	0.179760	0.104958	0.423294	0.085484	0.054352	0.360226	0.188485	0.227177	0.030124	0.139635	0.106256	0.086437	0.217001	0.236986	0.135559	0.217760	1,2,3,4,5,3	70.574431	0.277600	3.129344	0.933439	0.229200	0.981190	0.933439	
321000	-118010	1,2,3,4,3,5	69.605528	6.030507	5.229005	7.062521	5.393564	7.062521	6.209779	1,2,3,4,2,5	70.428838	0.359091	0.233401	0.052746	0.354761	0.468762	0.083537	0.352248	0.095453	0.117011	0.199587	0.510344	0.173059	0.248276	0.425367	0.287117	0.039239	0.468762	0.083537	0.352248	0.095453	0.298138	0.259940	0.066548	0.375374	1,2,3,4,3,2	70.653064	0.050821	0.040746	0.381675	0.356886	0.030394	0.139477	0.080226	0.065621	0.162515	0.019934	0.319722	0.351982	0.269656	0.218936	0.157088	0.096609	0.120694	0.137017	0.046106	0.009846	0.293775	0.161260	0.224947	0.264067	0.269656	0.218936	0.157088	0.096609	0.120694	0.137017	0.080226	0.065621	0.162515	0.019934	0.319722	0.351982	1,2,3,4,5,6	72.656827	0.209624	2.756680	0.493354	0.176254	1.060764	1.086355	
322000	-119078	1,2,3,4,5,6	72.444809	4.914396	7.060388	6.328459	4.938035	7.120398	6.625688	1,2,3,1,4,1	71.239933	0.243781	0.333546	0.099316	0.323357	0.325225	0.072841	0.462476	0.139458	0.284109	0.061507	0.467980	0.186404	0.243781	0.333546	0.099316	0.323357	0.341771	0.087423	0.437044	0.133762	0.243781	0.333546	0.099316	0.323357	1,2,2,3,4,3	70.670271	0.100927	0.011162	0.382071	0.471958	0.028465	0.005416	0.019737	0.058348	0.030822	0.566616	0.187325	0.137151	0.019737	0.058348	0.030822	0.566616	0.187325	0.137151	0.026690	0.119614	0.152892	0.179901	0.274249	0.246654	0.210486	0.458427	0.088512	0.075979	0.080954	0.085642	0.026690	0.119614	0.152892	0.179901	0.274249	0.246654	1,2,3,1,4,4	72.291334	0.207417	1.893029	0.541896	0.207417	0.956849	0.956849	
323000	-117347	1,2,3,4,5,6	70.514133	5.104794	5.635519	6.478161	5.066428	6.848273	5.569495	1,2,3,4,5,1	71.360459	0.512553	0.206340	0.067431	0.213676	0.281442	0.113937	0.416417	0.188205	0.045003	0.160391	0.273020	0.521586	0.467389	0.209413	0.181728	0.141471	0.326452	0.236929	0.321630	0.114989	0.512553	0.206340	0.067431	0.213676	1,2,3,2,4,2	72.728471	0.013805	0.158800	0.366233	0.309959	0.079564	0.071639	0.051871	0.117337	0.195572	0.105051	0.131529	0.398641	0.004726	0.332630	0.091842	0.352220	0.072646	0.145937	0.051871	0.117337	0.195572	0.105051	0.131529	0.398641	0.002395	0.493642	0.132314	0.271586	0.080998	0.019064	0.051871	0.117337	0.195572	0.105051	0.131529	0.398641	1,2,3,4,5,3	71.523995	0.285008	2.893035	0.836002	0.254314	1.076872	0.836002	
324000	-115268	1,2,3,4,5,6	71.072379	5.961683	5.938185	5.652895	4.565080	6.273806	5.682782	1,2,3,1,2,1	70.742874	0.484543	0.223616	0.049354	0.242487	0.270293	0.054294	0.446033	0.229379	0.145346	0.124668	0.301602	0.428383	0.484543	0.223616	0.049354	0.242487	0.270293	0.054294	0.446033	0.229379	0.484543	0.223616	0.049354	0.242487	1,2,3,4,5,4	69.800869	0.031546	0.033635	0.514204	0.154871	0.091207	0.174537	0.100057	0.125152	0.071653	0.350354	0.143074	0.209709	0.023187	0.145882	0.317017	0.267770	0.071952	0.174193	0.028190	0.191528	0.079917	0.318776	0.142506	0.239084	0.343499	0.261622	0.026293	0.301787	0.056231	0.010569	0.028190	0.191528	0.079917	0.318776	0.142506	0.239084	1,2,3,4,5,6	71.277755	0.303376	2.418365	0.883142	0.209909	1.196683	0.991960	
325000	-116906	1,2,2,2,3,4	71.079394	5.271446	4.609897	4.609897	4.609897	6.018671	6.190123	1,2,3,4,5,6	70.457460	0.568322	0.105825	0.054271	0.271582	0.170575	0.075821	0.428659	0.324944	0.170359	0.285478	0.268992	0.275171	0.501788	0.329302	0.073844	0.095067	0.308409	0.263015	0.365634	0.062942	0.157047	0.219387	0.109616	0.513950	1,1,2,1,3,4	71.489925	0.058692	0.145312	0.267264	0.242649	0.041951	0.244132	0.058692	0.145312	0.267264	0.242649	0.041951	0.244132	0.085978	0.453819	0.125701	0.103605	0.002968	0.227928	0.058692	0.145312	0.267264	0.242649	0.041951	0.244132	0.178150	0.390198	0.045412	0.068058	0.309196	0.008986	0.070509	0.159318	0.098027	0.407295	0.095844	0.169007	1,2,3,4,3,5	70.074190	0.329516	1.921328	0.918893	0.264554	0.918893	1.022198	
326000	-117447	1,2,3,3,2,4	69.591525	5.893989	6.218061	4.518219	4.518219	6.218061	5.730470	1,2,3,4,5,6	69.594992	0.415564	0.211714	0.192617	0.180104	0.191659	0.095492	0.501722	0.211126	0.327555	0.139087	0.231389	0.301969	0.812929	0.105903	0.033212	0.047956	0.465635	0.094860	0.327591	0.111913	0.051945	0.295241	0.094628	0.558186	1,2,2,3,4,5	71.467852	0.039049	0.008243	0.648872	0.079632	0.067889	0.156316	0.056868	0.200155	0.117323	0.155174	0.021233	0.449246	0.056868	0.200155	0.117323	0.155174	0.021233	0.449246	0.045687	0.134506	0.292870	0.294600	0.223581	0.008756	0.007431	0.320760	0.137551	0.129408	0.281017	0.123834	0.033810	0.194710	0.051644	0.300588	0.117003	0.302245	1,2,3,4,5,5	71.873782	0.346043	1.988004	0.712266	0.198488	0.951909	0.951909	
327000	-117622	1,2,3,4,5,6	71.515221	6.315986	5.941487	5.785547	5.973079	5.534580	4.758015	1,2,3,4,5,5	71.479819	0.535268	0.065592	0.107936	0.291204	0.168871	0.089038	0.511487	0.230604	0.274503	0.090068	0.321312	0.314118	0.423427	0.396702	0.125028	0.054844	0.223685	0.192109	0.343568	0.240637	0.223685	0.192109	0.343568	0.240637	1,2,3,4,5,6	71.549274	0.149332	0.129357	0.434551	0.214760	0.007426	0.064574	0.006712	0.260203	0.073837	0.410955	0.079147	0.169146	0.046522	0.252811	0.286547	0.153085	0.125103	0.135932	0.017367	0.393767	0.094733	0.278262	0.087109	0.128761	0.124954	0.520780	0.067741	0.074923	0.022042	0.189559	0.168113	0.002753	0.198886	0.133669	0.461038	0.035541	1,2,3,4,5,5	71.436251	0.226457	2.169934	0.808120	0.174497	0.953250	0.953250	
328000	-117317	1,2,3,4,5,3	71.241334	5.842010	5.941785	5.531021	5.057592	6.153714	5.531021	1,2,2,1,3,4	71.238332	0.401616	0.192587	0.089340	0.316456	0.176074	0.017014	0.457807	0.349105	0.176074	0.017014	0.457807	0.349105	0.401616	0.192587	0.089340	0.316456	0.376771	0.063607	0.508209	0.051412	0.245163	0.431590	0.027595	0.295651	1,2,3,2,4,5	72.272305	0.078809	0.026606	0.400425	0.321500	0.077796	0.094863	0.010453	0.123705	0.214365	0.202056	0.241047	0.208374	0.036713	0.140784	0.123536	0.451867	0.040294	0.206805	0.010453	0.123705	0.214365	0.202056	0.241047	0.208374	0.087575	0.481817	0.042235	0.125372	0.208555	0.054446	0.031794	0.160017	0.181505	0.093191	0.237427	0.296066	1,2,3,1,4,5	69.800633	0.197719	2.273575	0.747748	0.197719	0.916832	0.968809	
329000	-115385	1,2,3,4,5,6	70.583480	5.968105	5.718378	5.651906	5.288313	6.656353	5.747011	1,2,3,4,5,6	72.236814	0.387934	0.219662	0.109510	0.282895	0.194986	0.070585	0.532258	0.202170	0.129457	0.138087	0.343880	0.388575	0.625392	0.073089	0.136124	0.165395	0.326447	0.063749	0.501919	0.107885	0.407302	0.238144	0.023332	0.331222	1,2,3,4,5,4	69.979658	0.058687	0.111267	0.531073	0.224216	0.041115	0.033641	0.076670	0.212671	0.111441	0.296224	0.008019	0.294975	0.005920	0.325980	0.369220	0.104734	0.059338	0.134808	0.061872	0.117982	0.152674	0.241654	0.238840	0.186977	0.056138	0.235511	0.139758	0.270145	0.274417	0.024031	0.061872	0.117982	0.152674	0.241654	0.238840	0.186977	1,2,3,1,4,4	72.305394	0.266114	2.122637	0.509331	0.266114	0.980476	0.980476	
330000	-116510	1,1,2,3,4,5	71.039627	4.906095	4.906095	5.216947	5.645886	6.020911	6.115258	1,2,3,4,5,6	71.247148	0.437232	0.040912	0.128717	0.393138	0.250379	0.017737	0.614529	0.117355	0.279003	0.049595	0.237541	0.433862	0.448471	0.305687	0.029800	0.216041	0.226897	0.098392	0.546040	0.128671	0.180992	0.259768	0.055152	0.504087	1,2,3,4,3,5	71.459126	0.123477	0.047331	0.470633	0.277756	0.048751	0.032052	0.090621	0.197829	0.032807	0.281772	0.135587	0.261384	0.253351	0.269228	0.050075	0.195269	0.012489	0.219587	0.010709	0.245663	0.210198	0.044239	0.277847	0.211344	0.253351	0.269228	0.050075	0.195269	0.012489	0.219587	0.124283	0.182250	0.061777	0.205411	0.185678	0.240601	1,2,3,4,5,6	71.458948	0.235515	2.223612	0.896392	0.180217	1.047435	0.966842	
331000	-116816	1,2,3,3,4,5	71.254766	4.777368	5.956140	4.677890	4.677890	5.619166	5.667021	1,2,1,3,2,1	72.820616	0.254470	0.122004	0.107004	0.516522	0.284370	0.050353	0.492197	0.173080	0.254470	0.122004	0.107004	0.516522	0.396637	0.378583	0.145011	0.079769	0.284370	0.050353	0.492197	0.173080	0.254470	0.122004	0.107004	0.516522	1,2,2,3,4,3	70.435617	0.059908	0.098527	0.228859	0.336714	0.110592	0.165399	0.006383	0.129517	0.135935	0.244561	0.069057	0.414546	0.006383	0.129517	0.135935	0.244561	0.069057	0.414546	0.069728	0.072859	0.211144	0.258262	0.228193	0.159815	0.443904	0.163709	0.173546	0.157901	0.045222	0.015718	0.069728	0.072859	0.211144	0.258262	0.228193	0.159815	1,2,3,4,3,3	71.932685	0.384763	3.386105	0.897106	0.271463	0.897106	0.897106	
332000	-117122	1,2,3,3,4,5	72.588731	6.439972	5.818084	4.652340	4.652340	6.395991	5.772112	1,2,2,3,4,1	73.092157	0.429120	0.236799	0.039656	0.294425	0.285772	0.008684	0.449087	0.256457	0.285772	0.008684	0.449087	0.256457	0.357327	0.429987	0.106363	0.106324	0.509890	0.283346	0.159597	0.047168	0.429120	0.236799	0.039656	0.294425	1,2,2,3,4,5	71.147852	0.091156	0.051424	0.597592	0.013381	0.084738	0.161710	0.106904	0.067089	0.042790	0.471510	0.232505	0.079201	0.106904	0.067089	0.042790	0.471510	0.232505	0.079201	0.053716	0.122708	0.318368	0.131942	0.161165	0.212100	0.062189	0.312072	0.048286	0.104108	0.364731	0.108613	0.041483	0.285569	0.066768	0.064477	0.269196	0.272507	1,2,3,4,5,6	71.038973	0.300515	2.341577	0.821924	0.206833	0.869283	0.828732	
333000	-116079	1,2,3,1,4,5	71.702643	5.067711	6.068647	5.806257	5.067711	6.787336	5.122992	1,2,3,1,2,4	71.763772	0.429056	0.215644	0.185851	0.169449	0.310261	0.060446	0.531054	0.098238	0.115484	0.082633	0.257382	0.544500	0.429056	0.215644	0.185851	0.169449	0.310261	0.060446	0.531054	0.098238	0.101584	0.617223	0.094226	0.186967	1,2,3,4,5,6	73.158947	0.090468	0.035331	0.630564	0.090328	0.067719	0.085589	0.054631	0.077113	0.174501	0.146528	0.022437	0.524790	0.096380	0.435259	0.217808	0.155799	0.022405	0.072349	0.037807	0.189666	0.093817	0.143028	0.109251	0.426431	0.300563	0.295863	0.065046	0.144336	0.191592	0.002600	0.147682	0.095318	0.436645	0.070337	0.205498	0.044519	1,2,3,4,5,3	72.017775	0.287725	1.909138	0.865866	0.185507	0.960532	0.865866	
334000	-115905	1,2,3,3,4,5	69.984634	5.816057	5.671759	5.066137	5.066137	6.055397	5.756640	1,2,3,1,4,5	71.122311	0.415077	0.250918	0.055390	0.278615	0.272293	0.074649	0.518352	0.134705	0.111543	0.227273	0.376926	0.284258	0.415077	0.250918	0.055390	0.278615	0.297282	0.115127	0.306393	0.281198	0.316466	0.155620	0.154781	0.373133	1,1,1,2,2,3	70.124586	0.033638	0.120148	0.315587	0.210342	0.023210	0.297075	0.033638	0.120148	0.315587	0.210342	0.023210	0.297075	0.033638	0.120148	0.315587	0.210342	0.023210	0.297075	0.095605	0.473587	0.106932	0.246792	0.064914	0.012170	0.095605	0.473587	0.106932	0.246792	0.064914	0.012170	0.069562	0.127961	0.238836	0.148687	0.345979	0.068974	1,2,3,1,4,5	71.975099	0.277463	3.159619	0.695450	0.277463	1.293723	1.186680	
335000	-118202	1,2,3,2,4,5	72.241708	5.474457	4.997711	5.601068	4.997711	6.153525	6.370904	1,2,3,1,3,4	71.402378	0.529416	0.175702	0.063442	0.231441	0.523114	0.012741	0.420588	0.043558	0.279000	0.066323	0.501780	0.152897	0.529416	0.175702	0.063442	0.231441	0.279000	0.066323	0.501780	0.152897	0.096823	0.363962	0.198844	0.340371	1,2,3,3,4,2	72.550411	0.043911	0.311636	0.341312	0.177873	0.083528	0.041740	0.146605	0.027553	0.141941	0.196034	0.336045	0.151821	0.109198	0.183431	0.163704	0.294159	0.146444	0.103063	0.109198	0.183431	0.163704	0.294159	0.146444	0.103063	0.457101	0.168606	0.036617	0.176236	0.142946	0.018495	0.146605	0.027553	0.141941	0.196034	0.336045	0.151821	1,2,3,1,4,3	70.758958	0.182316	1.780443	1.072745	0.182316	1.057377	1.072745	
336000	-115718	1,2,3,4,5,6	69.135983	4.679922	5.616115	5.754882	5.006802	6.245883	5.294267	1,2,3,1,4,1	71.231450	0.480826	0.209101	0.075171	0.234902	0.226981	0.063439	0.601622	0.107957	0.307989	0.122678	0.190606	0.378727	0.480826	0.209101	0.075171	0.234902	0.358632	0.139164	0.321459	0.180745	0.480826	0.209101	0.075171	0.234902	1,2,3,2,3,2	72.210220	0.068402	0.081090	0.565792	0.091976	0.052846	0.139895	0.049309	0.112276	0.147577	0.109434	0.226987	0.354418	0.163013	0.452407	0.094301	0.086893	0.082511	0.120874	0.049309	0.112276	0.147577	0.109434	0.226987	0.354418	0.163013	0.452407	0.094301	0.086893	0.082511	0.120874	0.049309	0.112276	0.147577	0.109434	0.226987	0.354418	1,2,3,1,4,5	72.522389	0.295486	2.059404	0.635697	0.295486	1.013467	0.971828	
337000	-118653	1,2,1,1,3,4	70.536705	4.439329	5.341012	4.439329	4.439329	6.255232	6.145727	1,2,3,1,2,1	71.324254	0.362957	0.336248	0.083212	0.217583	0.297592	0.110694	0.387680	0.204035	0.278814	0.134731	0.183059	0.403395	0.362957	0.336248	0.083212	0.217583	0.297592	0.110694	0.387680	0.204035	0.362957	0.336248	0.083212	0.217583	1,2,3,4,3,2	71.911034	0.215305	0.087066	0.348905	0.088368	0.226390	0.033966	0.072000	0.092318	0.146328	0.139084	0.287654	0.262615	0.196124	0.528820	0.111850	0.134799	0.010254	0.018154	0.040849	0.206883	0.176286	0.073835	0.200786	0.301361	0.196124	0.528820	0.111850	0.134799	0.010254	0.018154	0.072000	0.092318	0.146328	0.139084	0.287654	0.262615	1,2,3,1,4,4	70.662377	0.331228	2.359640	0.503010	0.331228	1.113109	1.113109	
338000	-116165	1,2,3,1,4,5	71.688207	5.496098	5.706624	5.761675	5.496098	6.656790	6.118881	1,2,3,4,4,3	71.941456	0.341470	0.279906	0.154105	0.224519	0.241904	0.102233	0.485861	0.170002	0.197157	0.191635	0.164158	0.447050	0.380812	0.123100	0.388963	0.107125	0.380812	0.123100	0.388963	0.107125	0.197157	0.191635	0.164158	0.447050	1,2,3,4,3,5	71.970205	0.030055	0.182080	0.413121	0.074192	0.186442	0.114110	0.109097	0.097000	0.196673	0.092502	0.262728	0.242000	0.135965	0.486923	0.084737	0.148776	0.022010	0.121589	0.170058	0.031324	0.333529	0.253147	0.109452	0.102490	0.135965	0.486923	0.084737	0.148776	0.022010	0.121589	0.136132	0.027097	0.175605	0.116118	0.339404	0.205645	1,2,3,1,4,4	72.296595	0.274703	2.416820	0.982978	0.274703	1.014358	1.014358	
339000	-115560	1,2,3,4,5,6	72.666320	5.685950	4.807950	5.909550	4.739892	6.182825	6.120108	1,2,3,4,5,6	71.137110	0.402068	0.228193	0.084390	0.285349	0.199999	0.076363	0.498258	0.225380	0.161886	0.051333	0.371832	0.414949	0.366909	0.343242	0.096220	0.193629	0.246827	0.178360	0.435346	0.139466	0.249447	0.196063	0.063135	0.491355	1,2,2,3,4,5	71.080762	0.124159	0.050334	0.572354	0.040785	0.027744	0.184623	0.217103	0.303917	0.092753	0.198753	0.058898	0.128575	0.217103	0.303917	0.092753	0.198753	0.058898	0.128575	0.063375	0.175458	0.176739	0.209901	0.172604	0.201923	0.088460	0.412070	0.050760	0.331530	0.112133	0.005045	0.080794	0.233029	0.159902	0.023938	0.181267	0.321070	1,2,3,4,5,3	71.774641	0.283652	1.501474	1.032140	0.164272	1.114160	1.032140	
340000	-116133	1,2,3,4,5,6	72.194538	5.461763	5.524437	6.548505	5.488036	6.277681	5.517169	1,2,3,1,2,4	70.167164	0.432512	0.274118	0.056128	0.237242	0.272213	0.076465	0.441562	0.209761	0.144730	0.041157	0.286109	0.528004	0.432512	0.274118	0.056128	0.237242	0.272213	0.076465	0.441562	0.209761	0.377035	0.307257	0.081422	0.234287	1,2,3,3,3,2	71.136793	0.172963	0.329133	0.343895	0.078306	0.058953	0.016749	0.091485	0.164706	0.114018	0.096565	0.174815	0.358411	0.020628	0.320181	0.079398	0.428829	0.106747	0.044218	0.020628	0.320181	0.079398	0.428829	0.106747	0.044218	0.020628	0.320181	0.079398	0.428829	0.106747	0.044218	0.091485	0.164706	0.114018	0.096565	0.174815	0.358411	1,2,3,4,5,6	70.465827	0.427044	2.531995	0.937979	0.230213	1.126024	0.943854	
341000	-115356	1,1,2,1,3,4	71.454174	5.094755	5.094755	6.170447	5.094755	6.774423	6.507017	1,2,3,4,5,6	70.634357	0.422391	0.091547	0.135337	0.350725	0.295444	0.029811	0.606376	0.068369	0.151265	0.087422	0.066559	0.694754	0.458485	0.213490	0.296037	0.031988	0.400946	0.110762	0.273833	0.214459	0.304025	0.287157	0.017830	0.390988	1,2,3,1,4,5	70.028385	0.122355	0.061023	0.393491	0.123423	0.138435	0.161272	0.042217	0.080529	0.113771	0.166727	0.266692	0.330063	0.132382	0.451448	0.130795	0.106490	0.054988	0.123897	0.122355	0.061023	0.393491	0.123423	0.138435	0.161272	0.053363	0.456511	0.074418	0.364806	0.036111	0.014791	0.070339	0.011526	0.177279	0.153844	0.201756	0.385256	1,2,3,4,5,3	72.672847	0.207363	3.361067	0.949862	0.232713	1.216561	0.949862	
342000	-117999	1,2,1,1,3,4	70.150016	4.715896	5.618327	4.715896	4.715896	6.222202	5.583036	1,1,2,3,1,2	71.957194	0.420396	0.091599	0.312235	0.175770	0.420396	0.091599	0.312235	0.175770	0.249661	0.217847	0.194306	0.338186	0.449464	0.327980	0.076765	0.145791	0.420396	0.091599	0.312235	0.175770	0.249661	0.217847	0.194306	0.338186	1,2,2,2,3,4	71.122064	0.111877	0.138635	0.428756	0.089455	0.224104	0.007172	0.032023	0.055950	0.143562	0.284428	0.029219	0.454818	0.032023	0.055950	0.143562	0.284428	0.029219	0.454818	0.032023	0.055950	0.143562	0.284428	0.029219	0.454818	0.201914	0.387038	0.040145	0.125655	0.220897	0.024352	0.279020	0.075225	0.065230	0.054408	0.269305	0.256813	1,2,3,4,5,6	72.230047	0.219669	2.346067	0.902374	0.145667	0.964877	0.899119	
343000	-117995	1,2,3,4,4,5	70.866400	5.404412	5.748051	6.109200	6.605087	6.605087	6.523595	1,2,3,1,2,4	72.099705	0.318041	0.453454	0.070580	0.157925	0.481077	0.082084	0.297949	0.138891	0.319720	0.056350	0.227434	0.396497	0.318041	0.453454	0.070580	0.157925	0.481077	0.082084	0.297949	0.138891	0.241765	0.122678	0.088122	0.547435	1,2,3,4,5,6	70.184287	0.012287	0.035091	0.495109	0.048059	0.051411	0.358044	0.033260	0.164485	0.388253	0.134779	0.015304	0.263920	0.145192	0.193086	0.028047	0.344658	0.079581	0.209437	0.003687	0.126539	0.212277	0.370260	0.132163	0.155074	0.058247	0.239238	0.004059	0.583831	0.055576	0.059049	0.298303	0.228497	0.117750	0.133602	0.150873	0.070975	1,2,3,1,3,4	71.049220	0.378871	2.515099	0.813706	0.378871	0.813706	0.885259	
344000	-115915	1,2,3,4,5,1	71.420311	5.990797	6.045764	5.434399	6.625595	6.166709	5.990797	1,2,3,4,2,3	72.426107	0.503520	0.132525	0.119849	0.244105	0.273298	0.084731	0.548021	0.093951	0.139341	0.134001	0.197644	0.529014	0.567989	0.221109	0.064393	0.146509	0.273298	0.084731	0.548021	0.093951	0.139341	0.134001	0.197644	0.529014	1,2,3,4,5,6	71.656574	0.055839	0.026986	0.489465	0.199837	0.087966	0.139907	0.043731	0.046490	0.377445	0.133903	0.111821	0.286610	0.013262	0.205354	0.229615	0.173068	0.119118	0.259582	0.038404	0.063571	0.418224	0.242854	0.182150	0.054797	0.190969	0.286691	0.082138	0.081083	0.230325	0.128794	0.091302	0.004386	0.247989	0.114368	0.277303	0.264652	1,2,3,4,5,5	71.524098	0.414507	2.700704	0.915588	0.134925	0.968832	0.968832	
345000	-116520	1,2,3,4,5,6	70.748441	5.907949	5.741751	5.635748	5.488335	6.713025	5.688497	1,2,3,4,2,5	71.286424	0.392258	0.166659	0.094140	0.346943	0.354794	0.067695	0.478123	0.099387	0.149373	0.110169	0.306527	0.433931	0.569317	0.118366	0.088171	0.224146	0.354794	0.067695	0.478123	0.099387	0.238239	0.223917	0.197325	0.340518	1,2,3,2,4,1	71.253743	0.193568	0.036123	0.331042	0.111866	0.253884	0.073516	0.098864	0.091203	0.119838	0.204117	0.158763	0.327215	0.253511	0.090282	0.168240	0.370690	0.055080	0.062197	0.098864	0.091203	0.119838	0.204117	0.158763	0.327215	0.070824	0.379558	0.205240	0.049119	0.240716	0.054543	0.193568	0.036123	0.331042	0.111866	0.253884	0.073516	1,2,3,1,4,4	69.585293	0.206863	3.267812	0.818926	0.206863	0.941565	0.941565	
346000	-118638	1,2,3,1,1,4	70.914276	5.417897	5.990208	5.829327	5.417897	5.417897	5.308432	1,2,2,1,3,1	71.898628	0.365600	0.308486	0.017680	0.308234	0.149131	0.004856	0.530954	0.315058	0.149131	0.004856	0.530954	0.315058	0.365600	0.308486	0.017680	0.308234	0.476282	0.019422	0.238792	0.265505	0.365600	0.308486	0.017680	0.308234	1,2,3,3,4,5	72.185512	0.090909	0.094655	0.357011	0.313712	0.001945	0.141767	0.119861	0.036836	0.068189	0.615819	0.054721	0.104575	0.100673	0.353807	0.172072	0.190667	0.085657	0.097125	0.100673	0.353807	0.172072	0.190667	0.085657	0.097125	0.099258	0.258714	0.057553	0.207277	0.351673	0.025525	0.120213	0.077612	0.078843	0.098671	0.152373	0.472288	1,2,3,1,4,3	72.749649	0.296428	1.557692	0.951228	0.296428	1.278756	0.951228	
347000	-118090	1,2,3,4,5,6	70.326736	5.916265	5.696787	6.636287	5.267953	5.606339	5.793795	1,2,3,4,2,1	68.893178	0.378755	0.194982	0.025292	0.400971	0.263018	0.024281	0.456273	0.256429	0.096568	0.129710	0.477409	0.296313	0.654499	0.186925	0.023527	0.135049	0.263018	0.024281	0.456273	0.256429	0.378755	0.194982	0.025292	0.400971	1,2,3,4,3,2	70.504624	0.032851	0.420776	0.278091	0.190485	0.043350	0.034447	0.048914	0.310491	0.023648	0.154190	0.055701	0.407055	0.222629	0.340616	0.166657	0.132722	0.003827	0.133549	0.089874	0.126985	0.226246	0.359918	0.116042	0.080934	0.222629	0.340616	0.166657	0.132722	0.003827	0.133549	0.048914	0.310491	0.023648	0.154190	0.055701	0.407055	1,2,3,1,4,5	71.511138	0.304395	2.503102	0.933966	0.304395	0.990448	0.816818	
348000	-115468	1,2,3,1,4,5	71.969210	4.838069	6.286945	5.939983	4.838069	6.522469	5.736540	1,2,3,1,2,4	71.419053	0.376770	0.343478	0.061499	0.218253	0.307855	0.106090	0.451614	0.134442	0.145156	0.024351	0.389325	0.441169	0.376770	0.343478	0.061499	0.218253	0.307855	0.106090	0.451614	0.134442	0.350234	0.304965	0.057120	0.287680	1,2,3,4,3,2	70.763861	0.115155	0.008541	0.362396	0.425011	0.043584	0.045313	0.073997	0.072240	0.066546	0.096273	0.253442	0.437501	0.176152	0.256373	0.119945	0.319643	0.067510	0.060377	0.030069	0.156352	0.112829	0.621300	0.075372	0.004077	0.176152	0.256373	0.119945	0.319643	0.067510	0.060377	0.073997	0.072240	0.066546	0.096273	0.253442	0.437501	1,2,3,4,5,3	70.185072	0.275787	3.250416	0.875249	0.178407	1.176579	0.875249	
349000	-116994	1,2,1,1,3,4	72.751081	4.901756	5.918884	4.901756	4.901756	6.564891	5.740471	1,2,2,3,4,1	72.055085	0.315143	0.141447	0.039174	0.504235	0.365554	0.008168	0.383248	0.243031	0.365554	0.008168	0.383248	0.243031	0.797832	0.059233	0.038663	0.104273	0.442926	0.124152	0.348308	0.084614	0.315143	0.141447	0.039174	0.504235	1,2,3,1,4,4	68.860030	0.103619	0.230726	0.251421	0.150933	0.088840	0.174461	0.017813	0.092232	0.136093	0.278464	0.218873	0.256526	0.222460	0.077908	0.063965	0.256359	0.237255	0.142054	0.103619	0.230726	0.251421	0.150933	0.088840	0.174461	0.081547	0.262853	0.124928	0.212871	0.186260	0.131542	0.081547	0.262853	0.124928	0.212871	0.186260	0.131542	1,2,3,4,5,6	69.764252	0.237580	2.902505	0.861558	0.271596	0.938041	1.040356	
350000	-118441	1,2,3,4,5,6	71.214113	5.698211	6.171174	5.830393	5.066390	5.712962	6.295726	1,2,1,1,3,4	72.504921	0.429125	0.156407	0.096874	0.317595	0.157849	0.086560	0.629979	0.125612	0.429125	0.156407	0.096874	0.317595	0.429125	0.156407	0.096874	0.317595	0.574279	0.040827	0.269152	0.115742	0.317166	0.190017	0.138683	0.354134	1,2,3,4,5,6	71.150579	0.317618	0.041629	0.418988	0.154353	0.038672	0.028740	0.034071	0.141200	0.026189	0.300610	0.254269	0.243661	0.233630	0.178756	0.038193	0.439807	0.026831	0.082781	0.034018	0.191747	0.070464	0.465332	0.076457	0.161981	0.083197	0.201146	0.127787	0.317120	0.154912	0.115838	0.118781	0.040772	0.072855	0.153549	0.502236	0.111806	1,2,3,1,4,5	70.198294	0.255231	1.657942	0.876570	0.255231	0.856583	0.894013	
351000	-115956	1,2,3,3,4,5	71.666720	6.160680	6.122485	4.250693	4.250693	6.056888	5.043371	1,2,3,4,2,5	71.581796	0.484463	0.133230	0.079589	0.302717	0.248927	0.140098	0.467748	0.143226	0.074728	0.026093	0.511484	0.387696	0.603131	0.228333	0.102112	0.066424	0.248927	0.140098	0.467748	0.143226	0.352570	0.138973	0.185804	0.322653	1,2,3,4,5,4	69.876550	0.100546	0.085576	0.472619	0.102897	0.179352	0.059010	0.065758	0.209858	0.121522	0.361373	0.003447	0.238042	0.143944	0.176740	0.323114	0.272493	0.039528	0.044181	0.066833	0.068485	0.234782	0.134325	0.423635	0.071941	0.128362	0.345856	0.106914	0.141824	0.130319	0.146726	0.066833	0.068485	0.234782	0.134325	0.423635	0.071941	1,2,3,4,5,5	71.659142	0.238376	2.222026	0.755041	0.235155	0.959330	0.959330	
352000	-115820	1,2,3,4,5,6	71.636992	5.742239	6.171661	6.493067	5.556298	5.499240	6.164581	1,2,3,4,2,1	72.402330	0.418787	0.244677	0.053823	0.282713	0.263063	0.022443	0.521070	0.193424	0.252254	0.066061	0.232745	0.448940	0.811800	0.037337	0.111063	0.039800	0.263063	0.022443	0.521070	0.193424	0.418787	0.244677	0.053823	0.282713	1,2,3,4,5,6	70.866171	0.014434	0.005278	0.391213	0.285841	0.062057	0.241177	0.072661	0.077631	0.146098	0.207871	0.403918	0.091821	0.058804	0.309007	0.090099	0.242237	0.027721	0.272132	0.008250	0.056416	0.184199	0.058048	0.520407	0.172680	0.459693	0.167600	0.061490	0.072054	0.226765	0.012399	0.076640	0.158697	0.162615	0.101786	0.309470	0.190792	1,2,3,4,5,5	70.243669	0.282206	3.357254	0.864988	0.219751	1.002765	1.002765	
353000	-116172	1,2,3,4,5,1	71.918109	5.720096	5.619212	5.162689	5.029989	5.857111	5.720096	1,2,2,3,3,1	72.438896	0.411767	0.209285	0.078055	0.300893	0.329926	0.012099	0.378202	0.279773	0.329926	0.012099	0.378202	0.279773	0.337951	0.185916	0.367448	0.108684	0.337951	0.185916	0.367448	0.108684	0.411767	0.209285	0.078055	0.300893	1,2,2,3,4,3	71.476816	0.014822	0.040489	0.397834	0.200020	0.117556	0.229280	0.155889	0.092501	0.137721	0.276683	0.163243	0.173962	0.155889	0.092501	0.137721	0.276683	0.163243	0.173962	0.046535	0.027613	0.163811	0.062898	0.249576	0.449568	0.158232	0.336602	0.099687	0.238455	0.068916	0.098108	0.046535	0.027613	0.163811	0.062898	0.249576	0.449568	1,2,3,1,4,4	73.220462	0.205297	2.984994	0.661909	0.205297	0.970661	0.970661	
354000	-115349	1,2,3,2,4,5	72.119583	6.063076	5.023354	5.652996	5.023354	6.080081	5.516560	1,2,3,1,4,5	70.640315	0.490145	0.251394	0.042084	0.216377	0.217242	0.134769	0.554742	0.093248	0.175582	0.069434	0.282040	0.472944	0.490145	0.251394	0.042084	0.216377	0.330670	0.226005	0.314576	0.128749	0.114991	0.360068	0.031054	0.493887	1,2,3,3,4,5	70.255855	0.148185	0.065467	0.652955	0.068345	0.059530	0.005518	0.056396	0.135708	0.130997	0.082248	0.218227	0.376424	0.052882	0.146915	0.164102	0.364656	0.141742	0.129703	0.052882	0.146915	0.164102	0.364656	0.141742	0.129703	0.321509	0.462096	0.006538	0.170363	0.000584	0.038910	0.049438	0.290969	0.170699	0.078889	0.084946	0.325059	1,2,3,4,5,6	69.678955	0.389387	1.650159	0.545215	0.187629	1.055050	0.986461	
355000	-116840	1,2,3,4,5,6	70.606273	6.025319	6.115328	5.748527	4.907780	6.378078	6.897681	1,2,3,4,2,5	70.900027	0.443530	0.127342	0.025587	0.403541	0.298691	0.067538	0.467950	0.165820	0.126935	0.038299	0.525514	0.309252	0.256853	0.390789	0.081895	0.270463	0.298691	0.067538	0.467950	0.165820	0.300611	0.336371	0.072190	0.290828	1,2,3,3,4,5	72.493699	0.127875	0.013595	0.208112	0.552405	0.080434	0.017580	0.026587	0.158489	0.199039	0.122451	0.076017	0.417417	0.030214	0.109921	0.109989	0.425616	0.159724	0.164535	0.030214	0.109921	0.109989	0.425616	0.159724	0.164535	0.507622	0.133753	0.005312	0.299705	0.042356	0.011252	0.080228	0.094505	0.162851	0.259487	0.204948	0.197981	1,2,3,1,4,5	71.114867	0.176654	3.201493	0.943658	0.176654	1.096480	0.939062	
356000	-115990	1,2,3,3,4,5	71.812592	5.736068	5.845325	4.373947	4.373947	5.734859	6.676889	1,2,3,4,2,5	73.398147	0.439836	0.168295	0.055114	0.336755	0.256097	0.057576	0.508107	0.178220	0.149369	0.116465	0.089058	0.645108	0.668249	0.049081	0.201789	0.080880	0.256097	0.057576	0.508107	0.178220	0.094121	0.371121	0.038611	0.496147	1,2,3,4,3,2	70.985161	0.057753	0.144426	0.308678	0.249116	0.169594	0.070433	0.117625	0.188906	0.169305	0.044474	0.173609	0.306082	0.175151	0.327031	0.108885	0.240633	0.009470	0.138830	0.170138	0.033000	0.468087	0.199748	0.028616	0.100412	0.175151	0.327031	0.108885	0.240633	0.009470	0.138830	0.117625	0.188906	0.169305	0.044474	0.173609	0.306082	1,2,3,1,4,5	70.464721	0.269171	4.019497	0.824983	0.269171	0.884285	0.996293	
357000	-116284	1,2,3,4,5,6	72.011947	4.964840	5.436014	5.391346	5.986116	5.330243	6.824988	1,2,3,4,5,1	70.993778	0.233337	0.261807	0.082652	0.422204	0.262782	0.013442	0.618970	0.104805	0.099534	0.067118	0.309809	0.523540	0.610930	0.241346	0.050396	0.097328	0.367973	0.133333	0.202186	0.296508	0.233337	0.261807	0.082652	0.422204	1,2,3,1,3,4	72.259674	0.056817	0.177359	0.498012	0.080388	0.153543	0.033881	0.162479	0.221895	0.115006	0.224166	0.068835	0.207619	0.114530	0.367093	0.167158	0.142261	0.102785	0.106173	0.056817	0.177359	0.498012	0.080388	0.153543	0.033881	0.114530	0.367093	0.167158	0.142261	0.102785	0.106173	0.105428	0.126997	0.149164	0.064927	0.442800	0.110685	1,2,3,4,5,3	69.909340	0.332538	2.409245	0.887217	0.193331	1.084885	0.887217	
358000	-115949	1,2,3,1,4,5	72.903561	4.984915	5.269084	5.174623	4.984915	6.803244	5.726861	1,2,3,4,2,1	71.528738	0.309136	0.133394	0.075077	0.482392	0.392780	0.049446	0.379388	0.178386	0.129355	0.026230	0.238529	0.605886	0.431498	0.350395	0.070327	0.147780	0.392780	0.049446	0.379388	0.178386	0.309136	0.133394	0.075077	0.482392	1,2,3,4,5,6	71.997390	0.166638	0.057206	0.446187	0.043748	0.167071	0.119150	0.096417	0.145334	0.062000	0.270214	0.183416	0.242619	0.025392	0.329451	0.099715	0.213817	0.180318	0.151307	0.123582	0.055744	0.245048	0.181442	0.314261	0.079922	0.011621	0.436096	0.032790	0.445468	0.047398	0.026627	0.207623	0.037451	0.106812	0.202655	0.185796	0.259663	1,2,3,1,4,5	71.584637	0.280630	1.993355	0.777375	0.280630	0.977153	1.110874	
359000	-118606	1,2,3,3,4,5	70.465228	6.591662	5.275850	4.111903	4.111903	6.015462	5.157489	1,2,3,4,2,4	71.451418	0.506260	0.096016	0.099667	0.298057	0.362944	0.214167	0.290791	0.132098	0.438589	0.018701	0.101267	0.441443	0.498155	0.184547	0.055371	0.261927	0.362944	0.214167	0.290791	0.132098	0.498155	0.184547	0.055371	0.261927	1,1,2,3,4,1	70.611551	0.044543	0.104916	0.124011	0.124524	0.281187	0.320818	0.044543	0.104916	0.124011	0.124524	0.281187	0.320818	0.323250	0.118104	0.084095	0.167879	0.088637	0.218035	0.034287	0.217138	0.090008	0.173104	0.277670	0.207792	0.100407	0.346901	0.071423	0.272406	0.163693	0.045169	0.044543	0.104916	0.124011	0.124524	0.281187	0.320818	1,2,3,4,5,5	72.363880	0.207670	3.419645	0.785059	0.161854	1.114068	1.114068	
360000	-118513	1,2,3,1,4,5	72.443167	5.545706	6.189287	5.880874	5.545706	5.745157	6.120869	1,2,3,1,4,3	70.244028	0.472122	0.171436	0.135979	0.220463	0.221409	0.025429	0.570398	0.182764	0.233588	0.059026	0.070027	0.637359	0.472122	0.171436	0.135979	0.220463	0.245241	0.105154	0.478076	0.171529	0.233588	0.059026	0.070027	0.637359	1,2,3,1,3,2	69.988719	0.053474	0.034000	0.159449	0.219021	0.260184	0.273871	0.030444	0.139674	0.062664	0.211387	0.121131	0.434699	0.105415	0.267613	0.077948	0.315281	0.085911	0.147833	0.053474	0.034000	0.159449	0.219021	0.260184	0.273871	0.105415	0.267613	0.077948	0.315281	0.085911	0.147833	0.030444	0.139674	0.062664	0.211387	0.121131	0.434699	1,2,3,4,5,3	69.911838	0.359235	2.738083	0.885310	0.211559	0.907075	0.885310	
361000	-117972	1,1,1,2,3,4	70.987380	4.874949	4.874949	4.874949	5.160081	6.343945	5.890048	1,2,1,3,2,4	72.599461	0.349778	0.041491	0.119347	0.489384	0.264452	0.189926	0.468907	0.076715	0.349778	0.041491	0.119347	0.489384	0.653470	0.071725	0.124057	0.150749	0.264452	0.189926	0.468907	0.076715	0.102619	0.436052	0.141362	0.319967	1,2,3,4,2,5	69.760814	0.257967	0.040280	0.174262	0.288487	0.191429	0.047575	0.030980	0.241741	0.131990	0.139180	0.070248	0.385861	0.026388	0.171407	0.054460	0.301635	0.123216	0.322895	0.055097	0.092375	0.188631	0.094474	0.195308	0.374114	0.030980	0.241741	0.131990	0.139180	0.070248	0.385861	0.106241	0.114920	0.168162	0.013481	0.267396	0.329799	1,2,3,4,3,5	71.458556	0.333311	1.368131	0.859322	0.307024	0.859322	0.971214	
362000	-115211	1,2,3,1,4,5	70.988336	4.580823	5.803777	5.330158	4.580823	6.452190	5.475953	1,2,3,4,5,6	70.329505	0.661467	0.119012	0.013011	0.206510	0.366957	0.052108	0.464380	0.116554	0.180956	0.082376	0.168489	0.568178	0.704440	0.097961	0.039681	0.157918	0.376519	0.141341	0.334677	0.147464	0.171080	0.132811	0.093491	0.602618	1,1,2,3,2,3	71.338345	0.068155	0.091096	0.200453	0.236557	0.053816	0.349923	0.068155	0.091096	0.200453	0.236557	0.053816	0.349923	0.043616	0.362382	0.091203	0.354874	0.057333	0.090593	0.061585	0.198945	0.219134	0.162577	0.217194	0.140564	0.043616	0.362382	0.091203	0.354874	0.057333	0.090593	0.061585	0.198945	0.219134	0.162577	0.217194	0.140564	1,2,3,1,4,3	69.563044	0.252824	3.742234	0.941590	0.252824	0.988918	0.941590	
363000	-117601	1,2,3,4,5,6	70.881390	5.706199	5.813039	6.225136	5.206292	4.929003	5.708458	1,2,3,4,5,6	70.284945	0.300754	0.156993	0.240749	0.301505	0.263215	0.049997	0.316631	0.370157	0.203945	0.046938	0.168686	0.580432	0.405375	0.243537	0.200226	0.150862	0.240714	0.307924	0.279118	0.172244	0.231979	0.265352	0.192088	0.310582	1,2,2,3,2,4	70.531714	0.239236	0.020781	0.556960	0.024933	0.017507	0.140583	0.055978	0.271385	0.159495	0.269172	0.040478	0.203493	0.055978	0.271385	0.159495	0.269172	0.040478	0.203493	0.051301	0.122810	0.095153	0.148429	0.069975	0.512331	0.055978	0.271385	0.159495	0.269172	0.040478	0.203493	0.222267	0.154024	0.251854	0.010747	0.252564	0.108545	1,2,3,1,4,3	71.290738	0.283992	5.940731	0.802854	0.283992	0.915483	0.802854	
364000	-116485	1,2,2,3,4,5	71.284238	5.900127	5.227595	5.227595	4.852887	6.746163	5.714830	1,2,3,4,2,5	70.969521	0.578649	0.131082	0.049237	0.241032	0.331363	0.112444	0.464289	0.091903	0.361928	0.225457	0.172871	0.239744	0.361687	0.442378	0.101716	0.094219	0.331363	0.112444	0.464289	0.091903	0.369459	0.272224	0.031269	0.327048	1,2,3,4,5,2	71.764890	0.273428	0.025808	0.290199	0.162055	0.136844	0.111667	0.022703	0.120666	0.117183	0.059552	0.226012	0.453883	0.054608	0.308514	0.038482	0.146978	0.097089	0.354329	0.034457	0.163385	0.329036	0.075312	0.340475	0.057335	0.352825	0.187238	0.089789	0.268449	0.100152	0.001547	0.022703	0.120666	0.117183	0.059552	0.226012	0.453883	1,2,3,4,3,3	72.409246	0.227652	4.370213	0.848764	0.159948	0.848764	0.848764	
365000	-115979	1,2,3,1,4,5	70.104839	4.246515	6.328680	5.675869	4.246515	6.517758	5.946896	1,2,3,4,5,1	72.385002	0.239507	0.220766	0.158941	0.380786	0.356389	0.018314	0.403468	0.221830	0.149097	0.065959	0.256160	0.528784	0.608790	0.212163	0.030271	0.148775	0.452894	0.273260	0.256596	0.017250	0.239507	0.220766	0.158941	0.380786	1,2,3,4,5,6	71.949069	0.074387	0.006598	0.545736	0.172807	0.001844	0.198628	0.025234	0.084224	0.119687	0.345346	0.083398	0.342111	0.008123	0.201047	0.064355	0.572792	0.014223	0.139460	0.012230	0.031823	0.218253	0.322909	0.112295	0.302489	0.115337	0.334438	0.086186	0.276786	0.040873	0.146380	0.141779	0.095455	0.196607	0.183276	0.214250	0.168633	1,2,3,1,3,3	73.330475	0.287092	2.672686	0.973003	0.287092	0.973003	0.973003	
366000	-115139	1,2,2,3,4,5	72.768772	6.094247	5.642102	5.642102	5.306252	6.060710	6.311542	1,2,3,4,4,5	68.839973	0.555339	0.066124	0.040842	0.337696	0.077341	0.047118	0.616360	0.259181	0.109949	0.098784	0.250941	0.540326	0.377544	0.190673	0.322997	0.108786	0.377544	0.190673	0.322997	0.108786	0.178768	0.220618	0.104633	0.495980	1,2,3,4,3,5	70.369449	0.037102	0.035157	0.172968	0.584092	0.152385	0.018295	0.070794	0.177297	0.153979	0.235050	0.180727	0.182154	0.087617	0.423293	0.067148	0.185842	0.084927	0.151174	0.044595	0.011684	0.164181	0.060349	0.475000	0.244191	0.087617	0.423293	0.067148	0.185842	0.084927	0.151174	0.098690	0.116943	0.129198	0.119104	0.259131	0.276934	1,2,3,4,3,5	70.469276	0.280743	2.970686	0.927841	0.172768	0.927841	0.973773	
367000	-115938	1,2,3,4,5,6	70.534746	5.595839	4.927246	6.459116	4.909521	6.674818	5.915992	1,2,2,3,4,1	72.085921	0.411176	0.257123	0.056297	0.275403	0.150834	0.037082	0.436260	0.375823	0.150834	0.037082	0.436260	0.375823	0.429146	0.134862	0.351551	0.084441	0.365509	0.192135	0.367547	0.074810	0.411176	0.257123	0.056297	0.275403	1,2,3,4,5,4	71.889841	0.161673	0.141896	0.571675	0.077868	0.001973	0.044915	0.012097	0.160218	0.137989	0.219992	0.294016	0.175688	0.041214	0.301882	0.308766	0.103043	0.124242	0.120853	0.110305	0.020540	0.243743	0.084840	0.324546	0.216025	0.224595	0.406616	0.126935	0.115345	0.062661	0.063849	0.110305	0.020540	0.243743	0.084840	0.324546	0.216025	1,2,3,4,5,3	70.086013	0.410981	2.324045	0.938013	0.205388	1.218567	0.938013	
368000	-115795	1,2,3,2,4,5	72.425531	5.603518	5.245679	5.605101	5.245679	6.246063	5.180621	1,2,3,1,2,1	72.362347	0.451402	0.224880	0.046924	0.276794	0.365634	0.066021	0.494528	0.073817	0.235687	0.097780	0.178127	0.488406	0.451402	0.224880	0.046924	0.276794	0.365634	0.066021	0.494528	0.073817	0.451402	0.224880	0.046924	0.276794	1,2,1,3,4,5	71.304217	0.115586	0.150897	0.297747	0.215883	0.032390	0.187498	0.029233	0.090708	0.121132	0.219745	0.150913	0.388268	0.115586	0.150897	0.297747	0.215883	0.032390	0.187498	0.157255	0.166511	0.108828	0.310695	0.207907	0.048804	0.093459	0.285549	0.270517	0.223273	0.084880	0.042322	0.105190	0.090176	0.119867	0.199005	0.284436	0.201326	1,2,3,1,4,5	71.160909	0.273480	3.651449	0.757334	0.273480	0.920287	0.883336	
369000	-117944	1,2,3,3,4,5	71.137268	6.049223	5.429491	4.529208	4.529208	6.764592	6.248974	1,2,3,1,4,5	71.025273	0.415693	0.154553	0.113393	0.316360	0.242092	0.104962	0.540487	0.112459	0.311304	0.164941	0.358541	0.165214	0.415693	0.154553	0.113393	0.316360	0.325156	0.094884	0.393999	0.185961	0.036681	0.356105	0.153288	0.453926	1,2,2,2,3,4	70.686720	0.142803	0.008798	0.617384	0.039064	0.141594	0.050357	0.052135	0.162570	0.110949	0.222582	0.048497	0.403268	0.052135	0.162570	0.110949	0.222582	0.048497	0.403268	0.052135	0.162570	0.110949	0.222582	0.048497	0.403268	0.432610	0.229901	0.096416	0.105063	0.040406	0.095603	0.172363	0.195256	0.393357	0.039671	0.158380	0.040973	1,2,3,1,4,5	71.409664	0.257900	1.317586	0.678004	0.257900	1.104646	0.953597	
370000	-116801	1,2,3,4,5,6	72.778294	6.919965	5.639858	5.284272	5.415808	6.552103	5.802400	1,2,3,4,5,6	72.277891	0.322830	0.161242	0.252874	0.263055	0.212646	0.122371	0.440744	0.224238	0.117660	0.184531	0.319356	0.378454	0.299831	0.401107	0.097283	0.201779	0.281806	0.132928	0.478493	0.106773	0.286174	0.230842	0.065117	0.417868	1,2,3,4,5,2	69.477751	0.027136	0.046812	0.580487	0.090772	0.004357	0.250435	0.110665	0.106995	0.108961	0.190835	0.253320	0.229223	0.055908	0.330642	0.133479	0.203688	0.077747	0.198536	0.049798	0.226248	0.152686	0.060308	0.395927	0.115033	0.124743	0.267536	0.080825	0.173363	0.312304	0.041229	0.110665	0.106995	0.108961	0.190835	0.253320	0.229223	1,2,3,4,5,6	70.125738	0.368495	2.228206	0.824623	0.093008	0.983932	1.095308	
371000	-117388	1,2,3,3,4,1	71.377377	6.381917	5.412233	5.136431	5.136431	6.428614	6.381917	1,2,3,4,2,1	72.425233	0.470031	0.114814	0.092517	0.322637	0.341384	0.124556	0.377705	0.156355	0.336710	0.034636	0.292797	0.335857	0.603874	0.177046	0.036709	0.182371	0.341384	0.124556	0.377705	0.156355	0.470031	0.114814	0.092517	0.322637	1,2,3,4,3,5	72.377560	0.164272	0.025512	0.535170	0.093146	0.019561	0.162339	0.069694	0.093316	0.190575	0.222394	0.050939	0.373082	0.046522	0.461826	0.064999	0.259744	0.006740	0.160169	0.094285	0.064589	0.245672	0.054736	0.298210	0.242508	0.046522	0.461826	0.064999	0.259744	0.006740	0.160169	0.179472	0.181931	0.211713	0.083766	0.303468	0.039651	1,2,3,1,4,4	71.820294	0.289454	2.645279	0.633779	0.289454	1.139757	1.139757	
372000	-116647	1,2,3,1,4,5	69.968835	4.863815	6.001016	5.868127	4.863815	5.733602	6.200534	1,2,2,3,2,1	71.373268	0.336511	0.190443	0.107043	0.366003	0.274408	0.059546	0.403307	0.262739	0.274408	0.059546	0.403307	0.262739	0.819672	0.130851	0.023078	0.026398	0.274408	0.059546	0.403307	0.262739	0.336511	0.190443	0.107043	0.366003	1,2,2,1,3,4	70.888505	0.085965	0.240133	0.397606	0.197289	0.067244	0.011763	0.009491	0.105666	0.059752	0.511005	0.143201	0.170885	0.009491	0.105666	0.059752	0.511005	0.143201	0.170885	0.085965	0.240133	0.397606	0.197289	0.067244	0.011763	0.215588	0.302913	0.038869	0.284067	0.145472	0.013091	0.064041	0.174360	0.108161	0.008119	0.531084	0.114234	1,2,3,1,4,4	70.568421	0.188064	1.098642	0.699919	0.188064	0.994584	0.994584	
373000	-117433	1,2,3,2,4,5	71.221848	6.690726	5.265335	6.646678	5.265335	6.645152	5.904404	1,2,3,1,2,1	71.900951	0.406360	0.197502	0.065075	0.331062	0.358605	0.117191	0.446721	0.077483	0.105605	0.145107	0.443379	0.305909	0.406360	0.197502	0.065075	0.331062	0.358605	0.117191	0.446721	0.077483	0.406360	0.197502	0.065075	0.331062	1,2,3,4,5,4	71.990102	0.077987	0.042901	0.640357	0.117286	0.097732	0.023737	0.114736	0.186924	0.243282	0.059431	0.010533	0.385093	0.201189	0.180886	0.072731	0.386292	0.046697	0.112205	0.034799	0.234236	0.131338	0.375446	0.178933	0.045247	0.297633	0.275161	0.264019	0.068236	0.054128	0.040823	0.034799	0.234236	0.131338	0.375446	0.178933	0.045247	1,2,3,1,4,4	72.155434	0.233703	3.057874	0.596629	0.233703	1.005226	1.005226	
374000	-115522	1,2,3,4,5,6	71.167059	5.225362	5.610718	5.302099	4.998136	6.414144	6.134672	1,2,3,4,5,6	71.624206	0.336489	0.377512	0.055861	0.230138	0.139576	0.050689	0.523731	0.286004	0.081594	0.068049	0.319301	0.531057	0.450947	0.200287	0.194554	0.154213	0.429657	0.134594	0.267431	0.168318	0.112958	0.328208	0.167630	0.391204	1,2,3,4,5,6	71.515264	0.075261	0.178490	0.489871	0.094244	0.110754	0.051380	0.087384	0.211254	0.198825	0.341163	0.018153	0.143221	0.036026	0.283610	0.120947	0.372084	0.036051	0.151281	0.083174	0.032289	0.277247	0.166812	0.174438	0.266040	0.070157	0.522365	0.045233	0.203183	0.002233	0.156828	0.124021	0.066776	0.217389	0.154253	0.188419	0.249142	1,2,3,1,4,4	70.613179	0.206964	2.400498	0.795990	0.206964	0.896310	0.896310	
375000	-116963	1,2,3,3,4,5	71.974223	6.474713	5.549040	5.143551	5.143551	6.369730	5.095014	1,2,1,3,4,5	69.582432	0.447088	0.089071	0.198576	0.265265	0.134647	0.021948	0.589253	0.254153	0.447088	0.089071	0.198576	0.265265	0.605959	0.272457	0.025201	0.096383	0.411871	0.252067	0.306312	0.029750	0.241294	0.176177	0.274418	0.308112	1,2,2,3,2,4	72.620598	0.114249	0.052881	0.693695	0.089092	0.015510	0.034573	0.047150	0.192277	0.122724	0.349995	0.101243	0.186611	0.047150	0.192277	0.122724	0.349995	0.101243	0.186611	0.042646	0.110169	0.272604	0.055174	0.117755	0.401652	0.047150	0.192277	0.122724	0.349995	0.101243	0.186611	0.277583	0.057168	0.231581	0.127181	0.197124	0.109363	1,2,3,1,3,4	70.941423	0.206323	1.664486	0.802164	0.206323	0.802164	0.833263	
376000	-116580	1,2,3,3,4,5	69.494277	5.733162	5.716542	3.982125	3.982125	6.308443	5.854545	1,2,3,1,4,3	71.460539	0.352248	0.337006	0.080294	0.230453	0.285260	0.098632	0.404852	0.211256	0.207281	0.169294	0.311371	0.312054	0.352248	0.337006	0.080294	0.230453	0.298175	0.224510	0.318126	0.159190	0.207281	0.169294	0.311371	0.312054	1,2,2,2,3,4	72.286244	0.015842	0.055732	0.671360	0.129984	0.112884	0.014199	0.050724	0.223561	0.066367	0.229552	0.012758	0.417037	0.050724	0.223561	0.066367	0.229552	0.012758	0.417037	0.050724	0.223561	0.066367	0.229552	0.012758	0.417037	0.025501	0.615261	0.068864	0.201908	0.047728	0.040739	0.093871	0.074378	0.194323	0.078441	0.459144	0.099843	1,2,3,4,3,3	71.698252	0.206372	2.219285	0.953694	0.222193	0.953694	0.953694	
377000	-116238	1,2,3,1,4,5	70.960450	5.090463	5.434495	4.518503	5.090463	6.284941	5.878004	1,2,3,1,4,5	72.021471	0.549938	0.185485	0.089543	0.175035	0.351616	0.025757	0.520967	0.101660	0.331336	0.121767	0.247623	0.299274	0.549938	0.185485	0.089543	0.175035	0.459687	0.172671	0.273859	0.093783	0.323381	0.178371	0.195709	0.302539	1,2,2,2,3,4	71.255736	0.000964	0.079215	0.556939	0.041971	0.155429	0.165481	0.044692	0.173435	0.186519	0.198619	0.113764	0.282971	0.044692	0.173435	0.186519	0.198619	0.113764	0.282971	0.044692	0.173435	0.186519	0.198619	0.113764	0.282971	0.120043	0.409334	0.151444	0.278474	0.017764	0.022940	0.040273	0.060148	0.351920	0.011775	0.461978	0.073906	1,2,3,1,4,5	70.293769	0.194748	3.101366	0.633327	0.194748	0.927629	1.137307	
378000	-116449	1,2,3,4,5,6	71.662394	5.413341	5.326908	5.772602	5.212887	6.004288	6.106934	1,2,2,1,3,4	71.427879	0.481321	0.180867	0.085917	0.251894	0.143451	0.025594	0.387852	0.443103	0.143451	0.025594	0.387852	0.443103	0.481321	0.180867	0.085917	0.251894	0.227145	0.215911	0.532785	0.024160	0.227293	0.123491	0.108607	0.540609	1,2,2,3,4,5	70.519972	0.026388	0.053018	0.647939	0.027180	0.087284	0.158190	0.022251	0.238584	0.086110	0.489809	0.020434	0.142812	0.022251	0.238584	0.086110	0.489809	0.020434	0.142812	0.129928	0.208450	0.105784	0.175720	0.189126	0.190992	0.172573	0.386336	0.071358	0.148378	0.000306	0.221049	0.162463	0.141459	0.123229	0.240538	0.231617	0.100695	1,2,3,1,3,3	70.960992	0.260861	2.181152	1.039868	0.260861	1.039868	1.039868	
379000	-117448	1,2,3,1,4,5	71.545528	4.510177	5.815976	5.290262	4.510177	7.009323	5.483053	1,2,2,1,3,1	70.402980	0.354582	0.346060	0.022717	0.276642	0.216532	0.138636	0.453395	0.191438	0.216532	0.138636	0.453395	0.191438	0.354582	0.346060	0.022717	0.276642	0.273301	0.193709	0.388417	0.144572	0.354582	0.346060	0.022717	0.276642	1,2,2,2,3,4	71.515136	0.170168	0.083780	0.427372	0.079730	0.050969	0.187981	0.054576	0.194244	0.145443	0.152173	0.230638	0.222926	0.054576	0.194244	0.145443	0.152173	0.230638	0.222926	0.054576	0.194244	0.145443	0.152173	0.230638	0.222926	0.076611	0.640119	0.095015	0.148851	0.011168	0.028237	0.123835	0.084674	0.138804	0.133704	0.224777	0.294206	1,2,3,1,4,5	71.341017	0.282026	1.882697	0.946740	0.282026	1.218296	0.906981	
380000	-115728	1,2,3,3,4,5	71.167655	5.086204	5.808561	4.434029	4.434029	5.440009	5.822730	1,2,3,4,2,5	69.895443	0.467446	0.132851	0.144030	0.255673	0.223070	0.038419	0.594538	0.143974	0.057219	0.098426	0.393005	0.451350	0.466581	0.231133	0.181173	0.121113	0.223070	0.038419	0.594538	0.143974	0.184492	0.172072	0.082552	0.560884	1,2,3,1,4,5	71.696408	0.109801	0.075520	0.271230	0.186745	0.281246	0.075458	0.171084	0.097599	0.128339	0.272267	0.132680	0.198030	0.023479	0.385727	0.273469	0.062594	0.098913	0.155819	0.109801	0.075520	0.271230	0.186745	0.281246	0.075458	0.152023	0.266010	0.151343	0.370398	0.042239	0.017986	0.113150	0.032164	0.222174	0.178083	0.282534	0.171895	1,2,3,1,4,4	71.362566	0.251372	1.702490	0.866345	0.251372	1.095560	1.095560	
381000	-116362	1,2,3,4,5,6	71.434851	6.836495	6.018626	5.918184	4.722076	6.560333	5.983440	1,2,3,4,5,6	70.901777	0.391996	0.221875	0.096729	0.289400	0.188062	0.092531	0.608892	0.110516	0.318483	0.134476	0.317230	0.229810	0.340400	0.465900	0.076378	0.117322	0.429529	0.041968	0.405835	0.122668	0.211935	0.278570	0.076830	0.432665	1,2,3,4,4,2	69.816247	0.003266	0.046434	0.342199	0.542181	0.014141	0.051780	0.161884	0.108004	0.168470	0.112855	0.157905	0.290883	0.209613	0.174892	0.144072	0.297133	0.001714	0.172576	0.057624	0.216132	0.112689	0.232607	0.336147	0.044800	0.057624	0.216132	0.112689	0.232607	0.336147	0.044800	0.161884	0.108004	0.168470	0.112855	0.157905	0.290883	1,2,3,4,5,6	71.416505	0.230472	1.512826	0.667860	0.230657	0.993187	1.043502	
382000	-115257	1,2,3,1,4,5	71.196732	4.008846	5.610293	5.341634	4.008846	6.179127	5.734831	1,2,3,1,1,3	70.134677	0.350505	0.230145	0.289852	0.129498	0.275186	0.023657	0.637824	0.063333	0.181048	0.172073	0.133251	0.513628	0.350505	0.230145	0.289852	0.129498	0.350505	0.230145	0.289852	0.129498	0.181048	0.172073	0.133251	0.513628	1,2,3,4,3,5	72.125301	0.076213	0.000817	0.673487	0.116154	0.068597	0.064732	0.006353	0.113485	0.369833	0.204247	0.076568	0.229513	0.096706	0.452072	0.097485	0.170618	0.010960	0.172159	0.223800	0.076058	0.199136	0.132389	0.291327	0.077290	0.096706	0.452072	0.097485	0.170618	0.010960	0.172159	0.122340	0.050229	0.219818	0.052088	0.357434	0.198091	1,2,3,1,4,3	72.545328	0.248776	2.149754	0.966922	0.248776	1.104361	0.966922	
383000	-117028	1,2,3,3,4,5	71.286423	5.563014	5.865343	5.445921	5.445921	6.534254	5.404192	1,2,3,4,2,4	71.569346	0.527176	0.138810	0.092294	0.241720	0.322627	0.069798	0.338289	0.269285	0.177510	0.023339	0.532646	0.266504	0.460922	0.220534	0.098592	0.219952	0.322627	0.069798	0.338289	0.269285	0.460922	0.220534	0.098592	0.219952	1,2,3,4,5,2	72.368842	0.122869	0.059327	0.262979	0.447322	0.002113	0.105390	0.082644	0.133491	0.106963	0.065861	0.438889	0.172151	0.060540	0.080580	0.273893	0.220426	0.236313	0.128249	0.114162	0.126368	0.103274	0.266564	0.309957	0.079676	0.048291	0.514495	0.148697	0.208904	0.038746	0.040868	0.082644	0.133491	0.106963	0.065861	0.438889	0.172151	1,2,3,1,4,5	72.201119	0.298458	2.490397	0.631366	0.298458	1.049479	0.980108	
384000	-115564	1,2,3,4,5,6	73.011198	5.977940	6.010402	6.215586	5.381872	6.794668	5.648645	1,2,3,1,2,1	71.702605	0.369044	0.218757	0.095328	0.316872	0.341059	0.070362	0.452164	0.136414	0.129495	0.070067	0.471682	0.328756	0.369044	0.218757	0.095328	0.316872	0.341059	0.070362	0.452164	0.136414	0.369044	0.218757	0.095328	0.316872	1,2,3,3,4,2	69.565408	0.082244	0.019816	0.293680	0.419793	0.018907	0.165560	0.079157	0.137689	0.126998	0.052544	0.300499	0.303114	0.118991	0.268850	0.102716	0.232612	0.202411	0.074419	0.118991	0.268850	0.102716	0.232612	0.202411	0.074419	0.288451	0.289606	0.029654	0.194357	0.160436	0.037496	0.079157	0.137689	0.126998	0.052544	0.300499	0.303114	1,2,3,1,4,5	71.814651	0.241964	2.543698	0.790976	0.241964	1.049566	0.984704	
385000	-117680	1,2,3,1,4,5	70.511989	5.385829	5.782174	6.179454	5.385829	6.203121	5.692492	1,2,3,1,3,1	72.700251	0.491271	0.215003	0.085600	0.208126	0.146235	0.220289	0.412334	0.221141	0.325117	0.083879	0.256087	0.334917	0.491271	0.215003	0.085600	0.208126	0.325117	0.083879	0.256087	0.334917	0.491271	0.215003	0.085600	0.208126	1,2,3,2,4,2	72.124504	0.061370	0.023875	0.338672	0.123461	0.265961	0.186660	0.025807	0.140693	0.175782	0.093092	0.265020	0.299606	0.253006	0.287593	0.056291	0.164279	0.118186	0.120645	0.025807	0.140693	0.175782	0.093092	0.265020	0.299606	0.373404	0.248631	0.015725	0.124368	0.221248	0.016623	0.025807	0.140693	0.175782	0.093092	0.265020	0.299606	1,2,3,1,4,3	71.982004	0.228908	1.570128	0.942546	0.228908	1.169663	0.942546	
386000	-116837	1,1,2,1,2,3	70.659222	5.429703	5.429703	6.714539	5.429703	6.714539	6.344794	1,2,3,4,2,5	70.525936	0.592699	0.117836	0.089836	0.199629	0.313405	0.141683	0.411455	0.133456	0.100662	0.091125	0.327609	0.480603	0.718055	0.047860	0.191959	0.042126	0.313405	0.141683	0.411455	0.133456	0.155878	0.309649	0.114357	0.420115	1,2,3,1,4,5	70.725340	0.055790	0.001075	0.467588	0.123494	0.179813	0.172239	0.054428	0.153919	0.179688	0.269490	0.034469	0.308006	0.038198	0.103534	0.073551	0.519195	0.101799	0.163723	0.055790	0.001075	0.467588	0.123494	0.179813	0.172239	0.035906	0.467089	0.031745	0.102476	0.152527	0.210257	0.057450	0.010690	0.276276	0.230634	0.266420	0.158530	1,2,3,1,4,4	71.561915	0.263107	2.305901	0.697038	0.263107	0.953441	0.953441	
387000	-117048	1,2,3,1,4,5	70.359108	5.146218	5.468421	5.613842	5.146218	6.357641	6.340103	1,2,2,3,3,4	71.632850	0.284527	0.281334	0.105338	0.328801	0.235646	0.039505	0.281865	0.442984	0.235646	0.039505	0.281865	0.442984	0.571654	0.140357	0.236875	0.051114	0.571654	0.140357	0.236875	0.051114	0.198846	0.453596	0.037168	0.310390	1,2,2,3,4,5	73.607351	0.087594	0.102658	0.213839	0.371062	0.076714	0.148133	0.023068	0.156397	0.146802	0.420401	0.111100	0.142232	0.023068	0.156397	0.146802	0.420401	0.111100	0.142232	0.045682	0.059540	0.170086	0.018056	0.289835	0.416801	0.061873	0.209177	0.155764	0.196963	0.152046	0.224177	0.076331	0.177101	0.125059	0.114986	0.177472	0.329051	1,2,3,1,4,5	71.144640	0.273348	1.948391	0.807529	0.273348	0.981510	1.034019	
388000	-116196	1,2,2,3,4,5	72.379851	5.828458	5.705195	5.705195	5.132425	5.869875	5.758655	1,2,3,4,5,1	71.885909	0.326304	0.349502	0.045272	0.278922	0.248620	0.023124	0.463104	0.265152	0.133396	0.117116	0.136412	0.613076	0.557784	0.256754	0.152742	0.032720	0.223062	0.049310	0.631996	0.095632	0.326304	0.349502	0.045272	0.278922	1,2,3,1,4,5	71.926151	0.052000	0.042256	0.338296	0.279660	0.180573	0.107215	0.253531	0.108537	0.041876	0.203710	0.258031	0.134315	0.027817	0.198227	0.087458	0.482409	0.096962	0.107127	0.052000	0.042256	0.338296	0.279660	0.180573	0.107215	0.356851	0.300738	0.144481	0.143899	0.035827	0.018204	0.056300	0.097538	0.058831	0.124784	0.380052	0.282493	1,2,3,4,5,5	69.515189	0.261947	2.003308	0.668989	0.243663	0.954423	0.954423	
389000	-117393	1,1,2,3,4,5	70.447297	5.089124	5.089124	5.709073	4.820377	6.273604	6.346696	1,2,3,1,4,5	72.085838	0.632451	0.107052	0.042306	0.218191	0.341308	0.152778	0.230530	0.275383	0.137248	0.027862	0.400553	0.434337	0.632451	0.107052	0.042306	0.218191	0.258007	0.190643	0.466317	0.085032	0.147002	0.438775	0.142588	0.271634	1,2,3,3,4,5	72.942834	0.047870	0.057655	0.469602	0.087264	0.044074	0.293535	0.103547	0.154332	0.203457	0.125031	0.010095	0.403538	0.028650	0.242922	0.103311	0.407648	0.180152	0.037317	0.028650	0.242922	0.103311	0.407648	0.180152	0.037317	0.070890	0.356185	0.103735	0.363352	0.066081	0.039759	0.231086	0.158778	0.230653	0.007908	0.310340	0.061236	1,2,3,4,5,6	72.299484	0.309864	2.473714	0.692161	0.153706	1.025106	1.027339	
390000	-115508	1,2,3,1,4,5	72.011303	5.249968	5.380005	5.604936	5.249968	6.395833	5.999498	1,2,3,4,2,1	71.831810	0.344143	0.259145	0.129014	0.267698	0.350367	0.055326	0.497935	0.096372	0.239658	0.051167	0.179354	0.529821	0.434718	0.385156	0.026045	0.154082	0.350367	0.055326	0.497935	0.096372	0.344143	0.259145	0.129014	0.267698	1,2,3,4,3,5	72.042078	0.045602	0.041046	0.437295	0.085736	0.187719	0.202602	0.030957	0.212712	0.260586	0.106864	0.005349	0.383532	0.147038	0.214475	0.094443	0.428142	0.006942	0.108961	0.028010	0.247188	0.093918	0.235791	0.258600	0.136494	0.147038	0.214475	0.094443	0.428142	0.006942	0.108961	0.069401	0.226114	0.233797	0.017158	0.333987	0.119542	1,2,3,4,3,3	70.574537	0.319335	2.113926	0.894713	0.150864	0.894713	0.894713	
391000	-114941	1,2,3,4,5,6	72.797401	5.847146	6.110619	5.375219	5.055698	5.711713	6.085113	1,2,3,4,5,6	72.075208	0.455657	0.129874	0.200124	0.214345	0.132184	0.023953	0.717063	0.126800	0.098153	0.138748	0.107572	0.655527	0.581329	0.297021	0.039806	0.081844	0.423140	0.062739	0.429989	0.084132	0.185209	0.306064	0.145083	0.363643	1,2,3,2,4,5	71.202943	0.038994	0.001505	0.491378	0.253135	0.200374	0.014614	0.053853	0.092244	0.208410	0.207900	0.129702	0.307890	0.055398	0.362600	0.144461	0.185519	0.099037	0.152986	0.053853	0.092244	0.208410	0.207900	0.129702	0.307890	0.073880	0.333936	0.284474	0.256456	0.012413	0.038842	0.079273	0.082292	0.164834	0.079223	0.195599	0.398779	1,2,3,4,3,5	72.614934	0.279448	1.446482	0.907758	0.201596	0.907758	0.919974	
392000	-115676	1,2,3,1,4,5	71.121132	5.056756	5.665640	5.676562	5.056756	6.734394	5.658445	1,2,3,4,5,1	71.199512	0.417034	0.178918	0.045173	0.358875	0.173408	0.054065	0.627893	0.144634	0.324224	0.123088	0.128057	0.424631	0.804889	0.121572	0.022980	0.050558	0.282665	0.107002	0.413254	0.197078	0.417034	0.178918	0.045173	0.358875	1,2,3,4,5,2	72.543718	0.191733	0.077426	0.406836	0.202322	0.048591	0.073092	0.083301	0.097115	0.128300	0.116695	0.246039	0.328550	0.155868	0.369611	0.196001	0.185477	0.013773	0.079270	0.060591	0.021393	0.239883	0.077656	0.261394	0.339083	0.262542	0.325212	0.121899	0.201355	0.070718	0.018274	0.083301	0.097115	0.128300	0.116695	0.246039	0.328550	1,2,3,4,5,5	72.071556	0.198136	2.151565	0.548199	0.164891	1.090951	1.090951	
393000	-117137	1,2,3,1,4,5	70.854516	4.847954	4.773994	5.406382	4.847954	5.559528	6.126410	1,2,3,4,4,5	73.566696	0.391711	0.207671	0.038470	0.362147	0.190058	0.248005	0.297833	0.264104	0.161269	0.040078	0.261842	0.536811	0.368652	0.264560	0.288704	0.078084	0.368652	0.264560	0.288704	0.078084	0.190095	0.201795	0.054882	0.553227	1,2,1,3,4,3	71.228229	0.049504	0.418792	0.200687	0.145746	0.013977	0.171293	0.015698	0.339569	0.221176	0.037059	0.137527	0.248971	0.049504	0.418792	0.200687	0.145746	0.013977	0.171293	0.046298	0.081864	0.144412	0.260780	0.117312	0.349334	0.065192	0.436778	0.226359	0.094549	0.014554	0.162569	0.046298	0.081864	0.144412	0.260780	0.117312	0.349334	1,2,3,4,5,6	70.069824	0.408691	1.684686	0.711935	0.228809	0.847939	1.254424	
394000	-115772	1,2,3,1,4,5	71.618908	5.019277	6.071333	5.751676	5.019277	6.499540	5.931264	1,2,3,4,2,1	72.976700	0.291905	0.210987	0.070773	0.426334	0.318482	0.089194	0.470808	0.121517	0.247249	0.079377	0.346220	0.327154	0.329795	0.483283	0.043704	0.143218	0.318482	0.089194	0.470808	0.121517	0.291905	0.210987	0.070773	0.426334	1,2,3,4,5,4	70.889636	0.163053	0.088295	0.298058	0.262655	0.160843	0.027096	0.227045	0.119818	0.085501	0.131616	0.073881	0.362139	0.104784	0.395969	0.051788	0.262240	0.055668	0.129551	0.067163	0.096566	0.188251	0.183859	0.239410	0.224751	0.152338	0.415737	0.095399	0.183521	0.113945	0.039060	0.067163	0.096566	0.188251	0.183859	0.239410	0.224751	1,2,3,1,4,5	71.508245	0.247125	2.647675	0.828935	0.247125	0.972112	0.996232	
395000	-116493	1,2,3,2,4,5	70.700788	5.661122	4.272017	5.680501	4.272017	6.012825	6.627067	1,2,3,1,2,4	71.789068	0.615259	0.193071	0.046543	0.145127	0.445261	0.131012	0.374433	0.049294	0.137510	0.232454	0.187965	0.442071	0.615259	0.193071	0.046543	0.145127	0.445261	0.131012	0.374433	0.049294	0.148989	0.288058	0.062017	0.500936	1,2,3,2,3,2	71.064559	0.100706	0.070147	0.427810	0.096450	0.139524	0.165363	0.062812	0.081191	0.076032	0.183909	0.168796	0.427261	0.066395	0.516068	0.085548	0.192142	0.035027	0.104821	0.062812	0.081191	0.076032	0.183909	0.168796	0.427261	0.066395	0.516068	0.085548	0.192142	0.035027	0.104821	0.062812	0.081191	0.076032	0.183909	0.168796	0.427261	1,2,3,4,3,3	72.915313	0.387750	1.849924	0.928037	0.176093	0.928037	0.928037	
396000	-116790	1,2,3,2,1,4	71.787777	6.979194	5.188109	5.681489	5.188109	6.979194	6.423207	1,2,2,1,3,1	71.009086	0.389120	0.223836	0.091072	0.295972	0.320507	0.060024	0.342078	0.277391	0.320507	0.060024	0.342078	0.277391	0.389120	0.223836	0.091072	0.295972	0.341323	0.038325	0.483759	0.136593	0.389120	0.223836	0.091072	0.295972	1,2,3,3,4,5	70.876786	0.003718	0.099894	0.683794	0.097860	0.063331	0.051403	0.048578	0.174466	0.133276	0.128574	0.128394	0.386712	0.049167	0.120594	0.078311	0.452417	0.083398	0.216113	0.049167	0.120594	0.078311	0.452417	0.083398	0.216113	0.095436	0.495108	0.073555	0.158947	0.090754	0.086200	0.107126	0.317690	0.096325	0.035752	0.222997	0.220111	1,2,3,4,5,6	70.643238	0.227792	2.805898	0.872612	0.241278	0.843532	1.182490	
397000	-116660	1,2,3,1,4,5	72.578988	4.674988	6.070540	5.950330	4.674988	6.851629	5.569783	1,2,3,1,4,1	71.934548	0.516349	0.117408	0.047563	0.318680	0.243286	0.052479	0.528901	0.175333	0.174438	0.037599	0.406721	0.381242	0.516349	0.117408	0.047563	0.318680	0.568530	0.147364	0.240152	0.043953	0.516349	0.117408	0.047563	0.318680	1,2,3,4,5,2	70.899205	0.118431	0.030745	0.598014	0.076589	0.003376	0.172844	0.102169	0.036540	0.146847	0.181589	0.358268	0.174588	0.033911	0.225348	0.113211	0.317897	0.119724	0.189909	0.124791	0.135514	0.107659	0.467030	0.144482	0.020523	0.155378	0.356848	0.014071	0.327840	0.056035	0.089828	0.102169	0.036540	0.146847	0.181589	0.358268	0.174588	1,2,3,1,4,5	70.653445	0.334814	2.571918	0.797490	0.334814	1.398334	0.885818	
398000	-116454	1,2,3,3,4,5	71.285717	5.599974	5.564095	5.450394	5.450394	6.745546	5.748195	1,2,3,4,2,1	71.713165	0.345164	0.335533	0.044173	0.275130	0.355140	0.097142	0.458679	0.089040	0.056485	0.084330	0.126719	0.732465	0.408951	0.335333	0.140100	0.115615	0.355140	0.097142	0.458679	0.089040	0.345164	0.335533	0.044173	0.275130	1,2,3,3,4,2	70.586476	0.012969	0.087656	0.477856	0.089445	0.104722	0.227353	0.019074	0.080919	0.150703	0.092409	0.190856	0.466040	0.094179	0.146206	0.069927	0.322839	0.192519	0.174330	0.094179	0.146206	0.069927	0.322839	0.192519	0.174330	0.167573	0.290931	0.228307	0.184351	0.021492	0.107347	0.019074	0.080919	0.150703	0.092409	0.190856	0.466040	1,2,3,1,4,5	70.530112	0.242231	3.527150	0.801060	0.242231	0.926824	0.979910	
399000	-117176	1,2,3,4,5,2	73.019224	5.639688	5.519341	5.736930	5.166321	5.908584	5.519341	1,2,2,3,4,1	70.974195	0.407233	0.111981	0.063201	0.417584	0.109187	0.058498	0.644412	0.187903	0.109187	0.058498	0.644412	0.187903	0.617690	0.298722	0.060130	0.023458	0.363671	0.160911	0.338691	0.136727	0.407233	0.111981	0.063201	0.417584	1,2,3,4,3,2	69.426868	0.146522	0.096678	0.411897	0.102244	0.022363	0.220296	0.060251	0.212209	0.092031	0.192357	0.268251	0.174901	0.060329	0.200332	0.099517	0.441868	0.137013	0.060940	0.029779	0.217453	0.225721	0.224033	0.274693	0.028322	0.060329	0.200332	0.099517	0.441868	0.137013	0.060940	0.060251	0.212209	0.092031	0.192357	0.268251	0.174901	1,2,3,4,5,6	72.767384	0.241988	1.240517	0.986522	0.129957	0.859567	1.071264	
400000	-117779	1,2,3,4,5,6	70.192292	6.231878	5.594990	5.300094	5.903274	6.200750	6.000800	1,2,3,4,5,6	72.541954	0.371150	0.146642	0.015158	0.467050	0.131838	0.064679	0.571478	0.232005	0.359542	0.096986	0.167629	0.375843	0.600808	0.083299	0.227717	0.088176	0.245318	0.195292	0.404088	0.155301	0.293703	0.194880	0.259588	0.251829	1,2,3,1,4,5	72.718786	0.029588	0.000540	0.551172	0.116830	0.175059	0.126811	0.252834	0.160178	0.184135	0.093812	0.104800	0.204242	0.163768	0.105905	0.096066	0.342696	0.104684	0.186882	0.029588	0.000540	0.551172	0.116830	0.175059	0.126811	0.362117	0.248642	0.069905	0.250188	0.061496	0.007652	0.148341	0.230154	0.221754	0.111518	0.219845	0.068388	1,2,3,1,4,5	71.390235	0.215447	1.709596	0.948728	0.215447	0.998628	0.946346	
401000	-117559	1,2,3,3,4,5	73.539745	5.949825	6.538722	4.562395	4.562395	6.575992	5.944887	1,2,1,3,4,5	71.474059	0.478644	0.162776	0.051313	0.307267	0.404218	0.078435	0.475457	0.041891	0.478644	0.162776	0.051313	0.307267	0.590363	0.298956	0.030593	0.080088	0.442921	0.139888	0.369762	0.047428	0.215989	0.470142	0.049287	0.264582	1,2,3,4,4,4	70.339321	0.107826	0.011741	0.347397	0.390174	0.006725	0.136137	0.034404	0.041919	0.265007	0.003717	0.303474	0.351479	0.193377	0.181378	0.077356	0.151701	0.062714	0.333475	0.071418	0.210274	0.173415	0.147786	0.137141	0.259965	0.071418	0.210274	0.173415	0.147786	0.137141	0.259965	0.071418	0.210274	0.173415	0.147786	0.137141	0.259965	1,2,3,4,5,6	72.849868	0.234915	1.584370	1.112838	0.171318	0.769080	1.147964	
402000	-117262	1,2,3,3,3,4	71.825605	5.265501	6.734071	4.993893	4.993893	4.993893	6.721589	1,2,3,4,4,3	70.898783	0.408578	0.174621	0.179495	0.237306	0.115787	0.151579	0.523054	0.209580	0.151029	0.334454	0.133659	0.380858	0.402283	0.344028	0.212363	0.041326	0.402283	0.344028	0.212363	0.041326	0.151029	0.334454	0.133659	0.380858	1,2,3,4,3,5	72.357569	0.142052	0.028206	0.287203	0.239113	0.018957	0.284469	0.106855	0.338765	0.092669	0.057055	0.085846	0.318811	0.050927	0.395143	0.157066	0.194509	0.045854	0.156502	0.057469	0.007560	0.304096	0.055070	0.131661	0.444144	0.050927	0.395143	0.157066	0.194509	0.045854	0.156502	0.035337	0.017746	0.234072	0.046253	0.293182	0.373410	1,2,3,1,4,4	73.106683	0.248710	2.683205	0.830342	0.248710	0.901497	0.901497	
403000	-115314	1,2,3,1,4,5	71.243483	5.486905	5.932565	5.859613	5.486905	6.450321	5.971008	1,2,3,4,5,6	72.078301	0.376329	0.224620	0.105376	0.293675	0.187519	0.102702	0.617223	0.092556	0.124410	0.102170	0.191015	0.582405	0.626901	0.119405	0.188715	0.064979	0.302785	0.188697	0.440712	0.067806	0.286441	0.168645	0.094380	0.450535	1,2,3,2,4,2	71.236960	0.164202	0.027432	0.467101	0.212844	0.064067	0.064353	0.077518	0.085020	0.138147	0.103017	0.262316	0.333983	0.079468	0.589590	0.051316	0.009662	0.076361	0.193602	0.077518	0.085020	0.138147	0.103017	0.262316	0.333983	0.151607	0.331319	0.167353	0.159941	0.119607	0.070173	0.077518	0.085020	0.138147	0.103017	0.262316	0.333983	1,2,3,4,5,6	69.878105	0.301563	1.193109	0.815859	0.230390	1.018919	1.068689	
404000	-115546	1,2,3,4,5,6	72.426206	5.880437	5.638398	5.877011	5.496685	5.967471	5.759198	1,2,3,4,2,5	71.502993	0.405036	0.081714	0.241746	0.271503	0.244073	0.116706	0.502045	0.137176	0.176590	0.025095	0.346005	0.452310	0.553873	0.131547	0.072764	0.241816	0.244073	0.116706	0.502045	0.137176	0.384655	0.163354	0.048935	0.403056	1,2,3,3,4,3	72.711366	0.328072	0.013559	0.356174	0.241593	0.014898	0.045703	0.087171	0.202376	0.302099	0.030065	0.108868	0.269421	0.068881	0.163640	0.122872	0.410425	0.109100	0.125082	0.068881	0.163640	0.122872	0.410425	0.109100	0.125082	0.145680	0.405879	0.114589	0.244810	0.015768	0.073274	0.068881	0.163640	0.122872	0.410425	0.109100	0.125082	1,2,3,1,4,5	68.948304	0.247776	2.797695	0.851051	0.247776	0.958668	0.957468	
405000	-117772	1,2,3,2,4,5	71.026328	6.066060	5.197434	5.601405	5.197434	6.431598	6.199797	1,2,2,3,4,1	73.091703	0.333600	0.142437	0.213730	0.310232	0.259863	0.023787	0.318819	0.397531	0.259863	0.023787	0.318819	0.397531	0.380445	0.161384	0.360729	0.097442	0.443741	0.103366	0.326279	0.126614	0.333600	0.142437	0.213730	0.310232	1,2,2,1,3,4	71.198812	0.078909	0.045429	0.480928	0.032176	0.239513	0.123044	0.029257	0.100923	0.069377	0.531246	0.154206	0.114991	0.029257	0.100923	0.069377	0.531246	0.154206	0.114991	0.078909	0.045429	0.480928	0.032176	0.239513	0.123044	0.056271	0.191740	0.042238	0.419681	0.027630	0.262440	0.089627	0.007528	0.276197	0.145770	0.187207	0.293671	1,2,3,4,5,6	71.172617	0.296705	1.736078	0.651799	0.187189	1.135435	0.954131	
406000	-116040	1,2,3,4,3,5	70.696932	5.833515	5.531654	7.417476	4.958836	7.417476	5.624357	1,2,2,3,4,1	70.739444	0.453088	0.180384	0.066272	0.300256	0.298507	0.064877	0.379651	0.256965	0.298507	0.064877	0.379651	0.256965	0.820632	0.058875	0.034046	0.086447	0.329420	0.067837	0.452335	0.150408	0.453088	0.180384	0.066272	0.300256	1,2,3,4,5,6	72.356085	0.058036	0.063858	0.275416	0.326564	0.034500	0.241626	0.072115	0.154054	0.049993	0.203428	0.224216	0.296194	0.048043	0.064149	0.034974	0.659052	0.142256	0.051526	0.073447	0.124148	0.170856	0.297286	0.124501	0.209763	0.183160	0.477632	0.142948	0.074880	0.106313	0.015067	0.032625	0.014442	0.113400	0.029795	0.347538	0.462201	1,2,3,1,4,5	70.483392	0.241715	2.724993	0.549397	0.241715	1.118608	0.909108	
407000	-117041	1,2,3,4,5,6	70.412059	6.373050	4.857531	6.548234	7.093939	5.304070	6.557409	1,2,2,3,4,1	72.449349	0.498956	0.111040	0.068822	0.321182	0.144607	0.034938	0.373608	0.446847	0.144607	0.034938	0.373608	0.446847	0.668581	0.092373	0.083443	0.155604	0.430888	0.166152	0.206206	0.196755	0.498956	0.111040	0.068822	0.321182	1,2,3,4,3,5	72.755519	0.180946	0.011776	0.352760	0.403311	0.046757	0.004451	0.130018	0.200384	0.066375	0.398413	0.054796	0.150014	0.115138	0.307857	0.096655	0.379484	0.048395	0.052471	0.018436	0.085921	0.331774	0.356345	0.038817	0.168706	0.115138	0.307857	0.096655	0.379484	0.048395	0.052471	0.007966	0.129902	0.032380	0.194248	0.515092	0.120412	1,2,3,4,5,6	70.398447	0.261759	1.607738	0.795670	0.164944	0.941408	0.773014	
408000	-115688	1,2,3,1,4,5	72.400994	4.747991	5.488560	7.100726	4.747991	7.007696	5.903941	1,2,3,4,5,3	71.576778	0.433903	0.152090	0.167612	0.246395	0.354040	0.008233	0.548019	0.089708	0.184885	0.162799	0.222781	0.429534	0.408779	0.431093	0.086949	0.073180	0.396611	0.091637	0.333404	0.178348	0.184885	0.162799	0.222781	0.429534	1,2,3,4,3,2	70.598796	0.257249	0.028100	0.489173	0.062121	0.001577	0.161779	0.120288	0.070624	0.127876	0.203095	0.205899	0.272218	0.065766	0.287383	0.150315	0.227987	0.122942	0.145607	0.017127	0.091893	0.375702	0.197548	0.295958	0.021772	0.065766	0.287383	0.150315	0.227987	0.122942	0.145607	0.120288	0.070624	0.127876	0.203095	0.205899	0.272218	1,2,3,4,5,3	73.215889	0.296490	6.525869	0.917298	0.174513	1.076286	0.917298	
409000	-117294	1,2,3,3,4,5	69.766071	5.667992	5.373618	4.677123	4.677123	6.150606	6.014669	1,2,2,3,4,5	71.044091	0.297100	0.258520	0.080486	0.363894	0.090302	0.030533	0.656599	0.222566	0.090302	0.030533	0.656599	0.222566	0.458525	0.173748	0.286838	0.080889	0.314498	0.243337	0.301955	0.140210	0.148986	0.279167	0.166445	0.405403	1,2,1,3,4,3	70.672204	0.076303	0.122373	0.200162	0.483334	0.021789	0.096040	0.040913	0.145256	0.177676	0.356445	0.002806	0.276903	0.076303	0.122373	0.200162	0.483334	0.021789	0.096040	0.113881	0.057915	0.275324	0.090519	0.306861	0.155502	0.340938	0.287968	0.077175	0.058461	0.051670	0.183787	0.113881	0.057915	0.275324	0.090519	0.306861	0.155502	1,2,3,4,5,6	72.749993	0.336969	2.373470	0.673088	0.288129	1.177963	1.043940	
410000	-116407	1,2,3,4,2,5	71.641867	5.120156	6.334213	5.742587	5.484915	6.334213	6.283178	1,2,3,4,5,1	70.721484	0.255819	0.241990	0.052355	0.449836	0.164642	0.059843	0.504556	0.270958	0.135525	0.142812	0.127048	0.594615	0.606161	0.262874	0.082381	0.048584	0.362885	0.253905	0.357111	0.026099	0.255819	0.241990	0.052355	0.449836	1,2,3,4,3,5	70.720458	0.019694	0.029462	0.570374	0.140746	0.143035	0.096689	0.017181	0.141926	0.173299	0.177333	0.058750	0.431512	0.115902	0.365471	0.085055	0.334781	0.064123	0.034668	0.010488	0.077291	0.366101	0.156320	0.360091	0.029709	0.115902	0.365471	0.085055	0.334781	0.064123	0.034668	0.082283	0.301607	0.252816	0.058196	0.228439	0.076659	1,2,3,4,5,6	72.910878	0.302017	1.879449	0.852423	0.131233	1.119973	0.840742	
411000	-116510	1,2,3,4,5,6	72.870505	5.368935	5.948905	6.006872	5.850449	6.356884	6.304889	1,2,3,4,4,5	70.617467	0.381051	0.197533	0.088751	0.332665	0.283909	0.118675	0.360196	0.237220	0.146691	0.019115	0.534984	0.299210	0.462994	0.115389	0.298609	0.123007	0.462994	0.115389	0.298609	0.123007	0.182223	0.410973	0.081725	0.325079	1,2,3,1,4,5	71.241102	0.060565	0.066711	0.434122	0.086579	0.250158	0.101864	0.080191	0.084780	0.216546	0.188301	0.027157	0.403024	0.053104	0.240911	0.106694	0.306668	0.183975	0.108648	0.060565	0.066711	0.434122	0.086579	0.250158	0.101864	0.209731	0.333776	0.047551	0.354136	0.003916	0.050891	0.178064	0.205245	0.161653	0.060465	0.211224	0.183349	1,2,3,4,5,6	70.710642	0.464400	2.825941	0.912056	0.353246	1.357573	1.029337	
412000	-116383	1,1,2,1,3,4	72.263406	5.073738	5.073738	5.788241	5.073738	6.211619	6.111865	1,2,3,1,2,4	71.158239	0.597293	0.118259	0.097702	0.186745	0.491851	0.077738	0.330382	0.100028	0.114040	0.043835	0.463629	0.378495	0.597293	0.118259	0.097702	0.186745	0.491851	0.077738	0.330382	0.100028	0.363206	0.297169	0.031622	0.308002	1,2,3,4,4,5	72.772354	0.141724	0.047730	0.267039	0.398953	0.107770	0.036784	0.064598	0.116979	0.116521	0.085705	0.377382	0.238815	0.042935	0.278616	0.168669	0.284205	0.099061	0.126515	0.065685	0.191047	0.109818	0.374030	0.213980	0.045439	0.065685	0.191047	0.109818	0.374030	0.213980	0.045439	0.041583	0.078887	0.171683	0.028232	0.333689	0.345927	1,2,3,1,4,5	69.042098	0.251948	1.720239	0.790807	0.251948	1.040836	0.951927	
413000	-115558	1,2,3,4,5,6	70.471011	5.235781	6.521549	6.039170	5.153125	5.873936	5.801250	1,2,3,4,5,1	73.731739	0.475985	0.109633	0.057860	0.356522	0.280891	0.082691	0.454804	0.181615	0.251668	0.114854	0.260213	0.373266	0.503881	0.234318	0.165944	0.095857	0.444633	0.105848	0.301800	0.147719	0.475985	0.109633	0.057860	0.356522	1,2,3,1,3,2	71.129555	0.102028	0.079839	0.321696	0.200269	0.096579	0.199589	0.078294	0.041848	0.104556	0.152375	0.340925	0.282002	0.167345	0.318962	0.044117	0.360394	0.035673	0.073508	0.102028	0.079839	0.321696	0.200269	0.096579	0.199589	0.167345	0.318962	0.044117	0.360394	0.035673	0.073508	0.078294	0.041848	0.104556	0.152375	0.340925	0.282002	1,2,3,4,5,6	71.939162	0.300091	2.347474	1.095577	0.200225	1.199142	0.869864	
414000	-117763	1,2,3,1,4,5	71.796898	5.186564	5.623671	5.678412	5.186564	6.003730	6.954076	1,2,3,1,4,5	70.845904	0.677851	0.057907	0.108702	0.155539	0.255302	0.000255	0.482653	0.261789	0.186916	0.126741	0.378224	0.308120	0.677851	0.057907	0.108702	0.155539	0.377346	0.341225	0.258128	0.023301	0.161033	0.354046	0.091682	0.393239	1,2,2,3,4,5	72.719608	0.075528	0.024554	0.292294	0.196556	0.189649	0.221418	0.003877	0.221054	0.174977	0.360646	0.050327	0.189118	0.003877	0.221054	0.174977	0.360646	0.050327	0.189118	0.065207	0.055532	0.339108	0.259921	0.266313	0.013919	0.106533	0.466563	0.086185	0.036313	0.002145	0.302261	0.138262	0.084513	0.296183	0.044171	0.366949	0.069922	1,2,3,4,5,5	71.595258	0.478561	2.573257	0.731206	0.181849	0.964929	0.964929	
415000	-116464	1,2,2,1,3,4	71.023197	4.674127	5.402480	5.402480	4.674127	6.020217	5.215755	1,2,2,3,4,5	71.339727	0.542197	0.161574	0.107390	0.188839	0.126736	0.078505	0.369053	0.425707	0.126736	0.078505	0.369053	0.425707	0.598272	0.310303	0.023504	0.067921	0.285648	0.229613	0.388767	0.095972	0.248006	0.453379	0.087203	0.211411	1,2,3,4,5,2	71.964415	0.079054	0.114538	0.354198	0.270436	0.124277	0.057497	0.031348	0.211023	0.135089	0.098688	0.280133	0.243720	0.111851	0.180197	0.198753	0.129052	0.198066	0.182082	0.056202	0.103141	0.205050	0.316394	0.258373	0.060840	0.255400	0.440182	0.097922	0.087325	0.052675	0.066496	0.031348	0.211023	0.135089	0.098688	0.280133	0.243720	1,2,3,1,4,5	72.417568	0.241016	2.367016	0.700650	0.241016	1.100373	0.909017	
416000	-117538	1,2,3,2,4,5	71.185264	5.384337	5.228649	5.797379	5.228649	5.763725	6.151627	1,2,2,3,4,1	69.340012	0.296529	0.234124	0.107615	0.361733	0.187326	0.070050	0.410215	0.332409	0.187326	0.070050	0.410215	0.332409	0.727121	0.163399	0.074667	0.034813	0.202361	0.167224	0.477934	0.152480	0.296529	0.234124	0.107615	0.361733	1,2,2,2,3,3	72.079628	0.100975	0.007903	0.298055	0.060239	0.086669	0.446160	0.058484	0.235104	0.244983	0.209135	0.104719	0.147575	0.058484	0.235104	0.244983	0.209135	0.104719	0.147575	0.058484	0.235104	0.244983	0.209135	0.104719	0.147575	0.223837	0.152189	0.087046	0.155522	0.338963	0.042444	0.223837	0.152189	0.087046	0.155522	0.338963	0.042444	1,2,3,4,5,6	70.729730	0.274356	2.223377	0.672089	0.253708	0.868917	0.886515	
417000	-116067	1,2,3,4,5,6	70.524103	5.593369	6.032121	5.582432	4.996468	5.747534	5.555163	1,2,3,4,2,1	70.988638	0.405952	0.241518	0.084418	0.268112	0.307460	0.045801	0.445618	0.201121	0.286694	0.099279	0.226245	0.387783	0.494699	0.203329	0.115606	0.186366	0.307460	0.045801	0.445618	0.201121	0.405952	0.241518	0.084418	0.268112	1,2,2,3,4,3	72.739339	0.141013	0.099790	0.390280	0.142140	0.085465	0.141312	0.002695	0.093664	0.187624	0.324518	0.085540	0.305959	0.002695	0.093664	0.187624	0.324518	0.085540	0.305959	0.046855	0.055712	0.071345	0.180478	0.259087	0.386523	0.082593	0.229189	0.144549	0.347940	0.119368	0.076359	0.046855	0.055712	0.071345	0.180478	0.259087	0.386523	1,2,3,4,5,5	71.606732	0.475706	2.968203	0.868184	0.126144	1.006002	1.006002	
418000	-116394	1,2,3,4,5,6	72.720549	4.969425	5.387158	5.354032	5.924850	6.973741	5.349866	1,2,3,1,4,3	72.217386	0.522859	0.258166	0.081552	0.137423	0.362003	0.034248	0.367087	0.236661	0.172366	0.114697	0.194629	0.518308	0.522859	0.258166	0.081552	0.137423	0.271796	0.145533	0.395616	0.187054	0.172366	0.114697	0.194629	0.518308	1,2,3,2,4,5	70.922603	0.045767	0.140528	0.275940	0.239072	0.109727	0.188967	0.015046	0.098618	0.051781	0.604611	0.049310	0.180634	0.167528	0.165996	0.129522	0.265576	0.011226	0.260153	0.015046	0.098618	0.051781	0.604611	0.049310	0.180634	0.014718	0.423756	0.111917	0.368166	0.012981	0.068461	0.083347	0.115515	0.231167	0.062072	0.352209	0.155690	1,2,3,4,5,5	71.139054	0.316453	2.257969	0.832426	0.189882	1.051128	1.051128	
419000	-116162	1,2,3,1,4,5	72.382346	4.637350	4.921176	5.321693	4.637350	6.007950	6.130762	1,2,3,4,5,6	70.360853	0.386607	0.133992	0.220506	0.258896	0.381765	0.190117	0.285839	0.142279	0.181016	0.035096	0.211666	0.572221	0.520549	0.297474	0.103752	0.078225	0.345452	0.023213	0.534365	0.096970	0.312525	0.296925	0.102337	0.288214	1,2,3,4,5,4	70.476816	0.162254	0.051576	0.438692	0.149921	0.141327	0.056230	0.173606	0.209073	0.061950	0.051688	0.115813	0.387870	0.164663	0.096855	0.095448	0.503753	0.039697	0.099585	0.076630	0.047643	0.154297	0.115265	0.444699	0.161466	0.226567	0.216994	0.261066	0.152827	0.095699	0.046848	0.076630	0.047643	0.154297	0.115265	0.444699	0.161466	1,2,3,4,5,6	71.086472	0.256946	2.054360	0.798214	0.155961	0.880232	0.838560	
420000	-116844	1,2,3,4,5,6	70.730096	5.475210	5.870579	5.558341	5.410694	6.185615	5.946740	1,2,3,1,4,5	69.817543	0.432557	0.155301	0.069040	0.343101	0.225652	0.062518	0.618422	0.093409	0.334343	0.167660	0.127146	0.370852	0.432557	0.155301	0.069040	0.343101	0.466371	0.200297	0.233200	0.100132	0.332252	0.178115	0.052996	0.436637	1,2,2,3,4,5	68.830574	0.084251	0.046142	0.189118	0.086514	0.154723	0.439252	0.107838	0.121251	0.135440	0.254662	0.091771	0.289039	0.107838	0.121251	0.135440	0.254662	0.091771	0.289039	0.130376	0.232129	0.094571	0.318767	0.135623	0.088534	0.030558	0.524193	0.052415	0.330029	0.043059	0.019747	0.097180	0.065882	0.238356	0.141396	0.159825	0.297361	1,2,3,4,3,3	70.070945	0.293579	2.331551	0.998366	0.283390	0.998366	0.998366	
421000	-117560	1,1,2,3,1,4	70.212457	4.748035	4.748035	5.869372	5.021883	4.748035	6.284680	1,2,3,4,5,6	70.349976	0.274666	0.242831	0.112010	0.370493	0.189207	0.018417	0.588273	0.204103	0.098176	0.220665	0.157702	0.523457	0.490239	0.068233	0.094172	0.347357	0.528186	0.150309	0.233091	0.088415	0.115966	0.485151	0.172107	0.226776	1,2,2,2,3,4	72.265164	0.214426	0.168451	0.438262	0.031452	0.059535	0.087873	0.045799	0.252474	0.138649	0.276471	0.078225	0.208381	0.045799	0.252474	0.138649	0.276471	0.078225	0.208381	0.045799	0.252474	0.138649	0.276471	0.078225	0.208381	0.189150	0.347940	0.062910	0.287602	0.018566	0.093832	0.081059	0.078518	0.425821	0.085155	0.136703	0.192745	1,2,3,4,5,3	71.640921	0.383803	2.194070	0.924945	0.247766	0.958277	0.924945	
422000	-117339	1,2,3,4,5,6	72.519978	5.918987	5.507036	5.442249	5.178234	6.496030	6.312910	1,2,3,4,2,5	70.366653	0.566951	0.101656	0.048466	0.282926	0.393989	0.077886	0.367324	0.160802	0.350338	0.086606	0.166313	0.396742	0.332466	0.250618	0.272344	0.144573	0.393989	0.077886	0.367324	0.160802	0.343820	0.160759	0.126955	0.368466	1,2,2,3,4,3	71.282860	0.146330	0.048213	0.378176	0.278218	0.043556	0.105508	0.078908	0.153325	0.188103	0.103573	0.045583	0.430507	0.078908	0.153325	0.188103	0.103573	0.045583	0.430507	0.099110	0.124687	0.311382	0.056625	0.229431	0.178766	0.242534	0.143249	0.148385	0.146474	0.227839	0.091518	0.099110	0.124687	0.311382	0.056625	0.229431	0.178766	1,2,3,4,3,3	69.684609	0.233954	2.257388	0.899584	0.240224	0.899584	0.899584	
423000	-116231	1,2,3,4,5,6	71.803172	5.540497	6.059780	5.080216	6.813368	5.071878	5.917846	1,2,3,4,5,1	72.444315	0.299981	0.143451	0.179009	0.377559	0.228902	0.045321	0.431121	0.294656	0.075993	0.118237	0.199484	0.606285	0.678464	0.130977	0.160035	0.030524	0.211919	0.224702	0.292316	0.271063	0.299981	0.143451	0.179009	0.377559	1,2,3,1,3,4	72.454319	0.008297	0.046131	0.546400	0.032438	0.347918	0.018817	0.041700	0.116121	0.146899	0.388172	0.169785	0.137323	0.216441	0.400369	0.082673	0.199519	0.024473	0.076525	0.008297	0.046131	0.546400	0.032438	0.347918	0.018817	0.216441	0.400369	0.082673	0.199519	0.024473	0.076525	0.170771	0.251401	0.115905	0.001787	0.297725	0.162412	1,2,3,1,4,4	71.756329	0.259416	2.752683	0.750121	0.259416	1.091685	1.091685	
424000	-115823	1,2,3,4,5,6	71.812457	5.846566	5.966332	5.700589	5.031097	6.410351	5.702696	1,2,3,4,5,1	71.561453	0.342997	0.294866	0.074123	0.288014	0.139546	0.048570	0.733118	0.078766	0.130561	0.037946	0.322086	0.509407	0.592473	0.238697	0.046769	0.122061	0.273609	0.250163	0.326166	0.150063	0.342997	0.294866	0.074123	0.288014	1,1,2,2,3,4	69.821686	0.074764	0.110907	0.243410	0.342267	0.010288	0.218363	0.074764	0.110907	0.243410	0.342267	0.010288	0.218363	0.067004	0.145474	0.094126	0.325809	0.183839	0.183749	0.067004	0.145474	0.094126	0.325809	0.183839	0.183749	0.442760	0.315250	0.055498	0.108274	0.071277	0.006940	0.018480	0.037372	0.218784	0.123934	0.324805	0.276624	1,2,3,4,5,6	69.486947	0.332938	2.050890	0.782254	0.332894	0.855965	0.869315	
425000	-116600	1,2,3,4,5,6	71.128188	6.126524	5.518102	5.077239	4.867214	6.367725	6.214998	1,2,3,1,2,4	69.615080	0.451638	0.149993	0.069727	0.328642	0.390303	0.044477	0.427233	0.137987	0.090528	0.224463	0.100812	0.584198	0.451638	0.149993	0.069727	0.328642	0.390303	0.044477	0.427233	0.137987	0.169351	0.319832	0.084887	0.425931	1,2,3,4,4,5	69.968470	0.045821	0.088594	0.338527	0.100374	0.171593	0.255090	0.126731	0.087415	0.113962	0.154715	0.021972	0.495205	0.011262	0.451065	0.120284	0.095614	0.211448	0.110327	0.190510	0.244967	0.116865	0.277615	0.120689	0.049354	0.190510	0.244967	0.116865	0.277615	0.120689	0.049354	0.071611	0.147712	0.259648	0.099464	0.143468	0.278096	1,2,3,4,5,5	71.264633	0.339438	1.383689	0.868968	0.337539	0.992108	0.992108	
426000	-115442	1,2,3,1,4,5	69.203990	4.837143	5.975282	5.538900	4.837143	6.123068	5.886908	1,2,3,1,2,4	72.007988	0.349695	0.250262	0.179783	0.220260	0.403412	0.044810	0.437890	0.113888	0.094631	0.027520	0.360284	0.517564	0.349695	0.250262	0.179783	0.220260	0.403412	0.044810	0.437890	0.113888	0.148668	0.188422	0.045177	0.617734	1,2,3,2,3,2	71.258464	0.066595	0.049612	0.396132	0.208468	0.077349	0.201843	0.088495	0.041368	0.113604	0.214625	0.148429	0.393479	0.202170	0.205572	0.099980	0.224582	0.200614	0.067080	0.088495	0.041368	0.113604	0.214625	0.148429	0.393479	0.202170	0.205572	0.099980	0.224582	0.200614	0.067080	0.088495	0.041368	0.113604	0.214625	0.148429	0.393479	1,2,3,4,5,5	71.192759	0.255455	2.230112	0.900927	0.151430	0.981066	0.981066	
427000	-116476	1,2,3,2,4,5	70.819984	5.490375	5.265595	5.684049	5.265595	5.375411	6.118429	1,2,3,4,5,3	69.402102	0.318212	0.221201	0.022101	0.438486	0.159765	0.058021	0.615114	0.167100	0.165519	0.227971	0.173897	0.432612	0.683078	0.159348	0.031981	0.125594	0.350126	0.162757	0.301007	0.186110	0.165519	0.227971	0.173897	0.432612	1,2,3,4,3,4	72.487527	0.112359	0.050977	0.429880	0.037536	0.126361	0.242888	0.218431	0.256693	0.119252	0.144694	0.071832	0.189098	0.148562	0.323787	0.195959	0.164716	0.044249	0.122728	0.042270	0.042009	0.313244	0.075639	0.358151	0.168688	0.148562	0.323787	0.195959	0.164716	0.044249	0.122728	0.042270	0.042009	0.313244	0.075639	0.358151	0.168688	1,2,3,1,4,5	70.947547	0.189310	2.620558	0.942422	0.189310	0.931678	0.897842	
428000	-115524	1,2,3,4,5,2	69.742813	5.695266	5.563961	5.155974	5.174110	6.579176	5.563961	1,2,3,4,2,1	70.676583	0.369151	0.151792	0.118908	0.360149	0.389248	0.082422	0.417438	0.110892	0.148284	0.085960	0.240877	0.524879	0.416922	0.166162	0.241006	0.175909	0.389248	0.082422	0.417438	0.110892	0.369151	0.151792	0.118908	0.360149	1,2,3,1,3,1	69.406531	0.123685	0.024971	0.226747	0.147811	0.309277	0.167509	0.094631	0.064281	0.091704	0.263002	0.029124	0.457259	0.162135	0.299953	0.109414	0.294498	0.040960	0.093040	0.123685	0.024971	0.226747	0.147811	0.309277	0.167509	0.162135	0.299953	0.109414	0.294498	0.040960	0.093040	0.123685	0.024971	0.226747	0.147811	0.309277	0.167509	1,2,3,4,5,5	72.182503	0.243389	2.034818	0.800491	0.209432	0.976721	0.976721	
429000	-116761	1,2,3,1,4,5	71.905510	4.742736	5.784691	4.972491	4.742736	6.710210	6.053599	1,2,1,3,4,1	70.426169	0.223054	0.175061	0.135787	0.466097	0.197704	0.090301	0.542117	0.169878	0.223054	0.175061	0.135787	0.466097	0.551082	0.132039	0.209106	0.107772	0.371410	0.156330	0.357413	0.114847	0.223054	0.175061	0.135787	0.466097	1,2,2,3,4,1	71.601123	0.207491	0.041733	0.212171	0.132936	0.280149	0.125521	0.138936	0.296662	0.100671	0.165541	0.036182	0.262008	0.138936	0.296662	0.100671	0.165541	0.036182	0.262008	0.031499	0.171731	0.190566	0.241107	0.313124	0.051973	0.015211	0.395113	0.172088	0.321289	0.095738	0.000561	0.207491	0.041733	0.212171	0.132936	0.280149	0.125521	1,2,3,1,4,3	73.517100	0.264224	1.859947	0.990721	0.264224	1.008217	0.990721	
430000	-117713	1,2,3,3,4,5	70.510291	5.408736	5.871780	4.716104	4.716104	5.890305	5.598709	1,2,3,1,2,4	71.078432	0.587037	0.127368	0.073242	0.212353	0.224455	0.049097	0.643928	0.082520	0.094556	0.382616	0.148165	0.374663	0.587037	0.127368	0.073242	0.212353	0.224455	0.049097	0.643928	0.082520	0.139611	0.391923	0.113421	0.355046	1,2,2,2,3,4	71.563909	0.008076	0.084028	0.420724	0.256343	0.171041	0.059788	0.053873	0.110039	0.079461	0.214260	0.067683	0.474683	0.053873	0.110039	0.079461	0.214260	0.067683	0.474683	0.053873	0.110039	0.079461	0.214260	0.067683	0.474683	0.074605	0.354692	0.147704	0.321087	0.053019	0.048893	0.196396	0.079740	0.219329	0.062137	0.236929	0.205467	1,2,3,4,5,3	71.003357	0.266684	4.665645	0.902924	0.201815	1.071970	0.902924	
431000	-117704	1,2,3,2,4,5	72.465097	5.360215	4.413020	6.508378	4.413020	5.407577	5.983838	1,2,2,3,4,5	72.437623	0.414528	0.229395	0.029488	0.326589	0.219155	0.082307	0.259393	0.439146	0.219155	0.082307	0.259393	0.439146	0.215585	0.481554	0.198287	0.104574	0.545912	0.144519	0.231896	0.077673	0.298586	0.323518	0.025940	0.351956	1,2,3,1,4,4	72.560363	0.085023	0.058396	0.290644	0.298440	0.104727	0.162769	0.322308	0.205094	0.110101	0.163498	0.018971	0.180027	0.256227	0.275966	0.092785	0.199938	0.067314	0.107769	0.085023	0.058396	0.290644	0.298440	0.104727	0.162769	0.051609	0.277513	0.158850	0.316391	0.137131	0.058506	0.051609	0.277513	0.158850	0.316391	0.137131	0.058506	1,2,3,4,5,6	72.501923	0.333401	1.614225	0.904241	0.247401	0.941399	0.919397	
432000	-117678	1,2,3,1,4,5	71.334834	4.730997	6.198985	5.346568	4.730997	5.965055	5.731762	1,2,3,4,4,1	71.791196	0.342749	0.228294	0.051667	0.377290	0.415271	0.206780	0.238876	0.139073	0.326794	0.128632	0.095241	0.449333	0.448470	0.236123	0.243655	0.071753	0.448470	0.236123	0.243655	0.071753	0.342749	0.228294	0.051667	0.377290	1,2,3,1,3,2	69.826973	0.124793	0.059359	0.405095	0.120033	0.174491	0.116229	0.046062	0.107088	0.122411	0.251434	0.109415	0.363590	0.016420	0.443882	0.107907	0.199526	0.006814	0.225452	0.124793	0.059359	0.405095	0.120033	0.174491	0.116229	0.016420	0.443882	0.107907	0.199526	0.006814	0.225452	0.046062	0.107088	0.122411	0.251434	0.109415	0.363590	1,2,3,4,5,6	70.911160	0.353166	1.423122	0.951100	0.236093	0.961567	0.874036	
433000	-116798	1,2,3,4,5,6	70.004133	5.598980	5.550933	7.165338	4.979990	5.738409	5.088683	1,2,3,4,3,1	71.244408	0.491084	0.176269	0.056852	0.275795	0.441110	0.056814	0.404707	0.097369	0.306779	0.124923	0.310062	0.258236	0.604516	0.202849	0.067132	0.125503	0.306779	0.124923	0.310062	0.258236	0.491084	0.176269	0.056852	0.275795	1,2,3,3,4,2	71.075914	0.102297	0.042849	0.200608	0.277899	0.016332	0.360014	0.122156	0.062545	0.080846	0.143889	0.403196	0.187368	0.234421	0.348493	0.146236	0.173649	0.020412	0.076789	0.234421	0.348493	0.146236	0.173649	0.020412	0.076789	0.114419	0.459272	0.083546	0.249074	0.003494	0.090195	0.122156	0.062545	0.080846	0.143889	0.403196	0.187368	1,2,3,1,4,5	68.677382	0.271221	1.933013	0.791869	0.271221	0.955409	0.968422	
434000	-116459	1,2,3,4,5,6	71.223886	6.112226	5.879544	5.575155	4.902918	5.929240	5.754569	1,2,3,4,2,5	71.009579	0.520369	0.068605	0.097801	0.313225	0.278182	0.022314	0.520293	0.179210	0.189621	0.108453	0.267865	0.434061	0.584789	0.102624	0.294888	0.017699	0.278182	0.022314	0.520293	0.179210	0.131784	0.267994	0.041527	0.558695	1,2,3,4,5,3	70.506508	0.218578	0.109378	0.336950	0.102686	0.145219	0.087188	0.060979	0.123629	0.057053	0.368728	0.159228	0.230382	0.159569	0.276521	0.176517	0.091033	0.097473	0.198887	0.041374	0.005975	0.165301	0.038291	0.489344	0.259715	0.003759	0.223296	0.036089	0.635577	0.071814	0.029466	0.159569	0.276521	0.176517	0.091033	0.097473	0.198887	1,2,3,1,4,5	71.219654	0.268290	2.240712	0.685205	0.268290	1.070613	0.890700	
435000	-115979	1,2,3,1,4,5	70.185630	5.368145	5.723225	5.817909	5.368145	7.098913	5.805079	1,2,3,1,2,4	71.750980	0.569801	0.155853	0.064096	0.210251	0.344686	0.072292	0.441319	0.141702	0.195949	0.134668	0.291089	0.378293	0.569801	0.155853	0.064096	0.210251	0.344686	0.072292	0.441319	0.141702	0.180875	0.335590	0.031406	0.452128	1,2,1,1,3,2	71.190493	0.060201	0.141896	0.200054	0.276576	0.119393	0.201880	0.031789	0.161662	0.147082	0.167113	0.167954	0.324400	0.060201	0.141896	0.200054	0.276576	0.119393	0.201880	0.060201	0.141896	0.200054	0.276576	0.119393	0.201880	0.147468	0.255992	0.198634	0.073143	0.175049	0.149714	0.031789	0.161662	0.147082	0.167113	0.167954	0.324400	1,2,3,1,4,5	70.368622	0.302299	3.419887	0.672335	0.302299	1.285806	0.955106	
436000	-117955	1,2,3,4,5,6	70.969957	5.926940	5.185176	6.455375	5.158215	6.698951	5.571067	1,2,2,3,4,4	71.766044	0.487081	0.085280	0.075746	0.351893	0.072621	0.034829	0.312584	0.579966	0.072621	0.034829	0.312584	0.579966	0.657048	0.241971	0.062794	0.038186	0.323383	0.126909	0.128959	0.420748	0.323383	0.126909	0.128959	0.420748	1,2,3,4,5,6	70.346702	0.158967	0.037571	0.400338	0.207977	0.118374	0.076772	0.049228	0.284326	0.118886	0.108748	0.255792	0.183021	0.184139	0.152921	0.141528	0.359867	0.111786	0.049759	0.056060	0.245015	0.043684	0.532203	0.093153	0.029885	0.205996	0.353511	0.084564	0.261266	0.065031	0.029632	0.115573	0.126329	0.092421	0.147231	0.345545	0.172900	1,2,3,4,5,3	71.376185	0.273228	1.549429	1.113550	0.324621	1.219707	1.113550	
437000	-116913	1,2,3,4,5,6	69.550583	5.620206	6.050079	5.332879	5.651849	6.252517	5.204659	1,2,3,4,4,1	71.316146	0.561672	0.170051	0.063331	0.204946	0.091425	0.141793	0.639697	0.127085	0.236379	0.100023	0.153469	0.510128	0.457717	0.227686	0.258466	0.056130	0.457717	0.227686	0.258466	0.056130	0.561672	0.170051	0.063331	0.204946	1,2,3,4,3,2	70.413969	0.067008	0.023787	0.472554	0.095530	0.253672	0.087449	0.038050	0.133479	0.063487	0.112990	0.348924	0.303069	0.037640	0.313447	0.039899	0.363201	0.051377	0.194436	0.066739	0.175312	0.501878	0.053665	0.196607	0.005799	0.037640	0.313447	0.039899	0.363201	0.051377	0.194436	0.038050	0.133479	0.063487	0.112990	0.348924	0.303069	1,2,3,1,4,5	71.583132	0.260055	2.648298	0.945922	0.260055	1.112684	1.065598	
438000	-117851	1,2,3,4,5,6	71.433858	5.640752	6.738075	6.554738	6.037410	6.037047	6.774893	1,2,3,1,2,4	69.746447	0.439489	0.192048	0.175268	0.193195	0.303783	0.080123	0.472182	0.143912	0.258882	0.005341	0.442549	0.293228	0.439489	0.192048	0.175268	0.193195	0.303783	0.080123	0.472182	0.143912	0.313365	0.236311	0.022134	0.428190	1,2,3,4,3,4	71.367694	0.066039	0.042648	0.531106	0.156872	0.182371	0.020963	0.064683	0.038168	0.074023	0.641303	0.030581	0.151242	0.287960	0.240811	0.057670	0.247402	0.075760	0.090398	0.037863	0.091021	0.033996	0.165795	0.043770	0.627555	0.287960	0.240811	0.057670	0.247402	0.075760	0.090398	0.037863	0.091021	0.033996	0.165795	0.043770	0.627555	1,2,3,4,5,6	71.857965	0.232035	6.787092	0.696909	0.096127	1.148003	0.874437	
439000	-115352	1,2,3,3,4,5	71.527817	6.369322	5.801054	4.958066	4.958066	6.398541	6.132323	1,2,3,4,2,1	72.799519	0.437535	0.180618	0.067822	0.314024	0.363544	0.078291	0.371728	0.186437	0.154625	0.144647	0.211790	0.488939	0.344012	0.404727	0.141314	0.109947	0.363544	0.078291	0.371728	0.186437	0.437535	0.180618	0.067822	0.314024	1,2,3,4,3,5	72.576668	0.156598	0.086077	0.577694	0.162126	0.009102	0.008403	0.021774	0.096693	0.049469	0.217078	0.203604	0.411382	0.191377	0.332252	0.085563	0.275858	0.018971	0.095979	0.007433	0.070701	0.349208	0.361530	0.197652	0.013477	0.191377	0.332252	0.085563	0.275858	0.018971	0.095979	0.064462	0.247860	0.085812	0.082472	0.201612	0.317781	1,2,3,4,5,3	71.793551	0.183256	1.324302	0.831742	0.176839	1.025340	0.831742	
440000	-116125	1,2,3,1,4,5	70.590824	5.068138	6.270000	5.852752	5.068138	6.010089	6.268888	1,2,3,4,2,5	71.294348	0.334493	0.222252	0.108283	0.334972	0.447635	0.039529	0.340464	0.172371	0.150750	0.024739	0.251574	0.572937	0.631178	0.050353	0.234035	0.084434	0.447635	0.039529	0.340464	0.172371	0.295015	0.162801	0.047990	0.494194	1,2,3,4,3,5	70.054195	0.047340	0.102186	0.468677	0.153444	0.128885	0.099468	0.155061	0.262984	0.106698	0.118085	0.069876	0.287296	0.123187	0.223769	0.050096	0.389159	0.169844	0.043944	0.068607	0.065440	0.184881	0.188443	0.466297	0.026333	0.123187	0.223769	0.050096	0.389159	0.169844	0.043944	0.251966	0.112262	0.069561	0.147847	0.246486	0.171878	1,2,3,1,4,5	71.413553	0.347614	1.600049	0.885513	0.347614	1.230487	1.094781	
441000	-117620	1,2,3,4,5,4	70.948983	5.412107	5.938784	5.226495	4.988928	6.719817	4.988928	1,2,3,1,4,5	70.697393	0.447989	0.250378	0.093360	0.208272	0.078054	0.083469	0.774185	0.064292	0.125643	0.264643	0.328593	0.281122	0.447989	0.250378	0.093360	0.208272	0.341342	0.099085	0.528218	0.031356	0.085988	0.119349	0.074065	0.720598	1,1,1,2,3,4	71.235639	0.048431	0.124480	0.490713	0.153744	0.018192	0.164439	0.048431	0.124480	0.490713	0.153744	0.018192	0.164439	0.048431	0.124480	0.490713	0.153744	0.018192	0.164439	0.173614	0.103933	0.090102	0.305219	0.324115	0.003017	0.199354	0.351250	0.088436	0.265113	0.080167	0.015680	0.178261	0.188863	0.106770	0.054427	0.085383	0.386297	1,2,3,1,4,3	71.142716	0.318918	2.982896	1.053655	0.318918	1.135615	1.053655	
442000	-116552	1,2,3,1,4,5	71.129236	5.221111	5.447105	5.921323	5.221111	6.125701	5.302827	1,2,3,1,4,1	71.553754	0.441155	0.256053	0.094542	0.208250	0.173861	0.086371	0.660767	0.079001	0.169420	0.019182	0.396239	0.415160	0.441155	0.256053	0.094542	0.208250	0.190192	0.124537	0.370064	0.315207	0.441155	0.256053	0.094542	0.208250	1,2,3,3,4,2	74.055719	0.246861	0.062132	0.419255	0.114584	0.097057	0.060112	0.072555	0.133996	0.132740	0.141219	0.287297	0.232193	0.035172	0.196662	0.068485	0.457144	0.130167	0.112370	0.035172	0.196662	0.068485	0.457144	0.130167	0.112370	0.117806	0.271425	0.065767	0.241034	0.293038	0.010931	0.072555	0.133996	0.132740	0.141219	0.287297	0.232193	1,2,3,4,5,3	72.657987	0.337939	3.325641	0.914421	0.126876	1.265931	0.914421	
443000	-115780	1,2,3,4,5,6	73.180383	5.243228	5.972499	6.008059	4.993671	6.401526	5.767859	1,2,3,4,2,5	71.476433	0.520413	0.104912	0.141542	0.233133	0.417668	0.079519	0.384050	0.118762	0.174976	0.132727	0.192676	0.499621	0.557851	0.227515	0.117704	0.096931	0.417668	0.079519	0.384050	0.118762	0.258994	0.157360	0.154548	0.429098	1,2,3,4,3,5	71.737749	0.082169	0.142319	0.332062	0.231810	0.114864	0.096776	0.054248	0.045337	0.237601	0.245616	0.120953	0.296245	0.108536	0.305173	0.185658	0.210431	0.116357	0.073846	0.103411	0.055028	0.132248	0.309299	0.052387	0.347628	0.108536	0.305173	0.185658	0.210431	0.116357	0.073846	0.163154	0.053818	0.091843	0.174937	0.375461	0.140787	1,2,3,4,3,3	70.246757	0.296184	3.192214	0.885337	0.171339	0.885337	0.885337	
444000	-116804	1,2,1,1,3,4	72.247286	4.875226	5.548946	4.875226	4.875226	6.346159	6.409783	1,2,3,1,2,4	72.659605	0.526530	0.136333	0.062965	0.274171	0.346493	0.056821	0.494559	0.102127	0.233516	0.021476	0.490801	0.254206	0.526530	0.136333	0.062965	0.274171	0.346493	0.056821	0.494559	0.102127	0.280566	0.297853	0.091894	0.329688	1,2,3,3,4,5	70.678143	0.146226	0.069396	0.205548	0.342281	0.112711	0.123839	0.154428	0.108539	0.128281	0.116726	0.161936	0.330090	0.019298	0.097142	0.166388	0.338385	0.230317	0.148469	0.019298	0.097142	0.166388	0.338385	0.230317	0.148469	0.137438	0.154173	0.043474	0.210702	0.437786	0.016427	0.191262	0.006683	0.296695	0.200863	0.145734	0.158763	1,2,3,4,5,6	71.734584	0.341965	3.164451	0.719493	0.239412	0.913182	0.891167	
445000	-116331	1,2,3,4,5,6	71.086114	5.751068	5.601865	6.690558	5.562460	5.993830	5.728131	1,2,2,3,4,1	70.692340	0.362313	0.209401	0.077594	0.350691	0.202196	0.063651	0.421300	0.312853	0.202196	0.063651	0.421300	0.312853	0.741961	0.044351	0.121738	0.091950	0.479214	0.205999	0.275594	0.039194	0.362313	0.209401	0.077594	0.350691	1,2,3,4,5,4	72.520390	0.059282	0.125203	0.445387	0.120569	0.108722	0.140837	0.151435	0.133823	0.025258	0.310895	0.137524	0.241066	0.011989	0.104075	0.148779	0.531033	0.110723	0.093401	0.108228	0.071833	0.211142	0.123645	0.310141	0.175011	0.040367	0.319546	0.067783	0.166201	0.269254	0.136848	0.108228	0.071833	0.211142	0.123645	0.310141	0.175011	1,2,3,4,5,6	71.861919	0.273541	1.016990	0.806980	0.289506	0.882225	1.028172	
446000	-115445	1,2,3,4,5,6	72.231463	7.073702	5.734738	5.852620	5.928994	6.035561	6.113223	1,2,3,4,5,6	71.915939	0.531434	0.130773	0.106344	0.231449	0.143206	0.035133	0.516648	0.305013	0.248297	0.053446	0.269209	0.429048	0.604036	0.229178	0.125880	0.040905	0.434021	0.114049	0.323982	0.127948	0.121747	0.289368	0.196549	0.392336	1,2,2,1,3,4	71.305937	0.038409	0.005036	0.626835	0.094128	0.089480	0.146112	0.162585	0.135269	0.077595	0.393508	0.058811	0.172233	0.162585	0.135269	0.077595	0.393508	0.058811	0.172233	0.038409	0.005036	0.626835	0.094128	0.089480	0.146112	0.294344	0.318155	0.132417	0.070657	0.121653	0.062774	0.206106	0.102961	0.422385	0.073322	0.076871	0.118354	1,2,3,4,5,3	69.965430	0.382753	1.464800	0.851756	0.135940	0.907475	0.851756	
447000	-116227	1,2,3,4,5,6	72.318098	5.091657	5.818291	5.699570	4.924134	6.731533	6.119622	1,2,3,4,2,1	72.250212	0.326118	0.239310	0.044726	0.389846	0.310865	0.128777	0.470555	0.089804	0.191684	0.169482	0.301386	0.337447	0.626079	0.067798	0.165284	0.140839	0.310865	0.128777	0.470555	0.089804	0.326118	0.239310	0.044726	0.389846	1,2,3,1,4,3	70.559936	0.121012	0.112874	0.425947	0.117803	0.117406	0.104958	0.075317	0.074567	0.065531	0.126206	0.223196	0.435183	0.063744	0.118556	0.071666	0.305819	0.165892	0.274322	0.121012	0.112874	0.425947	0.117803	0.117406	0.104958	0.257834	0.339089	0.062173	0.196526	0.119220	0.025157	0.063744	0.118556	0.071666	0.305819	0.165892	0.274322	1,2,3,4,5,5	71.330910	0.213871	2.468980	0.772282	0.169081	1.135274	1.135274	
448000	-115908	1,2,3,2,4,5	72.739652	5.375666	5.044257	5.347582	5.044257	5.978297	6.525389	1,2,3,1,4,5	71.818860	0.516667	0.196994	0.068309	0.218030	0.246337	0.077009	0.384714	0.291940	0.089802	0.056777	0.320434	0.532986	0.516667	0.196994	0.068309	0.218030	0.399557	0.109311	0.301276	0.189857	0.273996	0.254684	0.087030	0.384289	1,2,3,4,5,6	71.339663	0.227550	0.020518	0.292836	0.257918	0.114009	0.087170	0.143742	0.359812	0.084198	0.057695	0.050633	0.303918	0.095398	0.297712	0.220337	0.242299	0.043691	0.100564	0.144814	0.218939	0.107529	0.315182	0.147830	0.065706	0.142296	0.251814	0.101251	0.230315	0.217769	0.056554	0.111708	0.269196	0.136975	0.157642	0.269428	0.055052	1,2,3,1,4,5	73.614208	0.280487	1.906905	0.794676	0.280487	0.993497	0.945782	
449000	-117043	1,2,3,3,4,5	73.188213	5.451274	5.032404	4.472433	4.472433	6.790182	6.167545	1,2,3,1,2,3	71.702180	0.425387	0.247668	0.065508	0.261437	0.418672	0.092752	0.345616	0.142959	0.362721	0.145077	0.097541	0.394661	0.425387	0.247668	0.065508	0.261437	0.418672	0.092752	0.345616	0.142959	0.362721	0.145077	0.097541	0.394661	1,2,2,3,3,4	70.396702	0.001496	0.026727	0.304618	0.100347	0.259222	0.307591	0.160365	0.214041	0.064665	0.157438	0.017893	0.385598	0.160365	0.214041	0.064665	0.157438	0.017893	0.385598	0.071085	0.363416	0.102085	0.335233	0.098479	0.029702	0.071085	0.363416	0.102085	0.335233	0.098479	0.029702	0.170133	0.217433	0.157956	0.111288	0.300010	0.043180	1,2,3,4,3,5	71.847563	0.216352	2.333274	1.116905	0.207500	1.116905	0.951631	
450000	-114828	1,2,3,2,1,4	72.969996	6.717714	5.091972	6.130202	5.091972	6.717714	5.099178	1,2,3,1,4,1	71.506578	0.487500	0.187233	0.045396	0.279870	0.297278	0.073432	0.540579	0.088711	0.212576	0.054008	0.276449	0.456968	0.487500	0.187233	0.045396	0.279870	0.360716	0.098239	0.386285	0.154761	0.487500	0.187233	0.045396	0.279870	1,2,3,4,5,6	71.729549	0.026532	0.022526	0.535144	0.121096	0.092978	0.201724	0.024342	0.091577	0.257674	0.165481	0.108706	0.352220	0.253624	0.263312	0.035608	0.240675	0.004996	0.201784	0.096707	0.274238	0.234624	0.261951	0.107031	0.025449	0.256882	0.384958	0.046662	0.198853	0.108462	0.004184	0.068400	0.046622	0.051029	0.123389	0.303725	0.406835	1,2,3,1,4,3	71.842206	0.226960	3.188072	0.829984	0.226960	1.041962	0.829984	
451000	-116084	1,2,3,4,5,6	72.055176	5.877781	5.413324	5.315808	6.116880	6.859060	6.108314	1,2,3,4,2,1	72.535709	0.356270	0.191559	0.092263	0.359908	0.343209	0.100035	0.449591	0.107165	0.220396	0.131164	0.142411	0.506028	0.302463	0.415769	0.061689	0.220079	0.343209	0.100035	0.449591	0.107165	0.356270	0.191559	0.092263	0.359908	1,2,3,4,5,6	71.627370	0.058480	0.071340	0.585591	0.250318	0.025397	0.008874	0.066518	0.060439	0.218006	0.093512	0.099429	0.462096	0.186682	0.170688	0.115263	0.190504	0.055681	0.281182	0.033938	0.183340	0.082591	0.191863	0.242980	0.265288	0.458653	0.352882	0.159038	0.013505	0.005518	0.010404	0.150093	0.009190	0.221070	0.105792	0.315630	0.198224	1,2,3,1,3,4	71.667931	0.285112	2.442852	0.904026	0.285112	0.904026	0.922474	
452000	-117872	1,2,2,3,4,5	70.862828	4.973307	5.335077	5.335077	6.768547	5.569677	6.236112	1,2,3,1,4,5	71.541988	0.594714	0.195430	0.044072	0.165784	0.159339	0.110538	0.433486	0.296637	0.133608	0.120135	0.344765	0.401492	0.594714	0.195430	0.044072	0.165784	0.282934	0.067255	0.341201	0.308610	0.303570	0.309211	0.087679	0.299539	1,2,2,1,3,4	70.687436	0.035320	0.025236	0.271706	0.327557	0.140891	0.199290	0.004138	0.299572	0.287870	0.118279	0.045394	0.244746	0.004138	0.299572	0.287870	0.118279	0.045394	0.244746	0.035320	0.025236	0.271706	0.327557	0.140891	0.199290	0.081280	0.164361	0.232209	0.163271	0.260486	0.098394	0.108368	0.103913	0.128275	0.076907	0.250741	0.331796	1,2,3,4,5,6	70.534576	0.298080	2.333049	0.766639	0.290891	0.777146	1.069657	
453000	-117534	1,2,3,1,4,5	71.534672	4.778721	5.735871	5.605767	4.778721	5.921818	6.271771	1,2,3,1,4,5	69.511500	0.596547	0.143278	0.069810	0.190365	0.060499	0.108844	0.495510	0.335147	0.150891	0.010005	0.197615	0.641488	0.596547	0.143278	0.069810	0.190365	0.339130	0.278158	0.232756	0.149955	0.277800	0.335507	0.047518	0.339175	1,2,3,4,5,6	71.933094	0.065542	0.234494	0.365773	0.157091	0.091685	0.085415	0.149072	0.193596	0.267850	0.093505	0.044663	0.251314	0.149019	0.101625	0.106541	0.583895	0.027475	0.031446	0.029528	0.074281	0.049061	0.434602	0.260937	0.151592	0.116673	0.311378	0.002385	0.336658	0.077805	0.155101	0.110499	0.029064	0.152590	0.263542	0.182025	0.262281	1,2,3,1,4,4	72.276056	0.285216	2.092591	0.748021	0.285216	0.958012	0.958012	
454000	-116769	1,2,3,4,5,4	70.864375	6.348607	5.070985	5.475661	5.067802	6.346017	5.067802	1,2,3,4,3,5	71.571252	0.486195	0.094930	0.120434	0.298442	0.156951	0.154755	0.582795	0.105500	0.299412	0.083443	0.355294	0.261851	0.392015	0.334133	0.099191	0.174661	0.299412	0.083443	0.355294	0.261851	0.279653	0.075145	0.127240	0.517962	1,2,3,3,4,5	71.865756	0.112817	0.002238	0.520609	0.086306	0.069001	0.209028	0.006973	0.240941	0.181306	0.116170	0.032959	0.421651	0.024715	0.240322	0.139019	0.354805	0.041097	0.200041	0.024715	0.240322	0.139019	0.354805	0.041097	0.200041	0.010358	0.261334	0.070915	0.524290	0.025530	0.107572	0.338393	0.125989	0.093836	0.014461	0.298492	0.128828	1,2,3,4,5,6	69.828253	0.269194	2.402868	0.753211	0.162550	0.922763	1.046194	
455000	-117013	1,2,1,3,4,1	70.550878	5.118852	6.311488	5.118852	6.539394	6.189321	5.118852	1,2,1,3,2,4	70.243514	0.337350	0.070195	0.099726	0.492729	0.359327	0.067444	0.426368	0.146861	0.337350	0.070195	0.099726	0.492729	0.700058	0.168661	0.053138	0.078143	0.359327	0.067444	0.426368	0.146861	0.472343	0.096141	0.059843	0.371673	1,2,3,4,5,5	71.272523	0.336595	0.043830	0.389316	0.088406	0.012999	0.128854	0.335575	0.067673	0.122558	0.223440	0.009352	0.241402	0.038769	0.227028	0.054851	0.244208	0.062209	0.372936	0.032508	0.067447	0.370232	0.392682	0.056348	0.080782	0.211749	0.207699	0.031627	0.263544	0.200023	0.085358	0.211749	0.207699	0.031627	0.263544	0.200023	0.085358	1,2,3,1,4,4	71.694953	0.286525	2.407229	0.903251	0.286525	0.965792	0.965792	
456000	-118060	1,2,3,3,4,5	71.883922	5.537810	5.379587	4.877447	4.877447	6.679274	5.867002	1,2,3,4,1,5	71.789331	0.431049	0.171870	0.222399	0.174682	0.349317	0.014539	0.329349	0.306795	0.069836	0.263801	0.314629	0.351734	0.457237	0.400685	0.099929	0.042150	0.431049	0.171870	0.222399	0.174682	0.133759	0.229899	0.089807	0.546535	1,2,3,4,5,4	72.190668	0.156884	0.095223	0.284460	0.126541	0.049905	0.286987	0.094356	0.043454	0.086838	0.354508	0.170676	0.250168	0.054621	0.441496	0.181636	0.082913	0.096897	0.142437	0.092432	0.126688	0.193042	0.180811	0.183704	0.223322	0.009872	0.432220	0.078784	0.340245	0.047235	0.091645	0.092432	0.126688	0.193042	0.180811	0.183704	0.223322	1,2,3,4,3,5	72.421371	0.404363	3.363144	0.939544	0.142873	0.939544	0.933923	
457000	-116407	1,2,3,3,4,5	70.726654	5.693850	5.776085	4.014775	4.014775	5.561965	5.831362	1,2,3,1,4,3	70.455928	0.520242	0.225015	0.031095	0.223648	0.131054	0.058266	0.632777	0.177903	0.201799	0.127280	0.108543	0.562378	0.520242	0.225015	0.031095	0.223648	0.314188	0.047736	0.280032	0.358044	0.201799	0.127280	0.108543	0.562378	1,2,3,4,5,6	72.163000	0.179163	0.034352	0.203928	0.378266	0.026681	0.177611	0.145403	0.119394	0.109398	0.258854	0.118853	0.248098	0.201063	0.249792	0.107971	0.242726	0.038369	0.160079	0.063401	0.155086	0.103938	0.425055	0.245574	0.006946	0.183619	0.291653	0.066408	0.318012	0.103974	0.036335	0.045568	0.005895	0.253937	0.156173	0.295037	0.243389	1,2,3,4,5,6	70.676194	0.386995	2.407561	0.895734	0.250996	1.297121	1.180860	
458000	-116649	1,1,2,3,4,5	71.571373	5.228931	5.228931	5.602877	5.291169	6.697600	6.002815	1,2,3,1,2,4	72.135666	0.503971	0.248354	0.049529	0.198146	0.389953	0.165267	0.371554	0.073226	0.339548	0.055343	0.120575	0.484534	0.503971	0.248354	0.049529	0.198146	0.389953	0.165267	0.371554	0.073226	0.336670	0.297313	0.051928	0.314089	1,2,3,4,5,2	71.237510	0.077467	0.309849	0.415567	0.101072	0.064969	0.031077	0.127186	0.085192	0.110342	0.021341	0.355228	0.300711	0.186420	0.125187	0.101202	0.396896	0.067429	0.122867	0.067978	0.083133	0.134898	0.176885	0.392536	0.144570	0.074780	0.378587	0.094416	0.405091	0.010936	0.036190	0.127186	0.085192	0.110342	0.021341	0.355228	0.300711	1,2,3,4,5,3	71.670922	0.249345	1.972006	0.885740	0.152197	0.965367	0.885740	
459000	-115549	1,2,3,4,5,6	70.832487	5.724577	5.538680	5.530629	5.165967	6.626109	6.388051	1,2,3,4,5,6	70.751564	0.433030	0.157008	0.111242	0.298720	0.402677	0.020289	0.437523	0.139511	0.233104	0.177151	0.235027	0.354718	0.600002	0.168285	0.074018	0.157695	0.444807	0.136235	0.308253	0.110705	0.242477	0.183149	0.088637	0.485736	1,2,2,3,4,5	71.499409	0.189343	0.007623	0.497596	0.051967	0.097048	0.156423	0.054565	0.142338	0.138700	0.322938	0.132629	0.208830	0.054565	0.142338	0.138700	0.322938	0.132629	0.208830	0.034823	0.312654	0.178675	0.132111	0.281226	0.060512	0.058700	0.468367	0.132559	0.146018	0.124611	0.069745	0.074396	0.137123	0.100571	0.242945	0.375077	0.069888	1,2,3,4,5,6	72.098628	0.248096	1.880880	0.763497	0.232520	1.080542	1.001949	
460000	-117232	1,2,3,1,4,5	70.360281	3.736996	5.970681	5.829191	3.736996	5.864618	5.940559	1,2,1,3,4,1	72.733608	0.247672	0.169509	0.147376	0.435443	0.061654	0.089318	0.716550	0.132478	0.247672	0.169509	0.147376	0.435443	0.685439	0.144125	0.057648	0.112787	0.279666	0.236065	0.408454	0.075816	0.247672	0.169509	0.147376	0.435443	1,2,3,4,5,5	69.768161	0.301197	0.200827	0.339579	0.067157	0.076342	0.014897	0.049152	0.156384	0.260085	0.369543	0.004251	0.160586	0.279240	0.267911	0.082349	0.231789	0.022358	0.116353	0.059434	0.285156	0.060608	0.252846	0.272162	0.069794	0.124688	0.276996	0.178505	0.079986	0.247276	0.092549	0.124688	0.276996	0.178505	0.079986	0.247276	0.092549	1,2,3,4,5,6	70.860402	0.215610	2.212431	0.848307	0.178165	0.830124	0.967226	
461000	-118226	1,2,3,4,5,6	72.504588	5.423781	5.962657	5.263051	5.541504	5.501013	6.129374	1,2,3,4,5,6	71.468242	0.234959	0.198604	0.171239	0.395198	0.483703	0.171126	0.207667	0.137504	0.142809	0.296906	0.181048	0.379236	0.573480	0.197731	0.146597	0.082192	0.527999	0.207177	0.218766	0.046058	0.351948	0.227077	0.035065	0.385909	1,2,3,4,5,6	69.769621	0.035665	0.079512	0.503802	0.161466	0.081398	0.138157	0.115424	0.118673	0.188453	0.146216	0.015877	0.415357	0.107293	0.263424	0.356758	0.052073	0.081039	0.139414	0.025046	0.084006	0.243356	0.140747	0.222633	0.284213	0.159961	0.401627	0.062298	0.348185	0.016156	0.011774	0.130342	0.085075	0.141290	0.359711	0.159886	0.123696	1,2,3,4,5,6	72.775153	0.211881	3.150057	0.547272	0.190642	0.974925	1.005883	
462000	-118391	1,2,3,3,4,5	71.595567	5.580457	6.041847	5.079187	5.079187	6.339634	5.962528	1,2,1,3,4,1	70.583783	0.362977	0.208462	0.090609	0.337952	0.568999	0.024295	0.242350	0.164356	0.362977	0.208462	0.090609	0.337952	0.168007	0.549977	0.143024	0.138992	0.330974	0.199557	0.380277	0.089192	0.362977	0.208462	0.090609	0.337952	1,2,3,2,4,2	71.863073	0.086900	0.005318	0.289819	0.455481	0.036316	0.126166	0.023303	0.047096	0.189814	0.237555	0.270742	0.231490	0.097952	0.126443	0.147631	0.225908	0.113799	0.288266	0.023303	0.047096	0.189814	0.237555	0.270742	0.231490	0.148279	0.347442	0.100740	0.106758	0.164527	0.132253	0.023303	0.047096	0.189814	0.237555	0.270742	0.231490	1,2,3,4,5,6	70.471552	0.301788	3.371493	0.693339	0.151834	0.841341	1.040408	
463000	-118557	1,2,3,4,5,6	71.634327	5.680408	6.240902	7.786153	6.294825	7.329932	6.729349	1,2,3,4,2,3	71.745582	0.442930	0.074271	0.117667	0.365132	0.368685	0.046279	0.479582	0.105454	0.265861	0.081167	0.144245	0.508727	0.525266	0.297739	0.121350	0.055645	0.368685	0.046279	0.479582	0.105454	0.265861	0.081167	0.144245	0.508727	1,2,1,3,4,5	70.679950	0.252572	0.121452	0.269165	0.303748	0.005840	0.047223	0.240822	0.113843	0.195379	0.139351	0.131824	0.178782	0.252572	0.121452	0.269165	0.303748	0.005840	0.047223	0.005641	0.312680	0.117149	0.467128	0.077442	0.019960	0.197972	0.405592	0.231033	0.124019	0.033875	0.007509	0.146065	0.257708	0.107657	0.026712	0.165986	0.295872	1,2,3,4,5,5	71.254947	0.350351	2.454201	0.763455	0.205142	0.946473	0.946473	
464000	-115762	1,2,3,4,5,6	71.413624	4.980586	5.890579	5.529514	4.978765	7.036417	5.814631	1,2,3,4,5,6	71.345622	0.544266	0.129036	0.048140	0.278558	0.137575	0.003829	0.750413	0.108182	0.103706	0.055637	0.362448	0.478209	0.364589	0.442551	0.128407	0.064453	0.469442	0.048757	0.331128	0.150674	0.353907	0.214538	0.079177	0.352378	1,1,2,3,2,4	70.434111	0.145232	0.061910	0.356740	0.169430	0.065043	0.201647	0.145232	0.061910	0.356740	0.169430	0.065043	0.201647	0.089954	0.196269	0.159841	0.327573	0.188920	0.037443	0.016645	0.147377	0.308450	0.065910	0.073248	0.388369	0.089954	0.196269	0.159841	0.327573	0.188920	0.037443	0.107619	0.238432	0.058140	0.159976	0.157975	0.277858	1,2,3,1,4,5	71.373587	0.275250	2.941193	0.740463	0.275250	0.999597	1.055005	
465000	-116921	1,2,3,4,5,6	72.944791	5.394474	5.451262	5.432783	4.620657	6.746674	6.500114	1,2,3,4,2,5	72.338467	0.493063	0.142977	0.142996	0.220963	0.414365	0.049473	0.467138	0.069024	0.064352	0.160886	0.518589	0.256173	0.605158	0.183248	0.049178	0.162416	0.414365	0.049473	0.467138	0.069024	0.277935	0.173496	0.117432	0.431137	1,2,3,3,4,5	70.977584	0.036046	0.192228	0.499247	0.163794	0.047847	0.060838	0.316908	0.038158	0.070807	0.087204	0.233065	0.253857	0.156171	0.214667	0.114253	0.311854	0.063697	0.139358	0.156171	0.214667	0.114253	0.311854	0.063697	0.139358	0.142642	0.283839	0.091656	0.361504	0.017727	0.102632	0.069373	0.073523	0.224149	0.105918	0.357543	0.169495	1,2,3,4,5,6	70.604639	0.284536	2.373050	0.915263	0.194606	1.021710	0.995857	
466000	-115791	1,2,3,4,5,6	70.221889	5.610151	5.641867	6.019743	5.087953	6.150993	5.769207	1,2,3,4,5,1	72.334152	0.330173	0.124548	0.036192	0.509087	0.171578	0.032629	0.688728	0.107064	0.195414	0.122621	0.265614	0.416350	0.474057	0.293986	0.129904	0.102053	0.441057	0.190214	0.264787	0.103942	0.330173	0.124548	0.036192	0.509087	1,2,3,2,3,2	73.949065	0.321026	0.126792	0.311744	0.071278	0.121618	0.047541	0.081549	0.138185	0.164265	0.235106	0.169512	0.211384	0.225477	0.382603	0.131895	0.100034	0.024407	0.135584	0.081549	0.138185	0.164265	0.235106	0.169512	0.211384	0.225477	0.382603	0.131895	0.100034	0.024407	0.135584	0.081549	0.138185	0.164265	0.235106	0.169512	0.211384	1,2,3,1,4,4	72.070206	0.413747	2.868778	0.884661	0.413747	1.015823	1.015823	
467000	-118491	1,2,3,4,5,4	70.114816	5.281906	6.015843	5.893630	4.433447	6.628333	4.433447	1,2,2,1,3,4	70.893089	0.512036	0.266131	0.053806	0.168027	0.305385	0.040131	0.492382	0.162102	0.305385	0.040131	0.492382	0.162102	0.512036	0.266131	0.053806	0.168027	0.431026	0.121305	0.357657	0.090011	0.229644	0.153921	0.486751	0.129685	1,2,3,3,3,4	70.921969	0.027463	0.083956	0.550112	0.136732	0.032073	0.169665	0.117309	0.103099	0.139568	0.214783	0.060393	0.364848	0.046085	0.257810	0.063362	0.328425	0.165402	0.138916	0.046085	0.257810	0.063362	0.328425	0.165402	0.138916	0.046085	0.257810	0.063362	0.328425	0.165402	0.138916	0.149570	0.096382	0.318903	0.054975	0.218802	0.161367	1,2,3,4,5,6	71.550086	0.304014	3.895059	0.679317	0.129871	0.947239	0.856413	
468000	-115986	1,2,3,4,5,6	72.498739	5.852327	5.083296	6.064899	5.004165	6.813805	5.543901	1,2,3,1,2,4	71.244157	0.471886	0.216618	0.071987	0.239509	0.418634	0.034140	0.376098	0.171128	0.092678	0.091992	0.405038	0.410292	0.471886	0.216618	0.071987	0.239509	0.418634	0.034140	0.376098	0.171128	0.273159	0.365749	0.139884	0.221208	1,2,3,2,4,5	70.821070	0.046339	0.086287	0.520967	0.042342	0.095672	0.208394	0.047713	0.177822	0.081716	0.351339	0.120086	0.221324	0.130704	0.293996	0.103628	0.293690	0.099979	0.078003	0.047713	0.177822	0.081716	0.351339	0.120086	0.221324	0.294729	0.333788	0.018929	0.165331	0.151066	0.036157	0.080987	0.136611	0.273186	0.006637	0.198859	0.303720	1,2,3,1,4,5	70.265565	0.244485	1.741189	0.712561	0.244485	1.035456	1.111543	
469000	-116190	1,2,3,1,4,5	71.005404	3.673385	5.761944	5.750288	3.673385	7.104854	6.213225	1,1,2,3,1,4	70.341089	0.320900	0.076816	0.430417	0.171867	0.320900	0.076816	0.430417	0.171867	0.174879	0.100929	0.320395	0.403797	0.577897	0.148620	0.133737	0.139746	0.320900	0.076816	0.430417	0.171867	0.297711	0.386339	0.015670	0.300280	1,2,3,4,5,2	72.587428	0.195935	0.020627	0.442600	0.031401	0.288595	0.020842	0.115525	0.111117	0.135167	0.185642	0.209039	0.243510	0.206115	0.287031	0.208648	0.115972	0.025508	0.156726	0.115494	0.023229	0.184323	0.027502	0.494203	0.155249	0.209832	0.470601	0.098026	0.037663	0.129777	0.054101	0.115525	0.111117	0.135167	0.185642	0.209039	0.243510	1,2,3,4,5,5	69.955580	0.309659	1.898758	0.824986	0.222984	1.002946	1.002946	
470000	-117435	1,2,2,3,3,4	70.087089	5.756084	4.912900	4.912900	6.912472	6.912472	6.473572	1,2,3,1,2,4	70.446078	0.323177	0.280543	0.108783	0.287497	0.404470	0.064411	0.465892	0.065228	0.138725	0.230163	0.171524	0.459588	0.323177	0.280543	0.108783	0.287497	0.404470	0.064411	0.465892	0.065228	0.278948	0.215880	0.067505	0.437667	1,2,3,4,3,5	71.779875	0.044327	0.075707	0.172804	0.037751	0.202981	0.466430	0.008777	0.103205	0.114034	0.093473	0.204897	0.475614	0.272579	0.352042	0.089750	0.115499	0.041295	0.128836	0.041771	0.192135	0.102796	0.526183	0.079632	0.057483	0.272579	0.352042	0.089750	0.115499	0.041295	0.128836	0.168194	0.020731	0.215250	0.080873	0.197177	0.317775	1,2,3,4,5,3	71.918044	0.300992	3.254818	0.837906	0.294991	1.030812	0.837906	
471000	-115606	1,2,2,3,4,5	71.635731	6.451482	5.419130	5.419130	5.378658	5.764780	5.899332	1,2,3,4,5,6	74.168497	0.454943	0.112602	0.122990	0.309466	0.073867	0.016384	0.819055	0.090694	0.069327	0.081785	0.305198	0.543690	0.458284	0.365601	0.105012	0.071102	0.347278	0.262590	0.280357	0.109775	0.078461	0.273602	0.050865	0.597072	1,2,3,4,3,5	72.385252	0.116106	0.087497	0.526204	0.068265	0.136267	0.065661	0.062275	0.100240	0.084003	0.365034	0.235229	0.153219	0.120378	0.399729	0.116585	0.179564	0.011958	0.171786	0.006184	0.008202	0.083544	0.077293	0.029629	0.795148	0.120378	0.399729	0.116585	0.179564	0.011958	0.171786	0.167961	0.029303	0.143552	0.383017	0.145900	0.130267	1,2,3,4,5,6	70.006866	0.303328	2.987536	0.846676	0.160023	0.862794	0.964082	
472000	-117285	1,2,3,4,5,6	71.134790	5.590085	5.520204	5.085510	7.365308	5.385989	5.631072	1,2,3,4,2,1	71.056700	0.285601	0.271234	0.015523	0.427642	0.251577	0.074941	0.592844	0.080638	0.062457	0.145299	0.141844	0.650400	0.550307	0.148657	0.131620	0.169416	0.251577	0.074941	0.592844	0.080638	0.285601	0.271234	0.015523	0.427642	1,2,3,1,3,4	72.633424	0.076548	0.017270	0.226712	0.249667	0.162729	0.267074	0.127185	0.138960	0.209677	0.159953	0.050976	0.313248	0.361363	0.208735	0.141860	0.124367	0.064994	0.098681	0.076548	0.017270	0.226712	0.249667	0.162729	0.267074	0.361363	0.208735	0.141860	0.124367	0.064994	0.098681	0.091739	0.298889	0.056988	0.256291	0.123251	0.172841	1,2,3,4,5,6	72.238326	0.328855	1.788251	0.967621	0.242329	0.841939	0.987591	
473000	-116569	1,2,3,1,2,4	71.552886	4.613500	6.226445	5.790361	4.613500	6.226445	5.785475	1,2,3,4,2,3	71.017641	0.718369	0.030853	0.074664	0.176114	0.324570	0.119305	0.426672	0.129453	0.171108	0.191813	0.174021	0.463058	0.470894	0.181743	0.102942	0.244421	0.324570	0.119305	0.426672	0.129453	0.171108	0.191813	0.174021	0.463058	1,2,3,2,3,4	71.263620	0.044603	0.037283	0.334024	0.215048	0.357859	0.011182	0.101447	0.057915	0.107466	0.100923	0.412436	0.219813	0.107709	0.461212	0.125181	0.200107	0.038515	0.067276	0.101447	0.057915	0.107466	0.100923	0.412436	0.219813	0.107709	0.461212	0.125181	0.200107	0.038515	0.067276	0.262058	0.059456	0.260274	0.032342	0.287350	0.098521	1,2,3,4,3,3	73.147933	0.268975	2.703959	0.914960	0.203600	0.914960	0.914960	
474000	-116039	1,2,3,2,4,5	71.881192	5.865928	5.390844	5.782530	5.390844	6.144880	5.831741	1,2,3,4,5,1	69.860132	0.336741	0.193446	0.036576	0.433237	0.212625	0.189613	0.464163	0.133599	0.251024	0.129262	0.167541	0.452173	0.389174	0.221617	0.216128	0.173081	0.276181	0.119839	0.486071	0.117910	0.336741	0.193446	0.036576	0.433237	1,2,3,2,3,2	70.722769	0.076040	0.144629	0.426414	0.113425	0.174999	0.064493	0.115869	0.087648	0.136573	0.094045	0.266594	0.299270	0.189818	0.378881	0.096638	0.169956	0.040568	0.124139	0.115869	0.087648	0.136573	0.094045	0.266594	0.299270	0.189818	0.378881	0.096638	0.169956	0.040568	0.124139	0.115869	0.087648	0.136573	0.094045	0.266594	0.299270	1,2,3,4,5,3	71.118954	0.399190	2.272319	1.038503	0.184118	1.054790	1.038503	
475000	-116278	1,2,3,4,5,6	73.016214	5.352011	6.113041	6.411780	5.373083	6.290443	5.773781	1,2,3,4,2,1	72.628424	0.277386	0.160035	0.029740	0.532839	0.341970	0.087315	0.463742	0.106974	0.307652	0.054882	0.319772	0.317695	0.651167	0.152626	0.062829	0.133378	0.341970	0.087315	0.463742	0.106974	0.277386	0.160035	0.029740	0.532839	1,2,3,3,4,1	72.339894	0.146009	0.006699	0.139345	0.360238	0.167997	0.179713	0.092934	0.099528	0.174275	0.274135	0.023493	0.335634	0.007754	0.140938	0.101218	0.554545	0.099930	0.095615	0.007754	0.140938	0.101218	0.554545	0.099930	0.095615	0.303639	0.255605	0.029177	0.164050	0.158896	0.088633	0.146009	0.006699	0.139345	0.360238	0.167997	0.179713	1,2,3,1,4,4	70.485383	0.352134	4.178098	0.819154	0.352134	0.902800	0.902800	
476000	-115877	1,2,3,1,4,5	69.886157	5.262595	5.501786	5.804535	5.262595	6.236409	5.862293	1,2,3,1,2,4	70.624289	0.417487	0.171688	0.123873	0.286952	0.419513	0.096323	0.371311	0.112854	0.191348	0.104221	0.302980	0.401451	0.417487	0.171688	0.123873	0.286952	0.419513	0.096323	0.371311	0.112854	0.362937	0.198554	0.122712	0.315797	1,2,3,2,3,4	69.941637	0.026146	0.058373	0.573983	0.076202	0.045350	0.219946	0.149717	0.071444	0.192767	0.195525	0.057782	0.332765	0.261707	0.292189	0.099422	0.202898	0.007983	0.135801	0.149717	0.071444	0.192767	0.195525	0.057782	0.332765	0.261707	0.292189	0.099422	0.202898	0.007983	0.135801	0.056641	0.061526	0.094466	0.040893	0.345312	0.401163	1,2,3,1,4,5	69.708772	0.243333	4.479520	0.539214	0.243333	1.082765	0.958899	
477000	-115341	1,2,3,4,5,6	69.884038	5.491139	5.515468	5.883774	4.870242	6.327941	5.836382	1,2,3,4,5,6	70.466795	0.577832	0.144919	0.042313	0.234937	0.359379	0.078674	0.464243	0.097704	0.146789	0.126949	0.252410	0.473852	0.769337	0.143614	0.043953	0.043096	0.523146	0.081979	0.347526	0.047349	0.298198	0.190523	0.125132	0.386146	1,2,3,2,3,4	70.031940	0.106296	0.179082	0.393345	0.105601	0.033025	0.182651	0.031417	0.178844	0.130982	0.209881	0.055194	0.393682	0.179824	0.213727	0.151207	0.277401	0.002213	0.175628	0.031417	0.178844	0.130982	0.209881	0.055194	0.393682	0.179824	0.213727	0.151207	0.277401	0.002213	0.175628	0.293377	0.153602	0.121755	0.121147	0.236970	0.073148	1,2,3,4,3,5	71.512520	0.252425	3.102778	0.873685	0.197200	0.873685	0.929027	
478000	-118246	1,2,3,1,4,1	71.797473	4.616314	5.248685	5.988727	4.616314	6.430901	4.616314	1,2,2,3,4,1	72.989529	0.254416	0.083808	0.083403	0.578373	0.187208	0.051360	0.420636	0.340796	0.187208	0.051360	0.420636	0.340796	0.575582	0.104362	0.061209	0.258847	0.296658	0.021436	0.557035	0.124871	0.254416	0.083808	0.083403	0.578373	1,2,2,3,4,5	70.092210	0.283648	0.069072	0.139937	0.277972	0.136131	0.093241	0.006167	0.201436	0.158857	0.323742	0.137541	0.172256	0.006167	0.201436	0.158857	0.323742	0.137541	0.172256	0.007627	0.291973	0.061190	0.544577	0.069004	0.025630	0.064860	0.281398	0.100718	0.276703	0.171197	0.105124	0.139062	0.142570	0.137163	0.098176	0.408018	0.075011	1,2,3,1,3,3	69.344934	0.388882	1.267296	0.920185	0.388882	0.920185	0.920185	
479000	-116050	1,2,3,4,5,6	71.945421	5.097196	5.807308	5.906817	4.948924	5.557062	5.909943	1,2,3,2,2,4	70.282547	0.491953	0.095877	0.105493	0.306677	0.395995	0.057721	0.388164	0.158120	0.112864	0.125618	0.351402	0.410116	0.395995	0.057721	0.388164	0.158120	0.395995	0.057721	0.388164	0.158120	0.145412	0.363141	0.150540	0.340907	1,2,3,4,3,5	70.257315	0.097976	0.027312	0.485284	0.133269	0.130490	0.125669	0.042860	0.162317	0.149563	0.051578	0.037856	0.555827	0.323297	0.290662	0.113022	0.208122	0.027684	0.037213	0.209291	0.058165	0.268320	0.052503	0.211322	0.200399	0.323297	0.290662	0.113022	0.208122	0.027684	0.037213	0.111373	0.056251	0.234205	0.071734	0.281578	0.244860	1,2,3,1,4,5	71.277075	0.262204	1.722522	0.781216	0.262204	0.977796	0.970865	
480000	-117994	1,2,3,4,5,6	69.021629	5.617170	6.183716	5.818363	5.817492	5.789305	6.009373	1,2,3,4,2,5	69.844341	0.483946	0.146120	0.100848	0.269085	0.266430	0.244028	0.384898	0.104645	0.114754	0.105267	0.328998	0.450981	0.406291	0.231261	0.234556	0.127892	0.266430	0.244028	0.384898	0.104645	0.117544	0.489407	0.076898	0.316152	1,2,3,1,4,5	72.089780	0.051957	0.023145	0.575012	0.153662	0.195304	0.000920	0.239209	0.038104	0.177636	0.065892	0.123486	0.355674	0.024997	0.152540	0.303299	0.259505	0.137319	0.122339	0.051957	0.023145	0.575012	0.153662	0.195304	0.000920	0.139624	0.537401	0.075995	0.048678	0.058860	0.139442	0.311285	0.078047	0.216383	0.019554	0.156550	0.218181	1,2,3,4,5,5	70.815158	0.152590	1.459445	0.909612	0.193692	0.906369	0.906369	
481000	-116335	1,2,3,4,5,6	71.447926	6.139065	5.481389	5.164954	5.124365	6.352593	6.180068	1,2,3,4,4,5	68.998830	0.372779	0.171277	0.045786	0.410158	0.300982	0.023085	0.567096	0.108837	0.250118	0.133112	0.424288	0.192481	0.348228	0.175794	0.343444	0.132533	0.348228	0.175794	0.343444	0.132533	0.237288	0.243718	0.094741	0.424254	1,2,3,1,4,5	72.553149	0.131327	0.034804	0.456738	0.073219	0.115978	0.187934	0.101745	0.112725	0.276807	0.152722	0.120388	0.235613	0.207832	0.229094	0.113054	0.181157	0.113405	0.155458	0.131327	0.034804	0.456738	0.073219	0.115978	0.187934	0.111088	0.443468	0.029636	0.343408	0.055167	0.017234	0.142509	0.344187	0.058778	0.106658	0.177221	0.170645	1,2,3,4,5,6	71.208366	0.395969	3.272030	0.597406	0.170605	0.987366	0.984445	
482000	-115523	1,1,2,2,3,4	71.516036	5.478866	5.478866	4.870649	4.870649	6.399273	4.979009	1,2,3,4,2,1	70.288952	0.466031	0.221972	0.054972	0.257025	0.446715	0.081143	0.330549	0.141593	0.097225	0.094317	0.158540	0.649917	0.573930	0.208579	0.053358	0.164132	0.446715	0.081143	0.330549	0.141593	0.466031	0.221972	0.054972	0.257025	1,2,3,4,3,4	71.108699	0.063149	0.056779	0.263512	0.143187	0.342699	0.130675	0.235828	0.118297	0.089301	0.156294	0.050236	0.350042	0.184064	0.376197	0.097890	0.243224	0.036494	0.062131	0.041876	0.092802	0.071573	0.217244	0.320064	0.256441	0.184064	0.376197	0.097890	0.243224	0.036494	0.062131	0.041876	0.092802	0.071573	0.217244	0.320064	0.256441	1,2,3,4,5,6	71.984866	0.339354	2.168053	0.886860	0.223364	1.259663	0.918691	
483000	-116105	1,2,3,2,4,5	69.581714	5.417729	4.493584	5.465816	4.493584	6.209031	5.887033	1,2,3,1,4,5	71.172932	0.543375	0.152414	0.086859	0.217352	0.419812	0.052354	0.372127	0.155706	0.122787	0.154915	0.151994	0.570304	0.543375	0.152414	0.086859	0.217352	0.290447	0.232487	0.391218	0.085847	0.173661	0.186296	0.022459	0.617583	1,2,3,4,5,6	71.738841	0.104719	0.057384	0.485413	0.086543	0.030304	0.235638	0.010051	0.074191	0.057302	0.531033	0.212139	0.115284	0.090455	0.396113	0.216533	0.056921	0.051430	0.188548	0.103633	0.239583	0.185111	0.334529	0.122057	0.015086	0.212114	0.314097	0.305769	0.081291	0.027255	0.059474	0.140500	0.032608	0.081169	0.387726	0.156520	0.201477	1,2,3,4,3,5	71.526947	0.276901	1.818676	0.909299	0.216123	0.909299	1.115046	
484000	-115964	1,2,3,4,5,6	71.264681	4.875208	5.130953	6.589789	4.769613	5.914561	6.121919	1,2,3,1,4,5	72.201208	0.664912	0.093659	0.078738	0.162690	0.205424	0.151907	0.494039	0.148630	0.141503	0.076752	0.122213	0.659532	0.664912	0.093659	0.078738	0.162690	0.524106	0.135106	0.310844	0.029944	0.160097	0.300921	0.101202	0.437781	1,2,3,3,3,4	71.754391	0.089450	0.017849	0.284978	0.257387	0.236848	0.113488	0.190679	0.259254	0.086787	0.069304	0.163066	0.230910	0.075411	0.389785	0.080300	0.250563	0.042821	0.161121	0.075411	0.389785	0.080300	0.250563	0.042821	0.161121	0.075411	0.389785	0.080300	0.250563	0.042821	0.161121	0.170726	0.034358	0.152189	0.173489	0.252629	0.216609	1,2,3,4,5,6	70.350707	0.283746	3.282944	0.661037	0.205012	1.203505	0.889131	
485000	-117136	1,2,3,3,4,5	71.487686	5.666624	5.563432	5.190816	5.190816	6.115614	5.790663	1,2,3,4,2,5	73.325676	0.308485	0.105428	0.225223	0.360864	0.371918	0.199964	0.329998	0.098120	0.054830	0.067310	0.181930	0.695930	0.388466	0.131374	0.051593	0.428566	0.371918	0.199964	0.329998	0.098120	0.091489	0.463636	0.042075	0.402801	1,2,3,4,3,2	69.322565	0.228350	0.001672	0.299454	0.161920	0.260072	0.048533	0.035776	0.229497	0.175629	0.165664	0.054694	0.338741	0.077339	0.461662	0.107361	0.175051	0.081096	0.097491	0.196684	0.233889	0.092915	0.196708	0.075733	0.204071	0.077339	0.461662	0.107361	0.175051	0.081096	0.097491	0.035776	0.229497	0.175629	0.165664	0.054694	0.338741	1,2,3,1,4,5	71.277910	0.296337	2.425234	0.886282	0.296337	0.937193	1.154762	
486000	-115148	1,2,3,3,4,4	70.911629	5.219138	5.757648	4.527404	4.527404	6.197208	6.197208	1,2,3,1,4,5	72.926268	0.567990	0.192301	0.033891	0.205818	0.307686	0.035484	0.567708	0.089122	0.083269	0.171501	0.234135	0.511095	0.567990	0.192301	0.033891	0.205818	0.285271	0.270923	0.375116	0.068691	0.216589	0.293032	0.021259	0.469120	1,2,3,1,3,2	70.158883	0.088692	0.207416	0.199320	0.284640	0.025001	0.194931	0.106109	0.072416	0.195660	0.098865	0.218105	0.308845	0.069377	0.364395	0.244994	0.134995	0.026964	0.159274	0.088692	0.207416	0.199320	0.284640	0.025001	0.194931	0.069377	0.364395	0.244994	0.134995	0.026964	0.159274	0.106109	0.072416	0.195660	0.098865	0.218105	0.308845	1,2,3,4,5,6	71.724829	0.344057	2.152236	0.882080	0.142270	1.000872	1.070133	
487000	-115728	1,2,3,1,4,4	71.895492	5.185674	5.496862	5.602011	5.185674	6.566317	6.566317	1,2,3,4,5,6	72.146997	0.376094	0.093658	0.163317	0.366931	0.153168	0.064047	0.517480	0.265304	0.173963	0.143416	0.235958	0.446663	0.543757	0.221467	0.121398	0.113378	0.311438	0.042372	0.557938	0.088251	0.150943	0.331308	0.124043	0.393706	1,2,2,3,4,5	70.831380	0.121183	0.131899	0.299352	0.256453	0.147502	0.043611	0.006574	0.264634	0.120807	0.211573	0.127314	0.269099	0.006574	0.264634	0.120807	0.211573	0.127314	0.269099	0.071164	0.061291	0.299715	0.333582	0.143032	0.091217	0.114502	0.388408	0.012655	0.179644	0.165006	0.139785	0.244796	0.010096	0.217361	0.017327	0.224245	0.286174	1,2,3,4,5,5	69.868461	0.343888	2.353458	0.878146	0.217551	1.086535	1.086535	
488000	-116669	1,2,2,3,4,5	71.634439	5.400504	4.660965	4.660965	6.607466	6.113870	6.839928	1,2,3,4,5,1	72.006015	0.362851	0.241710	0.110199	0.285240	0.079443	0.336372	0.484102	0.100083	0.169512	0.228999	0.198200	0.403289	0.662433	0.164017	0.061182	0.112367	0.502526	0.201096	0.287771	0.008607	0.362851	0.241710	0.110199	0.285240	1,2,3,1,3,4	72.005415	0.068499	0.126003	0.438281	0.166250	0.104623	0.096344	0.060985	0.225252	0.122147	0.075350	0.031638	0.484628	0.042156	0.308805	0.191703	0.142641	0.018796	0.295898	0.068499	0.126003	0.438281	0.166250	0.104623	0.096344	0.042156	0.308805	0.191703	0.142641	0.018796	0.295898	0.028020	0.307972	0.125868	0.101512	0.309583	0.127045	1,2,3,4,5,6	69.434485	0.255715	2.923968	0.983646	0.143948	1.116779	0.857211	
489000	-117810	1,1,1,1,2,3	71.495335	4.826799	4.826799	4.826799	4.826799	6.282693	5.936251	1,2,3,4,2,1	70.972253	0.237932	0.408648	0.033401	0.320019	0.337525	0.100875	0.487005	0.074595	0.177783	0.056922	0.212045	0.553250	0.319525	0.333472	0.147686	0.199317	0.337525	0.100875	0.487005	0.074595	0.237932	0.408648	0.033401	0.320019	1,2,2,3,4,5	71.387783	0.058919	0.134389	0.297415	0.338198	0.039636	0.131443	0.007327	0.244696	0.259285	0.066072	0.031540	0.391080	0.007327	0.244696	0.259285	0.066072	0.031540	0.391080	0.048690	0.011858	0.208014	0.151278	0.522591	0.057569	0.302673	0.198588	0.109639	0.166508	0.134533	0.088060	0.025373	0.071754	0.072316	0.083724	0.168649	0.578184	1,2,3,4,5,6	72.001125	0.511743	1.460985	0.696975	0.244336	0.863880	0.870926	
490000	-117088	1,2,1,1,3,4	72.744934	4.423757	5.549230	4.423757	4.423757	6.612976	6.046689	1,2,3,1,3,4	70.525871	0.569185	0.163128	0.076117	0.191569	0.238842	0.081510	0.392478	0.287170	0.305802	0.037856	0.312255	0.344087	0.569185	0.163128	0.076117	0.191569	0.305802	0.037856	0.312255	0.344087	0.213964	0.438000	0.015829	0.332207	1,2,2,2,3,4	71.445812	0.036506	0.013252	0.700725	0.152881	0.056510	0.040126	0.143887	0.149025	0.130332	0.302923	0.049766	0.224066	0.143887	0.149025	0.130332	0.302923	0.049766	0.224066	0.143887	0.149025	0.130332	0.302923	0.049766	0.224066	0.313126	0.242929	0.150843	0.275332	0.007656	0.010114	0.139500	0.196687	0.069126	0.271478	0.205821	0.117388	1,2,3,1,4,5	70.304009	0.265910	2.592005	0.758264	0.265910	0.926004	0.922585	
491000	-116845	1,2,3,4,5,6	70.551190	5.177509	5.692463	6.255949	4.564609	6.688070	6.316902	1,2,3,4,2,1	71.966391	0.363084	0.234585	0.049041	0.353290	0.342294	0.114074	0.432237	0.111395	0.183902	0.132582	0.300052	0.383463	0.560408	0.209299	0.043873	0.186419	0.342294	0.114074	0.432237	0.111395	0.363084	0.234585	0.049041	0.353290	1,2,3,2,3,4	70.754398	0.166995	0.157019	0.413958	0.130258	0.017645	0.114125	0.072873	0.233358	0.047828	0.170685	0.150349	0.324907	0.036402	0.196751	0.317504	0.271577	0.109958	0.067809	0.072873	0.233358	0.047828	0.170685	0.150349	0.324907	0.036402	0.196751	0.317504	0.271577	0.109958	0.067809	0.043284	0.033691	0.143570	0.017920	0.403636	0.357899	1,2,3,1,3,3	72.036664	0.274120	2.977737	0.805493	0.274120	0.805493	0.805493	
492000	-115897	1,2,3,1,4,5	71.513101	5.287311	5.624874	5.555386	5.287311	7.060099	6.663576	1,2,3,1,2,4	71.300584	0.475220	0.190090	0.081073	0.253617	0.333569	0.087148	0.485912	0.093370	0.051436	0.073429	0.381273	0.493862	0.475220	0.190090	0.081073	0.253617	0.333569	0.087148	0.485912	0.093370	0.136363	0.306411	0.157753	0.399472	1,2,3,3,4,5	70.438617	0.077134	0.108425	0.374592	0.201595	0.056427	0.181827	0.101936	0.125810	0.123844	0.212352	0.016994	0.419065	0.104955	0.157800	0.128250	0.382130	0.114437	0.112428	0.104955	0.157800	0.128250	0.382130	0.114437	0.112428	0.226055	0.461738	0.070314	0.077518	0.014079	0.150297	0.207986	0.159894	0.095923	0.088594	0.372023	0.075580	1,2,3,1,3,3	70.653979	0.270871	3.353299	0.972453	0.270871	0.972453	0.972453	
493000	-117574	1,2,3,1,4,5	72.438528	4.889349	5.291003	5.744204	4.889349	6.082335	5.951590	1,2,3,2,4,1	69.864469	0.352366	0.263566	0.044998	0.339070	0.314011	0.188005	0.316433	0.181551	0.114710	0.401444	0.184401	0.299446	0.314011	0.188005	0.316433	0.181551	0.397011	0.174442	0.340083	0.088464	0.352366	0.263566	0.044998	0.339070	1,2,3,4,3,2	72.407457	0.214898	0.160391	0.341595	0.034570	0.012980	0.235567	0.057974	0.236213	0.113896	0.082935	0.147615	0.361368	0.072183	0.494485	0.221966	0.121455	0.001642	0.088268	0.074891	0.104674	0.184379	0.134087	0.060232	0.441737	0.072183	0.494485	0.221966	0.121455	0.001642	0.088268	0.057974	0.236213	0.113896	0.082935	0.147615	0.361368	1,2,3,4,5,5	69.715120	0.241620	2.160289	0.758731	0.194709	1.032265	1.032265	
494000	-116182	1,2,3,1,4,5	70.256981	5.015363	5.491945	5.554296	5.015363	6.494280	7.483401	1,2,3,4,2,1	71.599582	0.236750	0.305128	0.146768	0.311354	0.322895	0.051644	0.502706	0.122756	0.144109	0.051158	0.226273	0.578460	0.428211	0.498382	0.005899	0.067508	0.322895	0.051644	0.502706	0.122756	0.236750	0.305128	0.146768	0.311354	1,2,3,3,4,5	71.146285	0.197634	0.070476	0.590210	0.047649	0.011099	0.082933	0.079409	0.106341	0.125428	0.231474	0.018871	0.438477	0.038370	0.276645	0.118278	0.098715	0.262661	0.205331	0.038370	0.276645	0.118278	0.098715	0.262661	0.205331	0.126963	0.372225	0.112335	0.220417	0.036119	0.131941	0.190275	0.062750	0.257855	0.014715	0.261559	0.212847	1,2,3,4,5,6	69.757688	0.252863	2.752203	0.825743	0.238288	0.859729	0.785156	
495000	-115754	1,2,3,1,4,5	70.998579	4.387422	5.176481	5.906210	4.387422	6.882667	5.670522	1,2,3,1,4,3	72.296032	0.467306	0.192315	0.144332	0.196047	0.326653	0.036389	0.566124	0.070834	0.175050	0.147882	0.121928	0.555140	0.467306	0.192315	0.144332	0.196047	0.472112	0.195935	0.269052	0.062901	0.175050	0.147882	0.121928	0.555140	1,2,3,4,3,4	70.502949	0.106505	0.238235	0.337527	0.076616	0.027721	0.213397	0.040085	0.046334	0.257225	0.232015	0.002799	0.421543	0.201625	0.392761	0.093625	0.167904	0.031122	0.112962	0.154541	0.090883	0.129211	0.220233	0.292596	0.112536	0.201625	0.392761	0.093625	0.167904	0.031122	0.112962	0.154541	0.090883	0.129211	0.220233	0.292596	0.112536	1,2,3,1,4,3	72.296336	0.293387	2.441036	1.015375	0.293387	1.116290	1.015375	
496000	-118508	1,2,3,4,5,6	69.516655	6.152999	5.564055	5.518622	5.097979	6.829883	5.582994	1,2,3,4,4,5	72.992739	0.368346	0.076062	0.045004	0.510588	0.067072	0.184609	0.587968	0.160351	0.067524	0.121700	0.424682	0.386094	0.436556	0.113197	0.382197	0.068050	0.436556	0.113197	0.382197	0.068050	0.241993	0.158962	0.234058	0.364987	1,2,3,4,5,3	71.101282	0.036000	0.044627	0.415499	0.228196	0.188652	0.087026	0.237539	0.145115	0.138096	0.097583	0.099508	0.282159	0.180043	0.169319	0.143381	0.110703	0.236609	0.159946	0.113716	0.012312	0.160197	0.010705	0.539598	0.163473	0.211799	0.232229	0.117939	0.284683	0.039965	0.113385	0.180043	0.169319	0.143381	0.110703	0.236609	0.159946	1,2,3,4,5,3	72.221978	0.333240	1.511296	0.934359	0.251981	0.988317	0.934359	
497000	-116204	1,2,3,1,4,5	71.312220	4.621124	5.524428	5.452493	4.621124	5.361267	6.417090	1,2,2,1,3,4	72.672751	0.610809	0.104749	0.064819	0.219623	0.313601	0.068495	0.447515	0.170389	0.313601	0.068495	0.447515	0.170389	0.610809	0.104749	0.064819	0.219623	0.446145	0.270643	0.244544	0.038668	0.181215	0.310841	0.056271	0.451673	1,2,3,3,4,2	73.141606	0.137007	0.001178	0.280980	0.217414	0.147300	0.216120	0.048954	0.124077	0.184667	0.062460	0.241094	0.338747	0.054398	0.144417	0.106312	0.399244	0.139364	0.156265	0.054398	0.144417	0.106312	0.399244	0.139364	0.156265	0.072806	0.374353	0.066068	0.166146	0.125724	0.194903	0.048954	0.124077	0.184667	0.062460	0.241094	0.338747	1,2,3,4,5,6	70.782853	0.271959	1.387452	0.624207	0.219131	0.988111	0.737285	
498000	-115629	1,2,3,2,3,4	71.556729	5.400997	4.521687	6.085966	4.521687	6.085966	5.440032	1,2,3,4,2,1	70.322071	0.427066	0.247205	0.050357	0.275372	0.400168	0.111930	0.327285	0.160618	0.147863	0.180028	0.256043	0.416066	0.644073	0.286485	0.039850	0.029592	0.400168	0.111930	0.327285	0.160618	0.427066	0.247205	0.050357	0.275372	1,2,2,3,4,3	70.458927	0.106639	0.235966	0.469647	0.076883	0.013936	0.096929	0.081574	0.199925	0.206561	0.163280	0.007861	0.340799	0.081574	0.199925	0.206561	0.163280	0.007861	0.340799	0.024811	0.020562	0.107625	0.099091	0.250512	0.497399	0.186773	0.433818	0.023628	0.129330	0.162103	0.064347	0.024811	0.020562	0.107625	0.099091	0.250512	0.497399	1,2,3,4,5,6	72.913130	0.265195	2.116480	0.901828	0.181049	1.061100	0.893109	
499000	-117289	1,1,2,1,3,4	72.688280	5.019542	5.019542	6.095888	5.019542	6.220895	6.139348	1,2,3,4,4,5	70.615992	0.250106	0.336401	0.070675	0.342818	0.339379	0.047928	0.563217	0.049476	0.081381	0.163646	0.191729	0.563245	0.257552	0.203937	0.430029	0.108482	0.257552	0.203937	0.430029	0.108482	0.149325	0.350307	0.069014	0.431354	1,2,3,4,3,1	70.899467	0.076035	0.172976	0.262619	0.126550	0.168257	0.193564	0.256399	0.073555	0.137584	0.089440	0.040521	0.402501	0.083702	0.343602	0.077659	0.399304	0.037601	0.058133	0.127331	0.019717	0.320289	0.058501	0.311419	0.162744	0.083702	0.343602	0.077659	0.399304	0.037601	0.058133	0.076035	0.172976	0.262619	0.126550	0.168257	0.193564	1,2,3,4,5,6	70.814905	0.318071	1.151317	0.724207	0.280855	1.065281	0.953439	
500000	-116816	1,2,3,4,5,6	70.388108	5.615052	5.461855	5.652504	5.056549	6.301512	6.420802	1,2,3,4,2,5	73.774401	0.536147	0.132864	0.047870	0.283120	0.280284	0.188666	0.448871	0.082180	0.294216	0.061745	0.170134	0.473904	0.447151	0.207744	0.056764	0.288341	0.280284	0.188666	0.448871	0.082180	0.117596	0.388345	0.070618	0.423441	1,1,2,2,3,1	69.673968	0.059679	0.097915	0.312169	0.193977	0.178387	0.157873	0.059679	0.097915	0.312169	0.193977	0.178387	0.157873	0.046379	0.380646	0.091160	0.264994	0.075350	0.141470	0.046379	0.380646	0.091160	0.264994	0.075350	0.141470	0.224706	0.275651	0.131981	0.198155	0.065813	0.103695	0.059679	0.097915	0.312169	0.193977	0.178387	0.157873	1,2,3,4,5,6	71.594839	0.274987	1.670477	0.868680	0.230575	1.152728	0.958361	
501000	-116773	1,2,2,3,4,5	72.347988	6.865504	5.362330	5.362330	5.206180	6.322507	5.586351	1,2,2,3,4,5	70.989758	0.504899	0.051504	0.083674	0.359922	0.139824	0.048331	0.478403	0.333442	0.139824	0.048331	0.478403	0.333442	0.434093	0.375275	0.160601	0.030030	0.581128	0.085211	0.309876	0.023785	0.139008	0.381029	0.175308	0.304655	1,2,2,1,2,3	71.419850	0.024166	0.071540	0.438842	0.121033	0.234804	0.109614	0.053882	0.303083	0.076068	0.356271	0.016444	0.194252	0.053882	0.303083	0.076068	0.356271	0.016444	0.194252	0.024166	0.071540	0.438842	0.121033	0.234804	0.109614	0.053882	0.303083	0.076068	0.356271	0.016444	0.194252	0.223240	0.199362	0.267565	0.054494	0.171308	0.084030	1,2,3,4,5,6	71.478592	0.476416	2.054327	0.698128	0.230161	1.033918	0.831713	
502000	-116919	1,2,3,3,4,5	72.059927	5.382974	5.318565	4.880530	4.880530	6.613611	5.977845	1,2,3,4,5,6	68.778057	0.412304	0.237531	0.056978	0.293188	0.214424	0.093734	0.366462	0.325380	0.091055	0.078965	0.227118	0.602862	0.704737	0.074936	0.093243	0.127083	0.343682	0.197556	0.375262	0.083499	0.036306	0.291334	0.093160	0.579201	1,2,3,4,5,2	70.112668	0.111300	0.071148	0.516884	0.054481	0.110843	0.135345	0.112832	0.195432	0.176841	0.256832	0.167592	0.090470	0.058364	0.365354	0.263757	0.089006	0.112952	0.110567	0.092000	0.120766	0.312312	0.130209	0.287545	0.057168	0.117022	0.629029	0.031869	0.197743	0.001502	0.022836	0.112832	0.195432	0.176841	0.256832	0.167592	0.090470	1,2,3,4,5,6	71.206204	0.267731	6.014948	0.972647	0.250911	1.031220	1.062784	
503000	-116746	1,2,1,1,3,4	70.250339	4.855505	5.645531	4.855505	4.855505	6.484489	5.826695	1,2,3,4,2,1	70.310654	0.323906	0.327679	0.091561	0.256854	0.423493	0.140076	0.318740	0.117691	0.041935	0.124271	0.099405	0.734388	0.668376	0.248744	0.048468	0.034412	0.423493	0.140076	0.318740	0.117691	0.323906	0.327679	0.091561	0.256854	1,1,2,3,2,4	71.989178	0.029706	0.053486	0.393927	0.096834	0.080705	0.345340	0.029706	0.053486	0.393927	0.096834	0.080705	0.345340	0.117421	0.437152	0.117875	0.121725	0.056417	0.149410	0.059179	0.025777	0.393402	0.281711	0.128642	0.111290	0.117421	0.437152	0.117875	0.121725	0.056417	0.149410	0.126691	0.209294	0.176634	0.004447	0.176284	0.306649	1,2,3,4,3,3	70.772474	0.257774	3.433863	1.072980	0.144818	1.072980	1.072980	
504000	-116406	1,2,3,3,4,5	72.812931	5.152535	5.076054	4.963833	4.963833	6.760612	5.944549	1,2,3,1,2,1	71.794898	0.402781	0.234123	0.046659	0.316437	0.395050	0.095820	0.388985	0.120145	0.272262	0.231508	0.227631	0.268599	0.402781	0.234123	0.046659	0.316437	0.395050	0.095820	0.388985	0.120145	0.402781	0.234123	0.046659	0.316437	1,2,3,4,5,2	72.936254	0.196778	0.044067	0.210327	0.370015	0.043826	0.134987	0.021502	0.161098	0.126051	0.096731	0.223060	0.371558	0.081873	0.203162	0.098146	0.187054	0.062618	0.367147	0.073472	0.368201	0.078364	0.265461	0.169512	0.044989	0.116658	0.303303	0.080870	0.320245	0.135979	0.042945	0.021502	0.161098	0.126051	0.096731	0.223060	0.371558	1,2,3,1,4,5	72.585394	0.297932	2.982708	0.607559	0.297932	1.186049	1.130121	
505000	-115914	1,2,3,4,5,6	72.075805	5.283021	5.697740	6.065298	5.772707	6.969567	6.034504	1,2,3,1,4,5	71.331038	0.713311	0.120604	0.043844	0.122241	0.260824	0.057040	0.406316	0.275820	0.186754	0.083640	0.170662	0.558944	0.713311	0.120604	0.043844	0.122241	0.384317	0.112012	0.429279	0.074392	0.305327	0.134453	0.097737	0.462483	1,2,3,4,3,5	70.707553	0.099450	0.028395	0.441715	0.139086	0.091546	0.199808	0.267593	0.106810	0.125969	0.316843	0.030511	0.152274	0.175917	0.298306	0.061604	0.348954	0.047694	0.067526	0.016408	0.152697	0.201513	0.094167	0.441898	0.093317	0.175917	0.298306	0.061604	0.348954	0.047694	0.067526	0.319603	0.005388	0.093517	0.019890	0.344358	0.217245	1,2,3,4,5,6	72.603501	0.463630	2.982770	0.794761	0.168289	1.076373	0.874083	
506000	-115434	1,2,3,4,5,6	71.636924	5.344226	5.401966	5.382579	6.448420	6.049747	5.078161	1,2,3,4,5,1	70.657410	0.494808	0.194757	0.066057	0.244378	0.414391	0.011066	0.488894	0.085649	0.091011	0.130224	0.187527	0.591239	0.754158	0.128883	0.031622	0.085337	0.377346	0.049870	0.390617	0.182167	0.494808	0.194757	0.066057	0.244378	1,1,2,3,4,5	72.536470	0.052151	0.074115	0.268489	0.212463	0.137833	0.254949	0.052151	0.074115	0.268489	0.212463	0.137833	0.254949	0.165264	0.322944	0.098187	0.184506	0.129744	0.099356	0.023245	0.070838	0.359619	0.198917	0.295463	0.051917	0.205139	0.278205	0.226974	0.223131	0.041004	0.025547	0.069473	0.018438	0.167192	0.250312	0.275355	0.219229	1,2,3,4,5,5	71.402382	0.235400	3.279344	0.830786	0.133841	0.917409	0.917409	
507000	-115599	1,2,3,3,4,5	71.052839	5.280962	5.368963	5.070511	5.070511	6.152407	6.122937	1,2,3,1,2,4	70.180851	0.509375	0.182355	0.076002	0.232268	0.265904	0.106151	0.489268	0.138676	0.170811	0.159980	0.154878	0.514332	0.509375	0.182355	0.076002	0.232268	0.265904	0.106151	0.489268	0.138676	0.258249	0.214798	0.041595	0.485358	1,1,2,3,3,4	70.333693	0.061403	0.083325	0.282776	0.178864	0.110382	0.283250	0.061403	0.083325	0.282776	0.178864	0.110382	0.283250	0.063374	0.391213	0.088015	0.067173	0.102780	0.287445	0.163546	0.318064	0.125543	0.200982	0.161247	0.030617	0.163546	0.318064	0.125543	0.200982	0.161247	0.030617	0.221782	0.062104	0.163627	0.001219	0.332108	0.219159	1,2,3,1,4,4	71.759388	0.317278	1.173021	0.779048	0.317278	1.073797	1.073797	
508000	-116368	1,2,3,4,5,6	71.566397	5.506740	5.242890	5.930657	4.971563	6.568722	6.899206	1,2,3,4,2,5	68.973115	0.486684	0.020932	0.046238	0.446146	0.395899	0.101333	0.449326	0.053443	0.131522	0.005761	0.283924	0.578794	0.424478	0.134547	0.076358	0.364617	0.395899	0.101333	0.449326	0.053443	0.284895	0.363529	0.034208	0.317368	1,2,3,3,3,2	73.002131	0.139949	0.152477	0.190198	0.298553	0.001466	0.217357	0.030630	0.113597	0.146842	0.085856	0.244057	0.379018	0.101939	0.267637	0.067171	0.439334	0.055017	0.068901	0.101939	0.267637	0.067171	0.439334	0.055017	0.068901	0.101939	0.267637	0.067171	0.439334	0.055017	0.068901	0.030630	0.113597	0.146842	0.085856	0.244057	0.379018	1,2,3,4,5,5	70.384764	0.281296	2.712429	0.726347	0.227362	1.025126	1.025126	
509000	-117348	1,2,3,3,4,5	72.411989	5.899969	5.086544	4.474651	4.474651	6.541904	5.859469	1,2,3,4,2,5	71.886535	0.437818	0.235232	0.031600	0.295351	0.430206	0.060944	0.361819	0.147031	0.433243	0.173512	0.130982	0.262263	0.597968	0.291013	0.086978	0.024042	0.430206	0.060944	0.361819	0.147031	0.113920	0.354929	0.145981	0.385170	1,2,2,3,4,4	70.805560	0.155764	0.025527	0.461843	0.046648	0.078798	0.231421	0.063546	0.173685	0.104286	0.249097	0.127077	0.282308	0.063546	0.173685	0.104286	0.249097	0.127077	0.282308	0.015594	0.024418	0.246676	0.155620	0.271083	0.286609	0.084906	0.246500	0.150856	0.077635	0.236900	0.203203	0.084906	0.246500	0.150856	0.077635	0.236900	0.203203	1,2,3,4,5,3	70.673383	0.275793	2.039970	0.996113	0.094641	0.879828	0.996113	
510000	-115326	1,2,3,4,5,6	70.533076	5.988296	6.352550	6.341264	5.312615	5.857243	5.919751	1,2,3,4,3,1	71.766593	0.404952	0.178617	0.055981	0.360450	0.277106	0.025697	0.498620	0.198577	0.241969	0.069626	0.406336	0.282070	0.569820	0.195886	0.172453	0.061841	0.241969	0.069626	0.406336	0.282070	0.404952	0.178617	0.055981	0.360450	1,2,3,4,5,6	72.562159	0.036983	0.195928	0.370654	0.259643	0.044677	0.092115	0.169960	0.082940	0.094720	0.148688	0.057606	0.446087	0.131120	0.132978	0.114093	0.439989	0.103336	0.078483	0.017042	0.009657	0.224372	0.060718	0.296460	0.391753	0.064081	0.399615	0.051134	0.210567	0.205335	0.069269	0.107874	0.046468	0.082508	0.198937	0.274937	0.289275	1,2,3,4,5,5	70.436847	0.263304	3.550138	0.933508	0.214692	0.923721	0.923721	
511000	-116668	1,2,3,1,4,5	70.973804	5.088490	5.745576	5.162885	5.088490	6.442611	5.377184	1,2,3,4,2,1	71.495093	0.287387	0.433449	0.034532	0.244632	0.264719	0.127224	0.459964	0.148093	0.289748	0.097573	0.159217	0.453462	0.524918	0.292210	0.041811	0.141061	0.264719	0.127224	0.459964	0.148093	0.287387	0.433449	0.034532	0.244632	1,2,2,2,3,4	72.172773	0.002500	0.150532	0.541292	0.156437	0.116914	0.032325	0.145265	0.173196	0.185904	0.148020	0.135335	0.212280	0.145265	0.173196	0.185904	0.148020	0.135335	0.212280	0.145265	0.173196	0.185904	0.148020	0.135335	0.212280	0.184239	0.374238	0.020687	0.150615	0.248650	0.021570	0.010558	0.078783	0.186239	0.061290	0.219435	0.443695	1,2,3,1,4,5	69.759589	0.226777	2.515117	0.625271	0.226777	1.284101	0.777125	
512000	-115186	1,2,3,4,5,6	68.272932	5.582706	5.662855	5.593431	6.456204	6.852035	6.266872	1,2,3,4,2,1	71.651762	0.379790	0.181484	0.057828	0.380898	0.359448	0.076665	0.426692	0.137196	0.146811	0.067299	0.266544	0.519346	0.463159	0.196078	0.194009	0.146754	0.359448	0.076665	0.426692	0.137196	0.379790	0.181484	0.057828	0.380898	1,2,3,4,5,6	72.196741	0.153719	0.328566	0.306646	0.197895	0.000606	0.012567	0.035366	0.115640	0.101376	0.108608	0.174347	0.464662	0.444060	0.110028	0.125103	0.251230	0.017702	0.051876	0.025558	0.031218	0.398375	0.101119	0.147493	0.296238	0.406729	0.258426	0.076770	0.185159	0.059992	0.012923	0.068894	0.061587	0.126564	0.148197	0.361481	0.233279	1,2,3,1,4,5	70.225756	0.306209	1.992019	0.782386	0.306209	1.082816	1.042964	
513000	-115634	1,2,3,4,5,6	69.427836	5.643689	5.408578	5.848828	4.911347	6.154591	5.603113	1,2,3,1,2,4	70.587099	0.498882	0.136683	0.090827	0.273608	0.350375	0.075751	0.496124	0.077750	0.211466	0.092138	0.332254	0.364142	0.498882	0.136683	0.090827	0.273608	0.350375	0.075751	0.496124	0.077750	0.055424	0.267713	0.099551	0.577312	1,2,3,3,3,4	71.708256	0.115412	0.034375	0.494177	0.209387	0.065887	0.080762	0.021405	0.170620	0.131527	0.112060	0.135957	0.428431	0.153096	0.280053	0.198301	0.229387	0.087463	0.051700	0.153096	0.280053	0.198301	0.229387	0.087463	0.051700	0.153096	0.280053	0.198301	0.229387	0.087463	0.051700	0.285430	0.165590	0.251598	0.072887	0.114745	0.109750	1,2,3,1,4,4	71.760085	0.306666	2.895215	0.883574	0.306666	0.966278	0.966278	
514000	-115780	1,2,3,4,5,6	72.495107	7.013849	5.589498	6.443666	5.571961	5.840838	5.801126	1,2,3,4,2,5	71.948662	0.478595	0.111037	0.097652	0.312716	0.274693	0.042635	0.498384	0.184288	0.091435	0.057119	0.331895	0.519552	0.374853	0.341384	0.104030	0.179733	0.274693	0.042635	0.498384	0.184288	0.374846	0.207552	0.124171	0.293431	1,2,3,4,5,6	70.412191	0.012955	0.074972	0.538679	0.176328	0.168364	0.028703	0.289941	0.174826	0.102818	0.175211	0.027613	0.229590	0.224542	0.198072	0.045073	0.180127	0.266942	0.085243	0.011327	0.150435	0.178662	0.244154	0.126536	0.288886	0.235388	0.211579	0.069911	0.264418	0.201414	0.017290	0.198584	0.040676	0.184569	0.043159	0.319034	0.213979	1,2,3,4,5,5	69.286677	0.290861	2.068830	0.711743	0.207610	1.037231	1.037231	
515000	-115278	1,2,3,3,4,5	72.391411	5.334047	5.860406	4.982935	4.982935	6.386860	5.513202	1,2,3,1,4,5	71.493150	0.554316	0.119080	0.107211	0.219393	0.138239	0.133575	0.587108	0.141078	0.079158	0.028552	0.211532	0.680759	0.554316	0.119080	0.107211	0.219393	0.357094	0.215359	0.308469	0.119078	0.205933	0.156698	0.043772	0.593598	1,2,3,4,5,4	70.539668	0.102315	0.125436	0.358287	0.273006	0.139136	0.001818	0.154620	0.143079	0.128385	0.043157	0.068737	0.462022	0.208156	0.203083	0.156215	0.304446	0.064789	0.063311	0.148355	0.145181	0.074183	0.164903	0.142197	0.325181	0.230767	0.378228	0.107424	0.151141	0.081643	0.050797	0.148355	0.145181	0.074183	0.164903	0.142197	0.325181	1,2,3,4,5,6	72.403220	0.271480	2.682480	0.929451	0.141206	1.108093	1.062909	
516000	-116269	1,2,3,3,4,5	72.325074	6.052194	5.204461	4.673216	4.673216	5.367967	5.482887	1,2,3,4,5,1	73.021977	0.438022	0.175399	0.069352	0.317227	0.189074	0.157816	0.530566	0.122544	0.439989	0.055794	0.253021	0.251196	0.608301	0.209340	0.096459	0.085900	0.480719	0.168244	0.215512	0.135526	0.438022	0.175399	0.069352	0.317227	1,1,2,2,3,2	70.172656	0.047911	0.195498	0.288325	0.200817	0.044764	0.222685	0.047911	0.195498	0.288325	0.200817	0.044764	0.222685	0.048973	0.107939	0.121801	0.323817	0.196784	0.200685	0.048973	0.107939	0.121801	0.323817	0.196784	0.200685	0.045198	0.269354	0.089178	0.285660	0.249249	0.061361	0.048973	0.107939	0.121801	0.323817	0.196784	0.200685	1,2,3,4,5,6	72.024244	0.339415	1.749331	0.708928	0.174347	0.985876	1.014292	
517000	-118417	1,2,3,4,5,6	71.391320	5.197181	5.435756	5.119119	4.599568	5.365462	6.100194	1,2,3,4,5,6	71.448270	0.553317	0.144593	0.068324	0.233766	0.130343	0.150090	0.449828	0.269739	0.051286	0.004375	0.381934	0.562404	0.644047	0.205390	0.016474	0.134089	0.195590	0.113706	0.377369	0.313335	0.138313	0.307144	0.100829	0.453714	1,2,3,4,5,5	73.151759	0.107438	0.037808	0.247409	0.243924	0.098850	0.264572	0.015683	0.178768	0.169916	0.142989	0.196847	0.295797	0.315084	0.148266	0.065804	0.186503	0.182876	0.101468	0.015780	0.167384	0.070195	0.707265	0.013368	0.026008	0.117597	0.246117	0.070636	0.205725	0.191495	0.168430	0.117597	0.246117	0.070636	0.205725	0.191495	0.168430	1,2,3,1,3,3	73.282206	0.275592	1.575076	0.833251	0.275592	0.833251	0.833251	
518000	-116795	1,2,3,4,5,1	71.580902	4.879304	6.178660	5.632773	4.933939	5.864421	4.879304	1,2,3,4,2,5	72.265332	0.302550	0.106463	0.259418	0.331569	0.421842	0.088171	0.294765	0.195222	0.067127	0.102920	0.325716	0.504237	0.404203	0.305775	0.204457	0.085565	0.421842	0.088171	0.294765	0.195222	0.135509	0.576933	0.060528	0.227031	1,2,3,1,3,2	70.233664	0.043716	0.063225	0.478234	0.123080	0.123213	0.168531	0.026431	0.204562	0.245369	0.146257	0.106660	0.270721	0.085425	0.330530	0.102846	0.347877	0.016824	0.116498	0.043716	0.063225	0.478234	0.123080	0.123213	0.168531	0.085425	0.330530	0.102846	0.347877	0.016824	0.116498	0.026431	0.204562	0.245369	0.146257	0.106660	0.270721	1,2,3,4,5,3	71.414932	0.240377	1.975886	0.954604	0.221164	0.940672	0.954604	
519000	-116657	1,2,3,2,4,5	71.728677	5.726545	5.280852	5.483903	5.280852	6.309528	5.736020	1,2,3,4,5,6	72.561236	0.416972	0.088651	0.164684	0.329693	0.266026	0.063158	0.353560	0.317256	0.267555	0.020082	0.146506	0.565857	0.595317	0.155710	0.189739	0.059234	0.229188	0.367722	0.168160	0.234931	0.381212	0.187336	0.039247	0.392204	1,2,3,1,4,2	71.473252	0.141256	0.086981	0.399404	0.165608	0.198363	0.008388	0.051091	0.216625	0.080985	0.274307	0.101004	0.275987	0.453460	0.134760	0.027538	0.304573	0.036064	0.043605	0.141256	0.086981	0.399404	0.165608	0.198363	0.008388	0.094239	0.405531	0.112294	0.176225	0.155378	0.056333	0.051091	0.216625	0.080985	0.274307	0.101004	0.275987	1,2,3,4,5,6	71.084464	0.270362	3.952988	1.054714	0.202393	1.312363	1.013555	
520000	-114750	1,2,3,4,5,6	73.236956	6.544670	5.542061	6.330659	5.270499	6.481566	5.198925	1,2,3,4,2,5	70.266198	0.497785	0.114451	0.062003	0.325761	0.360572	0.053342	0.444757	0.141329	0.241508	0.051392	0.298042	0.409058	0.713017	0.156931	0.040093	0.089959	0.360572	0.053342	0.444757	0.141329	0.198979	0.397810	0.028119	0.375092	1,2,3,4,3,2	70.146022	0.098696	0.062580	0.312561	0.320457	0.085384	0.120322	0.055955	0.059557	0.140828	0.102496	0.107219	0.533946	0.036904	0.239532	0.117793	0.424207	0.061088	0.120477	0.069267	0.071155	0.193398	0.147140	0.229847	0.289193	0.036904	0.239532	0.117793	0.424207	0.061088	0.120477	0.055955	0.059557	0.140828	0.102496	0.107219	0.533946	1,2,3,1,4,4	70.520406	0.215517	4.540807	0.718335	0.215517	0.983570	0.983570	
521000	-117182	1,2,3,3,4,5	71.886331	4.728309	5.774806	4.559666	4.559666	6.835232	5.970756	1,2,3,3,4,1	71.320778	0.289606	0.204238	0.044744	0.461412	0.206168	0.076768	0.545524	0.171540	0.385403	0.192269	0.150087	0.272241	0.385403	0.192269	0.150087	0.272241	0.326626	0.077334	0.544348	0.051693	0.289606	0.204238	0.044744	0.461412	1,2,3,4,5,3	70.737138	0.124676	0.222991	0.256065	0.215145	0.067024	0.114098	0.154766	0.217537	0.194902	0.046007	0.019853	0.366936	0.111509	0.240268	0.122075	0.261333	0.090041	0.174775	0.045706	0.101407	0.080971	0.359826	0.057730	0.354360	0.077258	0.419598	0.098928	0.201873	0.165685	0.036657	0.111509	0.240268	0.122075	0.261333	0.090041	0.174775	1,2,3,4,5,6	71.983054	0.357434	2.676653	0.882852	0.135655	0.933859	0.954621	
522000	-116974	1,2,3,4,5,6	71.727135	6.078046	5.614729	7.045217	5.068226	6.092497	7.007482	1,2,2,3,2,4	70.781546	0.437171	0.144778	0.045504	0.372547	0.274725	0.083575	0.439285	0.202414	0.274725	0.083575	0.439285	0.202414	0.701901	0.088927	0.146059	0.063113	0.274725	0.083575	0.439285	0.202414	0.188678	0.280235	0.136468	0.394619	1,1,2,3,2,4	71.157444	0.032117	0.185047	0.207059	0.302490	0.070558	0.202729	0.032117	0.185047	0.207059	0.302490	0.070558	0.202729	0.153745	0.221945	0.124505	0.345431	0.098315	0.056060	0.069996	0.074029	0.131056	0.421494	0.211884	0.091540	0.153745	0.221945	0.124505	0.345431	0.098315	0.056060	0.076327	0.035013	0.143981	0.389784	0.208178	0.146717	1,2,3,4,5,6	73.781430	0.236291	2.523723	0.934399	0.210270	0.977442	0.955475	
523000	-117344	1,2,3,2,2,4	70.323533	5.545894	4.905822	6.167810	4.905822	4.905822	6.264168	1,2,3,4,4,1	70.791956	0.363301	0.206998	0.104498	0.325204	0.194831	0.119198	0.269769	0.416202	0.154362	0.057674	0.298008	0.489956	0.664413	0.126568	0.147173	0.061845	0.664413	0.126568	0.147173	0.061845	0.363301	0.206998	0.104498	0.325204	1,2,3,4,5,6	70.899780	0.259112	0.035353	0.481160	0.035405	0.113081	0.075889	0.032774	0.305443	0.129298	0.020098	0.240837	0.271549	0.228700	0.256928	0.158262	0.265685	0.028177	0.062248	0.112910	0.072446	0.310612	0.241216	0.084455	0.178362	0.028048	0.375800	0.104150	0.255737	0.007792	0.228474	0.101118	0.270870	0.147129	0.088654	0.218834	0.173395	1,2,3,4,5,6	71.053391	0.319551	2.390715	0.876499	0.179388	0.963371	1.131894	
524000	-116094	1,2,3,1,4,1	69.670621	4.970393	6.345669	5.771581	4.970393	7.053655	4.970393	1,2,3,1,4,1	72.548891	0.399266	0.183719	0.177408	0.239607	0.332444	0.067122	0.502849	0.097584	0.242130	0.026485	0.092725	0.638660	0.399266	0.183719	0.177408	0.239607	0.345726	0.120465	0.303841	0.229968	0.399266	0.183719	0.177408	0.239607	1,2,3,2,3,4	72.469815	0.046308	0.130651	0.350678	0.385735	0.063056	0.023572	0.136268	0.052435	0.166926	0.264211	0.080720	0.299441	0.120568	0.340697	0.042508	0.309376	0.100945	0.085905	0.136268	0.052435	0.166926	0.264211	0.080720	0.299441	0.120568	0.340697	0.042508	0.309376	0.100945	0.085905	0.202993	0.014914	0.159230	0.051829	0.429182	0.141852	1,2,3,4,5,6	69.900778	0.223951	1.800430	0.954035	0.207897	1.267776	0.936329	
525000	-116333	1,2,3,4,2,5	70.210085	6.126265	6.824149	5.626359	4.939530	6.824149	6.055834	1,2,2,3,4,1	71.075285	0.398394	0.219221	0.054987	0.327398	0.133868	0.109714	0.496974	0.259444	0.133868	0.109714	0.496974	0.259444	0.520130	0.323378	0.069782	0.086710	0.366599	0.136807	0.401061	0.095533	0.398394	0.219221	0.054987	0.327398	1,2,1,3,4,2	69.660750	0.061318	0.159685	0.294200	0.341079	0.054046	0.089673	0.153083	0.208248	0.058553	0.231597	0.179355	0.169164	0.061318	0.159685	0.294200	0.341079	0.054046	0.089673	0.035968	0.065020	0.118217	0.462030	0.269553	0.049212	0.229869	0.185930	0.145223	0.245523	0.127783	0.065672	0.153083	0.208248	0.058553	0.231597	0.179355	0.169164	1,2,3,1,4,4	72.197429	0.319130	2.504784	0.714543	0.319130	1.095766	1.095766	
526000	-116407	1,2,3,3,4,5	72.173863	6.589560	5.759042	6.768999	6.768999	6.035330	5.137730	1,2,3,4,5,1	70.395614	0.442808	0.180716	0.093478	0.282998	0.087315	0.087839	0.711902	0.112944	0.136534	0.206024	0.192588	0.464853	0.682266	0.181070	0.073129	0.063534	0.192571	0.214279	0.478623	0.114528	0.442808	0.180716	0.093478	0.282998	1,2,3,1,3,4	70.333423	0.067137	0.024746	0.628100	0.162836	0.047657	0.069524	0.073379	0.234046	0.213088	0.184157	0.086987	0.208343	0.113425	0.316990	0.034539	0.353465	0.054845	0.126736	0.067137	0.024746	0.628100	0.162836	0.047657	0.069524	0.113425	0.316990	0.034539	0.353465	0.054845	0.126736	0.103491	0.134328	0.082013	0.069605	0.365062	0.245502	1,2,3,1,4,5	70.685457	0.226767	2.498696	0.774637	0.226767	1.064231	0.990130	
527000	-116854	1,2,3,4,5,3	71.931659	6.049083	5.741890	5.141211	4.940264	6.681119	5.141211	1,2,3,4,5,6	71.775066	0.456361	0.090079	0.035101	0.418460	0.261613	0.083946	0.523850	0.130591	0.082428	0.037895	0.229363	0.650314	0.505733	0.401446	0.037389	0.055433	0.404984	0.104888	0.463465	0.026663	0.253563	0.068880	0.104890	0.572667	1,2,3,3,3,1	71.229496	0.100480	0.038899	0.183745	0.388386	0.210767	0.077722	0.203179	0.219633	0.153171	0.080262	0.095353	0.248402	0.095071	0.260791	0.094942	0.419818	0.067233	0.062144	0.095071	0.260791	0.094942	0.419818	0.067233	0.062144	0.095071	0.260791	0.094942	0.419818	0.067233	0.062144	0.100480	0.038899	0.183745	0.388386	0.210767	0.077722	1,2,3,4,5,5	72.239738	0.305355	2.478628	0.913421	0.295051	1.060281	1.060281	
528000	-116989	1,2,3,2,4,5	72.594452	5.285633	4.442864	5.595291	4.442864	6.461024	5.149142	1,1,2,3,3,4	72.577189	0.435433	0.105806	0.214084	0.244677	0.435433	0.105806	0.214084	0.244677	0.117176	0.056291	0.296422	0.530111	0.387144	0.161509	0.371032	0.080315	0.387144	0.161509	0.371032	0.080315	0.127895	0.268989	0.365751	0.237365	1,2,3,4,3,4	73.064388	0.039222	0.075778	0.371431	0.268014	0.168899	0.076656	0.071284	0.123729	0.088598	0.099189	0.174407	0.442793	0.052503	0.421469	0.082027	0.334094	0.026142	0.083765	0.084807	0.040716	0.343817	0.110059	0.272653	0.147948	0.052503	0.421469	0.082027	0.334094	0.026142	0.083765	0.084807	0.040716	0.343817	0.110059	0.272653	0.147948	1,2,3,4,5,5	72.234293	0.387122	2.888451	0.820170	0.143186	1.078898	1.078898	
529000	-116358	1,2,3,1,4,5	70.918625	4.557321	5.423533	6.111116	4.557321	6.330037	6.251086	1,2,2,3,4,5	71.142720	0.609136	0.077130	0.004607	0.309126	0.133279	0.097291	0.462235	0.307194	0.133279	0.097291	0.462235	0.307194	0.459460	0.251064	0.030005	0.259471	0.369678	0.184716	0.294038	0.151568	0.358591	0.254697	0.084508	0.302204	1,2,3,3,4,2	69.072009	0.105643	0.072628	0.139373	0.396599	0.043431	0.242327	0.039442	0.164595	0.168299	0.157268	0.247661	0.222734	0.043867	0.257584	0.144105	0.364467	0.092730	0.097246	0.043867	0.257584	0.144105	0.364467	0.092730	0.097246	0.072650	0.441433	0.156401	0.256742	0.002149	0.070625	0.039442	0.164595	0.168299	0.157268	0.247661	0.222734	1,2,3,4,5,6	70.608814	0.350043	2.697991	0.774591	0.233687	1.111941	0.978662	
530000	-115965	1,2,3,3,4,5	70.781136	5.284361	5.726777	4.848788	4.848788	6.863701	5.725091	1,2,3,1,4,3	70.982282	0.503965	0.184456	0.113266	0.198314	0.327870	0.060663	0.526428	0.085039	0.177017	0.166468	0.136698	0.519816	0.503965	0.184456	0.113266	0.198314	0.439339	0.104002	0.430086	0.026572	0.177017	0.166468	0.136698	0.519816	1,2,3,1,4,2	71.045458	0.159820	0.162161	0.327237	0.126504	0.078711	0.145567	0.167990	0.061487	0.175217	0.069789	0.336039	0.189478	0.206594	0.205216	0.126180	0.272403	0.033607	0.155999	0.159820	0.162161	0.327237	0.126504	0.078711	0.145567	0.202827	0.237351	0.144128	0.193636	0.171378	0.050680	0.167990	0.061487	0.175217	0.069789	0.336039	0.189478	1,2,3,4,5,6	72.312103	0.352969	2.789511	0.961861	0.336687	0.822449	1.001422	
531000	-118225	1,2,3,4,1,5	71.880235	5.334908	5.821409	5.492723	5.635699	5.334908	6.042276	1,2,3,4,5,1	69.246111	0.355532	0.206389	0.034360	0.403719	0.203031	0.338994	0.377912	0.080062	0.110531	0.410236	0.136203	0.343031	0.443031	0.510724	0.012485	0.033761	0.273463	0.143071	0.496030	0.087435	0.355532	0.206389	0.034360	0.403719	1,2,1,2,1,2	72.059551	0.062312	0.335314	0.260669	0.168740	0.020601	0.152363	0.024132	0.165260	0.069029	0.084296	0.170698	0.486584	0.062312	0.335314	0.260669	0.168740	0.020601	0.152363	0.024132	0.165260	0.069029	0.084296	0.170698	0.486584	0.062312	0.335314	0.260669	0.168740	0.020601	0.152363	0.024132	0.165260	0.069029	0.084296	0.170698	0.486584	1,2,3,1,4,5	69.375036	0.343298	1.384129	0.895588	0.343298	0.837326	0.947023	
532000	-117400	1,2,2,3,4,5	72.499048	5.069895	5.499612	5.499612	6.987421	6.569747	5.977448	1,2,3,4,2,1	71.009204	0.314470	0.296279	0.034644	0.354607	0.371620	0.099217	0.362318	0.166845	0.238409	0.172737	0.122311	0.466543	0.207180	0.352541	0.303426	0.136853	0.371620	0.099217	0.362318	0.166845	0.314470	0.296279	0.034644	0.354607	1,2,3,4,3,2	71.258747	0.146769	0.091210	0.352100	0.159036	0.009478	0.241408	0.124477	0.164873	0.079185	0.143043	0.224280	0.264142	0.065901	0.417160	0.120608	0.233642	0.064415	0.098273	0.008416	0.006374	0.165127	0.159461	0.133691	0.526931	0.065901	0.417160	0.120608	0.233642	0.064415	0.098273	0.124477	0.164873	0.079185	0.143043	0.224280	0.264142	1,2,3,4,5,6	71.347240	0.240437	2.055346	0.906432	0.177797	1.184578	0.960230	
533000	-117565	1,1,2,2,3,4	71.950593	5.442354	5.442354	3.923770	3.923770	6.395490	5.961558	1,2,3,4,2,3	72.159962	0.440246	0.173835	0.087123	0.298796	0.401716	0.100334	0.324310	0.173640	0.396752	0.168426	0.090654	0.344169	0.479473	0.116407	0.320247	0.083873	0.401716	0.100334	0.324310	0.173640	0.396752	0.168426	0.090654	0.344169	1,2,3,4,5,2	71.027832	0.200616	0.064096	0.244582	0.039414	0.192953	0.258339	0.027626	0.073113	0.121903	0.202036	0.250413	0.324910	0.123761	0.249320	0.033295	0.368991	0.027750	0.196883	0.218698	0.115655	0.300285	0.220726	0.141450	0.003185	0.086535	0.446868	0.071237	0.219175	0.155862	0.020324	0.027626	0.073113	0.121903	0.202036	0.250413	0.324910	1,2,3,4,5,6	70.543343	0.186751	2.213290	0.894797	0.186684	0.982452	0.885907	
534000	-118918	1,2,3,4,5,6	69.617553	5.733388	5.777028	6.609944	4.902048	6.983633	6.354784	1,2,2,1,3,4	72.441321	0.416576	0.209342	0.067939	0.306142	0.165842	0.110094	0.318577	0.405486	0.165842	0.110094	0.318577	0.405486	0.416576	0.209342	0.067939	0.306142	0.489926	0.142366	0.294610	0.073099	0.332542	0.310636	0.042263	0.314559	1,2,3,3,3,2	71.528987	0.091692	0.314874	0.259145	0.188001	0.127974	0.018314	0.250298	0.060325	0.101349	0.143213	0.222692	0.222124	0.072411	0.521179	0.033396	0.215670	0.076190	0.081154	0.072411	0.521179	0.033396	0.215670	0.076190	0.081154	0.072411	0.521179	0.033396	0.215670	0.076190	0.081154	0.250298	0.060325	0.101349	0.143213	0.222692	0.222124	1,2,3,4,5,6	69.931333	0.307514	3.362108	0.554294	0.250895	1.273622	1.122475	
535000	-116901	1,2,3,1,4,5	72.224600	5.316572	5.996798	5.487287	5.316572	5.404550	5.951705	1,2,3,1,4,5	70.749061	0.573803	0.177292	0.066242	0.182663	0.164828	0.028084	0.652962	0.154126	0.211342	0.018600	0.419757	0.350301	0.573803	0.177292	0.066242	0.182663	0.604549	0.096592	0.170235	0.128624	0.199739	0.153024	0.127983	0.519254	1,1,2,2,3,4	70.548961	0.046045	0.128452	0.294628	0.177376	0.035019	0.318480	0.046045	0.128452	0.294628	0.177376	0.035019	0.318480	0.042541	0.085299	0.079519	0.541272	0.158734	0.092636	0.042541	0.085299	0.079519	0.541272	0.158734	0.092636	0.149232	0.176527	0.123244	0.062444	0.469731	0.018821	0.387151	0.173639	0.172622	0.026562	0.176332	0.063693	1,2,3,4,3,5	72.153317	0.319952	4.907767	0.856915	0.166578	0.856915	0.949640	
536000	-116500	1,2,3,4,5,6	71.862167	5.737978	5.423345	5.334032	5.036254	6.198545	5.738936	1,2,3,4,5,1	71.282834	0.346486	0.286303	0.048745	0.318467	0.180704	0.081292	0.370439	0.367565	0.240750	0.090926	0.182043	0.486281	0.483250	0.395101	0.071832	0.049817	0.362086	0.258210	0.327753	0.051951	0.346486	0.286303	0.048745	0.318467	1,1,2,3,4,3	71.625190	0.047026	0.143186	0.331868	0.226009	0.006955	0.244956	0.047026	0.143186	0.331868	0.226009	0.006955	0.244956	0.068095	0.212045	0.168898	0.281997	0.036881	0.232084	0.049080	0.104928	0.152249	0.098351	0.364870	0.230520	0.111958	0.170276	0.315372	0.065375	0.281289	0.055731	0.049080	0.104928	0.152249	0.098351	0.364870	0.230520	1,2,3,4,3,5	71.578576	0.315992	1.829920	0.794044	0.149906	0.794044	0.955836	
537000	-116376	1,2,3,4,5,6	71.119783	6.690565	6.309660	5.569864	4.808653	5.395484	5.657613	1,2,3,4,5,1	72.711487	0.374502	0.293892	0.070474	0.261133	0.288645	0.084429	0.307132	0.319795	0.129471	0.036908	0.291182	0.542439	0.554633	0.187061	0.080441	0.177865	0.469661	0.205566	0.246473	0.078300	0.374502	0.293892	0.070474	0.261133	1,2,3,4,3,5	71.232656	0.027942	0.005521	0.209264	0.389780	0.016892	0.350602	0.147845	0.224128	0.168698	0.118884	0.083525	0.256920	0.021524	0.437960	0.254871	0.178659	0.022695	0.084292	0.055445	0.224509	0.218532	0.109203	0.175199	0.217112	0.021524	0.437960	0.254871	0.178659	0.022695	0.084292	0.136898	0.063370	0.155260	0.208713	0.256439	0.179321	1,2,3,4,5,6	70.117794	0.323568	2.492174	0.727540	0.189394	0.901310	0.976397	
538000	-115939	1,2,3,4,5,6	71.721732	5.494942	5.283767	6.098021	5.024706	6.692568	6.234936	1,2,2,3,4,5	70.708087	0.473162	0.171018	0.120441	0.235379	0.202421	0.024863	0.354313	0.418403	0.202421	0.024863	0.354313	0.418403	0.574977	0.125028	0.099267	0.200728	0.290569	0.098126	0.451550	0.159755	0.114208	0.317206	0.092280	0.476307	1,2,2,3,4,1	70.460068	0.212681	0.015285	0.377923	0.039675	0.225199	0.129236	0.222142	0.159226	0.058406	0.390008	0.031734	0.138484	0.222142	0.159226	0.058406	0.390008	0.031734	0.138484	0.067723	0.056794	0.061744	0.401509	0.118896	0.293334	0.145076	0.221119	0.073325	0.317438	0.238068	0.004975	0.212681	0.015285	0.377923	0.039675	0.225199	0.129236	1,2,3,1,4,5	72.128791	0.236933	2.411800	0.913265	0.236933	1.180164	0.836846	
539000	-117253	1,2,3,4,5,6	72.253079	5.158152	5.654266	5.285969	6.252388	6.435885	6.538267	1,2,3,1,4,3	70.123110	0.618143	0.067739	0.127960	0.186158	0.264336	0.158317	0.426377	0.150969	0.206003	0.214334	0.129651	0.450012	0.618143	0.067739	0.127960	0.186158	0.350905	0.157669	0.354096	0.137330	0.206003	0.214334	0.129651	0.450012	1,2,3,4,5,6	70.163687	0.090998	0.108194	0.543883	0.090205	0.084919	0.081801	0.010825	0.160473	0.161988	0.086821	0.139225	0.440668	0.013161	0.209058	0.251163	0.197666	0.158231	0.170721	0.138730	0.054409	0.518518	0.124537	0.053752	0.110053	0.164254	0.466412	0.145550	0.056206	0.046037	0.121541	0.139016	0.112644	0.143226	0.333178	0.251735	0.020201	1,2,3,4,5,6	72.605344	0.335990	2.213141	0.903283	0.236957	1.027242	0.975564	
540000	-116127	1,2,1,3,1,1	72.106802	5.521551	6.020393	5.521551	5.255001	5.521551	5.521551	1,2,3,4,2,1	71.059867	0.406876	0.154051	0.122474	0.316599	0.218406	0.082181	0.423919	0.275494	0.195442	0.089354	0.279123	0.436082	0.646055	0.172458	0.040116	0.141372	0.218406	0.082181	0.423919	0.275494	0.406876	0.154051	0.122474	0.316599	1,2,3,4,5,6	73.714507	0.117586	0.123392	0.361685	0.078036	0.212765	0.106536	0.153512	0.087944	0.170976	0.206951	0.109704	0.270914	0.291357	0.302953	0.132701	0.100093	0.082789	0.090107	0.072235	0.063883	0.139954	0.297403	0.096595	0.329929	0.105578	0.513193	0.075705	0.220551	0.012130	0.072843	0.053622	0.236028	0.061825	0.164539	0.360866	0.123121	1,2,3,4,5,5	71.844737	0.390582	3.008386	0.603838	0.148705	1.102754	1.102754	
541000	-118104	1,2,3,4,5,6	70.293795	5.575735	5.084756	6.036106	5.603494	4.814696	5.743704	1,2,3,1,2,4	70.577218	0.407204	0.251503	0.084172	0.257122	0.149783	0.219434	0.502842	0.127941	0.155570	0.074463	0.052881	0.717086	0.407204	0.251503	0.084172	0.257122	0.149783	0.219434	0.502842	0.127941	0.193238	0.244264	0.083105	0.479393	1,2,3,2,4,5	70.000534	0.013478	0.040025	0.342173	0.388244	0.091844	0.124236	0.017771	0.148746	0.099471	0.314940	0.199345	0.219727	0.024481	0.213773	0.066523	0.456561	0.127587	0.111074	0.017771	0.148746	0.099471	0.314940	0.199345	0.219727	0.188605	0.493473	0.231795	0.039799	0.038655	0.007674	0.042441	0.076641	0.272035	0.145934	0.237901	0.225048	1,2,3,4,5,6	71.545437	0.345930	3.317395	0.966661	0.154019	1.040101	0.960436	
542000	-115718	1,2,3,4,5,6	70.490664	5.559167	6.007774	5.869737	5.379743	7.105888	6.893121	1,2,3,4,5,6	68.519044	0.516986	0.144665	0.106549	0.231799	0.150659	0.062658	0.533323	0.253360	0.159753	0.024159	0.373363	0.442724	0.345092	0.520634	0.039653	0.094621	0.422959	0.163776	0.261357	0.151907	0.089970	0.377410	0.024393	0.508226	1,2,3,4,5,2	71.387337	0.064689	0.109401	0.417709	0.144234	0.128632	0.135335	0.016662	0.231938	0.081048	0.277110	0.122571	0.270672	0.131932	0.237103	0.140634	0.217407	0.123163	0.149762	0.003549	0.134649	0.239994	0.283514	0.129447	0.208846	0.343668	0.324848	0.018519	0.235577	0.053216	0.024173	0.016662	0.231938	0.081048	0.277110	0.122571	0.270672	1,2,3,4,5,6	69.383548	0.277194	3.032592	0.934725	0.175709	1.544615	0.969244	
543000	-116682	1,2,3,4,5,6	71.248095	5.356022	5.449752	5.279300	4.778793	6.538702	6.144848	1,2,1,3,2,4	70.997262	0.223558	0.139181	0.303934	0.333327	0.262248	0.107602	0.424578	0.205572	0.223558	0.139181	0.303934	0.333327	0.506876	0.232034	0.030241	0.230849	0.262248	0.107602	0.424578	0.205572	0.149878	0.463870	0.114995	0.271257	1,2,3,4,5,1	71.648509	0.119134	0.036661	0.427464	0.167461	0.197200	0.052079	0.099076	0.165278	0.259344	0.088351	0.096522	0.291429	0.060766	0.228383	0.263227	0.171791	0.028939	0.246893	0.027111	0.438395	0.089151	0.289559	0.137126	0.018658	0.045218	0.410349	0.066935	0.268315	0.178495	0.030688	0.119134	0.036661	0.427464	0.167461	0.197200	0.052079	1,2,3,1,4,5	71.884418	0.248548	2.801280	0.812353	0.248548	1.142172	1.024575	
544000	-115762	1,2,3,3,4,1	70.038134	5.663048	6.059539	5.396995	5.396995	5.653131	5.663048	1,2,3,4,5,1	73.080767	0.321158	0.331092	0.048837	0.298913	0.207269	0.138065	0.444670	0.209997	0.236771	0.107426	0.283571	0.372233	0.657407	0.127589	0.105186	0.109817	0.334561	0.232836	0.370526	0.062077	0.321158	0.331092	0.048837	0.298913	1,2,3,2,4,2	71.357825	0.104457	0.102125	0.428263	0.288078	0.066286	0.010789	0.021885	0.130901	0.125301	0.246730	0.183662	0.291521	0.013523	0.491062	0.072354	0.207742	0.093607	0.121712	0.021885	0.130901	0.125301	0.246730	0.183662	0.291521	0.061482	0.421440	0.184996	0.079658	0.138981	0.113443	0.021885	0.130901	0.125301	0.246730	0.183662	0.291521	1,2,3,1,4,5	71.513067	0.218196	3.049175	0.809971	0.218196	0.976693	0.943211	
545000	-117118	1,2,3,1,4,5	71.943611	4.357755	6.180314	6.775772	4.357755	5.839611	6.360140	1,2,3,1,3,4	71.023906	0.429372	0.126214	0.158304	0.286110	0.224762	0.044770	0.539960	0.190509	0.315680	0.096316	0.254455	0.333549	0.429372	0.126214	0.158304	0.286110	0.315680	0.096316	0.254455	0.333549	0.176658	0.170522	0.076143	0.576676	1,2,2,3,4,3	71.821609	0.347407	0.005828	0.466600	0.055981	0.045232	0.078953	0.017249	0.152794	0.160948	0.477592	0.016826	0.174590	0.017249	0.152794	0.160948	0.477592	0.016826	0.174590	0.190668	0.034036	0.177219	0.230058	0.191195	0.176825	0.196275	0.282440	0.070589	0.038793	0.309983	0.101921	0.190668	0.034036	0.177219	0.230058	0.191195	0.176825	1,2,3,4,5,3	71.237279	0.277294	2.629022	0.823561	0.177467	1.135081	0.823561	
546000	-117831	1,1,2,3,4,5	70.535603	5.141085	5.141085	5.436246	4.947199	5.995839	5.914852	1,2,3,4,2,5	71.713576	0.374724	0.035107	0.029348	0.560820	0.331089	0.213583	0.289842	0.165486	0.118094	0.130437	0.243802	0.507668	0.404569	0.328214	0.225338	0.041879	0.331089	0.213583	0.289842	0.165486	0.241073	0.150527	0.123723	0.484677	1,2,3,2,3,4	71.305231	0.257478	0.057449	0.306746	0.201766	0.096432	0.080129	0.063307	0.086178	0.148617	0.133966	0.096049	0.471882	0.083575	0.463427	0.120393	0.067212	0.125331	0.140062	0.063307	0.086178	0.148617	0.133966	0.096049	0.471882	0.083575	0.463427	0.120393	0.067212	0.125331	0.140062	0.219837	0.176170	0.275117	0.011610	0.217508	0.099758	1,2,3,4,5,5	71.191414	0.308622	2.682284	0.752058	0.232321	1.057813	1.057813	
547000	-116510	1,2,3,2,4,5	72.818349	5.143942	4.777123	5.722023	4.777123	6.751634	5.764498	1,2,3,1,2,4	71.874009	0.630153	0.108444	0.070229	0.191175	0.381830	0.063303	0.499808	0.055060	0.470611	0.029252	0.234964	0.265173	0.630153	0.108444	0.070229	0.191175	0.381830	0.063303	0.499808	0.055060	0.345808	0.340210	0.053412	0.260570	1,2,3,4,5,2	70.431008	0.184297	0.020507	0.346276	0.208847	0.167363	0.072709	0.045216	0.069119	0.162181	0.059367	0.277990	0.386127	0.119093	0.042121	0.119918	0.191106	0.407660	0.120102	0.059595	0.133606	0.198620	0.112666	0.234942	0.260571	0.210364	0.311001	0.077238	0.233609	0.116909	0.050880	0.045216	0.069119	0.162181	0.059367	0.277990	0.386127	1,2,3,1,3,3	73.244181	0.294433	3.528179	0.929482	0.294433	0.929482	0.929482	
548000	-117528	1,2,3,4,5,6	70.315782	6.282259	5.720120	5.203458	5.455896	7.099007	6.255512	1,2,3,4,5,1	72.099181	0.521610	0.179414	0.044911	0.254065	0.330409	0.097989	0.487068	0.084533	0.070774	0.076104	0.369612	0.483509	0.458563	0.301787	0.102537	0.137114	0.257589	0.299773	0.361583	0.081055	0.521610	0.179414	0.044911	0.254065	1,2,3,3,4,2	72.617029	0.043756	0.023453	0.452660	0.143875	0.018646	0.317609	0.172953	0.070875	0.093783	0.083600	0.213512	0.365277	0.041994	0.085726	0.188896	0.356788	0.036830	0.289767	0.041994	0.085726	0.188896	0.356788	0.036830	0.289767	0.015395	0.284459	0.289234	0.130233	0.070791	0.209888	0.172953	0.070875	0.093783	0.083600	0.213512	0.365277	1,2,3,4,5,6	71.512853	0.195723	3.024228	0.830937	0.192253	0.829212	1.175801	
549000	-116120	1,2,3,4,5,6	71.667249	5.538347	5.686896	6.022108	4.930575	6.013058	5.151031	1,2,3,1,2,4	71.305902	0.489870	0.199342	0.089947	0.220842	0.247411	0.069095	0.479752	0.203743	0.219378	0.046370	0.340374	0.393878	0.489870	0.199342	0.089947	0.220842	0.247411	0.069095	0.479752	0.203743	0.495224	0.203826	0.047801	0.253149	1,2,3,2,3,2	70.067407	0.129869	0.011099	0.379267	0.240079	0.224953	0.014733	0.059955	0.180288	0.130634	0.242847	0.134970	0.251306	0.146925	0.262078	0.125285	0.309359	0.020985	0.135367	0.059955	0.180288	0.130634	0.242847	0.134970	0.251306	0.146925	0.262078	0.125285	0.309359	0.020985	0.135367	0.059955	0.180288	0.130634	0.242847	0.134970	0.251306	1,2,3,1,4,4	71.128516	0.247956	2.904190	0.603608	0.247956	0.857412	0.857412	
550000	-114493	1,2,3,3,4,5	71.312879	5.818163	5.672611	4.837470	4.837470	5.885908	5.322305	1,2,3,4,2,5	71.035425	0.431063	0.171496	0.128648	0.268793	0.229549	0.059977	0.569379	0.141095	0.079359	0.016717	0.213201	0.690723	0.439183	0.338314	0.030917	0.191586	0.229549	0.059977	0.569379	0.141095	0.199858	0.471680	0.058479	0.269984	1,2,3,2,3,2	70.942894	0.113379	0.033441	0.585025	0.108122	0.062448	0.097584	0.038696	0.130752	0.165821	0.152165	0.101130	0.411436	0.458812	0.251261	0.075070	0.164809	0.024783	0.025266	0.038696	0.130752	0.165821	0.152165	0.101130	0.411436	0.458812	0.251261	0.075070	0.164809	0.024783	0.025266	0.038696	0.130752	0.165821	0.152165	0.101130	0.411436	1,2,3,4,5,3	70.455471	0.312307	2.370186	0.878558	0.258754	0.974019	0.878558	
551000	-118703	1,2,3,4,5,6	72.989650	5.354904	6.701743	6.089085	6.446742	6.839189	5.263887	1,2,3,4,1,5	72.743841	0.309688	0.140056	0.371732	0.178524	0.176326	0.131348	0.523757	0.168569	0.116790	0.001506	0.071405	0.810299	0.757603	0.051974	0.133383	0.057039	0.309688	0.140056	0.371732	0.178524	0.100844	0.108629	0.080435	0.710092	1,2,3,1,3,4	72.593986	0.015370	0.069795	0.499875	0.136789	0.273892	0.004280	0.445922	0.042670	0.181276	0.037402	0.100795	0.191935	0.104416	0.238453	0.028254	0.480766	0.094352	0.053760	0.015370	0.069795	0.499875	0.136789	0.273892	0.004280	0.104416	0.238453	0.028254	0.480766	0.094352	0.053760	0.189514	0.245202	0.070172	0.014906	0.231516	0.248690	1,2,3,4,5,6	71.710404	0.264827	1.979055	0.756106	0.163051	0.948259	1.119169	
552000	-116592	1,2,3,2,4,5	69.656740	5.330508	4.729744	4.863627	4.729744	6.541470	6.049741	1,2,3,4,5,3	71.790676	0.348618	0.150352	0.059550	0.441480	0.395403	0.017122	0.474228	0.113246	0.214979	0.128266	0.188827	0.467928	0.440394	0.318521	0.188911	0.052174	0.230728	0.227067	0.470820	0.071385	0.214979	0.128266	0.188827	0.467928	1,2,3,4,5,6	70.937438	0.099763	0.138686	0.415550	0.246759	0.016395	0.082846	0.109233	0.178185	0.090279	0.251997	0.104009	0.266297	0.047355	0.404870	0.048761	0.210271	0.026377	0.262366	0.050073	0.135405	0.462338	0.160414	0.082313	0.109457	0.141998	0.350802	0.021487	0.197274	0.150822	0.137615	0.184311	0.220131	0.061374	0.218201	0.238035	0.077948	1,2,3,4,5,6	70.869735	0.287904	2.149311	0.920075	0.134254	0.891755	1.054081	
553000	-117198	1,2,3,2,4,5	71.165034	5.070315	4.851404	5.128724	4.851404	6.546636	5.946084	1,2,3,4,5,1	70.275773	0.332382	0.322461	0.102022	0.243136	0.264977	0.056903	0.580318	0.097803	0.111364	0.123929	0.547553	0.217154	0.720634	0.118152	0.088713	0.072501	0.378089	0.137518	0.399971	0.084423	0.332382	0.322461	0.102022	0.243136	1,1,2,3,4,5	71.195210	0.110103	0.067627	0.464354	0.088022	0.029398	0.240495	0.110103	0.067627	0.464354	0.088022	0.029398	0.240495	0.100566	0.119883	0.417648	0.105964	0.059326	0.196613	0.057882	0.165158	0.148707	0.206318	0.411316	0.010620	0.001180	0.255359	0.050530	0.577069	0.074684	0.041178	0.156746	0.082155	0.321517	0.059331	0.192611	0.187641	1,2,3,4,5,6	71.876939	0.454507	3.285950	0.763044	0.186490	1.052935	1.015166	
554000	-117369	1,2,3,1,4,5	72.856730	5.377025	5.671048	5.826922	5.377025	6.078123	6.196937	1,2,3,4,4,1	70.337136	0.411934	0.119480	0.156728	0.311857	0.329004	0.091831	0.518591	0.060574	0.231201	0.066440	0.327099	0.375260	0.428231	0.152656	0.253274	0.165839	0.428231	0.152656	0.253274	0.165839	0.411934	0.119480	0.156728	0.311857	1,2,3,4,5,6	73.249071	0.056505	0.007336	0.496952	0.295684	0.131978	0.011544	0.046431	0.040789	0.167156	0.005322	0.033516	0.706786	0.135655	0.236099	0.203768	0.228382	0.008141	0.187955	0.122632	0.064286	0.186937	0.276480	0.299588	0.050077	0.049881	0.517435	0.050512	0.218215	0.000137	0.163820	0.311773	0.052116	0.194165	0.109026	0.204118	0.128802	1,2,3,4,3,3	71.304301	0.256381	1.686510	0.952612	0.186923	0.952612	0.952612	
555000	-117063	1,2,3,3,4,5	70.134629	5.424164	6.015389	4.787210	4.787210	5.975646	6.262966	1,2,3,1,2,4	71.343988	0.452976	0.234594	0.056580	0.255849	0.392080	0.047837	0.348317	0.211766	0.155782	0.012482	0.252372	0.579363	0.452976	0.234594	0.056580	0.255849	0.392080	0.047837	0.348317	0.211766	0.083946	0.245686	0.093211	0.577157	1,2,2,3,2,4	73.392513	0.100566	0.153728	0.434055	0.149629	0.128304	0.033718	0.051653	0.247359	0.099047	0.446172	0.026913	0.128857	0.051653	0.247359	0.099047	0.446172	0.026913	0.128857	0.183435	0.062690	0.152010	0.278230	0.114739	0.208896	0.051653	0.247359	0.099047	0.446172	0.026913	0.128857	0.284318	0.095670	0.134514	0.073434	0.275049	0.137015	1,2,3,1,4,3	72.052638	0.260580	2.267052	0.925621	0.260580	0.903132	0.925621	
556000	-117410	1,2,3,4,5,6	72.649875	5.257958	5.450028	5.319467	5.180847	5.429581	6.067078	1,2,3,4,2,5	73.097739	0.457181	0.086684	0.139353	0.316781	0.446843	0.150836	0.372766	0.029555	0.090049	0.154205	0.151259	0.604487	0.322500	0.367981	0.091069	0.218450	0.446843	0.150836	0.372766	0.029555	0.169808	0.443065	0.074119	0.313008	1,2,3,4,5,4	71.267518	0.176098	0.005185	0.335452	0.091238	0.137880	0.254148	0.019176	0.064888	0.266413	0.049762	0.110308	0.489453	0.096965	0.191677	0.119371	0.320448	0.127179	0.144359	0.092880	0.188366	0.240883	0.153049	0.242889	0.081934	0.119867	0.305044	0.291356	0.148892	0.075623	0.059218	0.092880	0.188366	0.240883	0.153049	0.242889	0.081934	1,2,3,4,5,3	72.283094	0.280389	1.623445	0.887237	0.182636	0.827100	0.887237	
557000	-117873	1,2,3,1,4,5	71.016148	4.335643	5.800561	4.937189	4.335643	5.370784	5.358274	1,2,3,4,5,6	70.073531	0.466555	0.125251	0.027663	0.380530	0.180551	0.077759	0.546804	0.194886	0.124601	0.094129	0.247497	0.533772	0.391406	0.370800	0.055537	0.182258	0.342476	0.183527	0.326236	0.147761	0.101209	0.134326	0.073676	0.690789	1,2,3,1,4,5	70.716014	0.086115	0.076980	0.174538	0.470979	0.146924	0.044463	0.250469	0.139374	0.172271	0.141524	0.047320	0.249042	0.212660	0.205195	0.049359	0.287423	0.029723	0.215641	0.086115	0.076980	0.174538	0.470979	0.146924	0.044463	0.198411	0.314295	0.021312	0.200235	0.146554	0.119193	0.105885	0.099938	0.128066	0.192362	0.025863	0.447886	1,2,3,4,5,6	70.694990	0.285726	2.664744	0.928623	0.282601	1.098532	0.947212	
558000	-118392	1,2,3,4,5,2	72.921297	5.731361	5.201680	6.024505	4.471425	5.329136	5.201680	1,2,2,3,4,5	71.044661	0.353903	0.283303	0.090752	0.272042	0.174736	0.050030	0.359715	0.415519	0.174736	0.050030	0.359715	0.415519	0.497997	0.145920	0.078138	0.277945	0.213281	0.247316	0.306559	0.232845	0.168899	0.256492	0.270973	0.303636	1,2,2,2,3,4	70.914347	0.064597	0.187793	0.593110	0.103225	0.029010	0.022265	0.061826	0.171389	0.073849	0.513865	0.078464	0.100608	0.061826	0.171389	0.073849	0.513865	0.078464	0.100608	0.061826	0.171389	0.073849	0.513865	0.078464	0.100608	0.154428	0.189202	0.094994	0.218016	0.063624	0.279737	0.129560	0.058674	0.147944	0.265413	0.321742	0.076667	1,2,3,1,4,5	69.797550	0.248390	2.126065	0.594706	0.248390	1.043433	1.190190	
559000	-116783	1,2,3,1,4,5	73.336927	5.192740	5.850727	6.319938	5.192740	6.465797	6.731472	1,2,3,1,2,4	71.489877	0.597315	0.158082	0.027625	0.216978	0.381394	0.086521	0.501685	0.030400	0.106032	0.068706	0.293903	0.531359	0.597315	0.158082	0.027625	0.216978	0.381394	0.086521	0.501685	0.030400	0.223841	0.264638	0.071761	0.439760	1,2,3,4,5,2	70.120601	0.070213	0.057375	0.204248	0.263083	0.156311	0.248769	0.035933	0.127948	0.221848	0.118536	0.171854	0.323881	0.121188	0.046568	0.062415	0.570815	0.116200	0.082813	0.036208	0.132052	0.044535	0.479757	0.086222	0.221226	0.186338	0.294893	0.192068	0.145534	0.109886	0.071282	0.035933	0.127948	0.221848	0.118536	0.171854	0.323881	1,2,3,1,4,5	71.123138	0.289632	3.724362	0.692327	0.289632	0.944323	0.947242	
560000	-115670	1,2,3,4,5,6	70.011735	5.342818	5.672807	6.157810	5.253005	6.293688	6.528714	1,2,3,4,2,5	73.093067	0.623116	0.094258	0.089952	0.192674	0.324175	0.050635	0.448893	0.176296	0.173887	0.033676	0.437755	0.354682	0.554282	0.274576	0.079690	0.091452	0.324175	0.050635	0.448893	0.176296	0.132256	0.383829	0.133792	0.350124	1,2,3,1,4,1	71.167080	0.030235	0.056669	0.261185	0.108352	0.189586	0.353973	0.025923	0.120597	0.138598	0.379734	0.013452	0.321695	0.122351	0.225008	0.120754	0.317189	0.079116	0.135581	0.030235	0.056669	0.261185	0.108352	0.189586	0.353973	0.092766	0.516556	0.074339	0.110478	0.203444	0.002417	0.030235	0.056669	0.261185	0.108352	0.189586	0.353973	1,2,3,4,3,5	72.906121	0.230928	1.574064	1.054950	0.220598	1.054950	0.805567	
561000	-115735	1,2,3,4,5,2	71.144554	6.344657	6.110095	5.670739	5.345697	6.565752	6.110095	1,2,3,4,2,5	71.050033	0.401470	0.198251	0.044966	0.355313	0.254190	0.080766	0.452398	0.212646	0.146486	0.124661	0.318397	0.410455	0.587653	0.188831	0.106311	0.117205	0.254190	0.080766	0.452398	0.212646	0.158738	0.206911	0.197404	0.436946	1,2,3,4,4,5	70.308779	0.026160	0.142827	0.258608	0.278849	0.017963	0.275593	0.137520	0.120166	0.148493	0.245951	0.092411	0.255460	0.103745	0.441923	0.222238	0.080062	0.056907	0.095125	0.091165	0.188362	0.080981	0.494744	0.133645	0.011102	0.091165	0.188362	0.080981	0.494744	0.133645	0.011102	0.133863	0.159906	0.211337	0.077118	0.307852	0.109924	1,2,3,4,5,6	71.836970	0.285915	2.760785	0.555996	0.184037	1.011432	1.005601	
562000	-119374	1,1,1,1,1,1	71.237904	4.959179	4.959179	4.959179	4.959179	4.959179	4.959179	1,2,1,3,4,5	73.515407	0.347219	0.049125	0.167894	0.435761	0.501356	0.033419	0.278124	0.187101	0.347219	0.049125	0.167894	0.435761	0.583061	0.060369	0.234965	0.121605	0.301263	0.057700	0.258637	0.382400	0.263919	0.494173	0.117994	0.123913	1,2,3,2,4,5	71.182355	0.252653	0.008909	0.264494	0.392108	0.056471	0.025366	0.066609	0.100387	0.215906	0.188586	0.090807	0.337705	0.210878	0.190606	0.108362	0.122295	0.067934	0.299925	0.066609	0.100387	0.215906	0.188586	0.090807	0.337705	0.106177	0.453623	0.025456	0.206039	0.172534	0.036172	0.231952	0.024834	0.477756	0.039461	0.166187	0.059811	1,2,3,4,5,5	71.357422	0.552866	2.516976	0.799391	0.239713	0.921013	0.921013	
563000	-117483	1,2,1,3,4,5	71.689597	5.025704	5.498041	5.025704	5.194940	6.299599	6.075255	1,2,1,3,2,4	70.257670	0.338430	0.086678	0.252717	0.322175	0.359704	0.065167	0.313230	0.261900	0.338430	0.086678	0.252717	0.322175	0.432547	0.275213	0.128024	0.164217	0.359704	0.065167	0.313230	0.261900	0.097215	0.413296	0.066969	0.422519	1,2,2,2,3,1	70.387411	0.075287	0.075137	0.333411	0.188923	0.202220	0.125023	0.041557	0.121964	0.162661	0.328309	0.063759	0.281750	0.041557	0.121964	0.162661	0.328309	0.063759	0.281750	0.041557	0.121964	0.162661	0.328309	0.063759	0.281750	0.014067	0.207108	0.030934	0.361260	0.325121	0.061510	0.075287	0.075137	0.333411	0.188923	0.202220	0.125023	1,2,3,1,4,4	71.579401	0.274618	2.272809	0.699258	0.274618	1.118982	1.118982	
564000	-116196	1,2,3,3,4,5	72.864116	5.807288	5.519851	4.905683	4.905683	6.258538	6.274535	1,2,3,4,2,5	70.967760	0.437251	0.152987	0.163712	0.246050	0.246146	0.131119	0.468160	0.154575	0.084089	0.096138	0.189405	0.630368	0.494367	0.394884	0.059445	0.051304	0.246146	0.131119	0.468160	0.154575	0.225562	0.381168	0.101507	0.291763	1,2,3,1,4,2	70.311788	0.029763	0.092472	0.503194	0.078699	0.143895	0.151977	0.049412	0.188211	0.099286	0.103176	0.233173	0.326743	0.024517	0.119448	0.299750	0.250940	0.074978	0.230366	0.029763	0.092472	0.503194	0.078699	0.143895	0.151977	0.306499	0.329612	0.015582	0.044403	0.222567	0.081337	0.049412	0.188211	0.099286	0.103176	0.233173	0.326743	1,2,3,4,5,6	70.878857	0.268949	3.386446	0.799815	0.092844	0.837231	0.953214	
565000	-116083	1,2,3,1,4,5	70.498754	5.115586	5.748959	5.309933	5.115586	6.148613	5.737396	1,2,3,4,2,5	70.517490	0.378321	0.248356	0.075702	0.297621	0.268417	0.048656	0.540091	0.142836	0.164034	0.179801	0.264894	0.391272	0.591651	0.206657	0.164844	0.036848	0.268417	0.048656	0.540091	0.142836	0.176982	0.215780	0.014374	0.592864	1,2,2,1,3,2	70.525763	0.123929	0.056444	0.383641	0.080812	0.151841	0.203333	0.142884	0.159205	0.146292	0.101313	0.201123	0.249183	0.142884	0.159205	0.146292	0.101313	0.201123	0.249183	0.123929	0.056444	0.383641	0.080812	0.151841	0.203333	0.221742	0.311602	0.189439	0.094117	0.164259	0.018842	0.142884	0.159205	0.146292	0.101313	0.201123	0.249183	1,2,3,4,5,6	72.282217	0.261744	2.251362	0.620813	0.167247	1.022917	0.990265	
566000	-115411	1,2,3,4,5,2	71.364034	6.143096	5.423707	5.961625	5.279748	6.344347	5.423707	1,2,3,4,2,3	71.751881	0.469365	0.072529	0.119099	0.339006	0.335214	0.086766	0.499680	0.078340	0.170315	0.132994	0.185096	0.511595	0.348834	0.372199	0.130994	0.147974	0.335214	0.086766	0.499680	0.078340	0.170315	0.132994	0.185096	0.511595	1,2,3,2,4,5	71.818686	0.040422	0.095638	0.363047	0.138980	0.243301	0.118611	0.059353	0.081274	0.146797	0.119416	0.203143	0.390017	0.087942	0.549963	0.099012	0.105855	0.001184	0.156045	0.059353	0.081274	0.146797	0.119416	0.203143	0.390017	0.368028	0.268154	0.093378	0.114615	0.050272	0.105554	0.306438	0.037039	0.194597	0.113471	0.276430	0.072025	1,2,3,1,4,5	71.778101	0.241803	3.380648	0.681025	0.241803	1.007240	1.044990	
567000	-117511	1,1,2,1,3,4	70.423316	5.115881	5.115881	5.572053	5.115881	6.310674	5.088439	1,2,2,3,3,4	72.208554	0.293708	0.356689	0.100111	0.249491	0.188441	0.069615	0.596108	0.145837	0.188441	0.069615	0.596108	0.145837	0.449023	0.148069	0.302516	0.100392	0.449023	0.148069	0.302516	0.100392	0.097079	0.242810	0.029374	0.630738	1,2,3,1,3,4	71.216985	0.050170	0.026840	0.586384	0.065346	0.066958	0.204302	0.096758	0.156252	0.142692	0.117762	0.024707	0.461829	0.092720	0.242549	0.364847	0.077527	0.077816	0.144541	0.050170	0.026840	0.586384	0.065346	0.066958	0.204302	0.092720	0.242549	0.364847	0.077527	0.077816	0.144541	0.193693	0.117237	0.228160	0.045713	0.111102	0.304095	1,2,3,1,4,5	72.837919	0.217106	2.162075	0.730610	0.217106	0.739177	0.883996	
568000	-117324	1,2,1,1,3,4	71.065811	4.286000	5.428604	4.286000	4.286000	6.164801	6.076997	1,2,1,3,2,1	70.935639	0.253154	0.100037	0.143697	0.503111	0.338152	0.094744	0.419721	0.147383	0.253154	0.100037	0.143697	0.503111	0.620873	0.057431	0.241929	0.079766	0.338152	0.094744	0.419721	0.147383	0.253154	0.100037	0.143697	0.503111	1,2,3,4,5,4	71.088805	0.331307	0.004324	0.162990	0.419760	0.010214	0.071405	0.000474	0.167696	0.080821	0.123392	0.222763	0.404854	0.086445	0.230987	0.124967	0.080279	0.025477	0.451845	0.064918	0.051766	0.160132	0.114401	0.419103	0.189680	0.180231	0.230009	0.098998	0.117180	0.293818	0.079764	0.064918	0.051766	0.160132	0.114401	0.419103	0.189680	1,2,3,1,4,5	72.179272	0.361060	2.990339	0.847124	0.361060	0.878213	1.060382	
569000	-117025	1,2,3,4,1,5	71.445344	6.931969	6.046731	6.777885	5.484032	6.931969	5.704179	1,2,3,4,5,1	71.825123	0.372053	0.228429	0.048710	0.350808	0.218479	0.001506	0.519654	0.260361	0.115445	0.169652	0.342344	0.372559	0.559339	0.195089	0.199480	0.046092	0.380985	0.079565	0.511176	0.028275	0.372053	0.228429	0.048710	0.350808	1,2,2,3,4,4	71.785315	0.009442	0.052764	0.568281	0.083313	0.170315	0.115885	0.049520	0.096051	0.189046	0.442531	0.005346	0.217507	0.049520	0.096051	0.189046	0.442531	0.005346	0.217507	0.205318	0.024200	0.317455	0.067741	0.124945	0.260342	0.057587	0.309187	0.057212	0.234275	0.162484	0.179256	0.057587	0.309187	0.057212	0.234275	0.162484	0.179256	1,2,3,1,4,3	71.991002	0.230787	2.868799	0.829961	0.230787	0.832172	0.829961	
570000	-116114	1,2,2,2,3,4	71.776035	5.399067	4.356043	4.356043	4.356043	6.397464	6.470164	1,2,3,4,5,6	71.453868	0.340735	0.342857	0.095530	0.220878	0.236160	0.042484	0.632435	0.088921	0.171117	0.118144	0.103692	0.607046	0.742969	0.123416	0.058900	0.074714	0.402401	0.158413	0.321928	0.117257	0.349562	0.191886	0.019075	0.439477	1,2,3,4,5,6	71.293097	0.094901	0.081688	0.378866	0.277705	0.122142	0.044698	0.051032	0.085096	0.166681	0.056109	0.131321	0.509762	0.013093	0.216046	0.157061	0.240592	0.095372	0.277837	0.039617	0.056590	0.351608	0.199782	0.076354	0.276050	0.233568	0.215352	0.185354	0.136745	0.088735	0.140246	0.152859	0.162638	0.179491	0.036226	0.184477	0.284309	1,2,3,4,5,6	73.439467	0.259867	1.627356	0.976299	0.222882	0.932152	1.042732	
571000	-118243	1,2,3,4,5,6	71.527451	6.065192	5.625754	6.844442	5.296905	5.739163	5.265145	1,2,1,3,2,4	72.338221	0.359581	0.050666	0.126458	0.463295	0.258430	0.036784	0.410487	0.294299	0.359581	0.050666	0.126458	0.463295	0.268718	0.351701	0.271641	0.107940	0.258430	0.036784	0.410487	0.294299	0.086907	0.245206	0.106665	0.561222	1,2,3,4,3,5	72.437091	0.161830	0.040760	0.365473	0.208124	0.021582	0.202231	0.191376	0.165371	0.230906	0.109035	0.054686	0.248627	0.297518	0.287826	0.009857	0.342111	0.035562	0.027126	0.068432	0.075041	0.222119	0.076885	0.490336	0.067188	0.297518	0.287826	0.009857	0.342111	0.035562	0.027126	0.248349	0.038257	0.278745	0.146143	0.129679	0.158828	1,2,3,4,3,3	70.027076	0.467127	3.278212	0.929433	0.168129	0.929433	0.929433	
572000	-118552	1,2,3,2,4,5	71.401524	5.219485	4.948536	5.957670	4.948536	6.434805	5.680939	1,2,2,1,3,1	69.902243	0.330374	0.363198	0.046666	0.259762	0.382362	0.003164	0.292466	0.322009	0.382362	0.003164	0.292466	0.322009	0.330374	0.363198	0.046666	0.259762	0.404235	0.171591	0.386644	0.037530	0.330374	0.363198	0.046666	0.259762	1,1,1,2,3,2	72.161263	0.012603	0.059313	0.134219	0.635681	0.033970	0.124214	0.012603	0.059313	0.134219	0.635681	0.033970	0.124214	0.012603	0.059313	0.134219	0.635681	0.033970	0.124214	0.035254	0.135971	0.099551	0.164455	0.193289	0.371480	0.036018	0.419912	0.036071	0.270737	0.151509	0.085754	0.035254	0.135971	0.099551	0.164455	0.193289	0.371480	1,2,3,1,3,4	71.741848	0.287733	2.557719	0.743090	0.287733	0.743090	0.934790	
573000	-115830	1,2,3,3,4,5	71.475934	5.354574	5.381642	5.058904	5.058904	5.614224	5.837178	1,2,3,1,2,4	69.088563	0.573397	0.184718	0.051184	0.190701	0.466330	0.054752	0.332308	0.146610	0.378220	0.035830	0.326448	0.259503	0.573397	0.184718	0.051184	0.190701	0.466330	0.054752	0.332308	0.146610	0.344940	0.155217	0.043079	0.456763	1,2,3,3,4,5	69.578921	0.040793	0.134025	0.221621	0.194472	0.147301	0.261789	0.061479	0.114754	0.197714	0.184632	0.119410	0.322012	0.042499	0.108126	0.111174	0.542642	0.096630	0.098930	0.042499	0.108126	0.111174	0.542642	0.096630	0.098930	0.106377	0.349679	0.078481	0.402909	0.062425	0.000129	0.087256	0.143596	0.104858	0.105812	0.372559	0.185920	1,2,3,4,5,6	70.454875	0.357189	2.309480	0.635664	0.278890	0.931422	0.957187	
574000	-116360	1,2,3,2,4,5	70.944436	4.903016	4.777471	5.243161	4.777471	6.713516	6.444015	1,2,2,3,3,4	69.286693	0.502014	0.148837	0.132888	0.216260	0.102236	0.020381	0.386024	0.491359	0.102236	0.020381	0.386024	0.491359	0.535991	0.157938	0.218216	0.087855	0.535991	0.157938	0.218216	0.087855	0.194391	0.377956	0.037579	0.390074	1,2,2,3,4,5	70.406264	0.038704	0.183437	0.308199	0.370447	0.099005	0.000208	0.336810	0.190093	0.092601	0.255186	0.071706	0.053604	0.336810	0.190093	0.092601	0.255186	0.071706	0.053604	0.133555	0.079925	0.208721	0.028667	0.526054	0.023078	0.084002	0.491079	0.064019	0.307296	0.020978	0.032625	0.144625	0.176880	0.109427	0.062540	0.288591	0.217938	1,2,3,4,5,6	71.277865	0.266118	1.959317	0.752525	0.244436	1.131911	0.943909	
575000	-117290	1,2,3,4,5,6	73.934655	5.227904	5.640387	5.500454	5.664801	6.716182	6.330965	1,2,3,1,4,5	71.097592	0.497989	0.165957	0.141053	0.195002	0.193193	0.020755	0.461251	0.324802	0.127155	0.017623	0.448241	0.406981	0.497989	0.165957	0.141053	0.195002	0.321576	0.126094	0.387875	0.164455	0.118545	0.382975	0.088741	0.409738	1,2,2,1,3,1	71.218792	0.044815	0.040797	0.232365	0.076893	0.258812	0.346319	0.210258	0.123672	0.087627	0.369695	0.111341	0.097406	0.210258	0.123672	0.087627	0.369695	0.111341	0.097406	0.044815	0.040797	0.232365	0.076893	0.258812	0.346319	0.395123	0.137347	0.187346	0.187681	0.001878	0.090624	0.044815	0.040797	0.232365	0.076893	0.258812	0.346319	1,2,3,1,4,5	69.875478	0.254149	3.091775	0.729496	0.254149	0.987909	0.877548	
576000	-116415	1,1,2,3,4,5	70.829426	5.431907	5.431907	5.396585	5.304114	5.989102	5.408878	1,2,2,3,4,1	72.072517	0.353779	0.146980	0.058378	0.440864	0.112926	0.063995	0.380823	0.442255	0.112926	0.063995	0.380823	0.442255	0.810673	0.089561	0.043644	0.056122	0.549681	0.099091	0.261270	0.089958	0.353779	0.146980	0.058378	0.440864	1,2,2,3,4,5	70.836100	0.121156	0.262802	0.318051	0.155104	0.008223	0.134663	0.134508	0.187424	0.205952	0.204357	0.132739	0.135019	0.134508	0.187424	0.205952	0.204357	0.132739	0.135019	0.005326	0.128028	0.264567	0.268689	0.258668	0.074722	0.349055	0.321641	0.062549	0.140087	0.006128	0.120539	0.054244	0.121003	0.042148	0.039054	0.215577	0.527974	1,2,3,4,3,3	71.843012	0.313782	1.660568	0.771251	0.156757	0.771251	0.771251	
577000	-116912	1,2,2,2,3,4	72.464381	5.723862	4.907501	4.907501	4.907501	5.763018	6.044747	1,2,3,4,5,3	72.499837	0.499810	0.112330	0.118997	0.268863	0.252113	0.273734	0.330865	0.143289	0.262029	0.152337	0.101689	0.483945	0.548160	0.213642	0.131548	0.106649	0.221571	0.143676	0.530585	0.104168	0.262029	0.152337	0.101689	0.483945	1,2,3,2,4,5	70.954874	0.122978	0.238477	0.387520	0.155518	0.059788	0.035719	0.047118	0.108366	0.155704	0.146856	0.080043	0.461913	0.279577	0.146719	0.149768	0.172638	0.024127	0.227172	0.047118	0.108366	0.155704	0.146856	0.080043	0.461913	0.109968	0.260347	0.158810	0.144250	0.286480	0.040143	0.134016	0.068176	0.257557	0.065571	0.364291	0.110388	1,2,3,4,3,3	71.477621	0.280475	2.174237	0.955795	0.163374	0.955795	0.955795	
578000	-117010	1,2,3,3,4,5	71.444353	5.779281	5.020860	4.551044	4.551044	6.243015	5.901129	1,2,1,3,2,1	69.702050	0.361011	0.153161	0.151644	0.334184	0.413700	0.114996	0.291228	0.180076	0.361011	0.153161	0.151644	0.334184	0.320702	0.520226	0.141847	0.017225	0.413700	0.114996	0.291228	0.180076	0.361011	0.153161	0.151644	0.334184	1,2,2,1,3,4	69.845336	0.049524	0.056015	0.414074	0.229062	0.114083	0.137241	0.092746	0.161068	0.082652	0.301062	0.059785	0.302687	0.092746	0.161068	0.082652	0.301062	0.059785	0.302687	0.049524	0.056015	0.414074	0.229062	0.114083	0.137241	0.080926	0.432865	0.093770	0.157209	0.176016	0.059213	0.158867	0.090567	0.201016	0.002652	0.276974	0.269925	1,2,3,4,5,5	72.212366	0.304387	2.381540	0.914958	0.179835	0.972099	0.972099	
579000	-116663	1,2,3,1,4,5	71.445568	5.002765	6.379803	6.172796	5.002765	6.498232	5.851533	1,2,3,4,4,1	68.714803	0.271638	0.321933	0.071669	0.334760	0.058904	0.045154	0.816688	0.079254	0.112755	0.080289	0.340956	0.466000	0.384433	0.248321	0.289197	0.078048	0.384433	0.248321	0.289197	0.078048	0.271638	0.321933	0.071669	0.334760	1,2,3,4,3,5	72.154828	0.046314	0.132267	0.211096	0.386374	0.077186	0.146764	0.067321	0.178123	0.305801	0.060456	0.072510	0.315789	0.112113	0.505499	0.051373	0.243067	0.010736	0.077211	0.091452	0.150475	0.501306	0.159376	0.093882	0.003508	0.112113	0.505499	0.051373	0.243067	0.010736	0.077211	0.055554	0.219445	0.118174	0.005890	0.275159	0.325778	1,2,3,4,5,3	69.387325	0.381533	2.059075	0.881402	0.162810	1.058644	0.881402	
580000	-117851	1,2,3,4,5,6	73.080195	5.797023	5.407165	5.053232	5.076969	6.338903	5.929456	1,2,3,4,2,1	71.408940	0.424378	0.186108	0.067082	0.322432	0.386220	0.110684	0.459057	0.044038	0.160334	0.128158	0.154823	0.556685	0.399168	0.431944	0.118969	0.049919	0.386220	0.110684	0.459057	0.044038	0.424378	0.186108	0.067082	0.322432	1,2,3,1,4,5	72.152520	0.072811	0.118886	0.193767	0.350445	0.194487	0.069603	0.010231	0.171670	0.100460	0.154668	0.378761	0.184210	0.294491	0.143463	0.086127	0.239479	0.068239	0.168200	0.072811	0.118886	0.193767	0.350445	0.194487	0.069603	0.150163	0.297698	0.305594	0.136452	0.054572	0.055521	0.052812	0.103146	0.056447	0.003800	0.406879	0.376917	1,2,3,4,5,6	72.478230	0.236239	2.381663	0.707940	0.217473	1.018814	0.896398	
581000	-115959	1,2,3,4,5,6	71.198852	5.636990	5.624648	6.310591	5.133867	6.695002	6.199817	1,2,2,3,2,1	73.365683	0.416859	0.152360	0.052863	0.377918	0.337070	0.065372	0.335225	0.262333	0.337070	0.065372	0.335225	0.262333	0.566779	0.263586	0.056104	0.113531	0.337070	0.065372	0.335225	0.262333	0.416859	0.152360	0.052863	0.377918	1,2,3,4,5,6	72.804248	0.026527	0.000154	0.411459	0.225199	0.285263	0.051399	0.057314	0.145538	0.076513	0.312871	0.090007	0.317757	0.105568	0.081079	0.076880	0.429600	0.166985	0.139888	0.027125	0.185659	0.157340	0.141892	0.332285	0.155699	0.183015	0.398736	0.188739	0.154321	0.040245	0.034944	0.094394	0.096572	0.072108	0.122692	0.191229	0.423005	1,2,3,4,5,5	69.454751	0.361219	2.362105	0.670930	0.337197	1.061612	1.061612	
582000	-118783	1,2,3,4,5,6	71.796950	6.522146	5.592675	6.640332	5.160384	6.474631	6.490626	1,2,2,3,4,1	71.500647	0.233214	0.194610	0.119839	0.452337	0.198180	0.052706	0.251234	0.497880	0.198180	0.052706	0.251234	0.497880	0.426292	0.062623	0.374825	0.136261	0.181492	0.198304	0.482952	0.137251	0.233214	0.194610	0.119839	0.452337	1,2,3,4,3,5	72.419756	0.042390	0.067357	0.374929	0.206192	0.092600	0.216532	0.296624	0.277953	0.064858	0.103412	0.133303	0.123850	0.124863	0.484532	0.180191	0.128703	0.013258	0.068452	0.042845	0.020281	0.363673	0.092021	0.272328	0.208851	0.124863	0.484532	0.180191	0.128703	0.013258	0.068452	0.126715	0.348785	0.042250	0.071186	0.285110	0.125953	1,2,3,1,4,5	70.911565	0.240664	1.742838	0.825606	0.240664	1.036771	1.035026	
583000	-116656	1,2,3,2,4,5	70.867099	5.406561	4.977439	6.619345	4.977439	6.775054	5.787276	1,2,3,4,5,6	71.970981	0.354539	0.095553	0.149223	0.400685	0.142630	0.052139	0.748899	0.056332	0.195847	0.084332	0.288099	0.431722	0.619617	0.103382	0.067196	0.209805	0.296735	0.096974	0.522668	0.083623	0.188621	0.294852	0.213012	0.303515	1,2,3,4,5,6	70.305776	0.141986	0.069899	0.211917	0.255270	0.103088	0.217840	0.036356	0.060123	0.170487	0.181534	0.310963	0.240538	0.010391	0.295798	0.197895	0.190912	0.085743	0.219261	0.076342	0.178370	0.187630	0.138830	0.182156	0.236671	0.034292	0.506959	0.180639	0.090354	0.164468	0.023288	0.279833	0.032070	0.138094	0.174119	0.246610	0.129275	1,2,3,4,5,6	70.887668	0.275666	2.794785	0.941016	0.113924	1.021114	0.941927	
584000	-118108	1,2,3,4,5,6	72.437818	5.884463	5.635884	5.088734	4.928363	5.638815	6.382205	1,2,2,1,3,1	69.822463	0.414615	0.128406	0.079395	0.377585	0.077304	0.050784	0.570418	0.301494	0.077304	0.050784	0.570418	0.301494	0.414615	0.128406	0.079395	0.377585	0.504830	0.203225	0.201307	0.090638	0.414615	0.128406	0.079395	0.377585	1,2,3,2,4,5	70.534550	0.133184	0.081352	0.403202	0.184135	0.167406	0.030722	0.179804	0.157329	0.184066	0.215112	0.045012	0.218678	0.029627	0.111751	0.080280	0.482228	0.238346	0.057768	0.179804	0.157329	0.184066	0.215112	0.045012	0.218678	0.132815	0.258862	0.055277	0.277770	0.011064	0.264211	0.098354	0.019996	0.239678	0.175705	0.345878	0.120389	1,2,3,4,5,6	71.437497	0.289774	3.177775	0.694993	0.232307	1.056670	0.937154	
585000	-116727	1,2,3,3,4,5	72.688618	5.693840	5.814469	4.764890	4.764890	6.665399	5.580277	1,2,3,1,4,5	70.908938	0.410249	0.327245	0.057704	0.204802	0.270343	0.025898	0.437700	0.266058	0.067143	0.062212	0.240333	0.630313	0.410249	0.327245	0.057704	0.204802	0.502596	0.029064	0.445959	0.022382	0.170516	0.144992	0.153484	0.531008	1,2,3,4,3,2	71.673064	0.038960	0.404377	0.320256	0.075602	0.034928	0.125877	0.127152	0.064545	0.125031	0.287779	0.236709	0.158783	0.222900	0.162629	0.194847	0.283404	0.081295	0.054925	0.081429	0.225677	0.138201	0.329463	0.220619	0.004610	0.222900	0.162629	0.194847	0.283404	0.081295	0.054925	0.127152	0.064545	0.125031	0.287779	0.236709	0.158783	1,2,3,4,5,5	70.855127	0.304495	2.722578	0.745942	0.261573	0.996815	0.996815	
586000	-118796	1,2,3,3,4,5	70.127415	6.066926	5.152228	3.965256	3.965256	5.634095	5.786103	1,2,3,4,5,6	70.722813	0.453857	0.164910	0.077606	0.303626	0.477228	0.017696	0.456057	0.049020	0.451179	0.118667	0.098504	0.331650	0.641454	0.072097	0.046027	0.240422	0.163369	0.318042	0.269644	0.248946	0.204583	0.386651	0.014684	0.394082	1,2,3,4,4,4	72.137992	0.079491	0.037438	0.390919	0.241687	0.049681	0.200784	0.011830	0.025310	0.101325	0.306095	0.318010	0.237430	0.154356	0.180089	0.077132	0.223056	0.016285	0.349082	0.094257	0.193926	0.139578	0.288958	0.113472	0.169809	0.094257	0.193926	0.139578	0.288958	0.113472	0.169809	0.094257	0.193926	0.139578	0.288958	0.113472	0.169809	1,2,3,4,5,6	71.853903	0.261901	1.820828	0.817682	0.239540	0.960994	0.975079	
587000	-115980	1,2,3,1,3,4	70.223471	4.061402	6.028015	6.589532	4.061402	6.589532	5.765831	1,2,3,1,2,4	71.803611	0.599569	0.161749	0.086558	0.152124	0.253327	0.064722	0.491093	0.190858	0.191080	0.084629	0.436683	0.287608	0.599569	0.161749	0.086558	0.152124	0.253327	0.064722	0.491093	0.190858	0.272316	0.353751	0.113145	0.260787	1,2,3,4,5,6	69.850029	0.028841	0.076394	0.400688	0.343975	0.044387	0.105715	0.182242	0.145161	0.173212	0.054459	0.163462	0.281463	0.056398	0.262914	0.127681	0.402186	0.055220	0.095601	0.095899	0.082392	0.153118	0.257812	0.145131	0.265648	0.099789	0.435972	0.260400	0.116143	0.017700	0.069997	0.097355	0.088944	0.323202	0.033252	0.211199	0.246049	1,2,3,4,5,5	70.965766	0.297274	5.409329	0.749704	0.138617	1.073410	1.073410	
588000	-119118	1,2,3,1,4,5	72.469589	4.823776	5.378277	6.499982	4.823776	5.380026	6.402333	1,2,3,4,1,3	69.887502	0.433733	0.173473	0.180713	0.212080	0.275341	0.270049	0.347726	0.106884	0.219294	0.120469	0.121142	0.539095	0.573626	0.266987	0.078864	0.080523	0.433733	0.173473	0.180713	0.212080	0.219294	0.120469	0.121142	0.539095	1,2,3,3,4,5	71.052619	0.189425	0.065772	0.370762	0.163482	0.162106	0.048453	0.017698	0.112624	0.021034	0.018601	0.249066	0.580977	0.173593	0.068285	0.142456	0.419269	0.137333	0.059065	0.173593	0.068285	0.142456	0.419269	0.137333	0.059065	0.157673	0.267732	0.051030	0.372216	0.077300	0.074049	0.299504	0.091939	0.319179	0.032864	0.135446	0.121068	1,2,3,4,5,6	72.416202	0.282092	1.442449	0.750505	0.226145	1.215732	0.894958	
589000	-118473	1,2,3,4,5,4	71.959952	6.466771	5.792853	5.851787	4.470653	6.058709	4.470653	1,2,2,3,4,5	69.920578	0.562938	0.096861	0.015309	0.324892	0.364420	0.018475	0.363742	0.253363	0.364420	0.018475	0.363742	0.253363	0.778267	0.140270	0.030828	0.050635	0.352715	0.250072	0.256126	0.141087	0.084643	0.124363	0.011687	0.779306	1,2,3,2,4,2	73.243019	0.019814	0.087176	0.444873	0.036716	0.359171	0.052249	0.063713	0.093696	0.114403	0.301215	0.120667	0.306306	0.062231	0.187058	0.058724	0.370877	0.106911	0.214200	0.063713	0.093696	0.114403	0.301215	0.120667	0.306306	0.214269	0.243037	0.155223	0.237553	0.051368	0.098551	0.063713	0.093696	0.114403	0.301215	0.120667	0.306306	1,2,3,4,5,5	70.613263	0.262971	5.006547	0.858783	0.194434	1.027429	1.027429	
590000	-116472	1,2,3,4,5,6	70.949803	7.246688	5.427102	5.224011	5.648894	5.614179	5.774147	1,2,3,4,5,1	71.544077	0.420531	0.154550	0.080706	0.344213	0.150270	0.168130	0.514976	0.166625	0.072312	0.053500	0.405943	0.468245	0.389100	0.435532	0.060556	0.114812	0.197874	0.173128	0.466951	0.162047	0.420531	0.154550	0.080706	0.344213	1,2,3,4,3,4	72.502549	0.022923	0.035116	0.529664	0.220247	0.191547	0.000503	0.066401	0.225113	0.181822	0.085100	0.032913	0.408651	0.287762	0.195664	0.130607	0.247838	0.084695	0.053434	0.053390	0.021897	0.205987	0.086708	0.348467	0.283550	0.287762	0.195664	0.130607	0.247838	0.084695	0.053434	0.053390	0.021897	0.205987	0.086708	0.348467	0.283550	1,2,3,4,5,6	71.355144	0.387990	1.476037	0.808090	0.340103	0.929228	0.954708	
591000	-118544	1,2,3,1,4,5	71.330218	4.789672	5.762300	5.642207	4.789672	6.167569	5.797246	1,2,1,3,2,4	69.958415	0.293020	0.222525	0.256340	0.228114	0.505478	0.068768	0.345560	0.080194	0.293020	0.222525	0.256340	0.228114	0.523246	0.243605	0.187701	0.045448	0.505478	0.068768	0.345560	0.080194	0.194459	0.129310	0.092247	0.583984	1,2,3,2,3,2	70.481537	0.245691	0.011905	0.331701	0.069687	0.221526	0.119490	0.077243	0.038723	0.250775	0.094640	0.339942	0.198676	0.211423	0.224168	0.065367	0.159058	0.016382	0.323601	0.077243	0.038723	0.250775	0.094640	0.339942	0.198676	0.211423	0.224168	0.065367	0.159058	0.016382	0.323601	0.077243	0.038723	0.250775	0.094640	0.339942	0.198676	1,2,3,4,3,3	70.421829	0.267213	2.472526	0.856651	0.251729	0.856651	0.856651	
592000	-116358	1,1,2,3,4,5	71.684819	5.405730	5.405730	6.697050	5.142325	6.611059	5.831301	1,2,3,4,2,5	70.815866	0.380847	0.216400	0.048824	0.353929	0.414549	0.072305	0.370829	0.142317	0.091886	0.190252	0.454784	0.263078	0.325952	0.496613	0.056020	0.121415	0.414549	0.072305	0.370829	0.142317	0.262383	0.333884	0.045055	0.358678	1,2,3,4,5,2	70.996254	0.268163	0.036486	0.441548	0.156876	0.028383	0.068543	0.096383	0.087514	0.108713	0.157503	0.146525	0.403361	0.029501	0.345175	0.181495	0.279594	0.016682	0.147553	0.028834	0.083996	0.288017	0.403954	0.123724	0.071475	0.008788	0.455046	0.120684	0.314359	0.001190	0.099933	0.096383	0.087514	0.108713	0.157503	0.146525	0.403361	1,2,3,1,4,5	72.188723	0.236652	2.270144	0.457286	0.236652	0.908475	1.036829	
593000	-114950	1,2,3,4,5,6	72.087404	5.296816	5.129956	5.762498	5.074998	6.869265	6.474748	1,2,3,4,2,5	72.244893	0.318461	0.152598	0.020761	0.508180	0.402933	0.079018	0.435666	0.082382	0.158623	0.084355	0.294476	0.462547	0.532820	0.328207	0.105783	0.033190	0.402933	0.079018	0.435666	0.082382	0.183325	0.231574	0.068612	0.516488	1,2,3,4,3,5	71.793331	0.087497	0.306566	0.302983	0.238283	0.035583	0.029088	0.031668	0.115483	0.179765	0.251401	0.077929	0.343753	0.116673	0.317038	0.120690	0.265883	0.050979	0.128737	0.056943	0.054571	0.234583	0.134625	0.260143	0.259135	0.116673	0.317038	0.120690	0.265883	0.050979	0.128737	0.084334	0.186970	0.161538	0.081518	0.336890	0.148751	1,2,3,1,4,5	70.639404	0.232671	3.193068	0.663004	0.232671	0.953635	0.977780	
594000	-116102	1,2,3,4,5,6	69.922135	5.416098	6.061603	5.475821	5.113401	6.206931	6.149807	1,2,3,4,4,5	71.718518	0.407766	0.260827	0.115865	0.215542	0.133050	0.042100	0.685284	0.139567	0.214327	0.201469	0.178835	0.405369	0.591232	0.101698	0.266479	0.040590	0.591232	0.101698	0.266479	0.040590	0.329536	0.255915	0.104020	0.310529	1,2,3,1,3,2	72.161895	0.059051	0.028992	0.325047	0.113129	0.100508	0.373273	0.053613	0.145376	0.068386	0.108917	0.317104	0.306604	0.155823	0.310837	0.100889	0.287536	0.025849	0.119066	0.059051	0.028992	0.325047	0.113129	0.100508	0.373273	0.155823	0.310837	0.100889	0.287536	0.025849	0.119066	0.053613	0.145376	0.068386	0.108917	0.317104	0.306604	1,2,3,4,5,3	71.545652	0.302921	2.349483	0.796345	0.303795	1.030592	0.796345	
595000	-117832	1,2,3,1,4,5	71.021399	5.188142	5.583078	5.292724	5.188142	6.459444	6.166893	1,2,3,4,2,5	70.507654	0.291184	0.101913	0.314013	0.292890	0.329829	0.096560	0.479829	0.093782	0.311480	0.135103	0.215361	0.338056	0.634165	0.231701	0.123054	0.011080	0.329829	0.096560	0.479829	0.093782	0.061347	0.243706	0.058624	0.636323	1,2,3,2,4,5	69.935818	0.193494	0.141737	0.394322	0.066287	0.074156	0.130004	0.027304	0.095231	0.132216	0.129729	0.240105	0.375416	0.021458	0.161376	0.071487	0.370596	0.135600	0.239484	0.027304	0.095231	0.132216	0.129729	0.240105	0.375416	0.242267	0.297976	0.304449	0.009739	0.100919	0.044650	0.211346	0.107490	0.125937	0.012255	0.261848	0.281124	1,2,3,1,4,5	72.231792	0.218483	4.278205	0.920963	0.218483	0.913367	0.950461	
596000	-115725	1,2,3,4,5,6	72.373007	5.246338	5.661920	5.868335	5.428681	6.927084	5.749024	1,2,2,3,4,1	69.458759	0.351803	0.258206	0.036587	0.353404	0.204495	0.024843	0.422331	0.348332	0.204495	0.024843	0.422331	0.348332	0.419304	0.230403	0.227560	0.122733	0.345248	0.098159	0.443565	0.113028	0.351803	0.258206	0.036587	0.353404	1,2,3,4,5,3	73.174310	0.077649	0.255745	0.269443	0.264418	0.042945	0.089799	0.268496	0.169033	0.136753	0.195488	0.001451	0.228779	0.105489	0.124201	0.084129	0.228379	0.265083	0.192719	0.037281	0.049243	0.120354	0.154833	0.621320	0.016969	0.173230	0.336076	0.110267	0.206370	0.159500	0.014556	0.105489	0.124201	0.084129	0.228379	0.265083	0.192719	1,2,3,4,5,6	71.123569	0.343952	1.965138	0.881871	0.247065	1.067671	0.939383	
597000	-115622	1,2,3,2,4,5	71.299445	5.416213	4.926777	5.607267	4.926777	6.384759	6.205338	1,2,3,4,2,5	70.939544	0.296994	0.196606	0.169189	0.337210	0.428764	0.083912	0.319751	0.167573	0.210691	0.117692	0.207873	0.463744	0.654382	0.265001	0.033405	0.047211	0.428764	0.083912	0.319751	0.167573	0.299037	0.344883	0.074479	0.281601	1,2,3,1,4,5	70.965895	0.056234	0.040092	0.452544	0.102198	0.209501	0.139431	0.021134	0.238321	0.125151	0.044974	0.165682	0.404738	0.069411	0.428662	0.098497	0.150467	0.074809	0.178154	0.056234	0.040092	0.452544	0.102198	0.209501	0.139431	0.413770	0.305093	0.032630	0.162158	0.049401	0.036947	0.041130	0.058431	0.113944	0.177920	0.353237	0.255339	1,2,3,4,5,3	71.675281	0.294094	2.156306	0.785973	0.156078	1.243856	0.785973	
598000	-116118	1,2,3,4,5,6	70.214320	5.320850	5.482397	5.516485	5.173285	6.173241	5.636811	1,2,1,3,2,1	69.792471	0.308817	0.183017	0.138075	0.370091	0.351244	0.063800	0.470147	0.114809	0.308817	0.183017	0.138075	0.370091	0.471395	0.409699	0.051452	0.067453	0.351244	0.063800	0.470147	0.114809	0.308817	0.183017	0.138075	0.370091	1,2,2,1,3,4	69.827891	0.065230	0.191290	0.494587	0.132083	0.116651	0.000158	0.042903	0.122778	0.222643	0.268139	0.072479	0.271057	0.042903	0.122778	0.222643	0.268139	0.072479	0.271057	0.065230	0.191290	0.494587	0.132083	0.116651	0.000158	0.069175	0.251259	0.080704	0.289020	0.279517	0.030325	0.251093	0.090184	0.096251	0.039371	0.271672	0.251429	1,2,3,4,5,5	71.539687	0.208472	1.862687	0.697769	0.184554	1.100806	1.100806	
599000	-117005	1,2,3,3,4,5	69.056208	5.317971	6.107871	5.133266	5.133266	6.433334	6.191480	1,2,3,4,5,5	73.454741	0.498926	0.212000	0.029524	0.259550	0.115431	0.011329	0.829533	0.043707	0.262494	0.019225	0.258579	0.459702	0.657867	0.259207	0.038376	0.044549	0.162419	0.187835	0.217803	0.431943	0.162419	0.187835	0.217803	0.431943	1,2,2,1,3,4	72.015463	0.088524	0.006238	0.283921	0.377068	0.115073	0.129176	0.169781	0.076906	0.143025	0.345363	0.149269	0.115656	0.169781	0.076906	0.143025	0.345363	0.149269	0.115656	0.088524	0.006238	0.283921	0.377068	0.115073	0.129176	0.215068	0.611055	0.026886	0.041786	0.055492	0.049712	0.131282	0.213915	0.182427	0.007981	0.186171	0.278225	1,2,3,4,5,5	72.731888	0.323422	2.967073	1.044894	0.151520	1.075550	1.075550	
600000	-117307	1,2,3,4,5,6	72.494652	5.755082	5.364701	5.591049	5.189155	6.530708	6.200280	1,2,3,1,2,1	71.610028	0.413826	0.203001	0.071648	0.311525	0.263906	0.165263	0.441705	0.129126	0.103242	0.219330	0.232611	0.444816	0.413826	0.203001	0.071648	0.311525	0.263906	0.165263	0.441705	0.129126	0.413826	0.203001	0.071648	0.311525	1,1,2,3,3,4	70.968144	0.085945	0.120909	0.319185	0.111625	0.041773	0.320563	0.085945	0.120909	0.319185	0.111625	0.041773	0.320563	0.177239	0.044528	0.112329	0.559244	0.035284	0.071377	0.090746	0.388572	0.117231	0.298914	0.079645	0.024891	0.090746	0.388572	0.117231	0.298914	0.079645	0.024891	0.053788	0.099225	0.078409	0.039170	0.443988	0.285421	1,2,3,1,4,4	68.661945	0.353778	2.370929	0.743445	0.353778	1.079341	1.079341	
601000	-116358	1,2,3,1,4,5	71.448144	4.954974	5.875089	5.583352	4.954974	6.270898	6.286593	1,2,3,4,2,1	72.442848	0.276942	0.263059	0.064904	0.395095	0.365888	0.180748	0.313774	0.139589	0.134342	0.205816	0.326673	0.333169	0.686166	0.073266	0.125896	0.114672	0.365888	0.180748	0.313774	0.139589	0.276942	0.263059	0.064904	0.395095	1,2,3,4,5,2	71.948397	0.121630	0.124585	0.386197	0.033666	0.069751	0.264171	0.115723	0.090770	0.120011	0.036899	0.280302	0.356295	0.045994	0.290233	0.119974	0.259519	0.015263	0.269017	0.120526	0.122373	0.191042	0.158192	0.291508	0.116360	0.204104	0.451060	0.125610	0.104360	0.093129	0.021738	0.115723	0.090770	0.120011	0.036899	0.280302	0.356295	1,2,3,4,5,5	71.773274	0.306162	2.231490	0.909769	0.244432	1.041353	1.041353	
602000	-116588	1,1,2,2,3,4	70.327975	6.370391	6.370391	4.603713	4.603713	5.927380	6.087516	1,2,2,3,4,1	70.638636	0.318230	0.319868	0.061327	0.300575	0.213794	0.165329	0.394828	0.226049	0.213794	0.165329	0.394828	0.226049	0.524129	0.186536	0.207495	0.081841	0.461381	0.180332	0.291269	0.067018	0.318230	0.319868	0.061327	0.300575	1,2,3,4,5,4	71.032983	0.089066	0.234239	0.534365	0.051317	0.004626	0.086387	0.177268	0.137833	0.190460	0.039158	0.052797	0.402484	0.000965	0.280825	0.402030	0.154299	0.003644	0.158237	0.039407	0.092903	0.121156	0.182587	0.228716	0.335231	0.096008	0.450922	0.139905	0.162861	0.025043	0.125260	0.039407	0.092903	0.121156	0.182587	0.228716	0.335231	1,2,3,4,5,6	70.247691	0.320206	2.101211	0.908588	0.193382	1.073352	0.928116	
603000	-114382	1,2,3,4,5,6	72.114399	5.939024	5.339417	5.963698	4.824585	6.468027	6.552866	1,2,3,4,5,6	70.257096	0.465564	0.158782	0.133021	0.242634	0.242863	0.100588	0.368917	0.287632	0.206990	0.055588	0.215084	0.522337	0.597122	0.192102	0.133011	0.077765	0.343277	0.107929	0.464453	0.084341	0.168790	0.318433	0.084372	0.428405	1,2,3,4,5,4	71.582558	0.136091	0.038167	0.577813	0.173481	0.045804	0.028645	0.013834	0.239183	0.150105	0.194816	0.073628	0.328434	0.152973	0.210051	0.076346	0.265872	0.159698	0.135061	0.089119	0.064568	0.213163	0.279661	0.265577	0.087912	0.241870	0.303173	0.232422	0.069581	0.136055	0.016899	0.089119	0.064568	0.213163	0.279661	0.265577	0.087912	1,2,3,4,5,5	70.552201	0.337768	2.444164	0.936506	0.216821	0.926845	0.926845	
604000	-116827	1,2,3,4,1,5	70.441926	6.422024	4.967214	5.849514	4.905560	6.422024	5.290006	1,2,2,1,3,4	71.843779	0.457105	0.142038	0.127228	0.273629	0.239214	0.074784	0.305328	0.380674	0.239214	0.074784	0.305328	0.380674	0.457105	0.142038	0.127228	0.273629	0.394742	0.196277	0.315182	0.093799	0.067347	0.437955	0.058254	0.436444	1,2,2,3,4,5	70.593103	0.110271	0.041795	0.143646	0.390863	0.204846	0.108578	0.129860	0.225171	0.121813	0.261567	0.025683	0.235906	0.129860	0.225171	0.121813	0.261567	0.025683	0.235906	0.163303	0.171398	0.129333	0.175432	0.161511	0.199024	0.253546	0.558718	0.066846	0.084128	0.016324	0.020438	0.176963	0.254004	0.258384	0.069594	0.079171	0.161884	1,2,3,4,5,6	71.457338	0.344305	2.506967	0.738232	0.252547	1.160248	0.967348	
605000	-116099	1,2,3,4,5,6	70.051830	6.267398	5.755001	5.618515	5.508039	6.857195	6.037950	1,2,3,4,5,6	70.633957	0.442715	0.182732	0.046701	0.327853	0.221238	0.053714	0.464158	0.260891	0.181797	0.194382	0.142436	0.481386	0.572644	0.196900	0.060780	0.169675	0.418064	0.147212	0.317867	0.116857	0.390387	0.250807	0.047524	0.311283	1,2,3,3,4,5	71.723523	0.034815	0.000135	0.529564	0.073076	0.180867	0.181543	0.125627	0.247558	0.216837	0.098569	0.064237	0.247171	0.148172	0.398032	0.124041	0.164495	0.073748	0.091513	0.148172	0.398032	0.124041	0.164495	0.073748	0.091513	0.062840	0.261363	0.046133	0.521563	0.105120	0.002980	0.146106	0.159085	0.072006	0.167409	0.211351	0.244044	1,2,3,4,5,6	70.376605	0.216525	3.266093	0.934978	0.233004	0.966472	0.909088	
606000	-116229	1,2,3,4,5,6	71.348374	6.253487	5.148835	4.954784	5.238997	6.353750	5.984221	1,2,3,4,2,5	71.540464	0.448934	0.210139	0.053757	0.287170	0.507224	0.065402	0.352527	0.074848	0.160379	0.143633	0.122655	0.573333	0.615903	0.078301	0.151314	0.154483	0.507224	0.065402	0.352527	0.074848	0.333502	0.186034	0.103111	0.377353	1,2,3,2,3,2	72.322961	0.097848	0.086108	0.540635	0.097534	0.029857	0.148018	0.032578	0.031479	0.181323	0.122747	0.373566	0.258307	0.080763	0.244536	0.175111	0.271612	0.043681	0.184297	0.032578	0.031479	0.181323	0.122747	0.373566	0.258307	0.080763	0.244536	0.175111	0.271612	0.043681	0.184297	0.032578	0.031479	0.181323	0.122747	0.373566	0.258307	1,2,3,4,5,5	71.973665	0.409521	2.798363	0.584601	0.327615	0.936879	0.936879	
607000	-114850	1,2,3,1,4,5	73.237726	5.253769	5.524049	5.395222	5.253769	6.858223	5.845819	1,2,3,1,2,4	72.606590	0.454609	0.234896	0.062716	0.247779	0.325382	0.116734	0.469977	0.087907	0.228995	0.074300	0.212876	0.483829	0.454609	0.234896	0.062716	0.247779	0.325382	0.116734	0.469977	0.087907	0.194315	0.355862	0.027731	0.422093	1,2,3,4,4,2	70.429191	0.049920	0.047362	0.287689	0.301700	0.279109	0.034219	0.046984	0.116134	0.106055	0.082839	0.153878	0.494110	0.109126	0.254209	0.125174	0.282403	0.063136	0.165952	0.059549	0.401756	0.106869	0.296934	0.128748	0.006145	0.059549	0.401756	0.106869	0.296934	0.128748	0.006145	0.046984	0.116134	0.106055	0.082839	0.153878	0.494110	1,2,3,4,5,5	71.869979	0.303592	3.540107	0.852365	0.272793	1.009570	1.009570	
608000	-117016	1,2,3,1,4,5	72.740494	5.245270	5.828122	5.950481	5.245270	6.485704	6.643022	1,2,3,4,2,5	70.340672	0.430936	0.284347	0.100826	0.183891	0.322633	0.048050	0.383031	0.246286	0.207468	0.121514	0.384784	0.286234	0.825602	0.072659	0.038464	0.063275	0.322633	0.048050	0.383031	0.246286	0.168999	0.400568	0.098674	0.331760	1,2,2,3,4,5	71.090720	0.146769	0.120564	0.306381	0.323290	0.068351	0.034644	0.222555	0.095080	0.193624	0.247500	0.028091	0.213150	0.222555	0.095080	0.193624	0.247500	0.028091	0.213150	0.021592	0.121517	0.149298	0.281660	0.411586	0.014348	0.098304	0.294188	0.055788	0.441166	0.089254	0.021300	0.206132	0.005129	0.391657	0.081332	0.283690	0.032060	1,2,3,1,4,5	70.311764	0.314821	2.338391	0.756626	0.314821	1.200088	0.879735	
609000	-115024	1,2,3,3,4,5	71.388773	5.757747	5.365825	5.081788	5.081788	6.156520	6.005383	1,2,3,4,5,1	71.508004	0.347080	0.288574	0.052161	0.312185	0.079169	0.116165	0.635051	0.169615	0.082106	0.039875	0.245185	0.632834	0.386577	0.492383	0.027120	0.093920	0.321223	0.109032	0.406481	0.163264	0.347080	0.288574	0.052161	0.312185	1,2,3,4,3,2	71.908842	0.048640	0.178415	0.606764	0.056153	0.102925	0.007103	0.077352	0.229487	0.151369	0.095994	0.219813	0.225985	0.132213	0.319551	0.127328	0.219573	0.140614	0.060720	0.008687	0.163379	0.185311	0.282286	0.320334	0.040004	0.132213	0.319551	0.127328	0.219573	0.140614	0.060720	0.077352	0.229487	0.151369	0.095994	0.219813	0.225985	1,2,3,4,5,5	70.606404	0.251220	1.953936	0.877310	0.225771	0.911148	0.911148	
610000	-117352	1,2,3,4,5,6	69.679347	6.005136	5.237104	4.563452	4.631513	6.146388	5.447311	1,2,3,4,2,1	71.382921	0.431498	0.200225	0.011776	0.356501	0.308570	0.148006	0.445418	0.098007	0.233571	0.427286	0.122960	0.216184	0.604509	0.169124	0.147589	0.078778	0.308570	0.148006	0.445418	0.098007	0.431498	0.200225	0.011776	0.356501	1,2,3,1,4,5	69.550825	0.055933	0.088674	0.314125	0.307003	0.066326	0.167939	0.005623	0.121543	0.088426	0.114470	0.162399	0.507540	0.125637	0.152874	0.234883	0.198800	0.058250	0.229557	0.055933	0.088674	0.314125	0.307003	0.066326	0.167939	0.119439	0.265887	0.185539	0.169743	0.123388	0.136004	0.136215	0.051003	0.095004	0.105164	0.233427	0.379186	1,2,3,4,5,6	72.239853	0.408697	1.878823	0.857568	0.175280	0.893378	0.860268	
611000	-116272	1,1,2,3,4,5	69.576576	5.658303	5.658303	6.356190	5.585675	6.121336	5.923116	1,2,3,1,2,4	72.125084	0.352870	0.219273	0.103366	0.324491	0.318214	0.049133	0.462467	0.170186	0.155044	0.034727	0.350845	0.459384	0.352870	0.219273	0.103366	0.324491	0.318214	0.049133	0.462467	0.170186	0.331510	0.229651	0.077131	0.361708	1,2,3,3,4,5	71.339802	0.026588	0.099613	0.331275	0.188738	0.210406	0.143380	0.131525	0.256267	0.082056	0.064179	0.065184	0.400790	0.133804	0.108983	0.094924	0.335572	0.153954	0.172763	0.133804	0.108983	0.094924	0.335572	0.153954	0.172763	0.350310	0.202204	0.065210	0.158999	0.146983	0.076294	0.077691	0.022391	0.090194	0.275852	0.303622	0.230250	1,2,3,1,4,4	71.921378	0.281990	1.882188	0.675420	0.281990	0.889009	0.889009	
612000	-116715	1,2,3,4,5,6	71.535957	7.164746	5.753703	5.513878	5.336259	6.656538	5.967935	1,2,3,4,2,5	70.465913	0.364609	0.174776	0.086792	0.373822	0.258156	0.159578	0.443655	0.138610	0.287052	0.119219	0.220875	0.372854	0.682779	0.133247	0.080189	0.103785	0.258156	0.159578	0.443655	0.138610	0.224276	0.294682	0.144509	0.336533	1,2,3,4,5,4	70.488982	0.066604	0.153736	0.325642	0.193413	0.094272	0.166333	0.066747	0.196800	0.165668	0.153763	0.171673	0.245350	0.052160	0.191585	0.183319	0.280663	0.022207	0.270066	0.073804	0.017931	0.199985	0.205107	0.296019	0.207154	0.379786	0.115261	0.092346	0.232921	0.147831	0.031855	0.073804	0.017931	0.199985	0.205107	0.296019	0.207154	1,2,3,4,5,6	71.027147	0.325593	1.554539	0.692415	0.288435	0.857083	0.866794	
613000	-116572	1,2,3,1,4,5	70.786302	4.519777	5.201964	5.475724	4.519777	6.379181	6.270805	1,2,1,3,4,5	70.510028	0.195619	0.129496	0.189620	0.485265	0.295599	0.116169	0.379524	0.208709	0.195619	0.129496	0.189620	0.485265	0.557108	0.260625	0.122528	0.059740	0.248077	0.180425	0.475516	0.095983	0.134346	0.178499	0.214019	0.473136	1,2,3,4,5,4	72.868879	0.056564	0.067713	0.373316	0.348039	0.067541	0.086827	0.045875	0.352421	0.113334	0.129843	0.023759	0.334768	0.202603	0.318921	0.130066	0.131223	0.041951	0.175236	0.067225	0.007564	0.298664	0.048174	0.334255	0.244119	0.259668	0.344329	0.112988	0.067035	0.119863	0.096118	0.067225	0.007564	0.298664	0.048174	0.334255	0.244119	1,2,3,4,5,3	72.199275	0.349290	1.982634	0.906177	0.160191	0.996478	0.906177	
614000	-115537	1,2,3,4,5,6	69.573718	5.270867	5.156832	4.723562	5.320910	6.286117	5.791848	1,2,3,4,5,6	69.983400	0.294652	0.293680	0.044774	0.366894	0.189379	0.065997	0.661060	0.083565	0.286689	0.024045	0.119815	0.569451	0.485641	0.299384	0.125791	0.089184	0.288830	0.126259	0.420642	0.164269	0.214325	0.411337	0.035603	0.338735	1,2,3,1,4,4	71.576344	0.046266	0.063366	0.458093	0.120631	0.209145	0.102498	0.065472	0.104636	0.309656	0.116783	0.136735	0.266717	0.179111	0.087492	0.083540	0.484067	0.025107	0.140682	0.046266	0.063366	0.458093	0.120631	0.209145	0.102498	0.076139	0.355310	0.173561	0.103064	0.129066	0.162860	0.076139	0.355310	0.173561	0.103064	0.129066	0.162860	1,2,3,1,4,4	70.432549	0.274284	1.885725	0.700605	0.274284	1.121449	1.121449	
615000	-114247	1,2,3,3,4,5	71.659779	5.718232	5.618080	4.933175	4.933175	6.974450	5.755791	1,2,3,4,5,6	72.210305	0.481134	0.140344	0.103234	0.275289	0.082005	0.113894	0.613108	0.190993	0.093614	0.152014	0.197407	0.556965	0.543853	0.208390	0.137670	0.110087	0.337539	0.218181	0.385132	0.059148	0.278645	0.339935	0.060203	0.321218	1,2,3,4,3,2	70.846224	0.120964	0.046711	0.394508	0.145765	0.120946	0.171106	0.101965	0.212570	0.183288	0.059269	0.207871	0.235037	0.088908	0.488167	0.129116	0.167421	0.035812	0.090577	0.071759	0.057077	0.334982	0.143485	0.334098	0.058598	0.088908	0.488167	0.129116	0.167421	0.035812	0.090577	0.101965	0.212570	0.183288	0.059269	0.207871	0.235037	1,2,3,4,5,5	70.047730	0.282895	2.098844	0.817627	0.124987	1.119660	1.119660	
616000	-117608	1,2,3,4,5,6	70.663453	5.096030	5.999006	5.606983	4.820010	5.428461	5.788292	1,2,3,1,2,1	72.013241	0.445940	0.272871	0.103128	0.178061	0.341766	0.119413	0.256100	0.282721	0.056418	0.101677	0.204571	0.637333	0.445940	0.272871	0.103128	0.178061	0.341766	0.119413	0.256100	0.282721	0.445940	0.272871	0.103128	0.178061	1,2,3,4,5,2	72.472112	0.078073	0.225053	0.413824	0.112967	0.030634	0.139448	0.140774	0.098373	0.113026	0.138574	0.219254	0.289999	0.144300	0.178828	0.204524	0.355905	0.038274	0.078169	0.060373	0.057972	0.112779	0.307506	0.341686	0.119684	0.079853	0.459717	0.051903	0.263050	0.102868	0.042608	0.140774	0.098373	0.113026	0.138574	0.219254	0.289999	1,2,3,1,4,5	72.016269	0.352367	1.873794	1.028684	0.352367	1.235414	1.047550	
617000	-116097	1,2,3,4,5,3	70.138230	5.021513	5.502057	5.944897	4.980714	6.508953	5.944897	1,2,3,1,2,1	71.984222	0.383289	0.234588	0.052794	0.329329	0.247999	0.083078	0.544251	0.124672	0.107549	0.015127	0.278262	0.599063	0.383289	0.234588	0.052794	0.329329	0.247999	0.083078	0.544251	0.124672	0.383289	0.234588	0.052794	0.329329	1,2,3,3,4,5	70.194106	0.210711	0.034779	0.386738	0.067685	0.077252	0.222836	0.017884	0.178058	0.193921	0.111636	0.165189	0.333312	0.095222	0.221594	0.115802	0.292299	0.122161	0.152922	0.095222	0.221594	0.115802	0.292299	0.122161	0.152922	0.218407	0.380901	0.125533	0.052198	0.086399	0.136562	0.195280	0.076338	0.196872	0.003088	0.236727	0.291694	1,2,3,1,4,5	71.485209	0.271987	2.195949	0.972633	0.271987	0.948841	1.020791	
618000	-114976	1,2,3,3,4,5	72.610103	5.767768	5.362346	5.231459	5.231459	5.992881	5.772569	1,2,3,4,5,1	71.843059	0.438710	0.193799	0.042989	0.324502	0.174229	0.089037	0.565371	0.171364	0.075762	0.084601	0.255267	0.584370	0.715290	0.179486	0.080215	0.025010	0.171407	0.271404	0.424978	0.132211	0.438710	0.193799	0.042989	0.324502	1,2,3,4,5,6	69.606980	0.105566	0.092079	0.419013	0.147481	0.132537	0.103324	0.014466	0.155648	0.102988	0.136940	0.252632	0.337326	0.043508	0.376944	0.197031	0.223426	0.023530	0.135561	0.018697	0.029620	0.547468	0.006565	0.359877	0.037773	0.074906	0.375554	0.308871	0.123827	0.053400	0.063442	0.107649	0.051283	0.096330	0.077360	0.343022	0.324356	1,2,3,4,5,5	70.583501	0.285286	2.599253	0.854929	0.117668	0.858816	0.858816	
619000	-115849	1,2,3,4,5,6	70.210201	6.132722	6.086452	7.005108	5.114202	6.619556	6.123552	1,2,3,4,4,1	69.684237	0.378531	0.175132	0.079818	0.366519	0.131157	0.043428	0.642453	0.182963	0.300487	0.111293	0.212205	0.376016	0.458540	0.095233	0.339680	0.106546	0.458540	0.095233	0.339680	0.106546	0.378531	0.175132	0.079818	0.366519	1,2,3,4,3,2	72.064183	0.014190	0.031527	0.456496	0.184879	0.229288	0.083620	0.048990	0.090221	0.158610	0.171142	0.360758	0.170279	0.352072	0.294289	0.054741	0.147174	0.068009	0.083715	0.165113	0.013222	0.226342	0.107962	0.364164	0.123197	0.352072	0.294289	0.054741	0.147174	0.068009	0.083715	0.048990	0.090221	0.158610	0.171142	0.360758	0.170279	1,2,3,4,5,6	70.982953	0.275270	1.727487	0.819185	0.328663	1.045977	1.007567	
620000	-117568	1,2,3,1,4,5	70.967833	4.824520	5.554028	5.936492	4.824520	5.864095	6.483216	1,2,1,3,2,4	71.436537	0.375274	0.076193	0.257020	0.291513	0.251222	0.138190	0.489019	0.121569	0.375274	0.076193	0.257020	0.291513	0.575037	0.054654	0.170056	0.200254	0.251222	0.138190	0.489019	0.121569	0.395197	0.262159	0.035281	0.307363	1,2,3,1,4,2	71.188914	0.163261	0.127072	0.415521	0.112795	0.170708	0.010642	0.025281	0.230437	0.021762	0.085566	0.255880	0.381075	0.073517	0.181994	0.051201	0.464432	0.027476	0.201380	0.163261	0.127072	0.415521	0.112795	0.170708	0.010642	0.296971	0.223464	0.205976	0.130292	0.132920	0.010378	0.025281	0.230437	0.021762	0.085566	0.255880	0.381075	1,2,3,4,5,6	70.151350	0.299859	1.916337	0.917063	0.254561	1.111817	0.779488	
621000	-115856	1,2,2,3,4,5	72.355294	6.426476	5.185548	5.185548	5.507299	6.692635	6.176351	1,2,2,3,4,5	70.729112	0.422573	0.135038	0.097548	0.344841	0.081890	0.040763	0.310308	0.567039	0.081890	0.040763	0.310308	0.567039	0.534399	0.301208	0.082225	0.082168	0.430927	0.135985	0.413816	0.019271	0.173723	0.349416	0.043438	0.433423	1,2,2,1,2,3	70.355380	0.078268	0.113767	0.544358	0.182547	0.031270	0.049791	0.103146	0.252703	0.098898	0.305285	0.131026	0.108942	0.103146	0.252703	0.098898	0.305285	0.131026	0.108942	0.078268	0.113767	0.544358	0.182547	0.031270	0.049791	0.103146	0.252703	0.098898	0.305285	0.131026	0.108942	0.065148	0.140617	0.213799	0.198884	0.198681	0.182870	1,2,3,4,5,6	72.429784	0.273983	3.082391	0.669505	0.219076	1.193703	0.949831	
622000	-117385	1,2,3,4,5,6	70.869978	5.151081	5.768399	5.489452	4.966715	7.096705	6.651539	1,2,3,4,5,6	72.681645	0.361068	0.067894	0.106871	0.464167	0.201004	0.149567	0.541464	0.107964	0.125029	0.128477	0.321693	0.424801	0.684422	0.065536	0.027864	0.222178	0.381875	0.088509	0.423936	0.105680	0.430396	0.146512	0.058958	0.364134	1,2,3,1,4,2	71.691582	0.122614	0.106673	0.173765	0.479674	0.086189	0.031086	0.040098	0.110474	0.078818	0.110850	0.078488	0.581271	0.035480	0.141522	0.333846	0.138265	0.121896	0.228991	0.122614	0.106673	0.173765	0.479674	0.086189	0.031086	0.010432	0.379939	0.075001	0.396788	0.044726	0.093113	0.040098	0.110474	0.078818	0.110850	0.078488	0.581271	1,2,3,4,5,6	71.808427	0.357967	3.420807	0.810213	0.320663	1.142107	0.875160	
623000	-115235	1,2,3,4,5,6	70.412304	6.304816	5.491771	5.647444	5.510868	6.195726	5.676261	1,2,3,4,5,1	70.425204	0.410153	0.193223	0.087295	0.309329	0.219605	0.097242	0.570563	0.112590	0.183663	0.066053	0.472481	0.277803	0.790157	0.077112	0.072632	0.060099	0.385550	0.065028	0.409961	0.139461	0.410153	0.193223	0.087295	0.309329	1,2,3,1,3,4	72.112474	0.070622	0.127450	0.579075	0.133947	0.067996	0.020910	0.057462	0.170318	0.149398	0.052920	0.197311	0.372591	0.104886	0.244383	0.088740	0.418722	0.090964	0.052306	0.070622	0.127450	0.579075	0.133947	0.067996	0.020910	0.104886	0.244383	0.088740	0.418722	0.090964	0.052306	0.039727	0.071401	0.088346	0.082071	0.223547	0.494909	1,2,3,1,4,5	72.041439	0.197880	2.112018	0.792023	0.197880	0.889323	1.076974	
624000	-117927	1,2,3,2,4,4	72.488473	5.993028	5.013304	5.221400	5.013304	6.454687	6.454687	1,2,3,4,5,6	70.044085	0.445227	0.093027	0.163181	0.298565	0.282563	0.000212	0.678658	0.038566	0.269458	0.135618	0.231190	0.363734	0.594313	0.064199	0.132762	0.208727	0.402567	0.088967	0.348151	0.160316	0.148396	0.345433	0.107827	0.398345	1,2,3,4,3,4	72.472146	0.085065	0.186250	0.428855	0.190632	0.020314	0.088883	0.005227	0.101938	0.141362	0.348307	0.178648	0.224518	0.043216	0.215523	0.113942	0.319716	0.042137	0.265466	0.063935	0.143551	0.125624	0.151367	0.127267	0.388256	0.043216	0.215523	0.113942	0.319716	0.042137	0.265466	0.063935	0.143551	0.125624	0.151367	0.127267	0.388256	1,2,3,1,3,4	70.073551	0.299635	2.577168	0.909190	0.299635	0.909190	1.101779	
625000	-116699	1,2,3,3,4,5	70.573732	6.371375	5.464101	4.093592	4.093592	6.294774	5.382272	1,2,3,1,4,1	70.323417	0.485181	0.195086	0.021695	0.298038	0.313656	0.084636	0.488008	0.113700	0.353802	0.086588	0.104431	0.455179	0.485181	0.195086	0.021695	0.298038	0.398901	0.052760	0.378037	0.170302	0.485181	0.195086	0.021695	0.298038	1,1,2,3,3,4	70.017942	0.010031	0.157035	0.218332	0.104680	0.076532	0.433391	0.010031	0.157035	0.218332	0.104680	0.076532	0.433391	0.014684	0.088084	0.052889	0.442400	0.002145	0.399798	0.104640	0.265908	0.088723	0.443408	0.053272	0.044050	0.104640	0.265908	0.088723	0.443408	0.053272	0.044050	0.023918	0.015309	0.117807	0.487959	0.160604	0.194403	1,2,3,1,4,5	72.601248	0.255816	2.510919	0.810073	0.255816	1.150167	1.031336	
626000	-117108	1,2,3,4,5,6	72.301084	5.353827	5.799019	5.316474	5.226121	5.720494	6.566720	1,2,2,3,4,5	71.497888	0.251857	0.113599	0.068546	0.565998	0.166990	0.036065	0.541985	0.254960	0.166990	0.036065	0.541985	0.254960	0.579640	0.129915	0.105440	0.185005	0.245474	0.127536	0.494005	0.132985	0.212158	0.275208	0.197070	0.315565	1,2,3,4,5,4	73.250152	0.046263	0.152805	0.447595	0.214310	0.092121	0.046907	0.027723	0.260407	0.084265	0.197191	0.260203	0.170211	0.240916	0.158769	0.189090	0.326561	0.018457	0.066207	0.068142	0.076703	0.222032	0.160889	0.376858	0.095376	0.111541	0.261755	0.152367	0.355535	0.007500	0.111302	0.068142	0.076703	0.222032	0.160889	0.376858	0.095376	1,2,3,1,4,3	72.117329	0.317119	1.686646	0.902999	0.317119	1.390074	0.902999	
627000	-116727	1,2,3,4,5,6	70.752433	5.429355	5.904331	6.269569	5.188907	6.388177	5.473920	1,2,3,4,2,5	70.909238	0.440758	0.053596	0.217482	0.288164	0.314690	0.096298	0.443165	0.145847	0.391479	0.009553	0.215292	0.383676	0.499863	0.306029	0.064855	0.129253	0.314690	0.096298	0.443165	0.145847	0.387725	0.170084	0.187853	0.254338	1,2,3,4,3,5	69.546617	0.269230	0.009044	0.453543	0.108677	0.029862	0.129644	0.028784	0.163147	0.089297	0.336048	0.166899	0.215826	0.212879	0.285488	0.096577	0.187331	0.153336	0.064388	0.077380	0.077340	0.120074	0.412868	0.125003	0.187334	0.212879	0.285488	0.096577	0.187331	0.153336	0.064388	0.080714	0.179870	0.156791	0.139232	0.299060	0.144333	1,2,3,4,5,6	70.765661	0.306475	2.460662	0.894494	0.211234	1.232375	0.993531	
628000	-117541	1,2,2,1,3,4	73.158357	5.058959	5.315222	5.315222	5.058959	6.566252	6.189831	1,2,3,1,2,4	70.493998	0.501745	0.207401	0.085387	0.205467	0.348777	0.110928	0.458175	0.082119	0.072325	0.234576	0.219343	0.473756	0.501745	0.207401	0.085387	0.205467	0.348777	0.110928	0.458175	0.082119	0.254116	0.263567	0.118046	0.364270	1,1,2,2,3,2	70.227259	0.207001	0.076808	0.243917	0.086184	0.090506	0.295584	0.207001	0.076808	0.243917	0.086184	0.090506	0.295584	0.135960	0.206328	0.188373	0.209861	0.160350	0.099128	0.135960	0.206328	0.188373	0.209861	0.160350	0.099128	0.079437	0.229790	0.239572	0.204880	0.178707	0.067614	0.135960	0.206328	0.188373	0.209861	0.160350	0.099128	1,2,3,4,5,6	72.184940	0.268770	4.482816	0.761734	0.237924	0.915150	0.995997	
629000	-116240	1,2,3,1,4,5	72.183465	5.141414	5.799017	5.904340	5.141414	6.851094	5.732670	1,2,3,1,2,4	71.807318	0.544279	0.059298	0.162883	0.233540	0.383615	0.095287	0.433196	0.087903	0.236342	0.132702	0.260871	0.370085	0.544279	0.059298	0.162883	0.233540	0.383615	0.095287	0.433196	0.087903	0.257557	0.216731	0.080562	0.445151	1,2,3,1,4,5	71.721535	0.094616	0.043120	0.348705	0.225170	0.208626	0.079763	0.213774	0.092440	0.120319	0.064743	0.192433	0.316291	0.063551	0.319735	0.102816	0.335325	0.086889	0.091684	0.094616	0.043120	0.348705	0.225170	0.208626	0.079763	0.144588	0.406662	0.044831	0.161476	0.224188	0.018255	0.172705	0.000155	0.114397	0.137245	0.359175	0.216322	1,2,3,1,4,5	71.047548	0.190003	2.259794	0.921304	0.190003	1.178748	0.954331	
630000	-116270	1,2,3,4,5,3	69.938470	5.245464	5.164559	5.825129	5.103870	6.858899	5.825129	1,2,3,1,4,5	71.881344	0.524323	0.205274	0.067599	0.202804	0.226219	0.033943	0.386376	0.353462	0.126696	0.021417	0.234376	0.617511	0.524323	0.205274	0.067599	0.202804	0.267202	0.125617	0.395618	0.211563	0.182976	0.371306	0.146306	0.299412	1,2,3,4,5,3	71.537100	0.048799	0.237016	0.345303	0.230586	0.070793	0.067503	0.023372	0.060859	0.054038	0.552789	0.123626	0.185317	0.039237	0.175795	0.167306	0.245873	0.274072	0.097717	0.094177	0.098601	0.085781	0.637587	0.060582	0.023271	0.102792	0.447212	0.039973	0.214984	0.190010	0.005029	0.039237	0.175795	0.167306	0.245873	0.274072	0.097717	1,2,3,4,5,3	71.947487	0.251246	1.393504	0.971150	0.188328	0.951871	0.971150	
631000	-118636	1,2,3,4,3,5	71.857176	5.428955	5.666943	5.969276	4.691723	5.969276	6.219259	1,2,1,3,4,1	68.323406	0.197440	0.169907	0.112695	0.519958	0.282575	0.142515	0.504209	0.070700	0.197440	0.169907	0.112695	0.519958	0.553710	0.124536	0.088386	0.233368	0.514812	0.025805	0.258148	0.201235	0.197440	0.169907	0.112695	0.519958	1,2,3,4,3,5	70.144220	0.049031	0.223808	0.410955	0.080908	0.131854	0.103445	0.181554	0.092068	0.134501	0.195974	0.023820	0.372083	0.212286	0.265251	0.026934	0.405929	0.023267	0.066332	0.054679	0.264407	0.095611	0.542364	0.030931	0.012009	0.212286	0.265251	0.026934	0.405929	0.023267	0.066332	0.324755	0.053587	0.297459	0.014970	0.254482	0.054747	1,2,3,1,4,3	70.512530	0.285460	2.881775	0.869891	0.285460	0.997272	0.869891	
632000	-117335	1,2,3,3,4,5	72.237495	5.401218	4.915014	4.790789	4.790789	5.559246	5.881009	1,2,3,4,5,1	70.431472	0.379133	0.196542	0.075912	0.348414	0.054528	0.100178	0.719981	0.125313	0.133109	0.127364	0.524323	0.215204	0.572320	0.146443	0.199738	0.081500	0.354205	0.294889	0.277548	0.073358	0.379133	0.196542	0.075912	0.348414	1,2,3,1,4,5	71.992740	0.112365	0.079940	0.326040	0.224659	0.083125	0.173871	0.050779	0.189813	0.336356	0.072471	0.140796	0.209784	0.113705	0.133459	0.188274	0.309105	0.184215	0.071243	0.112365	0.079940	0.326040	0.224659	0.083125	0.173871	0.108254	0.194079	0.302477	0.150664	0.089997	0.154529	0.058828	0.014507	0.137951	0.228334	0.290811	0.269568	1,2,3,1,4,4	71.259833	0.336356	2.347548	1.007609	0.336356	0.889090	0.889090	
633000	-116962	1,2,3,4,5,6	72.650776	6.264643	5.752601	5.029492	5.765954	6.201621	5.900219	1,2,3,4,2,5	72.388282	0.438285	0.226392	0.040048	0.295275	0.237357	0.093119	0.565351	0.104173	0.106010	0.077381	0.572654	0.243955	0.427837	0.386006	0.055258	0.130899	0.237357	0.093119	0.565351	0.104173	0.127226	0.358896	0.161057	0.352821	1,2,3,4,5,3	72.327890	0.156461	0.004259	0.596092	0.138579	0.091603	0.013006	0.373407	0.190178	0.083508	0.041728	0.021674	0.289505	0.121790	0.238983	0.217962	0.165094	0.191074	0.065098	0.009188	0.278616	0.200231	0.189492	0.289163	0.033310	0.268106	0.259877	0.039921	0.321735	0.017597	0.092765	0.121790	0.238983	0.217962	0.165094	0.191074	0.065098	1,2,3,4,5,6	71.220652	0.490127	2.013851	0.717738	0.139828	1.001536	0.992332	
634000	-116901	1,2,3,4,5,6	71.783942	5.594058	5.681466	6.055826	5.179014	5.548261	6.068278	1,2,3,4,5,4	71.369702	0.340713	0.135821	0.126174	0.397293	0.152206	0.137816	0.552683	0.157295	0.154315	0.094487	0.242579	0.508619	0.401072	0.270084	0.034819	0.294026	0.246602	0.245450	0.293640	0.214309	0.401072	0.270084	0.034819	0.294026	1,2,3,4,3,2	70.496132	0.083198	0.156570	0.528982	0.079896	0.121775	0.029579	0.007941	0.220247	0.065126	0.187844	0.073527	0.445315	0.244065	0.282837	0.154143	0.212713	0.047732	0.058511	0.165183	0.265252	0.062685	0.389149	0.064951	0.052780	0.244065	0.282837	0.154143	0.212713	0.047732	0.058511	0.007941	0.220247	0.065126	0.187844	0.073527	0.445315	1,2,3,1,4,5	71.522902	0.265427	2.256066	0.981958	0.265427	1.217177	0.992909	
635000	-117755	1,2,3,2,4,3	71.034749	5.711199	4.792512	5.480499	4.792512	5.547076	5.480499	1,2,2,1,3,1	72.529644	0.490653	0.150918	0.057291	0.301137	0.157793	0.025353	0.219213	0.597640	0.157793	0.025353	0.219213	0.597640	0.490653	0.150918	0.057291	0.301137	0.124452	0.238010	0.504941	0.132598	0.490653	0.150918	0.057291	0.301137	1,2,2,2,3,4	71.987137	0.099865	0.022761	0.334082	0.211946	0.160510	0.170836	0.062014	0.279917	0.071240	0.318234	0.154298	0.114297	0.062014	0.279917	0.071240	0.318234	0.154298	0.114297	0.062014	0.279917	0.071240	0.318234	0.154298	0.114297	0.160764	0.363572	0.056948	0.218424	0.170099	0.030194	0.044929	0.258231	0.068355	0.023134	0.465888	0.139463	1,2,3,4,5,6	73.377275	0.277680	1.451480	0.973497	0.214404	1.100128	0.848006	
636000	-116786	1,2,3,4,5,6	71.104649	5.473945	5.994729	5.358256	5.055072	6.236263	6.195738	1,2,3,4,2,1	72.757338	0.342784	0.220389	0.089196	0.347632	0.482061	0.056428	0.350427	0.111084	0.377830	0.079705	0.155621	0.386844	0.503180	0.129358	0.292554	0.074908	0.482061	0.056428	0.350427	0.111084	0.342784	0.220389	0.089196	0.347632	1,2,3,4,5,4	70.344217	0.119032	0.191688	0.433722	0.226898	0.004050	0.024610	0.059217	0.052081	0.141341	0.384968	0.210615	0.151777	0.245133	0.193908	0.063551	0.138555	0.026324	0.332530	0.027612	0.030052	0.143639	0.234337	0.255510	0.308850	0.275105	0.297506	0.079280	0.217316	0.058641	0.072152	0.027612	0.030052	0.143639	0.234337	0.255510	0.308850	1,2,3,4,3,3	72.463029	0.314667	2.659254	1.066618	0.187705	1.066618	1.066618	
637000	-116501	1,2,3,2,4,5	73.442767	6.575451	4.969759	5.471639	4.969759	6.146684	5.999906	1,2,3,4,2,1	70.719890	0.362235	0.273299	0.057951	0.306514	0.251767	0.199486	0.493821	0.054927	0.217832	0.080828	0.219857	0.481484	0.466873	0.103383	0.254391	0.175353	0.251767	0.199486	0.493821	0.054927	0.362235	0.273299	0.057951	0.306514	1,1,2,3,4,5	71.977766	0.022664	0.157249	0.151877	0.158274	0.009336	0.500600	0.022664	0.157249	0.151877	0.158274	0.009336	0.500600	0.029653	0.258705	0.097145	0.395626	0.045473	0.173398	0.198819	0.043459	0.134722	0.157274	0.022474	0.443252	0.177242	0.392128	0.163405	0.087946	0.081089	0.098190	0.209924	0.031308	0.195123	0.026748	0.170535	0.366361	1,2,3,4,5,5	72.021182	0.292233	2.744708	0.849471	0.260533	0.957452	0.957452	
638000	-117187	1,2,3,1,4,5	71.404938	5.031800	5.515995	5.565222	5.031800	7.079844	6.175179	1,2,3,1,2,3	72.754694	0.336619	0.331188	0.059108	0.273085	0.325768	0.102009	0.446279	0.125943	0.121051	0.293563	0.193527	0.391860	0.336619	0.331188	0.059108	0.273085	0.325768	0.102009	0.446279	0.125943	0.121051	0.293563	0.193527	0.391860	1,2,3,4,5,6	71.996268	0.070507	0.022876	0.323517	0.486780	0.069749	0.026571	0.155926	0.130443	0.124350	0.129871	0.018885	0.440524	0.291473	0.374392	0.049572	0.073640	0.051443	0.159481	0.105910	0.166572	0.136237	0.227960	0.335432	0.027889	0.343514	0.301433	0.008536	0.229357	0.058238	0.058922	0.150075	0.213976	0.125107	0.033840	0.276337	0.200665	1,2,3,4,5,3	68.991975	0.233288	4.159718	0.954543	0.183271	0.891779	0.954543	
639000	-115894	1,2,3,1,4,5	69.444112	5.190126	5.920586	5.633770	5.190126	7.098007	5.640769	1,2,3,4,5,3	73.625729	0.422574	0.216206	0.105734	0.255487	0.348069	0.074986	0.465868	0.111077	0.287313	0.180955	0.200340	0.331393	0.576406	0.064466	0.194682	0.164447	0.383382	0.100020	0.457192	0.059406	0.287313	0.180955	0.200340	0.331393	1,1,2,3,4,3	71.689563	0.075772	0.076999	0.306882	0.191616	0.083336	0.265395	0.075772	0.076999	0.306882	0.191616	0.083336	0.265395	0.093454	0.308555	0.126046	0.283539	0.005798	0.182609	0.150654	0.070144	0.275122	0.085293	0.275137	0.143649	0.073840	0.378063	0.220127	0.221326	0.049716	0.056928	0.150654	0.070144	0.275122	0.085293	0.275137	0.143649	1,2,3,4,5,6	71.246431	0.294496	2.995878	0.859695	0.219051	0.961972	0.984672	
640000	-117416	1,2,3,3,1,4	70.747899	8.172273	5.468558	5.449068	5.449068	8.172273	5.722913	1,2,3,4,5,3	69.854726	0.475058	0.252275	0.079607	0.193059	0.338062	0.117718	0.301893	0.242327	0.162257	0.195166	0.171743	0.470834	0.613122	0.140181	0.087307	0.159390	0.279338	0.205451	0.268299	0.246913	0.162257	0.195166	0.171743	0.470834	1,1,1,2,3,2	71.286376	0.007259	0.232771	0.106542	0.288782	0.015901	0.348746	0.007259	0.232771	0.106542	0.288782	0.015901	0.348746	0.007259	0.232771	0.106542	0.288782	0.015901	0.348746	0.078284	0.128414	0.120455	0.295749	0.144133	0.232966	0.018687	0.745104	0.034602	0.160861	0.005113	0.035633	0.078284	0.128414	0.120455	0.295749	0.144133	0.232966	1,2,3,1,4,5	71.844606	0.218206	2.287279	0.706819	0.218206	1.058905	0.905620	
641000	-116054	1,2,3,2,4,5	70.299247	5.456003	4.197132	5.511345	4.197132	5.391043	6.275755	1,2,2,3,3,4	71.646347	0.389406	0.308593	0.032581	0.269420	0.146575	0.035203	0.343038	0.475184	0.146575	0.035203	0.343038	0.475184	0.512900	0.101708	0.295934	0.089457	0.512900	0.101708	0.295934	0.089457	0.107867	0.292529	0.086641	0.512963	1,2,2,1,2,3	68.979941	0.084251	0.048887	0.463804	0.223728	0.124820	0.054510	0.048849	0.364188	0.142654	0.267608	0.048268	0.128432	0.048849	0.364188	0.142654	0.267608	0.048268	0.128432	0.084251	0.048887	0.463804	0.223728	0.124820	0.054510	0.048849	0.364188	0.142654	0.267608	0.048268	0.128432	0.132096	0.147777	0.121715	0.026336	0.177961	0.394115	1,2,3,4,5,6	71.643586	0.347632	2.368092	0.833176	0.178944	1.113732	0.852604	
642000	-118112	1,2,3,1,4,5	72.294085	5.068328	5.635038	5.629773	5.068328	6.040138	5.864608	1,2,1,3,2,4	71.396114	0.414175	0.037657	0.249077	0.299092	0.280901	0.215948	0.310008	0.193143	0.414175	0.037657	0.249077	0.299092	0.811816	0.082134	0.066665	0.039384	0.280901	0.215948	0.310008	0.193143	0.218330	0.382867	0.084447	0.314356	1,2,3,2,4,3	74.356694	0.390198	0.004742	0.440786	0.042386	0.044970	0.076918	0.108595	0.128778	0.371569	0.083919	0.092645	0.214494	0.079709	0.386559	0.161874	0.066841	0.099642	0.205376	0.108595	0.128778	0.371569	0.083919	0.092645	0.214494	0.217013	0.339159	0.049701	0.219344	0.120944	0.053839	0.079709	0.386559	0.161874	0.066841	0.099642	0.205376	1,2,3,1,4,5	70.965689	0.269138	2.538132	0.670384	0.269138	1.335080	0.824021	
643000	-116796	1,2,3,4,5,6	70.970677	5.603851	5.451199	5.735616	5.287678	5.584412	6.002897	1,2,3,1,4,5	72.541158	0.313124	0.218082	0.215904	0.252889	0.186378	0.023503	0.692402	0.097717	0.181962	0.033399	0.228806	0.555834	0.313124	0.218082	0.215904	0.252889	0.236016	0.295539	0.426212	0.042233	0.161965	0.470318	0.060796	0.306922	1,2,2,3,4,3	70.056426	0.012602	0.009483	0.645701	0.107164	0.101464	0.123587	0.009376	0.280859	0.117346	0.364608	0.002861	0.224949	0.009376	0.280859	0.117346	0.364608	0.002861	0.224949	0.099222	0.110178	0.111769	0.236497	0.292964	0.149370	0.127062	0.299178	0.248180	0.083458	0.191683	0.050439	0.099222	0.110178	0.111769	0.236497	0.292964	0.149370	1,2,3,1,4,5	72.461649	0.246087	3.827018	0.898225	0.246087	0.882044	0.949332	
644000	-115935	1,2,3,4,5,6	70.905923	5.957371	5.785113	5.769805	4.895161	5.885900	5.527560	1,2,3,4,2,4	70.501434	0.413973	0.149422	0.117828	0.318777	0.241474	0.048891	0.504371	0.205264	0.144863	0.047183	0.257306	0.550647	0.359486	0.247860	0.125640	0.267014	0.241474	0.048891	0.504371	0.205264	0.359486	0.247860	0.125640	0.267014	1,2,2,2,3,4	71.373372	0.089378	0.054738	0.463453	0.200051	0.180082	0.012299	0.097413	0.187508	0.141458	0.356552	0.049339	0.167729	0.097413	0.187508	0.141458	0.356552	0.049339	0.167729	0.097413	0.187508	0.141458	0.356552	0.049339	0.167729	0.099709	0.301112	0.162793	0.162902	0.186128	0.087356	0.105772	0.060437	0.227125	0.090496	0.449467	0.066704	1,2,3,1,4,4	69.798243	0.255014	4.584887	1.006168	0.255014	1.037422	1.037422	
645000	-117145	1,2,3,4,5,6	70.545431	6.532402	6.103705	6.046702	5.679750	6.522089	5.893546	1,2,3,4,5,6	71.159580	0.607755	0.102055	0.044036	0.246154	0.205233	0.124652	0.401353	0.268763	0.279373	0.087763	0.271563	0.361301	0.251621	0.546269	0.086117	0.115992	0.448447	0.198707	0.208141	0.144705	0.167376	0.261636	0.064977	0.506011	1,2,2,3,4,5	71.673128	0.066820	0.020033	0.201182	0.520837	0.064968	0.126161	0.047702	0.097643	0.219595	0.436785	0.006445	0.191830	0.047702	0.097643	0.219595	0.436785	0.006445	0.191830	0.013615	0.019627	0.186208	0.216792	0.114749	0.449008	0.131468	0.447717	0.050004	0.172045	0.103508	0.095259	0.203937	0.021892	0.240477	0.004882	0.185144	0.343668	1,2,3,4,5,6	72.416292	0.372315	1.078392	0.671079	0.143466	1.167185	0.941542	
646000	-116017	1,2,2,3,4,5	72.543830	5.617871	5.273925	5.273925	5.202257	6.416857	6.313718	1,2,1,3,2,1	70.596982	0.342824	0.172428	0.098209	0.386540	0.278052	0.047210	0.570673	0.104064	0.342824	0.172428	0.098209	0.386540	0.473472	0.188231	0.184683	0.153615	0.278052	0.047210	0.570673	0.104064	0.342824	0.172428	0.098209	0.386540	1,2,2,3,4,3	70.366313	0.119575	0.081182	0.389999	0.158919	0.054466	0.195860	0.008172	0.155655	0.206943	0.209660	0.078559	0.341012	0.008172	0.155655	0.206943	0.209660	0.078559	0.341012	0.053595	0.108080	0.100839	0.115765	0.255718	0.366003	0.140038	0.313276	0.292460	0.172684	0.048373	0.033169	0.053595	0.108080	0.100839	0.115765	0.255718	0.366003	1,2,3,4,5,6	71.137678	0.374093	2.501667	1.004459	0.189470	0.955378	0.974200	
647000	-115361	1,2,3,4,5,6	70.521018	5.346925	5.396664	5.672906	5.068079	5.946000	6.204770	1,2,3,1,2,4	71.005147	0.479869	0.180527	0.090646	0.248958	0.383288	0.142572	0.302643	0.171497	0.202787	0.070718	0.313253	0.413242	0.479869	0.180527	0.090646	0.248958	0.383288	0.142572	0.302643	0.171497	0.372167	0.199038	0.053007	0.375788	1,2,3,4,5,2	70.860765	0.041876	0.009677	0.532876	0.067420	0.028453	0.319698	0.034590	0.094408	0.156608	0.080161	0.229012	0.405221	0.097032	0.349327	0.122865	0.142932	0.123601	0.164243	0.073784	0.290485	0.095291	0.178789	0.124329	0.237322	0.185851	0.394191	0.044409	0.219551	0.118912	0.037086	0.034590	0.094408	0.156608	0.080161	0.229012	0.405221	1,2,3,4,5,5	71.558600	0.236399	1.316453	0.729627	0.156730	1.028507	1.028507	
648000	-116882	1,2,3,1,4,5	71.402357	4.995505	6.067751	4.988509	4.995505	6.483441	6.260248	1,2,3,4,2,1	71.905263	0.278529	0.274419	0.150837	0.296215	0.339235	0.059467	0.439188	0.162110	0.198032	0.057161	0.215867	0.528940	0.263376	0.254809	0.368210	0.113605	0.339235	0.059467	0.439188	0.162110	0.278529	0.274419	0.150837	0.296215	1,2,3,4,5,4	70.631640	0.275158	0.216404	0.382234	0.096157	0.023795	0.006252	0.027055	0.195390	0.135803	0.111180	0.280902	0.249670	0.035758	0.300918	0.073712	0.124564	0.160106	0.304942	0.050850	0.040530	0.199274	0.076324	0.447513	0.185509	0.204367	0.461583	0.034361	0.122806	0.158777	0.018106	0.050850	0.040530	0.199274	0.076324	0.447513	0.185509	1,2,3,4,5,5	71.138426	0.231669	2.834283	0.735398	0.214058	1.105803	1.105803	
649000	-116532	1,2,3,2,4,5	70.199696	6.111130	5.118640	5.184429	5.118640	5.968101	5.039882	1,2,3,1,4,5	72.006050	0.461677	0.297281	0.073413	0.167630	0.139119	0.079514	0.722492	0.058875	0.335813	0.139006	0.309092	0.216089	0.461677	0.297281	0.073413	0.167630	0.414021	0.105894	0.327791	0.152294	0.277857	0.425729	0.072988	0.223426	1,2,3,2,4,2	71.746636	0.023011	0.036081	0.335068	0.539429	0.041333	0.025077	0.042899	0.114800	0.150036	0.111976	0.279613	0.300676	0.041149	0.336643	0.136541	0.171709	0.017678	0.296280	0.042899	0.114800	0.150036	0.111976	0.279613	0.300676	0.011776	0.394683	0.132558	0.306389	0.130320	0.024274	0.042899	0.114800	0.150036	0.111976	0.279613	0.300676	1,2,3,4,3,5	69.374985	0.230804	4.195279	0.864284	0.169370	0.864284	0.919213	
650000	-116077	1,2,2,3,4,5	70.541876	6.221260	5.634393	5.634393	4.955500	5.882946	5.687798	1,2,2,3,2,1	70.412272	0.405555	0.221398	0.056528	0.316520	0.250799	0.084439	0.453378	0.211384	0.250799	0.084439	0.453378	0.211384	0.651948	0.140349	0.165766	0.041937	0.250799	0.084439	0.453378	0.211384	0.405555	0.221398	0.056528	0.316520	1,2,3,1,4,5	73.485920	0.025381	0.019551	0.524378	0.124350	0.247839	0.058501	0.087726	0.141615	0.173532	0.320510	0.005730	0.270887	0.076488	0.109825	0.216437	0.414501	0.036016	0.146733	0.025381	0.019551	0.524378	0.124350	0.247839	0.058501	0.310498	0.182224	0.018579	0.338425	0.029973	0.120301	0.035983	0.102329	0.114460	0.147551	0.342295	0.257383	1,2,3,4,5,5	72.752013	0.178346	2.360487	0.596445	0.099619	0.994264	0.994264	
651000	-115756	1,2,3,2,4,4	70.949151	5.613115	5.286691	5.510719	5.286691	5.751096	5.751096	1,2,3,4,5,1	69.395444	0.444594	0.163276	0.049232	0.342898	0.162065	0.051382	0.711476	0.075076	0.182817	0.162869	0.289391	0.364922	0.366862	0.215242	0.174319	0.243577	0.243950	0.142349	0.442644	0.171058	0.444594	0.163276	0.049232	0.342898	1,2,3,1,4,2	71.679636	0.083194	0.093722	0.247980	0.328270	0.088343	0.158491	0.051330	0.100614	0.215556	0.104693	0.216311	0.311495	0.021095	0.254478	0.089828	0.294005	0.031858	0.308735	0.083194	0.093722	0.247980	0.328270	0.088343	0.158491	0.184109	0.412963	0.158451	0.128825	0.058304	0.057348	0.051330	0.100614	0.215556	0.104693	0.216311	0.311495	1,2,3,4,5,5	70.963476	0.270488	1.753343	0.743151	0.269150	0.952523	0.952523	
652000	-118225	1,2,3,4,3,5	70.611038	5.601360	5.421099	5.860709	5.548672	5.860709	5.896540	1,2,3,4,3,4	71.787287	0.530803	0.051497	0.120576	0.297123	0.133284	0.041151	0.503257	0.322308	0.355633	0.087012	0.273593	0.283762	0.162312	0.475524	0.091570	0.270593	0.355633	0.087012	0.273593	0.283762	0.162312	0.475524	0.091570	0.270593	1,2,2,3,4,5	72.552384	0.319135	0.078334	0.321067	0.201321	0.015274	0.064869	0.119540	0.271466	0.058697	0.231462	0.067198	0.251637	0.119540	0.271466	0.058697	0.231462	0.067198	0.251637	0.017739	0.227164	0.148007	0.064455	0.278224	0.264411	0.179228	0.236289	0.030324	0.268940	0.148589	0.136631	0.034657	0.266293	0.178259	0.087794	0.113355	0.319642	1,2,3,4,5,6	70.556454	0.254386	2.168030	1.053801	0.140206	1.069312	0.984010	
653000	-116788	1,2,3,4,5,6	72.036056	5.662957	5.326886	5.651241	5.368252	5.676044	5.611122	1,2,2,3,4,5	71.474866	0.485376	0.108149	0.157247	0.249228	0.208950	0.041504	0.415294	0.334251	0.208950	0.041504	0.415294	0.334251	0.457674	0.312723	0.087639	0.141964	0.459799	0.037527	0.295427	0.207246	0.204676	0.330098	0.241996	0.223230	1,2,2,3,2,4	70.346072	0.122894	0.106732	0.448966	0.184302	0.026497	0.110610	0.202526	0.204719	0.108165	0.253605	0.110580	0.120404	0.202526	0.204719	0.108165	0.253605	0.110580	0.120404	0.035681	0.036278	0.138457	0.533046	0.137151	0.119387	0.202526	0.204719	0.108165	0.253605	0.110580	0.120404	0.134629	0.060690	0.129569	0.151581	0.444431	0.079101	1,2,3,4,5,5	71.169078	0.302223	3.103540	0.681447	0.175152	1.033767	1.033767	
654000	-117266	1,2,2,2,3,1	71.378947	5.746356	4.892520	4.892520	4.892520	6.661445	5.746356	1,2,3,4,2,5	70.605485	0.579980	0.221144	0.009084	0.189792	0.434125	0.051322	0.439089	0.075464	0.201705	0.112666	0.212230	0.473398	0.390070	0.393946	0.055122	0.160863	0.434125	0.051322	0.439089	0.075464	0.119277	0.550181	0.010327	0.320214	1,2,3,2,4,3	71.257314	0.032628	0.068708	0.381539	0.224293	0.055529	0.237302	0.008093	0.083418	0.175861	0.164193	0.338075	0.230361	0.115467	0.111319	0.122002	0.296029	0.127995	0.227188	0.008093	0.083418	0.175861	0.164193	0.338075	0.230361	0.063385	0.208889	0.115153	0.276069	0.268075	0.068429	0.115467	0.111319	0.122002	0.296029	0.127995	0.227188	1,2,3,4,5,6	70.390784	0.272890	2.847069	0.615283	0.210496	0.926377	1.014427	
655000	-117817	1,2,3,4,5,6	69.822939	6.189829	6.500192	6.693472	5.607276	5.546318	5.523198	1,2,3,1,2,1	68.944486	0.534583	0.089452	0.114421	0.261544	0.228880	0.051828	0.466543	0.252748	0.141655	0.068389	0.355396	0.434561	0.534583	0.089452	0.114421	0.261544	0.228880	0.051828	0.466543	0.252748	0.534583	0.089452	0.114421	0.261544	1,2,3,4,3,4	71.358844	0.035641	0.092205	0.396156	0.391767	0.045984	0.038247	0.111944	0.064412	0.204793	0.076469	0.258304	0.284078	0.087590	0.357939	0.108893	0.385814	0.003252	0.056513	0.042384	0.078384	0.085078	0.166690	0.187152	0.440311	0.087590	0.357939	0.108893	0.385814	0.003252	0.056513	0.042384	0.078384	0.085078	0.166690	0.187152	0.440311	1,2,3,1,3,4	71.599620	0.247964	2.500587	0.875516	0.247964	0.875516	0.974714	
656000	-116246	1,2,3,3,4,5	71.015253	5.874787	5.174846	5.031680	5.031680	6.708277	6.796338	1,2,2,1,3,4	71.652602	0.512393	0.143724	0.063295	0.280589	0.235081	0.014121	0.522072	0.228727	0.235081	0.014121	0.522072	0.228727	0.512393	0.143724	0.063295	0.280589	0.296260	0.224734	0.409611	0.069395	0.142532	0.262569	0.097773	0.497126	1,2,3,2,4,1	72.893711	0.064416	0.114387	0.338311	0.078125	0.105933	0.298829	0.077167	0.165109	0.113434	0.400197	0.069618	0.174476	0.075972	0.101232	0.135171	0.503424	0.049727	0.134473	0.077167	0.165109	0.113434	0.400197	0.069618	0.174476	0.069163	0.402875	0.162343	0.311759	0.020047	0.033814	0.064416	0.114387	0.338311	0.078125	0.105933	0.298829	1,2,3,1,4,4	71.273202	0.273604	1.092848	0.724708	0.273604	0.998684	0.998684	
657000	-116330	1,2,3,1,4,5	71.028260	4.608615	6.017658	5.319441	4.608615	6.595278	6.345408	1,2,3,1,4,5	70.866250	0.357345	0.243272	0.192617	0.206765	0.182203	0.158787	0.507597	0.151413	0.162563	0.250893	0.271132	0.315413	0.357345	0.243272	0.192617	0.206765	0.390701	0.150431	0.327312	0.131556	0.271180	0.244121	0.124963	0.359735	1,2,3,4,5,6	71.554258	0.103705	0.120824	0.539071	0.016333	0.167717	0.052350	0.075781	0.120597	0.128785	0.168808	0.011960	0.494069	0.008830	0.458212	0.184127	0.129090	0.044565	0.175177	0.076486	0.129404	0.082737	0.380326	0.232187	0.098860	0.344913	0.482438	0.079693	0.051468	0.027862	0.013626	0.099571	0.016448	0.370944	0.118576	0.241896	0.152566	1,2,3,4,5,6	71.914352	0.226017	2.227058	0.824612	0.206282	1.010004	0.987942	
658000	-116122	1,2,3,2,4,2	71.789545	5.263802	5.199166	5.619880	5.199166	5.952531	5.199166	1,2,3,1,2,4	71.404068	0.504876	0.199915	0.082323	0.212886	0.256150	0.088633	0.371205	0.284011	0.135227	0.039330	0.200347	0.625096	0.504876	0.199915	0.082323	0.212886	0.256150	0.088633	0.371205	0.284011	0.221327	0.104485	0.082938	0.591249	1,2,3,4,3,4	72.016561	0.049823	0.084828	0.328461	0.195077	0.137524	0.204287	0.000022	0.148592	0.098623	0.201084	0.217058	0.334622	0.232166	0.167302	0.074518	0.361831	0.117477	0.046706	0.098108	0.185819	0.128667	0.304968	0.170879	0.111560	0.232166	0.167302	0.074518	0.361831	0.117477	0.046706	0.098108	0.185819	0.128667	0.304968	0.170879	0.111560	1,2,3,1,4,5	70.923833	0.245628	1.200483	0.806109	0.245628	1.058985	1.138819	
659000	-117080	1,2,3,2,4,1	71.955515	5.057381	5.497947	5.817651	5.497947	5.959857	5.057381	1,2,3,1,3,1	70.337660	0.444418	0.242032	0.116765	0.196785	0.178103	0.171190	0.507022	0.143685	0.305787	0.036835	0.388032	0.269346	0.444418	0.242032	0.116765	0.196785	0.305787	0.036835	0.388032	0.269346	0.444418	0.242032	0.116765	0.196785	1,2,2,3,4,3	71.859638	0.049278	0.183789	0.492567	0.041191	0.161585	0.071590	0.052380	0.286041	0.183571	0.161560	0.093372	0.223076	0.052380	0.286041	0.183571	0.161560	0.093372	0.223076	0.035824	0.049769	0.157094	0.177503	0.392605	0.187206	0.271942	0.310081	0.063116	0.137285	0.203626	0.013950	0.035824	0.049769	0.157094	0.177503	0.392605	0.187206	1,2,3,1,4,3	71.564653	0.200398	2.729621	0.839421	0.200398	1.373246	0.839421	
660000	-117265	1,2,3,1,4,5	70.502703	4.872010	6.217340	5.145291	4.872010	5.915765	6.157854	1,2,3,1,4,5	70.696772	0.589384	0.129347	0.078752	0.202518	0.124691	0.008367	0.541394	0.325547	0.300727	0.196806	0.181497	0.320970	0.589384	0.129347	0.078752	0.202518	0.467069	0.035402	0.278421	0.219108	0.216117	0.229365	0.151066	0.403452	1,2,3,4,3,5	71.092473	0.211602	0.027206	0.308088	0.256721	0.043782	0.152600	0.142561	0.213421	0.086349	0.263339	0.021074	0.273256	0.088528	0.349800	0.124175	0.238944	0.009040	0.189512	0.113268	0.082133	0.109777	0.580405	0.055581	0.058836	0.088528	0.349800	0.124175	0.238944	0.009040	0.189512	0.070671	0.239670	0.075312	0.296744	0.210032	0.107571	1,2,3,1,3,3	71.121028	0.335452	3.775429	0.938245	0.335452	0.938245	0.938245	
661000	-117612	1,2,3,4,5,4	73.416396	5.365239	5.331623	6.006998	5.006104	5.958186	5.006104	1,2,3,1,2,4	70.896086	0.467626	0.262067	0.113504	0.156803	0.541997	0.069658	0.324394	0.063951	0.218080	0.141605	0.319479	0.320836	0.467626	0.262067	0.113504	0.156803	0.541997	0.069658	0.324394	0.063951	0.141352	0.499346	0.137838	0.221465	1,1,2,3,2,1	70.704594	0.064252	0.072719	0.281124	0.053659	0.183634	0.344612	0.064252	0.072719	0.281124	0.053659	0.183634	0.344612	0.114858	0.268725	0.168663	0.240804	0.077179	0.129772	0.029143	0.125602	0.212575	0.409267	0.213278	0.010135	0.114858	0.268725	0.168663	0.240804	0.077179	0.129772	0.064252	0.072719	0.281124	0.053659	0.183634	0.344612	1,2,3,4,5,5	70.859970	0.478600	2.976534	0.753415	0.268538	0.811850	0.811850	
662000	-119028	1,2,3,2,4,5	70.557959	6.068973	5.092754	5.399898	5.092754	6.404259	6.023598	1,2,1,1,3,4	70.841905	0.486398	0.103705	0.134652	0.275244	0.067006	0.005718	0.756542	0.170734	0.486398	0.103705	0.134652	0.275244	0.486398	0.103705	0.134652	0.275244	0.554437	0.186781	0.208664	0.050118	0.318638	0.282532	0.113546	0.285284	1,2,2,3,4,5	71.617191	0.139888	0.096339	0.561873	0.036898	0.057569	0.107433	0.037339	0.279041	0.119392	0.259639	0.143759	0.160829	0.037339	0.279041	0.119392	0.259639	0.143759	0.160829	0.038829	0.291266	0.278539	0.102726	0.252989	0.035650	0.145648	0.289671	0.206669	0.171255	0.039737	0.147018	0.109900	0.034858	0.292656	0.079446	0.120009	0.363131	1,2,3,1,4,3	72.492640	0.264265	1.864735	0.931972	0.264265	0.894203	0.931972	
663000	-117651	1,2,3,4,5,6	70.517714	5.524552	5.189570	6.175550	5.047691	5.488379	6.513902	1,2,3,4,2,1	71.815272	0.239505	0.352340	0.047852	0.360303	0.459477	0.121785	0.358429	0.060309	0.147943	0.141954	0.330044	0.380059	0.662069	0.128924	0.028365	0.180641	0.459477	0.121785	0.358429	0.060309	0.239505	0.352340	0.047852	0.360303	1,2,3,4,5,6	72.171953	0.045531	0.095989	0.221833	0.252035	0.073643	0.310968	0.214570	0.180600	0.057210	0.139551	0.035778	0.372291	0.346544	0.213551	0.087163	0.214947	0.039770	0.098025	0.042844	0.066181	0.208672	0.385753	0.160171	0.136380	0.233379	0.278174	0.180929	0.166552	0.057732	0.083235	0.023231	0.353050	0.056548	0.174276	0.151103	0.241792	1,2,3,4,5,6	71.191813	0.273780	1.174217	0.991136	0.142403	1.140000	0.951643	
664000	-116098	1,2,3,2,4,5	71.406840	5.280675	4.522773	5.875203	4.522773	6.260541	5.812896	1,2,3,1,4,1	71.328929	0.351206	0.150611	0.146780	0.351403	0.213953	0.016392	0.498870	0.270785	0.169494	0.200023	0.133746	0.496737	0.351206	0.150611	0.146780	0.351403	0.354223	0.077015	0.462000	0.106762	0.351206	0.150611	0.146780	0.351403	1,2,3,2,4,5	70.904897	0.121471	0.063518	0.362624	0.124077	0.065197	0.263114	0.211379	0.126665	0.077369	0.196530	0.161373	0.226685	0.049088	0.327587	0.136005	0.330974	0.046910	0.109436	0.211379	0.126665	0.077369	0.196530	0.161373	0.226685	0.241685	0.283314	0.139326	0.100873	0.157477	0.077325	0.131146	0.117469	0.149326	0.013161	0.440064	0.148834	1,2,3,4,3,3	70.155043	0.277756	2.099774	1.015607	0.280750	1.015607	1.015607	
665000	-117686	1,1,2,3,4,5	69.716914	4.972761	4.972761	6.076712	5.013221	7.030904	5.129935	1,2,3,1,2,4	70.519610	0.614851	0.145611	0.085026	0.154512	0.449308	0.109661	0.364259	0.076773	0.186211	0.029432	0.549074	0.235283	0.614851	0.145611	0.085026	0.154512	0.449308	0.109661	0.364259	0.076773	0.277983	0.488998	0.046231	0.186787	1,2,3,4,5,6	70.346417	0.097475	0.100536	0.373692	0.145553	0.041343	0.241401	0.007079	0.110381	0.196064	0.341265	0.101985	0.243225	0.048970	0.068595	0.206648	0.266645	0.365013	0.044130	0.093977	0.073835	0.294174	0.274739	0.207172	0.056103	0.344910	0.279474	0.115964	0.148903	0.057501	0.053248	0.040111	0.006542	0.188029	0.181959	0.173773	0.409585	1,2,3,4,5,6	70.903704	0.332478	1.496301	0.831112	0.230141	0.943551	0.986376	
666000	-115889	1,2,3,4,5,6	71.796092	5.468259	5.578999	5.630454	5.452599	6.415607	6.232524	1,2,3,4,2,1	72.240349	0.331888	0.229502	0.105277	0.333333	0.340992	0.072984	0.425727	0.160298	0.243554	0.021992	0.337308	0.397146	0.312259	0.405106	0.110683	0.171952	0.340992	0.072984	0.425727	0.160298	0.331888	0.229502	0.105277	0.333333	1,2,3,2,4,3	72.014036	0.138693	0.050796	0.571073	0.139821	0.021899	0.077718	0.113537	0.114262	0.136056	0.180253	0.067422	0.388470	0.125236	0.248972	0.068886	0.112855	0.283603	0.160448	0.113537	0.114262	0.136056	0.180253	0.067422	0.388470	0.165351	0.310988	0.101468	0.178100	0.070543	0.173550	0.125236	0.248972	0.068886	0.112855	0.283603	0.160448	1,2,3,4,5,6	72.766133	0.281855	1.865892	0.564718	0.249771	1.291378	1.085117	
667000	-116434	1,2,3,4,5,6	70.654303	6.946197	5.200590	5.820890	5.459306	6.928904	6.517109	1,2,3,4,2,1	70.791415	0.418037	0.125459	0.095830	0.360674	0.326619	0.089946	0.534321	0.049114	0.279941	0.020267	0.070702	0.629090	0.558431	0.229321	0.057409	0.154839	0.326619	0.089946	0.534321	0.049114	0.418037	0.125459	0.095830	0.360674	1,2,3,2,3,4	71.241519	0.018595	0.021046	0.310739	0.293375	0.199370	0.156876	0.020145	0.065685	0.110782	0.213309	0.203328	0.386750	0.098313	0.361707	0.119261	0.230130	0.052117	0.138472	0.020145	0.065685	0.110782	0.213309	0.203328	0.386750	0.098313	0.361707	0.119261	0.230130	0.052117	0.138472	0.049606	0.076000	0.116189	0.249089	0.244465	0.264651	1,2,3,1,4,4	71.033278	0.268226	2.666143	0.936377	0.268226	1.064592	1.064592	
668000	-116593	1,2,3,1,4,5	71.431679	4.706097	5.853300	5.471618	4.706097	6.314573	5.612811	1,2,3,4,2,5	71.189482	0.436059	0.090846	0.038142	0.434953	0.357545	0.061642	0.466210	0.114603	0.071143	0.160833	0.513551	0.254473	0.684019	0.109524	0.131473	0.074984	0.357545	0.061642	0.466210	0.114603	0.268830	0.141014	0.161968	0.428188	1,2,3,4,5,6	71.222183	0.185483	0.058540	0.168440	0.500587	0.080059	0.006890	0.017008	0.117696	0.168828	0.290769	0.092903	0.312795	0.221316	0.175256	0.264631	0.101807	0.039125	0.197864	0.036421	0.167524	0.321530	0.148269	0.258514	0.067743	0.178291	0.198860	0.273269	0.104784	0.222519	0.022277	0.206683	0.101525	0.113715	0.092933	0.374130	0.111014	1,2,3,1,4,4	70.274906	0.249838	2.186118	0.709965	0.249838	0.878625	0.878625	
669000	-115408	1,2,3,4,5,6	70.710695	6.012634	6.034496	5.713980	5.398554	5.698667	5.855576	1,2,3,4,2,5	71.002360	0.426157	0.196661	0.042630	0.334551	0.235214	0.112039	0.506639	0.146108	0.180492	0.123082	0.197832	0.498593	0.592776	0.113348	0.260214	0.033662	0.235214	0.112039	0.506639	0.146108	0.144874	0.213062	0.074942	0.567123	1,2,2,3,4,4	72.670174	0.103594	0.023385	0.462067	0.177565	0.080246	0.153142	0.010946	0.242547	0.206737	0.126807	0.125962	0.287001	0.010946	0.242547	0.206737	0.126807	0.125962	0.287001	0.049858	0.016613	0.162469	0.096606	0.668770	0.005684	0.177621	0.218732	0.141072	0.148581	0.200912	0.113083	0.177621	0.218732	0.141072	0.148581	0.200912	0.113083	1,2,3,4,3,5	71.669643	0.263037	3.183433	0.880649	0.333386	0.880649	1.058159	
670000	-116585	1,2,3,4,5,6	71.898574	5.044065	5.592777	5.420051	4.858407	6.705955	6.175083	1,2,1,3,4,3	72.778419	0.321922	0.068890	0.246878	0.362311	0.327891	0.035087	0.502023	0.134999	0.321922	0.068890	0.246878	0.362311	0.357504	0.308049	0.051795	0.282652	0.371436	0.080422	0.334680	0.213462	0.357504	0.308049	0.051795	0.282652	1,2,3,3,4,5	71.141608	0.183695	0.029588	0.522810	0.067462	0.141214	0.055231	0.086913	0.086233	0.181874	0.241754	0.092620	0.310606	0.018904	0.266503	0.121702	0.080803	0.211573	0.300516	0.018904	0.266503	0.121702	0.080803	0.211573	0.300516	0.087020	0.472181	0.193248	0.114732	0.074051	0.058767	0.172261	0.058438	0.202001	0.059750	0.377569	0.129981	1,2,3,4,5,6	71.755463	0.277118	1.027664	0.788652	0.195660	1.078515	1.044715	
671000	-116440	1,2,1,1,3,1	73.291254	4.259701	5.632745	4.259701	4.259701	6.875857	4.259701	1,2,3,1,4,5	71.575699	0.582215	0.136293	0.103114	0.178378	0.333620	0.075957	0.451154	0.139269	0.224479	0.103761	0.345014	0.326746	0.582215	0.136293	0.103114	0.178378	0.225925	0.232414	0.401783	0.139878	0.417495	0.120696	0.117473	0.344336	1,2,2,1,3,4	71.047552	0.053526	0.041600	0.265444	0.284158	0.157514	0.197759	0.039955	0.111478	0.173275	0.199286	0.187905	0.288102	0.039955	0.111478	0.173275	0.199286	0.187905	0.288102	0.053526	0.041600	0.265444	0.284158	0.157514	0.197759	0.137701	0.499718	0.264028	0.095030	0.001705	0.001817	0.087608	0.030535	0.041959	0.113870	0.286304	0.439724	1,2,3,4,5,5	70.804008	0.234444	1.940826	0.748069	0.192332	0.957729	0.957729	
672000	-116680	1,2,3,3,4,1	72.818478	6.781274	7.507692	5.354523	5.354523	6.698106	6.781274	1,2,3,1,2,4	72.353013	0.444414	0.163788	0.053364	0.338433	0.403918	0.077861	0.392776	0.125445	0.235964	0.016432	0.127931	0.619672	0.444414	0.163788	0.053364	0.338433	0.403918	0.077861	0.392776	0.125445	0.262834	0.250463	0.094884	0.391819	1,1,2,3,3,4	70.655843	0.005435	0.043683	0.568657	0.071379	0.053318	0.257529	0.005435	0.043683	0.568657	0.071379	0.053318	0.257529	0.025985	0.256116	0.075520	0.508617	0.060693	0.073069	0.073748	0.394756	0.054030	0.359713	0.029525	0.088227	0.073748	0.394756	0.054030	0.359713	0.029525	0.088227	0.028668	0.265174	0.101805	0.288361	0.129021	0.186970	1,2,3,1,4,3	72.247798	0.236970	2.069171	0.966129	0.236970	1.037323	0.966129	
673000	-117119	1,2,3,4,5,2	71.922973	4.914100	6.272156	5.835842	4.879103	6.032663	6.272156	1,2,3,4,2,1	71.551062	0.298979	0.287153	0.030000	0.383869	0.290504	0.125910	0.491579	0.092008	0.402589	0.026579	0.326805	0.244027	0.781538	0.121764	0.031331	0.065366	0.290504	0.125910	0.491579	0.092008	0.298979	0.287153	0.030000	0.383869	1,2,3,3,4,5	71.293548	0.091417	0.039924	0.346648	0.324869	0.063405	0.133737	0.421669	0.069389	0.028261	0.031636	0.038533	0.410513	0.077934	0.183560	0.160131	0.359152	0.099712	0.119511	0.077934	0.183560	0.160131	0.359152	0.099712	0.119511	0.116662	0.230212	0.109263	0.224699	0.266095	0.053071	0.024476	0.031554	0.167049	0.252325	0.204654	0.319941	1,2,3,1,4,3	70.311461	0.255977	2.629749	0.910243	0.255977	0.901874	0.910243	
674000	-116468	1,2,3,1,4,5	70.409400	4.695293	5.280009	5.578167	4.695293	6.787953	5.975321	1,2,3,1,4,5	72.156007	0.467158	0.134716	0.105818	0.292308	0.117621	0.031356	0.784740	0.066284	0.170573	0.099560	0.121654	0.608212	0.467158	0.134716	0.105818	0.292308	0.385762	0.085368	0.372033	0.156836	0.107326	0.221480	0.128506	0.542687	1,2,3,4,5,4	71.361207	0.086988	0.020920	0.443763	0.331028	0.102340	0.014961	0.062074	0.214052	0.247128	0.082477	0.185472	0.208797	0.081584	0.222221	0.163988	0.235740	0.127663	0.168803	0.084136	0.078555	0.146452	0.133665	0.214804	0.342387	0.245965	0.617081	0.060277	0.033075	0.012717	0.030885	0.084136	0.078555	0.146452	0.133665	0.214804	0.342387	1,2,3,1,4,5	72.245209	0.263507	2.690081	0.785767	0.263507	0.909119	0.983942	
675000	-115217	1,2,3,1,4,5	71.259633	4.650601	5.739435	6.613360	4.650601	6.782401	6.094192	1,2,3,4,2,1	69.954937	0.335804	0.230972	0.085000	0.348224	0.369170	0.110579	0.437451	0.082800	0.250918	0.084974	0.227948	0.436160	0.502619	0.217868	0.058850	0.220663	0.369170	0.110579	0.437451	0.082800	0.335804	0.230972	0.085000	0.348224	1,2,3,4,3,2	72.337134	0.209083	0.130038	0.529822	0.073724	0.009080	0.048252	0.110960	0.047045	0.117130	0.056556	0.301289	0.367020	0.140237	0.275757	0.088143	0.313137	0.122981	0.059744	0.096743	0.170059	0.131305	0.427528	0.159980	0.014385	0.140237	0.275757	0.088143	0.313137	0.122981	0.059744	0.110960	0.047045	0.117130	0.056556	0.301289	0.367020	1,2,3,1,3,4	71.245133	0.201460	1.829057	0.968369	0.201460	0.968369	0.990435	
676000	-116697	1,2,3,2,4,5	70.532773	6.204721	5.181194	5.473082	5.181194	6.949934	6.410536	1,2,2,1,3,4	70.754361	0.483229	0.207390	0.059422	0.249960	0.296434	0.087895	0.333403	0.282268	0.296434	0.087895	0.333403	0.282268	0.483229	0.207390	0.059422	0.249960	0.446068	0.066742	0.420149	0.067041	0.304734	0.234068	0.077519	0.383678	1,2,2,2,3,4	72.043070	0.008213	0.202391	0.518377	0.127197	0.124250	0.019572	0.029882	0.250524	0.105302	0.173415	0.161627	0.279249	0.029882	0.250524	0.105302	0.173415	0.161627	0.279249	0.029882	0.250524	0.105302	0.173415	0.161627	0.279249	0.269738	0.310297	0.175131	0.053780	0.186414	0.004638	0.085171	0.100823	0.051862	0.036036	0.235272	0.490836	1,2,3,1,4,4	72.991671	0.211075	1.918240	0.787157	0.211075	0.811895	0.811895	
677000	-116832	1,2,2,3,4,5	71.417802	5.375367	5.652754	5.652754	5.498022	6.430286	5.688827	1,2,3,4,5,6	71.819650	0.512133	0.109001	0.079454	0.299412	0.279180	0.052417	0.469736	0.198667	0.269130	0.049530	0.201351	0.479988	0.602246	0.058749	0.219336	0.119670	0.351727	0.116637	0.301251	0.230385	0.106773	0.185283	0.100126	0.607819	1,2,2,3,4,1	70.737648	0.155513	0.010028	0.205766	0.251669	0.220855	0.156170	0.052727	0.214023	0.118281	0.242172	0.014923	0.357874	0.052727	0.214023	0.118281	0.242172	0.014923	0.357874	0.051805	0.021486	0.261650	0.026494	0.317170	0.321395	0.123238	0.249219	0.124800	0.133805	0.113755	0.255183	0.155513	0.010028	0.205766	0.251669	0.220855	0.156170	1,2,3,4,5,3	70.131966	0.295687	2.521072	1.017440	0.211183	1.142124	1.017440	
678000	-116754	1,2,3,4,5,6	70.152368	6.567823	5.446964	6.211944	5.212148	6.131154	6.313725	1,2,3,4,5,6	71.456965	0.457713	0.132139	0.142241	0.267907	0.281013	0.052384	0.434331	0.232272	0.181185	0.064858	0.274503	0.479454	0.550277	0.201453	0.094087	0.154183	0.238329	0.131957	0.394118	0.235596	0.226511	0.257002	0.214416	0.302072	1,2,3,3,4,5	71.622979	0.007563	0.192012	0.519149	0.069598	0.176866	0.034812	0.052131	0.191736	0.040349	0.388183	0.007625	0.319977	0.087546	0.159130	0.112537	0.228507	0.244902	0.167378	0.087546	0.159130	0.112537	0.228507	0.244902	0.167378	0.288785	0.462998	0.038556	0.061670	0.033246	0.114745	0.176406	0.392984	0.092030	0.117920	0.123568	0.097092	1,2,3,4,5,5	72.248882	0.272854	2.870191	0.712515	0.271144	1.238168	1.238168	
679000	-117429	1,2,3,3,4,5	70.623358	6.173909	5.251859	3.753485	3.753485	6.511442	6.649379	1,2,3,1,2,1	72.837962	0.437807	0.234272	0.029467	0.298454	0.445982	0.093332	0.403413	0.057274	0.155683	0.115990	0.175710	0.552618	0.437807	0.234272	0.029467	0.298454	0.445982	0.093332	0.403413	0.057274	0.437807	0.234272	0.029467	0.298454	1,2,3,3,3,4	70.869628	0.029227	0.051139	0.613148	0.175546	0.087665	0.043274	0.274168	0.044550	0.236728	0.203803	0.023141	0.217610	0.105337	0.300913	0.179999	0.290536	0.073666	0.049550	0.105337	0.300913	0.179999	0.290536	0.073666	0.049550	0.105337	0.300913	0.179999	0.290536	0.073666	0.049550	0.097578	0.064145	0.075869	0.001096	0.119678	0.641634	1,2,3,4,3,5	71.113380	0.254498	1.846371	0.800464	0.254020	0.800464	0.966336	
680000	-115799	1,2,3,4,4,5	72.144954	5.543973	5.419969	5.643922	4.772404	4.772404	6.826146	1,2,3,4,5,6	72.839265	0.590951	0.079189	0.030031	0.299829	0.127955	0.046124	0.637161	0.188760	0.256552	0.052098	0.390966	0.300384	0.645307	0.205236	0.088760	0.060697	0.492625	0.102055	0.268980	0.136340	0.241229	0.104291	0.154562	0.499918	1,2,2,3,4,5	70.184944	0.116746	0.064117	0.239769	0.449351	0.062761	0.067256	0.080492	0.187593	0.141076	0.381193	0.025760	0.183887	0.080492	0.187593	0.141076	0.381193	0.025760	0.183887	0.095143	0.058667	0.318163	0.297797	0.155363	0.074867	0.043241	0.389140	0.031865	0.324193	0.053413	0.158148	0.343302	0.035778	0.028527	0.040835	0.430609	0.120949	1,2,3,4,5,6	70.506128	0.262802	0.936880	0.671573	0.245170	0.769902	0.859983	
681000	-116933	1,2,3,3,4,5	72.035876	6.182613	5.502768	5.119676	5.119676	5.723557	6.120525	1,2,3,1,2,4	72.454365	0.587167	0.092635	0.058753	0.261444	0.195659	0.127128	0.476606	0.200606	0.224457	0.055152	0.233546	0.486845	0.587167	0.092635	0.058753	0.261444	0.195659	0.127128	0.476606	0.200606	0.304547	0.176696	0.110081	0.408677	1,2,3,2,4,5	70.747398	0.155997	0.045201	0.341644	0.136468	0.135280	0.185409	0.015718	0.111914	0.055030	0.341635	0.017649	0.458053	0.037846	0.291868	0.246954	0.227627	0.057523	0.138182	0.015718	0.111914	0.055030	0.341635	0.017649	0.458053	0.102421	0.458673	0.054144	0.163759	0.132052	0.088951	0.156175	0.000016	0.361906	0.103932	0.223006	0.154964	1,2,3,4,5,6	68.917396	0.233155	2.023929	0.814732	0.233299	1.358199	0.913127	
682000	-116039	1,2,3,4,5,6	70.178421	5.763850	5.854230	5.484503	5.422154	6.124188	6.538097	1,2,3,4,2,5	69.670941	0.405129	0.104437	0.138307	0.352126	0.272066	0.095163	0.424995	0.207776	0.056736	0.122096	0.224861	0.596307	0.344689	0.241545	0.110958	0.302808	0.272066	0.095163	0.424995	0.207776	0.222354	0.256951	0.087155	0.433540	1,2,3,3,3,2	72.105599	0.351855	0.019044	0.496099	0.048027	0.048524	0.036451	0.052183	0.171955	0.078237	0.113676	0.179302	0.404647	0.063214	0.324124	0.107696	0.360048	0.038953	0.105964	0.063214	0.324124	0.107696	0.360048	0.038953	0.105964	0.063214	0.324124	0.107696	0.360048	0.038953	0.105964	0.052183	0.171955	0.078237	0.113676	0.179302	0.404647	1,2,3,1,4,5	71.948603	0.261788	2.138265	0.848680	0.261788	0.988193	0.844483	
683000	-117950	1,2,3,3,4,1	71.666450	5.551538	5.200260	3.646141	3.646141	6.164196	5.551538	1,2,1,3,1,4	72.253106	0.478507	0.098233	0.171998	0.251261	0.147362	0.128171	0.503912	0.220554	0.478507	0.098233	0.171998	0.251261	0.590294	0.220988	0.120417	0.068301	0.478507	0.098233	0.171998	0.251261	0.116245	0.286511	0.104751	0.492494	1,2,2,3,4,4	72.276235	0.052833	0.050035	0.474294	0.245427	0.074788	0.102623	0.045281	0.123606	0.105315	0.263983	0.003326	0.458489	0.045281	0.123606	0.105315	0.263983	0.003326	0.458489	0.175302	0.094145	0.209004	0.138383	0.177296	0.205870	0.078310	0.323192	0.106163	0.101238	0.235569	0.155528	0.078310	0.323192	0.106163	0.101238	0.235569	0.155528	1,2,3,1,4,5	70.398436	0.187556	1.490443	0.678460	0.187556	1.212796	0.931013	
684000	-115800	1,2,3,4,5,6	70.055838	6.138901	5.529835	5.228035	5.027490	6.560268	5.831378	1,2,3,4,2,5	70.491441	0.334134	0.211332	0.129077	0.325457	0.281908	0.073292	0.518129	0.126670	0.232237	0.151399	0.256230	0.360135	0.618133	0.184452	0.039686	0.157729	0.281908	0.073292	0.518129	0.126670	0.140496	0.272157	0.025116	0.562231	1,1,1,1,2,3	70.914045	0.035644	0.119926	0.314980	0.209064	0.075192	0.245194	0.035644	0.119926	0.314980	0.209064	0.075192	0.245194	0.035644	0.119926	0.314980	0.209064	0.075192	0.245194	0.035644	0.119926	0.314980	0.209064	0.075192	0.245194	0.112825	0.384150	0.154604	0.180621	0.156128	0.011671	0.225320	0.113473	0.233414	0.070520	0.150833	0.206440	1,2,3,4,5,6	72.514558	0.311716	1.508468	0.729616	0.250378	1.061129	0.894482	
685000	-116875	1,2,3,4,5,6	71.553819	5.705056	6.483539	6.212720	5.043991	6.680194	5.753572	1,2,2,3,2,4	69.962456	0.384279	0.242938	0.145531	0.227252	0.249044	0.053980	0.510015	0.186961	0.249044	0.053980	0.510015	0.186961	0.286110	0.614118	0.066942	0.032830	0.249044	0.053980	0.510015	0.186961	0.376486	0.171335	0.062647	0.389532	1,2,3,1,4,5	73.410466	0.019508	0.105935	0.655269	0.109997	0.042356	0.066934	0.055999	0.211178	0.177554	0.278771	0.067704	0.208794	0.033038	0.112767	0.240457	0.339293	0.170994	0.103451	0.019508	0.105935	0.655269	0.109997	0.042356	0.066934	0.179160	0.370417	0.015667	0.245303	0.092543	0.096910	0.033623	0.211675	0.062888	0.021584	0.416970	0.253260	1,2,3,4,5,5	70.933337	0.191866	1.965279	0.505462	0.211215	0.977766	0.977766	
686000	-117267	1,2,3,4,5,2	70.945633	5.053030	5.251061	6.508203	4.509735	6.525851	5.251061	1,2,2,1,3,4	71.471838	0.384826	0.252384	0.171786	0.191004	0.188057	0.061782	0.335751	0.414410	0.188057	0.061782	0.335751	0.414410	0.384826	0.252384	0.171786	0.191004	0.546683	0.083207	0.322403	0.047707	0.374338	0.113868	0.054862	0.456932	1,2,3,4,5,2	71.879938	0.067177	0.166283	0.231555	0.107306	0.016594	0.411085	0.125553	0.173849	0.109717	0.149649	0.202982	0.238251	0.135758	0.355991	0.080551	0.259515	0.061284	0.106901	0.121232	0.070151	0.207960	0.195355	0.269178	0.136124	0.160700	0.355970	0.097291	0.280604	0.035699	0.069736	0.125553	0.173849	0.109717	0.149649	0.202982	0.238251	1,2,3,4,5,5	71.965990	0.259624	1.688467	0.798366	0.226854	1.030812	1.030812	
687000	-115461	1,2,1,1,3,4	70.707934	5.241095	6.358113	5.241095	5.241095	5.861319	6.300670	1,2,3,1,4,5	71.886400	0.454797	0.185281	0.088075	0.271848	0.232160	0.046833	0.613524	0.107483	0.249829	0.089313	0.149679	0.511179	0.454797	0.185281	0.088075	0.271848	0.186210	0.138974	0.565983	0.108833	0.217338	0.292809	0.132643	0.357210	1,2,2,2,3,4	70.608531	0.171495	0.113255	0.317905	0.204315	0.132741	0.060289	0.048070	0.104754	0.096088	0.461149	0.065537	0.224402	0.048070	0.104754	0.096088	0.461149	0.065537	0.224402	0.048070	0.104754	0.096088	0.461149	0.065537	0.224402	0.294437	0.425836	0.045680	0.145269	0.087317	0.001462	0.193543	0.207351	0.195729	0.044032	0.188695	0.170649	1,2,3,1,4,3	71.821381	0.253933	3.168889	0.925483	0.253933	0.966635	0.925483	
688000	-118556	1,2,3,1,4,5	69.810832	4.561960	6.355689	5.361456	4.561960	6.537653	5.814149	1,2,3,4,4,1	71.087736	0.314522	0.310594	0.144809	0.230076	0.243736	0.009888	0.569180	0.177196	0.401165	0.105298	0.163716	0.329821	0.397892	0.104644	0.380031	0.117433	0.397892	0.104644	0.380031	0.117433	0.314522	0.310594	0.144809	0.230076	1,2,3,4,3,2	71.877866	0.311162	0.050202	0.246275	0.053711	0.081141	0.257508	0.081300	0.145248	0.120721	0.039718	0.250297	0.362717	0.113935	0.344425	0.147571	0.195670	0.008307	0.190093	0.256313	0.027810	0.354751	0.170839	0.112190	0.078098	0.113935	0.344425	0.147571	0.195670	0.008307	0.190093	0.081300	0.145248	0.120721	0.039718	0.250297	0.362717	1,2,3,1,3,4	71.272019	0.312748	2.609735	0.868825	0.312748	0.868825	1.051685	
689000	-115438	1,2,3,3,4,5	70.305489	5.774915	5.578730	5.300235	5.300235	6.434337	5.546200	1,2,3,4,2,4	70.696946	0.513049	0.128234	0.101032	0.257685	0.328770	0.066449	0.528022	0.076759	0.064321	0.009097	0.328412	0.598170	0.442472	0.241710	0.057106	0.258712	0.328770	0.066449	0.528022	0.076759	0.442472	0.241710	0.057106	0.258712	1,2,3,3,3,2	70.622970	0.078761	0.106611	0.361574	0.206771	0.116606	0.129677	0.016967	0.074001	0.097542	0.126197	0.285725	0.399568	0.078591	0.293537	0.095176	0.380466	0.049280	0.102949	0.078591	0.293537	0.095176	0.380466	0.049280	0.102949	0.078591	0.293537	0.095176	0.380466	0.049280	0.102949	0.016967	0.074001	0.097542	0.126197	0.285725	0.399568	1,2,3,4,5,5	72.964531	0.276499	1.424611	0.867096	0.275924	0.994413	0.994413	
690000	-116948	1,1,2,3,4,5	73.147948	5.003592	5.003592	5.970462	4.677950	6.912922	5.854045	1,2,2,3,4,5	73.212421	0.297890	0.405416	0.060080	0.236613	0.183654	0.022467	0.332249	0.461630	0.183654	0.022467	0.332249	0.461630	0.506324	0.111759	0.131517	0.250401	0.328005	0.235767	0.397664	0.038563	0.141829	0.171298	0.276401	0.410473	1,2,2,2,3,4	71.277115	0.084496	0.116903	0.382521	0.020472	0.084401	0.311206	0.095711	0.254567	0.091770	0.329096	0.101675	0.127181	0.095711	0.254567	0.091770	0.329096	0.101675	0.127181	0.095711	0.254567	0.091770	0.329096	0.101675	0.127181	0.117501	0.426793	0.126282	0.136957	0.150151	0.042317	0.302519	0.166678	0.224377	0.036385	0.155441	0.114600	1,2,3,4,5,6	71.331690	0.282976	1.758053	0.752830	0.289685	1.046182	0.864522	
691000	-117065	1,2,3,4,5,6	73.302340	5.529251	5.377053	5.102141	4.925135	6.092597	5.853474	1,2,3,4,2,5	71.045732	0.547695	0.177758	0.037111	0.237436	0.146103	0.061623	0.602562	0.189711	0.189485	0.094159	0.389081	0.327275	0.584337	0.142397	0.059358	0.213908	0.146103	0.061623	0.602562	0.189711	0.466792	0.207790	0.083559	0.241859	1,2,3,3,4,5	71.533485	0.067258	0.006907	0.283844	0.106371	0.030636	0.504985	0.084522	0.163468	0.035728	0.252353	0.164200	0.299730	0.111995	0.185540	0.150927	0.199566	0.161787	0.190186	0.111995	0.185540	0.150927	0.199566	0.161787	0.190186	0.557623	0.110557	0.074649	0.108672	0.128453	0.020047	0.021130	0.061376	0.155072	0.050397	0.399704	0.312320	1,2,3,1,4,4	71.912138	0.249000	2.054923	0.738029	0.249000	0.934145	0.934145	
692000	-116451	1,2,3,1,4,5	70.630299	5.137681	6.350001	6.717322	5.137681	6.057199	5.884179	1,2,3,4,5,6	72.479606	0.323260	0.287012	0.104895	0.284833	0.206385	0.111924	0.525695	0.155996	0.124088	0.058798	0.457275	0.359840	0.566703	0.314629	0.050488	0.068180	0.225975	0.430169	0.314001	0.029855	0.208489	0.357959	0.099370	0.334182	1,2,3,1,4,2	70.412250	0.043343	0.175129	0.481523	0.224078	0.073019	0.002907	0.134552	0.143805	0.165057	0.066900	0.279144	0.210541	0.250731	0.173579	0.159818	0.188422	0.111990	0.115461	0.043343	0.175129	0.481523	0.224078	0.073019	0.002907	0.292461	0.316662	0.085711	0.140608	0.036366	0.128192	0.134552	0.143805	0.165057	0.066900	0.279144	0.210541	1,2,3,4,5,6	69.716469	0.207907	3.821065	0.838563	0.134559	1.064446	1.051822	
693000	-116825	1,2,3,4,5,6	72.290735	5.546308	5.409681	5.219613	4.894364	6.300437	5.827238	1,2,3,1,4,5	69.383131	0.483111	0.186269	0.076318	0.254302	0.182497	0.247733	0.457779	0.111992	0.184848	0.152075	0.210652	0.452425	0.483111	0.186269	0.076318	0.254302	0.256384	0.291346	0.355162	0.097108	0.249593	0.290117	0.177153	0.283137	1,2,3,4,5,6	71.454803	0.222042	0.036760	0.474431	0.148700	0.094893	0.023174	0.256406	0.140867	0.078416	0.073581	0.048119	0.402611	0.095887	0.363304	0.103288	0.180694	0.000275	0.256552	0.028151	0.138393	0.137167	0.255849	0.389891	0.050549	0.158944	0.608207	0.067249	0.065633	0.076183	0.023785	0.028523	0.316559	0.252875	0.088055	0.251264	0.062724	1,2,3,4,5,3	69.949449	0.234692	3.570894	0.760288	0.190000	1.161643	0.760288	
694000	-116174	1,2,3,4,5,6	68.839790	6.026600	5.981559	5.405007	5.090027	6.692888	6.301915	1,2,3,1,2,4	72.010016	0.534112	0.109398	0.151765	0.204725	0.352502	0.029811	0.465646	0.152040	0.236060	0.025987	0.411318	0.326634	0.534112	0.109398	0.151765	0.204725	0.352502	0.029811	0.465646	0.152040	0.270751	0.185867	0.089493	0.453889	1,2,3,2,4,2	72.298550	0.161343	0.259102	0.245752	0.227917	0.081580	0.024306	0.062519	0.077928	0.137603	0.149824	0.249277	0.322849	0.106347	0.156235	0.099840	0.408187	0.132298	0.097094	0.062519	0.077928	0.137603	0.149824	0.249277	0.322849	0.125649	0.317908	0.113339	0.158693	0.281694	0.002716	0.062519	0.077928	0.137603	0.149824	0.249277	0.322849	1,2,3,4,5,5	71.124485	0.442259	1.955065	0.740947	0.226631	1.068317	1.068317	
695000	-116387	1,2,3,4,5,6	70.787475	6.117612	5.600171	5.505445	4.855360	6.286569	5.850610	1,2,3,1,2,1	72.020566	0.435378	0.226504	0.052245	0.285872	0.243197	0.083993	0.508805	0.164005	0.383902	0.092117	0.207348	0.316634	0.435378	0.226504	0.052245	0.285872	0.243197	0.083993	0.508805	0.164005	0.435378	0.226504	0.052245	0.285872	1,1,2,2,3,2	70.366196	0.067324	0.138684	0.159509	0.198528	0.043133	0.392822	0.067324	0.138684	0.159509	0.198528	0.043133	0.392822	0.063323	0.283136	0.087620	0.227755	0.170723	0.167443	0.063323	0.283136	0.087620	0.227755	0.170723	0.167443	0.190601	0.263963	0.107090	0.137625	0.281691	0.019029	0.063323	0.283136	0.087620	0.227755	0.170723	0.167443	1,2,3,1,4,5	71.833142	0.277767	8.887868	0.899357	0.277767	1.273025	0.832064	
696000	-116307	1,2,3,4,5,6	70.722573	5.697431	6.206095	5.209191	5.539812	6.793461	6.431781	1,2,3,4,5,1	69.290240	0.327845	0.255404	0.071197	0.345553	0.276621	0.135649	0.482959	0.104771	0.097911	0.041009	0.128394	0.732686	0.433270	0.305260	0.111469	0.150001	0.437725	0.075851	0.388934	0.097489	0.327845	0.255404	0.071197	0.345553	1,2,3,3,4,3	70.438816	0.036777	0.014287	0.446037	0.099687	0.227313	0.175899	0.061535	0.048148	0.316891	0.214460	0.014865	0.344101	0.026315	0.180071	0.151357	0.320266	0.159948	0.162043	0.026315	0.180071	0.151357	0.320266	0.159948	0.162043	0.051678	0.300457	0.223764	0.239206	0.134671	0.050225	0.026315	0.180071	0.151357	0.320266	0.159948	0.162043	1,2,3,4,5,3	71.738288	0.297090	2.284905	0.904234	0.263459	0.873517	0.904234	
697000	-115590	1,2,1,1,3,4	69.924417	4.994097	5.011233	4.994097	4.994097	6.043896	5.493298	1,2,3,4,5,1	70.598718	0.282017	0.302936	0.076653	0.338394	0.206675	0.021146	0.700777	0.071402	0.114777	0.222099	0.313790	0.349334	0.346896	0.407071	0.127613	0.118420	0.269273	0.232153	0.461085	0.037490	0.282017	0.302936	0.076653	0.338394	1,2,3,4,3,2	71.730169	0.069550	0.050444	0.612613	0.097368	0.078483	0.091541	0.046934	0.155798	0.075609	0.205997	0.189482	0.326179	0.041643	0.428320	0.253303	0.098939	0.021520	0.156275	0.020158	0.031337	0.368321	0.167815	0.186401	0.225968	0.041643	0.428320	0.253303	0.098939	0.021520	0.156275	0.046934	0.155798	0.075609	0.205997	0.189482	0.326179	1,2,3,4,3,5	70.810382	0.331184	1.812964	0.877607	0.158370	0.877607	0.867563	
698000	-117197	1,2,3,1,4,5	72.194202	5.603145	4.841518	6.217035	5.603145	6.618299	5.768069	1,2,3,4,2,1	71.813544	0.422775	0.205763	0.124529	0.246932	0.348738	0.140345	0.468732	0.042186	0.265463	0.023874	0.300372	0.410292	0.384948	0.419475	0.027540	0.168037	0.348738	0.140345	0.468732	0.042186	0.422775	0.205763	0.124529	0.246932	1,2,3,2,4,2	70.604102	0.002320	0.007480	0.533432	0.341174	0.053627	0.061967	0.021866	0.118133	0.154205	0.130690	0.253297	0.321809	0.012055	0.177072	0.173693	0.454028	0.052257	0.130895	0.021866	0.118133	0.154205	0.130690	0.253297	0.321809	0.010202	0.433917	0.114945	0.269713	0.023734	0.147488	0.021866	0.118133	0.154205	0.130690	0.253297	0.321809	1,2,3,4,3,5	71.886930	0.377223	2.805497	0.768637	0.116406	0.768637	1.058256	
699000	-116168	1,2,3,4,4,5	71.519467	6.198683	5.444579	5.186689	5.076533	5.076533	5.697269	1,2,3,4,5,1	71.005125	0.390906	0.168039	0.060498	0.380557	0.345597	0.007811	0.549397	0.097195	0.088771	0.047663	0.234304	0.629263	0.336265	0.434926	0.119239	0.109571	0.363535	0.386075	0.244962	0.005429	0.390906	0.168039	0.060498	0.380557	1,2,3,4,5,2	70.928851	0.128403	0.018799	0.439982	0.038305	0.060284	0.314227	0.149678	0.034537	0.106013	0.341421	0.197742	0.170610	0.158903	0.190609	0.130875	0.396125	0.056170	0.067317	0.054733	0.131047	0.274611	0.339098	0.092758	0.107753	0.061001	0.281072	0.397942	0.019684	0.068845	0.171457	0.149678	0.034537	0.106013	0.341421	0.197742	0.170610	1,2,3,4,5,6	71.992564	0.264554	2.960568	0.896315	0.129749	0.942351	0.976439	
700000	-116831	1,2,3,4,5,6	72.367978	5.458201	6.272867	6.146344	4.304612	5.278261	5.437545	1,2,3,4,5,3	70.987304	0.500625	0.100640	0.147032	0.251704	0.173388	0.132989	0.455308	0.238315	0.175327	0.118976	0.089377	0.616320	0.576738	0.308088	0.013318	0.101856	0.499183	0.073922	0.376958	0.049937	0.175327	0.118976	0.089377	0.616320	1,2,3,4,5,6	71.866277	0.070727	0.079107	0.252325	0.330708	0.118772	0.148361	0.041082	0.177453	0.084581	0.218168	0.123590	0.355127	0.110260	0.439485	0.116409	0.087963	0.071895	0.173988	0.011719	0.278919	0.081445	0.478094	0.096901	0.052922	0.044248	0.242643	0.298550	0.289460	0.084124	0.040975	0.293935	0.227245	0.053404	0.141271	0.138054	0.146091	1,2,3,1,4,5	70.193764	0.210278	2.372230	0.761865	0.210278	0.903836	1.049266	
701000	-116573	1,2,3,4,5,6	71.858469	5.630660	5.271514	5.725104	5.303594	6.602410	5.498627	1,2,3,4,2,3	70.793319	0.347133	0.204992	0.089433	0.358443	0.329426	0.180554	0.426328	0.063692	0.139213	0.168624	0.242280	0.449883	0.567960	0.255901	0.021305	0.154834	0.329426	0.180554	0.426328	0.063692	0.139213	0.168624	0.242280	0.449883	1,2,3,2,3,4	71.449649	0.157561	0.169006	0.260050	0.049907	0.087061	0.276416	0.047295	0.141173	0.143136	0.038640	0.074640	0.555115	0.111362	0.483083	0.116454	0.176538	0.004052	0.108512	0.047295	0.141173	0.143136	0.038640	0.074640	0.555115	0.111362	0.483083	0.116454	0.176538	0.004052	0.108512	0.448619	0.103493	0.128800	0.062928	0.149604	0.106556	1,2,3,1,4,5	70.550804	0.313496	3.698261	0.824869	0.313496	0.999148	1.143137	
702000	-116495	1,1,2,3,4,5	70.878398	5.129044	5.129044	5.645913	5.104808	6.389747	5.713277	1,2,3,4,2,4	71.952376	0.346004	0.364507	0.031305	0.258183	0.403347	0.105909	0.342964	0.147780	0.326781	0.147608	0.205082	0.320530	0.347751	0.184107	0.114990	0.353152	0.403347	0.105909	0.342964	0.147780	0.347751	0.184107	0.114990	0.353152	1,1,2,3,4,5	71.579413	0.026376	0.227778	0.232036	0.150720	0.020814	0.342277	0.026376	0.227778	0.232036	0.150720	0.020814	0.342277	0.076967	0.336380	0.066762	0.224055	0.014507	0.281329	0.073275	0.064444	0.031578	0.503429	0.201359	0.125915	0.231669	0.294358	0.108783	0.213905	0.120675	0.030610	0.086420	0.151283	0.166767	0.114013	0.328262	0.153256	1,2,3,4,5,3	70.882307	0.360285	2.250208	0.946441	0.261459	1.036112	0.946441	
703000	-117299	1,2,3,4,5,6	72.385457	4.592804	6.447990	6.518885	5.182397	5.638169	5.947820	1,2,3,4,1,5	73.585503	0.255273	0.110884	0.328373	0.305470	0.194068	0.080891	0.680068	0.044974	0.168617	0.118462	0.236951	0.475970	0.499304	0.396237	0.026544	0.077915	0.255273	0.110884	0.328373	0.305470	0.043944	0.274534	0.070375	0.611147	1,2,3,4,5,6	72.865342	0.275982	0.012152	0.507175	0.053703	0.107199	0.043788	0.047920	0.103373	0.211618	0.205421	0.048518	0.383150	0.054676	0.478019	0.127959	0.156316	0.062415	0.120614	0.055226	0.136565	0.322826	0.146010	0.165809	0.173565	0.089754	0.427207	0.035061	0.233513	0.145932	0.068533	0.052845	0.282879	0.045122	0.017159	0.261925	0.340069	1,2,3,1,4,4	72.500055	0.340405	1.634266	0.665323	0.340405	1.001074	1.001074	
704000	-116136	1,2,3,4,5,6	70.838872	6.243772	5.439586	5.922203	5.358691	6.323993	5.521090	1,2,3,4,5,6	72.867779	0.485768	0.068272	0.090076	0.355884	0.121975	0.038374	0.703208	0.136444	0.234182	0.114520	0.307787	0.343510	0.452611	0.185712	0.345443	0.016234	0.409507	0.106679	0.385170	0.098644	0.337538	0.116302	0.056262	0.489898	1,2,3,4,5,2	71.201162	0.121913	0.153259	0.430706	0.093728	0.110803	0.089591	0.062314	0.188458	0.112717	0.037264	0.285794	0.313453	0.008272	0.239153	0.205067	0.328462	0.088539	0.130508	0.095876	0.017354	0.493943	0.173498	0.069035	0.150294	0.145055	0.312149	0.103329	0.283992	0.005081	0.150395	0.062314	0.188458	0.112717	0.037264	0.285794	0.313453	1,2,3,4,3,5	69.859798	0.367006	2.408228	0.963994	0.270997	0.963994	0.944638	
705000	-115767	1,2,3,2,4,5	69.746642	5.860445	5.192475	5.814725	5.192475	6.254141	6.243062	1,2,3,1,4,5	70.104349	0.394004	0.250918	0.122736	0.232343	0.198731	0.050711	0.386056	0.364502	0.133575	0.048385	0.238603	0.579437	0.394004	0.250918	0.122736	0.232343	0.349793	0.064973	0.362351	0.222884	0.156585	0.389546	0.127795	0.326074	1,2,3,4,5,6	71.447376	0.060144	0.059413	0.477081	0.022385	0.130442	0.250535	0.172665	0.118038	0.067221	0.289211	0.164664	0.188202	0.176210	0.413425	0.094483	0.149075	0.045877	0.120931	0.056401	0.125158	0.107126	0.086646	0.181870	0.442798	0.256748	0.415445	0.122371	0.087156	0.081460	0.036819	0.064006	0.200570	0.243188	0.047038	0.283646	0.161552	1,2,3,4,5,6	69.847286	0.313614	3.875434	0.783755	0.273999	1.206587	0.892963	
706000	-115796	1,2,3,3,4,5	72.254909	5.747485	5.655113	4.716177	4.716177	6.688128	5.689185	1,2,3,4,5,6	69.443951	0.466229	0.234109	0.061662	0.238000	0.359883	0.146897	0.430886	0.062333	0.300717	0.077222	0.253870	0.368190	0.803773	0.079722	0.024630	0.091875	0.323330	0.031833	0.545325	0.099512	0.104943	0.336456	0.042420	0.516180	1,2,3,4,5,6	70.056188	0.077905	0.000803	0.375761	0.473163	0.051730	0.020638	0.048223	0.113611	0.143197	0.177258	0.059139	0.458571	0.108769	0.261838	0.105683	0.204607	0.081954	0.237148	0.046194	0.162590	0.081251	0.466170	0.192828	0.050966	0.219823	0.164468	0.046773	0.467120	0.097283	0.004533	0.065837	0.097593	0.198443	0.064144	0.106308	0.467676	1,2,3,1,4,3	72.530650	0.275318	2.354339	0.951131	0.275318	0.813900	0.951131	
707000	-118286	1,1,2,3,4,5	69.494151	4.671055	4.671055	5.929784	6.331418	6.402381	5.822726	1,2,3,4,5,6	72.564675	0.388888	0.171686	0.271957	0.167469	0.284075	0.243652	0.344254	0.128019	0.287191	0.068900	0.486405	0.157505	0.399418	0.310329	0.270909	0.019344	0.309247	0.190534	0.336252	0.163967	0.120460	0.512426	0.056453	0.310661	1,2,3,1,3,4	72.931808	0.064331	0.026553	0.608778	0.062409	0.116683	0.121246	0.006351	0.116243	0.205711	0.050479	0.012027	0.609190	0.077391	0.360970	0.136971	0.168983	0.203120	0.052566	0.064331	0.026553	0.608778	0.062409	0.116683	0.121246	0.077391	0.360970	0.136971	0.168983	0.203120	0.052566	0.041376	0.217991	0.143972	0.158334	0.268488	0.169839	1,2,3,4,5,6	72.654889	0.283961	1.976624	0.863452	0.204078	0.992911	1.025945	
708000	-116694	1,2,3,1,4,5	70.609844	5.078671	5.652175	4.287732	5.078671	5.467323	6.749330	1,2,3,4,4,5	71.171760	0.348331	0.326713	0.010572	0.314383	0.282357	0.027972	0.593105	0.096566	0.072505	0.267791	0.171330	0.488373	0.365157	0.171738	0.216044	0.247061	0.365157	0.171738	0.216044	0.247061	0.182213	0.311468	0.082906	0.423414	1,2,3,4,3,4	71.713965	0.105284	0.152690	0.250065	0.100856	0.105163	0.285941	0.129508	0.101478	0.286889	0.133490	0.030741	0.317894	0.183867	0.464119	0.122707	0.100597	0.021865	0.106846	0.145293	0.014716	0.151998	0.072560	0.193513	0.421920	0.183867	0.464119	0.122707	0.100597	0.021865	0.106846	0.145293	0.014716	0.151998	0.072560	0.193513	0.421920	1,2,3,1,4,5	71.537140	0.275928	2.368742	0.704033	0.275928	1.015016	0.979987	
709000	-116611	1,2,3,3,4,5	70.999206	5.602555	5.514645	4.991693	4.991693	5.454681	6.468130	1,2,3,4,5,3	72.656011	0.331285	0.149638	0.129242	0.389836	0.240048	0.046401	0.622288	0.091262	0.305504	0.153452	0.118983	0.422062	0.670255	0.173019	0.138363	0.018363	0.245563	0.061048	0.650523	0.042866	0.305504	0.153452	0.118983	0.422062	1,2,3,1,4,2	70.696902	0.045746	0.028431	0.427233	0.185704	0.133991	0.178894	0.006136	0.090152	0.197818	0.138194	0.340867	0.226833	0.038366	0.473324	0.098413	0.049005	0.017853	0.323039	0.045746	0.028431	0.427233	0.185704	0.133991	0.178894	0.153949	0.176320	0.179408	0.230120	0.119260	0.140944	0.006136	0.090152	0.197818	0.138194	0.340867	0.226833	1,2,3,4,5,6	72.396934	0.302227	2.489180	1.004871	0.232288	0.910345	0.882850	
710000	-116791	1,2,3,4,5,4	71.572806	6.223022	5.942274	6.914838	5.502673	6.352764	5.502673	1,2,3,4,5,1	70.992567	0.229759	0.219280	0.229339	0.321623	0.087794	0.023995	0.800290	0.087921	0.117371	0.054831	0.260632	0.567165	0.336639	0.405204	0.041007	0.217151	0.247935	0.229623	0.460852	0.061589	0.229759	0.219280	0.229339	0.321623	1,2,3,2,4,2	69.743309	0.211084	0.049561	0.283281	0.377452	0.000575	0.078046	0.079520	0.086849	0.213272	0.113478	0.355380	0.151501	0.053100	0.436670	0.176677	0.134408	0.076152	0.122993	0.079520	0.086849	0.213272	0.113478	0.355380	0.151501	0.230871	0.354689	0.165877	0.152760	0.001181	0.094622	0.079520	0.086849	0.213272	0.113478	0.355380	0.151501	1,2,3,1,4,5	70.669303	0.253904	2.826036	0.715700	0.253904	0.889647	1.019476	
711000	-116053	1,2,3,3,4,5	70.821512	5.454635	5.659850	5.242939	5.242939	6.256295	5.881146	1,2,3,4,5,1	72.348524	0.323442	0.179898	0.141838	0.354822	0.147041	0.058910	0.550941	0.243107	0.119601	0.005714	0.358163	0.516522	0.557239	0.277916	0.108376	0.056469	0.478533	0.139818	0.245946	0.135703	0.323442	0.179898	0.141838	0.354822	1,2,3,2,3,4	71.820154	0.024672	0.073652	0.395685	0.278713	0.044860	0.182418	0.027642	0.110810	0.373799	0.112235	0.218623	0.156890	0.010623	0.300759	0.097963	0.270391	0.263477	0.056787	0.027642	0.110810	0.373799	0.112235	0.218623	0.156890	0.010623	0.300759	0.097963	0.270391	0.263477	0.056787	0.077599	0.014698	0.121139	0.005768	0.333263	0.447533	1,2,3,1,3,4	70.176755	0.251995	2.494464	1.016378	0.251995	1.016378	1.010256	
712000	-117587	1,2,3,1,4,5	70.680317	5.367053	6.330358	7.175955	5.367053	6.618572	5.790202	1,2,3,4,2,5	72.298959	0.388868	0.034399	0.085875	0.490857	0.297641	0.156439	0.421747	0.124173	0.140494	0.064367	0.476374	0.318764	0.473266	0.263430	0.085518	0.177786	0.297641	0.156439	0.421747	0.124173	0.148570	0.139140	0.195042	0.517248	1,2,3,4,3,5	72.666466	0.123718	0.046379	0.273150	0.301841	0.152356	0.102555	0.084322	0.053062	0.067341	0.286299	0.000204	0.508771	0.064414	0.353477	0.052185	0.398548	0.040826	0.090550	0.095307	0.141152	0.231723	0.105705	0.235357	0.190756	0.064414	0.353477	0.052185	0.398548	0.040826	0.090550	0.089700	0.064657	0.214936	0.000894	0.402666	0.227147	1,2,3,1,4,5	69.247113	0.273989	2.188127	0.818167	0.273989	1.253789	0.889372	
713000	-116030	1,2,3,4,5,6	70.362686	5.942716	5.775153	6.247503	5.246997	6.136827	6.284226	1,2,3,1,4,5	71.035171	0.514646	0.229059	0.095502	0.160793	0.208447	0.036327	0.527305	0.227921	0.209457	0.015899	0.156539	0.618105	0.514646	0.229059	0.095502	0.160793	0.388165	0.135453	0.237513	0.238869	0.087279	0.337610	0.105322	0.469790	1,1,2,2,3,4	71.121193	0.022556	0.115974	0.331733	0.250082	0.074097	0.205558	0.022556	0.115974	0.331733	0.250082	0.074097	0.205558	0.151387	0.202931	0.131241	0.268067	0.187959	0.058414	0.151387	0.202931	0.131241	0.268067	0.187959	0.058414	0.045953	0.604266	0.092588	0.123322	0.055596	0.078274	0.197605	0.322735	0.145463	0.048033	0.137206	0.148957	1,2,3,4,3,5	71.632325	0.286846	2.690561	0.852711	0.258503	0.852711	1.005195	
714000	-118006	1,2,3,3,4,5	70.431641	5.147342	5.403565	4.679959	4.679959	6.635236	6.393808	1,2,2,1,2,3	70.966464	0.494930	0.194920	0.128206	0.181945	0.338203	0.082270	0.348614	0.230913	0.338203	0.082270	0.348614	0.230913	0.494930	0.194920	0.128206	0.181945	0.338203	0.082270	0.348614	0.230913	0.048687	0.316006	0.113857	0.521450	1,2,2,2,3,2	72.365790	0.094773	0.018456	0.363557	0.401988	0.008599	0.112627	0.051914	0.153321	0.084435	0.300118	0.130519	0.279693	0.051914	0.153321	0.084435	0.300118	0.130519	0.279693	0.051914	0.153321	0.084435	0.300118	0.130519	0.279693	0.254230	0.529219	0.020981	0.009813	0.132199	0.053557	0.051914	0.153321	0.084435	0.300118	0.130519	0.279693	1,2,3,4,5,6	71.056785	0.264017	1.999375	0.802133	0.225959	0.921617	0.772136	
715000	-116005	1,2,3,4,5,6	71.876509	6.341657	5.862370	5.966796	5.059826	5.602769	5.463973	1,2,3,4,2,1	72.846215	0.407490	0.177993	0.056664	0.357853	0.214662	0.080284	0.514350	0.190703	0.179133	0.042035	0.265108	0.513723	0.651478	0.098070	0.137696	0.112757	0.214662	0.080284	0.514350	0.190703	0.407490	0.177993	0.056664	0.357853	1,2,3,3,4,3	70.558441	0.015032	0.062987	0.405364	0.293615	0.078852	0.144150	0.132018	0.193232	0.141787	0.018389	0.142018	0.372556	0.064333	0.145732	0.147711	0.286528	0.204898	0.150799	0.064333	0.145732	0.147711	0.286528	0.204898	0.150799	0.099227	0.337234	0.331079	0.087145	0.132024	0.013292	0.064333	0.145732	0.147711	0.286528	0.204898	0.150799	1,2,3,4,5,6	70.489108	0.284064	3.247485	0.700670	0.266961	0.943525	0.964931	
716000	-116540	1,2,3,2,4,5	71.023092	5.510556	4.926651	5.635234	4.926651	6.485730	5.565158	1,2,3,1,4,3	72.626880	0.378292	0.259584	0.109002	0.253122	0.058253	0.033757	0.692832	0.215158	0.150778	0.139643	0.216518	0.493061	0.378292	0.259584	0.109002	0.253122	0.394917	0.129905	0.348211	0.126967	0.150778	0.139643	0.216518	0.493061	1,2,2,3,2,4	70.604018	0.007160	0.084132	0.421571	0.118515	0.048928	0.319693	0.257235	0.293881	0.118471	0.161295	0.045843	0.123276	0.257235	0.293881	0.118471	0.161295	0.045843	0.123276	0.030107	0.214485	0.068348	0.325734	0.206030	0.155295	0.257235	0.293881	0.118471	0.161295	0.045843	0.123276	0.126679	0.018396	0.326674	0.147505	0.297088	0.083658	1,2,3,1,3,4	70.418636	0.241342	1.453497	1.002192	0.241342	1.002192	1.060115	
717000	-117198	1,2,3,2,4,5	72.004634	5.208179	4.869339	5.198428	4.869339	5.370099	5.612011	1,2,1,3,2,4	73.164735	0.344572	0.011691	0.121496	0.522242	0.483374	0.012183	0.435076	0.069367	0.344572	0.011691	0.121496	0.522242	0.570016	0.159461	0.084317	0.186206	0.483374	0.012183	0.435076	0.069367	0.327009	0.176437	0.037598	0.458957	1,2,3,4,5,2	72.361888	0.048256	0.070235	0.299698	0.478511	0.090085	0.013215	0.119308	0.079935	0.109287	0.195941	0.222314	0.273214	0.025419	0.152132	0.012180	0.543970	0.206946	0.059353	0.104157	0.139676	0.092460	0.266295	0.178321	0.219091	0.196037	0.110284	0.029588	0.298907	0.317342	0.047841	0.119308	0.079935	0.109287	0.195941	0.222314	0.273214	1,2,3,4,5,6	70.866433	0.288409	2.706166	1.061120	0.280674	0.922669	1.138080	
718000	-115972	1,2,3,4,5,6	73.115162	5.675910	5.776358	5.284068	7.176243	6.743950	5.871880	1,2,3,4,2,5	69.568842	0.358768	0.130829	0.176966	0.333437	0.386825	0.058586	0.440150	0.114439	0.171315	0.032998	0.290156	0.505530	0.363382	0.558633	0.055097	0.022888	0.386825	0.058586	0.440150	0.114439	0.247188	0.283919	0.125348	0.343545	1,2,3,4,5,2	70.385617	0.165078	0.020515	0.547414	0.099880	0.067282	0.099831	0.092639	0.073461	0.212691	0.077940	0.321464	0.221806	0.012372	0.216060	0.223091	0.091530	0.171893	0.285054	0.025357	0.015965	0.565264	0.130758	0.137034	0.125622	0.081912	0.379792	0.176263	0.217609	0.049092	0.095331	0.092639	0.073461	0.212691	0.077940	0.321464	0.221806	1,2,3,4,5,5	71.786619	0.313381	1.248961	0.728901	0.162093	1.015059	1.015059	
719000	-117268	1,2,2,3,4,5	70.952962	5.928080	5.135172	5.135172	6.051575	6.361388	5.728933	1,2,1,3,4,1	68.897934	0.280447	0.176363	0.216248	0.326943	0.397195	0.125150	0.291210	0.186444	0.280447	0.176363	0.216248	0.326943	0.500078	0.380641	0.086983	0.032298	0.343653	0.279296	0.326171	0.050880	0.280447	0.176363	0.216248	0.326943	1,2,3,1,4,5	72.505281	0.012284	0.098035	0.690346	0.051346	0.135073	0.012915	0.023898	0.112036	0.027915	0.108274	0.126523	0.601354	0.061081	0.265110	0.188377	0.202320	0.109426	0.173685	0.012284	0.098035	0.690346	0.051346	0.135073	0.012915	0.032092	0.394504	0.136683	0.077429	0.262519	0.096773	0.088318	0.232841	0.224419	0.059377	0.264479	0.130565	1,2,3,4,5,6	71.989902	0.231470	2.058686	0.707485	0.213299	0.910457	0.972332	
720000	-115353	1,2,3,3,4,5	70.869779	5.991173	5.867007	5.009730	5.009730	5.921101	5.701912	1,2,3,4,2,1	70.562231	0.358073	0.246912	0.058094	0.336921	0.210178	0.107281	0.462353	0.220188	0.103714	0.266177	0.177404	0.452705	0.699188	0.121941	0.097708	0.081164	0.210178	0.107281	0.462353	0.220188	0.358073	0.246912	0.058094	0.336921	1,2,3,4,3,2	70.162536	0.023827	0.059679	0.395820	0.350250	0.024672	0.145753	0.125486	0.120301	0.161914	0.119874	0.217104	0.255321	0.106177	0.486516	0.146758	0.114802	0.049944	0.095802	0.028236	0.095433	0.175813	0.162989	0.225087	0.312443	0.106177	0.486516	0.146758	0.114802	0.049944	0.095802	0.125486	0.120301	0.161914	0.119874	0.217104	0.255321	1,2,3,4,5,6	71.031724	0.283183	2.487032	0.767502	0.215764	1.180550	1.053552	
721000	-115842	1,2,3,3,4,5	71.299684	6.044465	5.447009	4.862686	4.862686	6.604619	6.195844	1,2,3,4,2,1	70.692531	0.355120	0.252858	0.096167	0.295854	0.372280	0.071141	0.423447	0.133131	0.062324	0.115875	0.336110	0.485691	0.583708	0.271469	0.081998	0.062824	0.372280	0.071141	0.423447	0.133131	0.355120	0.252858	0.096167	0.295854	1,2,3,4,5,6	71.793590	0.037613	0.160569	0.543266	0.219310	0.021609	0.017632	0.097143	0.215593	0.125907	0.233269	0.088573	0.239515	0.079518	0.236899	0.102608	0.296194	0.207508	0.077273	0.022275	0.099109	0.313607	0.255847	0.209187	0.099976	0.104246	0.391505	0.172772	0.149234	0.096851	0.085392	0.109941	0.088184	0.209882	0.226498	0.257299	0.108196	1,2,3,1,4,3	73.205381	0.323893	3.262715	0.791419	0.323893	1.026778	0.791419	
722000	-115696	1,2,3,4,4,5	74.717756	5.769478	5.433110	6.224101	5.485599	5.485599	5.981665	1,2,3,4,5,6	71.100298	0.414166	0.197331	0.061094	0.327408	0.332636	0.023515	0.563159	0.080690	0.169382	0.228837	0.252683	0.349098	0.477096	0.251815	0.043590	0.227499	0.461673	0.089787	0.254397	0.194143	0.177885	0.304398	0.085299	0.432417	1,2,3,4,3,5	69.689151	0.210196	0.118756	0.451190	0.118185	0.050980	0.050693	0.076084	0.083732	0.427261	0.095941	0.067672	0.249310	0.112598	0.409553	0.104336	0.219596	0.017686	0.136230	0.025869	0.106344	0.149331	0.219324	0.248166	0.250966	0.112598	0.409553	0.104336	0.219596	0.017686	0.136230	0.105048	0.345091	0.186697	0.096813	0.114165	0.152186	1,2,3,1,3,4	69.113143	0.284497	2.693184	0.917448	0.284497	0.917448	0.953971	
723000	-116881	1,2,3,1,4,1	71.693535	4.383496	5.618900	5.393748	4.383496	6.175661	4.383496	1,2,3,4,5,6	71.461415	0.283943	0.189006	0.371378	0.155673	0.096401	0.029750	0.573060	0.300790	0.346249	0.052980	0.325784	0.274987	0.492799	0.127976	0.342336	0.036889	0.313912	0.100411	0.464040	0.121637	0.474376	0.319787	0.058389	0.147448	1,2,2,1,3,4	70.083354	0.063971	0.014065	0.723588	0.071593	0.054802	0.071981	0.082340	0.305483	0.104671	0.249744	0.028665	0.229097	0.082340	0.305483	0.104671	0.249744	0.028665	0.229097	0.063971	0.014065	0.723588	0.071593	0.054802	0.071981	0.100668	0.419088	0.046616	0.180983	0.093400	0.159245	0.022587	0.117368	0.196667	0.147528	0.360666	0.155184	1,2,3,4,5,6	72.118794	0.202943	1.919655	0.661413	0.153308	0.893784	0.887430	
724000	-116227	1,2,3,4,5,6	71.139073	5.849846	5.972541	6.399158	5.731682	6.457148	6.305497	1,2,3,4,2,1	71.563424	0.353191	0.218682	0.127425	0.300702	0.392039	0.061170	0.382476	0.164314	0.263711	0.024800	0.290384	0.421105	0.682108	0.096022	0.127448	0.094421	0.392039	0.061170	0.382476	0.164314	0.353191	0.218682	0.127425	0.300702	1,2,3,4,5,4	70.389660	0.038177	0.207658	0.355673	0.196207	0.145472	0.056813	0.028318	0.102546	0.067844	0.160842	0.401631	0.238818	0.009816	0.079007	0.141554	0.215220	0.299819	0.254584	0.046466	0.015182	0.171880	0.118584	0.277409	0.370478	0.070597	0.254244	0.212268	0.287806	0.169742	0.005343	0.046466	0.015182	0.171880	0.118584	0.277409	0.370478	1,2,3,4,5,6	70.709616	0.420864	2.713499	0.701993	0.143713	1.041581	0.921843	
725000	-116289	1,2,2,3,4,5	72.865289	5.475546	5.588796	5.588796	5.339263	6.238697	6.386011	1,2,3,1,2,4	71.050814	0.552623	0.112542	0.087782	0.247053	0.259896	0.095475	0.375055	0.269575	0.272261	0.042687	0.263761	0.421291	0.552623	0.112542	0.087782	0.247053	0.259896	0.095475	0.375055	0.269575	0.342879	0.253410	0.087580	0.316132	1,2,2,3,4,5	71.470479	0.100966	0.012476	0.382625	0.128646	0.224180	0.151108	0.050206	0.120208	0.122064	0.307435	0.166571	0.233516	0.050206	0.120208	0.122064	0.307435	0.166571	0.233516	0.177852	0.089378	0.173300	0.224380	0.094359	0.240731	0.143373	0.420479	0.029179	0.186077	0.204446	0.016446	0.093563	0.027742	0.026742	0.212831	0.282528	0.356594	1,2,3,4,5,5	69.435660	0.315245	2.751828	0.672463	0.276423	1.124138	1.124138	
726000	-117049	1,2,3,3,4,5	72.958506	6.223751	5.700870	4.956945	4.956945	6.261258	5.968675	1,2,3,4,2,5	71.332464	0.394680	0.171283	0.113354	0.320683	0.301681	0.099790	0.463376	0.135153	0.470679	0.029811	0.078832	0.420678	0.599497	0.127288	0.108978	0.164237	0.301681	0.099790	0.463376	0.135153	0.350520	0.224206	0.092059	0.333215	1,2,3,4,5,6	71.814354	0.046665	0.200940	0.539949	0.190534	0.018159	0.003754	0.305709	0.194846	0.143557	0.017439	0.017032	0.321416	0.557348	0.104773	0.035459	0.109428	0.022604	0.170387	0.098701	0.044927	0.262682	0.092349	0.301712	0.199629	0.143982	0.329009	0.287334	0.093906	0.084421	0.061348	0.137331	0.191297	0.150992	0.059685	0.221184	0.239511	1,2,3,4,5,6	71.872805	0.240719	2.506616	0.950853	0.175892	0.905932	1.001741	
727000	-116081	1,2,3,4,5,6	71.276874	5.460447	5.914855	5.317322	5.186733	5.642382	5.892946	1,2,3,4,2,1	71.367993	0.317845	0.269623	0.069158	0.343374	0.225039	0.110296	0.510124	0.154540	0.199757	0.107389	0.147005	0.545849	0.798337	0.094343	0.021656	0.085664	0.225039	0.110296	0.510124	0.154540	0.317845	0.269623	0.069158	0.343374	1,2,2,3,2,3	71.488334	0.018694	0.084238	0.394260	0.252786	0.202533	0.047489	0.093783	0.343520	0.122688	0.212848	0.032389	0.194771	0.093783	0.343520	0.122688	0.212848	0.032389	0.194771	0.049051	0.150931	0.168373	0.108076	0.280633	0.242937	0.093783	0.343520	0.122688	0.212848	0.032389	0.194771	0.049051	0.150931	0.168373	0.108076	0.280633	0.242937	1,2,3,4,3,3	71.440162	0.339683	2.053059	0.926510	0.232119	0.926510	0.926510	
728000	-116640	1,2,3,1,4,5	71.655876	4.525066	4.977790	5.164608	4.525066	5.735599	6.423980	1,2,1,3,3,4	70.219880	0.275049	0.155534	0.214895	0.354523	0.107476	0.146797	0.454924	0.290804	0.275049	0.155534	0.214895	0.354523	0.475126	0.213389	0.253973	0.057511	0.475126	0.213389	0.253973	0.057511	0.150555	0.366870	0.207684	0.274891	1,2,2,3,4,5	70.619957	0.180590	0.028152	0.602955	0.060452	0.095875	0.031976	0.054608	0.311357	0.219732	0.094222	0.006401	0.313679	0.054608	0.311357	0.219732	0.094222	0.006401	0.313679	0.127522	0.046068	0.319893	0.100402	0.091114	0.315001	0.093526	0.401652	0.085010	0.264857	0.090850	0.064106	0.060853	0.024148	0.250702	0.215245	0.363942	0.085110	1,2,3,4,5,5	71.236716	0.278965	1.854963	0.741941	0.181668	0.801165	0.801165	
729000	-117022	1,2,3,4,5,6	71.228917	5.183684	5.732665	5.825969	5.218670	5.876431	6.084094	1,2,2,3,2,1	72.063777	0.327877	0.266437	0.075260	0.330426	0.251548	0.090164	0.443549	0.214739	0.251548	0.090164	0.443549	0.214739	0.455244	0.191744	0.168305	0.184707	0.251548	0.090164	0.443549	0.214739	0.327877	0.266437	0.075260	0.330426	1,2,1,3,1,3	72.827732	0.054639	0.285012	0.309590	0.196752	0.030195	0.123812	0.011220	0.205742	0.136905	0.183535	0.093995	0.368602	0.054639	0.285012	0.309590	0.196752	0.030195	0.123812	0.112695	0.039997	0.109623	0.074913	0.285350	0.377422	0.054639	0.285012	0.309590	0.196752	0.030195	0.123812	0.112695	0.039997	0.109623	0.074913	0.285350	0.377422	1,2,3,1,4,5	72.936744	0.303300	2.506252	0.654424	0.303300	1.024259	0.868503	
730000	-117496	1,2,2,2,3,1	70.974958	5.842707	4.999878	4.999878	4.999878	6.408462	5.842707	1,2,3,4,5,6	72.118897	0.406338	0.161382	0.055952	0.376327	0.037027	0.045256	0.802826	0.114892	0.185155	0.080590	0.363367	0.370888	0.405314	0.436172	0.139765	0.018748	0.326622	0.068338	0.377107	0.227933	0.314776	0.236429	0.090492	0.358303	1,2,3,1,4,5	71.339664	0.032312	0.050453	0.363851	0.338757	0.111322	0.103305	0.170392	0.248354	0.106775	0.106918	0.202491	0.165070	0.107029	0.092407	0.203775	0.233680	0.074751	0.288357	0.032312	0.050453	0.363851	0.338757	0.111322	0.103305	0.241467	0.215098	0.098938	0.104596	0.212156	0.127744	0.114872	0.036545	0.193466	0.217652	0.213754	0.223711	1,2,3,4,3,5	72.029649	0.249588	2.492073	0.799125	0.179332	0.799125	0.978047	
731000	-116762	1,2,3,4,5,6	70.494580	4.915312	5.520485	6.632139	4.564405	6.203855	5.804283	1,2,3,4,2,1	73.348897	0.219360	0.226404	0.244060	0.310176	0.246585	0.110327	0.580969	0.062119	0.159367	0.047674	0.317228	0.475730	0.675035	0.097988	0.162491	0.064485	0.246585	0.110327	0.580969	0.062119	0.219360	0.226404	0.244060	0.310176	1,2,3,4,5,1	70.416479	0.118930	0.011491	0.501974	0.090451	0.187065	0.090090	0.029112	0.121238	0.183771	0.302418	0.080421	0.283041	0.009166	0.240582	0.042260	0.525671	0.073756	0.108565	0.112872	0.073273	0.546764	0.045535	0.214300	0.007256	0.145623	0.205352	0.231544	0.251979	0.087306	0.078195	0.118930	0.011491	0.501974	0.090451	0.187065	0.090090	1,2,3,4,5,6	71.807359	0.253637	4.875025	0.769858	0.311491	0.773657	0.914953	
732000	-116246	1,2,3,4,5,6	71.285763	6.133597	5.899220	5.989082	5.351264	6.434187	5.935694	1,2,3,4,5,6	70.782695	0.398269	0.201874	0.052571	0.347286	0.300444	0.056607	0.486929	0.156020	0.286161	0.050095	0.353322	0.310422	0.538420	0.131969	0.083079	0.246532	0.450678	0.074735	0.416973	0.057615	0.337088	0.227446	0.062062	0.373404	1,2,3,1,4,3	72.488820	0.068629	0.050069	0.134237	0.413705	0.072648	0.260712	0.170920	0.116818	0.190519	0.190214	0.105104	0.226426	0.231266	0.195911	0.104640	0.130205	0.179728	0.158250	0.068629	0.050069	0.134237	0.413705	0.072648	0.260712	0.299372	0.193504	0.174027	0.146696	0.171759	0.014643	0.231266	0.195911	0.104640	0.130205	0.179728	0.158250	1,2,3,4,5,6	72.627876	0.329646	2.033377	0.664606	0.263133	0.761371	0.856004	
733000	-116712	1,2,3,4,5,6	69.803214	4.891732	6.700193	5.378731	5.098137	6.936691	5.764996	1,2,3,4,5,3	70.995286	0.465302	0.153596	0.135813	0.245289	0.351601	0.090370	0.433593	0.124436	0.213371	0.183568	0.142649	0.460412	0.433045	0.222169	0.075255	0.269531	0.448156	0.101146	0.369265	0.081433	0.213371	0.183568	0.142649	0.460412	1,2,3,4,3,5	70.694199	0.073007	0.015153	0.238906	0.566753	0.056904	0.049277	0.015895	0.041553	0.217766	0.028451	0.441119	0.255216	0.205363	0.304526	0.048084	0.129609	0.009982	0.302435	0.046518	0.200416	0.263926	0.154430	0.257506	0.077204	0.205363	0.304526	0.048084	0.129609	0.009982	0.302435	0.239751	0.101622	0.105145	0.047415	0.310772	0.195295	1,2,3,4,5,5	71.895454	0.313352	4.399134	0.868833	0.126634	0.943925	0.943925	
734000	-115317	1,2,3,4,5,6	71.306379	5.572498	5.548586	5.627622	5.900417	6.622091	5.605607	1,2,3,4,2,5	70.332271	0.549986	0.122920	0.091072	0.236022	0.428071	0.099566	0.341333	0.131030	0.242056	0.057823	0.266083	0.434039	0.609166	0.201821	0.080216	0.108796	0.428071	0.099566	0.341333	0.131030	0.091784	0.277957	0.221468	0.408792	1,2,3,2,4,5	71.692145	0.097598	0.038633	0.253366	0.438266	0.054984	0.117152	0.021248	0.064815	0.150432	0.258290	0.148977	0.356239	0.098017	0.282834	0.141907	0.195371	0.112945	0.168927	0.021248	0.064815	0.150432	0.258290	0.148977	0.356239	0.341308	0.349928	0.124033	0.133502	0.040267	0.010963	0.118174	0.101587	0.365396	0.029390	0.156376	0.229078	1,2,3,4,5,6	72.289517	0.440635	1.988306	0.649993	0.404229	0.968594	0.886729	
735000	-117256	1,2,3,4,5,6	72.194759	6.427908	5.902026	5.837787	5.327663	5.671563	5.232596	1,2,3,4,5,1	72.563734	0.479284	0.093568	0.059752	0.367396	0.139924	0.107706	0.513274	0.239096	0.267799	0.028279	0.277885	0.426037	0.535186	0.157977	0.074173	0.232664	0.295571	0.047307	0.345588	0.311534	0.479284	0.093568	0.059752	0.367396	1,2,3,3,4,5	71.120864	0.036288	0.114076	0.283027	0.383400	0.061840	0.121369	0.209197	0.161266	0.077583	0.084285	0.229725	0.237944	0.086082	0.091178	0.047605	0.655423	0.077077	0.042634	0.086082	0.091178	0.047605	0.655423	0.077077	0.042634	0.303803	0.160926	0.173870	0.245032	0.029984	0.086385	0.124647	0.061398	0.145326	0.020406	0.509170	0.139052	1,2,3,1,4,4	71.347267	0.273655	2.412144	0.462729	0.273655	1.150719	1.150719	
736000	-116445	1,2,3,4,5,6	70.762815	5.750402	5.480869	6.474445	5.008381	6.688458	5.418746	1,2,3,1,2,1	71.456932	0.434907	0.135430	0.118616	0.311048	0.238993	0.113820	0.532907	0.114280	0.189445	0.103154	0.372943	0.334458	0.434907	0.135430	0.118616	0.311048	0.238993	0.113820	0.532907	0.114280	0.434907	0.135430	0.118616	0.311048	1,2,3,4,5,6	71.753085	0.141434	0.034088	0.483373	0.037576	0.205871	0.097658	0.178707	0.290028	0.156184	0.061241	0.019620	0.294221	0.165636	0.279474	0.112266	0.295246	0.055941	0.091437	0.070277	0.118224	0.093315	0.401667	0.022953	0.293563	0.278486	0.295446	0.036044	0.235831	0.150803	0.003390	0.070993	0.097680	0.207904	0.161543	0.330342	0.131537	1,2,3,4,5,6	71.169702	0.156720	2.485751	0.869398	0.166494	0.994392	0.958261	
737000	-116284	1,2,3,1,4,5	71.055747	5.101297	5.340932	5.959463	5.101297	5.840815	5.998109	1,2,3,4,5,1	70.133479	0.338841	0.304333	0.042389	0.314437	0.180754	0.013748	0.391845	0.413653	0.201084	0.118444	0.259764	0.420708	0.356465	0.409016	0.175882	0.058636	0.346547	0.169170	0.279937	0.204346	0.338841	0.304333	0.042389	0.314437	1,2,2,3,4,3	70.272383	0.081701	0.111951	0.437008	0.018176	0.069369	0.281795	0.134948	0.214228	0.111239	0.326538	0.046750	0.166297	0.134948	0.214228	0.111239	0.326538	0.046750	0.166297	0.102316	0.153162	0.174966	0.143110	0.325107	0.101338	0.048321	0.418229	0.027453	0.269449	0.169259	0.067289	0.102316	0.153162	0.174966	0.143110	0.325107	0.101338	1,2,3,1,4,5	72.058124	0.245662	2.058208	0.925116	0.245662	0.986019	1.031080	
738000	-117092	1,2,3,3,4,5	70.596440	5.213941	5.541497	4.373474	4.373474	5.518382	5.760401	1,2,3,4,5,6	70.025546	0.498862	0.208189	0.080076	0.212873	0.439450	0.064770	0.380815	0.114965	0.330724	0.270749	0.085383	0.313144	0.563125	0.288752	0.087777	0.060346	0.198335	0.221769	0.427634	0.152262	0.152010	0.223774	0.162008	0.462207	1,2,2,2,3,1	72.568537	0.101492	0.108435	0.333195	0.155083	0.181608	0.120188	0.045608	0.096741	0.070596	0.188368	0.124455	0.474232	0.045608	0.096741	0.070596	0.188368	0.124455	0.474232	0.045608	0.096741	0.070596	0.188368	0.124455	0.474232	0.161161	0.472428	0.215304	0.049608	0.065136	0.036364	0.101492	0.108435	0.333195	0.155083	0.181608	0.120188	1,2,3,4,5,5	72.651958	0.303276	2.086533	0.835648	0.159733	0.988498	0.988498	
739000	-117317	1,2,3,1,4,5	71.127453	4.513771	5.369519	5.992680	4.513771	6.260948	6.344210	1,2,3,4,2,3	71.712929	0.423619	0.092686	0.245588	0.238106	0.377110	0.130306	0.298704	0.193880	0.270357	0.168345	0.167577	0.393722	0.376428	0.274237	0.248021	0.101314	0.377110	0.130306	0.298704	0.193880	0.270357	0.168345	0.167577	0.393722	1,2,3,4,3,5	71.407463	0.157211	0.011518	0.282396	0.280994	0.201357	0.066523	0.086947	0.126215	0.237221	0.144953	0.135325	0.269339	0.156886	0.293533	0.064026	0.336795	0.011190	0.137570	0.108505	0.173119	0.142608	0.350016	0.059193	0.166558	0.156886	0.293533	0.064026	0.336795	0.011190	0.137570	0.130609	0.066076	0.306985	0.149389	0.295106	0.051836	1,2,3,4,5,6	71.883610	0.247285	1.467839	0.882217	0.239626	1.130051	0.971505	
740000	-115813	1,2,3,4,5,6	71.409099	5.873379	5.785415	5.896944	5.372113	5.677803	5.881655	1,2,3,1,2,4	70.065791	0.409806	0.176231	0.070877	0.343086	0.283281	0.035598	0.548070	0.133051	0.137715	0.072407	0.333068	0.456810	0.409806	0.176231	0.070877	0.343086	0.283281	0.035598	0.548070	0.133051	0.230256	0.149929	0.137911	0.481904	1,2,3,2,4,3	70.986686	0.181770	0.046429	0.442293	0.145561	0.054318	0.129629	0.159274	0.108275	0.096682	0.253628	0.088981	0.293160	0.137522	0.137132	0.136333	0.107112	0.356552	0.125349	0.159274	0.108275	0.096682	0.253628	0.088981	0.293160	0.572630	0.119429	0.079739	0.148767	0.059475	0.019960	0.137522	0.137132	0.136333	0.107112	0.356552	0.125349	1,2,3,4,5,5	70.326688	0.283133	4.284252	0.850372	0.246802	1.027282	1.027282	
741000	-118233	1,2,2,3,4,5	70.450391	5.513080	4.443421	4.443421	6.351858	6.126033	5.978113	1,2,2,3,2,1	70.636524	0.321913	0.162554	0.100779	0.414754	0.272682	0.218584	0.226314	0.282419	0.272682	0.218584	0.226314	0.282419	0.709155	0.115219	0.082288	0.093337	0.272682	0.218584	0.226314	0.282419	0.321913	0.162554	0.100779	0.414754	1,2,2,1,3,4	71.261823	0.080027	0.100024	0.490984	0.110991	0.125887	0.092086	0.001275	0.222981	0.251231	0.227477	0.043933	0.253102	0.001275	0.222981	0.251231	0.227477	0.043933	0.253102	0.080027	0.100024	0.490984	0.110991	0.125887	0.092086	0.055772	0.437418	0.002869	0.096715	0.334520	0.072706	0.062866	0.103395	0.102551	0.251766	0.402544	0.076878	1,2,3,1,4,5	70.642730	0.299315	2.877061	0.790773	0.299315	1.069846	0.905751	
742000	-116153	1,2,3,4,5,6	72.081551	5.559801	5.522828	5.532457	6.238100	5.729547	6.250378	1,2,3,4,3,1	70.993391	0.300004	0.141698	0.078006	0.480291	0.140202	0.029804	0.542770	0.287224	0.252099	0.129050	0.370132	0.248718	0.522206	0.337927	0.025042	0.114826	0.252099	0.129050	0.370132	0.248718	0.300004	0.141698	0.078006	0.480291	1,2,2,3,4,5	71.779741	0.039005	0.079492	0.244229	0.457726	0.062662	0.116886	0.080478	0.173820	0.218524	0.280302	0.082020	0.164856	0.080478	0.173820	0.218524	0.280302	0.082020	0.164856	0.043743	0.072479	0.436581	0.059047	0.247621	0.140529	0.207337	0.423030	0.056470	0.195430	0.057294	0.060439	0.049089	0.102227	0.252433	0.116248	0.401682	0.078320	1,2,3,4,5,6	71.173914	0.304140	1.977154	0.700963	0.172390	0.834930	0.863839	
743000	-115982	1,2,3,4,5,6	71.276794	6.281331	5.363920	5.450557	5.026994	5.682768	6.004775	1,2,3,4,2,5	71.115112	0.425470	0.307740	0.044619	0.222171	0.197914	0.182421	0.486104	0.133562	0.304689	0.092107	0.310630	0.292574	0.396564	0.474025	0.060803	0.068608	0.197914	0.182421	0.486104	0.133562	0.167285	0.318811	0.183350	0.330554	1,2,3,3,4,5	70.645969	0.057398	0.007641	0.590537	0.043517	0.146014	0.154892	0.062272	0.120647	0.185530	0.123651	0.189316	0.318584	0.038359	0.209555	0.188390	0.283952	0.109788	0.169956	0.038359	0.209555	0.188390	0.283952	0.109788	0.169956	0.323589	0.392026	0.116813	0.055204	0.071258	0.041111	0.241003	0.108259	0.222210	0.004288	0.245332	0.178908	1,2,3,1,4,4	71.326737	0.246356	1.616244	0.819573	0.246356	0.998646	0.998646	
744000	-115293	1,2,3,1,4,5	71.585165	5.130672	5.695777	6.024355	5.130672	6.839461	5.977628	1,2,3,1,2,4	72.188074	0.588993	0.160180	0.071056	0.179772	0.380919	0.092173	0.435209	0.091699	0.136690	0.092654	0.221507	0.549149	0.588993	0.160180	0.071056	0.179772	0.380919	0.092173	0.435209	0.091699	0.306431	0.147734	0.069991	0.475843	1,2,3,4,4,5	70.278431	0.028273	0.058197	0.447818	0.067726	0.050631	0.347355	0.027681	0.037569	0.100522	0.056430	0.455227	0.322571	0.131983	0.365717	0.083796	0.221734	0.002222	0.194547	0.116756	0.324118	0.094724	0.250701	0.190761	0.022940	0.116756	0.324118	0.094724	0.250701	0.190761	0.022940	0.124868	0.162235	0.141944	0.223289	0.270141	0.077523	1,2,3,1,4,3	71.108773	0.268339	3.110751	1.004073	0.268339	0.883102	1.004073	
745000	-116381	1,2,3,1,4,5	70.059674	4.247465	5.546575	5.360659	4.247465	6.598806	6.612575	1,2,3,4,5,1	69.513258	0.402013	0.209858	0.127323	0.260806	0.293975	0.057686	0.544193	0.104146	0.172370	0.108572	0.491359	0.227699	0.305472	0.421649	0.074748	0.198131	0.362020	0.254736	0.323219	0.060025	0.402013	0.209858	0.127323	0.260806	1,2,3,3,4,5	71.941889	0.146709	0.142930	0.456982	0.144473	0.033937	0.074968	0.045777	0.117910	0.066470	0.264046	0.109439	0.396358	0.048089	0.192488	0.311654	0.173525	0.069945	0.204298	0.048089	0.192488	0.311654	0.173525	0.069945	0.204298	0.208423	0.411534	0.084066	0.105823	0.039715	0.150439	0.046781	0.076660	0.099627	0.179663	0.357102	0.240166	1,2,3,4,5,6	71.500496	0.434589	1.341913	0.714306	0.263785	0.904527	0.946792	
746000	-116798	1,2,3,4,5,6	73.498952	5.216825	5.651112	5.179530	5.050801	5.970587	5.765330	1,2,3,1,3,4	71.902662	0.551141	0.162060	0.091868	0.194930	0.110284	0.096938	0.471974	0.320804	0.173064	0.173729	0.346132	0.307075	0.551141	0.162060	0.091868	0.194930	0.173064	0.173729	0.346132	0.307075	0.367434	0.195790	0.142953	0.293823	1,2,2,3,4,3	71.218128	0.123524	0.131766	0.454118	0.060980	0.223768	0.005844	0.034309	0.184888	0.153701	0.216002	0.156848	0.254252	0.034309	0.184888	0.153701	0.216002	0.156848	0.254252	0.087874	0.075627	0.145414	0.170895	0.262857	0.257332	0.056103	0.527141	0.100431	0.222993	0.037674	0.055658	0.087874	0.075627	0.145414	0.170895	0.262857	0.257332	1,2,3,1,4,4	71.672873	0.251513	2.856567	0.715189	0.251513	1.002885	1.002885	
747000	-116146	1,1,2,1,3,4	70.428265	4.951641	4.951641	5.983874	4.951641	5.814418	5.781798	1,2,3,4,2,5	72.121580	0.319323	0.287445	0.073441	0.319792	0.319288	0.140279	0.448993	0.091440	0.046617	0.138805	0.297169	0.517409	0.740450	0.192277	0.015114	0.052160	0.319288	0.140279	0.448993	0.091440	0.264229	0.192713	0.046991	0.496067	1,2,3,4,5,6	72.184879	0.011827	0.026368	0.354242	0.334406	0.049646	0.223512	0.092843	0.252112	0.048873	0.061174	0.134451	0.410546	0.083062	0.233154	0.153985	0.300618	0.154991	0.074189	0.011870	0.033755	0.308198	0.194868	0.189571	0.261738	0.087939	0.299174	0.129258	0.148931	0.179362	0.155337	0.148227	0.180461	0.131633	0.146990	0.231686	0.161003	1,2,3,4,5,6	70.914069	0.254741	2.972696	0.936400	0.227084	1.005445	0.996866	
748000	-119314	1,1,2,3,4,4	73.012868	4.385605	4.385605	5.006792	4.865265	5.464112	5.464112	1,2,1,3,4,1	72.367451	0.272318	0.107573	0.188915	0.431194	0.660398	0.028726	0.116187	0.194689	0.272318	0.107573	0.188915	0.431194	0.510329	0.221618	0.110003	0.158049	0.363008	0.027902	0.388323	0.220767	0.272318	0.107573	0.188915	0.431194	1,2,3,3,4,2	70.303363	0.330125	0.026182	0.262557	0.088240	0.092861	0.200034	0.211728	0.048201	0.074800	0.153428	0.374956	0.136887	0.047282	0.227497	0.114582	0.293739	0.107901	0.209000	0.047282	0.227497	0.114582	0.293739	0.107901	0.209000	0.168949	0.164505	0.074985	0.324875	0.201681	0.065005	0.211728	0.048201	0.074800	0.153428	0.374956	0.136887	1,2,3,1,4,5	70.518884	0.314547	1.840031	0.875278	0.314547	0.787345	1.145247	
749000	-117974	1,2,3,2,4,5	70.721792	5.688672	4.680641	5.913325	4.680641	6.207917	6.244794	1,2,2,3,4,1	71.470866	0.384483	0.162859	0.124135	0.328523	0.129228	0.049712	0.291680	0.529380	0.129228	0.049712	0.291680	0.529380	0.617322	0.143731	0.181922	0.057026	0.535978	0.155659	0.264250	0.044113	0.384483	0.162859	0.124135	0.328523	1,2,3,4,5,6	71.837608	0.214590	0.059656	0.202644	0.273443	0.200122	0.049545	0.061964	0.301767	0.272564	0.071435	0.058436	0.233835	0.086624	0.178888	0.110391	0.369475	0.118582	0.136041	0.042499	0.022106	0.286826	0.351589	0.056693	0.240288	0.137328	0.229426	0.032416	0.358876	0.137127	0.104826	0.054310	0.272495	0.256211	0.028461	0.275809	0.112713	1,2,3,4,5,6	71.035851	0.337325	2.436253	0.806215	0.116997	1.136928	1.007233	
750000	-116452	1,2,3,4,5,6	69.919883	5.983092	5.400890	5.207734	4.892086	6.380677	6.159934	1,2,3,4,4,3	71.191007	0.420953	0.109327	0.037756	0.431963	0.242523	0.142085	0.536096	0.079296	0.156304	0.259879	0.170688	0.413130	0.327899	0.172716	0.372933	0.126452	0.327899	0.172716	0.372933	0.126452	0.156304	0.259879	0.170688	0.413130	1,2,3,4,3,1	71.239458	0.133917	0.057364	0.441257	0.110030	0.166852	0.090580	0.118282	0.129915	0.264116	0.173116	0.001227	0.313345	0.138379	0.397683	0.178337	0.156765	0.033719	0.095116	0.149187	0.035252	0.197415	0.005505	0.313490	0.299151	0.138379	0.397683	0.178337	0.156765	0.033719	0.095116	0.133917	0.057364	0.441257	0.110030	0.166852	0.090580	1,2,3,1,4,3	69.750077	0.310680	3.413463	0.823320	0.310680	1.107565	0.823320	
751000	-115896	1,2,3,3,4,5	73.106281	5.843166	6.162379	5.269769	5.269769	6.571335	6.003010	1,2,3,4,5,6	69.879408	0.576609	0.125799	0.018344	0.279248	0.233359	0.017633	0.649964	0.099044	0.106701	0.067751	0.176274	0.649274	0.398808	0.261448	0.095230	0.244514	0.410936	0.064378	0.493260	0.031427	0.284658	0.107060	0.074293	0.533989	1,2,3,4,4,2	71.941014	0.028891	0.320336	0.323929	0.123518	0.082147	0.121179	0.041987	0.052672	0.059620	0.358905	0.329047	0.157768	0.193992	0.173291	0.034096	0.513763	0.026416	0.058443	0.099872	0.359937	0.146519	0.314682	0.068353	0.010636	0.099872	0.359937	0.146519	0.314682	0.068353	0.010636	0.041987	0.052672	0.059620	0.358905	0.329047	0.157768	1,2,3,4,5,6	72.418866	0.304073	2.091617	0.874620	0.245992	0.978706	0.986752	
752000	-116138	1,2,3,4,5,6	71.575098	6.396063	5.555430	5.234326	5.546503	6.028382	5.890635	1,2,3,4,2,3	71.515831	0.423478	0.132720	0.115959	0.327843	0.294689	0.092386	0.387844	0.225082	0.205410	0.162414	0.125789	0.506388	0.278050	0.318573	0.266300	0.137078	0.294689	0.092386	0.387844	0.225082	0.205410	0.162414	0.125789	0.506388	1,2,3,4,5,6	71.051713	0.108413	0.082084	0.292320	0.364354	0.055450	0.097378	0.011343	0.168107	0.176302	0.168215	0.131913	0.344120	0.009020	0.333039	0.192237	0.211029	0.062152	0.192523	0.092211	0.049877	0.137544	0.085077	0.084555	0.550736	0.121379	0.293020	0.162225	0.211531	0.175191	0.036653	0.232510	0.086471	0.146880	0.051117	0.435555	0.047467	1,2,3,4,5,5	70.866072	0.357751	2.412847	0.975447	0.209098	1.014695	1.014695	
753000	-117960	1,2,3,4,5,4	72.976930	5.435608	6.301464	5.617321	4.772231	5.957075	4.772231	1,2,3,1,4,1	72.413542	0.539471	0.169892	0.052525	0.238112	0.194430	0.113501	0.554259	0.137811	0.342326	0.021589	0.442851	0.193234	0.539471	0.169892	0.052525	0.238112	0.514073	0.040750	0.287097	0.158080	0.539471	0.169892	0.052525	0.238112	1,2,3,3,4,5	70.607431	0.069032	0.035086	0.381079	0.058735	0.034769	0.421299	0.063769	0.086623	0.312757	0.028482	0.092495	0.415873	0.062607	0.189428	0.121709	0.408781	0.081228	0.136248	0.062607	0.189428	0.121709	0.408781	0.081228	0.136248	0.126137	0.154129	0.145237	0.248811	0.197012	0.128674	0.182876	0.088398	0.176235	0.036400	0.256432	0.259659	1,2,3,1,4,5	70.491383	0.252856	2.475724	0.830870	0.252856	0.865795	0.847536	
754000	-116534	1,2,3,3,4,5	70.453235	5.347831	5.486756	5.053405	5.053405	6.713383	6.046398	1,2,3,1,2,1	71.775251	0.375494	0.166397	0.080864	0.377245	0.288726	0.077187	0.561722	0.072364	0.248297	0.203735	0.115062	0.432906	0.375494	0.166397	0.080864	0.377245	0.288726	0.077187	0.561722	0.072364	0.375494	0.166397	0.080864	0.377245	1,2,3,4,5,2	71.548055	0.182588	0.064591	0.269988	0.246289	0.018571	0.217973	0.063685	0.047286	0.150479	0.143906	0.246840	0.347804	0.006257	0.228103	0.119275	0.107188	0.086307	0.452870	0.027068	0.212443	0.033023	0.286936	0.087803	0.352727	0.334506	0.271310	0.094275	0.096809	0.108434	0.094667	0.063685	0.047286	0.150479	0.143906	0.246840	0.347804	1,2,3,4,5,5	71.035448	0.276446	2.864066	1.087224	0.177580	0.987110	0.987110	
755000	-116286	1,2,3,4,5,6	73.070759	5.665612	4.982698	5.722132	5.759321	6.454764	5.764048	1,2,2,3,4,1	71.506146	0.344496	0.175996	0.110477	0.369031	0.110756	0.035973	0.351910	0.501361	0.110756	0.035973	0.351910	0.501361	0.439416	0.361624	0.149210	0.049750	0.466397	0.167967	0.268868	0.096768	0.344496	0.175996	0.110477	0.369031	1,2,2,3,4,5	71.517816	0.038948	0.068357	0.412459	0.270827	0.124975	0.084434	0.156936	0.236893	0.129374	0.278058	0.066233	0.132506	0.156936	0.236893	0.129374	0.278058	0.066233	0.132506	0.010348	0.029824	0.563857	0.094815	0.130155	0.171001	0.081457	0.312351	0.277863	0.203029	0.019486	0.105815	0.227305	0.096643	0.197311	0.139719	0.125485	0.213538	1,2,3,4,5,6	71.862710	0.319928	2.139482	0.803914	0.183338	1.213082	0.834172	
756000	-118254	1,2,3,4,5,6	71.977884	6.645147	5.036817	5.517562	5.498146	6.256697	5.114644	1,2,2,3,2,1	70.464644	0.487435	0.133944	0.065452	0.313170	0.375669	0.050040	0.278539	0.295752	0.375669	0.050040	0.278539	0.295752	0.270068	0.388184	0.154453	0.187295	0.375669	0.050040	0.278539	0.295752	0.487435	0.133944	0.065452	0.313170	1,2,2,1,3,4	70.450476	0.053677	0.033590	0.480332	0.232939	0.098394	0.101068	0.000109	0.107667	0.099699	0.550102	0.071842	0.170581	0.000109	0.107667	0.099699	0.550102	0.071842	0.170581	0.053677	0.033590	0.480332	0.232939	0.098394	0.101068	0.215189	0.358356	0.203548	0.097766	0.098096	0.027044	0.045068	0.256037	0.045662	0.262133	0.338137	0.052964	1,2,3,4,5,5	71.105631	0.258502	2.101200	0.631520	0.205831	1.013886	1.013886	
757000	-116460	1,2,3,2,4,5	70.594594	5.450777	5.168814	5.532790	5.168814	6.258479	6.126043	1,2,3,4,4,5	70.936583	0.418077	0.242891	0.150551	0.188481	0.319153	0.073868	0.493449	0.113530	0.222172	0.028126	0.481504	0.268198	0.408737	0.136523	0.366543	0.088197	0.408737	0.136523	0.366543	0.088197	0.207196	0.202204	0.064794	0.525806	1,2,3,1,3,4	71.442722	0.148581	0.060908	0.569501	0.078433	0.058964	0.083614	0.028753	0.149599	0.109923	0.063963	0.305556	0.342206	0.289735	0.357624	0.060913	0.090078	0.138018	0.063632	0.148581	0.060908	0.569501	0.078433	0.058964	0.083614	0.289735	0.357624	0.060913	0.090078	0.138018	0.063632	0.157591	0.049179	0.262334	0.082188	0.289221	0.159487	1,2,3,4,5,5	70.125359	0.302316	1.404725	0.926939	0.162454	1.011346	1.011346	
758000	-116909	1,2,1,3,4,5	70.428213	5.192571	5.447615	5.192571	6.342055	6.565721	6.286526	1,2,1,3,2,1	71.848471	0.244735	0.130861	0.168147	0.456258	0.325617	0.094336	0.488872	0.091174	0.244735	0.130861	0.168147	0.456258	0.570996	0.219794	0.066843	0.142367	0.325617	0.094336	0.488872	0.091174	0.244735	0.130861	0.168147	0.456258	1,2,2,3,4,5	71.539369	0.275287	0.028890	0.242712	0.314211	0.123813	0.015087	0.062071	0.101371	0.278495	0.139455	0.035115	0.383493	0.062071	0.101371	0.278495	0.139455	0.035115	0.383493	0.045452	0.052721	0.289149	0.022181	0.515543	0.074953	0.337836	0.240107	0.133834	0.189662	0.037831	0.060729	0.128047	0.282702	0.107027	0.062878	0.195076	0.224271	1,2,3,4,5,6	72.373617	0.330138	3.112296	0.736684	0.294881	1.075556	1.008711	
759000	-115889	1,2,3,4,5,6	72.674382	5.382392	5.888068	5.573083	5.197633	4.796613	6.035136	1,2,3,1,2,4	73.495601	0.508446	0.202302	0.072574	0.216678	0.158760	0.064483	0.621125	0.155632	0.118383	0.022783	0.272066	0.586768	0.508446	0.202302	0.072574	0.216678	0.158760	0.064483	0.621125	0.155632	0.345678	0.171586	0.146283	0.336452	1,2,3,4,3,4	70.311368	0.015516	0.021505	0.332301	0.232117	0.223529	0.175031	0.026236	0.215884	0.153057	0.076525	0.204229	0.324069	0.254488	0.208830	0.121020	0.282297	0.094190	0.039175	0.051416	0.141445	0.143994	0.247116	0.199599	0.216430	0.254488	0.208830	0.121020	0.282297	0.094190	0.039175	0.051416	0.141445	0.143994	0.247116	0.199599	0.216430	1,2,3,4,5,5	71.244538	0.273837	1.457796	0.760096	0.194287	1.102527	1.102527	
760000	-118245	1,2,3,1,4,5	71.957491	5.283238	6.502695	5.514782	5.283238	6.040725	5.909722	1,2,3,4,2,5	71.952441	0.277573	0.250405	0.030472	0.441551	0.402911	0.093824	0.321497	0.181768	0.135627	0.053980	0.298380	0.512014	0.328132	0.164569	0.135908	0.371390	0.402911	0.093824	0.321497	0.181768	0.324378	0.300825	0.037338	0.337459	1,2,1,1,3,4	70.620163	0.040244	0.186043	0.151879	0.374037	0.068118	0.179678	0.000468	0.073168	0.108557	0.095074	0.326679	0.396054	0.040244	0.186043	0.151879	0.374037	0.068118	0.179678	0.040244	0.186043	0.151879	0.374037	0.068118	0.179678	0.308585	0.406077	0.158923	0.001262	0.075973	0.049181	0.012970	0.036329	0.201931	0.257125	0.280953	0.210692	1,2,3,4,5,5	71.689540	0.256765	1.924658	0.681223	0.192210	0.819565	0.819565	
761000	-115715	1,2,3,3,4,5	70.815261	5.615230	6.146467	4.951946	4.951946	6.743606	6.418241	1,2,3,4,5,6	72.363119	0.470540	0.211558	0.039590	0.278311	0.131267	0.120417	0.611884	0.136432	0.285006	0.039670	0.262245	0.413079	0.457943	0.231652	0.092737	0.217667	0.241068	0.328382	0.234518	0.196032	0.207043	0.366264	0.088822	0.337870	1,2,3,4,5,6	72.207573	0.140432	0.063065	0.545467	0.215011	0.021150	0.014876	0.035252	0.152629	0.149631	0.227908	0.050314	0.384266	0.209257	0.326911	0.086326	0.149579	0.003658	0.224268	0.097413	0.275465	0.068686	0.422084	0.128731	0.007621	0.159994	0.532721	0.106471	0.108324	0.034433	0.058057	0.161055	0.123421	0.104502	0.181529	0.160970	0.268522	1,2,3,1,4,5	72.269804	0.252583	1.629224	0.565984	0.252583	1.213461	0.897093	
762000	-116355	1,2,3,4,5,6	70.737091	5.075057	6.628910	6.407587	4.911354	6.497232	5.861744	1,2,3,1,4,1	73.075835	0.415980	0.280215	0.059242	0.244562	0.395419	0.018350	0.475350	0.110881	0.239808	0.120439	0.401210	0.238543	0.415980	0.280215	0.059242	0.244562	0.335309	0.082145	0.513834	0.068711	0.415980	0.280215	0.059242	0.244562	1,2,3,4,5,6	70.937533	0.015721	0.034204	0.578837	0.007034	0.097397	0.266806	0.064498	0.026847	0.211041	0.407977	0.074262	0.215375	0.113569	0.156894	0.319331	0.165649	0.046801	0.197757	0.079173	0.318675	0.167917	0.210429	0.149863	0.073943	0.111602	0.475410	0.069263	0.201311	0.126002	0.016412	0.062166	0.155764	0.108480	0.172517	0.229777	0.271296	1,2,3,4,5,6	71.450749	0.287812	3.595455	0.726091	0.142719	0.705930	1.164717	
763000	-116149	1,2,3,4,5,6	71.647139	5.271716	5.251446	5.427043	5.814916	6.105935	5.905611	1,2,2,3,4,5	72.353663	0.463765	0.152595	0.063902	0.319738	0.114319	0.076413	0.451266	0.358001	0.114319	0.076413	0.451266	0.358001	0.455340	0.392512	0.134380	0.017769	0.345949	0.199615	0.278701	0.175735	0.269922	0.199142	0.065164	0.465772	1,2,2,3,2,4	70.844940	0.064943	0.180991	0.642816	0.075258	0.011475	0.024517	0.125353	0.285734	0.166429	0.265919	0.072686	0.083878	0.125353	0.285734	0.166429	0.265919	0.072686	0.083878	0.016593	0.016095	0.395416	0.049186	0.324272	0.198438	0.125353	0.285734	0.166429	0.265919	0.072686	0.083878	0.188528	0.072119	0.160269	0.059283	0.269505	0.250296	1,2,3,4,5,6	70.847372	0.298909	1.619391	0.794328	0.212749	1.143799	1.145426	
764000	-117085	1,2,3,4,5,6	70.818285	5.553737	6.446115	6.247336	5.226840	7.032541	5.568440	1,2,3,4,2,1	72.896030	0.332048	0.303926	0.101601	0.262425	0.272258	0.139338	0.476588	0.111817	0.217381	0.050098	0.232281	0.500241	0.437924	0.225138	0.143377	0.193561	0.272258	0.139338	0.476588	0.111817	0.332048	0.303926	0.101601	0.262425	1,2,3,2,4,2	70.694022	0.041633	0.160357	0.321906	0.078861	0.358633	0.038611	0.046999	0.083426	0.174426	0.211484	0.346778	0.136888	0.278491	0.254891	0.064189	0.282264	0.015029	0.105135	0.046999	0.083426	0.174426	0.211484	0.346778	0.136888	0.038119	0.362651	0.109843	0.402537	0.054510	0.032340	0.046999	0.083426	0.174426	0.211484	0.346778	0.136888	1,2,3,4,5,6	72.837675	0.337194	2.909809	0.913481	0.254879	1.064792	0.931950	
765000	-116529	1,2,3,2,4,5	70.446572	5.920443	5.319534	5.411193	5.319534	6.500689	6.237743	1,2,3,4,5,6	70.467165	0.332043	0.299707	0.126877	0.241372	0.126547	0.098756	0.662415	0.112282	0.242282	0.067631	0.378980	0.311107	0.702884	0.102726	0.175692	0.018698	0.414098	0.309636	0.183909	0.092356	0.196935	0.354301	0.064273	0.384491	1,2,3,1,3,4	69.408819	0.031655	0.045222	0.592369	0.099550	0.121126	0.110078	0.181236	0.147712	0.150406	0.168618	0.057187	0.294840	0.110333	0.273232	0.129877	0.229590	0.109698	0.147269	0.031655	0.045222	0.592369	0.099550	0.121126	0.110078	0.110333	0.273232	0.129877	0.229590	0.109698	0.147269	0.013473	0.186605	0.108548	0.149155	0.141653	0.400567	1,2,3,4,5,6	70.391420	0.244382	1.497998	0.936290	0.183753	0.924087	0.880317	
766000	-116968	1,2,3,1,4,5	70.849983	5.062360	5.462832	5.688435	5.062360	5.983236	4.973940	1,2,3,1,4,4	70.849994	0.584876	0.152976	0.087453	0.174694	0.138059	0.093871	0.569942	0.198128	0.115216	0.065264	0.413018	0.406502	0.584876	0.152976	0.087453	0.174694	0.206811	0.122003	0.425707	0.245479	0.206811	0.122003	0.425707	0.245479	1,2,3,2,4,5	70.882121	0.135378	0.055230	0.427996	0.303022	0.000306	0.078068	0.089780	0.183639	0.198890	0.157673	0.164259	0.205759	0.005404	0.426749	0.364754	0.023001	0.058960	0.121132	0.089780	0.183639	0.198890	0.157673	0.164259	0.205759	0.192098	0.264194	0.043719	0.368250	0.063086	0.068652	0.094358	0.070664	0.163985	0.029994	0.529106	0.111894	1,2,3,4,5,5	72.756299	0.378957	2.002745	0.698396	0.230098	1.212570	1.212570	
767000	-116014	1,1,2,2,3,4	72.498198	5.527821	5.527821	4.786209	4.786209	5.403773	6.258064	1,2,3,1,4,5	72.357825	0.499374	0.158997	0.085246	0.256383	0.252694	0.011313	0.622860	0.113133	0.221265	0.067138	0.078661	0.632936	0.499374	0.158997	0.085246	0.256383	0.226586	0.078732	0.614499	0.080183	0.180140	0.227695	0.115663	0.476502	1,2,3,2,4,2	72.294115	0.231095	0.186223	0.393941	0.073073	0.019560	0.096107	0.074841	0.148970	0.139179	0.198809	0.279874	0.158327	0.127326	0.241459	0.033797	0.387994	0.063315	0.146108	0.074841	0.148970	0.139179	0.198809	0.279874	0.158327	0.273849	0.269006	0.268361	0.110792	0.005432	0.072559	0.074841	0.148970	0.139179	0.198809	0.279874	0.158327	1,2,3,1,4,5	71.763709	0.232575	1.122341	0.778209	0.232575	1.043328	0.958244	
768000	-114782	1,2,3,4,5,6	72.510459	6.459688	6.033476	6.855165	5.272895	6.669364	5.736993	1,2,3,4,2,5	71.366113	0.470763	0.104645	0.044537	0.380055	0.408303	0.074930	0.382741	0.134027	0.186844	0.035815	0.234973	0.542368	0.458537	0.288635	0.131937	0.120891	0.408303	0.074930	0.382741	0.134027	0.256828	0.346060	0.104292	0.292819	1,2,3,4,3,5	70.692915	0.024644	0.116133	0.285324	0.438758	0.094766	0.040376	0.063236	0.075072	0.152588	0.318954	0.050895	0.339255	0.108830	0.242826	0.027333	0.484880	0.085550	0.050581	0.089703	0.117445	0.250334	0.233961	0.228302	0.080256	0.108830	0.242826	0.027333	0.484880	0.085550	0.050581	0.103467	0.268573	0.172932	0.029117	0.151322	0.274589	1,2,3,4,5,6	70.088671	0.339755	2.684954	0.908348	0.221437	1.051789	0.780371	
769000	-115848	1,1,2,2,3,2	70.920897	5.252978	5.252978	4.256893	4.256893	6.070350	4.256893	1,2,1,3,2,4	71.000436	0.371071	0.067194	0.108102	0.453633	0.304876	0.107816	0.313727	0.273581	0.371071	0.067194	0.108102	0.453633	0.605404	0.169467	0.073374	0.151755	0.304876	0.107816	0.313727	0.273581	0.228697	0.227667	0.156756	0.386879	1,2,2,2,3,4	70.805423	0.273370	0.129083	0.375477	0.116759	0.081735	0.023576	0.089396	0.227846	0.064625	0.275498	0.095067	0.247568	0.089396	0.227846	0.064625	0.275498	0.095067	0.247568	0.089396	0.227846	0.064625	0.275498	0.095067	0.247568	0.158148	0.480390	0.035690	0.180999	0.047956	0.096816	0.205879	0.081150	0.151198	0.135839	0.283834	0.142101	1,2,3,4,5,6	73.053111	0.289332	2.088489	0.833385	0.192512	1.322112	0.895191	
770000	-116942	1,2,3,3,4,5	71.885606	5.424744	5.622383	5.020918	5.020918	6.016806	6.043944	1,2,3,1,4,5	71.412040	0.564606	0.098905	0.109888	0.226600	0.071255	0.043072	0.801580	0.084093	0.264181	0.222016	0.177077	0.336725	0.564606	0.098905	0.109888	0.226600	0.258973	0.137719	0.410528	0.192779	0.127932	0.301608	0.060412	0.510048	1,2,3,2,4,2	69.077914	0.286652	0.123914	0.335773	0.204340	0.032653	0.016668	0.069093	0.102628	0.120749	0.322396	0.141009	0.244125	0.050478	0.220850	0.371603	0.045311	0.043223	0.268536	0.069093	0.102628	0.120749	0.322396	0.141009	0.244125	0.250745	0.442779	0.154652	0.058061	0.048439	0.045323	0.069093	0.102628	0.120749	0.322396	0.141009	0.244125	1,2,3,4,3,5	72.751500	0.281391	1.341980	0.864659	0.245015	0.864659	0.831711	
771000	-116604	1,2,3,4,5,6	70.714817	5.960997	5.824161	5.442415	5.385433	6.576516	5.844162	1,2,3,4,4,3	71.622191	0.666134	0.047554	0.036817	0.249495	0.217673	0.074998	0.599856	0.107473	0.202758	0.194157	0.104536	0.498549	0.486868	0.148709	0.313896	0.050527	0.486868	0.148709	0.313896	0.050527	0.202758	0.194157	0.104536	0.498549	1,2,3,4,5,2	71.108803	0.049065	0.060736	0.169365	0.421262	0.026271	0.273301	0.132936	0.097866	0.163732	0.128223	0.199311	0.277932	0.124244	0.609471	0.066748	0.109821	0.017797	0.071920	0.038789	0.034553	0.119976	0.129242	0.076733	0.600708	0.312668	0.266803	0.082097	0.187535	0.010730	0.140168	0.132936	0.097866	0.163732	0.128223	0.199311	0.277932	1,2,3,4,3,3	71.533935	0.326684	1.937674	0.987214	0.179681	0.987214	0.987214	
772000	-115552	1,2,3,4,5,6	71.539264	6.588054	5.782732	5.448868	4.086683	6.690255	5.218270	1,2,3,4,2,5	70.809216	0.476882	0.107470	0.067085	0.348563	0.329614	0.049398	0.507775	0.113213	0.235721	0.094335	0.177892	0.492052	0.543844	0.085577	0.128709	0.241869	0.329614	0.049398	0.507775	0.113213	0.481112	0.125583	0.018720	0.374585	1,2,3,3,4,2	71.616393	0.014750	0.006394	0.280850	0.401217	0.227037	0.069752	0.060486	0.102589	0.062481	0.221386	0.185419	0.367639	0.117695	0.148422	0.175476	0.299685	0.088300	0.170423	0.117695	0.148422	0.175476	0.299685	0.088300	0.170423	0.170422	0.215304	0.040035	0.145513	0.406822	0.021904	0.060486	0.102589	0.062481	0.221386	0.185419	0.367639	1,2,3,1,4,4	72.710349	0.261920	2.993365	0.926846	0.261920	1.105328	1.105328	
773000	-117899	1,2,3,2,4,5	69.991634	5.561605	4.136228	5.332624	4.136228	6.036152	5.299892	1,2,3,1,4,3	72.170778	0.504240	0.143916	0.133599	0.218245	0.405115	0.130164	0.195957	0.268763	0.355653	0.153475	0.175532	0.315340	0.504240	0.143916	0.133599	0.218245	0.342353	0.280798	0.323618	0.053231	0.355653	0.153475	0.175532	0.315340	1,2,3,4,3,4	72.953705	0.078007	0.025556	0.485505	0.020048	0.111842	0.279041	0.031973	0.121069	0.197012	0.212305	0.030239	0.407402	0.077624	0.328663	0.073101	0.241548	0.054926	0.224139	0.168343	0.109250	0.110980	0.193211	0.281619	0.136597	0.077624	0.328663	0.073101	0.241548	0.054926	0.224139	0.168343	0.109250	0.110980	0.193211	0.281619	0.136597	1,2,3,1,4,5	70.725401	0.207920	1.417918	0.884166	0.207920	0.945481	0.840162	
774000	-116048	1,2,3,4,5,6	69.658322	5.363536	5.383888	6.532718	5.064745	6.474755	5.390034	1,2,3,4,5,6	70.441379	0.481204	0.132529	0.088940	0.297326	0.345086	0.012874	0.508360	0.133681	0.306175	0.107317	0.146372	0.440135	0.455267	0.295170	0.124464	0.125098	0.338859	0.112043	0.416511	0.132587	0.231105	0.264634	0.179670	0.324591	1,2,3,2,4,5	71.237804	0.041093	0.091075	0.489446	0.216528	0.028800	0.133058	0.047931	0.057358	0.179397	0.200050	0.221819	0.293445	0.229821	0.109004	0.165354	0.223662	0.011844	0.260316	0.047931	0.057358	0.179397	0.200050	0.221819	0.293445	0.537564	0.189449	0.009191	0.116361	0.059747	0.087689	0.136725	0.080312	0.107574	0.240281	0.225666	0.209443	1,2,3,4,5,6	73.164811	0.264710	2.830821	0.871119	0.211582	0.919986	0.949622	
775000	-116497	1,2,3,2,4,5	70.458745	6.289895	4.770133	5.728609	4.770133	5.430971	6.248406	1,2,3,4,5,1	69.777827	0.219923	0.390330	0.078554	0.311193	0.303599	0.037632	0.537735	0.121035	0.161643	0.070099	0.332307	0.435951	0.590089	0.127400	0.186026	0.096485	0.186343	0.370444	0.379147	0.064065	0.219923	0.390330	0.078554	0.311193	1,2,3,4,3,4	71.953554	0.078879	0.107121	0.455712	0.236170	0.094273	0.027844	0.001679	0.164081	0.101761	0.229446	0.072071	0.430961	0.178198	0.257618	0.248795	0.064454	0.146854	0.104081	0.068543	0.065927	0.228483	0.145726	0.196021	0.295300	0.178198	0.257618	0.248795	0.064454	0.146854	0.104081	0.068543	0.065927	0.228483	0.145726	0.196021	0.295300	1,2,3,4,5,6	68.340047	0.244905	1.405429	0.853372	0.218925	0.895120	1.032858	
776000	-115423	1,2,3,4,5,2	71.827223	4.828724	5.747787	5.298527	5.653030	6.548753	5.747787	1,2,3,4,2,5	70.571176	0.329169	0.272140	0.072024	0.326666	0.292669	0.103133	0.534156	0.070041	0.125192	0.135256	0.176181	0.563371	0.422717	0.231711	0.171028	0.174544	0.292669	0.103133	0.534156	0.070041	0.348965	0.309685	0.050883	0.290467	1,2,3,2,3,2	71.540039	0.080094	0.178816	0.393774	0.242340	0.090237	0.014739	0.038939	0.048508	0.129185	0.109846	0.213555	0.459968	0.159211	0.294004	0.265244	0.160434	0.005635	0.115474	0.038939	0.048508	0.129185	0.109846	0.213555	0.459968	0.159211	0.294004	0.265244	0.160434	0.005635	0.115474	0.038939	0.048508	0.129185	0.109846	0.213555	0.459968	1,2,3,1,4,3	70.615707	0.214329	1.520086	0.962985	0.214329	1.003895	0.962985	
777000	-116615	1,2,3,1,4,5	72.417718	5.330379	6.173121	5.880874	5.330379	6.013435	5.830441	1,2,3,4,5,1	70.666744	0.313431	0.283092	0.045884	0.357593	0.327392	0.101875	0.324128	0.246605	0.129540	0.095290	0.305656	0.469514	0.521073	0.235801	0.085186	0.157939	0.307341	0.113431	0.429818	0.149409	0.313431	0.283092	0.045884	0.357593	1,2,3,3,4,3	73.608260	0.074764	0.051045	0.304066	0.528277	0.008297	0.033551	0.084621	0.341545	0.021952	0.101101	0.031725	0.419055	0.081155	0.086903	0.180238	0.255418	0.163968	0.232318	0.081155	0.086903	0.180238	0.255418	0.163968	0.232318	0.073246	0.301355	0.031068	0.165021	0.379484	0.049827	0.081155	0.086903	0.180238	0.255418	0.163968	0.232318	1,2,3,4,5,5	72.304465	0.273460	2.785014	0.848838	0.207501	0.929509	0.929509	
778000	-116493	1,2,3,1,4,5	72.265145	4.840254	5.575126	5.315361	4.840254	6.324240	5.764649	1,2,3,1,4,3	70.985074	0.370598	0.290944	0.106664	0.231793	0.312848	0.103551	0.352141	0.231460	0.131147	0.169263	0.213426	0.486164	0.370598	0.290944	0.106664	0.231793	0.292187	0.316543	0.325219	0.066052	0.131147	0.169263	0.213426	0.486164	1,2,3,2,3,4	72.451288	0.112824	0.146662	0.297101	0.141370	0.028803	0.273240	0.047079	0.209456	0.096162	0.242333	0.102492	0.302479	0.098031	0.426796	0.110268	0.188787	0.019064	0.157053	0.047079	0.209456	0.096162	0.242333	0.102492	0.302479	0.098031	0.426796	0.110268	0.188787	0.019064	0.157053	0.273765	0.015384	0.282420	0.145893	0.135342	0.147196	1,2,3,4,5,5	71.296903	0.296304	2.442868	0.977338	0.148035	1.059392	1.059392	
779000	-117329	1,2,3,3,4,5	71.813617	5.622586	5.280793	4.549618	4.549618	6.422763	5.503650	1,2,1,3,3,4	71.032642	0.417111	0.094061	0.176065	0.312763	0.165708	0.189811	0.564953	0.079528	0.417111	0.094061	0.176065	0.312763	0.556162	0.119231	0.261012	0.063595	0.556162	0.119231	0.261012	0.063595	0.152816	0.461228	0.066718	0.319238	1,2,3,4,5,2	71.285591	0.213328	0.001156	0.467158	0.007383	0.191573	0.119402	0.120626	0.227491	0.249876	0.009268	0.139366	0.253373	0.014118	0.258688	0.153503	0.236679	0.083013	0.253998	0.157739	0.038425	0.103521	0.050634	0.435714	0.213967	0.098492	0.479694	0.142866	0.123323	0.146832	0.008793	0.120626	0.227491	0.249876	0.009268	0.139366	0.253373	1,2,3,1,4,5	71.258328	0.227317	1.259729	0.885901	0.227317	1.297569	0.944851	
780000	-116620	1,2,3,3,1,4	71.478366	6.128951	5.692454	4.381200	4.381200	6.128951	5.923378	1,2,3,4,4,5	70.253579	0.350872	0.188711	0.159071	0.301346	0.372270	0.054506	0.438504	0.134720	0.317712	0.008743	0.395807	0.277738	0.404703	0.074734	0.420827	0.099735	0.404703	0.074734	0.420827	0.099735	0.201185	0.194871	0.084393	0.519551	1,2,3,2,3,2	73.034486	0.050137	0.017530	0.553064	0.306405	0.057465	0.015398	0.144752	0.042864	0.247600	0.082176	0.245424	0.237185	0.213762	0.197186	0.059123	0.286244	0.199209	0.044476	0.144752	0.042864	0.247600	0.082176	0.245424	0.237185	0.213762	0.197186	0.059123	0.286244	0.199209	0.044476	0.144752	0.042864	0.247600	0.082176	0.245424	0.237185	1,2,3,1,4,5	71.959129	0.324101	1.278408	0.884537	0.324101	1.121030	1.030685	
781000	-116094	1,2,3,4,5,6	71.805101	5.923580	5.407902	6.666532	6.201453	6.371101	5.948924	1,2,3,4,2,1	70.650576	0.423266	0.182873	0.027885	0.365977	0.470637	0.077294	0.347989	0.104080	0.197802	0.118778	0.351676	0.331744	0.642621	0.091209	0.168837	0.097333	0.470637	0.077294	0.347989	0.104080	0.423266	0.182873	0.027885	0.365977	1,2,3,4,3,2	71.530641	0.027604	0.316691	0.261800	0.300444	0.090561	0.002900	0.028116	0.133173	0.110341	0.209157	0.198114	0.321099	0.129230	0.325384	0.088732	0.323384	0.008181	0.125089	0.036663	0.085910	0.338731	0.073259	0.066375	0.399062	0.129230	0.325384	0.088732	0.323384	0.008181	0.125089	0.028116	0.133173	0.110341	0.209157	0.198114	0.321099	1,2,3,1,4,5	71.284031	0.197248	1.955585	0.861838	0.197248	0.999766	0.989090	
782000	-117685	1,2,3,3,4,5	71.423417	5.468620	6.171235	5.131143	5.131143	5.356116	5.930692	1,2,3,1,2,4	71.938762	0.438445	0.212468	0.114465	0.234623	0.184750	0.111442	0.508584	0.195224	0.213623	0.102449	0.138875	0.545052	0.438445	0.212468	0.114465	0.234623	0.184750	0.111442	0.508584	0.195224	0.200336	0.331667	0.062937	0.405059	1,2,3,4,5,2	72.022470	0.089399	0.090634	0.479882	0.148000	0.058704	0.133381	0.090043	0.033946	0.143547	0.222526	0.308299	0.201639	0.119012	0.153485	0.232529	0.158884	0.233848	0.102242	0.126995	0.135501	0.103106	0.462524	0.161323	0.010551	0.366916	0.221673	0.176661	0.119928	0.054645	0.060177	0.090043	0.033946	0.143547	0.222526	0.308299	0.201639	1,2,3,4,5,6	70.174204	0.211588	3.308168	0.792135	0.313107	1.232380	0.985980	
783000	-117637	1,2,3,4,4,5	72.463409	5.828015	5.278083	5.316368	5.016202	5.016202	6.089628	1,2,2,1,3,4	72.165558	0.466045	0.136253	0.058396	0.339306	0.344073	0.054789	0.302410	0.298728	0.344073	0.054789	0.302410	0.298728	0.466045	0.136253	0.058396	0.339306	0.418303	0.134972	0.203761	0.242964	0.160708	0.192187	0.212707	0.434398	1,2,2,3,3,4	71.141445	0.108962	0.118072	0.162268	0.442017	0.068520	0.100161	0.068339	0.144784	0.137688	0.285041	0.130605	0.233543	0.068339	0.144784	0.137688	0.285041	0.130605	0.233543	0.146358	0.293262	0.082890	0.264412	0.040442	0.172636	0.146358	0.293262	0.082890	0.264412	0.040442	0.172636	0.194027	0.092136	0.205164	0.204903	0.298222	0.005548	1,2,3,1,4,4	69.453893	0.303763	1.714976	0.630378	0.303763	0.875067	0.875067	
784000	-116177	1,2,3,3,4,5	72.588833	5.380720	6.409492	5.280869	5.280869	6.359581	6.371709	1,2,2,3,4,1	72.839682	0.363342	0.128027	0.078761	0.429871	0.190488	0.040075	0.534779	0.234658	0.190488	0.040075	0.534779	0.234658	0.794991	0.079245	0.084685	0.041079	0.434569	0.097852	0.265236	0.202343	0.363342	0.128027	0.078761	0.429871	1,2,1,3,4,5	70.962027	0.098458	0.149710	0.289797	0.325953	0.026311	0.109771	0.384663	0.111370	0.090603	0.177173	0.053998	0.182194	0.098458	0.149710	0.289797	0.325953	0.026311	0.109771	0.033651	0.056650	0.316480	0.100493	0.484217	0.008509	0.050165	0.414548	0.235331	0.144696	0.132344	0.022916	0.222042	0.055244	0.092787	0.175142	0.345307	0.109479	1,2,3,1,4,4	71.707917	0.302381	2.557634	0.928181	0.302381	0.949968	0.949968	
785000	-117997	1,2,3,1,4,5	72.615416	4.717453	5.360898	5.464082	4.717453	5.041684	6.305320	1,2,3,4,5,1	72.894831	0.316167	0.185849	0.090784	0.407199	0.281833	0.083500	0.335805	0.298862	0.206831	0.094395	0.279737	0.419037	0.790362	0.125193	0.050238	0.034207	0.148400	0.116904	0.600222	0.134474	0.316167	0.185849	0.090784	0.407199	1,2,3,4,5,2	70.984152	0.284568	0.195846	0.200470	0.194204	0.084661	0.040251	0.035900	0.248564	0.073196	0.104503	0.227008	0.310829	0.091183	0.197686	0.116713	0.236832	0.142108	0.215479	0.025938	0.176805	0.126279	0.252765	0.276124	0.142089	0.011805	0.342103	0.164302	0.069039	0.350972	0.061779	0.035900	0.248564	0.073196	0.104503	0.227008	0.310829	1,2,3,4,3,5	72.764499	0.274204	2.307414	0.775256	0.179384	0.775256	1.008540	
786000	-115830	1,2,3,3,4,5	69.611019	5.117020	6.099497	4.532004	4.532004	6.528952	6.089527	1,2,3,1,2,3	71.332809	0.404008	0.255131	0.137744	0.203118	0.341173	0.080320	0.487714	0.090793	0.188203	0.195816	0.143590	0.472391	0.404008	0.255131	0.137744	0.203118	0.341173	0.080320	0.487714	0.090793	0.188203	0.195816	0.143590	0.472391	1,2,3,4,5,6	69.456894	0.007049	0.196542	0.325505	0.246362	0.092140	0.132402	0.125718	0.155566	0.146128	0.114066	0.000977	0.457544	0.002157	0.361398	0.079131	0.317569	0.077224	0.162519	0.108884	0.077684	0.250871	0.131291	0.085928	0.345342	0.244694	0.263417	0.081603	0.249911	0.150441	0.009934	0.156819	0.186501	0.270684	0.041820	0.186668	0.157507	1,2,3,4,5,6	73.237183	0.288622	1.431049	0.883260	0.193752	1.047725	1.024765	
787000	-117279	1,2,3,4,5,2	70.650470	6.685925	5.263969	5.970177	5.128517	5.524412	5.263969	1,2,3,4,4,5	71.326528	0.528403	0.061910	0.034261	0.375427	0.168873	0.147892	0.627424	0.055811	0.320511	0.110882	0.186670	0.381937	0.564111	0.123685	0.225741	0.086463	0.564111	0.123685	0.225741	0.086463	0.232845	0.370508	0.160500	0.236147	1,2,3,1,3,1	71.424249	0.094826	0.052076	0.398309	0.098449	0.307499	0.048840	0.012559	0.037212	0.678689	0.099049	0.019427	0.153064	0.054187	0.306026	0.049115	0.396066	0.017319	0.177287	0.094826	0.052076	0.398309	0.098449	0.307499	0.048840	0.054187	0.306026	0.049115	0.396066	0.017319	0.177287	0.094826	0.052076	0.398309	0.098449	0.307499	0.048840	1,2,3,4,5,3	70.663506	0.265192	4.112292	0.882834	0.185369	0.996814	0.882834	
788000	-116556	1,2,3,4,5,6	72.296398	5.923416	5.352850	5.915269	5.090283	5.880576	5.762736	1,2,3,1,2,1	69.404906	0.409077	0.239720	0.119025	0.232178	0.249087	0.175799	0.382491	0.192624	0.193047	0.080024	0.205470	0.521459	0.409077	0.239720	0.119025	0.232178	0.249087	0.175799	0.382491	0.192624	0.409077	0.239720	0.119025	0.232178	1,2,3,2,4,5	72.247106	0.109067	0.043898	0.392877	0.300109	0.147442	0.006608	0.125800	0.125789	0.134290	0.131572	0.158560	0.323989	0.091181	0.144130	0.071116	0.379572	0.087798	0.226203	0.125800	0.125789	0.134290	0.131572	0.158560	0.323989	0.112354	0.355917	0.106854	0.274129	0.056044	0.094702	0.160079	0.057209	0.133546	0.017836	0.229994	0.401336	1,2,3,1,4,5	72.378700	0.283046	1.433402	0.734313	0.283046	1.102230	1.070190	
789000	-116172	1,2,3,1,4,5	72.202690	4.077278	5.780256	5.685304	4.077278	6.370924	5.202278	1,2,3,4,2,3	70.520991	0.278554	0.291526	0.035273	0.394647	0.342160	0.044969	0.517365	0.095506	0.221962	0.144254	0.240087	0.393697	0.471499	0.347977	0.055973	0.124551	0.342160	0.044969	0.517365	0.095506	0.221962	0.144254	0.240087	0.393697	1,2,1,3,3,4	72.312934	0.055432	0.194470	0.382915	0.208193	0.029552	0.129437	0.186858	0.133434	0.049915	0.145962	0.091941	0.391891	0.055432	0.194470	0.382915	0.208193	0.029552	0.129437	0.124935	0.213203	0.183624	0.289024	0.169628	0.019585	0.124935	0.213203	0.183624	0.289024	0.169628	0.019585	0.186757	0.044675	0.129727	0.156126	0.378121	0.104594	1,2,3,4,5,6	72.577538	0.265935	1.923982	0.673455	0.179887	0.983557	1.049024	
790000	-118717	1,2,3,1,2,4	71.978534	4.780329	7.075700	5.449375	4.780329	7.075700	5.295982	1,2,3,4,2,1	69.972222	0.313288	0.140422	0.256212	0.290078	0.327454	0.062407	0.495631	0.114508	0.176056	0.167601	0.446308	0.210035	0.354383	0.217033	0.206733	0.221851	0.327454	0.062407	0.495631	0.114508	0.313288	0.140422	0.256212	0.290078	1,2,3,3,4,5	71.434333	0.142409	0.033073	0.401558	0.245560	0.123250	0.054150	0.144674	0.041006	0.128671	0.026464	0.117498	0.541687	0.035400	0.303656	0.288535	0.191086	0.069466	0.111856	0.035400	0.303656	0.288535	0.191086	0.069466	0.111856	0.027311	0.443053	0.289592	0.097339	0.120834	0.021871	0.099824	0.151687	0.140583	0.067739	0.506393	0.033775	1,2,3,1,3,4	72.069317	0.290117	1.505788	0.817404	0.290117	0.817404	0.890966	
791000	-116073	1,2,3,1,4,5	71.439207	5.219763	5.448803	4.999151	5.219763	6.392921	5.919437	1,2,3,1,2,4	71.297389	0.325713	0.184279	0.100435	0.389574	0.365558	0.105975	0.383363	0.145105	0.064295	0.168892	0.198821	0.567992	0.325713	0.184279	0.100435	0.389574	0.365558	0.105975	0.383363	0.145105	0.175259	0.355510	0.040301	0.428930	1,2,3,4,5,6	70.074923	0.106732	0.032554	0.357007	0.195981	0.020317	0.287410	0.079536	0.081890	0.210597	0.062923	0.292541	0.272513	0.063831	0.577898	0.119079	0.048347	0.036397	0.154448	0.127077	0.077623	0.065464	0.481050	0.114776	0.134010	0.290574	0.484123	0.071993	0.059714	0.056865	0.036730	0.089031	0.155109	0.111097	0.115832	0.088678	0.440252	1,2,3,4,5,6	73.070186	0.345210	2.328246	0.792357	0.290221	0.976715	0.836009	
792000	-116066	1,2,1,3,3,4	71.185288	5.358927	5.707247	5.358927	5.073123	5.073123	5.570164	1,2,3,4,5,1	71.567415	0.358949	0.225818	0.042727	0.372506	0.169753	0.073468	0.618142	0.138636	0.151398	0.145916	0.202995	0.499691	0.606890	0.137968	0.064740	0.190402	0.160435	0.225119	0.582766	0.031680	0.358949	0.225818	0.042727	0.372506	1,2,3,4,5,4	71.702762	0.167523	0.020423	0.377518	0.310408	0.062029	0.062100	0.073370	0.131876	0.353461	0.155890	0.023399	0.262005	0.075411	0.167002	0.263573	0.246247	0.029088	0.218679	0.065316	0.101873	0.139411	0.188430	0.177751	0.327220	0.193696	0.340751	0.071374	0.019395	0.267112	0.107673	0.065316	0.101873	0.139411	0.188430	0.177751	0.327220	1,2,3,1,4,4	72.963519	0.270098	2.898961	0.749311	0.270098	0.999263	0.999263	
793000	-116809	1,2,3,4,5,6	71.889837	5.636421	5.743700	6.710847	5.329449	5.581537	5.917032	1,2,3,1,3,1	70.794112	0.328216	0.243583	0.105531	0.322669	0.193026	0.046840	0.463401	0.296733	0.247520	0.067913	0.392987	0.291580	0.328216	0.243583	0.105531	0.322669	0.247520	0.067913	0.392987	0.291580	0.328216	0.243583	0.105531	0.322669	1,2,3,3,4,2	71.471280	0.179857	0.141992	0.489865	0.058874	0.123945	0.005467	0.073827	0.184878	0.076582	0.144749	0.235648	0.284316	0.062028	0.256320	0.069518	0.439999	0.039518	0.132617	0.062028	0.256320	0.069518	0.439999	0.039518	0.132617	0.164433	0.388459	0.254373	0.145608	0.005712	0.041415	0.073827	0.184878	0.076582	0.144749	0.235648	0.284316	1,2,3,1,4,5	71.244698	0.293572	2.397456	0.796591	0.293572	1.015868	0.906734	
794000	-118080	1,2,3,2,4,5	69.558307	6.682492	5.411914	5.414541	5.411914	6.504967	6.363488	1,2,3,4,2,5	70.939207	0.501601	0.092607	0.127551	0.278241	0.407553	0.101756	0.295659	0.195032	0.515826	0.052218	0.117188	0.314769	0.794257	0.109280	0.036028	0.060434	0.407553	0.101756	0.295659	0.195032	0.293105	0.105277	0.189160	0.412458	1,2,3,4,5,6	71.076162	0.047491	0.027876	0.483250	0.185611	0.203374	0.052399	0.098013	0.082082	0.161155	0.117879	0.222771	0.318100	0.129841	0.064729	0.003780	0.380380	0.299872	0.121398	0.025254	0.250438	0.296401	0.276880	0.106989	0.044037	0.091914	0.315035	0.232644	0.078104	0.208169	0.074134	0.133276	0.101494	0.102771	0.278701	0.228857	0.154901	1,2,3,1,3,4	71.063912	0.177498	1.853360	0.885917	0.177498	0.885917	1.111006	
795000	-116734	1,2,3,1,4,5	70.891228	4.535797	5.467067	6.631024	4.535797	6.926852	6.455433	1,2,3,4,2,5	71.474767	0.427345	0.339175	0.046828	0.186652	0.269172	0.097093	0.342999	0.290737	0.291957	0.052542	0.279817	0.375684	0.703552	0.145568	0.097293	0.053588	0.269172	0.097093	0.342999	0.290737	0.422087	0.168818	0.141148	0.267947	1,2,3,4,5,4	72.191778	0.127744	0.148225	0.410272	0.042849	0.004089	0.266821	0.042282	0.232453	0.051522	0.242572	0.149139	0.282032	0.145505	0.087785	0.100176	0.433447	0.138272	0.094814	0.057492	0.175897	0.245564	0.123350	0.234459	0.163239	0.094761	0.288608	0.093987	0.344214	0.165451	0.012980	0.057492	0.175897	0.245564	0.123350	0.234459	0.163239	1,2,3,1,4,3	71.327563	0.274231	1.392824	0.891505	0.274231	0.947286	0.891505	
796000	-116555	1,2,3,1,4,5	70.812809	5.060026	6.104197	5.518167	5.060026	6.357743	5.967229	1,2,1,3,2,4	71.112044	0.291636	0.112745	0.205172	0.390447	0.250602	0.118342	0.516973	0.114083	0.291636	0.112745	0.205172	0.390447	0.602289	0.155202	0.140905	0.101603	0.250602	0.118342	0.516973	0.114083	0.320573	0.315262	0.062577	0.301588	1,2,3,4,5,2	70.675835	0.214178	0.032317	0.315973	0.145391	0.102700	0.189440	0.174376	0.069877	0.091484	0.226981	0.198682	0.238600	0.096605	0.306269	0.126927	0.193317	0.138907	0.137974	0.066269	0.224297	0.238158	0.064899	0.327403	0.078974	0.169380	0.544244	0.038104	0.069417	0.126708	0.052147	0.174376	0.069877	0.091484	0.226981	0.198682	0.238600	1,2,3,4,5,6	72.909871	0.277250	1.624023	0.766258	0.175042	0.748699	0.963422	
797000	-117078	1,2,3,1,4,1	72.362115	5.164648	5.712642	5.671798	5.164648	6.570876	5.164648	1,2,1,3,4,5	70.071157	0.354868	0.061756	0.213408	0.369968	0.121212	0.034506	0.458948	0.385333	0.354868	0.061756	0.213408	0.369968	0.415084	0.307464	0.032769	0.244684	0.396073	0.243467	0.187938	0.172522	0.182834	0.285510	0.165742	0.365914	1,2,2,2,3,4	71.254372	0.131524	0.020197	0.365211	0.207555	0.252107	0.023405	0.036127	0.232810	0.121812	0.299749	0.139844	0.169659	0.036127	0.232810	0.121812	0.299749	0.139844	0.169659	0.036127	0.232810	0.121812	0.299749	0.139844	0.169659	0.029200	0.476428	0.133856	0.166583	0.018095	0.175838	0.349014	0.083110	0.050957	0.043597	0.280160	0.193163	1,2,3,1,4,5	72.120327	0.254171	2.216850	0.714180	0.254171	0.926877	0.979097	
798000	-117794	1,2,3,4,5,6	72.062549	5.477006	6.087718	5.995131	5.212304	5.379908	5.471712	1,2,3,4,5,1	72.278597	0.390532	0.172711	0.089832	0.346926	0.288040	0.266983	0.233186	0.211791	0.228416	0.046864	0.437058	0.287662	0.584867	0.164401	0.054976	0.195757	0.392928	0.130205	0.298616	0.178250	0.390532	0.172711	0.089832	0.346926	1,2,3,4,5,4	72.641069	0.035551	0.032871	0.368497	0.101042	0.168312	0.293727	0.141785	0.084048	0.087535	0.243344	0.092475	0.350812	0.280936	0.091687	0.100952	0.271503	0.137274	0.117648	0.085308	0.122587	0.110818	0.221531	0.273691	0.186065	0.225688	0.467669	0.053065	0.090558	0.075122	0.087898	0.085308	0.122587	0.110818	0.221531	0.273691	0.186065	1,2,3,4,5,6	72.062405	0.243097	1.793395	0.587207	0.242743	1.128935	1.132845	
799000	-116892	1,2,3,3,4,5	72.544319	5.693899	6.134975	5.170459	5.170459	6.075903	5.970898	1,2,3,4,2,1	69.087618	0.387141	0.269128	0.088303	0.255427	0.394529	0.026833	0.476594	0.102045	0.391456	0.098352	0.241934	0.268258	0.695859	0.103924	0.161257	0.038960	0.394529	0.026833	0.476594	0.102045	0.387141	0.269128	0.088303	0.255427	1,2,3,1,4,2	71.391070	0.027878	0.000449	0.457478	0.022272	0.346720	0.145202	0.147064	0.038917	0.104930	0.175676	0.333327	0.200086	0.036291	0.078822	0.073542	0.541886	0.095145	0.174315	0.027878	0.000449	0.457478	0.022272	0.346720	0.145202	0.067881	0.314796	0.243663	0.163139	0.151185	0.059336	0.147064	0.038917	0.104930	0.175676	0.333327	0.200086	1,2,3,4,5,5	72.364256	0.241770	0.972273	0.846970	0.189717	0.962898	0.962898	
800000	-117598	1,2,3,1,4,5	71.709517	4.892802	5.129715	6.631480	4.892802	5.339386	6.043084	1,2,2,3,4,1	68.341951	0.290060	0.173761	0.082052	0.454127	0.231059	0.054591	0.414812	0.299538	0.231059	0.054591	0.414812	0.299538	0.305877	0.275124	0.145092	0.273907	0.229619	0.089795	0.361883	0.318703	0.290060	0.173761	0.082052	0.454127	1,2,3,4,3,2	70.420930	0.111258	0.061479	0.307119	0.311609	0.168453	0.040082	0.140514	0.274782	0.181516	0.106357	0.165401	0.131430	0.216544	0.291349	0.138942	0.198349	0.092044	0.062772	0.039936	0.090241	0.109611	0.345114	0.284185	0.130913	0.216544	0.291349	0.138942	0.198349	0.092044	0.062772	0.140514	0.274782	0.181516	0.106357	0.165401	0.131430	1,2,3,4,5,6	70.093204	0.260889	4.168705	0.701266	0.221339	1.181333	0.969415	
801000	-115155	1,2,3,4,5,6	70.566545	5.477441	6.218021	5.834681	5.439273	6.095630	6.006926	1,2,3,1,4,5	70.407356	0.507717	0.205957	0.052820	0.233506	0.127306	0.027374	0.649343	0.195977	0.219493	0.095293	0.289693	0.395521	0.507717	0.205957	0.052820	0.233506	0.348161	0.072817	0.439389	0.139633	0.102724	0.438084	0.044530	0.414662	1,2,3,2,4,3	71.827962	0.088881	0.086608	0.334409	0.367070	0.083678	0.039355	0.044877	0.119755	0.094266	0.423998	0.107508	0.209596	0.028853	0.254540	0.248843	0.138377	0.152881	0.176506	0.044877	0.119755	0.094266	0.423998	0.107508	0.209596	0.194589	0.244265	0.193574	0.160091	0.144613	0.062868	0.028853	0.254540	0.248843	0.138377	0.152881	0.176506	1,2,3,4,5,5	71.406622	0.359539	2.849644	0.746451	0.231242	1.049049	1.049049	
802000	-117989	1,2,3,4,5,6	71.804595	6.067957	5.000467	4.248065	4.911398	5.809929	5.108953	1,2,3,4,5,1	74.205069	0.466886	0.139563	0.055455	0.338097	0.135787	0.243018	0.393388	0.227807	0.376473	0.231438	0.169981	0.222109	0.459552	0.220637	0.199448	0.120363	0.337611	0.218910	0.305271	0.138208	0.466886	0.139563	0.055455	0.338097	1,2,3,4,5,4	73.039288	0.057394	0.080208	0.345455	0.277353	0.234224	0.005366	0.024137	0.079083	0.462876	0.078788	0.142263	0.212852	0.046431	0.149632	0.122839	0.231948	0.042564	0.406585	0.070887	0.104670	0.093529	0.167037	0.314727	0.249150	0.055561	0.386568	0.033535	0.115178	0.314583	0.094575	0.070887	0.104670	0.093529	0.167037	0.314727	0.249150	1,2,3,1,4,5	70.823957	0.184498	1.564730	0.875767	0.184498	0.899805	0.948855	
803000	-117510	1,2,3,4,5,6	69.268386	5.110370	5.529267	5.310552	5.091124	5.661778	5.391285	1,2,1,3,3,4	69.726730	0.363841	0.107818	0.189948	0.338393	0.249456	0.024451	0.657934	0.068159	0.363841	0.107818	0.189948	0.338393	0.294874	0.343193	0.243608	0.118325	0.294874	0.343193	0.243608	0.118325	0.383031	0.153918	0.112504	0.350547	1,2,2,2,3,4	72.392580	0.179356	0.136960	0.292983	0.345628	0.037680	0.007393	0.123177	0.164215	0.207452	0.164463	0.183796	0.156898	0.123177	0.164215	0.207452	0.164463	0.183796	0.156898	0.123177	0.164215	0.207452	0.164463	0.183796	0.156898	0.083765	0.477418	0.093228	0.202512	0.004468	0.138608	0.172912	0.062881	0.204375	0.088500	0.296962	0.174370	1,2,3,4,5,6	71.256265	0.287889	2.014152	0.697648	0.227932	1.278191	0.943720	
804000	-115874	1,2,3,2,4,5	69.386328	5.659945	5.172095	5.981575	5.172095	7.071098	5.959698	1,2,3,1,2,4	69.370026	0.577161	0.114036	0.072324	0.236479	0.331134	0.126762	0.385637	0.156467	0.249508	0.036743	0.190812	0.522937	0.577161	0.114036	0.072324	0.236479	0.331134	0.126762	0.385637	0.156467	0.177715	0.256324	0.209414	0.356548	1,2,3,3,4,5	72.403100	0.007414	0.024766	0.361197	0.063614	0.298419	0.244591	0.030293	0.132156	0.218942	0.139657	0.150068	0.328885	0.111939	0.246875	0.183145	0.221559	0.105363	0.131119	0.111939	0.246875	0.183145	0.221559	0.105363	0.131119	0.070571	0.456051	0.117462	0.154616	0.096343	0.104958	0.088363	0.126196	0.206907	0.220221	0.216969	0.141344	1,2,3,4,5,6	71.551855	0.304821	2.606171	0.682326	0.208030	0.913777	0.965998	
805000	-115409	1,2,3,1,4,5	72.025510	4.868774	5.902986	5.765798	4.868774	6.223005	5.796833	1,2,3,1,4,5	70.349462	0.417001	0.241140	0.113114	0.228746	0.223671	0.049106	0.619614	0.107609	0.200848	0.052255	0.403862	0.343035	0.417001	0.241140	0.113114	0.228746	0.327392	0.173555	0.425580	0.073472	0.322626	0.150408	0.075983	0.450984	1,2,3,4,3,4	71.092557	0.049259	0.153296	0.412244	0.074138	0.150367	0.160696	0.073283	0.120225	0.150200	0.262823	0.056435	0.337034	0.141245	0.200155	0.219913	0.185204	0.066770	0.186713	0.059780	0.086950	0.132775	0.233197	0.226016	0.261283	0.141245	0.200155	0.219913	0.185204	0.066770	0.186713	0.059780	0.086950	0.132775	0.233197	0.226016	0.261283	1,2,3,4,5,6	70.964121	0.205487	2.289842	0.764612	0.204659	0.792513	1.160541	
806000	-117217	1,2,3,1,4,5	71.357410	4.726910	5.753294	5.351013	4.726910	5.692498	6.061125	1,2,3,4,5,6	71.579997	0.485968	0.281742	0.051231	0.181059	0.199635	0.004885	0.514619	0.280860	0.181025	0.041345	0.574576	0.203053	0.646096	0.141970	0.092064	0.119870	0.507660	0.104608	0.329058	0.058674	0.455704	0.278065	0.065026	0.201205	1,2,3,1,4,2	71.658974	0.010768	0.101344	0.265321	0.428193	0.031328	0.163047	0.090032	0.098348	0.056365	0.157917	0.388559	0.208780	0.095218	0.201084	0.229442	0.322406	0.036491	0.115358	0.010768	0.101344	0.265321	0.428193	0.031328	0.163047	0.158590	0.452951	0.020880	0.288923	0.007866	0.070790	0.090032	0.098348	0.056365	0.157917	0.388559	0.208780	1,2,3,4,5,6	73.464859	0.297539	1.667609	0.826302	0.192210	0.663953	1.080278	
807000	-115933	1,2,3,1,4,5	70.110281	4.902089	5.824564	5.178264	4.902089	5.399082	5.616977	1,2,3,4,4,3	70.142060	0.508746	0.203592	0.113759	0.173903	0.161480	0.022821	0.636932	0.178768	0.199175	0.198709	0.161021	0.441095	0.450675	0.262373	0.227034	0.059918	0.450675	0.262373	0.227034	0.059918	0.199175	0.198709	0.161021	0.441095	1,2,3,1,3,4	71.261057	0.047351	0.028971	0.328931	0.305327	0.147775	0.141645	0.382177	0.067117	0.033460	0.209553	0.220591	0.087101	0.090949	0.369743	0.219353	0.147437	0.012248	0.160270	0.047351	0.028971	0.328931	0.305327	0.147775	0.141645	0.090949	0.369743	0.219353	0.147437	0.012248	0.160270	0.052840	0.051251	0.147936	0.057542	0.587598	0.102834	1,2,3,1,4,4	72.711280	0.225934	1.938336	0.952241	0.225934	0.925459	0.925459	
808000	-116644	1,2,3,2,4,3	71.504418	6.359726	4.787175	6.026938	4.787175	5.989830	6.026938	1,2,3,1,2,1	72.205179	0.391888	0.213606	0.094863	0.299643	0.358801	0.195030	0.331274	0.114895	0.142605	0.161285	0.369523	0.326587	0.391888	0.213606	0.094863	0.299643	0.358801	0.195030	0.331274	0.114895	0.391888	0.213606	0.094863	0.299643	1,2,3,4,3,4	70.946691	0.126128	0.066272	0.536723	0.241849	0.010019	0.019008	0.072614	0.232255	0.074343	0.117102	0.034635	0.469051	0.153409	0.375886	0.203715	0.064000	0.102916	0.100073	0.067193	0.166531	0.068415	0.337681	0.200023	0.160158	0.153409	0.375886	0.203715	0.064000	0.102916	0.100073	0.067193	0.166531	0.068415	0.337681	0.200023	0.160158	1,2,3,4,5,5	70.182513	0.286226	2.628224	0.580628	0.223517	0.807633	0.807633	
809000	-117780	1,2,3,2,2,4	70.359754	6.235534	5.156208	5.243417	5.156208	5.156208	6.297657	1,2,3,1,4,3	68.874115	0.512748	0.167618	0.041927	0.277707	0.110065	0.063711	0.743563	0.082661	0.227388	0.269621	0.100291	0.402700	0.512748	0.167618	0.041927	0.277707	0.522758	0.230260	0.097720	0.149262	0.227388	0.269621	0.100291	0.402700	1,2,3,4,5,2	72.019802	0.044657	0.104500	0.446426	0.121311	0.270306	0.012800	0.042746	0.216449	0.195181	0.129276	0.221355	0.194994	0.126987	0.372403	0.134922	0.153797	0.005691	0.206201	0.061527	0.435079	0.055523	0.332767	0.057601	0.057502	0.130616	0.538531	0.196796	0.071835	0.021913	0.040308	0.042746	0.216449	0.195181	0.129276	0.221355	0.194994	1,2,3,4,5,5	70.154949	0.299566	2.736943	0.757654	0.139508	1.063096	1.063096	
810000	-117092	1,1,2,1,3,4	71.223215	4.636792	4.636792	6.281961	4.636792	5.085567	5.809735	1,2,3,4,2,3	71.549814	0.458658	0.109604	0.205100	0.226638	0.439146	0.039543	0.432996	0.088315	0.211117	0.185739	0.169184	0.433960	0.577099	0.193490	0.110097	0.119314	0.439146	0.039543	0.432996	0.088315	0.211117	0.185739	0.169184	0.433960	1,2,1,1,3,4	71.895081	0.057523	0.125269	0.347740	0.255322	0.099646	0.114501	0.034028	0.034624	0.096433	0.196385	0.000451	0.638079	0.057523	0.125269	0.347740	0.255322	0.099646	0.114501	0.057523	0.125269	0.347740	0.255322	0.099646	0.114501	0.069899	0.166950	0.149669	0.294190	0.255744	0.063548	0.231372	0.156517	0.090469	0.118293	0.293793	0.109556	1,2,3,1,4,5	72.151528	0.215202	2.178726	0.629061	0.215202	0.941563	1.101881	
811000	-117446	1,2,3,2,4,2	70.387035	5.748533	4.830907	5.742488	4.830907	5.291179	4.830907	1,2,3,4,2,5	72.497835	0.495961	0.029953	0.165294	0.308792	0.207778	0.185704	0.549546	0.056972	0.279235	0.030795	0.316369	0.373602	0.218713	0.491175	0.131349	0.158763	0.207778	0.185704	0.549546	0.056972	0.091649	0.127773	0.208146	0.572432	1,2,3,4,5,6	74.067870	0.312281	0.017795	0.343800	0.033495	0.255564	0.037065	0.083728	0.156194	0.318572	0.113734	0.011455	0.316316	0.142306	0.122592	0.121286	0.451272	0.048836	0.113708	0.077578	0.102671	0.258928	0.117286	0.256111	0.187426	0.070699	0.406540	0.103894	0.288541	0.082205	0.048121	0.277144	0.070421	0.206166	0.053287	0.265118	0.127865	1,2,3,1,4,5	71.684765	0.256393	2.551739	0.664713	0.256393	0.852083	0.949493	
812000	-115769	1,2,3,4,5,6	71.989235	5.727224	6.439011	6.558075	5.061239	6.386242	5.585263	1,2,3,1,4,3	69.994043	0.480225	0.164784	0.109616	0.245376	0.256074	0.007873	0.486830	0.249222	0.216102	0.127625	0.187694	0.468578	0.480225	0.164784	0.109616	0.245376	0.447405	0.047830	0.287062	0.217703	0.216102	0.127625	0.187694	0.468578	1,2,3,4,3,5	71.968978	0.182228	0.041945	0.530519	0.069756	0.060960	0.114592	0.114923	0.066402	0.045928	0.431175	0.120568	0.221004	0.241761	0.419687	0.054707	0.175845	0.006018	0.101981	0.071693	0.079870	0.140456	0.125602	0.046146	0.536232	0.241761	0.419687	0.054707	0.175845	0.006018	0.101981	0.381439	0.058616	0.187186	0.046655	0.280273	0.045831	1,2,3,4,5,6	70.258013	0.242463	2.369234	0.786927	0.152303	0.992500	1.031499	
813000	-115954	1,2,2,3,4,5	71.286704	5.459439	5.887297	5.887297	5.200650	7.332185	5.437422	1,2,3,1,2,4	70.364602	0.442170	0.142217	0.152338	0.263275	0.368692	0.052234	0.487428	0.091646	0.176708	0.072057	0.096495	0.654740	0.442170	0.142217	0.152338	0.263275	0.368692	0.052234	0.487428	0.091646	0.219093	0.339999	0.085293	0.355615	1,2,3,4,5,2	72.014999	0.093664	0.060266	0.393846	0.226636	0.181665	0.043923	0.035774	0.117310	0.126721	0.123308	0.286830	0.310056	0.111572	0.207665	0.034280	0.431522	0.153335	0.061626	0.049814	0.124002	0.325284	0.237834	0.025628	0.237437	0.324923	0.295419	0.107083	0.145013	0.107582	0.019979	0.035774	0.117310	0.126721	0.123308	0.286830	0.310056	1,2,3,4,5,3	69.613714	0.200192	4.240689	0.945374	0.199930	1.057768	0.945374	
814000	-116742	1,2,3,1,4,5	70.551515	5.015614	5.360002	5.145499	5.015614	5.639101	5.609477	1,2,3,4,5,6	71.777242	0.555882	0.089137	0.076193	0.278789	0.128358	0.075335	0.452739	0.343569	0.052059	0.038501	0.364468	0.544973	0.502350	0.215611	0.127135	0.154904	0.178842	0.357577	0.304115	0.159466	0.425535	0.188116	0.016929	0.369420	1,2,3,1,4,5	70.240533	0.088472	0.037342	0.224646	0.466698	0.089041	0.093802	0.211572	0.268590	0.057202	0.271307	0.072958	0.118371	0.182645	0.390823	0.139572	0.157223	0.063519	0.066218	0.088472	0.037342	0.224646	0.466698	0.089041	0.093802	0.219926	0.552168	0.080345	0.051020	0.037698	0.058844	0.057592	0.089672	0.205861	0.009134	0.400263	0.237479	1,2,3,4,5,5	70.307495	0.506064	1.968941	0.589482	0.129986	0.937222	0.937222	
815000	-117635	1,2,2,3,4,5	69.239180	5.295239	4.968173	4.968173	6.450684	7.128789	5.684380	1,2,1,3,4,5	72.254881	0.480386	0.063234	0.149524	0.306855	0.334686	0.158482	0.379470	0.127362	0.480386	0.063234	0.149524	0.306855	0.447026	0.187720	0.237522	0.127731	0.331674	0.057976	0.473589	0.136761	0.382816	0.149943	0.135503	0.331738	1,2,2,1,3,4	71.255829	0.105807	0.027802	0.448075	0.110174	0.184388	0.123754	0.287161	0.188336	0.068373	0.094358	0.082269	0.279504	0.287161	0.188336	0.068373	0.094358	0.082269	0.279504	0.105807	0.027802	0.448075	0.110174	0.184388	0.123754	0.248263	0.177133	0.002501	0.165847	0.282980	0.123276	0.124007	0.029481	0.161193	0.035415	0.447860	0.202045	1,2,3,4,5,6	72.583318	0.221774	2.126605	0.746089	0.194407	1.196893	0.901289	
816000	-116728	1,2,1,1,3,4	70.052567	5.032131	5.717197	5.032131	5.032131	6.557740	6.050088	1,2,3,1,4,5	72.467669	0.584823	0.147726	0.064875	0.202576	0.294459	0.042540	0.522060	0.140941	0.380766	0.072350	0.338052	0.208832	0.584823	0.147726	0.064875	0.202576	0.340700	0.099309	0.388342	0.171649	0.217349	0.360434	0.072927	0.349289	1,2,2,2,3,4	72.913922	0.137509	0.122252	0.199644	0.057148	0.224097	0.259351	0.079941	0.122592	0.099970	0.318919	0.146490	0.232088	0.079941	0.122592	0.099970	0.318919	0.146490	0.232088	0.079941	0.122592	0.099970	0.318919	0.146490	0.232088	0.317090	0.313630	0.016944	0.094480	0.070636	0.187222	0.167578	0.241344	0.088209	0.024631	0.262022	0.216216	1,2,3,4,5,6	73.414837	0.324330	2.982070	0.817440	0.242748	1.091824	1.058121	
817000	-117539	1,2,3,4,5,6	71.905240	5.043718	5.385238	6.747474	4.986015	6.263462	6.069914	1,2,3,1,3,4	70.461255	0.430863	0.260424	0.066684	0.242029	0.158503	0.125709	0.613139	0.102650	0.204714	0.144013	0.374108	0.277165	0.430863	0.260424	0.066684	0.242029	0.204714	0.144013	0.374108	0.277165	0.339202	0.346295	0.059576	0.254927	1,2,3,3,4,2	70.467884	0.164207	0.106295	0.243132	0.395415	0.063674	0.027276	0.071470	0.124417	0.180314	0.010098	0.430559	0.183142	0.108837	0.165900	0.072142	0.462187	0.059500	0.131434	0.108837	0.165900	0.072142	0.462187	0.059500	0.131434	0.096496	0.443080	0.010775	0.343997	0.004366	0.101286	0.071470	0.124417	0.180314	0.010098	0.430559	0.183142	1,2,3,1,4,5	71.117598	0.223867	3.235351	1.073125	0.223867	1.092580	0.918833	
818000	-117714	1,2,3,3,4,5	70.752678	6.145734	5.428711	4.046037	4.046037	6.704502	5.548015	1,2,3,4,4,1	70.801379	0.414763	0.199262	0.054725	0.331250	0.241368	0.086379	0.618272	0.053982	0.040499	0.232670	0.179434	0.547398	0.423651	0.177574	0.232659	0.166117	0.423651	0.177574	0.232659	0.166117	0.414763	0.199262	0.054725	0.331250	1,2,3,4,5,4	71.004174	0.027435	0.144727	0.501001	0.173627	0.084554	0.068655	0.075365	0.139127	0.118810	0.110366	0.024088	0.532243	0.001285	0.194287	0.286356	0.225632	0.097089	0.195351	0.088358	0.037339	0.126886	0.148566	0.382750	0.216101	0.126986	0.164749	0.341474	0.275602	0.044625	0.046564	0.088358	0.037339	0.126886	0.148566	0.382750	0.216101	1,2,3,1,4,4	72.115136	0.198622	2.181193	0.775733	0.198622	0.936462	0.936462	
819000	-116305	1,2,3,4,5,6	72.206214	5.364300	5.643974	5.919564	5.360753	6.620120	5.551374	1,2,1,3,4,1	70.988453	0.310063	0.145562	0.190748	0.353627	0.254626	0.060517	0.556725	0.128132	0.310063	0.145562	0.190748	0.353627	0.422952	0.428671	0.032516	0.115861	0.303127	0.163255	0.470405	0.063214	0.310063	0.145562	0.190748	0.353627	1,2,3,4,5,6	70.574783	0.239129	0.064001	0.420390	0.042657	0.233306	0.000517	0.109946	0.104589	0.245628	0.106121	0.033426	0.400290	0.057908	0.226673	0.200211	0.098929	0.066352	0.349926	0.006786	0.131556	0.135994	0.361488	0.291615	0.072560	0.137661	0.210128	0.098165	0.243023	0.228851	0.082172	0.063206	0.030859	0.201793	0.014278	0.374814	0.315050	1,2,3,1,4,4	73.449369	0.220311	1.522885	0.920989	0.220311	1.033258	1.033258	
820000	-116891	1,2,3,4,5,6	70.389398	5.187549	5.694157	5.679274	5.645332	6.306937	4.903301	1,2,3,4,5,6	70.974256	0.513592	0.232132	0.096684	0.157592	0.392151	0.050691	0.335098	0.222059	0.106142	0.029158	0.457249	0.407452	0.475153	0.374324	0.065495	0.085028	0.399903	0.156884	0.236694	0.206518	0.172354	0.126527	0.020740	0.680379	1,2,2,1,3,4	70.474575	0.023790	0.088184	0.466012	0.147169	0.194286	0.080558	0.240844	0.135991	0.075415	0.174877	0.221492	0.151381	0.240844	0.135991	0.075415	0.174877	0.221492	0.151381	0.023790	0.088184	0.466012	0.147169	0.194286	0.080558	0.107221	0.539726	0.078708	0.115458	0.088763	0.070123	0.077058	0.178741	0.098165	0.012412	0.170422	0.463202	1,2,3,4,5,6	71.047389	0.287571	2.761173	0.742729	0.115198	1.216081	1.015593	
821000	-116427	1,2,3,4,5,6	72.514445	6.091431	6.010576	5.395307	4.932578	5.480368	6.006024	1,2,3,4,2,1	70.533333	0.281566	0.257929	0.093822	0.366682	0.240738	0.054966	0.571717	0.132579	0.067398	0.042417	0.141961	0.748225	0.451295	0.442944	0.051904	0.053858	0.240738	0.054966	0.571717	0.132579	0.281566	0.257929	0.093822	0.366682	1,2,3,1,4,5	70.882946	0.080141	0.032711	0.413314	0.236259	0.126247	0.111329	0.439978	0.090861	0.095245	0.060437	0.018595	0.294885	0.025752	0.140653	0.105942	0.612728	0.030402	0.084521	0.080141	0.032711	0.413314	0.236259	0.126247	0.111329	0.409351	0.305244	0.002048	0.082741	0.075120	0.125496	0.201673	0.158711	0.099193	0.091025	0.303025	0.146372	1,2,3,1,3,4	70.287967	0.311413	1.410046	0.974028	0.311413	0.974028	1.005709	
822000	-115687	1,2,3,1,4,5	71.048530	5.132206	5.726232	5.679428	5.132206	7.103854	6.174989	1,2,3,1,2,4	70.828353	0.408109	0.303417	0.069830	0.218644	0.348369	0.076494	0.415336	0.159801	0.140589	0.150020	0.360208	0.349184	0.408109	0.303417	0.069830	0.218644	0.348369	0.076494	0.415336	0.159801	0.233273	0.378011	0.038342	0.350375	1,2,1,2,3,2	70.089862	0.019241	0.256827	0.345983	0.223034	0.056750	0.098166	0.042464	0.131770	0.137987	0.095158	0.209737	0.382884	0.019241	0.256827	0.345983	0.223034	0.056750	0.098166	0.042464	0.131770	0.137987	0.095158	0.209737	0.382884	0.339216	0.135636	0.080340	0.301123	0.109061	0.034624	0.042464	0.131770	0.137987	0.095158	0.209737	0.382884	1,2,3,4,5,3	71.518944	0.324409	3.179339	0.893601	0.191937	1.154241	0.893601	
823000	-116393	1,2,3,4,5,6	69.784505	6.037878	5.537259	5.722044	5.385196	6.474410	5.975554	1,2,3,1,2,4	71.144531	0.510693	0.233123	0.081560	0.174624	0.334844	0.117799	0.441121	0.106236	0.128521	0.104206	0.273329	0.493945	0.510693	0.233123	0.081560	0.174624	0.334844	0.117799	0.441121	0.106236	0.129694	0.450283	0.171504	0.248519	1,1,2,2,3,4	73.069420	0.052274	0.080997	0.390885	0.069308	0.056778	0.349758	0.052274	0.080997	0.390885	0.069308	0.056778	0.349758	0.066883	0.324078	0.084626	0.428080	0.040504	0.055828	0.066883	0.324078	0.084626	0.428080	0.040504	0.055828	0.088241	0.368152	0.181251	0.210039	0.088818	0.063499	0.126891	0.314866	0.106996	0.100803	0.202499	0.147945	1,2,3,4,5,5	73.821873	0.299688	1.373438	0.810981	0.202178	0.972476	0.972476	
824000	-117174	1,2,3,4,5,6	71.691810	5.800464	5.341928	6.099256	5.727453	5.961838	5.734639	1,2,2,3,4,5	71.163359	0.353765	0.151361	0.212354	0.282520	0.159843	0.029441	0.310253	0.500463	0.159843	0.029441	0.310253	0.500463	0.459487	0.108229	0.188890	0.243395	0.210412	0.124815	0.340071	0.324702	0.149881	0.370392	0.084598	0.395129	1,2,3,3,4,5	71.541619	0.168618	0.002372	0.423285	0.126522	0.168542	0.110660	0.069875	0.401012	0.201392	0.211731	0.000279	0.115711	0.006388	0.176849	0.183161	0.381230	0.201358	0.051014	0.006388	0.176849	0.183161	0.381230	0.201358	0.051014	0.379431	0.288102	0.090139	0.194908	0.032305	0.015114	0.137484	0.109323	0.210152	0.129458	0.151083	0.262500	1,2,3,1,4,5	73.086525	0.190469	1.615078	0.768142	0.190469	1.047214	0.851079	
825000	-116778	1,1,2,3,4,5	69.660620	5.997368	5.997368	5.958051	5.075249	6.074514	5.617465	1,2,3,1,2,4	71.938949	0.412500	0.199260	0.085853	0.302387	0.351978	0.049497	0.503039	0.095487	0.168045	0.154497	0.080903	0.596555	0.412500	0.199260	0.085853	0.302387	0.351978	0.049497	0.503039	0.095487	0.367390	0.203484	0.036312	0.392814	1,2,3,3,4,2	69.895637	0.021252	0.093267	0.418690	0.108465	0.067503	0.290823	0.064551	0.068382	0.084367	0.057292	0.370652	0.354757	0.033875	0.182339	0.210766	0.326743	0.093861	0.152415	0.033875	0.182339	0.210766	0.326743	0.093861	0.152415	0.024170	0.353029	0.110793	0.417714	0.059149	0.035144	0.064551	0.068382	0.084367	0.057292	0.370652	0.354757	1,2,3,4,5,5	71.720720	0.272410	2.796522	0.788457	0.263771	0.886793	0.886793	
826000	-117465	1,2,3,4,5,6	71.319365	6.383172	5.762665	5.142989	4.901376	6.153035	5.650258	1,2,3,4,5,1	74.392862	0.356900	0.281916	0.061705	0.299480	0.145207	0.075455	0.521237	0.258100	0.061885	0.225265	0.104890	0.607960	0.308224	0.392519	0.104963	0.194294	0.224514	0.179596	0.367938	0.227951	0.356900	0.281916	0.061705	0.299480	1,2,3,1,3,2	70.776459	0.020378	0.044298	0.331172	0.226722	0.264903	0.112526	0.087613	0.141743	0.128108	0.052572	0.139486	0.450477	0.064004	0.536176	0.034877	0.275922	0.000002	0.089019	0.020378	0.044298	0.331172	0.226722	0.264903	0.112526	0.064004	0.536176	0.034877	0.275922	0.000002	0.089019	0.087613	0.141743	0.128108	0.052572	0.139486	0.450477	1,2,3,4,3,5	70.764964	0.257447	3.422168	0.988284	0.171747	0.988284	1.059046	
827000	-116821	1,1,1,1,2,3	71.727379	4.885538	4.885538	4.885538	4.885538	6.483960	6.025692	1,2,1,3,2,4	70.610036	0.274292	0.132029	0.140408	0.453272	0.443643	0.106438	0.338825	0.111094	0.274292	0.132029	0.140408	0.453272	0.455353	0.284849	0.034708	0.225089	0.443643	0.106438	0.338825	0.111094	0.229257	0.340884	0.095223	0.334636	1,2,3,1,4,5	72.181436	0.194572	0.105098	0.221477	0.260779	0.215897	0.002176	0.000883	0.092792	0.186872	0.137484	0.265922	0.316047	0.207342	0.152105	0.101480	0.211798	0.038448	0.288827	0.194572	0.105098	0.221477	0.260779	0.215897	0.002176	0.235237	0.350799	0.029408	0.214754	0.038999	0.130803	0.140938	0.253920	0.179101	0.076065	0.159140	0.190836	1,2,3,4,5,6	72.565751	0.278628	2.546557	0.980458	0.213621	1.309728	1.078536	
828000	-116846	1,2,3,4,5,6	71.891892	4.961661	5.807602	5.450800	5.593500	6.377529	6.550935	1,2,3,4,2,1	71.352007	0.318493	0.176635	0.032797	0.472075	0.339673	0.080610	0.441111	0.138605	0.309569	0.020214	0.381751	0.288465	0.390664	0.385629	0.137098	0.086609	0.339673	0.080610	0.441111	0.138605	0.318493	0.176635	0.032797	0.472075	1,2,3,4,5,3	71.588973	0.055251	0.060354	0.257631	0.507675	0.043508	0.075581	0.302483	0.117745	0.193397	0.094851	0.003443	0.288082	0.023550	0.165797	0.238044	0.065823	0.233252	0.273534	0.007987	0.182886	0.241148	0.185160	0.170103	0.212715	0.109873	0.286032	0.190973	0.360524	0.039226	0.013371	0.023550	0.165797	0.238044	0.065823	0.233252	0.273534	1,2,3,1,4,4	71.904937	0.202036	1.916271	0.540983	0.202036	0.967328	0.967328	
829000	-116840	1,2,3,3,4,5	70.988579	4.846694	6.029756	4.816069	4.816069	5.827825	5.848040	1,2,1,3,2,4	74.119679	0.251468	0.056542	0.133973	0.558017	0.239577	0.066571	0.569320	0.124532	0.251468	0.056542	0.133973	0.558017	0.535433	0.173374	0.164570	0.126623	0.239577	0.066571	0.569320	0.124532	0.291582	0.385560	0.081944	0.240913	1,2,3,4,5,2	73.846560	0.213945	0.015247	0.222018	0.177478	0.327256	0.044056	0.161820	0.074102	0.117568	0.086890	0.302405	0.257215	0.087809	0.173392	0.133721	0.299024	0.126815	0.179239	0.044631	0.114925	0.169028	0.388216	0.133978	0.149223	0.148869	0.331998	0.209427	0.084580	0.120879	0.104246	0.161820	0.074102	0.117568	0.086890	0.302405	0.257215	1,2,3,1,4,4	72.390444	0.285794	3.884082	0.736364	0.285794	0.943445	0.943445	
830000	-116738	1,2,3,4,5,6	71.196967	6.082074	5.559177	6.255655	5.453975	6.841580	6.223812	1,2,3,4,2,5	72.376904	0.493260	0.021750	0.087337	0.397653	0.314415	0.079991	0.424528	0.181065	0.102212	0.098717	0.290892	0.508180	0.680311	0.190694	0.086121	0.042874	0.314415	0.079991	0.424528	0.181065	0.276389	0.173879	0.168558	0.381174	1,2,2,3,4,5	73.153298	0.093353	0.126876	0.278944	0.397701	0.037381	0.065745	0.131791	0.235399	0.059140	0.237538	0.037202	0.298930	0.131791	0.235399	0.059140	0.237538	0.037202	0.298930	0.046832	0.058618	0.075597	0.399784	0.117420	0.301750	0.118548	0.448794	0.041611	0.246120	0.066585	0.078343	0.065421	0.247797	0.115508	0.254119	0.174172	0.142983	1,2,3,4,5,5	70.726328	0.284853	3.444655	0.910868	0.249014	1.062802	1.062802	
831000	-116646	1,2,3,4,5,6	71.723947	4.692610	5.593767	5.462753	5.551726	6.299384	5.910998	1,2,3,4,5,1	71.925402	0.277068	0.173500	0.224028	0.325404	0.239565	0.075519	0.389375	0.295541	0.097611	0.084909	0.277862	0.539618	0.419055	0.371179	0.109227	0.100540	0.454210	0.055376	0.315452	0.174962	0.277068	0.173500	0.224028	0.325404	1,2,2,3,2,3	71.888020	0.134127	0.123107	0.511865	0.174223	0.029509	0.027168	0.033173	0.267612	0.120976	0.299142	0.109144	0.169952	0.033173	0.267612	0.120976	0.299142	0.109144	0.169952	0.031593	0.144949	0.163187	0.081335	0.500650	0.078286	0.033173	0.267612	0.120976	0.299142	0.109144	0.169952	0.031593	0.144949	0.163187	0.081335	0.500650	0.078286	1,2,3,1,4,4	71.849934	0.234073	1.362831	0.894139	0.234073	0.932478	0.932478	
832000	-117437	1,2,3,4,5,6	70.558099	5.608263	5.332490	6.514978	5.173627	6.256307	6.162408	1,2,3,4,5,1	71.257977	0.401400	0.164416	0.125408	0.308776	0.187272	0.191928	0.574416	0.046383	0.201841	0.052654	0.298932	0.446573	0.514392	0.186379	0.241882	0.057347	0.361759	0.288510	0.290858	0.058873	0.401400	0.164416	0.125408	0.308776	1,2,1,3,4,5	71.407143	0.089919	0.144582	0.271243	0.298314	0.084929	0.111012	0.064723	0.174331	0.339364	0.103108	0.121794	0.196681	0.089919	0.144582	0.271243	0.298314	0.084929	0.111012	0.091537	0.024542	0.514362	0.178344	0.033635	0.157579	0.064938	0.388914	0.123811	0.285847	0.008845	0.127645	0.199429	0.207282	0.145284	0.173960	0.162848	0.111197	1,2,3,4,5,6	72.800970	0.320993	2.322463	0.764116	0.260355	1.131763	0.921236	
833000	-117335	1,2,3,3,4,5	72.397431	5.183699	5.614262	4.434198	4.434198	5.006862	6.018091	1,2,3,4,4,1	73.130450	0.342057	0.175598	0.101973	0.380372	0.479854	0.048675	0.290107	0.181365	0.170149	0.219425	0.331737	0.278689	0.382202	0.315113	0.204444	0.098242	0.382202	0.315113	0.204444	0.098242	0.342057	0.175598	0.101973	0.380372	1,2,3,2,3,2	70.788146	0.084990	0.032312	0.464344	0.237922	0.101926	0.078506	0.078330	0.081421	0.160158	0.251408	0.201202	0.227482	0.128638	0.278345	0.133120	0.088776	0.092787	0.278334	0.078330	0.081421	0.160158	0.251408	0.201202	0.227482	0.128638	0.278345	0.133120	0.088776	0.092787	0.278334	0.078330	0.081421	0.160158	0.251408	0.201202	0.227482	1,2,3,4,3,3	70.791050	0.273743	2.354605	0.965022	0.195534	0.965022	0.965022	
834000	-116453	1,2,3,1,4,5	71.959357	4.592327	5.714375	6.163929	4.592327	6.334481	5.976296	1,2,3,4,4,5	72.055645	0.442722	0.166066	0.136133	0.255079	0.129865	0.017459	0.673717	0.178959	0.060822	0.161093	0.174967	0.603119	0.423202	0.070135	0.356947	0.149716	0.423202	0.070135	0.356947	0.149716	0.314927	0.246414	0.104817	0.333842	1,2,3,4,5,2	71.345754	0.107577	0.211421	0.453616	0.173710	0.046655	0.007021	0.142802	0.095834	0.105381	0.093238	0.317608	0.245137	0.090396	0.202654	0.130648	0.380564	0.122610	0.073128	0.188288	0.018869	0.220480	0.096432	0.255492	0.220439	0.274617	0.244562	0.044595	0.199657	0.135377	0.101191	0.142802	0.095834	0.105381	0.093238	0.317608	0.245137	1,2,3,1,4,5	71.680282	0.262086	4.243459	0.949527	0.262086	0.954849	1.026355	
835000	-117010	1,2,1,1,3,4	73.286846	4.725509	5.927827	4.725509	4.725509	6.369160	6.098332	1,2,3,4,2,3	71.776839	0.299575	0.118404	0.155324	0.426697	0.316307	0.075391	0.385465	0.222837	0.125995	0.222246	0.185874	0.465885	0.475160	0.318498	0.065012	0.141331	0.316307	0.075391	0.385465	0.222837	0.125995	0.222246	0.185874	0.465885	1,2,3,4,5,6	69.960641	0.130977	0.233774	0.394596	0.154811	0.010377	0.075465	0.015902	0.111124	0.152729	0.462630	0.027796	0.229818	0.190901	0.214544	0.170936	0.089076	0.086556	0.247988	0.029102	0.211478	0.136493	0.273357	0.159471	0.190098	0.159388	0.405615	0.091047	0.129087	0.079952	0.134912	0.473338	0.053379	0.087404	0.060953	0.169110	0.155816	1,2,3,1,4,5	70.496069	0.287087	2.897730	0.862249	0.287087	1.032348	0.927959	
836000	-117135	1,2,3,4,5,2	71.887950	5.118920	5.359904	5.816240	6.693621	6.535292	5.359904	1,2,3,4,2,5	70.310458	0.384953	0.263926	0.131956	0.219166	0.311099	0.165111	0.401353	0.122436	0.195885	0.087235	0.067930	0.648950	0.461978	0.238831	0.081267	0.217924	0.311099	0.165111	0.401353	0.122436	0.362809	0.157869	0.171224	0.308097	1,2,3,3,4,5	70.267090	0.255273	0.007230	0.391624	0.175381	0.025432	0.145060	0.037084	0.110684	0.390528	0.020987	0.042743	0.397975	0.105656	0.098820	0.075150	0.449538	0.126371	0.144464	0.105656	0.098820	0.075150	0.449538	0.126371	0.144464	0.068874	0.393027	0.224290	0.218284	0.067156	0.028370	0.062897	0.149485	0.087754	0.131063	0.423881	0.144920	1,2,3,4,5,6	71.697910	0.241443	2.596142	0.645127	0.223349	0.989813	0.797405	
837000	-116080	1,2,3,4,5,6	71.934564	4.710004	5.249045	5.306372	5.850476	6.820620	5.690698	1,2,1,3,4,5	70.884470	0.263429	0.130716	0.210203	0.395652	0.208019	0.032860	0.454772	0.304349	0.263429	0.130716	0.210203	0.395652	0.583074	0.249732	0.039251	0.127943	0.306846	0.063791	0.493693	0.135670	0.256667	0.191129	0.052918	0.499286	1,2,2,3,4,2	71.034587	0.046363	0.241350	0.468888	0.101113	0.127254	0.015031	0.096845	0.248204	0.134588	0.157832	0.173259	0.189273	0.096845	0.248204	0.134588	0.157832	0.173259	0.189273	0.019388	0.072018	0.208753	0.376711	0.064066	0.259063	0.123720	0.602467	0.068254	0.101846	0.033221	0.070492	0.096845	0.248204	0.134588	0.157832	0.173259	0.189273	1,2,3,1,4,5	72.088843	0.263403	2.365680	0.849231	0.263403	0.838107	1.146653	
838000	-114946	1,2,3,4,5,6	70.136724	5.615927	5.622109	5.307569	5.451491	6.429304	5.870307	1,2,3,4,5,6	71.364292	0.372126	0.296313	0.073064	0.258497	0.288639	0.068665	0.459584	0.183112	0.231866	0.089711	0.121413	0.557010	0.396199	0.353844	0.173789	0.076169	0.328211	0.139411	0.405511	0.126867	0.273923	0.255223	0.173066	0.297789	1,2,3,1,4,5	72.690877	0.024740	0.076462	0.457180	0.210029	0.090873	0.140716	0.095101	0.128351	0.138326	0.306684	0.020139	0.311400	0.013479	0.217968	0.121849	0.327833	0.043352	0.275519	0.024740	0.076462	0.457180	0.210029	0.090873	0.140716	0.154124	0.287586	0.164677	0.238591	0.098875	0.056148	0.171373	0.048342	0.143213	0.217372	0.256656	0.163043	1,2,3,4,5,5	71.886984	0.307240	3.194344	0.587276	0.227222	1.101858	1.101858	
839000	-115407	1,2,3,4,5,6	71.390974	5.350500	5.492942	6.269360	5.183550	6.580532	6.423086	1,2,3,4,2,1	70.466128	0.325692	0.190805	0.123268	0.360235	0.344494	0.070215	0.489120	0.096172	0.188955	0.024354	0.353679	0.433012	0.507838	0.408245	0.018808	0.065109	0.344494	0.070215	0.489120	0.096172	0.325692	0.190805	0.123268	0.360235	1,2,3,4,3,5	72.391061	0.114588	0.291146	0.315277	0.079392	0.042938	0.156660	0.243139	0.131763	0.062695	0.149810	0.139164	0.273429	0.160081	0.284996	0.074149	0.280885	0.116056	0.083833	0.019637	0.192198	0.195399	0.055854	0.251606	0.285307	0.160081	0.284996	0.074149	0.280885	0.116056	0.083833	0.174367	0.051606	0.137027	0.050316	0.454623	0.132061	1,2,3,4,3,3	71.264632	0.323002	3.598686	0.889610	0.196824	0.889610	0.889610	
840000	-115781	1,2,3,2,4,5	70.557951	5.606858	4.896709	5.233994	4.896709	6.657199	6.620998	1,2,3,4,2,1	69.375461	0.345710	0.199904	0.136570	0.317816	0.346093	0.094291	0.343571	0.216044	0.248235	0.152840	0.211131	0.387794	0.731355	0.147105	0.089308	0.032232	0.346093	0.094291	0.343571	0.216044	0.345710	0.199904	0.136570	0.317816	1,2,2,1,3,4	68.958752	0.043327	0.067538	0.458758	0.195139	0.118058	0.117180	0.066681	0.290247	0.092372	0.161685	0.101330	0.287686	0.066681	0.290247	0.092372	0.161685	0.101330	0.287686	0.043327	0.067538	0.458758	0.195139	0.118058	0.117180	0.155533	0.208234	0.061847	0.554931	0.005013	0.014442	0.059326	0.111033	0.175371	0.338204	0.240986	0.075080	1,2,3,4,5,3	71.725636	0.237930	2.698043	0.759603	0.233453	1.065782	0.759603	
841000	-116731	1,2,3,4,5,6	71.232511	5.427656	5.625318	4.397360	4.388512	5.742433	6.637185	1,2,3,4,2,5	71.568359	0.502873	0.042317	0.114023	0.340787	0.212838	0.105136	0.398758	0.283268	0.317856	0.060671	0.106327	0.515146	0.549144	0.184944	0.132411	0.133501	0.212838	0.105136	0.398758	0.283268	0.207213	0.179596	0.167581	0.445610	1,2,2,2,3,2	71.679520	0.266045	0.038662	0.296631	0.230535	0.114063	0.054063	0.122276	0.200345	0.163204	0.060022	0.219683	0.234471	0.122276	0.200345	0.163204	0.060022	0.219683	0.234471	0.122276	0.200345	0.163204	0.060022	0.219683	0.234471	0.394725	0.322488	0.049180	0.080212	0.140311	0.013085	0.122276	0.200345	0.163204	0.060022	0.219683	0.234471	1,2,3,4,5,6	70.544266	0.401361	2.277201	0.801249	0.169504	1.066531	1.116165	
842000	-117898	1,2,3,4,2,5	73.587960	5.125638	6.523707	5.482776	5.823507	6.523707	5.733980	1,2,3,1,2,4	71.078100	0.435261	0.201168	0.120549	0.243022	0.299662	0.071340	0.424869	0.204129	0.108306	0.153465	0.410006	0.328222	0.435261	0.201168	0.120549	0.243022	0.299662	0.071340	0.424869	0.204129	0.172906	0.303862	0.208713	0.314520	1,1,2,3,4,5	70.584418	0.046979	0.063124	0.276411	0.247754	0.036109	0.329623	0.046979	0.063124	0.276411	0.247754	0.036109	0.329623	0.015262	0.168206	0.464717	0.133898	0.139975	0.077942	0.083280	0.036640	0.090267	0.232797	0.190309	0.366706	0.263589	0.305784	0.062034	0.034438	0.272957	0.061198	0.036099	0.064194	0.434607	0.113208	0.152452	0.199441	1,2,3,4,5,6	71.025099	0.361489	2.671177	0.847129	0.121080	1.072259	1.096619	
843000	-116023	1,2,3,3,4,5	72.332776	4.996608	6.128290	4.835512	4.835512	5.830003	5.727257	1,2,3,4,2,1	71.446022	0.362259	0.195836	0.084751	0.357154	0.303254	0.057264	0.516536	0.122946	0.202971	0.137181	0.119123	0.540726	0.340071	0.150610	0.352590	0.156729	0.303254	0.057264	0.516536	0.122946	0.362259	0.195836	0.084751	0.357154	1,2,3,2,3,2	71.002335	0.180891	0.063221	0.229388	0.260344	0.068006	0.198151	0.105792	0.062700	0.146569	0.060311	0.324133	0.300495	0.129303	0.373128	0.120387	0.256122	0.052616	0.068444	0.105792	0.062700	0.146569	0.060311	0.324133	0.300495	0.129303	0.373128	0.120387	0.256122	0.052616	0.068444	0.105792	0.062700	0.146569	0.060311	0.324133	0.300495	1,2,3,1,4,4	72.597828	0.246046	2.890984	0.765730	0.246046	0.922815	0.922815	
844000	-115763	1,2,3,2,4,4	71.484559	5.214815	5.076854	6.499993	5.076854	5.892318	5.892318	1,2,3,4,5,6	72.370636	0.320759	0.125841	0.178581	0.374818	0.243303	0.046881	0.368249	0.341567	0.156877	0.073529	0.352332	0.417262	0.607035	0.112767	0.173884	0.106313	0.568400	0.101988	0.250717	0.078895	0.108588	0.345852	0.115336	0.430224	1,2,3,1,3,1	71.299744	0.134650	0.073378	0.346195	0.133798	0.171934	0.140045	0.059607	0.280218	0.213332	0.073993	0.035022	0.337828	0.144584	0.249384	0.083236	0.403949	0.044031	0.074816	0.134650	0.073378	0.346195	0.133798	0.171934	0.140045	0.144584	0.249384	0.083236	0.403949	0.044031	0.074816	0.134650	0.073378	0.346195	0.133798	0.171934	0.140045	1,2,3,4,5,5	71.419878	0.353601	1.403407	0.786101	0.189262	1.005347	1.005347	
845000	-117086	1,2,3,3,4,5	72.371204	5.765076	5.244874	4.209276	4.209276	5.344046	5.944937	1,2,3,4,5,1	73.016722	0.381981	0.206362	0.056339	0.355318	0.045114	0.032939	0.555102	0.366845	0.116918	0.102206	0.468374	0.312502	0.515861	0.314820	0.066187	0.103133	0.446360	0.135917	0.321976	0.095746	0.381981	0.206362	0.056339	0.355318	1,2,1,3,4,2	71.197723	0.229802	0.105647	0.328803	0.264126	0.017405	0.054217	0.113935	0.250544	0.094329	0.262183	0.171920	0.107090	0.229802	0.105647	0.328803	0.264126	0.017405	0.054217	0.014477	0.010950	0.157774	0.337198	0.141858	0.337743	0.084664	0.287213	0.256916	0.153106	0.200978	0.017122	0.113935	0.250544	0.094329	0.262183	0.171920	0.107090	1,2,3,4,5,6	71.611431	0.227724	2.249500	0.841252	0.184115	1.181977	1.038773	
846000	-117455	1,2,3,3,4,5	70.132057	5.420481	5.481101	4.858713	4.858713	6.415675	5.895224	1,2,3,4,5,6	72.805876	0.538100	0.103243	0.182327	0.176331	0.059793	0.084113	0.687248	0.168847	0.114855	0.153134	0.182122	0.549888	0.406333	0.287570	0.158232	0.147865	0.214953	0.274280	0.483822	0.026945	0.186571	0.167478	0.055811	0.590140	1,2,2,3,2,3	71.780046	0.008971	0.042463	0.469828	0.044181	0.419310	0.015247	0.124026	0.218887	0.178893	0.271738	0.009351	0.197105	0.124026	0.218887	0.178893	0.271738	0.009351	0.197105	0.136978	0.096952	0.223638	0.215208	0.217937	0.109287	0.124026	0.218887	0.178893	0.271738	0.009351	0.197105	0.136978	0.096952	0.223638	0.215208	0.217937	0.109287	1,2,3,4,5,5	71.816210	0.354318	3.086396	0.865078	0.165075	0.911071	0.911071	
847000	-116390	1,2,3,4,5,6	70.464605	5.578307	5.787356	5.174504	4.926563	6.156206	7.540869	1,2,3,4,5,6	72.367293	0.551610	0.073631	0.098221	0.276538	0.217712	0.083377	0.510173	0.188738	0.426742	0.064653	0.267181	0.241424	0.500309	0.315932	0.116787	0.066971	0.202874	0.183782	0.428729	0.184615	0.167278	0.310611	0.063929	0.458182	1,2,3,3,4,5	71.969458	0.270653	0.012147	0.239131	0.124506	0.059101	0.294461	0.026500	0.255588	0.061659	0.107022	0.036368	0.512863	0.071370	0.115724	0.112098	0.413590	0.105341	0.181877	0.071370	0.115724	0.112098	0.413590	0.105341	0.181877	0.155681	0.492453	0.042591	0.180695	0.107203	0.021377	0.005864	0.286741	0.096430	0.061607	0.150128	0.399231	1,2,3,4,5,3	72.213175	0.285551	1.497730	0.828192	0.282370	1.209740	0.828192	
848000	-116513	1,2,3,4,5,6	70.832808	5.837017	5.484242	4.922985	4.599104	6.318084	6.372288	1,2,3,4,2,1	72.501632	0.387999	0.183392	0.066459	0.362151	0.291737	0.149045	0.429784	0.129435	0.322928	0.229274	0.134672	0.313126	0.595703	0.245127	0.066124	0.093046	0.291737	0.149045	0.429784	0.129435	0.387999	0.183392	0.066459	0.362151	1,2,3,2,4,5	70.830994	0.050723	0.039785	0.432421	0.125751	0.062347	0.288974	0.046181	0.116110	0.117444	0.076935	0.119209	0.524120	0.035602	0.077800	0.040451	0.497415	0.050676	0.298054	0.046181	0.116110	0.117444	0.076935	0.119209	0.524120	0.150678	0.426092	0.182232	0.144804	0.001809	0.094386	0.122539	0.213742	0.024355	0.009048	0.324850	0.305466	1,2,3,1,4,5	72.105121	0.272797	3.110553	0.997275	0.272797	1.000302	0.931454	
849000	-115815	1,2,3,4,5,6	71.475612	5.856704	5.712548	5.263798	4.974803	6.049996	5.712895	1,2,3,4,2,1	71.435608	0.389048	0.223941	0.072433	0.314578	0.323792	0.041335	0.372252	0.262622	0.108362	0.209309	0.136022	0.546307	0.635340	0.208788	0.027643	0.128229	0.323792	0.041335	0.372252	0.262622	0.389048	0.223941	0.072433	0.314578	1,2,3,2,4,2	71.504190	0.020403	0.018650	0.454180	0.337626	0.128812	0.040329	0.051488	0.079804	0.103619	0.368325	0.200814	0.195949	0.260994	0.343416	0.029831	0.230579	0.002620	0.132560	0.051488	0.079804	0.103619	0.368325	0.200814	0.195949	0.064129	0.363576	0.020408	0.410169	0.133212	0.008506	0.051488	0.079804	0.103619	0.368325	0.200814	0.195949	1,2,3,4,5,5	69.974208	0.252948	2.419430	1.009266	0.198585	0.986754	0.986754	
850000	-115076	1,2,3,1,4,5	72.031436	4.655053	5.738032	6.202449	4.655053	6.470379	5.980387	1,2,3,4,5,1	71.222813	0.329085	0.307553	0.043399	0.319963	0.144158	0.078010	0.674292	0.103540	0.155450	0.093701	0.449081	0.301768	0.617944	0.128104	0.204265	0.049687	0.459427	0.156595	0.325182	0.058795	0.329085	0.307553	0.043399	0.319963	1,2,3,4,5,2	70.990956	0.034228	0.290851	0.346690	0.205648	0.033599	0.088984	0.031173	0.135765	0.113493	0.198956	0.174085	0.346527	0.031134	0.194380	0.198320	0.455343	0.034702	0.086122	0.054086	0.001268	0.138584	0.143558	0.361016	0.301489	0.140755	0.369689	0.052377	0.245667	0.055455	0.136057	0.031173	0.135765	0.113493	0.198956	0.174085	0.346527	1,2,3,1,4,4	70.983722	0.266093	3.087936	0.596274	0.266093	0.937328	0.937328	
851000	-115297	1,2,3,4,5,6	70.697239	5.793158	5.927598	6.034924	6.198559	6.296950	6.166098	1,2,3,4,2,1	70.612209	0.343706	0.161290	0.095837	0.399167	0.296267	0.089193	0.501964	0.112577	0.096279	0.082781	0.398281	0.422659	0.517115	0.332986	0.112334	0.037565	0.296267	0.089193	0.501964	0.112577	0.343706	0.161290	0.095837	0.399167	1,2,3,1,4,5	68.652365	0.019553	0.055823	0.322271	0.473033	0.117817	0.011502	0.059415	0.095179	0.262949	0.068081	0.162742	0.351634	0.183513	0.110377	0.138980	0.390412	0.026895	0.149823	0.019553	0.055823	0.322271	0.473033	0.117817	0.011502	0.204628	0.246923	0.187721	0.229990	0.129815	0.000924	0.086009	0.249946	0.102320	0.151772	0.332720	0.077232	1,2,3,4,5,6	71.566402	0.200631	2.689318	0.865747	0.164541	1.025065	0.982446	
852000	-117671	1,2,3,2,1,1	72.821075	6.885273	4.426145	5.676783	4.426145	6.885273	6.885273	1,2,2,1,3,4	72.149431	0.441441	0.221069	0.054714	0.282776	0.140090	0.107078	0.343775	0.409057	0.140090	0.107078	0.343775	0.409057	0.441441	0.221069	0.054714	0.282776	0.344174	0.178855	0.372052	0.104919	0.164316	0.312942	0.058846	0.463896	1,2,2,3,3,4	71.701046	0.001478	0.212680	0.431892	0.251818	0.059976	0.042156	0.219730	0.282807	0.205171	0.137920	0.051297	0.103074	0.219730	0.282807	0.205171	0.137920	0.051297	0.103074	0.050989	0.226295	0.075691	0.564328	0.073963	0.008735	0.050989	0.226295	0.075691	0.564328	0.073963	0.008735	0.196087	0.130064	0.025989	0.222849	0.190350	0.234661	1,2,3,1,4,5	70.906577	0.290403	2.170932	0.873768	0.290403	0.978479	1.038336	
853000	-116086	1,2,3,3,4,5	70.872203	6.056215	6.017905	4.410998	4.410998	6.475744	5.837291	1,2,3,4,2,5	71.412132	0.568717	0.128303	0.039958	0.263022	0.331374	0.099623	0.428889	0.140113	0.051438	0.068321	0.176582	0.703659	0.520263	0.259920	0.107405	0.112412	0.331374	0.099623	0.428889	0.140113	0.226983	0.139248	0.148547	0.485222	1,2,3,4,3,4	73.393688	0.006663	0.046400	0.394901	0.414131	0.118780	0.019124	0.199990	0.090955	0.143893	0.019523	0.276259	0.269380	0.143058	0.232555	0.181726	0.273874	0.032022	0.136765	0.159749	0.140510	0.149488	0.173176	0.290905	0.086173	0.143058	0.232555	0.181726	0.273874	0.032022	0.136765	0.159749	0.140510	0.149488	0.173176	0.290905	0.086173	1,2,3,4,5,5	71.519991	0.312084	2.950255	0.917598	0.222330	0.914066	0.914066	
854000	-117837	1,2,1,3,3,4	72.091374	5.113679	5.709169	5.113679	4.914348	4.914348	5.849404	1,2,2,1,2,3	70.383166	0.500353	0.178228	0.096980	0.224439	0.142126	0.113613	0.519363	0.224898	0.142126	0.113613	0.519363	0.224898	0.500353	0.178228	0.096980	0.224439	0.142126	0.113613	0.519363	0.224898	0.223341	0.232602	0.190243	0.353813	1,1,2,3,3,4	71.500641	0.147088	0.150359	0.252020	0.080380	0.212581	0.157572	0.147088	0.150359	0.252020	0.080380	0.212581	0.157572	0.042492	0.214132	0.323029	0.091315	0.211782	0.117251	0.156612	0.274722	0.108890	0.213235	0.206460	0.040080	0.156612	0.274722	0.108890	0.213235	0.206460	0.040080	0.122731	0.067888	0.293857	0.076469	0.337805	0.101249	1,2,3,1,4,5	71.199484	0.287007	1.886206	0.691984	0.287007	1.104844	0.970708	
855000	-116527	1,2,3,2,4,2	72.220153	5.528785	5.184784	5.856082	5.184784	6.254244	5.184784	1,2,3,1,2,1	72.426258	0.417449	0.280794	0.071852	0.229905	0.399022	0.064803	0.474199	0.061976	0.213317	0.038239	0.344361	0.404083	0.417449	0.280794	0.071852	0.229905	0.399022	0.064803	0.474199	0.061976	0.417449	0.280794	0.071852	0.229905	1,2,2,2,3,2	71.615710	0.022707	0.035930	0.314224	0.290678	0.029463	0.306998	0.083380	0.112280	0.136842	0.167888	0.217807	0.281803	0.083380	0.112280	0.136842	0.167888	0.217807	0.281803	0.083380	0.112280	0.136842	0.167888	0.217807	0.281803	0.153105	0.265414	0.141141	0.151625	0.014843	0.273872	0.083380	0.112280	0.136842	0.167888	0.217807	0.281803	1,2,3,4,3,3	70.193348	0.267949	6.572264	0.796792	0.245648	0.796792	0.796792	
856000	-117711	1,2,3,4,3,5	69.860791	6.114697	5.990982	5.191115	6.060724	5.191115	6.174456	1,2,3,4,5,6	71.921303	0.412647	0.146269	0.068214	0.372871	0.170532	0.031632	0.592590	0.205247	0.156549	0.186676	0.140405	0.516370	0.590023	0.306429	0.090756	0.012792	0.775434	0.063638	0.122733	0.038195	0.124535	0.368704	0.104937	0.401824	1,2,3,4,2,5	71.173813	0.081006	0.047967	0.438639	0.042488	0.073842	0.316057	0.150780	0.133888	0.133620	0.313385	0.114611	0.153715	0.150012	0.199616	0.244375	0.253767	0.017611	0.134618	0.008432	0.199091	0.089110	0.303247	0.067709	0.332411	0.150780	0.133888	0.133620	0.313385	0.114611	0.153715	0.080831	0.200952	0.331108	0.079224	0.204053	0.103831	1,2,3,4,5,6	71.892999	0.197734	1.777071	0.877470	0.147103	1.170297	1.004320	
857000	-117968	1,2,2,1,3,4	71.821468	5.043543	5.368080	5.368080	5.043543	6.219579	5.945307	1,2,3,4,2,5	71.225091	0.299930	0.267847	0.020149	0.412074	0.274673	0.100396	0.524231	0.100700	0.131153	0.316440	0.187283	0.365124	0.645601	0.112778	0.146058	0.095563	0.274673	0.100396	0.524231	0.100700	0.294772	0.228968	0.066318	0.409943	1,1,2,3,4,3	70.518953	0.025855	0.306492	0.117349	0.170345	0.045088	0.334871	0.025855	0.306492	0.117349	0.170345	0.045088	0.334871	0.195143	0.258760	0.051303	0.253694	0.058945	0.182154	0.058019	0.152931	0.064677	0.253923	0.247170	0.223281	0.147148	0.250261	0.079424	0.320375	0.086662	0.116130	0.058019	0.152931	0.064677	0.253923	0.247170	0.223281	1,2,3,4,5,3	70.346755	0.250694	1.772436	0.919886	0.210415	1.191412	0.919886	
858000	-116731	1,2,1,1,3,4	71.196668	4.450738	5.658635	4.450738	4.450738	6.337033	6.550270	1,2,3,4,5,6	70.349284	0.377562	0.424378	0.055389	0.142671	0.339924	0.038224	0.526069	0.095783	0.071739	0.388613	0.344981	0.194668	0.736811	0.103456	0.057465	0.102267	0.310573	0.132490	0.539520	0.017417	0.155504	0.281243	0.155561	0.407692	1,2,3,2,4,5	70.687914	0.027876	0.052837	0.356272	0.183078	0.078220	0.301717	0.041919	0.071982	0.175565	0.214887	0.140977	0.354669	0.080281	0.289696	0.307419	0.106617	0.027826	0.188161	0.041919	0.071982	0.175565	0.214887	0.140977	0.354669	0.130494	0.290983	0.300322	0.206533	0.064958	0.006711	0.043710	0.327493	0.187199	0.020687	0.136117	0.284794	1,2,3,4,5,5	69.621287	0.486718	3.424764	0.794789	0.141820	0.790535	0.790535	
859000	-117257	1,2,3,1,4,5	71.186800	4.937527	5.867751	5.715733	4.937527	7.126364	6.407825	1,2,3,4,5,3	71.967584	0.511034	0.037758	0.180637	0.270572	0.293618	0.112986	0.441418	0.151979	0.144579	0.221649	0.170870	0.462902	0.319628	0.214177	0.163188	0.303006	0.251287	0.300887	0.348362	0.099463	0.144579	0.221649	0.170870	0.462902	1,2,3,2,3,4	69.305671	0.285973	0.076543	0.357453	0.146076	0.029975	0.103980	0.095970	0.103412	0.138731	0.104851	0.263474	0.293562	0.100493	0.441402	0.314273	0.038146	0.032666	0.073020	0.095970	0.103412	0.138731	0.104851	0.263474	0.293562	0.100493	0.441402	0.314273	0.038146	0.032666	0.073020	0.202714	0.043867	0.167064	0.051025	0.210289	0.325040	1,2,3,1,4,5	70.649195	0.299420	2.487020	0.739759	0.299420	0.971199	0.894546	
860000	-116397	1,2,3,3,4,5	70.599132	5.652541	5.354808	4.706669	4.706669	6.390556	5.332207	1,2,3,1,2,4	71.025655	0.514954	0.181194	0.044600	0.259252	0.329091	0.079736	0.426636	0.164537	0.314264	0.019227	0.142701	0.523808	0.514954	0.181194	0.044600	0.259252	0.329091	0.079736	0.426636	0.164537	0.419493	0.103818	0.086423	0.390267	1,2,3,4,5,4	71.579308	0.096815	0.190546	0.299244	0.177082	0.069975	0.166338	0.046034	0.286561	0.128629	0.149325	0.018288	0.371163	0.021259	0.207691	0.044122	0.268443	0.227989	0.230496	0.083139	0.031090	0.103544	0.210358	0.394121	0.177748	0.063397	0.367121	0.087095	0.163082	0.214033	0.105271	0.083139	0.031090	0.103544	0.210358	0.394121	0.177748	1,2,3,4,5,6	69.505129	0.277437	3.276794	0.892885	0.244957	0.945729	0.960191	
861000	-116013	1,2,3,2,4,5	72.124379	5.132494	4.171069	5.944749	4.171069	6.512176	5.381135	1,2,3,4,5,1	72.216089	0.332574	0.158549	0.031467	0.477410	0.328898	0.017704	0.368296	0.285101	0.320718	0.123263	0.177076	0.378944	0.459793	0.144775	0.270180	0.125252	0.411478	0.098399	0.326223	0.163900	0.332574	0.158549	0.031467	0.477410	1,2,2,3,4,5	72.833560	0.135222	0.064880	0.255594	0.309260	0.152978	0.082066	0.027998	0.251064	0.104800	0.336061	0.080907	0.199170	0.027998	0.251064	0.104800	0.336061	0.080907	0.199170	0.173333	0.097485	0.198306	0.198333	0.259761	0.072781	0.119062	0.299280	0.050147	0.378802	0.008100	0.144610	0.128529	0.069350	0.071662	0.253909	0.197838	0.278711	1,2,3,4,5,3	70.214006	0.311690	1.814376	0.913849	0.307233	1.245216	0.913849	
862000	-115947	1,2,3,3,4,5	68.657464	5.912591	5.447241	4.863401	4.863401	6.134277	5.976913	1,2,3,4,5,3	73.087877	0.487156	0.146251	0.060176	0.306417	0.357921	0.014904	0.492035	0.135139	0.261141	0.114372	0.266390	0.358097	0.443286	0.241940	0.074878	0.239896	0.351263	0.047550	0.381693	0.219495	0.261141	0.114372	0.266390	0.358097	1,2,3,4,4,5	71.866885	0.097097	0.071396	0.568019	0.129727	0.049354	0.084407	0.022488	0.170105	0.242200	0.172533	0.145599	0.247074	0.165364	0.232739	0.088410	0.232360	0.086104	0.195022	0.046343	0.328911	0.060401	0.384538	0.140034	0.039773	0.046343	0.328911	0.060401	0.384538	0.140034	0.039773	0.361222	0.079310	0.103757	0.017626	0.319621	0.118463	1,2,3,1,4,5	71.183618	0.262465	1.603185	0.933953	0.262465	1.119237	1.022830	
863000	-116167	1,2,3,4,5,6	71.210097	5.355753	5.261757	5.161695	5.101011	6.625647	5.865060	1,2,3,4,5,6	71.497537	0.502339	0.171073	0.080288	0.246300	0.303909	0.127689	0.466396	0.102006	0.237792	0.011061	0.506938	0.244208	0.720630	0.082053	0.133096	0.064221	0.414514	0.120242	0.369809	0.095435	0.122829	0.360732	0.158337	0.358103	1,2,3,1,4,1	71.277542	0.057461	0.040654	0.420450	0.133498	0.257886	0.090052	0.041965	0.125446	0.291926	0.184581	0.094998	0.261084	0.064489	0.213153	0.158862	0.225152	0.178271	0.160073	0.057461	0.040654	0.420450	0.133498	0.257886	0.090052	0.188001	0.198961	0.168203	0.229256	0.126540	0.089039	0.057461	0.040654	0.420450	0.133498	0.257886	0.090052	1,2,3,1,4,5	71.045402	0.205518	1.990916	0.680819	0.205518	0.803313	0.821302	
864000	-116353	1,2,2,2,3,4	70.994615	5.421942	4.936679	4.936679	4.936679	6.469958	6.210731	1,2,2,3,4,5	71.127498	0.572440	0.077673	0.127070	0.222818	0.126364	0.013188	0.431668	0.428780	0.126364	0.013188	0.431668	0.428780	0.440541	0.418865	0.060612	0.079982	0.409646	0.239271	0.315122	0.035962	0.175014	0.288840	0.032922	0.503223	1,2,3,4,5,6	71.102847	0.023948	0.036288	0.325817	0.240946	0.232419	0.140581	0.030338	0.205337	0.073118	0.399404	0.185271	0.106533	0.089505	0.140375	0.129267	0.309599	0.277068	0.054186	0.005521	0.239455	0.197529	0.369422	0.134015	0.054059	0.094345	0.234325	0.215552	0.399974	0.004319	0.051484	0.163798	0.074131	0.213128	0.275303	0.070938	0.202703	1,2,3,4,5,6	72.155047	0.312180	3.042136	0.719025	0.226449	1.060081	0.837515	
865000	-115800	1,2,3,2,4,5	70.921480	6.576471	4.657127	5.838607	4.657127	5.782930	5.096106	1,2,3,1,4,1	70.424193	0.453143	0.200518	0.070921	0.275418	0.247486	0.074321	0.340938	0.337255	0.278379	0.044100	0.311249	0.366272	0.453143	0.200518	0.070921	0.275418	0.203986	0.129683	0.402980	0.263351	0.453143	0.200518	0.070921	0.275418	1,2,2,3,3,4	72.499785	0.028906	0.012694	0.302044	0.507791	0.009999	0.138566	0.030077	0.221001	0.157597	0.333076	0.054684	0.203564	0.030077	0.221001	0.157597	0.333076	0.054684	0.203564	0.096557	0.437336	0.084905	0.214120	0.144091	0.022991	0.096557	0.437336	0.084905	0.214120	0.144091	0.022991	0.049478	0.063135	0.135660	0.259305	0.258321	0.234100	1,2,3,4,5,6	71.198394	0.320626	2.275546	0.886855	0.248258	1.093986	0.952485	
866000	-116296	1,2,3,4,4,5	72.106594	5.511805	5.233724	5.286892	7.458460	7.458460	6.140668	1,2,3,4,2,1	74.877559	0.340274	0.215031	0.051979	0.392716	0.333588	0.112089	0.483147	0.071176	0.189404	0.261780	0.247092	0.301724	0.737035	0.162853	0.018782	0.081330	0.333588	0.112089	0.483147	0.071176	0.340274	0.215031	0.051979	0.392716	1,2,3,4,5,6	69.931264	0.117048	0.194310	0.471402	0.132759	0.050046	0.034435	0.095945	0.125087	0.306352	0.127221	0.047293	0.298101	0.023566	0.243806	0.089799	0.356264	0.005244	0.281320	0.060915	0.117444	0.584937	0.107752	0.079777	0.049175	0.249537	0.304614	0.026351	0.291291	0.088056	0.040150	0.020030	0.109587	0.187856	0.304379	0.175249	0.202900	1,2,3,4,5,5	69.923063	0.421788	2.861022	0.739421	0.378327	0.957892	0.957892	
867000	-117088	1,2,3,4,5,2	69.566490	5.708472	4.264242	6.363445	5.036853	5.904193	4.264242	1,2,3,4,5,6	71.816327	0.497738	0.124737	0.108948	0.268576	0.194028	0.167602	0.549594	0.088776	0.220046	0.172916	0.315029	0.292010	0.693933	0.175003	0.103568	0.027496	0.251090	0.186021	0.437828	0.125061	0.099308	0.311507	0.047358	0.541826	1,2,3,2,4,3	71.061812	0.047105	0.040368	0.661741	0.087381	0.099968	0.063437	0.060792	0.077706	0.396974	0.144712	0.089275	0.230541	0.216007	0.229385	0.043976	0.226303	0.086205	0.198124	0.060792	0.077706	0.396974	0.144712	0.089275	0.230541	0.100004	0.627463	0.030549	0.073504	0.042848	0.125632	0.216007	0.229385	0.043976	0.226303	0.086205	0.198124	1,2,3,4,5,6	73.311230	0.339825	2.134526	0.825280	0.107502	1.140452	1.015774	
868000	-116678	1,2,3,4,5,6	71.830573	6.334094	6.251339	5.313201	5.181143	4.940814	5.436724	1,2,3,4,5,1	71.627119	0.421621	0.209999	0.057971	0.310408	0.380053	0.015381	0.593560	0.011006	0.187586	0.190128	0.243913	0.378374	0.640714	0.148256	0.107067	0.103964	0.281694	0.161007	0.484914	0.072384	0.421621	0.209999	0.057971	0.310408	1,2,3,1,4,5	71.104576	0.079049	0.081394	0.244726	0.170043	0.086764	0.338024	0.140736	0.046614	0.123132	0.484856	0.029935	0.174727	0.038324	0.360272	0.151273	0.200652	0.011558	0.237921	0.079049	0.081394	0.244726	0.170043	0.086764	0.338024	0.238087	0.391794	0.068013	0.190278	0.075837	0.035993	0.107677	0.001183	0.077245	0.142273	0.296859	0.374764	1,2,3,4,5,6	71.215564	0.308820	4.076143	0.975799	0.109934	1.089766	0.879929	
869000	-116997	1,2,3,4,5,4	70.900343	5.571964	5.873901	5.786352	4.943995	5.938770	4.943995	1,2,3,1,4,5	71.819592	0.608706	0.125131	0.028742	0.237421	0.254861	0.125470	0.486987	0.132682	0.121588	0.058803	0.294589	0.525020	0.608706	0.125131	0.028742	0.237421	0.277012	0.255874	0.398698	0.068416	0.300088	0.073831	0.079954	0.546127	1,2,3,3,4,2	70.386440	0.096343	0.057869	0.182099	0.483099	0.115603	0.064987	0.133767	0.156740	0.095015	0.130798	0.248268	0.235411	0.128644	0.108970	0.106487	0.387902	0.176493	0.091505	0.128644	0.108970	0.106487	0.387902	0.176493	0.091505	0.146535	0.323719	0.025331	0.049832	0.149759	0.304824	0.133767	0.156740	0.095015	0.130798	0.248268	0.235411	1,2,3,1,3,4	71.318662	0.257831	2.471902	0.810902	0.257831	0.810902	0.810109	
870000	-115332	1,2,3,2,4,5	72.379253	5.594557	4.222708	5.781600	4.222708	5.756843	5.581276	1,2,3,4,5,1	70.646852	0.382778	0.216298	0.035495	0.365429	0.092800	0.066564	0.676638	0.163998	0.153854	0.093251	0.318039	0.434856	0.587059	0.202852	0.114367	0.095723	0.335145	0.077612	0.540080	0.047163	0.382778	0.216298	0.035495	0.365429	1,2,3,2,4,2	71.708818	0.160036	0.128872	0.275986	0.291410	0.010022	0.133673	0.052324	0.143974	0.110806	0.072313	0.241779	0.378804	0.041746	0.271448	0.294863	0.155937	0.048551	0.187456	0.052324	0.143974	0.110806	0.072313	0.241779	0.378804	0.063967	0.333150	0.217673	0.275796	0.092540	0.016873	0.052324	0.143974	0.110806	0.072313	0.241779	0.378804	1,2,3,4,5,6	70.825779	0.331737	2.838647	0.753318	0.213450	1.032713	1.052209	
871000	-117362	1,2,3,3,4,5	71.669281	4.906153	5.628419	4.464129	4.464129	6.014750	6.217085	1,2,3,4,2,5	73.475102	0.286969	0.236916	0.183221	0.292894	0.296977	0.177948	0.344198	0.180877	0.104646	0.174947	0.030009	0.690398	0.675652	0.040262	0.140333	0.143753	0.296977	0.177948	0.344198	0.180877	0.299872	0.199309	0.041331	0.459488	1,2,3,4,3,2	72.424413	0.027947	0.182995	0.605492	0.039388	0.091394	0.052784	0.084545	0.118249	0.126949	0.133036	0.257631	0.279590	0.119382	0.565042	0.091367	0.138381	0.000878	0.084950	0.113661	0.022984	0.277973	0.169769	0.129419	0.286194	0.119382	0.565042	0.091367	0.138381	0.000878	0.084950	0.084545	0.118249	0.126949	0.133036	0.257631	0.279590	1,2,3,4,5,5	72.655153	0.254529	2.937220	0.834821	0.194514	0.951049	0.951049	
872000	-118283	1,2,3,3,4,5	72.245843	4.855302	5.669011	4.566838	4.566838	6.494921	6.475587	1,2,3,2,2,1	71.630800	0.280079	0.282331	0.090912	0.346678	0.472742	0.076000	0.340029	0.111229	0.143736	0.123692	0.068217	0.664355	0.472742	0.076000	0.340029	0.111229	0.472742	0.076000	0.340029	0.111229	0.280079	0.282331	0.090912	0.346678	1,2,3,4,5,6	70.742732	0.153933	0.192448	0.427461	0.040829	0.068480	0.116850	0.024870	0.066489	0.244864	0.143989	0.166732	0.353056	0.000591	0.112737	0.144333	0.600437	0.052821	0.089081	0.037561	0.109292	0.349261	0.106641	0.387066	0.010180	0.069481	0.189149	0.040903	0.445744	0.182323	0.072400	0.057052	0.001874	0.139592	0.242114	0.226755	0.332613	1,2,3,1,4,5	71.961718	0.254696	2.850508	0.695803	0.254696	1.042685	0.986844	
873000	-116535	1,2,3,4,5,6	71.794848	5.532411	5.397913	5.761072	5.106621	5.478393	6.048108	1,2,3,1,4,5	70.571687	0.631684	0.077634	0.094525	0.196158	0.216128	0.086575	0.459174	0.238123	0.179496	0.160996	0.228317	0.431192	0.631684	0.077634	0.094525	0.196158	0.443160	0.056773	0.409558	0.090509	0.139141	0.153501	0.206333	0.501025	1,2,3,4,5,6	70.679138	0.037562	0.136315	0.249817	0.492758	0.079883	0.003665	0.079177	0.199314	0.127462	0.135099	0.146418	0.312529	0.063688	0.389416	0.144970	0.236354	0.006241	0.159331	0.098044	0.051669	0.134574	0.303427	0.137320	0.274966	0.267758	0.442527	0.034238	0.126293	0.005298	0.123886	0.436092	0.089254	0.052305	0.036191	0.340431	0.045727	1,2,3,1,4,5	71.163092	0.324716	2.635119	0.735522	0.324716	1.087745	0.975876	
874000	-116205	1,2,3,4,5,5	70.304088	5.323755	6.100078	5.253848	5.144974	6.528167	6.528167	1,2,1,3,2,4	71.184379	0.345799	0.126470	0.192416	0.335315	0.312316	0.069342	0.529404	0.088939	0.345799	0.126470	0.192416	0.335315	0.565826	0.277563	0.059006	0.097605	0.312316	0.069342	0.529404	0.088939	0.230327	0.124491	0.117636	0.527545	1,2,2,2,3,4	72.687990	0.096524	0.121156	0.610753	0.091528	0.015817	0.064223	0.025918	0.264034	0.187066	0.250565	0.049749	0.222668	0.025918	0.264034	0.187066	0.250565	0.049749	0.222668	0.025918	0.264034	0.187066	0.250565	0.049749	0.222668	0.241157	0.385607	0.103232	0.123947	0.108693	0.037364	0.167614	0.179894	0.130216	0.211718	0.115149	0.195409	1,2,3,4,3,3	70.481251	0.214311	2.948124	0.909303	0.225982	0.909303	0.909303	
875000	-116968	1,2,1,1,3,4	69.492337	4.655890	5.254136	4.655890	4.655890	6.192024	6.091105	1,2,3,1,4,5	71.615293	0.619858	0.196077	0.070140	0.113924	0.266166	0.021260	0.659752	0.052823	0.415397	0.061464	0.348746	0.174393	0.619858	0.196077	0.070140	0.113924	0.296152	0.109961	0.494499	0.099388	0.275654	0.223037	0.024674	0.476636	1,2,2,2,3,2	72.934365	0.061785	0.000014	0.195750	0.223603	0.181653	0.337196	0.080282	0.077232	0.120248	0.317520	0.146153	0.258565	0.080282	0.077232	0.120248	0.317520	0.146153	0.258565	0.080282	0.077232	0.120248	0.317520	0.146153	0.258565	0.105675	0.277896	0.280409	0.062299	0.160925	0.112798	0.080282	0.077232	0.120248	0.317520	0.146153	0.258565	1,2,3,4,5,6	74.053363	0.481759	2.170048	0.708295	0.269291	0.938449	1.146248	
876000	-117556	1,2,3,4,5,6	72.728362	5.711531	5.714330	5.436987	6.074248	6.559879	5.550891	1,2,3,4,2,3	71.340268	0.509948	0.170586	0.040587	0.278878	0.367962	0.026996	0.529540	0.075502	0.109152	0.214170	0.191342	0.485337	0.389620	0.269843	0.110416	0.230121	0.367962	0.026996	0.529540	0.075502	0.109152	0.214170	0.191342	0.485337	1,2,3,2,4,5	72.227714	0.141991	0.046773	0.269088	0.307600	0.155325	0.079223	0.021773	0.076790	0.121700	0.157240	0.138934	0.483562	0.308943	0.127171	0.108146	0.161050	0.118433	0.176257	0.021773	0.076790	0.121700	0.157240	0.138934	0.483562	0.069671	0.404891	0.019400	0.307061	0.193798	0.005180	0.197278	0.197925	0.328929	0.080487	0.125631	0.069751	1,2,3,4,5,5	69.990874	0.281036	2.470807	0.776459	0.282573	0.950046	0.950046	
877000	-117511	1,2,3,4,5,6	71.163873	5.052262	5.988871	4.987961	4.945849	7.162856	6.508009	1,2,3,1,4,5	70.763397	0.430938	0.238863	0.112227	0.217972	0.145553	0.119549	0.418589	0.316309	0.221153	0.060869	0.046944	0.671034	0.430938	0.238863	0.112227	0.217972	0.463412	0.105328	0.310510	0.120750	0.264388	0.245879	0.056725	0.433007	1,2,3,4,3,5	72.777147	0.030410	0.028998	0.276479	0.146338	0.289120	0.228654	0.052852	0.165694	0.340861	0.188484	0.007385	0.244724	0.022836	0.375963	0.041785	0.250897	0.171140	0.137379	0.059231	0.037483	0.062361	0.335466	0.040374	0.465085	0.022836	0.375963	0.041785	0.250897	0.171140	0.137379	0.259382	0.137581	0.121727	0.047479	0.216573	0.217258	1,2,3,4,3,3	70.836374	0.282612	2.426954	0.861813	0.234636	0.861813	0.861813	
878000	-118437	1,1,2,1,3,4	72.416257	4.870235	4.870235	5.777992	4.870235	6.506103	6.334248	1,2,3,4,5,1	71.639217	0.249802	0.286656	0.119881	0.343660	0.064754	0.157915	0.272799	0.504533	0.115648	0.106967	0.381744	0.395641	0.676541	0.243800	0.022543	0.057116	0.408873	0.098367	0.357613	0.135147	0.249802	0.286656	0.119881	0.343660	1,2,2,3,2,1	72.468333	0.255034	0.071760	0.189295	0.079610	0.246408	0.157893	0.148882	0.357569	0.124537	0.177253	0.035026	0.156735	0.148882	0.357569	0.124537	0.177253	0.035026	0.156735	0.041066	0.108887	0.150875	0.070559	0.474563	0.154050	0.148882	0.357569	0.124537	0.177253	0.035026	0.156735	0.255034	0.071760	0.189295	0.079610	0.246408	0.157893	1,2,3,4,5,5	69.385244	0.278262	1.953629	0.817009	0.141243	0.986778	0.986778	
879000	-117330	1,2,3,4,5,6	71.284401	5.811180	5.433945	5.719757	4.839372	6.116358	5.926674	1,2,2,3,2,1	71.462110	0.266714	0.215983	0.065682	0.451621	0.307525	0.104924	0.382712	0.204839	0.307525	0.104924	0.382712	0.204839	0.364535	0.500514	0.033276	0.101675	0.307525	0.104924	0.382712	0.204839	0.266714	0.215983	0.065682	0.451621	1,2,3,4,5,2	71.059451	0.058902	0.031195	0.424476	0.055958	0.220894	0.208575	0.063532	0.144546	0.106150	0.117447	0.309121	0.259204	0.309146	0.142380	0.089534	0.149183	0.191153	0.118604	0.048310	0.121978	0.281604	0.171123	0.230948	0.146037	0.055592	0.277716	0.118175	0.224496	0.291375	0.032645	0.063532	0.144546	0.106150	0.117447	0.309121	0.259204	1,2,3,1,4,5	71.814602	0.248323	2.178719	0.939529	0.248323	0.976723	0.914040	
880000	-117126	1,2,3,1,4,5	71.608068	4.354712	5.588876	5.483002	4.354712	4.954785	5.771836	1,2,3,4,2,4	72.599080	0.730336	0.041139	0.057490	0.171035	0.182001	0.089415	0.657170	0.071414	0.113579	0.149412	0.204119	0.532890	0.357354	0.305000	0.048560	0.289086	0.182001	0.089415	0.657170	0.071414	0.357354	0.305000	0.048560	0.289086	1,1,2,3,4,5	70.177804	0.039604	0.061576	0.260666	0.231237	0.177477	0.229440	0.039604	0.061576	0.260666	0.231237	0.177477	0.229440	0.124950	0.466909	0.141312	0.183400	0.000012	0.083417	0.030014	0.075297	0.013961	0.241531	0.007237	0.631959	0.242583	0.212393	0.213456	0.087877	0.201824	0.041866	0.076666	0.336154	0.119619	0.018409	0.235295	0.213857	1,2,3,4,5,5	71.057095	0.240531	3.054065	0.860990	0.182686	1.036723	1.036723	
881000	-116052	1,2,3,1,4,5	70.471802	5.141697	6.094950	5.996177	5.141697	7.023026	5.964621	1,2,3,1,4,5	70.217471	0.438309	0.281199	0.078320	0.202173	0.391668	0.043327	0.455345	0.109660	0.065286	0.106253	0.408075	0.420386	0.438309	0.281199	0.078320	0.202173	0.257977	0.244735	0.367472	0.129816	0.169959	0.250273	0.045132	0.534636	1,2,3,2,4,5	70.789798	0.005114	0.050349	0.420205	0.078470	0.198199	0.247662	0.048400	0.141156	0.122696	0.171469	0.196030	0.320248	0.415894	0.140663	0.199002	0.152784	0.001128	0.090529	0.048400	0.141156	0.122696	0.171469	0.196030	0.320248	0.253610	0.403389	0.070622	0.080596	0.044530	0.147252	0.052938	0.030391	0.215151	0.111638	0.289757	0.300124	1,2,3,1,4,5	71.229662	0.281453	2.665690	0.820902	0.281453	0.969259	1.069613	
882000	-117067	1,2,3,3,4,2	69.070471	5.646561	5.985804	5.158330	5.158330	5.589957	5.985804	1,2,3,1,4,5	70.962411	0.375106	0.270100	0.109586	0.245208	0.161659	0.002616	0.690770	0.144955	0.391329	0.055124	0.174359	0.379188	0.375106	0.270100	0.109586	0.245208	0.279953	0.021392	0.402238	0.296417	0.173214	0.249284	0.176407	0.401095	1,2,2,2,3,4	71.411391	0.038431	0.017496	0.425808	0.160238	0.189742	0.168284	0.133539	0.104773	0.114333	0.281343	0.097068	0.268944	0.133539	0.104773	0.114333	0.281343	0.097068	0.268944	0.133539	0.104773	0.114333	0.281343	0.097068	0.268944	0.253614	0.198710	0.102963	0.294981	0.005637	0.144095	0.054512	0.165064	0.229921	0.103799	0.341632	0.105071	1,2,3,1,4,3	71.340298	0.227421	1.928339	0.883029	0.227421	0.929400	0.883029	
883000	-116819	1,2,3,4,5,6	72.006826	6.409822	5.580054	6.276761	5.139967	6.633717	6.567665	1,2,3,1,4,5	71.636350	0.520958	0.069342	0.066633	0.343067	0.162137	0.069764	0.471169	0.296930	0.287112	0.055838	0.300449	0.356601	0.520958	0.069342	0.066633	0.343067	0.277688	0.343070	0.316787	0.062455	0.150543	0.393958	0.053023	0.402476	1,2,3,4,5,6	71.196126	0.100649	0.090382	0.403987	0.327697	0.058663	0.018622	0.054818	0.181796	0.275503	0.241845	0.051559	0.194479	0.116707	0.343829	0.095321	0.218177	0.037435	0.188531	0.101816	0.313472	0.067833	0.341633	0.011676	0.163570	0.012182	0.457238	0.304145	0.064586	0.088634	0.073215	0.048750	0.112995	0.258306	0.008541	0.417064	0.154344	1,2,3,4,5,5	70.933999	0.285835	2.069810	0.801702	0.264758	0.758206	0.758206	
884000	-115899	1,2,3,4,5,6	71.969699	5.773505	5.650600	5.408024	5.116469	6.459492	5.226445	1,2,3,1,3,1	72.033357	0.420372	0.141566	0.062005	0.376058	0.367382	0.045439	0.498875	0.088303	0.320455	0.099741	0.288316	0.291488	0.420372	0.141566	0.062005	0.376058	0.320455	0.099741	0.288316	0.291488	0.420372	0.141566	0.062005	0.376058	1,2,2,3,4,5	69.252053	0.241322	0.009118	0.426840	0.186906	0.035188	0.100626	0.063486	0.200257	0.131430	0.279649	0.044121	0.281057	0.063486	0.200257	0.131430	0.279649	0.044121	0.281057	0.082358	0.161897	0.131715	0.347140	0.181763	0.095126	0.094776	0.594301	0.071948	0.179049	0.059410	0.000516	0.085400	0.133114	0.113449	0.218055	0.266130	0.183852	1,2,3,4,5,6	71.504244	0.240609	2.471241	0.703018	0.214203	1.133506	1.102285	
885000	-116548	1,2,3,4,5,6	71.137989	6.185445	5.675734	5.702005	5.167777	6.791817	6.626371	1,2,3,1,2,4	71.412336	0.535297	0.142721	0.120467	0.201515	0.275047	0.143111	0.422739	0.159103	0.104946	0.146290	0.153567	0.595197	0.535297	0.142721	0.120467	0.201515	0.275047	0.143111	0.422739	0.159103	0.397534	0.297399	0.069618	0.235449	1,2,2,3,4,3	72.125907	0.018095	0.002246	0.412840	0.075337	0.125582	0.365900	0.081657	0.293095	0.102704	0.122732	0.114301	0.285511	0.081657	0.293095	0.102704	0.122732	0.114301	0.285511	0.117725	0.102945	0.074322	0.216081	0.277625	0.211302	0.175339	0.468733	0.076745	0.130426	0.034778	0.113979	0.117725	0.102945	0.074322	0.216081	0.277625	0.211302	1,2,3,1,4,4	72.663024	0.275646	1.833069	0.910830	0.275646	1.030857	1.030857	
886000	-118831	1,2,3,4,5,6	72.986543	6.510956	5.731197	5.355428	5.211267	6.511418	6.138612	1,2,3,2,2,1	71.373002	0.321905	0.270871	0.116661	0.290563	0.520237	0.127126	0.309054	0.043583	0.383837	0.164320	0.185671	0.266172	0.520237	0.127126	0.309054	0.043583	0.520237	0.127126	0.309054	0.043583	0.321905	0.270871	0.116661	0.290563	1,2,3,4,3,2	70.552217	0.039219	0.021185	0.351516	0.389517	0.037822	0.160741	0.095267	0.126014	0.175289	0.153063	0.109006	0.341362	0.074674	0.293662	0.167331	0.225910	0.073728	0.164695	0.309165	0.065289	0.318825	0.108234	0.167996	0.030491	0.074674	0.293662	0.167331	0.225910	0.073728	0.164695	0.095267	0.126014	0.175289	0.153063	0.109006	0.341362	1,2,3,4,3,5	70.580288	0.297864	4.059666	0.872073	0.333956	0.872073	1.098498	
887000	-115390	1,2,3,3,4,5	72.370902	5.681921	6.073368	4.746691	4.746691	6.304389	6.155629	1,2,1,3,2,4	72.383134	0.249006	0.153279	0.192668	0.405048	0.216025	0.107323	0.533674	0.142978	0.249006	0.153279	0.192668	0.405048	0.592354	0.158790	0.143950	0.104907	0.216025	0.107323	0.533674	0.142978	0.283374	0.229675	0.055551	0.431400	1,2,3,2,4,5	71.903304	0.061832	0.091680	0.447401	0.272841	0.057990	0.068257	0.045136	0.100569	0.258415	0.039639	0.227204	0.329037	0.072221	0.396127	0.081650	0.131684	0.022790	0.295527	0.045136	0.100569	0.258415	0.039639	0.227204	0.329037	0.179598	0.394303	0.115062	0.301431	0.009386	0.000220	0.158016	0.226324	0.214802	0.021593	0.228174	0.151091	1,2,3,4,5,6	71.479206	0.175302	3.277193	0.785072	0.137129	0.981214	0.951894	
888000	-116294	1,2,3,3,4,3	70.698794	5.569632	6.347760	4.063400	4.063400	6.350946	4.063400	1,2,3,4,5,6	72.465482	0.425091	0.318012	0.104013	0.152884	0.280362	0.040712	0.462661	0.216265	0.058942	0.077443	0.171535	0.692080	0.536443	0.214172	0.080691	0.168694	0.420876	0.147559	0.341243	0.090323	0.305708	0.099711	0.281734	0.312847	1,2,3,2,4,5	72.024947	0.001418	0.100791	0.321395	0.338801	0.012565	0.225030	0.137023	0.085044	0.185068	0.277593	0.035984	0.279288	0.070771	0.376875	0.156385	0.235392	0.008029	0.152549	0.137023	0.085044	0.185068	0.277593	0.035984	0.279288	0.180322	0.237170	0.108279	0.281449	0.146307	0.046474	0.229931	0.036168	0.142950	0.115856	0.370387	0.104708	1,2,3,1,4,3	71.987953	0.183597	2.738525	0.888854	0.183597	1.123825	0.888854	
889000	-116840	1,2,3,2,4,5	71.173400	5.362356	4.782806	5.302209	4.782806	5.491465	6.163446	1,2,3,4,5,1	71.332774	0.260814	0.329748	0.090918	0.318519	0.128134	0.120760	0.308021	0.443085	0.081701	0.072297	0.230790	0.615213	0.417428	0.312288	0.131953	0.138331	0.471962	0.130799	0.203484	0.193754	0.260814	0.329748	0.090918	0.318519	1,2,2,3,2,3	70.285460	0.033447	0.140787	0.287935	0.361838	0.112226	0.063766	0.044182	0.401354	0.139479	0.204099	0.044738	0.166148	0.044182	0.401354	0.139479	0.204099	0.044738	0.166148	0.043950	0.096976	0.176794	0.038339	0.241655	0.402286	0.044182	0.401354	0.139479	0.204099	0.044738	0.166148	0.043950	0.096976	0.176794	0.038339	0.241655	0.402286	1,2,3,4,5,3	72.393280	0.416619	2.320087	0.932642	0.139380	1.016878	0.932642	
890000	-115534	1,2,3,4,5,6	71.065122	5.827246	5.080460	5.882431	5.107122	6.557520	5.692003	1,2,2,3,4,1	70.053773	0.357567	0.291489	0.061016	0.289927	0.250022	0.077301	0.337067	0.335610	0.250022	0.077301	0.337067	0.335610	0.404066	0.336723	0.175203	0.084009	0.435017	0.165123	0.264954	0.134906	0.357567	0.291489	0.061016	0.289927	1,2,2,3,4,3	69.679111	0.083218	0.138952	0.448577	0.121017	0.048862	0.159373	0.061253	0.265466	0.131042	0.244199	0.096287	0.201753	0.061253	0.265466	0.131042	0.244199	0.096287	0.201753	0.039345	0.143229	0.138171	0.141645	0.238699	0.298910	0.115284	0.393555	0.253637	0.194474	0.027219	0.015830	0.039345	0.143229	0.138171	0.141645	0.238699	0.298910	1,2,3,4,5,6	71.822696	0.250123	1.876079	0.773146	0.196791	1.128623	0.906828	
891000	-116117	1,2,3,3,4,5	71.512116	5.916880	5.760535	5.319613	5.319613	7.313257	5.394159	1,2,3,4,5,1	70.661740	0.404416	0.136711	0.054833	0.404041	0.322907	0.029725	0.439062	0.208306	0.240158	0.079836	0.126272	0.553734	0.350348	0.492178	0.111572	0.045902	0.296050	0.049866	0.393426	0.260658	0.404416	0.136711	0.054833	0.404041	1,2,3,4,5,6	71.039962	0.195385	0.181391	0.470284	0.070476	0.061809	0.020656	0.176091	0.130098	0.063298	0.131113	0.117654	0.381745	0.091512	0.161819	0.012911	0.513167	0.048201	0.172391	0.020306	0.078113	0.123940	0.145515	0.161724	0.470402	0.058580	0.652075	0.012248	0.202583	0.037981	0.036534	0.080553	0.167662	0.111789	0.139680	0.284383	0.215933	1,2,3,1,4,4	72.608788	0.249308	1.432677	0.908213	0.249308	1.039439	1.039439	
892000	-116487	1,2,3,4,5,6	72.355696	6.101486	5.724968	5.282288	5.175279	5.819949	6.198638	1,2,3,4,4,5	72.706269	0.359511	0.201314	0.038083	0.401093	0.192672	0.119906	0.553134	0.134289	0.430261	0.080587	0.146325	0.342827	0.408268	0.234291	0.256305	0.101136	0.408268	0.234291	0.256305	0.101136	0.318762	0.274702	0.048046	0.358490	1,2,3,4,3,5	70.670758	0.053029	0.185996	0.457200	0.200984	0.031004	0.071787	0.026971	0.159461	0.217328	0.184642	0.193157	0.218441	0.115671	0.326387	0.131747	0.198247	0.039008	0.188941	0.063744	0.200667	0.286512	0.113548	0.251430	0.084099	0.115671	0.326387	0.131747	0.198247	0.039008	0.188941	0.038899	0.228148	0.191501	0.019333	0.193774	0.328345	1,2,3,4,5,3	73.327240	0.474050	2.778747	0.937913	0.213620	1.054571	0.937913	
893000	-116441	1,2,3,3,4,5	70.383677	5.092096	5.535337	4.085469	4.085469	6.270685	6.506402	1,2,3,4,4,1	71.027225	0.303611	0.214554	0.073653	0.408182	0.198692	0.081552	0.436534	0.283221	0.154457	0.204537	0.100748	0.540258	0.358371	0.178023	0.325659	0.137947	0.358371	0.178023	0.325659	0.137947	0.303611	0.214554	0.073653	0.408182	1,2,2,3,4,3	71.094702	0.032681	0.285502	0.359123	0.236301	0.057153	0.029241	0.040086	0.247451	0.272214	0.202714	0.017696	0.219839	0.040086	0.247451	0.272214	0.202714	0.017696	0.219839	0.189351	0.005583	0.125755	0.066822	0.394575	0.217915	0.248882	0.459165	0.040009	0.109339	0.053214	0.089390	0.189351	0.005583	0.125755	0.066822	0.394575	0.217915	1,2,3,1,4,4	71.962643	0.185135	3.890537	0.744804	0.185135	0.857174	0.857174	
894000	-116670	1,2,3,4,4,5	72.108370	6.829192	5.892109	5.840740	4.928709	4.928709	5.963257	1,2,3,4,5,1	72.496705	0.370911	0.206696	0.117856	0.304537	0.227187	0.016193	0.613011	0.143609	0.234230	0.076879	0.422660	0.266231	0.532458	0.275120	0.132344	0.060078	0.454968	0.176997	0.165569	0.202466	0.370911	0.206696	0.117856	0.304537	1,2,3,4,5,6	71.398771	0.253642	0.172834	0.239449	0.138847	0.140765	0.054463	0.131059	0.072392	0.078918	0.490313	0.019197	0.208120	0.087512	0.158247	0.083505	0.335695	0.138310	0.196731	0.073298	0.078103	0.468100	0.115339	0.030195	0.234965	0.062322	0.522682	0.074082	0.082953	0.176059	0.081902	0.091806	0.054942	0.083020	0.086498	0.349545	0.334189	1,2,3,4,5,6	70.901334	0.513089	3.818472	0.941921	0.107715	1.154883	0.870663	
895000	-116454	1,2,3,1,4,5	70.787147	4.595652	5.639189	5.410731	4.595652	6.046087	5.853477	1,2,3,4,2,5	73.571463	0.527542	0.291595	0.025436	0.155427	0.280753	0.108437	0.460146	0.150663	0.333101	0.024639	0.331873	0.310387	0.683413	0.200378	0.029467	0.086742	0.280753	0.108437	0.460146	0.150663	0.089762	0.434422	0.107685	0.368131	1,2,3,2,4,5	69.484221	0.008356	0.036816	0.529888	0.162291	0.188543	0.074106	0.055259	0.160909	0.132225	0.135475	0.168182	0.347950	0.088044	0.078354	0.058364	0.130017	0.525004	0.120217	0.055259	0.160909	0.132225	0.135475	0.168182	0.347950	0.178026	0.352241	0.114986	0.050285	0.235599	0.068863	0.096539	0.045216	0.403654	0.062966	0.273440	0.118185	1,2,3,4,5,5	70.619414	0.347877	3.890856	0.770182	0.345403	0.984643	0.984643	
896000	-117986	1,2,3,3,4,5	70.344794	5.779368	6.047803	4.706304	4.706304	6.214614	5.972620	1,2,3,4,2,1	71.248536	0.257441	0.219915	0.069936	0.452709	0.373158	0.125520	0.434094	0.067227	0.120814	0.214516	0.400368	0.264302	0.658195	0.179851	0.093061	0.068893	0.373158	0.125520	0.434094	0.067227	0.257441	0.219915	0.069936	0.452709	1,2,3,4,5,6	72.489262	0.084698	0.059642	0.184632	0.568924	0.058493	0.043612	0.019452	0.161383	0.033023	0.328489	0.151147	0.306507	0.053602	0.099748	0.150714	0.392938	0.046994	0.256005	0.082588	0.120883	0.354209	0.222950	0.089809	0.129562	0.104568	0.370791	0.170153	0.175976	0.014260	0.164252	0.066044	0.239625	0.232030	0.020932	0.121222	0.320147	1,2,3,4,5,6	70.861053	0.276511	2.638074	0.934165	0.248304	0.950685	1.037166	
897000	-116405	1,2,3,4,5,6	70.921070	5.610216	5.649886	5.450917	4.835595	6.705078	5.382180	1,2,3,1,2,1	70.076327	0.495747	0.195085	0.044437	0.264732	0.352709	0.069193	0.484361	0.093737	0.283497	0.040767	0.506172	0.169564	0.495747	0.195085	0.044437	0.264732	0.352709	0.069193	0.484361	0.093737	0.495747	0.195085	0.044437	0.264732	1,2,3,4,4,2	71.370735	0.078618	0.054223	0.223313	0.155862	0.095548	0.392436	0.027080	0.066206	0.107962	0.185751	0.220662	0.392340	0.165561	0.173539	0.065900	0.383768	0.058731	0.152502	0.091717	0.299950	0.126174	0.328703	0.105607	0.047850	0.091717	0.299950	0.126174	0.328703	0.105607	0.047850	0.027080	0.066206	0.107962	0.185751	0.220662	0.392340	1,2,3,4,3,3	69.028267	0.324977	3.124494	0.972846	0.191263	0.972846	0.972846	
898000	-115774	1,2,3,1,4,5	71.722172	5.082660	5.811049	5.182646	5.082660	5.853763	5.937503	1,2,3,4,2,1	72.026616	0.366437	0.235061	0.069379	0.329123	0.263943	0.077871	0.522970	0.135216	0.122449	0.004954	0.400730	0.471868	0.408251	0.248402	0.053037	0.290309	0.263943	0.077871	0.522970	0.135216	0.366437	0.235061	0.069379	0.329123	1,2,3,4,5,2	72.436923	0.115722	0.094017	0.252512	0.189269	0.113085	0.235394	0.094061	0.081658	0.184590	0.050574	0.326662	0.262455	0.214056	0.145917	0.139052	0.434430	0.027767	0.038778	0.123622	0.205262	0.083675	0.350485	0.218866	0.018090	0.106600	0.318966	0.087050	0.258610	0.160664	0.068111	0.094061	0.081658	0.184590	0.050574	0.326662	0.262455	1,2,3,4,3,3	69.902302	0.271774	2.062988	0.981652	0.159610	0.981652	0.981652	
899000	-115668	1,2,3,3,4,5	70.756089	5.694422	5.615664	5.059806	5.059806	5.849974	5.069975	1,2,3,1,2,4	72.212054	0.489444	0.177807	0.068698	0.264051	0.295960	0.029965	0.525695	0.148381	0.318145	0.123877	0.276028	0.281949	0.489444	0.177807	0.068698	0.264051	0.295960	0.029965	0.525695	0.148381	0.344809	0.291694	0.072580	0.290917	1,2,3,4,4,2	72.093866	0.101794	0.105682	0.333969	0.196738	0.068142	0.193675	0.045617	0.097193	0.161938	0.123044	0.260760	0.311448	0.186139	0.337572	0.159930	0.061358	0.049415	0.205587	0.137691	0.270396	0.190014	0.314259	0.081184	0.006456	0.137691	0.270396	0.190014	0.314259	0.081184	0.006456	0.045617	0.097193	0.161938	0.123044	0.260760	0.311448	1,2,3,4,5,6	72.813707	0.236434	3.430822	0.765587	0.170434	0.979471	0.993089	
900000	-116697	1,2,2,1,3,4	71.639056	5.200906	5.361424	5.361424	5.200906	6.018506	5.619584	1,2,1,3,4,5	71.468409	0.299189	0.112061	0.297522	0.291228	0.177361	0.194910	0.398507	0.229222	0.299189	0.112061	0.297522	0.291228	0.708058	0.174943	0.096269	0.020730	0.413931	0.174015	0.302674	0.109380	0.165633	0.160685	0.164608	0.509074	1,2,2,3,4,5	72.290530	0.040625	0.020006	0.332059	0.481457	0.025999	0.099854	0.036793	0.211764	0.120443	0.259386	0.049312	0.322302	0.036793	0.211764	0.120443	0.259386	0.049312	0.322302	0.057163	0.134144	0.299607	0.353267	0.098295	0.057523	0.181684	0.306532	0.082375	0.206617	0.128474	0.094318	0.233345	0.179946	0.166610	0.008001	0.237811	0.174287	1,2,3,4,3,3	71.912313	0.226739	2.947527	0.974636	0.230043	0.974636	0.974636	
901000	-115372	1,2,3,3,4,5	71.203432	5.488488	5.835266	4.932516	4.932516	6.768078	5.826507	1,2,3,1,4,5	70.446959	0.522666	0.150371	0.114389	0.212574	0.193973	0.024821	0.466538	0.314668	0.111284	0.012421	0.377220	0.499075	0.522666	0.150371	0.114389	0.212574	0.278793	0.259432	0.367577	0.094197	0.127024	0.431606	0.093598	0.347771	1,2,3,2,4,5	71.961248	0.053964	0.039480	0.479706	0.024883	0.352163	0.049804	0.103760	0.135296	0.123164	0.291719	0.193963	0.152099	0.261760	0.119760	0.185164	0.319145	0.059013	0.055159	0.103760	0.135296	0.123164	0.291719	0.193963	0.152099	0.165625	0.581122	0.082697	0.066896	0.070404	0.033255	0.031777	0.302645	0.309900	0.055517	0.154752	0.145409	1,2,3,4,5,5	71.410957	0.294727	3.393815	0.797567	0.272289	1.003647	1.003647	
902000	-116241	1,2,3,1,4,5	68.935212	5.337908	5.558779	6.182218	5.337908	6.366284	6.147226	1,2,3,4,4,5	70.341684	0.311586	0.146288	0.181431	0.360695	0.151119	0.153625	0.566488	0.128768	0.186726	0.012435	0.268178	0.532662	0.434054	0.108869	0.325173	0.131904	0.434054	0.108869	0.325173	0.131904	0.128033	0.149149	0.188202	0.534616	1,2,3,1,4,5	70.903664	0.132878	0.010431	0.283733	0.164985	0.216141	0.191833	0.086579	0.084644	0.236273	0.094085	0.276781	0.221638	0.045002	0.221572	0.106173	0.427975	0.120619	0.078659	0.132878	0.010431	0.283733	0.164985	0.216141	0.191833	0.057287	0.280197	0.169020	0.377570	0.043174	0.072751	0.279041	0.017026	0.149362	0.107486	0.360076	0.087010	1,2,3,4,5,6	71.864462	0.209058	2.671450	0.833720	0.261843	0.955814	0.979828	
903000	-117955	1,2,3,4,5,6	70.166687	5.153613	6.044395	4.882180	5.142129	6.569327	5.067160	1,2,3,4,2,3	70.837840	0.461832	0.093498	0.202886	0.241784	0.334967	0.076288	0.409233	0.179512	0.261174	0.061954	0.065847	0.611025	0.469606	0.295672	0.145788	0.088934	0.334967	0.076288	0.409233	0.179512	0.261174	0.061954	0.065847	0.611025	1,2,3,4,5,2	71.608602	0.090515	0.132465	0.353582	0.140600	0.183718	0.099120	0.085830	0.074812	0.136415	0.129097	0.279067	0.294778	0.024167	0.264434	0.041714	0.203563	0.204689	0.261433	0.035795	0.048445	0.211774	0.183126	0.178178	0.342683	0.304314	0.309138	0.211727	0.007432	0.041728	0.125661	0.085830	0.074812	0.136415	0.129097	0.279067	0.294778	1,2,3,1,4,5	71.428342	0.235780	1.801529	0.774001	0.235780	1.131020	0.922983	
904000	-116606	1,2,3,1,4,5	73.776679	4.929570	6.957158	5.574529	4.929570	5.460282	5.840611	1,2,1,3,4,1	70.719794	0.301592	0.139621	0.122501	0.436286	0.308603	0.012183	0.611231	0.067984	0.301592	0.139621	0.122501	0.436286	0.550541	0.149522	0.129210	0.170727	0.359195	0.092990	0.505011	0.042804	0.301592	0.139621	0.122501	0.436286	1,2,3,3,1,4	69.986633	0.102784	0.241873	0.242129	0.305528	0.091357	0.016328	0.039644	0.066554	0.077996	0.312053	0.073385	0.430368	0.061651	0.068915	0.150386	0.381155	0.084741	0.253153	0.061651	0.068915	0.150386	0.381155	0.084741	0.253153	0.102784	0.241873	0.242129	0.305528	0.091357	0.016328	0.110252	0.037199	0.220403	0.188693	0.214200	0.229254	1,2,3,1,4,5	70.949667	0.296819	2.411285	0.858185	0.296819	0.899282	0.988910	
905000	-115846	1,2,1,3,4,5	71.704490	5.437597	5.843483	5.437597	5.276963	6.623645	5.142624	1,2,3,1,2,4	72.797780	0.503597	0.140854	0.109570	0.245980	0.328341	0.095051	0.412598	0.164011	0.296223	0.033672	0.195596	0.474509	0.503597	0.140854	0.109570	0.245980	0.328341	0.095051	0.412598	0.164011	0.063588	0.526353	0.023787	0.386271	1,2,3,2,4,5	72.152667	0.121773	0.033130	0.427312	0.105167	0.113939	0.198679	0.067236	0.089119	0.082533	0.317170	0.091135	0.352807	0.051486	0.230306	0.040093	0.432092	0.022510	0.223513	0.067236	0.089119	0.082533	0.317170	0.091135	0.352807	0.179517	0.201393	0.050054	0.392670	0.154442	0.021923	0.043720	0.298188	0.356773	0.050401	0.061662	0.189256	1,2,3,4,5,5	72.223312	0.312693	1.960125	0.927491	0.152162	1.084801	1.084801	
906000	-115235	1,2,3,4,5,2	71.604991	6.757425	5.354005	6.511415	5.264144	6.779191	5.354005	1,2,3,4,2,1	71.721763	0.416467	0.234129	0.048259	0.301146	0.350818	0.075381	0.476296	0.097504	0.095175	0.097117	0.295849	0.511859	0.449604	0.339007	0.145487	0.065902	0.350818	0.075381	0.476296	0.097504	0.416467	0.234129	0.048259	0.301146	1,2,3,4,3,2	72.236026	0.036929	0.027722	0.140916	0.691944	0.009960	0.092528	0.050311	0.099740	0.085098	0.123260	0.257958	0.383633	0.038427	0.493992	0.135953	0.207377	0.092661	0.031591	0.079415	0.025203	0.249889	0.238482	0.134970	0.272041	0.038427	0.493992	0.135953	0.207377	0.092661	0.031591	0.050311	0.099740	0.085098	0.123260	0.257958	0.383633	1,2,3,4,5,5	70.294509	0.232794	2.102556	0.669872	0.189102	0.971819	0.971819	
907000	-117562	1,2,3,4,5,6	69.238484	5.961815	4.998897	5.880118	5.069992	6.240809	5.973094	1,2,2,3,4,1	71.271101	0.423904	0.176691	0.076529	0.322875	0.107615	0.142770	0.421743	0.327873	0.107615	0.142770	0.421743	0.327873	0.304089	0.568560	0.102851	0.024499	0.182096	0.307749	0.480607	0.029547	0.423904	0.176691	0.076529	0.322875	1,2,3,1,3,2	72.589343	0.034666	0.017823	0.398506	0.311403	0.069467	0.168134	0.143092	0.283880	0.084418	0.098254	0.223320	0.167036	0.138373	0.357298	0.147832	0.176422	0.067940	0.112135	0.034666	0.017823	0.398506	0.311403	0.069467	0.168134	0.138373	0.357298	0.147832	0.176422	0.067940	0.112135	0.143092	0.283880	0.084418	0.098254	0.223320	0.167036	1,2,3,4,5,6	72.502220	0.232618	2.776797	0.883245	0.140548	0.893411	0.983505	
908000	-118166	1,2,3,2,4,5	70.443974	5.818084	4.958391	6.538362	4.958391	5.475712	5.515518	1,2,2,3,4,3	70.919152	0.598201	0.084378	0.038888	0.278533	0.108944	0.064124	0.347149	0.479783	0.108944	0.064124	0.347149	0.479783	0.539412	0.136659	0.114025	0.209904	0.262636	0.163260	0.503821	0.070283	0.539412	0.136659	0.114025	0.209904	1,2,3,3,4,1	70.216231	0.094811	0.024707	0.161988	0.284467	0.213325	0.220702	0.036003	0.476920	0.149688	0.063549	0.046757	0.227083	0.060804	0.154565	0.076254	0.506220	0.104448	0.097709	0.060804	0.154565	0.076254	0.506220	0.104448	0.097709	0.127333	0.253556	0.123444	0.257252	0.019505	0.218909	0.094811	0.024707	0.161988	0.284467	0.213325	0.220702	1,2,3,1,4,4	72.866956	0.317343	2.029781	1.043506	0.317343	1.035868	1.035868	
909000	-115756	1,2,3,4,2,5	70.419752	5.225844	5.353507	5.869485	5.220870	5.353507	5.661038	1,2,2,3,4,5	72.581571	0.349391	0.144929	0.115919	0.389761	0.149464	0.035734	0.362151	0.452651	0.149464	0.035734	0.362151	0.452651	0.477250	0.229777	0.196800	0.096173	0.441255	0.110500	0.236874	0.211371	0.252528	0.161467	0.090428	0.495577	1,2,3,4,5,3	72.000298	0.246909	0.027273	0.405808	0.129163	0.057696	0.133151	0.135549	0.114220	0.040130	0.366204	0.228549	0.115348	0.116953	0.222573	0.155862	0.226215	0.180762	0.097636	0.023997	0.069491	0.150356	0.212534	0.533024	0.010598	0.110895	0.266074	0.033898	0.336975	0.167419	0.084738	0.116953	0.222573	0.155862	0.226215	0.180762	0.097636	1,2,3,4,3,5	70.182945	0.331367	2.418899	0.974282	0.150274	0.974282	1.044678	
910000	-116364	1,2,3,4,5,6	69.734848	5.200063	5.334436	5.102036	5.177202	6.630193	5.892223	1,2,3,4,2,1	71.326801	0.375111	0.197476	0.128860	0.298553	0.272880	0.123279	0.489405	0.114437	0.106223	0.149537	0.496105	0.248134	0.705662	0.100151	0.106590	0.087597	0.272880	0.123279	0.489405	0.114437	0.375111	0.197476	0.128860	0.298553	1,2,3,4,5,6	73.008771	0.078737	0.210085	0.335211	0.047331	0.092809	0.235828	0.019811	0.163525	0.328123	0.048997	0.095350	0.344194	0.273199	0.200548	0.159483	0.099704	0.135622	0.131444	0.088935	0.080142	0.384790	0.362236	0.062336	0.021560	0.207087	0.419330	0.094416	0.110978	0.125767	0.042421	0.064224	0.103332	0.199213	0.014902	0.306579	0.311750	1,2,3,4,5,3	72.762959	0.285883	1.802155	0.927694	0.258125	1.079850	0.927694	
911000	-116220	1,2,3,3,4,5	70.277812	5.359960	5.714473	4.242283	4.242283	6.247137	6.045532	1,2,1,3,4,5	73.259395	0.376082	0.113386	0.128016	0.382517	0.247690	0.079965	0.504495	0.167850	0.376082	0.113386	0.128016	0.382517	0.550244	0.335629	0.090874	0.023253	0.362036	0.141101	0.244524	0.252339	0.182533	0.244558	0.100156	0.472753	1,2,3,4,5,6	72.684325	0.143410	0.066569	0.421924	0.152527	0.148976	0.066595	0.150831	0.175817	0.069586	0.281902	0.026599	0.295265	0.030972	0.305547	0.066280	0.250304	0.061097	0.285800	0.097208	0.099832	0.431884	0.162812	0.009717	0.198547	0.000647	0.394961	0.009006	0.326034	0.242612	0.026741	0.278877	0.028611	0.197888	0.137988	0.275917	0.080720	1,2,3,1,4,4	70.921138	0.185722	3.139113	0.915852	0.185722	0.906559	0.906559	
912000	-118002	1,2,3,1,4,5	73.057449	4.884403	5.640437	5.631558	4.884403	6.203085	6.313238	1,2,2,3,2,1	69.820552	0.254573	0.311773	0.054349	0.379306	0.201220	0.258127	0.445303	0.095349	0.201220	0.258127	0.445303	0.095349	0.423958	0.320250	0.145269	0.110524	0.201220	0.258127	0.445303	0.095349	0.254573	0.311773	0.054349	0.379306	1,2,1,1,3,2	70.392901	0.070436	0.070170	0.375313	0.231102	0.061964	0.191014	0.036918	0.201573	0.133861	0.044772	0.170739	0.412137	0.070436	0.070170	0.375313	0.231102	0.061964	0.191014	0.070436	0.070170	0.375313	0.231102	0.061964	0.191014	0.070351	0.525827	0.074302	0.194318	0.036680	0.098522	0.036918	0.201573	0.133861	0.044772	0.170739	0.412137	1,2,3,4,5,6	70.708617	0.343104	2.380854	0.859810	0.240073	1.107160	0.994077	
913000	-115864	1,2,3,1,4,5	70.366340	5.382879	6.065946	5.476594	5.382879	5.982364	5.552030	1,2,3,4,5,6	71.861090	0.620507	0.089756	0.105382	0.184355	0.289425	0.083329	0.489999	0.137248	0.204055	0.096270	0.238848	0.460826	0.321213	0.455835	0.158596	0.064355	0.326114	0.121537	0.355021	0.197329	0.118580	0.378121	0.042928	0.460370	1,2,3,1,4,2	71.958631	0.035645	0.100290	0.377675	0.133898	0.252270	0.100222	0.129568	0.169499	0.176940	0.002310	0.094612	0.427069	0.017269	0.365933	0.219536	0.179289	0.057954	0.160018	0.035645	0.100290	0.377675	0.133898	0.252270	0.100222	0.185618	0.333004	0.132540	0.160844	0.151448	0.036547	0.129568	0.169499	0.176940	0.002310	0.094612	0.427069	1,2,3,4,5,6	70.111197	0.523166	2.803402	0.778788	0.198335	1.005563	1.001512	
914000	-117676	1,2,3,4,3,5	72.240242	5.153636	5.329482	5.912838	4.939602	5.912838	5.648479	1,2,3,1,4,5	70.084527	0.576113	0.151436	0.116490	0.155961	0.530089	0.004701	0.323971	0.141238	0.285595	0.068625	0.298999	0.346781	0.576113	0.151436	0.116490	0.155961	0.273083	0.376881	0.248330	0.101706	0.138579	0.129172	0.144542	0.587708	1,2,3,1,4,5	72.220615	0.040381	0.122195	0.261465	0.271451	0.236520	0.067988	0.124135	0.124969	0.242395	0.110978	0.125396	0.272127	0.204221	0.131585	0.053126	0.270992	0.219070	0.121006	0.040381	0.122195	0.261465	0.271451	0.236520	0.067988	0.174627	0.556188	0.039218	0.055460	0.057294	0.117213	0.213045	0.070269	0.197908	0.001980	0.263727	0.253071	1,2,3,4,3,3	71.973587	0.442070	1.904304	0.886927	0.148973	0.886927	0.886927	
915000	-114777	1,2,3,1,4,5	72.049506	5.196212	5.783214	5.811140	5.196212	5.527887	6.310746	1,2,3,4,5,6	73.210621	0.513194	0.168876	0.134923	0.183006	0.197443	0.122989	0.486034	0.193534	0.195125	0.071292	0.288248	0.445335	0.619307	0.184926	0.067745	0.128022	0.559430	0.100036	0.226370	0.114164	0.242472	0.319071	0.047169	0.391288	1,2,3,3,4,2	72.055632	0.100973	0.033771	0.607838	0.037925	0.021950	0.197543	0.149481	0.147984	0.171383	0.059522	0.141354	0.330276	0.071935	0.207424	0.214157	0.266803	0.110857	0.128823	0.071935	0.207424	0.214157	0.266803	0.110857	0.128823	0.174588	0.279698	0.065588	0.253036	0.162767	0.064322	0.149481	0.147984	0.171383	0.059522	0.141354	0.330276	1,2,3,1,4,4	72.896482	0.272158	1.858763	0.996900	0.272158	0.920734	0.920734	
916000	-117235	1,2,3,4,5,5	69.420687	5.198781	5.787761	5.132018	5.677684	5.378440	5.378440	1,2,2,3,4,5	70.577758	0.466837	0.245921	0.128718	0.158524	0.143977	0.158830	0.333631	0.363562	0.143977	0.158830	0.333631	0.363562	0.797138	0.123260	0.047042	0.032559	0.274897	0.222419	0.414125	0.088559	0.193007	0.493958	0.037300	0.275735	1,2,3,1,4,5	70.922177	0.052569	0.119383	0.447246	0.136306	0.219902	0.024594	0.058477	0.237563	0.040340	0.036641	0.243910	0.383070	0.104669	0.186854	0.309127	0.107403	0.105058	0.186889	0.052569	0.119383	0.447246	0.136306	0.219902	0.024594	0.038749	0.435049	0.234254	0.184459	0.078964	0.028526	0.063729	0.087309	0.286573	0.182103	0.233927	0.146359	1,2,3,4,5,6	70.665520	0.315578	2.058312	0.640261	0.161516	0.975386	0.971517	
917000	-115114	1,1,2,3,4,2	70.740571	5.672354	5.672354	5.192854	4.857893	6.415498	5.192854	1,2,3,4,2,1	71.533420	0.426782	0.175831	0.078102	0.319285	0.224326	0.175093	0.454363	0.146218	0.178585	0.090713	0.277631	0.453071	0.452794	0.230384	0.047310	0.269512	0.224326	0.175093	0.454363	0.146218	0.426782	0.175831	0.078102	0.319285	1,2,3,3,4,5	69.927750	0.043037	0.050719	0.377237	0.199085	0.135451	0.194472	0.020504	0.256671	0.027116	0.200779	0.069554	0.425375	0.042091	0.298499	0.076360	0.375962	0.050536	0.156551	0.042091	0.298499	0.076360	0.375962	0.050536	0.156551	0.124323	0.607027	0.151645	0.086023	0.014699	0.016284	0.074187	0.024923	0.183246	0.127603	0.368410	0.221631	1,2,3,4,5,6	71.919506	0.265434	1.942662	0.871641	0.239023	0.987661	0.919650	
918000	-116441	1,2,3,4,5,6	71.512892	5.788950	5.851366	5.489347	5.116634	6.338366	6.085444	1,2,3,1,2,4	71.177613	0.550315	0.165648	0.056780	0.227257	0.398144	0.075351	0.442424	0.084081	0.120378	0.093525	0.424501	0.361597	0.550315	0.165648	0.056780	0.227257	0.398144	0.075351	0.442424	0.084081	0.162239	0.197604	0.089317	0.550841	1,2,3,4,5,2	69.712619	0.004577	0.049276	0.324668	0.109004	0.502676	0.009800	0.032891	0.077498	0.242134	0.116092	0.235511	0.295874	0.011031	0.468449	0.161654	0.225295	0.056808	0.076762	0.123837	0.147954	0.148652	0.409107	0.099392	0.071058	0.085580	0.240926	0.113964	0.383930	0.018129	0.157471	0.032891	0.077498	0.242134	0.116092	0.235511	0.295874	1,2,3,1,4,4	72.291309	0.267483	2.528923	0.561123	0.267483	1.065917	1.065917	
919000	-115834	1,2,2,3,4,5	72.119229	6.062110	5.821255	5.821255	5.114471	6.279049	5.332003	1,2,3,4,2,1	71.704369	0.416488	0.174633	0.120514	0.288364	0.289651	0.053702	0.457743	0.198904	0.202329	0.091152	0.363094	0.343426	0.627028	0.205536	0.078553	0.088884	0.289651	0.053702	0.457743	0.198904	0.416488	0.174633	0.120514	0.288364	1,2,2,3,4,3	70.469692	0.005614	0.162939	0.495759	0.121068	0.189688	0.024933	0.003398	0.145335	0.260181	0.185105	0.038101	0.367880	0.003398	0.145335	0.260181	0.185105	0.038101	0.367880	0.092130	0.067056	0.123284	0.063394	0.340868	0.313267	0.138643	0.445546	0.066850	0.106508	0.186092	0.056360	0.092130	0.067056	0.123284	0.063394	0.340868	0.313267	1,2,3,4,3,5	70.652474	0.282907	2.548051	0.992638	0.156093	0.992638	0.900864	
920000	-118508	1,2,3,4,5,6	72.430991	5.215274	5.819582	5.274986	5.431814	7.591912	6.393181	1,1,1,2,3,4	71.688709	0.292525	0.208721	0.244569	0.254185	0.292525	0.208721	0.244569	0.254185	0.292525	0.208721	0.244569	0.254185	0.583969	0.080422	0.277481	0.058129	0.346053	0.116532	0.450328	0.087088	0.403370	0.121564	0.079780	0.395286	1,2,2,1,3,4	70.579235	0.086871	0.109685	0.622459	0.048138	0.097487	0.035361	0.089779	0.224109	0.058266	0.067119	0.036917	0.523811	0.089779	0.224109	0.058266	0.067119	0.036917	0.523811	0.086871	0.109685	0.622459	0.048138	0.097487	0.035361	0.157653	0.226946	0.188293	0.096804	0.151890	0.178414	0.094468	0.095985	0.150193	0.047927	0.284189	0.327237	1,2,3,4,5,6	72.697061	0.529653	2.591565	0.741085	0.134842	1.090973	1.036701	
921000	-117402	1,2,3,4,5,6	71.715000	5.925321	6.232328	6.696690	5.570759	6.873257	5.978599	1,2,3,4,5,6	70.316157	0.343691	0.064333	0.032737	0.559239	0.173843	0.056116	0.584448	0.185593	0.391053	0.009144	0.384434	0.215369	0.444668	0.258911	0.228116	0.068304	0.275999	0.136655	0.534724	0.052623	0.310330	0.174060	0.094069	0.421541	1,2,3,4,5,6	72.610745	0.095542	0.135044	0.364009	0.336089	0.004411	0.064904	0.157543	0.092202	0.100353	0.318688	0.166503	0.164710	0.039330	0.191520	0.021802	0.532823	0.149901	0.064623	0.022728	0.025091	0.304934	0.069908	0.070940	0.506399	0.065151	0.305483	0.018846	0.230845	0.294215	0.085459	0.096432	0.111979	0.157263	0.326085	0.167986	0.140254	1,2,3,4,5,6	71.151204	0.286140	2.448224	0.639823	0.127927	1.002487	1.018670	
922000	-118206	1,1,1,2,3,4	72.498136	5.547846	5.547846	5.547846	5.039108	5.802947	5.027044	1,2,3,4,5,6	70.602272	0.369527	0.030061	0.336156	0.264256	0.181252	0.186743	0.530923	0.101082	0.400213	0.102547	0.214052	0.283188	0.394209	0.368171	0.191652	0.045968	0.373953	0.081203	0.337302	0.207543	0.201665	0.252953	0.311733	0.233648	1,2,3,4,3,1	72.384154	0.161175	0.000894	0.392446	0.070542	0.358049	0.016895	0.000712	0.075301	0.380606	0.046320	0.042547	0.454515	0.067058	0.287469	0.048799	0.261226	0.154786	0.180661	0.032632	0.225013	0.181022	0.166756	0.076618	0.317959	0.067058	0.287469	0.048799	0.261226	0.154786	0.180661	0.161175	0.000894	0.392446	0.070542	0.358049	0.016895	1,2,3,4,3,5	72.226309	0.350504	2.859683	0.948351	0.178130	0.948351	0.860044	
923000	-118048	1,2,3,4,5,6	71.044791	5.686350	4.879000	5.688092	5.264068	6.255956	5.812678	1,2,3,4,2,1	70.869669	0.395031	0.330758	0.081198	0.193014	0.291601	0.052143	0.400024	0.256233	0.179549	0.047638	0.188472	0.584342	0.519279	0.327981	0.133452	0.019288	0.291601	0.052143	0.400024	0.256233	0.395031	0.330758	0.081198	0.193014	1,2,2,1,3,4	71.870127	0.035517	0.035637	0.254686	0.245675	0.355255	0.073229	0.034645	0.310333	0.081055	0.264276	0.124019	0.185673	0.034645	0.310333	0.081055	0.264276	0.124019	0.185673	0.035517	0.035637	0.254686	0.245675	0.355255	0.073229	0.056652	0.403063	0.143270	0.101085	0.252775	0.043154	0.132056	0.038409	0.241080	0.026132	0.194393	0.367931	1,2,3,4,5,5	72.182530	0.250437	2.245618	0.727780	0.167170	0.892249	0.892249	
924000	-117696	1,2,1,1,3,4	70.361023	5.114945	5.807484	5.114945	5.114945	6.367220	6.441734	1,2,2,1,3,4	70.698982	0.538201	0.140701	0.155917	0.165181	0.089434	0.034802	0.588276	0.287489	0.089434	0.034802	0.588276	0.287489	0.538201	0.140701	0.155917	0.165181	0.322540	0.125707	0.396817	0.154936	0.216868	0.379228	0.045912	0.357992	1,2,3,4,3,5	70.581299	0.283298	0.073987	0.319011	0.145787	0.122322	0.055596	0.176636	0.299447	0.075573	0.062830	0.093013	0.292502	0.149444	0.287319	0.187907	0.096110	0.229191	0.050029	0.100992	0.071382	0.234300	0.265308	0.207369	0.120650	0.149444	0.287319	0.187907	0.096110	0.229191	0.050029	0.149149	0.242886	0.334021	0.011839	0.191738	0.070366	1,2,3,4,5,6	71.272710	0.514290	1.633571	0.635747	0.300527	0.899669	0.895383	
925000	-117659	1,1,2,1,3,4	71.105211	4.794800	4.794800	5.680522	4.794800	5.600667	6.474114	1,2,2,3,3,1	71.653963	0.271237	0.222148	0.025506	0.481109	0.113040	0.134810	0.434761	0.317388	0.113040	0.134810	0.434761	0.317388	0.430081	0.332101	0.218187	0.019631	0.430081	0.332101	0.218187	0.019631	0.271237	0.222148	0.025506	0.481109	1,2,3,4,5,6	70.187155	0.079379	0.111743	0.360245	0.155783	0.031621	0.261229	0.099061	0.350284	0.117723	0.235250	0.052735	0.144948	0.019926	0.346355	0.205037	0.222137	0.115940	0.090604	0.033759	0.125054	0.490260	0.118004	0.119203	0.113720	0.086430	0.517364	0.193045	0.083456	0.037229	0.082477	0.111768	0.148470	0.213403	0.079809	0.235454	0.211096	1,2,3,1,4,4	69.993253	0.256701	2.342296	0.828849	0.256701	1.003970	1.003970	
926000	-116230	1,2,3,2,4,5	72.762941	5.504153	4.945305	5.363660	4.945305	6.055413	5.483295	1,2,3,4,5,6	71.690953	0.468459	0.116683	0.120827	0.294031	0.154963	0.027880	0.648525	0.168632	0.059973	0.236312	0.328669	0.375046	0.435007	0.212162	0.284030	0.068801	0.298480	0.165061	0.408246	0.128214	0.153985	0.394885	0.061188	0.389942	1,2,3,1,3,4	71.861932	0.114960	0.017960	0.523543	0.108980	0.231792	0.002765	0.090189	0.262008	0.149988	0.239776	0.082965	0.175075	0.242191	0.361659	0.098508	0.156043	0.052402	0.089197	0.114960	0.017960	0.523543	0.108980	0.231792	0.002765	0.242191	0.361659	0.098508	0.156043	0.052402	0.089197	0.145036	0.198232	0.303037	0.167975	0.076121	0.109599	1,2,3,4,3,5	71.263833	0.237439	2.586818	0.931016	0.177886	0.931016	0.877225	
927000	-117356	1,2,3,4,5,6	71.819578	5.287728	6.002753	6.220199	5.636805	6.225112	6.189413	1,2,3,1,4,5	71.069208	0.436339	0.120763	0.197393	0.245506	0.403382	0.005913	0.348233	0.242473	0.287399	0.053501	0.320475	0.338624	0.436339	0.120763	0.197393	0.245506	0.233850	0.129155	0.388861	0.248133	0.162384	0.218187	0.079359	0.540070	1,2,3,3,4,3	70.751354	0.017732	0.007857	0.427877	0.384022	0.020260	0.142252	0.017006	0.132063	0.152865	0.261474	0.082705	0.353887	0.201860	0.195118	0.129195	0.085160	0.170274	0.218393	0.201860	0.195118	0.129195	0.085160	0.170274	0.218393	0.150824	0.280617	0.211426	0.127194	0.168740	0.061200	0.201860	0.195118	0.129195	0.085160	0.170274	0.218393	1,2,3,4,5,5	72.571954	0.232744	2.713991	0.656997	0.161169	1.115716	1.115716	
928000	-116165	1,1,2,2,3,1	72.742912	5.615613	5.615613	4.390284	4.390284	6.488077	5.615613	1,2,1,3,2,4	72.554930	0.329597	0.139886	0.164364	0.366152	0.359030	0.071557	0.470983	0.098430	0.329597	0.139886	0.164364	0.366152	0.328242	0.228786	0.373666	0.069306	0.359030	0.071557	0.470983	0.098430	0.361658	0.268031	0.055730	0.314581	1,2,3,4,5,6	72.632719	0.154761	0.082237	0.470076	0.040082	0.251746	0.001098	0.042420	0.110735	0.111979	0.245045	0.048875	0.440945	0.094831	0.376369	0.113336	0.146940	0.019807	0.248718	0.141598	0.048459	0.560684	0.162815	0.066397	0.020047	0.153718	0.230344	0.208502	0.251458	0.073598	0.082379	0.116573	0.160028	0.190817	0.065797	0.335770	0.131014	1,2,3,4,5,3	71.087052	0.279756	1.703707	0.933724	0.164856	0.905397	0.933724	
929000	-116821	1,2,3,2,4,2	71.664986	4.637661	4.607907	6.582742	4.607907	6.530938	4.607907	1,2,3,1,4,5	71.774777	0.585583	0.094718	0.143897	0.175801	0.227189	0.010139	0.371831	0.390840	0.251605	0.071694	0.249730	0.426970	0.585583	0.094718	0.143897	0.175801	0.299869	0.110251	0.392083	0.197797	0.233908	0.093283	0.020367	0.652441	1,2,3,1,3,4	70.469823	0.167590	0.157734	0.283233	0.244569	0.062706	0.084168	0.010138	0.170548	0.041465	0.369009	0.270888	0.137952	0.049892	0.442095	0.100291	0.262870	0.052063	0.092789	0.167590	0.157734	0.283233	0.244569	0.062706	0.084168	0.049892	0.442095	0.100291	0.262870	0.052063	0.092789	0.088750	0.216587	0.066488	0.306167	0.087635	0.234373	1,2,3,4,5,5	71.500958	0.276128	1.023945	0.626288	0.172377	1.063286	1.063286	
930000	-117031	1,2,3,1,4,5	71.989501	5.188950	6.411492	6.433479	5.188950	6.236490	6.611746	1,2,2,1,3,4	72.490350	0.527991	0.114359	0.191073	0.166577	0.331077	0.032780	0.333206	0.302938	0.331077	0.032780	0.333206	0.302938	0.527991	0.114359	0.191073	0.166577	0.296231	0.219757	0.417764	0.066248	0.206179	0.195446	0.177598	0.420777	1,2,3,2,4,2	71.126452	0.207149	0.097937	0.400152	0.085099	0.156451	0.053213	0.147896	0.080005	0.226007	0.147681	0.228198	0.170214	0.063045	0.306303	0.105252	0.232168	0.138573	0.154659	0.147896	0.080005	0.226007	0.147681	0.228198	0.170214	0.175955	0.317494	0.121774	0.147480	0.236441	0.000855	0.147896	0.080005	0.226007	0.147681	0.228198	0.170214	1,2,3,4,5,5	69.668346	0.257546	1.634719	0.882412	0.272367	1.017603	1.017603	
931000	-117126	1,2,3,4,5,6	70.411849	6.646496	6.091095	7.535049	5.169399	6.278149	5.746871	1,2,3,1,4,1	71.247340	0.355200	0.256884	0.081588	0.306328	0.410546	0.016935	0.405119	0.167400	0.249881	0.102519	0.420608	0.226991	0.355200	0.256884	0.081588	0.306328	0.543590	0.036273	0.298993	0.121144	0.355200	0.256884	0.081588	0.306328	1,2,3,4,4,2	71.513894	0.158970	0.100896	0.336031	0.150351	0.235003	0.018749	0.055582	0.081831	0.118801	0.120573	0.363873	0.259340	0.136319	0.417168	0.164863	0.097339	0.077442	0.106868	0.154730	0.249606	0.050918	0.431334	0.044476	0.068936	0.154730	0.249606	0.050918	0.431334	0.044476	0.068936	0.055582	0.081831	0.118801	0.120573	0.363873	0.259340	1,2,3,4,5,6	71.243952	0.237065	2.046785	0.778876	0.202246	1.330469	0.919042	
932000	-115456	1,2,3,2,4,5	70.719811	5.248933	4.938252	6.084572	4.938252	6.620474	5.748043	1,2,3,4,5,6	71.475070	0.341377	0.123934	0.171841	0.362848	0.235899	0.180300	0.409503	0.174298	0.213095	0.158613	0.209912	0.418380	0.369787	0.298921	0.104409	0.226883	0.254390	0.165211	0.441098	0.139301	0.310053	0.197944	0.047099	0.444903	1,2,3,4,5,4	70.945775	0.264730	0.012887	0.480914	0.155653	0.014132	0.071684	0.049954	0.267453	0.078065	0.127038	0.048006	0.429484	0.090847	0.514697	0.201003	0.072813	0.003700	0.116939	0.080863	0.155017	0.092468	0.163156	0.157935	0.350561	0.116082	0.500539	0.212068	0.079437	0.048709	0.043165	0.080863	0.155017	0.092468	0.163156	0.157935	0.350561	1,2,3,4,5,3	71.609871	0.296756	2.520469	0.901860	0.281826	1.100357	0.901860	
933000	-116944	1,2,3,4,5,6	72.044825	5.821254	5.526570	5.322025	5.233373	6.371551	6.112710	1,2,3,4,5,6	71.423143	0.428218	0.180732	0.143859	0.247191	0.164309	0.034127	0.640442	0.161122	0.108492	0.307525	0.112555	0.471428	0.799166	0.050072	0.063516	0.087246	0.600560	0.068428	0.311506	0.019507	0.405987	0.196925	0.056022	0.341067	1,2,3,4,5,2	71.648903	0.031348	0.038409	0.596626	0.055669	0.112214	0.165734	0.171115	0.056859	0.137460	0.048099	0.420602	0.165865	0.127916	0.364443	0.214307	0.083185	0.009223	0.200926	0.164521	0.235248	0.433535	0.055734	0.106354	0.004608	0.464853	0.154984	0.066378	0.238764	0.018767	0.056254	0.171115	0.056859	0.137460	0.048099	0.420602	0.165865	1,2,3,1,4,4	71.172596	0.194056	1.871123	1.006769	0.194056	0.909707	0.909707	
934000	-117573	1,2,3,4,5,6	71.939387	5.965078	5.483016	5.187926	6.086252	6.072298	6.071877	1,2,3,4,5,1	71.080436	0.359242	0.184188	0.063478	0.393092	0.457361	0.013685	0.398379	0.130576	0.198405	0.173222	0.268295	0.360078	0.742748	0.115421	0.009713	0.132119	0.268084	0.269014	0.416029	0.046873	0.359242	0.184188	0.063478	0.393092	1,2,3,2,3,4	72.142223	0.090752	0.152352	0.373300	0.102400	0.014959	0.266236	0.051986	0.104171	0.301381	0.160771	0.108304	0.273387	0.081457	0.166625	0.268431	0.182140	0.011014	0.290334	0.051986	0.104171	0.301381	0.160771	0.108304	0.273387	0.081457	0.166625	0.268431	0.182140	0.011014	0.290334	0.244029	0.053133	0.093575	0.108264	0.330393	0.170606	1,2,3,4,5,6	69.768784	0.366386	2.194061	0.721399	0.303957	1.264435	1.154809	
935000	-116706	1,2,3,4,1,5	72.100540	6.228837	5.305097	5.819400	4.704809	6.228837	5.200421	1,2,3,4,2,4	71.940475	0.502289	0.094850	0.125314	0.277547	0.269383	0.086380	0.524197	0.120040	0.178820	0.027822	0.278533	0.514825	0.402810	0.263313	0.134455	0.199422	0.269383	0.086380	0.524197	0.120040	0.402810	0.263313	0.134455	0.199422	1,2,2,2,3,4	70.271384	0.060050	0.081198	0.477775	0.206344	0.115642	0.058992	0.151566	0.188871	0.157524	0.212606	0.043731	0.245703	0.151566	0.188871	0.157524	0.212606	0.043731	0.245703	0.151566	0.188871	0.157524	0.212606	0.043731	0.245703	0.038146	0.342259	0.140876	0.221830	0.078558	0.178331	0.061089	0.175676	0.307928	0.063849	0.285474	0.105984	1,2,3,4,5,6	70.056482	0.221061	1.958580	0.769963	0.276114	0.794754	0.866055	
936000	-119287	1,2,3,4,1,5	70.908368	5.028915	5.178262	5.322344	4.620593	5.028915	6.016071	1,2,3,4,2,1	70.171601	0.281435	0.156784	0.093452	0.468328	0.115530	0.201030	0.486679	0.196761	0.096723	0.012882	0.465321	0.425074	0.194483	0.677716	0.023805	0.103996	0.115530	0.201030	0.486679	0.196761	0.281435	0.156784	0.093452	0.468328	1,2,3,4,3,5	72.124707	0.100861	0.069121	0.337173	0.249307	0.228884	0.014655	0.076966	0.343025	0.192946	0.217574	0.017368	0.152121	0.205332	0.272564	0.147745	0.252281	0.049774	0.072303	0.020750	0.085073	0.154354	0.259296	0.225059	0.255468	0.205332	0.272564	0.147745	0.252281	0.049774	0.072303	0.126689	0.323090	0.158879	0.027269	0.285114	0.078960	1,2,3,4,3,3	71.017702	0.408815	2.450803	0.949185	0.139566	0.949185	0.949185	
937000	-116549	1,2,3,3,4,5	69.818433	5.995369	5.429228	4.310082	4.310082	6.238241	5.929683	1,2,1,3,2,1	72.346085	0.338373	0.151288	0.124370	0.385969	0.293641	0.093581	0.507384	0.105394	0.338373	0.151288	0.124370	0.385969	0.509482	0.370919	0.023524	0.096076	0.293641	0.093581	0.507384	0.105394	0.338373	0.151288	0.124370	0.385969	1,2,3,3,4,2	70.845522	0.035319	0.065458	0.341249	0.270472	0.019994	0.267509	0.073369	0.147094	0.236768	0.028240	0.186495	0.328035	0.002317	0.258315	0.149771	0.191437	0.110457	0.287703	0.002317	0.258315	0.149771	0.191437	0.110457	0.287703	0.125711	0.288047	0.128858	0.124619	0.327680	0.005085	0.073369	0.147094	0.236768	0.028240	0.186495	0.328035	1,2,3,1,4,5	72.417433	0.257178	1.481740	0.897416	0.257178	0.943009	1.022099	
938000	-118467	1,2,3,3,4,5	70.544966	5.825614	6.004880	5.020758	5.020758	6.193255	5.549276	1,2,3,1,4,5	72.863512	0.533729	0.169664	0.063327	0.233281	0.243323	0.073458	0.555522	0.127697	0.122059	0.264716	0.152397	0.460828	0.533729	0.169664	0.063327	0.233281	0.297043	0.172899	0.238086	0.291971	0.310610	0.318574	0.130092	0.240724	1,2,3,2,4,5	70.316750	0.004329	0.073614	0.399764	0.193467	0.174584	0.154242	0.125376	0.164093	0.069147	0.325711	0.103740	0.211933	0.261146	0.206050	0.073237	0.227730	0.076657	0.155180	0.125376	0.164093	0.069147	0.325711	0.103740	0.211933	0.336107	0.238610	0.238207	0.112825	0.073565	0.000685	0.052481	0.116541	0.125679	0.287515	0.312011	0.105772	1,2,3,1,4,5	70.765983	0.281046	4.652859	0.741727	0.281046	0.786020	0.808681	
939000	-116358	1,2,3,1,4,5	70.996372	5.175941	6.063600	5.737052	5.175941	7.613511	5.755398	1,2,3,4,2,5	71.786010	0.376136	0.057048	0.116495	0.450321	0.233961	0.112231	0.498173	0.155636	0.206459	0.018967	0.326413	0.448161	0.343448	0.532851	0.065302	0.058398	0.233961	0.112231	0.498173	0.155636	0.115293	0.399471	0.024013	0.461224	1,2,3,4,5,2	70.009965	0.135199	0.051620	0.274191	0.183489	0.115212	0.240290	0.150103	0.078596	0.219274	0.117622	0.151308	0.283097	0.033217	0.248091	0.149546	0.324201	0.136508	0.108436	0.028710	0.280006	0.229337	0.127038	0.082995	0.251914	0.128247	0.619427	0.081573	0.021701	0.125562	0.023491	0.150103	0.078596	0.219274	0.117622	0.151308	0.283097	1,2,3,4,5,6	70.069139	0.259172	1.796809	0.996097	0.256429	1.164405	0.930485	
940000	-115553	1,2,3,3,4,5	72.121423	5.604882	5.669042	5.183273	5.183273	5.962603	6.121490	1,2,3,4,5,6	71.967172	0.400519	0.188632	0.099817	0.311032	0.199438	0.046841	0.489734	0.263986	0.308143	0.124997	0.226822	0.340038	0.580657	0.093612	0.223368	0.102363	0.224722	0.077703	0.657081	0.040495	0.262475	0.200851	0.043144	0.493530	1,2,2,3,4,3	71.656680	0.131302	0.024694	0.497473	0.133888	0.043389	0.169255	0.012474	0.187386	0.174110	0.220670	0.195649	0.209711	0.012474	0.187386	0.174110	0.220670	0.195649	0.209711	0.083187	0.066524	0.216651	0.072475	0.250838	0.310325	0.096405	0.239389	0.258420	0.290052	0.109232	0.006502	0.083187	0.066524	0.216651	0.072475	0.250838	0.310325	1,2,3,1,4,4	71.139987	0.240137	3.489000	0.606161	0.240137	0.963417	0.963417	
941000	-117155	1,2,3,4,4,3	71.258008	6.168190	5.702480	5.384849	5.094091	5.094091	5.384849	1,2,2,3,1,1	71.884373	0.389039	0.153693	0.150766	0.306503	0.174713	0.020052	0.480541	0.324695	0.174713	0.020052	0.480541	0.324695	0.508209	0.275736	0.158829	0.057227	0.389039	0.153693	0.150766	0.306503	0.389039	0.153693	0.150766	0.306503	1,2,2,1,3,2	70.628241	0.043360	0.032280	0.557288	0.146371	0.099497	0.121204	0.163520	0.103186	0.100371	0.157338	0.369108	0.106477	0.163520	0.103186	0.100371	0.157338	0.369108	0.106477	0.043360	0.032280	0.557288	0.146371	0.099497	0.121204	0.290561	0.329737	0.074295	0.017845	0.263530	0.024032	0.163520	0.103186	0.100371	0.157338	0.369108	0.106477	1,2,3,4,3,3	72.336957	0.241800	4.272676	0.973172	0.152361	0.973172	0.973172	
942000	-115899	1,2,3,3,4,5	71.789940	5.374400	5.525655	4.666767	4.666767	6.539976	6.206213	1,2,3,4,2,5	70.722440	0.435847	0.282508	0.051320	0.230325	0.312630	0.101651	0.510442	0.075276	0.319877	0.037192	0.073554	0.569377	0.515403	0.143030	0.198523	0.143044	0.312630	0.101651	0.510442	0.075276	0.193238	0.257130	0.087340	0.462292	1,2,3,4,5,6	71.151437	0.071607	0.003773	0.371103	0.106852	0.200249	0.246415	0.075543	0.077669	0.249504	0.076369	0.045216	0.475699	0.062449	0.232338	0.024755	0.460547	0.163797	0.056115	0.081920	0.028001	0.196459	0.054398	0.326123	0.313099	0.129567	0.268345	0.012998	0.196373	0.266784	0.125933	0.122968	0.130542	0.175528	0.138169	0.230946	0.201847	1,2,3,4,5,6	69.962890	0.306311	1.668934	1.003321	0.202541	0.938463	0.999051	
943000	-116397	1,2,3,3,4,5	72.261295	5.811632	6.679336	5.015941	5.015941	5.664711	6.404165	1,2,3,4,2,1	70.354589	0.329618	0.218319	0.064980	0.387084	0.232178	0.051090	0.453905	0.262827	0.142437	0.256466	0.314501	0.286595	0.491181	0.244144	0.151430	0.113245	0.232178	0.051090	0.453905	0.262827	0.329618	0.218319	0.064980	0.387084	1,2,2,3,4,3	71.176962	0.042823	0.040404	0.285808	0.393760	0.038928	0.198278	0.016125	0.139551	0.256609	0.203696	0.102465	0.281554	0.016125	0.139551	0.256609	0.203696	0.102465	0.281554	0.060767	0.007732	0.181362	0.158280	0.297440	0.294419	0.098476	0.459490	0.234260	0.157738	0.012407	0.037629	0.060767	0.007732	0.181362	0.158280	0.297440	0.294419	1,2,3,1,4,5	71.465358	0.230232	1.362050	0.875456	0.230232	1.039739	1.069426	
944000	-117638	1,2,3,1,2,4	70.485315	5.112951	6.216999	5.666736	5.112951	6.216999	5.869015	1,2,1,3,2,4	70.292844	0.287546	0.139458	0.181461	0.391536	0.282124	0.094719	0.477422	0.145735	0.287546	0.139458	0.181461	0.391536	0.273180	0.437915	0.230608	0.058297	0.282124	0.094719	0.477422	0.145735	0.234943	0.183377	0.216550	0.365130	1,2,3,4,5,4	71.355661	0.175765	0.247902	0.287831	0.078472	0.098559	0.111471	0.022841	0.130207	0.277076	0.189561	0.012188	0.368127	0.299634	0.144173	0.158941	0.185330	0.063948	0.147975	0.061678	0.060524	0.180186	0.070420	0.251350	0.375843	0.231353	0.299335	0.273086	0.093737	0.032923	0.069567	0.061678	0.060524	0.180186	0.070420	0.251350	0.375843	1,2,3,4,5,6	73.135624	0.349151	2.076124	1.094204	0.221963	1.107409	1.171835	
945000	-115917	1,2,2,1,3,4	72.954737	5.006379	5.747140	5.747140	5.006379	6.345233	5.575332	1,2,3,4,2,1	71.615415	0.345208	0.146063	0.066451	0.442278	0.331691	0.088486	0.446726	0.133097	0.441854	0.077864	0.184288	0.295995	0.609173	0.194836	0.107010	0.088981	0.331691	0.088486	0.446726	0.133097	0.345208	0.146063	0.066451	0.442278	1,2,3,2,3,4	71.937414	0.348672	0.067854	0.357584	0.071584	0.039521	0.114784	0.061965	0.082730	0.202629	0.176466	0.172886	0.303323	0.247080	0.333461	0.096897	0.114303	0.058960	0.149299	0.061965	0.082730	0.202629	0.176466	0.172886	0.303323	0.247080	0.333461	0.096897	0.114303	0.058960	0.149299	0.080112	0.076479	0.146765	0.193645	0.288326	0.214674	1,2,3,4,5,6	70.324503	0.348396	1.649788	1.028111	0.253502	0.964335	0.918638	
946000	-117722	1,2,3,4,5,6	72.377984	6.061322	5.886387	5.938394	5.343666	6.893462	5.328654	1,2,3,4,2,5	72.432039	0.432764	0.052730	0.062946	0.451560	0.356935	0.057753	0.411174	0.174138	0.163610	0.103678	0.173182	0.559530	0.358756	0.347067	0.213115	0.081062	0.356935	0.057753	0.411174	0.174138	0.174560	0.527577	0.072719	0.225144	1,2,3,3,4,3	70.247652	0.082490	0.197772	0.346991	0.176494	0.116261	0.079991	0.133897	0.074136	0.089824	0.168677	0.296003	0.237463	0.106362	0.096722	0.098610	0.226354	0.170989	0.300962	0.106362	0.096722	0.098610	0.226354	0.170989	0.300962	0.307750	0.336860	0.023730	0.061328	0.234684	0.035648	0.106362	0.096722	0.098610	0.226354	0.170989	0.300962	1,2,3,1,4,5	70.953525	0.267476	2.564148	0.989263	0.267476	1.044142	0.979010	
947000	-117894	1,2,3,4,5,6	71.135507	5.971504	5.622014	4.860026	5.098404	6.751863	6.104133	1,2,3,4,2,1	70.055370	0.306704	0.257453	0.119682	0.316160	0.349398	0.099757	0.509524	0.041320	0.373223	0.170333	0.154871	0.301572	0.577175	0.110935	0.120380	0.191510	0.349398	0.099757	0.509524	0.041320	0.306704	0.257453	0.119682	0.316160	1,2,2,3,4,3	71.017043	0.013183	0.046416	0.422339	0.402695	0.044037	0.071330	0.128917	0.177117	0.110828	0.147805	0.077545	0.357788	0.128917	0.177117	0.110828	0.147805	0.077545	0.357788	0.060302	0.009050	0.301765	0.205644	0.343009	0.080229	0.446169	0.211701	0.062663	0.113823	0.085786	0.079859	0.060302	0.009050	0.301765	0.205644	0.343009	0.080229	1,2,3,1,4,4	70.929581	0.290206	3.190252	0.669734	0.290206	1.042856	1.042856	
948000	-117309	1,2,3,4,5,6	70.234099	5.950291	5.506781	6.153548	4.839782	5.380933	5.581530	1,2,2,1,3,3	70.110628	0.374382	0.312320	0.058818	0.254480	0.187806	0.057719	0.290618	0.463857	0.187806	0.057719	0.290618	0.463857	0.374382	0.312320	0.058818	0.254480	0.267471	0.181875	0.256510	0.294143	0.267471	0.181875	0.256510	0.294143	1,2,2,3,4,5	72.466494	0.081694	0.141486	0.387907	0.104749	0.127475	0.156689	0.055593	0.376299	0.095781	0.201924	0.036368	0.234036	0.055593	0.376299	0.095781	0.201924	0.036368	0.234036	0.113104	0.075956	0.070855	0.335366	0.257313	0.147405	0.067705	0.672882	0.035983	0.146177	0.009779	0.067474	0.041390	0.056002	0.216065	0.212532	0.466605	0.007405	1,2,3,1,4,4	69.958651	0.254980	2.510567	0.731576	0.254980	0.901818	0.901818	
949000	-116647	1,2,3,4,5,6	70.476642	6.536927	4.934009	6.794698	5.498337	6.133236	6.150650	1,2,3,4,5,1	71.539731	0.378839	0.224246	0.111082	0.285833	0.067975	0.061434	0.800723	0.069869	0.144459	0.101745	0.242161	0.511635	0.593642	0.135423	0.158191	0.112745	0.507464	0.116792	0.231103	0.144642	0.378839	0.224246	0.111082	0.285833	1,2,3,4,3,5	71.449618	0.040977	0.132905	0.166945	0.619751	0.009223	0.030199	0.058087	0.245060	0.150324	0.113438	0.118757	0.314334	0.016702	0.432494	0.083368	0.372362	0.044868	0.050207	0.038133	0.033795	0.390924	0.104685	0.420366	0.012098	0.016702	0.432494	0.083368	0.372362	0.044868	0.050207	0.071765	0.314067	0.086914	0.087582	0.318657	0.121015	1,2,3,4,5,2	72.390537	0.312353	1.042364	0.837943	0.270049	0.976996	1.042364	
950000	-116871	1,2,3,3,4,5	70.190524	5.902916	5.522452	4.495588	4.495588	5.770527	5.631358	1,2,3,4,5,6	69.811484	0.353368	0.171560	0.097644	0.377428	0.311361	0.042775	0.378576	0.267288	0.465608	0.055485	0.192708	0.286200	0.634434	0.069970	0.140803	0.154793	0.220421	0.317331	0.430093	0.032154	0.267777	0.178962	0.025127	0.528134	1,2,2,3,4,2	72.275095	0.057241	0.016406	0.392333	0.205391	0.085502	0.243127	0.157216	0.132722	0.089998	0.188053	0.188637	0.243374	0.157216	0.132722	0.089998	0.188053	0.188637	0.243374	0.071660	0.174953	0.132865	0.306250	0.111294	0.202979	0.084399	0.223375	0.250889	0.157121	0.204771	0.079444	0.157216	0.132722	0.089998	0.188053	0.188637	0.243374	1,2,3,1,4,4	71.165600	0.309474	2.296248	0.878075	0.309474	1.042864	1.042864	
951000	-116595	1,2,3,2,4,5	70.437868	5.883067	4.843747	5.954848	4.843747	6.577379	6.119047	1,2,3,4,5,6	71.234602	0.390052	0.274747	0.108647	0.226554	0.140396	0.194247	0.512259	0.153097	0.090219	0.112080	0.189448	0.608253	0.619253	0.149880	0.202885	0.027982	0.383599	0.158481	0.422553	0.035367	0.211067	0.195507	0.161976	0.431450	1,2,3,4,5,6	71.042009	0.003321	0.125726	0.634724	0.094653	0.092315	0.049261	0.056321	0.207704	0.270422	0.065845	0.010215	0.389493	0.024243	0.120256	0.104569	0.274186	0.283828	0.192918	0.021489	0.050824	0.137099	0.267469	0.454004	0.069115	0.125985	0.342191	0.075954	0.218484	0.031810	0.205577	0.139607	0.345040	0.108037	0.014895	0.258233	0.134188	1,2,3,4,5,5	72.458411	0.242387	2.098712	0.681858	0.203770	1.010576	1.010576	
952000	-116395	1,2,3,4,5,6	70.540086	5.559618	5.314691	6.189057	4.582803	7.175270	6.188637	1,2,1,3,4,5	70.247994	0.316560	0.129873	0.199433	0.354133	0.212878	0.286425	0.387019	0.113678	0.316560	0.129873	0.199433	0.354133	0.600421	0.139310	0.164911	0.095358	0.349424	0.132863	0.447002	0.070711	0.083131	0.333627	0.076150	0.507093	1,2,3,1,4,3	71.328692	0.107545	0.037446	0.603754	0.118894	0.107995	0.024365	0.046439	0.188072	0.054595	0.014810	0.028655	0.667429	0.175297	0.200711	0.165940	0.119985	0.081268	0.256800	0.107545	0.037446	0.603754	0.118894	0.107995	0.024365	0.134184	0.199383	0.255034	0.273391	0.081796	0.056213	0.175297	0.200711	0.165940	0.119985	0.081268	0.256800	1,2,3,4,3,3	73.431566	0.330400	1.893350	0.926652	0.246738	0.926652	0.926652	
953000	-117430	1,2,3,2,4,5	71.861764	5.893515	4.723178	5.291127	4.723178	6.365527	5.812784	1,2,1,3,2,4	70.270694	0.361117	0.141583	0.090575	0.406725	0.338722	0.144709	0.398667	0.117903	0.361117	0.141583	0.090575	0.406725	0.488168	0.316584	0.168829	0.026420	0.338722	0.144709	0.398667	0.117903	0.076932	0.327951	0.090755	0.504362	1,2,3,3,4,1	71.778450	0.125909	0.051513	0.410110	0.035983	0.149897	0.226587	0.033579	0.083588	0.212966	0.046508	0.161049	0.462311	0.086561	0.140413	0.183907	0.362839	0.070645	0.155635	0.086561	0.140413	0.183907	0.362839	0.070645	0.155635	0.036508	0.564170	0.044964	0.249653	0.061719	0.042986	0.125909	0.051513	0.410110	0.035983	0.149897	0.226587	1,2,3,1,3,4	70.125456	0.267354	1.572906	0.957492	0.267354	0.957492	0.933846	
954000	-116343	1,2,1,1,3,4	70.606191	4.716269	4.734951	4.716269	4.716269	5.603523	6.173717	1,2,3,4,4,5	73.954015	0.405476	0.153346	0.232737	0.208442	0.124427	0.073535	0.743584	0.058454	0.145897	0.243511	0.135132	0.475460	0.529331	0.170966	0.240476	0.059227	0.529331	0.170966	0.240476	0.059227	0.128596	0.358094	0.131567	0.381743	1,2,3,2,3,2	68.760109	0.258263	0.035637	0.424951	0.073864	0.070576	0.136710	0.059696	0.097790	0.319218	0.117435	0.232022	0.173839	0.048736	0.391325	0.174616	0.157604	0.098814	0.128904	0.059696	0.097790	0.319218	0.117435	0.232022	0.173839	0.048736	0.391325	0.174616	0.157604	0.098814	0.128904	0.059696	0.097790	0.319218	0.117435	0.232022	0.173839	1,2,3,1,4,3	71.871568	0.183167	2.362567	0.927397	0.183167	1.093983	0.927397	
955000	-117507	1,2,3,3,4,5	71.541827	6.292792	5.354283	4.426004	4.426004	6.437098	6.464539	1,2,2,3,4,1	72.422615	0.265631	0.184054	0.220605	0.329710	0.295636	0.049445	0.272409	0.382511	0.295636	0.049445	0.272409	0.382511	0.376932	0.238232	0.284657	0.100179	0.334631	0.247226	0.285759	0.132385	0.265631	0.184054	0.220605	0.329710	1,2,3,4,5,6	71.389312	0.040230	0.051519	0.729257	0.056636	0.117898	0.004459	0.190637	0.128154	0.135625	0.183800	0.069368	0.292416	0.007156	0.194149	0.206554	0.241847	0.091639	0.258654	0.037715	0.081150	0.314279	0.061058	0.357746	0.148052	0.117328	0.596544	0.040716	0.131459	0.103626	0.010327	0.059230	0.258682	0.125046	0.206019	0.234462	0.116561	1,2,3,4,5,6	72.094767	0.232369	1.559529	0.609280	0.122731	1.111727	1.033407	
956000	-115949	1,2,1,3,4,2	70.476854	4.655601	5.574467	4.655601	6.140364	6.348420	5.574467	1,2,3,4,2,5	72.731391	0.368409	0.392749	0.055753	0.183090	0.333039	0.063917	0.485779	0.117265	0.040763	0.067221	0.186449	0.705567	0.499068	0.334555	0.091790	0.074587	0.333039	0.063917	0.485779	0.117265	0.094203	0.187126	0.108973	0.609698	1,2,3,1,4,5	73.295871	0.008335	0.119496	0.436711	0.242885	0.165730	0.026843	0.061810	0.130759	0.091185	0.104323	0.383895	0.228028	0.085121	0.523397	0.126886	0.111658	0.046092	0.106847	0.008335	0.119496	0.436711	0.242885	0.165730	0.026843	0.211138	0.323500	0.105199	0.106396	0.212074	0.041693	0.161811	0.315297	0.248409	0.005047	0.163350	0.106086	1,2,3,1,3,3	71.735045	0.148473	3.893428	0.958914	0.148473	0.958914	0.958914	
957000	-117960	1,2,3,4,1,5	71.013900	5.166529	6.096393	5.445728	4.881036	5.166529	5.599087	1,2,3,1,4,5	70.621638	0.535544	0.224485	0.079520	0.160451	0.179823	0.095082	0.535401	0.189693	0.134058	0.099297	0.206224	0.560421	0.535544	0.224485	0.079520	0.160451	0.623870	0.087890	0.198683	0.089558	0.179346	0.120074	0.076751	0.623829	1,2,3,3,3,4	68.623487	0.004650	0.017401	0.520766	0.230453	0.083085	0.143645	0.187938	0.150172	0.025746	0.189358	0.323921	0.122864	0.060700	0.194630	0.166854	0.223031	0.013673	0.341111	0.060700	0.194630	0.166854	0.223031	0.013673	0.341111	0.060700	0.194630	0.166854	0.223031	0.013673	0.341111	0.150533	0.008034	0.245237	0.239573	0.255228	0.101394	1,2,3,4,5,3	70.837894	0.220288	2.206372	0.951975	0.114790	0.977510	0.951975	
958000	-119562	1,2,3,4,5,4	72.523824	5.480551	6.228348	5.800790	5.246989	6.889172	5.246989	1,2,1,3,4,1	71.477114	0.190178	0.078834	0.278107	0.452882	0.317668	0.115934	0.421196	0.145202	0.190178	0.078834	0.278107	0.452882	0.352476	0.335487	0.197519	0.114518	0.286193	0.150106	0.384685	0.179016	0.190178	0.078834	0.278107	0.452882	1,1,2,3,4,5	71.298131	0.036606	0.060412	0.315340	0.154068	0.068445	0.365130	0.036606	0.060412	0.315340	0.154068	0.068445	0.365130	0.243631	0.119353	0.136384	0.139553	0.186111	0.174968	0.282782	0.071676	0.344120	0.039979	0.157683	0.103759	0.240128	0.525083	0.014146	0.031464	0.046596	0.142583	0.401641	0.000900	0.135859	0.072912	0.365311	0.023377	1,2,3,1,4,5	70.894690	0.267854	3.110446	0.766258	0.267854	0.830055	0.884700	
959000	-115376	1,2,3,4,5,6	70.035591	5.417219	5.480381	5.293474	5.326632	6.774294	6.598009	1,2,3,4,2,5	69.852575	0.272651	0.206896	0.186936	0.333517	0.404268	0.059067	0.405548	0.131118	0.126874	0.055014	0.367875	0.450237	0.567418	0.223169	0.159328	0.050086	0.404268	0.059067	0.405548	0.131118	0.195064	0.327073	0.127981	0.349882	1,2,3,4,5,6	72.926720	0.099429	0.035310	0.308864	0.519777	0.011910	0.024709	0.229218	0.122102	0.047077	0.129002	0.172618	0.299982	0.106050	0.377092	0.117037	0.205177	0.032584	0.162060	0.053924	0.097232	0.198772	0.168931	0.347506	0.133635	0.117281	0.325450	0.061699	0.249993	0.159129	0.086448	0.111931	0.218766	0.280339	0.021394	0.240405	0.127166	1,2,3,4,5,6	71.068237	0.209508	1.321256	0.958924	0.162389	0.989492	0.936468	
960000	-116839	1,2,3,4,5,6	69.508822	5.876622	5.473148	6.035231	4.781252	5.410129	5.057642	1,2,2,3,4,1	71.488568	0.523600	0.151542	0.041420	0.283438	0.268086	0.041861	0.427044	0.263009	0.268086	0.041861	0.427044	0.263009	0.531637	0.314813	0.129666	0.023884	0.628711	0.128807	0.228851	0.013631	0.523600	0.151542	0.041420	0.283438	1,2,2,1,3,4	72.331343	0.053089	0.094764	0.347999	0.216492	0.081250	0.206407	0.107847	0.273278	0.126356	0.147165	0.082495	0.262858	0.107847	0.273278	0.126356	0.147165	0.082495	0.262858	0.053089	0.094764	0.347999	0.216492	0.081250	0.206407	0.103289	0.224875	0.032496	0.292220	0.241056	0.106064	0.021498	0.141525	0.061036	0.183631	0.231304	0.361006	1,2,3,4,5,6	71.913182	0.264216	2.191195	0.795667	0.166789	0.973950	0.951155	
961000	-117813	1,2,1,3,4,5	71.452763	5.078044	5.768584	5.078044	4.952307	6.349279	6.249028	1,2,3,4,2,5	72.826964	0.473780	0.146309	0.207217	0.172693	0.275315	0.156128	0.428946	0.139611	0.126446	0.058058	0.563177	0.252319	0.546822	0.246193	0.183947	0.023038	0.275315	0.156128	0.428946	0.139611	0.071659	0.228723	0.121460	0.578158	1,2,3,4,5,4	70.575629	0.132720	0.025983	0.410538	0.103870	0.315758	0.011130	0.139760	0.105588	0.135142	0.218513	0.057412	0.343585	0.060063	0.129899	0.181014	0.372414	0.171499	0.085111	0.038265	0.082414	0.197597	0.193615	0.331538	0.156572	0.100341	0.216134	0.058730	0.236092	0.275195	0.113507	0.038265	0.082414	0.197597	0.193615	0.331538	0.156572	1,2,3,1,4,5	71.058130	0.281979	1.420236	0.800687	0.281979	0.837588	0.963240	
962000	-114701	1,2,3,4,5,6	69.661441	5.997362	6.300128	5.372962	5.105680	6.816612	5.765253	1,2,3,4,5,1	71.136884	0.392863	0.160567	0.023466	0.423104	0.327671	0.087111	0.410416	0.174802	0.083695	0.059244	0.215630	0.641430	0.498888	0.293170	0.128865	0.079077	0.400309	0.102302	0.411759	0.085630	0.392863	0.160567	0.023466	0.423104	1,2,3,1,3,4	70.832452	0.076994	0.084399	0.418937	0.176461	0.119847	0.123362	0.058016	0.229945	0.120694	0.111718	0.080549	0.399079	0.293429	0.332949	0.126265	0.178383	0.031834	0.037140	0.076994	0.084399	0.418937	0.176461	0.119847	0.123362	0.293429	0.332949	0.126265	0.178383	0.031834	0.037140	0.168418	0.113176	0.074056	0.201306	0.255251	0.187792	1,2,3,4,5,3	71.719576	0.275829	3.173705	0.954511	0.233544	1.010919	0.954511	
963000	-115079	1,2,3,4,5,6	70.941577	5.761270	5.718041	5.264505	5.248528	4.960161	6.069112	1,2,3,4,2,5	71.691299	0.378641	0.148815	0.151951	0.320594	0.376214	0.064569	0.422201	0.137016	0.313670	0.063673	0.354177	0.268480	0.684372	0.193008	0.055349	0.067271	0.376214	0.064569	0.422201	0.137016	0.272726	0.159745	0.084895	0.482634	1,2,3,2,4,5	70.315753	0.050725	0.063541	0.561574	0.143595	0.141546	0.039018	0.021114	0.193292	0.156821	0.148999	0.215016	0.264756	0.044163	0.181754	0.065478	0.446262	0.161339	0.101004	0.021114	0.193292	0.156821	0.148999	0.215016	0.264756	0.131703	0.261743	0.082936	0.356841	0.072160	0.094616	0.077453	0.034081	0.107884	0.427501	0.272206	0.080874	1,2,3,4,5,6	71.261387	0.278315	2.861433	0.744019	0.185516	0.908881	1.072479	
964000	-116494	1,2,3,3,4,5	70.662490	5.879630	5.679347	4.981771	4.981771	5.388106	6.055726	1,2,1,3,2,1	70.475647	0.277571	0.204578	0.137144	0.380706	0.243790	0.057096	0.539521	0.159593	0.277571	0.204578	0.137144	0.380706	0.258995	0.583835	0.089945	0.067226	0.243790	0.057096	0.539521	0.159593	0.277571	0.204578	0.137144	0.380706	1,2,2,3,4,5	70.741104	0.060142	0.026651	0.375631	0.138894	0.220427	0.178256	0.195621	0.199188	0.116717	0.155933	0.055396	0.277145	0.195621	0.199188	0.116717	0.155933	0.055396	0.277145	0.007208	0.060722	0.518287	0.099856	0.230711	0.083217	0.397210	0.196391	0.140243	0.244780	0.014722	0.006653	0.063179	0.088257	0.151240	0.306265	0.197138	0.193921	1,2,3,4,5,5	72.245833	0.620142	3.921747	0.926767	0.194655	0.956934	0.956934	
965000	-115636	1,2,3,1,4,5	70.590780	5.278078	5.540975	6.494562	5.278078	6.280594	5.926192	1,2,3,4,2,5	70.869439	0.534225	0.132813	0.061731	0.271231	0.400741	0.048857	0.439079	0.111323	0.180239	0.026976	0.417221	0.375564	0.602214	0.207717	0.028689	0.161380	0.400741	0.048857	0.439079	0.111323	0.069556	0.435114	0.108233	0.387097	1,2,3,1,3,4	70.695914	0.084776	0.060672	0.241888	0.440244	0.053074	0.119345	0.028842	0.134696	0.023491	0.115086	0.140506	0.557379	0.342640	0.177750	0.053298	0.252629	0.101151	0.072533	0.084776	0.060672	0.241888	0.440244	0.053074	0.119345	0.342640	0.177750	0.053298	0.252629	0.101151	0.072533	0.121096	0.129737	0.214243	0.123953	0.205184	0.205788	1,2,3,4,5,6	71.298347	0.364307	2.797663	0.920201	0.139888	0.982446	1.074596	
966000	-117133	1,2,3,4,5,6	72.667776	5.659969	5.829124	5.152093	5.826024	6.623640	5.847918	1,2,3,4,5,6	71.482539	0.443114	0.172662	0.125286	0.258938	0.255121	0.072181	0.583482	0.089216	0.040436	0.052360	0.530755	0.376449	0.452877	0.199837	0.335757	0.011530	0.387683	0.070886	0.256220	0.285211	0.198229	0.314318	0.036449	0.451004	1,2,3,1,3,4	71.495993	0.052235	0.022127	0.365241	0.081232	0.272302	0.206862	0.097512	0.175969	0.117609	0.119661	0.084296	0.404952	0.026081	0.456163	0.155412	0.248182	0.091622	0.022541	0.052235	0.022127	0.365241	0.081232	0.272302	0.206862	0.026081	0.456163	0.155412	0.248182	0.091622	0.022541	0.087894	0.156805	0.106788	0.025436	0.179548	0.443529	1,2,3,1,4,5	70.626392	0.310899	2.483928	0.701955	0.310899	1.028555	0.922865	
967000	-116798	1,2,3,4,3,5	71.686706	6.342396	5.505317	5.268414	4.981473	5.268414	6.220823	1,2,2,3,4,5	70.638612	0.459560	0.072385	0.127968	0.340087	0.139926	0.032281	0.459653	0.368140	0.139926	0.032281	0.459653	0.368140	0.563210	0.209360	0.160361	0.067069	0.342280	0.328351	0.191516	0.137853	0.254357	0.309777	0.005533	0.430333	1,2,3,4,5,6	70.976898	0.059607	0.123619	0.489508	0.189910	0.109287	0.028069	0.076822	0.238867	0.060261	0.363534	0.032210	0.228305	0.213262	0.142935	0.264211	0.261108	0.035710	0.082775	0.035989	0.114501	0.212618	0.150929	0.211816	0.274147	0.058403	0.336590	0.135237	0.126005	0.216805	0.126961	0.259413	0.053558	0.119404	0.096765	0.192255	0.278604	1,2,3,4,5,5	71.584901	0.264097	1.767481	0.710725	0.219992	0.977415	0.977415	
968000	-117177	1,2,2,3,4,5	71.603169	5.745196	5.010689	5.010689	6.165931	6.898614	5.751210	1,2,3,4,2,5	72.207882	0.408409	0.114986	0.048239	0.428366	0.453533	0.023061	0.474761	0.048645	0.058187	0.023049	0.544076	0.374688	0.335670	0.319140	0.179405	0.165784	0.453533	0.023061	0.474761	0.048645	0.086862	0.270527	0.035517	0.607094	1,2,3,2,3,1	72.451064	0.108466	0.149543	0.296705	0.171045	0.104285	0.169956	0.029677	0.057613	0.120888	0.109781	0.286030	0.396011	0.095507	0.181469	0.237480	0.187529	0.222704	0.075311	0.029677	0.057613	0.120888	0.109781	0.286030	0.396011	0.095507	0.181469	0.237480	0.187529	0.222704	0.075311	0.108466	0.149543	0.296705	0.171045	0.104285	0.169956	1,2,3,4,5,6	70.677386	0.296923	2.115961	0.827735	0.224980	0.888141	0.876331	
969000	-116318	1,2,1,3,4,1	71.614556	5.396059	5.501906	5.396059	4.910782	6.072499	5.396059	1,2,2,3,4,5	70.339410	0.415907	0.203185	0.056408	0.324500	0.145992	0.059172	0.508731	0.286104	0.145992	0.059172	0.508731	0.286104	0.381799	0.458138	0.058819	0.101244	0.387247	0.207154	0.382250	0.023349	0.284043	0.182327	0.037510	0.496119	1,2,3,4,5,6	70.264440	0.112153	0.048199	0.382487	0.321144	0.104276	0.031740	0.005889	0.228201	0.054230	0.151061	0.117670	0.442949	0.321201	0.238527	0.180414	0.073225	0.031519	0.155114	0.017155	0.129689	0.106699	0.200768	0.180262	0.365427	0.185971	0.265877	0.041948	0.226006	0.089020	0.191179	0.089756	0.028322	0.150210	0.216445	0.219303	0.295964	1,2,3,1,4,5	71.031725	0.180828	2.092273	0.851367	0.180828	1.120135	1.102398	
970000	-115736	1,2,3,1,4,5	72.092145	5.105814	6.675523	5.562504	5.105814	5.999812	5.108280	1,2,3,4,5,6	71.363019	0.452605	0.204655	0.133673	0.209067	0.124589	0.047199	0.639060	0.189152	0.238848	0.033275	0.272282	0.455595	0.445222	0.306703	0.175111	0.072964	0.424885	0.205500	0.290969	0.078646	0.439198	0.244109	0.085290	0.231403	1,2,2,3,4,3	71.174603	0.367787	0.065056	0.399439	0.045646	0.072690	0.049382	0.027053	0.318542	0.128416	0.218553	0.066205	0.241231	0.027053	0.318542	0.128416	0.218553	0.066205	0.241231	0.091024	0.068494	0.158341	0.144365	0.224487	0.313288	0.082401	0.502469	0.148655	0.185489	0.015423	0.065563	0.091024	0.068494	0.158341	0.144365	0.224487	0.313288	1,2,3,4,5,6	70.608569	0.299886	2.512501	0.674094	0.157990	0.826081	1.022779	
971000	-115378	1,2,3,4,5,6	71.155319	6.188491	6.133034	6.534780	5.246814	6.605334	5.736024	1,2,3,4,5,6	70.026825	0.545273	0.102683	0.062485	0.289559	0.183270	0.051253	0.692947	0.072530	0.113416	0.177590	0.199728	0.509266	0.540079	0.355728	0.047966	0.056227	0.321887	0.079067	0.439734	0.159311	0.110380	0.289924	0.047185	0.552511	1,1,2,1,2,3	72.735564	0.056941	0.057608	0.279069	0.355475	0.036336	0.214571	0.056941	0.057608	0.279069	0.355475	0.036336	0.214571	0.093004	0.276557	0.034976	0.490153	0.013707	0.091603	0.056941	0.057608	0.279069	0.355475	0.036336	0.214571	0.093004	0.276557	0.034976	0.490153	0.013707	0.091603	0.220379	0.078369	0.204094	0.047009	0.203854	0.246293	1,2,3,4,5,6	72.076512	0.250726	3.992095	0.795280	0.186655	1.039543	0.874978	
972000	-116318	1,1,1,1,2,3	72.083827	4.994825	4.994825	4.994825	4.994825	5.993441	5.790028	1,2,3,4,5,6	70.906758	0.483734	0.116457	0.199144	0.200665	0.060302	0.024830	0.502096	0.412772	0.169444	0.035273	0.140368	0.654915	0.496517	0.227871	0.143588	0.132024	0.482862	0.057717	0.322501	0.136919	0.205337	0.164338	0.160937	0.469388	1,2,2,3,4,3	71.769571	0.061383	0.025536	0.417300	0.025321	0.240112	0.230348	0.181567	0.230455	0.177265	0.237315	0.047576	0.125823	0.181567	0.230455	0.177265	0.237315	0.047576	0.125823	0.065897	0.068428	0.192736	0.350268	0.254752	0.067920	0.193503	0.234727	0.075982	0.308250	0.145831	0.041708	0.065897	0.068428	0.192736	0.350268	0.254752	0.067920	1,2,3,4,5,6	68.972085	0.271346	1.291534	0.756661	0.243143	0.914376	1.040926	
973000	-116504	1,2,3,4,5,6	70.832041	4.632855	5.596897	5.937596	5.982020	5.331163	5.718485	1,2,3,4,5,6	72.530257	0.212356	0.288798	0.072769	0.426077	0.116989	0.022690	0.608540	0.251781	0.255065	0.027653	0.284777	0.432505	0.516522	0.290547	0.065325	0.127607	0.156419	0.082349	0.636712	0.124520	0.101141	0.349688	0.107280	0.441891	1,2,3,2,4,5	70.035237	0.055265	0.065282	0.554799	0.025491	0.220792	0.078372	0.118147	0.148894	0.193727	0.198380	0.118144	0.222708	0.080381	0.132691	0.031897	0.665655	0.027357	0.062019	0.118147	0.148894	0.193727	0.198380	0.118144	0.222708	0.128840	0.302635	0.198027	0.202171	0.152570	0.015755	0.140613	0.259928	0.153223	0.144498	0.141402	0.160336	1,2,3,4,5,3	70.553138	0.423984	2.400963	0.856459	0.213829	0.909379	0.856459	
974000	-115764	1,2,3,2,4,5	72.755229	6.372031	5.403163	5.705457	5.403163	6.547964	5.321115	1,2,3,4,2,1	71.297305	0.417836	0.210566	0.026852	0.344747	0.406913	0.093847	0.372319	0.126921	0.192009	0.094176	0.398657	0.315159	0.586517	0.185319	0.056960	0.171204	0.406913	0.093847	0.372319	0.126921	0.417836	0.210566	0.026852	0.344747	1,1,2,3,4,5	71.746640	0.046505	0.076280	0.295156	0.113628	0.045653	0.422779	0.046505	0.076280	0.295156	0.113628	0.045653	0.422779	0.346612	0.101070	0.092918	0.218191	0.099557	0.141651	0.067001	0.182034	0.053516	0.310063	0.123432	0.263954	0.149250	0.461829	0.063819	0.123017	0.130107	0.071977	0.056906	0.080642	0.073840	0.084933	0.383107	0.320572	1,2,3,4,5,6	71.237893	0.313285	3.189311	0.750314	0.213835	1.122293	0.888021	
975000	-116897	1,2,3,4,5,4	71.243937	6.102634	5.793175	5.457921	4.702915	5.177200	4.702915	1,2,3,4,5,6	71.586853	0.435214	0.123535	0.158413	0.282838	0.315253	0.016296	0.357662	0.310789	0.084175	0.072035	0.400631	0.443159	0.777335	0.083945	0.089310	0.049410	0.460058	0.265353	0.229306	0.045283	0.181390	0.088188	0.211881	0.518540	1,2,3,4,3,5	70.630908	0.047967	0.005629	0.378261	0.496042	0.018295	0.053806	0.170502	0.138513	0.015551	0.262196	0.038975	0.374263	0.117618	0.307181	0.117846	0.220833	0.045387	0.191135	0.056966	0.140912	0.198651	0.319786	0.234222	0.049464	0.117618	0.307181	0.117846	0.220833	0.045387	0.191135	0.225256	0.009135	0.129711	0.142136	0.361859	0.131904	1,2,3,1,4,3	71.512697	0.239486	1.850702	0.928129	0.239486	0.906589	0.928129	
976000	-116117	1,2,3,4,5,6	72.378036	6.424069	6.137573	6.490681	5.453786	6.123980	5.674573	1,2,2,3,4,1	71.405276	0.411887	0.213649	0.047589	0.326875	0.218865	0.081753	0.427289	0.272093	0.218865	0.081753	0.427289	0.272093	0.566125	0.323236	0.084004	0.026634	0.474627	0.174128	0.249189	0.102057	0.411887	0.213649	0.047589	0.326875	1,2,3,1,3,2	72.917673	0.043378	0.081056	0.416302	0.338530	0.004636	0.116098	0.036431	0.172111	0.079322	0.155590	0.317028	0.239518	0.052828	0.247440	0.280740	0.159136	0.064091	0.195765	0.043378	0.081056	0.416302	0.338530	0.004636	0.116098	0.052828	0.247440	0.280740	0.159136	0.064091	0.195765	0.036431	0.172111	0.079322	0.155590	0.317028	0.239518	1,2,3,4,5,6	71.357968	0.303064	2.762136	0.648883	0.116565	0.983965	0.923988	
977000	-117047	1,2,3,4,5,6	71.136433	5.772903	5.465380	6.249578	5.307721	6.434007	5.958502	1,2,3,1,2,4	71.411431	0.340081	0.209949	0.127522	0.322448	0.260342	0.153911	0.462388	0.123360	0.150023	0.131909	0.378336	0.339731	0.340081	0.209949	0.127522	0.322448	0.260342	0.153911	0.462388	0.123360	0.315559	0.172342	0.081175	0.430924	1,2,3,4,3,5	70.025447	0.145200	0.020813	0.202715	0.342085	0.125109	0.164079	0.067821	0.221699	0.260449	0.004141	0.114698	0.331191	0.097589	0.383788	0.108775	0.246307	0.044450	0.119092	0.039810	0.094113	0.134716	0.250364	0.138836	0.342161	0.097589	0.383788	0.108775	0.246307	0.044450	0.119092	0.129302	0.114086	0.077751	0.028005	0.280795	0.370061	1,2,3,4,5,6	74.075151	0.364264	3.918997	0.914225	0.188729	1.138278	0.923617	
978000	-116953	1,2,3,3,4,5	71.212446	5.604640	5.520171	5.181905	5.181905	5.673515	6.141021	1,2,3,4,3,5	70.923009	0.619393	0.134902	0.070664	0.175041	0.092365	0.033954	0.800853	0.072828	0.304019	0.087239	0.288849	0.319893	0.510953	0.150706	0.262730	0.075611	0.304019	0.087239	0.288849	0.319893	0.102706	0.203890	0.071811	0.621593	1,2,2,1,3,2	71.348557	0.055593	0.066948	0.364566	0.240218	0.238613	0.034063	0.081208	0.249833	0.105520	0.135124	0.235980	0.192335	0.081208	0.249833	0.105520	0.135124	0.235980	0.192335	0.055593	0.066948	0.364566	0.240218	0.238613	0.034063	0.198751	0.287709	0.006719	0.266317	0.199349	0.041155	0.081208	0.249833	0.105520	0.135124	0.235980	0.192335	1,2,3,4,5,6	70.539174	0.300336	1.823441	0.843919	0.242488	1.043828	1.001559	
979000	-116610	1,2,3,1,4,5	71.143109	4.150469	5.822609	6.532571	4.150469	6.585991	6.374582	1,2,3,4,1,5	73.772806	0.376394	0.123321	0.349146	0.151138	0.161602	0.033712	0.531875	0.272811	0.245357	0.066921	0.405576	0.282145	0.596863	0.305474	0.047329	0.050334	0.376394	0.123321	0.349146	0.151138	0.204845	0.354532	0.100024	0.340598	1,2,3,4,5,6	69.918625	0.013595	0.075965	0.626120	0.270423	0.006519	0.007378	0.077608	0.178726	0.091141	0.241303	0.187780	0.223442	0.046283	0.128503	0.271291	0.242786	0.124309	0.186828	0.016795	0.178144	0.265158	0.261017	0.171968	0.106918	0.143549	0.185660	0.091942	0.165895	0.188001	0.224953	0.121385	0.291267	0.185041	0.085895	0.191620	0.124792	1,2,3,4,5,6	71.066336	0.313875	2.561186	0.672318	0.204304	0.890587	1.026601	
980000	-117550	1,2,3,4,4,5	72.440646	6.399500	5.874455	5.358411	4.936744	4.936744	5.461992	1,2,2,3,4,5	71.002114	0.414974	0.101759	0.157271	0.325996	0.310429	0.021230	0.210867	0.457474	0.310429	0.021230	0.210867	0.457474	0.495928	0.359814	0.082395	0.061864	0.347442	0.140414	0.418615	0.093528	0.289999	0.361552	0.059070	0.289378	1,2,3,4,3,5	70.715846	0.259060	0.072326	0.393948	0.042205	0.172075	0.060386	0.009410	0.057197	0.196530	0.587555	0.027889	0.121420	0.130782	0.363987	0.145762	0.204306	0.091428	0.063735	0.043027	0.144344	0.497716	0.059533	0.102043	0.153337	0.130782	0.363987	0.145762	0.204306	0.091428	0.063735	0.054786	0.091059	0.179470	0.255823	0.234596	0.184265	1,2,3,4,5,6	71.875260	0.397719	2.192625	0.576100	0.156942	0.764971	1.012266	
981000	-117349	1,1,2,3,2,4	71.473438	5.367431	5.367431	5.821804	5.312264	5.821804	5.782399	1,2,3,1,4,1	70.989199	0.440703	0.154894	0.134336	0.270068	0.309859	0.032167	0.432512	0.225462	0.152686	0.058972	0.317303	0.471039	0.440703	0.154894	0.134336	0.270068	0.593133	0.156559	0.207802	0.042506	0.440703	0.154894	0.134336	0.270068	1,2,3,3,4,5	73.203423	0.125728	0.013518	0.279819	0.326388	0.082615	0.171931	0.219240	0.242839	0.092226	0.173706	0.096067	0.175924	0.104276	0.236085	0.127993	0.371110	0.081213	0.079322	0.104276	0.236085	0.127993	0.371110	0.081213	0.079322	0.046064	0.605209	0.167684	0.065583	0.018709	0.096751	0.049263	0.132663	0.203314	0.162719	0.235116	0.216925	1,2,3,1,4,5	71.662162	0.268096	1.428048	0.628038	0.268096	1.244489	0.961025	
982000	-116416	1,2,3,3,4,5	70.316185	5.948020	5.266553	4.419435	4.419435	6.531320	5.177090	1,2,3,4,4,5	70.865766	0.432428	0.068391	0.131066	0.368115	0.296806	0.099836	0.373500	0.229857	0.358548	0.072307	0.124682	0.444464	0.374232	0.205114	0.344108	0.076546	0.374232	0.205114	0.344108	0.076546	0.252116	0.137987	0.284830	0.325067	1,2,2,1,3,4	71.413200	0.131622	0.016293	0.399981	0.223255	0.077303	0.151545	0.011252	0.269244	0.151075	0.145361	0.105149	0.317919	0.011252	0.269244	0.151075	0.145361	0.105149	0.317919	0.131622	0.016293	0.399981	0.223255	0.077303	0.151545	0.205225	0.443498	0.033444	0.271005	0.040671	0.006156	0.148459	0.095701	0.194143	0.130823	0.297622	0.133251	1,2,3,1,4,5	71.867540	0.186372	1.804790	0.788159	0.186372	1.123628	0.831952	
983000	-116176	1,2,3,2,4,5	69.404611	6.438903	4.970582	5.941403	4.970582	6.326949	6.130441	1,2,2,3,4,5	70.019729	0.404536	0.139676	0.022977	0.432811	0.205734	0.056801	0.292369	0.445096	0.205734	0.056801	0.292369	0.445096	0.561978	0.144680	0.137127	0.156215	0.359076	0.068920	0.388665	0.183340	0.291632	0.157746	0.088821	0.461801	1,2,2,3,4,2	70.156921	0.151030	0.297655	0.250938	0.098081	0.110296	0.092000	0.050518	0.317948	0.086772	0.190860	0.183853	0.170050	0.050518	0.317948	0.086772	0.190860	0.183853	0.170050	0.030772	0.111387	0.172389	0.315909	0.140815	0.228729	0.124054	0.358177	0.077825	0.337234	0.097942	0.004768	0.050518	0.317948	0.086772	0.190860	0.183853	0.170050	1,2,3,4,3,3	71.414654	0.378869	2.278753	0.968506	0.217262	0.968506	0.968506	
984000	-117212	1,2,3,3,4,5	69.470809	5.378705	5.659264	4.952220	4.952220	6.857274	5.615035	1,2,1,1,2,1	70.766685	0.390004	0.192342	0.125922	0.291732	0.302094	0.064724	0.511016	0.122167	0.390004	0.192342	0.125922	0.291732	0.390004	0.192342	0.125922	0.291732	0.302094	0.064724	0.511016	0.122167	0.390004	0.192342	0.125922	0.291732	1,2,3,4,5,1	70.925280	0.128393	0.042078	0.353831	0.087622	0.240872	0.147204	0.179914	0.119161	0.111058	0.072682	0.113417	0.403768	0.124444	0.097002	0.133088	0.112611	0.046374	0.486482	0.063773	0.361639	0.103548	0.363153	0.093112	0.014776	0.190851	0.433147	0.084269	0.176696	0.061462	0.053575	0.128393	0.042078	0.353831	0.087622	0.240872	0.147204	1,2,3,1,4,4	71.476296	0.259345	5.284929	0.728466	0.259345	1.010495	1.010495	
985000	-116618	1,2,3,3,4,5	69.536453	5.070346	4.878321	4.441825	4.441825	6.560536	5.953403	1,2,3,4,2,5	72.890382	0.403811	0.158273	0.164186	0.273730	0.372406	0.109350	0.360875	0.157369	0.074734	0.345608	0.188620	0.391038	0.561740	0.166925	0.075742	0.195593	0.372406	0.109350	0.360875	0.157369	0.275258	0.239006	0.047996	0.437740	1,2,3,2,4,2	71.618726	0.348125	0.043591	0.446657	0.052917	0.100906	0.007804	0.058597	0.138774	0.150288	0.133864	0.123583	0.394894	0.133582	0.192781	0.261626	0.082401	0.029347	0.300263	0.058597	0.138774	0.150288	0.133864	0.123583	0.394894	0.099282	0.261739	0.118587	0.227881	0.039490	0.253021	0.058597	0.138774	0.150288	0.133864	0.123583	0.394894	1,2,3,4,5,3	68.698194	0.278772	1.724046	0.865160	0.178498	1.001157	0.865160	
986000	-115451	1,2,3,1,4,5	70.908506	5.187528	6.075855	5.581831	5.187528	6.552836	6.605531	1,2,3,1,2,4	72.515133	0.559702	0.110927	0.119929	0.209442	0.286786	0.131682	0.443628	0.137904	0.233830	0.093306	0.238738	0.434127	0.559702	0.110927	0.119929	0.209442	0.286786	0.131682	0.443628	0.137904	0.251319	0.189768	0.090543	0.468371	1,2,3,3,4,5	72.989352	0.242492	0.123439	0.417588	0.147837	0.028789	0.039854	0.002941	0.129099	0.040014	0.099671	0.151669	0.576607	0.063728	0.195120	0.176141	0.270316	0.048887	0.245808	0.063728	0.195120	0.176141	0.270316	0.048887	0.245808	0.215504	0.334988	0.121329	0.187971	0.030585	0.109624	0.219282	0.239439	0.162959	0.021045	0.192462	0.164812	1,2,3,4,5,6	72.746650	0.306637	2.386747	0.727415	0.279776	0.925575	1.054319	
987000	-116553	1,2,3,1,4,5	71.465848	5.041764	5.770814	5.161224	5.041764	5.705080	5.561382	1,2,3,4,5,1	69.929245	0.472390	0.146210	0.136914	0.244486	0.149244	0.051188	0.714927	0.084642	0.349833	0.072276	0.255481	0.322410	0.568793	0.177910	0.040828	0.212469	0.394182	0.133302	0.362239	0.110277	0.472390	0.146210	0.136914	0.244486	1,2,2,3,4,5	70.300844	0.080269	0.027960	0.294845	0.257855	0.067346	0.271726	0.062682	0.157398	0.155673	0.260094	0.095325	0.268829	0.062682	0.157398	0.155673	0.260094	0.095325	0.268829	0.152593	0.108591	0.213237	0.323211	0.087006	0.115361	0.223926	0.352045	0.096276	0.122174	0.097481	0.108098	0.147588	0.098742	0.148735	0.081606	0.150226	0.373103	1,2,3,4,5,6	71.439620	0.243864	2.782711	0.707749	0.223394	0.872351	0.858129	
988000	-115989	1,2,3,4,5,5	70.791654	5.174322	5.834811	5.184783	4.997976	6.426383	6.426383	1,2,3,4,5,1	70.112578	0.287335	0.284311	0.045093	0.383262	0.332363	0.033132	0.471914	0.162590	0.101404	0.210346	0.260162	0.428087	0.548392	0.219372	0.179377	0.052859	0.260793	0.102523	0.535338	0.101347	0.287335	0.284311	0.045093	0.383262	1,2,1,3,4,5	70.213427	0.036228	0.216567	0.220839	0.259272	0.051718	0.215376	0.221695	0.153527	0.174909	0.176489	0.060067	0.213312	0.036228	0.216567	0.220839	0.259272	0.051718	0.215376	0.012839	0.048001	0.167985	0.099565	0.653578	0.018032	0.327931	0.219163	0.024434	0.313911	0.082383	0.032178	0.061671	0.013796	0.096369	0.217691	0.441771	0.168701	1,2,3,4,5,6	70.503853	0.431947	2.647636	0.807751	0.196057	1.062387	0.874898	
989000	-116760	1,2,2,3,4,3	71.612121	5.949627	5.527932	5.527932	5.044408	6.690712	5.044408	1,2,3,4,4,1	71.734734	0.432116	0.091380	0.111557	0.364947	0.164599	0.012689	0.652843	0.169870	0.369527	0.050624	0.283554	0.296295	0.380083	0.134508	0.316412	0.168997	0.380083	0.134508	0.316412	0.168997	0.432116	0.091380	0.111557	0.364947	1,2,2,1,3,4	71.478027	0.110593	0.014312	0.305737	0.091584	0.388499	0.089275	0.275284	0.109510	0.065831	0.168696	0.208527	0.172152	0.275284	0.109510	0.065831	0.168696	0.208527	0.172152	0.110593	0.014312	0.305737	0.091584	0.388499	0.089275	0.241323	0.491899	0.089541	0.103975	0.015914	0.057347	0.265105	0.106500	0.151623	0.039629	0.264246	0.172897	1,2,3,4,5,3	72.028513	0.347663	2.466481	0.898248	0.163806	1.096850	0.898248	
990000	-116699	1,2,2,1,3,4	70.729525	4.862802	4.971073	4.971073	4.862802	6.783341	5.880265	1,2,1,3,2,4	71.174430	0.342225	0.096276	0.150341	0.411158	0.430943	0.077609	0.338909	0.152539	0.342225	0.096276	0.150341	0.411158	0.613705	0.176740	0.135354	0.074201	0.430943	0.077609	0.338909	0.152539	0.211038	0.132754	0.172282	0.483925	1,2,2,3,4,5	71.686684	0.160172	0.148797	0.224603	0.281396	0.053006	0.132026	0.033187	0.194612	0.084621	0.334711	0.093427	0.259441	0.033187	0.194612	0.084621	0.334711	0.093427	0.259441	0.056863	0.032128	0.331035	0.318444	0.213274	0.048256	0.099180	0.328092	0.222397	0.255054	0.065076	0.030201	0.027726	0.136144	0.144824	0.007267	0.584274	0.099765	1,2,3,4,3,5	71.674927	0.264086	2.601439	0.918029	0.188443	0.918029	0.983532	
991000	-120557	1,1,2,1,3,4	70.725223	4.402687	4.402687	5.876076	4.402687	6.063432	5.540779	1,2,3,1,4,5	71.790012	0.378609	0.358546	0.056470	0.206375	0.212516	0.036861	0.133734	0.616889	0.253263	0.025823	0.289071	0.431843	0.378609	0.358546	0.056470	0.206375	0.089627	0.742623	0.134345	0.033406	0.196643	0.237266	0.125715	0.440376	1,2,2,3,1,4	70.082169	0.064387	0.397796	0.402540	0.041805	0.032355	0.061117	0.211165	0.167346	0.091459	0.333548	0.119809	0.076674	0.211165	0.167346	0.091459	0.333548	0.119809	0.076674	0.091398	0.145140	0.111177	0.323305	0.275468	0.053512	0.064387	0.397796	0.402540	0.041805	0.032355	0.061117	0.136438	0.263927	0.184829	0.069740	0.242044	0.103022	1,2,3,1,4,3	72.359592	0.334889	2.211224	0.973443	0.334889	0.861236	0.973443	
992000	-117791	1,2,3,4,5,6	71.017180	5.674929	5.591253	5.949789	5.349689	6.405249	5.922907	1,2,3,1,2,1	71.714621	0.460098	0.206198	0.077519	0.256184	0.264408	0.157713	0.475079	0.102801	0.129878	0.172011	0.469117	0.228993	0.460098	0.206198	0.077519	0.256184	0.264408	0.157713	0.475079	0.102801	0.460098	0.206198	0.077519	0.256184	1,1,2,3,4,5	70.473447	0.031892	0.129472	0.221514	0.210201	0.107937	0.298985	0.031892	0.129472	0.221514	0.210201	0.107937	0.298985	0.261773	0.279388	0.088714	0.232030	0.043859	0.094237	0.117668	0.394299	0.065480	0.313635	0.019525	0.089393	0.079255	0.389561	0.148529	0.267285	0.103904	0.011466	0.108738	0.035005	0.026522	0.160051	0.236834	0.432849	1,2,3,4,5,5	71.711765	0.267883	3.737721	0.680822	0.301345	0.942101	0.942101	
993000	-116975	1,2,1,1,3,1	71.755439	4.740674	5.516260	4.740674	4.740674	6.761534	4.740674	1,2,3,4,2,3	72.919032	0.291675	0.287285	0.209749	0.211291	0.323366	0.061245	0.543528	0.071861	0.088970	0.130765	0.134692	0.645573	0.511972	0.246675	0.085970	0.155382	0.323366	0.061245	0.543528	0.071861	0.088970	0.130765	0.134692	0.645573	1,2,3,3,3,4	72.211971	0.148719	0.047487	0.450380	0.076456	0.205296	0.071662	0.076440	0.073525	0.169127	0.129227	0.033630	0.518051	0.044819	0.244860	0.173751	0.252725	0.060971	0.222874	0.044819	0.244860	0.173751	0.252725	0.060971	0.222874	0.044819	0.244860	0.173751	0.252725	0.060971	0.222874	0.273820	0.030591	0.162386	0.285100	0.220054	0.028049	1,2,3,1,4,3	71.075996	0.214919	2.043168	0.819161	0.214919	0.797078	0.819161	
994000	-115771	1,2,1,1,3,4	73.512532	4.896531	6.401311	4.896531	4.896531	5.824302	5.980555	1,2,3,1,4,5	69.645333	0.488149	0.230994	0.109193	0.171665	0.264555	0.109147	0.473479	0.152819	0.155829	0.154513	0.174545	0.515113	0.488149	0.230994	0.109193	0.171665	0.280170	0.280740	0.286993	0.152097	0.322872	0.184976	0.168321	0.323831	1,2,3,2,3,4	71.385426	0.080127	0.060216	0.341328	0.233390	0.008944	0.275995	0.081035	0.102626	0.124454	0.154425	0.138720	0.398739	0.017772	0.395465	0.133699	0.178243	0.093225	0.181597	0.081035	0.102626	0.124454	0.154425	0.138720	0.398739	0.017772	0.395465	0.133699	0.178243	0.093225	0.181597	0.109204	0.141766	0.267913	0.031139	0.330650	0.119327	1,2,3,4,5,6	72.909902	0.355595	2.407391	0.742073	0.225341	1.005738	0.982686	
995000	-115769	1,2,3,1,4,5	71.789002	4.560280	6.323713	5.216023	4.560280	6.245079	6.443364	1,2,1,3,4,5	72.726176	0.272041	0.196590	0.146596	0.384773	0.315896	0.069969	0.449835	0.164299	0.272041	0.196590	0.146596	0.384773	0.627365	0.107411	0.135454	0.129769	0.391424	0.275285	0.278186	0.055104	0.283012	0.308230	0.060991	0.347768	1,2,3,4,3,4	71.317440	0.307380	0.011878	0.278586	0.173228	0.142077	0.086851	0.026332	0.083841	0.255089	0.178654	0.101081	0.355003	0.079717	0.386567	0.086818	0.224603	0.033356	0.188939	0.062026	0.071634	0.206399	0.046590	0.312013	0.301338	0.079717	0.386567	0.086818	0.224603	0.033356	0.188939	0.062026	0.071634	0.206399	0.046590	0.312013	0.301338	1,2,3,4,5,6	69.382687	0.242558	1.757799	0.831287	0.132870	1.175410	0.916619	
996000	-115977	1,2,3,1,4,5	69.303139	4.384707	6.374831	5.870055	4.384707	6.435909	5.498659	1,2,3,1,2,3	70.418970	0.599163	0.180116	0.050633	0.170088	0.361715	0.039817	0.526458	0.072010	0.264213	0.138124	0.089892	0.507771	0.599163	0.180116	0.050633	0.170088	0.361715	0.039817	0.526458	0.072010	0.264213	0.138124	0.089892	0.507771	1,2,3,4,5,6	71.374755	0.117040	0.080268	0.323866	0.216051	0.073643	0.189132	0.037741	0.043449	0.113246	0.017901	0.461139	0.326524	0.091406	0.427499	0.054168	0.098032	0.066263	0.262632	0.065701	0.203822	0.122258	0.221552	0.222411	0.164257	0.181248	0.220756	0.063320	0.401892	0.056506	0.076277	0.132027	0.009435	0.132043	0.218946	0.237002	0.270547	1,2,3,4,5,6	71.461737	0.226588	2.546784	0.889327	0.179079	0.886512	0.922330	
997000	-116893	1,2,3,3,4,5	69.838780	5.313548	5.491727	5.173836	5.173836	6.121392	5.369554	1,2,3,1,2,4	72.168950	0.510951	0.143492	0.133154	0.212402	0.422207	0.114241	0.331724	0.131828	0.106760	0.021304	0.189222	0.682714	0.510951	0.143492	0.133154	0.212402	0.422207	0.114241	0.331724	0.131828	0.144466	0.434098	0.058180	0.363256	1,2,3,4,3,5	71.994021	0.192331	0.084274	0.365426	0.173854	0.031886	0.152228	0.049025	0.061271	0.199721	0.318452	0.087382	0.284148	0.030574	0.314679	0.170278	0.301080	0.022711	0.160678	0.136883	0.049851	0.104754	0.396831	0.284366	0.027314	0.030574	0.314679	0.170278	0.301080	0.022711	0.160678	0.196451	0.101319	0.098702	0.118629	0.254649	0.230250	1,2,3,1,4,5	71.531411	0.268073	1.492910	0.669455	0.268073	0.909472	1.252254	
998000	-118604	1,2,3,4,5,1	71.051824	6.080479	5.669283	5.464885	5.377397	6.938768	6.080479	1,2,3,4,2,1	71.899095	0.375547	0.197415	0.047402	0.379636	0.421901	0.056634	0.438890	0.082575	0.524182	0.100512	0.261051	0.114254	0.372275	0.451623	0.062232	0.113870	0.421901	0.056634	0.438890	0.082575	0.375547	0.197415	0.047402	0.379636	1,2,2,1,3,4	70.656996	0.036081	0.021825	0.222316	0.359981	0.251982	0.107814	0.135503	0.096122	0.042431	0.210044	0.311590	0.204311	0.135503	0.096122	0.042431	0.210044	0.311590	0.204311	0.036081	0.021825	0.222316	0.359981	0.251982	0.107814	0.454319	0.270826	0.004526	0.138532	0.062122	0.069676	0.086642	0.123934	0.182482	0.045354	0.247157	0.314431	1,2,3,4,5,6	72.626539	0.271537	2.397244	0.779141	0.125665	1.009392	0.999473	
999000	-117507	1,2,3,4,5,6	71.005164	5.593572	5.497522	4.784170	4.726132	6.496857	5.572333	1,2,3,4,2,3	70.461094	0.401459	0.091518	0.219017	0.288006	0.366809	0.117815	0.399422	0.115954	0.118559	0.157541	0.238382	0.485519	0.707305	0.119971	0.158605	0.014119	0.366809	0.117815	0.399422	0.115954	0.118559	0.157541	0.238382	0.485519	1,2,3,4,5,6	72.316791	0.031508	0.039365	0.488762	0.083188	0.171011	0.186167	0.042557	0.190200	0.188310	0.111723	0.139420	0.327790	0.383751	0.276186	0.049742	0.063096	0.081606	0.145619	0.173879	0.039186	0.268368	0.186663	0.305007	0.026897	0.057653	0.481961	0.056717	0.216247	0.131257	0.056165	0.057833	0.204071	0.182274	0.131878	0.285978	0.137965	1,2,3,4,5,6	69.298899	0.285578	1.262218	0.769237	0.359421	0.982783	1.012617	
1000000	-115883	1,2,3,4,5,6	72.279142	5.070039	6.160680	6.643140	5.778096	6.627600	5.536890	1,2,3,4,5,6	69.441389	0.274435	0.029055	0.104602	0.591908	0.346030	0.038650	0.509493	0.105827	0.156603	0.043397	0.380311	0.419688	0.419526	0.283894	0.188332	0.108248	0.484844	0.070517	0.359164	0.085475	0.385450	0.267826	0.041856	0.304868	1,2,3,2,3,2	71.000244	0.160524	0.001766	0.353912	0.131846	0.272035	0.079916	0.022591	0.066722	0.131833	0.107479	0.225835	0.445541	0.039286	0.276549	0.094758	0.375895	0.151157	0.062355	0.022591	0.066722	0.131833	0.107479	0.225835	0.445541	0.039286	0.276549	0.094758	0.375895	0.151157	0.062355	0.022591	0.066722	0.131833	0.107479	0.225835	0.445541	1,2,3,1,4,4	70.990012	0.285769	2.606813	0.775367	0.285769	0.962808	0.962808	
