Gen	lnL	RGF(Length)	L(Alpha)	L(1,1)	L(2,1)	L(3,1)	L(4,1)	L(5,1)	L(6,1)	RGF(Pi)	Pi(Alpha)	Pi(1,A)	Pi(1,C)	Pi(1,G)	Pi(1,T)	Pi(2,A)	Pi(2,C)	Pi(2,G)	Pi(2,T)	Pi(3,A)	Pi(3,C)	Pi(3,G)	Pi(3,T)	Pi(4,A)	Pi(4,C)	Pi(4,G)	Pi(4,T)	Pi(5,A)	Pi(5,C)	Pi(5,G)	Pi(5,T)	Pi(6,A)	Pi(6,C)	Pi(6,G)	Pi(6,T)	RGF(R)	R(Alpha)	R(1,AC)	R(1,AG)	R(1,AT)	R(1,CG)	R(1,CT)	R(1,GT)	R(2,AC)	R(2,AG)	R(2,AT)	R(2,CG)	R(2,CT)	R(2,GT)	R(3,AC)	R(3,AG)	R(3,AT)	R(3,CG)	R(3,CT)	R(3,GT)	R(4,AC)	R(4,AG)	R(4,AT)	R(4,CG)	R(4,CT)	R(4,GT)	R(5,AC)	R(5,AG)	R(5,AT)	R(5,CG)	R(5,CT)	R(5,GT)	R(6,AC)	R(6,AG)	R(6,AT)	R(6,CG)	R(6,CT)	R(6,GT)	RGF(Alpha)	Alpha(Alpha)	Alpha(1,1)	Alpha(2,1)	Alpha(3,1)	Alpha(4,1)	Alpha(5,1)	Alpha(6,1)	
1	-119180	1,2,2,2,2,3	71.288549	5.763052	4.851422	4.851422	4.851422	4.851422	5.899786	1,2,3,4,1,2	70.721742	0.602632	0.063804	0.164869	0.168695	0.107403	0.302556	0.197168	0.392872	0.054115	0.158016	0.644252	0.143617	0.207844	0.143104	0.159156	0.489895	0.602632	0.063804	0.164869	0.168695	0.107403	0.302556	0.197168	0.392872	1,2,1,3,1,1	70.979733	0.071866	0.320671	0.164651	0.113251	0.230306	0.099255	0.080422	0.152936	0.353777	0.081658	0.273079	0.058128	0.071866	0.320671	0.164651	0.113251	0.230306	0.099255	0.009522	0.226540	0.177669	0.041740	0.096689	0.447839	0.071866	0.320671	0.164651	0.113251	0.230306	0.099255	0.071866	0.320671	0.164651	0.113251	0.230306	0.099255	1,2,3,4,5,6	71.246387	0.610126	0.656414	0.437643	2.094257	2.892698	0.705374	
1000	-118924	1,2,1,1,3,4	73.227904	4.901190	5.248370	4.901190	4.901190	5.851703	6.099822	1,2,3,4,5,6	72.630273	0.604288	0.008225	0.268397	0.119090	0.196048	0.312177	0.165467	0.326308	0.205759	0.537483	0.156828	0.099930	0.090835	0.242410	0.090271	0.576484	0.377417	0.103013	0.209336	0.310234	0.054314	0.307570	0.444998	0.193118	1,2,3,4,1,5	70.949921	0.206524	0.180328	0.225937	0.086594	0.193382	0.107235	0.000950	0.019914	0.491612	0.027596	0.316442	0.143486	0.301925	0.178521	0.037339	0.191822	0.236483	0.053909	0.234447	0.035599	0.125572	0.309236	0.013405	0.281740	0.206524	0.180328	0.225937	0.086594	0.193382	0.107235	0.107341	0.430307	0.187157	0.114115	0.127487	0.033592	1,2,1,3,4,5	72.858022	0.533152	0.635135	0.533152	2.913542	2.421950	0.571617	
2000	-117955	1,2,3,4,5,6	70.465959	4.777730	4.755050	5.380230	5.633529	5.358100	6.676004	1,2,3,4,4,3	71.513082	0.309079	0.012797	0.508298	0.169826	0.369415	0.333014	0.026214	0.271357	0.119055	0.320609	0.448171	0.112165	0.466087	0.046450	0.185987	0.301476	0.466087	0.046450	0.185987	0.301476	0.119055	0.320609	0.448171	0.112165	1,2,1,2,3,3	70.770895	0.093241	0.177025	0.195877	0.163639	0.284395	0.085823	0.036521	0.204639	0.110691	0.060090	0.199104	0.388955	0.093241	0.177025	0.195877	0.163639	0.284395	0.085823	0.036521	0.204639	0.110691	0.060090	0.199104	0.388955	0.157621	0.423619	0.213322	0.037555	0.065218	0.102666	0.157621	0.423619	0.213322	0.037555	0.065218	0.102666	1,2,3,4,5,2	69.800915	0.545691	0.554806	0.619119	2.571136	2.371728	0.554806	
3000	-118309	1,1,2,3,1,4	71.711721	4.810351	4.810351	5.556751	5.424057	4.810351	6.586761	1,2,3,4,5,2	69.864404	0.737044	0.104126	0.144789	0.014041	0.232733	0.147779	0.248010	0.371478	0.327702	0.244010	0.371451	0.056837	0.129606	0.055668	0.114296	0.700430	0.438348	0.016549	0.240412	0.304692	0.232733	0.147779	0.248010	0.371478	1,2,3,1,4,4	70.316659	0.019286	0.132466	0.203117	0.108279	0.028843	0.508009	0.056461	0.033970	0.164611	0.057542	0.575181	0.112235	0.033638	0.031497	0.267922	0.280589	0.303660	0.082694	0.019286	0.132466	0.203117	0.108279	0.028843	0.508009	0.024886	0.355072	0.246136	0.219976	0.109629	0.044300	0.024886	0.355072	0.246136	0.219976	0.109629	0.044300	1,1,2,3,3,1	70.746905	0.597012	0.597012	0.724001	1.579593	1.579593	0.597012	
4000	-115720	1,2,3,3,4,5	70.898785	4.228652	5.496259	4.827587	4.827587	5.496399	6.580579	1,2,3,4,5,3	71.876674	0.524127	0.090890	0.308139	0.076843	0.213497	0.321313	0.243184	0.222006	0.121159	0.411761	0.328229	0.138850	0.189144	0.049554	0.043199	0.718102	0.468056	0.052603	0.109983	0.369357	0.121159	0.411761	0.328229	0.138850	1,1,2,3,4,4	72.951973	0.014650	0.241431	0.333674	0.062825	0.221972	0.125448	0.014650	0.241431	0.333674	0.062825	0.221972	0.125448	0.052115	0.035004	0.157117	0.217604	0.295044	0.243116	0.010291	0.086279	0.128211	0.083580	0.120071	0.571568	0.184725	0.270012	0.196865	0.101027	0.066217	0.181154	0.184725	0.270012	0.196865	0.101027	0.066217	0.181154	1,2,3,4,4,2	70.748626	0.556524	0.793649	0.581266	2.558838	2.558838	0.793649	
5000	-114884	1,1,2,3,4,5	71.541032	4.781076	4.781076	5.635755	6.047402	5.547458	5.600538	1,2,3,4,1,5	71.453493	0.445257	0.012941	0.329048	0.212753	0.343256	0.155589	0.212150	0.289005	0.005535	0.538759	0.349668	0.106038	0.094386	0.161444	0.145250	0.598919	0.445257	0.012941	0.329048	0.212753	0.058958	0.243813	0.560144	0.137085	1,2,3,4,1,5	71.467986	0.148760	0.163569	0.224695	0.209307	0.184072	0.069598	0.006442	0.064005	0.319728	0.022760	0.469625	0.117441	0.051723	0.104850	0.138182	0.230725	0.366024	0.108495	0.053219	0.060589	0.401656	0.215834	0.032398	0.236305	0.148760	0.163569	0.224695	0.209307	0.184072	0.069598	0.201529	0.175482	0.386704	0.067545	0.054294	0.114446	1,1,1,2,3,1	72.426133	0.574196	0.574196	0.574196	2.608752	2.296280	0.574196	
6000	-117009	1,2,2,3,4,5	71.110492	5.118105	5.174879	5.174879	5.687287	5.991879	6.074488	1,2,3,4,5,2	72.260846	0.498915	0.036586	0.435902	0.028597	0.124142	0.218313	0.307143	0.350402	0.012045	0.638482	0.147214	0.202260	0.117761	0.081598	0.383919	0.416722	0.458440	0.033951	0.192538	0.315071	0.124142	0.218313	0.307143	0.350402	1,2,3,4,5,5	70.495893	0.249477	0.123410	0.175564	0.271980	0.013470	0.166099	0.044955	0.071818	0.511103	0.071297	0.184994	0.115833	0.045851	0.034001	0.383232	0.339352	0.107996	0.089568	0.053270	0.505639	0.300800	0.021483	0.024455	0.094352	0.128863	0.166976	0.365855	0.174668	0.078751	0.084887	0.128863	0.166976	0.365855	0.174668	0.078751	0.084887	1,2,3,4,4,5	70.408113	0.496040	0.700492	0.739140	2.083577	2.083577	0.491284	
7000	-117494	1,1,1,1,2,3	72.728876	4.447401	4.447401	4.447401	4.447401	5.882546	6.276783	1,2,3,4,1,5	71.879346	0.563470	0.008925	0.317559	0.110046	0.263236	0.407433	0.072482	0.256850	0.065466	0.358620	0.290918	0.284996	0.452737	0.036770	0.104317	0.406176	0.563470	0.008925	0.317559	0.110046	0.103138	0.240326	0.395204	0.261332	1,2,3,4,5,6	70.855678	0.305199	0.158952	0.171010	0.248118	0.048338	0.068382	0.082377	0.248323	0.233136	0.175877	0.199345	0.060942	0.296702	0.063940	0.054154	0.383729	0.146848	0.054627	0.151818	0.092003	0.152510	0.321880	0.068220	0.213569	0.117681	0.219929	0.179294	0.007768	0.396246	0.079081	0.112051	0.364848	0.104114	0.241629	0.049325	0.128033	1,2,2,3,4,1	70.166002	0.586583	0.659283	0.659283	1.924381	2.041568	0.586583	
8000	-119161	1,2,3,4,5,6	70.317405	4.643295	4.805527	5.545948	5.318816	5.725697	6.031925	1,2,3,4,4,5	71.992884	0.228763	0.029719	0.562454	0.179064	0.275760	0.247608	0.202698	0.273934	0.019078	0.406759	0.389547	0.184616	0.222250	0.067233	0.383881	0.326636	0.222250	0.067233	0.383881	0.326636	0.068852	0.156711	0.546475	0.227962	1,2,3,4,1,1	71.577797	0.259947	0.203487	0.207746	0.185653	0.097303	0.045865	0.025953	0.122658	0.117098	0.040799	0.395246	0.298246	0.019760	0.065439	0.148229	0.177864	0.499745	0.088963	0.157020	0.116556	0.502457	0.000002	0.123049	0.100916	0.259947	0.203487	0.207746	0.185653	0.097303	0.045865	0.259947	0.203487	0.207746	0.185653	0.097303	0.045865	1,2,1,3,3,4	72.880521	0.598269	0.525524	0.598269	1.850712	1.850712	0.624952	
9000	-117662	1,2,3,1,4,5	72.085359	4.910516	5.334921	5.463182	4.910516	5.537317	5.722152	1,2,3,4,1,3	70.664466	0.369659	0.055635	0.399332	0.175374	0.378964	0.282338	0.086474	0.252224	0.072425	0.371705	0.203726	0.352145	0.026058	0.178633	0.057493	0.737816	0.369659	0.055635	0.399332	0.175374	0.072425	0.371705	0.203726	0.352145	1,2,3,4,3,1	70.568463	0.111610	0.211042	0.238860	0.220940	0.106421	0.111127	0.051818	0.126685	0.065920	0.123625	0.265990	0.365962	0.019780	0.237607	0.251292	0.226355	0.208171	0.056796	0.056048	0.044356	0.538225	0.059840	0.085796	0.215735	0.019780	0.237607	0.251292	0.226355	0.208171	0.056796	0.111610	0.211042	0.238860	0.220940	0.106421	0.111127	1,1,2,3,4,5	70.383923	0.611455	0.611455	0.785758	2.305129	2.430523	0.645265	
10000	-116039	1,2,3,4,5,6	71.950409	4.869911	5.573583	5.059812	7.089682	5.373941	6.217862	1,2,3,4,5,3	70.566223	0.412464	0.093347	0.479297	0.014892	0.180774	0.182267	0.218034	0.418926	0.100693	0.312088	0.390683	0.196536	0.086299	0.066418	0.129048	0.718236	0.584913	0.138106	0.085944	0.191036	0.100693	0.312088	0.390683	0.196536	1,1,2,3,4,4	71.378252	0.034549	0.097138	0.472069	0.076749	0.238787	0.080707	0.034549	0.097138	0.472069	0.076749	0.238787	0.080707	0.074960	0.039637	0.274654	0.326416	0.186601	0.097733	0.308129	0.068912	0.238065	0.049455	0.040650	0.294789	0.192641	0.262962	0.216212	0.150540	0.096779	0.080866	0.192641	0.262962	0.216212	0.150540	0.096779	0.080866	1,2,3,4,4,1	70.939331	0.650962	0.565339	0.654239	2.033657	2.033657	0.650962	
11000	-116707	1,1,1,2,1,3	69.651657	4.849723	4.849723	4.849723	6.482160	4.849723	5.676607	1,2,3,4,1,3	72.337320	0.611415	0.050501	0.275387	0.062698	0.139656	0.237593	0.148084	0.474667	0.167604	0.303105	0.297574	0.231717	0.211643	0.111679	0.070583	0.606094	0.611415	0.050501	0.275387	0.062698	0.167604	0.303105	0.297574	0.231717	1,1,2,3,1,4	70.728289	0.087355	0.144943	0.367849	0.098012	0.152451	0.149390	0.087355	0.144943	0.367849	0.098012	0.152451	0.149390	0.056646	0.099789	0.118462	0.258805	0.301724	0.164574	0.110682	0.258326	0.156040	0.024346	0.050999	0.399607	0.087355	0.144943	0.367849	0.098012	0.152451	0.149390	0.107290	0.120468	0.305116	0.182321	0.155937	0.128868	1,2,3,4,4,3	69.903846	0.498391	0.706293	0.580785	2.282559	2.282559	0.580785	
12000	-117037	1,2,3,1,3,4	73.002916	4.144569	5.039013	5.343544	4.144569	5.343544	5.604875	1,2,3,4,5,3	71.323972	0.547491	0.063365	0.313285	0.075858	0.113512	0.276385	0.152280	0.457823	0.067127	0.351382	0.256260	0.325232	0.020300	0.250514	0.204348	0.524838	0.456180	0.121183	0.266789	0.155848	0.067127	0.351382	0.256260	0.325232	1,2,3,4,2,1	72.790581	0.103821	0.383237	0.194704	0.081065	0.088893	0.148281	0.045912	0.191330	0.416019	0.016736	0.270644	0.059360	0.160985	0.049579	0.440696	0.204343	0.113652	0.030746	0.303675	0.044947	0.473070	0.057285	0.018289	0.102735	0.045912	0.191330	0.416019	0.016736	0.270644	0.059360	0.103821	0.383237	0.194704	0.081065	0.088893	0.148281	1,2,3,4,5,6	71.332486	0.522098	0.584891	0.715101	2.625897	2.483482	0.689996	
13000	-116035	1,1,2,3,1,4	71.796973	4.914689	4.914689	5.403066	4.653899	4.914689	5.652587	1,2,3,4,1,5	70.090363	0.393154	0.062539	0.420451	0.123857	0.122216	0.361375	0.215599	0.300810	0.076586	0.556117	0.214297	0.153000	0.204660	0.201606	0.044489	0.549245	0.393154	0.062539	0.420451	0.123857	0.059889	0.352161	0.258079	0.329872	1,2,3,4,2,1	71.588308	0.052155	0.218112	0.436319	0.135939	0.023014	0.134460	0.145338	0.219374	0.285977	0.093425	0.155455	0.100432	0.115275	0.107996	0.095540	0.325234	0.352531	0.003423	0.014650	0.349319	0.109211	0.197350	0.014913	0.314557	0.145338	0.219374	0.285977	0.093425	0.155455	0.100432	0.052155	0.218112	0.436319	0.135939	0.023014	0.134460	1,2,3,4,5,6	70.277364	0.595923	0.626742	0.582580	2.948762	1.773512	0.574252	
14000	-116681	1,2,3,4,5,6	73.101008	5.365551	5.162215	5.238377	5.542987	5.862001	7.002265	1,2,3,4,1,5	70.334785	0.502150	0.013748	0.343503	0.140599	0.339869	0.282812	0.115182	0.262137	0.064144	0.367569	0.374062	0.194225	0.182327	0.070590	0.253829	0.493253	0.502150	0.013748	0.343503	0.140599	0.079323	0.332862	0.399342	0.188473	1,2,1,3,1,2	71.526746	0.052106	0.166415	0.216921	0.268526	0.275380	0.020653	0.097997	0.209946	0.248066	0.032329	0.300969	0.110692	0.052106	0.166415	0.216921	0.268526	0.275380	0.020653	0.175623	0.137383	0.222796	0.032214	0.018103	0.413882	0.052106	0.166415	0.216921	0.268526	0.275380	0.020653	0.097997	0.209946	0.248066	0.032329	0.300969	0.110692	1,1,2,3,4,5	71.905465	0.573140	0.573140	0.620082	2.016659	2.257621	0.528742	
15000	-116035	1,2,3,4,1,4	71.495747	5.302943	5.327212	5.140832	5.588351	5.302943	5.588351	1,2,3,4,5,3	71.705883	0.172593	0.115441	0.635382	0.076583	0.281278	0.307233	0.030128	0.381361	0.049917	0.287011	0.533553	0.129519	0.070865	0.136555	0.100517	0.692063	0.540250	0.036007	0.195973	0.227770	0.049917	0.287011	0.533553	0.129519	1,2,3,4,5,1	71.952106	0.097819	0.271555	0.323442	0.033199	0.175232	0.098753	0.008821	0.244490	0.157705	0.016804	0.288100	0.284079	0.009959	0.176848	0.001392	0.410913	0.367902	0.032986	0.123288	0.186815	0.416315	0.046865	0.008778	0.217938	0.119879	0.282441	0.170870	0.187905	0.139125	0.099780	0.097819	0.271555	0.323442	0.033199	0.175232	0.098753	1,1,1,2,3,1	72.907962	0.679655	0.679655	0.679655	2.390430	2.026189	0.679655	
16000	-118204	1,2,3,4,5,6	72.214249	5.472503	5.969013	6.071003	6.292010	5.244008	6.577231	1,2,3,4,1,2	71.738884	0.584908	0.013229	0.291109	0.110753	0.110992	0.231202	0.388492	0.269314	0.026298	0.517869	0.288488	0.167345	0.387354	0.000105	0.032783	0.579758	0.584908	0.013229	0.291109	0.110753	0.110992	0.231202	0.388492	0.269314	1,2,1,3,1,2	71.667911	0.137134	0.108146	0.176135	0.231112	0.296096	0.051378	0.037223	0.341213	0.419422	0.038550	0.078870	0.084721	0.137134	0.108146	0.176135	0.231112	0.296096	0.051378	0.064139	0.395127	0.107611	0.246822	0.027935	0.158366	0.137134	0.108146	0.176135	0.231112	0.296096	0.051378	0.037223	0.341213	0.419422	0.038550	0.078870	0.084721	1,2,3,4,4,3	71.552035	0.564458	0.643798	0.581208	2.355927	2.355927	0.581208	
17000	-118761	1,2,3,4,5,6	69.243490	4.278840	5.451832	5.427484	5.191411	5.946590	5.641944	1,2,3,4,1,5	69.317533	0.473011	0.020785	0.253134	0.253071	0.158894	0.331454	0.148613	0.361039	0.052109	0.530920	0.304513	0.112459	0.017036	0.098630	0.085820	0.798514	0.473011	0.020785	0.253134	0.253071	0.068608	0.164021	0.493629	0.273741	1,2,3,4,1,2	71.026581	0.067530	0.278666	0.137684	0.203606	0.277782	0.034732	0.060099	0.214688	0.288117	0.151663	0.107070	0.178365	0.001725	0.040980	0.138166	0.297207	0.051262	0.470661	0.071642	0.021879	0.068308	0.231413	0.129748	0.477009	0.067530	0.278666	0.137684	0.203606	0.277782	0.034732	0.060099	0.214688	0.288117	0.151663	0.107070	0.178365	1,2,1,3,3,1	69.445781	0.624141	0.696598	0.624141	1.856267	1.856267	0.624141	
18000	-115245	1,2,3,4,1,5	70.701399	4.785651	4.982084	5.830126	6.041201	4.785651	5.711526	1,2,3,4,5,2	73.378589	0.261526	0.077675	0.619832	0.040967	0.194829	0.177475	0.296847	0.330849	0.005465	0.704786	0.240479	0.049269	0.116986	0.082429	0.106014	0.694572	0.281908	0.229297	0.148881	0.339915	0.194829	0.177475	0.296847	0.330849	1,1,2,3,4,3	71.025766	0.080049	0.121538	0.430431	0.036739	0.249712	0.081530	0.080049	0.121538	0.430431	0.036739	0.249712	0.081530	0.000418	0.379560	0.025275	0.117151	0.278491	0.199105	0.093464	0.160666	0.235474	0.182391	0.097673	0.230333	0.004933	0.375195	0.455617	0.066297	0.080959	0.016999	0.093464	0.160666	0.235474	0.182391	0.097673	0.230333	1,2,3,4,5,3	71.887072	0.631542	0.640442	0.585184	2.275998	2.097381	0.585184	
19000	-117034	1,2,2,3,4,5	69.552063	4.945795	4.208947	4.208947	5.392792	5.032488	6.875719	1,2,2,3,1,2	71.119889	0.441046	0.048767	0.364145	0.146042	0.143490	0.378501	0.257159	0.220850	0.143490	0.378501	0.257159	0.220850	0.319938	0.049813	0.181416	0.448832	0.441046	0.048767	0.364145	0.146042	0.143490	0.378501	0.257159	0.220850	1,2,3,4,3,1	73.098102	0.193796	0.183430	0.215696	0.222029	0.080477	0.104572	0.079731	0.162686	0.348605	0.001693	0.350545	0.056740	0.040512	0.187645	0.326877	0.207944	0.227902	0.009120	0.291703	0.069807	0.047072	0.365252	0.039654	0.186512	0.040512	0.187645	0.326877	0.207944	0.227902	0.009120	0.193796	0.183430	0.215696	0.222029	0.080477	0.104572	1,2,3,4,5,6	70.766386	0.605685	0.641666	0.593359	1.934251	2.246689	0.644316	
20000	-116305	1,2,1,3,3,4	69.952028	3.939495	5.752254	3.939495	5.109752	5.109752	6.008224	1,2,3,4,5,3	72.867470	0.191337	0.163057	0.527000	0.118606	0.242583	0.259224	0.152038	0.346155	0.140444	0.306911	0.390608	0.162037	0.103887	0.157800	0.140230	0.598082	0.574156	0.032292	0.244513	0.149038	0.140444	0.306911	0.390608	0.162037	1,2,3,4,1,1	71.699676	0.080121	0.349070	0.234879	0.101287	0.155870	0.078772	0.032602	0.124502	0.245943	0.096093	0.339250	0.161611	0.027323	0.114066	0.028388	0.547706	0.160113	0.122404	0.085864	0.086016	0.191115	0.428742	0.007338	0.200925	0.080121	0.349070	0.234879	0.101287	0.155870	0.078772	0.080121	0.349070	0.234879	0.101287	0.155870	0.078772	1,2,1,3,3,4	73.192061	0.646463	0.627412	0.646463	2.484522	2.484522	0.614296	
21000	-119856	1,1,2,1,3,4	71.060572	4.740481	4.740481	6.023091	4.740481	4.828220	5.804604	1,2,3,1,4,5	70.174464	0.268915	0.030859	0.455488	0.244738	0.080600	0.714538	0.061456	0.143407	0.178181	0.454156	0.246898	0.120765	0.268915	0.030859	0.455488	0.244738	0.288555	0.113732	0.312359	0.285354	0.151830	0.236021	0.237081	0.375068	1,2,3,4,2,1	73.314506	0.206541	0.298155	0.185173	0.114208	0.080325	0.115598	0.033917	0.310123	0.297023	0.134402	0.078424	0.146112	0.142322	0.014327	0.338760	0.156932	0.229779	0.117881	0.345059	0.090589	0.249737	0.046908	0.096452	0.171257	0.033917	0.310123	0.297023	0.134402	0.078424	0.146112	0.206541	0.298155	0.185173	0.114208	0.080325	0.115598	1,2,3,4,5,3	71.912995	0.706125	0.720596	0.581501	2.189419	1.954798	0.581501	
22000	-121422	1,1,2,1,3,4	71.432450	4.112881	4.112881	6.891903	4.112881	5.022393	5.240441	1,2,3,4,5,3	71.798134	0.471610	0.003485	0.367971	0.156934	0.459214	0.195956	0.068856	0.275973	0.261401	0.192569	0.385529	0.160501	0.178973	0.094809	0.119885	0.606333	0.380066	0.103993	0.235668	0.280273	0.261401	0.192569	0.385529	0.160501	1,2,3,1,3,2	71.294993	0.104849	0.324882	0.278383	0.065141	0.087967	0.138778	0.024360	0.107842	0.158058	0.213284	0.290688	0.205768	0.004517	0.353917	0.423772	0.038267	0.131591	0.047936	0.104849	0.324882	0.278383	0.065141	0.087967	0.138778	0.004517	0.353917	0.423772	0.038267	0.131591	0.047936	0.024360	0.107842	0.158058	0.213284	0.290688	0.205768	1,2,3,4,5,6	70.967464	0.499930	0.615784	0.508543	1.927849	2.083054	0.706156	
23000	-116660	1,1,2,3,1,4	71.261740	4.605089	4.605089	6.099455	5.428314	4.605089	6.937813	1,2,3,4,5,1	71.730022	0.144419	0.245147	0.473279	0.137155	0.060202	0.395051	0.109219	0.435528	0.047659	0.635362	0.278777	0.038202	0.197093	0.056150	0.130923	0.615834	0.486877	0.232679	0.088061	0.192382	0.144419	0.245147	0.473279	0.137155	1,1,2,3,1,1	69.659384	0.086434	0.386934	0.346181	0.032714	0.080450	0.067287	0.086434	0.386934	0.346181	0.032714	0.080450	0.067287	0.110027	0.041102	0.516527	0.077488	0.235664	0.019192	0.087069	0.084451	0.398532	0.079076	0.074620	0.276252	0.086434	0.386934	0.346181	0.032714	0.080450	0.067287	0.086434	0.386934	0.346181	0.032714	0.080450	0.067287	1,2,1,3,4,1	69.466264	0.617865	0.619903	0.617865	2.488331	1.947694	0.617865	
24000	-116464	1,2,2,2,3,4	70.464870	5.869098	4.858197	4.858197	4.858197	6.058020	6.185054	1,2,3,4,5,6	71.247120	0.461927	0.028935	0.455985	0.053153	0.102317	0.263154	0.214162	0.420367	0.175129	0.486802	0.293127	0.044942	0.170926	0.308706	0.057564	0.462804	0.578418	0.077744	0.105969	0.237869	0.092011	0.438946	0.272297	0.196746	1,1,2,3,4,3	69.469359	0.106809	0.140897	0.505398	0.033456	0.132386	0.081053	0.106809	0.140897	0.505398	0.033456	0.132386	0.081053	0.046576	0.096777	0.102416	0.444870	0.260790	0.048571	0.098008	0.307865	0.220584	0.079520	0.036716	0.257307	0.069501	0.366733	0.101566	0.009850	0.359209	0.093141	0.098008	0.307865	0.220584	0.079520	0.036716	0.257307	1,2,1,3,4,5	71.076123	0.536942	0.704036	0.536942	1.983728	2.020330	0.578596	
25000	-117047	1,1,2,1,1,3	70.639329	4.514799	4.514799	5.651161	4.514799	4.514799	6.202305	1,2,3,4,5,6	71.501040	0.321086	0.123600	0.538879	0.016434	0.124379	0.425482	0.019097	0.431042	0.077845	0.518965	0.317997	0.085194	0.014793	0.051825	0.386138	0.547243	0.350531	0.075540	0.083106	0.490822	0.104113	0.276831	0.447563	0.171493	1,2,3,4,5,6	70.629137	0.110188	0.110965	0.341481	0.061289	0.208648	0.167429	0.122292	0.157858	0.264132	0.082281	0.153579	0.219858	0.047987	0.108088	0.047525	0.277726	0.269990	0.248684	0.104078	0.093538	0.414470	0.118291	0.136205	0.133418	0.067830	0.506724	0.164054	0.043455	0.062361	0.155577	0.137979	0.169609	0.403998	0.128306	0.097781	0.062327	1,2,2,3,4,1	71.866187	0.632810	0.610188	0.610188	2.256957	2.808124	0.632810	
26000	-114157	1,2,3,4,5,1	70.650640	4.549152	4.757315	5.721959	5.127289	5.714481	4.549152	1,2,3,4,5,6	72.493105	0.446332	0.029044	0.355174	0.169450	0.187278	0.224030	0.142385	0.446307	0.007230	0.625100	0.320862	0.046808	0.075137	0.095244	0.034825	0.794795	0.453435	0.062784	0.268609	0.215172	0.145497	0.248564	0.253409	0.352531	1,2,2,3,4,1	69.872396	0.150592	0.293836	0.202134	0.192669	0.042440	0.118328	0.146769	0.408300	0.219152	0.056364	0.115844	0.053571	0.146769	0.408300	0.219152	0.056364	0.115844	0.053571	0.058714	0.134448	0.417135	0.000485	0.026237	0.362981	0.123558	0.329415	0.281669	0.018105	0.163352	0.083901	0.150592	0.293836	0.202134	0.192669	0.042440	0.118328	1,2,2,3,3,4	71.221010	0.655548	0.536786	0.536786	2.091510	2.091510	0.502660	
27000	-117200	1,1,2,3,4,5	71.139852	5.048475	5.048475	5.714240	5.443480	5.127085	6.271721	1,2,3,4,1,2	70.261565	0.435514	0.009353	0.440047	0.115086	0.145568	0.339513	0.191245	0.323674	0.117332	0.495056	0.348775	0.038836	0.293019	0.057176	0.023994	0.625812	0.435514	0.009353	0.440047	0.115086	0.145568	0.339513	0.191245	0.323674	1,1,2,3,2,1	72.239049	0.104098	0.199826	0.321307	0.054890	0.218322	0.101557	0.104098	0.199826	0.321307	0.054890	0.218322	0.101557	0.046419	0.179863	0.271011	0.169035	0.301130	0.032542	0.286298	0.145131	0.098975	0.135834	0.075384	0.258378	0.046419	0.179863	0.271011	0.169035	0.301130	0.032542	0.104098	0.199826	0.321307	0.054890	0.218322	0.101557	1,2,3,4,5,6	71.297368	0.589828	0.602643	0.771399	2.211470	2.267095	0.573556	
28000	-117280	1,2,1,1,3,4	69.698138	5.004389	5.319364	5.004389	5.004389	5.411722	5.856984	1,2,3,2,1,3	71.435188	0.404240	0.037613	0.378875	0.179272	0.190984	0.145663	0.186021	0.477332	0.161299	0.410840	0.240918	0.186943	0.190984	0.145663	0.186021	0.477332	0.404240	0.037613	0.378875	0.179272	0.161299	0.410840	0.240918	0.186943	1,2,3,4,2,1	70.947664	0.185693	0.199579	0.356778	0.122868	0.038772	0.096309	0.128809	0.148601	0.393541	0.073312	0.172758	0.082979	0.011236	0.291120	0.082488	0.281611	0.187441	0.146104	0.231553	0.037641	0.427466	0.135326	0.001377	0.166638	0.128809	0.148601	0.393541	0.073312	0.172758	0.082979	0.185693	0.199579	0.356778	0.122868	0.038772	0.096309	1,2,3,4,5,2	71.363175	0.655778	0.620828	0.605068	2.053073	1.993409	0.620828	
29000	-115932	1,2,2,1,2,3	70.584965	4.532146	4.910683	4.910683	4.532146	4.910683	5.670956	1,2,3,4,5,3	71.161605	0.335012	0.213420	0.377292	0.074276	0.126684	0.514963	0.093196	0.265158	0.058957	0.399052	0.409797	0.132193	0.114618	0.274824	0.114338	0.496220	0.311312	0.110944	0.300700	0.277043	0.058957	0.399052	0.409797	0.132193	1,2,3,1,2,4	72.850962	0.063742	0.251606	0.335408	0.037923	0.023052	0.288269	0.025719	0.282495	0.441075	0.097252	0.087245	0.066214	0.047862	0.217680	0.027503	0.360795	0.339612	0.006548	0.063742	0.251606	0.335408	0.037923	0.023052	0.288269	0.025719	0.282495	0.441075	0.097252	0.087245	0.066214	0.116058	0.442427	0.211609	0.061980	0.093837	0.074089	1,2,1,3,4,1	69.306982	0.609257	0.694311	0.609257	2.004845	1.677818	0.609257	
30000	-117736	1,2,1,1,2,3	71.161301	3.890238	5.682193	3.890238	3.890238	5.682193	6.068616	1,2,3,4,5,3	69.504426	0.381724	0.117621	0.334363	0.166291	0.206415	0.211671	0.219918	0.361997	0.155084	0.315657	0.248946	0.280314	0.267401	0.005296	0.398531	0.328772	0.590270	0.063306	0.220577	0.125847	0.155084	0.315657	0.248946	0.280314	1,1,2,3,1,4	72.169755	0.095142	0.393705	0.235324	0.048108	0.196215	0.031507	0.095142	0.393705	0.235324	0.048108	0.196215	0.031507	0.001493	0.062249	0.017484	0.630409	0.139120	0.149244	0.065847	0.023757	0.193005	0.337064	0.235144	0.145183	0.095142	0.393705	0.235324	0.048108	0.196215	0.031507	0.025851	0.432641	0.218270	0.076020	0.106957	0.140261	1,1,1,2,3,1	70.107870	0.634435	0.634435	0.634435	1.545659	2.146569	0.634435	
31000	-119395	1,2,3,4,5,6	72.915153	5.124600	5.437755	6.153507	6.069878	5.351357	5.734076	1,2,3,4,1,5	70.996088	0.399902	0.146454	0.345339	0.108305	0.276529	0.230173	0.023536	0.469761	0.351135	0.424837	0.106370	0.117658	0.079331	0.090477	0.307686	0.522506	0.399902	0.146454	0.345339	0.108305	0.107337	0.236833	0.475575	0.180256	1,2,3,4,5,5	71.034065	0.023187	0.239048	0.371211	0.114646	0.031823	0.220085	0.064988	0.247030	0.078258	0.092572	0.299473	0.217679	0.083609	0.187872	0.144114	0.208402	0.184549	0.191454	0.434292	0.107061	0.303286	0.045502	0.017739	0.092119	0.037173	0.279108	0.338900	0.182679	0.061756	0.100385	0.037173	0.279108	0.338900	0.182679	0.061756	0.100385	1,1,2,3,4,1	70.937169	0.561074	0.561074	0.531205	1.429718	1.899617	0.561074	
32000	-119183	1,2,3,3,4,5	72.922911	6.138932	4.442877	4.651897	4.651897	5.198854	5.628726	1,2,3,4,5,4	70.823747	0.265617	0.426926	0.289621	0.017836	0.241476	0.440501	0.090425	0.227598	0.098195	0.511904	0.184639	0.205263	0.069264	0.334601	0.297318	0.298817	0.477328	0.064424	0.243951	0.214297	0.069264	0.334601	0.297318	0.298817	1,2,3,4,2,2	70.320728	0.073187	0.088569	0.275220	0.071465	0.060321	0.431238	0.048435	0.383172	0.326138	0.086979	0.086226	0.069051	0.076989	0.097195	0.022142	0.436628	0.312586	0.054459	0.187697	0.052905	0.449231	0.138282	0.032222	0.139662	0.048435	0.383172	0.326138	0.086979	0.086226	0.069051	0.048435	0.383172	0.326138	0.086979	0.086226	0.069051	1,2,2,3,4,5	69.930743	0.553482	0.636484	0.636484	1.750254	2.334676	0.562927	
33000	-117555	1,2,1,3,4,5	69.270540	4.881290	5.035437	4.881290	5.081506	6.105543	5.246417	1,2,3,4,5,6	71.300765	0.097023	0.034447	0.704714	0.163816	0.327643	0.223715	0.057531	0.391111	0.217753	0.527760	0.126684	0.127804	0.239409	0.029481	0.194781	0.536329	0.453776	0.049926	0.208636	0.287662	0.341866	0.174629	0.293207	0.190299	1,2,3,4,3,1	74.131491	0.123293	0.181331	0.249172	0.195057	0.202534	0.048614	0.058816	0.101210	0.118758	0.039441	0.291788	0.389986	0.000005	0.155682	0.126160	0.374651	0.329048	0.014454	0.138016	0.022149	0.185720	0.381576	0.056003	0.216536	0.000005	0.155682	0.126160	0.374651	0.329048	0.014454	0.123293	0.181331	0.249172	0.195057	0.202534	0.048614	1,1,2,3,4,1	70.516847	0.637279	0.637279	0.647507	2.068489	3.068535	0.637279	
34000	-117513	1,2,2,2,3,4	71.843662	5.310277	4.800976	4.800976	4.800976	5.451864	5.365832	1,2,2,3,3,2	71.224940	0.443352	0.027095	0.430464	0.099089	0.112961	0.377092	0.268788	0.241160	0.112961	0.377092	0.268788	0.241160	0.433727	0.015939	0.140918	0.409416	0.433727	0.015939	0.140918	0.409416	0.112961	0.377092	0.268788	0.241160	1,1,2,3,4,4	71.533059	0.029823	0.169981	0.294288	0.149882	0.282375	0.073650	0.029823	0.169981	0.294288	0.149882	0.282375	0.073650	0.138411	0.236418	0.185249	0.279201	0.096942	0.063780	0.196465	0.001285	0.020980	0.552635	0.097668	0.130967	0.019875	0.367441	0.196449	0.121473	0.157201	0.137560	0.019875	0.367441	0.196449	0.121473	0.157201	0.137560	1,2,3,4,5,6	70.724958	0.602768	0.635641	0.642095	1.909142	2.331844	0.571797	
35000	-118154	1,2,1,3,4,4	72.661411	4.524025	5.099009	4.524025	5.543795	5.267963	5.267963	1,2,3,2,4,5	71.431127	0.289276	0.078755	0.442082	0.189886	0.112194	0.261235	0.162670	0.463902	0.030534	0.337841	0.173222	0.458403	0.112194	0.261235	0.162670	0.463902	0.362095	0.123438	0.312714	0.201753	0.086410	0.489572	0.293321	0.130697	1,1,2,2,1,1	73.900223	0.065573	0.283415	0.288651	0.154063	0.125817	0.082480	0.065573	0.283415	0.288651	0.154063	0.125817	0.082480	0.116019	0.064328	0.352119	0.273373	0.029284	0.164876	0.116019	0.064328	0.352119	0.273373	0.029284	0.164876	0.065573	0.283415	0.288651	0.154063	0.125817	0.082480	0.065573	0.283415	0.288651	0.154063	0.125817	0.082480	1,2,1,3,3,1	72.374288	0.598034	0.700448	0.598034	2.441831	2.441831	0.598034	
36000	-117010	1,2,3,2,4,5	70.969666	4.362670	5.157838	5.509072	5.157838	4.835032	6.744048	1,2,3,4,5,6	72.287787	0.227761	0.197486	0.442915	0.131838	0.101440	0.347518	0.137113	0.413929	0.008711	0.680015	0.202072	0.109202	0.126349	0.008984	0.345238	0.519429	0.636644	0.016560	0.314714	0.032082	0.173340	0.258017	0.481002	0.087641	1,2,3,4,3,1	70.799636	0.077328	0.279241	0.392540	0.052623	0.108758	0.089511	0.144526	0.106007	0.502121	0.004365	0.104493	0.138488	0.105902	0.185502	0.411760	0.155710	0.081722	0.059405	0.143702	0.100558	0.308516	0.125748	0.063189	0.258287	0.105902	0.185502	0.411760	0.155710	0.081722	0.059405	0.077328	0.279241	0.392540	0.052623	0.108758	0.089511	1,2,1,3,4,2	71.664877	0.565476	0.594210	0.565476	1.430699	1.831342	0.594210	
37000	-116092	1,1,2,1,3,4	71.909543	4.218165	4.218165	5.970308	4.218165	5.743810	5.479818	1,2,3,4,1,5	70.909798	0.571759	0.024962	0.224489	0.178790	0.086838	0.479994	0.081391	0.351777	0.022312	0.517062	0.338533	0.122094	0.088413	0.116605	0.032691	0.762290	0.571759	0.024962	0.224489	0.178790	0.159580	0.282456	0.252093	0.305871	1,1,2,1,1,1	70.881557	0.078006	0.278688	0.294247	0.142786	0.073719	0.132554	0.078006	0.278688	0.294247	0.142786	0.073719	0.132554	0.176849	0.236052	0.144647	0.239725	0.169419	0.033307	0.078006	0.278688	0.294247	0.142786	0.073719	0.132554	0.078006	0.278688	0.294247	0.142786	0.073719	0.132554	0.078006	0.278688	0.294247	0.142786	0.073719	0.132554	1,2,1,3,4,1	71.344659	0.587299	0.634804	0.587299	1.649835	2.330700	0.587299	
38000	-115144	1,2,3,4,5,6	69.845847	5.063241	5.206511	5.686289	5.927760	5.691015	6.132214	1,2,3,4,5,6	71.850385	0.343407	0.014115	0.568463	0.074014	0.140957	0.139734	0.137277	0.582032	0.065629	0.469208	0.225401	0.239761	0.203213	0.052060	0.116618	0.628109	0.578004	0.031365	0.234317	0.156315	0.088162	0.241264	0.487352	0.183222	1,2,3,4,3,2	70.279207	0.509310	0.069020	0.115642	0.139979	0.112210	0.053839	0.150721	0.249626	0.340975	0.046790	0.134771	0.077116	0.026029	0.095136	0.153495	0.292257	0.396155	0.036929	0.197783	0.116988	0.267597	0.153666	0.050659	0.213307	0.026029	0.095136	0.153495	0.292257	0.396155	0.036929	0.150721	0.249626	0.340975	0.046790	0.134771	0.077116	1,2,2,3,4,2	71.077223	0.474009	0.673303	0.673303	2.238332	2.333365	0.673303	
39000	-116571	1,2,3,4,5,3	70.926665	5.354071	5.081241	5.080676	5.570541	5.696697	5.080676	1,2,3,4,1,3	72.543911	0.381052	0.019784	0.371920	0.227244	0.417409	0.137651	0.122308	0.322632	0.143421	0.428234	0.169917	0.258429	0.114259	0.036981	0.241560	0.607201	0.381052	0.019784	0.371920	0.227244	0.143421	0.428234	0.169917	0.258429	1,2,3,4,3,1	74.022627	0.062975	0.350358	0.255277	0.172098	0.053628	0.105664	0.134165	0.029645	0.154196	0.190780	0.362186	0.129027	0.012922	0.108789	0.115068	0.349251	0.411514	0.002456	0.009437	0.063759	0.513673	0.076106	0.153971	0.183055	0.012922	0.108789	0.115068	0.349251	0.411514	0.002456	0.062975	0.350358	0.255277	0.172098	0.053628	0.105664	1,2,3,4,5,2	72.014603	0.626534	0.594141	0.505257	2.195765	2.309582	0.594141	
40000	-116741	1,2,1,3,4,5	71.383314	4.229817	5.225686	4.229817	5.937579	5.409876	5.237096	1,2,3,4,5,6	72.586803	0.356207	0.056228	0.298271	0.289293	0.244521	0.304704	0.136541	0.314234	0.217917	0.469336	0.140417	0.172330	0.226327	0.095066	0.187528	0.491079	0.425018	0.089802	0.218117	0.267064	0.233136	0.262541	0.314085	0.190238	1,2,3,4,5,5	70.701104	0.138552	0.427793	0.237537	0.065762	0.053321	0.077035	0.032334	0.015628	0.453976	0.071214	0.203215	0.223633	0.032527	0.126500	0.109366	0.468527	0.150947	0.112133	0.038378	0.246094	0.187402	0.024833	0.137445	0.365849	0.058043	0.254476	0.204853	0.206736	0.205726	0.070165	0.058043	0.254476	0.204853	0.206736	0.205726	0.070165	1,2,3,4,5,1	71.161746	0.601842	0.638438	0.566289	2.376717	2.605150	0.601842	
41000	-116768	1,2,3,4,1,5	69.846193	5.093702	5.502944	5.223440	6.440367	5.093702	5.480686	1,2,3,4,1,5	71.792720	0.364441	0.069012	0.337275	0.229273	0.141929	0.335644	0.115363	0.407064	0.130542	0.427941	0.345737	0.095780	0.153288	0.104326	0.114168	0.628218	0.364441	0.069012	0.337275	0.229273	0.087560	0.237333	0.519921	0.155187	1,2,3,4,2,1	72.113579	0.126995	0.276039	0.360138	0.070307	0.027584	0.138936	0.082286	0.328981	0.434643	0.005087	0.125374	0.023629	0.181068	0.074002	0.100945	0.369274	0.130043	0.144668	0.217648	0.112488	0.174827	0.162339	0.107117	0.225581	0.082286	0.328981	0.434643	0.005087	0.125374	0.023629	0.126995	0.276039	0.360138	0.070307	0.027584	0.138936	1,2,2,3,4,5	70.930036	0.697725	0.589611	0.589611	1.996862	2.207131	0.632642	
42000	-116996	1,2,3,3,4,5	72.284167	5.569184	5.669803	5.408209	5.408209	5.374537	5.250119	1,2,3,4,5,6	71.985999	0.484156	0.026336	0.402083	0.087425	0.360506	0.176670	0.173807	0.289017	0.001707	0.636413	0.222451	0.139429	0.211030	0.064587	0.244996	0.479388	0.305373	0.055163	0.243752	0.395712	0.071416	0.437746	0.341977	0.148861	1,2,2,3,1,4	70.283393	0.057484	0.363958	0.215807	0.111265	0.242761	0.008724	0.016856	0.030586	0.298469	0.147703	0.374168	0.132218	0.016856	0.030586	0.298469	0.147703	0.374168	0.132218	0.035760	0.032298	0.389531	0.266064	0.071195	0.205153	0.057484	0.363958	0.215807	0.111265	0.242761	0.008724	0.149294	0.124592	0.197963	0.223746	0.093974	0.210431	1,2,1,3,4,5	71.740608	0.525575	0.687340	0.525575	1.959090	2.019146	0.588393	
43000	-115944	1,1,2,3,4,5	70.269525	5.305471	5.305471	5.322232	5.896238	5.205325	5.738436	1,2,3,4,1,2	69.117828	0.414269	0.065582	0.420610	0.099538	0.089241	0.257876	0.225072	0.427811	0.119367	0.559962	0.178259	0.142413	0.079951	0.040061	0.206896	0.673092	0.414269	0.065582	0.420610	0.099538	0.089241	0.257876	0.225072	0.427811	1,1,2,3,1,2	72.261386	0.075370	0.202587	0.454444	0.047589	0.169920	0.050090	0.075370	0.202587	0.454444	0.047589	0.169920	0.050090	0.000393	0.166348	0.467495	0.171068	0.113872	0.080824	0.061347	0.037599	0.443282	0.151342	0.108143	0.198288	0.075370	0.202587	0.454444	0.047589	0.169920	0.050090	0.000393	0.166348	0.467495	0.171068	0.113872	0.080824	1,2,3,4,5,6	71.367854	0.499335	0.729895	0.599468	2.543624	2.308061	0.607567	
44000	-117572	1,1,1,2,1,3	71.184441	4.692037	4.692037	4.692037	4.635038	4.692037	5.068586	1,2,3,4,5,3	72.044265	0.225638	0.029239	0.585963	0.159160	0.118915	0.308696	0.225806	0.346583	0.052131	0.315364	0.438893	0.193613	0.151136	0.092210	0.399232	0.357422	0.284579	0.037845	0.346423	0.331152	0.052131	0.315364	0.438893	0.193613	1,2,3,4,5,5	72.257859	0.350617	0.199300	0.242279	0.127900	0.015168	0.064735	0.251251	0.026451	0.419948	0.018807	0.214002	0.069540	0.020003	0.050998	0.150059	0.216120	0.556644	0.006176	0.030875	0.002089	0.358912	0.196409	0.021470	0.390245	0.108463	0.279355	0.371462	0.071555	0.112438	0.056727	0.108463	0.279355	0.371462	0.071555	0.112438	0.056727	1,2,3,4,4,2	71.017808	0.674251	0.585233	0.713541	1.545275	1.545275	0.585233	
45000	-117181	1,2,3,4,4,5	70.415051	4.534872	5.033805	6.307972	5.142027	5.142027	5.398370	1,2,3,4,1,3	71.705821	0.394134	0.130030	0.248946	0.226890	0.140071	0.462002	0.114040	0.283888	0.061310	0.450588	0.366377	0.121724	0.157902	0.057824	0.426364	0.357911	0.394134	0.130030	0.248946	0.226890	0.061310	0.450588	0.366377	0.121724	1,2,3,1,2,1	73.049269	0.065831	0.382274	0.284336	0.076293	0.041686	0.149581	0.069942	0.307840	0.335648	0.071784	0.164501	0.050285	0.057725	0.049509	0.039034	0.115753	0.393844	0.344135	0.065831	0.382274	0.284336	0.076293	0.041686	0.149581	0.069942	0.307840	0.335648	0.071784	0.164501	0.050285	0.065831	0.382274	0.284336	0.076293	0.041686	0.149581	1,2,2,3,4,2	72.799898	0.560354	0.639337	0.639337	2.491240	1.851734	0.639337	
46000	-116028	1,1,1,1,2,3	73.320055	4.643266	4.643266	4.643266	4.643266	5.630498	6.291535	1,2,2,3,1,4	70.852215	0.396337	0.073669	0.373798	0.156196	0.096600	0.458566	0.096590	0.348243	0.096600	0.458566	0.096590	0.348243	0.114055	0.078225	0.024627	0.783093	0.396337	0.073669	0.373798	0.156196	0.086177	0.280352	0.388647	0.244825	1,1,2,3,4,1	69.887356	0.030823	0.395813	0.376968	0.084790	0.048369	0.063238	0.030823	0.395813	0.376968	0.084790	0.048369	0.063238	0.005629	0.006346	0.057675	0.811090	0.075996	0.043265	0.008830	0.116045	0.364302	0.096326	0.107436	0.307060	0.011400	0.204835	0.282123	0.131340	0.290697	0.079605	0.030823	0.395813	0.376968	0.084790	0.048369	0.063238	1,2,3,4,4,5	70.598243	0.548244	0.607070	0.545855	2.486973	2.486973	0.503583	
47000	-116037	1,2,2,3,2,4	71.489855	5.136437	4.634641	4.634641	5.250428	4.634641	5.474489	1,2,3,4,5,6	70.933099	0.450420	0.066905	0.441105	0.041570	0.115162	0.524248	0.100327	0.260263	0.003451	0.309950	0.478016	0.208583	0.045149	0.120055	0.180821	0.653975	0.534634	0.098239	0.319358	0.047769	0.121483	0.359121	0.367768	0.151627	1,1,2,1,1,1	70.099223	0.079986	0.191025	0.394235	0.081649	0.082964	0.170141	0.079986	0.191025	0.394235	0.081649	0.082964	0.170141	0.105254	0.044047	0.440144	0.211776	0.144794	0.053985	0.079986	0.191025	0.394235	0.081649	0.082964	0.170141	0.079986	0.191025	0.394235	0.081649	0.082964	0.170141	0.079986	0.191025	0.394235	0.081649	0.082964	0.170141	1,2,2,3,4,2	71.441705	0.595407	0.654112	0.654112	2.406928	1.742481	0.654112	
48000	-118118	1,2,3,2,4,5	70.305417	5.206243	4.720880	5.411517	4.720880	5.251298	6.192508	1,2,3,4,5,2	69.285455	0.479485	0.072103	0.335878	0.112534	0.090593	0.386587	0.257429	0.265391	0.194318	0.308085	0.381162	0.116435	0.425133	0.070349	0.097264	0.407254	0.424770	0.079957	0.335121	0.160152	0.090593	0.386587	0.257429	0.265391	1,2,3,4,5,6	71.273664	0.040989	0.145001	0.441752	0.104001	0.034189	0.234068	0.073995	0.134013	0.442432	0.002171	0.254723	0.092666	0.025141	0.108448	0.266378	0.170446	0.150829	0.278758	0.008110	0.149431	0.112661	0.132600	0.276760	0.320439	0.122034	0.130940	0.202883	0.052829	0.456554	0.034760	0.000177	0.440294	0.210315	0.151925	0.023688	0.173601	1,2,2,3,4,5	72.764225	0.611207	0.707333	0.707333	1.693134	1.918084	0.581747	
49000	-116925	1,2,2,1,3,4	68.999314	5.005346	5.338762	5.338762	5.005346	5.514447	5.817830	1,2,3,4,4,5	70.407721	0.275850	0.054983	0.586750	0.082416	0.223551	0.333669	0.097820	0.344960	0.122174	0.395777	0.398153	0.083896	0.526382	0.023483	0.198914	0.251221	0.526382	0.023483	0.198914	0.251221	0.133286	0.363118	0.275577	0.228018	1,2,3,4,5,2	71.507042	0.080222	0.112259	0.409086	0.125258	0.197144	0.076031	0.054768	0.277986	0.332511	0.104517	0.151127	0.079091	0.047677	0.229185	0.024242	0.294345	0.395159	0.009393	0.217330	0.048093	0.077182	0.289888	0.105760	0.261747	0.030952	0.262710	0.224278	0.162342	0.201194	0.118525	0.054768	0.277986	0.332511	0.104517	0.151127	0.079091	1,1,1,2,3,1	70.994772	0.634533	0.634533	0.634533	1.691029	1.749802	0.634533	
50000	-116410	1,2,3,2,4,5	70.567440	5.363335	4.626888	5.575766	4.626888	5.177632	5.884294	1,2,3,4,5,6	71.022827	0.485593	0.027957	0.424677	0.061773	0.204130	0.424284	0.050791	0.320795	0.043972	0.474898	0.388944	0.092186	0.151020	0.326448	0.126612	0.395920	0.453488	0.169489	0.126223	0.250800	0.058034	0.334551	0.332911	0.274504	1,2,3,1,4,4	71.703658	0.127355	0.163566	0.284262	0.141617	0.080645	0.202556	0.046427	0.287928	0.181003	0.125025	0.125917	0.233701	0.042335	0.233632	0.105760	0.286395	0.318616	0.013262	0.127355	0.163566	0.284262	0.141617	0.080645	0.202556	0.059213	0.380112	0.254084	0.090583	0.168805	0.047202	0.059213	0.380112	0.254084	0.090583	0.168805	0.047202	1,2,1,3,3,4	71.431848	0.606188	0.702789	0.606188	2.170091	2.170091	0.603769	
51000	-116936	1,2,3,2,2,3	69.916374	4.746809	5.292535	5.628177	5.292535	5.292535	5.628177	1,2,3,4,5,3	70.701045	0.320602	0.201667	0.315190	0.162542	0.127875	0.271668	0.096540	0.503917	0.086862	0.497889	0.252985	0.162265	0.143476	0.208779	0.105668	0.542078	0.438804	0.084324	0.334841	0.142031	0.086862	0.497889	0.252985	0.162265	1,1,2,3,2,1	70.769074	0.037944	0.273885	0.324456	0.045543	0.145287	0.172884	0.037944	0.273885	0.324456	0.045543	0.145287	0.172884	0.018453	0.295636	0.220787	0.147531	0.253050	0.064542	0.060100	0.027271	0.349101	0.347611	0.039027	0.176891	0.018453	0.295636	0.220787	0.147531	0.253050	0.064542	0.037944	0.273885	0.324456	0.045543	0.145287	0.172884	1,2,3,4,4,1	70.848583	0.628682	0.658649	0.499868	2.064674	2.064674	0.628682	
52000	-122904	1,1,2,3,4,5	72.341039	4.552901	4.552901	5.848850	5.678587	5.853711	6.426743	1,2,3,4,5,6	70.817990	0.175108	0.252930	0.282660	0.289302	0.122011	0.269017	0.014680	0.594292	0.141992	0.170255	0.625417	0.062337	0.135701	0.212706	0.300297	0.351295	0.399542	0.140162	0.181470	0.278826	0.204807	0.313562	0.299970	0.181661	1,2,3,1,4,5	72.259246	0.055098	0.389596	0.218727	0.172900	0.019519	0.144159	0.080502	0.248767	0.143510	0.087631	0.147476	0.292114	0.254517	0.170096	0.072430	0.035472	0.395777	0.071708	0.055098	0.389596	0.218727	0.172900	0.019519	0.144159	0.127962	0.444070	0.141180	0.075672	0.124821	0.086295	0.118873	0.099612	0.281322	0.136594	0.203470	0.160129	1,1,1,2,3,1	71.816861	0.607808	0.607808	0.607808	1.528320	1.873509	0.607808	
53000	-115401	1,1,2,3,4,1	71.854948	4.817052	4.817052	5.466424	4.662518	5.450785	4.817052	1,2,3,4,5,6	72.213659	0.444331	0.042315	0.393445	0.119909	0.117847	0.244425	0.070052	0.567676	0.080521	0.546020	0.238886	0.134573	0.131762	0.043114	0.179901	0.645223	0.389204	0.131674	0.309100	0.170022	0.049569	0.385608	0.364939	0.199883	1,2,2,3,4,1	72.440636	0.131038	0.226891	0.468074	0.042701	0.081082	0.050213	0.038650	0.128207	0.224253	0.156961	0.283193	0.168737	0.038650	0.128207	0.224253	0.156961	0.283193	0.168737	0.107648	0.122990	0.312851	0.002815	0.210034	0.243663	0.062661	0.277740	0.345884	0.042780	0.192303	0.078631	0.131038	0.226891	0.468074	0.042701	0.081082	0.050213	1,2,1,3,3,1	71.936190	0.549721	0.513159	0.549721	1.771160	1.771160	0.549721	
54000	-117021	1,2,1,3,4,5	71.886921	4.238727	5.352724	4.238727	5.762444	5.443561	6.512978	1,2,2,3,4,5	73.270556	0.457669	0.065932	0.366316	0.110083	0.105087	0.450264	0.170438	0.274212	0.105087	0.450264	0.170438	0.274212	0.046879	0.176882	0.137544	0.638695	0.447312	0.124980	0.116711	0.310997	0.153493	0.188526	0.388124	0.269857	1,2,3,4,1,1	71.568014	0.054246	0.482688	0.196589	0.063833	0.085438	0.117206	0.013748	0.048720	0.521267	0.164924	0.174404	0.076938	0.051242	0.229638	0.128476	0.395067	0.094225	0.101352	0.165922	0.163583	0.429518	0.150449	0.018226	0.072304	0.054246	0.482688	0.196589	0.063833	0.085438	0.117206	0.054246	0.482688	0.196589	0.063833	0.085438	0.117206	1,2,3,4,5,1	70.882345	0.575885	0.649095	0.597639	2.501205	2.372537	0.575885	
55000	-118692	1,1,2,3,4,5	72.430126	4.082918	4.082918	5.353579	5.312013	5.528328	5.669328	1,2,3,4,4,3	72.698034	0.650235	0.033358	0.184255	0.132152	0.190670	0.297673	0.193135	0.318522	0.067076	0.334658	0.252023	0.346243	0.441303	0.035834	0.157810	0.365053	0.441303	0.035834	0.157810	0.365053	0.067076	0.334658	0.252023	0.346243	1,1,2,3,4,5	72.211197	0.121518	0.262770	0.246437	0.046644	0.209221	0.113409	0.121518	0.262770	0.246437	0.046644	0.209221	0.113409	0.076039	0.016932	0.123236	0.210953	0.166369	0.406471	0.327947	0.073343	0.146044	0.012090	0.008891	0.431684	0.057429	0.393887	0.079401	0.226834	0.192749	0.049701	0.266806	0.323620	0.058839	0.199886	0.031937	0.118912	1,1,2,3,4,5	71.306388	0.534192	0.534192	0.654398	1.841411	1.955404	0.607159	
56000	-116046	1,1,2,3,1,2	72.331878	4.752999	4.752999	5.685659	6.179140	4.752999	5.685659	1,2,3,4,5,3	71.114824	0.473690	0.027043	0.379544	0.119723	0.102501	0.343307	0.082656	0.471536	0.095357	0.422277	0.346377	0.135989	0.222714	0.080509	0.108917	0.587860	0.605002	0.146777	0.079605	0.168616	0.095357	0.422277	0.346377	0.135989	1,1,2,3,4,1	72.630327	0.080622	0.243009	0.324360	0.120420	0.114171	0.117418	0.080622	0.243009	0.324360	0.120420	0.114171	0.117418	0.001267	0.018204	0.624431	0.253304	0.089182	0.013612	0.108450	0.199685	0.069872	0.383352	0.048573	0.190068	0.032373	0.415129	0.115618	0.258181	0.092613	0.086087	0.080622	0.243009	0.324360	0.120420	0.114171	0.117418	1,2,3,4,4,5	71.928876	0.560180	0.653218	0.637087	2.840010	2.840010	0.683843	
57000	-115161	1,2,3,4,5,6	71.410314	4.760632	5.557657	5.982556	5.357058	5.707735	5.004932	1,2,3,4,5,6	70.407504	0.514618	0.049957	0.343763	0.091662	0.184098	0.360086	0.083088	0.372728	0.037322	0.706536	0.136266	0.119875	0.032765	0.042917	0.329970	0.594348	0.480097	0.048899	0.216078	0.254926	0.095507	0.438178	0.386959	0.079355	1,1,2,3,4,1	69.594120	0.092325	0.184644	0.325411	0.075780	0.203216	0.118624	0.092325	0.184644	0.325411	0.075780	0.203216	0.118624	0.023123	0.054447	0.213225	0.192538	0.345827	0.170841	0.330690	0.135745	0.424907	0.033938	0.038075	0.036646	0.104643	0.312317	0.276067	0.038415	0.241080	0.027478	0.092325	0.184644	0.325411	0.075780	0.203216	0.118624	1,2,1,3,4,1	70.759205	0.635112	0.655481	0.635112	1.872144	2.038132	0.635112	
58000	-116480	1,1,1,1,2,3	71.373914	4.760978	4.760978	4.760978	4.760978	5.414490	6.004483	1,2,3,2,1,3	71.255361	0.451918	0.023250	0.366089	0.158742	0.265312	0.267777	0.063389	0.403522	0.085553	0.360068	0.310258	0.244121	0.265312	0.267777	0.063389	0.403522	0.451918	0.023250	0.366089	0.158742	0.085553	0.360068	0.310258	0.244121	1,2,3,4,1,5	71.626619	0.121790	0.186991	0.230408	0.136333	0.227454	0.097024	0.049522	0.210065	0.162935	0.102641	0.307866	0.166971	0.131413	0.145036	0.064498	0.454928	0.154178	0.049947	0.077323	0.042118	0.215941	0.026781	0.061324	0.576513	0.121790	0.186991	0.230408	0.136333	0.227454	0.097024	0.040606	0.268064	0.429628	0.051296	0.057879	0.152528	1,2,1,3,3,4	71.089028	0.618748	0.600769	0.618748	2.550174	2.550174	0.549781	
59000	-115855	1,2,3,4,3,5	71.566475	4.678027	5.283187	5.171581	5.501572	5.171581	6.127006	1,2,3,4,5,6	70.500011	0.299357	0.121445	0.454130	0.125068	0.125277	0.376189	0.106405	0.392129	0.013604	0.372466	0.486308	0.127622	0.140232	0.159502	0.200358	0.499909	0.542822	0.044074	0.068917	0.344187	0.062549	0.239335	0.460377	0.237739	1,1,2,3,4,4	70.748035	0.016408	0.422431	0.244249	0.060347	0.112400	0.144164	0.016408	0.422431	0.244249	0.060347	0.112400	0.144164	0.305219	0.023412	0.068008	0.137699	0.373657	0.092006	0.139565	0.079838	0.193339	0.051964	0.025927	0.509367	0.085239	0.409596	0.224534	0.104499	0.106942	0.069191	0.085239	0.409596	0.224534	0.104499	0.106942	0.069191	1,2,3,4,5,1	71.856197	0.599088	0.637653	0.615790	1.849356	2.835845	0.599088	
60000	-116337	1,2,3,4,3,5	72.376430	5.130084	5.361645	5.186195	5.393905	5.186195	5.679086	1,2,3,4,1,3	70.087373	0.441782	0.029209	0.377014	0.151995	0.082081	0.475616	0.072625	0.369677	0.164043	0.370560	0.262431	0.202966	0.094754	0.003072	0.319239	0.582935	0.441782	0.029209	0.377014	0.151995	0.164043	0.370560	0.262431	0.202966	1,1,2,3,1,4	70.504774	0.147558	0.183585	0.308940	0.101702	0.167296	0.090920	0.147558	0.183585	0.308940	0.101702	0.167296	0.090920	0.028042	0.144137	0.278401	0.232394	0.156016	0.161010	0.387770	0.093424	0.308257	0.025562	0.046404	0.138583	0.147558	0.183585	0.308940	0.101702	0.167296	0.090920	0.128769	0.279241	0.300515	0.060906	0.049219	0.181350	1,1,1,2,3,4	69.817907	0.629025	0.629025	0.629025	1.699810	1.867786	0.585401	
61000	-117461	1,1,2,1,3,4	72.317445	4.094811	4.094811	4.600153	4.094811	5.329581	5.825137	1,2,2,3,4,2	73.846872	0.354446	0.127998	0.438766	0.078790	0.129455	0.400749	0.258246	0.211550	0.129455	0.400749	0.258246	0.211550	0.116274	0.152033	0.351509	0.380184	0.440676	0.032202	0.157871	0.369251	0.129455	0.400749	0.258246	0.211550	1,2,3,4,5,6	69.906410	0.074024	0.376737	0.151279	0.070544	0.014271	0.313145	0.225482	0.011862	0.394640	0.079497	0.193025	0.095493	0.044456	0.073230	0.000671	0.563345	0.257285	0.061013	0.055585	0.032492	0.255594	0.222513	0.021525	0.412292	0.072101	0.308837	0.110450	0.112640	0.362127	0.033845	0.055670	0.142366	0.573413	0.096840	0.069931	0.061779	1,2,3,4,4,5	71.443052	0.527366	0.690567	0.626219	1.826053	1.826053	0.606429	
62000	-117092	1,2,3,4,1,5	72.481335	4.978376	5.371990	5.527803	5.503391	4.978376	5.954018	1,2,3,2,4,2	71.517295	0.340722	0.030231	0.502143	0.126904	0.109685	0.187913	0.232889	0.469513	0.094383	0.423271	0.272571	0.209775	0.109685	0.187913	0.232889	0.469513	0.374371	0.034555	0.442748	0.148326	0.109685	0.187913	0.232889	0.469513	1,2,3,1,4,1	71.363025	0.185118	0.188835	0.237672	0.199746	0.030752	0.157877	0.245505	0.000441	0.323602	0.078105	0.240052	0.112294	0.009279	0.125746	0.422470	0.206491	0.166971	0.069042	0.185118	0.188835	0.237672	0.199746	0.030752	0.157877	0.104663	0.122666	0.247562	0.312071	0.198550	0.014489	0.185118	0.188835	0.237672	0.199746	0.030752	0.157877	1,2,3,4,4,3	70.819162	0.604990	0.676927	0.646582	1.866788	1.866788	0.646582	
63000	-116449	1,2,1,1,3,4	71.427589	4.610288	5.581998	4.610288	4.610288	6.153395	5.639589	1,2,3,4,5,6	70.035977	0.532789	0.039707	0.333350	0.094154	0.157868	0.164344	0.162641	0.515147	0.102026	0.581845	0.148633	0.167496	0.113195	0.204383	0.039620	0.642802	0.539330	0.014790	0.307352	0.138528	0.268300	0.184168	0.314350	0.233182	1,2,1,3,1,1	71.875003	0.011306	0.260379	0.159885	0.267265	0.175811	0.125355	0.114174	0.037502	0.118593	0.176403	0.249128	0.304200	0.011306	0.260379	0.159885	0.267265	0.175811	0.125355	0.018328	0.020626	0.212453	0.056370	0.012261	0.679962	0.011306	0.260379	0.159885	0.267265	0.175811	0.125355	0.011306	0.260379	0.159885	0.267265	0.175811	0.125355	1,2,3,4,5,2	70.733613	0.573199	0.611895	0.572540	1.250200	2.850351	0.611895	
64000	-117387	1,2,3,4,5,6	72.554098	4.980720	5.300610	5.695644	5.995738	5.954326	5.110568	1,2,3,2,4,3	74.280324	0.189291	0.279269	0.459144	0.072296	0.186763	0.209390	0.122979	0.480867	0.063749	0.589812	0.223378	0.123061	0.186763	0.209390	0.122979	0.480867	0.582401	0.046588	0.181798	0.189213	0.063749	0.589812	0.223378	0.123061	1,2,2,3,1,1	71.302372	0.059873	0.489078	0.229021	0.031945	0.042903	0.147180	0.065624	0.033533	0.263023	0.200406	0.157625	0.279789	0.065624	0.033533	0.263023	0.200406	0.157625	0.279789	0.290278	0.133873	0.141173	0.096313	0.082099	0.256266	0.059873	0.489078	0.229021	0.031945	0.042903	0.147180	0.059873	0.489078	0.229021	0.031945	0.042903	0.147180	1,1,1,2,2,1	70.855122	0.606894	0.606894	0.606894	2.025041	2.025041	0.606894	
65000	-117971	1,2,2,3,2,1	73.502762	4.795258	5.291309	5.291309	6.541659	5.291309	4.795258	1,2,3,2,4,5	71.332715	0.427577	0.040847	0.423897	0.107679	0.180650	0.238367	0.097277	0.483706	0.177947	0.457084	0.109455	0.255514	0.180650	0.238367	0.097277	0.483706	0.453294	0.086886	0.319975	0.139845	0.206674	0.139645	0.196866	0.456815	1,1,2,3,1,3	72.004059	0.129521	0.192443	0.297973	0.028246	0.236680	0.115136	0.129521	0.192443	0.297973	0.028246	0.236680	0.115136	0.054180	0.091381	0.061119	0.471961	0.222858	0.098502	0.108180	0.209465	0.194193	0.302595	0.064977	0.120590	0.129521	0.192443	0.297973	0.028246	0.236680	0.115136	0.108180	0.209465	0.194193	0.302595	0.064977	0.120590	1,1,2,3,4,2	71.253142	0.594937	0.594937	0.577941	2.440638	2.543687	0.577941	
66000	-117055	1,1,1,1,2,3	72.802881	4.485543	4.485543	4.485543	4.485543	4.999617	5.955353	1,2,2,3,4,5	70.606022	0.460885	0.180262	0.309577	0.049276	0.085090	0.422087	0.180899	0.311924	0.085090	0.422087	0.180899	0.311924	0.027982	0.177611	0.046680	0.747727	0.419907	0.172067	0.132771	0.275256	0.239885	0.233070	0.393159	0.133886	1,1,2,3,3,4	70.899745	0.014569	0.221980	0.512002	0.022774	0.160110	0.068564	0.014569	0.221980	0.512002	0.022774	0.160110	0.068564	0.002684	0.350389	0.060932	0.316948	0.223169	0.045877	0.045765	0.410389	0.159800	0.162039	0.016495	0.205513	0.045765	0.410389	0.159800	0.162039	0.016495	0.205513	0.132496	0.134962	0.165155	0.271549	0.022420	0.273417	1,2,2,3,4,5	69.021015	0.543828	0.652074	0.652074	2.181199	1.228479	0.648085	
67000	-115666	1,2,3,4,5,6	73.087830	5.246461	5.201954	5.017025	5.957464	5.600094	5.917478	1,2,3,4,1,5	71.882622	0.507865	0.077361	0.213703	0.201071	0.121256	0.355033	0.250607	0.273104	0.036998	0.489978	0.181599	0.291425	0.055789	0.051686	0.080513	0.812012	0.507865	0.077361	0.213703	0.201071	0.119172	0.372142	0.306670	0.202015	1,2,3,4,2,5	69.499207	0.095676	0.182707	0.147693	0.032597	0.526599	0.014728	0.068544	0.226151	0.322653	0.149997	0.203926	0.028730	0.004727	0.154349	0.248828	0.389971	0.133354	0.068772	0.097192	0.011532	0.302901	0.242047	0.000550	0.345778	0.068544	0.226151	0.322653	0.149997	0.203926	0.028730	0.160148	0.307497	0.197621	0.099171	0.172640	0.062922	1,1,1,2,3,1	69.968037	0.606330	0.606330	0.606330	3.210140	1.959566	0.606330	
68000	-116685	1,2,3,4,4,5	69.771090	4.804752	4.948282	6.354233	5.454559	5.454559	5.355125	1,2,3,4,1,5	70.923913	0.384140	0.080408	0.408352	0.127100	0.125079	0.307130	0.223124	0.344667	0.038000	0.632992	0.235142	0.093866	0.154410	0.155246	0.109522	0.580821	0.384140	0.080408	0.408352	0.127100	0.034024	0.392383	0.370440	0.203153	1,1,2,3,2,4	72.247933	0.039441	0.335057	0.271820	0.069121	0.150417	0.134144	0.039441	0.335057	0.271820	0.069121	0.150417	0.134144	0.056171	0.157827	0.235930	0.322004	0.199204	0.028864	0.005895	0.401870	0.270635	0.218434	0.024274	0.078891	0.056171	0.157827	0.235930	0.322004	0.199204	0.028864	0.131342	0.570491	0.126003	0.055582	0.068009	0.048572	1,2,3,4,5,2	71.484481	0.498309	0.693108	0.575507	2.173609	2.213230	0.693108	
69000	-115893	1,2,3,4,5,6	70.925909	5.435668	5.242133	5.740993	6.255276	6.089227	5.296580	1,2,3,4,1,5	71.172025	0.503806	0.041001	0.313114	0.142078	0.118686	0.578582	0.065076	0.237656	0.044717	0.509019	0.353799	0.092465	0.065055	0.125700	0.107118	0.702128	0.503806	0.041001	0.313114	0.142078	0.060792	0.271093	0.579212	0.088903	1,2,3,4,3,1	69.321037	0.165237	0.189336	0.448466	0.060919	0.075849	0.060192	0.019110	0.293177	0.188204	0.068297	0.052920	0.378292	0.005920	0.244732	0.214390	0.258871	0.275263	0.000824	0.626061	0.027526	0.116443	0.103824	0.048796	0.077349	0.005920	0.244732	0.214390	0.258871	0.275263	0.000824	0.165237	0.189336	0.448466	0.060919	0.075849	0.060192	1,2,2,3,3,2	71.876094	0.548534	0.612413	0.612413	2.322316	2.322316	0.612413	
70000	-116783	1,1,1,2,3,4	70.531358	4.113795	4.113795	4.113795	5.455276	5.786883	6.289338	1,2,2,3,1,2	71.200225	0.613825	0.043759	0.186052	0.156365	0.101681	0.308136	0.355625	0.234558	0.101681	0.308136	0.355625	0.234558	0.281965	0.035446	0.144896	0.537693	0.613825	0.043759	0.186052	0.156365	0.101681	0.308136	0.355625	0.234558	1,2,3,4,1,1	71.628214	0.052736	0.367211	0.290600	0.120434	0.088335	0.080684	0.202132	0.129610	0.314979	0.108799	0.141891	0.102590	0.099285	0.116001	0.094004	0.311165	0.348162	0.031384	0.025051	0.001354	0.149653	0.254124	0.034988	0.534830	0.052736	0.367211	0.290600	0.120434	0.088335	0.080684	0.052736	0.367211	0.290600	0.120434	0.088335	0.080684	1,2,2,3,4,2	70.808433	0.500652	0.695374	0.695374	1.989769	2.494196	0.695374	
71000	-117243	1,2,1,1,3,4	72.179575	4.550197	5.924639	4.550197	4.550197	5.197237	6.143896	1,2,3,4,1,5	72.846168	0.485962	0.005780	0.304913	0.203344	0.098004	0.203932	0.276436	0.421628	0.168208	0.555833	0.089707	0.186252	0.147222	0.000966	0.118991	0.732821	0.485962	0.005780	0.304913	0.203344	0.083005	0.220761	0.295522	0.400712	1,2,3,4,1,5	71.258213	0.019716	0.448471	0.132237	0.193841	0.155677	0.050058	0.026761	0.098093	0.364233	0.129133	0.258592	0.123187	0.023586	0.090405	0.079217	0.529895	0.176792	0.100105	0.064003	0.124517	0.217077	0.321488	0.032846	0.240068	0.019716	0.448471	0.132237	0.193841	0.155677	0.050058	0.358507	0.085765	0.216233	0.228639	0.032993	0.077863	1,2,3,4,5,6	69.416638	0.695317	0.605168	0.787385	2.056841	3.016978	0.516085	
72000	-117882	1,1,2,3,4,5	73.133155	5.013493	5.013493	5.663425	5.250157	4.940232	5.481784	1,2,3,4,1,2	71.888776	0.422207	0.027190	0.472633	0.077970	0.146959	0.237037	0.336277	0.279727	0.031634	0.536304	0.337924	0.094138	0.103489	0.278082	0.274220	0.344209	0.422207	0.027190	0.472633	0.077970	0.146959	0.237037	0.336277	0.279727	1,2,3,4,3,1	71.175037	0.144361	0.167167	0.270880	0.175536	0.105711	0.136346	0.059292	0.118936	0.285671	0.054173	0.271921	0.210007	0.013856	0.109136	0.271162	0.240367	0.361028	0.004451	0.065503	0.082831	0.101097	0.225226	0.081698	0.443644	0.013856	0.109136	0.271162	0.240367	0.361028	0.004451	0.144361	0.167167	0.270880	0.175536	0.105711	0.136346	1,2,1,3,4,1	71.387997	0.547911	0.547826	0.547911	2.430819	2.260881	0.547911	
73000	-117736	1,1,1,2,3,4	71.034863	4.848637	4.848637	4.848637	6.246880	6.000112	5.710501	1,2,3,4,1,5	71.304449	0.587041	0.010640	0.242022	0.160296	0.095499	0.129352	0.095922	0.679227	0.077333	0.215552	0.237813	0.469302	0.129990	0.020579	0.062706	0.786725	0.587041	0.010640	0.242022	0.160296	0.215129	0.163117	0.461804	0.159950	1,2,3,4,5,5	70.998470	0.232871	0.183127	0.141188	0.298863	0.036723	0.107229	0.180375	0.371229	0.215946	0.043795	0.077300	0.111354	0.073711	0.508164	0.038378	0.207676	0.134789	0.037283	0.008065	0.239542	0.355643	0.061255	0.043337	0.292158	0.063895	0.205447	0.257659	0.239599	0.158127	0.075272	0.063895	0.205447	0.257659	0.239599	0.158127	0.075272	1,2,3,4,5,2	71.814909	0.623349	0.636997	0.866362	2.349927	2.375384	0.636997	
74000	-119530	1,2,3,4,5,6	73.492912	5.292560	5.495434	6.640674	5.737793	5.853376	6.029805	1,2,3,4,5,1	70.765248	0.192561	0.311827	0.342622	0.152990	0.306801	0.088964	0.187307	0.416928	0.074614	0.578205	0.248374	0.098807	0.182059	0.157945	0.108051	0.551945	0.273626	0.055829	0.176525	0.494020	0.192561	0.311827	0.342622	0.152990	1,2,2,1,3,4	71.320145	0.072397	0.227811	0.450814	0.047628	0.015863	0.185487	0.020532	0.158645	0.239273	0.108028	0.439223	0.034298	0.020532	0.158645	0.239273	0.108028	0.439223	0.034298	0.072397	0.227811	0.450814	0.047628	0.015863	0.185487	0.175605	0.216669	0.055634	0.036229	0.404888	0.110975	0.028296	0.229084	0.158208	0.328139	0.118914	0.137359	1,2,3,4,5,6	71.323294	0.688283	0.745733	0.700029	2.292429	2.242196	0.683103	
75000	-118034	1,1,2,3,2,4	70.949599	3.819989	3.819989	5.445449	6.316976	5.445449	5.007023	1,2,3,2,1,3	71.495727	0.668104	0.011964	0.152282	0.167651	0.081955	0.242936	0.088217	0.586892	0.052475	0.427235	0.328424	0.191865	0.081955	0.242936	0.088217	0.586892	0.668104	0.011964	0.152282	0.167651	0.052475	0.427235	0.328424	0.191865	1,2,3,4,1,2	70.610295	0.225306	0.139655	0.104693	0.187223	0.243541	0.099582	0.137020	0.347582	0.276903	0.044719	0.107502	0.086275	0.028679	0.102187	0.044457	0.298460	0.314157	0.212061	0.036215	0.079801	0.139239	0.596686	0.054561	0.093497	0.225306	0.139655	0.104693	0.187223	0.243541	0.099582	0.137020	0.347582	0.276903	0.044719	0.107502	0.086275	1,2,3,4,5,6	71.306026	0.581278	0.647840	0.630378	1.257079	1.782563	0.567678	
76000	-116919	1,2,1,3,2,4	71.617140	5.107204	5.541673	5.107204	5.121782	5.541673	5.624897	1,2,3,4,1,3	70.215893	0.499608	0.059613	0.313224	0.127555	0.125654	0.308336	0.196390	0.369621	0.100279	0.370923	0.314052	0.214747	0.260912	0.032419	0.229432	0.477238	0.499608	0.059613	0.313224	0.127555	0.100279	0.370923	0.314052	0.214747	1,1,2,3,1,1	71.648658	0.061978	0.291847	0.331565	0.091758	0.078823	0.144029	0.061978	0.291847	0.331565	0.091758	0.078823	0.144029	0.278817	0.042795	0.308953	0.267493	0.065190	0.036752	0.431610	0.020394	0.228729	0.124214	0.024285	0.170768	0.061978	0.291847	0.331565	0.091758	0.078823	0.144029	0.061978	0.291847	0.331565	0.091758	0.078823	0.144029	1,1,1,2,3,1	73.583852	0.594431	0.594431	0.594431	1.710688	2.235758	0.594431	
77000	-117121	1,2,2,2,1,3	70.939794	5.130927	4.928964	4.928964	4.928964	5.130927	5.763642	1,2,3,4,1,4	72.695326	0.621680	0.075847	0.194096	0.108377	0.171610	0.502211	0.122671	0.203508	0.100955	0.372778	0.373373	0.152893	0.128369	0.179092	0.268322	0.424217	0.621680	0.075847	0.194096	0.108377	0.128369	0.179092	0.268322	0.424217	1,2,3,4,2,1	70.359542	0.017911	0.277664	0.244371	0.246637	0.093486	0.119931	0.002144	0.295489	0.434638	0.098055	0.144826	0.024848	0.038979	0.004640	0.190182	0.448799	0.312016	0.005384	0.017732	0.120600	0.499524	0.025333	0.040674	0.296137	0.002144	0.295489	0.434638	0.098055	0.144826	0.024848	0.017911	0.277664	0.244371	0.246637	0.093486	0.119931	1,2,3,4,5,2	70.203175	0.633894	0.592131	0.694002	1.540808	2.104380	0.592131	
78000	-117600	1,2,3,1,4,5	70.838983	4.477400	5.376669	5.654888	4.477400	5.112849	5.266878	1,2,3,4,5,2	71.094125	0.387093	0.032832	0.401595	0.178480	0.203667	0.393026	0.110888	0.292420	0.045754	0.668513	0.176799	0.108934	0.280409	0.012943	0.349290	0.357358	0.585187	0.020985	0.302204	0.091624	0.203667	0.393026	0.110888	0.292420	1,1,2,3,1,3	71.771526	0.092162	0.192654	0.300432	0.135182	0.200427	0.079143	0.092162	0.192654	0.300432	0.135182	0.200427	0.079143	0.021749	0.343750	0.030274	0.273427	0.283081	0.047718	0.237480	0.283572	0.201161	0.078379	0.077800	0.121608	0.092162	0.192654	0.300432	0.135182	0.200427	0.079143	0.237480	0.283572	0.201161	0.078379	0.077800	0.121608	1,2,3,4,5,3	71.241950	0.535368	0.600271	0.629037	1.868976	2.227719	0.629037	
79000	-115867	1,2,3,4,5,6	70.492542	4.801893	4.990831	6.916902	5.445911	5.419392	6.314909	1,2,3,4,5,6	73.292435	0.452346	0.022905	0.387551	0.137198	0.127066	0.244556	0.293072	0.335306	0.045229	0.471669	0.271663	0.211439	0.075627	0.156902	0.134564	0.632907	0.487322	0.123780	0.246803	0.142096	0.112373	0.311263	0.278318	0.298046	1,2,3,4,2,1	70.719193	0.144464	0.300775	0.298302	0.068910	0.085051	0.102498	0.070641	0.258113	0.262912	0.022106	0.303297	0.082931	0.007353	0.142754	0.129346	0.107993	0.504626	0.107928	0.024419	0.319633	0.319323	0.137824	0.007395	0.191406	0.070641	0.258113	0.262912	0.022106	0.303297	0.082931	0.144464	0.300775	0.298302	0.068910	0.085051	0.102498	1,2,1,3,4,5	70.966011	0.512703	0.756666	0.512703	2.499457	2.783588	0.597020	
80000	-119553	1,1,2,3,1,4	72.593339	4.817253	4.817253	5.312380	5.668638	4.817253	5.989530	1,2,2,3,4,2	69.172660	0.124444	0.175831	0.556534	0.143190	0.154742	0.292147	0.309461	0.243650	0.154742	0.292147	0.309461	0.243650	0.166282	0.105375	0.093893	0.634449	0.300381	0.041430	0.170238	0.487950	0.154742	0.292147	0.309461	0.243650	1,2,3,2,1,3	71.195459	0.036917	0.368609	0.136450	0.097424	0.277446	0.083154	0.022332	0.111666	0.320950	0.066969	0.188532	0.289551	0.146536	0.296979	0.116951	0.137338	0.201651	0.100544	0.022332	0.111666	0.320950	0.066969	0.188532	0.289551	0.036917	0.368609	0.136450	0.097424	0.277446	0.083154	0.146536	0.296979	0.116951	0.137338	0.201651	0.100544	1,1,2,3,4,1	69.984122	0.668214	0.668214	0.691703	1.851355	2.590121	0.668214	
81000	-117075	1,1,1,2,3,4	72.198206	4.486191	4.486191	4.486191	5.341186	5.441203	5.261333	1,2,3,4,5,3	70.736286	0.288956	0.085990	0.548583	0.076471	0.088417	0.479173	0.126274	0.306136	0.148353	0.491359	0.214295	0.145994	0.075303	0.079015	0.051644	0.794039	0.357446	0.009410	0.337522	0.295621	0.148353	0.491359	0.214295	0.145994	1,2,3,4,1,5	70.390332	0.028355	0.339028	0.191970	0.140856	0.192342	0.107448	0.174908	0.185626	0.247166	0.099748	0.131964	0.160587	0.112794	0.142006	0.035099	0.452898	0.119802	0.137401	0.213574	0.138456	0.119314	0.343159	0.040964	0.144533	0.028355	0.339028	0.191970	0.140856	0.192342	0.107448	0.171815	0.269739	0.231322	0.162034	0.083816	0.081274	1,2,3,4,5,1	71.763339	0.607432	0.748286	0.608416	2.041154	2.373571	0.607432	
82000	-116601	1,2,2,3,4,5	71.011313	5.291172	4.738746	4.738746	5.021063	6.307795	6.309512	1,2,3,4,5,6	71.630280	0.491001	0.020078	0.460761	0.028159	0.097302	0.562573	0.063993	0.276132	0.037969	0.249277	0.583246	0.129508	0.039814	0.143634	0.084756	0.731796	0.508258	0.028004	0.170665	0.293073	0.114736	0.296296	0.309858	0.279110	1,2,1,2,1,3	71.759960	0.021269	0.066702	0.106231	0.229354	0.555104	0.021340	0.097407	0.120342	0.278585	0.018403	0.076916	0.408349	0.021269	0.066702	0.106231	0.229354	0.555104	0.021340	0.097407	0.120342	0.278585	0.018403	0.076916	0.408349	0.021269	0.066702	0.106231	0.229354	0.555104	0.021340	0.259174	0.146530	0.093242	0.265436	0.018657	0.216961	1,2,1,3,4,1	72.267549	0.616138	0.860226	0.616138	1.728720	1.822727	0.616138	
83000	-117044	1,1,2,1,3,4	70.521419	4.930429	4.930429	6.419587	4.930429	5.569717	6.012080	1,2,3,4,1,5	70.627554	0.499430	0.044814	0.323722	0.132034	0.221569	0.467400	0.065127	0.245904	0.081391	0.580959	0.259570	0.078080	0.276974	0.082623	0.359183	0.281220	0.499430	0.044814	0.323722	0.132034	0.163145	0.236883	0.506081	0.093891	1,2,3,1,4,1	71.933827	0.145734	0.169877	0.289548	0.174098	0.069283	0.151460	0.017835	0.157391	0.447087	0.093695	0.136275	0.147716	0.042313	0.064488	0.164504	0.339897	0.295581	0.093218	0.145734	0.169877	0.289548	0.174098	0.069283	0.151460	0.024681	0.260204	0.264585	0.137443	0.233003	0.080085	0.145734	0.169877	0.289548	0.174098	0.069283	0.151460	1,1,2,3,3,4	71.355268	0.578195	0.578195	0.549952	1.727819	1.727819	0.689534	
84000	-115831	1,1,1,2,3,4	71.364588	4.399410	4.399410	4.399410	5.237249	5.527314	6.175786	1,2,3,4,5,6	73.302336	0.470554	0.058283	0.256779	0.214384	0.154359	0.536611	0.047078	0.261952	0.069601	0.601009	0.185932	0.143458	0.110175	0.151315	0.052603	0.685907	0.583284	0.067931	0.156967	0.191819	0.097260	0.233344	0.307830	0.361565	1,2,3,4,5,1	69.110982	0.077682	0.431245	0.190289	0.131260	0.073567	0.095958	0.179427	0.076478	0.192162	0.164508	0.146787	0.240638	0.011284	0.081426	0.115876	0.241493	0.248398	0.301523	0.140308	0.176116	0.144405	0.198384	0.072214	0.268573	0.008682	0.385658	0.232231	0.146994	0.127262	0.099173	0.077682	0.431245	0.190289	0.131260	0.073567	0.095958	1,2,1,3,4,5	70.508484	0.619685	0.616572	0.619685	2.234314	2.620793	0.682654	
85000	-117552	1,2,1,1,3,4	69.410857	4.984408	5.661001	4.984408	4.984408	5.494354	6.008017	1,2,3,4,1,5	72.336323	0.419002	0.021722	0.389639	0.169636	0.322932	0.252966	0.056697	0.367405	0.084349	0.295040	0.447589	0.173022	0.295562	0.091777	0.104492	0.508169	0.419002	0.021722	0.389639	0.169636	0.179792	0.272022	0.270819	0.277367	1,2,1,3,1,1	71.408202	0.063767	0.201299	0.227858	0.197570	0.261633	0.047873	0.038948	0.305840	0.212169	0.010013	0.084178	0.348853	0.063767	0.201299	0.227858	0.197570	0.261633	0.047873	0.199405	0.130594	0.292831	0.105350	0.074091	0.197729	0.063767	0.201299	0.227858	0.197570	0.261633	0.047873	0.063767	0.201299	0.227858	0.197570	0.261633	0.047873	1,2,2,3,3,4	71.004332	0.584942	0.693355	0.693355	2.177854	2.177854	0.645892	
86000	-116244	1,2,3,4,5,6	72.377159	5.221241	5.309429	5.042177	5.804366	5.860315	6.230106	1,2,3,4,1,3	70.539013	0.550400	0.043975	0.190965	0.214659	0.190496	0.369493	0.155792	0.284219	0.092920	0.395614	0.254620	0.256846	0.042434	0.055507	0.179226	0.722833	0.550400	0.043975	0.190965	0.214659	0.092920	0.395614	0.254620	0.256846	1,2,3,4,5,1	70.175157	0.212330	0.295920	0.228466	0.142630	0.059081	0.061573	0.005664	0.005500	0.379257	0.004043	0.286383	0.319154	0.034170	0.209548	0.090408	0.210516	0.309447	0.145912	0.041591	0.009987	0.299259	0.449081	0.099914	0.100168	0.133392	0.345213	0.146023	0.232017	0.110893	0.032461	0.212330	0.295920	0.228466	0.142630	0.059081	0.061573	1,2,3,4,5,6	71.120944	0.650100	0.622138	0.609442	1.973420	3.554227	0.626077	
87000	-116198	1,1,2,3,4,5	71.859951	4.392817	4.392817	5.237922	5.371496	5.584014	6.456235	1,2,3,4,5,6	68.793282	0.191163	0.038170	0.575920	0.194747	0.196964	0.487901	0.103372	0.211763	0.167499	0.512356	0.219301	0.100844	0.034221	0.070861	0.189449	0.705469	0.431687	0.012451	0.270837	0.285025	0.151353	0.324918	0.361932	0.161797	1,2,3,2,1,1	73.432292	0.160896	0.312707	0.262725	0.044057	0.113452	0.106164	0.055766	0.197863	0.406055	0.062239	0.111300	0.166777	0.018946	0.154704	0.085571	0.580098	0.140570	0.020112	0.055766	0.197863	0.406055	0.062239	0.111300	0.166777	0.160896	0.312707	0.262725	0.044057	0.113452	0.106164	0.160896	0.312707	0.262725	0.044057	0.113452	0.106164	1,2,3,4,5,3	71.661961	0.624334	0.654986	0.668322	1.989294	2.597940	0.668322	
88000	-116393	1,2,3,2,4,5	71.601118	4.924525	4.930592	5.527100	4.930592	5.777053	5.693676	1,2,3,4,5,6	71.648343	0.258112	0.039089	0.574464	0.128335	0.100650	0.267983	0.096855	0.534511	0.042612	0.573661	0.296123	0.087604	0.057659	0.210149	0.206121	0.526071	0.486328	0.080670	0.212819	0.220182	0.142509	0.175897	0.457108	0.224486	1,2,1,2,1,3	71.913336	0.069535	0.115148	0.076240	0.201730	0.486206	0.051141	0.036223	0.016430	0.526846	0.027337	0.080144	0.313020	0.069535	0.115148	0.076240	0.201730	0.486206	0.051141	0.036223	0.016430	0.526846	0.027337	0.080144	0.313020	0.069535	0.115148	0.076240	0.201730	0.486206	0.051141	0.235050	0.203551	0.077823	0.200637	0.115256	0.167682	1,1,1,2,3,1	70.553748	0.611908	0.611908	0.611908	1.727471	2.122330	0.611908	
89000	-117777	1,2,3,2,4,5	70.962779	5.555703	4.775379	5.007624	4.775379	5.698794	5.921877	1,2,3,4,5,6	70.693152	0.202570	0.030817	0.541871	0.224742	0.092950	0.341339	0.185773	0.379938	0.007811	0.563520	0.256679	0.171989	0.041201	0.234453	0.254439	0.469907	0.432727	0.010684	0.217001	0.339588	0.073298	0.177102	0.414574	0.335027	1,2,3,1,3,4	72.313621	0.189386	0.097503	0.348889	0.170665	0.038969	0.154588	0.156628	0.061702	0.292265	0.116026	0.139052	0.234328	0.008068	0.157232	0.252853	0.317074	0.241679	0.023094	0.189386	0.097503	0.348889	0.170665	0.038969	0.154588	0.008068	0.157232	0.252853	0.317074	0.241679	0.023094	0.154190	0.096288	0.332578	0.147176	0.144861	0.124908	1,2,3,4,4,3	72.772471	0.638103	0.736420	0.565212	2.128146	2.128146	0.565212	
90000	-116365	1,2,3,4,1,5	71.982864	4.600244	5.264981	5.855404	5.567381	4.600244	5.621319	1,2,3,4,1,2	70.103864	0.528149	0.141341	0.238676	0.091834	0.227942	0.218546	0.327465	0.226047	0.193118	0.497586	0.197736	0.111559	0.195303	0.007109	0.049219	0.748370	0.528149	0.141341	0.238676	0.091834	0.227942	0.218546	0.327465	0.226047	1,1,2,3,1,4	70.989025	0.031621	0.225276	0.357159	0.020155	0.210969	0.154821	0.031621	0.225276	0.357159	0.020155	0.210969	0.154821	0.017175	0.174842	0.129643	0.525246	0.146841	0.006252	0.038492	0.030432	0.058184	0.164670	0.459693	0.248529	0.031621	0.225276	0.357159	0.020155	0.210969	0.154821	0.078519	0.210672	0.128458	0.137664	0.107005	0.337681	1,2,1,3,4,1	72.243993	0.596691	0.723718	0.596691	1.816561	1.813304	0.596691	
91000	-118040	1,1,2,3,2,4	69.951719	4.962105	4.962105	5.281913	5.252723	5.281913	5.343715	1,2,3,4,5,6	71.726648	0.250097	0.147058	0.508660	0.094184	0.047793	0.551768	0.032564	0.367876	0.043094	0.320103	0.537245	0.099558	0.126997	0.209229	0.044847	0.618927	0.333558	0.025836	0.260671	0.379934	0.197528	0.305635	0.218690	0.278147	1,2,3,4,1,5	70.062190	0.065458	0.248480	0.192670	0.090385	0.311554	0.091453	0.062712	0.286061	0.176659	0.015450	0.062000	0.397117	0.047026	0.037070	0.427867	0.070946	0.390913	0.026177	0.126622	0.121504	0.191567	0.414337	0.011210	0.134760	0.065458	0.248480	0.192670	0.090385	0.311554	0.091453	0.031404	0.282074	0.102204	0.375210	0.116219	0.092888	1,2,3,4,4,1	71.194330	0.569955	0.625439	0.594949	1.830455	1.830455	0.569955	
92000	-116669	1,1,1,2,1,3	71.937584	4.945258	4.945258	4.945258	6.698789	4.945258	5.922949	1,2,3,4,5,3	72.134664	0.261529	0.107908	0.437728	0.192835	0.211437	0.531444	0.040727	0.216392	0.102689	0.357266	0.405747	0.134297	0.113689	0.030024	0.039623	0.816664	0.270401	0.129418	0.309670	0.290510	0.102689	0.357266	0.405747	0.134297	1,2,3,1,1,1	72.055351	0.069312	0.321377	0.316339	0.097305	0.024742	0.170925	0.056835	0.108744	0.340097	0.075628	0.152197	0.266499	0.053003	0.137929	0.113595	0.266886	0.294914	0.133673	0.069312	0.321377	0.316339	0.097305	0.024742	0.170925	0.069312	0.321377	0.316339	0.097305	0.024742	0.170925	0.069312	0.321377	0.316339	0.097305	0.024742	0.170925	1,2,2,3,3,2	70.601011	0.620787	0.638006	0.638006	2.343519	2.343519	0.638006	
93000	-117947	1,1,2,3,4,3	71.793243	4.098819	4.098819	5.426970	5.235850	5.430985	5.235850	1,2,2,3,4,2	71.825288	0.187213	0.148608	0.554085	0.110093	0.129371	0.462103	0.178104	0.230421	0.129371	0.462103	0.178104	0.230421	0.181857	0.131163	0.219057	0.467923	0.373792	0.030714	0.216733	0.378760	0.129371	0.462103	0.178104	0.230421	1,1,2,3,1,3	71.606463	0.053537	0.245498	0.315722	0.047111	0.216360	0.121773	0.053537	0.245498	0.315722	0.047111	0.216360	0.121773	0.203063	0.205653	0.054865	0.203606	0.220283	0.112530	0.102473	0.228981	0.250817	0.150348	0.015124	0.252257	0.053537	0.245498	0.315722	0.047111	0.216360	0.121773	0.102473	0.228981	0.250817	0.150348	0.015124	0.252257	1,1,1,2,2,3	73.556544	0.657147	0.657147	0.657147	2.422669	2.422669	0.637064	
94000	-115754	1,2,3,4,5,6	70.550165	5.281150	6.035336	5.074997	5.422077	5.531973	6.455583	1,2,3,4,1,5	71.755816	0.436481	0.041410	0.331818	0.190290	0.319408	0.169130	0.184689	0.326773	0.097040	0.315994	0.512166	0.074799	0.065711	0.160736	0.061688	0.711866	0.436481	0.041410	0.331818	0.190290	0.051766	0.307706	0.409003	0.231525	1,2,2,3,4,5	70.722704	0.032929	0.226700	0.281185	0.291021	0.071401	0.096763	0.012989	0.105252	0.282322	0.148930	0.389457	0.061051	0.012989	0.105252	0.282322	0.148930	0.389457	0.061051	0.144050	0.383185	0.251349	0.041568	0.002669	0.177178	0.072705	0.251582	0.372333	0.002428	0.251110	0.049842	0.324063	0.313830	0.175004	0.027194	0.058653	0.101255	1,2,3,4,5,1	73.611666	0.610446	0.630870	0.606954	2.451313	2.186926	0.610446	
95000	-116887	1,2,1,3,4,5	71.303019	4.740193	4.813580	4.740193	5.977801	5.533822	5.912125	1,2,3,4,1,3	70.631206	0.513785	0.033466	0.270063	0.182686	0.103087	0.420713	0.089031	0.387168	0.042326	0.343367	0.303933	0.310374	0.182575	0.115836	0.228232	0.473357	0.513785	0.033466	0.270063	0.182686	0.042326	0.343367	0.303933	0.310374	1,2,3,1,2,2	71.428361	0.210117	0.191045	0.164485	0.229397	0.092360	0.112597	0.046507	0.289663	0.405962	0.041756	0.132294	0.083817	0.067976	0.173530	0.126072	0.376539	0.177512	0.078371	0.210117	0.191045	0.164485	0.229397	0.092360	0.112597	0.046507	0.289663	0.405962	0.041756	0.132294	0.083817	0.046507	0.289663	0.405962	0.041756	0.132294	0.083817	1,1,2,3,4,1	71.460429	0.606481	0.606481	0.585332	2.493513	2.026314	0.606481	
96000	-115861	1,2,3,2,4,5	70.179840	5.191398	5.076227	5.689331	5.076227	5.199280	5.586807	1,2,3,4,1,2	72.362115	0.405121	0.055888	0.381342	0.157648	0.141327	0.209180	0.253844	0.395649	0.005493	0.523193	0.323214	0.148101	0.144306	0.024812	0.382790	0.448091	0.405121	0.055888	0.381342	0.157648	0.141327	0.209180	0.253844	0.395649	1,2,2,3,2,1	71.718883	0.073419	0.239373	0.237543	0.206810	0.131148	0.111707	0.033239	0.197982	0.381149	0.119011	0.168273	0.100346	0.033239	0.197982	0.381149	0.119011	0.168273	0.100346	0.269291	0.006679	0.223403	0.213718	0.195722	0.091187	0.033239	0.197982	0.381149	0.119011	0.168273	0.100346	0.073419	0.239373	0.237543	0.206810	0.131148	0.111707	1,2,3,4,5,2	71.515009	0.651029	0.627828	0.565523	1.282203	2.322729	0.627828	
97000	-116118	1,1,1,2,3,4	71.498628	4.502586	4.502586	4.502586	5.294533	5.729315	5.339409	1,2,3,4,1,3	71.938790	0.510472	0.021050	0.282684	0.185794	0.278775	0.139788	0.156116	0.425320	0.139031	0.424901	0.210628	0.225440	0.078064	0.039223	0.303335	0.579378	0.510472	0.021050	0.282684	0.185794	0.139031	0.424901	0.210628	0.225440	1,2,3,4,1,4	71.561680	0.095765	0.258239	0.237494	0.086193	0.271633	0.050674	0.051359	0.124914	0.316517	0.063643	0.325171	0.118395	0.107398	0.076717	0.110401	0.372340	0.295780	0.037364	0.042199	0.138472	0.353715	0.115303	0.136691	0.213620	0.095765	0.258239	0.237494	0.086193	0.271633	0.050674	0.042199	0.138472	0.353715	0.115303	0.136691	0.213620	1,2,1,3,4,1	70.820749	0.579324	0.575823	0.579324	1.978800	2.427815	0.579324	
98000	-115008	1,1,2,3,3,4	70.972943	4.960548	4.960548	5.014746	5.488931	5.488931	6.126274	1,2,3,4,1,3	70.561022	0.448241	0.017239	0.380729	0.153791	0.074711	0.463651	0.140615	0.321022	0.141597	0.357939	0.380455	0.120009	0.054790	0.012515	0.302907	0.629788	0.448241	0.017239	0.380729	0.153791	0.141597	0.357939	0.380455	0.120009	1,2,3,4,3,2	71.417708	0.300663	0.180768	0.210051	0.170511	0.039518	0.098488	0.103394	0.247351	0.385326	0.070007	0.084176	0.109747	0.040960	0.099755	0.119454	0.228903	0.487895	0.023033	0.077116	0.060869	0.360462	0.287197	0.147103	0.067253	0.040960	0.099755	0.119454	0.228903	0.487895	0.023033	0.103394	0.247351	0.385326	0.070007	0.084176	0.109747	1,2,3,4,4,5	71.150927	0.582724	0.775837	0.727337	2.092373	2.092373	0.666615	
99000	-116692	1,2,3,4,1,5	69.768527	4.171524	5.566633	6.391497	5.400967	4.171524	6.050211	1,2,3,2,4,5	70.873233	0.325875	0.213857	0.335977	0.124290	0.136589	0.187029	0.237676	0.438705	0.014979	0.571509	0.340347	0.073165	0.136589	0.187029	0.237676	0.438705	0.734679	0.106961	0.092518	0.065842	0.107013	0.331983	0.235260	0.325744	1,2,3,4,1,1	70.756351	0.004560	0.397694	0.294819	0.147035	0.068859	0.087032	0.052953	0.003173	0.354438	0.060320	0.163081	0.366034	0.144371	0.063035	0.060621	0.168161	0.523881	0.039931	0.157515	0.083251	0.348528	0.066201	0.009055	0.335451	0.004560	0.397694	0.294819	0.147035	0.068859	0.087032	0.004560	0.397694	0.294819	0.147035	0.068859	0.087032	1,2,1,3,4,5	71.632568	0.551390	0.598901	0.551390	1.664006	1.693502	0.618794	
100000	-117835	1,1,1,1,1,2	71.353734	4.598351	4.598351	4.598351	4.598351	4.598351	5.813100	1,2,3,2,4,3	71.788355	0.480184	0.086990	0.368936	0.063890	0.081736	0.189975	0.211446	0.516842	0.163507	0.322956	0.350967	0.162570	0.081736	0.189975	0.211446	0.516842	0.371303	0.268067	0.186463	0.174167	0.163507	0.322956	0.350967	0.162570	1,2,3,4,2,1	70.778858	0.069421	0.277940	0.164404	0.193410	0.220896	0.073928	0.038873	0.275186	0.310556	0.069181	0.147908	0.158295	0.071923	0.307415	0.059134	0.235052	0.268432	0.058044	0.100328	0.057430	0.481555	0.076281	0.058760	0.225646	0.038873	0.275186	0.310556	0.069181	0.147908	0.158295	0.069421	0.277940	0.164404	0.193410	0.220896	0.073928	1,2,2,3,4,2	71.216447	0.564701	0.592011	0.592011	2.104843	2.078145	0.592011	
101000	-119361	1,1,1,1,2,3	71.556703	4.441054	4.441054	4.441054	4.441054	5.259539	6.130915	1,2,3,4,1,5	70.443303	0.672473	0.024199	0.211221	0.092107	0.182761	0.492918	0.107206	0.217115	0.086313	0.636462	0.119788	0.157437	0.420184	0.105256	0.019751	0.454809	0.672473	0.024199	0.211221	0.092107	0.031194	0.504607	0.301012	0.163186	1,2,3,4,5,5	72.162517	0.095182	0.190218	0.259682	0.352908	0.078472	0.023538	0.049846	0.281805	0.256277	0.012953	0.173935	0.225183	0.004733	0.061618	0.171277	0.352464	0.236446	0.173463	0.139991	0.092311	0.024999	0.585808	0.054632	0.102259	0.158214	0.239510	0.303961	0.071571	0.111178	0.115567	0.158214	0.239510	0.303961	0.071571	0.111178	0.115567	1,1,2,3,4,1	73.152411	0.632537	0.632537	0.816199	2.172980	1.635291	0.632537	
102000	-118770	1,2,2,1,3,4	71.826384	4.228151	5.471206	5.471206	4.228151	5.493664	6.379241	1,2,3,4,4,5	72.899398	0.439263	0.057788	0.331264	0.171684	0.104515	0.337554	0.049108	0.508823	0.197733	0.449686	0.244309	0.108273	0.573663	0.035445	0.142720	0.248171	0.573663	0.035445	0.142720	0.248171	0.079532	0.123453	0.280109	0.516906	1,2,3,4,5,5	71.126822	0.133088	0.321526	0.066660	0.228886	0.224359	0.025481	0.031341	0.101180	0.169527	0.303905	0.252325	0.141721	0.051565	0.006995	0.208151	0.392818	0.207029	0.133443	0.139773	0.003942	0.076309	0.012759	0.128778	0.638439	0.065311	0.464052	0.255574	0.138796	0.028756	0.047511	0.065311	0.464052	0.255574	0.138796	0.028756	0.047511	1,1,1,2,3,1	70.704165	0.635607	0.635607	0.635607	2.027209	1.797353	0.635607	
103000	-116771	1,1,1,2,3,4	71.097532	4.577267	4.577267	4.577267	6.484608	5.318946	6.411109	1,2,2,3,1,4	72.683743	0.355764	0.022121	0.201427	0.420689	0.102639	0.362140	0.236549	0.298673	0.102639	0.362140	0.236549	0.298673	0.038283	0.049957	0.187477	0.724283	0.355764	0.022121	0.201427	0.420689	0.109633	0.255534	0.343844	0.290989	1,2,1,3,4,4	70.646675	0.124243	0.121725	0.071259	0.491713	0.165476	0.025583	0.044916	0.258197	0.431558	0.003399	0.171756	0.090174	0.124243	0.121725	0.071259	0.491713	0.165476	0.025583	0.169817	0.152831	0.161059	0.146928	0.067622	0.301742	0.122522	0.387848	0.189585	0.144001	0.050360	0.105685	0.122522	0.387848	0.189585	0.144001	0.050360	0.105685	1,2,3,4,5,1	70.134420	0.613378	0.612918	0.657084	1.973202	2.196169	0.613378	
104000	-116835	1,1,2,3,4,5	72.579067	4.828142	4.828142	5.431411	6.060695	5.188856	5.056087	1,2,3,4,5,6	72.476754	0.509842	0.020845	0.377701	0.091611	0.130671	0.223887	0.069154	0.576288	0.039265	0.431302	0.448679	0.080754	0.219687	0.111196	0.103795	0.565322	0.352170	0.067153	0.235319	0.345357	0.175424	0.180228	0.394684	0.249665	1,2,3,4,3,5	71.420205	0.132353	0.055578	0.298888	0.042234	0.262661	0.208286	0.271687	0.243490	0.125781	0.010779	0.197526	0.150737	0.053909	0.299837	0.181153	0.268069	0.111298	0.085733	0.353606	0.217006	0.150698	0.035973	0.041156	0.201561	0.053909	0.299837	0.181153	0.268069	0.111298	0.085733	0.044133	0.273910	0.191860	0.232152	0.144246	0.113698	1,2,1,3,3,2	71.115621	0.618337	0.627649	0.618337	2.112631	2.112631	0.627649	
105000	-116674	1,2,3,4,5,6	71.232935	4.807995	4.854267	5.091127	6.105872	5.740665	6.250773	1,2,3,4,1,5	73.782339	0.511433	0.011299	0.333295	0.143973	0.400542	0.328282	0.035120	0.236056	0.022989	0.365624	0.536878	0.074509	0.100458	0.100578	0.219395	0.579569	0.511433	0.011299	0.333295	0.143973	0.045268	0.446111	0.363408	0.145213	1,2,3,4,3,5	71.185435	0.276240	0.154325	0.254270	0.288725	0.014934	0.011506	0.034302	0.385246	0.164917	0.016857	0.162609	0.236069	0.047438	0.136709	0.111557	0.145885	0.538308	0.020102	0.189386	0.015000	0.426898	0.069480	0.130483	0.168754	0.047438	0.136709	0.111557	0.145885	0.538308	0.020102	0.073244	0.302002	0.101085	0.196925	0.195271	0.131474	1,1,1,2,2,3	71.426579	0.604490	0.604490	0.604490	2.141974	2.141974	0.515076	
106000	-115726	1,1,2,3,4,5	72.480784	5.162350	5.162350	5.351377	6.687094	5.770505	5.485999	1,2,3,4,1,3	70.506045	0.603851	0.022108	0.220961	0.153079	0.178461	0.314291	0.099621	0.407628	0.093496	0.419626	0.299777	0.187102	0.121917	0.023460	0.021900	0.832723	0.603851	0.022108	0.220961	0.153079	0.093496	0.419626	0.299777	0.187102	1,2,3,2,1,1	70.691475	0.159046	0.226109	0.298874	0.131561	0.044146	0.140263	0.021985	0.067094	0.178678	0.074143	0.328605	0.329495	0.083843	0.059060	0.031921	0.461905	0.348058	0.015213	0.021985	0.067094	0.178678	0.074143	0.328605	0.329495	0.159046	0.226109	0.298874	0.131561	0.044146	0.140263	0.159046	0.226109	0.298874	0.131561	0.044146	0.140263	1,1,2,3,4,2	72.274085	0.615575	0.615575	0.641586	0.981790	1.831780	0.641586	
107000	-115947	1,2,3,4,5,6	69.597971	5.212730	5.069218	5.131576	5.174099	5.760740	5.835570	1,2,3,4,1,2	71.802564	0.588225	0.021452	0.247541	0.142782	0.133292	0.371663	0.266691	0.228353	0.017349	0.766637	0.185703	0.030311	0.096921	0.225519	0.098763	0.578797	0.588225	0.021452	0.247541	0.142782	0.133292	0.371663	0.266691	0.228353	1,2,3,4,5,6	71.515698	0.219773	0.230579	0.189031	0.143638	0.043013	0.173967	0.045595	0.392549	0.191839	0.058720	0.189595	0.121703	0.105726	0.177996	0.052445	0.310185	0.307815	0.045832	0.021323	0.174545	0.205724	0.062803	0.019670	0.515936	0.322420	0.159433	0.150348	0.130653	0.224034	0.013113	0.144460	0.191747	0.267860	0.159356	0.159614	0.076963	1,2,3,4,5,2	69.639095	0.601755	0.639875	0.622493	1.546142	2.305456	0.639875	
108000	-115497	1,2,3,1,4,5	72.307027	5.134478	5.799668	5.582936	5.134478	5.863795	6.493959	1,2,3,4,5,6	69.917125	0.391317	0.031143	0.541596	0.035943	0.281739	0.348822	0.065663	0.303776	0.007949	0.767385	0.169935	0.054731	0.053890	0.194222	0.228394	0.523495	0.519390	0.111103	0.127251	0.242256	0.123931	0.189975	0.374706	0.311388	1,1,2,3,2,2	70.990167	0.060807	0.097490	0.461289	0.036065	0.171566	0.172783	0.060807	0.097490	0.461289	0.036065	0.171566	0.172783	0.048346	0.372633	0.349955	0.090263	0.075350	0.063453	0.069038	0.109595	0.284446	0.074965	0.087200	0.374757	0.048346	0.372633	0.349955	0.090263	0.075350	0.063453	0.048346	0.372633	0.349955	0.090263	0.075350	0.063453	1,2,3,4,5,6	70.387269	0.538575	0.742055	0.501254	1.749228	1.753199	0.494834	
109000	-117125	1,2,3,4,5,4	71.395887	5.939851	5.604154	5.235661	4.790185	5.710292	4.790185	1,2,3,4,5,4	72.413085	0.678442	0.025288	0.235351	0.060919	0.169532	0.202983	0.111782	0.515703	0.035805	0.456598	0.295664	0.211933	0.083805	0.085122	0.351378	0.479695	0.499364	0.002882	0.305129	0.192625	0.083805	0.085122	0.351378	0.479695	1,2,3,2,4,5	71.355838	0.192343	0.064668	0.193853	0.187747	0.278862	0.082528	0.210442	0.059891	0.371869	0.007517	0.209997	0.140285	0.063784	0.251452	0.079150	0.353591	0.245247	0.006775	0.210442	0.059891	0.371869	0.007517	0.209997	0.140285	0.024988	0.199787	0.266853	0.215188	0.201858	0.091327	0.059834	0.349698	0.045102	0.316152	0.167989	0.061224	1,2,3,4,5,1	69.816544	0.588677	0.597807	0.584635	1.526515	2.285633	0.588677	
110000	-114839	1,2,3,4,5,6	69.621959	5.085680	5.138124	5.524316	5.315910	5.354121	5.396290	1,2,3,4,1,3	68.963432	0.566908	0.019962	0.308852	0.104279	0.268663	0.409999	0.064673	0.256664	0.073063	0.414094	0.363443	0.149400	0.046842	0.022551	0.276668	0.653939	0.566908	0.019962	0.308852	0.104279	0.073063	0.414094	0.363443	0.149400	1,2,3,4,5,4	68.932682	0.027816	0.188173	0.294469	0.162133	0.242122	0.085286	0.056311	0.318430	0.309282	0.033195	0.149158	0.133623	0.061506	0.038537	0.033636	0.466658	0.259054	0.140608	0.123850	0.288388	0.346937	0.069794	0.049535	0.121497	0.002462	0.241478	0.369238	0.102263	0.238901	0.045658	0.123850	0.288388	0.346937	0.069794	0.049535	0.121497	1,2,3,4,5,1	72.367419	0.581866	0.739683	0.568156	1.898459	1.882972	0.581866	
111000	-115432	1,2,3,4,5,6	72.234628	5.514392	4.900745	5.875395	4.742201	5.729034	6.177513	1,2,3,4,5,2	71.636979	0.519027	0.029994	0.336817	0.114161	0.111604	0.286269	0.307382	0.294745	0.013909	0.631438	0.169560	0.185094	0.094125	0.303908	0.066514	0.535453	0.393756	0.091923	0.248213	0.266107	0.111604	0.286269	0.307382	0.294745	1,2,3,4,2,1	72.912061	0.045543	0.221966	0.409257	0.110954	0.104708	0.107572	0.098003	0.369987	0.334423	0.016898	0.148499	0.032190	0.001723	0.158482	0.319273	0.239008	0.250838	0.030676	0.137488	0.174521	0.112900	0.067715	0.019733	0.487644	0.098003	0.369987	0.334423	0.016898	0.148499	0.032190	0.045543	0.221966	0.409257	0.110954	0.104708	0.107572	1,2,3,4,5,6	72.323274	0.560546	0.606794	0.609883	1.837761	2.002852	0.566519	
112000	-118412	1,2,3,1,4,1	70.842841	5.250488	5.621760	5.349518	5.250488	5.620394	5.250488	1,2,3,2,4,1	70.520729	0.265104	0.131894	0.478132	0.124870	0.252630	0.155737	0.114278	0.477355	0.012548	0.482278	0.501510	0.003663	0.252630	0.155737	0.114278	0.477355	0.642348	0.013553	0.133300	0.210799	0.265104	0.131894	0.478132	0.124870	1,2,3,4,5,2	70.952378	0.025235	0.287511	0.285710	0.161200	0.031197	0.209148	0.038093	0.038845	0.287602	0.147884	0.354605	0.132972	0.119648	0.027997	0.445944	0.090889	0.282365	0.033157	0.243430	0.118581	0.141225	0.088865	0.088941	0.318958	0.230897	0.411957	0.187456	0.006875	0.074053	0.088763	0.038093	0.038845	0.287602	0.147884	0.354605	0.132972	1,1,2,3,3,2	70.868293	0.619816	0.619816	0.620083	2.262750	2.262750	0.620083	
113000	-117022	1,2,3,4,5,6	71.174453	4.927273	4.917357	5.481109	5.341724	5.648925	6.847621	1,2,3,4,1,5	70.622143	0.544852	0.108919	0.195556	0.150673	0.257137	0.398669	0.069214	0.274980	0.152839	0.559030	0.241336	0.046795	0.041036	0.024081	0.078700	0.856183	0.544852	0.108919	0.195556	0.150673	0.191678	0.179987	0.350354	0.277982	1,2,3,4,1,1	71.845606	0.079113	0.407592	0.251172	0.166092	0.026209	0.069823	0.141013	0.056980	0.059562	0.057635	0.178764	0.506046	0.009016	0.148008	0.112985	0.294311	0.128976	0.306704	0.046466	0.045019	0.152692	0.513780	0.096514	0.145530	0.079113	0.407592	0.251172	0.166092	0.026209	0.069823	0.079113	0.407592	0.251172	0.166092	0.026209	0.069823	1,1,2,3,4,5	70.221288	0.592319	0.592319	0.542732	1.245473	2.565409	0.535952	
114000	-118039	1,2,3,4,1,5	70.541678	4.955572	5.343600	5.766395	5.303944	4.955572	6.421353	1,2,3,4,4,5	72.924582	0.485333	0.033317	0.344855	0.136495	0.151042	0.423848	0.111539	0.313571	0.008860	0.341785	0.643815	0.005540	0.272612	0.041628	0.146174	0.539586	0.272612	0.041628	0.146174	0.539586	0.137125	0.396952	0.201551	0.264372	1,2,3,4,3,1	71.524110	0.349179	0.177683	0.207738	0.182556	0.001815	0.081030	0.106468	0.051308	0.271301	0.029125	0.261633	0.280164	0.088562	0.472193	0.074159	0.089994	0.236258	0.038833	0.000154	0.100487	0.205905	0.013514	0.378408	0.301532	0.088562	0.472193	0.074159	0.089994	0.236258	0.038833	0.349179	0.177683	0.207738	0.182556	0.001815	0.081030	1,2,2,3,3,4	71.810128	0.576144	0.701307	0.701307	1.931320	1.931320	0.483563	
115000	-115826	1,1,2,3,1,4	71.398759	4.703199	4.703199	5.481572	5.222827	4.703199	5.795282	1,2,3,4,5,6	71.977238	0.251329	0.321144	0.357038	0.070489	0.120794	0.502258	0.133956	0.242992	0.007742	0.781056	0.123862	0.087341	0.167711	0.103623	0.160553	0.568113	0.373661	0.093614	0.399200	0.133525	0.185090	0.183859	0.398351	0.232699	1,1,2,3,1,4	71.631227	0.062391	0.208596	0.464294	0.048229	0.102561	0.113929	0.062391	0.208596	0.464294	0.048229	0.102561	0.113929	0.314196	0.093511	0.327403	0.122753	0.119954	0.022184	0.129723	0.008621	0.281475	0.118031	0.051771	0.410379	0.062391	0.208596	0.464294	0.048229	0.102561	0.113929	0.136461	0.265502	0.119648	0.125046	0.173465	0.179878	1,1,2,3,4,5	70.692139	0.643962	0.643962	0.613041	1.774636	2.179075	0.631737	
116000	-119794	1,1,1,2,3,4	71.825732	4.769692	4.769692	4.769692	5.784569	6.447354	6.044864	1,2,3,4,5,1	70.542326	0.129382	0.213065	0.384041	0.273512	0.022252	0.599573	0.068165	0.310010	0.201524	0.481915	0.094103	0.222458	0.174882	0.030229	0.060031	0.734858	0.403373	0.076440	0.044989	0.475198	0.129382	0.213065	0.384041	0.273512	1,1,2,3,2,4	71.831836	0.065106	0.535471	0.275022	0.036919	0.075745	0.011737	0.065106	0.535471	0.275022	0.036919	0.075745	0.011737	0.004812	0.100581	0.020971	0.405805	0.452814	0.015017	0.097637	0.007597	0.175507	0.365518	0.003206	0.350535	0.004812	0.100581	0.020971	0.405805	0.452814	0.015017	0.248282	0.192019	0.158478	0.131174	0.182118	0.087929	1,2,3,4,5,3	71.459142	0.675690	0.737007	0.615077	2.327051	1.678688	0.615077	
117000	-119132	1,2,3,4,2,5	71.121890	5.161794	5.412432	5.553292	6.116970	5.412432	6.239887	1,2,3,4,4,3	70.794198	0.172951	0.095920	0.528921	0.202207	0.130430	0.243774	0.123514	0.502282	0.134024	0.259704	0.318469	0.287803	0.237219	0.029399	0.176782	0.556599	0.237219	0.029399	0.176782	0.556599	0.134024	0.259704	0.318469	0.287803	1,2,3,4,5,1	71.454814	0.194890	0.205711	0.275004	0.141987	0.108485	0.073923	0.196362	0.234520	0.367424	0.063460	0.074965	0.063269	0.080690	0.078154	0.231746	0.244175	0.243925	0.121310	0.268229	0.295174	0.116418	0.007871	0.062836	0.249473	0.148881	0.181531	0.214197	0.095028	0.293874	0.066488	0.194890	0.205711	0.275004	0.141987	0.108485	0.073923	1,2,2,3,4,2	71.115325	0.585784	0.607506	0.607506	2.256463	2.018469	0.607506	
118000	-119141	1,2,2,3,4,5	69.968987	5.193578	4.584956	4.584956	6.240172	5.321434	5.974256	1,2,3,4,1,2	71.685367	0.485643	0.037368	0.387741	0.089248	0.113471	0.370836	0.206615	0.309078	0.031087	0.650790	0.227239	0.090883	0.203463	0.286892	0.149505	0.360141	0.485643	0.037368	0.387741	0.089248	0.113471	0.370836	0.206615	0.309078	1,2,2,3,4,1	69.190540	0.151654	0.212878	0.273133	0.212280	0.094318	0.055738	0.098502	0.074103	0.181356	0.159815	0.437281	0.048942	0.098502	0.074103	0.181356	0.159815	0.437281	0.048942	0.204064	0.146286	0.062481	0.064815	0.120196	0.402158	0.300034	0.125656	0.221388	0.023187	0.298980	0.030754	0.151654	0.212878	0.273133	0.212280	0.094318	0.055738	1,2,3,4,4,5	71.019211	0.566486	0.583279	0.661798	1.904117	1.904117	0.542602	
119000	-115818	1,2,3,4,4,5	70.026491	4.565121	5.425424	6.162029	5.017239	5.017239	6.153992	1,2,3,4,1,2	72.023018	0.476253	0.069658	0.358294	0.095795	0.122160	0.327817	0.189420	0.360604	0.042225	0.611275	0.140240	0.206260	0.039685	0.081408	0.162632	0.716275	0.476253	0.069658	0.358294	0.095795	0.122160	0.327817	0.189420	0.360604	1,2,3,1,4,5	72.117060	0.011234	0.306407	0.312475	0.155664	0.014047	0.200172	0.025067	0.386524	0.251739	0.019486	0.188615	0.128569	0.271951	0.033318	0.090865	0.226079	0.134585	0.243202	0.011234	0.306407	0.312475	0.155664	0.014047	0.200172	0.071671	0.150444	0.378798	0.007556	0.320297	0.071234	0.068252	0.544922	0.262181	0.071890	0.017606	0.035148	1,1,2,3,4,2	69.639219	0.619288	0.619288	0.581975	3.201629	2.198285	0.581975	
120000	-117752	1,2,3,1,2,4	71.172004	4.374569	5.051617	5.919003	4.374569	5.051617	6.714419	1,2,3,4,5,4	70.007635	0.182862	0.154818	0.379413	0.282907	0.109455	0.464067	0.061689	0.364789	0.020698	0.587820	0.272497	0.118985	0.076010	0.250856	0.329909	0.343225	0.278344	0.104298	0.315479	0.301879	0.076010	0.250856	0.329909	0.343225	1,2,3,4,1,4	70.848089	0.075301	0.235902	0.327685	0.068932	0.261387	0.030793	0.113533	0.041898	0.343789	0.010219	0.195128	0.295432	0.034239	0.045381	0.026590	0.474766	0.321645	0.097380	0.009528	0.149316	0.569488	0.123549	0.033618	0.114502	0.075301	0.235902	0.327685	0.068932	0.261387	0.030793	0.009528	0.149316	0.569488	0.123549	0.033618	0.114502	1,2,3,4,5,2	71.152138	0.754739	0.623585	0.561063	1.920131	2.018164	0.623585	
121000	-116043	1,1,1,2,3,4	70.648654	4.554509	4.554509	4.554509	5.559416	5.785503	6.081323	1,2,3,4,1,5	70.556165	0.481006	0.046922	0.298535	0.173537	0.066627	0.335111	0.213009	0.385253	0.023236	0.292915	0.558924	0.124925	0.055354	0.110266	0.165020	0.669360	0.481006	0.046922	0.298535	0.173537	0.167370	0.226770	0.281474	0.324385	1,2,3,4,3,1	71.471582	0.171872	0.248070	0.277021	0.122054	0.066661	0.114322	0.145029	0.078124	0.445058	0.039015	0.265204	0.027571	0.126936	0.230624	0.257404	0.138847	0.216203	0.029985	0.318502	0.159173	0.236954	0.062863	0.065523	0.156984	0.126936	0.230624	0.257404	0.138847	0.216203	0.029985	0.171872	0.248070	0.277021	0.122054	0.066661	0.114322	1,2,3,4,5,6	72.416907	0.555224	0.613762	0.606207	1.983334	2.120419	0.625913	
122000	-117091	1,2,3,1,4,5	71.895151	4.755369	5.395636	5.042193	4.755369	5.548111	6.745542	1,2,3,4,1,5	70.324142	0.681750	0.024752	0.183248	0.110251	0.162271	0.313756	0.150749	0.373223	0.035794	0.463255	0.442181	0.058770	0.233491	0.100897	0.061624	0.603988	0.681750	0.024752	0.183248	0.110251	0.054884	0.185817	0.400483	0.358816	1,2,3,4,5,5	71.400117	0.129927	0.111653	0.168777	0.133491	0.397510	0.058642	0.047260	0.176701	0.322451	0.146384	0.268301	0.038902	0.121695	0.338707	0.053675	0.319192	0.152035	0.014697	0.137450	0.058506	0.124456	0.092744	0.037891	0.548953	0.018842	0.356877	0.370390	0.106956	0.026272	0.120662	0.018842	0.356877	0.370390	0.106956	0.026272	0.120662	1,2,1,3,4,5	70.570793	0.578498	0.596942	0.578498	1.733403	2.251210	0.609249	
123000	-117213	1,1,2,1,3,4	70.083835	4.117851	4.117851	6.394276	4.117851	5.575577	6.616772	1,2,3,4,1,5	71.298492	0.513891	0.023028	0.291083	0.171998	0.268263	0.283192	0.117592	0.330953	0.076809	0.410888	0.462042	0.050260	0.217580	0.045696	0.226326	0.510398	0.513891	0.023028	0.291083	0.171998	0.350739	0.244614	0.271461	0.133186	1,2,2,3,4,2	72.061201	0.131733	0.165066	0.272347	0.242628	0.140098	0.048129	0.008434	0.183412	0.288054	0.149280	0.155691	0.215129	0.008434	0.183412	0.288054	0.149280	0.155691	0.215129	0.194837	0.014130	0.300308	0.000380	0.132463	0.357883	0.054515	0.430998	0.249767	0.190734	0.070808	0.003179	0.008434	0.183412	0.288054	0.149280	0.155691	0.215129	1,1,2,3,4,5	70.301634	0.575779	0.575779	0.623019	1.570238	2.115467	0.704543	
124000	-118218	1,1,2,1,1,3	71.045965	4.522477	4.522477	7.033907	4.522477	4.522477	6.313826	1,2,3,4,5,4	72.673541	0.499191	0.118223	0.329165	0.053421	0.044802	0.507950	0.138141	0.309107	0.002132	0.649722	0.297237	0.050910	0.111429	0.233766	0.212088	0.442718	0.258863	0.196555	0.244886	0.299697	0.111429	0.233766	0.212088	0.442718	1,1,2,3,4,4	71.157153	0.023866	0.196309	0.377021	0.023742	0.143122	0.235939	0.023866	0.196309	0.377021	0.023742	0.143122	0.235939	0.206394	0.197059	0.059249	0.341703	0.108420	0.087175	0.001250	0.143241	0.339993	0.097094	0.051313	0.367109	0.256540	0.379502	0.152049	0.048444	0.098539	0.064926	0.256540	0.379502	0.152049	0.048444	0.098539	0.064926	1,2,1,3,4,5	71.806407	0.620940	0.631012	0.620940	1.879196	1.933649	0.533115	
125000	-117405	1,2,1,1,3,4	72.972857	4.664765	5.099445	4.664765	4.664765	5.320894	5.883472	1,2,3,4,1,3	71.059348	0.602160	0.014431	0.172397	0.211011	0.143092	0.383584	0.141151	0.332173	0.178490	0.378958	0.265548	0.177005	0.021631	0.358842	0.138393	0.481134	0.602160	0.014431	0.172397	0.211011	0.178490	0.378958	0.265548	0.177005	1,2,3,4,2,1	70.626334	0.125406	0.173829	0.253562	0.247397	0.126961	0.072845	0.193373	0.153265	0.304439	0.022395	0.276924	0.049603	0.005777	0.180833	0.126840	0.303549	0.344203	0.038798	0.004295	0.204571	0.477006	0.087412	0.007687	0.219029	0.193373	0.153265	0.304439	0.022395	0.276924	0.049603	0.125406	0.173829	0.253562	0.247397	0.126961	0.072845	1,2,1,3,3,1	71.195009	0.585813	0.661556	0.585813	2.103248	2.103248	0.585813	
126000	-116778	1,2,3,4,5,6	72.839046	5.235056	5.104568	5.050425	4.857116	5.047507	5.765855	1,2,3,2,1,3	72.227125	0.439666	0.119776	0.342003	0.098555	0.202900	0.297106	0.143515	0.356478	0.076272	0.432412	0.358166	0.133149	0.202900	0.297106	0.143515	0.356478	0.439666	0.119776	0.342003	0.098555	0.076272	0.432412	0.358166	0.133149	1,2,3,4,1,1	71.012804	0.039255	0.191988	0.550195	0.049921	0.091726	0.076915	0.078232	0.073908	0.374576	0.012013	0.164038	0.297233	0.208704	0.012814	0.121850	0.227982	0.400727	0.027924	0.174220	0.100161	0.145381	0.018762	0.066935	0.494541	0.039255	0.191988	0.550195	0.049921	0.091726	0.076915	0.039255	0.191988	0.550195	0.049921	0.091726	0.076915	1,2,1,3,4,1	71.350707	0.641211	0.658451	0.641211	2.120332	2.221352	0.641211	
127000	-116642	1,1,2,1,3,4	72.118106	4.693074	4.693074	6.229591	4.693074	5.322009	6.185687	1,2,3,4,5,2	71.936238	0.409891	0.158209	0.277773	0.154127	0.103686	0.278880	0.291764	0.325670	0.018766	0.772434	0.144905	0.063896	0.230436	0.145655	0.268249	0.355660	0.402399	0.061148	0.219311	0.317141	0.103686	0.278880	0.291764	0.325670	1,2,3,4,5,1	70.059952	0.064985	0.427187	0.204208	0.077019	0.088753	0.137848	0.199321	0.155854	0.323255	0.043646	0.091346	0.186579	0.123293	0.150491	0.034050	0.152966	0.514519	0.024680	0.165403	0.045205	0.296477	0.073136	0.005551	0.414227	0.002478	0.287577	0.323347	0.110986	0.230123	0.045490	0.064985	0.427187	0.204208	0.077019	0.088753	0.137848	1,2,3,4,4,3	70.459968	0.594734	0.659069	0.580954	2.220987	2.220987	0.580954	
128000	-117838	1,2,3,1,4,5	72.159433	4.875641	5.103817	6.019155	4.875641	5.837762	5.812807	1,2,3,4,1,4	69.336515	0.648314	0.008416	0.201608	0.141662	0.356546	0.322029	0.054921	0.266504	0.000398	0.502934	0.439696	0.056972	0.165354	0.206032	0.316850	0.311763	0.648314	0.008416	0.201608	0.141662	0.165354	0.206032	0.316850	0.311763	1,2,3,4,2,1	71.843827	0.196986	0.245994	0.208978	0.141139	0.106729	0.100175	0.015655	0.337614	0.285183	0.020431	0.283040	0.058077	0.105040	0.075513	0.046039	0.276051	0.226843	0.270514	0.062100	0.082102	0.308673	0.169248	0.144023	0.233853	0.015655	0.337614	0.285183	0.020431	0.283040	0.058077	0.196986	0.245994	0.208978	0.141139	0.106729	0.100175	1,1,1,2,3,1	71.879900	0.606360	0.606360	0.606360	2.288929	2.419082	0.606360	
129000	-118234	1,2,3,4,5,5	72.956308	5.356271	5.429529	5.350991	5.927242	4.949414	4.949414	1,2,3,4,1,5	72.607831	0.442887	0.016028	0.424820	0.116264	0.306118	0.161630	0.026361	0.505890	0.126860	0.386110	0.439183	0.047847	0.221082	0.139588	0.265793	0.373537	0.442887	0.016028	0.424820	0.116264	0.175708	0.237620	0.399851	0.186821	1,2,3,4,1,2	70.651461	0.076218	0.098005	0.201391	0.142529	0.418785	0.063072	0.097800	0.185245	0.267202	0.050889	0.131276	0.267588	0.031422	0.236512	0.183823	0.149345	0.308800	0.090097	0.066902	0.021105	0.311181	0.054196	0.232511	0.314106	0.076218	0.098005	0.201391	0.142529	0.418785	0.063072	0.097800	0.185245	0.267202	0.050889	0.131276	0.267588	1,2,3,4,4,1	72.572117	0.568806	0.721413	0.609779	1.933208	1.933208	0.568806	
130000	-117830	1,2,1,1,3,1	71.898601	4.787565	5.757750	4.787565	4.787565	5.139623	4.787565	1,2,3,4,1,5	71.670406	0.362714	0.056942	0.413031	0.167313	0.172992	0.348614	0.103908	0.374486	0.015342	0.296149	0.620744	0.067765	0.103134	0.025323	0.342068	0.529475	0.362714	0.056942	0.413031	0.167313	0.126534	0.190017	0.631038	0.052410	1,2,3,4,1,5	70.423246	0.091192	0.212437	0.269133	0.086275	0.315798	0.025166	0.106339	0.368401	0.202701	0.041904	0.063249	0.217405	0.047644	0.102248	0.092004	0.323831	0.374999	0.059275	0.084025	0.046127	0.312057	0.222911	0.040057	0.294823	0.091192	0.212437	0.269133	0.086275	0.315798	0.025166	0.195982	0.055984	0.420158	0.121372	0.045312	0.161193	1,2,1,3,4,5	71.633235	0.547630	0.949615	0.547630	2.351588	2.048725	0.541755	
131000	-118137	1,2,3,1,4,5	71.752345	4.780574	6.559933	6.083654	4.780574	5.404826	5.664343	1,2,3,2,1,4	70.785522	0.469071	0.102568	0.254956	0.173406	0.265636	0.129109	0.159243	0.446012	0.170568	0.482013	0.209723	0.137696	0.265636	0.129109	0.159243	0.446012	0.469071	0.102568	0.254956	0.173406	0.084386	0.148607	0.632427	0.134580	1,1,2,3,1,4	70.082496	0.027517	0.272997	0.329629	0.025430	0.167626	0.176801	0.027517	0.272997	0.329629	0.025430	0.167626	0.176801	0.089546	0.122977	0.115961	0.150177	0.361662	0.159677	0.031088	0.031615	0.169640	0.078585	0.108487	0.580585	0.027517	0.272997	0.329629	0.025430	0.167626	0.176801	0.374366	0.203325	0.066532	0.133530	0.164245	0.058003	1,2,2,3,3,2	73.457138	0.633941	0.624846	0.624846	2.185232	2.185232	0.624846	
132000	-115966	1,2,3,1,4,5	72.130589	4.898844	4.866952	5.029402	4.898844	5.692121	5.594200	1,2,3,4,1,3	72.932735	0.505340	0.016556	0.366968	0.111137	0.109144	0.411806	0.115302	0.363748	0.142904	0.480645	0.179136	0.197315	0.181754	0.009752	0.016026	0.792469	0.505340	0.016556	0.366968	0.111137	0.142904	0.480645	0.179136	0.197315	1,2,3,4,3,5	71.354838	0.028469	0.222673	0.279622	0.229318	0.007413	0.232505	0.252532	0.111518	0.297071	0.057094	0.099623	0.182163	0.034687	0.079186	0.173591	0.394582	0.308811	0.009142	0.422043	0.001867	0.050943	0.228711	0.031093	0.265343	0.034687	0.079186	0.173591	0.394582	0.308811	0.009142	0.145090	0.430998	0.025894	0.117631	0.047692	0.232695	1,2,3,4,4,2	71.342650	0.572401	0.631314	0.623404	1.966076	1.966076	0.631314	
133000	-116186	1,1,2,3,4,5	70.851609	5.068515	5.068515	5.918564	6.063391	5.657608	6.405021	1,2,3,4,1,2	72.328395	0.521237	0.010968	0.307763	0.160031	0.183972	0.246902	0.172867	0.396259	0.299706	0.361459	0.215235	0.123600	0.062832	0.046801	0.158644	0.731722	0.521237	0.010968	0.307763	0.160031	0.183972	0.246902	0.172867	0.396259	1,2,3,4,5,1	70.302198	0.122249	0.202558	0.321466	0.220725	0.044024	0.088978	0.103044	0.159489	0.218278	0.053546	0.190000	0.275642	0.012667	0.046324	0.552130	0.257453	0.078377	0.053050	0.115442	0.030352	0.444117	0.102963	0.050891	0.256235	0.108242	0.117162	0.340009	0.099569	0.274397	0.060621	0.122249	0.202558	0.321466	0.220725	0.044024	0.088978	1,1,2,3,3,2	73.879511	0.577228	0.577228	0.619547	1.946187	1.946187	0.619547	
134000	-118746	1,1,2,3,4,1	71.662366	4.102668	4.102668	5.964657	5.136672	5.159512	4.102668	1,2,3,1,1,4	68.079742	0.326406	0.036942	0.184651	0.452001	0.070511	0.673672	0.046515	0.209302	0.003062	0.390471	0.390969	0.215498	0.326406	0.036942	0.184651	0.452001	0.326406	0.036942	0.184651	0.452001	0.107170	0.255685	0.235103	0.402042	1,2,3,4,5,2	70.917624	0.095403	0.220662	0.306826	0.115645	0.243943	0.017520	0.033301	0.445576	0.239506	0.074788	0.082091	0.124738	0.214570	0.035938	0.044256	0.237904	0.296159	0.171174	0.062529	0.022452	0.122208	0.028495	0.243814	0.520503	0.148257	0.428131	0.215393	0.028094	0.156426	0.023699	0.033301	0.445576	0.239506	0.074788	0.082091	0.124738	1,2,3,4,5,6	71.092883	0.556664	0.518796	0.574951	1.428854	1.916990	0.486629	
135000	-117442	1,2,3,1,4,5	72.125054	4.962741	5.509901	5.535644	4.962741	5.407073	5.986254	1,2,3,4,4,5	70.505722	0.289555	0.050510	0.579582	0.080353	0.338187	0.164343	0.153303	0.344167	0.043436	0.418385	0.379199	0.158980	0.388575	0.030415	0.203427	0.377582	0.388575	0.030415	0.203427	0.377582	0.096175	0.271062	0.445293	0.187470	1,2,3,4,5,6	72.709415	0.124434	0.152404	0.184637	0.415263	0.003319	0.119942	0.027419	0.057132	0.434869	0.148446	0.207439	0.124696	0.034764	0.046893	0.217411	0.362596	0.278417	0.059918	0.034635	0.143283	0.054052	0.082590	0.123051	0.562390	0.102029	0.256862	0.213941	0.005532	0.416197	0.005440	0.247057	0.292595	0.153558	0.075078	0.161712	0.069999	1,2,3,4,5,6	72.306614	0.492201	0.582055	0.610473	1.230528	2.227800	0.538344	
136000	-117700	1,2,1,3,2,4	71.508934	4.973310	5.401637	4.973310	6.433057	5.401637	5.443776	1,2,3,4,1,5	72.333118	0.430115	0.011999	0.386184	0.171702	0.141208	0.354982	0.166672	0.337137	0.025939	0.845172	0.057953	0.070937	0.400596	0.078041	0.170652	0.350711	0.430115	0.011999	0.386184	0.171702	0.194138	0.208291	0.318608	0.278963	1,2,3,2,4,3	71.500661	0.109190	0.147070	0.101413	0.338705	0.281391	0.022230	0.115317	0.101943	0.228107	0.093060	0.091937	0.369636	0.048799	0.293895	0.089906	0.206247	0.239604	0.121549	0.115317	0.101943	0.228107	0.093060	0.091937	0.369636	0.140676	0.062711	0.103910	0.201137	0.485510	0.006056	0.048799	0.293895	0.089906	0.206247	0.239604	0.121549	1,2,3,4,5,6	70.727477	0.515156	0.602418	0.592839	1.248818	1.858612	0.601410	
137000	-117021	1,2,1,3,4,3	69.644126	4.491825	5.275652	4.491825	5.530713	5.735769	5.530713	1,2,3,4,5,3	71.751046	0.480834	0.160018	0.222414	0.136734	0.171610	0.296572	0.028535	0.503283	0.064160	0.360150	0.352517	0.223173	0.233081	0.002844	0.051152	0.712923	0.573073	0.078016	0.172411	0.176499	0.064160	0.360150	0.352517	0.223173	1,2,3,4,1,1	71.648634	0.121530	0.307229	0.321291	0.067766	0.097331	0.084854	0.035854	0.101005	0.029505	0.392772	0.115723	0.325141	0.026123	0.285055	0.074802	0.333208	0.240988	0.039824	0.041807	0.401454	0.143530	0.026212	0.164237	0.222760	0.121530	0.307229	0.321291	0.067766	0.097331	0.084854	0.121530	0.307229	0.321291	0.067766	0.097331	0.084854	1,2,3,4,4,1	72.288960	0.620891	0.620928	0.631052	2.650181	2.650181	0.620891	
138000	-116427	1,1,1,2,3,2	71.373002	4.825373	4.825373	4.825373	5.339161	5.694568	5.339161	1,2,3,2,1,3	69.199878	0.479396	0.010913	0.289097	0.220594	0.109595	0.194757	0.137682	0.557966	0.209906	0.362214	0.220272	0.207608	0.109595	0.194757	0.137682	0.557966	0.479396	0.010913	0.289097	0.220594	0.209906	0.362214	0.220272	0.207608	1,2,1,3,1,4	72.607250	0.028681	0.143919	0.148706	0.309209	0.350236	0.019250	0.073961	0.358241	0.152400	0.073440	0.243916	0.098043	0.028681	0.143919	0.148706	0.309209	0.350236	0.019250	0.181815	0.160548	0.291258	0.013923	0.028718	0.323738	0.028681	0.143919	0.148706	0.309209	0.350236	0.019250	0.087214	0.152207	0.339676	0.118446	0.065442	0.237016	1,2,3,4,5,2	72.775256	0.560300	0.636633	0.680787	2.497908	2.179125	0.636633	
139000	-116831	1,1,1,1,2,3	72.063085	4.756897	4.756897	4.756897	4.756897	5.727872	6.169587	1,2,3,4,1,5	71.600211	0.469061	0.049718	0.270545	0.210676	0.238141	0.224869	0.157558	0.379432	0.139258	0.454634	0.325786	0.080321	0.185654	0.067513	0.166556	0.580277	0.469061	0.049718	0.270545	0.210676	0.145298	0.278624	0.487802	0.088276	1,2,1,3,1,1	70.738736	0.053717	0.358375	0.193479	0.196280	0.122978	0.075172	0.043559	0.285904	0.185390	0.011825	0.248565	0.224757	0.053717	0.358375	0.193479	0.196280	0.122978	0.075172	0.230276	0.081581	0.272585	0.173209	0.046768	0.195581	0.053717	0.358375	0.193479	0.196280	0.122978	0.075172	0.053717	0.358375	0.193479	0.196280	0.122978	0.075172	1,1,2,3,3,4	69.728880	0.644516	0.644516	0.651613	2.856890	2.856890	0.577282	
140000	-116354	1,1,2,3,2,4	72.144995	5.107945	5.107945	4.633163	6.556766	4.633163	5.273170	1,2,3,4,5,1	70.814756	0.267991	0.095139	0.426809	0.210061	0.095081	0.614115	0.031214	0.259590	0.069578	0.304356	0.547735	0.078331	0.126309	0.005838	0.129190	0.738664	0.345515	0.268321	0.151327	0.234836	0.267991	0.095139	0.426809	0.210061	1,2,3,4,2,5	70.660062	0.004876	0.293313	0.268806	0.076908	0.231660	0.124437	0.030751	0.518119	0.252914	0.002274	0.094468	0.101474	0.241282	0.026159	0.089403	0.236706	0.399167	0.007283	0.123599	0.023391	0.177625	0.189838	0.277654	0.207893	0.030751	0.518119	0.252914	0.002274	0.094468	0.101474	0.109980	0.058620	0.178317	0.312898	0.157428	0.182758	1,1,2,3,4,2	71.712811	0.646356	0.646356	0.641899	2.066337	3.510059	0.641899	
141000	-116081	1,1,1,2,2,3	72.005990	4.439049	4.439049	4.439049	5.438384	5.438384	6.267038	1,2,2,3,4,2	69.270513	0.429480	0.257813	0.293210	0.019497	0.090846	0.424792	0.251698	0.232664	0.090846	0.424792	0.251698	0.232664	0.155071	0.157123	0.093796	0.594010	0.467055	0.051909	0.370562	0.110474	0.090846	0.424792	0.251698	0.232664	1,2,3,4,5,1	69.095701	0.036759	0.174073	0.548830	0.060728	0.099019	0.080590	0.104621	0.248749	0.285807	0.017283	0.173946	0.169594	0.106962	0.066794	0.095691	0.541938	0.149562	0.039053	0.058742	0.012965	0.388043	0.008904	0.010476	0.520870	0.026440	0.205271	0.435249	0.053599	0.258964	0.020477	0.036759	0.174073	0.548830	0.060728	0.099019	0.080590	1,2,3,4,4,5	71.212145	0.510364	0.637829	0.599902	2.272190	2.272190	0.647678	
142000	-118279	1,2,3,1,4,5	72.946552	4.954210	5.706164	5.816096	4.954210	5.181270	5.816185	1,2,3,4,1,5	71.857248	0.412652	0.164512	0.258857	0.163978	0.376097	0.333704	0.029961	0.260239	0.264884	0.446645	0.229052	0.059419	0.014903	0.057574	0.110603	0.816920	0.412652	0.164512	0.258857	0.163978	0.177691	0.219414	0.265618	0.337277	1,2,3,4,5,1	71.404897	0.091971	0.327356	0.278591	0.026417	0.143847	0.131818	0.008232	0.146134	0.115499	0.030052	0.333000	0.367083	0.040834	0.058494	0.117886	0.165869	0.323181	0.293736	0.286064	0.094460	0.233077	0.003309	0.070666	0.312423	0.004905	0.412470	0.358375	0.141527	0.050946	0.031777	0.091971	0.327356	0.278591	0.026417	0.143847	0.131818	1,2,3,4,4,2	71.198219	0.635401	0.611649	0.562802	1.844800	1.844800	0.611649	
143000	-116716	1,2,1,1,3,4	71.965524	4.735998	5.669105	4.735998	4.735998	5.813532	6.509089	1,2,3,4,1,5	69.315825	0.462352	0.024385	0.337151	0.176112	0.117867	0.380675	0.110584	0.390874	0.088986	0.287703	0.422592	0.200719	0.056975	0.258349	0.218134	0.466542	0.462352	0.024385	0.337151	0.176112	0.116948	0.206569	0.355245	0.321239	1,2,3,4,1,1	72.952219	0.163324	0.307610	0.273583	0.136060	0.059870	0.059553	0.170466	0.017687	0.398186	0.062647	0.173844	0.177171	0.048512	0.450338	0.072627	0.249774	0.155915	0.022835	0.099474	0.373347	0.321017	0.017270	0.035092	0.153800	0.163324	0.307610	0.273583	0.136060	0.059870	0.059553	0.163324	0.307610	0.273583	0.136060	0.059870	0.059553	1,2,2,3,3,1	69.999368	0.556604	0.754090	0.754090	2.228002	2.228002	0.556604	
144000	-115711	1,2,1,1,3,4	72.478012	4.925481	5.644305	4.925481	4.925481	5.427718	5.370110	1,2,3,4,5,3	73.865957	0.221580	0.127614	0.539810	0.110997	0.302189	0.295825	0.050893	0.351093	0.060646	0.404377	0.296359	0.238618	0.303197	0.007141	0.132783	0.556879	0.492975	0.080393	0.204230	0.222403	0.060646	0.404377	0.296359	0.238618	1,1,2,2,3,3	73.548342	0.044031	0.189859	0.229496	0.095581	0.307212	0.133821	0.044031	0.189859	0.229496	0.095581	0.307212	0.133821	0.064836	0.009152	0.163302	0.381224	0.124144	0.257342	0.064836	0.009152	0.163302	0.381224	0.124144	0.257342	0.014253	0.439568	0.306612	0.069864	0.104840	0.064864	0.014253	0.439568	0.306612	0.069864	0.104840	0.064864	1,2,3,4,4,5	73.008876	0.628421	0.619440	0.651775	2.223415	2.223415	0.606159	
145000	-116304	1,2,3,2,4,2	70.146442	5.087132	4.733118	5.041036	4.733118	5.763408	4.733118	1,2,3,4,1,5	70.206836	0.542444	0.032323	0.296599	0.128634	0.355025	0.301988	0.110355	0.232631	0.071826	0.688302	0.167283	0.072589	0.034093	0.214405	0.195014	0.556488	0.542444	0.032323	0.296599	0.128634	0.034013	0.541680	0.316901	0.107406	1,1,2,3,4,3	72.562653	0.153325	0.205120	0.271376	0.029640	0.232517	0.108022	0.153325	0.205120	0.271376	0.029640	0.232517	0.108022	0.054249	0.114509	0.282694	0.162877	0.179729	0.205942	0.061671	0.246436	0.412352	0.058709	0.010488	0.210344	0.056639	0.148369	0.211034	0.325822	0.248418	0.009718	0.061671	0.246436	0.412352	0.058709	0.010488	0.210344	1,2,3,4,5,2	72.392113	0.531724	0.707482	0.556653	2.218706	2.093754	0.707482	
146000	-117142	1,2,3,3,1,4	70.841733	5.325148	5.012137	4.918051	4.918051	5.325148	5.829526	1,2,3,4,1,5	71.936337	0.456475	0.046032	0.352637	0.144855	0.132236	0.276233	0.252455	0.339076	0.061515	0.345569	0.486879	0.106037	0.144580	0.144228	0.016559	0.694633	0.456475	0.046032	0.352637	0.144855	0.043920	0.169852	0.475155	0.311073	1,2,2,3,1,1	71.732078	0.181130	0.238900	0.323276	0.083218	0.128042	0.045435	0.005270	0.093868	0.225662	0.244238	0.358077	0.072886	0.005270	0.093868	0.225662	0.244238	0.358077	0.072886	0.169688	0.251805	0.210645	0.001378	0.041282	0.325202	0.181130	0.238900	0.323276	0.083218	0.128042	0.045435	0.181130	0.238900	0.323276	0.083218	0.128042	0.045435	1,2,3,4,5,6	72.784641	0.555457	0.611556	0.593909	2.019962	1.973414	0.662020	
147000	-115707	1,2,3,4,5,5	73.063503	5.072615	5.682974	6.054833	5.181070	5.609939	5.609939	1,2,3,4,1,3	70.608140	0.476758	0.009459	0.361727	0.152057	0.185132	0.293565	0.115778	0.405526	0.069728	0.457687	0.275645	0.196940	0.144894	0.012108	0.340179	0.502818	0.476758	0.009459	0.361727	0.152057	0.069728	0.457687	0.275645	0.196940	1,2,3,3,4,2	71.629200	0.169239	0.236722	0.140527	0.371189	0.015415	0.066909	0.075742	0.222444	0.337397	0.071381	0.088493	0.204542	0.240463	0.023319	0.149743	0.353679	0.160089	0.072707	0.240463	0.023319	0.149743	0.353679	0.160089	0.072707	0.110293	0.171565	0.205050	0.064482	0.338592	0.110018	0.075742	0.222444	0.337397	0.071381	0.088493	0.204542	1,2,2,3,3,2	71.583133	0.581976	0.703873	0.703873	2.070527	2.070527	0.703873	
148000	-117702	1,1,1,1,2,3	71.637619	4.336067	4.336067	4.336067	4.336067	5.760610	6.123493	1,2,2,3,4,5	72.215312	0.361252	0.050880	0.380741	0.207127	0.173845	0.502835	0.120565	0.202755	0.173845	0.502835	0.120565	0.202755	0.113315	0.183265	0.347858	0.355561	0.513017	0.041942	0.313750	0.131290	0.148393	0.174394	0.443410	0.233803	1,2,3,4,1,1	72.796654	0.069959	0.285267	0.271443	0.176150	0.123220	0.073960	0.014948	0.138454	0.228895	0.036687	0.295192	0.285825	0.066260	0.136665	0.318390	0.390316	0.086952	0.001418	0.112122	0.020923	0.493643	0.136926	0.118161	0.118226	0.069959	0.285267	0.271443	0.176150	0.123220	0.073960	0.069959	0.285267	0.271443	0.176150	0.123220	0.073960	1,2,3,4,5,1	72.180346	0.584043	0.813755	0.634734	1.527792	2.882563	0.584043	
149000	-116952	1,2,2,3,2,4	71.935126	5.501671	4.942331	4.942331	5.431866	4.942331	5.671412	1,2,3,4,1,5	72.005209	0.411455	0.054045	0.446090	0.088410	0.307938	0.349706	0.102330	0.240026	0.039541	0.582451	0.110416	0.267591	0.081262	0.130960	0.285514	0.502264	0.411455	0.054045	0.446090	0.088410	0.140449	0.245212	0.533676	0.080663	1,2,3,1,4,2	71.968545	0.062488	0.175519	0.350236	0.242129	0.013935	0.155692	0.088505	0.280206	0.257684	0.084255	0.159885	0.129465	0.026284	0.341199	0.295550	0.190659	0.055479	0.090830	0.062488	0.175519	0.350236	0.242129	0.013935	0.155692	0.038420	0.222378	0.442590	0.017450	0.137780	0.141382	0.088505	0.280206	0.257684	0.084255	0.159885	0.129465	1,2,2,3,4,2	72.075353	0.559858	0.671722	0.671722	2.408437	2.132759	0.671722	
150000	-118019	1,1,2,3,4,5	71.985639	5.103591	5.103591	6.065115	4.932739	5.192520	5.880276	1,2,3,4,5,6	73.084403	0.377499	0.056855	0.487240	0.078406	0.266966	0.336820	0.147576	0.248637	0.016493	0.536135	0.331505	0.115867	0.376479	0.026117	0.292069	0.305335	0.551106	0.074171	0.308033	0.066690	0.236760	0.208989	0.416768	0.137483	1,1,2,1,1,1	71.350090	0.042707	0.187190	0.361800	0.109633	0.211851	0.086820	0.042707	0.187190	0.361800	0.109633	0.211851	0.086820	0.098628	0.043438	0.048391	0.373541	0.434139	0.001863	0.042707	0.187190	0.361800	0.109633	0.211851	0.086820	0.042707	0.187190	0.361800	0.109633	0.211851	0.086820	0.042707	0.187190	0.361800	0.109633	0.211851	0.086820	1,2,3,4,4,5	72.128099	0.633341	0.739170	0.625162	1.802731	1.802731	0.683242	
151000	-117280	1,1,1,2,3,4	72.368099	4.384965	4.384965	4.384965	5.940004	5.159369	5.316065	1,2,3,2,1,3	71.025493	0.561110	0.034969	0.105969	0.297952	0.116420	0.086361	0.107973	0.689246	0.063538	0.433905	0.248352	0.254205	0.116420	0.086361	0.107973	0.689246	0.561110	0.034969	0.105969	0.297952	0.063538	0.433905	0.248352	0.254205	1,2,1,3,2,2	70.678908	0.064381	0.249175	0.058480	0.447630	0.163072	0.017262	0.074993	0.530617	0.157368	0.066452	0.081050	0.089521	0.064381	0.249175	0.058480	0.447630	0.163072	0.017262	0.144911	0.195498	0.307614	0.070762	0.045305	0.235911	0.074993	0.530617	0.157368	0.066452	0.081050	0.089521	0.074993	0.530617	0.157368	0.066452	0.081050	0.089521	1,1,2,3,4,2	71.122483	0.574913	0.574913	0.603000	3.176498	2.131758	0.603000	
152000	-118462	1,2,3,4,2,2	71.102066	5.336649	5.454067	5.672722	5.712918	5.454067	5.454067	1,2,3,4,5,3	70.908104	0.237517	0.017152	0.585392	0.159939	0.135998	0.223141	0.187388	0.453473	0.253342	0.350626	0.263463	0.132569	0.048347	0.079106	0.032412	0.840135	0.275872	0.003256	0.518764	0.202108	0.253342	0.350626	0.263463	0.132569	1,2,3,2,1,3	70.394397	0.092282	0.268880	0.263487	0.111632	0.203310	0.060410	0.058081	0.110667	0.461812	0.042996	0.104338	0.222106	0.024425	0.253602	0.131690	0.236993	0.217187	0.136104	0.058081	0.110667	0.461812	0.042996	0.104338	0.222106	0.092282	0.268880	0.263487	0.111632	0.203310	0.060410	0.024425	0.253602	0.131690	0.236993	0.217187	0.136104	1,1,1,2,2,3	70.828245	0.594795	0.594795	0.594795	1.975369	1.975369	0.564062	
153000	-119312	1,2,1,2,3,4	71.779835	4.948797	4.705449	4.948797	4.705449	5.420850	5.035138	1,2,2,1,1,2	71.887377	0.406039	0.024046	0.403224	0.166691	0.104712	0.456228	0.222357	0.216702	0.104712	0.456228	0.222357	0.216702	0.406039	0.024046	0.403224	0.166691	0.406039	0.024046	0.403224	0.166691	0.104712	0.456228	0.222357	0.216702	1,2,1,3,4,5	70.469141	0.043874	0.208653	0.240986	0.261242	0.134021	0.111225	0.030040	0.357620	0.336313	0.024996	0.084675	0.166357	0.043874	0.208653	0.240986	0.261242	0.134021	0.111225	0.294069	0.010641	0.100684	0.328436	0.106598	0.159572	0.052943	0.134788	0.142564	0.413415	0.208493	0.047797	0.089194	0.273806	0.230879	0.149777	0.165806	0.090537	1,2,3,4,5,6	69.398582	0.585839	0.759725	0.596446	0.777837	2.496183	0.600613	
154000	-117776	1,2,3,4,5,2	72.183573	4.716020	4.977574	5.609680	5.993474	5.971636	4.977574	1,2,3,4,5,6	71.542196	0.637221	0.080040	0.232432	0.050307	0.140092	0.436028	0.171861	0.252018	0.208418	0.437911	0.280952	0.072719	0.276936	0.020360	0.392660	0.310044	0.409704	0.115942	0.288792	0.185562	0.107655	0.325279	0.272085	0.294981	1,2,3,4,5,5	70.128624	0.111747	0.212028	0.396641	0.095169	0.099328	0.085088	0.077623	0.025353	0.442540	0.027781	0.238475	0.188229	0.008870	0.189335	0.000037	0.419636	0.329697	0.052425	0.205510	0.036694	0.079206	0.498647	0.095381	0.084561	0.020581	0.406405	0.204542	0.245760	0.079738	0.042975	0.020581	0.406405	0.204542	0.245760	0.079738	0.042975	1,2,1,3,4,5	72.136454	0.556407	0.621233	0.556407	2.037520	2.260780	0.676908	
155000	-117438	1,2,3,1,4,5	70.978086	4.361233	5.346379	5.480677	4.361233	5.391817	6.431256	1,2,3,2,4,5	69.652176	0.378551	0.016474	0.518947	0.086028	0.170077	0.214573	0.177151	0.438200	0.053690	0.336873	0.374222	0.235216	0.170077	0.214573	0.177151	0.438200	0.701982	0.085707	0.135458	0.076853	0.072743	0.276399	0.538863	0.111995	1,1,2,3,2,1	72.853474	0.074050	0.222240	0.342096	0.024075	0.159523	0.178015	0.074050	0.222240	0.342096	0.024075	0.159523	0.178015	0.005237	0.485142	0.208516	0.213085	0.086964	0.001056	0.094750	0.007906	0.359795	0.021856	0.077889	0.437805	0.005237	0.485142	0.208516	0.213085	0.086964	0.001056	0.074050	0.222240	0.342096	0.024075	0.159523	0.178015	1,2,1,3,4,1	73.633730	0.593667	0.622554	0.593667	1.632831	3.262551	0.593667	
156000	-116165	1,2,1,3,4,5	71.894988	3.817153	5.421420	3.817153	5.834225	5.637324	6.260535	1,2,2,3,1,2	69.990016	0.456256	0.105124	0.190391	0.248230	0.162386	0.321003	0.236412	0.280199	0.162386	0.321003	0.236412	0.280199	0.142335	0.085632	0.154306	0.617728	0.456256	0.105124	0.190391	0.248230	0.162386	0.321003	0.236412	0.280199	1,2,3,4,1,1	69.956792	0.050636	0.370394	0.215288	0.186686	0.116383	0.060613	0.022096	0.208732	0.350084	0.025983	0.254347	0.138758	0.072927	0.002379	0.138759	0.558100	0.139353	0.088482	0.279199	0.109828	0.201689	0.208416	0.041198	0.159671	0.050636	0.370394	0.215288	0.186686	0.116383	0.060613	0.050636	0.370394	0.215288	0.186686	0.116383	0.060613	1,2,2,3,4,1	72.116318	0.587670	0.778878	0.778878	1.965429	2.031952	0.587670	
157000	-115031	1,2,3,4,1,5	71.815970	5.166683	5.000892	5.497696	5.367020	5.166683	5.542737	1,2,3,4,1,5	72.535079	0.414567	0.086026	0.386186	0.113222	0.089118	0.359448	0.116897	0.434537	0.022228	0.389676	0.501110	0.086986	0.037105	0.024653	0.065642	0.872600	0.414567	0.086026	0.386186	0.113222	0.074975	0.540409	0.281812	0.102804	1,1,2,3,1,1	71.896370	0.038466	0.295219	0.402075	0.027326	0.079769	0.157144	0.038466	0.295219	0.402075	0.027326	0.079769	0.157144	0.001095	0.021779	0.217407	0.242786	0.405552	0.111380	0.102481	0.233445	0.231928	0.017392	0.151714	0.263040	0.038466	0.295219	0.402075	0.027326	0.079769	0.157144	0.038466	0.295219	0.402075	0.027326	0.079769	0.157144	1,2,1,3,4,1	71.316749	0.644900	0.654433	0.644900	2.047317	2.072555	0.644900	
158000	-115478	1,1,2,3,4,5	71.382686	4.566355	4.566355	5.509954	5.451928	5.317737	5.964701	1,2,3,4,5,3	70.069365	0.267655	0.127086	0.483285	0.121974	0.326428	0.182795	0.158376	0.332401	0.047682	0.430828	0.385833	0.135656	0.052757	0.071540	0.036153	0.839550	0.574534	0.087527	0.179625	0.158314	0.047682	0.430828	0.385833	0.135656	1,1,2,3,1,4	71.329404	0.018876	0.216424	0.262713	0.106158	0.208525	0.187304	0.018876	0.216424	0.262713	0.106158	0.208525	0.187304	0.032210	0.211643	0.107267	0.288726	0.345300	0.014854	0.013674	0.477405	0.306936	0.035338	0.028160	0.138488	0.018876	0.216424	0.262713	0.106158	0.208525	0.187304	0.220366	0.274094	0.183671	0.125810	0.053503	0.142556	1,2,2,3,4,1	73.393921	0.643728	0.600792	0.600792	2.328457	2.269911	0.643728	
159000	-116853	1,2,1,3,4,5	70.550661	4.648768	5.596990	4.648768	5.755675	5.885797	5.895361	1,2,3,2,4,5	72.558512	0.545601	0.028747	0.322139	0.103513	0.086918	0.150666	0.200330	0.562086	0.033603	0.495095	0.312318	0.158985	0.086918	0.150666	0.200330	0.562086	0.491680	0.048963	0.268795	0.190562	0.102179	0.167078	0.289169	0.441573	1,2,3,4,5,1	72.260327	0.130744	0.210426	0.196994	0.206168	0.109817	0.145850	0.141690	0.132124	0.400558	0.033515	0.197864	0.094248	0.125922	0.021755	0.349398	0.329564	0.140427	0.032934	0.197098	0.014172	0.139944	0.302457	0.111693	0.234637	0.131368	0.200623	0.421092	0.035999	0.205894	0.005023	0.130744	0.210426	0.196994	0.206168	0.109817	0.145850	1,2,3,4,5,1	72.882042	0.612917	0.604307	0.558207	2.631699	1.521739	0.612917	
160000	-117364	1,2,3,4,5,3	71.757444	5.303508	5.363557	5.420740	5.384982	5.209708	5.420740	1,2,3,4,5,6	70.925663	0.320005	0.002805	0.385628	0.291562	0.183919	0.130780	0.164566	0.520736	0.073052	0.289646	0.230111	0.407190	0.173767	0.184839	0.123121	0.518273	0.348748	0.045786	0.316285	0.289181	0.042016	0.294351	0.474013	0.189620	1,2,3,4,5,5	70.119235	0.060600	0.251901	0.220869	0.443031	0.017072	0.006528	0.060593	0.028439	0.390739	0.045371	0.241642	0.233217	0.022348	0.184873	0.108793	0.465379	0.185816	0.032792	0.292538	0.184623	0.235849	0.054073	0.011292	0.221624	0.116773	0.314335	0.241071	0.110883	0.166102	0.050836	0.116773	0.314335	0.241071	0.110883	0.166102	0.050836	1,1,2,3,4,1	69.709298	0.627857	0.627857	0.602824	2.087418	2.233000	0.627857	
161000	-116174	1,2,3,4,3,5	70.586302	5.210024	5.216937	5.473510	5.640935	5.473510	4.951970	1,2,3,2,1,4	70.448453	0.383114	0.033099	0.435449	0.148337	0.162368	0.179644	0.058735	0.599253	0.033141	0.562921	0.295358	0.108579	0.162368	0.179644	0.058735	0.599253	0.383114	0.033099	0.435449	0.148337	0.050851	0.278520	0.214037	0.456592	1,2,3,4,1,5	71.835418	0.080333	0.104019	0.128606	0.157576	0.504166	0.025301	0.029317	0.003776	0.168088	0.280736	0.126877	0.391206	0.043575	0.086991	0.102612	0.391264	0.236014	0.139543	0.303357	0.014981	0.181256	0.147953	0.014412	0.338041	0.080333	0.104019	0.128606	0.157576	0.504166	0.025301	0.100429	0.350638	0.248637	0.132043	0.062113	0.106141	1,1,2,3,3,1	70.596222	0.598244	0.598244	0.512488	2.710696	2.710696	0.598244	
162000	-116970	1,2,3,3,1,4	70.069467	5.489848	5.198941	4.361126	4.361126	5.489848	6.368286	1,2,2,3,4,5	70.863569	0.380965	0.033658	0.518325	0.067052	0.098577	0.400614	0.168907	0.331903	0.098577	0.400614	0.168907	0.331903	0.170373	0.146071	0.246833	0.436723	0.580324	0.048371	0.294846	0.076459	0.145332	0.117195	0.390917	0.346556	1,2,3,4,1,1	70.878201	0.119586	0.216208	0.369780	0.096268	0.130991	0.067168	0.148065	0.156092	0.433133	0.022629	0.165883	0.074199	0.064668	0.018493	0.497333	0.202134	0.207982	0.009390	0.262070	0.000671	0.425658	0.011468	0.048008	0.252125	0.119586	0.216208	0.369780	0.096268	0.130991	0.067168	0.119586	0.216208	0.369780	0.096268	0.130991	0.067168	1,2,3,4,5,1	70.773183	0.548950	0.616476	0.649386	1.630543	1.601815	0.548950	
163000	-117181	1,2,1,3,4,5	71.938160	4.212514	5.826819	4.212514	5.307312	5.261269	5.902910	1,2,3,4,1,2	71.183937	0.444281	0.066675	0.361183	0.127862	0.224360	0.286644	0.192600	0.296396	0.130171	0.213058	0.592370	0.064401	0.293168	0.078950	0.071708	0.556175	0.444281	0.066675	0.361183	0.127862	0.224360	0.286644	0.192600	0.296396	1,2,3,4,2,1	70.246647	0.192425	0.260969	0.234430	0.108124	0.084705	0.119347	0.040995	0.211834	0.434361	0.022100	0.236706	0.054005	0.000298	0.026433	0.340031	0.286789	0.300275	0.046174	0.096022	0.093217	0.066344	0.126877	0.121849	0.495692	0.040995	0.211834	0.434361	0.022100	0.236706	0.054005	0.192425	0.260969	0.234430	0.108124	0.084705	0.119347	1,2,3,4,5,2	70.338544	0.573598	0.628768	0.665458	1.997628	1.766477	0.628768	
164000	-115851	1,2,3,1,4,5	70.588049	4.618787	6.329953	5.254431	4.618787	5.466125	5.759443	1,2,3,2,1,4	69.760978	0.479023	0.134176	0.204293	0.182509	0.230078	0.221852	0.094041	0.454029	0.081739	0.615421	0.174872	0.127968	0.230078	0.221852	0.094041	0.454029	0.479023	0.134176	0.204293	0.182509	0.063750	0.240009	0.373095	0.323147	1,2,3,4,2,1	70.567597	0.079797	0.314162	0.316920	0.152766	0.035501	0.100853	0.032881	0.332737	0.359074	0.032287	0.208269	0.034751	0.031287	0.121618	0.013818	0.298680	0.188203	0.346394	0.003577	0.108375	0.250753	0.029129	0.026443	0.581722	0.032881	0.332737	0.359074	0.032287	0.208269	0.034751	0.079797	0.314162	0.316920	0.152766	0.035501	0.100853	1,2,2,3,4,2	71.829200	0.594937	0.601968	0.601968	1.932822	2.033648	0.601968	
165000	-116998	1,2,3,4,5,6	70.904217	4.796874	5.008277	5.301153	5.092227	5.630272	6.130549	1,2,3,2,4,5	71.258702	0.317080	0.014345	0.540181	0.128394	0.271300	0.130616	0.099449	0.498635	0.137411	0.531704	0.211945	0.118940	0.271300	0.130616	0.099449	0.498635	0.507505	0.085016	0.286314	0.121165	0.178737	0.184827	0.236746	0.399691	1,2,3,4,5,6	72.926061	0.046701	0.168853	0.200902	0.477487	0.083250	0.022807	0.034765	0.192227	0.157725	0.015906	0.288791	0.310586	0.014695	0.250193	0.081308	0.258242	0.168580	0.226982	0.161012	0.203490	0.243217	0.050928	0.074387	0.266966	0.004445	0.228515	0.181355	0.138298	0.405131	0.042255	0.268421	0.103046	0.241290	0.215740	0.045757	0.125745	1,1,1,2,2,1	72.803477	0.571585	0.571585	0.571585	2.122133	2.122133	0.571585	
166000	-117281	1,2,3,4,5,6	69.338899	4.948651	4.678961	5.762583	5.587100	5.972124	5.894069	1,2,3,4,1,5	70.716072	0.555547	0.013321	0.298067	0.133064	0.101630	0.307478	0.243871	0.347021	0.071716	0.511015	0.242535	0.174735	0.046280	0.279655	0.021484	0.652581	0.555547	0.013321	0.298067	0.133064	0.124676	0.371440	0.215855	0.288028	1,2,1,3,1,2	70.870935	0.056252	0.103243	0.175224	0.302895	0.336137	0.026249	0.144315	0.240147	0.252472	0.080269	0.180171	0.102625	0.056252	0.103243	0.175224	0.302895	0.336137	0.026249	0.586766	0.139388	0.164994	0.013305	0.002031	0.093516	0.056252	0.103243	0.175224	0.302895	0.336137	0.026249	0.144315	0.240147	0.252472	0.080269	0.180171	0.102625	1,1,1,2,3,1	71.414851	0.631186	0.631186	0.631186	1.908818	2.386573	0.631186	
167000	-116862	1,2,2,3,4,4	71.527623	4.496283	5.106737	5.106737	5.027258	5.313161	5.313161	1,2,3,4,5,1	70.922716	0.256296	0.195063	0.332514	0.216127	0.168206	0.260012	0.248968	0.322813	0.223987	0.376797	0.252382	0.146834	0.023235	0.036292	0.064650	0.875823	0.320055	0.046964	0.270374	0.362607	0.256296	0.195063	0.332514	0.216127	1,2,3,4,5,6	70.481593	0.060116	0.207259	0.146177	0.147530	0.405012	0.033906	0.048122	0.086959	0.239171	0.050983	0.308225	0.266541	0.054378	0.063697	0.010873	0.292236	0.566193	0.012623	0.053814	0.095177	0.380053	0.109745	0.010005	0.351206	0.103827	0.512911	0.125395	0.101186	0.101683	0.054998	0.089623	0.193729	0.170896	0.175082	0.126309	0.244360	1,1,1,2,3,1	71.601293	0.600661	0.600661	0.600661	2.226586	1.972335	0.600661	
168000	-117987	1,2,3,3,3,3	71.747230	5.365997	5.347111	5.145348	5.145348	5.145348	5.145348	1,2,3,2,1,4	71.146101	0.386959	0.008425	0.504066	0.100551	0.198278	0.241846	0.120611	0.439265	0.114855	0.645631	0.114520	0.124994	0.198278	0.241846	0.120611	0.439265	0.386959	0.008425	0.504066	0.100551	0.240702	0.094799	0.425846	0.238653	1,1,2,3,4,2	71.368156	0.253992	0.163575	0.236214	0.072824	0.160390	0.113005	0.253992	0.163575	0.236214	0.072824	0.160390	0.113005	0.018141	0.128204	0.221630	0.302651	0.211571	0.117803	0.131513	0.156101	0.379093	0.149689	0.026676	0.156927	0.064232	0.169156	0.393590	0.149595	0.108231	0.115196	0.018141	0.128204	0.221630	0.302651	0.211571	0.117803	1,2,2,3,3,1	72.966321	0.629898	0.676600	0.676600	1.923527	1.923527	0.629898	
169000	-116485	1,2,3,4,5,6	71.078029	5.158482	5.238261	5.656009	5.438423	5.867642	6.530783	1,2,3,4,5,6	69.723625	0.506684	0.027445	0.222423	0.243447	0.163403	0.360087	0.238542	0.237968	0.064485	0.667723	0.205215	0.062578	0.050528	0.232779	0.218116	0.498577	0.542826	0.042699	0.186785	0.227690	0.128245	0.194024	0.385665	0.292066	1,2,3,4,3,4	70.840326	0.063371	0.187610	0.137422	0.114022	0.436718	0.060857	0.018913	0.153451	0.323606	0.064230	0.086689	0.353111	0.021441	0.259708	0.167705	0.229264	0.277766	0.044115	0.178118	0.200890	0.312431	0.163083	0.043697	0.101781	0.021441	0.259708	0.167705	0.229264	0.277766	0.044115	0.178118	0.200890	0.312431	0.163083	0.043697	0.101781	1,2,2,3,4,5	72.044452	0.564330	0.639586	0.639586	2.166920	2.280013	0.653649	
170000	-116846	1,2,2,2,1,3	72.242343	5.234333	4.056824	4.056824	4.056824	5.234333	6.248185	1,2,3,4,1,3	71.255093	0.548640	0.022353	0.310479	0.118527	0.288344	0.337482	0.140090	0.234084	0.040397	0.259566	0.463710	0.236327	0.317012	0.107279	0.136435	0.439274	0.548640	0.022353	0.310479	0.118527	0.040397	0.259566	0.463710	0.236327	1,2,3,4,2,5	71.290870	0.030424	0.135886	0.250286	0.124517	0.290402	0.168485	0.005280	0.175485	0.349672	0.056972	0.256798	0.155794	0.100252	0.085940	0.062132	0.250840	0.343997	0.156839	0.054209	0.029486	0.118201	0.537662	0.014878	0.245563	0.005280	0.175485	0.349672	0.056972	0.256798	0.155794	0.113908	0.165157	0.511517	0.074845	0.048007	0.086566	1,2,3,4,5,6	72.473040	0.542232	0.630971	0.591046	1.541068	1.604927	0.712569	
171000	-118434	1,2,1,3,4,5	71.850408	4.157827	5.206042	4.157827	5.967317	5.509972	6.416822	1,2,3,4,4,5	72.658156	0.486705	0.071403	0.277502	0.164390	0.140136	0.249240	0.064482	0.546143	0.035170	0.403883	0.190585	0.370362	0.487456	0.026817	0.171500	0.314226	0.487456	0.026817	0.171500	0.314226	0.177969	0.045512	0.617555	0.158965	1,2,3,4,1,2	71.760557	0.165878	0.386440	0.181062	0.043586	0.174949	0.048085	0.085816	0.189816	0.246911	0.113812	0.247368	0.116277	0.074341	0.012467	0.020569	0.755492	0.129408	0.007723	0.048071	0.005786	0.194845	0.136896	0.225769	0.388632	0.165878	0.386440	0.181062	0.043586	0.174949	0.048085	0.085816	0.189816	0.246911	0.113812	0.247368	0.116277	1,1,1,2,2,3	71.494343	0.554038	0.554038	0.554038	2.335015	2.335015	0.518621	
172000	-118262	1,2,3,4,5,6	71.568076	5.871353	5.298517	5.908370	5.773816	5.023005	5.495756	1,2,3,4,5,3	69.653714	0.427063	0.092653	0.431064	0.049220	0.149579	0.277556	0.118367	0.454499	0.184250	0.371552	0.381298	0.062900	0.084765	0.036582	0.264510	0.614144	0.336727	0.154487	0.383182	0.125604	0.184250	0.371552	0.381298	0.062900	1,2,3,4,5,2	71.120814	0.086580	0.062483	0.438351	0.063784	0.156385	0.192417	0.035804	0.208079	0.301631	0.070072	0.212973	0.171441	0.285137	0.143898	0.100224	0.129685	0.290190	0.050865	0.295424	0.071807	0.219503	0.153615	0.005012	0.254641	0.065113	0.188378	0.510482	0.089127	0.117686	0.029213	0.035804	0.208079	0.301631	0.070072	0.212973	0.171441	1,1,1,2,3,4	70.822036	0.622103	0.622103	0.622103	1.965452	2.132309	0.654428	
173000	-118313	1,2,1,1,3,4	70.819489	5.081140	5.475163	5.081140	5.081140	5.450111	5.663929	1,2,2,3,1,3	71.953136	0.491670	0.049701	0.308369	0.150261	0.093449	0.424229	0.212100	0.270222	0.093449	0.424229	0.212100	0.270222	0.169055	0.056791	0.449646	0.324508	0.491670	0.049701	0.308369	0.150261	0.169055	0.056791	0.449646	0.324508	1,1,2,3,4,5	69.997934	0.094371	0.165507	0.293705	0.014836	0.221735	0.209846	0.094371	0.165507	0.293705	0.014836	0.221735	0.209846	0.038541	0.124975	0.229412	0.328928	0.226244	0.051900	0.408884	0.076248	0.182640	0.074491	0.113298	0.144438	0.025220	0.335799	0.257594	0.061057	0.157961	0.162368	0.151503	0.091646	0.187187	0.238395	0.275020	0.056250	1,1,2,3,4,2	70.772855	0.657837	0.657837	0.545449	2.023275	2.276154	0.545449	
174000	-119033	1,2,3,4,2,5	72.538003	5.051388	4.671797	5.584195	5.867383	4.671797	6.558558	1,2,2,3,4,5	71.025522	0.525198	0.125551	0.306160	0.043090	0.154354	0.398392	0.257211	0.190043	0.154354	0.398392	0.257211	0.190043	0.296914	0.256430	0.145761	0.300895	0.508302	0.175708	0.231675	0.084315	0.138506	0.296862	0.318286	0.246345	1,1,2,3,4,5	69.663484	0.019088	0.077012	0.316083	0.021780	0.356615	0.209422	0.019088	0.077012	0.316083	0.021780	0.356615	0.209422	0.065654	0.136760	0.229721	0.280369	0.186103	0.101393	0.067210	0.198464	0.238618	0.091010	0.143843	0.260855	0.090689	0.429254	0.311914	0.048904	0.027421	0.091819	0.067312	0.211698	0.305813	0.248323	0.083355	0.083498	1,2,1,3,3,4	72.099435	0.618528	0.670249	0.618528	2.333700	2.333700	0.436983	
175000	-116569	1,2,3,2,4,5	71.536117	5.313694	4.251756	5.091903	4.251756	5.561478	5.536955	1,2,2,3,4,5	71.952561	0.422001	0.013583	0.500403	0.064013	0.140341	0.508498	0.189904	0.161257	0.140341	0.508498	0.189904	0.161257	0.142209	0.283350	0.098741	0.475700	0.437079	0.150428	0.200387	0.212106	0.050876	0.231732	0.282044	0.435347	1,2,3,2,4,4	71.422071	0.093471	0.047043	0.096679	0.140344	0.601205	0.021258	0.016391	0.245806	0.286379	0.004104	0.112147	0.335173	0.014258	0.078883	0.092957	0.378421	0.426978	0.008503	0.016391	0.245806	0.286379	0.004104	0.112147	0.335173	0.082406	0.252448	0.298167	0.189320	0.115386	0.062273	0.082406	0.252448	0.298167	0.189320	0.115386	0.062273	1,2,3,4,5,6	72.142478	0.534800	0.800858	0.579820	2.065179	2.305435	0.637790	
176000	-116436	1,1,2,1,1,3	70.734764	4.964677	4.964677	5.871447	4.964677	4.964677	5.610657	1,2,3,4,5,6	70.309548	0.342477	0.048610	0.516275	0.092637	0.196834	0.318471	0.083329	0.401366	0.131143	0.514614	0.240570	0.113673	0.096113	0.064266	0.373650	0.465971	0.428134	0.248270	0.183759	0.139837	0.139860	0.409606	0.291745	0.158789	1,2,3,4,5,1	69.647719	0.082710	0.233961	0.373076	0.102715	0.083288	0.124250	0.096315	0.218814	0.226868	0.188111	0.142606	0.127287	0.048922	0.280174	0.166748	0.185809	0.315767	0.002580	0.391267	0.180781	0.276231	0.051048	0.005252	0.095422	0.082322	0.217682	0.377868	0.035348	0.177629	0.109151	0.082710	0.233961	0.373076	0.102715	0.083288	0.124250	1,2,1,3,4,5	71.432432	0.571434	0.625752	0.571434	1.215522	1.680815	0.650879	
177000	-116673	1,2,1,1,3,4	71.399627	4.758555	5.283667	4.758555	4.758555	5.683407	5.452627	1,2,3,4,1,5	72.561269	0.470689	0.031408	0.289130	0.208773	0.098608	0.405094	0.099523	0.396775	0.010096	0.503230	0.194404	0.292270	0.227399	0.019823	0.387074	0.365705	0.470689	0.031408	0.289130	0.208773	0.104855	0.357354	0.460125	0.077666	1,2,3,3,4,4	72.819506	0.163564	0.238222	0.294585	0.194067	0.050473	0.059088	0.049368	0.053431	0.569556	0.054288	0.189086	0.084270	0.003999	0.010468	0.235663	0.551666	0.099343	0.098861	0.003999	0.010468	0.235663	0.551666	0.099343	0.098861	0.079706	0.315658	0.303447	0.068150	0.100217	0.132822	0.079706	0.315658	0.303447	0.068150	0.100217	0.132822	1,2,3,4,5,3	72.376960	0.612192	0.673860	0.601655	1.489783	2.597521	0.601655	
178000	-116169	1,1,1,2,3,1	72.660639	4.408138	4.408138	4.408138	6.909729	5.504553	4.408138	1,2,3,4,5,6	69.712370	0.301128	0.013864	0.403206	0.281801	0.090962	0.318934	0.102534	0.487571	0.011758	0.395626	0.199392	0.393225	0.098334	0.084754	0.123287	0.693626	0.509038	0.066468	0.125198	0.299296	0.212770	0.386615	0.206280	0.194335	1,1,2,3,1,2	71.173894	0.095430	0.352007	0.215914	0.090132	0.156549	0.089967	0.095430	0.352007	0.215914	0.090132	0.156549	0.089967	0.076825	0.112403	0.236010	0.255156	0.136101	0.183504	0.012443	0.426151	0.217856	0.080937	0.014263	0.248349	0.095430	0.352007	0.215914	0.090132	0.156549	0.089967	0.076825	0.112403	0.236010	0.255156	0.136101	0.183504	1,1,1,2,2,1	68.801955	0.628047	0.628047	0.628047	2.223664	2.223664	0.628047	
179000	-115934	1,2,3,4,5,6	70.958435	5.083225	5.687159	5.594289	4.788617	5.407697	5.537303	1,2,3,2,1,3	70.923189	0.469456	0.024130	0.375590	0.130824	0.110907	0.229836	0.111725	0.547531	0.124249	0.439464	0.275567	0.160720	0.110907	0.229836	0.111725	0.547531	0.469456	0.024130	0.375590	0.130824	0.124249	0.439464	0.275567	0.160720	1,2,2,3,4,1	72.285222	0.087810	0.292305	0.294396	0.115142	0.059173	0.151174	0.009420	0.204658	0.220153	0.188458	0.315748	0.061563	0.009420	0.204658	0.220153	0.188458	0.315748	0.061563	0.226786	0.006350	0.415885	0.025076	0.021152	0.304751	0.035447	0.131639	0.267999	0.118538	0.407976	0.038401	0.087810	0.292305	0.294396	0.115142	0.059173	0.151174	1,2,3,4,5,1	71.156213	0.618233	0.847430	0.536805	1.551563	2.250983	0.618233	
180000	-117812	1,2,3,4,5,6	71.446971	5.218739	5.387401	5.115437	5.629473	5.730949	6.123349	1,2,3,2,4,3	71.761021	0.504420	0.011733	0.350718	0.133129	0.210984	0.131279	0.188255	0.469482	0.178375	0.335398	0.361298	0.124929	0.210984	0.131279	0.188255	0.469482	0.451465	0.086307	0.225974	0.236254	0.178375	0.335398	0.361298	0.124929	1,2,3,4,2,4	70.534170	0.379904	0.083450	0.114631	0.103897	0.305557	0.012561	0.014517	0.224222	0.371131	0.115057	0.205499	0.069574	0.044964	0.077171	0.202322	0.159394	0.311662	0.204487	0.142735	0.354414	0.192998	0.074833	0.006957	0.228063	0.014517	0.224222	0.371131	0.115057	0.205499	0.069574	0.142735	0.354414	0.192998	0.074833	0.006957	0.228063	1,2,1,3,3,2	73.081812	0.559781	0.545104	0.559781	2.048164	2.048164	0.545104	
181000	-115768	1,2,3,4,5,6	71.690976	4.956040	5.301929	5.879139	5.618122	5.897337	5.536135	1,2,3,4,1,5	69.580242	0.593491	0.016738	0.231962	0.157809	0.138479	0.322583	0.083002	0.455936	0.021868	0.609789	0.200466	0.167877	0.134083	0.074213	0.229067	0.562637	0.593491	0.016738	0.231962	0.157809	0.260062	0.178336	0.292239	0.269364	1,2,3,2,1,4	70.246651	0.075665	0.067426	0.048621	0.235392	0.549943	0.022953	0.041961	0.312854	0.226419	0.097469	0.101007	0.220291	0.072512	0.434864	0.005868	0.170727	0.236760	0.079269	0.041961	0.312854	0.226419	0.097469	0.101007	0.220291	0.075665	0.067426	0.048621	0.235392	0.549943	0.022953	0.282724	0.153947	0.068015	0.193142	0.106323	0.195849	1,2,3,4,5,3	70.754951	0.564973	0.608730	0.625488	2.152162	2.138568	0.625488	
182000	-114813	1,2,3,4,5,6	72.549427	4.739598	5.489216	6.258060	5.038247	5.151074	5.510551	1,2,3,4,1,5	71.574868	0.399719	0.054599	0.381966	0.163716	0.190522	0.316910	0.168124	0.324444	0.014741	0.478764	0.464386	0.042109	0.304727	0.037490	0.073395	0.584389	0.399719	0.054599	0.381966	0.163716	0.145865	0.193110	0.219813	0.441212	1,2,3,4,5,1	71.908081	0.108959	0.341078	0.182505	0.177973	0.064159	0.125327	0.035529	0.177173	0.235369	0.012212	0.178028	0.361689	0.170192	0.177797	0.405571	0.045258	0.196726	0.004455	0.016527	0.173040	0.143134	0.034650	0.094342	0.538308	0.082446	0.182357	0.272890	0.187019	0.248969	0.026320	0.108959	0.341078	0.182505	0.177973	0.064159	0.125327	1,2,3,4,5,6	71.182001	0.600225	0.586282	0.600146	2.473677	2.194469	0.669207	
183000	-118598	1,2,3,1,4,5	70.666079	4.300703	5.257193	5.934139	4.300703	5.762339	5.709249	1,2,3,4,1,2	70.420761	0.279059	0.020761	0.330121	0.370058	0.164681	0.284813	0.283834	0.266672	0.104586	0.411732	0.320142	0.163539	0.107950	0.131849	0.187619	0.572583	0.279059	0.020761	0.330121	0.370058	0.164681	0.284813	0.283834	0.266672	1,2,2,3,4,5	71.877309	0.213915	0.299387	0.112119	0.097811	0.221885	0.054883	0.000834	0.130405	0.508941	0.084618	0.198540	0.076662	0.000834	0.130405	0.508941	0.084618	0.198540	0.076662	0.157955	0.059614	0.215776	0.170643	0.214344	0.181666	0.056612	0.126633	0.058530	0.048190	0.670294	0.039740	0.043943	0.118740	0.202259	0.226445	0.120885	0.287728	1,2,1,3,4,5	72.203572	0.556062	0.690979	0.556062	1.836252	2.228732	0.614257	
184000	-116730	1,1,2,1,3,4	72.549109	4.915452	4.915452	5.231407	4.915452	5.399930	6.598450	1,2,3,4,1,5	70.692617	0.429939	0.018733	0.395205	0.156123	0.101182	0.475490	0.083145	0.340183	0.018018	0.618262	0.202977	0.160743	0.278315	0.140140	0.195487	0.386058	0.429939	0.018733	0.395205	0.156123	0.184839	0.107902	0.520999	0.186260	1,2,1,3,4,5	70.638372	0.305654	0.112375	0.118918	0.290613	0.143853	0.028588	0.215335	0.258600	0.240077	0.024460	0.196209	0.065319	0.305654	0.112375	0.118918	0.290613	0.143853	0.028588	0.075925	0.124394	0.231230	0.161300	0.062690	0.344462	0.265143	0.157683	0.194874	0.096912	0.250704	0.034684	0.346592	0.230662	0.084558	0.109123	0.146684	0.082382	1,2,1,3,3,2	70.435658	0.520644	0.618969	0.520644	2.261127	2.261127	0.618969	
185000	-117624	1,2,3,1,4,5	70.265174	4.719189	5.593543	5.374548	4.719189	6.024138	6.023699	1,2,3,2,1,3	69.551142	0.544141	0.016735	0.285279	0.153845	0.242939	0.205872	0.122967	0.428222	0.073797	0.442373	0.347182	0.136648	0.242939	0.205872	0.122967	0.428222	0.544141	0.016735	0.285279	0.153845	0.073797	0.442373	0.347182	0.136648	1,2,3,4,3,5	71.816886	0.068760	0.083446	0.098572	0.224040	0.414832	0.110351	0.016291	0.176524	0.228473	0.031546	0.313747	0.233419	0.012824	0.188044	0.199283	0.221530	0.344936	0.033383	0.079873	0.091440	0.072878	0.102073	0.303464	0.350272	0.012824	0.188044	0.199283	0.221530	0.344936	0.033383	0.130601	0.384007	0.267513	0.098619	0.066727	0.052533	1,1,2,3,4,1	70.244952	0.614272	0.614272	0.647572	1.594818	3.437568	0.614272	
186000	-115151	1,1,2,3,4,2	70.421588	4.578077	4.578077	5.778504	5.369540	5.423248	5.778504	1,2,3,4,5,2	69.969987	0.278970	0.023984	0.504137	0.192909	0.107680	0.340911	0.213759	0.337649	0.054023	0.486870	0.324000	0.135106	0.163798	0.179756	0.070756	0.585690	0.551136	0.069276	0.202393	0.177195	0.107680	0.340911	0.213759	0.337649	1,2,3,4,2,5	71.891088	0.118318	0.189649	0.198301	0.223516	0.156957	0.113259	0.091114	0.270823	0.319668	0.016954	0.206475	0.094967	0.031728	0.105449	0.122232	0.386939	0.227496	0.126156	0.082185	0.025733	0.089971	0.196127	0.036162	0.569822	0.091114	0.270823	0.319668	0.016954	0.206475	0.094967	0.219313	0.205314	0.227376	0.136729	0.028471	0.182798	1,2,3,4,4,1	70.733045	0.622150	0.663842	0.617717	1.916114	1.916114	0.622150	
187000	-116960	1,2,3,1,2,4	71.143920	5.891380	4.771575	5.056128	5.891380	4.771575	5.688728	1,2,3,4,1,2	72.159422	0.428692	0.015432	0.472846	0.083030	0.178573	0.293344	0.320811	0.207272	0.040205	0.426604	0.280312	0.252879	0.158879	0.150102	0.283163	0.407856	0.428692	0.015432	0.472846	0.083030	0.178573	0.293344	0.320811	0.207272	1,1,2,3,1,4	71.731561	0.071056	0.189046	0.434775	0.009994	0.244290	0.050840	0.071056	0.189046	0.434775	0.009994	0.244290	0.050840	0.001971	0.081834	0.145611	0.514910	0.151710	0.103965	0.234880	0.016395	0.373494	0.002775	0.015566	0.356889	0.071056	0.189046	0.434775	0.009994	0.244290	0.050840	0.030666	0.088056	0.276641	0.143987	0.124257	0.336393	1,1,2,3,4,1	70.734403	0.564383	0.564383	0.548975	1.805482	1.739413	0.564383	
188000	-116876	1,1,2,1,3,4	72.715446	5.161471	5.161471	5.359769	5.161471	5.460968	5.674136	1,2,3,4,1,5	72.544300	0.572028	0.036533	0.193393	0.198047	0.155837	0.329758	0.270032	0.244372	0.153835	0.437020	0.219614	0.189531	0.313331	0.030269	0.158237	0.498162	0.572028	0.036533	0.193393	0.198047	0.060873	0.254755	0.444816	0.239556	1,1,2,3,1,1	73.090734	0.054059	0.291916	0.272098	0.103484	0.179898	0.098546	0.054059	0.291916	0.272098	0.103484	0.179898	0.098546	0.109533	0.011803	0.030475	0.267173	0.384925	0.196091	0.207526	0.095185	0.141458	0.328834	0.039005	0.187992	0.054059	0.291916	0.272098	0.103484	0.179898	0.098546	0.054059	0.291916	0.272098	0.103484	0.179898	0.098546	1,2,3,4,4,3	71.355130	0.602604	0.688403	0.649583	1.921803	1.921803	0.649583	
189000	-115463	1,2,3,2,4,5	70.817304	5.186361	4.696822	6.183268	4.696822	5.161975	6.205740	1,2,3,4,1,5	70.776542	0.448115	0.024974	0.359822	0.167089	0.133563	0.322641	0.255364	0.288432	0.020649	0.614375	0.276265	0.088711	0.348953	0.140214	0.117851	0.392982	0.448115	0.024974	0.359822	0.167089	0.154234	0.328766	0.245684	0.271316	1,2,3,4,5,6	71.992172	0.190310	0.123766	0.115999	0.401487	0.031218	0.137219	0.009661	0.067840	0.409333	0.036822	0.284345	0.192000	0.156151	0.060787	0.227764	0.263040	0.270689	0.021569	0.012151	0.155181	0.154240	0.112266	0.046889	0.519272	0.020059	0.153967	0.294520	0.207312	0.236855	0.087288	0.058741	0.404366	0.228025	0.110782	0.076239	0.121848	1,1,1,2,3,1	70.679506	0.612472	0.612472	0.612472	1.607204	2.635897	0.612472	
190000	-116625	1,2,3,4,5,6	71.465845	5.145955	5.064570	6.085823	5.282251	5.655888	5.865860	1,2,3,2,4,3	71.198006	0.443779	0.134859	0.286903	0.134459	0.115494	0.315227	0.081959	0.487319	0.075214	0.385610	0.361328	0.177848	0.115494	0.315227	0.081959	0.487319	0.435067	0.052432	0.296504	0.215997	0.075214	0.385610	0.361328	0.177848	1,1,2,3,4,3	71.049562	0.022146	0.255575	0.374709	0.071725	0.121654	0.154190	0.022146	0.255575	0.374709	0.071725	0.121654	0.154190	0.016316	0.085338	0.258091	0.285574	0.143918	0.210763	0.149232	0.208838	0.335217	0.091314	0.041621	0.173778	0.090957	0.129676	0.179888	0.236502	0.353380	0.009597	0.149232	0.208838	0.335217	0.091314	0.041621	0.173778	1,2,3,4,5,3	70.989370	0.549303	0.584174	0.644752	2.148574	2.345242	0.644752	
191000	-115336	1,1,2,3,4,5	70.793012	5.544233	5.544233	5.202275	6.018447	5.395303	5.928406	1,2,3,4,1,3	70.256272	0.643971	0.004852	0.230112	0.121065	0.338477	0.213187	0.113356	0.334980	0.085196	0.385724	0.327309	0.201771	0.099821	0.021168	0.102708	0.776303	0.643971	0.004852	0.230112	0.121065	0.085196	0.385724	0.327309	0.201771	1,2,3,4,2,5	70.839316	0.056697	0.040307	0.118427	0.489455	0.271119	0.023994	0.035724	0.178759	0.199480	0.021147	0.455046	0.109844	0.041142	0.067896	0.041504	0.475750	0.350462	0.023245	0.181356	0.038703	0.253560	0.095855	0.089509	0.341018	0.035724	0.178759	0.199480	0.021147	0.455046	0.109844	0.085020	0.160091	0.214247	0.314537	0.102359	0.123746	1,2,2,3,4,1	70.968963	0.569718	0.636602	0.636602	2.724747	2.076114	0.569718	
192000	-118770	1,1,1,1,2,3	71.359062	4.651324	4.651324	4.651324	4.651324	5.266762	5.741359	1,2,3,4,1,3	71.402493	0.373656	0.046910	0.316564	0.262869	0.249014	0.485310	0.072814	0.192863	0.084411	0.300092	0.394060	0.221437	0.281804	0.036244	0.386546	0.295406	0.373656	0.046910	0.316564	0.262869	0.084411	0.300092	0.394060	0.221437	1,1,2,3,4,1	70.889283	0.093542	0.186152	0.305971	0.122521	0.112091	0.179723	0.093542	0.186152	0.305971	0.122521	0.112091	0.179723	0.050426	0.170832	0.153578	0.246423	0.322270	0.056471	0.156029	0.355282	0.289008	0.026968	0.015365	0.157348	0.030651	0.238548	0.287598	0.113292	0.250305	0.079605	0.093542	0.186152	0.305971	0.122521	0.112091	0.179723	1,2,3,4,5,3	72.628512	0.534369	0.741465	0.640346	2.519551	2.622592	0.640346	
193000	-116242	1,2,3,4,1,5	73.763803	5.539707	5.347706	5.883433	5.379283	5.539707	5.598121	1,2,3,4,1,5	72.594691	0.523648	0.046993	0.307224	0.122134	0.287125	0.503802	0.033428	0.175644	0.034356	0.559076	0.324032	0.082536	0.030306	0.027054	0.079579	0.863061	0.523648	0.046993	0.307224	0.122134	0.225086	0.254773	0.269227	0.250914	1,2,3,4,1,2	70.166095	0.043630	0.200107	0.464278	0.020192	0.074430	0.197363	0.065148	0.197597	0.141946	0.148922	0.295428	0.150958	0.027497	0.021484	0.231363	0.317648	0.372736	0.029273	0.104789	0.041455	0.148333	0.425550	0.100568	0.179305	0.043630	0.200107	0.464278	0.020192	0.074430	0.197363	0.065148	0.197597	0.141946	0.148922	0.295428	0.150958	1,2,3,4,4,2	71.859552	0.623135	0.630752	0.785352	1.876937	1.876937	0.630752	
194000	-116623	1,2,3,1,4,5	70.263477	4.842272	5.294880	6.334213	4.842272	5.250862	5.572965	1,2,3,2,1,2	70.475918	0.447819	0.058690	0.340423	0.153068	0.207364	0.202974	0.199313	0.390348	0.037164	0.525256	0.255716	0.181864	0.207364	0.202974	0.199313	0.390348	0.447819	0.058690	0.340423	0.153068	0.207364	0.202974	0.199313	0.390348	1,2,3,4,1,5	72.313934	0.087011	0.211831	0.326602	0.124935	0.186374	0.063247	0.122512	0.272877	0.266722	0.045456	0.183061	0.109371	0.143132	0.139868	0.330332	0.204145	0.156363	0.026162	0.001743	0.048764	0.258937	0.120197	0.085483	0.484875	0.087011	0.211831	0.326602	0.124935	0.186374	0.063247	0.054034	0.399273	0.197109	0.279912	0.012262	0.057409	1,1,2,3,4,2	73.177744	0.549515	0.549515	0.577280	1.298526	1.960291	0.577280	
195000	-119573	1,2,1,1,3,3	72.550122	4.083720	6.711750	4.083720	4.083720	5.703298	5.703298	1,2,3,4,5,6	69.880181	0.326481	0.097306	0.450176	0.126037	0.330278	0.222453	0.073919	0.373350	0.072896	0.311896	0.267293	0.347915	0.059495	0.377616	0.186098	0.376790	0.364595	0.064644	0.358704	0.212057	0.181622	0.278291	0.300099	0.239987	1,2,3,4,1,5	70.701156	0.047260	0.207087	0.436573	0.057668	0.144854	0.106558	0.066418	0.242297	0.080415	0.068188	0.243058	0.299624	0.157319	0.093113	0.037730	0.457883	0.106989	0.146965	0.431627	0.145814	0.219037	0.100442	0.036961	0.066119	0.047260	0.207087	0.436573	0.057668	0.144854	0.106558	0.227747	0.258506	0.305510	0.135769	0.034843	0.037624	1,2,3,4,5,1	70.808609	0.552745	0.616842	0.748274	1.415390	2.183911	0.552745	
196000	-116102	1,2,3,4,5,6	73.239886	5.312320	5.298599	5.752215	5.076923	5.486506	5.294654	1,2,3,4,5,3	71.967211	0.391979	0.079329	0.466712	0.061980	0.205785	0.335611	0.170185	0.288420	0.109377	0.369864	0.354493	0.166266	0.196898	0.032021	0.305240	0.465841	0.708755	0.013015	0.194119	0.084111	0.109377	0.369864	0.354493	0.166266	1,2,3,4,5,1	72.483710	0.096182	0.180678	0.351956	0.142661	0.098448	0.130074	0.075476	0.335103	0.227739	0.094372	0.138098	0.129213	0.017051	0.109041	0.051881	0.249539	0.468720	0.103768	0.079950	0.097437	0.157409	0.503463	0.058032	0.103709	0.196428	0.207765	0.277144	0.176949	0.093242	0.048472	0.096182	0.180678	0.351956	0.142661	0.098448	0.130074	1,2,3,4,5,2	71.988689	0.615920	0.615010	0.648702	1.966455	2.021172	0.615010	
197000	-116826	1,2,2,2,3,4	69.335053	4.793848	5.178222	5.178222	5.178222	5.244309	6.537273	1,2,3,4,1,3	71.535012	0.322691	0.096723	0.318055	0.262531	0.244467	0.222765	0.163679	0.369090	0.081164	0.479240	0.238805	0.200792	0.257657	0.043682	0.229952	0.468710	0.322691	0.096723	0.318055	0.262531	0.081164	0.479240	0.238805	0.200792	1,2,3,4,1,5	72.927789	0.010171	0.448703	0.212504	0.124725	0.159216	0.044681	0.000885	0.094222	0.468047	0.074487	0.227586	0.134772	0.095703	0.012607	0.478741	0.171795	0.218948	0.022206	0.038521	0.005940	0.333066	0.248836	0.035576	0.338060	0.010171	0.448703	0.212504	0.124725	0.159216	0.044681	0.171114	0.304755	0.202796	0.064765	0.111210	0.145360	1,1,1,2,3,1	70.613474	0.586322	0.586322	0.586322	1.462467	2.591525	0.586322	
198000	-117815	1,2,3,2,2,4	69.807162	5.682952	4.954171	6.296496	4.954171	4.954171	5.958170	1,2,3,4,1,2	70.618792	0.484559	0.021207	0.422320	0.071914	0.191597	0.255714	0.294123	0.258566	0.104801	0.582973	0.180157	0.132069	0.094082	0.089273	0.416998	0.399647	0.484559	0.021207	0.422320	0.071914	0.191597	0.255714	0.294123	0.258566	1,2,3,4,5,6	72.620110	0.065011	0.070590	0.230384	0.075578	0.506773	0.051665	0.157498	0.116005	0.281970	0.060872	0.309338	0.074317	0.233085	0.015454	0.086801	0.183667	0.327829	0.153164	0.285450	0.039011	0.195339	0.315880	0.006645	0.157675	0.053887	0.140902	0.458023	0.058050	0.259649	0.029488	0.104334	0.243629	0.146935	0.056685	0.138810	0.309608	1,2,1,3,3,1	70.602841	0.587699	0.636256	0.587699	1.930871	1.930871	0.587699	
199000	-116440	1,2,3,4,5,6	73.230156	5.125874	4.850699	5.797213	6.649801	5.424301	4.791894	1,2,2,3,1,2	71.546924	0.452692	0.034230	0.370764	0.142313	0.048939	0.544978	0.253377	0.152706	0.048939	0.544978	0.253377	0.152706	0.018711	0.005371	0.097378	0.878540	0.452692	0.034230	0.370764	0.142313	0.048939	0.544978	0.253377	0.152706	1,2,3,4,1,5	69.994597	0.104012	0.146679	0.207111	0.162340	0.310106	0.069753	0.063134	0.311647	0.375964	0.029054	0.140388	0.079813	0.120435	0.108404	0.345079	0.229950	0.178719	0.017413	0.278821	0.005877	0.037677	0.611153	0.005785	0.060687	0.104012	0.146679	0.207111	0.162340	0.310106	0.069753	0.028768	0.505482	0.108165	0.058867	0.082313	0.216406	1,2,1,3,4,2	71.436470	0.532229	0.627039	0.532229	1.644021	1.992578	0.627039	
200000	-116493	1,1,1,2,1,3	70.380422	4.711453	4.711453	4.711453	5.279513	4.711453	6.685731	1,2,3,4,5,6	71.311842	0.419452	0.078783	0.484915	0.016849	0.339152	0.329992	0.069296	0.261561	0.026895	0.407128	0.243632	0.322345	0.166726	0.055995	0.258046	0.519232	0.453545	0.040503	0.044665	0.461287	0.092068	0.198923	0.552654	0.156355	1,1,2,3,4,5	72.012847	0.048532	0.076965	0.266787	0.038118	0.233717	0.335881	0.048532	0.076965	0.266787	0.038118	0.233717	0.335881	0.253630	0.000423	0.097459	0.405133	0.221765	0.021590	0.079677	0.185013	0.388638	0.062220	0.057711	0.226741	0.084748	0.771490	0.054692	0.004339	0.073682	0.011048	0.450900	0.095475	0.278111	0.097678	0.006590	0.071247	1,2,2,3,3,4	72.204257	0.589057	0.636284	0.636284	1.458175	1.458175	0.549983	
201000	-117688	1,1,2,1,3,4	72.123173	4.629778	4.629778	5.541731	4.629778	5.736208	5.561306	1,2,3,2,1,4	70.436335	0.476966	0.017011	0.382499	0.123524	0.076627	0.403901	0.092168	0.427304	0.072771	0.452031	0.399762	0.075436	0.076627	0.403901	0.092168	0.427304	0.476966	0.017011	0.382499	0.123524	0.066820	0.337175	0.416641	0.179364	1,2,3,1,4,5	72.072123	0.084493	0.205487	0.235028	0.128798	0.128520	0.217673	0.062013	0.438450	0.248654	0.032641	0.111179	0.107064	0.137091	0.055890	0.114663	0.229701	0.353744	0.108910	0.084493	0.205487	0.235028	0.128798	0.128520	0.217673	0.195437	0.248372	0.399443	0.041362	0.093671	0.021714	0.087434	0.281391	0.287448	0.143883	0.061515	0.138329	1,2,3,4,4,5	70.972909	0.555254	0.582766	0.596140	1.795545	1.795545	0.566705	
202000	-114841	1,1,2,3,4,5	72.646095	4.764379	4.764379	5.668043	5.853782	5.392186	6.714438	1,2,3,4,1,5	72.072062	0.656535	0.024201	0.269684	0.049580	0.298256	0.356917	0.091293	0.253533	0.041728	0.615498	0.207553	0.135221	0.078615	0.098201	0.072039	0.751145	0.656535	0.024201	0.269684	0.049580	0.107233	0.276027	0.493409	0.123332	1,2,3,1,3,4	71.439983	0.131978	0.122409	0.313752	0.121346	0.007925	0.302591	0.088731	0.267328	0.173927	0.097715	0.202292	0.170007	0.003592	0.090034	0.171043	0.373714	0.351579	0.010038	0.131978	0.122409	0.313752	0.121346	0.007925	0.302591	0.003592	0.090034	0.171043	0.373714	0.351579	0.010038	0.146417	0.272825	0.464900	0.066215	0.008394	0.041249	1,2,1,3,3,4	71.040451	0.600860	0.616803	0.600860	1.920220	1.920220	0.562159	
203000	-116410	1,1,2,1,2,1	70.713872	4.914095	4.914095	5.275012	4.914095	5.275012	4.914095	1,2,3,4,1,3	71.724475	0.401482	0.085178	0.397697	0.115643	0.253706	0.276980	0.163903	0.305411	0.070357	0.496456	0.291559	0.141628	0.230039	0.021763	0.290468	0.457730	0.401482	0.085178	0.397697	0.115643	0.070357	0.496456	0.291559	0.141628	1,2,3,4,2,1	71.294283	0.184169	0.229530	0.250079	0.126909	0.072562	0.136752	0.072585	0.231313	0.256150	0.113658	0.204765	0.121528	0.059731	0.194240	0.109254	0.309800	0.148199	0.178777	0.048460	0.015936	0.382356	0.035033	0.129495	0.388721	0.072585	0.231313	0.256150	0.113658	0.204765	0.121528	0.184169	0.229530	0.250079	0.126909	0.072562	0.136752	1,1,2,3,4,1	71.256126	0.613658	0.613658	0.618756	1.865141	1.970739	0.613658	
204000	-116791	1,1,2,3,4,5	71.036854	4.464500	4.464500	5.337540	6.412329	4.937888	5.470059	1,2,3,4,5,6	69.857130	0.395749	0.050238	0.446475	0.107538	0.206076	0.464708	0.145949	0.183267	0.166680	0.614689	0.095961	0.122670	0.047648	0.039666	0.237318	0.675368	0.349976	0.083868	0.309728	0.256428	0.075522	0.160437	0.559938	0.204103	1,2,3,4,5,1	72.536759	0.080173	0.275636	0.301499	0.110790	0.135392	0.096510	0.016508	0.296320	0.213544	0.018758	0.178271	0.276599	0.035644	0.097422	0.083887	0.301997	0.446444	0.034607	0.272569	0.031214	0.124250	0.144412	0.105637	0.321919	0.009263	0.457467	0.361405	0.050940	0.088115	0.032810	0.080173	0.275636	0.301499	0.110790	0.135392	0.096510	1,1,1,2,2,1	73.313950	0.588954	0.588954	0.588954	1.623718	1.623718	0.588954	
205000	-117639	1,2,2,2,3,4	69.900339	4.926596	4.614819	4.614819	4.614819	5.498462	5.767964	1,2,3,4,4,5	72.657733	0.500848	0.056950	0.339243	0.102958	0.225516	0.458939	0.047798	0.267748	0.029778	0.402051	0.201038	0.367133	0.374403	0.028368	0.334812	0.262416	0.374403	0.028368	0.334812	0.262416	0.201210	0.238286	0.318176	0.242329	1,2,3,2,4,5	70.947045	0.119174	0.187674	0.354127	0.043834	0.087824	0.207366	0.094929	0.113726	0.293264	0.023334	0.160115	0.314631	0.075431	0.047106	0.064284	0.474227	0.137514	0.201438	0.094929	0.113726	0.293264	0.023334	0.160115	0.314631	0.070628	0.232934	0.308088	0.269438	0.069758	0.049153	0.181184	0.149325	0.268680	0.165134	0.170441	0.065236	1,2,2,3,3,4	71.696356	0.528743	0.682802	0.682802	2.071308	2.071308	0.549181	
206000	-117489	1,1,2,3,2,4	69.889026	3.985003	3.985003	5.008968	5.251202	5.008968	6.252081	1,2,3,4,5,6	71.127911	0.411479	0.158848	0.371039	0.058634	0.049587	0.174466	0.148244	0.627703	0.057295	0.677716	0.160846	0.104143	0.166923	0.134457	0.038901	0.659719	0.778677	0.010161	0.120258	0.090904	0.137674	0.224967	0.561029	0.076331	1,2,3,4,1,1	71.295894	0.019040	0.345379	0.312349	0.118981	0.077948	0.126302	0.017552	0.572579	0.174018	0.042393	0.104755	0.088703	0.114368	0.225281	0.069592	0.271164	0.190581	0.129014	0.103758	0.010298	0.255282	0.231137	0.001947	0.397578	0.019040	0.345379	0.312349	0.118981	0.077948	0.126302	0.019040	0.345379	0.312349	0.118981	0.077948	0.126302	1,2,3,4,5,6	72.532632	0.511976	0.588805	0.580560	2.392764	2.009847	0.583552	
207000	-116679	1,1,2,3,1,4	71.311005	4.604450	4.604450	5.795691	5.426713	4.604450	5.884760	1,2,3,4,5,2	71.928161	0.184610	0.064884	0.690793	0.059713	0.072230	0.399470	0.251236	0.277064	0.012898	0.504400	0.213594	0.269108	0.050950	0.018963	0.225083	0.705004	0.321119	0.176525	0.335198	0.167159	0.072230	0.399470	0.251236	0.277064	1,1,2,3,1,3	71.067862	0.085493	0.230335	0.458677	0.033044	0.106161	0.086291	0.085493	0.230335	0.458677	0.033044	0.106161	0.086291	0.000911	0.042488	0.246954	0.187587	0.271649	0.250411	0.060992	0.329177	0.251875	0.174470	0.012399	0.171088	0.085493	0.230335	0.458677	0.033044	0.106161	0.086291	0.060992	0.329177	0.251875	0.174470	0.012399	0.171088	1,1,2,3,4,5	71.452405	0.531421	0.531421	0.599676	2.390917	1.868761	0.550323	
208000	-116518	1,2,3,3,4,5	71.099250	4.331377	5.022398	5.582280	5.582280	5.094563	5.650319	1,2,3,4,1,5	69.697818	0.638335	0.083357	0.164205	0.114103	0.107856	0.210497	0.083788	0.597859	0.014431	0.546345	0.234934	0.204291	0.063461	0.082713	0.239770	0.614056	0.638335	0.083357	0.164205	0.114103	0.162961	0.269705	0.191034	0.376299	1,2,3,1,3,4	71.941309	0.172664	0.256923	0.299529	0.077119	0.056491	0.137274	0.128821	0.371563	0.158291	0.013771	0.200637	0.126916	0.018007	0.360803	0.386508	0.099135	0.074034	0.061513	0.172664	0.256923	0.299529	0.077119	0.056491	0.137274	0.018007	0.360803	0.386508	0.099135	0.074034	0.061513	0.007584	0.320859	0.252419	0.205677	0.129391	0.084070	1,2,2,3,3,4	71.012073	0.622857	0.586704	0.586704	2.491223	2.491223	0.591861	
209000	-117312	1,2,3,4,5,6	71.231161	5.293702	5.287306	6.073604	5.819350	5.464436	5.497004	1,2,3,4,1,5	70.005690	0.383240	0.050247	0.288694	0.277819	0.175712	0.411942	0.233564	0.178782	0.024490	0.447953	0.378795	0.148762	0.295575	0.017324	0.288704	0.398397	0.383240	0.050247	0.288694	0.277819	0.063509	0.228039	0.372079	0.336374	1,2,3,4,2,5	71.094437	0.141450	0.177071	0.162341	0.119795	0.299742	0.099602	0.066288	0.311193	0.306832	0.019757	0.195121	0.100810	0.036721	0.023459	0.022496	0.146374	0.398223	0.372727	0.306105	0.001618	0.212698	0.042948	0.131197	0.305434	0.066288	0.311193	0.306832	0.019757	0.195121	0.100810	0.185723	0.128040	0.243685	0.203102	0.090002	0.149449	1,1,2,3,4,5	71.848893	0.568341	0.568341	0.580561	1.439758	1.942528	0.676465	
210000	-117892	1,2,3,1,1,4	70.860711	4.021996	5.438905	5.201794	4.021996	4.021996	5.701594	1,2,3,4,5,6	72.027447	0.256984	0.085383	0.568445	0.089188	0.315138	0.270779	0.093549	0.320535	0.021344	0.520655	0.119177	0.338824	0.217151	0.173356	0.208543	0.400950	0.349951	0.361492	0.172204	0.116353	0.097350	0.296208	0.296838	0.309604	1,1,2,3,3,1	69.983051	0.107799	0.167946	0.292124	0.109954	0.163858	0.158318	0.107799	0.167946	0.292124	0.109954	0.163858	0.158318	0.268495	0.021410	0.014450	0.353216	0.241286	0.101143	0.043058	0.226691	0.402779	0.016334	0.039450	0.271688	0.043058	0.226691	0.402779	0.016334	0.039450	0.271688	0.107799	0.167946	0.292124	0.109954	0.163858	0.158318	1,2,1,3,3,2	72.203040	0.622995	0.615127	0.622995	2.051949	2.051949	0.615127	
211000	-117157	1,1,2,3,4,5	70.309591	4.764096	4.764096	5.998951	4.754873	5.571378	5.866127	1,2,3,4,5,6	71.928979	0.249890	0.020005	0.436730	0.293374	0.089512	0.238051	0.201549	0.470888	0.136288	0.532882	0.210127	0.120703	0.233554	0.089444	0.200776	0.476226	0.621353	0.076268	0.141385	0.160995	0.183715	0.189024	0.302448	0.324812	1,1,2,3,1,4	72.213372	0.088817	0.241830	0.219294	0.086909	0.282216	0.080935	0.088817	0.241830	0.219294	0.086909	0.282216	0.080935	0.063928	0.000644	0.228185	0.157586	0.252363	0.297295	0.022329	0.169458	0.220715	0.015002	0.106133	0.466363	0.088817	0.241830	0.219294	0.086909	0.282216	0.080935	0.173369	0.409693	0.070790	0.105713	0.069261	0.171174	1,1,1,2,3,1	70.755826	0.613456	0.613456	0.613456	2.005473	2.465906	0.613456	
212000	-115529	1,2,3,4,5,6	71.348958	5.645471	5.986573	4.610599	4.953810	4.804700	5.580863	1,2,3,4,5,3	72.094510	0.455028	0.025896	0.451056	0.068020	0.215290	0.306918	0.196669	0.281123	0.076694	0.418826	0.241473	0.263006	0.022643	0.056999	0.216485	0.703873	0.320367	0.021122	0.212089	0.446422	0.076694	0.418826	0.241473	0.263006	1,2,3,4,5,1	73.363384	0.084055	0.174495	0.387861	0.196847	0.076063	0.080679	0.099089	0.323203	0.371068	0.018632	0.106206	0.081803	0.038299	0.043644	0.153527	0.395892	0.214094	0.154544	0.011874	0.166745	0.481061	0.092345	0.045790	0.202186	0.140789	0.361385	0.138822	0.090213	0.224740	0.044051	0.084055	0.174495	0.387861	0.196847	0.076063	0.080679	1,1,2,3,4,2	71.027213	0.684829	0.684829	0.535075	2.081138	2.802359	0.535075	
213000	-115293	1,1,2,3,4,5	71.384936	5.061995	5.061995	5.719230	5.796350	5.750511	6.148151	1,2,3,4,5,6	71.888189	0.214852	0.028503	0.666681	0.089964	0.468943	0.276039	0.109533	0.145485	0.008630	0.539479	0.274126	0.177764	0.136871	0.096070	0.083443	0.683616	0.481641	0.011905	0.318764	0.187690	0.103772	0.340642	0.194313	0.361273	1,2,3,4,5,5	71.129605	0.064703	0.122127	0.416457	0.097909	0.119050	0.179754	0.019701	0.049173	0.316955	0.053642	0.230385	0.330144	0.184003	0.072116	0.094443	0.279084	0.166752	0.203603	0.029615	0.100439	0.303746	0.034920	0.007424	0.523856	0.102251	0.336477	0.326193	0.145669	0.034996	0.054414	0.102251	0.336477	0.326193	0.145669	0.034996	0.054414	1,2,3,4,5,6	69.240721	0.590359	0.822438	0.675883	2.508364	2.569103	0.625451	
214000	-118316	1,2,2,3,2,4	71.915515	6.813080	4.818739	4.818739	5.601936	4.818739	5.074655	1,2,3,4,5,2	72.241680	0.747147	0.028772	0.092975	0.131106	0.110967	0.478170	0.143772	0.267092	0.025531	0.652895	0.138363	0.183211	0.238032	0.106279	0.107230	0.548458	0.454992	0.161546	0.292733	0.090730	0.110967	0.478170	0.143772	0.267092	1,1,2,2,3,4	71.521748	0.036394	0.110987	0.472392	0.040940	0.157435	0.181852	0.036394	0.110987	0.472392	0.040940	0.157435	0.181852	0.112560	0.039013	0.208207	0.322515	0.088561	0.229144	0.112560	0.039013	0.208207	0.322515	0.088561	0.229144	0.042974	0.171078	0.622564	0.019999	0.112123	0.031262	0.078667	0.339964	0.288133	0.105342	0.009157	0.178736	1,2,2,3,4,2	71.797923	0.486869	0.644072	0.644072	2.353647	1.040839	0.644072	
215000	-117064	1,1,1,2,1,3	70.294958	4.769307	4.769307	4.769307	6.335954	4.769307	5.158762	1,2,2,3,1,2	70.365400	0.327022	0.015384	0.377496	0.280098	0.183281	0.362375	0.252697	0.201647	0.183281	0.362375	0.252697	0.201647	0.094376	0.007268	0.188144	0.710213	0.327022	0.015384	0.377496	0.280098	0.183281	0.362375	0.252697	0.201647	1,2,3,4,5,6	71.617723	0.234515	0.382652	0.091781	0.197564	0.051705	0.041783	0.031891	0.330134	0.274083	0.037680	0.206272	0.119941	0.125605	0.186675	0.114796	0.220357	0.287879	0.064689	0.024434	0.054789	0.311260	0.169790	0.300807	0.138920	0.170500	0.307948	0.301682	0.018737	0.156018	0.045115	0.161723	0.066590	0.242912	0.136149	0.088014	0.304611	1,1,1,2,2,1	70.633953	0.554419	0.554419	0.554419	1.933506	1.933506	0.554419	
216000	-115794	1,2,3,4,5,6	71.055289	6.148783	4.991982	6.333594	4.988248	6.609091	5.795431	1,2,3,4,5,6	72.027202	0.647665	0.022193	0.229535	0.100607	0.129599	0.560464	0.070387	0.239550	0.006866	0.639248	0.287582	0.066304	0.100333	0.082322	0.028810	0.788535	0.526002	0.020543	0.244386	0.209069	0.259539	0.139918	0.318567	0.281976	1,2,3,4,5,5	69.954873	0.031062	0.117213	0.306714	0.014837	0.434945	0.095229	0.058337	0.124913	0.373231	0.049051	0.128394	0.266074	0.061899	0.012471	0.253281	0.426055	0.241409	0.004884	0.251924	0.048145	0.200989	0.029040	0.034467	0.435435	0.035499	0.344230	0.077217	0.317474	0.124732	0.100848	0.035499	0.344230	0.077217	0.317474	0.124732	0.100848	1,2,3,4,4,1	71.834300	0.614392	0.642131	0.493122	3.090593	3.090593	0.614392	
217000	-115205	1,2,3,4,5,5	70.228059	4.580917	4.934280	5.495716	6.353583	5.581532	5.581532	1,2,3,4,5,3	69.361281	0.447931	0.088642	0.386418	0.077009	0.136148	0.201821	0.095320	0.566711	0.129604	0.522372	0.266655	0.081368	0.066704	0.021867	0.104290	0.807140	0.393583	0.043372	0.326228	0.236817	0.129604	0.522372	0.266655	0.081368	1,1,2,3,1,1	69.817994	0.036682	0.273430	0.340638	0.060442	0.105894	0.182914	0.036682	0.273430	0.340638	0.060442	0.105894	0.182914	0.070936	0.029923	0.211548	0.210223	0.391640	0.085729	0.051635	0.075719	0.191773	0.098118	0.198048	0.384707	0.036682	0.273430	0.340638	0.060442	0.105894	0.182914	0.036682	0.273430	0.340638	0.060442	0.105894	0.182914	1,2,3,4,5,2	70.664085	0.608770	0.663167	0.663601	2.158357	2.435667	0.663167	
218000	-117166	1,2,1,3,2,4	70.473277	4.481819	5.278445	4.481819	5.600387	5.278445	6.208215	1,2,3,4,5,2	70.702482	0.188016	0.023668	0.579095	0.209222	0.138539	0.306039	0.258978	0.296445	0.018524	0.326320	0.485489	0.169667	0.033586	0.073035	0.344027	0.549352	0.368424	0.074036	0.274351	0.283189	0.138539	0.306039	0.258978	0.296445	1,2,3,4,5,5	69.841722	0.324992	0.216870	0.178897	0.130332	0.048260	0.100649	0.116646	0.087729	0.262752	0.123526	0.134437	0.274910	0.019232	0.217183	0.001440	0.234301	0.408175	0.119669	0.094912	0.292985	0.454777	0.085763	0.037440	0.034122	0.093631	0.279003	0.295427	0.200595	0.046244	0.085100	0.093631	0.279003	0.295427	0.200595	0.046244	0.085100	1,2,3,4,5,1	69.226499	0.620317	0.671194	0.620813	2.253601	2.382575	0.620317	
219000	-119912	1,1,1,2,3,4	71.593129	4.430858	4.430858	4.430858	5.356729	5.844830	6.573606	1,2,3,4,1,5	69.796294	0.501456	0.067926	0.220370	0.210249	0.419490	0.302771	0.043299	0.234440	0.010833	0.198367	0.437219	0.353581	0.218370	0.209289	0.167562	0.404779	0.501456	0.067926	0.220370	0.210249	0.115204	0.208814	0.507543	0.168438	1,2,1,3,1,1	71.824303	0.175195	0.224073	0.323693	0.168119	0.035309	0.073611	0.111511	0.091857	0.191283	0.043053	0.250105	0.312191	0.175195	0.224073	0.323693	0.168119	0.035309	0.073611	0.038503	0.181280	0.063133	0.010071	0.058391	0.648622	0.175195	0.224073	0.323693	0.168119	0.035309	0.073611	0.175195	0.224073	0.323693	0.168119	0.035309	0.073611	1,2,3,4,5,1	71.374518	0.593292	0.666385	0.718437	1.291052	1.517095	0.593292	
220000	-118053	1,2,3,3,1,4	71.820150	4.886773	5.588393	4.018015	4.018015	4.886773	6.634198	1,2,3,4,5,2	71.845992	0.357715	0.099926	0.405867	0.136491	0.185179	0.249861	0.297295	0.267665	0.224168	0.459683	0.134437	0.181712	0.384947	0.171721	0.123104	0.320227	0.711145	0.021212	0.189206	0.078438	0.185179	0.249861	0.297295	0.267665	1,2,3,4,2,5	72.335905	0.080559	0.271697	0.292474	0.031720	0.071343	0.252207	0.029567	0.305255	0.301969	0.015570	0.223667	0.123971	0.060493	0.124238	0.034330	0.349866	0.320508	0.110564	0.138511	0.034072	0.230546	0.059242	0.133950	0.403679	0.029567	0.305255	0.301969	0.015570	0.223667	0.123971	0.148903	0.466635	0.079208	0.145926	0.044984	0.114343	1,2,1,3,4,1	71.792247	0.581940	0.748346	0.581940	2.402726	2.194769	0.581940	
221000	-119478	1,1,1,1,2,3	70.971743	4.026180	4.026180	4.026180	4.026180	5.437049	6.351186	1,2,3,4,5,4	70.837321	0.182923	0.154317	0.593151	0.069609	0.267386	0.233346	0.300157	0.199111	0.062203	0.752770	0.161860	0.023167	0.138494	0.114405	0.462373	0.284728	0.407376	0.065386	0.139905	0.387333	0.138494	0.114405	0.462373	0.284728	1,2,3,1,4,4	71.676968	0.041793	0.155015	0.590572	0.026761	0.015109	0.170751	0.068673	0.056140	0.180689	0.066896	0.268197	0.359405	0.007823	0.042976	0.009377	0.308919	0.591345	0.039560	0.041793	0.155015	0.590572	0.026761	0.015109	0.170751	0.200414	0.174946	0.309118	0.097047	0.051169	0.167308	0.200414	0.174946	0.309118	0.097047	0.051169	0.167308	1,1,2,3,3,4	69.814625	0.686812	0.686812	0.644297	2.058770	2.058770	0.617972	
222000	-116159	1,2,3,4,5,6	71.046685	5.004137	5.138056	5.260021	4.706679	5.595160	4.960471	1,2,3,4,1,3	71.402823	0.439840	0.016746	0.400282	0.143132	0.160582	0.339865	0.110947	0.388607	0.162965	0.432577	0.282121	0.122336	0.408162	0.081139	0.040932	0.469768	0.439840	0.016746	0.400282	0.143132	0.162965	0.432577	0.282121	0.122336	1,2,3,4,1,2	70.382706	0.199708	0.133977	0.211598	0.207934	0.217763	0.029019	0.058031	0.229692	0.174797	0.120214	0.175438	0.241828	0.035511	0.017700	0.029119	0.238933	0.195474	0.483263	0.076405	0.141606	0.100019	0.121466	0.009215	0.551289	0.199708	0.133977	0.211598	0.207934	0.217763	0.029019	0.058031	0.229692	0.174797	0.120214	0.175438	0.241828	1,1,1,2,2,3	72.400519	0.609720	0.609720	0.609720	2.322471	2.322471	0.715600	
223000	-116608	1,2,1,3,4,5	71.930898	4.468531	5.102294	4.468531	6.293551	5.719179	5.593462	1,2,3,4,1,3	72.121811	0.559741	0.055641	0.220453	0.164164	0.277065	0.332530	0.062027	0.328379	0.096859	0.311759	0.347838	0.243545	0.191185	0.074525	0.202097	0.532193	0.559741	0.055641	0.220453	0.164164	0.096859	0.311759	0.347838	0.243545	1,2,3,4,5,2	71.141069	0.045180	0.289335	0.185604	0.230221	0.168524	0.081136	0.042399	0.343226	0.155367	0.144796	0.127488	0.186724	0.046981	0.052033	0.039219	0.610552	0.217343	0.033872	0.088961	0.213219	0.068009	0.311818	0.009644	0.308349	0.067687	0.346774	0.276177	0.013860	0.204033	0.091470	0.042399	0.343226	0.155367	0.144796	0.127488	0.186724	1,1,1,2,2,1	71.127929	0.625309	0.625309	0.625309	2.057800	2.057800	0.625309	
224000	-116906	1,2,3,4,5,6	70.549784	5.153822	4.837838	5.332737	5.094935	5.233621	6.247216	1,2,3,2,1,4	71.447274	0.551552	0.010945	0.311359	0.126144	0.152892	0.165009	0.189850	0.492249	0.063740	0.529182	0.219211	0.187867	0.152892	0.165009	0.189850	0.492249	0.551552	0.010945	0.311359	0.126144	0.164829	0.246391	0.344786	0.243994	1,2,3,4,2,4	72.054001	0.107752	0.103663	0.069439	0.491994	0.133793	0.093358	0.067794	0.216883	0.339244	0.029236	0.335009	0.011834	0.002004	0.002838	0.098512	0.664963	0.185569	0.046114	0.165661	0.129605	0.353021	0.201419	0.066179	0.084114	0.067794	0.216883	0.339244	0.029236	0.335009	0.011834	0.165661	0.129605	0.353021	0.201419	0.066179	0.084114	1,1,2,3,4,1	72.710559	0.571543	0.571543	0.552050	1.915017	2.280466	0.571543	
225000	-117891	1,2,2,2,3,2	69.605992	5.410328	4.793804	4.793804	4.793804	5.524999	4.793804	1,2,2,3,4,1	71.667527	0.411806	0.142050	0.333036	0.113109	0.096089	0.473922	0.143563	0.286426	0.096089	0.473922	0.143563	0.286426	0.148395	0.051857	0.307949	0.491800	0.463510	0.011983	0.266573	0.257934	0.411806	0.142050	0.333036	0.113109	1,1,2,1,3,4	70.814151	0.075577	0.164286	0.391856	0.001838	0.120369	0.246074	0.075577	0.164286	0.391856	0.001838	0.120369	0.246074	0.208223	0.127054	0.003362	0.309502	0.182842	0.169017	0.075577	0.164286	0.391856	0.001838	0.120369	0.246074	0.338996	0.143766	0.203026	0.054271	0.164391	0.095551	0.201067	0.043592	0.068003	0.163200	0.381969	0.142169	1,2,3,4,4,5	73.000549	0.530415	0.776607	0.602926	2.625055	2.625055	0.662996	
226000	-118479	1,2,1,1,3,4	72.622855	4.145502	5.679530	4.145502	4.145502	5.377755	6.562399	1,2,3,4,4,3	70.323231	0.299497	0.363173	0.216223	0.121107	0.219228	0.516881	0.086188	0.177703	0.110198	0.335496	0.332323	0.221983	0.366302	0.158408	0.134213	0.341077	0.366302	0.158408	0.134213	0.341077	0.110198	0.335496	0.332323	0.221983	1,2,3,4,1,1	71.234341	0.037892	0.446745	0.306856	0.109960	0.061659	0.036887	0.108083	0.170331	0.162268	0.059647	0.160737	0.338934	0.197230	0.001724	0.168633	0.306523	0.175503	0.150386	0.036991	0.006431	0.164673	0.169160	0.078978	0.543768	0.037892	0.446745	0.306856	0.109960	0.061659	0.036887	0.037892	0.446745	0.306856	0.109960	0.061659	0.036887	1,2,1,3,4,2	69.996105	0.592844	0.564225	0.592844	1.585901	2.725827	0.564225	
227000	-118305	1,1,2,1,3,1	71.095276	4.470138	4.470138	6.551493	4.470138	5.611869	4.470138	1,2,3,4,5,3	71.590303	0.534092	0.148008	0.225923	0.091977	0.146092	0.542424	0.057489	0.253995	0.130779	0.525064	0.223696	0.120461	0.233482	0.348213	0.096761	0.321544	0.413614	0.118186	0.310895	0.157305	0.130779	0.525064	0.223696	0.120461	1,1,2,3,1,1	70.914779	0.050365	0.279607	0.263628	0.078797	0.136940	0.190663	0.050365	0.279607	0.263628	0.078797	0.136940	0.190663	0.026385	0.089836	0.123054	0.217895	0.280637	0.262193	0.023397	0.038825	0.122742	0.092313	0.119460	0.603264	0.050365	0.279607	0.263628	0.078797	0.136940	0.190663	0.050365	0.279607	0.263628	0.078797	0.136940	0.190663	1,2,2,3,4,5	71.555283	0.759136	0.656132	0.656132	1.395775	2.281148	0.685853	
228000	-116900	1,2,1,1,3,4	70.059103	4.497049	5.548796	4.497049	4.497049	5.041907	5.805328	1,2,3,4,1,3	71.068975	0.390101	0.129259	0.378444	0.102197	0.291647	0.186324	0.105185	0.416845	0.047956	0.381028	0.329758	0.241258	0.294348	0.005171	0.197992	0.502490	0.390101	0.129259	0.378444	0.102197	0.047956	0.381028	0.329758	0.241258	1,2,3,4,1,1	70.386094	0.086561	0.366395	0.434632	0.033639	0.003936	0.074836	0.040131	0.326807	0.240839	0.160829	0.105249	0.126144	0.010832	0.027820	0.278321	0.401757	0.236304	0.044966	0.018688	0.030420	0.323659	0.250455	0.059944	0.316834	0.086561	0.366395	0.434632	0.033639	0.003936	0.074836	0.086561	0.366395	0.434632	0.033639	0.003936	0.074836	1,2,2,3,3,4	69.663468	0.568697	0.672926	0.672926	1.841898	1.841898	0.518750	
229000	-117184	1,2,1,1,3,3	70.511405	4.544833	5.034688	4.544833	4.544833	5.651486	5.651486	1,2,3,4,1,5	71.950641	0.457685	0.022847	0.330875	0.188593	0.199041	0.414413	0.090493	0.296053	0.145964	0.536423	0.166828	0.150785	0.454678	0.043602	0.132572	0.369149	0.457685	0.022847	0.330875	0.188593	0.092397	0.136302	0.561837	0.209464	1,2,3,4,1,1	70.360669	0.096227	0.270338	0.245212	0.182874	0.082293	0.123056	0.010920	0.299537	0.352004	0.026992	0.113979	0.196568	0.063686	0.073952	0.243065	0.390471	0.095251	0.133576	0.051966	0.125476	0.284122	0.123588	0.021132	0.393715	0.096227	0.270338	0.245212	0.182874	0.082293	0.123056	0.096227	0.270338	0.245212	0.182874	0.082293	0.123056	1,2,1,3,4,1	72.356503	0.568834	0.613945	0.568834	2.037117	2.189379	0.568834	
230000	-116460	1,2,3,4,1,5	71.996008	4.866833	5.552123	5.767256	5.297284	4.866833	6.346708	1,2,3,4,5,3	72.290311	0.322374	0.021391	0.521051	0.135183	0.354321	0.177864	0.100358	0.367456	0.070909	0.460049	0.276719	0.192323	0.216717	0.079737	0.134189	0.569358	0.444019	0.151309	0.333152	0.071520	0.070909	0.460049	0.276719	0.192323	1,2,3,4,3,5	70.880040	0.129976	0.193634	0.232340	0.235138	0.140254	0.068659	0.057715	0.111439	0.120501	0.119635	0.255545	0.335165	0.008408	0.182825	0.390708	0.184453	0.189533	0.044072	0.433540	0.033079	0.272650	0.076619	0.027764	0.156348	0.008408	0.182825	0.390708	0.184453	0.189533	0.044072	0.028632	0.612189	0.082676	0.072783	0.026983	0.176738	1,2,3,4,5,3	70.357955	0.466983	0.697586	0.650621	2.850808	1.944506	0.650621	
231000	-116931	1,2,1,3,2,4	72.068002	5.005517	5.122107	5.005517	5.205878	5.122107	5.871642	1,2,3,4,5,6	71.766742	0.447102	0.029975	0.467838	0.055084	0.208624	0.297029	0.089980	0.404367	0.241516	0.372113	0.260365	0.126006	0.259866	0.140911	0.103868	0.495355	0.339361	0.107152	0.267120	0.286368	0.194990	0.346548	0.234088	0.224373	1,1,2,3,4,5	69.086869	0.118643	0.186087	0.301284	0.121253	0.218082	0.054651	0.118643	0.186087	0.301284	0.121253	0.218082	0.054651	0.067810	0.021301	0.099108	0.164182	0.396724	0.250875	0.253391	0.061619	0.121944	0.244162	0.027988	0.290895	0.008765	0.190845	0.273306	0.051149	0.470745	0.005190	0.044746	0.347699	0.136710	0.224304	0.038280	0.208262	1,2,2,3,3,1	73.536014	0.614401	0.582789	0.582789	2.034134	2.034134	0.614401	
232000	-115827	1,2,2,2,3,4	73.189401	5.032051	4.963214	4.963214	4.963214	5.236360	5.659905	1,2,3,4,1,3	72.496621	0.537243	0.059567	0.303250	0.099940	0.183525	0.342171	0.029881	0.444423	0.118397	0.434021	0.297761	0.149821	0.122528	0.143334	0.069208	0.664930	0.537243	0.059567	0.303250	0.099940	0.118397	0.434021	0.297761	0.149821	1,2,3,4,2,1	70.462043	0.043553	0.233114	0.424963	0.110573	0.020738	0.167059	0.063962	0.192083	0.368995	0.060680	0.204604	0.109677	0.163181	0.124002	0.167525	0.408906	0.124070	0.012317	0.126680	0.001610	0.272874	0.316912	0.000797	0.281127	0.063962	0.192083	0.368995	0.060680	0.204604	0.109677	0.043553	0.233114	0.424963	0.110573	0.020738	0.167059	1,2,2,3,4,2	71.177345	0.615742	0.596154	0.596154	2.312614	2.315201	0.596154	
233000	-114361	1,2,3,4,5,6	72.405329	5.376890	5.495455	6.070578	5.493228	5.718039	5.996342	1,2,3,4,5,6	71.571671	0.363851	0.040074	0.491018	0.105057	0.136315	0.304191	0.109503	0.449992	0.084878	0.599813	0.245772	0.069537	0.035660	0.021873	0.040196	0.902270	0.490693	0.052264	0.227074	0.229969	0.151672	0.304801	0.436920	0.106608	1,2,1,3,4,3	70.731308	0.048405	0.117810	0.291221	0.121164	0.222997	0.198403	0.087270	0.178533	0.425266	0.005617	0.126123	0.177191	0.048405	0.117810	0.291221	0.121164	0.222997	0.198403	0.116237	0.169543	0.406289	0.061476	0.084940	0.161515	0.084633	0.252066	0.189291	0.075962	0.323530	0.074519	0.116237	0.169543	0.406289	0.061476	0.084940	0.161515	1,1,2,3,4,1	70.689115	0.608424	0.608424	0.540828	1.862177	1.958532	0.608424	
234000	-117858	1,2,1,3,4,5	70.713315	4.354143	5.149430	4.354143	5.180284	6.136564	5.250559	1,2,2,3,1,4	69.621865	0.488642	0.059277	0.241808	0.210273	0.260260	0.328661	0.125408	0.285672	0.260260	0.328661	0.125408	0.285672	0.116152	0.200169	0.236033	0.447646	0.488642	0.059277	0.241808	0.210273	0.110308	0.120903	0.490975	0.277815	1,1,2,3,1,1	72.501729	0.047734	0.353275	0.287610	0.124244	0.111960	0.075178	0.047734	0.353275	0.287610	0.124244	0.111960	0.075178	0.037786	0.021724	0.124248	0.415011	0.206441	0.194790	0.105108	0.086674	0.372998	0.291891	0.034861	0.108469	0.047734	0.353275	0.287610	0.124244	0.111960	0.075178	0.047734	0.353275	0.287610	0.124244	0.111960	0.075178	1,1,2,3,3,4	70.162209	0.574168	0.574168	0.705025	2.877953	2.877953	0.552785	
235000	-117870	1,2,3,4,5,6	70.417799	5.293337	5.315414	5.445038	5.319636	5.736163	6.119079	1,2,3,4,5,2	71.169594	0.343066	0.195084	0.236552	0.225298	0.072260	0.326859	0.217929	0.382952	0.027350	0.768887	0.106451	0.097312	0.258361	0.107313	0.064984	0.569342	0.436547	0.065179	0.250183	0.248091	0.072260	0.326859	0.217929	0.382952	1,2,3,4,5,1	69.749186	0.154495	0.127013	0.436133	0.083942	0.101349	0.097068	0.057406	0.161129	0.295809	0.094333	0.165350	0.225973	0.113192	0.051934	0.157415	0.243819	0.373724	0.059915	0.103118	0.079710	0.095013	0.298591	0.028136	0.395431	0.035418	0.239832	0.161579	0.249879	0.204595	0.108697	0.154495	0.127013	0.436133	0.083942	0.101349	0.097068	1,2,3,4,5,3	70.255823	0.549720	0.785288	0.595522	1.445797	1.971559	0.595522	
236000	-115552	1,1,1,2,3,4	71.250790	4.353084	4.353084	4.353084	5.707957	5.309547	5.620577	1,2,2,3,1,4	72.062106	0.540993	0.027656	0.268858	0.162493	0.071691	0.440474	0.103054	0.384781	0.071691	0.440474	0.103054	0.384781	0.047510	0.042065	0.211060	0.699365	0.540993	0.027656	0.268858	0.162493	0.079436	0.358471	0.343993	0.218100	1,2,3,4,5,1	71.894419	0.065079	0.315446	0.241345	0.129703	0.061983	0.186443	0.057009	0.439763	0.240177	0.033525	0.064846	0.164679	0.054590	0.033417	0.033535	0.499533	0.216070	0.162855	0.078639	0.150451	0.441068	0.244421	0.022625	0.062797	0.101280	0.188797	0.170410	0.241441	0.271032	0.027040	0.065079	0.315446	0.241345	0.129703	0.061983	0.186443	1,2,3,4,5,6	69.814052	0.565664	0.598560	0.632918	1.913015	1.852306	0.674751	
237000	-117123	1,1,2,1,3,3	71.498430	4.704115	4.704115	6.493646	4.704115	5.186625	5.186625	1,2,3,4,4,2	72.065982	0.462724	0.012413	0.440643	0.084220	0.043624	0.313096	0.210128	0.433153	0.022619	0.514049	0.335116	0.128217	0.245405	0.026771	0.274836	0.452988	0.245405	0.026771	0.274836	0.452988	0.043624	0.313096	0.210128	0.433153	1,2,3,4,5,5	71.393102	0.071768	0.139699	0.313771	0.299716	0.084655	0.090390	0.036274	0.161813	0.296141	0.101651	0.268360	0.135761	0.047553	0.079825	0.414591	0.096172	0.312647	0.049212	0.177963	0.051928	0.225451	0.180481	0.155919	0.208259	0.155377	0.281412	0.264058	0.179271	0.051030	0.068852	0.155377	0.281412	0.264058	0.179271	0.051030	0.068852	1,2,1,3,4,5	70.358648	0.531170	0.634026	0.531170	1.422675	1.543921	0.635378	
238000	-117491	1,2,3,4,5,6	70.562095	5.254378	5.028920	5.697830	5.094857	5.629108	5.891386	1,2,3,4,5,6	71.579067	0.389190	0.042843	0.401002	0.166964	0.507939	0.149889	0.017813	0.324359	0.061389	0.624886	0.206631	0.107094	0.134218	0.301119	0.114980	0.449683	0.565927	0.098728	0.130543	0.204802	0.118927	0.353779	0.282150	0.245144	1,2,3,4,5,1	71.189732	0.195840	0.200833	0.318352	0.118421	0.068948	0.097605	0.151518	0.059847	0.181024	0.301340	0.146291	0.159980	0.060059	0.140468	0.031530	0.305179	0.390234	0.072530	0.159398	0.140912	0.124155	0.114631	0.036895	0.424008	0.212274	0.327039	0.153669	0.140997	0.112806	0.053216	0.195840	0.200833	0.318352	0.118421	0.068948	0.097605	1,2,1,3,4,1	72.578648	0.564528	0.615745	0.564528	2.967668	3.116602	0.564528	
239000	-116076	1,2,3,4,5,6	71.249210	5.672585	5.226275	5.008074	6.202026	5.653479	5.443327	1,2,3,4,1,3	73.180587	0.419652	0.055575	0.321439	0.203334	0.113610	0.238014	0.202866	0.445510	0.055141	0.426937	0.369358	0.148565	0.224936	0.027005	0.085412	0.662646	0.419652	0.055575	0.321439	0.203334	0.055141	0.426937	0.369358	0.148565	1,2,3,4,3,5	70.521991	0.097285	0.067168	0.124465	0.301460	0.364132	0.045490	0.128073	0.163942	0.288486	0.005196	0.152605	0.261699	0.003480	0.229696	0.203427	0.284718	0.219126	0.059554	0.041692	0.179147	0.403374	0.072281	0.028203	0.275303	0.003480	0.229696	0.203427	0.284718	0.219126	0.059554	0.303153	0.192521	0.304415	0.078275	0.046864	0.074772	1,2,3,4,5,6	71.484408	0.533921	0.634239	0.610785	1.859231	2.054814	0.603629	
240000	-115827	1,1,2,1,3,4	69.141396	4.831012	4.831012	5.901228	4.831012	5.681782	5.532275	1,2,3,4,1,5	70.664552	0.488333	0.043292	0.338767	0.129607	0.180940	0.400950	0.093642	0.324468	0.046554	0.373686	0.482913	0.096846	0.117153	0.069700	0.112689	0.700458	0.488333	0.043292	0.338767	0.129607	0.096346	0.198454	0.567754	0.137447	1,1,2,3,1,4	71.483384	0.075190	0.180477	0.350928	0.077262	0.145963	0.170180	0.075190	0.180477	0.350928	0.077262	0.145963	0.170180	0.032305	0.079839	0.378316	0.133005	0.327501	0.049034	0.493464	0.002360	0.058590	0.081067	0.093388	0.271131	0.075190	0.180477	0.350928	0.077262	0.145963	0.170180	0.053512	0.239955	0.323201	0.082091	0.152104	0.149137	1,2,3,4,5,6	71.482609	0.501344	0.859712	0.776668	1.681407	1.788577	0.762422	
241000	-117806	1,2,3,1,4,5	70.046174	4.838088	5.278640	5.389155	4.838088	5.598186	6.107199	1,2,3,4,1,5	70.226575	0.493788	0.024317	0.263310	0.218584	0.232603	0.255802	0.255315	0.256281	0.039850	0.371430	0.297354	0.291367	0.045548	0.184282	0.169676	0.600494	0.493788	0.024317	0.263310	0.218584	0.132736	0.261898	0.333535	0.271832	1,2,2,3,4,5	71.778945	0.106127	0.440697	0.241777	0.055480	0.098577	0.057342	0.110998	0.043683	0.189448	0.321790	0.284256	0.049825	0.110998	0.043683	0.189448	0.321790	0.284256	0.049825	0.186610	0.101201	0.299155	0.010908	0.170820	0.231305	0.150035	0.310566	0.200400	0.098532	0.163497	0.076971	0.094692	0.220148	0.189558	0.289673	0.117925	0.088004	1,2,2,3,3,4	71.302142	0.515514	0.604560	0.604560	1.884620	1.884620	0.614192	
242000	-117721	1,2,3,3,3,1	71.381072	5.467165	5.698355	5.167351	5.167351	5.167351	5.467165	1,2,3,2,4,5	71.370312	0.274315	0.082947	0.460655	0.182083	0.229566	0.295823	0.137890	0.336720	0.136805	0.570125	0.234668	0.058402	0.229566	0.295823	0.137890	0.336720	0.264690	0.039899	0.451881	0.243530	0.152292	0.410069	0.268419	0.169219	1,1,2,3,4,1	71.336671	0.101900	0.218979	0.395380	0.077028	0.111378	0.095335	0.101900	0.218979	0.395380	0.077028	0.111378	0.095335	0.003700	0.134613	0.220573	0.088743	0.429056	0.123315	0.428248	0.014712	0.162753	0.045998	0.016039	0.332250	0.150298	0.291266	0.283939	0.098118	0.161181	0.015197	0.101900	0.218979	0.395380	0.077028	0.111378	0.095335	1,2,3,4,5,6	70.744580	0.760836	0.647768	0.628583	2.299934	1.754235	0.641723	
243000	-115469	1,2,1,3,1,4	71.968651	5.244492	5.351148	5.244492	5.707318	5.244492	5.578397	1,2,3,4,5,3	70.987049	0.446687	0.038053	0.464059	0.051202	0.242896	0.378099	0.069791	0.309213	0.041054	0.395575	0.315575	0.247796	0.071618	0.066212	0.161562	0.700609	0.573079	0.203383	0.138848	0.084690	0.041054	0.395575	0.315575	0.247796	1,2,3,1,4,4	72.689436	0.014030	0.172874	0.304160	0.086638	0.073631	0.348667	0.116909	0.016649	0.210825	0.042099	0.266663	0.346855	0.296026	0.045542	0.078640	0.252633	0.319363	0.007795	0.014030	0.172874	0.304160	0.086638	0.073631	0.348667	0.027110	0.386669	0.318608	0.064264	0.086767	0.116581	0.027110	0.386669	0.318608	0.064264	0.086767	0.116581	1,1,1,2,3,1	70.911293	0.653641	0.653641	0.653641	1.653940	1.998958	0.653641	
244000	-118961	1,1,2,1,2,3	72.586172	4.139869	4.139869	5.320585	4.139869	5.320585	5.721294	1,2,3,4,1,5	69.718067	0.404271	0.011354	0.304153	0.280222	0.230340	0.507349	0.024769	0.237541	0.195029	0.286192	0.408546	0.110233	0.227203	0.109660	0.282366	0.380771	0.404271	0.011354	0.304153	0.280222	0.125018	0.326673	0.265040	0.283270	1,2,3,2,3,3	69.930176	0.016123	0.370058	0.136008	0.110811	0.363890	0.003110	0.045915	0.147914	0.399405	0.078795	0.080235	0.247735	0.060720	0.284530	0.254219	0.188489	0.141405	0.070638	0.045915	0.147914	0.399405	0.078795	0.080235	0.247735	0.060720	0.284530	0.254219	0.188489	0.141405	0.070638	0.060720	0.284530	0.254219	0.188489	0.141405	0.070638	1,2,2,3,3,2	69.958866	0.587956	0.590888	0.590888	2.024259	2.024259	0.590888	
245000	-117613	1,1,1,1,2,3	69.806697	4.906025	4.906025	4.906025	4.906025	4.846985	6.686981	1,2,2,3,4,5	73.475978	0.253038	0.187244	0.438435	0.121284	0.086316	0.491951	0.183061	0.238672	0.086316	0.491951	0.183061	0.238672	0.162343	0.200451	0.183088	0.454118	0.554447	0.139072	0.251290	0.055191	0.140571	0.207225	0.288289	0.363915	1,1,2,1,1,3	72.069737	0.043846	0.201952	0.406350	0.015392	0.107918	0.224542	0.043846	0.201952	0.406350	0.015392	0.107918	0.224542	0.110068	0.070208	0.219973	0.314532	0.238527	0.046692	0.043846	0.201952	0.406350	0.015392	0.107918	0.224542	0.043846	0.201952	0.406350	0.015392	0.107918	0.224542	0.128361	0.501820	0.124546	0.053498	0.068151	0.123623	1,2,1,3,4,1	71.507415	0.586544	0.725485	0.586544	2.577384	1.628311	0.586544	
246000	-117591	1,2,1,1,3,4	70.162739	4.246755	5.305508	4.246755	4.246755	5.690334	5.451119	1,2,3,4,1,2	70.870781	0.521061	0.063676	0.241105	0.174157	0.142872	0.362952	0.209820	0.284356	0.056155	0.295183	0.552972	0.095690	0.073828	0.171200	0.345576	0.409396	0.521061	0.063676	0.241105	0.174157	0.142872	0.362952	0.209820	0.284356	1,2,3,4,3,1	72.285346	0.053633	0.365937	0.234494	0.105635	0.098845	0.141455	0.008470	0.117367	0.430256	0.132716	0.192996	0.118195	0.087241	0.183700	0.223020	0.224015	0.268044	0.013979	0.164981	0.317357	0.273009	0.015111	0.059635	0.169908	0.087241	0.183700	0.223020	0.224015	0.268044	0.013979	0.053633	0.365937	0.234494	0.105635	0.098845	0.141455	1,2,3,4,4,2	69.940739	0.511714	0.618799	0.777124	2.538302	2.538302	0.618799	
247000	-117318	1,2,3,4,5,6	71.362338	5.973081	5.092368	6.492433	5.648431	5.648486	5.821987	1,2,3,4,4,5	71.727433	0.259550	0.272554	0.316262	0.151634	0.152864	0.198515	0.243222	0.405399	0.014684	0.532550	0.381135	0.071632	0.249907	0.113882	0.153616	0.482595	0.249907	0.113882	0.153616	0.482595	0.135539	0.133270	0.437728	0.293463	1,1,1,2,3,3	71.673271	0.033113	0.291997	0.255651	0.080549	0.201234	0.137457	0.033113	0.291997	0.255651	0.080549	0.201234	0.137457	0.033113	0.291997	0.255651	0.080549	0.201234	0.137457	0.103589	0.086968	0.230886	0.380182	0.010644	0.187731	0.017556	0.366745	0.193546	0.173010	0.158839	0.090303	0.017556	0.366745	0.193546	0.173010	0.158839	0.090303	1,2,3,4,5,3	70.875942	0.622243	0.606367	0.588881	2.421633	1.943199	0.588881	
248000	-115208	1,1,2,3,4,5	71.420601	4.612252	4.612252	5.734010	5.901864	5.199379	6.269386	1,2,3,4,5,2	69.991209	0.287891	0.110406	0.516752	0.084951	0.138969	0.205180	0.276395	0.379456	0.019117	0.755475	0.193213	0.032195	0.131383	0.056102	0.113448	0.699067	0.357821	0.059307	0.200277	0.382594	0.138969	0.205180	0.276395	0.379456	1,1,1,2,3,4	72.274167	0.076537	0.237678	0.362961	0.086628	0.176921	0.059274	0.076537	0.237678	0.362961	0.086628	0.176921	0.059274	0.076537	0.237678	0.362961	0.086628	0.176921	0.059274	0.029850	0.162688	0.216633	0.092436	0.074279	0.424114	0.064439	0.196085	0.232841	0.086288	0.365816	0.054532	0.094997	0.375492	0.156985	0.129268	0.055747	0.187512	1,2,1,3,4,2	69.517386	0.555831	0.616367	0.555831	1.920830	1.877581	0.616367	
249000	-115319	1,1,1,2,3,4	70.871499	4.982581	4.982581	4.982581	5.612784	5.613651	5.961874	1,2,3,4,1,5	71.448482	0.468493	0.062633	0.316200	0.152675	0.122270	0.185943	0.173302	0.518486	0.089712	0.380416	0.379267	0.150605	0.076150	0.047491	0.289449	0.586909	0.468493	0.062633	0.316200	0.152675	0.156158	0.315231	0.286764	0.241846	1,2,3,4,2,1	72.521895	0.088137	0.364317	0.247928	0.129170	0.062190	0.108258	0.059450	0.312200	0.332425	0.001781	0.179621	0.114523	0.068498	0.047642	0.042681	0.544921	0.293069	0.003188	0.070824	0.217523	0.336355	0.227404	0.004624	0.143270	0.059450	0.312200	0.332425	0.001781	0.179621	0.114523	0.088137	0.364317	0.247928	0.129170	0.062190	0.108258	1,2,3,4,5,1	71.078286	0.570364	0.668316	0.605141	2.572164	2.566305	0.570364	
250000	-117265	1,1,1,2,3,4	71.632362	4.270434	4.270434	4.270434	5.477692	5.593881	5.897466	1,2,3,4,1,3	71.017864	0.507728	0.076855	0.186652	0.228765	0.161519	0.388812	0.229194	0.220475	0.072393	0.261123	0.393642	0.272842	0.121076	0.147626	0.073683	0.657615	0.507728	0.076855	0.186652	0.228765	0.072393	0.261123	0.393642	0.272842	1,2,3,4,2,1	72.909308	0.077085	0.217488	0.261147	0.184251	0.166735	0.093294	0.027692	0.277963	0.225644	0.142061	0.195261	0.131380	0.053666	0.263249	0.221866	0.206448	0.190271	0.064499	0.175299	0.007696	0.145278	0.065956	0.052495	0.553275	0.027692	0.277963	0.225644	0.142061	0.195261	0.131380	0.077085	0.217488	0.261147	0.184251	0.166735	0.093294	1,2,2,3,3,2	69.755332	0.526773	0.634029	0.634029	1.919896	1.919896	0.634029	
251000	-117012	1,2,2,1,3,4	70.967794	4.602867	5.480927	5.480927	4.602867	5.762850	5.001298	1,2,3,4,5,6	72.210302	0.278363	0.141139	0.543680	0.036818	0.239166	0.286206	0.195566	0.279063	0.031152	0.426618	0.457862	0.084369	0.359770	0.010648	0.330462	0.299120	0.464680	0.056304	0.215465	0.263551	0.084456	0.439784	0.280780	0.194980	1,2,3,4,5,5	70.649908	0.073300	0.191755	0.372336	0.114825	0.120491	0.127293	0.004516	0.250651	0.285339	0.110754	0.174637	0.174104	0.046797	0.150316	0.145505	0.172946	0.327343	0.157093	0.064915	0.089772	0.198060	0.045050	0.335971	0.266232	0.074249	0.285708	0.247642	0.167154	0.105032	0.120215	0.074249	0.285708	0.247642	0.167154	0.105032	0.120215	1,1,1,2,2,1	71.731974	0.589181	0.589181	0.589181	1.755838	1.755838	0.589181	
252000	-116392	1,2,3,3,4,5	71.024878	5.534437	5.571099	5.024224	5.024224	5.382488	5.760269	1,2,3,4,5,3	70.285543	0.295576	0.122576	0.478115	0.103733	0.476493	0.185053	0.030675	0.307778	0.076960	0.412341	0.262548	0.248150	0.033869	0.012342	0.045406	0.908383	0.597441	0.117102	0.127055	0.158402	0.076960	0.412341	0.262548	0.248150	1,2,3,4,4,4	70.195303	0.171395	0.101882	0.196832	0.072438	0.181304	0.276150	0.011587	0.042135	0.304879	0.050401	0.197173	0.393824	0.042475	0.400782	0.007316	0.306202	0.189165	0.054060	0.048379	0.394316	0.339784	0.050341	0.067404	0.099776	0.048379	0.394316	0.339784	0.050341	0.067404	0.099776	0.048379	0.394316	0.339784	0.050341	0.067404	0.099776	1,1,1,2,3,1	71.490612	0.610560	0.610560	0.610560	1.993469	1.973390	0.610560	
253000	-117453	1,2,3,1,4,5	68.808929	4.289449	5.084917	5.515352	4.289449	5.478701	5.299904	1,2,3,4,5,6	71.622115	0.276179	0.248486	0.308933	0.166402	0.059969	0.438976	0.109462	0.391594	0.020907	0.442913	0.285818	0.250363	0.366175	0.067253	0.216360	0.350212	0.676603	0.018135	0.139005	0.166257	0.139821	0.421632	0.308963	0.129584	1,2,3,4,5,3	70.866019	0.003687	0.259829	0.362920	0.019201	0.098766	0.255597	0.026999	0.279903	0.278110	0.001034	0.194279	0.219675	0.103163	0.257288	0.278081	0.150568	0.087455	0.123446	0.132428	0.069972	0.302634	0.154469	0.015147	0.325350	0.123862	0.301301	0.177736	0.275547	0.098608	0.022946	0.103163	0.257288	0.278081	0.150568	0.087455	0.123446	1,1,2,3,4,2	71.317220	0.652551	0.652551	0.581820	1.377204	1.989840	0.581820	
254000	-115894	1,1,2,3,4,5	71.101436	4.821476	4.821476	7.164799	6.239709	5.749451	6.512407	1,2,3,4,1,5	70.111006	0.585159	0.023057	0.264030	0.127754	0.268995	0.463517	0.100679	0.166808	0.182068	0.443636	0.287792	0.086503	0.047875	0.029846	0.275660	0.646619	0.585159	0.023057	0.264030	0.127754	0.158422	0.464778	0.218782	0.158019	1,2,1,3,1,4	72.262501	0.027049	0.095186	0.105232	0.168807	0.577128	0.026598	0.022341	0.316167	0.230164	0.099710	0.178657	0.152962	0.027049	0.095186	0.105232	0.168807	0.577128	0.026598	0.298753	0.029942	0.473934	0.090517	0.005661	0.101193	0.027049	0.095186	0.105232	0.168807	0.577128	0.026598	0.111672	0.327641	0.213709	0.040715	0.058047	0.248216	1,2,3,4,5,1	72.381716	0.583787	0.669501	0.409074	2.163583	1.842176	0.583787	
255000	-116521	1,1,1,2,3,4	71.273338	4.642570	4.642570	4.642570	5.927630	5.188011	6.364576	1,2,3,4,5,3	71.631155	0.273642	0.090174	0.355083	0.281101	0.079545	0.221129	0.158920	0.540405	0.102879	0.319684	0.373216	0.204221	0.131970	0.092420	0.149101	0.626509	0.332360	0.163349	0.268422	0.235869	0.102879	0.319684	0.373216	0.204221	1,2,3,4,1,1	72.303925	0.085524	0.471279	0.286043	0.080223	0.030482	0.046449	0.235609	0.100402	0.328460	0.044727	0.140747	0.150055	0.061509	0.054437	0.172349	0.207101	0.288180	0.216424	0.515683	0.045985	0.149068	0.087356	0.005190	0.196718	0.085524	0.471279	0.286043	0.080223	0.030482	0.046449	0.085524	0.471279	0.286043	0.080223	0.030482	0.046449	1,2,3,4,5,1	70.325527	0.528314	0.645483	0.553124	1.245221	1.726294	0.528314	
256000	-116244	1,2,1,3,2,4	72.672624	4.661845	5.627297	4.661845	5.183524	5.627297	6.297347	1,2,3,4,1,5	71.423726	0.511744	0.094954	0.271808	0.121493	0.187463	0.162232	0.166886	0.483420	0.056741	0.377992	0.309512	0.255755	0.204169	0.142676	0.168651	0.484504	0.511744	0.094954	0.271808	0.121493	0.092141	0.258149	0.390918	0.258792	1,2,3,4,1,1	70.810797	0.069186	0.357909	0.319434	0.084699	0.111351	0.057420	0.071008	0.085168	0.269333	0.057180	0.347605	0.169706	0.233849	0.109269	0.226051	0.220723	0.187604	0.022504	0.206865	0.029297	0.158135	0.105395	0.014187	0.486121	0.069186	0.357909	0.319434	0.084699	0.111351	0.057420	0.069186	0.357909	0.319434	0.084699	0.111351	0.057420	1,2,3,4,4,5	70.833965	0.601461	0.607444	0.672626	2.011400	2.011400	0.626214	
257000	-116402	1,2,1,1,3,4	71.962116	5.047157	5.610271	5.047157	5.047157	5.976838	6.756467	1,2,3,4,1,5	73.019912	0.536303	0.014073	0.245297	0.204326	0.184548	0.262572	0.119949	0.432931	0.076914	0.285770	0.310270	0.327047	0.084882	0.086219	0.161504	0.667396	0.536303	0.014073	0.245297	0.204326	0.264331	0.220598	0.209970	0.305100	1,2,3,2,1,4	72.044560	0.053238	0.133794	0.108513	0.124336	0.541220	0.038898	0.002156	0.075093	0.456540	0.019728	0.235285	0.211199	0.223544	0.019406	0.057745	0.511776	0.174004	0.013526	0.002156	0.075093	0.456540	0.019728	0.235285	0.211199	0.053238	0.133794	0.108513	0.124336	0.541220	0.038898	0.077707	0.242966	0.186870	0.378685	0.047998	0.065774	1,1,1,2,3,4	71.492014	0.597676	0.597676	0.597676	1.954141	2.085853	0.514798	
258000	-115706	1,2,3,4,5,6	72.251681	4.851428	5.042971	6.104022	5.264825	5.211883	5.522296	1,2,3,4,1,5	71.083460	0.507576	0.087846	0.269467	0.135111	0.299217	0.163250	0.071710	0.465824	0.021824	0.507031	0.366096	0.105050	0.277297	0.035410	0.201466	0.485827	0.507576	0.087846	0.269467	0.135111	0.048088	0.332343	0.428337	0.191231	1,2,3,4,1,5	71.669374	0.024487	0.341597	0.353770	0.038595	0.121830	0.119721	0.120778	0.249114	0.162493	0.012593	0.268785	0.186238	0.048555	0.018256	0.184499	0.261974	0.318095	0.168621	0.255455	0.012126	0.180079	0.011393	0.237244	0.303703	0.024487	0.341597	0.353770	0.038595	0.121830	0.119721	0.022795	0.174440	0.501899	0.117011	0.108484	0.075371	1,2,1,3,4,1	71.509275	0.592630	0.735763	0.592630	2.196154	2.133513	0.592630	
259000	-116303	1,1,2,2,3,4	71.476289	4.870355	4.870355	6.352055	6.352055	5.563687	6.093445	1,2,2,3,1,4	71.321496	0.475363	0.068823	0.322603	0.133211	0.113416	0.604125	0.143224	0.139235	0.113416	0.604125	0.143224	0.139235	0.098881	0.051710	0.085851	0.763558	0.475363	0.068823	0.322603	0.133211	0.121105	0.138377	0.443871	0.296647	1,1,2,3,1,1	70.420496	0.041427	0.251754	0.328667	0.138997	0.144608	0.094548	0.041427	0.251754	0.328667	0.138997	0.144608	0.094548	0.038508	0.062954	0.319933	0.129977	0.310872	0.137756	0.247254	0.023895	0.270395	0.309222	0.005185	0.144050	0.041427	0.251754	0.328667	0.138997	0.144608	0.094548	0.041427	0.251754	0.328667	0.138997	0.144608	0.094548	1,2,1,3,3,1	72.692773	0.601889	0.622408	0.601889	2.270052	2.270052	0.601889	
260000	-117324	1,1,2,3,4,5	73.188466	4.913411	4.913411	5.530704	5.472826	5.604575	6.409272	1,2,3,4,1,5	71.606463	0.492228	0.021174	0.345777	0.140821	0.231270	0.410794	0.064059	0.293877	0.091382	0.512492	0.339380	0.056747	0.163632	0.066592	0.281885	0.487891	0.492228	0.021174	0.345777	0.140821	0.195479	0.358996	0.321468	0.124056	1,2,3,4,5,1	71.633539	0.163543	0.158210	0.097710	0.149397	0.293935	0.137205	0.084146	0.096108	0.239835	0.124643	0.245639	0.209631	0.140737	0.057515	0.325543	0.227056	0.149208	0.099941	0.056533	0.414737	0.292090	0.062960	0.012392	0.161287	0.020377	0.101900	0.395176	0.017541	0.351248	0.113758	0.163543	0.158210	0.097710	0.149397	0.293935	0.137205	1,1,1,2,3,1	70.768207	0.575815	0.575815	0.575815	2.311706	2.454391	0.575815	
261000	-116442	1,2,2,3,4,5	73.476006	4.776956	4.891697	4.891697	4.822855	5.442939	5.825025	1,2,3,2,1,3	72.640111	0.518240	0.033611	0.328589	0.119560	0.268306	0.223621	0.060190	0.447884	0.082089	0.338374	0.342160	0.237378	0.268306	0.223621	0.060190	0.447884	0.518240	0.033611	0.328589	0.119560	0.082089	0.338374	0.342160	0.237378	1,2,3,4,1,1	70.034313	0.016667	0.240677	0.354332	0.165000	0.133434	0.089891	0.031288	0.455327	0.118305	0.037945	0.162937	0.194198	0.021071	0.073460	0.411304	0.300600	0.096565	0.097000	0.078153	0.034032	0.069645	0.233548	0.007464	0.577157	0.016667	0.240677	0.354332	0.165000	0.133434	0.089891	0.016667	0.240677	0.354332	0.165000	0.133434	0.089891	1,2,3,4,5,2	72.323554	0.594956	0.581681	0.598519	2.127114	2.022421	0.581681	
262000	-115051	1,1,2,3,4,5	71.271781	5.165907	5.165907	5.960345	5.190919	5.704586	5.663454	1,2,3,4,1,2	72.678120	0.585488	0.024433	0.235488	0.154591	0.196980	0.282555	0.224195	0.296271	0.036416	0.527795	0.370309	0.065480	0.039642	0.111708	0.131687	0.716963	0.585488	0.024433	0.235488	0.154591	0.196980	0.282555	0.224195	0.296271	1,2,2,1,3,1	70.040953	0.040118	0.232785	0.352604	0.182065	0.039728	0.152700	0.035127	0.154042	0.261488	0.126370	0.258044	0.164929	0.035127	0.154042	0.261488	0.126370	0.258044	0.164929	0.040118	0.232785	0.352604	0.182065	0.039728	0.152700	0.008844	0.183658	0.256342	0.310446	0.167017	0.073693	0.040118	0.232785	0.352604	0.182065	0.039728	0.152700	1,2,2,3,3,4	71.658192	0.542038	0.562829	0.562829	2.194302	2.194302	0.672551	
263000	-118348	1,2,1,3,4,5	71.126710	4.123537	5.018197	4.123537	5.477758	5.283781	5.791722	1,2,3,2,4,3	72.499527	0.256377	0.111810	0.608360	0.023453	0.126922	0.189156	0.069648	0.614274	0.045172	0.301833	0.327438	0.325556	0.126922	0.189156	0.069648	0.614274	0.623416	0.113554	0.152448	0.110582	0.045172	0.301833	0.327438	0.325556	1,1,2,3,1,3	70.829124	0.076406	0.215577	0.287534	0.102678	0.138202	0.179601	0.076406	0.215577	0.287534	0.102678	0.138202	0.179601	0.051742	0.070286	0.137011	0.614791	0.080166	0.046004	0.288730	0.333863	0.105818	0.065197	0.062019	0.144373	0.076406	0.215577	0.287534	0.102678	0.138202	0.179601	0.288730	0.333863	0.105818	0.065197	0.062019	0.144373	1,1,1,2,3,1	71.508870	0.643248	0.643248	0.643248	2.555492	2.227353	0.643248	
264000	-116879	1,1,2,3,4,5	71.275709	4.784707	4.784707	5.460231	5.336767	5.580298	5.192054	1,2,3,4,1,5	71.364257	0.520381	0.028893	0.323946	0.126780	0.244803	0.461414	0.019473	0.274309	0.044608	0.700943	0.196565	0.057885	0.043190	0.207983	0.190025	0.558803	0.520381	0.028893	0.323946	0.126780	0.155103	0.507888	0.265401	0.071608	1,2,3,1,4,1	70.169215	0.148176	0.244250	0.237049	0.151124	0.057266	0.162135	0.099818	0.157825	0.348829	0.022608	0.126736	0.244184	0.083527	0.006282	0.063184	0.349205	0.233550	0.264252	0.148176	0.244250	0.237049	0.151124	0.057266	0.162135	0.021995	0.137680	0.348310	0.043563	0.313514	0.134937	0.148176	0.244250	0.237049	0.151124	0.057266	0.162135	1,2,2,3,4,2	70.299272	0.532884	0.643079	0.643079	2.060096	1.833794	0.643079	
265000	-116939	1,2,3,1,4,5	72.654817	4.871358	5.284668	5.335681	4.871358	5.491944	6.095138	1,2,3,4,1,5	72.922702	0.491976	0.035076	0.264593	0.208355	0.194184	0.285893	0.065099	0.454824	0.039461	0.435476	0.239575	0.285488	0.321403	0.065973	0.082541	0.530083	0.491976	0.035076	0.264593	0.208355	0.101284	0.271095	0.337441	0.290179	1,2,1,3,1,1	71.158358	0.127173	0.246581	0.223467	0.236367	0.119176	0.047236	0.077573	0.020152	0.284092	0.140358	0.199466	0.278358	0.127173	0.246581	0.223467	0.236367	0.119176	0.047236	0.309474	0.031785	0.384263	0.015653	0.052659	0.206166	0.127173	0.246581	0.223467	0.236367	0.119176	0.047236	0.127173	0.246581	0.223467	0.236367	0.119176	0.047236	1,2,2,3,3,4	70.756688	0.686392	0.664745	0.664745	2.005478	2.005478	0.517593	
266000	-116868	1,2,3,4,2,5	72.692978	5.852844	4.018496	6.956996	5.133638	4.018496	6.113165	1,2,3,4,5,2	70.754265	0.272025	0.031473	0.571266	0.125236	0.140046	0.261071	0.330760	0.268122	0.067888	0.611548	0.239488	0.081076	0.029542	0.168181	0.239352	0.562925	0.216225	0.261013	0.287915	0.234846	0.140046	0.261071	0.330760	0.268122	1,2,3,4,5,5	72.487219	0.231203	0.057265	0.106706	0.226842	0.284011	0.093973	0.194254	0.076810	0.325433	0.063318	0.297339	0.042847	0.036731	0.096993	0.007331	0.150219	0.665809	0.042916	0.028150	0.059934	0.622574	0.083832	0.043626	0.161884	0.102948	0.324411	0.217578	0.134859	0.110651	0.109553	0.102948	0.324411	0.217578	0.134859	0.110651	0.109553	1,1,2,3,4,1	71.679964	0.614709	0.614709	0.552586	2.234169	2.390060	0.614709	
267000	-115740	1,1,2,3,4,5	71.788777	4.868596	4.868596	5.443395	6.797834	5.581737	5.585765	1,2,3,4,5,3	71.921597	0.326104	0.076635	0.337261	0.259999	0.126314	0.552230	0.018726	0.302730	0.077530	0.469476	0.303885	0.149109	0.029449	0.075957	0.037359	0.857236	0.579631	0.049470	0.191374	0.179525	0.077530	0.469476	0.303885	0.149109	1,1,2,1,3,1	70.156163	0.116540	0.401442	0.232254	0.070365	0.039588	0.139811	0.116540	0.401442	0.232254	0.070365	0.039588	0.139811	0.010898	0.007912	0.186731	0.330407	0.234867	0.229184	0.116540	0.401442	0.232254	0.070365	0.039588	0.139811	0.027575	0.253309	0.111089	0.180417	0.306706	0.120905	0.116540	0.401442	0.232254	0.070365	0.039588	0.139811	1,2,1,3,3,1	69.693112	0.527864	0.659730	0.527864	1.850828	1.850828	0.527864	
268000	-116175	1,2,3,4,3,5	71.282274	4.115034	5.662270	5.019509	5.512814	5.019509	6.799804	1,2,3,2,1,4	70.972987	0.384018	0.064520	0.352752	0.198710	0.148197	0.291401	0.135145	0.425257	0.036262	0.504228	0.186311	0.273200	0.148197	0.291401	0.135145	0.425257	0.384018	0.064520	0.352752	0.198710	0.129633	0.204016	0.433112	0.233239	1,1,2,3,1,1	70.980246	0.074768	0.345570	0.249142	0.149382	0.120437	0.060700	0.074768	0.345570	0.249142	0.149382	0.120437	0.060700	0.006548	0.167651	0.190288	0.493746	0.120580	0.021187	0.103194	0.245549	0.200771	0.245005	0.008046	0.197434	0.074768	0.345570	0.249142	0.149382	0.120437	0.060700	0.074768	0.345570	0.249142	0.149382	0.120437	0.060700	1,2,2,3,4,2	70.313369	0.553272	0.604161	0.604161	1.337904	2.695975	0.604161	
269000	-115277	1,1,1,2,3,4	71.131629	4.618682	4.618682	4.618682	5.442703	5.972081	5.578154	1,2,2,3,1,2	71.134570	0.464427	0.025913	0.326223	0.183437	0.133053	0.402523	0.224723	0.239701	0.133053	0.402523	0.224723	0.239701	0.030974	0.045723	0.167636	0.755667	0.464427	0.025913	0.326223	0.183437	0.133053	0.402523	0.224723	0.239701	1,2,3,1,3,1	70.502070	0.101248	0.318180	0.312782	0.081444	0.074846	0.111501	0.057261	0.111949	0.242034	0.032703	0.290692	0.265361	0.000023	0.170156	0.156492	0.398189	0.275054	0.000087	0.101248	0.318180	0.312782	0.081444	0.074846	0.111501	0.000023	0.170156	0.156492	0.398189	0.275054	0.000087	0.101248	0.318180	0.312782	0.081444	0.074846	0.111501	1,2,1,3,3,2	68.415633	0.589236	0.646025	0.589236	2.316417	2.316417	0.646025	
270000	-116666	1,2,3,1,4,5	71.456596	5.295166	6.023438	5.412399	5.295166	5.905906	5.776213	1,2,3,4,1,4	70.506794	0.486560	0.045831	0.309966	0.157642	0.299519	0.273390	0.172075	0.255015	0.050768	0.684842	0.223554	0.040836	0.083895	0.219002	0.187735	0.509368	0.486560	0.045831	0.309966	0.157642	0.083895	0.219002	0.187735	0.509368	1,2,3,4,1,5	71.134155	0.332454	0.146424	0.217512	0.231206	0.058724	0.013681	0.053757	0.108703	0.415971	0.042120	0.102992	0.276456	0.048336	0.064071	0.063792	0.213836	0.531542	0.078424	0.185032	0.225301	0.227319	0.019999	0.012162	0.330187	0.332454	0.146424	0.217512	0.231206	0.058724	0.013681	0.035667	0.329399	0.177672	0.351022	0.065986	0.040254	1,2,1,3,4,1	71.339393	0.552616	0.783079	0.552616	2.429747	2.007361	0.552616	
271000	-116176	1,2,3,4,5,6	71.512186	4.750985	4.766265	5.413457	4.603198	5.588134	5.820425	1,2,3,4,5,2	70.809664	0.444317	0.078535	0.321750	0.155398	0.108275	0.278087	0.263518	0.350120	0.099948	0.448644	0.282075	0.169333	0.322016	0.105896	0.153599	0.418490	0.390810	0.081268	0.298983	0.228939	0.108275	0.278087	0.263518	0.350120	1,2,3,4,5,1	71.829144	0.080453	0.313298	0.250240	0.161327	0.124341	0.070341	0.243855	0.264435	0.275231	0.039940	0.133107	0.043433	0.027881	0.076667	0.126924	0.315756	0.385788	0.066984	0.110165	0.091989	0.213215	0.162922	0.123097	0.298612	0.017075	0.290394	0.194669	0.033586	0.415399	0.048877	0.080453	0.313298	0.250240	0.161327	0.124341	0.070341	1,2,3,4,5,6	72.924724	0.569782	0.671237	0.599997	2.089658	2.417549	0.634413	
272000	-117209	1,2,3,4,5,6	70.922889	4.979859	5.158254	4.826111	5.202340	5.821390	4.833729	1,2,3,4,5,2	70.999897	0.557583	0.022371	0.312517	0.107529	0.083951	0.412073	0.145728	0.358248	0.002105	0.812847	0.057504	0.127544	0.313649	0.112502	0.132230	0.441619	0.545083	0.014614	0.252129	0.188174	0.083951	0.412073	0.145728	0.358248	1,2,3,4,2,1	71.955278	0.155802	0.219343	0.208290	0.195000	0.067054	0.154510	0.064661	0.240639	0.381171	0.014464	0.271488	0.027576	0.196961	0.477008	0.003550	0.179494	0.119749	0.023238	0.365753	0.111597	0.182259	0.022104	0.054368	0.263919	0.064661	0.240639	0.381171	0.014464	0.271488	0.027576	0.155802	0.219343	0.208290	0.195000	0.067054	0.154510	1,2,2,3,4,2	69.258567	0.588279	0.624548	0.624548	2.427761	1.984620	0.624548	
273000	-115789	1,1,1,1,2,3	71.603511	4.821316	4.821316	4.821316	4.821316	5.496315	6.677554	1,2,3,4,1,5	71.051856	0.522862	0.041463	0.312420	0.123255	0.124979	0.207538	0.116858	0.550625	0.024888	0.522633	0.146072	0.306407	0.046332	0.067926	0.037382	0.848360	0.522862	0.041463	0.312420	0.123255	0.142196	0.203108	0.316258	0.338438	1,2,3,4,1,1	71.673936	0.032301	0.274090	0.385578	0.117802	0.096020	0.094209	0.080640	0.514761	0.186840	0.023653	0.127474	0.066633	0.096618	0.072053	0.163322	0.294421	0.158548	0.215038	0.024291	0.559678	0.180452	0.021736	0.052409	0.161434	0.032301	0.274090	0.385578	0.117802	0.096020	0.094209	0.032301	0.274090	0.385578	0.117802	0.096020	0.094209	1,2,3,4,5,3	70.429431	0.592281	0.627811	0.588265	2.127342	2.293457	0.588265	
274000	-116313	1,2,3,4,1,5	70.090714	4.561716	5.778204	5.375916	5.549702	4.561716	6.118886	1,2,3,4,5,6	70.626215	0.294495	0.083320	0.412178	0.210007	0.323598	0.235321	0.061946	0.379135	0.036516	0.527559	0.282239	0.153687	0.026809	0.147774	0.153364	0.672053	0.728383	0.044212	0.067713	0.159693	0.142358	0.219986	0.464050	0.173606	1,2,3,4,1,1	72.348231	0.082740	0.276423	0.160764	0.299579	0.055183	0.125310	0.039676	0.037797	0.377160	0.140010	0.178911	0.226446	0.016291	0.228888	0.031268	0.407214	0.228050	0.088288	0.114631	0.016535	0.329820	0.221330	0.035617	0.282066	0.082740	0.276423	0.160764	0.299579	0.055183	0.125310	0.082740	0.276423	0.160764	0.299579	0.055183	0.125310	1,2,2,3,4,5	72.063265	0.556336	0.622649	0.622649	1.446699	2.477241	0.600700	
275000	-116650	1,2,3,4,5,6	70.841382	4.150280	5.048298	5.857004	4.320386	5.397875	6.258504	1,2,3,4,5,3	69.962856	0.372720	0.113324	0.294988	0.218967	0.106762	0.225401	0.213615	0.454222	0.041585	0.305728	0.457642	0.195046	0.262867	0.053100	0.154857	0.529176	0.511015	0.039939	0.273667	0.175379	0.041585	0.305728	0.457642	0.195046	1,2,3,4,2,1	70.825516	0.046231	0.344043	0.218657	0.144550	0.126549	0.119969	0.101844	0.267634	0.332089	0.061158	0.146710	0.090565	0.034182	0.254984	0.075804	0.203441	0.404746	0.026843	0.195599	0.124464	0.281782	0.145869	0.034449	0.217838	0.101844	0.267634	0.332089	0.061158	0.146710	0.090565	0.046231	0.344043	0.218657	0.144550	0.126549	0.119969	1,2,3,4,4,5	73.470460	0.650346	0.664202	0.695336	1.992347	1.992347	0.710383	
276000	-117841	1,2,1,3,4,5	71.407573	4.862143	5.388438	4.862143	5.195277	5.859086	6.896795	1,2,3,2,4,5	71.982763	0.386543	0.092690	0.261158	0.259609	0.212362	0.130885	0.161321	0.495433	0.342735	0.372030	0.246598	0.038637	0.212362	0.130885	0.161321	0.495433	0.622060	0.027717	0.231994	0.118229	0.077265	0.315261	0.398484	0.208989	1,2,3,4,3,1	71.403101	0.084092	0.285463	0.299939	0.211912	0.085274	0.033319	0.128439	0.207307	0.237512	0.013858	0.154688	0.258197	0.047579	0.148273	0.153511	0.166352	0.468961	0.015323	0.120219	0.058572	0.363181	0.176282	0.018490	0.263256	0.047579	0.148273	0.153511	0.166352	0.468961	0.015323	0.084092	0.285463	0.299939	0.211912	0.085274	0.033319	1,2,3,4,5,6	70.351851	0.657543	0.634449	0.613680	2.129317	2.522700	0.638197	
277000	-118903	1,2,3,1,4,5	71.422133	4.193607	4.662005	5.269312	4.193607	5.569568	5.670461	1,2,3,2,1,3	70.879371	0.454317	0.029202	0.298092	0.218390	0.090509	0.320957	0.185718	0.402816	0.110443	0.365695	0.319462	0.204400	0.090509	0.320957	0.185718	0.402816	0.454317	0.029202	0.298092	0.218390	0.110443	0.365695	0.319462	0.204400	1,2,3,4,1,4	71.453104	0.239426	0.192920	0.148231	0.128318	0.258094	0.033009	0.227996	0.198457	0.214556	0.138195	0.113054	0.107741	0.137290	0.287033	0.079205	0.148803	0.290191	0.057477	0.115096	0.088143	0.310498	0.092308	0.127323	0.266632	0.239426	0.192920	0.148231	0.128318	0.258094	0.033009	0.115096	0.088143	0.310498	0.092308	0.127323	0.266632	1,2,2,3,3,4	72.198790	0.470466	0.608185	0.608185	2.206158	2.206158	0.647730	
278000	-116149	1,2,1,3,4,5	70.525138	4.939731	4.690305	4.939731	5.925172	5.673324	4.889801	1,2,3,4,5,6	69.422710	0.574520	0.028764	0.251180	0.145535	0.047780	0.229204	0.432959	0.290057	0.063859	0.654188	0.144133	0.137820	0.201050	0.014994	0.086116	0.697840	0.537391	0.006614	0.150971	0.305024	0.045894	0.388535	0.394766	0.170805	1,2,3,4,1,2	72.141877	0.202666	0.136763	0.132018	0.190177	0.319138	0.019238	0.201003	0.166848	0.442586	0.063289	0.056328	0.069947	0.090282	0.008309	0.038589	0.312236	0.323962	0.226621	0.047056	0.073500	0.079784	0.433962	0.123054	0.242645	0.202666	0.136763	0.132018	0.190177	0.319138	0.019238	0.201003	0.166848	0.442586	0.063289	0.056328	0.069947	1,2,1,3,4,1	73.563510	0.588760	0.797347	0.588760	2.224936	2.283325	0.588760	
279000	-116005	1,2,3,1,1,4	70.483169	4.596701	5.513425	5.142756	4.596701	4.596701	5.756576	1,2,3,4,1,5	71.060556	0.392889	0.110297	0.311237	0.185577	0.080881	0.462626	0.192497	0.263996	0.013387	0.724318	0.211623	0.050672	0.040298	0.065311	0.111245	0.783146	0.392889	0.110297	0.311237	0.185577	0.042957	0.224737	0.248282	0.484024	1,1,2,3,1,4	69.969681	0.066846	0.360823	0.374952	0.019600	0.127275	0.050504	0.066846	0.360823	0.374952	0.019600	0.127275	0.050504	0.106338	0.019415	0.001774	0.488724	0.270886	0.112864	0.008410	0.068536	0.365065	0.124294	0.216546	0.217149	0.066846	0.360823	0.374952	0.019600	0.127275	0.050504	0.113317	0.264613	0.128551	0.378019	0.075718	0.039782	1,2,1,3,4,1	71.427786	0.561641	0.823188	0.561641	2.239748	2.238431	0.561641	
280000	-116365	1,2,1,3,4,5	70.368260	4.584725	4.732589	4.584725	4.905554	5.891056	5.617340	1,2,3,4,1,5	71.040449	0.525420	0.022687	0.312252	0.139641	0.293214	0.242340	0.184559	0.279886	0.342141	0.461783	0.157373	0.038703	0.187691	0.124578	0.046042	0.641688	0.525420	0.022687	0.312252	0.139641	0.085187	0.393019	0.273327	0.248467	1,2,3,4,1,5	71.397103	0.098687	0.363239	0.242102	0.117753	0.062498	0.115720	0.112669	0.027973	0.191467	0.017047	0.462256	0.188589	0.000932	0.010147	0.101425	0.431516	0.329797	0.126183	0.041179	0.029743	0.156285	0.106360	0.101573	0.564860	0.098687	0.363239	0.242102	0.117753	0.062498	0.115720	0.092788	0.273600	0.106418	0.202229	0.194216	0.130749	1,2,3,4,5,6	71.778205	0.539110	0.611092	0.615992	2.902239	2.535314	0.547422	
281000	-117506	1,2,2,1,3,4	72.249341	4.970266	5.239973	5.239973	4.970266	5.321236	7.106717	1,2,2,3,4,5	72.019321	0.361972	0.177512	0.416652	0.043864	0.131714	0.418016	0.165702	0.284568	0.131714	0.418016	0.165702	0.284568	0.419502	0.033514	0.094844	0.452141	0.272783	0.035934	0.501440	0.189842	0.149038	0.253330	0.312004	0.285628	1,2,3,4,1,3	71.254085	0.019160	0.211913	0.400946	0.075868	0.187102	0.105012	0.021434	0.297068	0.344951	0.060189	0.155590	0.120768	0.017098	0.202846	0.216464	0.365484	0.097719	0.100389	0.042023	0.073881	0.284612	0.090824	0.038182	0.470478	0.019160	0.211913	0.400946	0.075868	0.187102	0.105012	0.017098	0.202846	0.216464	0.365484	0.097719	0.100389	1,2,1,3,4,1	72.558905	0.570880	0.570689	0.570880	2.419963	1.916720	0.570880	
282000	-117652	1,2,3,4,5,6	70.590704	4.620165	5.769076	4.749228	5.235534	5.423161	5.388112	1,2,3,2,4,5	71.492324	0.351113	0.175307	0.367260	0.106320	0.182917	0.238899	0.077768	0.500415	0.064547	0.327865	0.456620	0.150967	0.182917	0.238899	0.077768	0.500415	0.693983	0.005764	0.129189	0.171064	0.074805	0.425183	0.371979	0.128034	1,2,3,4,5,4	72.078981	0.200121	0.409432	0.183331	0.092528	0.028609	0.085978	0.104427	0.117159	0.349749	0.085375	0.081637	0.261653	0.101096	0.119890	0.065200	0.188925	0.470598	0.054291	0.085900	0.281771	0.361970	0.071678	0.045366	0.153316	0.012911	0.306247	0.231882	0.115829	0.138839	0.194293	0.085900	0.281771	0.361970	0.071678	0.045366	0.153316	1,1,1,2,2,1	71.389946	0.618781	0.618781	0.618781	1.508938	1.508938	0.618781	
283000	-115934	1,2,3,4,5,6	70.913900	6.205165	4.348251	5.458389	5.855436	5.789911	5.533973	1,2,3,4,1,2	70.604890	0.575245	0.029552	0.254993	0.140209	0.177892	0.399325	0.209300	0.213483	0.034611	0.563159	0.230886	0.171344	0.182608	0.036252	0.202831	0.578310	0.575245	0.029552	0.254993	0.140209	0.177892	0.399325	0.209300	0.213483	1,1,2,3,4,5	70.025486	0.009714	0.087353	0.286875	0.085573	0.307470	0.223016	0.009714	0.087353	0.286875	0.085573	0.307470	0.223016	0.100809	0.127593	0.062079	0.366461	0.318225	0.024834	0.115318	0.339070	0.156468	0.055756	0.068872	0.264517	0.011244	0.255964	0.219076	0.326484	0.168341	0.018891	0.180678	0.216616	0.188074	0.191767	0.103054	0.119810	1,2,1,3,3,2	69.696829	0.520362	0.707024	0.520362	2.277560	2.277560	0.707024	
284000	-116739	1,1,2,3,4,5	73.840401	5.490173	5.490173	5.362123	5.760517	5.414234	5.741572	1,2,3,4,1,2	70.292853	0.459250	0.012899	0.393529	0.134322	0.128569	0.273372	0.314093	0.283967	0.095230	0.291049	0.485305	0.128416	0.069052	0.232855	0.223116	0.474977	0.459250	0.012899	0.393529	0.134322	0.128569	0.273372	0.314093	0.283967	1,2,1,3,1,4	71.025659	0.147308	0.066075	0.144841	0.281433	0.330897	0.029447	0.276961	0.023002	0.337692	0.037743	0.257812	0.066789	0.147308	0.066075	0.144841	0.281433	0.330897	0.029447	0.087058	0.201135	0.418029	0.070154	0.025446	0.198179	0.147308	0.066075	0.144841	0.281433	0.330897	0.029447	0.120235	0.221480	0.500011	0.051997	0.068371	0.037905	1,2,2,3,4,1	69.683861	0.571989	0.766006	0.766006	2.026182	1.903597	0.571989	
285000	-118731	1,2,2,3,4,5	71.852721	5.010818	4.388192	4.388192	5.762389	5.549604	6.832673	1,2,3,4,5,6	72.295709	0.398353	0.215868	0.185754	0.200025	0.078229	0.346587	0.027099	0.548085	0.042590	0.325017	0.477585	0.154808	0.179369	0.103794	0.069799	0.647038	0.423744	0.111205	0.184074	0.280978	0.054260	0.311855	0.386704	0.247181	1,2,3,2,4,4	72.363068	0.107245	0.119369	0.267460	0.114356	0.225842	0.165729	0.063797	0.196815	0.378727	0.051374	0.080971	0.228315	0.216878	0.060625	0.144777	0.277162	0.271001	0.029557	0.063797	0.196815	0.378727	0.051374	0.080971	0.228315	0.052389	0.601304	0.148443	0.030260	0.063973	0.103631	0.052389	0.601304	0.148443	0.030260	0.063973	0.103631	1,2,3,4,4,5	70.750602	0.549430	0.845897	0.768922	2.914267	2.914267	0.598646	
286000	-116744	1,2,3,3,4,5	71.627869	6.801821	5.726662	4.839916	4.839916	6.432720	6.368375	1,2,3,4,1,5	71.073914	0.506971	0.030648	0.352971	0.109410	0.220504	0.200805	0.222287	0.356405	0.196026	0.274419	0.393937	0.135617	0.027001	0.190355	0.199958	0.582686	0.506971	0.030648	0.352971	0.109410	0.102489	0.259230	0.457460	0.180820	1,2,3,4,3,1	71.228056	0.260285	0.199655	0.195274	0.202207	0.065116	0.077463	0.045642	0.093199	0.531437	0.043142	0.124674	0.161907	0.014011	0.127387	0.194424	0.273035	0.386898	0.004246	0.111903	0.341791	0.285933	0.112148	0.013132	0.135093	0.014011	0.127387	0.194424	0.273035	0.386898	0.004246	0.260285	0.199655	0.195274	0.202207	0.065116	0.077463	1,2,3,4,5,6	71.844139	0.577284	0.599295	0.688569	1.757023	2.188406	0.562516	
287000	-118192	1,2,1,2,2,3	71.973297	3.889345	5.508482	3.889345	5.508482	5.508482	6.372957	1,2,3,3,1,4	71.336618	0.482915	0.106205	0.247137	0.163743	0.233705	0.269432	0.151976	0.344887	0.107113	0.295051	0.158944	0.438892	0.107113	0.295051	0.158944	0.438892	0.482915	0.106205	0.247137	0.163743	0.102383	0.233308	0.476928	0.187382	1,2,3,4,1,5	70.956686	0.013421	0.353308	0.309292	0.149948	0.047971	0.126060	0.182139	0.076612	0.351367	0.048137	0.209372	0.132374	0.243298	0.030274	0.016815	0.461071	0.095391	0.153152	0.015667	0.081475	0.141948	0.087592	0.002981	0.670338	0.013421	0.353308	0.309292	0.149948	0.047971	0.126060	0.011003	0.181786	0.522735	0.095730	0.088019	0.100728	1,2,3,4,5,1	69.727741	0.585280	0.544201	0.657419	2.504536	2.318359	0.585280	
288000	-116312	1,1,2,3,4,5	71.959235	4.707868	4.707868	5.814659	5.652016	5.735099	5.827684	1,2,3,4,1,2	70.539263	0.435032	0.045002	0.322753	0.197213	0.129791	0.346030	0.250588	0.273591	0.082666	0.553391	0.261836	0.102108	0.197974	0.143850	0.076671	0.581505	0.435032	0.045002	0.322753	0.197213	0.129791	0.346030	0.250588	0.273591	1,2,3,4,2,1	72.816487	0.058242	0.359613	0.397212	0.105754	0.018462	0.060716	0.080326	0.138391	0.282552	0.186742	0.209370	0.102618	0.068108	0.017317	0.014075	0.310227	0.329952	0.260320	0.370628	0.134786	0.170259	0.046355	0.079289	0.198683	0.080326	0.138391	0.282552	0.186742	0.209370	0.102618	0.058242	0.359613	0.397212	0.105754	0.018462	0.060716	1,2,3,4,4,5	71.789438	0.596922	0.626085	0.595654	2.117878	2.117878	0.523203	
289000	-115417	1,1,2,3,4,5	71.857168	4.181381	4.181381	6.496554	6.196067	5.446315	5.772287	1,2,3,4,5,6	69.661879	0.299484	0.150433	0.404338	0.145745	0.119580	0.158319	0.274893	0.447207	0.014132	0.411423	0.520071	0.054374	0.144112	0.070750	0.143545	0.641593	0.449406	0.062383	0.256641	0.231570	0.100979	0.328288	0.214661	0.356072	1,2,2,3,1,1	71.067347	0.033245	0.340712	0.320697	0.121474	0.056914	0.126958	0.032132	0.175511	0.418347	0.031209	0.302458	0.040343	0.032132	0.175511	0.418347	0.031209	0.302458	0.040343	0.068100	0.156693	0.114018	0.432790	0.003263	0.225137	0.033245	0.340712	0.320697	0.121474	0.056914	0.126958	0.033245	0.340712	0.320697	0.121474	0.056914	0.126958	1,2,3,4,5,2	70.944298	0.673374	0.550305	0.526477	1.961096	2.120413	0.550305	
290000	-117182	1,1,1,2,3,4	70.850520	4.860235	4.860235	4.860235	5.151167	5.777261	5.718028	1,2,3,4,5,2	71.477291	0.412862	0.106885	0.415513	0.064739	0.118031	0.246755	0.231403	0.403811	0.013788	0.443025	0.138982	0.404204	0.141210	0.207717	0.050971	0.600102	0.493319	0.138739	0.199878	0.168064	0.118031	0.246755	0.231403	0.403811	1,2,3,4,5,6	72.374176	0.026673	0.197398	0.151101	0.082134	0.432965	0.109729	0.258328	0.139367	0.227445	0.099737	0.191221	0.083902	0.295765	0.016302	0.171307	0.277910	0.109616	0.129100	0.128456	0.218617	0.225471	0.166648	0.019735	0.241073	0.035597	0.280919	0.195911	0.369555	0.108217	0.009802	0.123786	0.359800	0.192641	0.106165	0.023173	0.194434	1,2,3,4,4,1	71.199720	0.573143	0.684102	0.673767	2.500953	2.500953	0.573143	
291000	-116222	1,2,3,4,1,5	73.145382	5.193102	5.500164	5.821283	5.976976	5.193102	5.431601	1,2,2,3,4,5	70.666487	0.382496	0.026547	0.469066	0.121891	0.077892	0.527119	0.208271	0.186718	0.077892	0.527119	0.208271	0.186718	0.239909	0.133381	0.033238	0.593472	0.624642	0.006284	0.220716	0.148358	0.110698	0.110329	0.387113	0.391860	1,2,3,4,5,6	69.126587	0.146667	0.141178	0.290798	0.072533	0.269304	0.079520	0.013352	0.260269	0.381589	0.018765	0.281972	0.044052	0.032195	0.119602	0.234469	0.332064	0.248873	0.032798	0.091379	0.145104	0.060914	0.378594	0.012288	0.311722	0.111846	0.142209	0.152938	0.060557	0.471829	0.060621	0.090921	0.112670	0.384288	0.200153	0.152650	0.059317	1,1,1,2,2,3	69.888101	0.594386	0.594386	0.594386	1.776487	1.776487	0.579490	
292000	-118076	1,2,3,4,5,6	71.818058	4.948735	5.549091	5.344472	6.408923	5.607916	5.867105	1,2,3,4,1,3	71.568422	0.483673	0.029524	0.335175	0.151628	0.211344	0.406456	0.056257	0.325942	0.089908	0.352357	0.325977	0.231759	0.008475	0.060290	0.418668	0.512567	0.483673	0.029524	0.335175	0.151628	0.089908	0.352357	0.325977	0.231759	1,2,1,3,4,2	70.228017	0.012271	0.189349	0.228080	0.353166	0.139527	0.077607	0.128068	0.217815	0.274343	0.054115	0.186591	0.139068	0.012271	0.189349	0.228080	0.353166	0.139527	0.077607	0.262205	0.096775	0.268388	0.139825	0.169536	0.063270	0.206360	0.112666	0.145035	0.088309	0.431838	0.015792	0.128068	0.217815	0.274343	0.054115	0.186591	0.139068	1,1,1,2,2,1	71.027235	0.667339	0.667339	0.667339	1.905517	1.905517	0.667339	
293000	-117088	1,2,3,2,4,5	70.930359	5.049312	4.870513	5.727586	4.870513	5.590063	6.369424	1,2,3,4,1,5	71.391309	0.517304	0.008240	0.348917	0.125539	0.233685	0.228796	0.221981	0.315539	0.067139	0.357224	0.340615	0.235023	0.068375	0.340698	0.210700	0.380227	0.517304	0.008240	0.348917	0.125539	0.179828	0.302907	0.340015	0.177251	1,2,1,3,1,4	70.402849	0.081627	0.082098	0.109886	0.305023	0.401501	0.019865	0.026567	0.118213	0.270304	0.098905	0.248983	0.237027	0.081627	0.082098	0.109886	0.305023	0.401501	0.019865	0.362840	0.063391	0.346275	0.142147	0.010484	0.074863	0.081627	0.082098	0.109886	0.305023	0.401501	0.019865	0.097728	0.193263	0.197482	0.136020	0.111387	0.264120	1,1,1,2,2,1	73.051492	0.607971	0.607971	0.607971	2.012785	2.012785	0.607971	
294000	-115774	1,2,2,3,4,3	71.954868	4.883227	5.106299	5.106299	5.135165	5.749798	5.135165	1,2,3,4,5,6	70.898530	0.426185	0.029948	0.380516	0.163350	0.279496	0.323180	0.054662	0.342662	0.116865	0.620146	0.151508	0.111482	0.178502	0.160658	0.055544	0.605296	0.566744	0.031699	0.123076	0.278482	0.033064	0.161118	0.474379	0.331438	1,1,2,3,4,4	73.089461	0.026329	0.309751	0.199725	0.236660	0.112576	0.114959	0.026329	0.309751	0.199725	0.236660	0.112576	0.114959	0.102135	0.093937	0.012505	0.290462	0.334583	0.166379	0.053915	0.040582	0.106006	0.231956	0.029971	0.537569	0.074169	0.356638	0.192488	0.162453	0.108377	0.105876	0.074169	0.356638	0.192488	0.162453	0.108377	0.105876	1,2,3,4,5,3	73.383278	0.538275	0.604042	0.591916	1.931037	2.331625	0.591916	
295000	-117407	1,2,3,4,5,6	71.501025	4.889051	5.877983	4.835552	5.084664	5.462065	6.162744	1,2,3,4,1,3	71.782845	0.418345	0.040057	0.390495	0.151104	0.298473	0.247274	0.051143	0.403110	0.107936	0.335416	0.280480	0.276168	0.364041	0.003230	0.069350	0.563379	0.418345	0.040057	0.390495	0.151104	0.107936	0.335416	0.280480	0.276168	1,2,3,4,1,3	71.498238	0.069020	0.256451	0.294864	0.055899	0.242180	0.081585	0.013776	0.218965	0.288713	0.027774	0.181559	0.269213	0.068095	0.280872	0.072530	0.361325	0.054717	0.162461	0.126765	0.001451	0.277903	0.072899	0.136123	0.384859	0.069020	0.256451	0.294864	0.055899	0.242180	0.081585	0.068095	0.280872	0.072530	0.361325	0.054717	0.162461	1,2,2,3,4,1	71.595307	0.516879	0.668426	0.668426	1.473192	1.996587	0.516879	
296000	-119527	1,2,3,4,5,6	72.373914	5.284535	5.361078	5.624400	6.448227	5.431517	6.567950	1,2,3,4,1,3	71.889909	0.479836	0.081884	0.331005	0.107275	0.220208	0.309539	0.179173	0.291080	0.177745	0.210342	0.357762	0.254151	0.389352	0.047601	0.198465	0.364583	0.479836	0.081884	0.331005	0.107275	0.177745	0.210342	0.357762	0.254151	1,2,3,4,1,5	71.004088	0.040740	0.256492	0.459250	0.005074	0.127551	0.110893	0.108254	0.306258	0.254481	0.035367	0.147657	0.147983	0.069058	0.231992	0.411868	0.181536	0.082032	0.023514	0.098142	0.536740	0.127131	0.033927	0.041698	0.162363	0.040740	0.256492	0.459250	0.005074	0.127551	0.110893	0.261893	0.257029	0.153025	0.071783	0.115655	0.140615	1,2,3,4,5,2	70.675843	0.499462	0.610322	0.695105	1.967195	1.819649	0.610322	
297000	-116160	1,1,1,2,3,4	71.948430	4.810335	4.810335	4.810335	6.887014	5.900764	6.387114	1,2,3,4,1,5	70.985058	0.480239	0.025979	0.307288	0.186493	0.271081	0.338719	0.156074	0.234127	0.012035	0.327312	0.598818	0.061835	0.050587	0.070763	0.064377	0.814273	0.480239	0.025979	0.307288	0.186493	0.152417	0.377567	0.220673	0.249343	1,1,2,3,4,1	71.324215	0.041853	0.329696	0.293271	0.171821	0.076590	0.086769	0.041853	0.329696	0.293271	0.171821	0.076590	0.086769	0.014021	0.153599	0.463424	0.120793	0.212964	0.035199	0.014216	0.065160	0.193869	0.254104	0.040353	0.432298	0.007179	0.265755	0.438223	0.139968	0.145571	0.003303	0.041853	0.329696	0.293271	0.171821	0.076590	0.086769	1,2,1,3,3,4	71.432852	0.551579	0.798961	0.551579	1.632817	1.632817	0.595262	
298000	-119030	1,2,3,4,5,6	72.021568	5.941794	5.003057	4.725445	4.901585	5.118152	6.035281	1,2,3,4,1,5	70.190673	0.339422	0.027265	0.353981	0.279332	0.099958	0.491967	0.019893	0.388182	0.135123	0.497092	0.084803	0.282982	0.009869	0.010260	0.066225	0.913646	0.339422	0.027265	0.353981	0.279332	0.094128	0.190384	0.518066	0.197422	1,2,1,3,4,4	71.454106	0.183458	0.046139	0.132112	0.516391	0.072086	0.049814	0.097730	0.194431	0.344516	0.111401	0.153147	0.098776	0.183458	0.046139	0.132112	0.516391	0.072086	0.049814	0.086248	0.183255	0.233213	0.140106	0.028814	0.328364	0.070998	0.188438	0.407432	0.170788	0.091193	0.071152	0.070998	0.188438	0.407432	0.170788	0.091193	0.071152	1,2,3,4,5,6	70.603575	0.604808	0.670492	0.575717	1.593045	1.472124	0.589522	
299000	-116119	1,2,3,4,3,5	72.584631	4.742690	4.871980	5.398995	5.233559	5.398995	6.082401	1,2,3,4,1,5	71.859612	0.622059	0.030387	0.192475	0.155078	0.331414	0.328519	0.106879	0.233188	0.042540	0.645333	0.161090	0.151037	0.188292	0.012591	0.257602	0.541516	0.622059	0.030387	0.192475	0.155078	0.125187	0.104090	0.522960	0.247763	1,2,3,4,5,5	70.216861	0.193874	0.233261	0.107046	0.114193	0.246254	0.105372	0.006933	0.154793	0.195594	0.021853	0.185044	0.435782	0.070827	0.050972	0.031702	0.323112	0.226416	0.296971	0.031595	0.085529	0.229301	0.107159	0.073526	0.472890	0.065919	0.272406	0.259000	0.175626	0.195824	0.031225	0.065919	0.272406	0.259000	0.175626	0.195824	0.031225	1,2,3,4,5,3	70.224464	0.552957	0.796719	0.571510	1.409730	3.620459	0.571510	
300000	-117315	1,2,1,3,4,5	70.005244	4.434205	5.166730	4.434205	4.912417	5.079524	6.724971	1,2,3,4,5,6	69.312614	0.266518	0.049313	0.384982	0.299187	0.254762	0.178181	0.048557	0.518500	0.094006	0.495950	0.174235	0.235809	0.129419	0.114538	0.243691	0.512352	0.522478	0.102200	0.081194	0.294128	0.081193	0.215625	0.406857	0.296324	1,1,2,3,1,1	71.857360	0.145815	0.408809	0.155215	0.107363	0.160353	0.022445	0.145815	0.408809	0.155215	0.107363	0.160353	0.022445	0.171953	0.137986	0.022868	0.479473	0.171742	0.015978	0.234101	0.033147	0.302685	0.059508	0.137332	0.233227	0.145815	0.408809	0.155215	0.107363	0.160353	0.022445	0.145815	0.408809	0.155215	0.107363	0.160353	0.022445	1,2,2,3,4,2	71.433454	0.673250	0.567190	0.567190	1.872425	2.511223	0.567190	
301000	-116663	1,2,3,2,4,5	71.944221	5.797942	5.027177	5.078616	5.027177	5.474065	7.101022	1,2,3,4,1,3	69.452203	0.501314	0.007536	0.368200	0.122950	0.242582	0.259772	0.055219	0.442428	0.114950	0.268736	0.321777	0.294537	0.151412	0.013382	0.332002	0.503203	0.501314	0.007536	0.368200	0.122950	0.114950	0.268736	0.321777	0.294537	1,2,3,4,5,6	71.394419	0.104659	0.126715	0.230383	0.365415	0.067084	0.105744	0.074104	0.093392	0.200862	0.094359	0.120937	0.416345	0.005306	0.423238	0.240339	0.220062	0.080315	0.030741	0.061312	0.034673	0.290264	0.345595	0.151788	0.116368	0.323908	0.148548	0.179679	0.122976	0.172312	0.052577	0.077836	0.332227	0.433923	0.065283	0.044950	0.045781	1,2,3,4,4,5	71.705779	0.594768	0.592086	0.631654	1.584504	1.584504	0.518695	
302000	-116467	1,2,3,4,2,5	70.887484	5.324483	4.617310	7.271554	4.841630	4.617310	5.527516	1,2,3,4,5,3	72.230011	0.299703	0.074380	0.585559	0.040359	0.047421	0.400094	0.210046	0.342439	0.065111	0.454460	0.351269	0.129160	0.224757	0.186142	0.106253	0.482847	0.521945	0.207574	0.102334	0.168148	0.065111	0.454460	0.351269	0.129160	1,1,2,3,4,5	71.851323	0.065667	0.058825	0.495621	0.015913	0.258152	0.105822	0.065667	0.058825	0.495621	0.015913	0.258152	0.105822	0.092562	0.043335	0.042827	0.375195	0.402172	0.043909	0.016839	0.033100	0.146426	0.193402	0.121035	0.489199	0.039910	0.379475	0.222716	0.047552	0.292877	0.017469	0.174920	0.108091	0.420431	0.105091	0.029603	0.161863	1,2,1,3,4,5	70.541915	0.598888	0.581038	0.598888	1.754696	2.448977	0.689864	
303000	-116723	1,2,2,1,2,3	72.254876	4.364953	4.941873	4.941873	4.364953	4.941873	5.747887	1,2,3,4,1,3	71.650835	0.586134	0.045596	0.222200	0.146069	0.294135	0.188159	0.091832	0.425875	0.074136	0.435033	0.341061	0.149770	0.170399	0.050436	0.238059	0.541106	0.586134	0.045596	0.222200	0.146069	0.074136	0.435033	0.341061	0.149770	1,1,2,3,1,4	71.014941	0.137410	0.142822	0.212206	0.196498	0.203860	0.107204	0.137410	0.142822	0.212206	0.196498	0.203860	0.107204	0.211616	0.038662	0.183714	0.223658	0.280995	0.061355	0.058443	0.017303	0.426500	0.294733	0.083059	0.119962	0.137410	0.142822	0.212206	0.196498	0.203860	0.107204	0.232660	0.384601	0.112594	0.074612	0.062434	0.133099	1,1,2,3,4,1	72.000741	0.590334	0.590334	0.673886	2.144906	1.392266	0.590334	
304000	-118070	1,2,3,4,5,6	69.423550	5.244830	5.338656	5.321569	5.325316	5.626592	6.046538	1,2,3,4,5,6	72.131721	0.248008	0.110466	0.535345	0.106182	0.212424	0.193373	0.277334	0.316870	0.001326	0.454342	0.325335	0.218997	0.064406	0.163600	0.413911	0.358083	0.248752	0.004743	0.330350	0.416155	0.187036	0.241388	0.316490	0.255086	1,2,3,1,2,1	71.152506	0.036987	0.159681	0.346839	0.195428	0.084988	0.176078	0.068917	0.280081	0.271369	0.006608	0.283039	0.089986	0.077174	0.022318	0.284916	0.252829	0.269410	0.093353	0.036987	0.159681	0.346839	0.195428	0.084988	0.176078	0.068917	0.280081	0.271369	0.006608	0.283039	0.089986	0.036987	0.159681	0.346839	0.195428	0.084988	0.176078	1,2,3,4,5,3	71.788694	0.633935	0.683103	0.608309	2.266717	2.263287	0.608309	
305000	-116835	1,2,1,1,3,4	72.298510	5.040959	5.362049	5.040959	5.040959	5.558492	5.680533	1,2,3,4,5,2	71.778094	0.498312	0.005747	0.396630	0.099311	0.208006	0.214460	0.231585	0.345948	0.048437	0.310441	0.565837	0.075285	0.316737	0.031993	0.186678	0.464593	0.446544	0.096652	0.300610	0.156194	0.208006	0.214460	0.231585	0.345948	1,2,3,4,2,1	70.201762	0.077671	0.162085	0.237364	0.317450	0.074867	0.130563	0.045001	0.174866	0.369287	0.081923	0.246537	0.082386	0.241228	0.022394	0.005164	0.317280	0.402345	0.011589	0.105797	0.052681	0.363796	0.246314	0.014956	0.216455	0.045001	0.174866	0.369287	0.081923	0.246537	0.082386	0.077671	0.162085	0.237364	0.317450	0.074867	0.130563	1,2,2,3,3,4	70.986201	0.637317	0.672702	0.672702	2.335140	2.335140	0.644255	
306000	-115667	1,2,3,1,1,4	71.688487	4.599529	5.381739	5.370152	4.599529	4.599529	6.126533	1,2,3,4,5,3	72.394256	0.273123	0.173979	0.457220	0.095678	0.103536	0.337129	0.141690	0.417645	0.093904	0.489830	0.239352	0.176913	0.156599	0.081785	0.159449	0.602167	0.462281	0.127345	0.179591	0.230783	0.093904	0.489830	0.239352	0.176913	1,1,2,3,4,3	72.604254	0.042956	0.180456	0.369751	0.026135	0.207332	0.173370	0.042956	0.180456	0.369751	0.026135	0.207332	0.173370	0.011369	0.006456	0.282691	0.186612	0.400026	0.112847	0.106212	0.173746	0.378496	0.139798	0.055804	0.145946	0.019309	0.273658	0.212471	0.294966	0.164495	0.035100	0.106212	0.173746	0.378496	0.139798	0.055804	0.145946	1,1,1,2,2,1	69.016539	0.589320	0.589320	0.589320	1.756843	1.756843	0.589320	
307000	-116792	1,2,3,1,1,4	71.961245	4.633445	5.319495	5.250112	4.633445	4.633445	6.197040	1,2,3,4,4,3	70.539102	0.278741	0.048012	0.660694	0.012553	0.142482	0.265690	0.202272	0.389556	0.147334	0.364337	0.290758	0.197571	0.386787	0.014334	0.093845	0.505033	0.386787	0.014334	0.093845	0.505033	0.147334	0.364337	0.290758	0.197571	1,2,3,3,4,5	69.998792	0.029705	0.048180	0.220099	0.060248	0.610870	0.030899	0.135751	0.231451	0.163054	0.064237	0.204695	0.200811	0.037859	0.009759	0.066567	0.229975	0.362937	0.292902	0.037859	0.009759	0.066567	0.229975	0.362937	0.292902	0.139592	0.405090	0.120306	0.197460	0.100037	0.037517	0.001242	0.456481	0.173393	0.116938	0.057589	0.194358	1,2,1,3,4,2	71.409927	0.654062	0.582387	0.654062	2.249070	2.408911	0.582387	
308000	-116237	1,1,1,1,2,1	71.891822	4.580215	4.580215	4.580215	4.580215	5.747165	4.580215	1,2,3,4,1,3	70.328666	0.605366	0.055764	0.243019	0.095851	0.120987	0.473948	0.119490	0.285575	0.092782	0.375410	0.326577	0.205231	0.086308	0.020756	0.399371	0.493565	0.605366	0.055764	0.243019	0.095851	0.092782	0.375410	0.326577	0.205231	1,1,2,3,3,3	72.824210	0.122952	0.202364	0.293488	0.039596	0.209539	0.132061	0.122952	0.202364	0.293488	0.039596	0.209539	0.132061	0.018827	0.170357	0.437796	0.157602	0.165777	0.049641	0.035651	0.262487	0.379946	0.107776	0.116561	0.097580	0.035651	0.262487	0.379946	0.107776	0.116561	0.097580	0.035651	0.262487	0.379946	0.107776	0.116561	0.097580	1,2,1,3,4,2	73.900347	0.602060	0.781252	0.602060	1.849348	1.935679	0.781252	
309000	-118476	1,2,3,4,1,5	70.733093	4.361116	4.734821	6.547854	5.385087	4.361116	5.027847	1,2,3,4,4,3	70.844750	0.281573	0.237825	0.320871	0.159731	0.186261	0.319635	0.308569	0.185535	0.065658	0.538836	0.278690	0.116816	0.244393	0.013415	0.182199	0.559994	0.244393	0.013415	0.182199	0.559994	0.065658	0.538836	0.278690	0.116816	1,2,2,3,4,5	71.836197	0.040996	0.470241	0.337986	0.037861	0.101142	0.011774	0.014846	0.043631	0.354038	0.149910	0.174464	0.263112	0.014846	0.043631	0.354038	0.149910	0.174464	0.263112	0.144809	0.021348	0.131981	0.298002	0.284273	0.119586	0.421415	0.283300	0.041034	0.066740	0.171237	0.016274	0.179590	0.068093	0.378555	0.107486	0.012104	0.254171	1,2,3,4,5,3	72.748062	0.635978	0.738707	0.556872	2.167756	2.408573	0.556872	
310000	-117756	1,1,2,1,3,4	70.161242	4.724259	4.724259	5.119010	4.724259	5.628973	5.866272	1,2,3,4,1,2	73.165570	0.606849	0.024614	0.146087	0.222451	0.079073	0.354307	0.300875	0.265745	0.088817	0.520326	0.177527	0.213331	0.020441	0.015330	0.599451	0.364778	0.606849	0.024614	0.146087	0.222451	0.079073	0.354307	0.300875	0.265745	1,2,3,2,1,1	70.314947	0.137814	0.385045	0.176155	0.146256	0.111162	0.043569	0.190175	0.048080	0.515824	0.002730	0.171233	0.071959	0.243499	0.108127	0.086252	0.299403	0.186658	0.076062	0.190175	0.048080	0.515824	0.002730	0.171233	0.071959	0.137814	0.385045	0.176155	0.146256	0.111162	0.043569	0.137814	0.385045	0.176155	0.146256	0.111162	0.043569	1,1,1,2,3,1	71.500410	0.577209	0.577209	0.577209	1.257885	3.167909	0.577209	
311000	-115768	1,2,3,1,4,5	72.805722	4.841094	4.851190	5.740546	4.841094	5.525919	5.941405	1,2,3,4,5,6	69.308494	0.468761	0.039781	0.298036	0.193422	0.274528	0.419973	0.123478	0.182022	0.000760	0.647507	0.121135	0.230599	0.238224	0.105631	0.110933	0.545211	0.565531	0.068511	0.199556	0.166402	0.075013	0.292044	0.428939	0.204004	1,2,3,4,1,1	71.507814	0.078493	0.307417	0.415012	0.076560	0.089990	0.032529	0.074811	0.241661	0.447023	0.069397	0.108155	0.058954	0.246861	0.086075	0.019551	0.400913	0.171698	0.074901	0.042156	0.172933	0.184093	0.093377	0.054984	0.452457	0.078493	0.307417	0.415012	0.076560	0.089990	0.032529	0.078493	0.307417	0.415012	0.076560	0.089990	0.032529	1,2,3,4,4,5	69.572422	0.521013	0.601364	0.554796	2.105633	2.105633	0.592357	
312000	-117765	1,2,1,3,4,5	70.970173	4.541815	4.922038	4.541815	5.844501	5.794280	5.337515	1,2,3,4,1,5	71.170821	0.565684	0.020448	0.280421	0.133447	0.060072	0.267410	0.086141	0.586378	0.018512	0.308436	0.620423	0.052629	0.209645	0.022735	0.178778	0.588842	0.565684	0.020448	0.280421	0.133447	0.242191	0.307744	0.220185	0.229880	1,2,3,4,1,5	72.447953	0.224842	0.251840	0.181798	0.203251	0.043088	0.095181	0.045542	0.057896	0.283555	0.157459	0.089763	0.365786	0.283908	0.110190	0.209289	0.195587	0.159530	0.041496	0.276068	0.170864	0.174505	0.065809	0.006643	0.306111	0.224842	0.251840	0.181798	0.203251	0.043088	0.095181	0.078611	0.201584	0.295095	0.156868	0.111537	0.156306	1,2,3,4,5,3	71.474183	0.660049	0.601089	0.633425	2.066290	2.473242	0.633425	
313000	-115315	1,1,1,2,2,3	70.278051	4.585934	4.585934	4.585934	5.377281	5.377281	6.154261	1,2,3,2,1,4	68.973348	0.554397	0.039054	0.300867	0.105682	0.119261	0.215038	0.065074	0.600626	0.176251	0.439066	0.216143	0.168540	0.119261	0.215038	0.065074	0.600626	0.554397	0.039054	0.300867	0.105682	0.165889	0.167068	0.447038	0.220005	1,2,3,4,1,1	71.607211	0.100188	0.208053	0.282051	0.136424	0.170936	0.102347	0.083394	0.549107	0.189151	0.026155	0.076642	0.075552	0.002537	0.050347	0.018934	0.575133	0.351292	0.001758	0.144778	0.038660	0.386372	0.123122	0.023004	0.284063	0.100188	0.208053	0.282051	0.136424	0.170936	0.102347	0.100188	0.208053	0.282051	0.136424	0.170936	0.102347	1,2,2,3,4,5	70.889929	0.514258	0.557767	0.557767	2.785915	2.083724	0.595943	
314000	-118299	1,2,1,2,3,4	68.774464	4.690441	5.325526	4.690441	5.325526	5.726518	6.041997	1,2,1,3,4,5	70.975354	0.297619	0.269080	0.384495	0.048806	0.192557	0.190666	0.158506	0.458271	0.297619	0.269080	0.384495	0.048806	0.119387	0.139059	0.263113	0.478441	0.484156	0.036716	0.290218	0.188910	0.172810	0.155685	0.230250	0.441254	1,2,3,4,5,6	70.585206	0.009845	0.104343	0.252847	0.042348	0.325136	0.265482	0.186008	0.037535	0.261420	0.026085	0.212411	0.276541	0.062340	0.197968	0.050527	0.208659	0.324326	0.156179	0.020303	0.037213	0.722557	0.053999	0.008899	0.157029	0.005269	0.251766	0.230493	0.128340	0.337457	0.046675	0.111785	0.088417	0.262216	0.385528	0.060660	0.091394	1,2,3,4,5,3	71.975414	0.632347	0.677074	0.568688	1.914036	1.988895	0.568688	
315000	-117049	1,2,1,3,4,5	70.237555	4.297677	4.933545	4.297677	6.567159	5.931143	5.450746	1,2,3,2,1,4	72.436495	0.522054	0.022816	0.281757	0.173373	0.111258	0.231616	0.123517	0.533610	0.235838	0.382698	0.325104	0.056359	0.111258	0.231616	0.123517	0.533610	0.522054	0.022816	0.281757	0.173373	0.108487	0.234347	0.486851	0.170316	1,2,3,4,3,1	72.302122	0.198121	0.314740	0.219209	0.114981	0.071665	0.081284	0.133192	0.164222	0.188879	0.017532	0.262201	0.233974	0.002667	0.223081	0.176958	0.142869	0.429743	0.024683	0.324687	0.100017	0.149700	0.172730	0.069100	0.183767	0.002667	0.223081	0.176958	0.142869	0.429743	0.024683	0.198121	0.314740	0.219209	0.114981	0.071665	0.081284	1,2,3,4,4,2	70.707851	0.588898	0.642282	0.760480	1.771091	1.771091	0.642282	
316000	-117364	1,1,1,1,2,3	71.547032	3.931729	3.931729	3.931729	3.931729	5.302352	6.069739	1,2,2,2,3,4	71.738823	0.171710	0.284845	0.490781	0.052664	0.059872	0.331482	0.079054	0.529592	0.059872	0.331482	0.079054	0.529592	0.059872	0.331482	0.079054	0.529592	0.519727	0.029808	0.328538	0.121927	0.041357	0.273332	0.383952	0.301358	1,2,3,1,2,4	71.273153	0.018041	0.117525	0.549552	0.028677	0.036567	0.249637	0.108680	0.232369	0.404913	0.029747	0.106915	0.117376	0.032359	0.078166	0.218918	0.563305	0.053893	0.053359	0.018041	0.117525	0.549552	0.028677	0.036567	0.249637	0.108680	0.232369	0.404913	0.029747	0.106915	0.117376	0.480103	0.248181	0.116806	0.092767	0.024547	0.037596	1,2,3,4,5,3	70.776457	0.559735	0.675469	0.631970	1.510584	3.225730	0.631970	
317000	-118726	1,2,2,2,3,4	70.505386	4.401431	4.601218	4.601218	4.601218	5.654884	6.225466	1,2,2,3,4,5	72.444683	0.604315	0.056232	0.103832	0.235621	0.109825	0.403826	0.187598	0.298751	0.109825	0.403826	0.187598	0.298751	0.143435	0.384324	0.052938	0.419304	0.572391	0.032051	0.173539	0.222018	0.173367	0.345933	0.389669	0.091031	1,2,3,4,1,1	72.032897	0.098754	0.404995	0.192175	0.106852	0.087379	0.109845	0.060543	0.113057	0.457332	0.027504	0.100735	0.240829	0.028842	0.005129	0.170940	0.378691	0.289661	0.126736	0.123473	0.299062	0.202869	0.135498	0.033833	0.205265	0.098754	0.404995	0.192175	0.106852	0.087379	0.109845	0.098754	0.404995	0.192175	0.106852	0.087379	0.109845	1,2,3,4,5,6	71.482264	0.579379	0.654390	0.679442	2.227431	2.369162	0.539884	
318000	-116663	1,1,2,3,4,5	71.262443	4.353975	4.353975	5.382282	5.077021	5.737283	6.096594	1,2,3,4,5,2	70.398950	0.473638	0.068990	0.300652	0.156719	0.126689	0.237067	0.354489	0.281756	0.077476	0.506037	0.268493	0.147994	0.079290	0.208150	0.106219	0.606341	0.558356	0.064406	0.212677	0.164561	0.126689	0.237067	0.354489	0.281756	1,2,3,1,1,1	71.602266	0.067315	0.317346	0.247395	0.197959	0.060134	0.109851	0.284651	0.013034	0.363292	0.097322	0.112304	0.129396	0.174494	0.014073	0.148910	0.307236	0.249164	0.106124	0.067315	0.317346	0.247395	0.197959	0.060134	0.109851	0.067315	0.317346	0.247395	0.197959	0.060134	0.109851	0.067315	0.317346	0.247395	0.197959	0.060134	0.109851	1,2,1,3,4,1	69.890974	0.589811	0.664627	0.589811	2.148804	2.359154	0.589811	
319000	-115766	1,1,1,2,3,4	72.659466	5.292087	5.292087	5.292087	6.467626	5.485260	5.712391	1,2,3,4,1,2	71.705602	0.456958	0.035945	0.391458	0.115639	0.154555	0.336234	0.179636	0.329575	0.001182	0.423180	0.371990	0.203648	0.029176	0.097963	0.392684	0.480177	0.456958	0.035945	0.391458	0.115639	0.154555	0.336234	0.179636	0.329575	1,2,3,4,2,1	70.939881	0.165648	0.193402	0.267975	0.148935	0.116115	0.107926	0.029544	0.197834	0.355235	0.070611	0.236828	0.109947	0.274547	0.387506	0.057869	0.109929	0.165000	0.005148	0.200370	0.061456	0.416798	0.276384	0.003502	0.041490	0.029544	0.197834	0.355235	0.070611	0.236828	0.109947	0.165648	0.193402	0.267975	0.148935	0.116115	0.107926	1,2,1,3,4,1	71.600130	0.581732	0.720167	0.581732	2.012792	2.195627	0.581732	
320000	-118042	1,2,3,2,4,5	71.703727	4.905518	4.910215	6.310396	4.910215	5.059229	6.886527	1,2,3,4,5,4	71.840330	0.543776	0.029744	0.373318	0.053162	0.238127	0.321157	0.169334	0.271382	0.092489	0.558774	0.274337	0.074400	0.127276	0.188358	0.316439	0.367928	0.294553	0.159304	0.366662	0.179480	0.127276	0.188358	0.316439	0.367928	1,2,3,1,3,4	71.074900	0.083333	0.233879	0.317419	0.149984	0.000435	0.214948	0.061902	0.180340	0.152200	0.027841	0.352519	0.225198	0.045012	0.284018	0.240085	0.153497	0.250670	0.026719	0.083333	0.233879	0.317419	0.149984	0.000435	0.214948	0.045012	0.284018	0.240085	0.153497	0.250670	0.026719	0.500245	0.198823	0.128624	0.018775	0.121594	0.031938	1,1,1,2,3,1	70.994962	0.623093	0.623093	0.623093	2.027373	2.299800	0.623093	
321000	-117768	1,1,1,2,3,4	71.166637	4.871311	4.871311	4.871311	5.465356	5.462672	5.399547	1,2,3,4,5,6	70.919308	0.506017	0.031784	0.314554	0.147645	0.231596	0.205455	0.026376	0.536573	0.012467	0.372791	0.405102	0.209641	0.070672	0.144932	0.356747	0.427648	0.527464	0.061804	0.194305	0.216427	0.107853	0.384920	0.385616	0.121611	1,1,2,1,1,1	70.881146	0.088561	0.203275	0.187704	0.223847	0.126616	0.169997	0.088561	0.203275	0.187704	0.223847	0.126616	0.169997	0.120582	0.064883	0.006174	0.432103	0.291868	0.084389	0.088561	0.203275	0.187704	0.223847	0.126616	0.169997	0.088561	0.203275	0.187704	0.223847	0.126616	0.169997	0.088561	0.203275	0.187704	0.223847	0.126616	0.169997	1,2,3,4,4,3	72.622654	0.604006	0.652131	0.627524	2.200866	2.200866	0.627524	
322000	-117072	1,1,2,3,4,5	70.938648	4.715056	4.715056	5.977587	5.760580	5.751266	6.640124	1,2,3,4,1,2	71.260408	0.326794	0.089016	0.440386	0.143803	0.095638	0.263960	0.222477	0.417925	0.094596	0.473304	0.364403	0.067698	0.142030	0.158487	0.078906	0.620577	0.326794	0.089016	0.440386	0.143803	0.095638	0.263960	0.222477	0.417925	1,2,3,1,4,5	72.317758	0.039583	0.232906	0.257332	0.193904	0.023071	0.253204	0.231324	0.097241	0.327336	0.005530	0.308666	0.029903	0.181874	0.010483	0.098523	0.117081	0.367921	0.224117	0.039583	0.232906	0.257332	0.193904	0.023071	0.253204	0.055931	0.136672	0.203543	0.363836	0.221073	0.018944	0.007921	0.514905	0.313180	0.113749	0.006789	0.043456	1,2,1,3,3,1	70.155828	0.583413	0.683240	0.583413	2.666708	2.666708	0.583413	
323000	-116109	1,2,3,4,4,5	70.360509	5.530657	5.385672	4.828256	5.265603	5.265603	5.951102	1,2,3,4,5,3	71.921294	0.281996	0.225503	0.471780	0.020721	0.090222	0.456997	0.125170	0.327611	0.109320	0.474504	0.320475	0.095700	0.165927	0.029838	0.229737	0.574497	0.624637	0.001519	0.218464	0.155380	0.109320	0.474504	0.320475	0.095700	1,1,2,3,4,4	72.414860	0.068422	0.111557	0.509211	0.010629	0.145310	0.154870	0.068422	0.111557	0.509211	0.010629	0.145310	0.154870	0.066402	0.221351	0.046211	0.339267	0.298037	0.028731	0.014815	0.139149	0.569322	0.037531	0.008472	0.230709	0.155299	0.255951	0.217852	0.089619	0.160133	0.121147	0.155299	0.255951	0.217852	0.089619	0.160133	0.121147	1,1,2,3,3,1	71.755302	0.653718	0.653718	0.590284	2.027280	2.027280	0.653718	
324000	-118854	1,2,3,4,5,6	71.520075	6.428210	5.353145	5.074565	6.325382	5.563394	5.233996	1,2,3,4,1,3	71.806456	0.648711	0.035081	0.180350	0.135858	0.319668	0.186333	0.095116	0.398883	0.034848	0.326300	0.228371	0.410482	0.083476	0.232752	0.149562	0.534209	0.648711	0.035081	0.180350	0.135858	0.034848	0.326300	0.228371	0.410482	1,2,3,4,5,1	72.265807	0.296820	0.113740	0.329178	0.127345	0.058708	0.074210	0.168286	0.133680	0.155447	0.149232	0.238182	0.155172	0.086016	0.134920	0.496037	0.164861	0.102381	0.015784	0.393090	0.034944	0.153998	0.291571	0.018720	0.107678	0.269197	0.295899	0.223578	0.006526	0.141973	0.062826	0.296820	0.113740	0.329178	0.127345	0.058708	0.074210	1,1,1,2,2,3	70.786429	0.620436	0.620436	0.620436	2.019003	2.019003	0.608784	
325000	-118408	1,1,2,1,1,3	71.154307	5.117046	5.117046	5.797605	5.117046	5.117046	6.178975	1,2,3,4,1,2	70.098592	0.451686	0.113364	0.231468	0.203481	0.199462	0.299470	0.225235	0.275832	0.213293	0.341625	0.400643	0.044440	0.149429	0.024850	0.335905	0.489816	0.451686	0.113364	0.231468	0.203481	0.199462	0.299470	0.225235	0.275832	1,2,3,4,1,1	71.733574	0.061063	0.289584	0.329948	0.190548	0.056721	0.072137	0.202611	0.062787	0.283738	0.167175	0.235866	0.047822	0.060108	0.178907	0.063396	0.095072	0.313606	0.288912	0.127144	0.062687	0.290641	0.159172	0.142424	0.217931	0.061063	0.289584	0.329948	0.190548	0.056721	0.072137	0.061063	0.289584	0.329948	0.190548	0.056721	0.072137	1,2,3,4,5,6	72.778104	0.626740	0.666199	0.622590	1.763837	2.971282	0.657280	
326000	-117647	1,2,3,4,5,1	72.230856	4.817872	6.334920	5.939947	4.810463	5.745698	4.817872	1,2,3,4,5,3	71.529363	0.274569	0.083858	0.406523	0.235049	0.212074	0.222979	0.209335	0.355613	0.032737	0.515602	0.332581	0.119080	0.066702	0.307929	0.069841	0.555529	0.574972	0.020611	0.244861	0.159555	0.032737	0.515602	0.332581	0.119080	1,2,3,2,1,1	69.226061	0.164257	0.290878	0.380381	0.048830	0.016883	0.098772	0.047993	0.060095	0.484491	0.000443	0.179610	0.227369	0.182218	0.074293	0.072113	0.348477	0.176772	0.146126	0.047993	0.060095	0.484491	0.000443	0.179610	0.227369	0.164257	0.290878	0.380381	0.048830	0.016883	0.098772	0.164257	0.290878	0.380381	0.048830	0.016883	0.098772	1,2,1,3,3,2	72.239323	0.703155	0.696355	0.703155	1.877286	1.877286	0.696355	
327000	-119064	1,2,1,1,3,4	70.865811	4.984054	5.732611	4.984054	4.984054	5.673019	5.320374	1,2,3,4,5,2	72.219787	0.187624	0.040760	0.747639	0.023976	0.234374	0.284555	0.173922	0.307149	0.286285	0.480885	0.125914	0.106916	0.118557	0.461919	0.088930	0.330595	0.580237	0.022006	0.157335	0.240421	0.234374	0.284555	0.173922	0.307149	1,1,2,3,4,3	72.483555	0.080309	0.100034	0.466238	0.080328	0.117315	0.155776	0.080309	0.100034	0.466238	0.080328	0.117315	0.155776	0.102125	0.003692	0.140727	0.382548	0.085984	0.284924	0.100966	0.181291	0.220951	0.187196	0.008971	0.300624	0.187919	0.347349	0.294687	0.021396	0.043638	0.105011	0.100966	0.181291	0.220951	0.187196	0.008971	0.300624	1,2,2,3,4,1	70.919640	0.635810	0.683051	0.683051	1.769536	2.118125	0.635810	
328000	-118869	1,1,1,1,2,3	71.890304	4.514177	4.514177	4.514177	4.514177	5.674660	5.767499	1,2,3,2,4,5	70.539784	0.244387	0.045891	0.627900	0.081822	0.270996	0.265013	0.073117	0.390874	0.077013	0.744866	0.111611	0.066510	0.270996	0.265013	0.073117	0.390874	0.346036	0.094280	0.095528	0.464156	0.199285	0.371112	0.244797	0.184806	1,2,3,4,1,5	71.518633	0.069003	0.345701	0.201417	0.101817	0.255606	0.026456	0.036191	0.130067	0.278725	0.053684	0.290941	0.210393	0.152341	0.082519	0.094093	0.407548	0.198105	0.065394	0.145950	0.022260	0.353503	0.082524	0.099338	0.296425	0.069003	0.345701	0.201417	0.101817	0.255606	0.026456	0.115240	0.105136	0.409006	0.204196	0.029107	0.137316	1,2,3,4,5,1	71.390845	0.578165	0.673867	0.689718	1.485507	2.950780	0.578165	
329000	-116245	1,2,1,3,1,4	70.051207	4.965788	5.406245	4.965788	5.377111	4.965788	5.811637	1,2,3,4,1,5	72.662193	0.446196	0.096274	0.371713	0.085818	0.147731	0.221894	0.167234	0.463140	0.176861	0.534867	0.208064	0.080209	0.186961	0.141198	0.099072	0.572769	0.446196	0.096274	0.371713	0.085818	0.213910	0.225420	0.310738	0.249931	1,1,2,3,1,4	71.782909	0.057642	0.211725	0.379676	0.020576	0.189159	0.141222	0.057642	0.211725	0.379676	0.020576	0.189159	0.141222	0.044321	0.087651	0.064285	0.349169	0.181081	0.273493	0.009329	0.234684	0.113961	0.283270	0.075066	0.283689	0.057642	0.211725	0.379676	0.020576	0.189159	0.141222	0.236052	0.199460	0.056772	0.267787	0.115833	0.124095	1,1,2,3,4,1	72.919979	0.597901	0.597901	0.634556	2.061206	1.894674	0.597901	
330000	-116275	1,2,3,4,5,6	71.751897	4.941115	4.791285	6.523896	4.812599	5.002407	6.608169	1,2,3,4,5,6	70.622346	0.615128	0.046725	0.306532	0.031615	0.302131	0.364580	0.127113	0.206177	0.096264	0.583596	0.197973	0.122168	0.100765	0.226200	0.095855	0.577179	0.550050	0.109630	0.228554	0.111767	0.169534	0.182255	0.529116	0.119095	1,2,3,1,2,4	69.921999	0.102091	0.149620	0.256408	0.157049	0.055166	0.279666	0.083070	0.249115	0.374760	0.023078	0.194535	0.075442	0.003929	0.002298	0.366032	0.144422	0.446547	0.036772	0.102091	0.149620	0.256408	0.157049	0.055166	0.279666	0.083070	0.249115	0.374760	0.023078	0.194535	0.075442	0.235619	0.158357	0.364610	0.050676	0.126968	0.063770	1,1,2,3,4,1	69.961963	0.626433	0.626433	0.566356	2.407447	2.171638	0.626433	
331000	-118172	1,2,3,4,5,6	71.658968	5.104781	5.232674	5.884727	5.688176	5.587625	6.470366	1,2,3,2,4,3	68.914504	0.491033	0.034342	0.369552	0.105073	0.133413	0.267069	0.164945	0.434573	0.161010	0.263100	0.454567	0.121323	0.133413	0.267069	0.164945	0.434573	0.412942	0.147838	0.155804	0.283415	0.161010	0.263100	0.454567	0.121323	1,2,3,4,5,1	70.943007	0.070000	0.244681	0.443121	0.045623	0.107185	0.089390	0.087240	0.113603	0.415320	0.002959	0.162585	0.218293	0.298617	0.017115	0.118062	0.212914	0.326512	0.026779	0.087413	0.380273	0.279196	0.036863	0.058063	0.158193	0.105882	0.321079	0.315209	0.027516	0.130956	0.099359	0.070000	0.244681	0.443121	0.045623	0.107185	0.089390	1,2,2,3,3,4	71.187483	0.540392	0.579435	0.579435	2.296530	2.296530	0.565020	
332000	-117895	1,1,1,2,3,4	71.410952	4.661174	4.661174	4.661174	6.140224	5.173494	5.841454	1,2,2,3,4,2	74.337067	0.315968	0.090120	0.530988	0.062924	0.199904	0.345852	0.247571	0.206673	0.199904	0.345852	0.247571	0.206673	0.183699	0.117813	0.177545	0.520944	0.346972	0.114005	0.297855	0.241169	0.199904	0.345852	0.247571	0.206673	1,2,3,4,1,5	70.763205	0.131644	0.217408	0.295933	0.038961	0.198531	0.117522	0.150326	0.205809	0.294740	0.023322	0.199241	0.126561	0.041003	0.149045	0.209156	0.376199	0.140523	0.084074	0.132467	0.325194	0.079586	0.112177	0.122819	0.227756	0.131644	0.217408	0.295933	0.038961	0.198531	0.117522	0.070255	0.454275	0.134033	0.105734	0.093024	0.142679	1,2,1,3,3,1	70.352683	0.615257	0.665678	0.615257	2.400467	2.400467	0.615257	
333000	-118927	1,2,1,1,3,4	72.202568	4.684541	5.453966	4.684541	4.684541	5.426829	5.748142	1,2,3,4,5,2	70.491820	0.258060	0.044497	0.562938	0.134506	0.155165	0.270852	0.246133	0.327851	0.083398	0.479171	0.159085	0.278346	0.302589	0.234588	0.179632	0.283191	0.432709	0.088860	0.251411	0.227020	0.155165	0.270852	0.246133	0.327851	1,2,3,4,1,1	70.218470	0.109846	0.204625	0.325368	0.182752	0.069066	0.108342	0.214089	0.060174	0.298912	0.022179	0.138780	0.265867	0.201965	0.126614	0.130864	0.375645	0.145620	0.019292	0.025074	0.011856	0.180193	0.340268	0.224710	0.217898	0.109846	0.204625	0.325368	0.182752	0.069066	0.108342	0.109846	0.204625	0.325368	0.182752	0.069066	0.108342	1,2,2,3,4,5	71.801521	0.647827	0.636831	0.636831	1.709853	2.922757	0.512055	
334000	-116711	1,2,3,1,4,1	71.607278	4.766729	5.492316	5.564355	4.766729	5.901740	4.766729	1,2,3,4,1,5	72.271780	0.455363	0.053180	0.322496	0.168962	0.222459	0.236274	0.195395	0.345872	0.110373	0.568128	0.235189	0.086310	0.078711	0.250145	0.044612	0.626532	0.455363	0.053180	0.322496	0.168962	0.023050	0.355941	0.447802	0.173206	1,2,3,4,1,1	73.208546	0.094528	0.360028	0.296093	0.078958	0.119975	0.050418	0.109071	0.157071	0.186090	0.083309	0.178070	0.286388	0.122096	0.079241	0.260932	0.306770	0.179007	0.051954	0.132966	0.030061	0.237966	0.135569	0.074661	0.388777	0.094528	0.360028	0.296093	0.078958	0.119975	0.050418	0.094528	0.360028	0.296093	0.078958	0.119975	0.050418	1,2,2,3,3,2	73.016866	0.553991	0.618623	0.618623	2.488076	2.488076	0.618623	
335000	-116365	1,1,2,3,4,3	70.046553	4.684911	4.684911	5.089481	5.567252	5.792556	5.567252	1,2,3,4,1,5	70.211287	0.490828	0.030966	0.319932	0.158273	0.076675	0.146220	0.192913	0.584191	0.102198	0.406478	0.180248	0.311076	0.047313	0.007660	0.101614	0.843413	0.490828	0.030966	0.319932	0.158273	0.039685	0.182958	0.437651	0.339706	1,2,3,1,4,5	69.985496	0.130687	0.210955	0.263494	0.217803	0.065689	0.111374	0.161358	0.135105	0.204070	0.018253	0.271199	0.210015	0.185520	0.231177	0.218550	0.277953	0.058810	0.027991	0.130687	0.210955	0.263494	0.217803	0.065689	0.111374	0.000432	0.150303	0.205376	0.133554	0.408216	0.102119	0.055941	0.305289	0.324172	0.189044	0.100215	0.025338	1,2,1,3,4,2	71.818285	0.618336	0.598529	0.618336	2.597086	2.144879	0.598529	
336000	-116980	1,1,1,2,3,4	70.373685	4.932042	4.932042	4.932042	5.320492	5.581390	6.306983	1,2,3,4,5,3	69.475469	0.359268	0.178433	0.394774	0.067525	0.162987	0.297531	0.224360	0.315122	0.106137	0.314092	0.397307	0.182464	0.191383	0.040276	0.111578	0.656762	0.381779	0.330957	0.120259	0.167005	0.106137	0.314092	0.397307	0.182464	1,2,3,4,1,1	71.035569	0.063173	0.276776	0.418941	0.102728	0.037620	0.100762	0.217240	0.041167	0.375815	0.042499	0.119711	0.203568	0.038748	0.341266	0.201865	0.270002	0.110675	0.037443	0.024052	0.137956	0.115094	0.174014	0.100378	0.448506	0.063173	0.276776	0.418941	0.102728	0.037620	0.100762	0.063173	0.276776	0.418941	0.102728	0.037620	0.100762	1,2,2,3,3,4	71.145166	0.590897	0.619979	0.619979	2.458821	2.458821	0.622440	
337000	-116950	1,2,2,3,4,5	70.481461	5.581319	4.560586	4.560586	5.802857	5.491180	6.836697	1,2,2,3,1,4	71.969296	0.519947	0.018122	0.329593	0.132339	0.113923	0.426125	0.163453	0.296498	0.113923	0.426125	0.163453	0.296498	0.136822	0.177226	0.142665	0.543287	0.519947	0.018122	0.329593	0.132339	0.172518	0.175675	0.296629	0.355179	1,2,3,4,5,6	70.007223	0.093127	0.066491	0.156294	0.356820	0.051901	0.275368	0.029482	0.191020	0.521220	0.048946	0.074803	0.134528	0.015880	0.320742	0.165444	0.376905	0.104497	0.016533	0.086365	0.122400	0.176566	0.287917	0.022270	0.304482	0.145878	0.115092	0.209159	0.246002	0.229385	0.054483	0.063248	0.579508	0.027363	0.145057	0.069951	0.114873	1,2,3,4,4,5	70.978372	0.502203	0.669459	0.622864	1.769554	1.769554	0.615015	
338000	-118241	1,2,1,3,4,5	70.360613	4.503813	5.043564	4.503813	5.174841	4.947273	5.630911	1,2,3,4,5,3	71.844728	0.447829	0.092686	0.404988	0.054496	0.161340	0.274290	0.256459	0.307911	0.136041	0.362695	0.247681	0.253582	0.087025	0.214036	0.197792	0.501146	0.223642	0.035939	0.139782	0.600636	0.136041	0.362695	0.247681	0.253582	1,1,2,3,4,5	72.124812	0.056049	0.199213	0.262532	0.018188	0.371769	0.092249	0.056049	0.199213	0.262532	0.018188	0.371769	0.092249	0.035350	0.093437	0.086862	0.365566	0.368715	0.050069	0.322996	0.080769	0.169338	0.320361	0.012478	0.094059	0.039727	0.197900	0.124005	0.411132	0.210978	0.016258	0.106113	0.108311	0.289432	0.097441	0.135831	0.262871	1,2,2,3,4,2	71.997727	0.503667	0.620495	0.620495	1.885527	2.649557	0.620495	
339000	-115234	1,1,2,3,4,5	70.378165	4.648200	4.648200	6.009709	5.459634	5.778006	6.574896	1,2,3,4,5,6	71.809245	0.433381	0.067788	0.431569	0.067262	0.126754	0.519190	0.020627	0.333430	0.019514	0.580379	0.239408	0.160699	0.128918	0.076890	0.262431	0.531761	0.461024	0.057670	0.199537	0.281769	0.139129	0.183390	0.340058	0.337423	1,2,3,4,5,6	72.480939	0.131439	0.263487	0.274905	0.136998	0.051486	0.141684	0.055392	0.198005	0.278762	0.155241	0.096760	0.215840	0.037316	0.063812	0.435791	0.336035	0.121362	0.005684	0.154494	0.101575	0.258517	0.013552	0.279187	0.192674	0.035763	0.258785	0.159936	0.268315	0.224675	0.052526	0.157609	0.279305	0.271574	0.156743	0.041783	0.092987	1,2,3,4,4,1	69.225253	0.566610	0.595729	0.688388	2.179704	2.179704	0.566610	
340000	-117559	1,2,3,4,5,6	70.983505	4.770608	5.267359	6.515866	5.577388	5.933139	5.840714	1,2,3,4,5,6	71.838755	0.270303	0.024349	0.543794	0.161553	0.234133	0.163861	0.041248	0.560758	0.029780	0.436256	0.406668	0.127296	0.119349	0.124710	0.149057	0.606884	0.294515	0.071456	0.335202	0.298827	0.120940	0.293233	0.368024	0.217803	1,2,3,4,1,5	70.741519	0.170475	0.129166	0.117328	0.271155	0.273645	0.038231	0.166128	0.104853	0.183097	0.240885	0.242110	0.062928	0.071071	0.045381	0.092095	0.169937	0.428691	0.192824	0.310342	0.009370	0.120843	0.130045	0.096065	0.333335	0.170475	0.129166	0.117328	0.271155	0.273645	0.038231	0.047381	0.110659	0.284075	0.185779	0.229633	0.142473	1,1,2,3,4,5	71.942625	0.626346	0.626346	0.767167	2.234044	2.310319	0.611944	
341000	-118008	1,2,3,4,5,6	73.211845	4.692367	5.158671	5.407289	5.612751	5.057802	5.322223	1,2,3,2,1,3	69.622690	0.269842	0.083017	0.266883	0.380259	0.165574	0.153157	0.168937	0.512332	0.124832	0.456188	0.227395	0.191585	0.165574	0.153157	0.168937	0.512332	0.269842	0.083017	0.266883	0.380259	0.124832	0.456188	0.227395	0.191585	1,1,2,3,4,1	72.082021	0.084854	0.347187	0.270263	0.107282	0.095546	0.094868	0.084854	0.347187	0.270263	0.107282	0.095546	0.094868	0.015888	0.347516	0.239540	0.262782	0.110676	0.023598	0.049843	0.071443	0.179273	0.450549	0.011510	0.237383	0.092991	0.306709	0.196086	0.066983	0.229093	0.108138	0.084854	0.347187	0.270263	0.107282	0.095546	0.094868	1,2,3,4,5,2	72.235222	0.677637	0.640992	0.671908	2.368503	2.427714	0.640992	
342000	-119269	1,2,1,1,2,3	70.859468	4.339542	4.758694	4.339542	4.339542	4.758694	6.589994	1,2,3,2,1,4	71.673191	0.302062	0.002370	0.381374	0.314194	0.207451	0.313478	0.044852	0.434218	0.260952	0.435790	0.203472	0.099785	0.207451	0.313478	0.044852	0.434218	0.302062	0.002370	0.381374	0.314194	0.266815	0.174255	0.336630	0.222300	1,2,3,4,5,3	72.473741	0.561039	0.230085	0.133362	0.018961	0.000842	0.055711	0.091670	0.307879	0.170904	0.211987	0.116910	0.100650	0.082665	0.196207	0.124383	0.199985	0.190481	0.206280	0.138173	0.450249	0.117933	0.035006	0.007125	0.251514	0.045548	0.207446	0.139073	0.307521	0.286259	0.014152	0.082665	0.196207	0.124383	0.199985	0.190481	0.206280	1,1,1,2,3,4	72.661703	0.608990	0.608990	0.608990	2.332225	2.064353	0.652601	
343000	-117950	1,1,1,2,3,4	71.358062	5.093778	5.093778	5.093778	5.319901	6.077416	6.487374	1,2,3,4,5,3	71.613011	0.331527	0.141829	0.440177	0.086466	0.102973	0.372075	0.193014	0.331937	0.074911	0.349954	0.369722	0.205413	0.063887	0.196682	0.063909	0.675522	0.499146	0.105243	0.077464	0.318147	0.074911	0.349954	0.369722	0.205413	1,2,3,4,5,6	71.275600	0.114599	0.190896	0.203926	0.264875	0.162437	0.063268	0.133027	0.052111	0.310142	0.079380	0.115221	0.310119	0.026609	0.041738	0.102299	0.305044	0.276270	0.248039	0.154500	0.336505	0.184889	0.011570	0.069504	0.243032	0.212825	0.248134	0.082688	0.152474	0.267689	0.036190	0.268651	0.127411	0.391450	0.139483	0.002442	0.070563	1,2,2,3,4,1	72.759008	0.529371	0.707826	0.707826	2.459766	2.516812	0.529371	
344000	-116463	1,2,2,2,3,4	71.230580	5.101612	4.905192	4.905192	4.905192	5.037368	7.218165	1,2,3,4,1,2	72.447128	0.480721	0.015357	0.395186	0.108737	0.182251	0.294352	0.197501	0.325896	0.011129	0.717355	0.080898	0.190618	0.255685	0.221071	0.128960	0.394284	0.480721	0.015357	0.395186	0.108737	0.182251	0.294352	0.197501	0.325896	1,2,3,4,2,5	72.772756	0.302742	0.127039	0.128484	0.293039	0.079677	0.069019	0.067055	0.108240	0.285361	0.028235	0.444610	0.066500	0.049464	0.140252	0.188140	0.391443	0.145547	0.085155	0.053047	0.186579	0.262441	0.063133	0.029124	0.405676	0.067055	0.108240	0.285361	0.028235	0.444610	0.066500	0.126406	0.228192	0.386294	0.141379	0.031898	0.085831	1,1,2,3,4,1	71.506476	0.591498	0.591498	0.636146	1.782787	1.753073	0.591498	
345000	-118549	1,1,2,1,3,3	73.024016	4.586748	4.586748	5.170773	4.586748	5.498976	5.498976	1,2,3,2,4,3	71.358814	0.146748	0.218044	0.490640	0.144567	0.118291	0.185583	0.018076	0.678051	0.052566	0.411780	0.349520	0.186134	0.118291	0.185583	0.018076	0.678051	0.820119	0.025767	0.097839	0.056275	0.052566	0.411780	0.349520	0.186134	1,1,2,3,1,1	72.965129	0.034257	0.317304	0.353301	0.077066	0.083556	0.134515	0.034257	0.317304	0.353301	0.077066	0.083556	0.134515	0.159214	0.154519	0.102734	0.306504	0.251714	0.025314	0.017247	0.044549	0.332322	0.003637	0.090315	0.511930	0.034257	0.317304	0.353301	0.077066	0.083556	0.134515	0.034257	0.317304	0.353301	0.077066	0.083556	0.134515	1,2,3,4,5,3	70.674116	0.710035	0.596971	0.597142	2.209995	1.845596	0.597142	
346000	-116048	1,2,1,2,3,4	71.695221	4.407189	5.089998	4.407189	5.089998	5.548880	5.731260	1,2,3,4,1,3	69.813868	0.511352	0.028947	0.223041	0.236660	0.190655	0.366237	0.103567	0.339541	0.067060	0.348372	0.400551	0.184017	0.356801	0.027907	0.123712	0.491580	0.511352	0.028947	0.223041	0.236660	0.067060	0.348372	0.400551	0.184017	1,2,3,4,1,5	71.182458	0.156676	0.256710	0.226848	0.184859	0.103192	0.071715	0.089871	0.224805	0.180054	0.032694	0.262092	0.210484	0.035619	0.015634	0.305713	0.363627	0.190178	0.089228	0.038113	0.096271	0.279959	0.126381	0.078629	0.380647	0.156676	0.256710	0.226848	0.184859	0.103192	0.071715	0.093182	0.194464	0.476840	0.126035	0.079833	0.029646	1,1,2,3,4,1	71.334028	0.562093	0.562093	0.661396	2.011480	2.335198	0.562093	
347000	-118633	1,2,1,3,4,5	71.921257	4.821560	5.320758	4.821560	5.621026	5.296076	5.787390	1,2,3,4,5,3	72.001054	0.308287	0.041234	0.521699	0.128780	0.204856	0.241355	0.252653	0.301136	0.190547	0.299169	0.291181	0.219103	0.126595	0.077901	0.323901	0.471603	0.483733	0.111622	0.321071	0.083574	0.190547	0.299169	0.291181	0.219103	1,2,3,1,2,1	73.914650	0.134496	0.198150	0.192104	0.229591	0.138147	0.107514	0.021791	0.112069	0.212103	0.045266	0.563181	0.045590	0.115307	0.199340	0.099237	0.286286	0.132691	0.167139	0.134496	0.198150	0.192104	0.229591	0.138147	0.107514	0.021791	0.112069	0.212103	0.045266	0.563181	0.045590	0.134496	0.198150	0.192104	0.229591	0.138147	0.107514	1,2,3,4,5,6	71.019652	0.623130	0.545136	0.666307	1.950251	1.817406	0.567855	
348000	-117270	1,2,1,3,4,5	71.635253	4.956447	5.460595	4.956447	5.590330	5.600579	6.159397	1,2,3,4,1,5	71.703950	0.493917	0.007084	0.355622	0.143378	0.244696	0.267093	0.062886	0.425325	0.201133	0.373691	0.177227	0.247949	0.125600	0.082980	0.251515	0.539905	0.493917	0.007084	0.355622	0.143378	0.152021	0.160418	0.449335	0.238226	1,2,3,4,3,2	72.774939	0.115156	0.144390	0.149771	0.375519	0.127293	0.087871	0.131576	0.157731	0.270995	0.093598	0.200069	0.146031	0.197915	0.062675	0.095156	0.502227	0.141083	0.000943	0.255405	0.059375	0.306157	0.106097	0.179227	0.093740	0.197915	0.062675	0.095156	0.502227	0.141083	0.000943	0.131576	0.157731	0.270995	0.093598	0.200069	0.146031	1,2,3,4,5,2	72.926497	0.532127	0.691331	0.644444	1.838621	1.785854	0.691331	
349000	-117209	1,1,2,3,4,5	71.308528	4.971088	4.971088	6.075674	5.584184	5.487401	5.860570	1,2,3,4,5,1	69.529190	0.209685	0.139689	0.494750	0.155876	0.255414	0.189878	0.095186	0.459522	0.051519	0.556010	0.317009	0.075463	0.214538	0.146450	0.118458	0.520554	0.744615	0.042701	0.136123	0.076561	0.209685	0.139689	0.494750	0.155876	1,2,3,4,5,1	71.541453	0.175054	0.244093	0.202771	0.110142	0.127610	0.140329	0.189920	0.118359	0.167228	0.060413	0.206005	0.258075	0.056700	0.005419	0.050958	0.323332	0.323988	0.239603	0.009874	0.353699	0.065870	0.114418	0.043153	0.412986	0.195725	0.296302	0.169670	0.045470	0.262568	0.030266	0.175054	0.244093	0.202771	0.110142	0.127610	0.140329	1,1,1,2,2,1	70.797413	0.633106	0.633106	0.633106	2.089344	2.089344	0.633106	
350000	-116422	1,1,2,3,1,4	71.100877	5.043304	5.043304	5.507179	5.434417	5.043304	6.218637	1,2,3,4,1,5	70.518956	0.375975	0.019754	0.534547	0.069723	0.163317	0.205445	0.130824	0.500415	0.069476	0.577987	0.222184	0.130353	0.136564	0.046545	0.233883	0.583008	0.375975	0.019754	0.534547	0.069723	0.154357	0.255627	0.251956	0.338059	1,1,2,2,3,4	71.510599	0.126080	0.119935	0.225930	0.145714	0.260135	0.122205	0.126080	0.119935	0.225930	0.145714	0.260135	0.122205	0.032177	0.024526	0.226549	0.320662	0.188560	0.207527	0.032177	0.024526	0.226549	0.320662	0.188560	0.207527	0.141926	0.119280	0.163628	0.052312	0.443459	0.079394	0.052452	0.118370	0.340642	0.154975	0.054719	0.278843	1,2,3,4,5,6	72.447732	0.590040	0.594908	0.630406	2.165651	2.321878	0.625625	
351000	-115380	1,1,1,2,3,4	72.324203	4.481957	4.481957	4.481957	6.100985	5.679165	5.225697	1,2,3,4,1,3	72.315804	0.494586	0.055950	0.288909	0.160555	0.185234	0.206266	0.032911	0.575590	0.063510	0.355320	0.253883	0.327288	0.064474	0.062429	0.097751	0.775346	0.494586	0.055950	0.288909	0.160555	0.063510	0.355320	0.253883	0.327288	1,1,2,3,4,5	72.282461	0.070744	0.268298	0.262274	0.121466	0.136080	0.141138	0.070744	0.268298	0.262274	0.121466	0.136080	0.141138	0.328552	0.069904	0.016402	0.341812	0.220551	0.022779	0.111176	0.229246	0.195633	0.286502	0.009867	0.167577	0.008500	0.277650	0.196381	0.176022	0.310484	0.030964	0.167163	0.320345	0.152380	0.171265	0.040509	0.148339	1,1,2,3,4,1	71.125795	0.608996	0.608996	0.641767	2.198565	2.483638	0.608996	
352000	-117421	1,2,1,3,2,4	72.126023	5.089977	5.106710	5.089977	5.728072	5.106710	6.731786	1,2,3,4,5,2	70.934712	0.671678	0.048149	0.245857	0.034316	0.083417	0.317293	0.172126	0.427164	0.019161	0.588129	0.285700	0.107010	0.051261	0.002522	0.324519	0.621697	0.366741	0.123491	0.056500	0.453269	0.083417	0.317293	0.172126	0.427164	1,2,2,3,4,4	70.628279	0.073196	0.185054	0.156703	0.013068	0.063200	0.508780	0.005292	0.180315	0.250216	0.296326	0.207418	0.060433	0.005292	0.180315	0.250216	0.296326	0.207418	0.060433	0.051036	0.057349	0.396967	0.078952	0.277903	0.137793	0.057245	0.471128	0.078132	0.229534	0.021393	0.142567	0.057245	0.471128	0.078132	0.229534	0.021393	0.142567	1,2,3,4,5,2	70.730131	0.559478	0.551977	0.648877	2.213573	2.184280	0.551977	
353000	-119044	1,2,3,3,4,5	71.010493	5.498585	5.599098	4.443708	4.443708	5.827560	5.229039	1,2,2,2,1,3	71.438646	0.462348	0.023734	0.409101	0.104817	0.115202	0.357450	0.071191	0.456157	0.115202	0.357450	0.071191	0.456157	0.115202	0.357450	0.071191	0.456157	0.462348	0.023734	0.409101	0.104817	0.092141	0.398116	0.266208	0.243534	1,2,3,4,5,1	71.063657	0.200197	0.125813	0.258837	0.144423	0.128673	0.142057	0.121760	0.065724	0.275002	0.078367	0.260157	0.198990	0.110507	0.198333	0.096502	0.379739	0.046221	0.168699	0.112646	0.251175	0.314473	0.013072	0.048367	0.260266	0.141273	0.053443	0.119970	0.463498	0.192073	0.029743	0.200197	0.125813	0.258837	0.144423	0.128673	0.142057	1,1,2,3,4,1	72.705839	0.579701	0.579701	0.573293	2.162125	2.005814	0.579701	
354000	-114201	1,1,2,1,3,4	71.843227	4.996378	4.996378	6.229810	4.996378	5.638150	5.915923	1,2,3,4,1,5	71.582175	0.427058	0.035714	0.369303	0.167924	0.123654	0.183083	0.108836	0.584427	0.006883	0.599616	0.303257	0.090244	0.055492	0.186942	0.067910	0.689656	0.427058	0.035714	0.369303	0.167924	0.080233	0.340037	0.452055	0.127676	1,2,3,4,3,1	71.173247	0.092130	0.265014	0.354989	0.120343	0.096207	0.071318	0.255462	0.121010	0.228643	0.057326	0.173927	0.163633	0.018935	0.271517	0.348396	0.098094	0.205573	0.057484	0.116435	0.032854	0.346306	0.042834	0.040782	0.420788	0.018935	0.271517	0.348396	0.098094	0.205573	0.057484	0.092130	0.265014	0.354989	0.120343	0.096207	0.071318	1,2,1,3,4,5	70.264564	0.588729	0.610016	0.588729	2.978557	2.008299	0.628172	
355000	-118270	1,1,1,1,2,3	72.092708	5.038621	5.038621	5.038621	5.038621	5.962390	4.916608	1,2,3,4,1,3	70.483279	0.432811	0.091120	0.221024	0.255045	0.095441	0.302528	0.200175	0.401857	0.083865	0.467299	0.268446	0.180390	0.282080	0.090900	0.345906	0.281114	0.432811	0.091120	0.221024	0.255045	0.083865	0.467299	0.268446	0.180390	1,2,3,4,5,6	71.120135	0.145126	0.161834	0.205907	0.254979	0.151883	0.080271	0.105412	0.155524	0.395701	0.007328	0.227410	0.108625	0.019698	0.132838	0.196850	0.283405	0.252047	0.115163	0.097659	0.176902	0.298760	0.108140	0.107233	0.211305	0.053240	0.348331	0.134443	0.080898	0.144883	0.238204	0.136149	0.269262	0.156807	0.144980	0.052290	0.240511	1,2,2,3,3,1	73.610954	0.648300	0.566079	0.566079	1.144408	1.144408	0.648300	
356000	-116923	1,2,3,4,5,6	70.921133	5.583753	5.153959	5.911544	4.940332	5.660884	6.466361	1,2,3,4,5,6	71.886334	0.658249	0.033744	0.246046	0.061961	0.061282	0.460694	0.036542	0.441482	0.004360	0.726220	0.143145	0.126274	0.043597	0.061913	0.211220	0.683270	0.551392	0.112062	0.168096	0.168450	0.061217	0.093457	0.524376	0.320950	1,2,3,4,3,2	71.331774	0.137219	0.301867	0.158164	0.183120	0.043307	0.176323	0.077275	0.209676	0.302029	0.217434	0.092838	0.100748	0.017067	0.190953	0.109673	0.196354	0.348194	0.137759	0.405158	0.034342	0.281403	0.030835	0.027772	0.220490	0.017067	0.190953	0.109673	0.196354	0.348194	0.137759	0.077275	0.209676	0.302029	0.217434	0.092838	0.100748	1,2,3,4,5,6	72.229350	0.554795	0.561617	0.605850	1.810497	2.119016	0.562775	
357000	-116058	1,2,3,2,4,5	71.842555	5.005915	4.759318	5.433980	4.759318	5.477988	6.121006	1,2,3,4,1,3	71.855497	0.353325	0.014657	0.508730	0.123288	0.105808	0.341216	0.170390	0.382586	0.048620	0.274233	0.553163	0.123984	0.096017	0.023099	0.148963	0.731920	0.353325	0.014657	0.508730	0.123288	0.048620	0.274233	0.553163	0.123984	1,2,1,3,4,2	72.261116	0.081035	0.161792	0.251464	0.249842	0.191213	0.064654	0.087469	0.226137	0.417463	0.119074	0.123289	0.026569	0.081035	0.161792	0.251464	0.249842	0.191213	0.064654	0.182976	0.008220	0.231691	0.345333	0.040043	0.191737	0.096909	0.078975	0.170589	0.092753	0.545678	0.015095	0.087469	0.226137	0.417463	0.119074	0.123289	0.026569	1,2,1,3,3,2	72.111457	0.636376	0.589142	0.636376	2.029253	2.029253	0.589142	
358000	-117648	1,2,3,4,5,6	69.832620	5.315044	5.226106	5.228482	6.150436	5.459220	5.263393	1,2,3,4,5,3	70.053057	0.448219	0.209597	0.312609	0.029574	0.224579	0.500895	0.071795	0.202731	0.055241	0.483104	0.221490	0.240166	0.115091	0.161251	0.169418	0.554240	0.494290	0.146016	0.089843	0.269851	0.055241	0.483104	0.221490	0.240166	1,1,2,3,4,4	69.492124	0.023383	0.326630	0.237552	0.025057	0.086005	0.301373	0.023383	0.326630	0.237552	0.025057	0.086005	0.301373	0.088682	0.032577	0.260336	0.255881	0.162159	0.200365	0.287848	0.016581	0.238171	0.267657	0.049753	0.139990	0.321447	0.330568	0.175806	0.044684	0.046381	0.081113	0.321447	0.330568	0.175806	0.044684	0.046381	0.081113	1,1,2,3,4,5	71.615471	0.573839	0.573839	0.617160	2.489164	1.828615	0.666185	
359000	-117420	1,2,3,4,2,5	70.575279	4.676943	4.932835	4.681708	4.873422	4.932835	6.024213	1,2,3,4,5,2	71.863870	0.308112	0.027964	0.629285	0.034639	0.188537	0.283991	0.297686	0.229787	0.040919	0.335274	0.456675	0.167133	0.197029	0.036864	0.334130	0.431976	0.636654	0.075817	0.084804	0.202725	0.188537	0.283991	0.297686	0.229787	1,2,3,4,3,5	70.972338	0.025404	0.276600	0.230892	0.108348	0.178922	0.179835	0.066304	0.126746	0.309762	0.166703	0.212337	0.118147	0.017559	0.224132	0.144654	0.167775	0.419707	0.026172	0.180096	0.135062	0.347920	0.098545	0.110205	0.128172	0.017559	0.224132	0.144654	0.167775	0.419707	0.026172	0.237260	0.151581	0.165825	0.208615	0.132791	0.103929	1,2,3,4,5,3	71.410781	0.606429	0.696292	0.619175	1.661926	3.401505	0.619175	
360000	-116322	1,1,2,1,3,4	69.209060	4.870914	4.870914	6.679713	4.870914	5.188407	5.646065	1,2,3,4,1,3	73.075935	0.513686	0.026788	0.370129	0.089396	0.260341	0.140734	0.120181	0.478744	0.060031	0.553606	0.226202	0.160161	0.047398	0.307328	0.185419	0.459855	0.513686	0.026788	0.370129	0.089396	0.060031	0.553606	0.226202	0.160161	1,2,2,3,1,4	71.073311	0.060460	0.158828	0.294977	0.143239	0.282653	0.059843	0.035722	0.130016	0.290968	0.163918	0.221515	0.157861	0.035722	0.130016	0.290968	0.163918	0.221515	0.157861	0.084333	0.279030	0.555537	0.010802	0.016868	0.053429	0.060460	0.158828	0.294977	0.143239	0.282653	0.059843	0.119378	0.373193	0.347965	0.043615	0.015045	0.100803	1,1,1,2,3,4	70.559061	0.613092	0.613092	0.613092	1.433438	2.365014	0.486247	
361000	-117269	1,1,2,3,4,5	70.249907	4.878704	4.878704	6.582324	5.311000	5.367829	5.850524	1,2,2,3,1,4	70.006910	0.506416	0.075462	0.333437	0.084685	0.189035	0.479249	0.127650	0.204066	0.189035	0.479249	0.127650	0.204066	0.051151	0.067683	0.012983	0.868184	0.506416	0.075462	0.333437	0.084685	0.079770	0.455774	0.332405	0.132051	1,1,2,3,4,4	71.856902	0.120762	0.272942	0.276243	0.014726	0.120754	0.194572	0.120762	0.272942	0.276243	0.014726	0.120754	0.194572	0.014830	0.078864	0.083847	0.259865	0.529499	0.033095	0.011438	0.201707	0.255551	0.066366	0.062739	0.402199	0.082111	0.260604	0.319248	0.165515	0.069922	0.102599	0.082111	0.260604	0.319248	0.165515	0.069922	0.102599	1,2,2,3,4,2	70.062700	0.503456	0.609354	0.609354	1.499984	2.349895	0.609354	
362000	-116884	1,1,2,3,2,2	71.807665	4.662867	4.662867	5.386075	5.169797	5.386075	5.386075	1,2,3,4,1,3	71.822368	0.482823	0.010926	0.367018	0.139233	0.125854	0.394045	0.144950	0.335150	0.036423	0.316706	0.321496	0.325376	0.146474	0.070251	0.110376	0.672899	0.482823	0.010926	0.367018	0.139233	0.036423	0.316706	0.321496	0.325376	1,2,3,3,1,4	70.359003	0.157508	0.098240	0.211394	0.084647	0.389434	0.058777	0.120456	0.290266	0.283504	0.034171	0.116006	0.155598	0.051468	0.191800	0.214177	0.143051	0.117618	0.281887	0.051468	0.191800	0.214177	0.143051	0.117618	0.281887	0.157508	0.098240	0.211394	0.084647	0.389434	0.058777	0.137197	0.536500	0.088476	0.106368	0.110740	0.020720	1,2,3,4,5,6	70.746732	0.473712	0.744041	0.610778	2.356416	2.465757	0.677592	
363000	-117678	1,1,1,2,1,3	73.069606	4.572857	4.572857	4.572857	6.820396	4.572857	6.299208	1,2,3,4,5,6	70.756787	0.224755	0.094135	0.631182	0.049927	0.064717	0.406472	0.227630	0.301180	0.043584	0.498901	0.176267	0.281248	0.312688	0.097217	0.061187	0.528907	0.304628	0.097705	0.071628	0.526039	0.115872	0.297632	0.409059	0.177437	1,1,2,3,4,4	71.543815	0.111464	0.179039	0.323661	0.070622	0.157106	0.158107	0.111464	0.179039	0.323661	0.070622	0.157106	0.158107	0.266223	0.140117	0.034433	0.329988	0.177464	0.051774	0.237732	0.381330	0.036869	0.016453	0.002430	0.325186	0.088285	0.328813	0.268930	0.143923	0.077044	0.093005	0.088285	0.328813	0.268930	0.143923	0.077044	0.093005	1,2,3,4,4,5	71.828065	0.670960	0.684182	0.583848	1.677458	1.677458	0.614586	
364000	-117415	1,1,2,1,2,3	69.064961	4.568989	4.568989	4.753774	4.568989	4.753774	6.715745	1,2,3,4,4,5	71.720430	0.606433	0.132136	0.204715	0.056716	0.159315	0.348688	0.252883	0.239113	0.173377	0.368091	0.308500	0.150033	0.339308	0.090468	0.118967	0.451257	0.339308	0.090468	0.118967	0.451257	0.176622	0.268325	0.300747	0.254306	1,2,3,4,5,5	70.130368	0.053164	0.162119	0.386128	0.083080	0.079457	0.236052	0.194995	0.101378	0.300772	0.041983	0.200473	0.160398	0.060484	0.043396	0.390487	0.280134	0.147596	0.077904	0.093993	0.046090	0.228515	0.019191	0.120038	0.492173	0.115142	0.363407	0.230399	0.090094	0.135756	0.065203	0.115142	0.363407	0.230399	0.090094	0.135756	0.065203	1,1,2,3,4,1	70.577779	0.657113	0.657113	0.654505	1.758881	2.291591	0.657113	
365000	-116766	1,1,1,1,2,1	70.199852	4.232916	4.232916	4.232916	4.232916	5.703924	4.232916	1,2,3,2,1,3	73.654907	0.452744	0.056275	0.331512	0.159469	0.072708	0.496474	0.064127	0.366692	0.099932	0.502540	0.135018	0.262510	0.072708	0.496474	0.064127	0.366692	0.452744	0.056275	0.331512	0.159469	0.099932	0.502540	0.135018	0.262510	1,1,2,3,4,1	71.288351	0.091039	0.385887	0.223294	0.105706	0.067234	0.126841	0.091039	0.385887	0.223294	0.105706	0.067234	0.126841	0.021060	0.082127	0.055222	0.639270	0.125440	0.076881	0.053713	0.146094	0.261590	0.010828	0.027396	0.500379	0.080016	0.203879	0.335574	0.147719	0.165961	0.066851	0.091039	0.385887	0.223294	0.105706	0.067234	0.126841	1,2,2,3,3,4	71.965906	0.502051	0.609915	0.609915	1.904499	1.904499	0.698780	
366000	-119392	1,2,3,2,4,5	72.872182	5.233410	4.322671	4.961009	4.322671	5.431013	6.050092	1,2,3,4,5,3	72.035054	0.241789	0.182379	0.409683	0.166150	0.230189	0.183691	0.274110	0.312010	0.053293	0.490383	0.232086	0.224238	0.191275	0.057363	0.276359	0.475003	0.287025	0.054504	0.303917	0.354554	0.053293	0.490383	0.232086	0.224238	1,1,2,3,4,4	69.713278	0.014797	0.124973	0.407187	0.057825	0.118128	0.277090	0.014797	0.124973	0.407187	0.057825	0.118128	0.277090	0.033262	0.209836	0.019369	0.499573	0.073059	0.164901	0.160773	0.132190	0.146542	0.007010	0.233526	0.319958	0.191815	0.306581	0.216903	0.101065	0.081271	0.102365	0.191815	0.306581	0.216903	0.101065	0.081271	0.102365	1,2,3,4,5,3	72.389412	0.531713	0.581659	0.571145	2.576853	2.298903	0.571145	
367000	-119072	1,1,2,3,4,5	72.233353	4.820175	4.820175	6.342920	5.584394	5.501690	6.674952	1,2,3,4,5,3	70.893384	0.317216	0.042355	0.464489	0.175940	0.244889	0.323989	0.161849	0.269273	0.081643	0.298656	0.386036	0.233665	0.219512	0.012050	0.247555	0.520882	0.593760	0.101850	0.216335	0.088056	0.081643	0.298656	0.386036	0.233665	1,2,3,4,1,5	71.848929	0.172769	0.372002	0.236324	0.053986	0.127498	0.037421	0.111580	0.241179	0.181393	0.066680	0.206799	0.192369	0.157772	0.106636	0.344921	0.064567	0.221080	0.105025	0.315794	0.039532	0.179424	0.075978	0.009885	0.379387	0.172769	0.372002	0.236324	0.053986	0.127498	0.037421	0.399936	0.138132	0.112458	0.245722	0.016816	0.086936	1,1,1,2,3,4	74.058213	0.591574	0.591574	0.591574	2.436668	1.962809	0.609595	
368000	-117959	1,1,1,2,3,4	71.422413	4.560460	4.560460	4.560460	6.609641	5.674300	5.744862	1,2,3,2,4,3	72.583378	0.216385	0.200668	0.446866	0.136082	0.165780	0.222629	0.119272	0.492319	0.123842	0.464570	0.286400	0.125188	0.165780	0.222629	0.119272	0.492319	0.390575	0.095805	0.368227	0.145393	0.123842	0.464570	0.286400	0.125188	1,2,3,1,1,1	72.183587	0.100284	0.345377	0.286904	0.079754	0.044968	0.142713	0.005285	0.098602	0.325448	0.075267	0.209550	0.285848	0.061620	0.065003	0.462411	0.150316	0.141189	0.119461	0.100284	0.345377	0.286904	0.079754	0.044968	0.142713	0.100284	0.345377	0.286904	0.079754	0.044968	0.142713	0.100284	0.345377	0.286904	0.079754	0.044968	0.142713	1,2,1,3,4,5	70.550848	0.559760	0.550576	0.559760	2.015416	3.164124	0.584013	
369000	-115949	1,1,1,2,3,4	70.211151	4.788394	4.788394	4.788394	5.788028	5.487325	6.199436	1,2,3,4,5,2	71.893891	0.388189	0.154673	0.376779	0.080358	0.136376	0.296148	0.292620	0.274856	0.117396	0.440906	0.241566	0.200132	0.235550	0.017855	0.143805	0.602790	0.665856	0.027823	0.095512	0.210808	0.136376	0.296148	0.292620	0.274856	1,2,3,4,2,2	71.260771	0.080054	0.279291	0.251738	0.111545	0.095879	0.181494	0.114521	0.315303	0.291559	0.088647	0.091903	0.098067	0.023748	0.118221	0.000334	0.456532	0.222175	0.178990	0.194900	0.046571	0.171143	0.049894	0.341740	0.195753	0.114521	0.315303	0.291559	0.088647	0.091903	0.098067	0.114521	0.315303	0.291559	0.088647	0.091903	0.098067	1,1,2,3,4,1	71.958189	0.560440	0.560440	0.652982	1.955658	2.258152	0.560440	
370000	-116603	1,2,2,2,2,1	70.802738	4.503589	5.048919	5.048919	5.048919	5.048919	4.503589	1,2,3,2,4,5	72.262930	0.323530	0.041119	0.456207	0.179143	0.113648	0.235780	0.171778	0.478794	0.096925	0.687349	0.165570	0.050156	0.113648	0.235780	0.171778	0.478794	0.329210	0.130188	0.292203	0.248400	0.274242	0.358571	0.210219	0.156968	1,2,3,4,2,5	69.835111	0.118852	0.324350	0.291375	0.177822	0.061818	0.025784	0.081022	0.232609	0.347306	0.046814	0.199684	0.092565	0.093972	0.104818	0.010376	0.317344	0.351336	0.122153	0.142433	0.023908	0.218861	0.113867	0.019317	0.481613	0.081022	0.232609	0.347306	0.046814	0.199684	0.092565	0.033751	0.240170	0.221171	0.240156	0.027559	0.237192	1,2,3,4,5,1	70.919102	0.563500	0.652774	0.582857	2.677183	1.736013	0.563500	
371000	-116410	1,2,3,4,5,6	71.177940	4.551709	4.503660	5.271424	5.324238	5.334221	5.450414	1,2,2,3,4,2	70.619728	0.253369	0.307122	0.363164	0.076344	0.107472	0.484347	0.201970	0.206210	0.107472	0.484347	0.201970	0.206210	0.174683	0.129711	0.044517	0.651090	0.416925	0.070320	0.214117	0.298637	0.107472	0.484347	0.201970	0.206210	1,1,2,3,1,4	70.402750	0.032103	0.289001	0.327504	0.040761	0.199167	0.111464	0.032103	0.289001	0.327504	0.040761	0.199167	0.111464	0.132195	0.055599	0.037728	0.299295	0.333495	0.141686	0.142380	0.081673	0.104101	0.062308	0.096718	0.512819	0.032103	0.289001	0.327504	0.040761	0.199167	0.111464	0.105783	0.414090	0.208754	0.050617	0.034210	0.186547	1,2,1,3,4,1	69.849984	0.635301	0.672971	0.635301	2.186304	2.855320	0.635301	
372000	-116172	1,2,3,4,5,1	71.143718	5.314498	5.520800	5.166304	4.922897	5.683687	5.314498	1,2,3,4,1,5	71.652881	0.473721	0.035110	0.398087	0.093082	0.243272	0.251338	0.100071	0.405318	0.061909	0.772216	0.071166	0.094709	0.064659	0.072648	0.323634	0.539058	0.473721	0.035110	0.398087	0.093082	0.173408	0.321555	0.238126	0.266912	1,2,3,4,5,6	71.306058	0.007105	0.140224	0.358648	0.077158	0.239774	0.177090	0.053603	0.069205	0.346902	0.060492	0.173307	0.296491	0.000649	0.047466	0.069608	0.198740	0.649232	0.034305	0.044613	0.044855	0.545197	0.142304	0.071709	0.151323	0.098505	0.261540	0.341060	0.071391	0.145812	0.081692	0.258990	0.315810	0.180987	0.079974	0.046563	0.117676	1,2,3,4,4,1	72.320291	0.571929	0.620865	0.421446	2.027436	2.027436	0.571929	
373000	-117498	1,2,3,3,3,4	72.112787	4.056091	5.374075	4.820963	4.820963	4.820963	5.384536	1,2,3,2,1,4	72.144974	0.376520	0.231434	0.213499	0.178548	0.204881	0.207231	0.124671	0.463217	0.035019	0.763675	0.108986	0.092320	0.204881	0.207231	0.124671	0.463217	0.376520	0.231434	0.213499	0.178548	0.152192	0.422755	0.207829	0.217224	1,2,3,4,1,1	73.235547	0.043516	0.323463	0.348808	0.112625	0.033675	0.137913	0.057026	0.214914	0.187151	0.056341	0.265562	0.219007	0.035657	0.005160	0.078605	0.501442	0.298073	0.081063	0.050097	0.018448	0.640141	0.049492	0.025401	0.216422	0.043516	0.323463	0.348808	0.112625	0.033675	0.137913	0.043516	0.323463	0.348808	0.112625	0.033675	0.137913	1,2,1,3,4,1	72.558345	0.600794	0.682367	0.600794	1.669304	3.044844	0.600794	
374000	-115436	1,2,3,1,2,4	73.018538	4.830544	5.337145	5.356361	4.830544	5.337145	5.663473	1,2,3,2,1,4	72.615961	0.398268	0.062932	0.380634	0.158166	0.133027	0.203933	0.233822	0.429218	0.017225	0.631704	0.172813	0.178258	0.133027	0.203933	0.233822	0.429218	0.398268	0.062932	0.380634	0.158166	0.044548	0.217260	0.448072	0.290121	1,2,3,4,2,5	70.857400	0.103302	0.202873	0.336301	0.120707	0.164359	0.072458	0.050458	0.239322	0.446917	0.021512	0.178886	0.062904	0.299466	0.078419	0.063774	0.285328	0.205913	0.067099	0.007028	0.078181	0.461375	0.066074	0.067043	0.320300	0.050458	0.239322	0.446917	0.021512	0.178886	0.062904	0.240742	0.342879	0.226890	0.082140	0.078707	0.028641	1,1,2,3,4,1	72.956534	0.612380	0.612380	0.554085	2.225077	2.030118	0.612380	
375000	-116831	1,1,2,1,3,4	70.587821	4.857142	4.857142	5.729458	4.857142	5.462957	5.858483	1,2,3,4,5,3	70.973695	0.295607	0.099134	0.465988	0.139271	0.105199	0.356679	0.158418	0.379703	0.059613	0.443304	0.386802	0.110281	0.085550	0.189739	0.263967	0.460744	0.417478	0.158613	0.167024	0.256885	0.059613	0.443304	0.386802	0.110281	1,2,3,4,5,2	72.371985	0.114795	0.258006	0.180152	0.099155	0.293736	0.054156	0.146479	0.339547	0.205425	0.027891	0.142674	0.137983	0.007661	0.163477	0.075664	0.196532	0.361431	0.195236	0.396464	0.080283	0.201509	0.015547	0.037874	0.268322	0.036360	0.352025	0.149157	0.171294	0.229184	0.061981	0.146479	0.339547	0.205425	0.027891	0.142674	0.137983	1,2,3,4,4,5	71.203632	0.586752	0.554804	0.612726	2.680036	2.680036	0.600822	
376000	-117494	1,1,2,1,3,4	71.290424	5.094243	5.094243	6.105023	5.094243	5.692891	5.399200	1,2,2,3,1,2	70.037771	0.440888	0.013105	0.375895	0.170113	0.167650	0.303097	0.260540	0.268713	0.167650	0.303097	0.260540	0.268713	0.073145	0.479386	0.022366	0.425104	0.440888	0.013105	0.375895	0.170113	0.167650	0.303097	0.260540	0.268713	1,2,1,3,4,5	71.636123	0.112643	0.092657	0.097135	0.228162	0.431137	0.038264	0.067880	0.024782	0.474573	0.023905	0.219533	0.189327	0.112643	0.092657	0.097135	0.228162	0.431137	0.038264	0.045907	0.140640	0.275115	0.024276	0.013847	0.500215	0.214733	0.147081	0.225001	0.156257	0.239511	0.017416	0.059358	0.287699	0.143013	0.198558	0.200301	0.111071	1,2,2,3,3,4	72.127992	0.519641	0.582359	0.582359	2.153321	2.153321	0.616108	
377000	-116710	1,2,1,3,4,5	71.526051	5.112132	5.610748	5.112132	5.600603	5.506102	6.131079	1,2,3,4,1,3	72.441152	0.435946	0.045434	0.376478	0.142143	0.249353	0.288891	0.216556	0.245201	0.124839	0.190070	0.517257	0.167834	0.042007	0.022541	0.225109	0.710343	0.435946	0.045434	0.376478	0.142143	0.124839	0.190070	0.517257	0.167834	1,2,3,2,4,1	71.786903	0.245428	0.204533	0.256809	0.147053	0.060586	0.085591	0.166624	0.104749	0.392059	0.020719	0.166771	0.149078	0.007435	0.153447	0.206662	0.244526	0.160377	0.227552	0.166624	0.104749	0.392059	0.020719	0.166771	0.149078	0.080981	0.310860	0.286712	0.127784	0.159927	0.033736	0.245428	0.204533	0.256809	0.147053	0.060586	0.085591	1,2,2,3,3,1	70.077145	0.615618	0.744542	0.744542	2.066422	2.066422	0.615618	
378000	-117628	1,2,3,1,4,5	73.093007	5.077152	4.903791	5.846772	5.077152	5.778300	5.274210	1,2,3,4,1,3	72.323672	0.442052	0.012604	0.326911	0.218433	0.134790	0.487814	0.067393	0.310004	0.087471	0.520969	0.220321	0.171240	0.181584	0.118696	0.424827	0.274893	0.442052	0.012604	0.326911	0.218433	0.087471	0.520969	0.220321	0.171240	1,2,3,4,3,5	71.334960	0.200774	0.230768	0.085708	0.353948	0.074634	0.054166	0.122334	0.186332	0.309177	0.127476	0.160658	0.094024	0.059444	0.078297	0.117480	0.354436	0.381505	0.008838	0.018665	0.070028	0.300450	0.208269	0.131189	0.271399	0.059444	0.078297	0.117480	0.354436	0.381505	0.008838	0.195330	0.290723	0.176424	0.154788	0.003081	0.179656	1,2,2,3,4,5	70.369656	0.536517	0.587281	0.587281	0.675498	1.747939	0.622544	
379000	-118096	1,2,3,4,5,6	71.041533	4.348534	5.359973	6.773900	4.755154	4.642231	6.136479	1,2,3,4,5,3	71.874463	0.433943	0.064033	0.378055	0.123969	0.104668	0.358142	0.102771	0.434419	0.163420	0.341542	0.372485	0.122553	0.224455	0.132536	0.089741	0.553267	0.399810	0.080042	0.181631	0.338517	0.163420	0.341542	0.372485	0.122553	1,1,2,3,4,5	70.087157	0.030610	0.219631	0.335037	0.031341	0.124484	0.258896	0.030610	0.219631	0.335037	0.031341	0.124484	0.258896	0.089982	0.383914	0.026257	0.082991	0.317865	0.098991	0.257936	0.043416	0.263003	0.128545	0.045857	0.261244	0.004381	0.347101	0.109273	0.062109	0.292273	0.184863	0.170435	0.333802	0.061669	0.135640	0.193794	0.104659	1,2,3,4,4,1	72.479637	0.605356	0.704756	0.710131	2.294343	2.294343	0.605356	
380000	-116383	1,2,2,1,2,3	70.395983	5.045952	4.667970	4.667970	5.045952	4.667970	5.308605	1,2,3,4,5,3	70.642302	0.563527	0.059961	0.345120	0.031393	0.096226	0.221315	0.073537	0.608922	0.172808	0.421403	0.291639	0.114150	0.021758	0.095505	0.160245	0.722492	0.750964	0.006645	0.076605	0.165786	0.172808	0.421403	0.291639	0.114150	1,2,3,1,4,1	71.545737	0.044725	0.124431	0.455352	0.088472	0.046843	0.240176	0.072665	0.152254	0.346821	0.240050	0.091044	0.097167	0.002803	0.198572	0.012106	0.423775	0.318127	0.044618	0.044725	0.124431	0.455352	0.088472	0.046843	0.240176	0.085169	0.436387	0.261682	0.013112	0.100432	0.103219	0.044725	0.124431	0.455352	0.088472	0.046843	0.240176	1,1,1,2,3,4	71.124119	0.624113	0.624113	0.624113	2.060747	2.383369	0.709277	
381000	-115828	1,2,3,4,4,5	69.722574	5.224838	5.300559	5.665803	5.676530	5.676530	6.253260	1,2,3,4,1,5	71.896590	0.518716	0.031343	0.297156	0.152785	0.128017	0.511835	0.057933	0.302215	0.014022	0.275767	0.587841	0.122369	0.218823	0.014381	0.140211	0.626585	0.518716	0.031343	0.297156	0.152785	0.074876	0.141678	0.289300	0.494147	1,2,3,4,1,5	73.129697	0.111033	0.274491	0.304664	0.058547	0.188297	0.062967	0.051552	0.045604	0.413248	0.041472	0.092865	0.355257	0.041654	0.039431	0.199379	0.169825	0.544871	0.004840	0.147130	0.042610	0.153851	0.340965	0.109215	0.206229	0.111033	0.274491	0.304664	0.058547	0.188297	0.062967	0.042274	0.235996	0.267246	0.200162	0.162320	0.092002	1,2,3,4,4,5	70.432491	0.593140	0.622575	0.672420	2.290134	2.290134	0.564406	
382000	-118744	1,1,2,3,4,5	72.025875	4.975804	4.975804	6.209555	4.764940	5.277062	6.120837	1,2,3,2,4,5	70.295797	0.421221	0.025634	0.457477	0.095669	0.077034	0.433327	0.201127	0.288512	0.035221	0.782856	0.062280	0.119643	0.077034	0.433327	0.201127	0.288512	0.417570	0.004986	0.416271	0.161173	0.180639	0.156940	0.348213	0.314208	1,2,3,4,1,5	70.085775	0.093198	0.176397	0.370755	0.086441	0.205370	0.067840	0.042985	0.404153	0.240801	0.004834	0.218465	0.088762	0.226565	0.216759	0.170116	0.137932	0.214421	0.034207	0.114512	0.024581	0.302769	0.078846	0.014270	0.465022	0.093198	0.176397	0.370755	0.086441	0.205370	0.067840	0.052911	0.110202	0.289473	0.379270	0.120688	0.047457	1,2,3,4,5,6	71.428439	0.553972	0.671410	0.607060	1.552795	2.238784	0.540540	
383000	-116468	1,2,3,4,1,5	71.352124	5.260016	5.435959	5.613401	5.500179	5.260016	5.633169	1,2,3,4,1,5	71.537957	0.496914	0.017441	0.361479	0.124166	0.175199	0.360806	0.029655	0.434340	0.126018	0.459725	0.340635	0.073622	0.137127	0.164386	0.202661	0.495826	0.496914	0.017441	0.361479	0.124166	0.121617	0.250325	0.336328	0.291730	1,2,3,2,4,1	71.012458	0.127028	0.171880	0.222344	0.194825	0.202754	0.081170	0.205279	0.096976	0.283002	0.130198	0.099635	0.184910	0.141897	0.039491	0.247445	0.142462	0.408422	0.020281	0.205279	0.096976	0.283002	0.130198	0.099635	0.184910	0.233488	0.135807	0.245176	0.006847	0.342339	0.036344	0.127028	0.171880	0.222344	0.194825	0.202754	0.081170	1,2,1,3,3,1	70.498859	0.589130	0.657939	0.589130	2.156317	2.156317	0.589130	
384000	-116646	1,2,3,4,1,5	69.586414	4.540571	5.331333	5.640188	5.373905	4.540571	6.842359	1,2,3,4,4,5	70.404018	0.369061	0.021187	0.335213	0.274539	0.175247	0.315247	0.227829	0.281677	0.090803	0.597544	0.143107	0.168545	0.295365	0.004674	0.138117	0.561844	0.295365	0.004674	0.138117	0.561844	0.068593	0.295991	0.386287	0.249130	1,2,3,4,5,2	72.874370	0.044077	0.405073	0.212659	0.079273	0.219779	0.039139	0.064821	0.434811	0.183849	0.127967	0.092012	0.096539	0.024684	0.060263	0.153936	0.329545	0.407222	0.024350	0.088353	0.040698	0.123328	0.285343	0.273614	0.188665	0.027148	0.103613	0.046722	0.704593	0.105977	0.011948	0.064821	0.434811	0.183849	0.127967	0.092012	0.096539	1,1,1,2,3,1	71.128317	0.586174	0.586174	0.586174	1.649660	2.467097	0.586174	
385000	-116541	1,2,1,3,2,3	72.772759	5.439088	4.203046	5.439088	5.204950	4.203046	5.204950	1,2,3,4,5,6	70.783272	0.368469	0.006729	0.566489	0.058312	0.274016	0.372183	0.144615	0.209185	0.015906	0.525096	0.439332	0.019666	0.162034	0.015907	0.300779	0.521280	0.239983	0.108776	0.483673	0.167569	0.026563	0.287312	0.313859	0.372265	1,2,2,1,3,4	72.279557	0.159538	0.088618	0.333826	0.115374	0.097999	0.204645	0.078508	0.018589	0.279700	0.063586	0.375965	0.183652	0.078508	0.018589	0.279700	0.063586	0.375965	0.183652	0.159538	0.088618	0.333826	0.115374	0.097999	0.204645	0.064249	0.221012	0.441091	0.102254	0.101833	0.069562	0.048307	0.256887	0.472251	0.124944	0.075003	0.022607	1,2,3,4,5,3	70.978044	0.558686	0.690174	0.615050	1.717341	1.739100	0.615050	
386000	-116850	1,1,1,2,1,3	70.321335	4.549449	4.549449	4.549449	5.737840	4.549449	5.682824	1,2,2,3,4,5	72.186196	0.583570	0.006276	0.339851	0.070303	0.138797	0.477280	0.166344	0.217579	0.138797	0.477280	0.166344	0.217579	0.117063	0.172697	0.167581	0.542659	0.347575	0.107987	0.340815	0.203623	0.230639	0.183291	0.334515	0.251556	1,2,3,4,2,4	71.280241	0.208587	0.103470	0.330479	0.178662	0.062565	0.116237	0.015335	0.326841	0.411230	0.025107	0.164167	0.057319	0.074074	0.089081	0.083286	0.341804	0.077107	0.334648	0.117978	0.188929	0.163675	0.328103	0.032245	0.169070	0.015335	0.326841	0.411230	0.025107	0.164167	0.057319	0.117978	0.188929	0.163675	0.328103	0.032245	0.169070	1,2,3,4,4,3	71.133811	0.621358	0.707634	0.590634	1.878219	1.878219	0.590634	
387000	-118193	1,2,3,4,2,5	69.175213	5.241590	5.409753	5.125050	5.677352	5.409753	6.419970	1,2,3,4,1,2	71.492583	0.469248	0.014227	0.373480	0.143045	0.127250	0.276534	0.286547	0.309670	0.186580	0.383642	0.242920	0.186857	0.317204	0.032540	0.104736	0.545520	0.469248	0.014227	0.373480	0.143045	0.127250	0.276534	0.286547	0.309670	1,2,3,2,4,5	71.015753	0.083607	0.119292	0.177457	0.234982	0.282484	0.102177	0.086313	0.054503	0.265654	0.063781	0.440343	0.089407	0.149666	0.052818	0.094708	0.336260	0.240015	0.126533	0.086313	0.054503	0.265654	0.063781	0.440343	0.089407	0.339626	0.108793	0.122528	0.146009	0.278913	0.004131	0.102865	0.224989	0.273701	0.155110	0.077376	0.165960	1,1,1,2,2,3	70.070157	0.630770	0.630770	0.630770	2.034108	2.034108	0.544692	
388000	-116374	1,1,1,1,2,3	73.329504	4.863681	4.863681	4.863681	4.863681	5.798748	6.310984	1,2,3,2,1,2	71.383928	0.481114	0.026438	0.345052	0.147396	0.143371	0.251792	0.271105	0.333731	0.191138	0.444438	0.176578	0.187846	0.143371	0.251792	0.271105	0.333731	0.481114	0.026438	0.345052	0.147396	0.143371	0.251792	0.271105	0.333731	1,2,3,4,1,1	71.965895	0.146394	0.253815	0.298325	0.134587	0.064014	0.102865	0.139444	0.032472	0.496420	0.000587	0.204314	0.126764	0.047737	0.041940	0.020502	0.442921	0.344381	0.102519	0.160372	0.106347	0.328755	0.215876	0.008603	0.180047	0.146394	0.253815	0.298325	0.134587	0.064014	0.102865	0.146394	0.253815	0.298325	0.134587	0.064014	0.102865	1,2,3,4,5,6	72.045494	0.601106	0.632187	0.721299	2.237564	2.271145	0.596153	
389000	-116819	1,2,3,4,5,6	70.770123	5.882445	4.962186	5.512132	5.111757	5.685525	5.508914	1,2,3,4,5,4	70.149963	0.536472	0.008675	0.337136	0.117716	0.126559	0.452038	0.026990	0.394413	0.064130	0.429608	0.419044	0.087218	0.066667	0.238120	0.212216	0.482997	0.399474	0.016204	0.309266	0.275056	0.066667	0.238120	0.212216	0.482997	1,2,3,4,5,6	71.043176	0.258252	0.104557	0.261883	0.130200	0.082753	0.162355	0.155800	0.014260	0.361924	0.124906	0.087270	0.255840	0.061900	0.241868	0.345475	0.147659	0.167922	0.035176	0.148893	0.210934	0.214510	0.183848	0.014976	0.226838	0.049025	0.235695	0.216673	0.035931	0.388332	0.074343	0.043262	0.364583	0.336148	0.128113	0.041036	0.086859	1,2,2,3,3,1	71.037854	0.598766	0.615906	0.615906	2.250426	2.250426	0.598766	
390000	-116615	1,1,2,3,4,5	71.459977	4.187706	4.187706	5.210683	5.952090	5.582692	6.758990	1,2,3,4,5,2	71.803917	0.489356	0.025737	0.334947	0.149960	0.161619	0.379195	0.224113	0.235073	0.005859	0.580579	0.159816	0.253746	0.217426	0.018016	0.027267	0.737291	0.504001	0.010612	0.194346	0.291041	0.161619	0.379195	0.224113	0.235073	1,2,3,4,2,1	69.969432	0.160782	0.330224	0.313718	0.106667	0.012038	0.076572	0.179264	0.265208	0.285848	0.024745	0.214714	0.030220	0.057659	0.107905	0.346132	0.221542	0.129682	0.137081	0.021213	0.103405	0.287694	0.065862	0.288612	0.233214	0.179264	0.265208	0.285848	0.024745	0.214714	0.030220	0.160782	0.330224	0.313718	0.106667	0.012038	0.076572	1,2,1,3,3,4	70.923103	0.590733	0.596509	0.590733	2.019837	2.019837	0.517264	
391000	-117079	1,2,3,4,5,4	72.675872	5.541535	4.923917	5.628011	5.415787	5.414604	5.415787	1,2,3,4,5,6	71.808501	0.355763	0.012792	0.554947	0.076498	0.220137	0.406662	0.165115	0.208087	0.094912	0.517306	0.307048	0.080734	0.078536	0.231405	0.162362	0.527697	0.461096	0.108440	0.236871	0.193592	0.101120	0.286678	0.261949	0.350253	1,2,1,3,4,5	71.519391	0.133647	0.080445	0.332630	0.193165	0.195950	0.064163	0.011603	0.279349	0.126857	0.060110	0.161726	0.360355	0.133647	0.080445	0.332630	0.193165	0.195950	0.064163	0.148740	0.030629	0.224135	0.206221	0.123200	0.267075	0.017400	0.190563	0.297701	0.011976	0.303584	0.178776	0.092081	0.157201	0.224908	0.226494	0.126690	0.172626	1,2,3,4,5,6	71.353960	0.606329	0.680800	0.623245	2.034649	2.361068	0.638579	
392000	-118754	1,1,2,1,3,4	73.132661	4.709529	4.709529	6.097214	4.709529	6.513407	5.983109	1,2,3,4,5,6	71.949149	0.153397	0.269503	0.483356	0.093743	0.298631	0.256276	0.212892	0.232200	0.045548	0.506160	0.293453	0.154839	0.158389	0.206921	0.027033	0.607657	0.656506	0.018614	0.091979	0.232902	0.175491	0.149216	0.502451	0.172842	1,2,3,4,2,2	72.042533	0.058573	0.422774	0.344079	0.005087	0.052525	0.116963	0.012621	0.170284	0.327344	0.137752	0.258175	0.093825	0.023987	0.086963	0.154750	0.207868	0.294266	0.232165	0.060417	0.114962	0.045765	0.236637	0.080112	0.462108	0.012621	0.170284	0.327344	0.137752	0.258175	0.093825	0.012621	0.170284	0.327344	0.137752	0.258175	0.093825	1,1,2,3,3,4	71.353711	0.608689	0.608689	0.611115	1.960769	1.960769	0.675595	
393000	-117305	1,1,1,2,1,3	70.250402	4.720018	4.720018	4.720018	5.422433	4.720018	5.595032	1,2,3,4,5,3	71.191262	0.819860	0.025873	0.137062	0.017205	0.141779	0.461085	0.067250	0.329886	0.127791	0.275812	0.413072	0.183325	0.147517	0.003176	0.285383	0.563924	0.303434	0.059398	0.143165	0.494003	0.127791	0.275812	0.413072	0.183325	1,2,3,4,2,5	68.822953	0.211780	0.045632	0.284195	0.105173	0.039431	0.313789	0.023123	0.537887	0.247005	0.034167	0.090855	0.066963	0.044168	0.228414	0.141053	0.377054	0.203311	0.005999	0.067190	0.070356	0.298036	0.117987	0.280762	0.165669	0.023123	0.537887	0.247005	0.034167	0.090855	0.066963	0.172902	0.164278	0.392033	0.132815	0.089944	0.048029	1,2,2,3,4,5	71.369955	0.621594	0.663251	0.663251	1.893079	1.963149	0.666054	
394000	-116718	1,2,2,3,4,5	70.899430	5.561144	5.081802	5.081802	5.394256	5.383937	6.113026	1,2,3,4,5,3	70.387088	0.498855	0.030571	0.431744	0.038830	0.203375	0.111619	0.223747	0.461259	0.115620	0.292885	0.485724	0.105771	0.168142	0.038939	0.045283	0.747637	0.474993	0.106511	0.231016	0.187480	0.115620	0.292885	0.485724	0.105771	1,2,3,4,3,5	70.140922	0.185987	0.101596	0.091602	0.271699	0.185090	0.164026	0.168516	0.191054	0.127270	0.010433	0.416847	0.085880	0.011294	0.299274	0.218289	0.180060	0.226180	0.064903	0.118242	0.045968	0.196168	0.022118	0.179375	0.438128	0.011294	0.299274	0.218289	0.180060	0.226180	0.064903	0.074332	0.291798	0.120904	0.263758	0.111327	0.137881	1,2,1,3,4,5	70.458092	0.588059	0.594792	0.588059	4.235275	3.585319	0.577920	
395000	-118157	1,2,3,1,4,4	73.842111	4.747436	5.022274	5.695935	4.747436	5.446044	5.446044	1,2,3,1,1,3	72.520521	0.422012	0.047304	0.291781	0.238903	0.173024	0.384788	0.156535	0.285654	0.046312	0.430101	0.314540	0.209048	0.422012	0.047304	0.291781	0.238903	0.422012	0.047304	0.291781	0.238903	0.046312	0.430101	0.314540	0.209048	1,2,3,4,5,6	71.531212	0.087202	0.314982	0.036360	0.473240	0.033435	0.054781	0.022733	0.190455	0.345714	0.026602	0.303024	0.111472	0.098499	0.029642	0.373327	0.149516	0.238856	0.110160	0.406418	0.028157	0.124659	0.221711	0.017606	0.201450	0.053887	0.173789	0.336703	0.174449	0.241542	0.019629	0.195382	0.206615	0.404472	0.097104	0.057846	0.038582	1,2,2,3,4,1	72.167229	0.550881	0.704433	0.704433	0.854876	1.660943	0.550881	
396000	-116743	1,2,3,1,4,5	72.125877	4.212695	5.567482	5.677106	4.212695	5.644615	6.245040	1,2,3,4,5,6	71.223511	0.275322	0.562857	0.149680	0.012141	0.303172	0.293361	0.054445	0.349021	0.027327	0.513737	0.439176	0.019760	0.017507	0.012808	0.043693	0.925992	0.562003	0.095280	0.143140	0.199578	0.050152	0.255212	0.444407	0.250228	1,2,3,4,2,5	72.835564	0.004287	0.089941	0.671535	0.009497	0.024362	0.200378	0.040984	0.280018	0.126568	0.070508	0.313322	0.168601	0.089001	0.026827	0.170821	0.192236	0.456087	0.065028	0.027819	0.181615	0.227867	0.295713	0.043726	0.223259	0.040984	0.280018	0.126568	0.070508	0.313322	0.168601	0.113901	0.595395	0.213837	0.014509	0.016640	0.045718	1,2,3,4,5,6	71.869531	0.590275	0.604722	0.552472	1.630878	2.853010	0.652706	
397000	-114339	1,1,2,3,4,5	72.313732	4.619422	4.619422	5.543022	5.752174	5.697694	5.996120	1,2,3,4,1,5	72.667725	0.456629	0.036755	0.356588	0.150029	0.114979	0.306545	0.061001	0.517475	0.018312	0.581265	0.224439	0.175983	0.126749	0.097987	0.088271	0.686994	0.456629	0.036755	0.356588	0.150029	0.086140	0.248681	0.309990	0.355189	1,2,3,1,3,4	70.668455	0.151034	0.213817	0.314823	0.112398	0.024924	0.183004	0.111528	0.418579	0.247526	0.061927	0.104500	0.055940	0.017072	0.182960	0.214291	0.320875	0.247805	0.016997	0.151034	0.213817	0.314823	0.112398	0.024924	0.183004	0.017072	0.182960	0.214291	0.320875	0.247805	0.016997	0.144717	0.236972	0.336744	0.143349	0.024282	0.113936	1,2,2,3,3,4	71.199609	0.563510	0.588181	0.588181	2.577366	2.577366	0.613168	
398000	-114925	1,2,1,3,4,5	71.435624	4.631816	5.759296	4.631816	6.550174	6.189674	5.542471	1,2,3,4,5,3	71.402059	0.334669	0.020297	0.491739	0.153295	0.195519	0.222772	0.052953	0.528755	0.083291	0.358044	0.402539	0.156126	0.130288	0.000900	0.130450	0.738362	0.457759	0.006341	0.250941	0.284959	0.083291	0.358044	0.402539	0.156126	1,2,3,4,1,2	70.895632	0.225708	0.072807	0.086735	0.121991	0.476231	0.016528	0.122701	0.417386	0.225885	0.036006	0.116641	0.081381	0.065358	0.139485	0.102158	0.262039	0.282816	0.148144	0.301391	0.104871	0.153375	0.180112	0.112159	0.148091	0.225708	0.072807	0.086735	0.121991	0.476231	0.016528	0.122701	0.417386	0.225885	0.036006	0.116641	0.081381	1,2,1,3,4,5	70.934856	0.624265	0.626783	0.624265	1.913371	1.903028	0.620109	
399000	-118842	1,2,1,1,3,4	70.772161	4.096901	6.005223	4.096901	4.096901	5.580762	5.755995	1,2,2,3,3,2	70.662480	0.205567	0.137456	0.478680	0.178297	0.207556	0.368806	0.185465	0.238172	0.207556	0.368806	0.185465	0.238172	0.520351	0.053413	0.130069	0.296167	0.520351	0.053413	0.130069	0.296167	0.207556	0.368806	0.185465	0.238172	1,1,2,3,4,5	70.273100	0.018283	0.422541	0.282528	0.018967	0.101243	0.156439	0.018283	0.422541	0.282528	0.018967	0.101243	0.156439	0.014931	0.081626	0.026711	0.767585	0.058540	0.050607	0.088958	0.034052	0.122541	0.227464	0.000692	0.526292	0.146527	0.416348	0.179455	0.004741	0.122143	0.130785	0.062499	0.507484	0.024338	0.218925	0.051774	0.134980	1,1,2,3,3,2	71.712043	0.700742	0.700742	0.603848	2.305064	2.305064	0.603848	
400000	-117717	1,2,3,4,5,6	70.927064	4.677681	5.383464	5.403450	5.672924	5.436042	5.782393	1,2,2,3,1,2	69.723199	0.528786	0.032213	0.306779	0.132221	0.149899	0.352461	0.252912	0.244729	0.149899	0.352461	0.252912	0.244729	0.321459	0.068230	0.107996	0.502316	0.528786	0.032213	0.306779	0.132221	0.149899	0.352461	0.252912	0.244729	1,2,3,1,2,1	69.931077	0.250352	0.183417	0.230491	0.146902	0.029560	0.159278	0.025401	0.184706	0.443602	0.028359	0.186216	0.131716	0.246141	0.196652	0.015267	0.261483	0.202851	0.077605	0.250352	0.183417	0.230491	0.146902	0.029560	0.159278	0.025401	0.184706	0.443602	0.028359	0.186216	0.131716	0.250352	0.183417	0.230491	0.146902	0.029560	0.159278	1,2,2,3,4,5	72.612715	0.588132	0.649052	0.649052	1.920742	2.331565	0.548390	
401000	-118905	1,2,3,3,4,5	72.601150	4.443904	6.279925	4.387301	4.387301	5.262916	6.315164	1,2,3,4,5,6	70.044084	0.311613	0.084747	0.514344	0.089295	0.262833	0.306017	0.094114	0.337037	0.134984	0.718996	0.068938	0.077081	0.418535	0.120862	0.117248	0.343354	0.339917	0.043807	0.273888	0.342388	0.144507	0.284300	0.353267	0.217927	1,2,3,4,1,1	71.701521	0.129570	0.304990	0.238824	0.124720	0.106686	0.095209	0.235883	0.263754	0.240276	0.061331	0.168017	0.030740	0.053709	0.027732	0.452684	0.140178	0.166158	0.159540	0.040197	0.073813	0.151102	0.451753	0.095265	0.187871	0.129570	0.304990	0.238824	0.124720	0.106686	0.095209	0.129570	0.304990	0.238824	0.124720	0.106686	0.095209	1,2,1,3,4,1	69.842955	0.619951	0.616510	0.619951	1.908901	3.229418	0.619951	
402000	-117620	1,2,3,4,5,6	72.100453	4.821595	5.248017	5.784990	5.564352	5.379766	5.417967	1,2,3,4,1,5	70.949018	0.512309	0.050563	0.297454	0.139674	0.353433	0.403351	0.072876	0.170340	0.039720	0.343269	0.598493	0.018518	0.126504	0.065430	0.136509	0.671556	0.512309	0.050563	0.297454	0.139674	0.343537	0.202686	0.390480	0.063297	1,1,2,3,4,4	71.300028	0.061460	0.234688	0.246823	0.065951	0.229964	0.161113	0.061460	0.234688	0.246823	0.065951	0.229964	0.161113	0.073367	0.016650	0.146864	0.171939	0.539068	0.052112	0.519547	0.053868	0.148245	0.120603	0.028764	0.128972	0.028670	0.303652	0.356258	0.117291	0.120806	0.073324	0.028670	0.303652	0.356258	0.117291	0.120806	0.073324	1,2,3,4,5,6	70.506436	0.586956	0.684527	0.565707	2.298087	2.266691	0.704953	
403000	-116973	1,2,3,4,2,2	72.267893	5.441172	5.368869	5.069631	5.285687	5.368869	5.368869	1,2,3,4,1,2	70.947590	0.563799	0.009003	0.326496	0.100701	0.213908	0.312223	0.193694	0.280175	0.183132	0.594214	0.103756	0.118898	0.141013	0.076669	0.243194	0.539124	0.563799	0.009003	0.326496	0.100701	0.213908	0.312223	0.193694	0.280175	1,2,3,4,5,2	72.035175	0.068566	0.108685	0.227209	0.253974	0.133890	0.207675	0.146864	0.199856	0.181677	0.180317	0.112955	0.178331	0.036125	0.062971	0.051848	0.343590	0.495147	0.010319	0.100295	0.087631	0.183200	0.226760	0.134424	0.267690	0.140182	0.147175	0.249077	0.206491	0.187531	0.069544	0.146864	0.199856	0.181677	0.180317	0.112955	0.178331	1,1,1,2,3,4	71.363280	0.603374	0.603374	0.603374	1.884375	2.370649	0.630395	
404000	-116746	1,2,3,4,5,6	71.204988	5.084048	5.636141	6.281757	5.785739	5.480368	7.085920	1,2,3,4,5,6	72.053987	0.517794	0.115733	0.282470	0.084004	0.201861	0.248838	0.193472	0.355829	0.019349	0.716859	0.222562	0.041230	0.065735	0.323987	0.070571	0.539707	0.500120	0.151055	0.219697	0.129128	0.156065	0.417629	0.175854	0.250452	1,2,3,4,2,5	73.290075	0.105534	0.279335	0.382711	0.138603	0.002443	0.091373	0.073946	0.354147	0.216849	0.014150	0.130807	0.210101	0.029409	0.094920	0.532262	0.142336	0.176379	0.024694	0.253713	0.034279	0.404997	0.089704	0.027771	0.189536	0.073946	0.354147	0.216849	0.014150	0.130807	0.210101	0.224234	0.100729	0.310150	0.167658	0.039245	0.157984	1,1,1,2,2,3	71.262776	0.625659	0.625659	0.625659	1.629078	1.629078	0.545465	
405000	-118383	1,1,2,1,3,4	70.444518	4.131483	4.131483	5.695858	4.131483	6.251803	6.237359	1,2,3,2,1,3	70.307892	0.472594	0.015593	0.419138	0.092675	0.248899	0.202434	0.062038	0.486630	0.053651	0.532149	0.268269	0.145930	0.248899	0.202434	0.062038	0.486630	0.472594	0.015593	0.419138	0.092675	0.053651	0.532149	0.268269	0.145930	1,1,2,2,3,1	71.682554	0.141634	0.254216	0.242425	0.135120	0.048261	0.178345	0.141634	0.254216	0.242425	0.135120	0.048261	0.178345	0.089788	0.000143	0.193589	0.341671	0.088958	0.285852	0.089788	0.000143	0.193589	0.341671	0.088958	0.285852	0.015641	0.068215	0.065932	0.272474	0.533602	0.044137	0.141634	0.254216	0.242425	0.135120	0.048261	0.178345	1,2,2,3,4,5	72.430299	0.585832	0.543295	0.543295	2.254108	1.993495	0.666264	
406000	-116152	1,1,1,2,2,3	71.282298	5.237455	5.237455	5.237455	5.205297	5.205297	5.662002	1,2,3,4,5,3	72.948786	0.405271	0.087280	0.272443	0.235007	0.159206	0.304800	0.190724	0.345270	0.078838	0.391216	0.441307	0.088639	0.123605	0.058266	0.239630	0.578499	0.466797	0.148439	0.163987	0.220777	0.078838	0.391216	0.441307	0.088639	1,2,3,4,2,4	69.885625	0.039207	0.153607	0.081915	0.020494	0.662120	0.042657	0.024326	0.327863	0.316148	0.006421	0.180773	0.144468	0.105144	0.052061	0.227184	0.306742	0.304269	0.004600	0.100955	0.189468	0.458692	0.097651	0.068428	0.084807	0.024326	0.327863	0.316148	0.006421	0.180773	0.144468	0.100955	0.189468	0.458692	0.097651	0.068428	0.084807	1,2,3,4,5,3	71.955065	0.696280	0.716138	0.641625	1.740678	1.970554	0.641625	
407000	-116191	1,1,2,1,3,4	71.757339	4.301255	4.301255	5.609817	4.301255	5.482491	6.168086	1,2,3,4,1,5	72.520088	0.405055	0.039476	0.355842	0.199628	0.092086	0.227875	0.209296	0.470743	0.100075	0.659885	0.160393	0.079647	0.012388	0.055457	0.116403	0.815752	0.405055	0.039476	0.355842	0.199628	0.167612	0.228346	0.237957	0.366084	1,2,3,3,4,1	71.368267	0.087561	0.248270	0.226738	0.211101	0.091186	0.135144	0.068012	0.312562	0.324817	0.119000	0.121847	0.053761	0.010772	0.067026	0.598453	0.105252	0.060724	0.157773	0.010772	0.067026	0.598453	0.105252	0.060724	0.157773	0.006852	0.242169	0.222282	0.141849	0.363581	0.023267	0.087561	0.248270	0.226738	0.211101	0.091186	0.135144	1,2,3,4,4,5	72.873077	0.589358	0.682481	0.593067	2.246341	2.246341	0.543988	
408000	-116433	1,2,1,3,4,1	70.790645	4.480266	5.172808	4.480266	5.882011	5.476428	4.480266	1,2,3,4,5,3	72.436230	0.458089	0.093188	0.400878	0.047845	0.130299	0.294897	0.097789	0.477015	0.064093	0.551457	0.182891	0.201559	0.103770	0.121571	0.283499	0.491159	0.426805	0.084369	0.327247	0.161578	0.064093	0.551457	0.182891	0.201559	1,1,2,3,1,1	71.011754	0.041609	0.321621	0.272308	0.053737	0.111934	0.198791	0.041609	0.321621	0.272308	0.053737	0.111934	0.198791	0.134015	0.059794	0.112278	0.449740	0.223925	0.020248	0.222708	0.076056	0.187234	0.312342	0.021660	0.180000	0.041609	0.321621	0.272308	0.053737	0.111934	0.198791	0.041609	0.321621	0.272308	0.053737	0.111934	0.198791	1,1,2,3,3,4	70.940343	0.558125	0.558125	0.514318	2.113075	2.113075	0.631668	
409000	-116644	1,2,1,3,4,5	71.957456	4.033085	5.095574	4.033085	5.033395	5.286762	6.323990	1,2,3,4,5,6	73.156332	0.183990	0.131210	0.439034	0.245766	0.101602	0.462729	0.107838	0.327831	0.046292	0.462201	0.243652	0.247856	0.197615	0.012956	0.135713	0.653716	0.635329	0.190763	0.104194	0.069714	0.146918	0.301029	0.364689	0.187364	1,1,2,3,1,1	72.628196	0.068728	0.403792	0.220263	0.118198	0.113195	0.075824	0.068728	0.403792	0.220263	0.118198	0.113195	0.075824	0.051300	0.266745	0.257184	0.185532	0.139869	0.099371	0.247531	0.067374	0.211368	0.099177	0.089694	0.284855	0.068728	0.403792	0.220263	0.118198	0.113195	0.075824	0.068728	0.403792	0.220263	0.118198	0.113195	0.075824	1,2,3,4,5,1	71.875030	0.617347	0.665061	0.536692	1.630588	1.811634	0.617347	
410000	-116335	1,2,1,3,2,4	71.993979	4.633251	5.013147	4.633251	5.783207	5.013147	6.435973	1,2,3,4,5,6	71.521500	0.553071	0.060104	0.280474	0.106351	0.276079	0.341257	0.101132	0.281531	0.323294	0.353260	0.227258	0.096188	0.173128	0.077589	0.130467	0.618816	0.411462	0.167891	0.241316	0.179332	0.136012	0.382789	0.213044	0.268156	1,2,3,4,5,5	69.617046	0.022998	0.240892	0.180858	0.268898	0.076567	0.209788	0.043613	0.386111	0.269620	0.006382	0.193015	0.101259	0.046756	0.034918	0.021183	0.246330	0.530622	0.120189	0.023545	0.070557	0.452455	0.117262	0.026117	0.310065	0.035905	0.417501	0.386894	0.044981	0.085932	0.028787	0.035905	0.417501	0.386894	0.044981	0.085932	0.028787	1,2,2,3,3,4	72.486883	0.617923	0.635001	0.635001	2.706257	2.706257	0.532461	
411000	-116462	1,1,1,1,1,2	72.670020	5.150331	5.150331	5.150331	5.150331	5.150331	5.905092	1,2,3,4,5,6	71.367806	0.363452	0.060192	0.384880	0.191476	0.407573	0.187003	0.085946	0.319477	0.125536	0.533660	0.179298	0.161505	0.121358	0.140958	0.140036	0.597648	0.656517	0.024123	0.111849	0.207511	0.151297	0.107205	0.211272	0.530227	1,1,2,3,1,4	71.756217	0.046531	0.189510	0.218860	0.034208	0.324109	0.186783	0.046531	0.189510	0.218860	0.034208	0.324109	0.186783	0.031151	0.077949	0.077867	0.417157	0.374341	0.021535	0.173180	0.018150	0.301617	0.244262	0.064596	0.198195	0.046531	0.189510	0.218860	0.034208	0.324109	0.186783	0.287814	0.247785	0.092177	0.166111	0.141296	0.064818	1,1,2,3,4,1	71.124778	0.598501	0.598501	0.578302	1.815242	1.835766	0.598501	
412000	-117846	1,1,2,1,3,4	71.267286	4.327576	4.327576	5.232299	4.327576	5.100835	5.689820	1,2,2,3,1,2	71.379499	0.503073	0.182560	0.194676	0.119691	0.102780	0.437033	0.238190	0.221997	0.102780	0.437033	0.238190	0.221997	0.061342	0.110284	0.373717	0.454657	0.503073	0.182560	0.194676	0.119691	0.102780	0.437033	0.238190	0.221997	1,1,2,3,3,3	72.086820	0.038690	0.080972	0.531177	0.058857	0.164461	0.125842	0.038690	0.080972	0.531177	0.058857	0.164461	0.125842	0.037052	0.010730	0.113150	0.451973	0.357453	0.029642	0.101897	0.323713	0.305104	0.077114	0.025443	0.166730	0.101897	0.323713	0.305104	0.077114	0.025443	0.166730	0.101897	0.323713	0.305104	0.077114	0.025443	0.166730	1,2,3,4,5,1	71.414702	0.606886	0.711188	0.723442	1.994102	1.950527	0.606886	
413000	-119206	1,1,1,2,3,1	69.803845	5.116581	5.116581	5.116581	5.339302	5.081275	5.116581	1,2,3,2,4,5	72.749071	0.346778	0.021736	0.498616	0.132870	0.159124	0.186840	0.141118	0.512918	0.232853	0.245595	0.512161	0.009390	0.159124	0.186840	0.141118	0.512918	0.590365	0.119445	0.243251	0.046940	0.051119	0.577577	0.228554	0.142750	1,2,3,4,2,4	72.613244	0.380940	0.121751	0.165676	0.256263	0.037350	0.038021	0.076010	0.291145	0.248173	0.043329	0.226527	0.114816	0.047793	0.224443	0.106167	0.127220	0.479594	0.014783	0.140991	0.208342	0.291979	0.110832	0.028891	0.218965	0.076010	0.291145	0.248173	0.043329	0.226527	0.114816	0.140991	0.208342	0.291979	0.110832	0.028891	0.218965	1,1,2,3,3,1	70.689939	0.643605	0.643605	0.546317	2.746255	2.746255	0.643605	
414000	-115677	1,1,2,3,4,5	72.040349	5.364152	5.364152	5.561419	6.176398	5.514250	5.844679	1,2,3,4,1,5	71.152538	0.558775	0.017533	0.295615	0.128077	0.197033	0.301848	0.043132	0.457987	0.049943	0.635185	0.253939	0.060933	0.123666	0.101898	0.231149	0.543287	0.558775	0.017533	0.295615	0.128077	0.085433	0.379281	0.176447	0.358839	1,2,3,4,1,2	71.090618	0.226481	0.159123	0.157056	0.150898	0.263766	0.042676	0.074194	0.344192	0.354040	0.071390	0.081112	0.075071	0.035134	0.001153	0.056431	0.262447	0.337537	0.307299	0.056979	0.265727	0.135744	0.329519	0.004640	0.207392	0.226481	0.159123	0.157056	0.150898	0.263766	0.042676	0.074194	0.344192	0.354040	0.071390	0.081112	0.075071	1,2,2,3,4,2	71.669079	0.627834	0.630749	0.630749	2.507356	2.099309	0.630749	
415000	-116494	1,2,3,1,1,4	69.090367	4.898299	5.671938	5.302683	4.898299	4.898299	6.018368	1,2,3,4,5,6	72.337328	0.223120	0.049561	0.442702	0.284618	0.187759	0.265616	0.249560	0.297064	0.033176	0.410061	0.417404	0.139359	0.046091	0.049775	0.336724	0.567410	0.751285	0.084297	0.084237	0.080181	0.172383	0.183529	0.352603	0.291485	1,2,3,2,4,3	70.080324	0.056031	0.407172	0.273760	0.092847	0.071469	0.098721	0.133572	0.045958	0.543797	0.030609	0.138491	0.107573	0.057299	0.240854	0.300758	0.180727	0.123932	0.096429	0.133572	0.045958	0.543797	0.030609	0.138491	0.107573	0.013061	0.422590	0.215330	0.031091	0.099648	0.218279	0.057299	0.240854	0.300758	0.180727	0.123932	0.096429	1,2,3,4,5,3	72.305839	0.667657	0.589624	0.584474	1.906567	1.739427	0.584474	
416000	-117216	1,1,2,2,2,3	71.539833	3.902683	3.902683	5.489466	5.489466	5.489466	5.223623	1,2,3,4,1,5	72.453642	0.399081	0.062233	0.260406	0.278281	0.111634	0.134578	0.020607	0.733181	0.017564	0.436795	0.384059	0.161583	0.163587	0.027978	0.208150	0.600286	0.399081	0.062233	0.260406	0.278281	0.108310	0.422197	0.128386	0.341107	1,1,2,3,1,1	70.808965	0.170418	0.298599	0.196592	0.192441	0.091920	0.050030	0.170418	0.298599	0.196592	0.192441	0.091920	0.050030	0.117471	0.007705	0.373181	0.239067	0.213099	0.049477	0.019203	0.027444	0.292061	0.016628	0.188309	0.456355	0.170418	0.298599	0.196592	0.192441	0.091920	0.050030	0.170418	0.298599	0.196592	0.192441	0.091920	0.050030	1,2,1,3,4,2	71.413133	0.551657	0.525426	0.551657	2.597376	2.388399	0.525426	
417000	-116839	1,1,2,3,4,3	72.065819	4.625576	4.625576	6.334547	5.027331	5.941171	5.027331	1,2,3,4,1,5	71.794954	0.439570	0.077163	0.289083	0.194183	0.079965	0.297385	0.143353	0.479297	0.017096	0.514106	0.395787	0.073011	0.164864	0.117649	0.019114	0.698373	0.439570	0.077163	0.289083	0.194183	0.159804	0.081075	0.672638	0.086483	1,2,3,4,2,3	71.356893	0.040142	0.441502	0.279205	0.118018	0.047288	0.073845	0.059244	0.226842	0.300476	0.104053	0.164242	0.145144	0.022388	0.198133	0.131387	0.145264	0.431925	0.070902	0.086338	0.001447	0.272037	0.197354	0.077054	0.365771	0.059244	0.226842	0.300476	0.104053	0.164242	0.145144	0.022388	0.198133	0.131387	0.145264	0.431925	0.070902	1,1,1,2,2,3	72.504847	0.553663	0.553663	0.553663	2.516002	2.516002	0.563297	
418000	-118720	1,2,1,3,4,5	71.139492	4.755328	4.142583	4.755328	5.289697	5.944508	5.314425	1,2,3,4,4,3	72.086463	0.458042	0.066794	0.366878	0.108286	0.155823	0.254029	0.007295	0.582853	0.106693	0.369050	0.333254	0.191002	0.363093	0.029010	0.111938	0.495959	0.363093	0.029010	0.111938	0.495959	0.106693	0.369050	0.333254	0.191002	1,2,3,2,4,5	71.785403	0.178419	0.194346	0.156985	0.145355	0.026592	0.298302	0.094737	0.263877	0.210350	0.072018	0.092825	0.266194	0.070626	0.037220	0.138390	0.318511	0.169466	0.265788	0.094737	0.263877	0.210350	0.072018	0.092825	0.266194	0.271862	0.075184	0.024047	0.390679	0.212539	0.025688	0.159537	0.140648	0.164540	0.271863	0.126971	0.136442	1,2,2,3,3,4	71.776148	0.523897	0.677505	0.677505	2.150788	2.150788	0.582124	
419000	-116356	1,2,3,4,1,5	71.324765	5.207787	5.754440	4.892425	6.039486	5.207787	5.651721	1,2,3,4,1,3	71.888512	0.482288	0.068562	0.320652	0.128497	0.187805	0.359034	0.070438	0.382723	0.219754	0.226799	0.386273	0.167174	0.058944	0.012729	0.183739	0.744588	0.482288	0.068562	0.320652	0.128497	0.219754	0.226799	0.386273	0.167174	1,2,3,4,2,5	71.473810	0.059118	0.131154	0.128687	0.151976	0.445769	0.083296	0.014465	0.253225	0.370288	0.025964	0.244045	0.092012	0.099488	0.004020	0.301230	0.407524	0.173153	0.014586	0.700955	0.011321	0.146606	0.029800	0.062846	0.048473	0.014465	0.253225	0.370288	0.025964	0.244045	0.092012	0.232347	0.173596	0.082530	0.116255	0.236544	0.158727	1,2,3,4,4,5	68.941045	0.666781	0.621095	0.668796	2.016340	2.016340	0.616617	
420000	-117477	1,1,2,1,2,3	70.361907	3.860389	3.860389	5.344240	3.860389	5.344240	5.551375	1,2,3,4,5,2	72.857965	0.406026	0.163122	0.325456	0.105395	0.088869	0.342742	0.257927	0.310462	0.023092	0.518036	0.347590	0.111281	0.371352	0.020004	0.280597	0.328047	0.428102	0.050779	0.224938	0.296181	0.088869	0.342742	0.257927	0.310462	1,2,3,2,3,1	71.250614	0.031607	0.310366	0.305551	0.103143	0.053160	0.196174	0.004860	0.082305	0.217882	0.158206	0.213240	0.323507	0.041036	0.149895	0.157770	0.334243	0.296840	0.020215	0.004860	0.082305	0.217882	0.158206	0.213240	0.323507	0.041036	0.149895	0.157770	0.334243	0.296840	0.020215	0.031607	0.310366	0.305551	0.103143	0.053160	0.196174	1,1,2,3,4,2	71.103431	0.637857	0.637857	0.533732	1.336916	1.859828	0.533732	
421000	-116576	1,2,3,4,2,5	71.517273	5.383671	5.296988	5.320807	6.308552	5.296988	5.754188	1,2,3,4,1,3	70.961223	0.406903	0.006274	0.438623	0.148200	0.124286	0.125016	0.139461	0.611236	0.079450	0.312885	0.386370	0.221294	0.039554	0.052824	0.091726	0.815895	0.406903	0.006274	0.438623	0.148200	0.079450	0.312885	0.386370	0.221294	1,2,3,4,3,5	71.961369	0.309842	0.069552	0.101172	0.204525	0.298694	0.016215	0.067673	0.336548	0.333316	0.047089	0.155629	0.059744	0.168249	0.094031	0.169146	0.192138	0.357466	0.018970	0.012254	0.263237	0.155967	0.122018	0.181186	0.265339	0.168249	0.094031	0.169146	0.192138	0.357466	0.018970	0.121249	0.236183	0.233956	0.120095	0.164418	0.124099	1,1,2,3,4,1	73.048299	0.645721	0.645721	0.643297	1.903901	1.954429	0.645721	
422000	-116530	1,2,2,1,3,4	72.122218	4.182436	5.088434	5.088434	4.182436	5.694491	6.084714	1,2,3,4,5,3	71.976632	0.342639	0.100753	0.439787	0.116821	0.173457	0.216657	0.115577	0.494309	0.116985	0.388269	0.299777	0.194969	0.143978	0.151542	0.194372	0.510108	0.488794	0.089954	0.112537	0.308715	0.116985	0.388269	0.299777	0.194969	1,2,3,4,3,1	69.839719	0.170820	0.384435	0.181656	0.074476	0.094237	0.094376	0.120214	0.213109	0.363948	0.072540	0.114670	0.115519	0.055430	0.173930	0.196526	0.257866	0.281860	0.034388	0.024435	0.082897	0.316340	0.176501	0.121679	0.278147	0.055430	0.173930	0.196526	0.257866	0.281860	0.034388	0.170820	0.384435	0.181656	0.074476	0.094237	0.094376	1,1,2,3,4,1	71.983379	0.574370	0.574370	0.643491	2.576982	2.330904	0.574370	
423000	-116762	1,2,2,1,3,1	70.474332	4.800465	5.267810	5.267810	4.800465	6.137955	4.800465	1,2,3,4,5,3	69.698930	0.615960	0.026412	0.323157	0.034471	0.256318	0.446098	0.126548	0.171036	0.096672	0.472180	0.233729	0.197419	0.066860	0.081533	0.252098	0.599508	0.489652	0.020075	0.330728	0.159545	0.096672	0.472180	0.233729	0.197419	1,2,3,2,4,2	72.546076	0.083296	0.150119	0.541353	0.021217	0.148983	0.055032	0.082381	0.167942	0.319486	0.144220	0.129433	0.156538	0.088862	0.142924	0.120981	0.443167	0.167118	0.036947	0.082381	0.167942	0.319486	0.144220	0.129433	0.156538	0.133840	0.186432	0.133464	0.010140	0.423120	0.113003	0.082381	0.167942	0.319486	0.144220	0.129433	0.156538	1,2,3,4,5,1	71.186508	0.625127	0.642099	0.597266	1.704675	2.709921	0.625127	
424000	-118482	1,2,2,1,1,3	72.423534	4.209046	5.136047	5.136047	4.209046	4.209046	5.526284	1,2,3,2,4,3	71.097578	0.274658	0.105701	0.513650	0.105991	0.144326	0.215206	0.185989	0.454478	0.064187	0.470183	0.280981	0.184649	0.144326	0.215206	0.185989	0.454478	0.677468	0.030602	0.178683	0.113247	0.064187	0.470183	0.280981	0.184649	1,2,3,2,4,4	72.184052	0.318755	0.067485	0.123521	0.280880	0.133088	0.076271	0.096478	0.116661	0.289960	0.054628	0.241666	0.200606	0.001476	0.217296	0.149288	0.317540	0.201747	0.112653	0.096478	0.116661	0.289960	0.054628	0.241666	0.200606	0.231147	0.244313	0.340326	0.083123	0.048682	0.052409	0.231147	0.244313	0.340326	0.083123	0.048682	0.052409	1,1,2,3,4,5	69.629219	0.608623	0.608623	0.585825	1.174994	1.507941	0.606944	
425000	-118548	1,2,3,4,5,6	71.604749	4.227096	5.330502	5.095599	5.830059	5.537898	6.199961	1,2,3,4,1,3	71.457502	0.422746	0.020821	0.405938	0.150496	0.162705	0.308694	0.104761	0.423840	0.145875	0.416487	0.310174	0.127464	0.028732	0.087243	0.015794	0.868231	0.422746	0.020821	0.405938	0.150496	0.145875	0.416487	0.310174	0.127464	1,2,3,4,5,1	73.196266	0.176014	0.338675	0.208600	0.135915	0.040899	0.099896	0.142469	0.077605	0.384407	0.019499	0.053744	0.322276	0.186097	0.110625	0.101588	0.230833	0.183385	0.187473	0.044716	0.012999	0.200465	0.439082	0.135180	0.167558	0.122923	0.080248	0.233440	0.409147	0.151034	0.003208	0.176014	0.338675	0.208600	0.135915	0.040899	0.099896	1,2,3,4,5,3	73.303033	0.589928	0.674251	0.587425	1.922694	1.870584	0.587425	
426000	-117571	1,1,2,1,3,4	71.573838	4.555272	4.555272	5.137688	4.555272	5.289621	6.513632	1,2,3,4,1,2	72.007082	0.496848	0.024494	0.352498	0.126161	0.151845	0.300245	0.308199	0.239711	0.051105	0.378755	0.488661	0.081479	0.146018	0.307780	0.157026	0.389176	0.496848	0.024494	0.352498	0.126161	0.151845	0.300245	0.308199	0.239711	1,2,3,2,4,1	71.715673	0.076604	0.276516	0.197623	0.342762	0.013716	0.092779	0.088353	0.100938	0.378328	0.009049	0.132339	0.290993	0.034702	0.121740	0.012482	0.259945	0.411243	0.159888	0.088353	0.100938	0.378328	0.009049	0.132339	0.290993	0.074719	0.119817	0.403898	0.211882	0.176735	0.012949	0.076604	0.276516	0.197623	0.342762	0.013716	0.092779	1,2,2,3,4,2	70.912866	0.610328	0.615578	0.615578	1.654201	1.818775	0.615578	
427000	-115077	1,2,2,3,4,5	71.339216	4.753300	5.036491	5.036491	5.825619	5.935410	5.301084	1,2,3,4,1,3	71.981243	0.507538	0.006847	0.298178	0.187437	0.096737	0.447644	0.121908	0.333711	0.090577	0.467004	0.237131	0.205289	0.057708	0.008124	0.082408	0.851759	0.507538	0.006847	0.298178	0.187437	0.090577	0.467004	0.237131	0.205289	1,2,3,4,3,2	71.461825	0.169039	0.133033	0.127429	0.481539	0.039181	0.049778	0.077954	0.114003	0.446089	0.170753	0.105627	0.085573	0.073935	0.185498	0.149791	0.320106	0.264630	0.006040	0.158858	0.133472	0.270413	0.141944	0.079624	0.215689	0.073935	0.185498	0.149791	0.320106	0.264630	0.006040	0.077954	0.114003	0.446089	0.170753	0.105627	0.085573	1,2,3,4,4,5	69.888780	0.542198	0.633821	0.634928	2.434725	2.434725	0.674192	
428000	-115567	1,2,3,4,5,6	72.077831	5.640031	5.133919	5.701555	6.082237	5.346027	5.623819	1,2,3,4,1,5	70.269565	0.481504	0.007553	0.337937	0.173006	0.371167	0.250847	0.042455	0.335531	0.112819	0.433558	0.283937	0.169686	0.190672	0.019487	0.047376	0.742466	0.481504	0.007553	0.337937	0.173006	0.148219	0.266393	0.412357	0.173030	1,2,3,4,1,2	70.597625	0.169703	0.050057	0.088780	0.202699	0.474185	0.014576	0.111557	0.200705	0.229199	0.125951	0.135818	0.196770	0.093206	0.195288	0.059241	0.192210	0.412811	0.047245	0.111988	0.078719	0.067817	0.219277	0.017758	0.504441	0.169703	0.050057	0.088780	0.202699	0.474185	0.014576	0.111557	0.200705	0.229199	0.125951	0.135818	0.196770	1,2,3,4,5,6	72.705886	0.612152	0.598475	0.627822	1.341691	1.953171	0.741327	
429000	-118314	1,1,1,2,1,3	72.528541	4.946211	4.946211	4.946211	6.925213	4.946211	6.638648	1,2,3,4,1,5	72.139739	0.608796	0.040230	0.261411	0.089564	0.150154	0.239371	0.084700	0.525775	0.199495	0.647926	0.124833	0.027746	0.073660	0.045722	0.171097	0.709521	0.608796	0.040230	0.261411	0.089564	0.346274	0.129922	0.393348	0.130457	1,2,3,4,1,5	71.762049	0.026110	0.133667	0.256940	0.048281	0.391663	0.143338	0.161403	0.119212	0.260236	0.020484	0.325113	0.113553	0.085168	0.011860	0.105911	0.182081	0.531025	0.083955	0.209960	0.057729	0.081172	0.301776	0.108747	0.240616	0.026110	0.133667	0.256940	0.048281	0.391663	0.143338	0.130554	0.287913	0.207103	0.103883	0.227764	0.042783	1,2,3,4,4,5	71.921363	0.569838	0.622258	0.591995	2.577428	2.577428	0.603752	
430000	-115437	1,1,2,3,4,5	73.562927	4.809347	4.809347	6.359651	5.652870	5.266236	5.754998	1,2,3,4,1,5	71.352760	0.569253	0.058087	0.253948	0.118712	0.080797	0.341887	0.086015	0.491301	0.034809	0.580448	0.255245	0.129498	0.070703	0.143153	0.119694	0.666450	0.569253	0.058087	0.253948	0.118712	0.058988	0.168972	0.328904	0.443136	1,2,3,4,5,6	70.352652	0.051263	0.248935	0.272420	0.150515	0.048309	0.228557	0.057532	0.480187	0.305743	0.006467	0.123303	0.026769	0.419456	0.103977	0.085910	0.189523	0.195022	0.006113	0.002273	0.326846	0.241409	0.038618	0.008022	0.382832	0.064641	0.291264	0.397437	0.086801	0.059962	0.099895	0.040656	0.425387	0.241452	0.120387	0.045732	0.126387	1,2,3,4,5,6	71.049639	0.544951	0.615532	0.505548	2.161095	2.055317	0.528118	
431000	-118619	1,2,3,1,4,5	70.429684	4.914144	5.346566	5.375426	4.914144	5.351928	5.095940	1,2,3,2,1,2	71.026640	0.658227	0.035533	0.212250	0.093990	0.101614	0.296704	0.143848	0.457833	0.005386	0.683387	0.115138	0.196089	0.101614	0.296704	0.143848	0.457833	0.658227	0.035533	0.212250	0.093990	0.101614	0.296704	0.143848	0.457833	1,1,2,2,1,2	71.083319	0.064607	0.133775	0.276986	0.074312	0.310919	0.139401	0.064607	0.133775	0.276986	0.074312	0.310919	0.139401	0.122908	0.255815	0.249971	0.180740	0.098313	0.092254	0.122908	0.255815	0.249971	0.180740	0.098313	0.092254	0.064607	0.133775	0.276986	0.074312	0.310919	0.139401	0.122908	0.255815	0.249971	0.180740	0.098313	0.092254	1,1,1,2,3,4	70.293552	0.583607	0.583607	0.583607	2.362905	2.317558	0.598342	
432000	-116791	1,2,3,1,4,5	70.625627	3.838658	5.062146	5.525326	3.838658	4.908532	5.685961	1,2,3,4,5,6	70.621399	0.333987	0.107223	0.353603	0.205187	0.163611	0.407554	0.119860	0.308975	0.118744	0.319623	0.297182	0.264451	0.041007	0.053154	0.140534	0.765305	0.389813	0.210608	0.187093	0.212486	0.134157	0.257959	0.338994	0.268890	1,1,2,3,1,4	71.070262	0.015236	0.334191	0.387120	0.008862	0.159710	0.094879	0.015236	0.334191	0.387120	0.008862	0.159710	0.094879	0.002800	0.220701	0.281771	0.355405	0.027082	0.112242	0.002849	0.047194	0.475306	0.122216	0.144900	0.207534	0.015236	0.334191	0.387120	0.008862	0.159710	0.094879	0.225940	0.096792	0.189948	0.145233	0.207057	0.135029	1,1,2,3,4,2	69.238734	0.626170	0.626170	0.548525	1.771666	2.043779	0.548525	
433000	-116392	1,2,3,4,5,6	72.027869	4.809378	5.048296	5.173116	5.231509	5.867680	6.636590	1,2,3,4,1,2	69.580635	0.411697	0.044531	0.360647	0.183125	0.144833	0.312431	0.274131	0.268605	0.036863	0.563226	0.188304	0.211608	0.070361	0.182630	0.069074	0.677934	0.411697	0.044531	0.360647	0.183125	0.144833	0.312431	0.274131	0.268605	1,2,3,4,1,5	69.341313	0.105340	0.232008	0.200356	0.189629	0.240158	0.032510	0.093772	0.281010	0.111195	0.089200	0.341457	0.083365	0.026330	0.116278	0.274031	0.355666	0.196293	0.031401	0.313553	0.099071	0.172958	0.139834	0.017205	0.257380	0.105340	0.232008	0.200356	0.189629	0.240158	0.032510	0.174718	0.150682	0.272714	0.050828	0.115482	0.235576	1,2,3,4,4,5	72.185973	0.633048	0.614556	0.587623	1.895382	1.895382	0.650296	
434000	-116906	1,2,3,4,2,5	72.927539	5.431278	4.877763	5.467253	5.253256	4.877763	5.881784	1,2,3,4,1,5	71.466587	0.488182	0.008534	0.416458	0.086826	0.152583	0.626669	0.052181	0.168567	0.034558	0.628553	0.321702	0.015187	0.100530	0.218489	0.048908	0.632073	0.488182	0.008534	0.416458	0.086826	0.097616	0.336316	0.330057	0.236011	1,2,3,4,1,4	71.147738	0.089618	0.070943	0.225763	0.164921	0.388629	0.060127	0.010294	0.292708	0.232824	0.038662	0.256889	0.168624	0.008212	0.020180	0.393338	0.087479	0.364901	0.125891	0.048508	0.251139	0.140383	0.351357	0.030009	0.178604	0.089618	0.070943	0.225763	0.164921	0.388629	0.060127	0.048508	0.251139	0.140383	0.351357	0.030009	0.178604	1,2,2,3,4,2	71.272429	0.560839	0.638652	0.638652	1.933808	1.991711	0.638652	
435000	-116424	1,1,2,3,4,5	70.820345	4.118448	4.118448	5.177812	5.837753	5.227340	6.632877	1,2,3,4,5,6	70.674988	0.291873	0.080620	0.512268	0.115239	0.035327	0.499752	0.087384	0.377537	0.048758	0.695991	0.222816	0.032435	0.049010	0.049843	0.253953	0.647194	0.344447	0.098122	0.418622	0.138809	0.058255	0.148058	0.450526	0.343162	1,2,3,1,1,1	70.973887	0.016466	0.342211	0.466088	0.053061	0.031908	0.090266	0.096299	0.269286	0.364913	0.010892	0.037275	0.221335	0.016260	0.207064	0.160369	0.175804	0.373581	0.066922	0.016466	0.342211	0.466088	0.053061	0.031908	0.090266	0.016466	0.342211	0.466088	0.053061	0.031908	0.090266	0.016466	0.342211	0.466088	0.053061	0.031908	0.090266	1,2,1,3,4,1	71.539796	0.567637	0.661139	0.567637	1.850625	1.846478	0.567637	
436000	-118280	1,2,1,3,4,5	71.553090	4.563697	5.390848	4.563697	5.762711	5.835920	5.598132	1,2,3,4,1,2	70.464917	0.561048	0.026910	0.222234	0.189808	0.109700	0.255135	0.221141	0.414024	0.151986	0.357402	0.221327	0.269285	0.158961	0.233320	0.085174	0.522546	0.561048	0.026910	0.222234	0.189808	0.109700	0.255135	0.221141	0.414024	1,2,3,4,1,5	71.447670	0.248649	0.245246	0.159931	0.109121	0.169730	0.067323	0.105591	0.171032	0.240201	0.047351	0.232902	0.202924	0.163718	0.042934	0.236594	0.466419	0.034013	0.056321	0.103643	0.227852	0.062518	0.188487	0.014533	0.402967	0.248649	0.245246	0.159931	0.109121	0.169730	0.067323	0.317748	0.129650	0.229192	0.154293	0.120365	0.048751	1,2,3,4,4,3	72.738335	0.529105	0.575558	0.598075	1.551294	1.551294	0.598075	
437000	-117846	1,2,2,3,4,5	71.693529	5.245934	4.804154	4.804154	5.435340	5.900126	5.146473	1,2,3,2,1,4	73.134238	0.538189	0.009597	0.299582	0.152632	0.123582	0.191757	0.094878	0.589783	0.181115	0.297503	0.088902	0.432480	0.123582	0.191757	0.094878	0.589783	0.538189	0.009597	0.299582	0.152632	0.145511	0.546200	0.220010	0.088279	1,2,1,3,2,4	69.959641	0.117545	0.059672	0.081968	0.605776	0.109993	0.025047	0.089357	0.258049	0.312040	0.146990	0.100590	0.092974	0.117545	0.059672	0.081968	0.605776	0.109993	0.025047	0.112000	0.431090	0.223793	0.016371	0.025742	0.191005	0.089357	0.258049	0.312040	0.146990	0.100590	0.092974	0.113100	0.423376	0.172648	0.045463	0.084125	0.161288	1,2,2,3,4,1	71.548940	0.607289	0.681575	0.681575	2.915204	2.520856	0.607289	
438000	-116191	1,2,1,3,4,1	72.282014	4.475595	6.090293	4.475595	4.941590	5.003876	4.475595	1,2,3,4,5,6	71.962473	0.380252	0.005662	0.530270	0.083817	0.110416	0.187347	0.141688	0.560549	0.150974	0.442357	0.218785	0.187884	0.080299	0.128779	0.171833	0.619089	0.323487	0.158964	0.259875	0.257674	0.079701	0.279969	0.199535	0.440795	1,2,3,4,2,5	70.755680	0.065891	0.252290	0.439612	0.053834	0.028606	0.159767	0.043036	0.385892	0.266965	0.016558	0.146381	0.141169	0.208839	0.011925	0.121031	0.405320	0.247800	0.005086	0.076990	0.180812	0.287303	0.028420	0.047630	0.378844	0.043036	0.385892	0.266965	0.016558	0.146381	0.141169	0.082145	0.441376	0.113231	0.222205	0.052158	0.088884	1,2,1,3,4,1	69.939822	0.568077	0.656208	0.568077	2.020985	2.275745	0.568077	
439000	-115533	1,2,3,4,5,6	71.549780	5.349658	5.138662	5.504461	5.266390	5.437307	5.836749	1,2,3,4,1,5	72.695940	0.527837	0.038599	0.317778	0.115786	0.339764	0.160156	0.182712	0.317369	0.058788	0.395997	0.455781	0.089434	0.173820	0.052728	0.230046	0.543406	0.527837	0.038599	0.317778	0.115786	0.154993	0.163070	0.382155	0.299782	1,2,3,4,3,5	71.333716	0.095045	0.195649	0.331369	0.128567	0.063797	0.185572	0.050695	0.079242	0.232794	0.081496	0.462827	0.092945	0.041797	0.106990	0.215014	0.148177	0.394677	0.093345	0.056823	0.048588	0.251017	0.368009	0.074661	0.200901	0.041797	0.106990	0.215014	0.148177	0.394677	0.093345	0.168550	0.227381	0.134733	0.216832	0.076124	0.176379	1,1,2,3,4,1	71.216141	0.587846	0.587846	0.618498	1.861987	2.142945	0.587846	
440000	-117211	1,2,3,4,5,2	70.200452	5.423201	4.785092	4.753731	6.369413	5.642763	4.785092	1,2,3,2,1,3	71.281673	0.428469	0.031700	0.423760	0.116070	0.104108	0.162263	0.197824	0.535805	0.068827	0.545305	0.202189	0.183680	0.104108	0.162263	0.197824	0.535805	0.428469	0.031700	0.423760	0.116070	0.068827	0.545305	0.202189	0.183680	1,2,3,4,5,1	70.378956	0.036804	0.211988	0.314856	0.131688	0.089059	0.215606	0.030011	0.384422	0.187435	0.048564	0.144535	0.205032	0.004577	0.128160	0.293490	0.240485	0.150299	0.182988	0.255821	0.063794	0.164164	0.071170	0.055723	0.389329	0.048013	0.081440	0.195191	0.024817	0.638490	0.012048	0.036804	0.211988	0.314856	0.131688	0.089059	0.215606	1,2,3,4,5,3	72.550598	0.536869	0.651584	0.651394	1.303827	1.405388	0.651394	
441000	-115575	1,2,3,3,1,4	72.865009	3.907626	5.323802	5.240522	5.240522	3.907626	6.068797	1,2,3,4,5,6	72.549809	0.418582	0.171539	0.367666	0.042213	0.153859	0.150617	0.192634	0.502889	0.004362	0.816352	0.115631	0.063656	0.111610	0.060851	0.104940	0.722599	0.415825	0.045542	0.228085	0.310547	0.097275	0.307870	0.216544	0.378311	1,2,3,1,4,4	71.588762	0.125006	0.317436	0.251807	0.097879	0.020859	0.187012	0.141584	0.321229	0.124346	0.003290	0.132665	0.276886	0.114746	0.070900	0.183466	0.180104	0.351089	0.099695	0.125006	0.317436	0.251807	0.097879	0.020859	0.187012	0.071848	0.481779	0.290660	0.066700	0.039247	0.049766	0.071848	0.481779	0.290660	0.066700	0.039247	0.049766	1,2,3,4,5,6	70.297737	0.548326	0.645801	0.595737	1.952594	1.662079	0.686604	
442000	-118354	1,1,1,2,3,4	72.682554	4.510028	4.510028	4.510028	5.537957	5.343972	5.762029	1,2,3,4,5,1	71.454303	0.173407	0.204336	0.518618	0.103639	0.199605	0.485090	0.136836	0.178469	0.049197	0.494977	0.181562	0.274265	0.168296	0.095860	0.153920	0.581924	0.353114	0.001659	0.260140	0.385087	0.173407	0.204336	0.518618	0.103639	1,2,3,4,2,1	70.505767	0.049787	0.179440	0.283193	0.300193	0.053244	0.134142	0.084937	0.410265	0.222351	0.028857	0.180259	0.073331	0.179266	0.069969	0.064916	0.541847	0.105323	0.038679	0.222216	0.038123	0.287811	0.031854	0.120153	0.299843	0.084937	0.410265	0.222351	0.028857	0.180259	0.073331	0.049787	0.179440	0.283193	0.300193	0.053244	0.134142	1,2,1,3,4,1	71.752361	0.584546	0.761192	0.584546	2.189627	2.338429	0.584546	
443000	-117263	1,2,3,4,1,5	71.667017	4.742928	5.207899	6.256612	5.618715	4.742928	6.373880	1,2,3,4,5,3	70.604328	0.413215	0.024297	0.555622	0.006865	0.325920	0.213942	0.141958	0.318180	0.095002	0.388404	0.280067	0.236527	0.125829	0.098295	0.056843	0.719033	0.299579	0.005209	0.323722	0.371489	0.095002	0.388404	0.280067	0.236527	1,2,1,2,3,1	71.975130	0.041217	0.143868	0.588084	0.089553	0.067597	0.069680	0.082713	0.144032	0.184870	0.014809	0.176121	0.397456	0.041217	0.143868	0.588084	0.089553	0.067597	0.069680	0.082713	0.144032	0.184870	0.014809	0.176121	0.397456	0.146795	0.112553	0.089353	0.312850	0.316299	0.022151	0.041217	0.143868	0.588084	0.089553	0.067597	0.069680	1,2,3,4,5,2	70.115938	0.624556	0.603952	0.573072	2.507128	2.322754	0.603952	
444000	-117384	1,2,2,2,2,3	71.900595	5.263865	5.026953	5.026953	5.026953	5.026953	6.275221	1,2,3,2,4,5	70.344929	0.269164	0.301835	0.339354	0.089647	0.045871	0.214681	0.171057	0.568391	0.003536	0.380438	0.489676	0.126350	0.045871	0.214681	0.171057	0.568391	0.362984	0.305573	0.200540	0.130903	0.098304	0.139775	0.245975	0.515946	1,1,2,3,1,4	73.013766	0.028979	0.322398	0.323733	0.066570	0.152295	0.106026	0.028979	0.322398	0.323733	0.066570	0.152295	0.106026	0.135907	0.058862	0.102900	0.244523	0.347993	0.109815	0.136613	0.195175	0.269337	0.036479	0.017518	0.344877	0.028979	0.322398	0.323733	0.066570	0.152295	0.106026	0.093909	0.425245	0.267348	0.153267	0.018351	0.041879	1,1,2,3,3,4	70.940960	0.694746	0.694746	0.700050	2.262858	2.262858	0.570685	
445000	-116768	1,2,3,4,4,5	72.502635	5.128212	5.450405	5.959473	5.236858	5.236858	5.376779	1,2,3,4,1,5	72.617612	0.432216	0.017649	0.428516	0.121619	0.164655	0.280245	0.260866	0.294234	0.076378	0.509923	0.255789	0.157909	0.056610	0.050750	0.317745	0.574895	0.432216	0.017649	0.428516	0.121619	0.173516	0.251261	0.311166	0.264057	1,2,3,3,2,3	71.330326	0.266024	0.139772	0.156511	0.251076	0.073867	0.112751	0.021002	0.140637	0.387030	0.096409	0.146784	0.208138	0.053191	0.089222	0.317369	0.228282	0.094416	0.217520	0.053191	0.089222	0.317369	0.228282	0.094416	0.217520	0.021002	0.140637	0.387030	0.096409	0.146784	0.208138	0.053191	0.089222	0.317369	0.228282	0.094416	0.217520	1,2,3,4,4,1	72.388273	0.566572	0.686872	0.612719	1.800763	1.800763	0.566572	
446000	-117007	1,2,2,1,2,1	73.359610	4.317000	5.138129	5.138129	4.317000	5.138129	4.317000	1,2,3,4,1,3	72.981024	0.377625	0.167636	0.257941	0.196798	0.087669	0.608169	0.045796	0.258366	0.025771	0.685903	0.182747	0.105579	0.194145	0.035122	0.302735	0.467998	0.377625	0.167636	0.257941	0.196798	0.025771	0.685903	0.182747	0.105579	1,2,3,1,1,1	71.267161	0.048737	0.362778	0.367469	0.035071	0.036107	0.149838	0.042961	0.058081	0.328434	0.091533	0.130132	0.348859	0.026336	0.063952	0.149828	0.344192	0.266004	0.149688	0.048737	0.362778	0.367469	0.035071	0.036107	0.149838	0.048737	0.362778	0.367469	0.035071	0.036107	0.149838	0.048737	0.362778	0.367469	0.035071	0.036107	0.149838	1,2,3,4,5,2	70.465359	0.643162	0.685146	0.570446	1.533092	2.559802	0.685146	
447000	-116404	1,2,3,2,4,5	71.844385	5.648351	5.020538	5.605030	5.020538	5.729675	7.297217	1,2,3,4,1,5	72.957120	0.515131	0.011445	0.318078	0.155346	0.192562	0.450945	0.081857	0.274636	0.065685	0.403786	0.424416	0.106113	0.269072	0.043825	0.375205	0.311898	0.515131	0.011445	0.318078	0.155346	0.144790	0.275579	0.393585	0.186046	1,2,3,4,3,5	71.158408	0.484616	0.069711	0.092033	0.290923	0.028807	0.033910	0.005420	0.397984	0.310046	0.011696	0.124409	0.150445	0.008314	0.062562	0.115463	0.191694	0.614891	0.007075	0.135826	0.028850	0.157675	0.459990	0.055387	0.162273	0.008314	0.062562	0.115463	0.191694	0.614891	0.007075	0.029557	0.544359	0.151662	0.081035	0.036115	0.157272	1,1,1,2,3,1	72.154676	0.589392	0.589392	0.589392	1.442745	1.995960	0.589392	
448000	-115842	1,1,2,3,4,5	71.858071	5.116130	5.116130	5.707322	6.067160	5.735359	5.757621	1,2,3,4,1,2	70.242651	0.622674	0.030618	0.162665	0.184043	0.104279	0.301258	0.264168	0.330295	0.002152	0.504585	0.340295	0.152968	0.116066	0.143859	0.120593	0.619482	0.622674	0.030618	0.162665	0.184043	0.104279	0.301258	0.264168	0.330295	1,2,1,3,1,1	70.363558	0.061354	0.257086	0.199765	0.242513	0.163293	0.075990	0.317109	0.181653	0.259888	0.024341	0.156549	0.060460	0.061354	0.257086	0.199765	0.242513	0.163293	0.075990	0.176943	0.171089	0.284160	0.048917	0.091901	0.226990	0.061354	0.257086	0.199765	0.242513	0.163293	0.075990	0.061354	0.257086	0.199765	0.242513	0.163293	0.075990	1,1,2,3,3,1	72.237130	0.594024	0.594024	0.609239	2.349534	2.349534	0.594024	
449000	-116364	1,2,3,4,5,6	70.467574	4.782122	5.523388	6.002544	5.187385	5.423887	6.165324	1,2,3,4,5,6	73.287855	0.149772	0.056704	0.605056	0.188468	0.219720	0.167817	0.119687	0.492777	0.047483	0.535759	0.250222	0.166536	0.129934	0.209456	0.092615	0.567994	0.403572	0.034289	0.363210	0.198928	0.067576	0.356361	0.325107	0.250956	1,2,3,4,2,1	70.505069	0.140233	0.193364	0.447085	0.066420	0.048372	0.104526	0.070702	0.366927	0.230301	0.029563	0.142442	0.160065	0.035861	0.156521	0.591654	0.107614	0.073122	0.035228	0.005542	0.136625	0.293338	0.284523	0.007013	0.272960	0.070702	0.366927	0.230301	0.029563	0.142442	0.160065	0.140233	0.193364	0.447085	0.066420	0.048372	0.104526	1,2,3,4,5,2	70.942602	0.635781	0.714585	0.538135	1.748443	3.352232	0.714585	
450000	-116927	1,2,3,4,5,6	70.196213	4.192029	6.126350	6.102236	5.238062	5.157399	4.883697	1,2,3,4,5,1	72.794952	0.133188	0.219253	0.458053	0.189506	0.134726	0.303816	0.146772	0.414686	0.017532	0.765202	0.194866	0.022400	0.054585	0.146687	0.231389	0.567338	0.546809	0.190085	0.114705	0.148401	0.133188	0.219253	0.458053	0.189506	1,2,3,2,4,1	70.270691	0.048526	0.407175	0.255292	0.063444	0.061556	0.164007	0.108492	0.137429	0.304041	0.058197	0.072873	0.318968	0.048782	0.036725	0.412574	0.095920	0.286049	0.119950	0.108492	0.137429	0.304041	0.058197	0.072873	0.318968	0.022301	0.444486	0.266325	0.007990	0.135345	0.123552	0.048526	0.407175	0.255292	0.063444	0.061556	0.164007	1,2,3,4,4,5	73.152573	0.812261	0.704355	0.653704	2.174277	2.174277	0.443849	
451000	-118123	1,1,1,2,3,4	71.512079	4.319304	4.319304	4.319304	6.528023	5.698417	6.273664	1,2,3,4,4,3	71.639158	0.536803	0.129998	0.235248	0.097950	0.173538	0.158366	0.224614	0.443482	0.110232	0.269010	0.358629	0.262129	0.351780	0.018007	0.130657	0.499556	0.351780	0.018007	0.130657	0.499556	0.110232	0.269010	0.358629	0.262129	1,2,3,4,5,1	70.573911	0.262309	0.222996	0.189089	0.083671	0.075340	0.166594	0.041791	0.184635	0.282448	0.035306	0.335012	0.120808	0.188064	0.112224	0.207010	0.189977	0.302638	0.000086	0.135763	0.136982	0.158835	0.022465	0.065144	0.480810	0.199326	0.247852	0.133730	0.330736	0.056340	0.032017	0.262309	0.222996	0.189089	0.083671	0.075340	0.166594	1,2,3,4,4,2	70.000834	0.539104	0.609761	0.634765	1.820614	1.820614	0.609761	
452000	-117737	1,1,2,2,3,4	70.950474	4.300219	4.300219	5.225094	5.225094	5.502643	5.759906	1,2,2,3,1,4	71.855966	0.524394	0.066516	0.242912	0.166179	0.101332	0.564393	0.159975	0.174300	0.101332	0.564393	0.159975	0.174300	0.045648	0.354689	0.253943	0.345720	0.524394	0.066516	0.242912	0.166179	0.242232	0.305879	0.269149	0.182739	1,1,2,3,1,4	71.170333	0.028324	0.257062	0.350183	0.100259	0.099170	0.165003	0.028324	0.257062	0.350183	0.100259	0.099170	0.165003	0.136838	0.087991	0.018812	0.429057	0.257986	0.069317	0.057378	0.015662	0.415346	0.276602	0.024355	0.210657	0.028324	0.257062	0.350183	0.100259	0.099170	0.165003	0.125069	0.123838	0.356428	0.133111	0.140401	0.121154	1,1,1,2,3,1	69.549701	0.639335	0.639335	0.639335	2.226746	2.614654	0.639335	
453000	-118332	1,1,2,3,4,5	70.918379	5.018928	5.018928	5.527407	5.792756	5.587155	6.328698	1,2,2,3,1,4	69.906294	0.620777	0.045711	0.231570	0.101942	0.227412	0.377307	0.115365	0.279917	0.227412	0.377307	0.115365	0.279917	0.199881	0.024896	0.361469	0.413755	0.620777	0.045711	0.231570	0.101942	0.042251	0.128457	0.500596	0.328696	1,1,2,1,3,3	71.291286	0.064149	0.199773	0.372155	0.062043	0.166757	0.135124	0.064149	0.199773	0.372155	0.062043	0.166757	0.135124	0.036504	0.089079	0.227395	0.306486	0.237921	0.102615	0.064149	0.199773	0.372155	0.062043	0.166757	0.135124	0.091825	0.224484	0.210188	0.197577	0.197089	0.078838	0.091825	0.224484	0.210188	0.197577	0.197089	0.078838	1,2,3,4,5,6	72.557501	0.684628	0.613001	0.679421	2.380596	2.678370	0.626856	
454000	-117572	1,2,3,4,5,6	71.054080	4.986518	4.384297	5.727017	4.625619	5.621645	5.947213	1,2,3,4,1,5	70.982448	0.507323	0.066291	0.253147	0.173239	0.088725	0.451412	0.121847	0.338016	0.061606	0.417129	0.446003	0.075262	0.188631	0.164466	0.294027	0.352877	0.507323	0.066291	0.253147	0.173239	0.070333	0.312460	0.345480	0.271727	1,2,3,4,2,1	69.548112	0.199351	0.260524	0.262175	0.100476	0.102204	0.075270	0.150840	0.348260	0.346718	0.009254	0.080340	0.064588	0.081185	0.228158	0.070185	0.300418	0.136126	0.183928	0.112487	0.337306	0.176141	0.027819	0.118889	0.227358	0.150840	0.348260	0.346718	0.009254	0.080340	0.064588	0.199351	0.260524	0.262175	0.100476	0.102204	0.075270	1,2,2,3,3,1	69.402777	0.657220	0.679935	0.679935	2.112445	2.112445	0.657220	
455000	-119753	1,2,3,3,4,5	69.894928	5.475278	5.300574	4.294005	4.294005	5.840351	6.620755	1,2,2,3,3,4	70.105722	0.482532	0.170462	0.228465	0.118541	0.037765	0.608701	0.116200	0.237334	0.037765	0.608701	0.116200	0.237334	0.443879	0.011004	0.167572	0.377545	0.443879	0.011004	0.167572	0.377545	0.160066	0.119622	0.640676	0.079636	1,2,3,3,4,2	71.077964	0.125914	0.091683	0.161306	0.157976	0.352554	0.110567	0.125732	0.290338	0.376553	0.091036	0.076564	0.039777	0.086306	0.022888	0.099927	0.413789	0.191364	0.185726	0.086306	0.022888	0.099927	0.413789	0.191364	0.185726	0.083929	0.130061	0.034562	0.333030	0.381095	0.037322	0.125732	0.290338	0.376553	0.091036	0.076564	0.039777	1,2,3,4,5,1	69.371969	0.624425	0.708996	0.621617	1.249455	1.624814	0.624425	
456000	-118150	1,2,3,3,4,5	70.952038	5.115204	5.638173	4.250431	4.250431	5.563840	5.411376	1,2,3,4,1,5	70.386049	0.484475	0.014011	0.334195	0.167319	0.123161	0.343410	0.137103	0.396326	0.040488	0.223574	0.143442	0.592496	0.295653	0.077004	0.265493	0.361849	0.484475	0.014011	0.334195	0.167319	0.051376	0.330697	0.471923	0.146003	1,2,1,3,4,5	72.234457	0.210590	0.193021	0.199947	0.300406	0.042168	0.053868	0.261850	0.121731	0.254335	0.058327	0.161332	0.142426	0.210590	0.193021	0.199947	0.300406	0.042168	0.053868	0.439175	0.120166	0.139749	0.036374	0.084004	0.180532	0.049710	0.182791	0.218073	0.232639	0.188274	0.128512	0.218979	0.395814	0.271961	0.044552	0.011107	0.057586	1,2,2,3,4,5	72.925776	0.497194	0.755330	0.755330	1.823836	1.901522	0.614876	
457000	-118526	1,1,1,2,3,4	70.816844	5.002076	5.002076	5.002076	6.174044	5.894246	5.344090	1,2,3,4,1,5	72.132483	0.433941	0.036592	0.341989	0.187478	0.106561	0.280999	0.194884	0.417555	0.047016	0.434658	0.326811	0.191515	0.205035	0.295595	0.154892	0.344477	0.433941	0.036592	0.341989	0.187478	0.050051	0.335894	0.314691	0.299364	1,2,3,4,3,5	70.275366	0.136410	0.185002	0.132128	0.339413	0.113334	0.093713	0.213148	0.066862	0.148184	0.107956	0.247699	0.216151	0.009536	0.143239	0.143376	0.451485	0.201640	0.050724	0.232725	0.068792	0.041082	0.201507	0.051770	0.404125	0.009536	0.143239	0.143376	0.451485	0.201640	0.050724	0.155472	0.503798	0.140394	0.073207	0.016887	0.110242	1,2,1,3,4,1	71.314461	0.585232	0.687576	0.585232	1.749927	2.528709	0.585232	
458000	-117462	1,1,1,1,2,3	69.986568	4.739030	4.739030	4.739030	4.739030	5.871685	5.602023	1,2,3,4,1,3	71.054260	0.552459	0.048204	0.194217	0.205120	0.135787	0.178844	0.061432	0.623937	0.037092	0.306197	0.432964	0.223748	0.386296	0.008314	0.115284	0.490106	0.552459	0.048204	0.194217	0.205120	0.037092	0.306197	0.432964	0.223748	1,1,2,3,2,1	71.630875	0.120194	0.334784	0.156632	0.076431	0.102968	0.208990	0.120194	0.334784	0.156632	0.076431	0.102968	0.208990	0.205549	0.196354	0.171272	0.166519	0.231698	0.028608	0.175481	0.063784	0.052523	0.312816	0.094012	0.301383	0.205549	0.196354	0.171272	0.166519	0.231698	0.028608	0.120194	0.334784	0.156632	0.076431	0.102968	0.208990	1,2,3,4,5,3	68.637089	0.603077	0.731493	0.647601	1.351310	2.826691	0.647601	
459000	-115937	1,1,2,1,3,4	71.074100	4.271657	4.271657	6.062554	4.271657	5.910119	5.579943	1,2,3,4,1,5	70.807993	0.526198	0.017285	0.296934	0.159583	0.176958	0.206928	0.352388	0.263727	0.013947	0.717390	0.201271	0.067392	0.192196	0.169441	0.284848	0.353515	0.526198	0.017285	0.296934	0.159583	0.096293	0.467820	0.283542	0.152345	1,2,3,4,2,1	72.660077	0.218806	0.248985	0.273644	0.105603	0.024986	0.127977	0.090206	0.221812	0.258417	0.000374	0.353316	0.075876	0.097787	0.349444	0.269526	0.112558	0.153781	0.016904	0.009839	0.007947	0.376249	0.096639	0.086553	0.422773	0.090206	0.221812	0.258417	0.000374	0.353316	0.075876	0.218806	0.248985	0.273644	0.105603	0.024986	0.127977	1,1,1,2,2,1	71.369219	0.618845	0.618845	0.618845	2.069694	2.069694	0.618845	
460000	-117652	1,2,1,3,4,5	71.713691	5.319219	5.301923	5.319219	5.531812	5.236257	6.728922	1,2,3,4,4,2	72.285419	0.510022	0.057998	0.361894	0.070086	0.092458	0.430062	0.221687	0.255792	0.127117	0.533480	0.237878	0.101525	0.476707	0.021135	0.164418	0.337741	0.476707	0.021135	0.164418	0.337741	0.092458	0.430062	0.221687	0.255792	1,1,2,3,2,4	71.642229	0.088394	0.153405	0.278692	0.067154	0.069790	0.342566	0.088394	0.153405	0.278692	0.067154	0.069790	0.342566	0.134277	0.111485	0.064294	0.316115	0.372329	0.001500	0.362406	0.037103	0.044632	0.351600	0.033715	0.170544	0.134277	0.111485	0.064294	0.316115	0.372329	0.001500	0.326682	0.103489	0.267824	0.080777	0.110606	0.110623	1,2,3,4,5,1	71.563081	0.567414	0.772096	0.632079	1.040057	1.278217	0.567414	
461000	-117734	1,1,1,1,2,3	70.454700	4.319807	4.319807	4.319807	4.319807	5.926169	6.042691	1,2,2,3,1,4	70.463325	0.504832	0.014482	0.265431	0.215255	0.034901	0.532934	0.132289	0.299876	0.034901	0.532934	0.132289	0.299876	0.300131	0.059278	0.020807	0.619784	0.504832	0.014482	0.265431	0.215255	0.172396	0.232173	0.295324	0.300107	1,2,1,3,1,4	71.856339	0.047814	0.104704	0.085011	0.495185	0.247137	0.020150	0.008296	0.367488	0.207017	0.112615	0.197290	0.107293	0.047814	0.104704	0.085011	0.495185	0.247137	0.020150	0.031638	0.269715	0.138733	0.020053	0.181228	0.358633	0.047814	0.104704	0.085011	0.495185	0.247137	0.020150	0.197477	0.368770	0.118793	0.180783	0.039078	0.095100	1,1,1,2,3,1	70.779522	0.598907	0.598907	0.598907	1.462195	1.994537	0.598907	
462000	-117862	1,1,2,1,3,4	72.598866	5.015590	5.015590	5.810539	5.015590	6.049481	5.538799	1,2,3,4,5,2	70.237605	0.331550	0.063655	0.507364	0.097430	0.220332	0.318119	0.228618	0.232931	0.100507	0.522422	0.196095	0.180976	0.094645	0.024757	0.035354	0.845243	0.536353	0.068490	0.317435	0.077723	0.220332	0.318119	0.228618	0.232931	1,2,2,2,1,3	69.962215	0.127619	0.067179	0.072093	0.116973	0.585743	0.030393	0.022530	0.085596	0.305187	0.126211	0.200204	0.260271	0.022530	0.085596	0.305187	0.126211	0.200204	0.260271	0.022530	0.085596	0.305187	0.126211	0.200204	0.260271	0.127619	0.067179	0.072093	0.116973	0.585743	0.030393	0.140304	0.131186	0.198886	0.230943	0.198592	0.100089	1,2,1,3,4,5	71.187424	0.546835	0.760851	0.546835	2.127282	1.794453	0.626264	
463000	-118312	1,2,3,4,2,5	71.080953	4.653149	4.449749	6.298417	5.309432	4.449749	5.396820	1,2,3,4,5,3	70.374542	0.297172	0.061235	0.526025	0.115567	0.155400	0.387288	0.258080	0.199232	0.059512	0.563904	0.274154	0.102430	0.095065	0.259432	0.140747	0.504756	0.636685	0.222184	0.078060	0.063071	0.059512	0.563904	0.274154	0.102430	1,1,2,3,3,3	70.978392	0.134428	0.163051	0.114258	0.072965	0.437982	0.077316	0.134428	0.163051	0.114258	0.072965	0.437982	0.077316	0.058964	0.155044	0.099844	0.165743	0.298873	0.221533	0.057382	0.404318	0.364973	0.022464	0.045516	0.105347	0.057382	0.404318	0.364973	0.022464	0.045516	0.105347	0.057382	0.404318	0.364973	0.022464	0.045516	0.105347	1,2,1,3,3,4	70.734737	0.576094	0.583083	0.576094	2.131701	2.131701	0.592045	
464000	-115944	1,2,3,4,5,6	71.239686	4.763558	5.563829	6.577711	4.922737	5.196060	5.493474	1,2,3,4,1,5	70.323596	0.461980	0.022067	0.368088	0.147866	0.215737	0.399554	0.146536	0.238174	0.057885	0.399761	0.346085	0.196268	0.141054	0.081932	0.140304	0.636710	0.461980	0.022067	0.368088	0.147866	0.096272	0.269475	0.377890	0.256363	1,2,3,4,3,5	72.228581	0.026898	0.241555	0.263141	0.357550	0.009728	0.101127	0.140821	0.285676	0.337677	0.015298	0.058015	0.162514	0.000004	0.031367	0.048601	0.244900	0.669132	0.005996	0.061705	0.112197	0.342008	0.217758	0.047534	0.218797	0.000004	0.031367	0.048601	0.244900	0.669132	0.005996	0.083255	0.202230	0.349574	0.230922	0.046406	0.087612	1,2,1,3,4,2	70.997120	0.499233	0.682860	0.499233	1.815923	1.865567	0.682860	
465000	-116382	1,2,3,2,4,5	70.973316	5.607772	4.651304	5.026450	4.651304	5.344314	4.683940	1,2,3,4,1,5	73.250834	0.443046	0.014766	0.410341	0.131847	0.272957	0.424360	0.117184	0.185499	0.054376	0.514930	0.213752	0.216942	0.431337	0.007165	0.146017	0.415481	0.443046	0.014766	0.410341	0.131847	0.103474	0.374172	0.271432	0.250922	1,2,3,4,1,5	73.064547	0.151251	0.120421	0.190669	0.229711	0.287012	0.020935	0.071447	0.135915	0.181744	0.066241	0.224227	0.320426	0.025366	0.023072	0.060650	0.581277	0.176755	0.132880	0.098802	0.016719	0.124358	0.161103	0.119766	0.479251	0.151251	0.120421	0.190669	0.229711	0.287012	0.020935	0.324328	0.070328	0.220922	0.182515	0.114074	0.087832	1,2,3,4,5,3	72.333952	0.626302	0.902689	0.566768	1.579654	3.068918	0.566768	
466000	-118213	1,2,3,2,4,5	72.521417	3.812741	4.985343	5.596511	4.985343	5.339204	5.690039	1,2,3,4,5,2	69.767071	0.122076	0.207513	0.623495	0.046917	0.107745	0.425729	0.141541	0.324986	0.077618	0.605578	0.241741	0.075063	0.190957	0.023710	0.334827	0.450506	0.398936	0.234995	0.161730	0.204339	0.107745	0.425729	0.141541	0.324986	1,1,2,3,1,4	71.381648	0.069969	0.147925	0.538612	0.014139	0.149281	0.080075	0.069969	0.147925	0.538612	0.014139	0.149281	0.080075	0.064448	0.092690	0.333846	0.218594	0.158344	0.132078	0.019839	0.010764	0.271999	0.229737	0.273531	0.194130	0.069969	0.147925	0.538612	0.014139	0.149281	0.080075	0.052862	0.582268	0.207417	0.059820	0.054014	0.043620	1,2,3,4,4,3	70.074817	0.539764	0.594360	0.567064	2.001640	2.001640	0.567064	
467000	-116917	1,1,2,1,2,3	70.549512	4.083880	4.083880	5.183926	4.083880	5.183926	5.738673	1,2,3,4,5,3	70.989658	0.414511	0.111128	0.284466	0.189896	0.070901	0.259269	0.241431	0.428399	0.093440	0.492233	0.220715	0.193612	0.232200	0.194658	0.113748	0.459395	0.393058	0.149998	0.166693	0.290251	0.093440	0.492233	0.220715	0.193612	1,1,2,3,1,1	70.038175	0.084818	0.416285	0.304945	0.038179	0.076014	0.079760	0.084818	0.416285	0.304945	0.038179	0.076014	0.079760	0.156142	0.152548	0.018904	0.538664	0.128261	0.005481	0.019239	0.160827	0.171810	0.050714	0.049299	0.548111	0.084818	0.416285	0.304945	0.038179	0.076014	0.079760	0.084818	0.416285	0.304945	0.038179	0.076014	0.079760	1,1,1,2,2,1	70.207090	0.609676	0.609676	0.609676	1.851840	1.851840	0.609676	
468000	-116583	1,2,1,1,3,2	71.676490	4.759185	5.059696	4.759185	4.759185	5.579481	5.059696	1,2,3,4,1,2	70.891488	0.470941	0.005350	0.356630	0.167079	0.189895	0.343212	0.250221	0.216672	0.165283	0.406394	0.240048	0.188275	0.136326	0.235933	0.115324	0.512417	0.470941	0.005350	0.356630	0.167079	0.189895	0.343212	0.250221	0.216672	1,2,1,3,4,5	71.316633	0.045906	0.054127	0.050622	0.628087	0.216337	0.004921	0.152534	0.023723	0.401305	0.006937	0.089082	0.326420	0.045906	0.054127	0.050622	0.628087	0.216337	0.004921	0.026823	0.058658	0.279263	0.334473	0.002760	0.298023	0.139885	0.079279	0.122932	0.241444	0.359155	0.057305	0.177498	0.286772	0.284666	0.088581	0.024531	0.137951	1,1,1,2,3,4	70.531935	0.559910	0.559910	0.559910	2.180401	2.103779	0.552583	
469000	-116393	1,2,3,4,5,6	71.500221	4.855708	5.082654	6.917113	5.714586	5.441612	5.458449	1,2,3,4,5,6	70.039713	0.456821	0.019155	0.407008	0.117016	0.165166	0.315046	0.218617	0.301171	0.093707	0.646820	0.171779	0.087694	0.220705	0.015343	0.158681	0.605271	0.530120	0.001748	0.102752	0.365380	0.088060	0.401452	0.228990	0.281498	1,2,2,3,4,5	71.564165	0.072601	0.221257	0.276784	0.392789	0.029607	0.006962	0.046400	0.263786	0.162453	0.081376	0.282051	0.163935	0.046400	0.263786	0.162453	0.081376	0.282051	0.163935	0.037301	0.097276	0.271061	0.093252	0.121989	0.379121	0.019685	0.224938	0.025427	0.591639	0.100272	0.038039	0.110938	0.405179	0.119033	0.160721	0.097977	0.106153	1,2,3,4,4,2	71.210748	0.510850	0.655660	0.587568	1.741140	1.741140	0.655660	
470000	-116057	1,2,2,3,4,5	70.121725	4.419306	4.991884	4.991884	5.277347	5.515530	6.345408	1,2,3,2,4,5	71.762127	0.486728	0.099984	0.250360	0.162927	0.181682	0.099579	0.102828	0.615910	0.048949	0.546723	0.194289	0.210038	0.181682	0.099579	0.102828	0.615910	0.603368	0.028974	0.150051	0.217608	0.083248	0.284363	0.385907	0.246481	1,1,2,3,2,2	70.545112	0.088467	0.261357	0.293520	0.049675	0.205705	0.101277	0.088467	0.261357	0.293520	0.049675	0.205705	0.101277	0.044420	0.320791	0.216944	0.247449	0.097974	0.072421	0.001044	0.029566	0.297885	0.467373	0.008543	0.195588	0.044420	0.320791	0.216944	0.247449	0.097974	0.072421	0.044420	0.320791	0.216944	0.247449	0.097974	0.072421	1,2,2,3,3,4	70.153778	0.517051	0.596536	0.596536	2.485971	2.485971	0.562962	
471000	-115700	1,2,3,4,5,6	71.547059	5.028717	4.978954	6.471451	5.417985	4.825288	5.996370	1,2,3,4,5,6	70.265879	0.262089	0.054290	0.562007	0.121613	0.137164	0.250750	0.121348	0.490739	0.000158	0.517555	0.418346	0.063942	0.274746	0.010471	0.128438	0.586344	0.317237	0.036957	0.342999	0.302807	0.049210	0.186016	0.382945	0.381829	1,2,1,3,2,4	71.813904	0.024500	0.093940	0.115416	0.146641	0.553683	0.065820	0.176943	0.271432	0.301914	0.040676	0.180528	0.028507	0.024500	0.093940	0.115416	0.146641	0.553683	0.065820	0.141584	0.018927	0.158398	0.333007	0.095670	0.252413	0.176943	0.271432	0.301914	0.040676	0.180528	0.028507	0.174797	0.407552	0.020782	0.153443	0.172797	0.070629	1,1,1,2,2,1	72.815313	0.615947	0.615947	0.615947	2.456766	2.456766	0.615947	
472000	-117231	1,1,1,2,3,4	70.490639	4.753549	4.753549	4.753549	5.744250	5.609587	5.603344	1,2,3,4,1,4	71.410667	0.438879	0.038294	0.338869	0.183958	0.060811	0.280178	0.141224	0.517788	0.234752	0.497675	0.154303	0.113270	0.141894	0.125218	0.344078	0.388810	0.438879	0.038294	0.338869	0.183958	0.141894	0.125218	0.344078	0.388810	1,1,2,3,1,1	72.160905	0.077475	0.213540	0.288411	0.178368	0.139882	0.102324	0.077475	0.213540	0.288411	0.178368	0.139882	0.102324	0.033781	0.027956	0.035218	0.354341	0.209642	0.339064	0.032727	0.052482	0.571884	0.161958	0.036795	0.144153	0.077475	0.213540	0.288411	0.178368	0.139882	0.102324	0.077475	0.213540	0.288411	0.178368	0.139882	0.102324	1,1,1,2,3,1	69.423887	0.609270	0.609270	0.609270	1.695611	2.038951	0.609270	
473000	-116558	1,2,3,4,5,6	73.557559	5.686889	5.732541	5.642949	5.037474	4.880340	5.509602	1,2,2,3,4,2	71.827228	0.306758	0.028733	0.627557	0.036952	0.171252	0.396758	0.236701	0.195289	0.171252	0.396758	0.236701	0.195289	0.068357	0.004711	0.101450	0.825482	0.477040	0.134459	0.283334	0.105167	0.171252	0.396758	0.236701	0.195289	1,2,3,4,2,5	72.891205	0.192184	0.056484	0.196791	0.346605	0.035678	0.172257	0.047105	0.155502	0.355528	0.064117	0.208907	0.168842	0.034372	0.465454	0.003859	0.391079	0.088046	0.017189	0.144763	0.003204	0.233565	0.138896	0.186817	0.292754	0.047105	0.155502	0.355528	0.064117	0.208907	0.168842	0.285054	0.071534	0.220234	0.108439	0.091750	0.222989	1,2,3,4,5,6	72.111683	0.570813	0.636708	0.606689	1.960937	1.580791	0.585075	
474000	-119292	1,2,2,2,3,3	71.151864	5.964584	4.486074	4.486074	4.486074	5.323016	5.323016	1,2,2,3,1,2	72.352139	0.320616	0.027020	0.462538	0.189826	0.153507	0.463651	0.217861	0.164981	0.153507	0.463651	0.217861	0.164981	0.018345	0.209210	0.269691	0.502753	0.320616	0.027020	0.462538	0.189826	0.153507	0.463651	0.217861	0.164981	1,2,3,4,3,1	69.595886	0.214474	0.105113	0.253132	0.098373	0.039760	0.289148	0.174934	0.400175	0.177246	0.038998	0.131658	0.076988	0.023758	0.169297	0.156832	0.382049	0.220983	0.047081	0.035402	0.102822	0.713187	0.044134	0.050172	0.054284	0.023758	0.169297	0.156832	0.382049	0.220983	0.047081	0.214474	0.105113	0.253132	0.098373	0.039760	0.289148	1,2,3,4,5,2	69.876152	0.529452	0.643700	0.670577	1.182327	3.008142	0.643700	
475000	-116946	1,2,3,4,5,3	71.714879	4.898089	5.530113	4.899813	5.361649	6.219945	4.899813	1,2,3,4,1,5	71.703650	0.426462	0.027150	0.318947	0.227441	0.199129	0.246411	0.130382	0.424078	0.014287	0.361946	0.311025	0.312743	0.309916	0.003460	0.066872	0.619752	0.426462	0.027150	0.318947	0.227441	0.305105	0.077495	0.405244	0.212156	1,2,1,3,1,4	69.848113	0.133194	0.351363	0.213136	0.170436	0.097508	0.034364	0.177875	0.367329	0.075238	0.021246	0.119861	0.238451	0.133194	0.351363	0.213136	0.170436	0.097508	0.034364	0.190393	0.064484	0.134672	0.047350	0.127732	0.435369	0.133194	0.351363	0.213136	0.170436	0.097508	0.034364	0.030841	0.085652	0.272123	0.363920	0.093203	0.154261	1,2,2,3,4,2	71.092585	0.528483	0.627808	0.627808	1.803915	1.997122	0.627808	
476000	-117113	1,2,3,4,5,6	71.660225	4.825624	5.518838	5.540159	5.155823	5.490833	5.584008	1,2,3,4,5,6	72.805433	0.419286	0.099676	0.349901	0.131137	0.191121	0.323705	0.090271	0.394903	0.079537	0.486684	0.282489	0.151290	0.142416	0.036754	0.442679	0.378151	0.585982	0.057824	0.275533	0.080661	0.072983	0.245700	0.526199	0.155118	1,2,3,4,1,1	71.978282	0.072580	0.229603	0.409103	0.120048	0.056835	0.111831	0.110441	0.382159	0.290597	0.026247	0.091528	0.099028	0.013052	0.111981	0.081088	0.283077	0.186821	0.323980	0.274643	0.067497	0.582487	0.001870	0.022186	0.051318	0.072580	0.229603	0.409103	0.120048	0.056835	0.111831	0.072580	0.229603	0.409103	0.120048	0.056835	0.111831	1,2,3,4,5,6	70.246096	0.551564	0.649246	0.613129	1.233146	2.081197	0.567360	
477000	-116101	1,2,3,4,5,6	71.276892	4.843709	5.072729	5.687964	5.256001	5.458724	5.788359	1,2,3,4,1,5	70.087986	0.431763	0.046135	0.366730	0.155372	0.300425	0.289714	0.090179	0.319682	0.129114	0.347386	0.368368	0.155132	0.211160	0.037436	0.276301	0.475103	0.431763	0.046135	0.366730	0.155372	0.173155	0.218137	0.395893	0.212815	1,2,3,2,1,1	71.475986	0.157180	0.208712	0.251528	0.145951	0.128678	0.107951	0.073618	0.026417	0.234673	0.061093	0.336803	0.267396	0.010223	0.053949	0.532919	0.158529	0.231511	0.012870	0.073618	0.026417	0.234673	0.061093	0.336803	0.267396	0.157180	0.208712	0.251528	0.145951	0.128678	0.107951	0.157180	0.208712	0.251528	0.145951	0.128678	0.107951	1,2,2,3,4,1	71.015816	0.591261	0.641208	0.641208	1.501996	1.713371	0.591261	
478000	-118770	1,1,1,2,1,3	70.190562	4.501971	4.501971	4.501971	5.422446	4.501971	6.702557	1,2,3,4,4,5	72.410946	0.198376	0.220916	0.279566	0.301142	0.115703	0.255175	0.079752	0.549371	0.151088	0.279921	0.317986	0.251005	0.249682	0.083639	0.140071	0.526608	0.249682	0.083639	0.140071	0.526608	0.079989	0.167644	0.536140	0.216227	1,2,3,4,1,1	71.719439	0.107519	0.488422	0.138473	0.069978	0.123052	0.072557	0.070493	0.144712	0.331197	0.073947	0.135453	0.244197	0.185009	0.155890	0.169310	0.294793	0.152818	0.042180	0.219802	0.089460	0.112201	0.279176	0.115076	0.184285	0.107519	0.488422	0.138473	0.069978	0.123052	0.072557	0.107519	0.488422	0.138473	0.069978	0.123052	0.072557	1,2,2,3,4,5	72.027088	0.633192	0.567455	0.567455	1.464088	2.604850	0.680127	
479000	-118354	1,2,2,3,4,2	71.065819	5.032194	5.577867	5.577867	5.225613	5.627138	5.577867	1,2,3,4,5,4	70.941741	0.467429	0.068983	0.321385	0.142203	0.257012	0.347071	0.104328	0.291589	0.118798	0.491912	0.158793	0.230498	0.145082	0.199076	0.210396	0.445447	0.594020	0.020368	0.127624	0.257988	0.145082	0.199076	0.210396	0.445447	1,2,3,2,1,4	71.761527	0.098650	0.327049	0.233215	0.102410	0.231854	0.006822	0.204062	0.302832	0.155848	0.031023	0.111531	0.194705	0.048261	0.019310	0.073987	0.360188	0.488912	0.009343	0.204062	0.302832	0.155848	0.031023	0.111531	0.194705	0.098650	0.327049	0.233215	0.102410	0.231854	0.006822	0.001517	0.211189	0.142657	0.337057	0.230779	0.076800	1,2,3,4,5,1	71.449581	0.593738	0.786169	0.572482	2.537216	2.097035	0.593738	
480000	-116178	1,2,3,4,5,6	72.032014	5.033660	5.116584	5.960436	4.864125	5.602796	6.414624	1,2,3,4,1,5	70.732197	0.451305	0.125998	0.258592	0.164105	0.179447	0.183277	0.117505	0.519772	0.023207	0.775299	0.110482	0.091012	0.118259	0.049202	0.305427	0.527113	0.451305	0.125998	0.258592	0.164105	0.218555	0.120059	0.435921	0.225465	1,2,3,4,5,1	72.697197	0.061231	0.360391	0.229591	0.146261	0.125243	0.077283	0.241907	0.133036	0.211008	0.027341	0.235391	0.151316	0.087833	0.000590	0.114712	0.262175	0.518260	0.016430	0.147952	0.008520	0.408516	0.124840	0.045572	0.264601	0.028163	0.233895	0.436825	0.004034	0.294290	0.002793	0.061231	0.360391	0.229591	0.146261	0.125243	0.077283	1,2,3,4,4,5	73.568118	0.610910	0.628744	0.610938	1.610277	1.610277	0.565866	
481000	-117979	1,1,1,2,1,3	70.351651	4.815833	4.815833	4.815833	5.502177	4.815833	5.934894	1,2,3,4,5,4	70.517580	0.331750	0.123016	0.323453	0.221781	0.054053	0.456776	0.073183	0.415988	0.130836	0.627126	0.194463	0.047575	0.112395	0.152772	0.271605	0.463229	0.439073	0.020950	0.193315	0.346663	0.112395	0.152772	0.271605	0.463229	1,2,3,2,4,4	70.205806	0.053025	0.360682	0.221429	0.051499	0.025021	0.288344	0.044349	0.199994	0.191563	0.156553	0.097234	0.310307	0.010535	0.215995	0.127916	0.157014	0.321951	0.166588	0.044349	0.199994	0.191563	0.156553	0.097234	0.310307	0.157190	0.308143	0.291121	0.073571	0.126115	0.043859	0.157190	0.308143	0.291121	0.073571	0.126115	0.043859	1,2,3,4,5,1	69.585256	0.591546	0.624756	0.637927	1.483410	2.412210	0.591546	
482000	-118831	1,2,3,4,5,6	72.442201	5.373423	5.665890	5.442348	7.274169	5.810314	6.376939	1,2,3,4,1,4	71.472866	0.424849	0.014035	0.326479	0.234637	0.155718	0.233102	0.109783	0.501398	0.208491	0.366217	0.235714	0.189577	0.154811	0.116029	0.311270	0.417890	0.424849	0.014035	0.326479	0.234637	0.154811	0.116029	0.311270	0.417890	1,2,3,4,3,1	71.934100	0.156356	0.329180	0.135204	0.265008	0.068784	0.045469	0.029349	0.164395	0.393363	0.054354	0.125357	0.233182	0.028196	0.105834	0.084276	0.260650	0.518939	0.002104	0.005239	0.161252	0.552932	0.173768	0.080284	0.026524	0.028196	0.105834	0.084276	0.260650	0.518939	0.002104	0.156356	0.329180	0.135204	0.265008	0.068784	0.045469	1,2,3,4,5,6	70.726391	0.621916	0.544163	0.738191	0.957838	2.118651	0.659973	
483000	-115181	1,2,3,1,4,5	70.549612	4.710599	4.999447	5.647474	4.710599	5.615087	6.548069	1,2,3,4,5,6	69.464553	0.486544	0.012612	0.323590	0.177254	0.146836	0.239093	0.223062	0.391009	0.033486	0.434498	0.485063	0.046954	0.113494	0.234909	0.230496	0.421101	0.377460	0.081237	0.215674	0.325629	0.087565	0.349261	0.339357	0.223818	1,2,1,3,4,5	71.406615	0.050452	0.111741	0.053459	0.218978	0.542536	0.022834	0.220005	0.076619	0.330166	0.008070	0.171066	0.194074	0.050452	0.111741	0.053459	0.218978	0.542536	0.022834	0.081341	0.149731	0.376254	0.105253	0.020115	0.267306	0.110669	0.378194	0.207544	0.079419	0.143292	0.080881	0.092721	0.410254	0.297543	0.112847	0.038055	0.048580	1,2,3,4,5,6	69.479408	0.591102	0.645545	0.688836	2.186119	2.366843	0.618099	
484000	-116621	1,2,3,4,5,6	70.242045	5.242062	6.016776	5.825090	5.931496	5.371881	5.263779	1,2,3,4,5,3	72.492869	0.404429	0.022591	0.509512	0.063468	0.126796	0.336876	0.199679	0.336650	0.148472	0.436230	0.256371	0.158927	0.307718	0.033392	0.219263	0.439627	0.550446	0.177966	0.150067	0.121521	0.148472	0.436230	0.256371	0.158927	1,1,2,3,4,4	72.237843	0.022454	0.123553	0.387932	0.039310	0.238515	0.188236	0.022454	0.123553	0.387932	0.039310	0.238515	0.188236	0.057820	0.072962	0.247139	0.243244	0.280910	0.097924	0.340589	0.048097	0.092086	0.285891	0.014455	0.218882	0.011931	0.192557	0.352126	0.161328	0.186008	0.096050	0.011931	0.192557	0.352126	0.161328	0.186008	0.096050	1,2,2,3,4,5	71.683038	0.591413	0.599476	0.599476	2.289463	2.126583	0.655655	
485000	-115719	1,1,2,1,3,1	70.702456	4.659828	4.659828	5.861252	4.659828	5.484149	4.659828	1,2,3,4,1,3	72.099087	0.528822	0.012059	0.307477	0.151642	0.132903	0.396413	0.092710	0.377973	0.052045	0.532960	0.262984	0.152011	0.133738	0.227887	0.188614	0.449761	0.528822	0.012059	0.307477	0.151642	0.052045	0.532960	0.262984	0.152011	1,2,3,4,5,4	71.646125	0.292628	0.137434	0.071377	0.300886	0.120440	0.077235	0.119898	0.172084	0.321759	0.122506	0.108244	0.155509	0.112296	0.055708	0.306907	0.304983	0.211042	0.009065	0.134988	0.166269	0.379466	0.096493	0.031314	0.191470	0.172457	0.150852	0.279442	0.105371	0.217308	0.074570	0.134988	0.166269	0.379466	0.096493	0.031314	0.191470	1,2,3,4,4,3	70.118494	0.553873	0.594894	0.602975	2.163642	2.163642	0.602975	
486000	-115483	1,1,1,2,3,4	70.902398	4.988687	4.988687	4.988687	5.789293	5.518724	5.626253	1,2,3,4,1,2	72.783029	0.431237	0.013056	0.372890	0.182818	0.145570	0.182227	0.342830	0.329373	0.052622	0.654906	0.166769	0.125703	0.080742	0.116355	0.071723	0.731180	0.431237	0.013056	0.372890	0.182818	0.145570	0.182227	0.342830	0.329373	1,2,3,3,2,1	72.237363	0.123103	0.179536	0.216375	0.274283	0.100013	0.106690	0.040911	0.229896	0.381646	0.011335	0.290697	0.045515	0.073557	0.059446	0.241951	0.242498	0.146895	0.235652	0.073557	0.059446	0.241951	0.242498	0.146895	0.235652	0.040911	0.229896	0.381646	0.011335	0.290697	0.045515	0.123103	0.179536	0.216375	0.274283	0.100013	0.106690	1,1,1,2,3,4	72.255127	0.605405	0.605405	0.605405	2.598890	2.322519	0.544526	
487000	-120291	1,2,3,4,5,6	70.438780	4.910610	5.737709	6.012128	5.292950	5.295244	5.756863	1,2,3,2,1,4	70.478207	0.407676	0.016448	0.468055	0.107821	0.169127	0.282134	0.216507	0.332232	0.295620	0.252943	0.368731	0.082706	0.169127	0.282134	0.216507	0.332232	0.407676	0.016448	0.468055	0.107821	0.225437	0.311307	0.235031	0.228224	1,2,3,1,4,1	71.209214	0.058643	0.231173	0.242250	0.197866	0.039476	0.230593	0.111433	0.027053	0.192255	0.025312	0.131549	0.512398	0.207057	0.020384	0.123265	0.184783	0.359367	0.105144	0.058643	0.231173	0.242250	0.197866	0.039476	0.230593	0.001769	0.082076	0.491521	0.248431	0.153359	0.022844	0.058643	0.231173	0.242250	0.197866	0.039476	0.230593	1,2,3,4,5,2	71.665809	0.481102	0.587576	0.583331	1.897123	1.304928	0.587576	
488000	-118179	1,1,2,1,1,3	70.987752	5.093824	5.093824	5.435522	5.093824	5.093824	7.261123	1,2,3,2,4,2	69.605685	0.375561	0.045140	0.495100	0.084199	0.129683	0.290844	0.292190	0.287283	0.043347	0.486795	0.375029	0.094829	0.129683	0.290844	0.292190	0.287283	0.461975	0.177960	0.214982	0.145083	0.129683	0.290844	0.292190	0.287283	1,2,3,1,1,1	72.739954	0.076607	0.178689	0.449481	0.059128	0.091841	0.144253	0.059578	0.069568	0.186906	0.015430	0.340102	0.328416	0.019685	0.165186	0.126329	0.308555	0.219813	0.160432	0.076607	0.178689	0.449481	0.059128	0.091841	0.144253	0.076607	0.178689	0.449481	0.059128	0.091841	0.144253	0.076607	0.178689	0.449481	0.059128	0.091841	0.144253	1,2,2,3,4,5	71.633339	0.520526	0.635201	0.635201	1.900117	1.961877	0.613392	
489000	-115928	1,1,2,3,4,5	70.265616	4.325919	4.325919	4.796113	6.211694	5.481722	5.941992	1,2,3,4,5,3	69.879133	0.369110	0.031371	0.362767	0.236752	0.122082	0.197754	0.069240	0.610925	0.084820	0.436093	0.373862	0.105224	0.064894	0.022859	0.220000	0.692247	0.392128	0.034707	0.195315	0.377850	0.084820	0.436093	0.373862	0.105224	1,1,2,3,1,1	71.920717	0.118184	0.357048	0.239488	0.094419	0.116829	0.074031	0.118184	0.357048	0.239488	0.094419	0.116829	0.074031	0.202066	0.046758	0.122680	0.343736	0.264104	0.020656	0.364992	0.072924	0.123438	0.101044	0.193562	0.144039	0.118184	0.357048	0.239488	0.094419	0.116829	0.074031	0.118184	0.357048	0.239488	0.094419	0.116829	0.074031	1,1,1,2,2,1	69.966193	0.622821	0.622821	0.622821	1.808135	1.808135	0.622821	
490000	-115512	1,2,1,1,3,4	71.307498	5.231981	5.366793	5.231981	5.231981	5.560780	5.813765	1,2,3,4,1,2	69.139792	0.589841	0.024674	0.262512	0.122973	0.173888	0.235115	0.255295	0.335702	0.042040	0.525665	0.362539	0.069756	0.037313	0.134283	0.209058	0.619347	0.589841	0.024674	0.262512	0.122973	0.173888	0.235115	0.255295	0.335702	1,2,3,4,5,1	70.997404	0.101467	0.226833	0.220843	0.250168	0.047491	0.153199	0.044189	0.176285	0.430172	0.009943	0.207577	0.131834	0.291167	0.032274	0.271857	0.201374	0.105733	0.097595	0.170202	0.172608	0.372879	0.102585	0.005055	0.176671	0.055591	0.184073	0.302059	0.307828	0.112924	0.037525	0.101467	0.226833	0.220843	0.250168	0.047491	0.153199	1,1,2,3,4,1	71.351796	0.638413	0.638413	0.469260	2.202622	2.202229	0.638413	
491000	-117263	1,2,2,1,3,2	71.603452	5.454180	4.596097	4.596097	5.454180	5.342340	4.596097	1,2,2,3,4,5	71.132795	0.421504	0.017956	0.415058	0.145481	0.084198	0.530231	0.169770	0.215801	0.084198	0.530231	0.169770	0.215801	0.166812	0.208769	0.101356	0.523064	0.632417	0.005287	0.255012	0.107285	0.141113	0.474997	0.291084	0.092805	1,2,1,2,3,2	72.649168	0.111248	0.114646	0.129916	0.378388	0.135192	0.130610	0.049491	0.211082	0.208423	0.136930	0.083023	0.311051	0.111248	0.114646	0.129916	0.378388	0.135192	0.130610	0.049491	0.211082	0.208423	0.136930	0.083023	0.311051	0.056639	0.207085	0.209152	0.273474	0.244819	0.008831	0.049491	0.211082	0.208423	0.136930	0.083023	0.311051	1,1,1,2,2,3	70.574562	0.628547	0.628547	0.628547	1.781162	1.781162	0.666641	
492000	-115507	1,1,2,3,4,5	69.727459	4.656649	4.656649	5.703790	6.214832	5.648549	6.146008	1,2,3,4,1,3	70.463174	0.450471	0.024667	0.269933	0.254929	0.127205	0.337722	0.065524	0.469548	0.161925	0.468822	0.274797	0.094455	0.174325	0.018540	0.161355	0.645780	0.450471	0.024667	0.269933	0.254929	0.161925	0.468822	0.274797	0.094455	1,2,3,4,1,2	71.138036	0.104615	0.286964	0.180964	0.197206	0.185823	0.044428	0.197747	0.172110	0.307247	0.037444	0.128022	0.157430	0.029548	0.135509	0.023124	0.433876	0.350836	0.027106	0.184069	0.056333	0.107522	0.381993	0.091512	0.178571	0.104615	0.286964	0.180964	0.197206	0.185823	0.044428	0.197747	0.172110	0.307247	0.037444	0.128022	0.157430	1,2,1,3,4,5	71.681428	0.566801	0.649676	0.566801	2.326323	2.768812	0.748947	
493000	-115264	1,2,3,4,5,6	70.670130	4.777895	6.247174	4.839946	4.768379	5.556301	5.636980	1,2,3,4,5,6	70.349869	0.409241	0.027403	0.444391	0.118965	0.187864	0.264160	0.063074	0.484902	0.019517	0.806057	0.120302	0.054123	0.082792	0.033407	0.167456	0.716345	0.370637	0.007787	0.327151	0.294425	0.076163	0.249323	0.580752	0.093762	1,2,3,4,2,1	71.726643	0.151423	0.221866	0.266791	0.132577	0.102090	0.125253	0.023903	0.275068	0.364470	0.094296	0.170241	0.072021	0.133927	0.049683	0.114503	0.316625	0.276320	0.108942	0.196074	0.021524	0.293801	0.088005	0.002875	0.397721	0.023903	0.275068	0.364470	0.094296	0.170241	0.072021	0.151423	0.221866	0.266791	0.132577	0.102090	0.125253	1,2,2,3,4,2	70.802630	0.614867	0.617975	0.617975	2.077849	3.004103	0.617975	
494000	-116919	1,2,3,3,4,3	69.564986	5.631589	5.714822	5.038329	5.038329	5.666098	5.038329	1,2,3,4,5,3	70.898762	0.237381	0.102422	0.527733	0.132465	0.202489	0.275845	0.084987	0.436679	0.024029	0.347957	0.488916	0.139098	0.051981	0.250355	0.066004	0.631660	0.462676	0.094909	0.297655	0.144760	0.024029	0.347957	0.488916	0.139098	1,2,2,1,2,3	70.918507	0.011151	0.129897	0.398460	0.092075	0.050969	0.317448	0.020405	0.175428	0.251511	0.169218	0.318639	0.064799	0.020405	0.175428	0.251511	0.169218	0.318639	0.064799	0.011151	0.129897	0.398460	0.092075	0.050969	0.317448	0.020405	0.175428	0.251511	0.169218	0.318639	0.064799	0.143731	0.222120	0.362309	0.097376	0.123512	0.050952	1,1,2,3,4,5	71.707198	0.613320	0.613320	0.633072	1.422942	1.793287	0.576875	
495000	-116561	1,2,3,4,5,6	70.886246	5.272187	4.870321	5.432363	5.231271	5.426044	5.804165	1,2,3,4,5,6	69.737281	0.433045	0.066060	0.305582	0.195314	0.099733	0.260999	0.064030	0.575238	0.085447	0.352802	0.339002	0.222749	0.228112	0.095079	0.118722	0.558087	0.462032	0.052028	0.259482	0.226458	0.272559	0.127596	0.249393	0.350452	1,1,2,3,4,4	71.413190	0.070564	0.288534	0.215281	0.157482	0.099896	0.168244	0.070564	0.288534	0.215281	0.157482	0.099896	0.168244	0.071392	0.301964	0.004661	0.307301	0.250634	0.064047	0.379980	0.169139	0.117200	0.105326	0.005326	0.223030	0.030691	0.225325	0.223205	0.340777	0.122373	0.057630	0.030691	0.225325	0.223205	0.340777	0.122373	0.057630	1,2,1,3,4,2	72.474926	0.622244	0.606798	0.622244	2.186752	1.952312	0.606798	
496000	-118229	1,2,3,4,5,6	70.317845	4.063098	5.638536	6.264841	4.973588	5.602120	6.971813	1,2,3,4,5,2	72.093856	0.440704	0.135328	0.380371	0.043597	0.210924	0.190414	0.315489	0.283174	0.043273	0.625663	0.279928	0.051136	0.325851	0.153056	0.040966	0.480127	0.489093	0.173609	0.147113	0.190185	0.210924	0.190414	0.315489	0.283174	1,2,3,4,5,5	71.993424	0.022560	0.381244	0.334684	0.045276	0.147628	0.068608	0.022538	0.167476	0.215644	0.036975	0.221465	0.335901	0.181741	0.111927	0.070205	0.409288	0.142664	0.084176	0.029972	0.210052	0.051276	0.070553	0.005191	0.632957	0.096182	0.226555	0.259253	0.290214	0.112957	0.014839	0.096182	0.226555	0.259253	0.290214	0.112957	0.014839	1,2,1,3,3,1	70.962470	0.510781	0.659977	0.510781	1.931117	1.931117	0.510781	
497000	-116619	1,2,1,3,4,5	69.607660	4.452203	5.305566	4.452203	6.104819	5.397486	6.558508	1,2,3,4,1,3	72.664719	0.360254	0.127956	0.264313	0.247476	0.166019	0.208040	0.066302	0.559638	0.136106	0.278272	0.295053	0.290569	0.150486	0.005244	0.075754	0.768516	0.360254	0.127956	0.264313	0.247476	0.136106	0.278272	0.295053	0.290569	1,2,3,4,5,6	69.909399	0.193862	0.305779	0.120470	0.137929	0.226430	0.015531	0.044353	0.205564	0.166968	0.152058	0.123246	0.307810	0.001617	0.325762	0.157981	0.263692	0.185126	0.065823	0.133633	0.318135	0.204405	0.024516	0.040213	0.279099	0.025782	0.434458	0.221813	0.133113	0.089824	0.095012	0.244145	0.277531	0.172261	0.139844	0.040592	0.125627	1,1,1,2,2,1	70.863064	0.612039	0.612039	0.612039	2.357483	2.357483	0.612039	
498000	-118210	1,2,3,3,4,5	70.629674	5.104097	5.477976	5.632909	5.632909	5.620495	6.034001	1,2,3,4,1,5	69.334196	0.550740	0.082232	0.252843	0.114185	0.235936	0.303100	0.231913	0.229050	0.205796	0.433792	0.186225	0.174186	0.046009	0.286231	0.062880	0.604880	0.550740	0.082232	0.252843	0.114185	0.210282	0.260895	0.286072	0.242750	1,2,3,1,2,4	71.408913	0.039071	0.262479	0.239682	0.091072	0.008294	0.359402	0.025750	0.151456	0.576055	0.009064	0.201852	0.035822	0.060030	0.044597	0.119080	0.091164	0.423562	0.261568	0.039071	0.262479	0.239682	0.091072	0.008294	0.359402	0.025750	0.151456	0.576055	0.009064	0.201852	0.035822	0.091849	0.285866	0.052925	0.216228	0.135349	0.217782	1,1,2,3,4,5	71.972599	0.566004	0.566004	0.536585	1.904765	1.578349	0.632458	
499000	-117863	1,2,3,2,3,4	70.925737	5.431456	5.098565	5.318698	5.098565	5.318698	6.040402	1,2,3,4,1,5	72.040525	0.627875	0.060540	0.230209	0.081375	0.147809	0.346742	0.235734	0.269715	0.167573	0.470875	0.320378	0.041173	0.422067	0.027013	0.125933	0.424986	0.627875	0.060540	0.230209	0.081375	0.208958	0.108549	0.520506	0.161987	1,1,2,3,2,4	72.572568	0.043291	0.143798	0.469106	0.046535	0.176676	0.120594	0.043291	0.143798	0.469106	0.046535	0.176676	0.120594	0.015328	0.118449	0.277124	0.161648	0.416788	0.010663	0.318205	0.045684	0.278589	0.072899	0.073691	0.210933	0.015328	0.118449	0.277124	0.161648	0.416788	0.010663	0.108977	0.262229	0.053887	0.218543	0.269216	0.087148	1,2,3,4,4,1	72.890646	0.563543	0.651130	0.580760	1.592794	1.592794	0.563543	
500000	-117130	1,1,2,3,4,5	71.560675	5.208272	5.208272	5.757449	5.649333	5.459209	5.169955	1,2,3,4,1,5	71.046545	0.543043	0.066150	0.211190	0.179616	0.221460	0.289980	0.015004	0.473555	0.078998	0.609274	0.231147	0.080580	0.114843	0.098124	0.194253	0.592779	0.543043	0.066150	0.211190	0.179616	0.314813	0.125797	0.201634	0.357756	1,1,2,3,1,4	71.201242	0.106558	0.316561	0.239152	0.055170	0.170623	0.111937	0.106558	0.316561	0.239152	0.055170	0.170623	0.111937	0.160176	0.086864	0.243489	0.180276	0.165909	0.163286	0.087913	0.189113	0.229998	0.182247	0.132067	0.178662	0.106558	0.316561	0.239152	0.055170	0.170623	0.111937	0.017625	0.140166	0.091159	0.399544	0.208923	0.142584	1,2,3,4,5,2	70.570974	0.624502	0.580413	0.473814	1.620749	1.588752	0.580413	
501000	-116244	1,1,2,1,3,4	71.443626	4.868734	4.868734	5.166456	4.868734	5.833606	6.332106	1,2,3,2,1,3	71.403824	0.500914	0.016871	0.282531	0.199684	0.123905	0.270804	0.089291	0.516000	0.072007	0.442844	0.333039	0.152110	0.123905	0.270804	0.089291	0.516000	0.500914	0.016871	0.282531	0.199684	0.072007	0.442844	0.333039	0.152110	1,2,3,2,3,4	72.312419	0.254557	0.214990	0.196875	0.175344	0.035842	0.122393	0.070514	0.191643	0.214011	0.136126	0.097461	0.290245	0.022851	0.209905	0.186756	0.236951	0.287808	0.055729	0.070514	0.191643	0.214011	0.136126	0.097461	0.290245	0.022851	0.209905	0.186756	0.236951	0.287808	0.055729	0.106871	0.247546	0.457009	0.020284	0.025747	0.142543	1,1,2,3,4,5	70.920278	0.622423	0.622423	0.577770	2.391425	2.285545	0.536131	
502000	-115914	1,2,3,2,4,5	71.792072	5.360881	4.457850	5.254147	4.457850	5.855374	6.103346	1,2,3,4,5,6	72.128195	0.553057	0.017161	0.318858	0.110924	0.186371	0.378266	0.140400	0.294963	0.218605	0.408864	0.179693	0.192837	0.082668	0.093354	0.212168	0.611811	0.423570	0.105347	0.258101	0.212982	0.218256	0.167942	0.251663	0.362139	1,2,3,4,2,5	70.587742	0.110318	0.110967	0.227735	0.376238	0.083486	0.091256	0.074695	0.287556	0.323788	0.026687	0.247320	0.039955	0.019563	0.058728	0.045412	0.277663	0.437634	0.161001	0.137843	0.235449	0.326721	0.062286	0.062097	0.175604	0.074695	0.287556	0.323788	0.026687	0.247320	0.039955	0.099532	0.250527	0.195428	0.199122	0.163626	0.091765	1,2,3,4,5,6	71.765400	0.564462	0.723064	0.624178	2.593807	2.208215	0.581412	
503000	-117513	1,2,1,3,4,5	71.745182	4.819892	5.240218	4.819892	5.656846	6.092139	6.764244	1,2,3,4,1,5	71.246195	0.513832	0.025972	0.336538	0.123658	0.130851	0.278571	0.152400	0.438178	0.139137	0.431890	0.231361	0.197613	0.108616	0.136432	0.078574	0.676378	0.513832	0.025972	0.336538	0.123658	0.131388	0.222251	0.432537	0.213824	1,2,3,2,1,3	71.908927	0.000008	0.279704	0.202931	0.306379	0.188308	0.022669	0.194341	0.067365	0.278834	0.031451	0.161191	0.266818	0.228700	0.051701	0.098906	0.424112	0.136216	0.060365	0.194341	0.067365	0.278834	0.031451	0.161191	0.266818	0.000008	0.279704	0.202931	0.306379	0.188308	0.022669	0.228700	0.051701	0.098906	0.424112	0.136216	0.060365	1,1,1,2,3,4	70.044054	0.657035	0.657035	0.657035	2.713911	2.253699	0.539459	
504000	-116233	1,2,3,2,4,5	72.099513	5.191390	5.731250	5.350340	5.731250	5.464861	5.595102	1,2,3,4,1,5	70.890450	0.412318	0.038618	0.341128	0.207936	0.202756	0.253634	0.118416	0.425194	0.074969	0.222681	0.501322	0.201029	0.170522	0.008851	0.159477	0.661150	0.412318	0.038618	0.341128	0.207936	0.171256	0.319115	0.367653	0.141976	1,2,1,3,4,2	69.655479	0.042335	0.277457	0.273365	0.193415	0.169337	0.044090	0.037927	0.239688	0.361368	0.093439	0.133496	0.134082	0.042335	0.277457	0.273365	0.193415	0.169337	0.044090	0.044142	0.267225	0.106858	0.112708	0.223041	0.246025	0.030714	0.286320	0.266669	0.018115	0.351936	0.046245	0.037927	0.239688	0.361368	0.093439	0.133496	0.134082	1,2,3,4,5,6	72.108559	0.640183	0.611235	0.584539	2.545619	2.330855	0.568955	
505000	-116812	1,2,2,3,4,5	71.179073	5.872682	5.214170	5.214170	6.376447	5.488192	5.694772	1,2,3,4,5,3	70.171764	0.567934	0.026795	0.330376	0.074895	0.188406	0.128092	0.058165	0.625338	0.079312	0.191526	0.469720	0.259442	0.068903	0.080535	0.132420	0.718141	0.420137	0.058320	0.313247	0.208296	0.079312	0.191526	0.469720	0.259442	1,2,3,1,2,2	70.870085	0.114300	0.122204	0.518691	0.089577	0.010587	0.144641	0.071297	0.178999	0.247483	0.227684	0.205364	0.069173	0.134798	0.023636	0.184445	0.363531	0.282693	0.010896	0.114300	0.122204	0.518691	0.089577	0.010587	0.144641	0.071297	0.178999	0.247483	0.227684	0.205364	0.069173	0.071297	0.178999	0.247483	0.227684	0.205364	0.069173	1,2,3,4,4,5	71.988606	0.525234	0.592651	0.572525	2.199559	2.199559	0.626927	
506000	-115783	1,2,3,3,4,5	70.877115	5.194385	5.503767	6.393748	6.393748	6.151198	5.638571	1,2,3,4,1,5	70.492237	0.528264	0.004634	0.256435	0.210667	0.236237	0.287218	0.207154	0.269391	0.030897	0.481579	0.388853	0.098671	0.090930	0.028637	0.067407	0.813025	0.528264	0.004634	0.256435	0.210667	0.129180	0.355057	0.420869	0.094894	1,2,3,4,5,2	71.135157	0.194357	0.118317	0.051191	0.413711	0.199614	0.022810	0.107350	0.225237	0.396286	0.059451	0.090711	0.120964	0.405832	0.036530	0.153854	0.125212	0.218189	0.060383	0.381726	0.104150	0.271652	0.013458	0.033787	0.195226	0.247299	0.319568	0.145394	0.057754	0.052294	0.177690	0.107350	0.225237	0.396286	0.059451	0.090711	0.120964	1,2,3,4,5,6	71.024335	0.603555	0.596808	0.587673	1.395779	1.892116	0.670203	
507000	-117070	1,2,3,4,5,6	70.870764	5.324299	5.346691	5.397717	5.634626	5.930632	6.571313	1,2,3,4,1,2	70.232073	0.446158	0.030169	0.306045	0.217628	0.180048	0.291093	0.195174	0.333685	0.217334	0.494216	0.255403	0.033047	0.164131	0.058441	0.174004	0.603424	0.446158	0.030169	0.306045	0.217628	0.180048	0.291093	0.195174	0.333685	1,2,3,4,2,5	72.319380	0.172998	0.242371	0.219086	0.276951	0.005074	0.083521	0.173415	0.196636	0.360444	0.019286	0.244510	0.005708	0.064005	0.027932	0.502742	0.129925	0.259125	0.016271	0.001854	0.106965	0.237941	0.100356	0.163602	0.389283	0.173415	0.196636	0.360444	0.019286	0.244510	0.005708	0.062325	0.456745	0.247321	0.144932	0.018183	0.070495	1,1,1,2,2,3	70.770251	0.570692	0.570692	0.570692	2.082786	2.082786	0.524826	
508000	-116019	1,1,2,1,3,4	71.540525	5.061312	5.061312	5.727259	5.061312	5.707693	6.255009	1,2,3,4,1,5	72.149683	0.439690	0.013292	0.360127	0.186891	0.106225	0.261619	0.254377	0.377779	0.000019	0.612014	0.360977	0.026990	0.207868	0.229122	0.119370	0.443640	0.439690	0.013292	0.360127	0.186891	0.097655	0.187081	0.479629	0.235634	1,2,3,4,5,2	71.422992	0.266062	0.271985	0.257764	0.097899	0.061907	0.044382	0.083913	0.360992	0.234296	0.114353	0.087842	0.118605	0.201089	0.172658	0.046814	0.080921	0.385407	0.113111	0.207826	0.081802	0.296245	0.105814	0.040013	0.268300	0.202293	0.139042	0.145126	0.125330	0.325294	0.062914	0.083913	0.360992	0.234296	0.114353	0.087842	0.118605	1,2,2,3,3,2	70.586754	0.568634	0.551842	0.551842	2.023422	2.023422	0.551842	
509000	-116554	1,1,2,1,3,4	70.929587	5.252019	5.252019	5.030599	5.252019	5.115995	6.179524	1,2,3,4,5,6	71.306239	0.350376	0.029515	0.377534	0.242575	0.159011	0.321370	0.148747	0.370872	0.130560	0.476791	0.237132	0.155517	0.281484	0.032628	0.160626	0.525262	0.339634	0.077599	0.274290	0.308478	0.102154	0.259541	0.546226	0.092079	1,2,3,4,2,1	70.306219	0.037264	0.399750	0.159234	0.152620	0.163383	0.087750	0.036141	0.393300	0.238117	0.110666	0.189110	0.032666	0.069405	0.104794	0.135497	0.264796	0.354599	0.070910	0.102898	0.243047	0.228069	0.083914	0.066866	0.275207	0.036141	0.393300	0.238117	0.110666	0.189110	0.032666	0.037264	0.399750	0.159234	0.152620	0.163383	0.087750	1,1,1,2,2,3	70.357710	0.613232	0.613232	0.613232	1.718156	1.718156	0.575658	
510000	-116361	1,2,1,1,3,4	70.432340	4.395365	5.872602	4.395365	4.395365	5.384551	6.622821	1,2,3,4,1,2	71.644198	0.391092	0.009445	0.333319	0.266145	0.143628	0.210275	0.215036	0.431062	0.012989	0.698619	0.148196	0.140196	0.189816	0.021415	0.103295	0.685474	0.391092	0.009445	0.333319	0.266145	0.143628	0.210275	0.215036	0.431062	1,2,3,4,5,1	71.490519	0.019165	0.439771	0.146002	0.250520	0.027974	0.116568	0.075047	0.009549	0.287722	0.012082	0.440622	0.174977	0.090681	0.101641	0.255593	0.151061	0.303435	0.097590	0.042047	0.001993	0.141331	0.148702	0.012099	0.653829	0.144011	0.331593	0.438571	0.011998	0.070048	0.003778	0.019165	0.439771	0.146002	0.250520	0.027974	0.116568	1,2,3,4,4,2	71.186379	0.518106	0.581156	0.641273	2.157886	2.157886	0.581156	
511000	-117143	1,2,3,4,4,1	71.718534	5.673335	5.098961	5.467711	5.712999	5.712999	5.673335	1,2,3,4,5,2	72.457261	0.493758	0.057322	0.374481	0.074439	0.107174	0.277643	0.262034	0.353149	0.107660	0.605471	0.150656	0.136213	0.051586	0.182888	0.258828	0.506697	0.529118	0.064151	0.240194	0.166538	0.107174	0.277643	0.262034	0.353149	1,2,3,4,5,5	71.535425	0.113536	0.054271	0.428194	0.030848	0.216900	0.156251	0.035441	0.271334	0.239927	0.050883	0.213800	0.188616	0.037225	0.091634	0.157540	0.286522	0.349026	0.078054	0.083282	0.036017	0.162883	0.374988	0.091499	0.251331	0.194711	0.308215	0.289350	0.089643	0.037999	0.080082	0.194711	0.308215	0.289350	0.089643	0.037999	0.080082	1,2,3,4,5,1	69.971778	0.590777	0.631633	0.606569	2.199704	2.434320	0.590777	
512000	-117417	1,1,2,3,4,5	71.897158	4.850546	4.850546	5.005600	5.483041	5.690653	6.015842	1,2,3,4,5,3	71.176370	0.501220	0.016743	0.293009	0.189028	0.190979	0.693733	0.034828	0.080460	0.093767	0.401784	0.329344	0.175104	0.158725	0.218966	0.199456	0.422853	0.584982	0.013222	0.184702	0.217094	0.093767	0.401784	0.329344	0.175104	1,2,3,4,1,4	70.377407	0.077434	0.100847	0.120571	0.143755	0.530839	0.026554	0.035367	0.218127	0.244670	0.007412	0.086063	0.408362	0.089344	0.113138	0.195565	0.266675	0.194217	0.141062	0.046438	0.331357	0.302401	0.177539	0.021120	0.121145	0.077434	0.100847	0.120571	0.143755	0.530839	0.026554	0.046438	0.331357	0.302401	0.177539	0.021120	0.121145	1,2,1,3,4,1	70.674539	0.580452	0.740434	0.580452	2.042075	2.831888	0.580452	
513000	-117025	1,2,3,4,5,6	73.462058	4.950891	6.282742	4.826513	5.742999	5.761463	6.127172	1,2,3,2,1,4	71.347440	0.463743	0.015717	0.310224	0.210316	0.247456	0.125292	0.143491	0.483762	0.016828	0.773463	0.089794	0.119914	0.247456	0.125292	0.143491	0.483762	0.463743	0.015717	0.310224	0.210316	0.142684	0.271227	0.224272	0.361817	1,2,3,4,5,5	73.151952	0.441383	0.169776	0.127719	0.199749	0.013600	0.047773	0.007099	0.198199	0.381022	0.025832	0.190612	0.197234	0.015789	0.000126	0.356411	0.366798	0.169553	0.091322	0.010809	0.304871	0.156911	0.261541	0.086794	0.179074	0.127676	0.200550	0.200008	0.289758	0.095265	0.086742	0.127676	0.200550	0.200008	0.289758	0.095265	0.086742	1,2,1,3,3,4	70.348670	0.619061	0.615497	0.619061	2.381924	2.381924	0.634907	
514000	-116271	1,2,1,3,4,5	70.916553	4.732009	5.732715	4.732009	4.999802	5.409906	5.456791	1,2,3,4,1,5	70.090818	0.489597	0.020045	0.347038	0.143321	0.143876	0.200340	0.222727	0.433058	0.018743	0.355117	0.440343	0.185796	0.043327	0.209613	0.112760	0.634301	0.489597	0.020045	0.347038	0.143321	0.071419	0.493539	0.280160	0.154882	1,2,3,4,5,6	71.917242	0.118872	0.145334	0.158216	0.145101	0.381293	0.051185	0.146692	0.006280	0.165887	0.088326	0.224572	0.368244	0.072778	0.065516	0.125881	0.236698	0.472737	0.026390	0.318419	0.183531	0.256845	0.086226	0.025824	0.129156	0.043050	0.263104	0.265767	0.076836	0.282571	0.068672	0.148730	0.360150	0.278238	0.083242	0.028045	0.101595	1,2,2,3,4,2	71.784456	0.552569	0.576844	0.576844	1.906791	2.105420	0.576844	
515000	-117952	1,2,3,4,2,5	72.770870	5.078192	4.901723	5.277565	5.332713	4.901723	5.966034	1,2,3,4,1,5	71.936503	0.428509	0.017966	0.464108	0.089417	0.202158	0.256872	0.240130	0.300840	0.148440	0.450415	0.343683	0.057462	0.393189	0.078061	0.295299	0.233451	0.428509	0.017966	0.464108	0.089417	0.141728	0.296574	0.285931	0.275767	1,2,3,4,5,1	72.598027	0.129739	0.132272	0.261621	0.282373	0.103780	0.090214	0.131049	0.181599	0.270371	0.046080	0.124660	0.246241	0.054667	0.123240	0.023944	0.218027	0.555288	0.024834	0.040582	0.083187	0.194843	0.428598	0.005854	0.246936	0.157057	0.201967	0.209224	0.068436	0.340164	0.023152	0.129739	0.132272	0.261621	0.282373	0.103780	0.090214	1,1,1,2,3,1	69.898027	0.610333	0.610333	0.610333	1.000485	2.326808	0.610333	
516000	-117270	1,1,2,1,3,4	71.968574	4.954039	4.954039	5.616134	4.954039	5.672469	6.322895	1,2,3,4,1,5	72.484786	0.482871	0.025942	0.364243	0.126944	0.123029	0.373901	0.179175	0.323895	0.178695	0.588025	0.141083	0.092197	0.202810	0.210576	0.027391	0.559223	0.482871	0.025942	0.364243	0.126944	0.155537	0.227232	0.380950	0.236281	1,2,3,4,3,5	72.532508	0.185257	0.279666	0.171056	0.155271	0.047881	0.160869	0.056711	0.072885	0.298322	0.170479	0.216660	0.184943	0.051850	0.192436	0.316707	0.254700	0.159223	0.025085	0.054427	0.249301	0.158270	0.183231	0.042507	0.312265	0.051850	0.192436	0.316707	0.254700	0.159223	0.025085	0.065238	0.137890	0.404933	0.122170	0.082629	0.187140	1,2,3,4,5,3	72.944273	0.490932	0.632869	0.661697	1.981386	1.910118	0.661697	
517000	-118447	1,2,2,3,4,2	70.251247	5.533143	5.057751	5.057751	6.077119	5.450915	5.057751	1,2,2,3,1,2	71.010500	0.456133	0.019183	0.422874	0.101810	0.124649	0.420173	0.125562	0.329616	0.124649	0.420173	0.125562	0.329616	0.028434	0.067224	0.320610	0.583732	0.456133	0.019183	0.422874	0.101810	0.124649	0.420173	0.125562	0.329616	1,2,1,1,1,3	71.688100	0.101561	0.169594	0.197177	0.318656	0.112968	0.100044	0.050827	0.096777	0.258164	0.121591	0.200331	0.272310	0.101561	0.169594	0.197177	0.318656	0.112968	0.100044	0.101561	0.169594	0.197177	0.318656	0.112968	0.100044	0.101561	0.169594	0.197177	0.318656	0.112968	0.100044	0.171989	0.330037	0.267123	0.165148	0.012476	0.053226	1,1,1,2,2,1	72.613105	0.579170	0.579170	0.579170	2.581329	2.581329	0.579170	
518000	-116880	1,2,3,1,4,5	72.028557	4.444349	5.077567	6.242623	4.444349	6.061425	5.809764	1,2,3,4,5,6	72.696541	0.282528	0.009396	0.625509	0.082567	0.294395	0.280414	0.093831	0.331360	0.072067	0.660238	0.125549	0.142146	0.250764	0.112294	0.245190	0.391752	0.546439	0.040764	0.136423	0.276375	0.102981	0.230926	0.248800	0.417293	1,2,3,4,3,1	71.596360	0.170243	0.149550	0.211563	0.318651	0.064304	0.085689	0.187612	0.186485	0.119004	0.053792	0.259445	0.193662	0.066986	0.118715	0.186575	0.214785	0.388239	0.024700	0.144624	0.043146	0.476142	0.014328	0.031639	0.290122	0.066986	0.118715	0.186575	0.214785	0.388239	0.024700	0.170243	0.149550	0.211563	0.318651	0.064304	0.085689	1,2,2,3,4,1	71.469619	0.610762	0.603180	0.603180	1.837063	1.998612	0.610762	
519000	-115815	1,2,3,4,5,3	71.145545	5.464609	5.411095	5.411356	4.980671	5.566784	5.411356	1,2,3,4,1,3	71.289642	0.510074	0.086920	0.252777	0.150228	0.085480	0.181970	0.265693	0.466857	0.064381	0.490854	0.257743	0.187023	0.026046	0.090750	0.115412	0.767792	0.510074	0.086920	0.252777	0.150228	0.064381	0.490854	0.257743	0.187023	1,2,3,4,1,4	70.364013	0.025154	0.151991	0.285040	0.175892	0.284926	0.076996	0.070177	0.135881	0.381097	0.024167	0.120623	0.268055	0.031749	0.176435	0.009921	0.369552	0.305083	0.107259	0.124942	0.158869	0.502739	0.045731	0.029125	0.138594	0.025154	0.151991	0.285040	0.175892	0.284926	0.076996	0.124942	0.158869	0.502739	0.045731	0.029125	0.138594	1,2,1,3,3,4	69.681028	0.604113	0.561317	0.604113	1.868959	1.868959	0.674560	
520000	-117164	1,2,3,2,4,5	71.925221	4.649776	4.836479	4.975472	4.836479	4.909095	5.355076	1,2,3,2,4,3	71.463213	0.389847	0.042294	0.461565	0.106294	0.236618	0.203866	0.160466	0.399050	0.074966	0.428292	0.272655	0.224087	0.236618	0.203866	0.160466	0.399050	0.469692	0.229665	0.162817	0.137826	0.074966	0.428292	0.272655	0.224087	1,2,3,4,4,4	71.752518	0.043152	0.332345	0.374635	0.154861	0.020134	0.074873	0.121532	0.058234	0.130887	0.107315	0.256376	0.325655	0.043416	0.040163	0.098321	0.575823	0.124023	0.118253	0.028217	0.475067	0.217025	0.075439	0.033705	0.170547	0.028217	0.475067	0.217025	0.075439	0.033705	0.170547	0.028217	0.475067	0.217025	0.075439	0.033705	0.170547	1,2,2,3,4,1	71.184349	0.587465	0.561768	0.561768	2.045329	2.153647	0.587465	
521000	-114800	1,2,3,1,1,4	72.285668	5.261126	4.686077	6.209893	5.261126	5.261126	6.034796	1,2,3,4,1,5	71.165896	0.382100	0.015934	0.460823	0.141143	0.240263	0.212297	0.159333	0.388107	0.065876	0.604232	0.265388	0.064504	0.293085	0.014240	0.121789	0.570886	0.382100	0.015934	0.460823	0.141143	0.108673	0.344250	0.211745	0.335332	1,2,3,4,5,6	68.824731	0.155461	0.171279	0.209722	0.168675	0.262616	0.032247	0.131467	0.162114	0.193568	0.146756	0.234587	0.131508	0.060032	0.007055	0.233669	0.257678	0.405097	0.036469	0.115852	0.025316	0.118891	0.160116	0.078899	0.500926	0.160332	0.095257	0.196449	0.009100	0.535177	0.003684	0.083072	0.520116	0.135880	0.084004	0.026728	0.150201	1,2,3,4,5,1	69.951868	0.590926	0.600794	0.544697	1.900121	2.103103	0.590926	
522000	-117725	1,1,2,3,4,1	72.859797	4.650360	4.650360	5.263146	5.624530	5.126956	4.650360	1,2,3,4,4,3	72.398719	0.304146	0.066218	0.482546	0.147090	0.256014	0.216205	0.148195	0.379586	0.092514	0.471090	0.273997	0.162399	0.497284	0.029887	0.151536	0.321293	0.497284	0.029887	0.151536	0.321293	0.092514	0.471090	0.273997	0.162399	1,2,3,4,1,2	71.224941	0.054334	0.200244	0.139356	0.284019	0.271473	0.050575	0.056977	0.165238	0.419479	0.072712	0.108547	0.177047	0.069688	0.071473	0.054690	0.270559	0.525025	0.008565	0.446113	0.142143	0.011115	0.120253	0.057514	0.222861	0.054334	0.200244	0.139356	0.284019	0.271473	0.050575	0.056977	0.165238	0.419479	0.072712	0.108547	0.177047	1,2,3,4,5,6	72.406277	0.576624	0.484293	0.533570	1.241964	2.698075	0.569154	
523000	-116167	1,2,1,1,3,4	70.172467	4.854030	5.437276	4.854030	4.854030	5.282704	5.935785	1,2,3,4,5,3	72.008303	0.419536	0.089223	0.398072	0.093168	0.225601	0.284090	0.116332	0.373976	0.076155	0.270038	0.404826	0.248981	0.253174	0.026477	0.080237	0.640112	0.463674	0.027559	0.351276	0.157491	0.076155	0.270038	0.404826	0.248981	1,2,3,4,1,1	72.135777	0.054735	0.330732	0.388745	0.082169	0.104899	0.038720	0.082694	0.417110	0.107325	0.067963	0.120341	0.204566	0.050796	0.076269	0.132229	0.543137	0.141608	0.055961	0.437355	0.000647	0.032361	0.125816	0.150171	0.253650	0.054735	0.330732	0.388745	0.082169	0.104899	0.038720	0.054735	0.330732	0.388745	0.082169	0.104899	0.038720	1,2,3,4,5,1	71.062076	0.574268	0.656943	0.684682	1.164386	3.981978	0.574268	
524000	-118020	1,2,1,1,1,3	70.552481	4.361400	5.234196	4.361400	4.361400	4.361400	5.816552	1,2,2,3,3,4	72.644302	0.550757	0.190085	0.201942	0.057216	0.131654	0.440812	0.226891	0.200643	0.131654	0.440812	0.226891	0.200643	0.537368	0.008035	0.046504	0.408093	0.537368	0.008035	0.046504	0.408093	0.072446	0.336125	0.438882	0.152547	1,2,3,4,5,1	72.462015	0.065726	0.327272	0.432824	0.067607	0.043652	0.062919	0.024613	0.155561	0.336467	0.017513	0.395987	0.069858	0.064476	0.005213	0.123047	0.319562	0.370913	0.116788	0.041428	0.060216	0.014478	0.248951	0.383851	0.251077	0.123458	0.334447	0.193352	0.234090	0.026862	0.087791	0.065726	0.327272	0.432824	0.067607	0.043652	0.062919	1,2,2,3,4,2	73.045255	0.593518	0.608093	0.608093	1.878223	2.567480	0.608093	
525000	-118253	1,2,3,3,4,5	70.686683	5.438553	5.420720	4.579555	4.579555	5.507627	5.009911	1,2,3,4,1,5	70.774864	0.461983	0.032756	0.346871	0.158390	0.217412	0.331030	0.044118	0.407440	0.020003	0.508492	0.200360	0.271145	0.610244	0.027442	0.076642	0.285672	0.461983	0.032756	0.346871	0.158390	0.024697	0.198868	0.334272	0.442163	1,2,1,3,4,1	71.039369	0.177028	0.135631	0.271980	0.240231	0.088495	0.086634	0.068041	0.397991	0.228009	0.023468	0.225395	0.057095	0.177028	0.135631	0.271980	0.240231	0.088495	0.086634	0.075439	0.002897	0.036661	0.179643	0.465457	0.239904	0.110244	0.161347	0.195796	0.322229	0.193107	0.017278	0.177028	0.135631	0.271980	0.240231	0.088495	0.086634	1,2,1,3,4,1	69.884612	0.556983	0.591505	0.556983	1.128445	2.337557	0.556983	
526000	-114793	1,2,2,3,2,4	70.585417	5.179472	4.878773	4.878773	5.179670	4.878773	5.502851	1,2,3,4,1,2	71.892860	0.459282	0.064225	0.336865	0.139627	0.102724	0.299154	0.323091	0.275031	0.029719	0.578414	0.277683	0.114184	0.095888	0.026148	0.286807	0.591157	0.459282	0.064225	0.336865	0.139627	0.102724	0.299154	0.323091	0.275031	1,2,3,4,2,3	71.163201	0.187584	0.199359	0.320211	0.061727	0.093628	0.137491	0.075136	0.299977	0.362794	0.018399	0.173590	0.070105	0.111982	0.255491	0.279715	0.154142	0.117764	0.080906	0.138065	0.066519	0.390044	0.042442	0.189933	0.172998	0.075136	0.299977	0.362794	0.018399	0.173590	0.070105	0.111982	0.255491	0.279715	0.154142	0.117764	0.080906	1,2,3,4,4,5	71.981015	0.610017	0.581404	0.632161	2.334881	2.334881	0.594559	
527000	-116014	1,1,2,3,4,4	73.248710	4.478760	4.478760	6.472548	4.813404	5.454162	5.454162	1,2,3,4,1,5	69.384143	0.400787	0.068931	0.292245	0.238037	0.112778	0.187297	0.194412	0.505513	0.032615	0.630821	0.264034	0.072530	0.007234	0.004201	0.075463	0.913102	0.400787	0.068931	0.292245	0.238037	0.062487	0.353415	0.463727	0.120372	1,2,3,4,1,2	71.188355	0.024003	0.371104	0.316193	0.066030	0.130707	0.091962	0.113428	0.211206	0.326660	0.112217	0.146870	0.089619	0.326444	0.157766	0.006363	0.161992	0.279990	0.067445	0.166664	0.067589	0.288869	0.075652	0.073170	0.328056	0.024003	0.371104	0.316193	0.066030	0.130707	0.091962	0.113428	0.211206	0.326660	0.112217	0.146870	0.089619	1,2,3,4,4,2	69.696950	0.520605	0.616472	0.529709	2.528302	2.528302	0.616472	
528000	-118788	1,2,3,4,5,6	72.792709	5.428838	5.750303	6.326669	5.563580	5.464527	5.709931	1,2,3,2,1,2	69.976012	0.501977	0.019142	0.339087	0.139794	0.113601	0.305052	0.194290	0.387056	0.225014	0.508860	0.240864	0.025262	0.113601	0.305052	0.194290	0.387056	0.501977	0.019142	0.339087	0.139794	0.113601	0.305052	0.194290	0.387056	1,2,3,4,5,1	71.920356	0.099289	0.207582	0.268894	0.264387	0.053649	0.106200	0.061658	0.117764	0.168216	0.066518	0.217013	0.368831	0.007123	0.310602	0.016446	0.052834	0.456843	0.156151	0.134445	0.130453	0.322349	0.227065	0.029785	0.155902	0.142567	0.189021	0.308585	0.059415	0.218003	0.082408	0.099289	0.207582	0.268894	0.264387	0.053649	0.106200	1,1,1,2,3,1	72.940317	0.620565	0.620565	0.620565	2.257176	1.957650	0.620565	
529000	-116262	1,2,3,1,4,5	72.228542	4.748942	5.306920	6.043502	4.748942	5.734375	6.122264	1,2,3,4,1,5	71.052044	0.497000	0.020197	0.264559	0.218244	0.121536	0.220895	0.079840	0.577730	0.005070	0.256044	0.605858	0.133028	0.081265	0.012833	0.193131	0.712771	0.497000	0.020197	0.264559	0.218244	0.103526	0.362470	0.466919	0.067085	1,2,3,2,1,2	71.949703	0.038179	0.209004	0.131348	0.141600	0.360622	0.119247	0.172509	0.127902	0.304671	0.094403	0.083122	0.217393	0.036386	0.008484	0.137709	0.212078	0.597074	0.008269	0.172509	0.127902	0.304671	0.094403	0.083122	0.217393	0.038179	0.209004	0.131348	0.141600	0.360622	0.119247	0.172509	0.127902	0.304671	0.094403	0.083122	0.217393	1,1,1,2,3,4	72.112536	0.601150	0.601150	0.601150	2.213491	2.766731	0.617068	
530000	-117220	1,2,1,3,1,4	70.964684	4.753202	5.286020	4.753202	5.982321	4.753202	5.183473	1,2,3,4,5,3	70.386086	0.241120	0.044399	0.503450	0.211032	0.236612	0.160489	0.085039	0.517859	0.193388	0.339047	0.302502	0.165063	0.136431	0.094349	0.135044	0.634176	0.335956	0.128991	0.414420	0.120634	0.193388	0.339047	0.302502	0.165063	1,2,3,4,2,2	70.670301	0.386389	0.272194	0.213761	0.022549	0.015245	0.089864	0.063461	0.193366	0.289985	0.153362	0.126514	0.173312	0.067162	0.071232	0.096605	0.259855	0.498372	0.006774	0.097128	0.078585	0.190694	0.385079	0.051533	0.196981	0.063461	0.193366	0.289985	0.153362	0.126514	0.173312	0.063461	0.193366	0.289985	0.153362	0.126514	0.173312	1,2,1,3,3,1	71.564896	0.719267	0.572264	0.719267	2.262806	2.262806	0.719267	
531000	-116937	1,1,2,1,3,4	70.005143	4.929895	4.929895	5.972692	4.929895	5.580413	5.459572	1,2,3,4,5,6	71.373702	0.274715	0.020566	0.506933	0.197786	0.252872	0.144976	0.048497	0.553655	0.048254	0.519976	0.257726	0.174044	0.024140	0.139399	0.029628	0.806833	0.531504	0.070390	0.075472	0.322634	0.193082	0.345928	0.315029	0.145961	1,2,3,4,3,2	70.857711	0.486305	0.112606	0.040798	0.244185	0.058085	0.058021	0.127026	0.210690	0.212309	0.172556	0.185800	0.091620	0.024882	0.254507	0.220838	0.164066	0.310941	0.024765	0.034405	0.384475	0.183123	0.019808	0.043692	0.334497	0.024882	0.254507	0.220838	0.164066	0.310941	0.024765	0.127026	0.210690	0.212309	0.172556	0.185800	0.091620	1,2,3,4,5,1	71.813330	0.630427	0.633233	0.504389	2.727775	2.454733	0.630427	
532000	-115711	1,1,2,3,4,5	71.905716	5.009134	5.009134	5.616692	5.130552	5.572543	5.357841	1,2,3,4,1,3	71.976989	0.491392	0.045744	0.353955	0.108910	0.107330	0.395953	0.060425	0.436293	0.066770	0.475523	0.276839	0.180868	0.130964	0.203271	0.071209	0.594555	0.491392	0.045744	0.353955	0.108910	0.066770	0.475523	0.276839	0.180868	1,1,2,3,1,1	69.789070	0.166307	0.251317	0.367637	0.051007	0.085944	0.077787	0.166307	0.251317	0.367637	0.051007	0.085944	0.077787	0.209771	0.172749	0.015199	0.265275	0.165504	0.171501	0.046879	0.010789	0.202279	0.417272	0.011379	0.311402	0.166307	0.251317	0.367637	0.051007	0.085944	0.077787	0.166307	0.251317	0.367637	0.051007	0.085944	0.077787	1,2,1,3,4,1	72.395515	0.595211	0.673722	0.595211	2.807231	2.356098	0.595211	
533000	-115958	1,2,3,3,4,5	72.409017	5.425496	5.242339	5.441623	5.441623	5.527763	6.240944	1,2,3,4,1,5	71.777823	0.505634	0.013701	0.357600	0.123065	0.281257	0.231338	0.170378	0.317028	0.069016	0.807518	0.070542	0.052923	0.040671	0.006583	0.200436	0.752310	0.505634	0.013701	0.357600	0.123065	0.110883	0.133457	0.563969	0.191691	1,2,3,3,1,1	71.558441	0.159139	0.119236	0.241633	0.249583	0.156960	0.073449	0.080534	0.046270	0.249834	0.118007	0.428078	0.077278	0.037909	0.015250	0.370352	0.121984	0.259215	0.195290	0.037909	0.015250	0.370352	0.121984	0.259215	0.195290	0.159139	0.119236	0.241633	0.249583	0.156960	0.073449	0.159139	0.119236	0.241633	0.249583	0.156960	0.073449	1,2,3,4,5,6	71.796732	0.592876	0.610487	0.593105	2.185552	2.001928	0.655581	
534000	-116096	1,2,3,4,5,6	72.188363	5.297992	5.389339	5.674296	5.365110	5.751847	5.302688	1,2,3,4,5,6	71.102692	0.415431	0.007872	0.379987	0.196709	0.302577	0.171683	0.038927	0.486814	0.026855	0.606337	0.240727	0.126080	0.248210	0.005410	0.220696	0.525684	0.437739	0.048021	0.212117	0.302124	0.107975	0.363226	0.140840	0.387959	1,2,3,4,2,1	71.416943	0.199547	0.235140	0.183540	0.266284	0.059890	0.055599	0.033164	0.224694	0.235719	0.016605	0.353721	0.136097	0.149275	0.111532	0.074832	0.307395	0.343675	0.013291	0.065619	0.120895	0.223197	0.125659	0.061745	0.402886	0.033164	0.224694	0.235719	0.016605	0.353721	0.136097	0.199547	0.235140	0.183540	0.266284	0.059890	0.055599	1,1,1,2,3,4	71.534832	0.562412	0.562412	0.562412	1.608076	1.964997	0.634311	
535000	-117343	1,2,3,1,4,5	71.532368	3.871496	5.885508	6.196000	3.871496	4.893424	6.608747	1,2,3,4,5,6	68.390456	0.188149	0.078557	0.525932	0.207362	0.198031	0.200181	0.236862	0.364926	0.048758	0.600036	0.288172	0.063034	0.257324	0.142409	0.207644	0.392623	0.515659	0.097790	0.063466	0.323086	0.084133	0.177762	0.622550	0.115555	1,2,3,2,4,4	70.381828	0.067196	0.281309	0.236706	0.152639	0.216162	0.045988	0.067649	0.123049	0.268277	0.016466	0.167572	0.356987	0.068790	0.326726	0.034156	0.132321	0.307235	0.130771	0.067649	0.123049	0.268277	0.016466	0.167572	0.356987	0.135692	0.432977	0.209629	0.094359	0.072115	0.055228	0.135692	0.432977	0.209629	0.094359	0.072115	0.055228	1,1,2,3,4,2	71.965275	0.690806	0.690806	0.568453	1.282768	2.226652	0.568453	
536000	-116986	1,2,1,3,4,1	72.244435	4.749826	5.273634	4.749826	5.355614	5.543592	4.749826	1,2,3,4,1,5	71.777259	0.497635	0.032359	0.298171	0.171835	0.200172	0.270995	0.166922	0.361911	0.195658	0.373582	0.330272	0.100488	0.198283	0.059537	0.280132	0.462048	0.497635	0.032359	0.298171	0.171835	0.222166	0.331091	0.203471	0.243272	1,1,2,1,3,1	71.570786	0.045347	0.259969	0.237816	0.195752	0.086564	0.174553	0.045347	0.259969	0.237816	0.195752	0.086564	0.174553	0.074409	0.072142	0.278981	0.217151	0.235184	0.122133	0.045347	0.259969	0.237816	0.195752	0.086564	0.174553	0.060579	0.201162	0.215297	0.025559	0.473937	0.023467	0.045347	0.259969	0.237816	0.195752	0.086564	0.174553	1,1,2,3,4,5	70.879079	0.627234	0.627234	0.534419	1.654259	1.710636	0.652287	
537000	-117340	1,2,1,2,3,4	71.248984	5.009473	5.113836	5.009473	5.113836	5.525779	5.560076	1,2,3,2,1,3	70.477191	0.482469	0.166923	0.244543	0.106064	0.203463	0.138691	0.105331	0.552515	0.133050	0.359358	0.274273	0.233320	0.203463	0.138691	0.105331	0.552515	0.482469	0.166923	0.244543	0.106064	0.133050	0.359358	0.274273	0.233320	1,1,2,3,4,1	71.784455	0.088013	0.306781	0.212189	0.145625	0.108397	0.138994	0.088013	0.306781	0.212189	0.145625	0.108397	0.138994	0.069177	0.009731	0.430527	0.249076	0.144445	0.097043	0.034431	0.047122	0.272586	0.109901	0.148667	0.387294	0.108757	0.442626	0.251204	0.027373	0.122982	0.047058	0.088013	0.306781	0.212189	0.145625	0.108397	0.138994	1,2,2,3,4,5	71.961668	0.534288	0.660785	0.660785	1.910465	2.514149	0.632446	
538000	-115500	1,2,3,4,5,6	71.912636	4.854551	5.162503	5.085215	7.320158	5.445671	5.184784	1,2,3,4,1,5	71.271729	0.515928	0.053041	0.301307	0.129724	0.218657	0.424808	0.047102	0.309433	0.087957	0.646786	0.166081	0.099176	0.068593	0.042679	0.060785	0.827944	0.515928	0.053041	0.301307	0.129724	0.054047	0.502462	0.339813	0.103677	1,2,3,1,2,1	71.975340	0.113024	0.261347	0.335591	0.109109	0.094591	0.086339	0.030866	0.211795	0.306241	0.041038	0.255798	0.154262	0.043598	0.248834	0.021113	0.414638	0.198366	0.073451	0.113024	0.261347	0.335591	0.109109	0.094591	0.086339	0.030866	0.211795	0.306241	0.041038	0.255798	0.154262	0.113024	0.261347	0.335591	0.109109	0.094591	0.086339	1,1,1,2,3,4	72.575954	0.614582	0.614582	0.614582	1.804705	1.972492	0.628407	
539000	-116290	1,2,3,4,5,6	70.070267	4.957085	5.666691	5.889951	6.232939	5.818661	6.015679	1,2,3,4,1,5	71.761905	0.564619	0.017620	0.232806	0.184956	0.225785	0.312589	0.042746	0.418880	0.178689	0.521944	0.230111	0.069256	0.122081	0.046747	0.072558	0.758614	0.564619	0.017620	0.232806	0.184956	0.160231	0.398185	0.183600	0.257984	1,2,3,4,1,5	71.552859	0.087391	0.206181	0.121013	0.253094	0.251037	0.081284	0.105187	0.023401	0.327775	0.004702	0.223605	0.315330	0.107869	0.072426	0.067074	0.163228	0.348167	0.241237	0.446589	0.050186	0.293104	0.008704	0.057501	0.143917	0.087391	0.206181	0.121013	0.253094	0.251037	0.081284	0.175729	0.165140	0.341196	0.157726	0.096410	0.063799	1,1,1,2,3,1	71.879503	0.610814	0.610814	0.610814	2.276805	2.930327	0.610814	
540000	-117672	1,1,2,3,4,5	73.556014	4.768172	4.768172	4.853665	7.117902	5.751792	6.797317	1,2,3,4,5,3	70.767266	0.461084	0.085302	0.307053	0.146560	0.095563	0.611123	0.058106	0.235208	0.059718	0.360850	0.353899	0.225533	0.099604	0.214032	0.438166	0.248198	0.488678	0.043817	0.169428	0.298078	0.059718	0.360850	0.353899	0.225533	1,2,3,1,4,1	71.645660	0.050417	0.192729	0.531447	0.095000	0.023140	0.107268	0.023815	0.113801	0.587113	0.061216	0.088481	0.125574	0.005652	0.049164	0.030286	0.288379	0.326507	0.300012	0.050417	0.192729	0.531447	0.095000	0.023140	0.107268	0.007450	0.468720	0.149724	0.028236	0.283382	0.062488	0.050417	0.192729	0.531447	0.095000	0.023140	0.107268	1,2,3,4,5,3	72.613932	0.587456	0.809804	0.595042	1.227792	1.223470	0.595042	
541000	-115693	1,1,2,2,2,3	68.961174	5.169047	5.169047	4.906011	4.906011	4.906011	5.693102	1,2,3,4,5,2	69.333018	0.529788	0.091944	0.318751	0.059517	0.114855	0.228432	0.178472	0.478241	0.026233	0.477811	0.239177	0.256779	0.077022	0.085980	0.311219	0.525779	0.599893	0.029723	0.301540	0.068844	0.114855	0.228432	0.178472	0.478241	1,2,3,1,2,4	71.594117	0.052370	0.167406	0.477182	0.100430	0.004832	0.197781	0.106566	0.170243	0.306437	0.010978	0.309698	0.096079	0.003972	0.337954	0.006901	0.430365	0.177687	0.043121	0.052370	0.167406	0.477182	0.100430	0.004832	0.197781	0.106566	0.170243	0.306437	0.010978	0.309698	0.096079	0.036943	0.466673	0.111270	0.293232	0.046065	0.045817	1,1,2,3,4,1	71.430816	0.626042	0.626042	0.671532	1.580009	2.083788	0.626042	
542000	-116546	1,2,3,4,1,5	72.741718	5.210415	5.193473	5.919235	5.647018	5.210415	6.185034	1,2,3,2,1,4	73.204747	0.436160	0.034022	0.401718	0.128100	0.123350	0.239339	0.140163	0.497149	0.073353	0.525369	0.268131	0.133146	0.123350	0.239339	0.140163	0.497149	0.436160	0.034022	0.401718	0.128100	0.096246	0.200634	0.359879	0.343241	1,2,3,4,2,1	70.355457	0.170789	0.259402	0.306567	0.160677	0.026090	0.076476	0.032173	0.176480	0.408792	0.027594	0.236102	0.118858	0.096272	0.174895	0.079174	0.133960	0.469091	0.046609	0.240026	0.167366	0.458258	0.015849	0.032388	0.086113	0.032173	0.176480	0.408792	0.027594	0.236102	0.118858	0.170789	0.259402	0.306567	0.160677	0.026090	0.076476	1,1,2,3,4,2	72.005308	0.582212	0.582212	0.574521	1.957373	1.998397	0.574521	
543000	-118173	1,1,2,3,1,4	73.185348	4.810723	4.810723	6.775155	4.638729	4.810723	6.198607	1,2,3,4,1,4	70.283604	0.364016	0.036812	0.261059	0.338113	0.136395	0.360251	0.215357	0.287997	0.070303	0.540885	0.160303	0.228510	0.136490	0.124547	0.211478	0.527485	0.364016	0.036812	0.261059	0.338113	0.136490	0.124547	0.211478	0.527485	1,2,3,4,2,5	72.145424	0.127695	0.274904	0.096158	0.471610	0.009349	0.020285	0.061606	0.415154	0.263079	0.012050	0.156335	0.091776	0.305095	0.024205	0.260426	0.111107	0.241045	0.058122	0.141929	0.233253	0.368903	0.047902	0.057683	0.150330	0.061606	0.415154	0.263079	0.012050	0.156335	0.091776	0.123162	0.124573	0.102757	0.528162	0.063329	0.058017	1,2,3,4,5,3	71.327645	0.658022	0.662476	0.510001	2.586193	2.359476	0.510001	
544000	-116420	1,1,2,1,3,2	69.285593	4.794136	4.794136	5.294496	4.794136	5.333540	5.294496	1,2,3,4,5,3	72.322890	0.394998	0.062754	0.514245	0.028004	0.200780	0.250921	0.231987	0.316313	0.100062	0.426396	0.302845	0.170696	0.131789	0.233649	0.177573	0.456988	0.331007	0.148564	0.173343	0.347087	0.100062	0.426396	0.302845	0.170696	1,1,2,3,2,3	70.579414	0.052834	0.105701	0.332006	0.067272	0.345358	0.096829	0.052834	0.105701	0.332006	0.067272	0.345358	0.096829	0.031477	0.267625	0.233682	0.273117	0.154361	0.039737	0.112899	0.122490	0.328455	0.099843	0.043672	0.292641	0.031477	0.267625	0.233682	0.273117	0.154361	0.039737	0.112899	0.122490	0.328455	0.099843	0.043672	0.292641	1,2,3,4,5,6	71.279955	0.537735	0.683360	0.603564	1.854535	2.090808	0.683090	
545000	-115496	1,2,3,4,5,6	72.650411	4.388670	5.063890	5.724879	6.562566	4.764560	6.444525	1,2,3,4,5,6	71.804955	0.334195	0.068412	0.481203	0.116190	0.122227	0.209160	0.037326	0.631288	0.076277	0.553214	0.282506	0.088004	0.073103	0.077360	0.155221	0.694316	0.694713	0.084190	0.104876	0.116221	0.197434	0.277016	0.290721	0.234830	1,1,2,3,4,1	71.902359	0.028646	0.183358	0.419838	0.100646	0.143048	0.124465	0.028646	0.183358	0.419838	0.100646	0.143048	0.124465	0.069455	0.155295	0.194914	0.177451	0.358279	0.044606	0.271245	0.013469	0.224334	0.300402	0.001988	0.188563	0.103415	0.322161	0.181416	0.023272	0.219168	0.150568	0.028646	0.183358	0.419838	0.100646	0.143048	0.124465	1,2,3,4,4,2	72.344040	0.551384	0.615377	0.593661	1.679613	1.679613	0.615377	
546000	-116310	1,2,3,4,5,6	71.069987	4.461057	5.010354	5.679428	5.535967	4.903774	6.331650	1,2,3,4,1,5	72.351981	0.306169	0.046144	0.304718	0.342970	0.220524	0.279092	0.216926	0.283458	0.015584	0.753033	0.141681	0.089702	0.027502	0.101469	0.105707	0.765322	0.306169	0.046144	0.304718	0.342970	0.193785	0.210821	0.394700	0.200694	1,2,3,4,3,1	71.579632	0.147621	0.292471	0.182553	0.126021	0.143416	0.107917	0.200963	0.118930	0.263479	0.059672	0.165060	0.191896	0.093469	0.315119	0.235472	0.231057	0.112778	0.012106	0.066296	0.086442	0.214718	0.394773	0.055354	0.182417	0.093469	0.315119	0.235472	0.231057	0.112778	0.012106	0.147621	0.292471	0.182553	0.126021	0.143416	0.107917	1,1,1,2,2,3	70.793802	0.619945	0.619945	0.619945	1.772660	1.772660	0.640358	
547000	-116525	1,2,3,1,4,5	71.851390	4.483711	5.493033	5.588236	4.483711	5.604789	6.279132	1,2,3,4,1,3	70.516286	0.430763	0.047830	0.257290	0.264117	0.310280	0.304815	0.110005	0.274900	0.073824	0.445936	0.389344	0.090896	0.455387	0.033056	0.166181	0.345375	0.430763	0.047830	0.257290	0.264117	0.073824	0.445936	0.389344	0.090896	1,2,3,4,2,5	72.519564	0.030926	0.200838	0.080087	0.298995	0.335326	0.053829	0.075045	0.345953	0.285961	0.045274	0.156970	0.090797	0.041602	0.016535	0.086440	0.249629	0.453058	0.152736	0.246888	0.071727	0.087244	0.159758	0.076113	0.358269	0.075045	0.345953	0.285961	0.045274	0.156970	0.090797	0.047049	0.217565	0.487438	0.059163	0.036680	0.152105	1,1,1,2,3,1	69.891230	0.649970	0.649970	0.649970	1.664948	2.313735	0.649970	
548000	-117254	1,2,3,4,5,6	70.835423	5.210031	5.395712	5.435668	5.034954	5.209129	6.630118	1,2,3,4,1,5	70.730085	0.613681	0.013837	0.266920	0.105562	0.126435	0.499424	0.122995	0.251146	0.124351	0.488423	0.320421	0.066805	0.117595	0.187570	0.333566	0.361269	0.613681	0.013837	0.266920	0.105562	0.076615	0.341174	0.339035	0.243176	1,2,3,4,5,4	72.563046	0.232205	0.127965	0.265426	0.307858	0.012223	0.054324	0.035557	0.208263	0.376491	0.000487	0.297309	0.081892	0.135337	0.220821	0.136366	0.214816	0.203102	0.089556	0.156681	0.148342	0.387897	0.167416	0.040989	0.098675	0.075442	0.113676	0.248998	0.035502	0.418282	0.108101	0.156681	0.148342	0.387897	0.167416	0.040989	0.098675	1,1,1,2,2,1	70.298781	0.597605	0.597605	0.597605	2.087799	2.087799	0.597605	
549000	-118421	1,2,3,2,4,5	72.585769	4.814382	4.246702	5.817199	4.246702	5.449140	5.676743	1,2,3,2,1,3	72.512779	0.426616	0.063490	0.378251	0.131643	0.352322	0.208952	0.235737	0.202989	0.103526	0.472411	0.326577	0.097485	0.352322	0.208952	0.235737	0.202989	0.426616	0.063490	0.378251	0.131643	0.103526	0.472411	0.326577	0.097485	1,2,3,4,2,1	72.465337	0.027163	0.340562	0.415188	0.098132	0.032083	0.086873	0.074184	0.138992	0.323066	0.024268	0.329958	0.109531	0.069777	0.005910	0.125542	0.166206	0.613615	0.018951	0.126376	0.067698	0.420898	0.100259	0.036033	0.248737	0.074184	0.138992	0.323066	0.024268	0.329958	0.109531	0.027163	0.340562	0.415188	0.098132	0.032083	0.086873	1,2,3,4,5,2	70.783158	0.547854	0.581502	0.558493	1.116234	2.335709	0.581502	
550000	-115516	1,1,1,2,3,4	70.063185	4.776118	4.776118	4.776118	5.457444	4.978971	5.604478	1,2,2,3,1,4	72.799159	0.375901	0.020233	0.451610	0.152257	0.089190	0.375082	0.278637	0.257091	0.089190	0.375082	0.278637	0.257091	0.121062	0.058817	0.104817	0.715304	0.375901	0.020233	0.451610	0.152257	0.156519	0.212930	0.397789	0.232762	1,2,3,4,5,1	71.043761	0.273628	0.137218	0.174802	0.153994	0.154348	0.106009	0.082089	0.305832	0.456771	0.000855	0.128381	0.026073	0.011453	0.045462	0.037524	0.521568	0.082420	0.301573	0.131025	0.063051	0.208701	0.118536	0.022005	0.456682	0.175383	0.124611	0.327364	0.124965	0.229156	0.018520	0.273628	0.137218	0.174802	0.153994	0.154348	0.106009	1,2,1,3,4,5	71.904552	0.592663	0.662225	0.592663	1.671481	2.092370	0.510413	
551000	-114662	1,1,2,3,4,5	70.556016	4.344061	4.344061	6.286475	6.002712	5.231837	5.355623	1,2,3,4,5,6	69.691965	0.484760	0.007677	0.295744	0.211819	0.090807	0.546059	0.057279	0.305855	0.029232	0.535681	0.324709	0.110378	0.085458	0.042581	0.106822	0.765140	0.386188	0.126379	0.186580	0.300853	0.114833	0.235488	0.577927	0.071752	1,2,3,4,5,6	71.350534	0.370519	0.193587	0.105467	0.260754	0.018151	0.051522	0.034430	0.291640	0.205595	0.089370	0.066000	0.312966	0.074821	0.317040	0.051223	0.190425	0.351668	0.014822	0.170557	0.097174	0.330883	0.043494	0.028257	0.329635	0.061749	0.489623	0.248867	0.044920	0.095981	0.058860	0.122400	0.265826	0.261377	0.085022	0.058324	0.207051	1,2,2,3,3,1	72.344980	0.580332	0.659823	0.659823	2.099054	2.099054	0.580332	
552000	-115625	1,2,3,3,4,3	73.416347	4.519590	5.322460	5.223726	5.223726	5.782419	5.223726	1,2,3,4,1,5	70.018571	0.422786	0.036448	0.316419	0.224347	0.130574	0.383974	0.160236	0.325216	0.105249	0.407848	0.376253	0.110651	0.007729	0.016253	0.129357	0.846661	0.422786	0.036448	0.316419	0.224347	0.036383	0.325286	0.332689	0.305642	1,2,3,2,4,1	72.294695	0.188317	0.254673	0.280876	0.133204	0.083526	0.059404	0.040429	0.153910	0.344810	0.105935	0.113981	0.240935	0.012051	0.055910	0.194263	0.243111	0.465142	0.029523	0.040429	0.153910	0.344810	0.105935	0.113981	0.240935	0.061356	0.201174	0.147809	0.018925	0.553142	0.017594	0.188317	0.254673	0.280876	0.133204	0.083526	0.059404	1,1,1,2,2,1	71.314964	0.606803	0.606803	0.606803	2.046262	2.046262	0.606803	
553000	-115813	1,2,2,3,4,5	70.022630	5.161027	4.793422	4.793422	5.496418	5.610877	6.637214	1,2,3,4,1,2	72.012466	0.501773	0.013753	0.386107	0.098367	0.142818	0.213305	0.376050	0.267827	0.100773	0.371330	0.260838	0.267058	0.056170	0.041560	0.338260	0.564010	0.501773	0.013753	0.386107	0.098367	0.142818	0.213305	0.376050	0.267827	1,2,3,1,3,4	72.906927	0.240637	0.152655	0.282936	0.189898	0.053186	0.080688	0.049118	0.170710	0.456559	0.003933	0.242609	0.077071	0.115682	0.154384	0.287895	0.257251	0.147278	0.037510	0.240637	0.152655	0.282936	0.189898	0.053186	0.080688	0.115682	0.154384	0.287895	0.257251	0.147278	0.037510	0.057320	0.317580	0.328931	0.151331	0.071200	0.073638	1,2,3,4,5,3	69.323524	0.518177	0.653758	0.628652	2.086306	2.073731	0.628652	
554000	-114551	1,1,2,3,4,5	72.842692	4.796683	4.796683	6.068126	5.449275	6.052624	5.789818	1,2,3,4,1,2	71.487960	0.501563	0.029855	0.325772	0.142810	0.121856	0.369812	0.248290	0.260041	0.020195	0.685468	0.260283	0.034053	0.102723	0.131561	0.189734	0.575982	0.501563	0.029855	0.325772	0.142810	0.121856	0.369812	0.248290	0.260041	1,2,3,4,5,1	71.604227	0.074430	0.266355	0.378999	0.132471	0.049200	0.098545	0.015351	0.317514	0.341867	0.000762	0.210702	0.113804	0.192102	0.015459	0.031764	0.114864	0.297353	0.348459	0.038746	0.219716	0.326270	0.112515	0.020378	0.282375	0.100795	0.273506	0.352276	0.081683	0.132820	0.058919	0.074430	0.266355	0.378999	0.132471	0.049200	0.098545	1,2,1,3,3,4	72.318047	0.542132	0.612433	0.542132	1.734400	1.734400	0.564236	
555000	-115496	1,1,2,3,4,5	69.667313	4.982918	4.982918	5.367376	5.379075	5.399204	6.184288	1,2,3,4,1,5	71.996025	0.447037	0.036086	0.372210	0.144667	0.119513	0.677741	0.045293	0.157453	0.041813	0.486195	0.281896	0.190096	0.033712	0.143391	0.167682	0.655215	0.447037	0.036086	0.372210	0.144667	0.146461	0.266407	0.403745	0.183388	1,1,2,3,4,5	72.020584	0.050756	0.328714	0.328025	0.050521	0.046556	0.195428	0.050756	0.328714	0.328025	0.050521	0.046556	0.195428	0.019434	0.202101	0.298561	0.275937	0.196511	0.007457	0.050777	0.107010	0.382123	0.084347	0.065544	0.310199	0.082714	0.217091	0.346657	0.090004	0.242517	0.021016	0.091564	0.295755	0.290222	0.080520	0.052963	0.188976	1,2,3,4,4,5	70.561579	0.564017	0.735728	0.599200	2.246973	2.246973	0.645698	
556000	-118681	1,2,2,3,4,5	72.253116	5.561792	4.314333	4.314333	6.310072	5.483486	5.471696	1,2,3,4,5,6	72.472316	0.534909	0.012788	0.344824	0.107480	0.216941	0.426378	0.046541	0.310140	0.073941	0.757330	0.118306	0.050423	0.303845	0.047236	0.277324	0.371595	0.528641	0.005561	0.263454	0.202344	0.145546	0.257433	0.550328	0.046693	1,2,3,4,3,5	71.783787	0.231261	0.171610	0.218669	0.107576	0.180758	0.090126	0.106751	0.089010	0.134568	0.170689	0.337896	0.161086	0.024509	0.180703	0.248720	0.255866	0.282277	0.007926	0.011655	0.084925	0.396302	0.176084	0.130331	0.200702	0.024509	0.180703	0.248720	0.255866	0.282277	0.007926	0.055914	0.363901	0.369499	0.127638	0.058085	0.024963	1,2,3,4,4,2	71.979232	0.529463	0.553336	0.911850	2.003012	2.003012	0.553336	
557000	-116837	1,1,1,1,2,3	73.663678	5.227484	5.227484	5.227484	5.227484	5.607270	5.678546	1,2,3,4,1,5	71.370286	0.398807	0.026323	0.384722	0.190148	0.104879	0.438997	0.189863	0.266261	0.007457	0.771831	0.070222	0.150490	0.329940	0.037412	0.208317	0.424331	0.398807	0.026323	0.384722	0.190148	0.087875	0.284420	0.291475	0.336229	1,2,3,4,5,1	70.821849	0.109157	0.221721	0.219119	0.217419	0.098964	0.133620	0.042563	0.112050	0.275024	0.027506	0.385674	0.157183	0.155590	0.055746	0.012659	0.423793	0.190759	0.161453	0.317333	0.013646	0.173274	0.188438	0.028228	0.279081	0.166693	0.117360	0.207828	0.275435	0.163147	0.069538	0.109157	0.221721	0.219119	0.217419	0.098964	0.133620	1,2,2,3,3,4	70.140372	0.507655	0.675389	0.675389	2.057199	2.057199	0.648097	
558000	-117985	1,2,3,4,5,6	73.009425	5.085339	6.175813	4.985965	5.633607	5.697810	5.917944	1,2,3,4,5,6	71.689312	0.311462	0.010663	0.429259	0.248615	0.248852	0.211220	0.115123	0.424804	0.027567	0.382942	0.386905	0.202586	0.051217	0.104454	0.375855	0.468473	0.609112	0.065843	0.161710	0.163335	0.100453	0.217502	0.575181	0.106864	1,2,3,4,5,6	72.110701	0.128318	0.151114	0.203875	0.222608	0.235878	0.058206	0.133655	0.282829	0.380226	0.024871	0.114420	0.063999	0.011240	0.075011	0.222845	0.302040	0.231472	0.157392	0.239167	0.060324	0.175837	0.323894	0.048886	0.151893	0.132204	0.234702	0.223913	0.073903	0.303709	0.031568	0.250823	0.089716	0.413142	0.084338	0.008273	0.153707	1,2,2,3,4,2	70.879895	0.539209	0.659555	0.659555	1.976652	2.208436	0.659555	
559000	-118592	1,2,3,4,5,6	72.076028	4.820239	5.552643	6.505609	4.752321	5.854875	5.191546	1,2,3,4,5,2	71.066840	0.392016	0.014808	0.332446	0.260730	0.154499	0.279124	0.217997	0.348379	0.140085	0.396914	0.363137	0.099865	0.208137	0.003788	0.413250	0.374824	0.576262	0.036097	0.192526	0.195115	0.154499	0.279124	0.217997	0.348379	1,2,3,4,5,6	72.454721	0.139084	0.373430	0.282465	0.075161	0.106543	0.023318	0.043674	0.335634	0.116396	0.166687	0.165101	0.172508	0.063348	0.441716	0.029746	0.105366	0.267593	0.092231	0.140232	0.149504	0.235380	0.143676	0.110458	0.220750	0.056818	0.229789	0.268672	0.160195	0.218437	0.066090	0.019800	0.198650	0.288094	0.189657	0.094436	0.209363	1,1,2,3,4,1	71.759099	0.592901	0.592901	0.501061	1.779474	1.985898	0.592901	
560000	-117104	1,2,2,3,4,5	71.716206	4.954702	5.571782	5.571782	5.611713	5.296911	5.775187	1,2,3,4,5,6	72.072574	0.424536	0.012645	0.400606	0.162213	0.338107	0.366005	0.024216	0.271673	0.006525	0.506266	0.192051	0.295159	0.394999	0.012145	0.106979	0.485877	0.465963	0.041544	0.286822	0.205672	0.196201	0.240586	0.455154	0.108060	1,2,3,2,4,5	72.727880	0.050831	0.095226	0.079358	0.394808	0.291991	0.087785	0.019009	0.051011	0.264301	0.161418	0.212859	0.291402	0.073471	0.045766	0.151255	0.330643	0.362110	0.036754	0.019009	0.051011	0.264301	0.161418	0.212859	0.291402	0.155957	0.110159	0.110378	0.282312	0.308913	0.032281	0.128334	0.124172	0.111429	0.124357	0.285611	0.226097	1,2,1,3,4,5	72.328678	0.568798	0.599055	0.568798	1.792938	2.250577	0.659691	
561000	-115565	1,1,2,3,4,5	70.508907	4.754719	4.754719	5.129884	6.012325	5.874933	5.486830	1,2,3,4,1,3	71.771242	0.467019	0.066213	0.257875	0.208892	0.144562	0.579590	0.022576	0.253273	0.060993	0.432238	0.394514	0.112255	0.144985	0.014922	0.181165	0.658928	0.467019	0.066213	0.257875	0.208892	0.060993	0.432238	0.394514	0.112255	1,2,3,4,1,5	72.418596	0.050861	0.305133	0.227891	0.173781	0.200202	0.042133	0.063611	0.172696	0.428171	0.014477	0.167593	0.153451	0.202888	0.056594	0.005711	0.341729	0.387141	0.005937	0.049369	0.004435	0.280031	0.374739	0.119554	0.171871	0.050861	0.305133	0.227891	0.173781	0.200202	0.042133	0.037500	0.099945	0.667400	0.092445	0.013939	0.088771	1,2,1,3,4,1	72.063001	0.608498	0.667855	0.608498	2.813830	1.906593	0.608498	
562000	-117664	1,2,3,4,5,6	70.320304	5.153028	5.258545	4.944612	5.408284	5.913857	5.893779	1,2,3,4,5,2	71.853909	0.408780	0.269935	0.281561	0.039724	0.349894	0.287494	0.145970	0.216642	0.100404	0.593301	0.078608	0.227687	0.108524	0.066888	0.338341	0.486247	0.514579	0.087897	0.151516	0.246008	0.349894	0.287494	0.145970	0.216642	1,2,3,4,3,5	71.467375	0.029449	0.251549	0.282766	0.057843	0.151569	0.226824	0.003815	0.069811	0.259201	0.061164	0.213215	0.392795	0.006174	0.249418	0.158157	0.367307	0.197767	0.021179	0.060645	0.171437	0.375102	0.008555	0.127307	0.256955	0.006174	0.249418	0.158157	0.367307	0.197767	0.021179	0.045171	0.136038	0.101595	0.314754	0.144351	0.258092	1,2,1,3,4,5	71.629734	0.608907	0.603222	0.608907	2.211135	2.488414	0.706561	
563000	-116438	1,1,2,3,4,5	72.283931	5.134657	5.134657	6.020645	6.860208	5.526394	5.862144	1,2,3,4,1,5	71.791201	0.535386	0.009172	0.358678	0.096764	0.369286	0.268243	0.135205	0.227265	0.048132	0.531781	0.356042	0.064045	0.038484	0.254383	0.201978	0.505155	0.535386	0.009172	0.358678	0.096764	0.046216	0.297903	0.353390	0.302490	1,2,3,4,3,4	72.911718	0.073193	0.098911	0.215933	0.383555	0.142298	0.086111	0.087384	0.178367	0.220824	0.037081	0.294178	0.182166	0.084145	0.168604	0.234271	0.161927	0.215489	0.135564	0.049170	0.356876	0.310731	0.201066	0.013580	0.068577	0.084145	0.168604	0.234271	0.161927	0.215489	0.135564	0.049170	0.356876	0.310731	0.201066	0.013580	0.068577	1,2,3,4,5,6	71.084255	0.636859	0.656513	0.641909	2.074921	2.067543	0.613613	
564000	-116327	1,2,3,4,1,5	71.425168	5.263197	5.721449	6.439722	7.247087	5.263197	5.101239	1,2,3,4,1,3	71.515381	0.387797	0.066367	0.398273	0.147564	0.209955	0.184512	0.169364	0.436170	0.038058	0.520114	0.287361	0.154467	0.078108	0.150517	0.080150	0.691225	0.387797	0.066367	0.398273	0.147564	0.038058	0.520114	0.287361	0.154467	1,1,2,3,4,1	71.428313	0.090303	0.269286	0.338238	0.051198	0.146459	0.104516	0.090303	0.269286	0.338238	0.051198	0.146459	0.104516	0.015503	0.002070	0.079729	0.234606	0.542351	0.125741	0.021337	0.676870	0.018976	0.028647	0.003201	0.250968	0.001590	0.209641	0.467207	0.040577	0.191715	0.089271	0.090303	0.269286	0.338238	0.051198	0.146459	0.104516	1,2,3,4,5,1	71.641711	0.634261	0.590573	0.497863	1.345302	1.533274	0.634261	
565000	-117357	1,2,3,1,4,5	71.019205	4.170650	5.302205	5.171570	4.170650	5.655895	6.135889	1,2,3,2,1,4	72.058058	0.425196	0.011200	0.313492	0.250111	0.248262	0.087859	0.123376	0.540502	0.131680	0.461602	0.315943	0.090775	0.248262	0.087859	0.123376	0.540502	0.425196	0.011200	0.313492	0.250111	0.129682	0.424701	0.357457	0.088161	1,2,3,4,1,5	70.260595	0.079615	0.240413	0.195483	0.281880	0.190395	0.012214	0.038937	0.135236	0.234303	0.088013	0.314263	0.189247	0.142816	0.068308	0.237863	0.189725	0.256052	0.105238	0.010804	0.352019	0.104838	0.017485	0.100472	0.414382	0.079615	0.240413	0.195483	0.281880	0.190395	0.012214	0.132074	0.393983	0.173122	0.077174	0.132746	0.090901	1,1,1,2,2,1	72.296587	0.618811	0.618811	0.618811	1.698732	1.698732	0.618811	
566000	-118309	1,2,3,1,4,5	72.417756	5.047291	4.949658	6.180094	5.047291	5.889697	5.714646	1,2,3,4,1,2	71.154156	0.545601	0.045969	0.213165	0.195266	0.127244	0.294649	0.218171	0.359935	0.059547	0.548536	0.329360	0.062556	0.152958	0.223837	0.161162	0.462043	0.545601	0.045969	0.213165	0.195266	0.127244	0.294649	0.218171	0.359935	1,2,3,1,4,1	71.272053	0.074114	0.237872	0.222448	0.170405	0.150091	0.145069	0.058294	0.012734	0.474639	0.051397	0.327284	0.075652	0.118482	0.009187	0.059435	0.389935	0.097947	0.325014	0.074114	0.237872	0.222448	0.170405	0.150091	0.145069	0.016091	0.246108	0.358398	0.136500	0.241454	0.001449	0.074114	0.237872	0.222448	0.170405	0.150091	0.145069	1,2,3,4,4,5	73.085562	0.624249	0.554197	0.476062	2.140300	2.140300	0.684543	
567000	-118173	1,1,2,3,4,5	72.051345	4.979264	4.979264	5.172984	4.820395	6.006391	6.686784	1,2,3,2,1,4	71.074509	0.576227	0.054902	0.240638	0.128233	0.150627	0.278474	0.082361	0.488537	0.072245	0.350644	0.315805	0.261306	0.150627	0.278474	0.082361	0.488537	0.576227	0.054902	0.240638	0.128233	0.051904	0.217319	0.406028	0.324748	1,2,3,4,3,5	73.002539	0.008740	0.183936	0.379632	0.210363	0.047254	0.170076	0.104928	0.148850	0.178381	0.206339	0.155403	0.206098	0.002133	0.112040	0.090474	0.207290	0.561852	0.026211	0.015228	0.374927	0.103737	0.145004	0.058174	0.302929	0.002133	0.112040	0.090474	0.207290	0.561852	0.026211	0.219837	0.145695	0.303233	0.205155	0.099152	0.026928	1,2,2,3,3,2	69.679582	0.615536	0.633216	0.633216	2.448886	2.448886	0.633216	
568000	-115054	1,2,1,3,4,5	73.102215	4.658919	5.183261	4.658919	5.749995	5.421968	5.711123	1,2,3,4,1,5	71.023361	0.397813	0.076487	0.293566	0.232134	0.191217	0.216767	0.100318	0.491698	0.004458	0.796300	0.186139	0.013103	0.044159	0.047463	0.095794	0.812584	0.397813	0.076487	0.293566	0.232134	0.119229	0.188115	0.417208	0.275448	1,1,2,3,1,1	71.245797	0.075432	0.249855	0.217636	0.191180	0.162968	0.102930	0.075432	0.249855	0.217636	0.191180	0.162968	0.102930	0.251025	0.234073	0.164123	0.074325	0.249229	0.027225	0.587074	0.046206	0.180312	0.034723	0.017788	0.133897	0.075432	0.249855	0.217636	0.191180	0.162968	0.102930	0.075432	0.249855	0.217636	0.191180	0.162968	0.102930	1,2,2,3,3,4	73.851599	0.584187	0.553735	0.553735	2.483788	2.483788	0.677058	
569000	-117665	1,2,1,3,4,5	72.338256	4.640505	5.490310	4.640505	5.296806	4.986106	6.285621	1,2,3,4,1,5	71.115355	0.367941	0.210425	0.208718	0.212916	0.316243	0.152184	0.160261	0.371311	0.159379	0.565052	0.094407	0.181162	0.182701	0.082185	0.192179	0.542935	0.367941	0.210425	0.208718	0.212916	0.112617	0.357201	0.376601	0.153580	1,2,3,4,1,5	70.038498	0.040825	0.397262	0.288371	0.126521	0.058563	0.088459	0.171418	0.030676	0.350624	0.083864	0.210539	0.152879	0.051815	0.322214	0.006777	0.338483	0.141346	0.139365	0.136122	0.143424	0.390837	0.081584	0.020146	0.227887	0.040825	0.397262	0.288371	0.126521	0.058563	0.088459	0.140874	0.361704	0.192291	0.107061	0.056718	0.141352	1,2,2,3,3,2	71.536949	0.578017	0.635513	0.635513	2.240318	2.240318	0.635513	
570000	-118553	1,1,2,1,3,4	69.768712	4.528384	4.528384	5.368750	4.528384	5.225818	6.320573	1,2,3,4,1,5	73.003384	0.448084	0.103417	0.315759	0.132740	0.158105	0.537777	0.107281	0.196838	0.081210	0.571154	0.317124	0.030512	0.208561	0.121423	0.267954	0.402062	0.448084	0.103417	0.315759	0.132740	0.094876	0.158588	0.424870	0.321666	1,2,3,4,5,6	72.317631	0.232759	0.189817	0.237979	0.166512	0.072849	0.100085	0.018981	0.263446	0.301124	0.000097	0.092606	0.323748	0.052916	0.121556	0.044047	0.139651	0.366696	0.275135	0.121643	0.149796	0.057524	0.012337	0.229030	0.429670	0.011654	0.305336	0.279189	0.024869	0.362527	0.016424	0.152711	0.199669	0.276667	0.077342	0.258018	0.035593	1,2,2,3,4,1	71.369414	0.535887	0.570799	0.570799	1.318979	2.690705	0.535887	
571000	-117335	1,2,3,1,2,4	73.303671	4.233489	5.184938	5.850929	4.233489	5.184938	5.566448	1,2,3,2,1,4	73.072517	0.533166	0.093321	0.292564	0.080948	0.236245	0.276727	0.104330	0.382698	0.033934	0.436402	0.359792	0.169872	0.236245	0.276727	0.104330	0.382698	0.533166	0.093321	0.292564	0.080948	0.151934	0.383597	0.303243	0.161226	1,2,3,1,4,4	69.574074	0.013911	0.163289	0.354089	0.110932	0.048726	0.309054	0.158581	0.049696	0.173817	0.071626	0.339280	0.207000	0.030765	0.051365	0.159641	0.165320	0.528932	0.063977	0.013911	0.163289	0.354089	0.110932	0.048726	0.309054	0.106987	0.178677	0.331410	0.175454	0.108894	0.098578	0.106987	0.178677	0.331410	0.175454	0.108894	0.098578	1,2,2,3,3,4	70.558036	0.522938	0.574142	0.574142	1.613892	1.613892	0.635848	
572000	-117273	1,2,3,4,5,6	68.858322	5.363243	5.821620	5.714424	7.072170	5.664002	5.907384	1,2,3,4,5,6	71.160398	0.593962	0.089341	0.253347	0.063351	0.178938	0.134614	0.054137	0.632311	0.036023	0.580882	0.355472	0.027624	0.173894	0.068093	0.062596	0.695418	0.643601	0.095859	0.147886	0.112654	0.100327	0.295274	0.186180	0.418219	1,2,3,1,4,4	72.451672	0.079041	0.260310	0.428112	0.087841	0.000244	0.144452	0.181130	0.218029	0.374559	0.031845	0.089348	0.105089	0.072772	0.140013	0.189954	0.194778	0.329684	0.072798	0.079041	0.260310	0.428112	0.087841	0.000244	0.144452	0.147770	0.370470	0.269422	0.090916	0.028185	0.093236	0.147770	0.370470	0.269422	0.090916	0.028185	0.093236	1,2,2,3,4,1	70.741983	0.622701	0.577815	0.577815	1.081248	1.918241	0.622701	
573000	-117496	1,2,1,3,4,5	71.748833	4.837477	5.230025	4.837477	5.972341	5.416403	5.868693	1,2,3,4,1,3	71.417687	0.701156	0.065254	0.145909	0.087681	0.232665	0.263904	0.085503	0.417928	0.149072	0.366253	0.346742	0.137933	0.087967	0.166035	0.022243	0.723754	0.701156	0.065254	0.145909	0.087681	0.149072	0.366253	0.346742	0.137933	1,1,2,3,1,1	70.973617	0.047736	0.217084	0.260465	0.108605	0.194159	0.171950	0.047736	0.217084	0.260465	0.108605	0.194159	0.171950	0.041082	0.070391	0.018753	0.500049	0.324018	0.045707	0.218202	0.032042	0.376086	0.185005	0.031803	0.156863	0.047736	0.217084	0.260465	0.108605	0.194159	0.171950	0.047736	0.217084	0.260465	0.108605	0.194159	0.171950	1,2,3,4,4,5	71.985707	0.598880	0.639884	0.670767	1.837415	1.837415	0.699931	
574000	-116351	1,1,2,3,4,5	71.694193	4.906653	4.906653	6.271059	5.984760	5.958254	6.313233	1,2,3,4,1,3	71.911161	0.504447	0.049648	0.278858	0.167048	0.150374	0.178346	0.439256	0.232024	0.094668	0.412633	0.301034	0.191665	0.049548	0.074924	0.142916	0.732612	0.504447	0.049648	0.278858	0.167048	0.094668	0.412633	0.301034	0.191665	1,2,3,4,1,1	71.350166	0.014029	0.366367	0.308168	0.058500	0.128756	0.124180	0.121674	0.017912	0.419576	0.039250	0.345442	0.056146	0.055822	0.083017	0.192014	0.163890	0.497669	0.007589	0.022091	0.200439	0.208335	0.295206	0.031560	0.242369	0.014029	0.366367	0.308168	0.058500	0.128756	0.124180	0.014029	0.366367	0.308168	0.058500	0.128756	0.124180	1,2,3,4,4,2	70.158880	0.684790	0.664606	0.514564	2.182424	2.182424	0.664606	
575000	-116953	1,2,3,4,5,6	70.390719	5.491324	4.877424	5.857517	4.788759	5.191654	6.405470	1,2,3,4,5,6	70.909288	0.423192	0.024067	0.532424	0.020317	0.106075	0.300853	0.266741	0.326332	0.107104	0.364453	0.390515	0.137927	0.289344	0.047250	0.126933	0.536473	0.278915	0.168378	0.331771	0.220935	0.089144	0.323628	0.359966	0.227261	1,2,3,4,2,1	70.774037	0.242932	0.164696	0.433388	0.058117	0.008423	0.092444	0.073758	0.270197	0.462005	0.023506	0.131553	0.038982	0.056687	0.170650	0.049267	0.199864	0.427182	0.096351	0.180888	0.007241	0.348839	0.209074	0.063640	0.190319	0.073758	0.270197	0.462005	0.023506	0.131553	0.038982	0.242932	0.164696	0.433388	0.058117	0.008423	0.092444	1,1,2,3,3,1	71.419499	0.617010	0.617010	0.569974	2.676659	2.676659	0.617010	
576000	-115767	1,2,3,1,4,5	71.058930	5.207254	5.250010	6.519087	5.207254	5.128588	6.331060	1,2,3,4,4,5	67.926568	0.473783	0.018753	0.375379	0.132085	0.180384	0.274533	0.150702	0.394381	0.009456	0.599621	0.326867	0.064056	0.353810	0.011110	0.148387	0.486693	0.353810	0.011110	0.148387	0.486693	0.180705	0.301121	0.291144	0.227030	1,2,3,4,2,1	71.323187	0.144465	0.262291	0.293287	0.125628	0.057235	0.117094	0.103288	0.348466	0.171574	0.056515	0.254041	0.066115	0.046608	0.087798	0.440581	0.178248	0.203637	0.043128	0.207025	0.073613	0.323256	0.088693	0.102550	0.204863	0.103288	0.348466	0.171574	0.056515	0.254041	0.066115	0.144465	0.262291	0.293287	0.125628	0.057235	0.117094	1,2,2,3,4,5	71.730751	0.597368	0.638711	0.638711	2.456851	2.626615	0.676287	
577000	-116862	1,1,1,2,3,1	69.920639	4.674072	4.674072	4.674072	6.083709	5.600923	4.674072	1,2,3,4,1,3	71.579198	0.292970	0.073663	0.459104	0.174263	0.211752	0.461535	0.074481	0.252232	0.032738	0.326218	0.510382	0.130662	0.083750	0.022857	0.214038	0.679354	0.292970	0.073663	0.459104	0.174263	0.032738	0.326218	0.510382	0.130662	1,2,3,1,4,1	71.267555	0.117139	0.196818	0.425878	0.056412	0.068747	0.135005	0.110921	0.075008	0.131958	0.067137	0.290041	0.324935	0.044244	0.060907	0.116505	0.164298	0.583528	0.030518	0.117139	0.196818	0.425878	0.056412	0.068747	0.135005	0.054247	0.251742	0.197038	0.317819	0.147746	0.031407	0.117139	0.196818	0.425878	0.056412	0.068747	0.135005	1,2,2,3,3,2	73.463914	0.592106	0.651063	0.651063	2.174521	2.174521	0.651063	
578000	-117736	1,1,2,3,4,5	71.906395	4.911564	4.911564	6.309645	5.408109	4.887759	6.393008	1,2,3,2,4,5	69.638166	0.348899	0.061830	0.402838	0.186434	0.067118	0.118780	0.235188	0.578915	0.165872	0.441478	0.291765	0.100886	0.067118	0.118780	0.235188	0.578915	0.515898	0.025066	0.059495	0.399542	0.191253	0.214379	0.336134	0.258234	1,1,2,3,4,3	71.513091	0.135325	0.237296	0.139718	0.118626	0.276982	0.092053	0.135325	0.237296	0.139718	0.118626	0.276982	0.092053	0.043438	0.228357	0.137336	0.129336	0.424641	0.036893	0.069342	0.142590	0.409269	0.131882	0.066346	0.180570	0.017026	0.606789	0.179457	0.008027	0.086095	0.102606	0.069342	0.142590	0.409269	0.131882	0.066346	0.180570	1,2,3,4,5,6	69.324776	0.556075	0.761923	0.645165	2.131533	2.474424	0.717882	
579000	-116118	1,2,1,3,1,4	70.127964	4.772092	5.053391	4.772092	6.012642	4.772092	5.528124	1,2,3,4,5,3	72.907430	0.345953	0.058705	0.550973	0.044369	0.301204	0.329793	0.063344	0.305659	0.105254	0.388052	0.318853	0.187841	0.150260	0.001843	0.255859	0.592038	0.694366	0.103518	0.052794	0.149321	0.105254	0.388052	0.318853	0.187841	1,2,3,4,5,1	71.691289	0.037112	0.208696	0.397683	0.091939	0.077976	0.186593	0.138086	0.213513	0.185560	0.024906	0.149095	0.288840	0.036720	0.033167	0.112467	0.403201	0.179094	0.235352	0.099045	0.131942	0.253887	0.161070	0.242365	0.111690	0.011499	0.386702	0.082244	0.007431	0.455538	0.056586	0.037112	0.208696	0.397683	0.091939	0.077976	0.186593	1,1,2,3,4,5	70.894199	0.599964	0.599964	0.574119	1.966749	2.236226	0.643856	
580000	-115437	1,2,1,1,3,4	70.179798	4.802408	5.176276	4.802408	4.802408	5.698555	6.180966	1,2,3,4,5,6	71.730286	0.278869	0.106833	0.511746	0.102552	0.241162	0.306486	0.168784	0.283568	0.010605	0.349319	0.557389	0.082686	0.192682	0.137991	0.181631	0.487697	0.615687	0.032279	0.176428	0.175606	0.150875	0.232614	0.355665	0.260846	1,1,2,3,2,4	70.567125	0.054090	0.181953	0.282953	0.178760	0.201947	0.100298	0.054090	0.181953	0.282953	0.178760	0.201947	0.100298	0.086343	0.148006	0.218282	0.161699	0.344249	0.041422	0.060946	0.077504	0.406855	0.038469	0.025542	0.390684	0.086343	0.148006	0.218282	0.161699	0.344249	0.041422	0.284598	0.246947	0.152090	0.109829	0.073565	0.132970	1,1,1,2,3,1	70.327251	0.613895	0.613895	0.613895	2.039201	2.009257	0.613895	
581000	-117513	1,1,2,3,4,5	70.817555	4.856014	4.856014	5.994674	5.661040	5.443542	7.117528	1,2,3,2,1,2	70.372179	0.462300	0.028722	0.312156	0.196822	0.123577	0.283422	0.155462	0.437540	0.092625	0.455882	0.339984	0.111509	0.123577	0.283422	0.155462	0.437540	0.462300	0.028722	0.312156	0.196822	0.123577	0.283422	0.155462	0.437540	1,1,2,3,1,4	71.571816	0.172222	0.336565	0.139110	0.100147	0.135037	0.116920	0.172222	0.336565	0.139110	0.100147	0.135037	0.116920	0.002772	0.097632	0.362872	0.294072	0.193605	0.049047	0.065630	0.040978	0.316014	0.301198	0.059655	0.216524	0.172222	0.336565	0.139110	0.100147	0.135037	0.116920	0.181451	0.227308	0.305810	0.156404	0.080981	0.048046	1,2,3,4,4,3	71.206512	0.640192	0.588547	0.472304	2.268751	2.268751	0.472304	
582000	-115896	1,2,3,4,1,1	71.878960	4.879564	5.593485	5.266535	5.481661	4.879564	4.879564	1,2,3,4,5,3	70.942494	0.510366	0.146682	0.227849	0.115104	0.189734	0.162399	0.147105	0.500762	0.101379	0.469503	0.286237	0.142881	0.153948	0.114210	0.145229	0.586613	0.386017	0.244244	0.159289	0.210450	0.101379	0.469503	0.286237	0.142881	1,2,3,4,1,2	70.668656	0.016413	0.414971	0.349823	0.073721	0.082647	0.062425	0.107622	0.168161	0.335108	0.091010	0.109166	0.188934	0.055431	0.034787	0.036611	0.387211	0.362932	0.123027	0.095852	0.200937	0.218987	0.131299	0.079756	0.273170	0.016413	0.414971	0.349823	0.073721	0.082647	0.062425	0.107622	0.168161	0.335108	0.091010	0.109166	0.188934	1,1,1,2,2,3	71.676423	0.575137	0.575137	0.575137	2.035486	2.035486	0.638373	
583000	-117080	1,2,3,4,5,6	70.353478	5.599537	5.136581	5.341016	5.293037	5.862333	6.377986	1,2,3,4,5,6	70.926911	0.519030	0.095200	0.261396	0.124375	0.277800	0.268889	0.190521	0.262790	0.039705	0.494571	0.218646	0.247078	0.121568	0.046929	0.238451	0.593052	0.616595	0.000706	0.171925	0.210774	0.222313	0.199674	0.444904	0.133108	1,2,3,4,5,6	73.154260	0.146690	0.255129	0.339222	0.094189	0.052810	0.111960	0.171641	0.039087	0.431604	0.069361	0.113907	0.174399	0.310655	0.002385	0.028194	0.306973	0.099593	0.252200	0.091461	0.049131	0.327243	0.267865	0.083939	0.180361	0.016205	0.256104	0.201590	0.433440	0.050707	0.041952	0.147190	0.222033	0.118499	0.297984	0.081575	0.132718	1,1,2,3,4,5	70.639314	0.583591	0.583591	0.533943	2.022990	2.179649	0.621076	
584000	-117751	1,1,1,2,2,3	71.308338	4.933388	4.933388	4.933388	5.481825	5.481825	6.454381	1,2,3,4,5,6	72.424641	0.300844	0.134342	0.501763	0.063052	0.359973	0.189220	0.160870	0.289936	0.141162	0.626423	0.131878	0.100538	0.260854	0.090694	0.148906	0.499547	0.409396	0.047840	0.261636	0.281127	0.216652	0.253629	0.378666	0.151053	1,2,1,3,1,4	70.755560	0.007344	0.307542	0.219908	0.228956	0.172142	0.064108	0.181553	0.002214	0.141614	0.055252	0.345018	0.274350	0.007344	0.307542	0.219908	0.228956	0.172142	0.064108	0.114549	0.224491	0.127196	0.040971	0.003997	0.488796	0.007344	0.307542	0.219908	0.228956	0.172142	0.064108	0.387577	0.133947	0.228871	0.115888	0.031265	0.102452	1,1,2,3,4,1	69.589049	0.638460	0.638460	0.725726	2.138356	3.356577	0.638460	
585000	-116534	1,1,2,3,4,5	72.355343	4.827685	4.827685	5.608299	5.474989	5.325153	5.386626	1,2,3,2,1,4	70.110444	0.378156	0.050739	0.310407	0.260698	0.112757	0.224664	0.085497	0.577082	0.017492	0.454005	0.451320	0.077182	0.112757	0.224664	0.085497	0.577082	0.378156	0.050739	0.310407	0.260698	0.078073	0.308691	0.445876	0.167361	1,2,3,4,3,2	71.595203	0.305025	0.291964	0.127930	0.100214	0.160315	0.014552	0.171599	0.225070	0.239100	0.107520	0.111999	0.144713	0.002547	0.312091	0.184148	0.138798	0.270878	0.091538	0.042881	0.072815	0.415414	0.183010	0.122347	0.163534	0.002547	0.312091	0.184148	0.138798	0.270878	0.091538	0.171599	0.225070	0.239100	0.107520	0.111999	0.144713	1,1,1,2,2,1	71.465639	0.595243	0.595243	0.595243	2.488672	2.488672	0.595243	
586000	-118756	1,2,1,3,3,4	70.088292	4.188020	5.235719	4.188020	5.186488	5.186488	6.590747	1,2,3,4,5,2	72.678009	0.274844	0.206831	0.383164	0.135160	0.200090	0.192234	0.255979	0.351697	0.352319	0.344866	0.270613	0.032202	0.247266	0.260422	0.130187	0.362126	0.478868	0.204026	0.144582	0.172524	0.200090	0.192234	0.255979	0.351697	1,2,3,1,4,4	71.339190	0.052510	0.489460	0.171981	0.033660	0.012880	0.239508	0.054408	0.260065	0.257068	0.022048	0.291907	0.114504	0.005012	0.064624	0.187243	0.185371	0.199767	0.357984	0.052510	0.489460	0.171981	0.033660	0.012880	0.239508	0.001902	0.417714	0.155733	0.220636	0.048826	0.155188	0.001902	0.417714	0.155733	0.220636	0.048826	0.155188	1,2,3,4,5,1	71.532295	0.631972	0.544654	0.496124	1.659503	3.462733	0.631972	
587000	-119192	1,1,1,2,3,4	73.029086	4.458367	4.458367	4.458367	5.849019	4.873511	5.798109	1,2,3,4,5,3	71.918478	0.302861	0.009762	0.283165	0.404211	0.092169	0.195614	0.219954	0.492263	0.092293	0.339457	0.305855	0.262395	0.117254	0.025012	0.457260	0.400474	0.407563	0.302601	0.079756	0.210081	0.092293	0.339457	0.305855	0.262395	1,2,3,2,4,5	70.826866	0.079381	0.263579	0.141767	0.336765	0.149003	0.029505	0.222452	0.083934	0.280863	0.031563	0.249592	0.131596	0.030086	0.446962	0.418302	0.074734	0.022407	0.007510	0.222452	0.083934	0.280863	0.031563	0.249592	0.131596	0.003717	0.534126	0.202350	0.113495	0.076445	0.069867	0.143567	0.507977	0.162394	0.114163	0.039343	0.032556	1,2,1,3,4,5	70.267431	0.601450	0.760096	0.601450	1.980148	2.040892	0.599387	
588000	-115731	1,2,3,4,3,5	71.330917	4.749812	5.235704	5.147481	5.490371	5.147481	6.118055	1,2,3,4,5,2	69.589546	0.361886	0.173623	0.394731	0.069760	0.149926	0.398246	0.186652	0.265176	0.012518	0.547423	0.303554	0.136504	0.114378	0.017782	0.087017	0.780823	0.467890	0.047737	0.341314	0.143058	0.149926	0.398246	0.186652	0.265176	1,2,3,4,2,2	71.060784	0.017216	0.194016	0.318761	0.057268	0.296754	0.115984	0.052994	0.372368	0.368292	0.022942	0.081982	0.101423	0.107042	0.190653	0.131959	0.171218	0.299981	0.099146	0.543844	0.017122	0.049357	0.107714	0.028704	0.253259	0.052994	0.372368	0.368292	0.022942	0.081982	0.101423	0.052994	0.372368	0.368292	0.022942	0.081982	0.101423	1,1,1,2,3,1	70.481265	0.621616	0.621616	0.621616	2.278719	2.053614	0.621616	
589000	-117526	1,1,1,2,3,4	71.507528	4.584405	4.584405	4.584405	5.428096	5.309442	5.831694	1,2,2,3,1,2	70.086321	0.600201	0.064033	0.200536	0.135230	0.124849	0.226419	0.340801	0.307930	0.124849	0.226419	0.340801	0.307930	0.209991	0.052684	0.139463	0.597862	0.600201	0.064033	0.200536	0.135230	0.124849	0.226419	0.340801	0.307930	1,2,3,4,5,6	71.721654	0.062631	0.182689	0.151193	0.075834	0.412977	0.114677	0.082279	0.127447	0.221184	0.115812	0.370028	0.083251	0.049546	0.172155	0.224502	0.241512	0.219401	0.092882	0.005593	0.107968	0.353841	0.000487	0.124373	0.407739	0.069319	0.335325	0.256550	0.047389	0.150925	0.140493	0.016910	0.236017	0.231307	0.264329	0.081572	0.169866	1,2,2,3,4,5	73.212701	0.563500	0.695503	0.695503	2.386269	2.306815	0.620390	
590000	-118064	1,2,1,1,3,4	69.062894	4.105238	5.558941	4.105238	4.105238	5.031051	5.892902	1,2,3,4,1,3	72.865953	0.339590	0.007044	0.464286	0.189080	0.245293	0.326156	0.082244	0.346306	0.104441	0.262775	0.372813	0.259972	0.010691	0.026757	0.292197	0.670354	0.339590	0.007044	0.464286	0.189080	0.104441	0.262775	0.372813	0.259972	1,2,3,4,5,4	71.457293	0.203427	0.142458	0.058542	0.181995	0.387839	0.025738	0.094749	0.258320	0.164463	0.049361	0.174600	0.258506	0.305963	0.064985	0.002807	0.282841	0.133471	0.209933	0.139034	0.266959	0.279208	0.123203	0.085120	0.106475	0.058036	0.125064	0.415258	0.018494	0.309008	0.074140	0.139034	0.266959	0.279208	0.123203	0.085120	0.106475	1,2,2,3,4,5	71.630723	0.558237	0.705314	0.705314	2.357563	2.300270	0.560986	
591000	-118323	1,1,1,1,2,3	69.983926	4.055707	4.055707	4.055707	4.055707	5.735382	6.341345	1,2,3,4,2,3	70.851575	0.269928	0.034592	0.493333	0.202148	0.379178	0.222579	0.154376	0.243866	0.083991	0.242532	0.381209	0.292268	0.151567	0.215228	0.131038	0.502168	0.379178	0.222579	0.154376	0.243866	0.083991	0.242532	0.381209	0.292268	1,2,3,4,4,1	71.176235	0.164579	0.376101	0.194124	0.089964	0.119735	0.055497	0.031526	0.064428	0.147333	0.062727	0.550098	0.143888	0.084060	0.041194	0.093786	0.462466	0.095976	0.222519	0.049208	0.377962	0.147590	0.075206	0.079833	0.270201	0.049208	0.377962	0.147590	0.075206	0.079833	0.270201	0.164579	0.376101	0.194124	0.089964	0.119735	0.055497	1,2,3,4,4,5	70.966777	0.520878	0.548067	0.687372	1.946545	1.946545	0.558144	
592000	-117537	1,1,1,1,2,3	72.006468	4.878835	4.878835	4.878835	4.878835	5.802821	6.725849	1,2,3,4,1,4	70.359441	0.509390	0.016768	0.301408	0.172434	0.227520	0.419109	0.171799	0.181572	0.203697	0.474987	0.215405	0.105911	0.145044	0.141351	0.346035	0.367570	0.509390	0.016768	0.301408	0.172434	0.145044	0.141351	0.346035	0.367570	1,2,3,2,3,4	70.409363	0.129470	0.150830	0.103792	0.217292	0.254709	0.143908	0.008191	0.044248	0.293259	0.069988	0.262803	0.321512	0.027332	0.140220	0.163768	0.294940	0.367413	0.006327	0.008191	0.044248	0.293259	0.069988	0.262803	0.321512	0.027332	0.140220	0.163768	0.294940	0.367413	0.006327	0.131571	0.232368	0.064432	0.249074	0.233721	0.088835	1,2,3,4,5,1	71.726808	0.571717	0.760062	0.651022	1.157103	2.282676	0.571717	
593000	-116478	1,2,1,1,3,4	71.305804	4.745426	5.666251	4.745426	4.745426	5.542484	5.476280	1,2,2,3,4,2	71.319317	0.442406	0.052605	0.425679	0.079310	0.115930	0.341849	0.286851	0.255369	0.115930	0.341849	0.286851	0.255369	0.267133	0.145290	0.070805	0.516772	0.530568	0.096146	0.151107	0.222178	0.115930	0.341849	0.286851	0.255369	1,1,2,3,4,3	71.919992	0.064460	0.148332	0.358091	0.077969	0.227484	0.123664	0.064460	0.148332	0.358091	0.077969	0.227484	0.123664	0.102944	0.052064	0.041633	0.525296	0.245232	0.032831	0.055084	0.251835	0.298153	0.125396	0.071917	0.197615	0.102623	0.374976	0.223704	0.002587	0.211308	0.084802	0.055084	0.251835	0.298153	0.125396	0.071917	0.197615	1,2,1,3,4,2	70.544262	0.589183	0.667723	0.589183	1.966937	2.339719	0.667723	
594000	-116575	1,2,1,2,3,4	70.350937	4.484727	4.820137	4.484727	4.820137	5.445453	5.448661	1,2,3,4,1,3	72.548132	0.574299	0.022247	0.265226	0.138228	0.109922	0.422393	0.092220	0.375464	0.070614	0.341280	0.259364	0.328742	0.298994	0.185284	0.105211	0.410511	0.574299	0.022247	0.265226	0.138228	0.070614	0.341280	0.259364	0.328742	1,2,3,4,2,1	72.449012	0.197178	0.259213	0.348808	0.073392	0.036528	0.084881	0.064887	0.250600	0.297782	0.045516	0.154850	0.186366	0.221592	0.143637	0.037263	0.478565	0.113361	0.005582	0.020417	0.159409	0.108045	0.107473	0.108361	0.496295	0.064887	0.250600	0.297782	0.045516	0.154850	0.186366	0.197178	0.259213	0.348808	0.073392	0.036528	0.084881	1,2,2,3,3,4	71.442740	0.567298	0.632171	0.632171	1.849901	1.849901	0.570353	
595000	-115039	1,2,3,2,2,4	72.829556	5.232875	5.080969	5.501852	5.080969	5.080969	7.224957	1,2,3,4,1,5	72.187624	0.597428	0.010947	0.318960	0.072665	0.254333	0.364808	0.185558	0.195300	0.025343	0.595893	0.349713	0.029051	0.055320	0.084912	0.028899	0.830868	0.597428	0.010947	0.318960	0.072665	0.114712	0.247068	0.337536	0.300684	1,2,3,4,1,5	71.035680	0.106192	0.072154	0.148996	0.271974	0.346530	0.054154	0.044070	0.098516	0.266172	0.164069	0.163331	0.263842	0.000337	0.302083	0.007949	0.154071	0.477161	0.058400	0.315245	0.207036	0.151660	0.049576	0.028784	0.247700	0.106192	0.072154	0.148996	0.271974	0.346530	0.054154	0.096432	0.203758	0.326850	0.227248	0.064474	0.081238	1,2,1,3,3,1	71.751235	0.584889	0.668089	0.584889	2.599626	2.599626	0.584889	
596000	-117947	1,1,2,3,4,5	72.069517	5.088521	5.088521	5.507399	5.520186	5.466632	5.350317	1,2,3,4,1,2	70.351496	0.504819	0.014308	0.366649	0.114223	0.248578	0.270308	0.226430	0.254684	0.218678	0.521886	0.231769	0.027668	0.057296	0.442014	0.190314	0.310376	0.504819	0.014308	0.366649	0.114223	0.248578	0.270308	0.226430	0.254684	1,2,3,4,1,5	70.564085	0.141469	0.113857	0.160542	0.197822	0.352417	0.033894	0.041107	0.164966	0.369640	0.052110	0.276967	0.095209	0.020738	0.055854	0.439961	0.162043	0.212045	0.109360	0.035099	0.536829	0.213927	0.012686	0.004352	0.197108	0.141469	0.113857	0.160542	0.197822	0.352417	0.033894	0.151764	0.070248	0.166671	0.395353	0.049330	0.166634	1,2,2,3,3,1	71.367672	0.648741	0.652738	0.652738	1.710552	1.710552	0.648741	
597000	-115885	1,2,1,3,4,5	72.191450	4.604995	4.984264	4.604995	5.701854	5.665940	5.758181	1,2,3,4,1,5	72.199706	0.355754	0.031958	0.417912	0.194376	0.118530	0.243952	0.080111	0.557407	0.092333	0.510671	0.121324	0.275673	0.088650	0.118590	0.069682	0.723078	0.355754	0.031958	0.417912	0.194376	0.087291	0.343658	0.271857	0.297193	1,2,3,4,3,5	71.341446	0.042766	0.373278	0.320832	0.126323	0.113487	0.023313	0.061873	0.200817	0.279566	0.052350	0.234818	0.170575	0.000905	0.132827	0.178349	0.382350	0.282806	0.022764	0.093436	0.424855	0.151089	0.165686	0.000596	0.164337	0.000905	0.132827	0.178349	0.382350	0.282806	0.022764	0.113755	0.134627	0.296252	0.263660	0.080497	0.111211	1,2,3,4,5,6	72.239159	0.552141	0.780331	0.593337	2.506910	2.294615	0.672206	
598000	-115322	1,1,1,2,3,4	67.549633	4.406815	4.406815	4.406815	6.092519	4.933387	6.459529	1,2,3,4,1,2	73.330331	0.449090	0.073683	0.361326	0.115902	0.113731	0.268544	0.368600	0.249125	0.027693	0.505691	0.114835	0.351781	0.047789	0.067471	0.136515	0.748225	0.449090	0.073683	0.361326	0.115902	0.113731	0.268544	0.368600	0.249125	1,2,3,1,4,5	72.964737	0.035817	0.313527	0.212055	0.248550	0.046153	0.143898	0.117242	0.164380	0.425124	0.001524	0.199876	0.091854	0.099851	0.070081	0.158515	0.367237	0.228445	0.075871	0.035817	0.313527	0.212055	0.248550	0.046153	0.143898	0.014151	0.297402	0.480735	0.026031	0.145843	0.035838	0.063095	0.365272	0.270832	0.085419	0.099153	0.116229	1,2,1,3,4,1	70.550952	0.600368	0.677438	0.600368	1.902349	2.194688	0.600368	
599000	-116733	1,2,3,4,1,5	71.129771	5.228072	5.264808	5.424400	5.356294	5.228072	5.769450	1,2,3,4,5,4	72.080784	0.297785	0.099097	0.575234	0.027884	0.233000	0.353452	0.110193	0.303355	0.159296	0.474803	0.258636	0.107265	0.136596	0.188983	0.242152	0.432269	0.491006	0.136022	0.139137	0.233835	0.136596	0.188983	0.242152	0.432269	1,1,2,3,3,3	68.939140	0.008039	0.110792	0.382847	0.026575	0.202274	0.269473	0.008039	0.110792	0.382847	0.026575	0.202274	0.269473	0.064025	0.035667	0.405921	0.315563	0.165194	0.013631	0.102169	0.323387	0.210379	0.144701	0.062432	0.156932	0.102169	0.323387	0.210379	0.144701	0.062432	0.156932	0.102169	0.323387	0.210379	0.144701	0.062432	0.156932	1,2,2,3,4,2	71.834479	0.550153	0.623075	0.623075	2.184364	1.986936	0.623075	
600000	-117318	1,2,1,1,3,4	71.466136	4.491265	5.559648	4.491265	4.491265	5.571796	4.774252	1,2,3,4,5,6	73.276283	0.214163	0.050702	0.614360	0.120775	0.114128	0.349316	0.134339	0.402217	0.039991	0.337071	0.440096	0.182842	0.030263	0.033502	0.142291	0.793944	0.232403	0.030045	0.459410	0.278141	0.103377	0.434683	0.292173	0.169766	1,2,3,4,5,6	69.330830	0.100262	0.036366	0.083368	0.068197	0.635228	0.076579	0.030492	0.176666	0.409750	0.020294	0.088812	0.273985	0.072435	0.294015	0.036035	0.410999	0.185450	0.001065	0.094565	0.082294	0.449962	0.103435	0.066089	0.203656	0.091663	0.174757	0.240173	0.138244	0.338393	0.016770	0.134068	0.204762	0.087971	0.274920	0.021897	0.276382	1,2,3,4,5,6	72.074261	0.401167	0.650270	0.596204	3.184742	1.772279	0.498076	
601000	-117362	1,2,3,1,4,5	70.471122	4.577497	5.434055	4.076286	4.577497	5.670476	6.121248	1,2,3,4,5,6	72.110103	0.252667	0.035008	0.603964	0.108361	0.139236	0.294785	0.132143	0.433836	0.018520	0.236033	0.210138	0.535309	0.050761	0.246085	0.038548	0.664606	0.520037	0.005194	0.214661	0.260108	0.182989	0.148866	0.529991	0.138153	1,1,2,3,4,1	70.991363	0.102505	0.190266	0.270014	0.094495	0.286756	0.055964	0.102505	0.190266	0.270014	0.094495	0.286756	0.055964	0.050573	0.305419	0.094036	0.501444	0.028028	0.020501	0.116827	0.077516	0.353038	0.045149	0.075265	0.332206	0.158989	0.301228	0.269827	0.005096	0.239216	0.025644	0.102505	0.190266	0.270014	0.094495	0.286756	0.055964	1,1,1,2,3,1	70.687180	0.636666	0.636666	0.636666	3.132811	2.129195	0.636666	
602000	-117772	1,2,3,1,4,2	71.343671	4.655664	5.317197	6.633303	4.655664	5.726170	5.317197	1,2,3,4,5,2	70.171110	0.241622	0.008604	0.423985	0.325789	0.121615	0.390680	0.179116	0.308589	0.013578	0.762665	0.091491	0.132267	0.043949	0.005531	0.481175	0.469345	0.602694	0.002040	0.121938	0.273328	0.121615	0.390680	0.179116	0.308589	1,2,2,3,2,4	70.454464	0.066410	0.181380	0.120621	0.483907	0.084198	0.063484	0.083944	0.311950	0.256819	0.089996	0.191308	0.065983	0.083944	0.311950	0.256819	0.089996	0.191308	0.065983	0.005308	0.130705	0.442074	0.083509	0.184789	0.153615	0.083944	0.311950	0.256819	0.089996	0.191308	0.065983	0.336863	0.347342	0.179578	0.056438	0.038335	0.041443	1,2,3,4,5,2	70.604918	0.576551	0.612941	0.543821	1.929102	3.070755	0.612941	
603000	-116663	1,2,1,1,3,3	71.254168	4.853314	5.402500	4.853314	4.853314	5.868409	5.868409	1,2,2,3,1,4	69.547385	0.507003	0.027234	0.240757	0.225006	0.163006	0.350868	0.211175	0.274951	0.163006	0.350868	0.211175	0.274951	0.279438	0.110150	0.083829	0.526583	0.507003	0.027234	0.240757	0.225006	0.056311	0.274526	0.387142	0.282022	1,2,3,2,3,1	70.521534	0.135518	0.294059	0.327037	0.102057	0.048139	0.093190	0.136463	0.099661	0.188583	0.025444	0.109280	0.440569	0.060288	0.202656	0.206291	0.345815	0.175583	0.009366	0.136463	0.099661	0.188583	0.025444	0.109280	0.440569	0.060288	0.202656	0.206291	0.345815	0.175583	0.009366	0.135518	0.294059	0.327037	0.102057	0.048139	0.093190	1,1,2,3,4,1	69.786238	0.578674	0.578674	0.748140	1.710005	2.539568	0.578674	
604000	-117830	1,2,3,1,4,5	71.129643	4.435327	5.625273	5.068505	4.435327	5.451405	6.332132	1,2,3,4,5,3	71.452285	0.309899	0.214582	0.282696	0.192823	0.203277	0.250755	0.072062	0.473906	0.055046	0.372120	0.355362	0.217471	0.181089	0.185921	0.173088	0.459902	0.503540	0.079030	0.144982	0.272447	0.055046	0.372120	0.355362	0.217471	1,2,3,4,5,5	70.854170	0.046763	0.445958	0.284962	0.120487	0.007140	0.094690	0.109973	0.090899	0.233601	0.208512	0.050539	0.306476	0.044804	0.062936	0.052474	0.457148	0.068242	0.314396	0.032391	0.150576	0.409776	0.090869	0.078020	0.238369	0.075714	0.314188	0.261613	0.194904	0.093869	0.059712	0.075714	0.314188	0.261613	0.194904	0.093869	0.059712	1,2,3,4,5,6	73.195730	0.657538	0.591975	0.556664	1.884327	2.428923	0.598634	
605000	-116636	1,1,2,2,3,4	72.534775	4.687694	4.687694	5.086420	5.086420	5.499305	6.271358	1,2,3,4,5,6	71.479915	0.361096	0.156578	0.351342	0.130984	0.221873	0.240493	0.212042	0.325592	0.000915	0.641988	0.203093	0.154003	0.117329	0.433724	0.091961	0.356985	0.565251	0.023370	0.204086	0.207293	0.078197	0.104055	0.326468	0.491280	1,2,3,4,5,6	70.638207	0.018416	0.152449	0.498385	0.145284	0.066002	0.119464	0.261446	0.073838	0.239903	0.077689	0.280694	0.066430	0.048797	0.089411	0.249444	0.352548	0.237702	0.022098	0.021400	0.113416	0.338381	0.063437	0.004629	0.458737	0.056456	0.277352	0.157548	0.152487	0.205404	0.150753	0.101816	0.318132	0.410156	0.071363	0.019657	0.078874	1,2,2,3,4,5	72.249203	0.590609	0.641941	0.641941	2.624483	2.891439	0.603886	
606000	-117314	1,1,1,1,2,3	72.499759	4.604344	4.604344	4.604344	4.604344	5.598525	6.091887	1,2,3,4,1,5	70.840630	0.593201	0.065206	0.199632	0.141960	0.157269	0.354232	0.106042	0.382456	0.006999	0.857198	0.043992	0.091811	0.272604	0.165698	0.124573	0.437125	0.593201	0.065206	0.199632	0.141960	0.067610	0.224462	0.483595	0.224333	1,2,3,4,3,1	73.019255	0.132321	0.347843	0.339227	0.046529	0.040461	0.093619	0.122350	0.121638	0.471286	0.008717	0.119253	0.156757	0.055513	0.188195	0.301999	0.153793	0.248107	0.052393	0.002660	0.318435	0.296473	0.057247	0.059701	0.265483	0.055513	0.188195	0.301999	0.153793	0.248107	0.052393	0.132321	0.347843	0.339227	0.046529	0.040461	0.093619	1,2,3,4,5,2	70.062932	0.541086	0.583216	0.648788	2.028420	2.055911	0.583216	
607000	-117424	1,1,2,1,3,4	72.083631	4.819124	4.819124	5.412441	4.819124	5.562720	6.810437	1,2,3,4,5,6	72.666223	0.279787	0.117522	0.537906	0.064785	0.089551	0.400816	0.216413	0.293220	0.190100	0.416688	0.279178	0.114033	0.076673	0.021271	0.404072	0.497984	0.481569	0.141361	0.162944	0.214125	0.104448	0.223136	0.388464	0.283952	1,2,3,2,4,5	70.360508	0.040228	0.379183	0.457475	0.036225	0.015324	0.071564	0.136659	0.108142	0.541615	0.016672	0.052544	0.144368	0.259321	0.138437	0.023385	0.171886	0.266244	0.140726	0.136659	0.108142	0.541615	0.016672	0.052544	0.144368	0.080875	0.324671	0.264868	0.112577	0.200629	0.016380	0.175492	0.249745	0.128367	0.311832	0.067787	0.066777	1,2,3,4,5,6	69.347182	0.616660	0.686448	0.690458	1.507188	2.820378	0.596309	
608000	-116240	1,1,2,3,4,5	72.063238	4.929213	4.929213	5.701189	6.375474	5.106157	5.266361	1,2,3,4,1,3	71.861042	0.415296	0.108856	0.264104	0.211744	0.233101	0.340392	0.171827	0.254679	0.034657	0.439859	0.300878	0.224606	0.289725	0.209102	0.078852	0.422321	0.415296	0.108856	0.264104	0.211744	0.034657	0.439859	0.300878	0.224606	1,2,3,4,5,6	71.787991	0.032832	0.411658	0.242308	0.076717	0.102161	0.134325	0.061929	0.194501	0.333962	0.064636	0.193784	0.151188	0.079455	0.218380	0.388971	0.145022	0.159199	0.008973	0.004052	0.112123	0.092946	0.061410	0.006240	0.723228	0.000602	0.330731	0.443872	0.103455	0.076917	0.044422	0.237435	0.169813	0.367056	0.112838	0.031284	0.081573	1,2,1,3,4,1	69.445792	0.600432	0.722528	0.600432	1.472355	2.682787	0.600432	
609000	-117078	1,2,3,3,4,5	71.769803	4.660405	4.938789	4.107762	4.107762	5.388254	6.015706	1,2,2,3,1,4	70.781773	0.403067	0.025903	0.353592	0.217438	0.160354	0.415337	0.207803	0.216506	0.160354	0.415337	0.207803	0.216506	0.222253	0.006833	0.394263	0.376651	0.403067	0.025903	0.353592	0.217438	0.217451	0.133136	0.420905	0.228507	1,2,3,4,5,2	71.599747	0.189175	0.208777	0.120341	0.326370	0.074748	0.080588	0.148984	0.196636	0.279884	0.108973	0.185453	0.080070	0.001136	0.017997	0.053316	0.480771	0.280282	0.166498	0.411665	0.058669	0.079015	0.124756	0.246220	0.079676	0.032720	0.252280	0.221883	0.149144	0.272015	0.071959	0.148984	0.196636	0.279884	0.108973	0.185453	0.080070	1,1,1,2,3,1	74.337687	0.585407	0.585407	0.585407	1.996568	2.672013	0.585407	
610000	-116024	1,2,3,4,5,6	71.500666	4.764178	5.578576	4.883085	5.931111	5.578665	6.293324	1,2,3,2,1,4	71.189546	0.488558	0.014041	0.329760	0.167641	0.137942	0.107255	0.139495	0.615309	0.017364	0.751637	0.114878	0.116121	0.137942	0.107255	0.139495	0.615309	0.488558	0.014041	0.329760	0.167641	0.151103	0.299393	0.232483	0.317021	1,2,3,3,1,4	71.692259	0.035346	0.103072	0.103187	0.183735	0.553592	0.021068	0.105857	0.326076	0.296807	0.054791	0.129748	0.086722	0.040531	0.013868	0.255078	0.311255	0.127473	0.251794	0.040531	0.013868	0.255078	0.311255	0.127473	0.251794	0.035346	0.103072	0.103187	0.183735	0.553592	0.021068	0.319754	0.228277	0.249987	0.080274	0.060054	0.061653	1,2,3,4,5,3	72.684588	0.603290	0.641730	0.586823	2.264190	2.337381	0.586823	
611000	-119575	1,2,1,1,1,3	71.127886	4.247826	5.769815	4.247826	4.247826	4.247826	5.395738	1,2,3,2,1,4	70.459570	0.861383	0.006623	0.075322	0.056672	0.144307	0.268235	0.144065	0.443394	0.074869	0.725753	0.100524	0.098853	0.144307	0.268235	0.144065	0.443394	0.861383	0.006623	0.075322	0.056672	0.201918	0.271554	0.193711	0.332817	1,2,3,1,2,2	70.364647	0.017166	0.147410	0.340557	0.146341	0.000267	0.348258	0.070663	0.153793	0.180334	0.160738	0.232899	0.201573	0.013885	0.093837	0.122571	0.301845	0.113138	0.354725	0.017166	0.147410	0.340557	0.146341	0.000267	0.348258	0.070663	0.153793	0.180334	0.160738	0.232899	0.201573	0.070663	0.153793	0.180334	0.160738	0.232899	0.201573	1,1,1,2,3,4	69.481111	0.632370	0.632370	0.632370	2.002749	1.391127	0.641123	
612000	-117033	1,2,2,3,4,5	71.105634	5.983862	4.404329	4.404329	5.493774	5.585651	6.063767	1,2,2,3,1,4	72.100336	0.553291	0.017489	0.315681	0.113539	0.116618	0.332027	0.300124	0.251232	0.116618	0.332027	0.300124	0.251232	0.034679	0.198361	0.152785	0.614175	0.553291	0.017489	0.315681	0.113539	0.139386	0.202080	0.384798	0.273736	1,2,3,4,3,4	72.186980	0.083765	0.099427	0.255550	0.131559	0.319420	0.110278	0.039088	0.228908	0.213970	0.007908	0.309518	0.200607	0.009652	0.099569	0.186815	0.376044	0.306748	0.021172	0.058960	0.094217	0.260227	0.298093	0.066579	0.221924	0.009652	0.099569	0.186815	0.376044	0.306748	0.021172	0.058960	0.094217	0.260227	0.298093	0.066579	0.221924	1,1,2,3,3,2	70.029919	0.672776	0.672776	0.637552	1.707862	1.707862	0.637552	
613000	-117855	1,2,3,1,4,5	71.347217	4.834765	4.974455	4.813619	4.834765	6.174769	6.101658	1,2,3,4,1,3	73.217174	0.532275	0.022069	0.260120	0.185535	0.113270	0.448308	0.117326	0.321096	0.112474	0.328888	0.329326	0.229313	0.118786	0.050576	0.428380	0.402258	0.532275	0.022069	0.260120	0.185535	0.112474	0.328888	0.329326	0.229313	1,2,1,2,3,2	74.259590	0.052824	0.250066	0.152621	0.308775	0.234500	0.001215	0.124451	0.125902	0.410928	0.066209	0.211731	0.060779	0.052824	0.250066	0.152621	0.308775	0.234500	0.001215	0.124451	0.125902	0.410928	0.066209	0.211731	0.060779	0.089325	0.249943	0.167982	0.281486	0.190388	0.020877	0.124451	0.125902	0.410928	0.066209	0.211731	0.060779	1,2,2,3,3,4	70.566421	0.523917	0.662200	0.662200	1.910480	1.910480	0.502178	
614000	-116577	1,2,3,1,4,5	70.034154	5.016239	5.029257	6.461268	5.016239	4.970565	6.710550	1,2,3,4,5,6	71.218537	0.251651	0.042343	0.581927	0.124079	0.090865	0.580191	0.113533	0.215411	0.023895	0.649512	0.212829	0.113764	0.299544	0.049229	0.083905	0.567321	0.393356	0.017835	0.430967	0.157842	0.085669	0.075900	0.367133	0.471298	1,2,3,4,1,2	70.707151	0.068433	0.097757	0.208998	0.025296	0.560448	0.039068	0.066540	0.372877	0.314095	0.131789	0.058535	0.056164	0.143092	0.002982	0.091230	0.211096	0.389514	0.162086	0.056116	0.143784	0.156574	0.205229	0.137067	0.301230	0.068433	0.097757	0.208998	0.025296	0.560448	0.039068	0.066540	0.372877	0.314095	0.131789	0.058535	0.056164	1,2,1,3,4,1	71.556133	0.675878	0.731252	0.675878	1.254958	1.853610	0.675878	
615000	-118112	1,2,3,1,4,5	71.540685	4.797664	4.919980	6.160300	4.797664	5.398040	5.772029	1,2,2,3,4,3	70.621643	0.439601	0.019268	0.353000	0.188131	0.165289	0.462589	0.162605	0.209516	0.165289	0.462589	0.162605	0.209516	0.088586	0.200472	0.221235	0.489707	0.441762	0.021346	0.243663	0.293229	0.088586	0.200472	0.221235	0.489707	1,2,1,3,4,1	72.211902	0.068290	0.213755	0.113229	0.425702	0.095755	0.083268	0.112505	0.209436	0.112694	0.005375	0.151169	0.408821	0.068290	0.213755	0.113229	0.425702	0.095755	0.083268	0.285181	0.006288	0.184811	0.019939	0.042804	0.460977	0.130289	0.277510	0.163507	0.168072	0.235157	0.025464	0.068290	0.213755	0.113229	0.425702	0.095755	0.083268	1,2,1,3,4,5	71.167801	0.628723	0.684501	0.628723	1.671618	2.255623	0.596874	
616000	-117918	1,2,3,4,3,5	71.614150	5.099095	5.502502	4.973471	4.785144	4.973471	5.878376	1,2,3,4,1,5	70.197392	0.427306	0.017625	0.452974	0.102094	0.119008	0.368697	0.159134	0.353161	0.132006	0.294751	0.486057	0.087186	0.366836	0.162957	0.126556	0.343651	0.427306	0.017625	0.452974	0.102094	0.100463	0.425294	0.274152	0.200091	1,2,3,4,3,5	69.615051	0.184328	0.142355	0.144403	0.272592	0.157000	0.099322	0.242239	0.058722	0.282149	0.168923	0.164578	0.083389	0.077123	0.114167	0.156764	0.155341	0.483868	0.012736	0.152183	0.208413	0.215536	0.149028	0.023202	0.251638	0.077123	0.114167	0.156764	0.155341	0.483868	0.012736	0.089768	0.182307	0.391084	0.072144	0.047324	0.217372	1,2,3,4,5,1	72.065675	0.583303	0.576688	0.610458	1.959879	2.173636	0.583303	
617000	-117764	1,2,2,3,4,3	72.325556	4.986675	4.527348	4.527348	5.608779	5.501324	5.608779	1,2,3,4,1,5	71.980728	0.513959	0.122878	0.208533	0.154630	0.136791	0.435508	0.189271	0.238430	0.090298	0.473922	0.171373	0.264406	0.230154	0.053219	0.326475	0.390152	0.513959	0.122878	0.208533	0.154630	0.092834	0.230721	0.438925	0.237520	1,2,3,4,2,5	72.635019	0.019356	0.145274	0.081866	0.039964	0.602682	0.110857	0.042618	0.281069	0.197909	0.017881	0.240364	0.220160	0.038483	0.026982	0.396533	0.303055	0.104631	0.130317	0.138582	0.039322	0.515070	0.007190	0.067962	0.231873	0.042618	0.281069	0.197909	0.017881	0.240364	0.220160	0.079458	0.205590	0.205555	0.280040	0.181056	0.048302	1,2,3,4,4,3	72.068060	0.610249	0.620336	0.606853	2.692385	2.692385	0.606853	
618000	-118241	1,1,1,2,3,4	71.777163	4.837582	4.837582	4.837582	5.420078	5.645820	5.575669	1,2,3,4,1,5	71.693502	0.646741	0.036266	0.166817	0.150176	0.089617	0.625819	0.044125	0.240439	0.186282	0.218442	0.545945	0.049332	0.336636	0.019685	0.070189	0.573491	0.646741	0.036266	0.166817	0.150176	0.113606	0.481842	0.184584	0.219968	1,2,3,3,4,1	71.882566	0.160573	0.291422	0.275749	0.059268	0.083714	0.129275	0.001886	0.098709	0.363397	0.105595	0.106808	0.323606	0.026590	0.117699	0.050123	0.132129	0.308169	0.365289	0.026590	0.117699	0.050123	0.132129	0.308169	0.365289	0.103313	0.321222	0.146175	0.031125	0.328650	0.069515	0.160573	0.291422	0.275749	0.059268	0.083714	0.129275	1,2,1,3,4,5	72.753467	0.607780	0.819553	0.607780	1.559029	1.761893	0.686758	
619000	-116557	1,2,1,3,4,5	70.297434	5.030313	4.881005	5.030313	5.247593	5.359623	6.517344	1,2,3,4,1,2	72.971119	0.429716	0.093861	0.227573	0.248850	0.175567	0.236479	0.192909	0.395045	0.082613	0.399062	0.409725	0.108600	0.261106	0.028134	0.205119	0.505641	0.429716	0.093861	0.227573	0.248850	0.175567	0.236479	0.192909	0.395045	1,2,3,4,5,5	72.692021	0.002280	0.471498	0.140498	0.230471	0.053662	0.101590	0.213014	0.033080	0.307249	0.022391	0.244754	0.179512	0.000879	0.078586	0.358711	0.230045	0.242631	0.089148	0.227285	0.122173	0.116986	0.316889	0.091011	0.125655	0.037430	0.310578	0.323427	0.200304	0.074122	0.054139	0.037430	0.310578	0.323427	0.200304	0.074122	0.054139	1,2,1,3,4,1	71.653453	0.602569	0.618426	0.602569	1.200369	1.450682	0.602569	
620000	-115562	1,2,3,2,1,4	72.629168	5.432136	5.047359	6.772917	5.047359	5.432136	5.149383	1,2,3,4,1,2	71.976447	0.478627	0.018447	0.380468	0.122457	0.123190	0.237094	0.198818	0.440898	0.000090	0.629382	0.335253	0.035275	0.225045	0.058701	0.115319	0.600934	0.478627	0.018447	0.380468	0.122457	0.123190	0.237094	0.198818	0.440898	1,1,2,3,1,4	72.291097	0.165316	0.112874	0.259697	0.070765	0.331297	0.060050	0.165316	0.112874	0.259697	0.070765	0.331297	0.060050	0.018505	0.007162	0.076936	0.176217	0.325480	0.395700	0.014133	0.265903	0.225725	0.008146	0.146637	0.339457	0.165316	0.112874	0.259697	0.070765	0.331297	0.060050	0.105325	0.288945	0.189385	0.179376	0.192697	0.044272	1,2,1,3,4,2	71.227191	0.583378	0.596695	0.583378	1.836189	1.743073	0.596695	
621000	-116520	1,2,1,3,4,5	71.375206	4.423895	5.110043	4.423895	5.889468	5.603357	6.534925	1,2,3,4,1,5	71.738836	0.445720	0.024983	0.295600	0.233696	0.203038	0.398506	0.028220	0.370236	0.091769	0.396163	0.295469	0.216599	0.205398	0.091946	0.193689	0.508968	0.445720	0.024983	0.295600	0.233696	0.101434	0.201947	0.323681	0.372939	1,2,3,4,5,1	70.012352	0.184967	0.397040	0.146055	0.151821	0.048802	0.071314	0.031448	0.280440	0.060062	0.077299	0.081477	0.469273	0.034540	0.395221	0.164810	0.221839	0.101138	0.082452	0.022046	0.078426	0.301751	0.392441	0.037377	0.167959	0.051771	0.168165	0.104924	0.261848	0.345347	0.067945	0.184967	0.397040	0.146055	0.151821	0.048802	0.071314	1,2,1,3,4,1	71.149952	0.602664	0.640438	0.602664	1.713032	1.807323	0.602664	
622000	-118234	1,2,3,4,5,6	70.720231	4.959103	5.502032	5.544900	4.775732	5.551909	5.858896	1,2,3,2,4,5	72.127567	0.381816	0.059841	0.431791	0.126552	0.274440	0.147500	0.152251	0.425808	0.099622	0.439193	0.415549	0.045636	0.274440	0.147500	0.152251	0.425808	0.663327	0.010559	0.088870	0.237244	0.121358	0.197712	0.423733	0.257197	1,1,2,1,1,1	71.605331	0.059033	0.212918	0.263004	0.200143	0.133669	0.131234	0.059033	0.212918	0.263004	0.200143	0.133669	0.131234	0.090172	0.146152	0.143350	0.209521	0.260571	0.150234	0.059033	0.212918	0.263004	0.200143	0.133669	0.131234	0.059033	0.212918	0.263004	0.200143	0.133669	0.131234	0.059033	0.212918	0.263004	0.200143	0.133669	0.131234	1,1,2,3,4,2	71.666607	0.690255	0.690255	0.702848	1.567716	2.782040	0.702848	
623000	-117102	1,1,1,1,2,3	72.155095	4.932022	4.932022	4.932022	4.932022	5.356508	5.957304	1,2,3,2,4,5	71.272636	0.438253	0.030123	0.369095	0.162529	0.158663	0.232647	0.068115	0.540574	0.064519	0.447094	0.180583	0.307804	0.158663	0.232647	0.068115	0.540574	0.459883	0.062147	0.182219	0.295750	0.059854	0.258511	0.382961	0.298675	1,1,2,3,1,1	71.806544	0.171588	0.208335	0.227728	0.215817	0.100168	0.076364	0.171588	0.208335	0.227728	0.215817	0.100168	0.076364	0.107343	0.018418	0.039924	0.689166	0.027615	0.117533	0.112067	0.131460	0.272617	0.124888	0.048368	0.310600	0.171588	0.208335	0.227728	0.215817	0.100168	0.076364	0.171588	0.208335	0.227728	0.215817	0.100168	0.076364	1,2,3,4,4,5	71.709282	0.595566	0.579685	0.343390	1.838811	1.838811	0.589599	
624000	-115881	1,1,1,2,3,4	70.390967	4.871423	4.871423	4.871423	5.471696	5.383743	5.583876	1,2,3,4,1,5	69.794922	0.410463	0.020381	0.375515	0.193642	0.111529	0.356968	0.188309	0.343193	0.066106	0.401622	0.268329	0.263942	0.167520	0.071908	0.205017	0.555555	0.410463	0.020381	0.375515	0.193642	0.096287	0.234192	0.478851	0.190670	1,2,3,2,4,2	72.020842	0.096782	0.224640	0.109063	0.173974	0.296269	0.099271	0.146834	0.223379	0.240863	0.096243	0.129023	0.163658	0.012727	0.034369	0.218126	0.339525	0.270864	0.124390	0.146834	0.223379	0.240863	0.096243	0.129023	0.163658	0.020058	0.083573	0.212946	0.049359	0.583936	0.050127	0.146834	0.223379	0.240863	0.096243	0.129023	0.163658	1,2,1,3,4,1	70.609422	0.594980	0.664301	0.594980	1.836575	2.050558	0.594980	
625000	-116362	1,1,2,2,3,4	72.362629	5.013289	5.013289	4.951741	4.951741	5.468174	6.733927	1,2,3,4,5,3	70.563714	0.445076	0.054905	0.436183	0.063835	0.137446	0.368979	0.118386	0.375188	0.097446	0.485578	0.267957	0.149019	0.073612	0.030924	0.193063	0.702401	0.282483	0.044618	0.518853	0.154046	0.097446	0.485578	0.267957	0.149019	1,2,3,4,5,1	70.308507	0.287134	0.170276	0.215063	0.202836	0.024235	0.100455	0.094024	0.443260	0.146932	0.011379	0.174292	0.130112	0.079086	0.108102	0.184209	0.164091	0.393423	0.071089	0.042165	0.014229	0.514597	0.118411	0.097926	0.212672	0.042912	0.259066	0.277413	0.261710	0.123758	0.035140	0.287134	0.170276	0.215063	0.202836	0.024235	0.100455	1,2,1,3,3,4	69.346851	0.476603	0.606860	0.476603	1.980889	1.980889	0.567894	
626000	-117554	1,1,2,1,3,4	73.157517	5.112448	5.112448	6.402299	5.112448	5.721989	6.054904	1,2,3,4,1,2	72.350104	0.426271	0.013047	0.319184	0.241498	0.128232	0.369160	0.190426	0.312183	0.028226	0.552773	0.249663	0.169339	0.404103	0.080469	0.160396	0.355031	0.426271	0.013047	0.319184	0.241498	0.128232	0.369160	0.190426	0.312183	1,2,3,4,1,1	71.757376	0.212524	0.345410	0.242364	0.078937	0.039724	0.081042	0.072020	0.160246	0.547422	0.020438	0.140594	0.059280	0.088756	0.022886	0.150390	0.227949	0.394438	0.115581	0.138885	0.127315	0.057473	0.000148	0.420407	0.255772	0.212524	0.345410	0.242364	0.078937	0.039724	0.081042	0.212524	0.345410	0.242364	0.078937	0.039724	0.081042	1,2,2,3,4,1	72.006292	0.596440	0.610977	0.610977	2.531586	2.276815	0.596440	
627000	-116657	1,2,3,4,1,3	71.492336	4.918511	5.400474	4.321117	5.603001	4.918511	4.321117	1,2,3,4,5,3	71.196696	0.344757	0.238809	0.315215	0.101219	0.202277	0.243322	0.176482	0.377919	0.041863	0.539493	0.185987	0.232657	0.035741	0.213596	0.118609	0.632054	0.281849	0.214459	0.266721	0.236970	0.041863	0.539493	0.185987	0.232657	1,2,3,1,1,1	70.115144	0.006032	0.296899	0.463143	0.066604	0.017167	0.150155	0.113528	0.011466	0.256430	0.169892	0.277628	0.171056	0.006628	0.010408	0.000817	0.755154	0.185860	0.041133	0.006032	0.296899	0.463143	0.066604	0.017167	0.150155	0.006032	0.296899	0.463143	0.066604	0.017167	0.150155	0.006032	0.296899	0.463143	0.066604	0.017167	0.150155	1,2,2,3,3,4	73.150717	0.642541	0.656841	0.656841	1.758617	1.758617	0.665206	
628000	-116364	1,1,2,3,4,5	72.034803	5.300703	5.300703	5.259522	5.406217	5.687723	6.789368	1,2,3,4,1,5	69.722142	0.469622	0.057948	0.321781	0.150648	0.140701	0.475378	0.190170	0.193751	0.200834	0.396237	0.249451	0.153478	0.105798	0.259653	0.067461	0.567087	0.469622	0.057948	0.321781	0.150648	0.159454	0.276036	0.405461	0.159048	1,2,3,4,5,1	70.452158	0.176327	0.300472	0.214874	0.121016	0.016692	0.170619	0.041049	0.072307	0.386255	0.112830	0.240780	0.146779	0.067493	0.050285	0.154470	0.222629	0.443018	0.062105	0.178167	0.082637	0.256806	0.014906	0.022435	0.445049	0.180862	0.182323	0.204622	0.178677	0.208804	0.044711	0.176327	0.300472	0.214874	0.121016	0.016692	0.170619	1,2,1,3,3,1	71.095647	0.614221	0.638645	0.614221	2.227464	2.227464	0.614221	
629000	-117644	1,1,2,3,1,4	70.266217	4.770244	4.770244	6.090693	5.737597	4.770244	6.199604	1,2,3,4,5,2	72.082312	0.274116	0.085760	0.530580	0.109544	0.168991	0.222817	0.377759	0.230433	0.106946	0.440444	0.225392	0.227217	0.127348	0.247981	0.098279	0.526392	0.770758	0.021983	0.118104	0.089154	0.168991	0.222817	0.377759	0.230433	1,2,3,4,3,1	73.415241	0.074209	0.287140	0.215134	0.160132	0.087484	0.175901	0.108425	0.264104	0.390264	0.027344	0.157791	0.052072	0.024444	0.330534	0.332146	0.133587	0.119162	0.060126	0.077823	0.193861	0.173278	0.351914	0.025390	0.177733	0.024444	0.330534	0.332146	0.133587	0.119162	0.060126	0.074209	0.287140	0.215134	0.160132	0.087484	0.175901	1,2,1,3,4,1	71.344928	0.621097	0.674447	0.621097	3.522108	2.222238	0.621097	
630000	-118997	1,2,1,1,3,4	70.970286	4.342933	4.507826	4.342933	4.342933	5.082272	5.836692	1,2,2,3,4,2	69.921790	0.219405	0.033386	0.684229	0.062980	0.132778	0.235791	0.318682	0.312750	0.132778	0.235791	0.318682	0.312750	0.328273	0.104744	0.193662	0.373321	0.345785	0.009746	0.331529	0.312941	0.132778	0.235791	0.318682	0.312750	1,2,1,3,4,1	71.298292	0.176613	0.189477	0.142792	0.257337	0.103140	0.130641	0.075564	0.110471	0.344496	0.002865	0.374964	0.091639	0.176613	0.189477	0.142792	0.257337	0.103140	0.130641	0.162365	0.014201	0.206435	0.125114	0.272836	0.219048	0.103015	0.266795	0.169062	0.246213	0.202818	0.012097	0.176613	0.189477	0.142792	0.257337	0.103140	0.130641	1,1,2,3,4,5	69.808786	0.605816	0.605816	0.698226	1.538293	2.107355	0.552114	
631000	-116368	1,2,3,4,4,2	70.393714	4.802671	4.659507	5.864889	5.511656	5.511656	4.659507	1,2,3,2,1,4	70.350331	0.478754	0.041897	0.330373	0.148975	0.101683	0.207941	0.095492	0.594885	0.068598	0.569109	0.321056	0.041238	0.101683	0.207941	0.095492	0.594885	0.478754	0.041897	0.330373	0.148975	0.031094	0.341894	0.570381	0.056631	1,2,3,4,1,1	72.813789	0.064948	0.352929	0.354643	0.066717	0.089975	0.070789	0.022801	0.398385	0.291242	0.060855	0.129042	0.097675	0.107226	0.021573	0.082491	0.090478	0.351128	0.347104	0.057539	0.088295	0.174324	0.168002	0.022941	0.488899	0.064948	0.352929	0.354643	0.066717	0.089975	0.070789	0.064948	0.352929	0.354643	0.066717	0.089975	0.070789	1,2,1,3,4,2	70.713268	0.585934	0.676117	0.585934	2.452032	1.848309	0.676117	
632000	-118518	1,1,2,3,4,5	71.360626	4.814794	4.814794	5.188434	4.776862	5.421580	5.875356	1,2,3,2,4,5	70.682948	0.488561	0.266046	0.176684	0.068709	0.095532	0.291746	0.061353	0.551369	0.133551	0.210477	0.528046	0.127927	0.095532	0.291746	0.061353	0.551369	0.573445	0.087686	0.163410	0.175459	0.150883	0.215313	0.421863	0.211942	1,2,3,1,2,4	71.298354	0.069954	0.197063	0.295385	0.061905	0.024241	0.351452	0.080638	0.442819	0.261535	0.010434	0.108323	0.096251	0.318518	0.266562	0.000124	0.117942	0.240947	0.055906	0.069954	0.197063	0.295385	0.061905	0.024241	0.351452	0.080638	0.442819	0.261535	0.010434	0.108323	0.096251	0.206239	0.134115	0.142649	0.210871	0.214765	0.091363	1,1,2,3,4,5	71.412828	0.588692	0.588692	0.720830	2.591311	2.933616	0.581358	
633000	-116131	1,2,3,1,4,5	71.763678	4.995975	5.613267	5.657468	4.995975	5.173918	5.639595	1,2,3,4,5,3	71.007485	0.561919	0.023335	0.392351	0.022394	0.167175	0.253239	0.188445	0.391141	0.100908	0.359822	0.340440	0.198830	0.227450	0.003877	0.216001	0.552673	0.470848	0.024769	0.068499	0.435884	0.100908	0.359822	0.340440	0.198830	1,1,2,3,4,5	71.300549	0.032688	0.124561	0.381516	0.069507	0.229810	0.161919	0.032688	0.124561	0.381516	0.069507	0.229810	0.161919	0.022424	0.193446	0.234331	0.224106	0.097447	0.228246	0.010478	0.055093	0.404803	0.082300	0.096392	0.350935	0.058834	0.469554	0.080943	0.253511	0.047927	0.089232	0.074410	0.356502	0.153560	0.168741	0.132482	0.114305	1,2,3,4,5,6	71.702469	0.592451	0.655442	0.644713	1.656881	1.634724	0.564073	
634000	-116485	1,2,1,1,3,1	71.635342	4.989435	5.182082	4.989435	4.989435	5.752524	4.989435	1,2,3,4,5,2	70.187079	0.235628	0.046480	0.689478	0.028414	0.205346	0.243498	0.201738	0.349418	0.011049	0.573837	0.252905	0.162210	0.236081	0.171383	0.139022	0.453514	0.640779	0.103729	0.208945	0.046548	0.205346	0.243498	0.201738	0.349418	1,2,3,4,2,5	72.362840	0.250713	0.108370	0.432464	0.020158	0.089768	0.098526	0.041309	0.179707	0.284951	0.076969	0.261903	0.155161	0.270453	0.341285	0.017718	0.185922	0.180574	0.004047	0.009881	0.080027	0.149847	0.099407	0.079418	0.581420	0.041309	0.179707	0.284951	0.076969	0.261903	0.155161	0.072735	0.150732	0.205103	0.314274	0.096524	0.160633	1,2,1,3,4,2	71.364212	0.579143	0.670348	0.579143	1.207160	2.371100	0.670348	
635000	-118537	1,1,1,1,2,3	71.467402	4.657574	4.657574	4.657574	4.657574	5.255737	5.416926	1,2,3,4,5,3	71.332093	0.307951	0.171732	0.397532	0.122785	0.270778	0.435680	0.152087	0.141455	0.032682	0.274335	0.482248	0.210735	0.170610	0.207909	0.075062	0.546419	0.406835	0.103251	0.257197	0.232716	0.032682	0.274335	0.482248	0.210735	1,1,2,3,1,3	70.049596	0.019706	0.265158	0.303500	0.012812	0.284990	0.113835	0.019706	0.265158	0.303500	0.012812	0.284990	0.113835	0.212491	0.186720	0.075965	0.220748	0.280203	0.023874	0.008065	0.340340	0.254580	0.091129	0.122054	0.183833	0.019706	0.265158	0.303500	0.012812	0.284990	0.113835	0.008065	0.340340	0.254580	0.091129	0.122054	0.183833	1,2,3,4,4,5	72.058203	0.592431	0.644479	0.654498	2.969834	2.969834	0.582252	
636000	-118581	1,1,1,2,3,4	70.366115	4.319241	4.319241	4.319241	5.183570	5.361990	5.310083	1,2,3,4,1,3	70.357092	0.342062	0.061726	0.243282	0.352930	0.150533	0.444613	0.143750	0.261104	0.066676	0.444758	0.154727	0.333839	0.281810	0.023882	0.262882	0.431426	0.342062	0.061726	0.243282	0.352930	0.066676	0.444758	0.154727	0.333839	1,2,3,4,1,5	72.324039	0.026496	0.427511	0.159536	0.109759	0.225107	0.051590	0.097373	0.213947	0.176941	0.009940	0.337024	0.164775	0.049472	0.166444	0.003478	0.645123	0.087083	0.048400	0.239705	0.000735	0.049432	0.347298	0.282726	0.080103	0.026496	0.427511	0.159536	0.109759	0.225107	0.051590	0.030290	0.789430	0.044034	0.050859	0.061653	0.023734	1,1,2,3,3,1	70.563330	0.607456	0.607456	0.660418	2.174392	2.174392	0.607456	
637000	-116600	1,2,2,3,4,3	71.599076	5.885227	4.928177	4.928177	5.914738	5.539996	5.914738	1,2,2,3,4,5	71.205191	0.462903	0.110198	0.394257	0.032641	0.149146	0.437324	0.214211	0.199319	0.149146	0.437324	0.214211	0.199319	0.157138	0.117564	0.158290	0.567009	0.729827	0.004255	0.145783	0.120134	0.100507	0.325779	0.171910	0.401804	1,2,3,4,2,5	71.487474	0.072852	0.054215	0.571735	0.087889	0.102407	0.110902	0.031892	0.319189	0.327360	0.026140	0.206911	0.088508	0.010765	0.043600	0.083044	0.429671	0.386308	0.046612	0.023197	0.003170	0.141914	0.486793	0.146324	0.198601	0.031892	0.319189	0.327360	0.026140	0.206911	0.088508	0.116418	0.404738	0.259590	0.096903	0.008076	0.114274	1,2,2,3,3,2	69.686143	0.483555	0.623096	0.623096	1.772380	1.772380	0.623096	
638000	-116182	1,2,3,2,4,5	71.542748	5.610944	4.874953	6.219652	4.874953	5.432038	5.808689	1,2,3,2,1,4	70.361274	0.490551	0.035709	0.325318	0.148422	0.138592	0.175952	0.218322	0.467135	0.070738	0.494294	0.309806	0.125162	0.138592	0.175952	0.218322	0.467135	0.490551	0.035709	0.325318	0.148422	0.194624	0.203240	0.242701	0.359434	1,1,2,3,4,1	71.710901	0.116914	0.152399	0.291465	0.145684	0.177403	0.116134	0.116914	0.152399	0.291465	0.145684	0.177403	0.116134	0.116674	0.040427	0.013620	0.254582	0.465152	0.109544	0.182480	0.089750	0.344974	0.131303	0.057391	0.194101	0.082940	0.194060	0.389462	0.094543	0.219257	0.019739	0.116914	0.152399	0.291465	0.145684	0.177403	0.116134	1,1,1,2,3,1	69.769709	0.616803	0.616803	0.616803	2.132924	1.940687	0.616803	
639000	-117353	1,1,2,3,4,5	71.445156	4.617870	4.617870	6.359914	6.128179	5.494043	6.514375	1,2,3,4,1,5	71.797163	0.397284	0.144278	0.272291	0.186147	0.170950	0.511803	0.080518	0.236729	0.032633	0.676222	0.097616	0.193529	0.074967	0.000739	0.170672	0.753622	0.397284	0.144278	0.272291	0.186147	0.169996	0.084976	0.608731	0.136296	1,2,3,4,2,3	70.650386	0.056553	0.495547	0.188255	0.062064	0.004708	0.192874	0.025771	0.264285	0.290992	0.101008	0.235585	0.082359	0.237428	0.322255	0.226620	0.139814	0.031974	0.041910	0.553670	0.056438	0.209984	0.054263	0.003743	0.121903	0.025771	0.264285	0.290992	0.101008	0.235585	0.082359	0.237428	0.322255	0.226620	0.139814	0.031974	0.041910	1,2,1,3,4,5	69.429799	0.638658	0.639036	0.638658	2.031581	2.766287	0.494792	
640000	-117931	1,2,3,3,4,5	69.858979	5.366079	4.630248	4.625559	4.625559	5.679393	6.588833	1,2,3,4,1,5	72.455110	0.478509	0.010183	0.367950	0.143358	0.494867	0.154748	0.120612	0.229773	0.001516	0.249528	0.500129	0.248827	0.027432	0.087461	0.048429	0.836678	0.478509	0.010183	0.367950	0.143358	0.117714	0.346147	0.458711	0.077428	1,2,3,4,5,6	71.457645	0.175335	0.075653	0.131405	0.149492	0.397821	0.070294	0.109910	0.106543	0.145630	0.086380	0.483935	0.067601	0.210779	0.051978	0.063182	0.345080	0.207351	0.121630	0.009285	0.139021	0.164643	0.500526	0.046626	0.139898	0.039338	0.104430	0.207320	0.004567	0.641185	0.003161	0.395872	0.235882	0.110556	0.136027	0.062263	0.059399	1,1,1,2,2,3	71.877839	0.586914	0.586914	0.586914	2.055791	2.055791	0.475854	
641000	-116098	1,2,3,3,4,5	72.175390	5.135397	5.619125	4.134316	4.134316	5.690546	6.005974	1,2,3,4,5,6	72.862223	0.382605	0.014062	0.511563	0.091769	0.101442	0.489010	0.113542	0.296006	0.211075	0.525929	0.149948	0.113049	0.151699	0.132725	0.038752	0.676824	0.610884	0.039729	0.127351	0.222035	0.204121	0.276299	0.332832	0.186748	1,2,3,4,5,2	71.320173	0.247516	0.134985	0.243446	0.268254	0.011518	0.094281	0.045756	0.074453	0.338241	0.197202	0.177025	0.167324	0.080184	0.003913	0.117903	0.270814	0.162577	0.364609	0.269047	0.139135	0.159684	0.114335	0.036224	0.281576	0.073540	0.379987	0.158595	0.056296	0.228828	0.102754	0.045756	0.074453	0.338241	0.197202	0.177025	0.167324	1,2,1,3,4,1	73.014541	0.575173	0.731166	0.575173	1.599670	1.701439	0.575173	
642000	-115811	1,2,1,3,4,5	69.767801	5.123752	5.838430	5.123752	5.187107	5.065575	5.925303	1,2,3,4,5,6	71.093044	0.327434	0.139749	0.497937	0.034880	0.185550	0.303219	0.062174	0.449057	0.066444	0.515941	0.196109	0.221506	0.207560	0.127150	0.062503	0.602787	0.376857	0.137261	0.122353	0.363530	0.147772	0.398965	0.309273	0.143989	1,2,3,2,3,4	70.379887	0.028505	0.157831	0.443331	0.021563	0.063168	0.285602	0.103076	0.073320	0.216613	0.072883	0.090893	0.443215	0.047643	0.286558	0.199107	0.303758	0.115202	0.047732	0.103076	0.073320	0.216613	0.072883	0.090893	0.443215	0.047643	0.286558	0.199107	0.303758	0.115202	0.047732	0.234905	0.236926	0.178888	0.096929	0.080840	0.171512	1,2,1,3,4,5	72.559191	0.618270	0.694168	0.618270	1.697389	2.154724	0.703858	
643000	-117899	1,2,3,4,5,6	72.857488	4.534394	4.900639	6.127808	5.822598	4.882244	5.374842	1,2,3,2,1,4	70.433875	0.351869	0.189035	0.309059	0.150036	0.177241	0.088605	0.108975	0.625178	0.266088	0.361832	0.220441	0.151639	0.177241	0.088605	0.108975	0.625178	0.351869	0.189035	0.309059	0.150036	0.055851	0.380388	0.462089	0.101672	1,2,3,4,1,5	72.552178	0.001233	0.332857	0.297832	0.120307	0.140231	0.107540	0.111227	0.197624	0.309814	0.032170	0.186640	0.162524	0.070532	0.006080	0.556194	0.170557	0.147851	0.048786	0.071234	0.245439	0.139582	0.272320	0.045590	0.225836	0.001233	0.332857	0.297832	0.120307	0.140231	0.107540	0.170553	0.272113	0.384323	0.021070	0.056107	0.095834	1,1,1,2,2,3	72.125170	0.624375	0.624375	0.624375	2.447230	2.447230	0.603143	
644000	-115598	1,2,2,3,1,4	71.876398	5.141040	5.679715	5.679715	5.693021	5.141040	4.878006	1,2,3,4,5,3	70.196315	0.316847	0.039134	0.526707	0.117311	0.154081	0.286297	0.117173	0.442448	0.147096	0.434291	0.301990	0.116623	0.232843	0.048944	0.048331	0.669882	0.457024	0.160835	0.218032	0.164109	0.147096	0.434291	0.301990	0.116623	1,2,2,3,4,4	70.146347	0.224902	0.187669	0.193624	0.360067	0.001465	0.032272	0.040737	0.108473	0.363425	0.168428	0.236249	0.082689	0.040737	0.108473	0.363425	0.168428	0.236249	0.082689	0.177251	0.038663	0.149258	0.027752	0.095712	0.511363	0.029284	0.334937	0.266397	0.091767	0.055302	0.222313	0.029284	0.334937	0.266397	0.091767	0.055302	0.222313	1,1,2,3,4,1	70.707283	0.627217	0.627217	0.637168	2.143048	2.971856	0.627217	
645000	-116895	1,1,1,2,3,4	71.623213	4.456221	4.456221	4.456221	5.433326	5.120004	5.640528	1,2,3,4,5,6	72.478264	0.299545	0.151637	0.478705	0.070114	0.312674	0.341220	0.019746	0.326360	0.004519	0.303538	0.133655	0.558288	0.025115	0.198650	0.191967	0.584268	0.379298	0.091109	0.115891	0.413703	0.049109	0.359408	0.492959	0.098523	1,2,3,1,4,5	70.359391	0.023210	0.239144	0.637150	0.003722	0.009470	0.087304	0.046046	0.547947	0.088314	0.000524	0.112538	0.204631	0.319572	0.070684	0.383094	0.203467	0.022944	0.000239	0.023210	0.239144	0.637150	0.003722	0.009470	0.087304	0.049128	0.617140	0.100530	0.140489	0.040155	0.052557	0.103570	0.315639	0.368082	0.030536	0.109760	0.072413	1,1,1,2,2,3	70.544201	0.637143	0.637143	0.637143	2.599044	2.599044	0.613204	
646000	-117561	1,1,2,1,3,1	70.051239	4.701963	4.701963	6.324352	4.701963	5.440184	4.701963	1,2,3,4,5,3	71.068298	0.649613	0.030491	0.168007	0.151889	0.101592	0.463472	0.064202	0.370734	0.037407	0.599045	0.256944	0.106604	0.104061	0.234966	0.304085	0.356888	0.483081	0.069134	0.213169	0.234616	0.037407	0.599045	0.256944	0.106604	1,2,1,3,2,2	70.766146	0.089816	0.106467	0.138309	0.226059	0.394428	0.044921	0.021969	0.378077	0.319508	0.054640	0.132472	0.093333	0.089816	0.106467	0.138309	0.226059	0.394428	0.044921	0.009812	0.239125	0.307814	0.204723	0.100333	0.138191	0.021969	0.378077	0.319508	0.054640	0.132472	0.093333	0.021969	0.378077	0.319508	0.054640	0.132472	0.093333	1,1,2,3,3,4	71.682089	0.621067	0.621067	0.573189	2.355923	2.355923	0.654544	
647000	-115125	1,2,3,4,5,6	71.094072	4.787773	5.107957	6.166622	5.948123	5.046583	5.082482	1,2,3,4,5,3	72.103815	0.455783	0.048559	0.362299	0.133359	0.232306	0.428731	0.056066	0.282897	0.068730	0.476988	0.323227	0.131055	0.062173	0.020291	0.167633	0.749903	0.606947	0.107758	0.174891	0.110404	0.068730	0.476988	0.323227	0.131055	1,2,1,3,4,4	70.479436	0.034257	0.186522	0.171401	0.151780	0.351580	0.104459	0.194309	0.166237	0.153797	0.057573	0.149696	0.278389	0.034257	0.186522	0.171401	0.151780	0.351580	0.104459	0.039725	0.127500	0.183257	0.536690	0.009688	0.103141	0.005718	0.270047	0.458935	0.093915	0.081195	0.090190	0.005718	0.270047	0.458935	0.093915	0.081195	0.090190	1,1,1,2,2,1	70.767350	0.611196	0.611196	0.611196	1.872126	1.872126	0.611196	
648000	-116422	1,2,3,1,4,5	71.887044	4.114486	5.500858	5.390961	4.114486	5.672883	5.619953	1,2,3,2,4,5	72.407119	0.512723	0.022924	0.211984	0.252369	0.174618	0.304072	0.043142	0.478168	0.042215	0.419997	0.367079	0.170709	0.174618	0.304072	0.043142	0.478168	0.560539	0.034504	0.204127	0.200830	0.279921	0.148665	0.378868	0.192546	1,2,1,3,1,2	70.860505	0.052439	0.132920	0.152895	0.302194	0.300635	0.058917	0.065486	0.113320	0.304477	0.147621	0.139549	0.229548	0.052439	0.132920	0.152895	0.302194	0.300635	0.058917	0.114897	0.042177	0.348481	0.052283	0.009207	0.432955	0.052439	0.132920	0.152895	0.302194	0.300635	0.058917	0.065486	0.113320	0.304477	0.147621	0.139549	0.229548	1,2,2,3,3,2	70.459573	0.597625	0.594526	0.594526	2.165726	2.165726	0.594526	
649000	-117783	1,2,3,1,4,5	70.360858	5.028793	5.014132	5.675647	5.028793	5.650618	5.416234	1,2,3,4,5,3	72.316951	0.193243	0.072750	0.706839	0.027167	0.135808	0.262824	0.028961	0.572407	0.109621	0.431528	0.257574	0.201277	0.129878	0.176913	0.046255	0.646953	0.399966	0.015772	0.269550	0.314713	0.109621	0.431528	0.257574	0.201277	1,2,3,4,5,2	72.709842	0.363255	0.057570	0.278527	0.085334	0.006422	0.208892	0.115912	0.190395	0.263736	0.146222	0.135975	0.147760	0.086280	0.111306	0.048231	0.198625	0.408521	0.147038	0.061037	0.403935	0.103053	0.045101	0.008807	0.378067	0.000494	0.134217	0.298380	0.294497	0.137813	0.134599	0.115912	0.190395	0.263736	0.146222	0.135975	0.147760	1,1,2,3,4,1	71.689942	0.640682	0.640682	0.607473	1.959582	2.184160	0.640682	
650000	-116587	1,2,2,3,4,4	72.184501	5.632975	4.382469	4.382469	6.063457	5.535765	5.535765	1,2,3,4,5,6	72.306823	0.656435	0.016907	0.272423	0.054234	0.158176	0.615685	0.064250	0.161889	0.110501	0.409832	0.267861	0.211805	0.044134	0.021675	0.259079	0.675112	0.684933	0.019057	0.216312	0.079697	0.083337	0.409840	0.387381	0.119443	1,2,3,4,2,2	69.641387	0.310112	0.046625	0.074308	0.315673	0.218611	0.034671	0.045034	0.282322	0.329395	0.065327	0.117864	0.160059	0.113834	0.147468	0.035832	0.411794	0.167135	0.123937	0.116905	0.013831	0.361644	0.076452	0.047395	0.383774	0.045034	0.282322	0.329395	0.065327	0.117864	0.160059	0.045034	0.282322	0.329395	0.065327	0.117864	0.160059	1,2,3,4,5,6	71.755633	0.511659	0.853542	0.624185	1.646429	1.706830	0.722168	
651000	-117075	1,2,3,2,4,5	69.282984	5.028621	4.792217	5.042156	4.792217	5.568394	5.866688	1,2,3,2,1,4	70.485213	0.496375	0.014502	0.347737	0.141386	0.099389	0.261939	0.141184	0.497488	0.034777	0.431469	0.134989	0.398765	0.099389	0.261939	0.141184	0.497488	0.496375	0.014502	0.347737	0.141386	0.288622	0.219321	0.235181	0.256876	1,2,3,4,1,2	69.130382	0.124856	0.111256	0.161351	0.115374	0.457113	0.030050	0.243759	0.060730	0.349759	0.085660	0.145139	0.114953	0.019358	0.150585	0.057229	0.458401	0.249016	0.065410	0.016954	0.017310	0.324557	0.185052	0.019643	0.436484	0.124856	0.111256	0.161351	0.115374	0.457113	0.030050	0.243759	0.060730	0.349759	0.085660	0.145139	0.114953	1,2,1,3,4,1	71.798750	0.578807	0.680952	0.578807	1.991596	1.992303	0.578807	
652000	-116513	1,2,3,4,5,6	70.863244	4.664000	5.643624	6.040749	5.044479	5.446950	5.512307	1,2,3,4,5,2	69.092307	0.493193	0.061969	0.290306	0.154532	0.200034	0.238074	0.196884	0.365009	0.037023	0.366889	0.209471	0.386618	0.146635	0.101986	0.255327	0.496051	0.612624	0.064495	0.161926	0.160955	0.200034	0.238074	0.196884	0.365009	1,2,3,4,2,1	69.522869	0.097338	0.229553	0.235549	0.204840	0.148058	0.084663	0.029350	0.388355	0.232224	0.094112	0.128550	0.127409	0.028065	0.220069	0.612461	0.107760	0.019260	0.012385	0.070124	0.128497	0.414408	0.021129	0.012469	0.353374	0.029350	0.388355	0.232224	0.094112	0.128550	0.127409	0.097338	0.229553	0.235549	0.204840	0.148058	0.084663	1,2,1,3,4,2	70.991335	0.560986	0.514781	0.560986	1.789026	2.848988	0.514781	
653000	-115622	1,2,1,2,3,2	71.809265	4.968387	6.760852	4.968387	6.760852	5.833772	6.760852	1,2,3,4,5,6	71.636913	0.456233	0.047832	0.208437	0.287498	0.186809	0.266900	0.123571	0.422720	0.079221	0.396103	0.505020	0.019656	0.106206	0.002526	0.038718	0.852550	0.498639	0.011029	0.231787	0.258545	0.210357	0.249840	0.342576	0.197227	1,2,3,2,4,5	70.083520	0.082256	0.256404	0.134358	0.398809	0.078705	0.049468	0.042394	0.147929	0.169640	0.174757	0.231857	0.233423	0.173705	0.027440	0.040533	0.085364	0.643483	0.029475	0.042394	0.147929	0.169640	0.174757	0.231857	0.233423	0.242992	0.296150	0.261979	0.005777	0.139666	0.053436	0.146824	0.224828	0.256606	0.167608	0.095617	0.108516	1,2,3,4,5,6	69.908005	0.585011	0.600536	0.533214	1.868060	1.900376	0.570941	
654000	-118098	1,2,3,1,1,4	72.350925	4.922755	4.956662	6.251451	4.922755	4.922755	5.063706	1,2,3,4,4,3	70.542936	0.302537	0.327457	0.271698	0.098307	0.123837	0.558553	0.044469	0.273141	0.105214	0.477574	0.309952	0.107261	0.231665	0.135751	0.051647	0.580937	0.231665	0.135751	0.051647	0.580937	0.105214	0.477574	0.309952	0.107261	1,2,3,4,5,6	71.452720	0.064540	0.291385	0.267717	0.085692	0.149358	0.141308	0.045050	0.167351	0.462100	0.015493	0.170850	0.139156	0.124545	0.284189	0.049300	0.311848	0.221210	0.008909	0.373711	0.051194	0.048244	0.277306	0.018800	0.230745	0.058017	0.650406	0.129913	0.041846	0.105559	0.014259	0.071219	0.265229	0.395743	0.127841	0.020416	0.119551	1,1,2,3,4,1	71.534853	0.639901	0.639901	0.667906	1.375614	1.501034	0.639901	
655000	-115098	1,2,3,4,5,6	71.973543	5.422378	5.388924	5.361772	6.304505	5.458908	5.939770	1,2,3,4,1,5	70.960146	0.468619	0.015031	0.450231	0.066120	0.211416	0.247346	0.217001	0.324237	0.072174	0.468150	0.421585	0.038091	0.186516	0.032142	0.071096	0.710247	0.468619	0.015031	0.450231	0.066120	0.101523	0.264046	0.376993	0.257437	1,2,3,4,2,1	70.927983	0.127965	0.177455	0.360078	0.138298	0.099415	0.096790	0.032683	0.267611	0.310585	0.015820	0.317296	0.056006	0.014168	0.041175	0.073465	0.300453	0.514070	0.056669	0.028624	0.243715	0.259418	0.136097	0.098450	0.233695	0.032683	0.267611	0.310585	0.015820	0.317296	0.056006	0.127965	0.177455	0.360078	0.138298	0.099415	0.096790	1,2,2,3,4,2	72.772848	0.576484	0.578615	0.578615	2.192202	2.249545	0.578615	
656000	-117571	1,1,1,1,2,3	71.908568	4.901661	4.901661	4.901661	4.901661	5.440649	5.390060	1,2,3,4,1,2	70.782538	0.473388	0.052973	0.296296	0.177343	0.201269	0.304374	0.150623	0.343733	0.032024	0.727967	0.118843	0.121167	0.030008	0.163129	0.296996	0.509866	0.473388	0.052973	0.296296	0.177343	0.201269	0.304374	0.150623	0.343733	1,2,3,1,2,4	70.127571	0.219453	0.244211	0.221814	0.063463	0.105387	0.145672	0.093372	0.268636	0.258230	0.029044	0.255694	0.095024	0.233197	0.031424	0.010045	0.282368	0.238065	0.204902	0.219453	0.244211	0.221814	0.063463	0.105387	0.145672	0.093372	0.268636	0.258230	0.029044	0.255694	0.095024	0.233179	0.131444	0.215282	0.152309	0.052066	0.215720	1,2,2,3,4,2	72.190768	0.540799	0.597340	0.597340	2.252224	2.277748	0.597340	
657000	-117354	1,1,1,2,3,1	70.273753	4.480140	4.480140	4.480140	5.086003	5.497934	4.480140	1,2,3,4,5,6	71.100101	0.552616	0.003127	0.350097	0.094161	0.048797	0.461708	0.163593	0.325902	0.142705	0.637439	0.133758	0.086098	0.364307	0.010042	0.066797	0.558853	0.408669	0.068753	0.168727	0.353851	0.049792	0.516879	0.283867	0.149462	1,2,3,3,1,2	70.040119	0.045248	0.327310	0.346031	0.130044	0.087045	0.064322	0.190655	0.145004	0.363136	0.071082	0.082423	0.147700	0.034224	0.069278	0.117424	0.436213	0.164276	0.178584	0.034224	0.069278	0.117424	0.436213	0.164276	0.178584	0.045248	0.327310	0.346031	0.130044	0.087045	0.064322	0.190655	0.145004	0.363136	0.071082	0.082423	0.147700	1,2,3,4,5,3	71.690747	0.483240	0.773494	0.620879	2.279730	2.370549	0.620879	
658000	-120563	1,2,3,2,4,5	69.723868	5.088054	4.661445	5.731888	4.661445	5.464506	7.045919	1,2,3,4,1,5	69.903989	0.466402	0.011425	0.366864	0.155309	0.119128	0.444121	0.262153	0.174597	0.037184	0.579576	0.191292	0.191948	0.492880	0.225414	0.139328	0.142377	0.466402	0.011425	0.366864	0.155309	0.214606	0.221679	0.261617	0.302099	1,2,3,4,1,1	69.890157	0.076420	0.247180	0.401182	0.150482	0.107466	0.017270	0.052920	0.015153	0.221645	0.123032	0.136668	0.450582	0.038238	0.074681	0.009194	0.409815	0.407950	0.060122	0.202129	0.043078	0.058176	0.129575	0.041463	0.525579	0.076420	0.247180	0.401182	0.150482	0.107466	0.017270	0.076420	0.247180	0.401182	0.150482	0.107466	0.017270	1,2,3,4,5,2	71.840489	0.582986	0.441026	0.714308	1.399169	2.045519	0.441026	
659000	-117457	1,2,2,3,4,5	71.455038	5.269634	4.166486	4.166486	5.437619	4.870379	6.032619	1,2,3,2,1,4	71.272793	0.599388	0.042876	0.275084	0.082651	0.070077	0.195533	0.089740	0.644650	0.045251	0.254217	0.526826	0.173707	0.070077	0.195533	0.089740	0.644650	0.599388	0.042876	0.275084	0.082651	0.153057	0.319394	0.318777	0.208772	1,1,2,3,1,4	70.557245	0.063820	0.166151	0.371553	0.072106	0.225036	0.101335	0.063820	0.166151	0.371553	0.072106	0.225036	0.101335	0.274063	0.045943	0.234379	0.145856	0.243914	0.055845	0.221869	0.001209	0.181610	0.119415	0.025530	0.450366	0.063820	0.166151	0.371553	0.072106	0.225036	0.101335	0.351870	0.140065	0.098342	0.161450	0.049492	0.198782	1,2,3,4,4,1	70.921568	0.618193	0.661075	0.717931	1.819674	1.819674	0.618193	
660000	-117170	1,2,3,4,5,6	70.398559	5.264254	5.285919	5.809428	5.033232	5.157975	6.179020	1,2,3,4,1,5	73.559612	0.447498	0.015674	0.437695	0.099133	0.356070	0.148226	0.190270	0.305435	0.001109	0.732900	0.092531	0.173460	0.169503	0.103731	0.153318	0.573448	0.447498	0.015674	0.437695	0.099133	0.092100	0.486483	0.366010	0.055407	1,2,1,3,4,4	71.458694	0.134026	0.096528	0.203635	0.351673	0.103753	0.110385	0.099569	0.214278	0.290204	0.000419	0.161107	0.234423	0.134026	0.096528	0.203635	0.351673	0.103753	0.110385	0.160789	0.121658	0.266197	0.149070	0.031096	0.271190	0.174344	0.151174	0.397949	0.136519	0.038342	0.101672	0.174344	0.151174	0.397949	0.136519	0.038342	0.101672	1,2,3,4,4,5	71.078638	0.538470	0.625495	0.601182	2.065730	2.065730	0.592403	
661000	-117561	1,1,2,1,1,3	71.623458	3.981365	3.981365	5.865166	3.981365	3.981365	7.132570	1,2,3,1,1,4	71.997906	0.241061	0.049200	0.434421	0.275317	0.288206	0.491047	0.026824	0.193923	0.009917	0.689843	0.226745	0.073495	0.241061	0.049200	0.434421	0.275317	0.241061	0.049200	0.434421	0.275317	0.103538	0.188071	0.339718	0.368673	1,2,3,4,5,1	72.364268	0.144370	0.443761	0.163316	0.149615	0.053425	0.045513	0.043783	0.090229	0.290920	0.092997	0.078915	0.403156	0.011998	0.102950	0.147238	0.289003	0.441280	0.007531	0.030596	0.038357	0.404632	0.081052	0.189261	0.256102	0.125053	0.171127	0.384455	0.036697	0.242600	0.040069	0.144370	0.443761	0.163316	0.149615	0.053425	0.045513	1,2,1,3,4,2	70.014655	0.597574	0.695820	0.597574	1.571314	1.113885	0.695820	
662000	-118953	1,1,1,2,1,3	72.363549	4.464524	4.464524	4.464524	5.002141	4.464524	5.381153	1,2,2,3,4,2	70.464063	0.186225	0.243102	0.492946	0.077727	0.060491	0.280994	0.263728	0.394786	0.060491	0.280994	0.263728	0.394786	0.067551	0.071305	0.424567	0.436576	0.263563	0.257816	0.237559	0.241062	0.060491	0.280994	0.263728	0.394786	1,1,2,3,1,1	70.894485	0.034461	0.395674	0.429459	0.043738	0.079110	0.017557	0.034461	0.395674	0.429459	0.043738	0.079110	0.017557	0.003044	0.400034	0.023316	0.363207	0.162198	0.048201	0.002786	0.035129	0.356214	0.464793	0.066145	0.074932	0.034461	0.395674	0.429459	0.043738	0.079110	0.017557	0.034461	0.395674	0.429459	0.043738	0.079110	0.017557	1,2,1,3,3,4	72.874325	0.609672	0.633376	0.609672	1.562520	1.562520	0.416810	
663000	-114838	1,2,3,4,3,5	71.146350	5.077680	5.689222	5.091484	5.121669	5.091484	5.820516	1,2,3,4,5,6	72.376023	0.532217	0.030552	0.378631	0.058599	0.187191	0.218088	0.122670	0.472051	0.023454	0.613231	0.202658	0.160657	0.122969	0.061702	0.045954	0.769375	0.445150	0.133852	0.287075	0.133923	0.119637	0.263896	0.219676	0.396792	1,1,2,3,1,1	70.543133	0.116152	0.199114	0.312658	0.129815	0.145140	0.097121	0.116152	0.199114	0.312658	0.129815	0.145140	0.097121	0.118631	0.065262	0.063874	0.315863	0.418536	0.017834	0.249798	0.016387	0.127599	0.211834	0.012911	0.381473	0.116152	0.199114	0.312658	0.129815	0.145140	0.097121	0.116152	0.199114	0.312658	0.129815	0.145140	0.097121	1,2,3,4,4,5	71.166984	0.627139	0.654049	0.666418	2.445301	2.445301	0.631322	
664000	-118085	1,1,2,2,3,4	70.374761	4.757751	4.757751	5.096540	5.096540	5.923163	6.399843	1,2,3,4,4,3	70.542168	0.293141	0.079118	0.431558	0.196182	0.177230	0.402820	0.020316	0.399634	0.084678	0.344427	0.350217	0.220678	0.359799	0.088669	0.154608	0.396925	0.359799	0.088669	0.154608	0.396925	0.084678	0.344427	0.350217	0.220678	1,1,2,3,1,4	71.879013	0.030862	0.347529	0.361331	0.036334	0.114819	0.109124	0.030862	0.347529	0.361331	0.036334	0.114819	0.109124	0.125999	0.516757	0.108799	0.131005	0.104397	0.013042	0.219104	0.079396	0.092033	0.392903	0.002967	0.213598	0.030862	0.347529	0.361331	0.036334	0.114819	0.109124	0.339803	0.227964	0.129613	0.112504	0.048467	0.141650	1,2,3,4,5,2	71.557852	0.652672	0.654391	0.546263	3.379648	2.428202	0.654391	
665000	-117545	1,2,3,4,1,5	71.693085	5.043328	5.350561	5.364392	6.947692	5.043328	5.921583	1,2,3,4,5,6	70.953522	0.324652	0.032059	0.612874	0.030416	0.113406	0.456977	0.190351	0.239266	0.038088	0.426546	0.476760	0.058605	0.425444	0.116915	0.071763	0.385877	0.527485	0.014335	0.359965	0.098215	0.233003	0.243855	0.268062	0.255080	1,2,1,3,4,4	72.713096	0.012396	0.071917	0.154878	0.226507	0.305958	0.228345	0.066861	0.071811	0.405294	0.173834	0.148066	0.134134	0.012396	0.071917	0.154878	0.226507	0.305958	0.228345	0.010314	0.410593	0.048632	0.016599	0.015377	0.498485	0.006604	0.257259	0.256054	0.217044	0.176085	0.086953	0.006604	0.257259	0.256054	0.217044	0.176085	0.086953	1,2,1,3,4,2	72.860224	0.655844	0.625797	0.655844	1.204632	1.825159	0.625797	
666000	-117125	1,1,2,2,3,4	71.890669	4.198211	4.198211	4.842161	4.842161	5.297050	6.341568	1,2,2,3,4,2	72.514162	0.397855	0.034126	0.417781	0.150238	0.124618	0.350333	0.282083	0.242965	0.124618	0.350333	0.282083	0.242965	0.138508	0.212805	0.225248	0.423439	0.382223	0.145259	0.132016	0.340502	0.124618	0.350333	0.282083	0.242965	1,2,3,4,2,5	70.462458	0.169210	0.193617	0.253237	0.210289	0.103246	0.070402	0.094758	0.345149	0.252802	0.075849	0.148057	0.083385	0.074541	0.139168	0.017170	0.373395	0.327627	0.068100	0.108596	0.109755	0.286827	0.077844	0.076396	0.340582	0.094758	0.345149	0.252802	0.075849	0.148057	0.083385	0.105031	0.187071	0.397955	0.082951	0.037431	0.189560	1,2,3,4,5,3	70.354063	0.549235	0.624230	0.637097	2.004819	2.497705	0.637097	
667000	-115164	1,1,2,3,4,5	69.473894	5.110011	5.110011	5.223134	5.103866	5.280653	6.053409	1,2,3,4,1,5	71.182542	0.612574	0.010524	0.287106	0.089796	0.281781	0.352070	0.087266	0.278883	0.094563	0.419705	0.345906	0.139826	0.153186	0.117981	0.081231	0.647601	0.612574	0.010524	0.287106	0.089796	0.072066	0.241480	0.320339	0.366115	1,2,3,2,1,4	72.361361	0.037662	0.133732	0.215619	0.343887	0.239411	0.029688	0.021302	0.123801	0.274135	0.049609	0.132648	0.398505	0.061429	0.040472	0.044059	0.390869	0.310996	0.152175	0.021302	0.123801	0.274135	0.049609	0.132648	0.398505	0.037662	0.133732	0.215619	0.343887	0.239411	0.029688	0.175484	0.406043	0.070682	0.207654	0.033692	0.106444	1,2,3,4,5,3	71.978479	0.541296	0.794397	0.650807	2.712373	1.824680	0.650807	
668000	-117643	1,1,2,3,4,5	70.803278	4.572365	4.572365	5.517713	4.918330	5.441192	5.420798	1,2,3,4,1,3	73.399688	0.415841	0.024552	0.394446	0.165161	0.161675	0.501183	0.105252	0.231890	0.093430	0.515649	0.203477	0.187443	0.133405	0.051263	0.008320	0.807011	0.415841	0.024552	0.394446	0.165161	0.093430	0.515649	0.203477	0.187443	1,2,3,4,1,1	72.040618	0.106076	0.179259	0.218775	0.304368	0.098827	0.092695	0.077579	0.064994	0.260006	0.061355	0.177445	0.358622	0.106030	0.028258	0.348347	0.298412	0.165502	0.053451	0.274512	0.082713	0.121696	0.214131	0.076073	0.230876	0.106076	0.179259	0.218775	0.304368	0.098827	0.092695	0.106076	0.179259	0.218775	0.304368	0.098827	0.092695	1,2,3,4,5,6	68.187848	0.518716	0.605029	0.672731	1.848049	1.859317	0.564443	
669000	-116025	1,2,1,3,4,5	70.786407	4.672349	5.634489	4.672349	5.619049	5.504954	5.325536	1,2,3,4,5,6	71.999121	0.273140	0.103924	0.524364	0.098571	0.289873	0.297855	0.088869	0.323402	0.037170	0.228151	0.507129	0.227551	0.204722	0.039386	0.075137	0.680754	0.694007	0.031886	0.142325	0.131782	0.056008	0.142914	0.536074	0.265004	1,2,3,2,4,4	71.235506	0.043513	0.326142	0.418164	0.125547	0.039318	0.047317	0.055353	0.126074	0.140154	0.029345	0.197659	0.451415	0.170014	0.129071	0.165629	0.179053	0.278966	0.077268	0.055353	0.126074	0.140154	0.029345	0.197659	0.451415	0.138336	0.309103	0.234140	0.129647	0.142087	0.046688	0.138336	0.309103	0.234140	0.129647	0.142087	0.046688	1,1,1,2,3,4	70.916546	0.679565	0.679565	0.679565	1.544146	2.713339	0.544809	
670000	-115653	1,1,2,3,4,5	69.177837	4.754979	4.754979	5.162001	6.727532	5.812899	6.035859	1,2,3,4,5,6	72.050951	0.408065	0.061518	0.263925	0.266491	0.159909	0.300606	0.261617	0.277868	0.013538	0.471522	0.277210	0.237730	0.331684	0.107348	0.095707	0.465261	0.470466	0.079126	0.223780	0.226627	0.125181	0.228250	0.397135	0.249434	1,2,3,4,2,1	69.250729	0.088673	0.344938	0.168626	0.203552	0.099443	0.094767	0.042512	0.221187	0.359928	0.120147	0.196728	0.059498	0.015988	0.114783	0.001816	0.492382	0.360229	0.014802	0.310109	0.012669	0.089310	0.086816	0.014221	0.486875	0.042512	0.221187	0.359928	0.120147	0.196728	0.059498	0.088673	0.344938	0.168626	0.203552	0.099443	0.094767	1,1,1,2,3,1	71.300621	0.622541	0.622541	0.622541	1.445563	2.177885	0.622541	
671000	-117843	1,2,3,4,5,6	73.102855	5.247624	5.324516	5.710923	5.807443	5.322477	6.411345	1,2,3,2,4,2	72.150080	0.388148	0.040134	0.518204	0.053515	0.145738	0.131683	0.231630	0.490949	0.036089	0.438055	0.344000	0.181855	0.145738	0.131683	0.231630	0.490949	0.424135	0.228041	0.103557	0.244267	0.145738	0.131683	0.231630	0.490949	1,2,3,4,1,5	72.973529	0.041770	0.338641	0.187671	0.153460	0.220321	0.058136	0.096323	0.222550	0.297489	0.024220	0.204101	0.155317	0.005905	0.195543	0.087595	0.214706	0.335010	0.161241	0.510561	0.100132	0.198466	0.034122	0.059176	0.097543	0.041770	0.338641	0.187671	0.153460	0.220321	0.058136	0.281269	0.424077	0.052030	0.133083	0.056061	0.053480	1,2,1,3,3,1	70.319892	0.555444	0.657464	0.555444	2.053595	2.053595	0.555444	
672000	-117850	1,2,1,3,4,1	70.130279	4.976439	6.062426	4.976439	5.484841	5.310377	4.976439	1,2,3,2,4,5	71.486295	0.372147	0.094095	0.389484	0.144274	0.131664	0.224890	0.153575	0.489871	0.099121	0.661938	0.064051	0.174890	0.131664	0.224890	0.153575	0.489871	0.529211	0.066035	0.230763	0.173991	0.230579	0.260576	0.200078	0.308766	1,1,2,2,1,3	70.263827	0.076358	0.266662	0.443261	0.043162	0.079210	0.091346	0.076358	0.266662	0.443261	0.043162	0.079210	0.091346	0.057502	0.080468	0.188523	0.320227	0.069727	0.283553	0.057502	0.080468	0.188523	0.320227	0.069727	0.283553	0.076358	0.266662	0.443261	0.043162	0.079210	0.091346	0.084915	0.239523	0.066903	0.232760	0.145139	0.230760	1,2,1,3,3,4	72.739449	0.661707	0.577690	0.661707	2.029150	2.029150	0.629541	
673000	-116952	1,1,2,3,4,5	71.002368	4.523009	4.523009	6.363275	6.768122	5.466736	6.096844	1,2,3,4,5,2	71.389517	0.396636	0.187864	0.222186	0.193314	0.155975	0.341894	0.242912	0.259220	0.011573	0.637048	0.259117	0.092263	0.314508	0.008130	0.236787	0.440575	0.326337	0.039804	0.102450	0.531408	0.155975	0.341894	0.242912	0.259220	1,1,2,3,2,4	70.678060	0.050924	0.268644	0.377165	0.064173	0.059826	0.179268	0.050924	0.268644	0.377165	0.064173	0.059826	0.179268	0.033731	0.477761	0.111446	0.102817	0.249604	0.024640	0.127935	0.137351	0.088510	0.408313	0.111214	0.126678	0.033731	0.477761	0.111446	0.102817	0.249604	0.024640	0.207233	0.261774	0.260972	0.069309	0.057473	0.143240	1,2,3,4,5,2	72.582566	0.620194	0.649035	0.562443	1.777304	1.976179	0.649035	
674000	-115664	1,1,2,3,4,4	70.211650	4.983082	4.983082	5.485955	5.978504	5.269955	5.269955	1,2,3,4,5,6	71.856735	0.279155	0.060601	0.538855	0.121389	0.262984	0.472614	0.022521	0.241881	0.000974	0.424631	0.324871	0.249525	0.078786	0.002430	0.180183	0.738601	0.430544	0.008398	0.102216	0.458842	0.174234	0.204798	0.519048	0.101921	1,2,1,2,3,2	69.443059	0.061547	0.194735	0.188795	0.291918	0.199747	0.063259	0.044950	0.088603	0.431464	0.100637	0.171594	0.162753	0.061547	0.194735	0.188795	0.291918	0.199747	0.063259	0.044950	0.088603	0.431464	0.100637	0.171594	0.162753	0.190645	0.185928	0.079513	0.399615	0.099735	0.044563	0.044950	0.088603	0.431464	0.100637	0.171594	0.162753	1,1,2,3,4,1	72.369341	0.659437	0.659437	0.684973	2.181373	2.847353	0.659437	
675000	-115850	1,1,2,3,4,5	72.469328	4.771508	4.771508	5.513271	5.677680	5.525723	6.223775	1,2,3,4,1,5	72.735508	0.478030	0.156080	0.208000	0.157889	0.110620	0.298056	0.073588	0.517736	0.010632	0.489082	0.267509	0.232777	0.116269	0.106907	0.186229	0.590595	0.478030	0.156080	0.208000	0.157889	0.136148	0.386656	0.228691	0.248504	1,1,2,3,1,1	72.735905	0.062858	0.334461	0.292281	0.117334	0.102586	0.090480	0.062858	0.334461	0.292281	0.117334	0.102586	0.090480	0.005441	0.026046	0.423950	0.178136	0.275591	0.090836	0.272356	0.150160	0.170072	0.198687	0.001942	0.206782	0.062858	0.334461	0.292281	0.117334	0.102586	0.090480	0.062858	0.334461	0.292281	0.117334	0.102586	0.090480	1,1,1,2,3,1	71.566971	0.659644	0.659644	0.659644	2.647292	2.788304	0.659644	
676000	-115315	1,2,1,3,4,5	72.437872	4.709564	5.841845	4.709564	5.508426	5.650027	4.483184	1,2,3,4,1,3	72.592343	0.473825	0.017870	0.320523	0.187783	0.277446	0.228659	0.103060	0.390835	0.074833	0.654662	0.137849	0.132656	0.037934	0.030809	0.155823	0.775435	0.473825	0.017870	0.320523	0.187783	0.074833	0.654662	0.137849	0.132656	1,2,3,4,1,4	72.792470	0.016188	0.173859	0.179227	0.113194	0.454127	0.063405	0.093205	0.105260	0.372789	0.031256	0.282990	0.114501	0.073909	0.060362	0.043811	0.435732	0.170616	0.215570	0.162952	0.235081	0.379827	0.064378	0.041608	0.116155	0.016188	0.173859	0.179227	0.113194	0.454127	0.063405	0.162952	0.235081	0.379827	0.064378	0.041608	0.116155	1,2,2,3,4,5	69.169375	0.509295	0.546173	0.546173	2.269842	2.338328	0.688822	
677000	-116498	1,1,2,3,1,4	71.538724	4.900458	4.900458	4.944211	6.196622	4.900458	5.876935	1,2,3,4,5,3	71.044149	0.467154	0.076596	0.399154	0.057095	0.176006	0.410000	0.183324	0.230671	0.042565	0.372532	0.350569	0.234333	0.091546	0.085722	0.105380	0.717352	0.699990	0.093722	0.129015	0.077273	0.042565	0.372532	0.350569	0.234333	1,1,2,3,1,4	71.321189	0.022875	0.173907	0.253848	0.025473	0.344711	0.179187	0.022875	0.173907	0.253848	0.025473	0.344711	0.179187	0.113443	0.006742	0.266929	0.327979	0.141220	0.143687	0.072758	0.222566	0.413537	0.004843	0.022824	0.263472	0.022875	0.173907	0.253848	0.025473	0.344711	0.179187	0.090287	0.086138	0.219451	0.279105	0.076888	0.248130	1,2,3,4,5,6	72.059923	0.488520	0.633977	0.626976	2.219609	1.679572	0.625278	
678000	-115704	1,2,3,1,1,1	69.237506	4.710597	5.518493	6.297053	4.710597	4.710597	4.710597	1,2,3,4,4,3	70.807447	0.370830	0.111846	0.395326	0.121998	0.119482	0.350377	0.055342	0.474799	0.058391	0.531131	0.314126	0.096352	0.284403	0.025874	0.218614	0.471109	0.284403	0.025874	0.218614	0.471109	0.058391	0.531131	0.314126	0.096352	1,1,2,3,2,4	72.262808	0.055920	0.315603	0.283932	0.041124	0.184657	0.118766	0.055920	0.315603	0.283932	0.041124	0.184657	0.118766	0.000001	0.290708	0.191650	0.185299	0.332171	0.000170	0.069819	0.256133	0.237042	0.030298	0.035121	0.371587	0.000001	0.290708	0.191650	0.185299	0.332171	0.000170	0.147388	0.177823	0.540915	0.038230	0.014559	0.081084	1,2,1,3,3,4	71.395831	0.601609	0.641205	0.601609	1.720432	1.720432	0.584886	
679000	-118521	1,1,2,1,3,4	71.170328	4.577993	4.577993	4.857676	4.577993	5.590157	6.696551	1,2,3,4,1,3	70.241089	0.493774	0.040584	0.315852	0.149790	0.122165	0.525342	0.127875	0.224619	0.088917	0.471140	0.246906	0.193036	0.190375	0.090011	0.277109	0.442504	0.493774	0.040584	0.315852	0.149790	0.088917	0.471140	0.246906	0.193036	1,1,2,2,2,1	71.316137	0.147113	0.369192	0.134561	0.155835	0.077686	0.115612	0.147113	0.369192	0.134561	0.155835	0.077686	0.115612	0.018287	0.168306	0.275459	0.306560	0.179935	0.051453	0.018287	0.168306	0.275459	0.306560	0.179935	0.051453	0.018287	0.168306	0.275459	0.306560	0.179935	0.051453	0.147113	0.369192	0.134561	0.155835	0.077686	0.115612	1,2,3,4,5,6	73.037345	0.598013	0.554028	0.551501	1.168910	2.867344	0.562990	
680000	-117112	1,2,1,1,2,3	70.945702	5.039188	5.651552	5.039188	5.039188	5.651552	6.513521	1,2,3,4,1,5	71.983265	0.474546	0.013891	0.304722	0.206841	0.277935	0.285470	0.143653	0.292943	0.174519	0.560612	0.159458	0.105411	0.241751	0.042218	0.267915	0.448116	0.474546	0.013891	0.304722	0.206841	0.074201	0.289617	0.222238	0.413944	1,2,1,2,1,3	70.787765	0.138422	0.115175	0.116881	0.214249	0.393755	0.021518	0.027778	0.289289	0.256277	0.154586	0.148442	0.123627	0.138422	0.115175	0.116881	0.214249	0.393755	0.021518	0.027778	0.289289	0.256277	0.154586	0.148442	0.123627	0.138422	0.115175	0.116881	0.214249	0.393755	0.021518	0.115275	0.290247	0.343907	0.102940	0.037633	0.109997	1,2,3,4,5,6	70.587411	0.518920	0.615627	0.517838	1.901778	2.231498	0.616493	
681000	-115812	1,2,3,4,5,3	70.614845	5.465217	6.239581	4.811951	5.426862	5.570534	4.811951	1,2,3,4,1,3	71.690684	0.502081	0.035609	0.341471	0.120839	0.321016	0.287491	0.057721	0.333772	0.092114	0.477498	0.185872	0.244516	0.128465	0.037733	0.273856	0.559946	0.502081	0.035609	0.341471	0.120839	0.092114	0.477498	0.185872	0.244516	1,2,3,2,4,1	70.822386	0.077449	0.140192	0.334539	0.153592	0.118895	0.175332	0.029938	0.107257	0.440005	0.055312	0.144638	0.222849	0.013234	0.012447	0.127239	0.471536	0.193257	0.182287	0.029938	0.107257	0.440005	0.055312	0.144638	0.222849	0.009874	0.220735	0.253013	0.065171	0.396241	0.054966	0.077449	0.140192	0.334539	0.153592	0.118895	0.175332	1,2,3,4,5,6	69.978593	0.601807	0.705288	0.668890	1.523093	3.460749	0.629787	
682000	-115300	1,2,3,4,5,1	70.552376	4.899558	5.666662	5.748794	6.534877	5.987176	4.899558	1,2,3,4,5,6	71.209222	0.424009	0.069319	0.425566	0.081105	0.223847	0.245942	0.107746	0.422465	0.020695	0.732327	0.172927	0.074051	0.128024	0.078856	0.068395	0.724724	0.647909	0.029012	0.160275	0.162804	0.258332	0.328116	0.293563	0.119988	1,2,3,4,1,5	70.951411	0.098150	0.187698	0.424950	0.060727	0.173143	0.055332	0.110919	0.039380	0.361062	0.011828	0.288956	0.187854	0.016351	0.001903	0.038497	0.162809	0.380941	0.399499	0.311006	0.048621	0.081624	0.062740	0.026247	0.469764	0.098150	0.187698	0.424950	0.060727	0.173143	0.055332	0.076005	0.068591	0.282623	0.142280	0.287375	0.143125	1,1,2,3,3,4	69.910852	0.580362	0.580362	0.555684	1.845985	1.845985	0.712031	
683000	-117774	1,1,2,1,1,3	71.843025	5.074918	5.074918	6.003639	5.074918	5.074918	6.267798	1,2,3,4,1,5	71.100395	0.470406	0.014238	0.343742	0.171614	0.217414	0.146793	0.256629	0.379164	0.170616	0.467498	0.159733	0.202153	0.146129	0.241769	0.067968	0.544133	0.470406	0.014238	0.343742	0.171614	0.121283	0.359508	0.386293	0.132917	1,2,3,4,5,4	72.148876	0.125844	0.227216	0.258107	0.286533	0.064025	0.038275	0.081908	0.134445	0.230896	0.143795	0.291572	0.117383	0.018351	0.053461	0.147211	0.534721	0.092537	0.153720	0.011150	0.460134	0.232778	0.155670	0.039460	0.100808	0.199999	0.272182	0.206122	0.006216	0.297816	0.017665	0.011150	0.460134	0.232778	0.155670	0.039460	0.100808	1,1,2,3,4,5	72.595618	0.593305	0.593305	0.625605	1.583723	2.604500	0.571493	
684000	-117981	1,1,1,1,1,2	70.817814	4.534048	4.534048	4.534048	4.534048	4.534048	6.505813	1,2,2,3,3,4	71.414052	0.164233	0.415471	0.381520	0.038777	0.133922	0.531188	0.103786	0.231105	0.133922	0.531188	0.103786	0.231105	0.326835	0.015661	0.168018	0.489486	0.326835	0.015661	0.168018	0.489486	0.180512	0.135678	0.396292	0.287518	1,1,2,3,4,5	70.716544	0.030541	0.168782	0.464600	0.031012	0.123037	0.182028	0.030541	0.168782	0.464600	0.031012	0.123037	0.182028	0.098775	0.040035	0.040510	0.341219	0.313232	0.166229	0.156382	0.150272	0.095383	0.029007	0.165239	0.403718	0.142389	0.357151	0.156128	0.023762	0.202943	0.117627	0.277622	0.082446	0.147304	0.252740	0.093213	0.146675	1,1,1,2,3,1	69.853562	0.645244	0.645244	0.645244	1.779479	1.663055	0.645244	
685000	-116896	1,1,1,2,2,3	70.565164	4.049942	4.049942	4.049942	5.746391	5.746391	5.358552	1,2,2,3,1,4	70.723694	0.561188	0.048723	0.224302	0.165787	0.042810	0.572784	0.063567	0.320839	0.042810	0.572784	0.063567	0.320839	0.116731	0.106533	0.044381	0.732354	0.561188	0.048723	0.224302	0.165787	0.194322	0.343515	0.160443	0.301720	1,2,3,4,1,5	70.962149	0.037039	0.292688	0.228880	0.144699	0.203408	0.093287	0.030309	0.252831	0.320383	0.118337	0.113590	0.164549	0.140910	0.075869	0.187987	0.483372	0.053212	0.058650	0.006258	0.344246	0.083442	0.135212	0.030902	0.399941	0.037039	0.292688	0.228880	0.144699	0.203408	0.093287	0.057439	0.217324	0.185555	0.218684	0.047565	0.273434	1,2,3,4,5,3	70.744809	0.642463	0.714302	0.650352	2.085445	2.571362	0.650352	
686000	-115410	1,1,2,1,2,3	70.534453	4.958266	4.958266	5.585810	4.958266	5.585810	5.466404	1,2,3,4,5,3	70.075723	0.356350	0.028117	0.407509	0.208024	0.198960	0.326177	0.052902	0.421961	0.060645	0.370589	0.464823	0.103943	0.158515	0.057359	0.080588	0.703538	0.527234	0.006522	0.283231	0.183013	0.060645	0.370589	0.464823	0.103943	1,2,3,4,3,1	71.614262	0.206010	0.423843	0.242741	0.044914	0.008634	0.073858	0.028159	0.400391	0.123489	0.040954	0.265572	0.141436	0.033800	0.135792	0.165409	0.109436	0.537433	0.018131	0.084800	0.030697	0.140665	0.124232	0.097062	0.522543	0.033800	0.135792	0.165409	0.109436	0.537433	0.018131	0.206010	0.423843	0.242741	0.044914	0.008634	0.073858	1,2,3,4,5,1	71.154163	0.579675	0.577427	0.585539	0.948552	2.142817	0.579675	
687000	-117171	1,1,1,1,2,3	72.730487	5.052566	5.052566	5.052566	5.052566	5.888272	5.717642	1,2,3,2,1,4	69.104314	0.433228	0.052600	0.304401	0.209771	0.186737	0.218034	0.094846	0.500383	0.007719	0.242265	0.555335	0.194682	0.186737	0.218034	0.094846	0.500383	0.433228	0.052600	0.304401	0.209771	0.154149	0.293069	0.252817	0.299965	1,2,3,4,5,1	69.716100	0.167528	0.293642	0.190148	0.183175	0.056192	0.109313	0.199986	0.145695	0.240964	0.070284	0.127739	0.215332	0.057635	0.028315	0.230335	0.305681	0.301389	0.076645	0.122305	0.232484	0.054658	0.122244	0.035555	0.432754	0.202372	0.334094	0.211698	0.105214	0.138154	0.008467	0.167528	0.293642	0.190148	0.183175	0.056192	0.109313	1,2,1,3,3,1	70.906081	0.632116	0.565184	0.632116	2.050822	2.050822	0.632116	
688000	-116588	1,1,1,2,3,4	70.054036	5.170021	5.170021	5.170021	5.083447	5.758602	6.080317	1,2,3,4,1,4	70.534909	0.551739	0.035591	0.253568	0.159102	0.184385	0.429881	0.090982	0.294752	0.029026	0.358229	0.452483	0.160262	0.159135	0.216351	0.325400	0.299114	0.551739	0.035591	0.253568	0.159102	0.159135	0.216351	0.325400	0.299114	1,2,3,4,2,1	70.248015	0.148700	0.234445	0.213994	0.221209	0.068928	0.112725	0.008756	0.276866	0.296557	0.067361	0.234244	0.116216	0.017316	0.116799	0.037288	0.355677	0.339234	0.133686	0.065198	0.002725	0.265772	0.311333	0.037718	0.317255	0.008756	0.276866	0.296557	0.067361	0.234244	0.116216	0.148700	0.234445	0.213994	0.221209	0.068928	0.112725	1,1,2,3,4,1	70.414225	0.572421	0.572421	0.648454	1.904477	2.439662	0.572421	
689000	-116931	1,1,1,2,3,4	70.611266	5.042312	5.042312	5.042312	5.782778	5.744697	6.887079	1,2,3,2,1,3	70.449472	0.498752	0.052358	0.324081	0.124809	0.084899	0.204873	0.133296	0.576933	0.106400	0.214482	0.395515	0.283603	0.084899	0.204873	0.133296	0.576933	0.498752	0.052358	0.324081	0.124809	0.106400	0.214482	0.395515	0.283603	1,1,2,3,4,5	70.581115	0.165127	0.207395	0.244477	0.096218	0.193674	0.093109	0.165127	0.207395	0.244477	0.096218	0.193674	0.093109	0.052601	0.077916	0.088552	0.316665	0.288868	0.175399	0.220031	0.028254	0.204041	0.132709	0.033941	0.381024	0.071414	0.251614	0.346932	0.185726	0.108139	0.036175	0.045887	0.389058	0.300674	0.133640	0.094778	0.035962	1,1,1,2,3,1	71.286694	0.628627	0.628627	0.628627	2.124388	2.317666	0.628627	
690000	-116534	1,2,2,1,1,3	69.951060	5.390318	4.532418	4.532418	5.390318	5.390318	6.235806	1,2,3,4,1,5	71.118998	0.506389	0.035903	0.350885	0.106823	0.133791	0.134011	0.086825	0.645374	0.007056	0.539732	0.142587	0.310625	0.052166	0.031322	0.153281	0.763231	0.506389	0.035903	0.350885	0.106823	0.027551	0.293468	0.585071	0.093910	1,2,3,4,1,2	70.597345	0.081079	0.183623	0.376201	0.108743	0.142008	0.108347	0.091316	0.320607	0.204299	0.149614	0.106128	0.128036	0.214335	0.006475	0.185267	0.315616	0.115017	0.163291	0.037530	0.238463	0.259220	0.212148	0.080357	0.172283	0.081079	0.183623	0.376201	0.108743	0.142008	0.108347	0.091316	0.320607	0.204299	0.149614	0.106128	0.128036	1,2,3,4,5,6	70.903170	0.643981	0.656567	0.617212	2.770612	1.717208	0.632492	
691000	-116356	1,1,2,3,4,5	70.444680	4.707965	4.707965	5.554547	6.463020	5.817038	6.589030	1,2,3,4,1,5	72.285329	0.516648	0.018158	0.338545	0.126649	0.270731	0.262366	0.205870	0.261032	0.004877	0.310619	0.333567	0.350937	0.063862	0.038700	0.335830	0.561608	0.516648	0.018158	0.338545	0.126649	0.112871	0.196501	0.448390	0.242238	1,2,3,4,1,3	70.488231	0.081977	0.209544	0.138521	0.089091	0.412883	0.067984	0.094153	0.057932	0.411469	0.049587	0.254893	0.131967	0.178598	0.274215	0.077221	0.308213	0.134286	0.027468	0.083190	0.056803	0.437334	0.123142	0.165050	0.134481	0.081977	0.209544	0.138521	0.089091	0.412883	0.067984	0.178598	0.274215	0.077221	0.308213	0.134286	0.027468	1,2,3,4,5,2	71.865079	0.517352	0.604362	0.645049	2.028622	2.523984	0.604362	
692000	-117013	1,1,2,3,4,5	71.176693	5.025957	5.025957	5.282789	5.002375	5.860776	6.224498	1,2,2,3,1,4	71.947010	0.629144	0.040387	0.194773	0.135695	0.115091	0.432624	0.223843	0.228442	0.115091	0.432624	0.223843	0.228442	0.087176	0.220377	0.143350	0.549096	0.629144	0.040387	0.194773	0.135695	0.134073	0.269793	0.435278	0.160857	1,2,3,4,5,6	70.815164	0.056393	0.165719	0.259500	0.287393	0.058777	0.172218	0.079397	0.211140	0.315543	0.041215	0.199714	0.152992	0.098964	0.142439	0.097146	0.228970	0.203471	0.229010	0.047451	0.230267	0.277766	0.022735	0.075799	0.345982	0.081041	0.343692	0.292468	0.082132	0.197278	0.003389	0.076046	0.233287	0.124550	0.276507	0.181997	0.107612	1,2,3,4,4,1	71.209168	0.585572	0.850719	0.626691	2.267662	2.267662	0.585572	
693000	-117202	1,1,2,3,4,5	70.946084	4.666699	4.666699	6.070610	5.750824	5.574440	5.391422	1,2,3,2,1,4	71.158078	0.480547	0.056618	0.335142	0.127694	0.134671	0.136227	0.160910	0.568192	0.006700	0.833194	0.081358	0.078748	0.134671	0.136227	0.160910	0.568192	0.480547	0.056618	0.335142	0.127694	0.132326	0.294258	0.455699	0.117716	1,2,3,4,1,4	68.872892	0.073859	0.269455	0.256830	0.191684	0.156238	0.051935	0.077110	0.158561	0.100820	0.022625	0.281867	0.359018	0.091652	0.044351	0.292867	0.168308	0.348654	0.054167	0.045693	0.343963	0.332524	0.072954	0.081783	0.123083	0.073859	0.269455	0.256830	0.191684	0.156238	0.051935	0.045693	0.343963	0.332524	0.072954	0.081783	0.123083	1,2,3,4,4,1	71.525540	0.602480	0.787005	0.582815	2.245262	2.245262	0.602480	
694000	-116131	1,2,3,2,4,1	71.623866	4.961023	5.322491	5.778640	5.322491	5.688772	4.961023	1,2,3,4,1,3	73.262195	0.421303	0.118331	0.309168	0.151198	0.159646	0.344133	0.121693	0.374528	0.120705	0.446812	0.335565	0.096918	0.150778	0.168751	0.081162	0.599309	0.421303	0.118331	0.309168	0.151198	0.120705	0.446812	0.335565	0.096918	1,1,2,3,1,3	72.397584	0.042061	0.349382	0.277472	0.062202	0.160347	0.108537	0.042061	0.349382	0.277472	0.062202	0.160347	0.108537	0.005355	0.146449	0.069214	0.310440	0.379960	0.088582	0.290923	0.208395	0.187587	0.106051	0.056635	0.150410	0.042061	0.349382	0.277472	0.062202	0.160347	0.108537	0.290923	0.208395	0.187587	0.106051	0.056635	0.150410	1,2,1,3,3,1	72.298567	0.565057	0.610590	0.565057	2.129956	2.129956	0.565057	
695000	-116559	1,1,1,1,2,3	69.722510	5.055518	5.055518	5.055518	5.055518	5.662992	6.521907	1,2,3,4,1,5	70.403877	0.456972	0.063844	0.315175	0.164008	0.091563	0.444071	0.158975	0.305391	0.006418	0.765719	0.185107	0.042756	0.196554	0.257886	0.033125	0.512435	0.456972	0.063844	0.315175	0.164008	0.054488	0.264734	0.415724	0.265053	1,2,3,4,5,6	70.217419	0.084686	0.278415	0.168577	0.338126	0.050255	0.079942	0.194818	0.030580	0.330393	0.042360	0.264933	0.136917	0.119713	0.109499	0.107561	0.183989	0.422545	0.056693	0.013036	0.215006	0.255813	0.114261	0.042339	0.359546	0.127845	0.285555	0.190221	0.295992	0.084738	0.015649	0.054417	0.188549	0.383325	0.195077	0.045909	0.132722	1,2,3,4,5,1	71.191346	0.572219	0.675430	0.586490	1.839870	2.523127	0.572219	
696000	-115677	1,2,3,4,5,1	71.026108	4.765160	6.013352	5.557192	5.866189	5.570147	4.765160	1,2,3,4,5,3	71.086022	0.385828	0.034189	0.409111	0.170872	0.276391	0.201986	0.045266	0.476356	0.053716	0.554002	0.246348	0.145933	0.096036	0.047638	0.227976	0.628351	0.388061	0.083081	0.318328	0.210529	0.053716	0.554002	0.246348	0.145933	1,2,3,4,5,2	70.064322	0.181556	0.274158	0.182141	0.203242	0.043147	0.115757	0.178032	0.331196	0.128381	0.088111	0.137279	0.137001	0.000324	0.038337	0.058678	0.384440	0.266453	0.251767	0.019405	0.043879	0.374813	0.242562	0.050631	0.268710	0.015773	0.226967	0.355950	0.092830	0.231750	0.076730	0.178032	0.331196	0.128381	0.088111	0.137279	0.137001	1,2,2,3,3,2	70.750892	0.528661	0.580209	0.580209	2.213691	2.213691	0.580209	
697000	-114748	1,1,2,3,4,5	72.131880	4.579645	4.579645	6.367579	6.082520	5.496796	5.440377	1,2,3,4,5,6	69.960493	0.570033	0.073661	0.288068	0.068238	0.222874	0.402713	0.202456	0.171957	0.018136	0.510913	0.342585	0.128366	0.120164	0.011944	0.171005	0.696886	0.407990	0.025209	0.331510	0.235291	0.098111	0.356083	0.314864	0.230942	1,2,3,4,5,1	69.845436	0.180405	0.185630	0.233118	0.161215	0.034498	0.205134	0.057526	0.039131	0.235971	0.004780	0.318993	0.343600	0.112696	0.038537	0.285596	0.113863	0.314559	0.134748	0.195727	0.091431	0.235480	0.038627	0.112335	0.326400	0.085917	0.251421	0.213447	0.018959	0.415043	0.015214	0.180405	0.185630	0.233118	0.161215	0.034498	0.205134	1,2,2,3,4,1	72.457375	0.596189	0.636441	0.636441	2.195412	2.448363	0.596189	
698000	-115569	1,2,2,3,3,4	70.864219	5.259878	5.034376	5.034376	5.642172	5.642172	5.536218	1,2,3,4,1,2	71.451256	0.430820	0.017418	0.340865	0.210897	0.168338	0.313714	0.236771	0.281177	0.159966	0.427169	0.230303	0.182562	0.189648	0.001302	0.054283	0.754768	0.430820	0.017418	0.340865	0.210897	0.168338	0.313714	0.236771	0.281177	1,2,3,4,5,4	72.314725	0.334182	0.251026	0.204977	0.148966	0.022020	0.038829	0.095304	0.167818	0.443440	0.075348	0.169210	0.048880	0.109168	0.078027	0.210765	0.266733	0.326008	0.009299	0.135005	0.184533	0.171564	0.186302	0.045138	0.277458	0.077828	0.097388	0.095757	0.314845	0.389742	0.024439	0.135005	0.184533	0.171564	0.186302	0.045138	0.277458	1,2,1,3,3,1	72.428869	0.605602	0.639355	0.605602	2.282563	2.282563	0.605602	
699000	-117417	1,2,3,2,2,4	72.460911	5.035586	4.313658	5.451923	4.313658	4.313658	6.001437	1,2,3,4,5,6	71.241360	0.344438	0.088228	0.499587	0.067747	0.120472	0.560593	0.160549	0.158386	0.109674	0.635433	0.243746	0.011147	0.098580	0.116790	0.311033	0.473597	0.251960	0.057167	0.430516	0.260356	0.097125	0.227386	0.522120	0.153369	1,2,3,1,2,4	72.472426	0.094169	0.114044	0.521008	0.071361	0.043679	0.155739	0.110575	0.251083	0.267100	0.058923	0.232335	0.079984	0.031398	0.143286	0.044122	0.341283	0.391851	0.048061	0.094169	0.114044	0.521008	0.071361	0.043679	0.155739	0.110575	0.251083	0.267100	0.058923	0.232335	0.079984	0.079861	0.200366	0.563601	0.060785	0.056933	0.038454	1,2,3,4,5,6	73.244876	0.540704	0.757912	0.622410	2.125553	1.786221	0.617084	
700000	-117101	1,2,3,4,5,6	72.650831	4.723946	5.512635	5.134925	5.027989	4.904739	5.186665	1,2,3,4,1,3	71.540441	0.350981	0.148209	0.357641	0.143169	0.179815	0.366181	0.032328	0.421676	0.047518	0.375988	0.453340	0.123154	0.269236	0.046822	0.229226	0.454716	0.350981	0.148209	0.357641	0.143169	0.047518	0.375988	0.453340	0.123154	1,1,2,3,4,1	72.980426	0.079570	0.207921	0.406355	0.058877	0.137138	0.110138	0.079570	0.207921	0.406355	0.058877	0.137138	0.110138	0.056490	0.292615	0.260507	0.142114	0.222447	0.025826	0.252386	0.012227	0.070995	0.243485	0.120102	0.300805	0.007601	0.285662	0.392021	0.123479	0.172615	0.018622	0.079570	0.207921	0.406355	0.058877	0.137138	0.110138	1,2,3,4,5,1	72.693298	0.611948	0.585207	0.579356	1.262474	2.345907	0.611948	
701000	-116667	1,1,2,3,4,4	71.198224	4.255626	4.255626	5.252590	5.431968	5.097236	5.097236	1,2,3,4,5,3	70.794765	0.120769	0.213879	0.628614	0.036739	0.112637	0.179195	0.061959	0.646209	0.047179	0.574655	0.178229	0.199937	0.063042	0.048843	0.054040	0.834075	0.560659	0.048030	0.071064	0.320247	0.047179	0.574655	0.178229	0.199937	1,2,3,1,3,2	72.854212	0.069633	0.098900	0.313330	0.008199	0.009803	0.500135	0.127642	0.414303	0.278486	0.034940	0.077650	0.066979	0.026873	0.480252	0.125367	0.177508	0.141735	0.048264	0.069633	0.098900	0.313330	0.008199	0.009803	0.500135	0.026873	0.480252	0.125367	0.177508	0.141735	0.048264	0.127642	0.414303	0.278486	0.034940	0.077650	0.066979	1,2,3,4,5,6	70.796318	0.616944	0.565033	0.586934	2.132961	2.104908	0.608028	
702000	-118360	1,1,2,1,1,1	71.124165	4.418379	4.418379	5.656554	4.418379	4.418379	4.418379	1,2,2,3,1,2	72.986786	0.431502	0.249497	0.168614	0.150387	0.079939	0.561768	0.143482	0.214811	0.079939	0.561768	0.143482	0.214811	0.129639	0.107204	0.362147	0.401011	0.431502	0.249497	0.168614	0.150387	0.079939	0.561768	0.143482	0.214811	1,1,2,1,3,3	72.180919	0.019162	0.181483	0.405222	0.010022	0.067693	0.316418	0.019162	0.181483	0.405222	0.010022	0.067693	0.316418	0.102470	0.042866	0.225199	0.306882	0.218959	0.103624	0.019162	0.181483	0.405222	0.010022	0.067693	0.316418	0.040296	0.377418	0.270425	0.063431	0.061159	0.187270	0.040296	0.377418	0.270425	0.063431	0.061159	0.187270	1,2,3,4,5,1	72.262978	0.687457	0.745631	0.657099	1.622870	1.584653	0.687457	
703000	-116469	1,1,2,3,2,4	71.082561	4.617793	4.617793	5.059496	6.036891	5.059496	5.956692	1,2,2,3,4,5	70.102261	0.366002	0.041339	0.549497	0.043161	0.137722	0.416064	0.263230	0.182984	0.137722	0.416064	0.263230	0.182984	0.204664	0.032586	0.041226	0.721524	0.350746	0.224161	0.074713	0.350380	0.071297	0.342699	0.377915	0.208089	1,1,2,3,4,5	72.038150	0.036819	0.259246	0.337321	0.013914	0.167501	0.185199	0.036819	0.259246	0.337321	0.013914	0.167501	0.185199	0.070840	0.118114	0.094488	0.305289	0.402878	0.008392	0.126183	0.081177	0.197897	0.343438	0.059776	0.191529	0.046692	0.468864	0.084221	0.179688	0.168620	0.051917	0.146550	0.345970	0.290199	0.097957	0.041104	0.078218	1,2,3,4,5,3	71.934787	0.539090	0.947151	0.633098	1.692284	2.165761	0.633098	
704000	-116423	1,1,2,1,3,4	69.962113	5.026791	5.026791	6.594431	5.026791	5.479345	6.251398	1,2,3,4,5,3	71.955902	0.377939	0.093799	0.433539	0.094723	0.167500	0.342539	0.192108	0.297853	0.119274	0.329833	0.277801	0.273091	0.094886	0.118773	0.257674	0.528667	0.407997	0.102161	0.189191	0.300652	0.119274	0.329833	0.277801	0.273091	1,1,2,3,4,4	70.657334	0.065796	0.234429	0.307056	0.087798	0.191316	0.113604	0.065796	0.234429	0.307056	0.087798	0.191316	0.113604	0.019719	0.170143	0.583220	0.167015	0.052269	0.007634	0.067359	0.142109	0.329505	0.073219	0.158019	0.229789	0.106177	0.367922	0.170307	0.195975	0.042480	0.117140	0.106177	0.367922	0.170307	0.195975	0.042480	0.117140	1,2,3,4,5,6	71.041334	0.635929	0.648371	0.610115	1.750439	2.823527	0.604817	
705000	-117793	1,1,2,1,3,4	71.634518	4.248500	4.248500	6.013660	4.248500	5.706607	5.566465	1,2,3,1,1,3	70.816492	0.411052	0.038594	0.294754	0.255599	0.059759	0.275684	0.188029	0.476528	0.106061	0.463253	0.328493	0.102192	0.411052	0.038594	0.294754	0.255599	0.411052	0.038594	0.294754	0.255599	0.106061	0.463253	0.328493	0.102192	1,2,3,4,5,2	71.039379	0.081639	0.301676	0.138434	0.234403	0.157384	0.086464	0.126030	0.220997	0.331405	0.057146	0.083162	0.181260	0.035694	0.092098	0.150147	0.172987	0.357931	0.191142	0.074569	0.070931	0.124379	0.381684	0.157427	0.191010	0.036619	0.188959	0.088257	0.344703	0.304679	0.036782	0.126030	0.220997	0.331405	0.057146	0.083162	0.181260	1,2,2,3,4,2	72.699846	0.593451	0.625096	0.625096	1.819630	2.647860	0.625096	
706000	-118074	1,2,3,3,4,5	70.490246	5.004455	5.224344	5.004890	5.004890	5.654522	5.157786	1,2,3,2,1,4	70.990544	0.446233	0.011302	0.366402	0.176063	0.106779	0.262023	0.116255	0.514943	0.095605	0.670129	0.098234	0.136032	0.106779	0.262023	0.116255	0.514943	0.446233	0.011302	0.366402	0.176063	0.131333	0.067065	0.382970	0.418632	1,2,3,2,3,1	69.870843	0.222116	0.156797	0.145099	0.338750	0.082857	0.054381	0.038390	0.171413	0.410744	0.044772	0.152399	0.182283	0.082521	0.191643	0.237723	0.160266	0.216165	0.111682	0.038390	0.171413	0.410744	0.044772	0.152399	0.182283	0.082521	0.191643	0.237723	0.160266	0.216165	0.111682	0.222116	0.156797	0.145099	0.338750	0.082857	0.054381	1,2,3,4,5,6	71.136921	0.587108	0.694776	0.548772	2.787980	2.117294	0.605595	
707000	-115149	1,2,1,2,3,4	71.924845	4.707041	5.065580	4.707041	5.065580	5.750566	5.330516	1,2,3,4,1,5	70.425172	0.474869	0.008747	0.337671	0.178713	0.150137	0.372325	0.294916	0.182622	0.085936	0.575128	0.194112	0.144824	0.111337	0.053893	0.074825	0.759945	0.474869	0.008747	0.337671	0.178713	0.098445	0.198652	0.503017	0.199886	1,2,3,4,1,5	72.173350	0.230791	0.211349	0.180381	0.169204	0.126020	0.082255	0.065185	0.136178	0.480646	0.016844	0.229755	0.071392	0.008612	0.019321	0.336521	0.229108	0.131422	0.275016	0.257253	0.052234	0.139364	0.066491	0.076372	0.408285	0.230791	0.211349	0.180381	0.169204	0.126020	0.082255	0.057528	0.110394	0.369804	0.175993	0.167315	0.118967	1,2,2,3,3,2	72.774318	0.506896	0.654314	0.654314	1.945735	1.945735	0.654314	
708000	-118940	1,2,3,4,5,6	71.832635	5.237995	5.510171	5.221789	6.172900	5.249945	6.148285	1,2,3,4,1,2	73.190781	0.503310	0.082215	0.309635	0.104839	0.168167	0.281444	0.323326	0.227063	0.212364	0.310166	0.206558	0.270912	0.222207	0.194278	0.085826	0.497690	0.503310	0.082215	0.309635	0.104839	0.168167	0.281444	0.323326	0.227063	1,2,3,4,1,1	70.863691	0.039991	0.278101	0.346227	0.157925	0.078343	0.099413	0.065977	0.033279	0.734231	0.010317	0.133157	0.023038	0.071811	0.005593	0.313921	0.511846	0.064310	0.032519	0.157819	0.135849	0.063615	0.496864	0.044921	0.100933	0.039991	0.278101	0.346227	0.157925	0.078343	0.099413	0.039991	0.278101	0.346227	0.157925	0.078343	0.099413	1,1,2,3,3,2	71.351074	0.533546	0.533546	0.615349	2.434874	2.434874	0.615349	
709000	-116689	1,2,3,4,3,5	71.492565	5.282530	4.867928	4.821950	5.973281	4.821950	5.734020	1,2,3,4,1,5	70.994158	0.434771	0.036498	0.482840	0.045891	0.148716	0.147561	0.216126	0.487598	0.067819	0.500353	0.166867	0.264961	0.167754	0.007331	0.245638	0.579277	0.434771	0.036498	0.482840	0.045891	0.141604	0.224815	0.459128	0.174453	1,2,3,2,1,1	71.196420	0.176892	0.124542	0.415841	0.121571	0.062466	0.098689	0.042136	0.171349	0.240745	0.043709	0.280400	0.221662	0.020878	0.123003	0.061189	0.662356	0.084785	0.047789	0.042136	0.171349	0.240745	0.043709	0.280400	0.221662	0.176892	0.124542	0.415841	0.121571	0.062466	0.098689	0.176892	0.124542	0.415841	0.121571	0.062466	0.098689	1,2,2,3,4,1	70.758313	0.505680	0.595800	0.595800	1.748600	2.402343	0.505680	
710000	-115972	1,1,2,3,4,5	72.683928	4.717895	4.717895	5.563363	5.498780	5.538493	5.532475	1,2,3,4,5,2	71.981103	0.488333	0.041683	0.317158	0.152825	0.136504	0.171778	0.300126	0.391592	0.105656	0.605156	0.203041	0.086147	0.172809	0.078991	0.178217	0.569984	0.513178	0.025527	0.267908	0.193388	0.136504	0.171778	0.300126	0.391592	1,2,3,4,1,1	71.416557	0.129317	0.215704	0.178871	0.242807	0.134159	0.099142	0.095961	0.017061	0.372574	0.068150	0.377936	0.068318	0.195410	0.072157	0.165166	0.324416	0.176777	0.066074	0.041924	0.048848	0.351994	0.143325	0.145640	0.268270	0.129317	0.215704	0.178871	0.242807	0.134159	0.099142	0.129317	0.215704	0.178871	0.242807	0.134159	0.099142	1,2,3,4,5,6	71.898705	0.605970	0.602876	0.662183	1.522538	1.909746	0.544977	
711000	-116926	1,1,2,3,2,4	70.968992	4.974039	4.974039	4.904398	4.986666	4.904398	5.864859	1,2,2,3,1,4	71.669167	0.510747	0.069663	0.325951	0.093638	0.263543	0.353590	0.176594	0.206273	0.263543	0.353590	0.176594	0.206273	0.035741	0.088442	0.235538	0.640280	0.510747	0.069663	0.325951	0.093638	0.238648	0.141735	0.233718	0.385900	1,1,2,3,1,3	71.691933	0.034524	0.178368	0.440665	0.023310	0.218860	0.104272	0.034524	0.178368	0.440665	0.023310	0.218860	0.104272	0.002443	0.206437	0.029492	0.570331	0.162952	0.028345	0.058913	0.063011	0.406517	0.286377	0.062387	0.122795	0.034524	0.178368	0.440665	0.023310	0.218860	0.104272	0.058913	0.063011	0.406517	0.286377	0.062387	0.122795	1,2,3,4,5,6	70.810544	0.565986	0.616262	0.728634	2.180121	1.800004	0.680631	
712000	-118421	1,2,1,3,3,4	72.535399	4.677598	5.192400	4.677598	5.101939	5.101939	5.418147	1,2,3,4,5,6	68.824071	0.271522	0.064478	0.518486	0.145513	0.251470	0.256706	0.262724	0.229100	0.058079	0.442136	0.076817	0.422968	0.042740	0.220487	0.229100	0.507673	0.358321	0.137895	0.329092	0.174691	0.051929	0.434160	0.254754	0.259158	1,1,2,3,1,3	71.856454	0.002309	0.348170	0.275507	0.057223	0.225226	0.091565	0.002309	0.348170	0.275507	0.057223	0.225226	0.091565	0.357403	0.094067	0.044046	0.403268	0.082357	0.018860	0.125337	0.144289	0.343510	0.167227	0.015382	0.204256	0.002309	0.348170	0.275507	0.057223	0.225226	0.091565	0.125337	0.144289	0.343510	0.167227	0.015382	0.204256	1,2,3,4,4,1	70.917299	0.577335	0.528034	0.584269	1.965791	1.965791	0.577335	
713000	-118388	1,2,1,3,4,1	73.067798	4.662507	5.383871	4.662507	5.973886	5.217231	4.662507	1,2,3,4,1,2	72.391728	0.330883	0.071753	0.414331	0.183034	0.221573	0.388938	0.094172	0.295317	0.073360	0.149737	0.700491	0.076413	0.068527	0.032766	0.057268	0.841440	0.330883	0.071753	0.414331	0.183034	0.221573	0.388938	0.094172	0.295317	1,2,2,3,2,3	70.236155	0.047704	0.212993	0.219671	0.181527	0.223407	0.114697	0.084981	0.185103	0.297679	0.067213	0.294014	0.071010	0.084981	0.185103	0.297679	0.067213	0.294014	0.071010	0.065355	0.153137	0.254074	0.127505	0.145136	0.254794	0.084981	0.185103	0.297679	0.067213	0.294014	0.071010	0.065355	0.153137	0.254074	0.127505	0.145136	0.254794	1,1,1,2,3,1	71.971112	0.689230	0.689230	0.689230	2.042787	2.123418	0.689230	
714000	-116087	1,2,3,4,5,3	72.020104	5.297222	4.570060	5.594604	5.374406	5.028372	5.594604	1,2,3,4,5,6	69.586618	0.369250	0.071183	0.418701	0.140866	0.046870	0.399495	0.181560	0.372075	0.032213	0.505369	0.361164	0.101254	0.176456	0.035955	0.126860	0.660730	0.627926	0.079296	0.202237	0.090541	0.195454	0.283933	0.297709	0.222904	1,2,3,1,2,4	71.479453	0.087405	0.113795	0.315528	0.289919	0.004317	0.189034	0.144330	0.270690	0.306173	0.023337	0.121085	0.134386	0.262262	0.023404	0.229101	0.248337	0.211512	0.025385	0.087405	0.113795	0.315528	0.289919	0.004317	0.189034	0.144330	0.270690	0.306173	0.023337	0.121085	0.134386	0.237343	0.094884	0.128575	0.272793	0.144700	0.121705	1,2,1,3,4,1	72.641182	0.567566	0.833029	0.567566	1.853278	1.919325	0.567566	
715000	-116723	1,2,1,1,1,3	70.800588	4.726491	5.490108	4.726491	4.726491	4.726491	5.340585	1,2,3,4,5,2	70.898687	0.379623	0.139493	0.426407	0.054476	0.125267	0.251121	0.225804	0.397808	0.197862	0.504409	0.268598	0.029131	0.255652	0.158826	0.174870	0.410652	0.559754	0.102137	0.236788	0.101321	0.125267	0.251121	0.225804	0.397808	1,1,2,3,1,4	72.597358	0.026962	0.154017	0.288111	0.054880	0.357960	0.118071	0.026962	0.154017	0.288111	0.054880	0.357960	0.118071	0.000221	0.002053	0.182417	0.359317	0.360256	0.095736	0.327420	0.020466	0.298148	0.026169	0.060635	0.267161	0.026962	0.154017	0.288111	0.054880	0.357960	0.118071	0.190208	0.151188	0.169487	0.249695	0.031538	0.207884	1,2,2,3,4,5	70.396838	0.546487	0.564152	0.564152	1.795747	1.858652	0.604708	
716000	-115618	1,1,2,1,3,4	71.518830	4.851976	4.851976	5.477256	4.851976	5.788192	5.853828	1,2,3,4,1,3	72.003641	0.450325	0.021164	0.387323	0.141187	0.101779	0.511357	0.097538	0.289326	0.092814	0.355926	0.353192	0.198069	0.055719	0.209352	0.063859	0.671070	0.450325	0.021164	0.387323	0.141187	0.092814	0.355926	0.353192	0.198069	1,2,1,3,1,4	71.655124	0.061691	0.191976	0.243311	0.223140	0.207131	0.072751	0.008499	0.030822	0.551429	0.002107	0.272786	0.134357	0.061691	0.191976	0.243311	0.223140	0.207131	0.072751	0.101286	0.030806	0.580087	0.049268	0.014625	0.223928	0.061691	0.191976	0.243311	0.223140	0.207131	0.072751	0.036043	0.282880	0.442059	0.155060	0.026813	0.057144	1,2,1,3,4,1	72.510259	0.565761	0.642068	0.565761	3.351794	1.882550	0.565761	
717000	-115920	1,2,3,4,5,6	71.842566	4.643158	6.061669	4.999898	4.673359	5.732485	5.456659	1,2,3,4,1,5	72.376098	0.512862	0.035200	0.287433	0.164505	0.286352	0.285981	0.095636	0.332032	0.140004	0.592958	0.230978	0.036061	0.065531	0.023411	0.407440	0.503618	0.512862	0.035200	0.287433	0.164505	0.235803	0.170754	0.401907	0.191536	1,2,3,4,1,1	71.682695	0.082564	0.213096	0.163595	0.178367	0.280944	0.081433	0.007655	0.019614	0.489641	0.061442	0.277787	0.143860	0.045545	0.103501	0.045171	0.233240	0.294281	0.278262	0.091881	0.043705	0.612982	0.096801	0.069873	0.084758	0.082564	0.213096	0.163595	0.178367	0.280944	0.081433	0.082564	0.213096	0.163595	0.178367	0.280944	0.081433	1,1,2,3,4,2	73.224250	0.590859	0.590859	0.535679	1.673698	2.348410	0.535679	
718000	-117130	1,2,3,4,5,6	72.661861	4.679469	5.398402	5.426567	5.523213	5.445682	6.154401	1,2,3,4,1,2	71.063543	0.459043	0.087272	0.218853	0.234832	0.137020	0.338553	0.199913	0.324514	0.012742	0.336647	0.477085	0.173526	0.160563	0.178800	0.191236	0.469402	0.459043	0.087272	0.218853	0.234832	0.137020	0.338553	0.199913	0.324514	1,2,3,4,3,5	70.049474	0.128137	0.316948	0.261408	0.077227	0.069653	0.146626	0.019808	0.120367	0.329509	0.011728	0.326808	0.191780	0.033677	0.326105	0.256950	0.187659	0.134654	0.060954	0.140132	0.061195	0.226500	0.144330	0.179253	0.248591	0.033677	0.326105	0.256950	0.187659	0.134654	0.060954	0.247281	0.179548	0.375949	0.084889	0.028146	0.084187	1,2,3,4,5,1	71.101856	0.559804	0.657778	0.682797	2.348530	2.632861	0.559804	
719000	-115433	1,2,2,3,4,5	71.675267	4.865707	5.166697	5.166697	5.379582	5.420511	6.180127	1,2,3,4,5,6	72.272975	0.417665	0.036579	0.476698	0.069058	0.112135	0.247689	0.124168	0.516008	0.040263	0.593051	0.270170	0.096516	0.241805	0.215147	0.056216	0.486832	0.563146	0.017663	0.297940	0.121251	0.144434	0.193487	0.505685	0.156394	1,2,3,4,1,1	71.701521	0.093423	0.280178	0.334867	0.140403	0.088093	0.063035	0.117335	0.177758	0.191112	0.071474	0.217466	0.224855	0.004941	0.048630	0.083493	0.390706	0.205684	0.266546	0.033395	0.163630	0.097318	0.126071	0.039591	0.539995	0.093423	0.280178	0.334867	0.140403	0.088093	0.063035	0.093423	0.280178	0.334867	0.140403	0.088093	0.063035	1,1,2,3,4,1	71.509411	0.630208	0.630208	0.603347	1.917481	2.641701	0.630208	
720000	-115910	1,2,1,1,3,1	72.045628	5.079383	5.544245	5.079383	5.079383	5.248272	5.079383	1,2,3,2,4,5	72.428776	0.415463	0.053001	0.254247	0.277289	0.160816	0.240697	0.130844	0.467642	0.061601	0.454205	0.315541	0.168652	0.160816	0.240697	0.130844	0.467642	0.392758	0.020321	0.218445	0.368476	0.039070	0.324839	0.331988	0.304102	1,2,3,4,5,6	71.541579	0.033933	0.387653	0.319458	0.101506	0.056771	0.100679	0.026660	0.101857	0.384006	0.124573	0.252302	0.110603	0.000333	0.015619	0.012166	0.461939	0.226236	0.283706	0.035845	0.189422	0.251808	0.175488	0.019754	0.327682	0.269339	0.231673	0.112461	0.148181	0.161590	0.076755	0.184269	0.371834	0.270452	0.059711	0.055259	0.058475	1,2,1,3,4,1	71.434184	0.613642	0.609781	0.613642	2.261026	2.796124	0.613642	
721000	-116716	1,2,3,1,4,5	71.608654	4.406920	5.635104	5.536851	4.406920	5.661944	5.205729	1,2,3,4,1,3	72.316113	0.634665	0.043566	0.254234	0.067535	0.246175	0.366708	0.022616	0.364501	0.106720	0.267964	0.473471	0.151846	0.072017	0.026421	0.025050	0.876512	0.634665	0.043566	0.254234	0.067535	0.106720	0.267964	0.473471	0.151846	1,1,2,3,4,2	71.692348	0.057954	0.138056	0.260245	0.043102	0.163882	0.336761	0.057954	0.138056	0.260245	0.043102	0.163882	0.336761	0.051052	0.094913	0.529163	0.115603	0.127206	0.082063	0.583992	0.000458	0.136094	0.011548	0.034344	0.233563	0.014841	0.291792	0.460485	0.024099	0.145229	0.063554	0.051052	0.094913	0.529163	0.115603	0.127206	0.082063	1,2,1,3,4,1	70.833136	0.575988	0.638063	0.575988	2.651067	2.876830	0.575988	
722000	-115315	1,2,3,1,4,5	68.954971	4.688072	5.262834	4.854536	4.688072	5.303028	6.090610	1,2,3,4,5,6	72.136486	0.414472	0.143422	0.338192	0.103914	0.283205	0.283606	0.092363	0.340826	0.050074	0.456037	0.232314	0.261575	0.074744	0.003046	0.407366	0.514844	0.598385	0.063868	0.114866	0.222881	0.120342	0.312238	0.302975	0.264446	1,2,3,4,2,1	71.956391	0.068873	0.307105	0.337587	0.096909	0.115972	0.073554	0.056725	0.370489	0.140858	0.008161	0.176538	0.247228	0.123867	0.012047	0.004298	0.677492	0.133594	0.048703	0.049118	0.013154	0.314638	0.221512	0.268270	0.133308	0.056725	0.370489	0.140858	0.008161	0.176538	0.247228	0.068873	0.307105	0.337587	0.096909	0.115972	0.073554	1,1,1,2,2,1	71.422166	0.612357	0.612357	0.612357	2.204977	2.204977	0.612357	
723000	-116592	1,2,2,3,4,5	72.725010	5.153791	4.696843	4.696843	6.123614	5.718893	5.791433	1,2,2,3,4,5	72.382928	0.436114	0.033740	0.385163	0.144983	0.060364	0.439504	0.136445	0.363687	0.060364	0.439504	0.136445	0.363687	0.131233	0.102577	0.168703	0.597486	0.586064	0.021643	0.207915	0.184378	0.030720	0.321152	0.321707	0.326421	1,1,2,3,2,3	72.274830	0.105250	0.234536	0.346596	0.023443	0.160165	0.130011	0.105250	0.234536	0.346596	0.023443	0.160165	0.130011	0.084507	0.299718	0.288655	0.215292	0.089663	0.022165	0.086511	0.303984	0.154183	0.198495	0.055755	0.201072	0.084507	0.299718	0.288655	0.215292	0.089663	0.022165	0.086511	0.303984	0.154183	0.198495	0.055755	0.201072	1,2,2,3,3,2	72.568156	0.567141	0.609812	0.609812	2.407025	2.407025	0.609812	
724000	-116657	1,2,3,4,5,6	70.791721	4.940276	4.947412	5.052830	6.083689	5.276444	5.108557	1,2,3,4,1,2	71.388863	0.467072	0.021431	0.406036	0.105460	0.072488	0.307577	0.253117	0.366818	0.079438	0.629849	0.089183	0.201529	0.327459	0.043827	0.169983	0.458731	0.467072	0.021431	0.406036	0.105460	0.072488	0.307577	0.253117	0.366818	1,2,3,4,2,5	71.185654	0.147494	0.275762	0.277700	0.211007	0.005226	0.082811	0.089058	0.147924	0.484324	0.074481	0.184994	0.019219	0.160259	0.085751	0.122826	0.330314	0.258655	0.042195	0.252209	0.055435	0.139108	0.298992	0.065990	0.188267	0.089058	0.147924	0.484324	0.074481	0.184994	0.019219	0.115911	0.459478	0.258123	0.074864	0.033724	0.057900	1,2,2,3,3,4	71.292218	0.555326	0.629529	0.629529	1.806616	1.806616	0.520314	
725000	-116532	1,2,1,1,3,3	72.252584	4.507943	5.225827	4.507943	4.507943	5.418540	5.418540	1,2,3,4,1,5	71.558396	0.533775	0.028815	0.328692	0.108718	0.223112	0.337535	0.093578	0.345776	0.080903	0.342693	0.216660	0.359744	0.178303	0.006975	0.067635	0.747087	0.533775	0.028815	0.328692	0.108718	0.157021	0.292386	0.337406	0.213186	1,2,1,3,1,4	71.731091	0.039525	0.172479	0.085612	0.349296	0.289697	0.063390	0.169370	0.140361	0.269424	0.101839	0.130098	0.188908	0.039525	0.172479	0.085612	0.349296	0.289697	0.063390	0.283350	0.113914	0.086738	0.050814	0.035799	0.429387	0.039525	0.172479	0.085612	0.349296	0.289697	0.063390	0.224383	0.336854	0.043270	0.210717	0.070317	0.114458	1,2,1,3,4,5	72.895627	0.589343	0.769127	0.589343	1.680835	2.153607	0.647633	
726000	-115052	1,1,2,3,3,4	71.094484	5.101878	5.101878	5.917972	5.409403	5.409403	5.500247	1,2,3,4,5,6	71.072580	0.386081	0.065918	0.443886	0.104115	0.140124	0.539869	0.159795	0.160212	0.078448	0.592081	0.195071	0.134400	0.226906	0.036828	0.151911	0.584355	0.443710	0.056224	0.095422	0.404644	0.088924	0.290494	0.213055	0.407526	1,2,3,4,5,5	71.676001	0.131753	0.198728	0.319111	0.158640	0.035892	0.155875	0.073641	0.100967	0.411847	0.006129	0.195207	0.212209	0.084994	0.003046	0.499821	0.206109	0.196138	0.009892	0.215231	0.057386	0.270658	0.151650	0.093529	0.211546	0.046696	0.570424	0.178444	0.137207	0.034471	0.032757	0.046696	0.570424	0.178444	0.137207	0.034471	0.032757	1,2,3,4,5,1	72.205848	0.646720	0.617563	0.651337	2.141399	2.086774	0.646720	
727000	-118331	1,1,1,2,3,4	71.257185	5.124249	5.124249	5.124249	5.848790	5.529643	6.415285	1,2,3,4,5,2	71.342707	0.600241	0.012692	0.272814	0.114254	0.174736	0.217474	0.304210	0.303579	0.086563	0.456461	0.234579	0.222398	0.130969	0.236524	0.199928	0.432580	0.553230	0.054265	0.161540	0.230965	0.174736	0.217474	0.304210	0.303579	1,1,1,2,1,1	70.631803	0.098397	0.277494	0.253428	0.095142	0.165580	0.109959	0.098397	0.277494	0.253428	0.095142	0.165580	0.109959	0.098397	0.277494	0.253428	0.095142	0.165580	0.109959	0.019416	0.081736	0.218222	0.145653	0.080575	0.454399	0.098397	0.277494	0.253428	0.095142	0.165580	0.109959	0.098397	0.277494	0.253428	0.095142	0.165580	0.109959	1,2,3,4,5,2	72.823953	0.577526	0.645524	0.575658	1.590005	2.757745	0.645524	
728000	-117958	1,2,1,1,3,1	71.256475	4.947564	4.997245	4.947564	4.947564	5.792673	4.947564	1,2,3,4,5,6	71.716743	0.364896	0.011277	0.512234	0.111593	0.157531	0.453881	0.060695	0.327893	0.103478	0.293484	0.578743	0.024296	0.490400	0.012337	0.048299	0.448963	0.462794	0.082019	0.181008	0.274179	0.149853	0.127638	0.419235	0.303274	1,2,3,2,4,1	69.934710	0.128084	0.215522	0.185631	0.394876	0.000719	0.075169	0.002679	0.054924	0.148428	0.027679	0.136461	0.629829	0.001234	0.149429	0.193504	0.115946	0.460891	0.078997	0.002679	0.054924	0.148428	0.027679	0.136461	0.629829	0.015806	0.132420	0.113673	0.480207	0.253175	0.004718	0.128084	0.215522	0.185631	0.394876	0.000719	0.075169	1,1,2,3,4,5	72.429328	0.606060	0.606060	0.649515	1.742506	3.500459	0.441561	
729000	-117052	1,2,1,3,4,5	71.111268	4.744323	5.111281	4.744323	6.720257	5.421558	5.819760	1,2,3,4,5,6	71.417839	0.313929	0.131145	0.396586	0.158340	0.120054	0.226053	0.276677	0.377217	0.019152	0.824840	0.111730	0.044278	0.108795	0.039051	0.021905	0.830249	0.317643	0.059535	0.084338	0.538484	0.185467	0.434844	0.235451	0.144238	1,2,3,4,1,5	72.785659	0.046447	0.351500	0.149239	0.080370	0.338613	0.033831	0.025499	0.163801	0.410883	0.061944	0.152729	0.185143	0.073557	0.229947	0.327127	0.100891	0.237118	0.031359	0.029198	0.500716	0.120553	0.170811	0.032338	0.146384	0.046447	0.351500	0.149239	0.080370	0.338613	0.033831	0.038290	0.195331	0.198130	0.115031	0.152350	0.300868	1,2,1,3,4,1	71.868719	0.667946	0.613556	0.667946	2.115133	2.146097	0.667946	
730000	-118065	1,2,1,3,4,5	69.601203	4.136696	5.098062	4.136696	5.532270	5.153059	5.112554	1,2,2,3,4,2	69.875895	0.203162	0.364908	0.304681	0.127248	0.147279	0.407070	0.187071	0.258580	0.147279	0.407070	0.187071	0.258580	0.218122	0.089043	0.085189	0.607646	0.668284	0.089449	0.085195	0.157072	0.147279	0.407070	0.187071	0.258580	1,1,2,3,1,1	73.081163	0.057320	0.263818	0.233896	0.077302	0.145720	0.221943	0.057320	0.263818	0.233896	0.077302	0.145720	0.221943	0.120146	0.100993	0.114889	0.415140	0.208986	0.039847	0.086044	0.016496	0.142326	0.244208	0.220366	0.290561	0.057320	0.263818	0.233896	0.077302	0.145720	0.221943	0.057320	0.263818	0.233896	0.077302	0.145720	0.221943	1,2,3,4,4,3	71.214762	0.712540	0.735669	0.636426	2.283463	2.283463	0.636426	
731000	-115752	1,1,2,3,4,5	70.501982	4.832709	4.832709	6.073258	7.036096	5.571735	6.235987	1,2,3,4,5,6	70.993845	0.419729	0.057693	0.356695	0.165883	0.058211	0.352782	0.044441	0.544566	0.047421	0.655211	0.234485	0.062883	0.118138	0.013235	0.262022	0.606605	0.482194	0.165993	0.185921	0.165892	0.122886	0.257730	0.423512	0.195873	1,2,3,4,5,6	72.456276	0.142657	0.325188	0.345666	0.057351	0.046601	0.082536	0.069010	0.339223	0.214114	0.020410	0.127288	0.229955	0.026644	0.189812	0.069107	0.368900	0.149583	0.195953	0.118138	0.230736	0.281642	0.046396	0.049097	0.273991	0.128693	0.357464	0.333995	0.062552	0.050553	0.066744	0.166357	0.285031	0.211717	0.071674	0.078846	0.186376	1,2,3,4,4,3	71.201120	0.618980	0.706793	0.711795	2.132431	2.132431	0.711795	
732000	-115953	1,2,3,1,4,5	71.346342	4.624621	5.204084	6.497380	4.624621	5.751741	5.229714	1,2,3,4,1,2	71.419976	0.521981	0.025731	0.274139	0.178149	0.249193	0.256300	0.189199	0.305308	0.038522	0.695904	0.166564	0.099009	0.043773	0.362278	0.060170	0.533779	0.521981	0.025731	0.274139	0.178149	0.249193	0.256300	0.189199	0.305308	1,2,3,4,3,1	70.926054	0.129066	0.243146	0.104866	0.360672	0.070339	0.091910	0.043055	0.080789	0.166320	0.080377	0.409759	0.219699	0.032715	0.210826	0.200258	0.165047	0.348787	0.042367	0.022839	0.291700	0.444088	0.057104	0.025847	0.158422	0.032715	0.210826	0.200258	0.165047	0.348787	0.042367	0.129066	0.243146	0.104866	0.360672	0.070339	0.091910	1,2,1,3,3,2	71.140174	0.567058	0.626976	0.567058	2.411717	2.411717	0.626976	
733000	-116627	1,2,2,3,4,5	71.902268	5.133955	5.230886	5.230886	5.264056	5.755675	5.456891	1,2,3,2,1,4	70.599534	0.474883	0.023881	0.286992	0.214244	0.297418	0.187441	0.174639	0.340502	0.027670	0.607766	0.179594	0.184970	0.297418	0.187441	0.174639	0.340502	0.474883	0.023881	0.286992	0.214244	0.201503	0.223798	0.328851	0.245847	1,1,2,3,4,2	72.752269	0.070291	0.253059	0.229488	0.104295	0.218966	0.123901	0.070291	0.253059	0.229488	0.104295	0.218966	0.123901	0.086446	0.172960	0.229938	0.216842	0.175139	0.118675	0.402433	0.109177	0.110409	0.045370	0.026053	0.306559	0.003033	0.389910	0.348208	0.028485	0.207701	0.022664	0.086446	0.172960	0.229938	0.216842	0.175139	0.118675	1,2,1,3,4,1	72.069481	0.630859	0.632098	0.630859	1.355816	2.458099	0.630859	
734000	-115644	1,1,1,2,3,4	70.365064	4.806086	4.806086	4.806086	5.620896	5.968081	6.182517	1,2,3,4,5,3	71.150873	0.317149	0.079913	0.373444	0.229495	0.130839	0.497621	0.137915	0.233624	0.077665	0.390859	0.247530	0.283946	0.070308	0.286308	0.088065	0.555320	0.529191	0.010192	0.200142	0.260475	0.077665	0.390859	0.247530	0.283946	1,2,3,4,1,5	71.216873	0.085712	0.221489	0.156375	0.071015	0.442308	0.023101	0.007057	0.095877	0.374868	0.077425	0.260845	0.183927	0.002355	0.011775	0.342167	0.278896	0.336000	0.028807	0.011050	0.177748	0.335147	0.146750	0.020155	0.309149	0.085712	0.221489	0.156375	0.071015	0.442308	0.023101	0.009692	0.281288	0.318352	0.165773	0.103345	0.121550	1,2,1,3,3,4	72.477243	0.598661	0.750075	0.598661	2.258798	2.258798	0.642522	
735000	-117711	1,1,2,3,4,5	69.820449	4.270963	4.270963	5.378563	5.248755	4.838313	5.494575	1,2,3,4,1,3	70.950083	0.471396	0.115568	0.331879	0.081158	0.188123	0.219550	0.204535	0.387792	0.102851	0.441313	0.262214	0.193622	0.039621	0.244192	0.135561	0.580626	0.471396	0.115568	0.331879	0.081158	0.102851	0.441313	0.262214	0.193622	1,2,3,4,5,4	69.149652	0.232362	0.242293	0.158315	0.287381	0.007129	0.072520	0.140456	0.226594	0.321452	0.005688	0.257952	0.047859	0.022282	0.184461	0.112335	0.335335	0.289343	0.056244	0.144694	0.251633	0.183464	0.168034	0.031425	0.220750	0.051793	0.288892	0.181294	0.184529	0.196483	0.097010	0.144694	0.251633	0.183464	0.168034	0.031425	0.220750	1,2,3,4,5,3	70.346152	0.691770	0.606495	0.609202	2.806205	2.806724	0.609202	
736000	-115243	1,1,1,2,3,4	70.250401	4.850862	4.850862	4.850862	5.974261	5.489478	6.000159	1,2,3,4,1,5	70.845657	0.608190	0.045422	0.189778	0.156610	0.170817	0.253695	0.066620	0.508868	0.058297	0.529095	0.126819	0.285789	0.033823	0.040656	0.078037	0.847484	0.608190	0.045422	0.189778	0.156610	0.066096	0.363438	0.316550	0.253917	1,2,3,4,5,4	72.242644	0.078947	0.270052	0.163939	0.112187	0.243418	0.131456	0.114717	0.198549	0.174669	0.025691	0.200679	0.285694	0.103757	0.334324	0.035146	0.315180	0.164759	0.046834	0.114422	0.313714	0.296495	0.097468	0.056569	0.121332	0.011263	0.359017	0.386924	0.058508	0.105608	0.078680	0.114422	0.313714	0.296495	0.097468	0.056569	0.121332	1,1,2,3,4,1	72.427737	0.559172	0.559172	0.548332	2.360542	2.524613	0.559172	
737000	-116328	1,2,3,4,5,6	71.068239	4.884069	5.666850	5.736994	5.981387	5.651780	5.388756	1,2,3,4,5,6	70.396931	0.357106	0.037479	0.557276	0.048139	0.115583	0.333558	0.114325	0.436533	0.115423	0.369292	0.456536	0.058749	0.116821	0.174703	0.116090	0.592386	0.471268	0.059804	0.335692	0.133236	0.062131	0.341265	0.220194	0.376410	1,2,3,4,1,5	72.663363	0.035203	0.169438	0.541172	0.036485	0.167484	0.050216	0.063940	0.115739	0.475604	0.071052	0.128836	0.144830	0.120029	0.150623	0.099764	0.131875	0.289414	0.208295	0.143521	0.315319	0.104622	0.086879	0.006963	0.342695	0.035203	0.169438	0.541172	0.036485	0.167484	0.050216	0.290045	0.233641	0.230324	0.076408	0.055318	0.114265	1,2,1,3,4,1	70.191460	0.569213	0.649558	0.569213	1.050820	1.668505	0.569213	
738000	-116091	1,2,3,1,4,5	73.156753	5.075940	5.311197	5.101544	5.075940	5.292403	5.507835	1,2,3,4,1,5	71.120633	0.484451	0.029308	0.375969	0.110271	0.119094	0.442298	0.165895	0.272713	0.108056	0.587177	0.224932	0.079835	0.284558	0.134774	0.207671	0.372998	0.484451	0.029308	0.375969	0.110271	0.067083	0.371786	0.329734	0.231397	1,2,3,2,1,1	71.236561	0.139131	0.177179	0.294167	0.194839	0.087538	0.107147	0.077927	0.037389	0.308923	0.004522	0.133689	0.437551	0.042275	0.076833	0.009419	0.363846	0.420507	0.087121	0.077927	0.037389	0.308923	0.004522	0.133689	0.437551	0.139131	0.177179	0.294167	0.194839	0.087538	0.107147	0.139131	0.177179	0.294167	0.194839	0.087538	0.107147	1,2,3,4,5,1	71.623367	0.567421	0.701780	0.576170	1.414670	2.152121	0.567421	
739000	-117602	1,2,2,1,1,3	72.443315	4.561488	5.619175	5.619175	4.561488	4.561488	5.633285	1,2,3,2,1,3	71.416151	0.457003	0.222042	0.198301	0.122654	0.171393	0.190186	0.184405	0.454015	0.080228	0.427018	0.229937	0.262817	0.171393	0.190186	0.184405	0.454015	0.457003	0.222042	0.198301	0.122654	0.080228	0.427018	0.229937	0.262817	1,2,3,4,2,1	70.273994	0.115323	0.347178	0.266199	0.065941	0.029202	0.176157	0.015060	0.338245	0.332274	0.040995	0.146674	0.126752	0.066107	0.042892	0.462157	0.219743	0.170493	0.038608	0.033817	0.008582	0.420933	0.224480	0.139429	0.172759	0.015060	0.338245	0.332274	0.040995	0.146674	0.126752	0.115323	0.347178	0.266199	0.065941	0.029202	0.176157	1,2,2,3,4,2	71.223754	0.659383	0.639532	0.639532	1.844190	2.366252	0.639532	
740000	-118110	1,1,1,2,3,4	70.582894	4.841378	4.841378	4.841378	5.908818	5.724359	6.073380	1,2,3,2,1,2	72.078171	0.421294	0.029921	0.255437	0.293348	0.187122	0.172292	0.326190	0.314397	0.042887	0.696937	0.153861	0.106315	0.187122	0.172292	0.326190	0.314397	0.421294	0.029921	0.255437	0.293348	0.187122	0.172292	0.326190	0.314397	1,2,3,4,1,5	69.505070	0.093896	0.164692	0.121846	0.360845	0.238462	0.020260	0.017016	0.035146	0.331491	0.130838	0.382335	0.103174	0.077370	0.153401	0.105145	0.471302	0.183954	0.008828	0.008106	0.057319	0.190877	0.420837	0.060856	0.262004	0.093896	0.164692	0.121846	0.360845	0.238462	0.020260	0.006627	0.247800	0.142359	0.407331	0.041789	0.154094	1,2,2,3,3,2	71.811243	0.571874	0.609255	0.609255	2.109847	2.109847	0.609255	
741000	-117106	1,2,1,3,4,5	71.902140	4.060284	5.518473	4.060284	6.865518	5.655733	5.953156	1,2,3,2,4,5	71.861823	0.239477	0.028128	0.564633	0.167762	0.222351	0.203927	0.152619	0.421103	0.100089	0.507469	0.130674	0.261769	0.222351	0.203927	0.152619	0.421103	0.557889	0.103586	0.108856	0.229668	0.098105	0.182899	0.366529	0.352467	1,1,2,3,1,4	71.987131	0.040647	0.356979	0.244301	0.146501	0.141382	0.070189	0.040647	0.356979	0.244301	0.146501	0.141382	0.070189	0.153962	0.041828	0.034703	0.466820	0.253919	0.048769	0.477652	0.102712	0.089239	0.132698	0.033715	0.163985	0.040647	0.356979	0.244301	0.146501	0.141382	0.070189	0.227183	0.270602	0.293921	0.105888	0.022058	0.080348	1,1,2,3,4,1	71.896779	0.576067	0.576067	0.684636	2.291463	2.422270	0.576067	
742000	-118013	1,2,3,2,4,5	72.635381	5.352137	5.008584	5.698093	5.008584	5.402419	6.366116	1,2,3,4,5,6	71.895065	0.493504	0.028846	0.377910	0.099739	0.193925	0.218238	0.217438	0.370399	0.056143	0.516497	0.382958	0.044402	0.050840	0.363604	0.120140	0.465416	0.543085	0.088809	0.249408	0.118698	0.188449	0.117850	0.505538	0.188163	1,1,1,2,1,3	70.975078	0.003734	0.150306	0.293958	0.115203	0.286572	0.150228	0.003734	0.150306	0.293958	0.115203	0.286572	0.150228	0.003734	0.150306	0.293958	0.115203	0.286572	0.150228	0.069325	0.000682	0.194972	0.382455	0.080658	0.271908	0.003734	0.150306	0.293958	0.115203	0.286572	0.150228	0.266267	0.204297	0.136245	0.089479	0.262014	0.041698	1,2,3,4,4,1	69.524697	0.536579	0.655898	0.537369	2.048755	2.048755	0.536579	
743000	-120006	1,2,3,2,3,4	71.282933	5.960682	5.213892	4.851423	5.213892	4.851423	4.977537	1,2,3,4,5,6	71.055664	0.597193	0.073321	0.284697	0.044789	0.191140	0.149493	0.063586	0.595780	0.016172	0.361772	0.202777	0.419279	0.071882	0.310356	0.091259	0.526503	0.444123	0.214127	0.107223	0.234526	0.091442	0.425920	0.341041	0.141597	1,2,3,4,2,3	71.780916	0.119968	0.056975	0.104291	0.068627	0.647456	0.002684	0.047384	0.474266	0.194687	0.041997	0.107866	0.133800	0.074806	0.198163	0.221928	0.115012	0.204209	0.185882	0.009187	0.678226	0.097018	0.086867	0.007209	0.121492	0.047384	0.474266	0.194687	0.041997	0.107866	0.133800	0.074806	0.198163	0.221928	0.115012	0.204209	0.185882	1,2,3,4,5,1	69.146978	0.645315	0.726730	0.418032	2.738449	2.922601	0.645315	
744000	-116564	1,2,3,4,4,5	69.794284	6.270250	4.980617	6.020291	4.468438	4.468438	5.250068	1,2,3,4,5,3	71.320995	0.439273	0.021918	0.504569	0.034240	0.267709	0.461547	0.077320	0.193424	0.095881	0.510094	0.260900	0.133125	0.054621	0.113629	0.310913	0.520838	0.332714	0.361275	0.133930	0.172082	0.095881	0.510094	0.260900	0.133125	1,2,1,2,3,4	71.863474	0.002760	0.036033	0.418226	0.173001	0.290489	0.079491	0.018315	0.005255	0.540139	0.036124	0.146616	0.253550	0.002760	0.036033	0.418226	0.173001	0.290489	0.079491	0.018315	0.005255	0.540139	0.036124	0.146616	0.253550	0.033555	0.296190	0.274434	0.182818	0.111629	0.101375	0.128575	0.296248	0.314747	0.070358	0.070015	0.120057	1,2,2,3,3,4	70.983225	0.454608	0.685754	0.685754	2.596340	2.596340	0.681585	
745000	-115403	1,1,2,3,4,5	71.144003	4.945659	4.945659	5.012131	5.509100	5.282172	6.366049	1,2,3,4,5,6	73.461598	0.311749	0.018274	0.571337	0.098639	0.124161	0.482053	0.113407	0.280379	0.013993	0.417078	0.354505	0.214424	0.138126	0.082159	0.267472	0.512243	0.589151	0.140635	0.135291	0.134922	0.127172	0.202411	0.291556	0.378862	1,2,1,3,4,5	72.298673	0.101475	0.134305	0.159481	0.223157	0.329236	0.052345	0.124848	0.215698	0.287222	0.029968	0.085978	0.256286	0.101475	0.134305	0.159481	0.223157	0.329236	0.052345	0.148835	0.052659	0.390623	0.243421	0.008495	0.155967	0.023623	0.407015	0.167228	0.029259	0.093579	0.279296	0.132237	0.257111	0.411415	0.093778	0.023736	0.081723	1,2,1,3,4,5	72.052108	0.574812	0.726287	0.574812	1.667658	2.365848	0.552595	
746000	-119410	1,1,1,2,3,4	72.356839	4.603757	4.603757	4.603757	4.824251	5.258551	5.286787	1,2,2,3,1,4	71.485772	0.554446	0.097809	0.256121	0.091624	0.199256	0.322542	0.181348	0.296855	0.199256	0.322542	0.181348	0.296855	0.009882	0.184609	0.080287	0.725222	0.554446	0.097809	0.256121	0.091624	0.100412	0.278077	0.483471	0.138040	1,1,2,3,1,4	70.852237	0.024542	0.256818	0.383592	0.033209	0.171600	0.130237	0.024542	0.256818	0.383592	0.033209	0.171600	0.130237	0.000854	0.167934	0.442278	0.117985	0.262176	0.008774	0.153920	0.175624	0.218961	0.343732	0.016423	0.091341	0.024542	0.256818	0.383592	0.033209	0.171600	0.130237	0.073529	0.366476	0.398335	0.057262	0.034073	0.070325	1,2,2,3,4,2	70.595243	0.581658	0.709524	0.709524	2.007078	2.165765	0.709524	
747000	-116336	1,2,1,3,4,5	72.432080	4.333416	4.803295	4.333416	5.447800	5.634503	6.971086	1,2,3,4,1,5	71.338238	0.501890	0.008341	0.323094	0.166676	0.194098	0.380405	0.167874	0.257622	0.041605	0.233523	0.560571	0.164300	0.264175	0.099328	0.052195	0.584301	0.501890	0.008341	0.323094	0.166676	0.062378	0.353714	0.352025	0.231883	1,2,3,4,3,5	71.927338	0.270959	0.073827	0.048397	0.565689	0.014664	0.026464	0.024992	0.173125	0.282624	0.048102	0.310738	0.160419	0.094038	0.108995	0.135252	0.291960	0.337109	0.032647	0.061642	0.210766	0.141715	0.336156	0.026190	0.223530	0.094038	0.108995	0.135252	0.291960	0.337109	0.032647	0.023609	0.575676	0.155776	0.150162	0.026530	0.068247	1,2,3,4,5,1	71.072541	0.503107	0.618160	0.659025	2.393024	2.328617	0.503107	
748000	-117509	1,2,1,2,3,4	69.609993	4.246409	5.155161	4.246409	5.155161	5.502694	5.882770	1,2,3,4,1,3	71.523431	0.482699	0.042039	0.219086	0.256177	0.205159	0.466045	0.069153	0.259643	0.119470	0.414931	0.278687	0.186911	0.266672	0.097001	0.236340	0.399987	0.482699	0.042039	0.219086	0.256177	0.119470	0.414931	0.278687	0.186911	1,2,3,4,1,5	72.535750	0.063416	0.406797	0.195328	0.106856	0.173826	0.053779	0.007681	0.026092	0.420765	0.069942	0.204315	0.271205	0.087434	0.137216	0.257768	0.154401	0.231917	0.131264	0.042497	0.011303	0.228625	0.003245	0.211389	0.502941	0.063416	0.406797	0.195328	0.106856	0.173826	0.053779	0.171398	0.349032	0.062805	0.135672	0.060290	0.220803	1,2,3,4,4,5	69.865324	0.564554	0.677769	0.721239	1.891824	1.891824	0.641054	
749000	-118660	1,1,2,2,3,4	71.780333	5.080587	5.080587	5.555277	5.555277	5.326410	6.322323	1,2,3,4,1,3	71.084286	0.410046	0.055177	0.256506	0.278270	0.217788	0.285708	0.261246	0.235259	0.094869	0.380676	0.195232	0.329222	0.144357	0.372621	0.110495	0.372527	0.410046	0.055177	0.256506	0.278270	0.094869	0.380676	0.195232	0.329222	1,2,3,4,3,1	71.084611	0.108883	0.321646	0.396711	0.043936	0.036158	0.092666	0.012854	0.041400	0.432239	0.013751	0.333842	0.165913	0.033801	0.328986	0.242695	0.135567	0.234409	0.024541	0.187437	0.139341	0.135317	0.257828	0.001296	0.278781	0.033801	0.328986	0.242695	0.135567	0.234409	0.024541	0.108883	0.321646	0.396711	0.043936	0.036158	0.092666	1,2,2,3,3,1	71.906252	0.599153	0.615500	0.615500	3.349724	3.349724	0.599153	
750000	-116334	1,2,3,4,4,5	71.304095	5.170042	5.606117	4.860905	5.662751	5.662751	5.469307	1,2,3,4,1,3	70.897909	0.478099	0.007149	0.345443	0.169308	0.269296	0.148695	0.182996	0.399014	0.144042	0.401315	0.234239	0.220404	0.236583	0.065508	0.103200	0.594709	0.478099	0.007149	0.345443	0.169308	0.144042	0.401315	0.234239	0.220404	1,2,3,4,3,2	70.559087	0.217071	0.150668	0.274491	0.283078	0.040072	0.034620	0.132566	0.292825	0.146989	0.091740	0.125850	0.210030	0.035355	0.061718	0.106121	0.332318	0.458267	0.006221	0.049004	0.125306	0.138352	0.448337	0.035534	0.203467	0.035355	0.061718	0.106121	0.332318	0.458267	0.006221	0.132566	0.292825	0.146989	0.091740	0.125850	0.210030	1,2,3,4,4,5	71.727771	0.527527	0.607033	0.486214	1.975430	1.975430	0.689285	
751000	-114843	1,2,3,4,5,6	71.248248	4.772758	5.133690	5.161805	6.020381	5.673014	5.668803	1,2,3,4,1,5	69.600883	0.560891	0.033857	0.219470	0.185781	0.226538	0.233966	0.175147	0.364349	0.003559	0.414599	0.457990	0.123852	0.190417	0.017280	0.070149	0.722154	0.560891	0.033857	0.219470	0.185781	0.062431	0.168419	0.562199	0.206951	1,1,2,3,1,4	71.363834	0.091523	0.248251	0.263181	0.036683	0.262743	0.097619	0.091523	0.248251	0.263181	0.036683	0.262743	0.097619	0.001058	0.534029	0.014057	0.245440	0.164355	0.041060	0.111410	0.185782	0.134708	0.018933	0.025351	0.523816	0.091523	0.248251	0.263181	0.036683	0.262743	0.097619	0.204983	0.218724	0.248541	0.153605	0.075991	0.098155	1,2,3,4,5,2	70.514104	0.516195	0.612125	0.680779	1.627663	2.842231	0.612125	
752000	-116714	1,1,1,2,3,4	71.411027	4.317440	4.317440	4.317440	5.434081	5.445642	5.767833	1,2,2,3,4,5	72.894967	0.458319	0.051357	0.332658	0.157666	0.078440	0.447505	0.164159	0.309896	0.078440	0.447505	0.164159	0.309896	0.258311	0.154837	0.175286	0.411565	0.476088	0.025208	0.221636	0.277067	0.091563	0.253489	0.578613	0.076335	1,1,2,3,1,1	72.168333	0.110332	0.306333	0.330402	0.052362	0.115112	0.085459	0.110332	0.306333	0.330402	0.052362	0.115112	0.085459	0.189052	0.074852	0.147671	0.436804	0.104157	0.047464	0.232252	0.144041	0.135132	0.090790	0.038763	0.359021	0.110332	0.306333	0.330402	0.052362	0.115112	0.085459	0.110332	0.306333	0.330402	0.052362	0.115112	0.085459	1,2,3,4,5,3	71.670786	0.515479	0.708497	0.600233	2.306061	2.212306	0.600233	
753000	-115671	1,1,1,1,2,3	72.947400	5.081891	5.081891	5.081891	5.081891	5.345434	6.129103	1,2,3,4,5,6	71.521913	0.404369	0.022550	0.483196	0.089885	0.307174	0.248980	0.085052	0.358795	0.039628	0.423745	0.244517	0.292110	0.285174	0.040347	0.134426	0.540053	0.349069	0.053505	0.184921	0.412504	0.152153	0.203017	0.496287	0.148544	1,2,3,4,5,3	71.459025	0.397479	0.198470	0.168573	0.057483	0.085534	0.092461	0.090269	0.068964	0.257956	0.246908	0.180369	0.155535	0.065442	0.272007	0.199810	0.233977	0.143752	0.085012	0.073260	0.041882	0.250644	0.046743	0.057618	0.529853	0.007551	0.328115	0.144590	0.297367	0.194947	0.027431	0.065442	0.272007	0.199810	0.233977	0.143752	0.085012	1,1,1,2,2,1	69.733723	0.649892	0.649892	0.649892	2.002903	2.002903	0.649892	
754000	-116857	1,2,1,3,4,5	72.117542	4.673997	5.174138	4.673997	5.623993	5.357450	5.841585	1,2,3,4,1,5	70.404170	0.418243	0.039848	0.363790	0.178119	0.145744	0.189094	0.167192	0.497970	0.240340	0.610240	0.099917	0.049503	0.137506	0.005587	0.212636	0.644271	0.418243	0.039848	0.363790	0.178119	0.127915	0.377462	0.333601	0.161023	1,2,3,2,4,1	70.360516	0.165815	0.322385	0.159818	0.080430	0.155752	0.115800	0.123558	0.080402	0.280193	0.055888	0.263378	0.196581	0.205414	0.018986	0.113635	0.479752	0.180327	0.001886	0.123558	0.080402	0.280193	0.055888	0.263378	0.196581	0.080146	0.166430	0.244544	0.082061	0.382778	0.044042	0.165815	0.322385	0.159818	0.080430	0.155752	0.115800	1,2,2,3,3,1	70.978004	0.628871	0.637053	0.637053	2.130066	2.130066	0.628871	
755000	-118071	1,2,1,3,4,5	71.194268	5.211370	5.159205	5.211370	4.823662	5.595137	6.048442	1,2,3,2,4,2	70.811838	0.325910	0.110289	0.308805	0.254997	0.138564	0.192439	0.264925	0.404071	0.149385	0.299489	0.450932	0.100193	0.138564	0.192439	0.264925	0.404071	0.537067	0.042793	0.281181	0.138958	0.138564	0.192439	0.264925	0.404071	1,1,2,3,1,4	70.625205	0.065765	0.330126	0.270400	0.038065	0.226760	0.068883	0.065765	0.330126	0.270400	0.038065	0.226760	0.068883	0.109150	0.244522	0.166203	0.204407	0.275127	0.000591	0.077993	0.034119	0.447969	0.079322	0.084456	0.276140	0.065765	0.330126	0.270400	0.038065	0.226760	0.068883	0.261736	0.200977	0.180547	0.124793	0.187477	0.044470	1,2,3,4,5,6	71.007191	0.609528	0.601208	0.651217	2.348064	2.153696	0.470632	
756000	-117295	1,2,3,4,5,6	70.754059	4.943979	4.710872	6.151298	5.537822	5.472315	5.988330	1,2,3,4,5,3	71.416772	0.362941	0.007512	0.520118	0.109429	0.199060	0.308044	0.124366	0.368531	0.159374	0.467848	0.230774	0.142005	0.036810	0.266684	0.066191	0.630315	0.334930	0.283938	0.248221	0.132912	0.159374	0.467848	0.230774	0.142005	1,2,3,4,3,5	71.544299	0.068134	0.225637	0.438179	0.085573	0.036105	0.146371	0.235772	0.114843	0.310428	0.038898	0.154104	0.145955	0.001614	0.235004	0.450504	0.134485	0.123356	0.055038	0.028707	0.006858	0.317519	0.010485	0.091006	0.545425	0.001614	0.235004	0.450504	0.134485	0.123356	0.055038	0.083219	0.331414	0.255674	0.104380	0.086953	0.138359	1,2,1,3,4,1	72.932498	0.589473	0.647638	0.589473	2.334849	2.047620	0.589473	
757000	-114299	1,2,3,4,2,5	70.788423	5.667067	5.721519	5.977851	6.141466	5.721519	5.004998	1,2,3,4,5,6	72.537748	0.327180	0.050696	0.549332	0.072792	0.138717	0.213614	0.181767	0.465902	0.040985	0.520026	0.360390	0.078600	0.128829	0.072858	0.084994	0.713319	0.446739	0.031034	0.224883	0.297343	0.171772	0.350139	0.346489	0.131600	1,1,2,3,2,4	71.269274	0.067274	0.097918	0.540694	0.004028	0.163710	0.126375	0.067274	0.097918	0.540694	0.004028	0.163710	0.126375	0.033477	0.198877	0.270126	0.129420	0.327874	0.040227	0.017248	0.046154	0.490880	0.094718	0.020401	0.330599	0.033477	0.198877	0.270126	0.129420	0.327874	0.040227	0.127366	0.243064	0.154590	0.092539	0.130103	0.252337	1,2,3,4,5,6	71.373183	0.579106	0.566767	0.496643	2.062506	2.273050	0.638000	
758000	-115457	1,1,1,2,1,3	71.946083	4.796411	4.796411	4.796411	6.042868	4.796411	5.845386	1,2,3,4,5,3	70.971937	0.326502	0.032562	0.448987	0.191949	0.136785	0.187041	0.161123	0.515051	0.043386	0.355018	0.429855	0.171741	0.141501	0.020318	0.186379	0.651803	0.330511	0.059612	0.278027	0.331849	0.043386	0.355018	0.429855	0.171741	1,2,3,2,4,4	70.924932	0.211189	0.143989	0.184540	0.201634	0.238459	0.020189	0.141031	0.182357	0.238174	0.071394	0.167935	0.199110	0.067392	0.084475	0.049846	0.362333	0.276548	0.159406	0.141031	0.182357	0.238174	0.071394	0.167935	0.199110	0.054624	0.342389	0.423027	0.088583	0.038429	0.052947	0.054624	0.342389	0.423027	0.088583	0.038429	0.052947	1,2,1,3,4,1	71.476750	0.573233	0.580656	0.573233	1.783651	1.849626	0.573233	
759000	-116560	1,2,3,1,1,4	71.359231	4.508351	5.053681	5.579638	4.508351	4.508351	5.369362	1,2,3,4,5,6	71.486310	0.286933	0.137060	0.450311	0.125696	0.273907	0.336644	0.152162	0.237286	0.015701	0.736939	0.145215	0.102145	0.171007	0.095136	0.306994	0.426864	0.545157	0.107590	0.056689	0.290564	0.173512	0.227968	0.191536	0.406985	1,1,2,3,4,5	71.819145	0.007328	0.260095	0.243890	0.074654	0.255675	0.158358	0.007328	0.260095	0.243890	0.074654	0.255675	0.158358	0.261105	0.025041	0.069672	0.250702	0.348182	0.045298	0.231820	0.000607	0.405920	0.093414	0.095685	0.172553	0.006880	0.437876	0.119074	0.077211	0.123490	0.235469	0.098981	0.194256	0.142439	0.279130	0.198513	0.086681	1,2,1,3,4,1	71.896639	0.567263	0.582829	0.567263	1.467878	1.988487	0.567263	
760000	-117384	1,1,2,3,1,4	72.119877	4.226207	4.226207	5.843266	5.365538	4.226207	6.064363	1,2,3,4,4,2	70.509632	0.161978	0.037707	0.646543	0.153771	0.069130	0.356806	0.285515	0.288549	0.058356	0.518657	0.318742	0.104246	0.245103	0.009101	0.234010	0.511787	0.245103	0.009101	0.234010	0.511787	0.069130	0.356806	0.285515	0.288549	1,2,3,4,5,1	71.068936	0.243296	0.207796	0.206432	0.116909	0.176443	0.049124	0.118255	0.172689	0.292424	0.128048	0.206826	0.081757	0.022664	0.010036	0.331344	0.240995	0.293673	0.101287	0.075911	0.000844	0.111699	0.616910	0.033250	0.161387	0.066580	0.208787	0.083623	0.611690	0.020500	0.008821	0.243296	0.207796	0.206432	0.116909	0.176443	0.049124	1,2,3,4,4,3	69.871027	0.618847	0.608853	0.561076	1.952065	1.952065	0.561076	
761000	-116877	1,1,2,3,4,5	71.179867	4.878342	4.878342	5.126573	5.589221	5.951843	5.511948	1,2,3,4,1,5	72.432919	0.522554	0.023699	0.251008	0.202739	0.113561	0.206342	0.355632	0.324466	0.058667	0.665981	0.112944	0.162408	0.033308	0.133348	0.176976	0.656368	0.522554	0.023699	0.251008	0.202739	0.065508	0.379373	0.445549	0.109570	1,2,3,4,2,5	70.863570	0.156869	0.115354	0.048752	0.359339	0.307971	0.011715	0.030729	0.190975	0.169544	0.076329	0.499631	0.032791	0.024546	0.014262	0.295011	0.332008	0.271644	0.062529	0.047173	0.205184	0.304574	0.117970	0.074340	0.250759	0.030729	0.190975	0.169544	0.076329	0.499631	0.032791	0.110242	0.071083	0.548311	0.061799	0.070059	0.138506	1,2,2,3,3,4	71.419767	0.574165	0.629246	0.629246	2.621063	2.621063	0.643359	
762000	-118674	1,1,2,2,1,3	70.895919	5.158726	5.158726	4.874158	4.874158	5.158726	5.654462	1,2,2,3,1,2	71.280847	0.544922	0.058449	0.295555	0.101074	0.118850	0.363983	0.208062	0.309105	0.118850	0.363983	0.208062	0.309105	0.334628	0.154179	0.243908	0.267285	0.544922	0.058449	0.295555	0.101074	0.118850	0.363983	0.208062	0.309105	1,2,3,4,1,1	72.463998	0.022653	0.195687	0.415618	0.161587	0.090791	0.113664	0.099028	0.078497	0.366479	0.056629	0.144258	0.255110	0.006700	0.155687	0.076391	0.317629	0.078980	0.364612	0.525274	0.014894	0.117252	0.001850	0.005685	0.335043	0.022653	0.195687	0.415618	0.161587	0.090791	0.113664	0.022653	0.195687	0.415618	0.161587	0.090791	0.113664	1,1,1,2,3,4	71.919223	0.668053	0.668053	0.668053	1.696996	2.085663	0.538470	
763000	-118036	1,1,2,1,3,4	71.512546	4.773628	4.773628	5.115485	4.773628	5.099761	6.262763	1,2,3,4,1,4	70.668548	0.525637	0.006883	0.360813	0.106667	0.205575	0.575464	0.027591	0.191370	0.090451	0.413498	0.307271	0.188781	0.166463	0.207245	0.329810	0.296482	0.525637	0.006883	0.360813	0.106667	0.166463	0.207245	0.329810	0.296482	1,2,3,4,3,5	69.384340	0.104640	0.156641	0.228900	0.203654	0.196850	0.109314	0.137562	0.093977	0.240033	0.016011	0.150868	0.361549	0.072574	0.102266	0.150765	0.380488	0.277721	0.016187	0.120983	0.214422	0.116594	0.161883	0.018273	0.367845	0.072574	0.102266	0.150765	0.380488	0.277721	0.016187	0.077584	0.320277	0.177434	0.190038	0.142374	0.092293	1,2,3,4,5,6	72.193627	0.578468	0.643189	0.655431	2.135789	2.297969	0.676554	
764000	-116707	1,1,2,1,3,2	70.467711	4.940201	4.940201	5.029101	4.940201	5.125264	5.029101	1,2,3,4,5,3	70.435687	0.413551	0.125711	0.250247	0.210491	0.238404	0.172491	0.280420	0.308684	0.054954	0.464305	0.270620	0.210121	0.074068	0.178196	0.028045	0.719691	0.426081	0.105860	0.100578	0.367482	0.054954	0.464305	0.270620	0.210121	1,2,3,4,5,1	71.932216	0.107759	0.475450	0.177804	0.074787	0.048146	0.116054	0.253339	0.108587	0.109725	0.033992	0.303395	0.190963	0.062388	0.049796	0.093094	0.326357	0.193526	0.274839	0.152535	0.048515	0.225142	0.107720	0.078019	0.388068	0.063367	0.445895	0.175990	0.123730	0.144888	0.046129	0.107759	0.475450	0.177804	0.074787	0.048146	0.116054	1,1,2,3,4,1	70.484704	0.631717	0.631717	0.661123	1.606954	2.164766	0.631717	
765000	-116183	1,1,1,2,3,4	70.618734	5.014359	5.014359	5.014359	6.238729	5.748841	5.871791	1,2,2,3,4,5	71.935083	0.465996	0.077568	0.288404	0.168033	0.122917	0.562632	0.131647	0.182804	0.122917	0.562632	0.131647	0.182804	0.216477	0.016782	0.064261	0.702480	0.550414	0.017286	0.245363	0.186937	0.105261	0.272246	0.427792	0.194701	1,2,3,4,5,6	72.595162	0.125715	0.348041	0.268423	0.130222	0.038651	0.088948	0.098607	0.242875	0.372456	0.081869	0.059058	0.145136	0.057526	0.167841	0.188355	0.335330	0.196320	0.054629	0.155326	0.212896	0.250519	0.124110	0.050560	0.206589	0.007774	0.337848	0.234915	0.095233	0.290085	0.034145	0.041595	0.308202	0.188461	0.211382	0.043032	0.207329	1,2,1,3,4,5	72.495161	0.596301	0.681985	0.596301	1.550766	2.318096	0.511715	
766000	-116533	1,2,1,1,1,3	70.976608	4.530072	5.711057	4.530072	4.530072	4.530072	5.575729	1,2,3,4,1,5	71.160548	0.545787	0.070619	0.288791	0.094803	0.226365	0.369487	0.089022	0.315125	0.071560	0.518107	0.238490	0.171843	0.167223	0.223699	0.195143	0.413935	0.545787	0.070619	0.288791	0.094803	0.059570	0.330504	0.506059	0.103867	1,1,2,3,2,1	72.982942	0.117071	0.276124	0.339925	0.064575	0.099422	0.102882	0.117071	0.276124	0.339925	0.064575	0.099422	0.102882	0.033721	0.250826	0.234314	0.236629	0.234181	0.010330	0.369796	0.092814	0.176895	0.018462	0.033128	0.308905	0.033721	0.250826	0.234314	0.236629	0.234181	0.010330	0.117071	0.276124	0.339925	0.064575	0.099422	0.102882	1,2,3,4,5,1	72.676638	0.561255	0.695525	0.741774	2.606244	1.940610	0.561255	
767000	-117152	1,2,3,1,2,4	72.425612	4.261302	4.666175	4.922780	4.261302	4.666175	6.676635	1,2,2,3,1,4	71.946174	0.445467	0.216404	0.239317	0.098812	0.086791	0.530973	0.166357	0.215880	0.086791	0.530973	0.166357	0.215880	0.286242	0.091807	0.096536	0.525415	0.445467	0.216404	0.239317	0.098812	0.127619	0.269087	0.442487	0.160807	1,1,2,3,4,5	72.460327	0.054580	0.203715	0.421683	0.009986	0.208633	0.101403	0.054580	0.203715	0.421683	0.009986	0.208633	0.101403	0.000803	0.143531	0.073143	0.259741	0.506635	0.016149	0.157248	0.012996	0.109383	0.039142	0.142224	0.539008	0.056024	0.426452	0.289933	0.020188	0.113033	0.094370	0.298985	0.357436	0.183705	0.091266	0.027737	0.040872	1,2,3,4,5,6	73.919214	0.576414	0.684527	0.719369	2.213205	2.528945	0.544359	
768000	-115149	1,2,3,1,4,5	71.446667	4.763554	6.273338	5.355587	4.763554	5.371754	5.698064	1,2,3,4,1,3	70.489944	0.474663	0.069797	0.322578	0.132962	0.307263	0.318557	0.150245	0.223935	0.082310	0.508213	0.263113	0.146363	0.062226	0.031530	0.189575	0.716669	0.474663	0.069797	0.322578	0.132962	0.082310	0.508213	0.263113	0.146363	1,2,3,4,2,4	72.472330	0.015490	0.201157	0.355321	0.094755	0.229503	0.103775	0.048204	0.240502	0.400980	0.014660	0.259433	0.036221	0.044878	0.294779	0.066583	0.320033	0.197047	0.076680	0.046480	0.213938	0.553523	0.048715	0.033244	0.104100	0.048204	0.240502	0.400980	0.014660	0.259433	0.036221	0.046480	0.213938	0.553523	0.048715	0.033244	0.104100	1,2,3,4,4,5	70.679916	0.541636	0.640016	0.666667	1.820656	1.820656	0.708936	
769000	-116357	1,2,1,1,1,3	70.432208	4.549202	5.390032	4.549202	4.549202	4.549202	5.517614	1,2,3,4,1,1	72.381571	0.315865	0.210939	0.278738	0.194458	0.063639	0.457242	0.143316	0.335802	0.025876	0.578120	0.117370	0.278635	0.036172	0.095917	0.103144	0.764767	0.315865	0.210939	0.278738	0.194458	0.315865	0.210939	0.278738	0.194458	1,1,2,3,1,4	70.235571	0.024696	0.397063	0.359672	0.011618	0.112284	0.094667	0.024696	0.397063	0.359672	0.011618	0.112284	0.094667	0.028134	0.065849	0.096582	0.393732	0.217807	0.197896	0.279196	0.174520	0.291246	0.031827	0.013335	0.209876	0.024696	0.397063	0.359672	0.011618	0.112284	0.094667	0.082065	0.084823	0.227809	0.122282	0.282823	0.200197	1,2,3,4,5,3	72.149208	0.452845	0.615655	0.713323	1.804636	2.224503	0.713323	
770000	-118561	1,2,3,2,4,5	71.358959	5.077170	4.457145	6.005338	4.457145	5.725386	6.000344	1,2,3,4,5,4	71.387154	0.144619	0.085422	0.411395	0.358565	0.246621	0.360464	0.191777	0.201138	0.017907	0.724277	0.245662	0.012154	0.151223	0.178790	0.258196	0.411791	0.424271	0.145377	0.070120	0.360232	0.151223	0.178790	0.258196	0.411791	1,2,3,4,5,1	72.197893	0.050836	0.268933	0.250407	0.238329	0.124564	0.066931	0.048946	0.179363	0.279735	0.137982	0.255379	0.098595	0.017561	0.258201	0.034787	0.209705	0.214130	0.265616	0.264766	0.199598	0.168161	0.179925	0.017088	0.170462	0.002698	0.692144	0.137272	0.080754	0.057830	0.029301	0.050836	0.268933	0.250407	0.238329	0.124564	0.066931	1,2,2,3,4,2	71.621490	0.550641	0.643993	0.643993	2.018098	2.340127	0.643993	
771000	-117508	1,1,2,1,3,4	71.563242	4.587191	4.587191	5.421713	4.587191	4.992651	5.317353	1,2,3,4,5,6	71.688779	0.285451	0.032496	0.558946	0.123106	0.139268	0.285675	0.287867	0.287190	0.168767	0.445108	0.275978	0.110148	0.063491	0.385689	0.179078	0.371742	0.492358	0.084175	0.343339	0.080128	0.053395	0.431902	0.244358	0.270346	1,2,3,4,5,6	70.045207	0.228822	0.236419	0.207932	0.224922	0.031692	0.070213	0.083089	0.075142	0.517826	0.004912	0.189000	0.130031	0.160856	0.011002	0.300180	0.202332	0.278309	0.047321	0.197630	0.269313	0.191646	0.106493	0.028815	0.206102	0.003140	0.168180	0.282004	0.079653	0.321387	0.145636	0.052042	0.304411	0.453221	0.099764	0.023000	0.067562	1,1,1,2,3,1	71.185174	0.574769	0.574769	0.574769	2.267255	1.896502	0.574769	
772000	-115546	1,2,3,1,4,5	70.177877	4.898176	5.923454	5.974324	4.898176	5.471067	6.489541	1,2,3,4,1,5	71.367750	0.432829	0.070219	0.296022	0.200930	0.239011	0.209058	0.097901	0.454030	0.049767	0.618570	0.266287	0.065376	0.091133	0.243338	0.198167	0.467362	0.432829	0.070219	0.296022	0.200930	0.138590	0.244191	0.249950	0.367269	1,2,3,4,2,1	72.164581	0.012115	0.374788	0.297030	0.184594	0.018090	0.113383	0.014762	0.262051	0.337339	0.020838	0.196767	0.168243	0.103378	0.099969	0.053248	0.240859	0.443875	0.058671	0.108364	0.068528	0.303501	0.207080	0.022937	0.289589	0.014762	0.262051	0.337339	0.020838	0.196767	0.168243	0.012115	0.374788	0.297030	0.184594	0.018090	0.113383	1,2,2,3,4,1	71.654600	0.602844	0.599028	0.599028	2.280683	2.404423	0.602844	
773000	-115580	1,1,1,2,1,3	71.331526	4.837259	4.837259	4.837259	5.442920	4.837259	6.429632	1,2,3,4,1,3	72.470051	0.581757	0.073904	0.216158	0.128181	0.280982	0.198119	0.112935	0.407964	0.094975	0.529322	0.278947	0.096755	0.061049	0.091113	0.246579	0.601259	0.581757	0.073904	0.216158	0.128181	0.094975	0.529322	0.278947	0.096755	1,2,3,4,5,1	70.435686	0.069478	0.336385	0.342425	0.123058	0.026677	0.101976	0.165130	0.326018	0.135415	0.071782	0.179659	0.121997	0.003340	0.122031	0.072431	0.346351	0.303125	0.152722	0.313315	0.080828	0.411484	0.060670	0.003345	0.130358	0.061754	0.235813	0.265415	0.102362	0.222614	0.112041	0.069478	0.336385	0.342425	0.123058	0.026677	0.101976	1,1,2,3,4,5	71.335092	0.578641	0.578641	0.496111	1.867768	2.068055	0.728701	
774000	-119118	1,2,2,3,4,5	69.872889	3.955811	5.198421	5.198421	5.344422	5.729741	6.610113	1,2,3,4,5,6	70.832310	0.448976	0.113699	0.345073	0.092252	0.193694	0.516996	0.152619	0.136691	0.032484	0.734354	0.165360	0.067801	0.070023	0.222927	0.024993	0.682057	0.705863	0.043142	0.155666	0.095328	0.231813	0.287471	0.378061	0.102655	1,2,3,4,2,1	70.827320	0.214253	0.329608	0.232568	0.104847	0.030433	0.088292	0.029762	0.377411	0.256279	0.003814	0.302195	0.030539	0.247224	0.165627	0.053970	0.267704	0.168223	0.097253	0.089382	0.022723	0.085047	0.273476	0.074411	0.454961	0.029762	0.377411	0.256279	0.003814	0.302195	0.030539	0.214253	0.329608	0.232568	0.104847	0.030433	0.088292	1,2,3,4,5,1	71.561259	0.517092	0.594378	0.596285	1.822837	2.387199	0.517092	
775000	-116912	1,1,2,3,4,5	71.177791	4.999967	4.999967	5.128177	6.642385	5.321108	6.993126	1,2,3,4,1,4	71.458824	0.360456	0.069013	0.387096	0.183434	0.164263	0.515122	0.127991	0.192624	0.078003	0.594469	0.282525	0.045003	0.076434	0.204396	0.311257	0.407913	0.360456	0.069013	0.387096	0.183434	0.076434	0.204396	0.311257	0.407913	1,2,1,3,1,4	73.213490	0.044751	0.167860	0.197829	0.190189	0.347145	0.052227	0.096125	0.406884	0.151243	0.016379	0.091912	0.237457	0.044751	0.167860	0.197829	0.190189	0.347145	0.052227	0.109073	0.025597	0.242193	0.480339	0.002013	0.140785	0.044751	0.167860	0.197829	0.190189	0.347145	0.052227	0.294143	0.221636	0.264923	0.158804	0.048957	0.011537	1,2,3,4,5,1	70.470860	0.581455	0.674535	0.598761	1.898401	2.101518	0.581455	
776000	-117185	1,2,3,4,5,6	70.315158	4.548901	5.289457	6.633918	5.690804	5.840955	6.626130	1,2,3,4,1,2	70.417661	0.402757	0.024813	0.303517	0.268912	0.091247	0.283666	0.201337	0.423749	0.033742	0.312527	0.518158	0.135573	0.297712	0.016405	0.187616	0.498266	0.402757	0.024813	0.303517	0.268912	0.091247	0.283666	0.201337	0.423749	1,2,3,4,2,1	71.064013	0.165865	0.319205	0.095048	0.195137	0.165457	0.059288	0.003372	0.407089	0.242553	0.002688	0.199072	0.145225	0.050557	0.056440	0.044365	0.270425	0.469063	0.109151	0.087887	0.162240	0.163761	0.104619	0.079656	0.401836	0.003372	0.407089	0.242553	0.002688	0.199072	0.145225	0.165865	0.319205	0.095048	0.195137	0.165457	0.059288	1,2,1,3,3,1	71.736806	0.592960	0.690355	0.592960	1.868456	1.868456	0.592960	
777000	-118008	1,1,2,1,3,4	71.670724	4.683066	4.683066	5.748517	4.683066	5.605740	6.467819	1,2,3,4,1,5	70.592729	0.504068	0.073587	0.207403	0.214942	0.056431	0.513268	0.231892	0.198409	0.003813	0.726417	0.222303	0.047467	0.324704	0.151380	0.147644	0.376272	0.504068	0.073587	0.207403	0.214942	0.201963	0.154459	0.517295	0.126283	1,2,3,4,5,1	71.736857	0.125393	0.236665	0.195667	0.283818	0.093128	0.065328	0.037127	0.131217	0.304930	0.007850	0.130943	0.387934	0.111312	0.021732	0.249097	0.173848	0.403567	0.040444	0.008087	0.034511	0.084549	0.118237	0.212409	0.542207	0.010900	0.406605	0.187582	0.055345	0.284229	0.055340	0.125393	0.236665	0.195667	0.283818	0.093128	0.065328	1,2,2,3,3,4	71.883299	0.545150	0.590972	0.590972	1.400506	1.400506	0.519121	
778000	-116283	1,2,1,3,4,1	72.483880	4.351592	5.523686	4.351592	6.478969	5.494988	4.351592	1,2,3,4,1,5	72.129948	0.354374	0.046665	0.356313	0.242648	0.170233	0.398011	0.066027	0.365729	0.038079	0.688824	0.091559	0.181539	0.090640	0.011658	0.126634	0.771068	0.354374	0.046665	0.356313	0.242648	0.018320	0.112438	0.586026	0.283216	1,2,3,2,4,1	70.620251	0.245657	0.316913	0.123471	0.114059	0.095276	0.104624	0.061530	0.079094	0.390302	0.007300	0.236046	0.225728	0.042498	0.293899	0.012269	0.252802	0.248933	0.149600	0.061530	0.079094	0.390302	0.007300	0.236046	0.225728	0.149608	0.222427	0.256692	0.013842	0.296904	0.060526	0.245657	0.316913	0.123471	0.114059	0.095276	0.104624	1,2,1,3,4,5	72.486999	0.583064	0.654186	0.583064	2.297065	2.042302	0.642041	
779000	-115361	1,1,2,2,3,4	71.381854	5.208409	5.208409	4.954354	4.954354	5.607956	6.305215	1,2,3,4,5,6	70.693378	0.473768	0.028037	0.401989	0.096206	0.198884	0.467482	0.070145	0.263489	0.080365	0.486051	0.124787	0.308798	0.067285	0.177592	0.057895	0.697228	0.399122	0.140659	0.182843	0.277376	0.116044	0.169868	0.469510	0.244578	1,2,3,4,2,3	71.961946	0.245125	0.128263	0.250369	0.130637	0.076622	0.168985	0.060999	0.360656	0.247348	0.047585	0.193692	0.089721	0.045143	0.298854	0.187375	0.302873	0.093914	0.071841	0.178524	0.125909	0.205570	0.016919	0.004651	0.468428	0.060999	0.360656	0.247348	0.047585	0.193692	0.089721	0.045143	0.298854	0.187375	0.302873	0.093914	0.071841	1,1,1,2,3,4	73.136682	0.643664	0.643664	0.643664	2.191849	2.270252	0.599533	
780000	-118272	1,1,2,3,1,1	72.982248	4.855246	4.855246	5.810982	5.223833	4.855246	4.855246	1,2,3,4,5,6	72.577677	0.125523	0.206226	0.604890	0.063361	0.243354	0.253531	0.188362	0.314753	0.185544	0.461725	0.285508	0.067223	0.057658	0.138001	0.116812	0.687529	0.226022	0.132195	0.431298	0.210485	0.362745	0.150537	0.307878	0.178840	1,1,2,3,1,2	70.561685	0.047575	0.237778	0.281559	0.044450	0.279641	0.108997	0.047575	0.237778	0.281559	0.044450	0.279641	0.108997	0.022705	0.090467	0.232904	0.199578	0.147666	0.306681	0.352550	0.010078	0.339071	0.017734	0.061436	0.219131	0.047575	0.237778	0.281559	0.044450	0.279641	0.108997	0.022705	0.090467	0.232904	0.199578	0.147666	0.306681	1,2,3,4,4,1	71.290041	0.698418	0.575332	0.687796	2.226268	2.226268	0.698418	
781000	-118766	1,1,2,3,4,5	73.290726	4.310009	4.310009	5.687677	5.463181	5.787188	5.491934	1,2,3,2,1,2	72.249325	0.607327	0.027270	0.190072	0.175330	0.071567	0.261685	0.224032	0.442716	0.015104	0.359996	0.426752	0.198149	0.071567	0.261685	0.224032	0.442716	0.607327	0.027270	0.190072	0.175330	0.071567	0.261685	0.224032	0.442716	1,1,2,3,2,4	72.171758	0.190494	0.220754	0.199726	0.038891	0.190906	0.159228	0.190494	0.220754	0.199726	0.038891	0.190906	0.159228	0.065506	0.450679	0.216668	0.098395	0.161016	0.007736	0.111076	0.518329	0.083967	0.048881	0.001481	0.236266	0.065506	0.450679	0.216668	0.098395	0.161016	0.007736	0.130014	0.112764	0.309385	0.197788	0.075157	0.174892	1,1,1,2,3,1	71.065694	0.631694	0.631694	0.631694	2.060010	2.367598	0.631694	
782000	-117483	1,2,3,2,1,4	71.901203	4.987668	4.795135	5.466607	4.795135	4.987668	6.116009	1,2,3,4,5,6	69.668910	0.771686	0.051095	0.127467	0.049752	0.145584	0.354203	0.018737	0.481476	0.035298	0.569359	0.291405	0.103938	0.066816	0.178717	0.050438	0.704029	0.719776	0.014780	0.189613	0.075832	0.120828	0.511893	0.186542	0.180737	1,2,3,1,4,4	71.145328	0.135946	0.093310	0.361076	0.070362	0.077738	0.261568	0.140584	0.108770	0.317001	0.080923	0.182864	0.169857	0.021483	0.039439	0.033058	0.163633	0.407998	0.334390	0.135946	0.093310	0.361076	0.070362	0.077738	0.261568	0.268963	0.221012	0.244060	0.057014	0.038601	0.170350	0.268963	0.221012	0.244060	0.057014	0.038601	0.170350	1,2,3,4,5,6	71.614724	0.558244	0.664259	0.541684	3.399704	2.171880	0.599723	
783000	-116709	1,2,3,4,5,6	71.603622	4.269034	4.601566	5.952891	5.752170	5.376213	6.442960	1,2,3,2,1,4	71.335787	0.365689	0.009524	0.369115	0.255672	0.233253	0.131917	0.112918	0.521912	0.095025	0.647648	0.139639	0.117687	0.233253	0.131917	0.112918	0.521912	0.365689	0.009524	0.369115	0.255672	0.147716	0.158371	0.413467	0.280446	1,2,3,4,1,1	70.255382	0.099557	0.270588	0.234451	0.198895	0.156511	0.039998	0.150412	0.370634	0.095584	0.014273	0.198738	0.170359	0.063979	0.275838	0.019369	0.345700	0.215843	0.079271	0.099258	0.264033	0.218579	0.041733	0.081314	0.295082	0.099557	0.270588	0.234451	0.198895	0.156511	0.039998	0.099557	0.270588	0.234451	0.198895	0.156511	0.039998	1,2,3,4,5,6	71.823790	0.503064	0.611370	0.629433	1.734969	2.521539	0.573952	
784000	-117529	1,1,1,2,3,4	70.139890	4.259926	4.259926	4.259926	5.653720	5.329794	5.774442	1,2,3,4,5,6	71.469388	0.377961	0.160277	0.374926	0.086836	0.212236	0.410029	0.080981	0.296754	0.068392	0.716136	0.199603	0.015869	0.099366	0.065137	0.216624	0.618873	0.621312	0.097731	0.076746	0.204211	0.074513	0.178550	0.277327	0.469610	1,2,3,4,3,2	72.932251	0.122009	0.386096	0.290249	0.111001	0.016898	0.073748	0.066606	0.229138	0.269458	0.137440	0.122363	0.174994	0.164491	0.195096	0.087990	0.128810	0.376460	0.047154	0.222808	0.207225	0.310838	0.005558	0.111217	0.142354	0.164491	0.195096	0.087990	0.128810	0.376460	0.047154	0.066606	0.229138	0.269458	0.137440	0.122363	0.174994	1,2,1,3,4,5	70.979558	0.676626	0.599699	0.676626	1.979248	2.747518	0.640338	
785000	-116471	1,1,2,2,1,3	72.005771	5.039128	5.039128	5.307687	5.307687	5.039128	5.558741	1,2,3,4,4,5	70.956967	0.570672	0.107493	0.236776	0.085060	0.221479	0.202086	0.143837	0.432599	0.055640	0.466733	0.292259	0.185367	0.248661	0.044038	0.198760	0.508541	0.248661	0.044038	0.198760	0.508541	0.127155	0.366847	0.221307	0.284691	1,2,3,4,5,1	71.925129	0.023686	0.218854	0.310451	0.218508	0.053385	0.175116	0.144038	0.234049	0.230734	0.017977	0.162096	0.211108	0.094261	0.014438	0.278736	0.337101	0.249107	0.026358	0.234156	0.120459	0.214911	0.178203	0.073342	0.178929	0.197549	0.306845	0.147408	0.143035	0.204713	0.000450	0.023686	0.218854	0.310451	0.218508	0.053385	0.175116	1,2,3,4,5,6	70.701080	0.545581	0.633892	0.572566	1.853551	1.835398	0.585571	
786000	-119888	1,1,2,1,3,3	72.358707	3.959018	3.959018	5.936536	3.959018	5.368650	5.368650	1,2,3,4,1,4	71.295001	0.646289	0.001875	0.217699	0.134136	0.176203	0.578925	0.052413	0.192459	0.026166	0.527464	0.402368	0.044002	0.136587	0.177587	0.569138	0.116689	0.646289	0.001875	0.217699	0.134136	0.136587	0.177587	0.569138	0.116689	1,2,3,4,5,4	71.663062	0.077234	0.183576	0.152920	0.360960	0.192722	0.032588	0.069094	0.263411	0.222528	0.075984	0.089450	0.279532	0.074227	0.131419	0.277716	0.201971	0.286890	0.027778	0.029495	0.142923	0.448495	0.117648	0.144994	0.116445	0.003431	0.054116	0.072398	0.296350	0.513389	0.060316	0.029495	0.142923	0.448495	0.117648	0.144994	0.116445	1,2,3,4,5,2	69.671190	0.524021	0.650995	0.616653	1.254460	1.507381	0.650995	
787000	-119256	1,2,1,1,2,3	71.850894	4.509361	5.464344	4.509361	4.509361	5.464344	6.291861	1,2,3,4,4,3	71.894694	0.231633	0.049138	0.529529	0.189700	0.343602	0.200546	0.096958	0.358894	0.243100	0.188283	0.392260	0.176357	0.411874	0.001924	0.077981	0.508222	0.411874	0.001924	0.077981	0.508222	0.243100	0.188283	0.392260	0.176357	1,2,3,4,5,1	70.001796	0.072912	0.468803	0.196442	0.171695	0.055471	0.034677	0.014711	0.177987	0.174013	0.225538	0.250799	0.156953	0.017138	0.141812	0.051081	0.237276	0.304713	0.247981	0.108716	0.090164	0.103665	0.070472	0.149537	0.477445	0.034283	0.328636	0.132506	0.314040	0.112587	0.077949	0.072912	0.468803	0.196442	0.171695	0.055471	0.034677	1,2,3,4,4,5	73.282939	0.678331	0.603818	0.735046	2.484185	2.484185	0.322465	
788000	-117538	1,2,2,3,4,5	70.354970	5.042009	4.354394	4.354394	5.300641	6.086758	5.272031	1,2,3,4,5,2	71.283558	0.406879	0.078009	0.478649	0.036463	0.226344	0.357512	0.220811	0.195332	0.041450	0.272457	0.389927	0.296165	0.126713	0.134243	0.140785	0.598259	0.472553	0.014331	0.242054	0.271061	0.226344	0.357512	0.220811	0.195332	1,1,2,1,3,4	70.313600	0.035590	0.145491	0.238367	0.009592	0.262555	0.308405	0.035590	0.145491	0.238367	0.009592	0.262555	0.308405	0.078834	0.117825	0.009443	0.302227	0.299899	0.191773	0.035590	0.145491	0.238367	0.009592	0.262555	0.308405	0.115126	0.413008	0.326699	0.138021	0.003043	0.004103	0.029986	0.274890	0.082278	0.308786	0.100263	0.203798	1,2,3,4,4,5	72.305401	0.655190	0.687955	0.732261	2.082060	2.082060	0.632166	
789000	-116485	1,2,3,4,4,5	71.211581	5.868365	5.616974	4.999135	4.881098	4.881098	5.540804	1,2,3,4,1,3	70.874991	0.404037	0.037654	0.474194	0.084115	0.151204	0.230805	0.214850	0.403141	0.039706	0.356275	0.472110	0.131909	0.013523	0.047284	0.026034	0.913159	0.404037	0.037654	0.474194	0.084115	0.039706	0.356275	0.472110	0.131909	1,2,1,3,1,4	72.105977	0.056633	0.100267	0.341133	0.169116	0.293645	0.039206	0.071011	0.104258	0.538032	0.055820	0.125141	0.105738	0.056633	0.100267	0.341133	0.169116	0.293645	0.039206	0.015155	0.345038	0.290061	0.097431	0.043674	0.208641	0.056633	0.100267	0.341133	0.169116	0.293645	0.039206	0.413131	0.263697	0.205116	0.030716	0.050259	0.037081	1,2,3,4,5,2	71.363439	0.642663	0.567834	0.637675	1.755671	1.726210	0.567834	
790000	-115857	1,2,1,1,3,4	70.217256	4.805147	4.975364	4.805147	4.805147	5.462279	5.006055	1,2,3,4,5,2	70.526356	0.367195	0.136819	0.484936	0.011050	0.114065	0.232741	0.171061	0.482133	0.013047	0.774327	0.196302	0.016324	0.045032	0.044740	0.347251	0.562977	0.439885	0.021804	0.262529	0.275783	0.114065	0.232741	0.171061	0.482133	1,2,3,1,4,5	71.082893	0.005966	0.104672	0.697646	0.013598	0.014537	0.163581	0.141706	0.196528	0.327671	0.079022	0.238449	0.016624	0.097860	0.022933	0.154628	0.116421	0.284339	0.323821	0.005966	0.104672	0.697646	0.013598	0.014537	0.163581	0.182632	0.161285	0.168423	0.216457	0.212896	0.058307	0.107119	0.266835	0.219018	0.220544	0.044258	0.142227	1,2,3,4,5,2	71.727027	0.643552	0.614345	0.645930	2.247612	2.311825	0.614345	
791000	-114947	1,2,3,1,4,5	71.352665	4.614430	4.794295	5.670227	4.614430	6.373029	5.488696	1,2,3,4,5,6	70.844070	0.364474	0.055116	0.387425	0.192985	0.239420	0.204016	0.086282	0.470282	0.053978	0.632115	0.116589	0.197319	0.101048	0.028314	0.058330	0.812309	0.495855	0.107355	0.144084	0.252706	0.072835	0.398529	0.206135	0.322501	1,2,3,4,1,5	70.147344	0.043893	0.385357	0.263013	0.161952	0.043788	0.101996	0.065558	0.107393	0.212559	0.247222	0.148619	0.218647	0.123431	0.106431	0.189363	0.273269	0.267132	0.040374	0.212460	0.304786	0.163169	0.037997	0.003001	0.278587	0.043893	0.385357	0.263013	0.161952	0.043788	0.101996	0.167294	0.287900	0.236168	0.141081	0.055807	0.111749	1,2,2,3,3,2	71.138672	0.570124	0.620020	0.620020	2.059392	2.059392	0.620020	
792000	-117397	1,2,3,4,1,5	71.229720	4.934870	5.328699	5.550961	5.785959	4.934870	6.087494	1,2,3,4,2,3	69.850959	0.486504	0.090364	0.407370	0.015762	0.264372	0.356353	0.106967	0.272308	0.112861	0.456320	0.287435	0.143384	0.208489	0.020482	0.186459	0.584571	0.264372	0.356353	0.106967	0.272308	0.112861	0.456320	0.287435	0.143384	1,2,3,2,2,4	70.612349	0.056392	0.172086	0.430207	0.047437	0.045066	0.248813	0.006943	0.188049	0.199910	0.041170	0.171739	0.392189	0.028174	0.127787	0.234970	0.374285	0.231038	0.003746	0.006943	0.188049	0.199910	0.041170	0.171739	0.392189	0.006943	0.188049	0.199910	0.041170	0.171739	0.392189	0.136479	0.373686	0.168590	0.101817	0.014442	0.204987	1,1,1,2,3,4	73.145242	0.613672	0.613672	0.613672	2.835812	3.377707	0.641956	
793000	-117608	1,2,3,3,4,5	71.949147	5.632502	4.813635	5.401591	5.401591	5.762590	5.040228	1,2,3,4,1,2	72.558560	0.661556	0.002693	0.258612	0.077139	0.251427	0.279977	0.217969	0.250627	0.011840	0.532130	0.134958	0.321072	0.215023	0.105458	0.139321	0.540199	0.661556	0.002693	0.258612	0.077139	0.251427	0.279977	0.217969	0.250627	1,2,3,4,5,4	72.912670	0.017608	0.079117	0.391409	0.160056	0.324594	0.027216	0.070792	0.170083	0.355660	0.020567	0.350901	0.031997	0.062703	0.250838	0.099618	0.330781	0.125228	0.130831	0.116274	0.152748	0.106198	0.314680	0.131819	0.178281	0.018985	0.225304	0.182873	0.017448	0.521074	0.034317	0.116274	0.152748	0.106198	0.314680	0.131819	0.178281	1,2,3,4,4,5	70.493727	0.463934	0.559345	0.592114	2.299775	2.299775	0.636107	
794000	-115611	1,2,1,1,3,4	70.899230	4.885432	5.159298	4.885432	4.885432	5.459050	5.797217	1,2,3,4,1,5	70.526264	0.463516	0.033160	0.365560	0.137764	0.228997	0.297992	0.165424	0.307587	0.019178	0.729966	0.102748	0.148108	0.185343	0.103120	0.153913	0.557624	0.463516	0.033160	0.365560	0.137764	0.054942	0.148926	0.390667	0.405465	1,1,2,3,4,4	71.395239	0.101825	0.257742	0.262574	0.119786	0.138361	0.119712	0.101825	0.257742	0.262574	0.119786	0.138361	0.119712	0.146771	0.063357	0.029679	0.496885	0.231918	0.031388	0.154167	0.028519	0.203484	0.034984	0.092485	0.486360	0.151709	0.240629	0.297819	0.192152	0.070647	0.047044	0.151709	0.240629	0.297819	0.192152	0.070647	0.047044	1,2,3,4,5,6	71.419697	0.591272	0.583556	0.741654	3.637916	2.648370	0.651403	
795000	-117030	1,1,1,1,2,3	73.587187	4.673677	4.673677	4.673677	4.673677	5.435087	5.085636	1,2,2,3,1,2	70.564240	0.484591	0.018437	0.346761	0.150211	0.069606	0.436423	0.240352	0.253619	0.069606	0.436423	0.240352	0.253619	0.026172	0.297513	0.147342	0.528973	0.484591	0.018437	0.346761	0.150211	0.069606	0.436423	0.240352	0.253619	1,2,3,4,1,2	72.742623	0.110316	0.152945	0.171715	0.364918	0.144639	0.055468	0.028363	0.227145	0.328263	0.132084	0.137521	0.146625	0.093090	0.007041	0.133951	0.381195	0.274595	0.110128	0.043061	0.025907	0.402822	0.043435	0.038295	0.446480	0.110316	0.152945	0.171715	0.364918	0.144639	0.055468	0.028363	0.227145	0.328263	0.132084	0.137521	0.146625	1,2,3,4,4,1	69.886519	0.608467	0.643218	0.609383	2.348864	2.348864	0.608467	
796000	-116653	1,2,3,4,5,5	72.302302	6.228458	5.015338	6.432616	5.677700	5.138285	5.138285	1,2,3,2,4,5	73.494022	0.383617	0.134300	0.342767	0.139317	0.144519	0.098235	0.155627	0.601619	0.009259	0.559306	0.380496	0.050938	0.144519	0.098235	0.155627	0.601619	0.367454	0.157551	0.246692	0.228303	0.026477	0.377392	0.250124	0.346006	1,1,2,3,1,1	70.893161	0.128362	0.288090	0.278029	0.089616	0.100809	0.115093	0.128362	0.288090	0.278029	0.089616	0.100809	0.115093	0.110062	0.313640	0.036641	0.084563	0.441615	0.013478	0.105791	0.156399	0.402062	0.074710	0.075570	0.185467	0.128362	0.288090	0.278029	0.089616	0.100809	0.115093	0.128362	0.288090	0.278029	0.089616	0.100809	0.115093	1,1,2,3,3,1	72.873268	0.656469	0.656469	0.565590	2.023858	2.023858	0.656469	
797000	-117347	1,2,1,3,1,4	70.823364	4.344642	5.161178	4.344642	5.331134	4.344642	5.659996	1,2,2,3,4,5	72.161230	0.294812	0.069121	0.521228	0.114839	0.248368	0.321682	0.191996	0.237954	0.248368	0.321682	0.191996	0.237954	0.080364	0.158447	0.216303	0.544886	0.802256	0.027167	0.079874	0.090704	0.065224	0.176128	0.523114	0.235535	1,2,3,4,1,4	71.768488	0.067444	0.232216	0.221711	0.125224	0.256237	0.097168	0.067519	0.392489	0.178797	0.012767	0.186339	0.162090	0.031389	0.081759	0.080590	0.452385	0.138351	0.215527	0.207219	0.271027	0.242953	0.085113	0.070484	0.123205	0.067444	0.232216	0.221711	0.125224	0.256237	0.097168	0.207219	0.271027	0.242953	0.085113	0.070484	0.123205	1,2,3,4,4,5	70.566782	0.622613	0.649181	0.603479	1.851918	1.851918	0.652926	
798000	-117675	1,2,1,3,4,5	71.961765	4.395325	5.650677	4.395325	5.459781	5.333178	5.437936	1,2,3,4,5,2	70.861959	0.156493	0.304758	0.444644	0.094105	0.125950	0.293335	0.341505	0.239211	0.052705	0.476311	0.325445	0.145539	0.121355	0.012889	0.501608	0.364147	0.616832	0.058771	0.125776	0.198621	0.125950	0.293335	0.341505	0.239211	1,1,2,3,1,4	71.082646	0.063679	0.354010	0.232388	0.048547	0.168780	0.132596	0.063679	0.354010	0.232388	0.048547	0.168780	0.132596	0.202843	0.042479	0.067000	0.308085	0.317802	0.061792	0.452590	0.133688	0.277962	0.009460	0.021424	0.104876	0.063679	0.354010	0.232388	0.048547	0.168780	0.132596	0.051392	0.128832	0.296781	0.172292	0.125773	0.224930	1,2,3,4,5,6	70.065405	0.687688	0.743067	0.442438	1.804439	2.264764	0.581587	
799000	-118682	1,1,1,1,1,2	70.134719	4.783102	4.783102	4.783102	4.783102	4.783102	6.035500	1,2,3,4,5,3	70.676812	0.276603	0.090080	0.497948	0.135369	0.181451	0.213504	0.343685	0.261360	0.073328	0.355395	0.336412	0.234864	0.223533	0.049683	0.480861	0.245923	0.294526	0.233518	0.318940	0.153016	0.073328	0.355395	0.336412	0.234864	1,2,3,3,1,1	70.426839	0.076750	0.235430	0.379732	0.059028	0.165095	0.083965	0.154791	0.107395	0.244486	0.001808	0.362802	0.128718	0.086657	0.018263	0.259610	0.376409	0.121241	0.137820	0.086657	0.018263	0.259610	0.376409	0.121241	0.137820	0.076750	0.235430	0.379732	0.059028	0.165095	0.083965	0.076750	0.235430	0.379732	0.059028	0.165095	0.083965	1,1,2,3,4,2	69.333155	0.629294	0.629294	0.628375	1.183750	1.934609	0.628375	
800000	-116600	1,2,3,4,1,5	70.615964	4.936693	5.520648	6.028884	5.250018	4.936693	6.768932	1,2,3,4,1,5	69.511016	0.375161	0.178287	0.321993	0.124560	0.194999	0.478368	0.043084	0.283549	0.064008	0.467593	0.325143	0.143255	0.069239	0.237874	0.119381	0.573506	0.375161	0.178287	0.321993	0.124560	0.101146	0.169970	0.427509	0.301375	1,1,2,3,1,1	72.576099	0.015462	0.297468	0.389997	0.088676	0.124867	0.083531	0.015462	0.297468	0.389997	0.088676	0.124867	0.083531	0.103946	0.016876	0.111985	0.224497	0.318004	0.224692	0.428843	0.142328	0.223565	0.010179	0.041359	0.153726	0.015462	0.297468	0.389997	0.088676	0.124867	0.083531	0.015462	0.297468	0.389997	0.088676	0.124867	0.083531	1,1,2,3,4,1	71.829237	0.631576	0.631576	0.631511	1.661209	3.009186	0.631576	
801000	-117388	1,1,1,2,3,4	71.575315	4.744069	4.744069	4.744069	5.611282	5.431791	5.472823	1,2,3,4,1,5	71.323056	0.351915	0.070078	0.281059	0.296948	0.124347	0.436082	0.206725	0.232846	0.020596	0.327503	0.383055	0.268846	0.074692	0.125159	0.238346	0.561803	0.351915	0.070078	0.281059	0.296948	0.152348	0.283560	0.462842	0.101249	1,2,1,3,4,5	71.230501	0.097992	0.417160	0.110053	0.179062	0.158729	0.037005	0.042893	0.066539	0.329835	0.035088	0.120065	0.405581	0.097992	0.417160	0.110053	0.179062	0.158729	0.037005	0.331048	0.122397	0.177289	0.084728	0.019279	0.265259	0.030547	0.326897	0.326501	0.203628	0.097161	0.015267	0.187584	0.090071	0.358463	0.127089	0.146994	0.089799	1,2,3,4,4,3	71.284105	0.614900	0.670272	0.563857	2.300759	2.300759	0.563857	
802000	-118186	1,2,3,4,5,6	71.564463	5.026445	5.741018	4.737821	5.048946	5.996669	5.957402	1,2,3,4,1,4	70.167592	0.542056	0.015748	0.268159	0.174037	0.227294	0.360618	0.195346	0.216743	0.027209	0.743871	0.157188	0.071732	0.116000	0.305479	0.335841	0.242679	0.542056	0.015748	0.268159	0.174037	0.116000	0.305479	0.335841	0.242679	1,2,3,4,1,4	72.946362	0.160524	0.113420	0.113240	0.143908	0.432944	0.035964	0.119365	0.316786	0.116983	0.017120	0.297885	0.131861	0.023976	0.058789	0.011362	0.290328	0.205312	0.410233	0.069453	0.146977	0.393719	0.169454	0.112964	0.107433	0.160524	0.113420	0.113240	0.143908	0.432944	0.035964	0.069453	0.146977	0.393719	0.169454	0.112964	0.107433	1,2,3,4,5,2	73.883248	0.568405	0.598488	0.719933	1.626082	2.511630	0.598488	
803000	-115923	1,2,1,1,1,3	70.481732	5.130194	6.116173	5.130194	5.130194	5.130194	5.541587	1,2,3,4,1,3	70.593823	0.444154	0.046739	0.404744	0.104363	0.234172	0.319015	0.060117	0.386696	0.112886	0.387720	0.383134	0.116261	0.188681	0.012211	0.297276	0.501831	0.444154	0.046739	0.404744	0.104363	0.112886	0.387720	0.383134	0.116261	1,2,3,4,2,1	71.429865	0.091561	0.200104	0.328735	0.166053	0.078216	0.135332	0.025657	0.246589	0.383436	0.053392	0.150633	0.140292	0.131615	0.000737	0.002923	0.312492	0.339715	0.212517	0.224831	0.146985	0.193000	0.089390	0.082481	0.263313	0.025657	0.246589	0.383436	0.053392	0.150633	0.140292	0.091561	0.200104	0.328735	0.166053	0.078216	0.135332	1,2,3,4,5,3	71.719116	0.604428	0.625754	0.636574	2.103348	1.789043	0.636574	
804000	-117247	1,1,2,3,2,4	71.822496	4.016958	4.016958	5.448687	6.379734	5.448687	6.910568	1,2,3,2,1,4	70.679493	0.395280	0.097440	0.221411	0.285869	0.128357	0.079437	0.155861	0.636345	0.063362	0.541277	0.203126	0.192236	0.128357	0.079437	0.155861	0.636345	0.395280	0.097440	0.221411	0.285869	0.110941	0.147748	0.438886	0.302425	1,2,3,4,1,5	69.334893	0.008871	0.378366	0.368600	0.046834	0.049196	0.148133	0.152017	0.335484	0.136015	0.026572	0.223344	0.126568	0.060043	0.026132	0.490926	0.315238	0.074621	0.033040	0.004728	0.297677	0.171716	0.117404	0.012064	0.396411	0.008871	0.378366	0.368600	0.046834	0.049196	0.148133	0.149145	0.428586	0.121618	0.109656	0.118770	0.072225	1,1,2,3,3,4	71.024153	0.652106	0.652106	0.616312	1.791845	1.791845	0.587881	
805000	-116176	1,2,1,3,2,4	72.371570	3.619350	4.937373	3.619350	6.302703	4.937373	5.862718	1,2,2,3,4,5	71.537253	0.240574	0.105265	0.399607	0.254554	0.173950	0.442479	0.142149	0.241422	0.173950	0.442479	0.142149	0.241422	0.071703	0.040250	0.154387	0.733660	0.733160	0.064020	0.098722	0.104097	0.112345	0.173929	0.265523	0.448203	1,2,3,4,1,5	68.684043	0.031931	0.270928	0.301092	0.025090	0.318493	0.052466	0.060512	0.124573	0.276551	0.054591	0.201688	0.282085	0.051091	0.199094	0.135803	0.394892	0.153633	0.065487	0.040921	0.267375	0.385540	0.149942	0.048887	0.107336	0.031931	0.270928	0.301092	0.025090	0.318493	0.052466	0.024104	0.469001	0.129582	0.215553	0.073629	0.088131	1,2,2,3,3,2	72.407146	0.535933	0.621675	0.621675	2.399083	2.399083	0.621675	
806000	-115959	1,2,3,4,2,5	71.546552	4.997046	5.028130	4.633998	5.565858	5.028130	5.319984	1,2,3,4,1,2	72.124593	0.718587	0.007534	0.185181	0.088699	0.148501	0.302855	0.198587	0.350057	0.116455	0.379626	0.252816	0.251103	0.090162	0.074308	0.068215	0.767315	0.718587	0.007534	0.185181	0.088699	0.148501	0.302855	0.198587	0.350057	1,2,1,3,4,5	72.078349	0.038513	0.060401	0.156332	0.536857	0.158933	0.048964	0.068593	0.150968	0.328158	0.153849	0.184306	0.114125	0.038513	0.060401	0.156332	0.536857	0.158933	0.048964	0.126889	0.155890	0.265769	0.142113	0.017120	0.292218	0.095860	0.042024	0.100965	0.328349	0.413672	0.019128	0.084545	0.121563	0.229157	0.275997	0.048802	0.239936	1,2,3,4,5,2	71.243786	0.557656	0.618565	0.653765	2.036066	1.828931	0.618565	
807000	-118516	1,2,1,2,3,4	70.591812	4.490272	5.512255	4.490272	5.512255	5.569000	5.599092	1,2,3,2,4,5	71.622368	0.300039	0.038145	0.514109	0.147707	0.105980	0.242211	0.181576	0.470233	0.111238	0.728924	0.108433	0.051405	0.105980	0.242211	0.181576	0.470233	0.520516	0.099277	0.141233	0.238975	0.135599	0.373395	0.196550	0.294456	1,2,3,4,5,1	70.217323	0.125606	0.286945	0.311535	0.126586	0.051940	0.097389	0.366727	0.032516	0.155933	0.131320	0.196507	0.116996	0.120721	0.124558	0.179504	0.321139	0.115049	0.139030	0.009095	0.071987	0.177956	0.436104	0.109419	0.195438	0.166298	0.277856	0.225300	0.024058	0.233749	0.072740	0.125606	0.286945	0.311535	0.126586	0.051940	0.097389	1,2,3,4,5,2	73.344716	0.603252	0.616189	0.585075	1.738736	2.061074	0.616189	
808000	-116361	1,2,1,2,3,4	69.975031	4.678648	4.876670	4.678648	4.876670	5.820895	5.587535	1,2,3,4,5,3	70.935811	0.263327	0.021285	0.439463	0.275925	0.102090	0.307700	0.174250	0.415960	0.116169	0.333643	0.419857	0.130332	0.221511	0.034943	0.210001	0.533545	0.601302	0.042190	0.079516	0.276991	0.116169	0.333643	0.419857	0.130332	1,2,3,4,3,2	71.345959	0.106951	0.260103	0.180345	0.157602	0.227446	0.067554	0.160086	0.200504	0.296039	0.056929	0.165054	0.121388	0.000128	0.127212	0.165269	0.371611	0.285536	0.050244	0.120216	0.038456	0.251878	0.006807	0.136251	0.446392	0.000128	0.127212	0.165269	0.371611	0.285536	0.050244	0.160086	0.200504	0.296039	0.056929	0.165054	0.121388	1,1,1,2,2,1	69.223715	0.621900	0.621900	0.621900	2.790044	2.790044	0.621900	
809000	-119738	1,2,3,2,4,5	71.717570	5.155457	5.116919	6.176028	5.116919	4.916520	5.401590	1,2,3,4,5,1	70.546760	0.250859	0.209991	0.408139	0.131011	0.256587	0.108820	0.036056	0.598537	0.131443	0.485181	0.184778	0.198599	0.038107	0.091154	0.517122	0.353617	0.690798	0.053949	0.120417	0.134836	0.250859	0.209991	0.408139	0.131011	1,2,3,1,1,2	69.860745	0.134800	0.329163	0.252952	0.058805	0.095773	0.128507	0.152886	0.114452	0.208175	0.146817	0.219628	0.158042	0.079754	0.004018	0.162093	0.251653	0.255091	0.247393	0.134800	0.329163	0.252952	0.058805	0.095773	0.128507	0.134800	0.329163	0.252952	0.058805	0.095773	0.128507	0.152886	0.114452	0.208175	0.146817	0.219628	0.158042	1,1,1,2,3,4	72.045114	0.591920	0.591920	0.591920	1.916537	1.897864	0.669419	
810000	-118941	1,1,2,3,4,5	71.379600	5.084389	5.084389	5.058067	5.666600	5.566873	6.536357	1,2,2,3,1,4	72.004300	0.475942	0.131327	0.217420	0.175311	0.068827	0.565869	0.114362	0.250942	0.068827	0.565869	0.114362	0.250942	0.161329	0.129819	0.270485	0.438367	0.475942	0.131327	0.217420	0.175311	0.061077	0.512378	0.317940	0.108605	1,1,2,3,4,4	71.328703	0.021513	0.323991	0.327726	0.056330	0.112902	0.157537	0.021513	0.323991	0.327726	0.056330	0.112902	0.157537	0.356138	0.132947	0.054901	0.289228	0.139501	0.027286	0.163735	0.298237	0.063422	0.101798	0.085050	0.287759	0.044008	0.373956	0.355841	0.072738	0.111245	0.042211	0.044008	0.373956	0.355841	0.072738	0.111245	0.042211	1,1,1,2,3,4	71.578167	0.593602	0.593602	0.593602	2.382625	2.455234	0.684544	
811000	-115647	1,2,1,3,4,5	70.910934	5.042037	5.219825	5.042037	5.976593	5.435711	6.635648	1,2,3,4,5,6	70.701562	0.330687	0.074868	0.555426	0.039018	0.173612	0.299380	0.084440	0.442568	0.080877	0.442767	0.330943	0.145412	0.106932	0.017282	0.052323	0.823463	0.305883	0.139072	0.252406	0.302639	0.089342	0.223701	0.395876	0.291081	1,2,1,3,2,1	71.713965	0.104965	0.237978	0.244183	0.252438	0.117822	0.042615	0.038905	0.369770	0.213940	0.030182	0.289508	0.057695	0.104965	0.237978	0.244183	0.252438	0.117822	0.042615	0.139112	0.032722	0.325392	0.055876	0.059193	0.387705	0.038905	0.369770	0.213940	0.030182	0.289508	0.057695	0.104965	0.237978	0.244183	0.252438	0.117822	0.042615	1,1,2,3,4,1	70.930842	0.614269	0.614269	0.611625	2.113184	2.878442	0.614269	
812000	-118869	1,2,2,3,2,4	72.143146	4.545403	4.873335	4.873335	5.410231	4.873335	6.106369	1,2,3,4,4,5	70.874203	0.110988	0.165687	0.511788	0.211536	0.168732	0.281132	0.017974	0.532163	0.034422	0.411609	0.326148	0.227821	0.406769	0.004657	0.140935	0.447639	0.406769	0.004657	0.140935	0.447639	0.125712	0.309303	0.233885	0.331100	1,1,2,3,4,1	69.548420	0.092220	0.280338	0.258835	0.134992	0.093540	0.140075	0.092220	0.280338	0.258835	0.134992	0.093540	0.140075	0.298683	0.181696	0.000424	0.265157	0.161095	0.092945	0.194845	0.416348	0.161340	0.071813	0.016628	0.139026	0.034218	0.432064	0.106558	0.270699	0.135085	0.021376	0.092220	0.280338	0.258835	0.134992	0.093540	0.140075	1,2,2,3,4,5	71.963391	0.720350	0.577793	0.577793	2.325372	2.401702	0.630767	
813000	-117706	1,1,2,1,3,4	71.191872	4.880689	4.880689	6.696428	4.880689	5.145983	5.877217	1,2,3,4,1,5	72.725429	0.496389	0.028395	0.350861	0.124356	0.199432	0.197497	0.254365	0.348706	0.194417	0.355688	0.207035	0.242860	0.067100	0.042626	0.396486	0.493788	0.496389	0.028395	0.350861	0.124356	0.072166	0.335617	0.400358	0.191859	1,1,2,2,1,3	69.948904	0.062037	0.170657	0.269238	0.075195	0.330653	0.092221	0.062037	0.170657	0.269238	0.075195	0.330653	0.092221	0.031577	0.027146	0.630902	0.175283	0.006996	0.128096	0.031577	0.027146	0.630902	0.175283	0.006996	0.128096	0.062037	0.170657	0.269238	0.075195	0.330653	0.092221	0.111674	0.263332	0.326501	0.066070	0.026200	0.206223	1,1,1,2,2,3	71.947441	0.613173	0.613173	0.613173	2.057862	2.057862	0.607022	
814000	-117503	1,2,3,4,5,6	70.577915	5.364974	5.131585	6.132938	6.257450	5.295653	6.132538	1,2,3,4,4,2	70.976801	0.542544	0.049416	0.361021	0.047019	0.273140	0.191004	0.226970	0.308886	0.051805	0.543749	0.354861	0.049585	0.311150	0.053041	0.121695	0.514114	0.311150	0.053041	0.121695	0.514114	0.273140	0.191004	0.226970	0.308886	1,1,2,3,4,5	70.656358	0.156793	0.123949	0.344680	0.030784	0.153908	0.189887	0.156793	0.123949	0.344680	0.030784	0.153908	0.189887	0.113209	0.309498	0.015944	0.250860	0.230349	0.080140	0.121952	0.074823	0.029434	0.530871	0.052015	0.190905	0.013946	0.307139	0.102947	0.043994	0.409216	0.122758	0.347365	0.117214	0.082698	0.296689	0.025084	0.130950	1,1,1,2,3,1	71.373931	0.594391	0.594391	0.594391	2.080667	3.048214	0.594391	
815000	-116817	1,2,3,1,4,5	71.511599	4.836319	5.641321	5.108685	4.836319	5.606796	5.383241	1,2,3,2,1,2	70.634832	0.491236	0.024419	0.360771	0.123573	0.209318	0.201756	0.180454	0.408471	0.075994	0.464679	0.302257	0.157071	0.209318	0.201756	0.180454	0.408471	0.491236	0.024419	0.360771	0.123573	0.209318	0.201756	0.180454	0.408471	1,2,3,4,2,1	72.012581	0.089424	0.228719	0.171702	0.326907	0.081742	0.101506	0.207437	0.125910	0.319194	0.005057	0.223114	0.119289	0.261414	0.014670	0.061089	0.408766	0.161803	0.092258	0.006442	0.006013	0.513054	0.053623	0.090517	0.330351	0.207437	0.125910	0.319194	0.005057	0.223114	0.119289	0.089424	0.228719	0.171702	0.326907	0.081742	0.101506	1,1,2,3,3,1	72.679395	0.615991	0.615991	0.576064	1.540512	1.540512	0.615991	
816000	-119217	1,2,2,1,3,4	72.558096	4.400956	5.065157	5.065157	4.400956	5.146025	4.732735	1,2,3,4,5,4	71.787227	0.559021	0.071070	0.219765	0.150144	0.298599	0.123626	0.065979	0.511795	0.011669	0.390935	0.431912	0.165484	0.059180	0.401312	0.104800	0.434709	0.415675	0.009976	0.117809	0.456539	0.059180	0.401312	0.104800	0.434709	1,2,2,1,3,1	71.395942	0.120029	0.278688	0.339265	0.038591	0.041512	0.181915	0.116503	0.049780	0.252132	0.259424	0.205557	0.116604	0.116503	0.049780	0.252132	0.259424	0.205557	0.116604	0.120029	0.278688	0.339265	0.038591	0.041512	0.181915	0.099330	0.186396	0.087700	0.136524	0.419231	0.070819	0.120029	0.278688	0.339265	0.038591	0.041512	0.181915	1,2,2,3,4,5	71.678686	0.528421	0.582766	0.582766	2.061889	2.810388	0.622451	
817000	-116344	1,1,2,3,4,5	71.148285	4.691466	4.691466	5.577892	5.086345	5.312238	6.175640	1,2,3,4,5,2	71.146290	0.349369	0.069178	0.447294	0.134159	0.091584	0.330583	0.379568	0.198265	0.087415	0.581634	0.205725	0.125227	0.180412	0.174873	0.086073	0.558642	0.486787	0.149437	0.209431	0.154345	0.091584	0.330583	0.379568	0.198265	1,1,2,3,1,4	70.065553	0.069201	0.203294	0.320718	0.013906	0.262666	0.130215	0.069201	0.203294	0.320718	0.013906	0.262666	0.130215	0.058916	0.116254	0.179802	0.310737	0.202291	0.132001	0.150993	0.098870	0.258124	0.102112	0.080084	0.309816	0.069201	0.203294	0.320718	0.013906	0.262666	0.130215	0.179683	0.324578	0.049149	0.113175	0.154600	0.178814	1,2,3,4,4,3	70.050909	0.502672	0.741051	0.598508	1.990386	1.990386	0.598508	
818000	-116768	1,2,3,4,5,1	72.352929	4.809415	5.131340	5.520255	6.753854	5.722600	4.809415	1,2,3,4,1,5	71.786255	0.532316	0.025107	0.316437	0.126140	0.107346	0.441563	0.119290	0.331801	0.005017	0.716206	0.149114	0.129664	0.100754	0.031231	0.258388	0.609627	0.532316	0.025107	0.316437	0.126140	0.069605	0.540109	0.194268	0.196017	1,2,3,4,2,1	69.737760	0.046904	0.313541	0.307585	0.098211	0.034215	0.199543	0.052983	0.203205	0.482661	0.014854	0.166852	0.079445	0.179646	0.062515	0.251097	0.237493	0.163495	0.105754	0.165695	0.269328	0.046283	0.108160	0.055715	0.354819	0.052983	0.203205	0.482661	0.014854	0.166852	0.079445	0.046904	0.313541	0.307585	0.098211	0.034215	0.199543	1,2,1,3,3,1	71.666477	0.657190	0.572371	0.657190	1.929772	1.929772	0.657190	
819000	-116325	1,2,3,4,5,6	70.134851	4.807914	6.351049	5.240589	6.752688	5.684494	5.580810	1,2,3,4,1,5	72.320037	0.475292	0.009525	0.244827	0.270355	0.095274	0.191944	0.148551	0.564231	0.127751	0.553633	0.275147	0.043469	0.088286	0.072406	0.065127	0.774181	0.475292	0.009525	0.244827	0.270355	0.116374	0.352832	0.295301	0.235493	1,2,3,4,1,5	71.564697	0.197413	0.189838	0.131567	0.192124	0.282485	0.006573	0.050881	0.294271	0.257283	0.027847	0.051243	0.318474	0.011912	0.170107	0.132391	0.200124	0.356481	0.128984	0.139856	0.034880	0.407745	0.178659	0.085642	0.153219	0.197413	0.189838	0.131567	0.192124	0.282485	0.006573	0.140820	0.190273	0.158772	0.289087	0.077752	0.143296	1,2,3,4,5,6	72.288966	0.590703	0.652945	0.589773	2.059544	2.339758	0.624266	
820000	-117170	1,1,2,3,4,5	71.609094	4.877518	4.877518	5.436173	5.793232	5.196336	5.797231	1,2,3,4,1,5	70.379559	0.395820	0.041798	0.351490	0.210892	0.095467	0.561794	0.026694	0.316045	0.006186	0.446265	0.454971	0.092578	0.356511	0.034664	0.286698	0.322127	0.395820	0.041798	0.351490	0.210892	0.169291	0.339962	0.296149	0.194598	1,1,2,3,1,4	70.449840	0.052675	0.325812	0.331326	0.106513	0.125574	0.058100	0.052675	0.325812	0.331326	0.106513	0.125574	0.058100	0.155835	0.066327	0.111608	0.265107	0.378435	0.022688	0.291667	0.213530	0.103074	0.006699	0.142963	0.242067	0.052675	0.325812	0.331326	0.106513	0.125574	0.058100	0.034658	0.194937	0.407806	0.179638	0.083177	0.099784	1,1,2,3,4,1	70.777061	0.606135	0.606135	0.763079	2.053279	3.365647	0.606135	
821000	-117782	1,1,1,2,3,4	70.753404	5.076541	5.076541	5.076541	6.127499	5.922223	5.592095	1,2,3,2,1,4	71.547749	0.537762	0.021355	0.300018	0.140865	0.080287	0.312793	0.145389	0.461531	0.099616	0.726304	0.110404	0.063676	0.080287	0.312793	0.145389	0.461531	0.537762	0.021355	0.300018	0.140865	0.222390	0.273090	0.446293	0.058226	1,2,3,4,1,5	71.626276	0.365160	0.104911	0.139614	0.155653	0.173346	0.061315	0.045887	0.301263	0.122759	0.070119	0.262973	0.196999	0.061595	0.006611	0.100582	0.253089	0.465648	0.112475	0.122187	0.083415	0.315472	0.212548	0.000049	0.266330	0.365160	0.104911	0.139614	0.155653	0.173346	0.061315	0.277188	0.156090	0.199250	0.149875	0.179929	0.037667	1,2,2,3,3,2	70.876527	0.536877	0.589386	0.589386	2.095300	2.095300	0.589386	
822000	-116341	1,2,3,2,4,5	71.814580	4.672869	5.058554	5.368071	5.058554	6.046791	6.937797	1,2,2,3,1,2	70.741420	0.553144	0.016384	0.242564	0.187908	0.073174	0.449602	0.257959	0.219265	0.073174	0.449602	0.257959	0.219265	0.038342	0.056932	0.422250	0.482477	0.553144	0.016384	0.242564	0.187908	0.073174	0.449602	0.257959	0.219265	1,2,3,2,3,4	70.563673	0.218160	0.142791	0.140034	0.318315	0.132157	0.048543	0.009928	0.321815	0.510635	0.002823	0.087920	0.066880	0.012556	0.194372	0.228920	0.344121	0.201719	0.018312	0.009928	0.321815	0.510635	0.002823	0.087920	0.066880	0.012556	0.194372	0.228920	0.344121	0.201719	0.018312	0.180785	0.207033	0.230270	0.184530	0.065735	0.131648	1,2,3,4,5,6	72.042212	0.547808	0.762773	0.665496	1.464515	2.076070	0.684690	
823000	-117776	1,1,2,1,1,3	71.225471	4.850792	4.850792	5.754050	4.850792	4.850792	5.515246	1,2,3,4,1,3	71.597913	0.424413	0.078258	0.368414	0.128915	0.213347	0.270170	0.025202	0.491280	0.068368	0.454564	0.385186	0.091882	0.366384	0.117075	0.034331	0.482210	0.424413	0.078258	0.368414	0.128915	0.068368	0.454564	0.385186	0.091882	1,2,3,4,2,1	70.998927	0.033391	0.306003	0.468714	0.020418	0.064012	0.107461	0.037469	0.245359	0.398083	0.026123	0.227913	0.065053	0.028905	0.181944	0.323268	0.129626	0.262971	0.073286	0.168554	0.203799	0.208023	0.056269	0.066804	0.296551	0.037469	0.245359	0.398083	0.026123	0.227913	0.065053	0.033391	0.306003	0.468714	0.020418	0.064012	0.107461	1,2,3,4,4,5	71.897169	0.542384	0.685399	0.577551	3.284083	3.284083	0.703450	
824000	-119776	1,1,2,1,3,4	70.474371	4.727667	4.727667	5.997537	4.727667	5.476777	6.243713	1,2,3,4,1,3	70.779455	0.453379	0.169225	0.269862	0.107533	0.180813	0.524062	0.054249	0.240876	0.132108	0.250554	0.276834	0.340504	0.032120	0.123397	0.237866	0.606616	0.453379	0.169225	0.269862	0.107533	0.132108	0.250554	0.276834	0.340504	1,2,3,4,1,1	70.242728	0.095974	0.252846	0.354045	0.176106	0.045316	0.075713	0.201840	0.079307	0.243422	0.166064	0.127791	0.181576	0.257924	0.019358	0.113756	0.498349	0.100930	0.009683	0.085920	0.089054	0.268283	0.035365	0.298781	0.222597	0.095974	0.252846	0.354045	0.176106	0.045316	0.075713	0.095974	0.252846	0.354045	0.176106	0.045316	0.075713	1,1,2,3,4,5	72.787280	0.598860	0.598860	0.719423	1.776406	2.229275	0.607348	
825000	-117997	1,2,3,2,3,4	70.934439	5.841519	4.290119	5.173706	4.290119	5.173706	5.017975	1,2,3,4,5,3	71.948195	0.391045	0.008794	0.502504	0.097657	0.130012	0.285693	0.140206	0.444089	0.080306	0.355183	0.385335	0.179176	0.033635	0.172538	0.130120	0.663707	0.489969	0.017501	0.429238	0.063292	0.080306	0.355183	0.385335	0.179176	1,2,3,4,5,2	72.827749	0.178102	0.118976	0.397446	0.183766	0.066553	0.055156	0.109899	0.195255	0.434718	0.063470	0.083141	0.113517	0.002041	0.224648	0.241515	0.314981	0.122649	0.094166	0.161143	0.085886	0.170600	0.005196	0.254463	0.322713	0.099718	0.067443	0.332385	0.136661	0.297959	0.065835	0.109899	0.195255	0.434718	0.063470	0.083141	0.113517	1,2,1,3,4,5	71.189220	0.630452	0.580396	0.630452	1.243862	1.548361	0.547238	
826000	-116346	1,2,1,3,2,4	72.048525	5.038067	4.398259	5.038067	6.249684	4.398259	5.596621	1,2,3,4,5,6	71.193916	0.445008	0.134228	0.326115	0.094649	0.134345	0.231551	0.169778	0.464325	0.226690	0.396790	0.290968	0.085552	0.159546	0.127234	0.127821	0.585399	0.480176	0.117855	0.245852	0.156117	0.107231	0.375031	0.329763	0.187975	1,1,2,3,1,3	72.136250	0.069027	0.301638	0.227657	0.058328	0.155079	0.188272	0.069027	0.301638	0.227657	0.058328	0.155079	0.188272	0.079259	0.000532	0.042339	0.198410	0.506189	0.173271	0.291551	0.203865	0.205715	0.105661	0.068799	0.124410	0.069027	0.301638	0.227657	0.058328	0.155079	0.188272	0.291551	0.203865	0.205715	0.105661	0.068799	0.124410	1,2,3,4,5,6	71.595605	0.582266	0.558565	0.567269	2.117210	1.983865	0.513022	
827000	-116828	1,2,3,2,4,5	72.114255	5.646823	4.847169	5.450255	4.847169	5.485398	5.956200	1,2,3,4,5,6	69.943631	0.443230	0.082161	0.337813	0.136796	0.167685	0.355309	0.193797	0.283210	0.001550	0.399720	0.277231	0.321499	0.296356	0.103183	0.098572	0.501888	0.626035	0.061277	0.123139	0.189549	0.128408	0.309817	0.306443	0.255332	1,1,2,3,4,4	71.594940	0.116068	0.135025	0.333594	0.036247	0.191808	0.187258	0.116068	0.135025	0.333594	0.036247	0.191808	0.187258	0.262738	0.024428	0.032278	0.203235	0.390250	0.087071	0.030310	0.094643	0.224756	0.184634	0.027109	0.438548	0.037983	0.263818	0.113151	0.284325	0.042072	0.258651	0.037983	0.263818	0.113151	0.284325	0.042072	0.258651	1,2,2,3,3,2	70.696444	0.684692	0.653643	0.653643	2.709141	2.709141	0.653643	
828000	-116546	1,1,2,1,3,4	70.484786	4.846637	4.846637	5.703014	4.846637	5.385193	4.855943	1,2,3,2,4,5	73.126295	0.272482	0.076112	0.533030	0.118376	0.102272	0.281081	0.097927	0.518721	0.027238	0.646644	0.186287	0.139831	0.102272	0.281081	0.097927	0.518721	0.611051	0.045063	0.136257	0.207629	0.079961	0.101063	0.216503	0.602473	1,1,2,3,2,2	71.034841	0.159347	0.191507	0.300882	0.049052	0.193625	0.105588	0.159347	0.191507	0.300882	0.049052	0.193625	0.105588	0.036947	0.449031	0.213897	0.138405	0.095338	0.066382	0.029477	0.064410	0.155011	0.229332	0.056013	0.465756	0.036947	0.449031	0.213897	0.138405	0.095338	0.066382	0.036947	0.449031	0.213897	0.138405	0.095338	0.066382	1,2,3,4,4,3	70.764603	0.705841	0.591326	0.582932	1.831560	1.831560	0.582932	
829000	-117049	1,2,3,4,5,1	70.787933	4.961563	5.745934	6.009305	4.999483	5.314603	4.961563	1,2,3,4,5,6	70.022886	0.469216	0.018167	0.293261	0.219355	0.269313	0.167123	0.169813	0.393752	0.040842	0.636078	0.206466	0.116614	0.213798	0.080602	0.320455	0.385145	0.535350	0.009829	0.100632	0.354189	0.272263	0.163592	0.401667	0.162478	1,1,2,3,2,3	70.402016	0.209625	0.214650	0.086584	0.094691	0.335035	0.059414	0.209625	0.214650	0.086584	0.094691	0.335035	0.059414	0.012388	0.216614	0.104201	0.252673	0.372775	0.041349	0.043040	0.112792	0.173731	0.393531	0.108622	0.168283	0.012388	0.216614	0.104201	0.252673	0.372775	0.041349	0.043040	0.112792	0.173731	0.393531	0.108622	0.168283	1,1,1,2,3,1	70.705926	0.556307	0.556307	0.556307	1.703168	2.990692	0.556307	
830000	-117734	1,1,2,1,3,2	71.283026	3.973014	3.973014	4.989157	3.973014	5.808071	4.989157	1,2,3,2,4,5	71.095043	0.393555	0.284997	0.247837	0.073611	0.097647	0.344905	0.073331	0.484117	0.026010	0.461464	0.292156	0.220370	0.097647	0.344905	0.073331	0.484117	0.694621	0.069188	0.077741	0.158450	0.168939	0.214586	0.395602	0.220873	1,2,3,2,4,1	71.347885	0.059186	0.399189	0.226039	0.052926	0.138652	0.124008	0.068004	0.106612	0.219084	0.053649	0.065882	0.486769	0.033233	0.431184	0.026709	0.278110	0.104060	0.126705	0.068004	0.106612	0.219084	0.053649	0.065882	0.486769	0.038752	0.210323	0.177948	0.127205	0.392645	0.053127	0.059186	0.399189	0.226039	0.052926	0.138652	0.124008	1,1,1,2,3,1	72.921004	0.610382	0.610382	0.610382	2.624481	2.423139	0.610382	
831000	-115241	1,1,1,2,3,4	72.169526	4.866780	4.866780	4.866780	5.842083	5.973588	5.840455	1,2,2,3,1,4	71.866632	0.446903	0.047721	0.288461	0.216915	0.183543	0.402547	0.158011	0.255899	0.183543	0.402547	0.158011	0.255899	0.184450	0.076227	0.093027	0.646296	0.446903	0.047721	0.288461	0.216915	0.059757	0.404150	0.371481	0.164612	1,2,3,4,5,1	71.404586	0.121332	0.350554	0.312120	0.124942	0.045655	0.045398	0.096559	0.121653	0.312608	0.071696	0.273345	0.124139	0.029250	0.116717	0.191109	0.486658	0.116578	0.059688	0.165381	0.187205	0.155844	0.139006	0.012569	0.339995	0.038170	0.382622	0.318374	0.071993	0.135294	0.053546	0.121332	0.350554	0.312120	0.124942	0.045655	0.045398	1,2,3,4,5,1	72.517590	0.549163	0.706942	0.637750	2.263257	2.126509	0.549163	
832000	-116193	1,2,3,4,5,6	70.208256	4.797148	5.145310	5.704337	6.896664	5.216673	6.576216	1,2,3,4,1,5	70.552010	0.366164	0.056567	0.313207	0.264062	0.142275	0.342763	0.188794	0.326169	0.038429	0.439814	0.352558	0.169199	0.082363	0.168135	0.061885	0.687617	0.366164	0.056567	0.313207	0.264062	0.089401	0.297351	0.429498	0.183751	1,1,1,2,3,4	70.782771	0.050259	0.296217	0.180566	0.174812	0.247278	0.050868	0.050259	0.296217	0.180566	0.174812	0.247278	0.050868	0.050259	0.296217	0.180566	0.174812	0.247278	0.050868	0.047164	0.180930	0.539955	0.101791	0.002625	0.127535	0.060035	0.336753	0.353009	0.093809	0.135043	0.021351	0.355592	0.242886	0.200558	0.087438	0.079165	0.034362	1,2,3,4,4,1	71.610919	0.577129	0.616715	0.591544	1.748377	1.748377	0.577129	
833000	-119202	1,2,2,2,3,4	72.751092	5.757024	4.790729	4.790729	4.790729	5.647628	5.333402	1,2,3,4,5,6	71.881589	0.486817	0.037365	0.408189	0.067629	0.158236	0.419614	0.021244	0.400906	0.353472	0.106949	0.350507	0.189071	0.175185	0.107897	0.039524	0.677393	0.440599	0.068849	0.289576	0.200976	0.255330	0.193152	0.334818	0.216700	1,2,1,2,1,3	71.804452	0.026119	0.105872	0.314270	0.147198	0.310056	0.096486	0.024040	0.358029	0.117142	0.028211	0.056259	0.416321	0.026119	0.105872	0.314270	0.147198	0.310056	0.096486	0.024040	0.358029	0.117142	0.028211	0.056259	0.416321	0.026119	0.105872	0.314270	0.147198	0.310056	0.096486	0.031699	0.119129	0.281537	0.142757	0.228588	0.196289	1,2,3,4,5,1	70.999894	0.608516	0.619793	0.718981	2.251899	2.288397	0.608516	
834000	-118217	1,1,2,3,4,5	70.676306	4.952995	4.952995	5.123581	5.932918	5.512726	5.478492	1,2,3,4,1,5	72.187998	0.573791	0.030266	0.310254	0.085688	0.222122	0.234731	0.239938	0.303209	0.046738	0.537293	0.166174	0.249795	0.028375	0.270792	0.079143	0.621690	0.573791	0.030266	0.310254	0.085688	0.148295	0.112948	0.298911	0.439846	1,1,2,3,4,4	71.470145	0.148879	0.131201	0.285534	0.041336	0.168800	0.224251	0.148879	0.131201	0.285534	0.041336	0.168800	0.224251	0.000907	0.273854	0.031180	0.241886	0.143518	0.308655	0.370216	0.074661	0.188805	0.230535	0.020589	0.115194	0.049111	0.239076	0.328193	0.204007	0.151035	0.028578	0.049111	0.239076	0.328193	0.204007	0.151035	0.028578	1,1,2,3,4,5	70.998199	0.573386	0.573386	0.589045	3.348055	2.510590	0.466532	
835000	-123817	1,2,3,1,4,1	71.353680	4.817026	5.694798	7.057459	4.817026	5.305542	4.817026	1,2,3,1,4,5	71.929701	0.501354	0.062625	0.178513	0.257508	0.337436	0.296900	0.114437	0.251227	0.011104	0.401545	0.404779	0.182571	0.501354	0.062625	0.178513	0.257508	0.656689	0.038508	0.122094	0.182709	0.273243	0.368984	0.272720	0.085053	1,2,3,4,2,2	70.873024	0.142501	0.135470	0.236273	0.365170	0.101635	0.018952	0.158341	0.227921	0.249843	0.129783	0.103983	0.130129	0.103809	0.034314	0.227830	0.019715	0.591984	0.022347	0.274164	0.018493	0.199093	0.118495	0.179566	0.210189	0.158341	0.227921	0.249843	0.129783	0.103983	0.130129	0.158341	0.227921	0.249843	0.129783	0.103983	0.130129	1,2,3,4,5,1	71.515467	0.478738	0.713351	0.343109	1.152400	2.536131	0.478738	
836000	-116522	1,1,2,3,4,5	72.337016	4.839271	4.839271	5.957089	4.755198	5.552513	4.840759	1,2,3,4,5,6	69.590315	0.419503	0.137357	0.376416	0.066724	0.259279	0.429341	0.057046	0.254334	0.049140	0.429633	0.262749	0.258478	0.065298	0.032319	0.032992	0.869391	0.488619	0.223368	0.136791	0.151222	0.130395	0.444949	0.218621	0.206035	1,2,3,4,3,3	69.949293	0.120393	0.238984	0.153703	0.103204	0.250218	0.133498	0.049705	0.182762	0.268595	0.126817	0.199530	0.172590	0.017248	0.333832	0.345491	0.118614	0.080890	0.103925	0.015699	0.011892	0.705381	0.005397	0.008665	0.252965	0.017248	0.333832	0.345491	0.118614	0.080890	0.103925	0.017248	0.333832	0.345491	0.118614	0.080890	0.103925	1,1,2,3,4,5	71.426249	0.618592	0.618592	0.649439	2.087102	2.517336	0.637476	
837000	-118026	1,2,3,4,5,6	73.272265	4.182431	5.632063	4.930668	5.100331	5.332175	5.864293	1,2,2,3,4,5	72.031301	0.696551	0.008664	0.168315	0.126471	0.196741	0.399706	0.161462	0.242091	0.196741	0.399706	0.161462	0.242091	0.208796	0.136094	0.072899	0.582210	0.683198	0.030834	0.132193	0.153774	0.082904	0.207679	0.560696	0.148721	1,1,2,3,1,1	72.122198	0.190526	0.256068	0.306165	0.046120	0.087359	0.113761	0.190526	0.256068	0.306165	0.046120	0.087359	0.113761	0.004971	0.121666	0.013363	0.701637	0.148513	0.009849	0.438176	0.043883	0.029214	0.100672	0.003586	0.384469	0.190526	0.256068	0.306165	0.046120	0.087359	0.113761	0.190526	0.256068	0.306165	0.046120	0.087359	0.113761	1,2,3,4,5,3	72.011493	0.614874	0.563172	0.557021	1.440704	1.985856	0.557021	
838000	-117296	1,1,1,2,3,1	70.896828	4.686998	4.686998	4.686998	5.656637	5.659175	4.686998	1,2,3,2,4,5	71.274026	0.373054	0.011847	0.519513	0.095586	0.162461	0.123855	0.077648	0.636036	0.184149	0.666848	0.129871	0.019132	0.162461	0.123855	0.077648	0.636036	0.446234	0.099379	0.367042	0.087345	0.181056	0.109697	0.560504	0.148743	1,2,3,4,2,1	71.622391	0.078881	0.142313	0.232151	0.158022	0.320781	0.067852	0.072060	0.160238	0.276822	0.252345	0.152923	0.085612	0.006333	0.050294	0.076602	0.336567	0.390214	0.139990	0.052720	0.435496	0.080503	0.026189	0.057154	0.347939	0.072060	0.160238	0.276822	0.252345	0.152923	0.085612	0.078881	0.142313	0.232151	0.158022	0.320781	0.067852	1,1,2,3,3,4	70.193410	0.576371	0.576371	0.588426	1.902230	1.902230	0.594283	
839000	-119045	1,1,2,3,4,5	71.880848	4.379377	4.379377	5.321014	5.281939	4.772218	5.340043	1,2,3,4,1,5	71.129863	0.352435	0.019175	0.453298	0.175092	0.092643	0.519275	0.017621	0.370461	0.134056	0.349986	0.380931	0.135027	0.176697	0.402539	0.174133	0.246631	0.352435	0.019175	0.453298	0.175092	0.084746	0.154460	0.512991	0.247803	1,2,3,4,2,2	70.803282	0.109025	0.322320	0.234645	0.141919	0.060748	0.131343	0.135851	0.197242	0.346310	0.051503	0.192303	0.076792	0.017739	0.018458	0.177153	0.233128	0.374873	0.178648	0.066159	0.196083	0.487703	0.019842	0.033574	0.196638	0.135851	0.197242	0.346310	0.051503	0.192303	0.076792	0.135851	0.197242	0.346310	0.051503	0.192303	0.076792	1,2,3,4,4,5	70.543073	0.563568	0.640210	0.575531	2.092983	2.092983	0.582350	
840000	-118910	1,2,3,2,4,5	70.638073	5.626757	4.308692	5.094366	4.308692	5.097220	6.136146	1,2,3,4,1,5	72.482868	0.311287	0.125091	0.362160	0.201462	0.181111	0.398804	0.207714	0.212372	0.040721	0.440341	0.486979	0.031959	0.398133	0.001356	0.248995	0.351515	0.311287	0.125091	0.362160	0.201462	0.086343	0.131812	0.507441	0.274404	1,2,3,4,5,5	71.763060	0.245141	0.097486	0.131029	0.372095	0.039278	0.114970	0.164535	0.037107	0.201888	0.021451	0.375577	0.199442	0.012245	0.022400	0.515502	0.060011	0.259031	0.130811	0.135776	0.003884	0.102825	0.281933	0.153533	0.322050	0.036745	0.267532	0.362545	0.121843	0.132008	0.079326	0.036745	0.267532	0.362545	0.121843	0.132008	0.079326	1,2,1,3,4,1	70.835410	0.600968	0.636996	0.600968	1.605831	1.738956	0.600968	
841000	-117708	1,2,3,1,2,4	70.997934	4.166321	5.168614	5.774166	4.166321	5.168614	6.096392	1,2,3,4,4,2	73.220525	0.353397	0.182621	0.439367	0.024615	0.209102	0.302310	0.243704	0.244883	0.047721	0.521842	0.208900	0.221537	0.447121	0.032553	0.115181	0.405146	0.447121	0.032553	0.115181	0.405146	0.209102	0.302310	0.243704	0.244883	1,2,3,3,4,4	70.569005	0.069916	0.245624	0.281737	0.149414	0.007466	0.245843	0.022176	0.137937	0.278253	0.047736	0.483416	0.030483	0.008466	0.015429	0.205499	0.249915	0.131339	0.389352	0.008466	0.015429	0.205499	0.249915	0.131339	0.389352	0.142240	0.405249	0.184427	0.120582	0.065395	0.082107	0.142240	0.405249	0.184427	0.120582	0.065395	0.082107	1,1,1,2,2,1	70.451177	0.612644	0.612644	0.612644	1.808014	1.808014	0.612644	
842000	-116849	1,2,3,4,5,6	71.492894	4.759321	5.125987	6.351191	6.352894	5.392670	5.570778	1,2,3,4,1,3	70.835791	0.521062	0.021214	0.326573	0.131151	0.339703	0.274420	0.022519	0.363359	0.077721	0.353838	0.456086	0.112354	0.321412	0.142043	0.085149	0.451397	0.521062	0.021214	0.326573	0.131151	0.077721	0.353838	0.456086	0.112354	1,2,3,4,5,5	71.331310	0.240631	0.129112	0.297283	0.101316	0.112230	0.119428	0.092700	0.204310	0.076533	0.003183	0.151221	0.472053	0.005620	0.363734	0.167784	0.194073	0.190740	0.078049	0.026217	0.050179	0.215762	0.200854	0.013846	0.493142	0.039372	0.251673	0.368604	0.104285	0.126590	0.109475	0.039372	0.251673	0.368604	0.104285	0.126590	0.109475	1,2,1,3,4,2	72.379537	0.509815	0.611628	0.509815	2.282733	2.154361	0.611628	
843000	-115988	1,2,3,4,5,6	72.050771	4.639689	6.193111	5.787576	5.507665	5.044750	6.461410	1,2,3,4,5,6	71.321492	0.190551	0.073771	0.518424	0.217255	0.244893	0.144621	0.088278	0.522208	0.051768	0.718990	0.155528	0.073714	0.260098	0.031298	0.180129	0.528475	0.722098	0.015923	0.144278	0.117700	0.092401	0.179752	0.375295	0.352552	1,2,3,4,3,1	70.661798	0.229286	0.349768	0.228834	0.046806	0.102596	0.042710	0.077349	0.230224	0.360639	0.032267	0.124788	0.174734	0.063702	0.142488	0.153370	0.203437	0.341998	0.095006	0.121742	0.074117	0.118466	0.443746	0.062346	0.179584	0.063702	0.142488	0.153370	0.203437	0.341998	0.095006	0.229286	0.349768	0.228834	0.046806	0.102596	0.042710	1,2,1,3,4,2	72.178233	0.687049	0.683780	0.687049	2.000842	1.893223	0.683780	
844000	-118222	1,1,2,1,3,4	71.405903	4.942505	4.942505	5.568844	4.942505	5.592961	5.147854	1,2,3,4,5,3	72.374354	0.340959	0.027678	0.377817	0.253546	0.409038	0.201414	0.221116	0.168432	0.113524	0.514001	0.212213	0.160261	0.210825	0.070244	0.281150	0.437781	0.457904	0.091799	0.137652	0.312645	0.113524	0.514001	0.212213	0.160261	1,2,3,4,1,1	72.401923	0.082803	0.334882	0.309603	0.081911	0.080656	0.110146	0.056863	0.072670	0.064187	0.145133	0.360761	0.300386	0.148123	0.191031	0.143458	0.195126	0.239051	0.083211	0.051119	0.139581	0.306565	0.270137	0.050333	0.182264	0.082803	0.334882	0.309603	0.081911	0.080656	0.110146	0.082803	0.334882	0.309603	0.081911	0.080656	0.110146	1,2,1,3,3,2	71.369167	0.589574	0.591451	0.589574	2.035981	2.035981	0.591451	
845000	-116237	1,2,1,3,4,5	72.007737	5.250427	5.357953	5.250427	5.752021	5.429653	5.766817	1,2,3,4,1,5	70.667688	0.519704	0.072148	0.290850	0.117298	0.110158	0.342056	0.142987	0.404800	0.157437	0.367946	0.460965	0.013652	0.216513	0.118145	0.085580	0.579762	0.519704	0.072148	0.290850	0.117298	0.060643	0.431804	0.366844	0.140708	1,2,3,4,5,1	71.834745	0.093925	0.254405	0.401916	0.111976	0.027801	0.109976	0.023241	0.140778	0.375498	0.039705	0.258759	0.162018	0.065589	0.069709	0.079149	0.104389	0.539380	0.141785	0.200414	0.297109	0.094398	0.117457	0.021200	0.269422	0.066155	0.152904	0.203719	0.086490	0.446533	0.044198	0.093925	0.254405	0.401916	0.111976	0.027801	0.109976	1,2,3,4,5,6	71.977152	0.586638	0.682090	0.676354	2.570256	2.099296	0.658470	
846000	-117012	1,2,3,4,5,6	70.846313	4.875314	5.282016	5.873354	4.808525	5.451907	6.097263	1,2,3,4,1,2	70.458418	0.493804	0.016056	0.303248	0.186892	0.105220	0.258611	0.347969	0.288200	0.001816	0.596345	0.180851	0.220988	0.045896	0.024110	0.321726	0.608267	0.493804	0.016056	0.303248	0.186892	0.105220	0.258611	0.347969	0.288200	1,2,3,4,2,5	70.976657	0.074382	0.137500	0.077690	0.498246	0.161915	0.050267	0.064974	0.119950	0.148568	0.157346	0.415529	0.093633	0.017834	0.070940	0.162700	0.159606	0.415027	0.173895	0.202450	0.192768	0.307002	0.091994	0.046372	0.159414	0.064974	0.119950	0.148568	0.157346	0.415529	0.093633	0.078841	0.374828	0.263059	0.124687	0.108225	0.050360	1,1,2,3,4,5	73.637856	0.540480	0.540480	0.937144	1.659747	2.516988	0.598021	
847000	-116035	1,2,2,1,2,2	70.163185	4.910598	4.971035	4.971035	4.910598	4.971035	4.971035	1,2,3,4,2,5	69.606903	0.425015	0.003794	0.516823	0.054367	0.261812	0.340338	0.126138	0.271711	0.043465	0.620561	0.155850	0.180124	0.121982	0.356927	0.073151	0.447939	0.261812	0.340338	0.126138	0.271711	0.150480	0.330032	0.299182	0.220305	1,2,3,4,5,6	71.527346	0.345102	0.068425	0.107116	0.407471	0.027214	0.044673	0.007196	0.323289	0.259963	0.022639	0.134841	0.252073	0.037394	0.182397	0.268254	0.320365	0.117322	0.074268	0.058405	0.032544	0.298442	0.170010	0.035633	0.404966	0.007988	0.490866	0.225749	0.087933	0.129853	0.057611	0.157430	0.296040	0.178314	0.217070	0.057614	0.093531	1,2,3,4,5,6	72.000229	0.527589	0.575176	0.594356	2.146703	2.469864	0.389204	
848000	-117036	1,2,1,1,3,4	72.107971	4.675051	5.568534	4.675051	4.675051	5.693141	6.294767	1,2,3,4,1,3	71.759159	0.566052	0.050936	0.218788	0.164224	0.130181	0.251716	0.161326	0.456777	0.070710	0.393536	0.300724	0.235030	0.382186	0.072466	0.043320	0.502028	0.566052	0.050936	0.218788	0.164224	0.070710	0.393536	0.300724	0.235030	1,2,3,4,1,2	70.300382	0.052059	0.150673	0.170507	0.288150	0.280795	0.057815	0.105080	0.238810	0.446254	0.039922	0.103204	0.066729	0.057612	0.007360	0.275147	0.290599	0.327315	0.041967	0.003410	0.209746	0.125737	0.002193	0.304193	0.354722	0.052059	0.150673	0.170507	0.288150	0.280795	0.057815	0.105080	0.238810	0.446254	0.039922	0.103204	0.066729	1,2,1,3,3,1	71.579055	0.632860	0.601289	0.632860	2.271138	2.271138	0.632860	
849000	-118287	1,2,3,1,4,5	71.949692	5.079017	5.173281	5.700757	5.079017	5.999847	7.047999	1,2,3,2,4,5	71.055025	0.521237	0.068178	0.342823	0.067762	0.248552	0.227678	0.095977	0.427793	0.135329	0.446281	0.265273	0.153117	0.248552	0.227678	0.095977	0.427793	0.637860	0.003545	0.064618	0.293977	0.263668	0.258795	0.259312	0.218224	1,1,2,3,1,1	72.742545	0.039776	0.311030	0.199271	0.136346	0.230834	0.082743	0.039776	0.311030	0.199271	0.136346	0.230834	0.082743	0.164002	0.045418	0.162015	0.339237	0.216061	0.073267	0.005839	0.044160	0.118630	0.269160	0.132218	0.429993	0.039776	0.311030	0.199271	0.136346	0.230834	0.082743	0.039776	0.311030	0.199271	0.136346	0.230834	0.082743	1,2,3,4,5,1	72.055374	0.586694	0.620005	0.580926	1.418589	2.895633	0.586694	
850000	-116022	1,2,3,4,5,5	71.079120	4.620298	5.617649	5.525384	4.609461	5.185648	5.185648	1,2,3,4,1,3	72.611535	0.432133	0.140195	0.243631	0.184040	0.294623	0.270245	0.095720	0.339411	0.058064	0.495135	0.318611	0.128189	0.267664	0.108482	0.105467	0.518388	0.432133	0.140195	0.243631	0.184040	0.058064	0.495135	0.318611	0.128189	1,2,3,4,1,1	71.045299	0.051112	0.320505	0.446523	0.057805	0.048673	0.075383	0.056467	0.036020	0.317322	0.099985	0.344145	0.146061	0.088137	0.140161	0.172037	0.240166	0.270127	0.089373	0.049240	0.019326	0.462516	0.108644	0.000629	0.359645	0.051112	0.320505	0.446523	0.057805	0.048673	0.075383	0.051112	0.320505	0.446523	0.057805	0.048673	0.075383	1,1,1,2,3,4	71.530233	0.590881	0.590881	0.590881	2.128912	2.062897	0.605867	
851000	-121402	1,2,2,1,3,4	71.599371	4.713474	5.417306	5.417306	4.713474	6.572108	5.594235	1,2,3,4,5,3	71.385607	0.666227	0.021851	0.298507	0.013415	0.196265	0.333867	0.098998	0.370870	0.156980	0.403679	0.298178	0.141162	0.016952	0.009415	0.568476	0.405157	0.392368	0.132301	0.300922	0.174409	0.156980	0.403679	0.298178	0.141162	1,1,2,3,4,1	71.524763	0.032348	0.115501	0.371459	0.070005	0.228475	0.182212	0.032348	0.115501	0.371459	0.070005	0.228475	0.182212	0.132227	0.222139	0.092498	0.191656	0.281870	0.079609	0.024579	0.001607	0.175383	0.081671	0.448484	0.268277	0.045341	0.284800	0.130682	0.396092	0.123042	0.020044	0.032348	0.115501	0.371459	0.070005	0.228475	0.182212	1,2,3,4,5,3	70.234431	0.582559	0.596315	0.637156	2.125569	2.157854	0.637156	
852000	-118157	1,2,3,4,2,5	70.569616	5.040296	5.165491	5.113102	5.812827	5.165491	6.414066	1,2,3,4,5,3	69.835487	0.311607	0.315048	0.225039	0.148306	0.111777	0.517976	0.168197	0.202050	0.060814	0.462369	0.287918	0.188899	0.135043	0.239186	0.140507	0.485265	0.374176	0.059384	0.388755	0.177685	0.060814	0.462369	0.287918	0.188899	1,1,2,3,1,4	71.706878	0.019196	0.207341	0.476137	0.028277	0.263291	0.005758	0.019196	0.207341	0.476137	0.028277	0.263291	0.005758	0.037889	0.193130	0.114874	0.275004	0.318632	0.060470	0.188665	0.483805	0.092735	0.027041	0.006393	0.201362	0.019196	0.207341	0.476137	0.028277	0.263291	0.005758	0.063999	0.278496	0.243241	0.182227	0.054550	0.177486	1,1,1,2,3,4	72.190292	0.600827	0.600827	0.600827	2.291614	1.808916	0.733898	
853000	-116216	1,2,1,3,4,3	70.741244	4.870611	5.883305	4.870611	5.082675	5.093214	5.082675	1,2,3,4,5,6	70.303792	0.385425	0.059127	0.406820	0.148629	0.200732	0.274575	0.081652	0.443041	0.193373	0.559874	0.084958	0.161794	0.078856	0.066738	0.276871	0.577534	0.562708	0.117074	0.225942	0.094276	0.036608	0.239328	0.527188	0.196877	1,1,2,3,1,4	72.329730	0.043758	0.256130	0.399656	0.067807	0.156315	0.076335	0.043758	0.256130	0.399656	0.067807	0.156315	0.076335	0.000371	0.075127	0.099203	0.573328	0.125518	0.126453	0.023015	0.043845	0.413319	0.011002	0.178117	0.330701	0.043758	0.256130	0.399656	0.067807	0.156315	0.076335	0.269650	0.141679	0.295799	0.088957	0.085050	0.118865	1,2,1,3,4,1	71.878779	0.601523	0.604297	0.601523	2.192492	2.149354	0.601523	
854000	-116837	1,1,1,1,2,3	71.995422	4.832833	4.832833	4.832833	4.832833	5.736595	5.415751	1,2,3,4,1,3	68.972653	0.472935	0.040485	0.359879	0.126701	0.123632	0.272654	0.060889	0.542825	0.130394	0.451834	0.156923	0.260849	0.064256	0.118394	0.373162	0.444188	0.472935	0.040485	0.359879	0.126701	0.130394	0.451834	0.156923	0.260849	1,2,3,1,4,1	70.897303	0.133578	0.251174	0.327142	0.091561	0.015488	0.181057	0.113772	0.162121	0.369835	0.149951	0.117307	0.087015	0.024443	0.076942	0.303709	0.370017	0.173636	0.051253	0.133578	0.251174	0.327142	0.091561	0.015488	0.181057	0.090907	0.246849	0.216060	0.026354	0.400119	0.019712	0.133578	0.251174	0.327142	0.091561	0.015488	0.181057	1,2,3,4,5,1	71.864622	0.634258	0.609731	0.623536	2.499775	2.077429	0.634258	
855000	-117370	1,1,1,2,3,4	71.421632	3.854615	3.854615	3.854615	5.576869	5.611299	6.550869	1,2,3,4,1,3	71.421612	0.446092	0.045320	0.342663	0.165925	0.438976	0.341483	0.103702	0.115839	0.068869	0.257098	0.358069	0.315964	0.146958	0.144445	0.077322	0.631275	0.446092	0.045320	0.342663	0.165925	0.068869	0.257098	0.358069	0.315964	1,2,3,2,1,1	71.747047	0.201802	0.253588	0.258284	0.210106	0.038070	0.038149	0.017115	0.208152	0.206009	0.121501	0.106660	0.340562	0.006845	0.019899	0.314485	0.390179	0.201559	0.067032	0.017115	0.208152	0.206009	0.121501	0.106660	0.340562	0.201802	0.253588	0.258284	0.210106	0.038070	0.038149	0.201802	0.253588	0.258284	0.210106	0.038070	0.038149	1,2,2,3,4,5	70.919019	0.471400	0.764690	0.764690	2.538260	2.038647	0.605743	
856000	-120912	1,2,1,1,2,2	72.099090	4.399907	4.819622	4.399907	4.399907	4.819622	4.819622	1,2,3,2,4,2	70.594169	0.345093	0.089776	0.376835	0.188296	0.072554	0.322184	0.273743	0.331519	0.415689	0.276313	0.158693	0.149305	0.072554	0.322184	0.273743	0.331519	0.413804	0.254461	0.172060	0.159675	0.072554	0.322184	0.273743	0.331519	1,2,3,4,5,1	70.862275	0.121178	0.326482	0.328349	0.114884	0.024095	0.085012	0.122260	0.209002	0.157110	0.013180	0.247106	0.251342	0.000697	0.005821	0.078670	0.032636	0.131404	0.750772	0.091644	0.054279	0.525341	0.050231	0.018256	0.260248	0.008774	0.348766	0.452978	0.054713	0.085044	0.049725	0.121178	0.326482	0.328349	0.114884	0.024095	0.085012	1,1,2,3,4,5	72.524126	0.586688	0.586688	0.284006	1.774243	2.341662	0.522755	
857000	-116372	1,1,1,2,3,4	69.765535	4.210170	4.210170	4.210170	5.489703	5.742580	5.166264	1,2,3,4,1,5	71.385016	0.590564	0.032702	0.199560	0.177173	0.045843	0.299998	0.181773	0.472386	0.057772	0.721335	0.072828	0.148065	0.134375	0.018041	0.027208	0.820376	0.590564	0.032702	0.199560	0.177173	0.150155	0.413563	0.177536	0.258747	1,2,3,4,5,1	72.546952	0.129142	0.270728	0.240047	0.178692	0.072253	0.109139	0.244797	0.211054	0.272057	0.087716	0.115531	0.068845	0.033922	0.236779	0.243622	0.255965	0.192811	0.036902	0.005626	0.030143	0.098738	0.268652	0.285379	0.311462	0.033280	0.284180	0.205740	0.126409	0.243237	0.107155	0.129142	0.270728	0.240047	0.178692	0.072253	0.109139	1,2,2,3,4,2	72.912247	0.461316	0.628995	0.628995	1.870275	1.885610	0.628995	
858000	-118430	1,2,3,3,4,5	70.834914	5.382621	5.896023	4.318075	4.318075	5.617948	5.670267	1,2,3,4,1,5	73.533399	0.499060	0.026799	0.296660	0.177481	0.197614	0.379086	0.070174	0.353126	0.046324	0.305332	0.535894	0.112450	0.105636	0.291910	0.062161	0.540293	0.499060	0.026799	0.296660	0.177481	0.214216	0.337890	0.183647	0.264247	1,2,3,2,4,5	69.474737	0.115121	0.146002	0.155192	0.046667	0.456284	0.080734	0.110230	0.110728	0.190624	0.054697	0.179174	0.354547	0.014797	0.071831	0.009435	0.407697	0.276022	0.220219	0.110230	0.110728	0.190624	0.054697	0.179174	0.354547	0.064559	0.155068	0.167172	0.022149	0.569853	0.021199	0.019983	0.106670	0.137216	0.211426	0.246457	0.278248	1,1,2,3,3,1	70.891586	0.709888	0.709888	0.617956	2.336523	2.336523	0.709888	
859000	-120172	1,2,3,1,3,1	71.322802	5.006673	5.301577	5.472993	5.006673	5.472993	5.006673	1,2,3,2,4,5	69.354496	0.640924	0.177422	0.162342	0.019312	0.241766	0.246351	0.099677	0.412206	0.158508	0.721122	0.103143	0.017227	0.241766	0.246351	0.099677	0.412206	0.649640	0.030668	0.184439	0.135253	0.244403	0.349590	0.186863	0.219144	1,1,2,3,1,3	70.569620	0.082802	0.234862	0.315075	0.070333	0.177784	0.119143	0.082802	0.234862	0.315075	0.070333	0.177784	0.119143	0.038987	0.021511	0.014552	0.325707	0.040108	0.559135	0.042146	0.224992	0.286722	0.185005	0.053633	0.207501	0.082802	0.234862	0.315075	0.070333	0.177784	0.119143	0.042146	0.224992	0.286722	0.185005	0.053633	0.207501	1,1,2,3,3,1	70.832709	0.631218	0.631218	0.525857	2.303490	2.303490	0.631218	
860000	-116548	1,2,3,1,4,1	71.958324	4.735357	5.186138	5.944069	4.735357	5.228447	4.735357	1,2,3,4,1,3	72.689191	0.631108	0.062504	0.224699	0.081690	0.300039	0.183151	0.132358	0.384452	0.120233	0.458350	0.340561	0.080855	0.049455	0.006770	0.012431	0.931344	0.631108	0.062504	0.224699	0.081690	0.120233	0.458350	0.340561	0.080855	1,2,2,1,2,1	73.176430	0.050647	0.200554	0.283691	0.123757	0.097334	0.244017	0.042601	0.129260	0.283183	0.129666	0.305528	0.109762	0.042601	0.129260	0.283183	0.129666	0.305528	0.109762	0.050647	0.200554	0.283691	0.123757	0.097334	0.244017	0.042601	0.129260	0.283183	0.129666	0.305528	0.109762	0.050647	0.200554	0.283691	0.123757	0.097334	0.244017	1,2,1,3,4,5	72.326702	0.622528	0.600276	0.622528	2.090014	1.699127	0.646456	
861000	-116364	1,1,2,3,4,5	73.017797	4.055601	4.055601	5.817526	5.317106	5.739849	5.543139	1,2,3,4,5,3	71.448823	0.402562	0.034922	0.264629	0.297888	0.243899	0.501182	0.052645	0.202273	0.074962	0.458073	0.373230	0.093735	0.057369	0.044522	0.065370	0.832740	0.596030	0.001743	0.198635	0.203592	0.074962	0.458073	0.373230	0.093735	1,2,1,3,1,2	72.549924	0.071759	0.127939	0.118205	0.226871	0.389947	0.065279	0.063033	0.352246	0.096350	0.070305	0.115002	0.303063	0.071759	0.127939	0.118205	0.226871	0.389947	0.065279	0.000229	0.196482	0.287094	0.092960	0.252768	0.170466	0.071759	0.127939	0.118205	0.226871	0.389947	0.065279	0.063033	0.352246	0.096350	0.070305	0.115002	0.303063	1,2,3,4,5,2	72.195193	0.497123	0.634375	0.625858	2.893260	2.430167	0.634375	
862000	-117145	1,2,1,3,4,3	71.116118	4.733539	5.409134	4.733539	5.675630	5.337337	5.675630	1,2,3,4,5,3	69.783092	0.367238	0.057753	0.391714	0.183296	0.401796	0.259365	0.029394	0.309445	0.161365	0.306679	0.300407	0.231548	0.239327	0.025572	0.140292	0.594809	0.655796	0.119385	0.148256	0.076563	0.161365	0.306679	0.300407	0.231548	1,2,1,2,3,4	70.687823	0.013196	0.195732	0.190958	0.301144	0.177266	0.121703	0.022910	0.083456	0.294671	0.069166	0.275012	0.254786	0.013196	0.195732	0.190958	0.301144	0.177266	0.121703	0.022910	0.083456	0.294671	0.069166	0.275012	0.254786	0.004788	0.274803	0.185175	0.145604	0.200673	0.188958	0.132584	0.242192	0.111228	0.187321	0.228917	0.097758	1,1,1,2,2,1	70.756504	0.633790	0.633790	0.633790	1.907797	1.907797	0.633790	
863000	-115016	1,2,3,4,5,3	72.692559	5.380330	5.371634	5.197605	5.762383	5.462246	5.197605	1,2,3,4,5,3	71.264847	0.284810	0.127997	0.528296	0.058897	0.164826	0.328347	0.129219	0.377608	0.125544	0.422023	0.262420	0.190014	0.078781	0.016793	0.037938	0.866487	0.575651	0.044137	0.234542	0.145669	0.125544	0.422023	0.262420	0.190014	1,1,2,3,1,1	72.049595	0.036774	0.324031	0.293826	0.099127	0.118119	0.128123	0.036774	0.324031	0.293826	0.099127	0.118119	0.128123	0.099347	0.177871	0.192314	0.373109	0.152160	0.005199	0.303049	0.173915	0.265417	0.010811	0.038279	0.208530	0.036774	0.324031	0.293826	0.099127	0.118119	0.128123	0.036774	0.324031	0.293826	0.099127	0.118119	0.128123	1,1,2,3,3,4	72.130793	0.608868	0.608868	0.567663	2.633723	2.633723	0.610367	
864000	-119485	1,2,2,3,4,5	72.000828	5.050540	4.468078	4.468078	5.338234	5.932621	6.021443	1,2,2,3,1,2	71.448160	0.559487	0.005982	0.287719	0.146813	0.106656	0.265107	0.256081	0.372156	0.106656	0.265107	0.256081	0.372156	0.054449	0.397475	0.077303	0.470774	0.559487	0.005982	0.287719	0.146813	0.106656	0.265107	0.256081	0.372156	1,1,2,3,4,1	71.119688	0.163399	0.232661	0.233132	0.173413	0.139504	0.057891	0.163399	0.232661	0.233132	0.173413	0.139504	0.057891	0.148799	0.125548	0.241682	0.451619	0.027520	0.004832	0.026535	0.382813	0.070665	0.298782	0.002919	0.218285	0.004510	0.228897	0.140716	0.031834	0.568296	0.025747	0.163399	0.232661	0.233132	0.173413	0.139504	0.057891	1,2,2,3,4,5	71.921139	0.630078	0.646335	0.646335	2.382626	2.768662	0.533191	
865000	-117798	1,2,3,4,2,5	72.026885	4.396090	5.166679	5.291160	5.612253	5.166679	6.252663	1,2,3,4,1,2	70.939909	0.283643	0.065516	0.441968	0.208874	0.164855	0.254293	0.258316	0.322536	0.060916	0.411143	0.291863	0.236078	0.047231	0.287303	0.114740	0.550727	0.283643	0.065516	0.441968	0.208874	0.164855	0.254293	0.258316	0.322536	1,2,3,2,2,1	70.504125	0.075198	0.303027	0.159596	0.211017	0.074329	0.176833	0.118399	0.194855	0.401943	0.037077	0.105205	0.142521	0.007310	0.015255	0.006656	0.706239	0.233588	0.030952	0.118399	0.194855	0.401943	0.037077	0.105205	0.142521	0.118399	0.194855	0.401943	0.037077	0.105205	0.142521	0.075198	0.303027	0.159596	0.211017	0.074329	0.176833	1,2,2,3,4,5	70.515930	0.578475	0.605058	0.605058	2.664511	2.062922	0.684514	
866000	-116099	1,2,1,3,4,5	70.753113	4.308082	5.887325	4.308082	5.540336	5.692962	5.680099	1,2,3,4,5,6	71.510907	0.359875	0.039381	0.378795	0.221949	0.167275	0.229255	0.201697	0.401772	0.051837	0.401242	0.174696	0.372225	0.116836	0.102376	0.152086	0.628702	0.440271	0.069606	0.162992	0.327131	0.225173	0.316691	0.191462	0.266674	1,2,3,4,5,6	72.572665	0.114048	0.227641	0.262482	0.256896	0.026560	0.112374	0.031822	0.124195	0.526475	0.040936	0.163685	0.112887	0.065676	0.089505	0.066394	0.535143	0.223321	0.019961	0.323786	0.019344	0.266713	0.077349	0.144602	0.168206	0.064570	0.371395	0.310686	0.013507	0.147479	0.092363	0.019964	0.344255	0.067620	0.287679	0.049443	0.231038	1,2,2,3,4,2	71.946967	0.552530	0.647626	0.647626	2.090442	2.519452	0.647626	
867000	-118999	1,2,3,1,3,4	70.432329	5.109256	5.108882	4.988692	5.109256	4.988692	5.344653	1,2,3,4,1,2	70.616020	0.537674	0.089821	0.312814	0.059692	0.096253	0.335252	0.239416	0.329079	0.133986	0.630846	0.157704	0.077464	0.361388	0.218239	0.061786	0.358587	0.537674	0.089821	0.312814	0.059692	0.096253	0.335252	0.239416	0.329079	1,2,3,4,1,5	71.149613	0.047023	0.151798	0.282548	0.168815	0.288972	0.060845	0.319831	0.049205	0.304523	0.004458	0.150841	0.171142	0.004886	0.085213	0.180280	0.246739	0.331136	0.151746	0.196113	0.065056	0.033946	0.024876	0.216198	0.463811	0.047023	0.151798	0.282548	0.168815	0.288972	0.060845	0.077046	0.347292	0.143492	0.195740	0.055479	0.180951	1,2,3,4,5,3	69.647451	0.563036	0.711899	0.608305	1.620891	1.708558	0.608305	
868000	-116303	1,2,3,4,5,6	71.517267	4.988171	5.642283	5.212495	6.199044	5.944666	6.222224	1,1,2,3,4,5	72.931364	0.198357	0.222766	0.260707	0.318170	0.198357	0.222766	0.260707	0.318170	0.162446	0.431291	0.267929	0.138334	0.109646	0.035094	0.214475	0.640785	0.635345	0.012121	0.203271	0.149263	0.076652	0.272081	0.204327	0.446939	1,2,3,4,5,1	71.547636	0.045047	0.633846	0.178444	0.078733	0.017234	0.046695	0.147457	0.077486	0.184887	0.046430	0.468914	0.074826	0.125059	0.009780	0.086213	0.354561	0.258573	0.165813	0.324911	0.020211	0.166457	0.277073	0.020739	0.190610	0.144922	0.159111	0.088163	0.115040	0.438830	0.053934	0.045047	0.633846	0.178444	0.078733	0.017234	0.046695	1,1,2,3,4,5	70.321170	0.676538	0.676538	0.590244	1.953838	2.417838	0.542193	
869000	-118865	1,1,2,3,4,2	71.297415	5.102213	5.102213	4.063809	5.781536	5.932990	4.063809	1,2,3,4,5,6	69.882158	0.418528	0.092619	0.322256	0.166598	0.126925	0.175200	0.071753	0.626122	0.052942	0.252490	0.580562	0.114006	0.197153	0.041586	0.059040	0.702221	0.299756	0.096591	0.243026	0.360627	0.437787	0.109507	0.319231	0.133475	1,2,3,2,1,4	70.168806	0.159864	0.217145	0.080907	0.128103	0.397900	0.016080	0.051138	0.133163	0.179376	0.027176	0.264860	0.344287	0.092544	0.094188	0.007738	0.150197	0.649225	0.006108	0.051138	0.133163	0.179376	0.027176	0.264860	0.344287	0.159864	0.217145	0.080907	0.128103	0.397900	0.016080	0.086265	0.034938	0.110856	0.236714	0.248383	0.282843	1,2,3,4,4,5	70.481327	0.543417	0.641223	0.626307	2.180928	2.180928	0.698022	
870000	-118205	1,2,3,4,5,1	71.147400	4.642806	4.961150	5.853501	5.185509	5.536074	4.642806	1,2,3,4,5,6	71.234945	0.388552	0.140195	0.372647	0.098606	0.436439	0.198983	0.123721	0.240857	0.052430	0.333154	0.425007	0.189409	0.112396	0.077958	0.352582	0.457064	0.590101	0.146756	0.098653	0.164490	0.172062	0.321542	0.293998	0.212398	1,2,3,4,2,5	72.638557	0.019453	0.446064	0.262302	0.059909	0.029049	0.183223	0.002970	0.185495	0.317953	0.027639	0.234035	0.231908	0.010674	0.013873	0.018524	0.326510	0.373921	0.256498	0.441127	0.077359	0.261895	0.115229	0.037559	0.066832	0.002970	0.185495	0.317953	0.027639	0.234035	0.231908	0.031781	0.071919	0.205008	0.094091	0.300142	0.297059	1,2,2,3,3,2	71.917150	0.537001	0.640794	0.640794	1.761144	1.761144	0.640794	
871000	-117730	1,1,1,2,3,4	71.087536	4.658461	4.658461	4.658461	5.882343	4.998531	6.514159	1,2,3,4,5,6	69.248303	0.418536	0.097604	0.416705	0.067154	0.092073	0.298676	0.186952	0.422298	0.148266	0.482590	0.308320	0.060824	0.051021	0.023976	0.119986	0.805017	0.558596	0.142212	0.134423	0.164769	0.063583	0.537201	0.220990	0.178225	1,2,3,4,2,1	71.791533	0.046540	0.294927	0.401695	0.117279	0.018587	0.120972	0.082591	0.307652	0.352007	0.039375	0.148657	0.069717	0.144224	0.254793	0.039673	0.265783	0.196252	0.099275	0.246976	0.116954	0.037926	0.025113	0.092247	0.480784	0.082591	0.307652	0.352007	0.039375	0.148657	0.069717	0.046540	0.294927	0.401695	0.117279	0.018587	0.120972	1,2,3,4,5,6	71.024267	0.605444	0.606538	0.587683	1.672961	2.499372	0.567309	
872000	-116492	1,2,3,2,4,2	70.163586	4.736701	4.841482	5.627542	4.841482	5.467036	4.841482	1,2,3,4,1,5	73.509731	0.430057	0.045021	0.357562	0.167359	0.148534	0.435060	0.107330	0.309076	0.029828	0.467555	0.433233	0.069384	0.171895	0.007655	0.378276	0.442174	0.430057	0.045021	0.357562	0.167359	0.037399	0.449928	0.211200	0.301473	1,2,3,2,1,1	70.563444	0.094466	0.247856	0.279309	0.101275	0.105785	0.171310	0.110643	0.115202	0.388245	0.044495	0.201809	0.139606	0.148487	0.066008	0.049320	0.201643	0.279085	0.255457	0.110643	0.115202	0.388245	0.044495	0.201809	0.139606	0.094466	0.247856	0.279309	0.101275	0.105785	0.171310	0.094466	0.247856	0.279309	0.101275	0.105785	0.171310	1,2,3,4,5,2	71.663121	0.621931	0.675821	0.579309	1.639200	2.584526	0.675821	
873000	-116168	1,2,3,4,2,5	71.770200	5.387028	4.456260	5.354425	5.170846	4.456260	6.473709	1,2,3,4,1,5	72.037104	0.475158	0.017668	0.459730	0.047445	0.138648	0.328213	0.056700	0.476440	0.061063	0.462995	0.333834	0.142109	0.208619	0.071575	0.026470	0.693336	0.475158	0.017668	0.459730	0.047445	0.101367	0.409369	0.262457	0.226807	1,2,3,4,1,4	71.545743	0.068704	0.110304	0.347584	0.122007	0.301536	0.049865	0.143584	0.229219	0.216255	0.038687	0.133748	0.238508	0.155278	0.101146	0.093266	0.284711	0.271302	0.094298	0.113495	0.478314	0.114934	0.075611	0.020154	0.197493	0.068704	0.110304	0.347584	0.122007	0.301536	0.049865	0.113495	0.478314	0.114934	0.075611	0.020154	0.197493	1,1,1,2,3,1	70.767595	0.617164	0.617164	0.617164	3.414026	1.568529	0.617164	
874000	-116712	1,2,1,1,3,4	69.471294	4.506766	5.604687	4.506766	4.506766	5.415036	6.073953	1,2,3,4,5,2	71.765400	0.168735	0.054598	0.690340	0.086328	0.134067	0.201198	0.269358	0.395377	0.140480	0.431407	0.279621	0.148493	0.051909	0.013583	0.464717	0.469791	0.576711	0.126687	0.130190	0.166412	0.134067	0.201198	0.269358	0.395377	1,2,3,2,4,5	70.847200	0.042689	0.094423	0.317782	0.097326	0.303745	0.144035	0.055401	0.038876	0.565842	0.000668	0.197665	0.141548	0.064559	0.066314	0.164948	0.431566	0.174524	0.098089	0.055401	0.038876	0.565842	0.000668	0.197665	0.141548	0.092417	0.264601	0.172992	0.172049	0.196624	0.101316	0.100190	0.305441	0.202780	0.303284	0.021721	0.066583	1,1,1,2,2,3	70.163116	0.594474	0.594474	0.594474	2.042048	2.042048	0.560335	
875000	-117772	1,2,1,3,4,5	71.506692	4.849214	5.080235	4.849214	5.689854	5.217084	5.796193	1,2,3,2,4,5	72.046047	0.437526	0.007859	0.438076	0.116539	0.175432	0.140936	0.112370	0.571262	0.061994	0.481176	0.092871	0.363959	0.175432	0.140936	0.112370	0.571262	0.564901	0.093672	0.249199	0.092229	0.129811	0.265185	0.400263	0.204741	1,1,2,3,1,4	71.403327	0.030531	0.317405	0.263835	0.048345	0.199041	0.140843	0.030531	0.317405	0.263835	0.048345	0.199041	0.140843	0.321342	0.329868	0.023860	0.208219	0.093920	0.022790	0.124875	0.171637	0.140111	0.320648	0.062509	0.180219	0.030531	0.317405	0.263835	0.048345	0.199041	0.140843	0.162007	0.216195	0.197896	0.189173	0.157993	0.076736	1,2,2,3,3,2	72.479278	0.414040	0.563165	0.563165	2.521432	2.521432	0.563165	
876000	-117285	1,2,3,4,1,1	72.100104	4.277986	5.212646	6.983841	5.989260	4.277986	4.277986	1,2,3,2,4,3	69.961205	0.213561	0.083145	0.598453	0.104840	0.133053	0.203423	0.132792	0.530732	0.022420	0.455970	0.395725	0.125884	0.133053	0.203423	0.132792	0.530732	0.205624	0.034427	0.411650	0.348299	0.022420	0.455970	0.395725	0.125884	1,1,2,3,1,4	70.636690	0.047223	0.293757	0.335512	0.053630	0.170881	0.098997	0.047223	0.293757	0.335512	0.053630	0.170881	0.098997	0.005988	0.285057	0.011944	0.158518	0.481832	0.056661	0.470403	0.022293	0.204915	0.037406	0.054379	0.210603	0.047223	0.293757	0.335512	0.053630	0.170881	0.098997	0.232152	0.188937	0.502664	0.020140	0.008546	0.047561	1,2,3,4,4,2	72.329972	0.715724	0.642570	0.601413	2.023638	2.023638	0.642570	
877000	-115202	1,2,1,3,4,4	71.731718	4.657567	5.602736	4.657567	5.027936	5.444133	5.444133	1,2,3,4,5,6	69.763658	0.379537	0.023016	0.264734	0.332712	0.136632	0.334081	0.200852	0.328435	0.163568	0.400884	0.339683	0.095866	0.129996	0.029740	0.122029	0.718235	0.503523	0.063892	0.126858	0.305726	0.128835	0.236445	0.447004	0.187715	1,2,3,4,5,6	71.616973	0.194083	0.349336	0.176868	0.233191	0.031076	0.015446	0.082384	0.355622	0.291031	0.011294	0.123244	0.136424	0.025181	0.129444	0.019150	0.403019	0.414899	0.008307	0.030404	0.219245	0.246654	0.011199	0.005192	0.487305	0.019464	0.491613	0.222476	0.091241	0.145482	0.029724	0.049153	0.235632	0.131839	0.365676	0.149110	0.068589	1,1,2,3,4,5	71.052084	0.669306	0.669306	0.550152	1.696007	2.357887	0.513421	
878000	-116397	1,1,1,2,3,4	71.882618	4.882119	4.882119	4.882119	6.016442	5.335342	6.473168	1,2,3,4,5,3	71.665857	0.328621	0.360877	0.220877	0.089625	0.235256	0.476848	0.065648	0.222249	0.048166	0.309911	0.449099	0.192824	0.038906	0.007749	0.183784	0.769560	0.370434	0.080258	0.187238	0.362070	0.048166	0.309911	0.449099	0.192824	1,2,3,4,5,5	71.522725	0.037701	0.203247	0.367242	0.049594	0.017749	0.324466	0.006305	0.118544	0.445074	0.127701	0.200662	0.101715	0.052513	0.136054	0.122593	0.203612	0.366524	0.118704	0.266746	0.012268	0.419985	0.004918	0.194286	0.101797	0.015225	0.545369	0.231803	0.091342	0.062193	0.054069	0.015225	0.545369	0.231803	0.091342	0.062193	0.054069	1,1,2,3,4,5	70.864888	0.650329	0.650329	0.639345	1.826697	2.289531	0.634350	
879000	-116201	1,1,2,3,3,4	71.489235	3.822477	3.822477	5.209566	5.020407	5.020407	5.885570	1,2,3,4,5,3	70.553592	0.220901	0.171753	0.368985	0.238360	0.092357	0.234961	0.138758	0.533925	0.106611	0.431384	0.267145	0.194860	0.141949	0.115604	0.131551	0.610896	0.484269	0.031084	0.097942	0.386704	0.106611	0.431384	0.267145	0.194860	1,2,3,4,3,1	71.265715	0.057309	0.406131	0.294482	0.099851	0.016277	0.125950	0.314109	0.240323	0.190994	0.018536	0.187554	0.048483	0.093867	0.209288	0.159676	0.263469	0.267083	0.006616	0.094789	0.018423	0.270159	0.065518	0.056234	0.494877	0.093867	0.209288	0.159676	0.263469	0.267083	0.006616	0.057309	0.406131	0.294482	0.099851	0.016277	0.125950	1,2,1,3,4,2	69.538565	0.602938	0.596276	0.602938	1.795122	2.291493	0.596276	
880000	-116211	1,2,3,1,2,4	71.148893	5.031127	5.021534	6.391552	5.031127	5.021534	6.808664	1,2,3,4,1,2	72.360977	0.516436	0.051431	0.339356	0.092778	0.152023	0.317550	0.166078	0.364349	0.075527	0.478053	0.346841	0.099579	0.188901	0.025895	0.374014	0.411190	0.516436	0.051431	0.339356	0.092778	0.152023	0.317550	0.166078	0.364349	1,1,2,3,1,4	70.992366	0.077495	0.195325	0.307776	0.119170	0.194155	0.106078	0.077495	0.195325	0.307776	0.119170	0.194155	0.106078	0.042117	0.081995	0.118344	0.207223	0.543294	0.007027	0.010694	0.211623	0.250431	0.203665	0.124124	0.199462	0.077495	0.195325	0.307776	0.119170	0.194155	0.106078	0.175812	0.427289	0.248556	0.095460	0.016896	0.035986	1,2,3,4,4,1	70.694180	0.601841	0.764062	0.590632	1.572478	1.572478	0.601841	
881000	-116613	1,2,2,3,4,5	69.845146	4.715486	5.010080	5.010080	5.838362	5.652647	5.776753	1,2,3,4,5,6	71.004982	0.373066	0.227252	0.321117	0.078565	0.159150	0.285984	0.204390	0.350476	0.142168	0.560696	0.216604	0.080532	0.046707	0.191427	0.197424	0.564442	0.463834	0.123342	0.327624	0.085200	0.101901	0.230307	0.399874	0.267917	1,2,3,1,4,2	71.593931	0.023371	0.303184	0.345301	0.081205	0.045737	0.201202	0.069305	0.237234	0.319251	0.142098	0.077205	0.154907	0.033587	0.052860	0.090691	0.136040	0.603315	0.083507	0.023371	0.303184	0.345301	0.081205	0.045737	0.201202	0.035532	0.238032	0.326523	0.114535	0.098460	0.186917	0.069305	0.237234	0.319251	0.142098	0.077205	0.154907	1,2,1,3,4,1	72.246684	0.634834	0.708116	0.634834	2.752896	2.235261	0.634834	
882000	-117877	1,2,1,3,4,5	72.218515	4.761618	5.206499	4.761618	5.963453	5.316614	5.911075	1,2,3,4,5,3	70.831930	0.589962	0.073914	0.250837	0.085287	0.118884	0.443259	0.023184	0.414673	0.102226	0.269409	0.526688	0.101676	0.144164	0.058516	0.247254	0.550066	0.414438	0.028742	0.431970	0.124850	0.102226	0.269409	0.526688	0.101676	1,2,3,4,3,1	70.545846	0.071021	0.262278	0.440932	0.069129	0.055162	0.101478	0.030636	0.165525	0.349542	0.050045	0.253304	0.150949	0.041523	0.144273	0.340836	0.187645	0.263361	0.022361	0.239985	0.156446	0.100245	0.023781	0.099899	0.379643	0.041523	0.144273	0.340836	0.187645	0.263361	0.022361	0.071021	0.262278	0.440932	0.069129	0.055162	0.101478	1,2,3,4,5,2	69.706520	0.546079	0.584453	0.692489	1.458532	1.800660	0.584453	
883000	-116485	1,1,2,1,3,3	73.753394	4.371395	4.371395	6.842727	4.371395	5.414849	5.414849	1,2,3,4,1,5	71.901750	0.491985	0.038929	0.331599	0.137487	0.504178	0.141307	0.070812	0.283703	0.019497	0.616571	0.297583	0.066349	0.136231	0.037165	0.464446	0.362158	0.491985	0.038929	0.331599	0.137487	0.227593	0.149297	0.435203	0.187907	1,2,3,4,3,5	72.382566	0.047800	0.193011	0.178070	0.190001	0.337508	0.053609	0.040485	0.059472	0.178596	0.107803	0.484009	0.129635	0.003025	0.134634	0.256795	0.119202	0.386965	0.099377	0.168481	0.096022	0.494796	0.127048	0.009766	0.103888	0.003025	0.134634	0.256795	0.119202	0.386965	0.099377	0.055179	0.095541	0.277413	0.295942	0.152197	0.123728	1,2,3,4,5,2	71.770034	0.613348	0.652972	0.601328	1.524264	2.123916	0.652972	
884000	-117247	1,2,3,4,5,6	72.395842	4.969804	6.050406	5.479601	5.773440	5.163251	5.903461	1,2,3,2,1,4	72.373666	0.340043	0.013752	0.460048	0.186157	0.183542	0.109093	0.096530	0.610835	0.022999	0.618490	0.189887	0.168624	0.183542	0.109093	0.096530	0.610835	0.340043	0.013752	0.460048	0.186157	0.301659	0.250108	0.300987	0.147246	1,2,3,2,1,4	72.234433	0.111037	0.092145	0.140819	0.152417	0.484808	0.018774	0.068359	0.172363	0.374871	0.053037	0.038076	0.293294	0.190779	0.252299	0.037755	0.249278	0.196688	0.073201	0.068359	0.172363	0.374871	0.053037	0.038076	0.293294	0.111037	0.092145	0.140819	0.152417	0.484808	0.018774	0.207290	0.207662	0.127132	0.263349	0.079417	0.115151	1,2,3,4,4,5	71.577317	0.573180	0.571167	0.539775	2.042733	2.042733	0.634977	
885000	-116178	1,2,3,4,5,6	70.505967	5.178508	5.136060	5.800805	5.133343	5.475975	5.375758	1,2,3,2,1,4	71.760150	0.372911	0.030933	0.429080	0.167075	0.163617	0.188801	0.049906	0.597676	0.009619	0.766290	0.212927	0.011164	0.163617	0.188801	0.049906	0.597676	0.372911	0.030933	0.429080	0.167075	0.129723	0.342132	0.424667	0.103479	1,2,3,4,1,2	70.791400	0.098530	0.132640	0.178883	0.109622	0.431496	0.048828	0.159465	0.362963	0.222602	0.067190	0.078324	0.109456	0.038165	0.312090	0.227141	0.136308	0.230146	0.056150	0.176173	0.128134	0.133295	0.043390	0.049910	0.469097	0.098530	0.132640	0.178883	0.109622	0.431496	0.048828	0.159465	0.362963	0.222602	0.067190	0.078324	0.109456	1,2,1,3,4,5	69.551587	0.582166	0.553632	0.582166	2.711130	2.223997	0.639905	
886000	-116892	1,1,1,2,3,4	71.697713	4.632278	4.632278	4.632278	5.152283	5.408332	5.814123	1,2,3,2,4,5	71.996160	0.628541	0.057674	0.222853	0.090932	0.101156	0.174468	0.104640	0.619737	0.043606	0.201499	0.482925	0.271970	0.101156	0.174468	0.104640	0.619737	0.510573	0.135945	0.171325	0.182157	0.089405	0.373786	0.348995	0.187814	1,1,2,3,1,4	71.747413	0.064911	0.291165	0.356944	0.059632	0.090961	0.136386	0.064911	0.291165	0.356944	0.059632	0.090961	0.136386	0.204682	0.064466	0.120818	0.264848	0.236291	0.108895	0.135372	0.260104	0.318155	0.003229	0.037027	0.246113	0.064911	0.291165	0.356944	0.059632	0.090961	0.136386	0.171429	0.241556	0.360500	0.064861	0.048802	0.112852	1,1,2,3,4,1	71.984875	0.594718	0.594718	0.618544	2.413261	2.217377	0.594718	
887000	-117339	1,2,3,1,4,1	71.116484	4.869713	5.771769	5.645385	4.869713	5.243281	4.869713	1,2,3,4,1,3	71.890900	0.405913	0.019033	0.302747	0.272308	0.446805	0.123817	0.232694	0.196684	0.065407	0.490774	0.320426	0.123393	0.147573	0.118301	0.273406	0.460719	0.405913	0.019033	0.302747	0.272308	0.065407	0.490774	0.320426	0.123393	1,2,3,4,5,5	70.316291	0.155226	0.313248	0.315824	0.110019	0.025262	0.080421	0.124307	0.169265	0.146630	0.123955	0.246158	0.189686	0.096417	0.017065	0.073390	0.211916	0.570831	0.030381	0.024195	0.195944	0.465032	0.000278	0.084721	0.229829	0.197443	0.325505	0.290429	0.057853	0.051665	0.077105	0.197443	0.325505	0.290429	0.057853	0.051665	0.077105	1,1,2,3,3,1	70.295208	0.618480	0.618480	0.548769	2.097830	2.097830	0.618480	
888000	-118851	1,2,3,4,5,6	70.405997	5.032139	5.950743	6.103327	5.485747	5.238644	4.737426	1,2,3,4,5,6	72.315150	0.266844	0.040612	0.285126	0.407418	0.187957	0.219364	0.095535	0.497144	0.056698	0.484936	0.438898	0.019468	0.223595	0.058565	0.190692	0.527149	0.310076	0.223720	0.098162	0.368042	0.327137	0.115850	0.277181	0.279832	1,2,2,3,4,1	71.446083	0.143442	0.192808	0.133738	0.396674	0.075661	0.057678	0.025590	0.229150	0.393379	0.113036	0.117924	0.120921	0.025590	0.229150	0.393379	0.113036	0.117924	0.120921	0.063206	0.239750	0.237062	0.132497	0.035682	0.291804	0.042727	0.743119	0.110278	0.042350	0.018426	0.043100	0.143442	0.192808	0.133738	0.396674	0.075661	0.057678	1,2,3,4,5,1	71.826080	0.592644	0.701151	0.653556	1.494967	2.231907	0.592644	
889000	-115922	1,1,2,1,3,1	71.864096	4.735642	4.735642	6.641190	4.735642	5.630069	4.735642	1,2,3,4,1,5	70.123691	0.507919	0.056573	0.194015	0.241493	0.170329	0.262142	0.114050	0.453479	0.032478	0.839163	0.064974	0.063384	0.161887	0.015042	0.176757	0.646314	0.507919	0.056573	0.194015	0.241493	0.046958	0.239552	0.335314	0.378176	1,2,3,4,1,1	70.936166	0.091981	0.365066	0.230546	0.173581	0.057014	0.081813	0.155041	0.218156	0.174373	0.054303	0.147898	0.250230	0.243534	0.051202	0.093237	0.205964	0.240074	0.165989	0.118580	0.077200	0.237341	0.317383	0.057869	0.191626	0.091981	0.365066	0.230546	0.173581	0.057014	0.081813	0.091981	0.365066	0.230546	0.173581	0.057014	0.081813	1,2,1,3,3,4	73.070954	0.617019	0.616446	0.617019	1.870273	1.870273	0.556026	
890000	-116675	1,1,2,3,1,4	72.473160	4.975066	4.975066	6.183973	4.899885	4.975066	5.175396	1,2,3,4,5,3	69.124674	0.589209	0.033874	0.314539	0.062378	0.295642	0.366495	0.067304	0.270559	0.154365	0.470603	0.205431	0.169600	0.113411	0.017507	0.028352	0.840731	0.548523	0.095042	0.070454	0.285981	0.154365	0.470603	0.205431	0.169600	1,1,2,3,4,5	71.542762	0.048503	0.056290	0.242082	0.116205	0.408700	0.128220	0.048503	0.056290	0.242082	0.116205	0.408700	0.128220	0.001213	0.180330	0.050520	0.314839	0.447277	0.005821	0.247147	0.034223	0.154578	0.172173	0.123028	0.268852	0.008885	0.342430	0.227869	0.068144	0.015918	0.336754	0.189897	0.251975	0.099938	0.048854	0.141477	0.267860	1,2,3,4,4,2	71.056454	0.514434	0.622676	0.573942	2.067799	2.067799	0.622676	
891000	-118421	1,2,2,1,1,3	73.183140	4.824446	4.949862	4.949862	4.824446	4.824446	5.823956	1,2,3,4,1,2	71.205297	0.312029	0.004637	0.557507	0.125827	0.138501	0.275746	0.318762	0.266992	0.061105	0.395566	0.325182	0.218147	0.247138	0.194724	0.233277	0.324861	0.312029	0.004637	0.557507	0.125827	0.138501	0.275746	0.318762	0.266992	1,1,2,3,4,5	70.913420	0.039804	0.158559	0.248436	0.081897	0.366460	0.104843	0.039804	0.158559	0.248436	0.081897	0.366460	0.104843	0.051695	0.046794	0.151832	0.274695	0.299894	0.175090	0.061916	0.115502	0.387071	0.018706	0.225079	0.191725	0.011088	0.080336	0.185851	0.071937	0.620105	0.030683	0.133885	0.300803	0.216278	0.143503	0.094736	0.110794	1,2,3,4,5,6	72.211783	0.620068	0.589149	0.719205	1.301775	1.312735	0.536392	
892000	-116616	1,1,1,1,2,3	70.639048	4.684341	4.684341	4.684341	4.684341	5.631602	5.906056	1,2,3,4,1,5	71.511829	0.626659	0.029541	0.263766	0.080034	0.195680	0.411486	0.112356	0.280478	0.010704	0.414097	0.538533	0.036665	0.465178	0.014622	0.127758	0.392442	0.626659	0.029541	0.263766	0.080034	0.264762	0.159522	0.430145	0.145570	1,2,3,4,5,6	72.380033	0.009995	0.172851	0.261887	0.058379	0.320248	0.176640	0.028493	0.242947	0.345706	0.011813	0.260438	0.110602	0.040149	0.155319	0.025035	0.125131	0.447923	0.206443	0.027478	0.190413	0.091283	0.214699	0.170874	0.305253	0.061692	0.175981	0.298502	0.091555	0.368460	0.003811	0.220823	0.155431	0.226567	0.211132	0.094243	0.091804	1,1,1,2,3,1	70.168970	0.591907	0.591907	0.591907	2.062088	2.225122	0.591907	
893000	-116769	1,2,3,4,3,3	71.540614	6.229240	5.109864	5.060286	5.321875	5.060286	5.060286	1,2,3,4,1,2	70.068893	0.567351	0.047086	0.294888	0.090675	0.193942	0.298132	0.174187	0.333739	0.001074	0.446085	0.224726	0.328115	0.168849	0.051513	0.250701	0.528937	0.567351	0.047086	0.294888	0.090675	0.193942	0.298132	0.174187	0.333739	1,2,3,1,2,3	72.542756	0.046101	0.131231	0.526790	0.059550	0.023260	0.213067	0.029909	0.161403	0.279315	0.173162	0.253319	0.102893	0.015816	0.123453	0.112583	0.481386	0.162378	0.104384	0.046101	0.131231	0.526790	0.059550	0.023260	0.213067	0.029909	0.161403	0.279315	0.173162	0.253319	0.102893	0.015816	0.123453	0.112583	0.481386	0.162378	0.104384	1,2,3,4,4,2	70.452010	0.461260	0.626319	0.650309	1.807743	1.807743	0.626319	
894000	-118287	1,2,2,3,2,4	71.737593	4.871442	4.891816	4.891816	5.503254	4.891816	6.870192	1,2,3,4,5,6	72.610369	0.713348	0.063410	0.178333	0.044909	0.240606	0.237284	0.200413	0.321697	0.072949	0.265434	0.466671	0.194947	0.301374	0.013494	0.086258	0.598875	0.224838	0.025532	0.242228	0.507402	0.088348	0.221768	0.415929	0.273956	1,2,3,1,3,3	72.356487	0.006091	0.309110	0.166581	0.062426	0.196700	0.259092	0.024253	0.199754	0.217659	0.010335	0.275257	0.272743	0.080070	0.296042	0.191892	0.233670	0.158953	0.039373	0.006091	0.309110	0.166581	0.062426	0.196700	0.259092	0.080070	0.296042	0.191892	0.233670	0.158953	0.039373	0.080070	0.296042	0.191892	0.233670	0.158953	0.039373	1,2,3,4,4,5	70.864132	0.575020	0.562064	0.779193	1.841148	1.841148	0.580249	
895000	-117547	1,2,3,4,5,5	71.598995	4.946664	5.226275	5.875156	5.723482	5.826031	5.826031	1,2,3,4,5,1	70.449327	0.181387	0.222663	0.440032	0.155918	0.306649	0.190729	0.226077	0.276545	0.043386	0.418161	0.357700	0.180752	0.014979	0.069431	0.201436	0.714154	0.429786	0.005998	0.243772	0.320444	0.181387	0.222663	0.440032	0.155918	1,2,3,4,2,5	71.182047	0.033486	0.148194	0.285934	0.128668	0.158993	0.244724	0.099225	0.265692	0.202819	0.008999	0.264765	0.158499	0.014920	0.292934	0.106900	0.261053	0.264358	0.059835	0.265566	0.102647	0.251303	0.242674	0.014268	0.123541	0.099225	0.265692	0.202819	0.008999	0.264765	0.158499	0.142820	0.183420	0.237884	0.096767	0.124856	0.214253	1,2,3,4,5,1	70.748314	0.610775	0.640745	0.640244	2.604228	2.333260	0.610775	
896000	-115602	1,2,3,4,5,4	70.834116	5.183200	4.985462	5.979583	5.572753	5.430652	5.572753	1,2,3,4,1,5	71.682520	0.471728	0.022284	0.352165	0.153823	0.196781	0.433335	0.188022	0.181862	0.052075	0.516053	0.382770	0.049103	0.045630	0.094780	0.205823	0.653768	0.471728	0.022284	0.352165	0.153823	0.050446	0.271340	0.331926	0.346288	1,2,3,4,1,1	71.098804	0.208449	0.179733	0.258666	0.175338	0.061594	0.116221	0.034882	0.110089	0.195285	0.106714	0.343445	0.209586	0.010124	0.017599	0.189351	0.110402	0.516808	0.155716	0.192194	0.148025	0.361326	0.001050	0.111790	0.185616	0.208449	0.179733	0.258666	0.175338	0.061594	0.116221	0.208449	0.179733	0.258666	0.175338	0.061594	0.116221	1,2,3,4,4,5	72.658205	0.504757	0.582461	0.624383	1.948292	1.948292	0.612432	
897000	-116148	1,1,2,3,4,5	71.637251	4.928409	4.928409	5.473661	5.315597	5.597921	6.272318	1,2,3,4,1,5	69.871254	0.492568	0.035335	0.371572	0.100525	0.120120	0.415898	0.166880	0.297101	0.114378	0.435708	0.311897	0.138018	0.225458	0.030663	0.299235	0.444645	0.492568	0.035335	0.371572	0.100525	0.143858	0.243154	0.412207	0.200780	1,2,1,2,1,3	71.597433	0.062756	0.148651	0.210907	0.191562	0.327843	0.058280	0.053257	0.133469	0.474607	0.037557	0.158636	0.142473	0.062756	0.148651	0.210907	0.191562	0.327843	0.058280	0.053257	0.133469	0.474607	0.037557	0.158636	0.142473	0.062756	0.148651	0.210907	0.191562	0.327843	0.058280	0.029129	0.201070	0.432274	0.184774	0.052031	0.100722	1,2,3,4,5,6	73.430888	0.537960	0.647214	0.574931	2.098269	2.430489	0.625544	
898000	-116735	1,2,1,1,1,3	70.882913	4.905044	5.350267	4.905044	4.905044	4.905044	5.129807	1,2,3,2,1,3	70.064623	0.364014	0.163984	0.255840	0.216162	0.187137	0.208814	0.150262	0.453787	0.132832	0.471354	0.245041	0.150772	0.187137	0.208814	0.150262	0.453787	0.364014	0.163984	0.255840	0.216162	0.132832	0.471354	0.245041	0.150772	1,2,3,4,1,1	71.619714	0.041423	0.398949	0.290181	0.097415	0.059052	0.112980	0.072091	0.208813	0.221784	0.088314	0.277401	0.131597	0.201814	0.008460	0.086377	0.345996	0.199862	0.157491	0.062338	0.035018	0.248963	0.320690	0.027946	0.305044	0.041423	0.398949	0.290181	0.097415	0.059052	0.112980	0.041423	0.398949	0.290181	0.097415	0.059052	0.112980	1,1,1,2,3,4	71.225079	0.603065	0.603065	0.603065	1.629943	2.799754	0.609843	
899000	-117421	1,2,3,3,4,5	72.176748	5.335163	4.943134	4.685042	4.685042	5.389419	6.049289	1,2,3,4,4,2	70.994313	0.296275	0.219400	0.389642	0.094682	0.094023	0.263106	0.260495	0.382377	0.108254	0.412113	0.168403	0.311230	0.368506	0.056136	0.205363	0.369994	0.368506	0.056136	0.205363	0.369994	0.094023	0.263106	0.260495	0.382377	1,1,2,3,4,4	72.304534	0.026437	0.131391	0.425875	0.002566	0.281537	0.132195	0.026437	0.131391	0.425875	0.002566	0.281537	0.132195	0.078458	0.326027	0.028318	0.348131	0.161267	0.057800	0.058848	0.153507	0.082282	0.230643	0.140059	0.334660	0.122469	0.383245	0.272865	0.116379	0.059254	0.045788	0.122469	0.383245	0.272865	0.116379	0.059254	0.045788	1,1,2,3,3,4	70.908343	0.593932	0.593932	0.590678	1.274905	1.274905	0.515739	
900000	-117955	1,1,1,2,3,4	71.189132	4.573036	4.573036	4.573036	5.699776	5.763135	5.775143	1,2,3,4,1,3	70.963825	0.582328	0.048319	0.234200	0.135153	0.279086	0.417974	0.071251	0.231689	0.121810	0.296700	0.320718	0.260772	0.197537	0.135764	0.174858	0.491840	0.582328	0.048319	0.234200	0.135153	0.121810	0.296700	0.320718	0.260772	1,2,3,4,3,2	72.363609	0.084437	0.205234	0.325956	0.099987	0.007660	0.276727	0.071395	0.190869	0.265164	0.154769	0.164501	0.153302	0.048126	0.302781	0.255752	0.228148	0.146487	0.018706	0.072766	0.045023	0.257216	0.491777	0.051919	0.081299	0.048126	0.302781	0.255752	0.228148	0.146487	0.018706	0.071395	0.190869	0.265164	0.154769	0.164501	0.153302	1,2,3,4,5,3	70.936219	0.540365	0.597985	0.596638	2.670852	1.906270	0.596638	
901000	-119086	1,2,2,3,4,5	71.837700	5.216855	4.976558	4.976558	5.011351	5.949459	6.492412	1,2,3,4,1,2	72.258105	0.315859	0.015511	0.312985	0.355644	0.083273	0.285634	0.101323	0.529771	0.005419	0.379212	0.232804	0.382566	0.145175	0.081504	0.274926	0.498394	0.315859	0.015511	0.312985	0.355644	0.083273	0.285634	0.101323	0.529771	1,1,2,3,1,4	71.575034	0.173387	0.181914	0.235126	0.173206	0.099005	0.137362	0.173387	0.181914	0.235126	0.173206	0.099005	0.137362	0.064827	0.036420	0.045775	0.511828	0.298425	0.042725	0.013401	0.040378	0.348561	0.033532	0.187168	0.376960	0.173387	0.181914	0.235126	0.173206	0.099005	0.137362	0.201828	0.359569	0.150393	0.115067	0.035831	0.137312	1,2,2,3,3,2	70.423825	0.540406	0.626501	0.626501	2.521239	2.521239	0.626501	
902000	-115381	1,2,3,4,5,6	71.085944	5.352257	5.138457	6.213381	5.372015	5.031724	6.374856	1,2,3,4,1,5	72.020761	0.495370	0.121085	0.298596	0.084949	0.148230	0.310911	0.161403	0.379456	0.049881	0.510032	0.352585	0.087503	0.038001	0.107833	0.112601	0.741564	0.495370	0.121085	0.298596	0.084949	0.099082	0.258183	0.392216	0.250519	1,1,2,3,1,4	71.358994	0.029354	0.166276	0.410834	0.033786	0.257988	0.101761	0.029354	0.166276	0.410834	0.033786	0.257988	0.101761	0.011463	0.183448	0.138653	0.171249	0.159217	0.335970	0.295508	0.107445	0.274936	0.049650	0.052141	0.220320	0.029354	0.166276	0.410834	0.033786	0.257988	0.101761	0.015590	0.342615	0.282937	0.075715	0.089197	0.193946	1,2,2,3,4,5	71.132776	0.570687	0.598898	0.598898	2.787342	1.439562	0.551293	
903000	-118084	1,1,2,3,1,4	71.076223	4.580336	4.580336	5.536598	5.066838	4.580336	6.772010	1,2,3,2,4,3	73.121635	0.422715	0.194795	0.275332	0.107158	0.167105	0.310549	0.189217	0.333129	0.128987	0.402919	0.291432	0.176663	0.167105	0.310549	0.189217	0.333129	0.539469	0.148333	0.142604	0.169595	0.128987	0.402919	0.291432	0.176663	1,2,3,1,1,2	72.260089	0.001770	0.439965	0.274082	0.081033	0.029429	0.173720	0.149191	0.314424	0.156893	0.061993	0.173533	0.143965	0.000026	0.226833	0.234175	0.153869	0.336733	0.048364	0.001770	0.439965	0.274082	0.081033	0.029429	0.173720	0.001770	0.439965	0.274082	0.081033	0.029429	0.173720	0.149191	0.314424	0.156893	0.061993	0.173533	0.143965	1,1,1,2,2,3	69.511730	0.598866	0.598866	0.598866	2.572079	2.572079	0.672616	
904000	-118973	1,1,1,2,3,4	70.860372	4.583980	4.583980	4.583980	5.496934	6.047480	5.516190	1,2,3,4,1,5	70.322736	0.494762	0.018655	0.290429	0.196155	0.325377	0.312911	0.047668	0.314044	0.082472	0.551006	0.323875	0.042647	0.365184	0.066832	0.031839	0.536145	0.494762	0.018655	0.290429	0.196155	0.244766	0.313406	0.168303	0.273525	1,2,3,4,3,1	71.027423	0.180596	0.210761	0.245947	0.205607	0.094064	0.063025	0.026248	0.244253	0.363452	0.098347	0.169258	0.098443	0.006162	0.165836	0.083787	0.434377	0.281738	0.028100	0.323717	0.193748	0.194028	0.069970	0.078181	0.140356	0.006162	0.165836	0.083787	0.434377	0.281738	0.028100	0.180596	0.210761	0.245947	0.205607	0.094064	0.063025	1,2,2,3,4,2	68.704465	0.587920	0.649251	0.649251	2.484290	2.814071	0.649251	
905000	-118407	1,2,1,2,3,4	72.067356	5.436666	5.122668	5.436666	5.122668	5.647393	5.335890	1,2,3,2,4,5	69.872499	0.534980	0.177817	0.188183	0.099020	0.208482	0.239585	0.121862	0.430072	0.032150	0.418408	0.361069	0.188373	0.208482	0.239585	0.121862	0.430072	0.607310	0.019004	0.220372	0.153314	0.245496	0.294602	0.203165	0.256737	1,2,3,1,4,2	69.774395	0.008036	0.097413	0.440789	0.105814	0.117596	0.230353	0.070580	0.104907	0.280440	0.182534	0.235986	0.125553	0.027877	0.154411	0.112365	0.291288	0.331883	0.082175	0.008036	0.097413	0.440789	0.105814	0.117596	0.230353	0.050209	0.175951	0.263840	0.101201	0.153775	0.255023	0.070580	0.104907	0.280440	0.182534	0.235986	0.125553	1,1,1,2,3,4	71.426437	0.598495	0.598495	0.598495	1.492210	2.175226	0.614958	
906000	-116737	1,2,1,2,3,4	72.215788	5.067977	4.260116	5.067977	4.260116	5.170541	5.160729	1,2,3,2,4,5	72.202637	0.219374	0.011017	0.643135	0.126475	0.063731	0.311498	0.048707	0.576063	0.085254	0.579359	0.131403	0.203984	0.063731	0.311498	0.048707	0.576063	0.424118	0.270978	0.150539	0.154366	0.037844	0.321464	0.365092	0.275600	1,2,3,4,5,2	70.980091	0.086478	0.215959	0.141206	0.085020	0.102261	0.369076	0.105821	0.338087	0.283426	0.093827	0.096456	0.082383	0.097797	0.003296	0.340367	0.376441	0.181231	0.000868	0.044646	0.106716	0.314019	0.080113	0.002608	0.451898	0.046163	0.322452	0.159918	0.013728	0.372022	0.085717	0.105821	0.338087	0.283426	0.093827	0.096456	0.082383	1,1,1,2,3,1	71.779077	0.630811	0.630811	0.630811	2.644537	2.463165	0.630811	
907000	-115993	1,2,3,4,5,6	69.835422	5.164854	5.479281	5.920270	5.895772	5.353667	5.911811	1,2,3,4,1,3	71.886908	0.474262	0.111424	0.275511	0.138803	0.271481	0.277555	0.115312	0.335652	0.082220	0.432815	0.300338	0.184626	0.127185	0.131089	0.054768	0.686958	0.474262	0.111424	0.275511	0.138803	0.082220	0.432815	0.300338	0.184626	1,1,2,3,1,1	71.075143	0.033319	0.296283	0.277721	0.065022	0.189376	0.138279	0.033319	0.296283	0.277721	0.065022	0.189376	0.138279	0.013473	0.317406	0.124245	0.303380	0.201259	0.040236	0.043698	0.043553	0.395469	0.312636	0.017179	0.187465	0.033319	0.296283	0.277721	0.065022	0.189376	0.138279	0.033319	0.296283	0.277721	0.065022	0.189376	0.138279	1,2,2,3,4,2	71.849867	0.622961	0.648472	0.648472	2.167023	2.203776	0.648472	
908000	-117653	1,2,1,2,3,4	69.760070	4.319162	5.166335	4.319162	5.166335	5.274832	5.704253	1,2,3,4,4,5	70.205344	0.376842	0.044126	0.518058	0.060973	0.183877	0.479927	0.088539	0.247657	0.112401	0.585522	0.248306	0.053771	0.464140	0.070663	0.115464	0.349733	0.464140	0.070663	0.115464	0.349733	0.198584	0.357771	0.364096	0.079549	1,2,2,3,2,4	70.410321	0.116587	0.171439	0.313272	0.007243	0.166192	0.225267	0.039435	0.285666	0.144282	0.185398	0.214298	0.130921	0.039435	0.285666	0.144282	0.185398	0.214298	0.130921	0.226328	0.112470	0.062240	0.250808	0.035408	0.312746	0.039435	0.285666	0.144282	0.185398	0.214298	0.130921	0.109505	0.358766	0.125134	0.122676	0.167902	0.116016	1,2,3,4,4,3	71.082348	0.587176	0.790472	0.663117	2.778588	2.778588	0.663117	
909000	-117862	1,2,3,3,4,5	71.139680	5.145455	5.369246	4.622896	4.622896	5.145072	6.238291	1,2,3,4,5,6	70.890554	0.502852	0.013631	0.449097	0.034420	0.199580	0.101483	0.206168	0.492769	0.073193	0.321897	0.434067	0.170843	0.015156	0.124433	0.053238	0.807173	0.297043	0.032794	0.379043	0.291120	0.186239	0.188544	0.397921	0.227297	1,2,3,4,5,1	70.984881	0.030869	0.305162	0.261660	0.223088	0.080317	0.098904	0.043765	0.211552	0.380290	0.062860	0.197057	0.104476	0.010689	0.286808	0.176929	0.312160	0.169891	0.043523	0.120524	0.324779	0.427493	0.010354	0.027859	0.088992	0.024985	0.399221	0.254754	0.116982	0.116530	0.087529	0.030869	0.305162	0.261660	0.223088	0.080317	0.098904	1,2,2,3,3,4	71.481583	0.589203	0.673313	0.673313	1.353928	1.353928	0.575834	
910000	-117727	1,2,3,4,5,6	72.666306	4.766326	5.397395	6.399745	5.118718	5.536976	5.293066	1,2,3,4,1,5	71.684118	0.441376	0.032415	0.335593	0.190616	0.222996	0.299947	0.028807	0.448250	0.278197	0.406263	0.242146	0.073394	0.098406	0.009904	0.401118	0.490572	0.441376	0.032415	0.335593	0.190616	0.156255	0.326966	0.272013	0.244765	1,2,3,4,2,1	70.731735	0.338488	0.190862	0.086340	0.208372	0.062267	0.113672	0.074291	0.281376	0.428790	0.029186	0.109445	0.076912	0.055911	0.112713	0.053466	0.230233	0.189876	0.357800	0.705582	0.005649	0.098310	0.136410	0.039494	0.014554	0.074291	0.281376	0.428790	0.029186	0.109445	0.076912	0.338488	0.190862	0.086340	0.208372	0.062267	0.113672	1,2,2,3,4,1	71.413439	0.572079	0.669728	0.669728	1.768986	1.853944	0.572079	
911000	-117318	1,2,3,1,4,5	71.642006	4.725191	5.357377	5.050037	4.725191	5.828374	6.445226	1,2,3,4,5,1	70.637194	0.201009	0.093856	0.511485	0.193649	0.157139	0.427151	0.108659	0.307050	0.004445	0.559580	0.338257	0.097719	0.335550	0.013450	0.139199	0.511800	0.522903	0.121105	0.170568	0.185423	0.201009	0.093856	0.511485	0.193649	1,2,3,2,4,1	70.877167	0.064808	0.263950	0.122992	0.317659	0.192971	0.037621	0.088899	0.062633	0.304650	0.018649	0.127570	0.397600	0.027842	0.066226	0.385529	0.357093	0.079350	0.083959	0.088899	0.062633	0.304650	0.018649	0.127570	0.397600	0.042474	0.216814	0.138051	0.212545	0.361523	0.028594	0.064808	0.263950	0.122992	0.317659	0.192971	0.037621	1,1,2,3,4,2	70.944022	0.700116	0.700116	0.588304	1.499147	2.457589	0.588304	
912000	-115914	1,2,2,3,2,4	71.751927	5.474558	4.797187	4.797187	5.305422	4.797187	6.279896	1,2,3,4,5,2	70.731094	0.347778	0.095638	0.486668	0.069916	0.134098	0.195067	0.310486	0.360349	0.083395	0.354635	0.478619	0.083351	0.107830	0.070113	0.242336	0.579721	0.330842	0.148951	0.357844	0.162362	0.134098	0.195067	0.310486	0.360349	1,2,3,4,5,5	72.787261	0.010411	0.091494	0.241855	0.012672	0.506475	0.137092	0.067393	0.023690	0.405875	0.034947	0.349275	0.118820	0.092002	0.131404	0.199337	0.251025	0.318591	0.007640	0.134140	0.017922	0.474149	0.119679	0.063658	0.190453	0.049691	0.296187	0.314494	0.149204	0.115886	0.074539	0.049691	0.296187	0.314494	0.149204	0.115886	0.074539	1,1,1,2,3,1	71.690249	0.628719	0.628719	0.628719	1.722856	2.215396	0.628719	
913000	-117710	1,1,2,3,4,5	71.338997	5.166451	5.166451	4.884537	6.150671	5.695330	5.578010	1,2,3,2,1,3	72.259917	0.489507	0.027112	0.341209	0.142172	0.164478	0.192709	0.211633	0.431181	0.163007	0.247955	0.348516	0.240522	0.164478	0.192709	0.211633	0.431181	0.489507	0.027112	0.341209	0.142172	0.163007	0.247955	0.348516	0.240522	1,2,3,4,1,5	72.191927	0.150934	0.178100	0.230065	0.179350	0.241608	0.019944	0.081652	0.306547	0.195572	0.095761	0.173239	0.147230	0.121588	0.018588	0.384816	0.262869	0.146402	0.065737	0.273650	0.288606	0.115551	0.153996	0.005838	0.162359	0.150934	0.178100	0.230065	0.179350	0.241608	0.019944	0.062243	0.156494	0.279447	0.254703	0.123805	0.123309	1,2,3,4,5,2	73.185670	0.487352	0.610229	0.822314	2.378746	2.160353	0.610229	
914000	-116209	1,2,1,3,4,5	70.187501	4.445543	4.947514	4.445543	5.589262	5.858021	6.046236	1,2,3,4,5,6	72.056802	0.405397	0.060826	0.404553	0.129224	0.149188	0.275076	0.201901	0.373835	0.045989	0.414751	0.330142	0.209118	0.130098	0.278817	0.112946	0.478139	0.505067	0.095695	0.188370	0.210868	0.113365	0.336784	0.370630	0.179221	1,2,3,4,2,1	70.819344	0.321480	0.161892	0.301570	0.070568	0.036081	0.108409	0.041527	0.403473	0.228291	0.017890	0.108945	0.199874	0.164850	0.227848	0.105011	0.185829	0.309643	0.006820	0.002456	0.048395	0.362394	0.002375	0.110872	0.473508	0.041527	0.403473	0.228291	0.017890	0.108945	0.199874	0.321480	0.161892	0.301570	0.070568	0.036081	0.108409	1,2,3,4,4,5	70.181749	0.563925	0.603195	0.632519	2.598461	2.598461	0.458787	
915000	-116076	1,2,3,3,1,4	71.962921	5.359000	5.312326	5.335045	5.335045	5.359000	6.400959	1,2,3,4,5,3	71.067835	0.420170	0.084832	0.400646	0.094352	0.122615	0.225240	0.087524	0.564621	0.132617	0.390927	0.302722	0.173735	0.236702	0.021330	0.234293	0.507675	0.392551	0.133025	0.295295	0.179129	0.132617	0.390927	0.302722	0.173735	1,2,3,4,1,1	71.499857	0.068838	0.276607	0.413647	0.055962	0.100137	0.084809	0.169817	0.272450	0.259812	0.014486	0.125307	0.158128	0.063217	0.110458	0.077610	0.484724	0.118704	0.145287	0.008737	0.068877	0.272175	0.212146	0.161793	0.276272	0.068838	0.276607	0.413647	0.055962	0.100137	0.084809	0.068838	0.276607	0.413647	0.055962	0.100137	0.084809	1,2,2,3,4,5	70.421228	0.536651	0.588697	0.588697	2.250016	1.897435	0.641990	
916000	-116284	1,2,3,4,5,6	71.477394	5.195997	5.616081	6.142857	7.479708	5.617607	5.856215	1,2,3,4,1,5	70.373438	0.455820	0.018659	0.359977	0.165545	0.164116	0.217941	0.176277	0.441667	0.006072	0.530204	0.396235	0.067490	0.027882	0.054767	0.083848	0.833503	0.455820	0.018659	0.359977	0.165545	0.178188	0.338391	0.198386	0.285035	1,2,1,3,1,4	69.621122	0.090738	0.125504	0.137064	0.241434	0.368539	0.036721	0.138656	0.039898	0.163703	0.094558	0.430893	0.132292	0.090738	0.125504	0.137064	0.241434	0.368539	0.036721	0.003093	0.307740	0.049492	0.216056	0.088939	0.334681	0.090738	0.125504	0.137064	0.241434	0.368539	0.036721	0.079807	0.151194	0.340825	0.213378	0.033049	0.181747	1,2,2,3,4,5	72.451037	0.609945	0.581202	0.581202	0.959383	2.111218	0.669284	
917000	-117984	1,2,3,1,4,5	71.179211	5.072912	5.798811	5.171817	5.072912	5.360507	5.732536	1,2,3,4,5,6	72.620681	0.514875	0.090279	0.283420	0.111426	0.177546	0.353167	0.234238	0.235049	0.099520	0.391370	0.420329	0.088782	0.459199	0.024873	0.078602	0.437327	0.394588	0.034466	0.339121	0.231825	0.083831	0.416543	0.283762	0.215864	1,2,3,4,2,2	69.447924	0.111372	0.134044	0.193273	0.178324	0.308239	0.074747	0.065585	0.403250	0.322605	0.088207	0.070638	0.049716	0.192963	0.092056	0.254065	0.192091	0.227882	0.040943	0.036017	0.066300	0.306539	0.015311	0.070580	0.505253	0.065585	0.403250	0.322605	0.088207	0.070638	0.049716	0.065585	0.403250	0.322605	0.088207	0.070638	0.049716	1,2,3,4,5,1	72.484884	0.575914	0.570600	0.613364	1.638983	2.065003	0.575914	
918000	-117380	1,2,3,4,5,6	71.562529	5.032222	4.763103	5.296734	5.275468	5.628442	5.669432	1,2,3,4,5,2	70.775972	0.432883	0.065837	0.457534	0.043746	0.084393	0.549643	0.143528	0.222436	0.049897	0.640704	0.152169	0.157230	0.183990	0.197237	0.134137	0.484636	0.638997	0.015562	0.255694	0.089747	0.084393	0.549643	0.143528	0.222436	1,2,3,4,2,2	71.182931	0.032255	0.168838	0.270772	0.095382	0.384496	0.048257	0.022312	0.323592	0.291868	0.040532	0.182112	0.139584	0.003309	0.266861	0.081570	0.325466	0.320345	0.002448	0.262974	0.043508	0.351853	0.131522	0.011644	0.198498	0.022312	0.323592	0.291868	0.040532	0.182112	0.139584	0.022312	0.323592	0.291868	0.040532	0.182112	0.139584	1,1,2,3,3,2	71.067678	0.658700	0.658700	0.646092	2.744146	2.744146	0.646092	
919000	-117070	1,1,1,1,2,3	71.641792	4.460131	4.460131	4.460131	4.460131	5.438481	6.017737	1,2,3,4,1,5	72.291140	0.445169	0.015379	0.364225	0.175227	0.399682	0.209227	0.089361	0.301730	0.021696	0.851070	0.068841	0.058392	0.174992	0.159746	0.327719	0.337542	0.445169	0.015379	0.364225	0.175227	0.123055	0.203387	0.453323	0.220235	1,2,3,4,5,6	71.096825	0.043699	0.207166	0.155820	0.234408	0.289896	0.069011	0.026675	0.145967	0.166624	0.060553	0.286295	0.313885	0.000108	0.098106	0.088215	0.271180	0.288661	0.253729	0.102227	0.146783	0.276894	0.261940	0.090013	0.122142	0.103071	0.083172	0.140221	0.126957	0.498608	0.047970	0.227927	0.191273	0.190581	0.170314	0.109267	0.110638	1,2,3,4,4,5	72.071122	0.586063	0.720516	0.592950	2.046503	2.046503	0.580031	
920000	-116485	1,2,1,3,4,5	71.551100	3.975945	5.170823	3.975945	5.902465	5.524547	6.250143	1,2,3,4,5,4	72.474572	0.278747	0.043059	0.592056	0.086139	0.116797	0.443572	0.059189	0.380442	0.143182	0.442417	0.235376	0.179026	0.071458	0.203238	0.306234	0.419070	0.471370	0.068107	0.128762	0.331762	0.071458	0.203238	0.306234	0.419070	1,2,3,4,5,1	72.206544	0.020377	0.289984	0.418373	0.140547	0.092303	0.038415	0.040661	0.174551	0.211793	0.060103	0.093752	0.419140	0.020146	0.070643	0.150679	0.485887	0.235260	0.037384	0.195378	0.105206	0.423690	0.195644	0.020134	0.059949	0.135269	0.269399	0.099029	0.210518	0.193900	0.091885	0.020377	0.289984	0.418373	0.140547	0.092303	0.038415	1,2,3,4,5,6	70.516668	0.660425	0.638815	0.406480	1.813459	2.016500	0.667997	
921000	-115603	1,1,2,3,4,1	70.815872	5.076062	5.076062	5.825910	5.470310	5.514239	5.076062	1,2,3,4,1,5	71.738809	0.563362	0.016535	0.301265	0.118838	0.077660	0.204990	0.132538	0.584813	0.008252	0.602892	0.238666	0.150190	0.095045	0.163772	0.126469	0.614714	0.563362	0.016535	0.301265	0.118838	0.093254	0.401072	0.150655	0.355019	1,1,2,3,2,1	71.668323	0.069821	0.226891	0.373142	0.131873	0.070330	0.127943	0.069821	0.226891	0.373142	0.131873	0.070330	0.127943	0.077670	0.158748	0.434492	0.140774	0.162598	0.025719	0.004889	0.201017	0.449224	0.071556	0.018474	0.254840	0.077670	0.158748	0.434492	0.140774	0.162598	0.025719	0.069821	0.226891	0.373142	0.131873	0.070330	0.127943	1,2,2,3,3,2	71.418098	0.634561	0.640976	0.640976	2.403610	2.403610	0.640976	
922000	-115866	1,1,2,3,4,5	70.464032	4.042034	4.042034	5.911056	5.510008	5.220730	6.049979	1,2,3,4,5,6	71.355529	0.431937	0.109132	0.378833	0.080098	0.346095	0.168772	0.166097	0.319036	0.088610	0.502222	0.299616	0.109552	0.298010	0.018976	0.129606	0.553408	0.414376	0.124876	0.154870	0.305879	0.098469	0.326447	0.266265	0.308819	1,2,2,3,1,1	70.627660	0.105859	0.305184	0.277427	0.079033	0.073615	0.158882	0.040906	0.074779	0.369006	0.132203	0.245179	0.137927	0.040906	0.074779	0.369006	0.132203	0.245179	0.137927	0.028390	0.027238	0.172206	0.028953	0.413711	0.329502	0.105859	0.305184	0.277427	0.079033	0.073615	0.158882	0.105859	0.305184	0.277427	0.079033	0.073615	0.158882	1,1,1,2,3,1	71.033783	0.571915	0.571915	0.571915	1.615378	2.184156	0.571915	
923000	-118102	1,2,3,4,5,6	71.609608	4.615174	5.166232	5.242350	6.301727	5.927739	5.844313	1,2,3,4,5,3	69.690421	0.165065	0.085259	0.448437	0.301239	0.198596	0.357200	0.112282	0.331922	0.053426	0.460814	0.299747	0.186014	0.127451	0.056509	0.046732	0.769308	0.226877	0.120054	0.204941	0.448128	0.053426	0.460814	0.299747	0.186014	1,2,3,4,5,6	69.970741	0.086107	0.139012	0.132520	0.281015	0.343676	0.017671	0.173223	0.027557	0.265371	0.074883	0.176649	0.282316	0.039344	0.000611	0.328035	0.336284	0.172074	0.123653	0.109684	0.176944	0.358402	0.044516	0.023446	0.287009	0.154561	0.167808	0.151821	0.074502	0.423719	0.027589	0.033018	0.690307	0.039904	0.074899	0.063474	0.098399	1,1,2,3,4,5	72.057533	0.609879	0.609879	0.586237	1.678191	2.481739	0.526340	
924000	-117508	1,2,3,4,5,6	71.934076	5.075445	5.869296	6.691068	4.987873	5.383898	5.051280	1,2,3,2,4,5	71.680540	0.416439	0.089466	0.404252	0.089844	0.196964	0.328587	0.112253	0.362197	0.060122	0.397320	0.464112	0.078446	0.196964	0.328587	0.112253	0.362197	0.427412	0.055440	0.138633	0.378515	0.051488	0.386357	0.401397	0.160758	1,1,2,3,4,1	71.884592	0.016678	0.206902	0.443285	0.041207	0.171425	0.120502	0.016678	0.206902	0.443285	0.041207	0.171425	0.120502	0.021377	0.131675	0.218365	0.156308	0.297147	0.175126	0.024206	0.212859	0.161540	0.379061	0.048414	0.173920	0.033170	0.256211	0.233273	0.125850	0.290008	0.061488	0.016678	0.206902	0.443285	0.041207	0.171425	0.120502	1,2,3,4,5,3	71.562949	0.597173	0.648126	0.566712	1.957283	2.036155	0.566712	
925000	-118381	1,2,3,4,5,6	69.315364	4.175898	5.287587	5.391852	5.144593	5.758158	6.419015	1,2,3,4,4,2	70.949728	0.355311	0.142989	0.330333	0.171367	0.127386	0.255989	0.302295	0.314330	0.008906	0.866584	0.105594	0.018916	0.480160	0.022088	0.118738	0.379014	0.480160	0.022088	0.118738	0.379014	0.127386	0.255989	0.302295	0.314330	1,2,3,4,5,1	72.109581	0.088143	0.346154	0.284459	0.128000	0.060533	0.092710	0.007685	0.111231	0.442424	0.037574	0.217236	0.183849	0.053607	0.191236	0.112128	0.390108	0.182962	0.069959	0.117858	0.125187	0.138501	0.083459	0.404139	0.130856	0.082205	0.317517	0.265045	0.138737	0.122930	0.073566	0.088143	0.346154	0.284459	0.128000	0.060533	0.092710	1,2,3,4,5,3	72.028100	0.538814	0.687768	0.551656	1.774623	2.774454	0.551656	
926000	-115601	1,1,2,3,4,5	71.980985	4.673463	4.673463	6.320028	6.470688	5.348155	6.964968	1,2,3,4,1,5	71.661283	0.303487	0.017187	0.387837	0.291489	0.409075	0.172743	0.070103	0.348079	0.018639	0.748008	0.187789	0.045564	0.141283	0.089328	0.073433	0.695956	0.303487	0.017187	0.387837	0.291489	0.097799	0.323526	0.266671	0.312004	1,2,3,4,1,5	73.228816	0.032238	0.130671	0.108823	0.340995	0.378123	0.009149	0.110196	0.077246	0.175352	0.044171	0.291329	0.301706	0.098461	0.038953	0.076698	0.109177	0.523061	0.153650	0.113523	0.102773	0.444494	0.106308	0.017223	0.215678	0.032238	0.130671	0.108823	0.340995	0.378123	0.009149	0.142069	0.169936	0.468238	0.133348	0.044672	0.041737	1,1,1,2,2,3	70.197981	0.583915	0.583915	0.583915	2.445952	2.445952	0.613406	
927000	-119149	1,1,2,2,1,3	70.734718	4.120055	4.120055	5.290010	5.290010	4.120055	5.326080	1,2,2,3,4,5	70.271885	0.411050	0.203324	0.309689	0.075937	0.165500	0.559420	0.101079	0.174001	0.165500	0.559420	0.101079	0.174001	0.064095	0.055407	0.290612	0.589886	0.276783	0.214725	0.128252	0.380240	0.031099	0.393999	0.268255	0.306648	1,1,2,3,1,3	70.810946	0.027623	0.442263	0.234304	0.023418	0.114072	0.158320	0.027623	0.442263	0.234304	0.023418	0.114072	0.158320	0.065934	0.180158	0.328646	0.120624	0.118425	0.186214	0.107517	0.167837	0.332601	0.124639	0.104214	0.163192	0.027623	0.442263	0.234304	0.023418	0.114072	0.158320	0.107517	0.167837	0.332601	0.124639	0.104214	0.163192	1,2,3,4,5,6	71.573203	0.488579	0.772619	0.635550	1.824012	3.554900	0.670404	
928000	-118094	1,2,1,1,3,4	71.598222	4.990122	5.386813	4.990122	4.990122	5.742332	6.151241	1,2,3,4,1,3	71.746832	0.468575	0.011901	0.298073	0.221451	0.360149	0.207277	0.076136	0.356438	0.075140	0.345022	0.212227	0.367611	0.149054	0.325324	0.109442	0.416180	0.468575	0.011901	0.298073	0.221451	0.075140	0.345022	0.212227	0.367611	1,2,1,3,1,4	70.724637	0.048214	0.148519	0.140979	0.394276	0.250201	0.017811	0.046543	0.000361	0.227197	0.019351	0.404020	0.302528	0.048214	0.148519	0.140979	0.394276	0.250201	0.017811	0.092716	0.200613	0.229352	0.059140	0.085968	0.332211	0.048214	0.148519	0.140979	0.394276	0.250201	0.017811	0.151893	0.162445	0.297226	0.261814	0.099476	0.027147	1,1,1,2,2,1	70.392111	0.593370	0.593370	0.593370	2.261316	2.261316	0.593370	
929000	-117253	1,1,2,3,4,1	71.999320	5.046152	5.046152	6.052874	5.857345	5.308902	5.046152	1,2,3,4,5,6	71.024509	0.363789	0.054438	0.381583	0.200190	0.144078	0.410820	0.151207	0.293895	0.042098	0.615124	0.205551	0.137227	0.364186	0.045254	0.194013	0.396547	0.358429	0.057471	0.257686	0.326413	0.185090	0.285378	0.317435	0.212096	1,2,3,4,5,1	71.170240	0.028741	0.300929	0.167267	0.273302	0.061805	0.167956	0.048868	0.321823	0.084790	0.034595	0.078626	0.431298	0.129791	0.024383	0.015265	0.244202	0.462692	0.123667	0.220410	0.265599	0.088573	0.179821	0.054649	0.190949	0.187674	0.190819	0.188469	0.181930	0.247432	0.003675	0.028741	0.300929	0.167267	0.273302	0.061805	0.167956	1,1,2,3,4,2	70.470117	0.590903	0.590903	0.663662	2.621632	2.092520	0.663662	
930000	-116808	1,2,3,4,5,3	71.444029	4.429218	5.181892	5.501488	5.614547	5.590532	5.501488	1,2,3,4,1,2	70.615265	0.650356	0.045916	0.206208	0.097520	0.052768	0.348917	0.227244	0.371071	0.113544	0.462805	0.244654	0.178998	0.071796	0.017081	0.328719	0.582404	0.650356	0.045916	0.206208	0.097520	0.052768	0.348917	0.227244	0.371071	1,2,3,4,5,4	72.298529	0.057792	0.175457	0.143601	0.040496	0.475922	0.106731	0.034359	0.136686	0.412921	0.011264	0.138255	0.266515	0.004180	0.059699	0.470686	0.296839	0.092691	0.075904	0.116588	0.114051	0.383330	0.172627	0.107083	0.106321	0.044837	0.160485	0.189489	0.061745	0.516532	0.026911	0.116588	0.114051	0.383330	0.172627	0.107083	0.106321	1,1,2,3,3,1	72.497937	0.654547	0.654547	0.565142	1.824959	1.824959	0.654547	
931000	-118765	1,2,2,3,4,5	72.808652	5.330944	4.782332	4.782332	7.075788	5.313156	6.156827	1,2,3,4,1,5	71.226119	0.500908	0.039602	0.344814	0.114676	0.338605	0.357652	0.029323	0.274420	0.102455	0.346542	0.180626	0.370378	0.232622	0.309093	0.065820	0.392464	0.500908	0.039602	0.344814	0.114676	0.134648	0.090383	0.412591	0.362378	1,2,3,4,1,1	69.299762	0.056660	0.199772	0.339033	0.207272	0.113301	0.083961	0.082869	0.028677	0.259134	0.070164	0.212862	0.346295	0.291546	0.313905	0.058723	0.248183	0.063374	0.024270	0.356387	0.192923	0.075466	0.059175	0.007612	0.308438	0.056660	0.199772	0.339033	0.207272	0.113301	0.083961	0.056660	0.199772	0.339033	0.207272	0.113301	0.083961	1,2,2,3,3,1	70.464863	0.589997	0.636079	0.636079	2.351606	2.351606	0.589997	
932000	-117250	1,2,1,3,1,4	70.937782	4.397670	5.566156	4.397670	5.704129	4.397670	5.585669	1,2,3,4,2,5	69.738224	0.220307	0.095895	0.561868	0.121930	0.303279	0.263793	0.164556	0.268371	0.203166	0.243907	0.256411	0.296517	0.145993	0.096970	0.087352	0.669685	0.303279	0.263793	0.164556	0.268371	0.058908	0.369396	0.433654	0.138042	1,2,3,4,1,1	71.296136	0.111811	0.343694	0.290866	0.094953	0.085240	0.073436	0.033338	0.225228	0.420899	0.054089	0.215182	0.051265	0.094865	0.063024	0.074354	0.453655	0.174585	0.139517	0.114081	0.036105	0.229775	0.127361	0.078868	0.413810	0.111811	0.343694	0.290866	0.094953	0.085240	0.073436	0.111811	0.343694	0.290866	0.094953	0.085240	0.073436	1,2,2,3,4,5	69.949299	0.599937	0.621040	0.621040	2.351201	2.183614	0.565595	
933000	-118867	1,2,1,3,4,5	70.382469	4.166544	5.251528	4.166544	5.131253	5.586273	5.302352	1,2,3,4,1,2	71.459132	0.421235	0.053822	0.199608	0.325335	0.225099	0.239690	0.170787	0.364424	0.087450	0.581081	0.059481	0.271988	0.172031	0.040477	0.349134	0.438358	0.421235	0.053822	0.199608	0.325335	0.225099	0.239690	0.170787	0.364424	1,2,3,3,1,3	72.152414	0.232474	0.340069	0.150136	0.014658	0.172323	0.090341	0.082383	0.308551	0.168703	0.112929	0.184624	0.142811	0.096548	0.052343	0.246679	0.372547	0.071168	0.160715	0.096548	0.052343	0.246679	0.372547	0.071168	0.160715	0.232474	0.340069	0.150136	0.014658	0.172323	0.090341	0.096548	0.052343	0.246679	0.372547	0.071168	0.160715	1,2,3,4,4,3	71.109051	0.671499	0.606330	0.633578	2.015786	2.015786	0.633578	
934000	-116451	1,2,1,3,4,5	71.254325	4.136123	5.605491	4.136123	6.670998	5.303000	6.167477	1,2,3,4,1,5	71.040715	0.489557	0.125136	0.216940	0.168367	0.214968	0.237845	0.163563	0.383624	0.010283	0.317985	0.433574	0.238158	0.080429	0.047365	0.170159	0.702047	0.489557	0.125136	0.216940	0.168367	0.152320	0.208293	0.388554	0.250833	1,2,3,4,2,1	72.439225	0.151049	0.273830	0.200373	0.195360	0.042630	0.136758	0.038957	0.294913	0.214909	0.102593	0.169884	0.178744	0.043341	0.179209	0.117280	0.290554	0.314134	0.055483	0.020967	0.552571	0.075657	0.142342	0.022370	0.186093	0.038957	0.294913	0.214909	0.102593	0.169884	0.178744	0.151049	0.273830	0.200373	0.195360	0.042630	0.136758	1,1,1,2,3,1	72.502267	0.612453	0.612453	0.612453	1.632020	2.874214	0.612453	
935000	-116775	1,1,1,2,3,4	71.827352	4.599417	4.599417	4.599417	5.531324	5.525648	6.234466	1,2,3,2,1,3	70.735713	0.473377	0.013482	0.357804	0.155337	0.071850	0.203394	0.163705	0.561051	0.077157	0.337226	0.431164	0.154453	0.071850	0.203394	0.163705	0.561051	0.473377	0.013482	0.357804	0.155337	0.077157	0.337226	0.431164	0.154453	1,2,1,3,1,3	71.476747	0.116897	0.121001	0.132611	0.327561	0.267450	0.034479	0.119439	0.262415	0.290817	0.006496	0.241611	0.079222	0.116897	0.121001	0.132611	0.327561	0.267450	0.034479	0.085619	0.132084	0.383361	0.263973	0.003217	0.131746	0.116897	0.121001	0.132611	0.327561	0.267450	0.034479	0.085619	0.132084	0.383361	0.263973	0.003217	0.131746	1,2,3,4,5,6	72.367747	0.601465	0.572455	0.700703	2.468525	2.386695	0.589891	
936000	-116599	1,1,2,3,4,5	70.566292	4.331190	4.331190	5.720207	5.187305	5.195112	6.116968	1,2,2,3,4,5	70.672246	0.408337	0.136045	0.379220	0.076398	0.115028	0.569244	0.156556	0.159171	0.115028	0.569244	0.156556	0.159171	0.066363	0.231661	0.180622	0.521353	0.375267	0.128983	0.152014	0.343736	0.066828	0.295503	0.366691	0.270978	1,2,3,1,2,1	71.416345	0.040824	0.275217	0.454256	0.090337	0.032835	0.106531	0.040612	0.297787	0.391055	0.017148	0.194015	0.059383	0.003882	0.098288	0.168242	0.182202	0.279232	0.268153	0.040824	0.275217	0.454256	0.090337	0.032835	0.106531	0.040612	0.297787	0.391055	0.017148	0.194015	0.059383	0.040824	0.275217	0.454256	0.090337	0.032835	0.106531	1,2,3,4,5,6	70.795966	0.522804	0.748276	0.536596	1.792780	2.598972	0.568022	
937000	-116427	1,1,2,1,3,1	72.543674	5.036490	5.036490	5.046607	5.036490	5.628946	5.036490	1,2,3,4,1,3	72.181289	0.383348	0.021361	0.466365	0.128926	0.159388	0.230202	0.149095	0.461315	0.078381	0.333091	0.519984	0.068545	0.166868	0.142010	0.144006	0.547117	0.383348	0.021361	0.466365	0.128926	0.078381	0.333091	0.519984	0.068545	1,2,1,3,1,4	70.330614	0.081920	0.096229	0.186620	0.160634	0.464925	0.009671	0.123705	0.253337	0.193479	0.059519	0.289492	0.080468	0.081920	0.096229	0.186620	0.160634	0.464925	0.009671	0.001460	0.212996	0.429189	0.021286	0.018817	0.316253	0.081920	0.096229	0.186620	0.160634	0.464925	0.009671	0.140297	0.083255	0.417364	0.042326	0.218866	0.097892	1,2,2,3,3,1	70.273627	0.625944	0.583424	0.583424	1.687985	1.687985	0.625944	
938000	-117947	1,2,2,3,4,5	72.400876	5.550235	4.992995	4.992995	5.006741	5.474267	6.076265	1,2,3,2,1,3	71.532284	0.474386	0.064499	0.358307	0.102807	0.194149	0.192878	0.053656	0.559317	0.078763	0.263607	0.447199	0.210430	0.194149	0.192878	0.053656	0.559317	0.474386	0.064499	0.358307	0.102807	0.078763	0.263607	0.447199	0.210430	1,2,3,4,3,1	71.919052	0.159920	0.180135	0.441387	0.077107	0.019773	0.121678	0.031061	0.114518	0.257128	0.205528	0.156655	0.235110	0.013418	0.250380	0.297842	0.117989	0.259885	0.060485	0.066629	0.069237	0.277040	0.036796	0.209150	0.341148	0.013418	0.250380	0.297842	0.117989	0.259885	0.060485	0.159920	0.180135	0.441387	0.077107	0.019773	0.121678	1,2,3,4,4,5	70.962354	0.595136	0.615022	0.579935	1.912313	1.912313	0.738017	
939000	-116500	1,2,3,1,4,5	70.323972	4.528481	5.197146	5.355804	4.528481	5.676099	6.324324	1,2,3,4,1,5	71.765938	0.490186	0.044560	0.327108	0.138147	0.153354	0.261040	0.176374	0.409233	0.065331	0.454796	0.301078	0.178795	0.046972	0.372015	0.127743	0.453269	0.490186	0.044560	0.327108	0.138147	0.116645	0.243441	0.311480	0.328433	1,2,3,4,1,1	71.446269	0.084641	0.274554	0.335957	0.161092	0.047757	0.096000	0.023172	0.317645	0.207548	0.096775	0.199472	0.155388	0.076465	0.054625	0.037495	0.387479	0.208643	0.235293	0.072277	0.206261	0.319962	0.199171	0.040834	0.161494	0.084641	0.274554	0.335957	0.161092	0.047757	0.096000	0.084641	0.274554	0.335957	0.161092	0.047757	0.096000	1,2,1,3,3,1	71.155807	0.567343	0.552535	0.567343	2.186487	2.186487	0.567343	
940000	-117822	1,1,2,3,1,4	71.567872	4.881061	4.881061	6.219627	6.001969	4.881061	5.579347	1,2,3,4,5,2	71.370395	0.270976	0.060623	0.590096	0.078305	0.234201	0.234675	0.334723	0.196401	0.082783	0.383104	0.423415	0.110698	0.079817	0.048674	0.078585	0.792925	0.150696	0.046459	0.334265	0.468580	0.234201	0.234675	0.334723	0.196401	1,2,3,4,3,5	68.761036	0.130197	0.327192	0.268135	0.083147	0.108812	0.082518	0.064481	0.090412	0.173577	0.052894	0.529779	0.088858	0.145130	0.199531	0.180467	0.095236	0.365704	0.013932	0.113014	0.051302	0.294125	0.122342	0.169313	0.249904	0.145130	0.199531	0.180467	0.095236	0.365704	0.013932	0.092665	0.121761	0.174970	0.312850	0.104729	0.193025	1,2,1,3,4,1	71.746679	0.633301	0.695590	0.633301	2.590573	2.143696	0.633301	
941000	-117585	1,2,3,4,3,5	71.132074	5.925479	4.939202	4.916208	5.680898	4.916208	5.283805	1,2,3,4,1,5	72.383238	0.502801	0.017464	0.406972	0.072763	0.150028	0.067931	0.069952	0.712089	0.185751	0.402865	0.388162	0.023222	0.114268	0.025150	0.202556	0.658027	0.502801	0.017464	0.406972	0.072763	0.141413	0.462798	0.339133	0.056657	1,2,1,3,1,4	71.777714	0.071237	0.085460	0.271627	0.100005	0.416805	0.054866	0.122250	0.302181	0.192650	0.135119	0.141146	0.106653	0.071237	0.085460	0.271627	0.100005	0.416805	0.054866	0.044077	0.093879	0.338849	0.128010	0.165194	0.229990	0.071237	0.085460	0.271627	0.100005	0.416805	0.054866	0.106122	0.122311	0.385410	0.074988	0.107404	0.203763	1,2,1,3,3,1	73.120042	0.620182	0.658978	0.620182	2.029507	2.029507	0.620182	
942000	-115911	1,2,1,1,3,4	72.200218	4.861309	5.910662	4.861309	4.861309	5.525497	5.948578	1,2,3,4,5,3	70.563732	0.428730	0.010402	0.436870	0.123998	0.187735	0.170339	0.187505	0.454421	0.105709	0.421314	0.310401	0.162576	0.069754	0.164387	0.213364	0.552495	0.416372	0.064786	0.191406	0.327436	0.105709	0.421314	0.310401	0.162576	1,2,3,2,4,5	70.727085	0.300947	0.178663	0.124202	0.238760	0.033753	0.123676	0.056803	0.192798	0.380096	0.040825	0.143338	0.186141	0.008373	0.047471	0.070586	0.556436	0.281787	0.035347	0.056803	0.192798	0.380096	0.040825	0.143338	0.186141	0.213330	0.262805	0.132681	0.146158	0.137728	0.107298	0.119132	0.189896	0.488131	0.096282	0.038215	0.068343	1,2,2,3,4,2	71.886098	0.657172	0.560212	0.560212	2.746473	2.846573	0.560212	
943000	-117746	1,1,1,2,3,4	71.873763	4.812955	4.812955	4.812955	6.774620	5.885606	5.419611	1,2,3,4,1,2	72.335423	0.557199	0.007106	0.237647	0.198048	0.142048	0.339846	0.309962	0.208144	0.063166	0.399370	0.358280	0.179184	0.441028	0.020933	0.113946	0.424093	0.557199	0.007106	0.237647	0.198048	0.142048	0.339846	0.309962	0.208144	1,1,2,3,4,4	71.121621	0.081926	0.273392	0.320764	0.027019	0.130947	0.165952	0.081926	0.273392	0.320764	0.027019	0.130947	0.165952	0.130676	0.007692	0.055083	0.286905	0.267701	0.251942	0.142564	0.201541	0.027131	0.070754	0.020965	0.537046	0.045924	0.232107	0.276963	0.176128	0.172539	0.096339	0.045924	0.232107	0.276963	0.176128	0.172539	0.096339	1,2,3,4,5,6	73.091223	0.693606	0.727737	0.585480	0.841290	2.751338	0.494378	
944000	-115436	1,2,3,4,5,6	70.732270	5.537094	5.455819	5.303736	5.190711	5.237736	6.132507	1,2,3,4,1,5	72.173746	0.447278	0.021664	0.407049	0.124009	0.199681	0.410061	0.029457	0.360801	0.054158	0.653299	0.150372	0.142172	0.113508	0.064593	0.318422	0.503476	0.447278	0.021664	0.407049	0.124009	0.169948	0.198318	0.428311	0.203423	1,2,3,4,3,5	72.490766	0.099867	0.124639	0.199640	0.361825	0.098544	0.115485	0.097348	0.196221	0.162326	0.168469	0.142073	0.233563	0.051130	0.189547	0.293890	0.271210	0.181200	0.013024	0.027857	0.037289	0.568239	0.110135	0.064934	0.191547	0.051130	0.189547	0.293890	0.271210	0.181200	0.013024	0.035612	0.176316	0.312730	0.163370	0.178126	0.133846	1,2,2,3,4,2	72.824858	0.529835	0.599384	0.599384	1.760579	1.818877	0.599384	
945000	-116829	1,1,1,2,1,3	71.386066	4.470522	4.470522	4.470522	5.668357	4.470522	5.055785	1,2,2,3,3,2	70.411392	0.297888	0.153332	0.436930	0.111851	0.097863	0.466878	0.244463	0.190796	0.097863	0.466878	0.244463	0.190796	0.389074	0.037437	0.067063	0.506426	0.389074	0.037437	0.067063	0.506426	0.097863	0.466878	0.244463	0.190796	1,2,3,4,5,1	70.697011	0.044810	0.315967	0.243347	0.062574	0.096745	0.236558	0.041990	0.185209	0.430291	0.091794	0.122069	0.128647	0.049235	0.394942	0.154109	0.196807	0.178354	0.026553	0.100981	0.146490	0.146908	0.090805	0.028501	0.486316	0.049385	0.612155	0.111316	0.050625	0.120732	0.055787	0.044810	0.315967	0.243347	0.062574	0.096745	0.236558	1,2,3,4,5,3	72.173479	0.612069	0.641869	0.614790	1.942673	1.865622	0.614790	
946000	-116886	1,2,2,3,4,5	71.793367	6.265203	4.696700	4.696700	4.898133	5.529444	6.014703	1,2,3,4,5,6	70.190697	0.609348	0.061893	0.214099	0.114660	0.054659	0.442874	0.091806	0.410661	0.229480	0.296641	0.360417	0.113462	0.245675	0.120200	0.074609	0.559516	0.656003	0.030246	0.127602	0.186148	0.145622	0.208174	0.286560	0.359643	1,2,3,4,3,5	73.508473	0.194346	0.105034	0.366506	0.045281	0.090876	0.197958	0.021926	0.212609	0.414847	0.004596	0.064865	0.281157	0.004188	0.218601	0.164474	0.265216	0.298710	0.048811	0.022773	0.176455	0.254206	0.075936	0.106185	0.364444	0.004188	0.218601	0.164474	0.265216	0.298710	0.048811	0.267977	0.203554	0.206436	0.190630	0.034102	0.097301	1,1,2,3,4,5	71.744831	0.626657	0.626657	0.626782	2.491187	2.226413	0.546351	
947000	-114930	1,1,2,3,4,1	71.977187	4.965383	4.965383	5.566655	5.723838	5.372362	4.965383	1,2,3,4,1,5	70.934937	0.495663	0.065543	0.312259	0.126535	0.128721	0.479224	0.161146	0.230908	0.129930	0.455775	0.342184	0.072111	0.116686	0.081286	0.075038	0.726990	0.495663	0.065543	0.312259	0.126535	0.052946	0.469365	0.341637	0.136052	1,2,3,4,1,1	72.909218	0.052058	0.259782	0.355085	0.097231	0.143213	0.092632	0.028255	0.292973	0.492286	0.016903	0.121308	0.048275	0.019299	0.037628	0.215441	0.231620	0.238121	0.257891	0.063124	0.149715	0.215112	0.038341	0.070800	0.462909	0.052058	0.259782	0.355085	0.097231	0.143213	0.092632	0.052058	0.259782	0.355085	0.097231	0.143213	0.092632	1,2,3,4,4,3	71.658211	0.634806	0.646369	0.625390	1.677780	1.677780	0.625390	
948000	-117084	1,2,1,3,4,5	71.964002	4.831610	5.948022	4.831610	5.758592	5.717132	5.730368	1,2,3,4,5,6	70.823087	0.432615	0.280575	0.240797	0.046013	0.189717	0.262473	0.150600	0.397209	0.251802	0.409310	0.162762	0.176127	0.013834	0.008457	0.284475	0.693234	0.492748	0.065832	0.281260	0.160161	0.204393	0.113222	0.451062	0.231323	1,1,2,2,1,3	70.606849	0.028579	0.324069	0.335340	0.012728	0.155358	0.143926	0.028579	0.324069	0.335340	0.012728	0.155358	0.143926	0.006558	0.017730	0.512253	0.190711	0.127877	0.144871	0.006558	0.017730	0.512253	0.190711	0.127877	0.144871	0.028579	0.324069	0.335340	0.012728	0.155358	0.143926	0.009964	0.204402	0.234504	0.294866	0.135859	0.120405	1,1,2,3,4,1	72.185364	0.623263	0.623263	0.769395	2.489874	2.665405	0.623263	
949000	-117893	1,1,1,2,3,4	71.518136	4.284395	4.284395	4.284395	5.683856	5.559971	6.349027	1,2,3,2,4,3	71.035474	0.123589	0.076225	0.674078	0.126108	0.094649	0.166977	0.209675	0.528699	0.090270	0.296681	0.399712	0.213336	0.094649	0.166977	0.209675	0.528699	0.407246	0.020560	0.182191	0.390004	0.090270	0.296681	0.399712	0.213336	1,1,2,3,4,5	71.126732	0.197448	0.224402	0.232862	0.030785	0.258452	0.056052	0.197448	0.224402	0.232862	0.030785	0.258452	0.056052	0.011232	0.066121	0.161261	0.277218	0.463322	0.020846	0.130387	0.217384	0.228481	0.028799	0.099607	0.295341	0.153529	0.243704	0.169977	0.113221	0.256634	0.062935	0.087799	0.275006	0.175516	0.307535	0.087419	0.066725	1,2,3,4,4,5	72.711436	0.654140	0.645689	0.524518	2.176001	2.176001	0.648200	
950000	-115948	1,1,1,2,3,4	72.340152	4.383980	4.383980	4.383980	5.171997	5.462744	5.505422	1,2,2,3,1,2	71.669116	0.434107	0.049605	0.381374	0.134914	0.096752	0.476048	0.207031	0.220169	0.096752	0.476048	0.207031	0.220169	0.136550	0.019518	0.319817	0.524115	0.434107	0.049605	0.381374	0.134914	0.096752	0.476048	0.207031	0.220169	1,2,3,2,4,1	71.056029	0.126158	0.275290	0.304622	0.115577	0.066630	0.111723	0.013356	0.115246	0.344123	0.058673	0.213730	0.254871	0.021075	0.258856	0.064614	0.402057	0.162324	0.091075	0.013356	0.115246	0.344123	0.058673	0.213730	0.254871	0.013413	0.306226	0.271765	0.188986	0.122896	0.096713	0.126158	0.275290	0.304622	0.115577	0.066630	0.111723	1,2,2,3,4,2	73.149364	0.506898	0.657240	0.657240	2.090184	2.124706	0.657240	
951000	-117014	1,1,2,3,4,5	71.363338	4.915307	4.915307	5.686223	5.343920	5.468982	5.525470	1,2,3,4,5,6	69.852505	0.458175	0.089466	0.303563	0.148796	0.194243	0.522204	0.082294	0.201259	0.018448	0.491364	0.256207	0.233981	0.214710	0.169425	0.095395	0.520470	0.534614	0.043181	0.241495	0.180710	0.200317	0.442804	0.182226	0.174653	1,1,1,2,1,1	70.345513	0.044454	0.252965	0.244174	0.158158	0.154233	0.146016	0.044454	0.252965	0.244174	0.158158	0.154233	0.146016	0.044454	0.252965	0.244174	0.158158	0.154233	0.146016	0.173658	0.078943	0.045499	0.156098	0.008167	0.537635	0.044454	0.252965	0.244174	0.158158	0.154233	0.146016	0.044454	0.252965	0.244174	0.158158	0.154233	0.146016	1,2,3,4,5,2	71.784222	0.591035	0.699525	0.584293	1.660263	2.201690	0.699525	
952000	-118037	1,2,3,4,5,6	70.136557	5.364637	5.308067	5.284081	5.223996	5.465114	5.597937	1,2,3,4,1,3	72.690189	0.358881	0.074472	0.355431	0.211215	0.243226	0.448792	0.138691	0.169290	0.081780	0.284961	0.343832	0.289426	0.072888	0.340703	0.047273	0.539136	0.358881	0.074472	0.355431	0.211215	0.081780	0.284961	0.343832	0.289426	1,2,3,4,1,1	72.244454	0.090597	0.312332	0.201240	0.148703	0.145797	0.101331	0.229874	0.184258	0.172126	0.014175	0.181286	0.218282	0.149869	0.045409	0.136442	0.353805	0.263713	0.050762	0.064388	0.150030	0.398267	0.023398	0.069173	0.294744	0.090597	0.312332	0.201240	0.148703	0.145797	0.101331	0.090597	0.312332	0.201240	0.148703	0.145797	0.101331	1,2,3,4,4,5	70.922770	0.612459	0.695832	0.803754	2.018384	2.018384	0.674921	
953000	-118164	1,1,2,3,4,5	68.290824	4.507536	4.507536	5.051584	5.235845	5.698515	6.271754	1,2,3,4,5,2	68.496227	0.651078	0.026913	0.197468	0.124542	0.118421	0.285895	0.301187	0.294497	0.189462	0.549519	0.165248	0.095771	0.172421	0.251662	0.166859	0.409058	0.444812	0.103236	0.170579	0.281373	0.118421	0.285895	0.301187	0.294497	1,2,3,1,4,4	69.757255	0.089641	0.195653	0.354835	0.103737	0.058117	0.198017	0.038166	0.318259	0.138724	0.008384	0.369822	0.126645	0.037459	0.196814	0.257891	0.188934	0.288833	0.030070	0.089641	0.195653	0.354835	0.103737	0.058117	0.198017	0.140407	0.427535	0.276677	0.058343	0.066717	0.030321	0.140407	0.427535	0.276677	0.058343	0.066717	0.030321	1,2,3,4,4,5	71.739152	0.595984	0.607017	0.608844	2.227239	2.227239	0.596183	
954000	-118155	1,2,3,1,2,4	74.268438	4.931399	4.709886	5.684555	4.931399	4.709886	5.265885	1,2,2,3,4,5	73.127904	0.173511	0.143852	0.552285	0.130353	0.077063	0.464495	0.260775	0.197667	0.077063	0.464495	0.260775	0.197667	0.044796	0.181264	0.092217	0.681723	0.189458	0.110655	0.275857	0.424030	0.085822	0.314078	0.435095	0.165006	1,2,1,3,1,2	70.880977	0.004341	0.272425	0.241063	0.226127	0.185921	0.070122	0.136906	0.249122	0.318500	0.074502	0.084074	0.136897	0.004341	0.272425	0.241063	0.226127	0.185921	0.070122	0.047595	0.146505	0.204180	0.140808	0.053590	0.407323	0.004341	0.272425	0.241063	0.226127	0.185921	0.070122	0.136906	0.249122	0.318500	0.074502	0.084074	0.136897	1,2,3,4,4,2	71.331960	0.628294	0.622868	0.605052	2.533777	2.533777	0.622868	
955000	-117983	1,2,3,1,4,5	71.312172	4.738622	5.970371	4.969771	4.738622	5.883152	5.857347	1,2,3,4,5,3	69.851499	0.399924	0.021881	0.433366	0.144828	0.321630	0.323451	0.049768	0.305151	0.042399	0.363240	0.366395	0.227966	0.298457	0.065667	0.230424	0.405452	0.407949	0.030849	0.281692	0.279510	0.042399	0.363240	0.366395	0.227966	1,2,3,4,5,6	69.854345	0.031965	0.295460	0.449441	0.038798	0.015951	0.168384	0.045067	0.168768	0.410708	0.042254	0.076233	0.256970	0.447994	0.033416	0.087166	0.206564	0.195025	0.029836	0.127063	0.048368	0.117374	0.256267	0.081323	0.369605	0.203543	0.085109	0.136853	0.424825	0.147718	0.001952	0.096196	0.591800	0.065643	0.078927	0.090770	0.076664	1,1,2,3,4,1	70.400125	0.616787	0.616787	0.615790	2.106341	2.071893	0.616787	
956000	-115503	1,1,2,3,3,1	73.209907	4.843728	4.843728	5.558948	5.178355	5.178355	4.843728	1,2,3,4,1,3	72.625377	0.370290	0.118425	0.298264	0.213022	0.057991	0.377997	0.190272	0.373740	0.050241	0.494702	0.307914	0.147143	0.284786	0.074485	0.076632	0.564097	0.370290	0.118425	0.298264	0.213022	0.050241	0.494702	0.307914	0.147143	1,1,2,3,4,5	72.428795	0.044234	0.320520	0.332970	0.033113	0.107314	0.161850	0.044234	0.320520	0.332970	0.033113	0.107314	0.161850	0.202734	0.020843	0.089265	0.317791	0.287017	0.082351	0.124633	0.006851	0.263765	0.093108	0.016767	0.494875	0.029585	0.438172	0.330019	0.023845	0.159640	0.018739	0.204177	0.349833	0.238650	0.044282	0.031622	0.131436	1,2,3,4,4,5	72.559418	0.606589	0.775839	0.587081	2.455494	2.455494	0.669636	
957000	-118622	1,2,3,4,5,6	70.775876	4.688259	5.338541	5.784209	5.207585	4.859627	6.295946	1,2,3,4,4,2	70.246724	0.618388	0.141871	0.212417	0.027324	0.111376	0.287686	0.196294	0.404645	0.089681	0.551927	0.118061	0.240331	0.398725	0.006412	0.102332	0.492530	0.398725	0.006412	0.102332	0.492530	0.111376	0.287686	0.196294	0.404645	1,2,3,1,4,4	70.501268	0.014222	0.258844	0.184821	0.052340	0.168538	0.321236	0.136595	0.115767	0.468602	0.039830	0.122297	0.116909	0.364834	0.032308	0.201075	0.280727	0.053607	0.067450	0.014222	0.258844	0.184821	0.052340	0.168538	0.321236	0.078902	0.551847	0.148043	0.123597	0.009515	0.088097	0.078902	0.551847	0.148043	0.123597	0.009515	0.088097	1,2,3,4,5,1	70.221419	0.490441	0.802640	0.571220	2.482790	2.978611	0.490441	
958000	-116866	1,2,3,4,5,6	69.431292	5.555926	5.237369	5.033631	5.249402	5.560603	5.725170	1,2,2,3,4,2	69.558613	0.539083	0.014566	0.360158	0.086193	0.122048	0.324450	0.241746	0.311755	0.122048	0.324450	0.241746	0.311755	0.120943	0.016724	0.317028	0.545305	0.404673	0.110908	0.179317	0.305103	0.122048	0.324450	0.241746	0.311755	1,2,3,2,4,5	71.155717	0.240549	0.116182	0.403415	0.198124	0.006274	0.035456	0.086430	0.138378	0.247851	0.020499	0.333235	0.173607	0.031446	0.093043	0.391022	0.335575	0.092294	0.056620	0.086430	0.138378	0.247851	0.020499	0.333235	0.173607	0.037696	0.320176	0.406099	0.007038	0.106946	0.122045	0.023795	0.167660	0.503771	0.136074	0.138744	0.029957	1,2,2,3,3,2	72.188780	0.777387	0.619114	0.619114	2.617774	2.617774	0.619114	
959000	-118616	1,2,3,2,4,5	69.323863	5.180984	4.574273	5.876770	4.574273	5.063896	6.805969	1,2,3,4,1,4	70.699621	0.439748	0.054755	0.382319	0.123179	0.580921	0.136044	0.034645	0.248390	0.124554	0.370002	0.259677	0.245767	0.053330	0.156589	0.312458	0.477623	0.439748	0.054755	0.382319	0.123179	0.053330	0.156589	0.312458	0.477623	1,2,3,1,1,3	72.377281	0.056254	0.186041	0.406863	0.125220	0.018339	0.207282	0.033916	0.028981	0.183175	0.054554	0.197810	0.501564	0.081062	0.235702	0.165879	0.389915	0.093789	0.033653	0.056254	0.186041	0.406863	0.125220	0.018339	0.207282	0.056254	0.186041	0.406863	0.125220	0.018339	0.207282	0.081062	0.235702	0.165879	0.389915	0.093789	0.033653	1,2,2,3,4,5	72.033491	0.523824	0.629640	0.629640	2.335206	2.226019	0.587986	
960000	-117073	1,2,3,1,4,5	71.620014	4.248705	5.460235	6.254672	4.248705	5.467711	6.002276	1,2,3,4,1,5	71.487368	0.394537	0.063120	0.341899	0.200444	0.141160	0.298034	0.146355	0.414451	0.205727	0.402184	0.283847	0.108243	0.413699	0.053426	0.103602	0.429274	0.394537	0.063120	0.341899	0.200444	0.248189	0.223938	0.307386	0.220488	1,2,3,4,1,1	71.481459	0.053449	0.285701	0.227690	0.203073	0.155346	0.074742	0.045227	0.084814	0.245944	0.052018	0.236241	0.335757	0.061852	0.051178	0.203470	0.385614	0.246157	0.051728	0.090924	0.046991	0.162684	0.117818	0.305498	0.276085	0.053449	0.285701	0.227690	0.203073	0.155346	0.074742	0.053449	0.285701	0.227690	0.203073	0.155346	0.074742	1,2,2,3,4,2	72.100111	0.494410	0.608481	0.608481	1.583232	3.806869	0.608481	
961000	-118541	1,2,1,3,4,5	72.609612	4.431518	5.226766	4.431518	5.842216	5.433071	5.796769	1,2,3,4,5,2	70.180577	0.216210	0.032392	0.640351	0.111047	0.205055	0.300586	0.190605	0.303754	0.057380	0.509748	0.411835	0.021038	0.060039	0.096156	0.404552	0.439253	0.243848	0.066105	0.423217	0.266830	0.205055	0.300586	0.190605	0.303754	1,2,3,1,2,2	69.326135	0.038286	0.180473	0.497844	0.068429	0.003942	0.211027	0.142898	0.242288	0.328704	0.044207	0.169861	0.072043	0.048373	0.037332	0.321449	0.037032	0.387326	0.168487	0.038286	0.180473	0.497844	0.068429	0.003942	0.211027	0.142898	0.242288	0.328704	0.044207	0.169861	0.072043	0.142898	0.242288	0.328704	0.044207	0.169861	0.072043	1,2,1,3,3,2	71.129988	0.602721	0.682743	0.602721	1.818687	1.818687	0.682743	
962000	-116199	1,2,3,4,5,5	71.216811	4.922365	5.380006	5.456946	5.466786	5.196147	5.196147	1,2,3,4,5,3	70.512076	0.364956	0.234510	0.350290	0.050244	0.235297	0.304408	0.122304	0.337992	0.092907	0.539363	0.228792	0.138938	0.231198	0.064317	0.097024	0.607461	0.474924	0.061838	0.285342	0.177896	0.092907	0.539363	0.228792	0.138938	1,2,3,4,1,5	71.360437	0.026291	0.350401	0.369867	0.016419	0.083314	0.153707	0.114845	0.031381	0.246262	0.032421	0.228779	0.346311	0.237819	0.084811	0.031576	0.284157	0.258760	0.102876	0.096364	0.118485	0.351594	0.095348	0.002075	0.336135	0.026291	0.350401	0.369867	0.016419	0.083314	0.153707	0.171359	0.144330	0.279259	0.040916	0.035404	0.328733	1,2,1,3,4,5	71.233783	0.608270	0.663362	0.608270	1.588588	1.691083	0.634832	
963000	-117485	1,2,3,1,4,5	72.189040	4.189575	6.052029	5.568157	4.189575	5.706614	5.597779	1,2,3,4,1,4	71.459545	0.491579	0.042696	0.262592	0.203133	0.168065	0.297163	0.187830	0.346942	0.062800	0.586587	0.147123	0.203490	0.054110	0.342463	0.294053	0.309375	0.491579	0.042696	0.262592	0.203133	0.054110	0.342463	0.294053	0.309375	1,2,3,1,2,1	72.115627	0.165462	0.289423	0.307814	0.092855	0.049627	0.094819	0.008129	0.435217	0.298497	0.002665	0.146784	0.108708	0.147737	0.023440	0.265600	0.359894	0.195844	0.007485	0.165462	0.289423	0.307814	0.092855	0.049627	0.094819	0.008129	0.435217	0.298497	0.002665	0.146784	0.108708	0.165462	0.289423	0.307814	0.092855	0.049627	0.094819	1,2,2,3,4,5	70.391207	0.589195	0.644195	0.644195	1.476144	2.887465	0.696842	
964000	-117376	1,1,2,1,3,2	72.065724	4.674565	4.674565	5.274344	4.674565	5.409839	5.274344	1,2,3,4,5,6	72.246002	0.467735	0.106203	0.314613	0.111449	0.285399	0.287708	0.140765	0.286128	0.106315	0.421500	0.256729	0.215457	0.119295	0.223707	0.259857	0.397142	0.459996	0.105368	0.272028	0.162608	0.087997	0.369197	0.332187	0.210619	1,2,2,3,4,1	73.069982	0.091139	0.379543	0.235809	0.114882	0.056408	0.122219	0.054174	0.114506	0.367830	0.271091	0.131396	0.061002	0.054174	0.114506	0.367830	0.271091	0.131396	0.061002	0.098595	0.152622	0.314796	0.060125	0.046976	0.326886	0.108245	0.147534	0.380592	0.125881	0.152686	0.085063	0.091139	0.379543	0.235809	0.114882	0.056408	0.122219	1,2,3,4,5,6	72.069143	0.561564	0.589968	0.637839	2.227889	1.743264	0.556465	
965000	-117183	1,2,2,3,4,1	70.261270	4.773924	4.767099	4.767099	6.265414	5.451891	4.773924	1,2,3,4,1,5	70.269921	0.438665	0.055486	0.352389	0.153460	0.215667	0.228936	0.147176	0.408221	0.017913	0.580360	0.227159	0.174569	0.073471	0.319812	0.184901	0.421817	0.438665	0.055486	0.352389	0.153460	0.073024	0.326498	0.460922	0.139556	1,1,2,3,1,3	71.173550	0.018225	0.277089	0.340384	0.119497	0.191211	0.053594	0.018225	0.277089	0.340384	0.119497	0.191211	0.053594	0.028404	0.390352	0.060141	0.137226	0.353007	0.030871	0.313257	0.294731	0.251776	0.050493	0.024210	0.065532	0.018225	0.277089	0.340384	0.119497	0.191211	0.053594	0.313257	0.294731	0.251776	0.050493	0.024210	0.065532	1,2,3,4,4,5	72.108661	0.587149	0.596780	0.412566	2.675714	2.675714	0.502755	
966000	-117929	1,1,2,1,3,4	70.537532	5.119446	5.119446	5.621303	5.119446	5.383075	5.874141	1,2,3,4,1,5	69.661107	0.425282	0.013236	0.438055	0.123427	0.067839	0.282122	0.096349	0.553690	0.059891	0.320554	0.397537	0.222019	0.212900	0.138407	0.208272	0.440421	0.425282	0.013236	0.438055	0.123427	0.069245	0.290173	0.497407	0.143176	1,2,3,4,1,2	72.042532	0.228078	0.168414	0.260845	0.233320	0.019786	0.089557	0.114925	0.101142	0.402524	0.056998	0.122084	0.202328	0.014948	0.013407	0.340546	0.126453	0.303489	0.201158	0.138232	0.137082	0.205713	0.071667	0.002681	0.444625	0.228078	0.168414	0.260845	0.233320	0.019786	0.089557	0.114925	0.101142	0.402524	0.056998	0.122084	0.202328	1,2,1,3,4,2	69.111300	0.594356	0.644294	0.594356	1.631750	2.304744	0.644294	
967000	-117389	1,2,2,3,4,1	69.453466	5.018112	4.476865	4.476865	5.998396	5.547020	5.018112	1,2,2,3,1,4	70.571176	0.611249	0.012609	0.233141	0.143000	0.198038	0.407602	0.174459	0.219902	0.198038	0.407602	0.174459	0.219902	0.266192	0.009692	0.119787	0.604329	0.611249	0.012609	0.233141	0.143000	0.312838	0.242075	0.219922	0.225165	1,2,3,4,1,3	71.897058	0.208704	0.150862	0.216285	0.141632	0.224409	0.058109	0.067361	0.041261	0.267264	0.036572	0.332946	0.254596	0.007189	0.339471	0.133523	0.198272	0.168764	0.152782	0.135365	0.207821	0.111622	0.016893	0.194640	0.333659	0.208704	0.150862	0.216285	0.141632	0.224409	0.058109	0.007189	0.339471	0.133523	0.198272	0.168764	0.152782	1,2,3,4,4,3	72.473713	0.673705	0.698892	0.610319	2.294615	2.294615	0.610319	
968000	-115938	1,2,1,3,4,5	70.947883	3.960837	5.365118	3.960837	5.583125	5.644920	5.667683	1,2,3,4,1,5	70.989730	0.502789	0.017193	0.232851	0.247166	0.122605	0.291130	0.135235	0.451030	0.012385	0.390444	0.258550	0.338620	0.028002	0.080332	0.233064	0.658603	0.502789	0.017193	0.232851	0.247166	0.050395	0.287753	0.291401	0.370451	1,2,3,2,4,5	70.353078	0.326899	0.143385	0.049498	0.253297	0.204494	0.022426	0.051597	0.104501	0.428050	0.115240	0.103553	0.197059	0.430426	0.004419	0.002515	0.371167	0.130087	0.061385	0.051597	0.104501	0.428050	0.115240	0.103553	0.197059	0.093619	0.179973	0.128219	0.416194	0.104438	0.077557	0.164362	0.249942	0.345324	0.083001	0.093853	0.063518	1,2,3,4,5,6	70.497655	0.544266	0.650900	0.564927	2.073538	3.051080	0.609751	
969000	-118523	1,2,3,4,5,2	71.830059	5.271877	4.853082	5.151427	5.080924	5.531697	4.853082	1,2,2,3,1,4	69.047678	0.596458	0.014856	0.282169	0.106517	0.105901	0.479913	0.215885	0.198302	0.105901	0.479913	0.215885	0.198302	0.329629	0.177797	0.030985	0.461590	0.596458	0.014856	0.282169	0.106517	0.257010	0.354903	0.162241	0.225847	1,1,2,3,1,4	73.060513	0.037745	0.194725	0.397022	0.145990	0.106080	0.118438	0.037745	0.194725	0.397022	0.145990	0.106080	0.118438	0.002544	0.485001	0.106924	0.295424	0.104146	0.005961	0.146025	0.225239	0.066699	0.187619	0.041938	0.332480	0.037745	0.194725	0.397022	0.145990	0.106080	0.118438	0.083076	0.245420	0.115648	0.231216	0.024852	0.299788	1,2,3,4,5,2	71.789261	0.563867	0.670544	0.654377	2.034396	1.834763	0.670544	
970000	-117751	1,1,2,3,1,4	70.933575	4.052644	4.052644	6.000614	5.423209	4.052644	5.779482	1,2,3,4,4,5	70.799076	0.396625	0.188083	0.312222	0.103070	0.315756	0.471465	0.065638	0.147141	0.051711	0.588368	0.347182	0.012739	0.229863	0.089511	0.119929	0.560697	0.229863	0.089511	0.119929	0.560697	0.098330	0.341553	0.270131	0.289986	1,2,3,4,5,5	71.861461	0.070259	0.311511	0.225369	0.122196	0.231648	0.039017	0.004055	0.154353	0.059481	0.044392	0.205733	0.531986	0.104112	0.055788	0.117961	0.170217	0.518432	0.033490	0.120555	0.072323	0.275613	0.180187	0.063247	0.288075	0.136835	0.419652	0.108497	0.154907	0.110883	0.069227	0.136835	0.419652	0.108497	0.154907	0.110883	0.069227	1,1,2,3,4,1	70.495512	0.580184	0.580184	0.669336	2.545462	2.307309	0.580184	
971000	-117794	1,2,3,1,3,4	71.265095	4.541740	5.374971	5.228602	4.541740	5.228602	6.612533	1,2,3,2,1,4	70.814149	0.292281	0.157920	0.344621	0.205178	0.193613	0.167346	0.183327	0.455714	0.040155	0.431053	0.315161	0.213631	0.193613	0.167346	0.183327	0.455714	0.292281	0.157920	0.344621	0.205178	0.144899	0.191369	0.334540	0.329192	1,2,3,4,1,1	71.504433	0.058327	0.409656	0.253681	0.147873	0.073558	0.056905	0.164990	0.133939	0.178355	0.031740	0.332322	0.158654	0.103280	0.005299	0.486931	0.207188	0.161214	0.036088	0.000139	0.134534	0.091253	0.075754	0.123137	0.575182	0.058327	0.409656	0.253681	0.147873	0.073558	0.056905	0.058327	0.409656	0.253681	0.147873	0.073558	0.056905	1,2,2,3,3,2	71.800274	0.584750	0.581892	0.581892	2.038964	2.038964	0.581892	
972000	-116195	1,2,3,4,1,1	73.355484	5.130718	5.333543	5.920759	5.580367	5.130718	5.130718	1,2,3,4,5,3	71.349105	0.582563	0.137926	0.244146	0.035365	0.147270	0.214337	0.182181	0.456212	0.059773	0.484665	0.301107	0.154455	0.068527	0.148225	0.143951	0.639298	0.527275	0.105876	0.090215	0.276634	0.059773	0.484665	0.301107	0.154455	1,2,3,4,1,1	70.645579	0.098664	0.387915	0.293301	0.036494	0.054313	0.129312	0.222313	0.257584	0.149078	0.006041	0.158019	0.206966	0.037991	0.143020	0.222922	0.207388	0.167881	0.220797	0.243702	0.192773	0.244913	0.050367	0.001241	0.267005	0.098664	0.387915	0.293301	0.036494	0.054313	0.129312	0.098664	0.387915	0.293301	0.036494	0.054313	0.129312	1,1,1,2,2,3	70.242532	0.655221	0.655221	0.655221	2.619737	2.619737	0.673798	
973000	-117686	1,1,2,3,4,5	70.578426	5.127492	5.127492	5.644135	5.439662	5.915999	5.698787	1,2,3,2,1,2	71.238317	0.498870	0.023302	0.308937	0.168891	0.159524	0.204159	0.182205	0.454112	0.127756	0.519633	0.157741	0.194870	0.159524	0.204159	0.182205	0.454112	0.498870	0.023302	0.308937	0.168891	0.159524	0.204159	0.182205	0.454112	1,2,1,3,1,4	72.913831	0.108143	0.121827	0.107607	0.328333	0.290179	0.043911	0.135276	0.059525	0.366352	0.107888	0.244301	0.086658	0.108143	0.121827	0.107607	0.328333	0.290179	0.043911	0.065634	0.144293	0.278076	0.048329	0.169702	0.293967	0.108143	0.121827	0.107607	0.328333	0.290179	0.043911	0.000323	0.127874	0.309720	0.311283	0.132483	0.118318	1,2,3,4,5,6	71.018213	0.525692	0.614406	0.619620	1.337109	2.265576	0.611576	
974000	-116845	1,1,2,3,4,5	72.539280	5.016937	5.016937	5.987276	5.215149	5.153294	6.311239	1,2,3,4,5,6	72.087776	0.536414	0.168364	0.245755	0.049468	0.164100	0.369316	0.042704	0.423881	0.068099	0.613616	0.187654	0.130631	0.135452	0.194614	0.016442	0.653492	0.493357	0.118878	0.186066	0.201699	0.152735	0.289172	0.384679	0.173414	1,2,3,1,2,2	71.007189	0.008586	0.189082	0.375062	0.114826	0.006114	0.306332	0.073923	0.290095	0.302571	0.157744	0.071697	0.103971	0.030529	0.013555	0.457296	0.294098	0.048115	0.156407	0.008586	0.189082	0.375062	0.114826	0.006114	0.306332	0.073923	0.290095	0.302571	0.157744	0.071697	0.103971	0.073923	0.290095	0.302571	0.157744	0.071697	0.103971	1,1,1,2,3,1	72.349177	0.600729	0.600729	0.600729	2.258508	2.382076	0.600729	
975000	-119339	1,1,1,2,3,4	71.548636	4.730493	4.730493	4.730493	6.134250	5.383285	5.762701	1,2,3,4,1,5	70.317391	0.515277	0.056313	0.263621	0.164789	0.213877	0.253712	0.186853	0.345558	0.105121	0.175786	0.567878	0.151215	0.078989	0.036823	0.209826	0.674362	0.515277	0.056313	0.263621	0.164789	0.192921	0.171453	0.359142	0.276484	1,1,2,3,2,1	72.498987	0.074877	0.272434	0.134899	0.243981	0.165655	0.108154	0.074877	0.272434	0.134899	0.243981	0.165655	0.108154	0.033599	0.216883	0.366598	0.183752	0.182763	0.016405	0.010837	0.014464	0.090981	0.086703	0.166859	0.630156	0.033599	0.216883	0.366598	0.183752	0.182763	0.016405	0.074877	0.272434	0.134899	0.243981	0.165655	0.108154	1,2,3,4,4,2	72.860036	0.593344	0.637596	0.639253	2.328124	2.328124	0.637596	
976000	-117077	1,2,3,1,4,5	70.673328	4.950545	5.602361	5.343566	4.950545	5.659775	5.773019	1,2,3,4,5,6	73.219331	0.500545	0.041406	0.298363	0.159686	0.160965	0.265161	0.171329	0.402545	0.033366	0.438693	0.339512	0.188429	0.090307	0.297252	0.137309	0.475133	0.586650	0.041370	0.158656	0.213324	0.120333	0.418254	0.331624	0.129790	1,2,3,4,1,1	69.546375	0.159209	0.287147	0.233305	0.163192	0.079090	0.078058	0.109970	0.161525	0.364244	0.035001	0.176149	0.153112	0.155129	0.176558	0.097104	0.320868	0.156131	0.094211	0.260589	0.102848	0.253910	0.030340	0.156692	0.195621	0.159209	0.287147	0.233305	0.163192	0.079090	0.078058	0.159209	0.287147	0.233305	0.163192	0.079090	0.078058	1,2,2,3,4,1	70.235391	0.560799	0.626326	0.626326	1.407788	2.480265	0.560799	
977000	-117202	1,2,1,3,4,5	68.199976	4.133298	5.998910	4.133298	6.236161	5.176621	5.629278	1,2,3,4,5,6	68.967415	0.183379	0.033638	0.655129	0.127854	0.285785	0.233399	0.200067	0.280749	0.128416	0.292119	0.431251	0.148214	0.052804	0.254820	0.144214	0.548162	0.502791	0.072486	0.216037	0.208686	0.105299	0.366091	0.331841	0.196770	1,2,3,1,4,4	71.633167	0.037193	0.236791	0.215381	0.381836	0.000091	0.128707	0.066856	0.091486	0.291264	0.082571	0.094850	0.372973	0.070851	0.011860	0.040154	0.348990	0.316719	0.211425	0.037193	0.236791	0.215381	0.381836	0.000091	0.128707	0.091438	0.386018	0.189539	0.157686	0.079857	0.095462	0.091438	0.386018	0.189539	0.157686	0.079857	0.095462	1,2,3,4,5,1	72.534944	0.630101	0.569915	0.669030	2.238946	2.127677	0.630101	
978000	-116681	1,2,3,1,4,5	70.908577	4.721021	5.366486	5.304446	4.721021	5.816714	6.881307	1,2,3,4,1,5	70.737273	0.494082	0.052707	0.251246	0.201964	0.219187	0.311211	0.172311	0.297291	0.052532	0.651293	0.271310	0.024864	0.437084	0.031026	0.204876	0.327014	0.494082	0.052707	0.251246	0.201964	0.187221	0.251835	0.311712	0.249231	1,2,3,4,3,1	70.703388	0.141071	0.285862	0.286278	0.110429	0.128645	0.047716	0.181428	0.175796	0.289138	0.029999	0.272822	0.050817	0.042193	0.191395	0.284082	0.086645	0.361403	0.034282	0.084588	0.076928	0.133842	0.127190	0.143661	0.433792	0.042193	0.191395	0.284082	0.086645	0.361403	0.034282	0.141071	0.285862	0.286278	0.110429	0.128645	0.047716	1,2,1,3,4,1	71.658485	0.589755	0.651379	0.589755	1.617506	2.548074	0.589755	
979000	-115647	1,1,2,3,4,5	71.719881	4.774288	4.774288	5.957836	4.735251	6.035647	5.501708	1,2,3,4,1,2	70.742320	0.505565	0.011615	0.296325	0.186495	0.108554	0.300526	0.187837	0.403082	0.078348	0.556128	0.271219	0.094304	0.070124	0.046901	0.360460	0.522515	0.505565	0.011615	0.296325	0.186495	0.108554	0.300526	0.187837	0.403082	1,2,3,2,4,4	71.524184	0.038389	0.179025	0.290211	0.386671	0.003982	0.101722	0.079995	0.207996	0.516472	0.019078	0.086278	0.090181	0.089792	0.194241	0.006569	0.343898	0.260098	0.105402	0.079995	0.207996	0.516472	0.019078	0.086278	0.090181	0.084223	0.357086	0.284061	0.138154	0.044493	0.091983	0.084223	0.357086	0.284061	0.138154	0.044493	0.091983	1,2,3,4,4,3	71.849072	0.541759	0.603767	0.562836	1.575308	1.575308	0.562836	
980000	-115353	1,2,3,4,5,6	71.852912	5.254525	5.717564	5.155586	6.476965	5.585536	6.536969	1,2,3,4,5,2	70.866304	0.499381	0.069362	0.379383	0.051873	0.153337	0.255850	0.299510	0.291303	0.072396	0.369922	0.354738	0.202944	0.115645	0.019822	0.092088	0.772446	0.560422	0.073145	0.116922	0.249511	0.153337	0.255850	0.299510	0.291303	1,1,2,3,4,4	71.705397	0.133139	0.170816	0.392164	0.095187	0.056736	0.151959	0.133139	0.170816	0.392164	0.095187	0.056736	0.151959	0.058847	0.103426	0.117626	0.458195	0.187586	0.074320	0.030467	0.139391	0.262088	0.189541	0.071007	0.307505	0.090926	0.316311	0.290319	0.148070	0.086944	0.067430	0.090926	0.316311	0.290319	0.148070	0.086944	0.067430	1,2,3,4,5,1	71.347457	0.529128	0.637130	0.704829	1.465361	2.307898	0.529128	
981000	-117045	1,2,3,4,5,2	70.476978	4.835245	4.948018	5.629163	5.735857	4.977962	4.948018	1,2,3,4,1,5	70.431459	0.468677	0.030970	0.401333	0.099020	0.183928	0.407852	0.053623	0.354598	0.016852	0.529422	0.086222	0.367505	0.105790	0.163545	0.138091	0.592574	0.468677	0.030970	0.401333	0.099020	0.192991	0.124301	0.395320	0.287387	1,2,3,4,5,1	71.564125	0.107625	0.141578	0.266870	0.155531	0.094785	0.233611	0.098655	0.144924	0.284534	0.081473	0.168463	0.221951	0.112284	0.099018	0.377882	0.237909	0.130937	0.041970	0.156703	0.241609	0.110160	0.053493	0.036380	0.401654	0.075557	0.170861	0.421226	0.016920	0.191400	0.124036	0.107625	0.141578	0.266870	0.155531	0.094785	0.233611	1,2,3,4,5,1	70.397816	0.615985	0.755862	0.679268	2.580543	1.267179	0.615985	
982000	-118846	1,2,3,3,2,4	69.900829	4.429153	5.165658	4.540090	4.540090	5.165658	6.320146	1,2,3,4,5,2	70.335654	0.275783	0.206840	0.262133	0.255244	0.142192	0.276160	0.204984	0.376664	0.034704	0.239664	0.162377	0.563256	0.332246	0.129197	0.127634	0.410923	0.539761	0.020721	0.177005	0.262513	0.142192	0.276160	0.204984	0.376664	1,2,3,4,1,1	70.877686	0.089322	0.345743	0.312073	0.082153	0.047465	0.123244	0.145433	0.045390	0.513034	0.083275	0.131444	0.081423	0.173061	0.426425	0.030933	0.255236	0.092855	0.021491	0.163789	0.304114	0.146009	0.039349	0.022153	0.324586	0.089322	0.345743	0.312073	0.082153	0.047465	0.123244	0.089322	0.345743	0.312073	0.082153	0.047465	0.123244	1,1,2,3,4,1	70.647176	0.643998	0.643998	0.823086	2.083994	2.012277	0.643998	
983000	-118364	1,2,3,4,3,5	71.901146	4.455695	5.712616	5.195154	5.836581	5.195154	6.504952	1,2,3,4,1,5	69.819804	0.364489	0.072505	0.201409	0.361597	0.258926	0.262173	0.057835	0.421065	0.098559	0.328374	0.520825	0.052242	0.214368	0.026821	0.109045	0.649767	0.364489	0.072505	0.201409	0.361597	0.186904	0.291740	0.185114	0.336242	1,2,3,4,2,5	71.128571	0.033451	0.185218	0.347306	0.141404	0.097099	0.195523	0.080890	0.349344	0.273430	0.013858	0.210167	0.072312	0.072092	0.197016	0.164566	0.114838	0.404718	0.046770	0.064116	0.021251	0.322586	0.285776	0.063995	0.242276	0.080890	0.349344	0.273430	0.013858	0.210167	0.072312	0.152469	0.452817	0.187473	0.102889	0.013704	0.090649	1,1,2,3,4,1	72.362824	0.561449	0.561449	0.674402	2.130347	2.570548	0.561449	
984000	-117243	1,1,1,2,1,3	71.731846	4.166545	4.166545	4.166545	5.908653	4.166545	6.800455	1,2,3,4,5,3	71.204635	0.250538	0.052282	0.641008	0.056172	0.430475	0.274548	0.033849	0.261128	0.092766	0.267041	0.346965	0.293228	0.157335	0.037806	0.050463	0.754396	0.315834	0.215640	0.366350	0.102176	0.092766	0.267041	0.346965	0.293228	1,2,2,3,1,1	72.570521	0.047677	0.301707	0.431600	0.077807	0.039834	0.101375	0.058083	0.145832	0.209483	0.219662	0.256720	0.110221	0.058083	0.145832	0.209483	0.219662	0.256720	0.110221	0.081395	0.084820	0.195165	0.330424	0.027661	0.280536	0.047677	0.301707	0.431600	0.077807	0.039834	0.101375	0.047677	0.301707	0.431600	0.077807	0.039834	0.101375	1,2,3,4,5,6	70.880311	0.605867	0.749166	0.664644	2.626922	2.096491	0.518540	
985000	-118141	1,2,1,3,4,5	72.259315	4.021724	5.657217	4.021724	6.167537	5.980764	5.894480	1,2,3,4,4,3	72.478004	0.383160	0.180302	0.369893	0.066645	0.172326	0.240439	0.150366	0.436869	0.083968	0.357224	0.300179	0.258629	0.163564	0.076472	0.043533	0.716431	0.163564	0.076472	0.043533	0.716431	0.083968	0.357224	0.300179	0.258629	1,1,2,3,4,1	71.171799	0.119298	0.319328	0.277154	0.112957	0.071290	0.099973	0.119298	0.319328	0.277154	0.112957	0.071290	0.099973	0.134351	0.039018	0.017856	0.380757	0.415770	0.012248	0.395938	0.015688	0.209081	0.156208	0.023496	0.199589	0.074511	0.299652	0.066777	0.167967	0.365186	0.025907	0.119298	0.319328	0.277154	0.112957	0.071290	0.099973	1,2,3,4,5,3	71.145096	0.526228	0.670226	0.613799	1.579076	2.030507	0.613799	
986000	-116184	1,1,1,2,1,3	72.908017	4.353214	4.353214	4.353214	5.348374	4.353214	5.733514	1,2,3,4,5,6	70.788204	0.321579	0.030293	0.274909	0.373218	0.119990	0.347460	0.108112	0.424438	0.102520	0.567349	0.264694	0.065438	0.285838	0.008758	0.154388	0.551016	0.662061	0.034846	0.079407	0.223686	0.250121	0.157830	0.353632	0.238417	1,2,3,4,1,5	71.221853	0.124262	0.153141	0.053250	0.388719	0.271078	0.009549	0.076787	0.108904	0.419335	0.039463	0.183247	0.172264	0.008360	0.002822	0.310926	0.301895	0.204778	0.171219	0.113214	0.066513	0.104881	0.074331	0.253336	0.387724	0.124262	0.153141	0.053250	0.388719	0.271078	0.009549	0.076433	0.228144	0.160705	0.154143	0.314856	0.065720	1,2,3,4,5,2	72.197542	0.575790	0.654768	0.465826	1.637124	2.239513	0.654768	
987000	-116362	1,2,1,3,4,5	72.110501	4.206397	5.328860	4.206397	5.642482	5.073669	5.771647	1,2,3,4,5,6	71.099889	0.343500	0.131496	0.462342	0.062662	0.224108	0.212086	0.085126	0.478680	0.213106	0.425056	0.176667	0.185172	0.055527	0.014071	0.172606	0.757796	0.275022	0.112041	0.367361	0.245576	0.099080	0.254239	0.271125	0.375556	1,2,3,4,5,5	71.933909	0.149608	0.205197	0.435568	0.028072	0.090852	0.090702	0.084074	0.021030	0.292656	0.056077	0.202469	0.343696	0.126418	0.132987	0.065295	0.349737	0.094402	0.231161	0.112731	0.016931	0.358639	0.294415	0.088617	0.128668	0.074721	0.331142	0.290832	0.136784	0.097792	0.068730	0.074721	0.331142	0.290832	0.136784	0.097792	0.068730	1,2,3,4,5,3	71.418527	0.523587	0.538637	0.596844	1.609600	1.823180	0.596844	
988000	-116186	1,1,2,1,3,4	71.247188	4.861486	4.861486	5.394612	4.861486	5.293536	6.153270	1,2,3,4,5,6	71.252270	0.459679	0.064167	0.385980	0.090173	0.111003	0.254122	0.197399	0.437475	0.015075	0.739595	0.201888	0.043442	0.246580	0.127138	0.079252	0.547029	0.407759	0.107311	0.291537	0.193393	0.123466	0.223038	0.435152	0.218343	1,1,2,3,1,4	70.342760	0.090930	0.154477	0.310561	0.040744	0.245395	0.157893	0.090930	0.154477	0.310561	0.040744	0.245395	0.157893	0.086769	0.050692	0.474838	0.154226	0.183215	0.050260	0.048267	0.001629	0.307844	0.171953	0.185397	0.284910	0.090930	0.154477	0.310561	0.040744	0.245395	0.157893	0.157433	0.263709	0.123022	0.216604	0.030004	0.209227	1,2,2,3,3,1	72.171232	0.570251	0.584695	0.584695	2.159271	2.159271	0.570251	
989000	-115827	1,1,2,3,3,4	74.542246	5.005097	5.005097	5.465170	5.444920	5.444920	5.954205	1,2,3,4,1,5	70.957156	0.481703	0.033143	0.273186	0.211968	0.142164	0.333623	0.168108	0.356105	0.083303	0.290023	0.487861	0.138813	0.035088	0.017053	0.265141	0.682717	0.481703	0.033143	0.273186	0.211968	0.133463	0.185774	0.268911	0.411852	1,2,3,4,3,1	70.774630	0.221227	0.121201	0.098312	0.380944	0.118971	0.059346	0.088586	0.109621	0.429206	0.019682	0.188057	0.164848	0.030517	0.155465	0.253028	0.242453	0.243555	0.074981	0.179079	0.084006	0.413916	0.004115	0.208082	0.110802	0.030517	0.155465	0.253028	0.242453	0.243555	0.074981	0.221227	0.121201	0.098312	0.380944	0.118971	0.059346	1,2,3,4,4,5	72.333422	0.592260	0.581929	0.640540	1.895590	1.895590	0.595654	
990000	-116881	1,2,3,1,4,5	70.657535	4.430013	5.111379	5.484892	4.430013	5.650448	6.042813	1,2,3,4,5,6	71.279157	0.266853	0.072963	0.561651	0.098533	0.127088	0.352727	0.131621	0.388564	0.113774	0.408394	0.320134	0.157698	0.273691	0.165283	0.056178	0.504847	0.655415	0.043482	0.176308	0.124795	0.179280	0.266988	0.251336	0.302396	1,1,2,3,1,4	70.193363	0.049146	0.380664	0.293885	0.034876	0.104444	0.136984	0.049146	0.380664	0.293885	0.034876	0.104444	0.136984	0.125009	0.054451	0.269992	0.340094	0.111965	0.098488	0.008190	0.106229	0.065929	0.571491	0.032919	0.215242	0.049146	0.380664	0.293885	0.034876	0.104444	0.136984	0.115244	0.360152	0.068647	0.179184	0.050987	0.225786	1,2,2,3,3,1	69.809595	0.561580	0.699888	0.699888	1.862455	1.862455	0.561580	
991000	-117533	1,2,2,1,3,4	71.811500	5.099070	4.756811	4.756811	5.099070	5.244859	5.829791	1,2,3,4,5,3	72.900118	0.625435	0.065070	0.229622	0.079873	0.242845	0.457031	0.108402	0.191722	0.095538	0.258102	0.373357	0.273003	0.304747	0.080725	0.084955	0.529573	0.536537	0.142574	0.201035	0.119854	0.095538	0.258102	0.373357	0.273003	1,2,3,4,5,5	71.117430	0.020804	0.247331	0.621071	0.040454	0.036181	0.034160	0.012141	0.158934	0.228544	0.019394	0.218983	0.362005	0.057570	0.008805	0.041644	0.250536	0.303486	0.337960	0.009106	0.313899	0.100995	0.268857	0.015656	0.291486	0.022640	0.346041	0.206998	0.144984	0.150842	0.128496	0.022640	0.346041	0.206998	0.144984	0.150842	0.128496	1,1,1,2,2,1	70.421016	0.636099	0.636099	0.636099	1.952461	1.952461	0.636099	
992000	-118218	1,2,1,3,4,5	70.216198	4.362387	5.457745	4.362387	4.710690	6.302259	5.969671	1,2,3,4,1,5	72.149547	0.463059	0.039976	0.251792	0.245174	0.157809	0.470592	0.101876	0.269723	0.043843	0.428000	0.244003	0.284154	0.583029	0.135312	0.012943	0.268716	0.463059	0.039976	0.251792	0.245174	0.053327	0.326744	0.391739	0.228190	1,2,3,4,3,5	71.702081	0.225325	0.147323	0.056379	0.363551	0.153092	0.054329	0.243394	0.004950	0.308714	0.015620	0.054117	0.373205	0.125389	0.226949	0.076126	0.398884	0.140338	0.032313	0.143747	0.062941	0.029550	0.008101	0.015068	0.740591	0.125389	0.226949	0.076126	0.398884	0.140338	0.032313	0.126778	0.382157	0.255229	0.128205	0.062337	0.045295	1,1,1,2,2,1	72.105268	0.566135	0.566135	0.566135	2.438427	2.438427	0.566135	
993000	-117879	1,2,3,4,1,5	70.780106	4.771288	5.266547	5.297802	5.993050	4.771288	6.127854	1,2,3,4,5,2	69.324113	0.232246	0.304652	0.448455	0.014648	0.134737	0.266659	0.235268	0.363336	0.008059	0.507345	0.326159	0.158437	0.171399	0.030905	0.413918	0.383778	0.345768	0.103860	0.290488	0.259884	0.134737	0.266659	0.235268	0.363336	1,1,2,3,1,4	70.853267	0.041419	0.222149	0.366942	0.045127	0.196169	0.128194	0.041419	0.222149	0.366942	0.045127	0.196169	0.128194	0.004866	0.035716	0.411556	0.330107	0.157960	0.059795	0.241335	0.031090	0.353157	0.059490	0.094498	0.220431	0.041419	0.222149	0.366942	0.045127	0.196169	0.128194	0.276285	0.294245	0.104531	0.055629	0.046924	0.222387	1,1,2,3,4,1	69.756272	0.601392	0.601392	0.542912	2.172878	2.448590	0.601392	
994000	-115339	1,2,2,3,4,5	69.684272	4.959227	4.855975	4.855975	5.555168	5.712904	6.456346	1,2,3,4,1,5	71.353805	0.506075	0.026584	0.248360	0.218980	0.186099	0.195125	0.196484	0.422293	0.083477	0.421627	0.341301	0.153595	0.026671	0.081912	0.176391	0.715026	0.506075	0.026584	0.248360	0.218980	0.145153	0.307532	0.320870	0.226445	1,2,3,4,1,1	70.297106	0.099562	0.297909	0.273163	0.170154	0.097448	0.061764	0.079225	0.009076	0.324167	0.085003	0.376950	0.125580	0.134474	0.043521	0.114483	0.285279	0.386549	0.035694	0.080945	0.054298	0.446899	0.198837	0.068820	0.150200	0.099562	0.297909	0.273163	0.170154	0.097448	0.061764	0.099562	0.297909	0.273163	0.170154	0.097448	0.061764	1,2,2,3,3,2	71.521585	0.593207	0.629419	0.629419	2.638598	2.638598	0.629419	
995000	-117495	1,1,1,1,2,3	70.255409	4.622475	4.622475	4.622475	4.622475	5.227432	5.730258	1,2,3,4,5,1	72.280090	0.121305	0.132844	0.603993	0.141857	0.083942	0.240500	0.156235	0.519324	0.127230	0.347344	0.192409	0.333017	0.010018	0.012960	0.066615	0.910407	0.546018	0.123780	0.157113	0.173089	0.121305	0.132844	0.603993	0.141857	1,2,3,4,5,2	72.126228	0.041369	0.336988	0.194196	0.096204	0.235020	0.096222	0.123627	0.252690	0.217414	0.075174	0.210437	0.120658	0.105310	0.039332	0.145084	0.515211	0.103930	0.091134	0.083157	0.056224	0.477113	0.006590	0.135864	0.241053	0.073647	0.400002	0.296669	0.012593	0.180314	0.036776	0.123627	0.252690	0.217414	0.075174	0.210437	0.120658	1,2,3,4,5,2	69.033434	0.707610	0.645891	0.692038	1.479535	3.115469	0.645891	
996000	-117624	1,1,2,3,4,5	70.802939	4.791433	4.791433	5.098116	5.831904	5.262050	6.368045	1,2,3,4,1,2	70.796596	0.720106	0.018462	0.132560	0.128872	0.095083	0.275286	0.240018	0.389613	0.024763	0.148436	0.636980	0.189821	0.046234	0.029547	0.094263	0.829956	0.720106	0.018462	0.132560	0.128872	0.095083	0.275286	0.240018	0.389613	1,2,1,3,1,3	72.448930	0.071339	0.110565	0.079148	0.294221	0.399239	0.045489	0.176777	0.147023	0.515648	0.037129	0.109893	0.013530	0.071339	0.110565	0.079148	0.294221	0.399239	0.045489	0.023436	0.297999	0.235370	0.269988	0.057905	0.115302	0.071339	0.110565	0.079148	0.294221	0.399239	0.045489	0.023436	0.297999	0.235370	0.269988	0.057905	0.115302	1,2,2,3,3,4	73.043615	0.548805	0.611920	0.611920	2.006444	2.006444	0.623716	
997000	-117192	1,1,1,2,1,3	70.902375	4.689150	4.689150	4.689150	6.868485	4.689150	4.989653	1,2,2,3,4,4	70.711933	0.286600	0.257913	0.348304	0.107183	0.121884	0.475816	0.186489	0.215811	0.121884	0.475816	0.186489	0.215811	0.156857	0.085304	0.241819	0.516020	0.333570	0.192790	0.294300	0.179339	0.333570	0.192790	0.294300	0.179339	1,1,2,3,1,2	68.948234	0.038645	0.273777	0.337132	0.021159	0.196405	0.132882	0.038645	0.273777	0.337132	0.021159	0.196405	0.132882	0.078576	0.147265	0.115593	0.310485	0.182873	0.165208	0.005444	0.522082	0.213762	0.154665	0.007978	0.096070	0.038645	0.273777	0.337132	0.021159	0.196405	0.132882	0.078576	0.147265	0.115593	0.310485	0.182873	0.165208	1,2,3,4,5,6	71.824478	0.588305	0.792523	0.642385	2.668135	2.193284	0.666249	
998000	-117161	1,2,3,1,4,5	71.308393	4.812300	5.040539	5.473528	4.812300	5.194980	6.468079	1,2,3,4,1,5	72.506055	0.575278	0.097011	0.212557	0.115153	0.239537	0.228822	0.054420	0.477221	0.040718	0.371060	0.329090	0.259133	0.168419	0.231377	0.179832	0.420372	0.575278	0.097011	0.212557	0.115153	0.155564	0.161977	0.527146	0.155313	1,1,2,3,1,4	71.117111	0.025802	0.235250	0.320513	0.046066	0.236617	0.135752	0.025802	0.235250	0.320513	0.046066	0.236617	0.135752	0.063169	0.068892	0.191688	0.459663	0.129643	0.086945	0.036970	0.103356	0.147788	0.367682	0.004882	0.339322	0.025802	0.235250	0.320513	0.046066	0.236617	0.135752	0.043228	0.164353	0.222639	0.175498	0.344714	0.049569	1,2,1,3,4,1	73.500239	0.592566	0.595858	0.592566	2.196009	2.211726	0.592566	
999000	-117078	1,2,1,3,4,5	71.071139	5.205853	5.369083	5.205853	5.784733	5.582250	5.592056	1,2,3,4,1,5	74.080236	0.493844	0.015911	0.343057	0.147188	0.131559	0.131106	0.188401	0.548933	0.156885	0.460770	0.283365	0.098980	0.257660	0.051627	0.202838	0.487875	0.493844	0.015911	0.343057	0.147188	0.104536	0.432703	0.222768	0.239992	1,2,3,4,2,1	70.698824	0.175721	0.198865	0.215868	0.173956	0.102161	0.133429	0.105517	0.128347	0.249407	0.032571	0.386519	0.097638	0.015508	0.275293	0.031699	0.291105	0.158263	0.228132	0.469916	0.036174	0.239080	0.076321	0.049079	0.129431	0.105517	0.128347	0.249407	0.032571	0.386519	0.097638	0.175721	0.198865	0.215868	0.173956	0.102161	0.133429	1,1,2,3,3,4	71.410227	0.626417	0.626417	0.698348	2.327913	2.327913	0.619474	
1000000	-116702	1,2,3,4,5,6	69.572039	4.163932	5.368778	5.236114	5.693490	5.671152	5.732902	1,2,3,4,5,6	72.252553	0.468137	0.030518	0.464497	0.036848	0.223670	0.264336	0.128514	0.383480	0.090292	0.717886	0.114280	0.077542	0.053161	0.011344	0.118500	0.816995	0.244107	0.097291	0.514176	0.144427	0.153857	0.089096	0.475763	0.281283	1,2,1,3,2,1	68.569158	0.071873	0.196666	0.166248	0.289088	0.208033	0.068092	0.025137	0.181297	0.261105	0.055891	0.407350	0.069218	0.071873	0.196666	0.166248	0.289088	0.208033	0.068092	0.051274	0.031348	0.420844	0.042169	0.029571	0.424795	0.025137	0.181297	0.261105	0.055891	0.407350	0.069218	0.071873	0.196666	0.166248	0.289088	0.208033	0.068092	1,2,2,3,4,2	71.475547	0.542380	0.585236	0.585236	1.237308	2.056144	0.585236	
