Gen	lnL	RGF(Length)	L(Alpha)	L(1,1)	L(2,1)	L(3,1)	L(4,1)	L(5,1)	L(6,1)	RGF(Pi)	Pi(Alpha)	Pi(1,A)	Pi(1,C)	Pi(1,G)	Pi(1,T)	Pi(2,A)	Pi(2,C)	Pi(2,G)	Pi(2,T)	Pi(3,A)	Pi(3,C)	Pi(3,G)	Pi(3,T)	Pi(4,A)	Pi(4,C)	Pi(4,G)	Pi(4,T)	Pi(5,A)	Pi(5,C)	Pi(5,G)	Pi(5,T)	Pi(6,A)	Pi(6,C)	Pi(6,G)	Pi(6,T)	RGF(R)	R(Alpha)	R(1,AC)	R(1,AG)	R(1,AT)	R(1,CG)	R(1,CT)	R(1,GT)	R(2,AC)	R(2,AG)	R(2,AT)	R(2,CG)	R(2,CT)	R(2,GT)	R(3,AC)	R(3,AG)	R(3,AT)	R(3,CG)	R(3,CT)	R(3,GT)	R(4,AC)	R(4,AG)	R(4,AT)	R(4,CG)	R(4,CT)	R(4,GT)	R(5,AC)	R(5,AG)	R(5,AT)	R(5,CG)	R(5,CT)	R(5,GT)	R(6,AC)	R(6,AG)	R(6,AT)	R(6,CG)	R(6,CT)	R(6,GT)	RGF(Alpha)	Alpha(Alpha)	Alpha(1,1)	Alpha(2,1)	Alpha(3,1)	Alpha(4,1)	Alpha(5,1)	Alpha(6,1)	
1	-68530.6	1,2,3,3,4,4	1.502307	5.805837	5.207812	6.287311	6.287311	5.875088	5.875088	1,1,2,1,1,2	1.746182	0.054158	0.307216	0.017507	0.621119	0.054158	0.307216	0.017507	0.621119	0.203553	0.402610	0.321356	0.072481	0.054158	0.307216	0.017507	0.621119	0.054158	0.307216	0.017507	0.621119	0.203553	0.402610	0.321356	0.072481	1,2,2,2,2,2	3.065256	0.098886	0.211023	0.085634	0.246939	0.039913	0.317604	0.181659	0.217726	0.003837	0.398467	0.179605	0.018706	0.181659	0.217726	0.003837	0.398467	0.179605	0.018706	0.181659	0.217726	0.003837	0.398467	0.179605	0.018706	0.181659	0.217726	0.003837	0.398467	0.179605	0.018706	0.181659	0.217726	0.003837	0.398467	0.179605	0.018706	1,1,1,1,1,1	0.575759	0.033594	0.033594	0.033594	0.033594	0.033594	0.033594	
1000	-68597.5	1,2,3,3,4,5	6.060940	5.255071	5.488752	6.599180	6.599180	6.100832	5.802644	1,1,2,1,1,2	1.238519	0.051259	0.311075	0.015220	0.622445	0.051259	0.311075	0.015220	0.622445	0.196454	0.406699	0.324650	0.072197	0.051259	0.311075	0.015220	0.622445	0.051259	0.311075	0.015220	0.622445	0.196454	0.406699	0.324650	0.072197	1,2,2,2,2,2	0.777935	0.213922	0.158603	0.273043	0.183891	0.087793	0.082747	0.190254	0.212829	0.004024	0.395228	0.177901	0.019762	0.190254	0.212829	0.004024	0.395228	0.177901	0.019762	0.190254	0.212829	0.004024	0.395228	0.177901	0.019762	0.190254	0.212829	0.004024	0.395228	0.177901	0.019762	0.190254	0.212829	0.004024	0.395228	0.177901	0.019762	1,1,1,1,1,1	1.381931	0.035061	0.035061	0.035061	0.035061	0.035061	0.035061	
2000	-68542.9	1,1,2,2,3,3	1.531112	5.531837	5.531837	6.264017	6.264017	5.765538	5.765538	1,1,2,1,1,2	0.807538	0.050977	0.309705	0.014823	0.624495	0.050977	0.309705	0.014823	0.624495	0.198827	0.405568	0.319043	0.076563	0.050977	0.309705	0.014823	0.624495	0.050977	0.309705	0.014823	0.624495	0.198827	0.405568	0.319043	0.076563	1,2,2,2,2,2	0.998340	0.042994	0.328184	0.065850	0.394799	0.017302	0.150871	0.193507	0.199947	0.008649	0.408867	0.166279	0.022752	0.193507	0.199947	0.008649	0.408867	0.166279	0.022752	0.193507	0.199947	0.008649	0.408867	0.166279	0.022752	0.193507	0.199947	0.008649	0.408867	0.166279	0.022752	0.193507	0.199947	0.008649	0.408867	0.166279	0.022752	1,1,1,1,1,1	0.581943	0.032738	0.032738	0.032738	0.032738	0.032738	0.032738	
3000	-68564.3	1,1,2,2,3,3	3.119417	5.237970	5.237970	6.222155	6.222155	5.953384	5.953384	1,1,2,1,1,2	1.794146	0.051007	0.311831	0.015411	0.621751	0.051007	0.311831	0.015411	0.621751	0.196890	0.403830	0.320196	0.079084	0.051007	0.311831	0.015411	0.621751	0.051007	0.311831	0.015411	0.621751	0.196890	0.403830	0.320196	0.079084	1,2,2,2,2,2	1.721131	0.123617	0.095078	0.346681	0.197596	0.135701	0.101328	0.189684	0.210719	0.005342	0.401363	0.163280	0.029612	0.189684	0.210719	0.005342	0.401363	0.163280	0.029612	0.189684	0.210719	0.005342	0.401363	0.163280	0.029612	0.189684	0.210719	0.005342	0.401363	0.163280	0.029612	0.189684	0.210719	0.005342	0.401363	0.163280	0.029612	1,1,1,1,1,1	0.447240	0.034899	0.034899	0.034899	0.034899	0.034899	0.034899	
4000	-68616.6	1,2,3,3,4,4	2.892447	4.933258	5.488550	6.431964	6.431964	6.056072	6.056072	1,1,2,1,1,2	0.840855	0.049311	0.308358	0.016955	0.625377	0.049311	0.308358	0.016955	0.625377	0.196532	0.404827	0.330244	0.068397	0.049311	0.308358	0.016955	0.625377	0.049311	0.308358	0.016955	0.625377	0.196532	0.404827	0.330244	0.068397	1,2,2,2,2,2	2.311623	0.051715	0.073905	0.087906	0.509745	0.091236	0.185492	0.195761	0.201259	0.005109	0.399050	0.179840	0.018981	0.195761	0.201259	0.005109	0.399050	0.179840	0.018981	0.195761	0.201259	0.005109	0.399050	0.179840	0.018981	0.195761	0.201259	0.005109	0.399050	0.179840	0.018981	0.195761	0.201259	0.005109	0.399050	0.179840	0.018981	1,1,1,1,1,1	0.312053	0.035206	0.035206	0.035206	0.035206	0.035206	0.035206	
5000	-68622.6	1,2,1,1,3,4	5.915219	6.286950	5.182557	6.286950	6.286950	6.068223	5.900765	1,1,2,1,1,2	2.366749	0.053372	0.306251	0.016072	0.624304	0.053372	0.306251	0.016072	0.624304	0.196014	0.410177	0.319122	0.074687	0.053372	0.306251	0.016072	0.624304	0.053372	0.306251	0.016072	0.624304	0.196014	0.410177	0.319122	0.074687	1,2,2,2,2,2	0.388762	0.150100	0.430261	0.229913	0.023708	0.067134	0.098885	0.176865	0.220662	0.005546	0.405159	0.167465	0.024304	0.176865	0.220662	0.005546	0.405159	0.167465	0.024304	0.176865	0.220662	0.005546	0.405159	0.167465	0.024304	0.176865	0.220662	0.005546	0.405159	0.167465	0.024304	0.176865	0.220662	0.005546	0.405159	0.167465	0.024304	1,1,1,1,1,1	0.873371	0.032297	0.032297	0.032297	0.032297	0.032297	0.032297	
6000	-68608.4	1,1,2,3,4,5	3.022076	5.392836	5.392836	6.413351	6.162637	6.145116	5.756547	1,1,2,1,1,2	1.604515	0.047126	0.303888	0.014485	0.634501	0.047126	0.303888	0.014485	0.634501	0.205262	0.404745	0.317842	0.072151	0.047126	0.303888	0.014485	0.634501	0.047126	0.303888	0.014485	0.634501	0.205262	0.404745	0.317842	0.072151	1,2,2,2,2,2	1.214696	0.112153	0.264707	0.072627	0.381209	0.057247	0.112055	0.192233	0.214030	0.003367	0.399085	0.166125	0.025159	0.192233	0.214030	0.003367	0.399085	0.166125	0.025159	0.192233	0.214030	0.003367	0.399085	0.166125	0.025159	0.192233	0.214030	0.003367	0.399085	0.166125	0.025159	0.192233	0.214030	0.003367	0.399085	0.166125	0.025159	1,1,1,1,1,1	0.457487	0.032321	0.032321	0.032321	0.032321	0.032321	0.032321	
7000	-68524.2	1,2,3,1,1,1	0.374717	6.047142	5.293572	6.496962	6.047142	6.047142	6.047142	1,1,2,1,1,2	0.726585	0.058682	0.309593	0.015985	0.615741	0.058682	0.309593	0.015985	0.615741	0.201810	0.402629	0.323587	0.071973	0.058682	0.309593	0.015985	0.615741	0.058682	0.309593	0.015985	0.615741	0.201810	0.402629	0.323587	0.071973	1,2,2,2,2,2	1.542074	0.071326	0.009406	0.088756	0.249871	0.046783	0.533857	0.173719	0.214999	0.007198	0.401533	0.179676	0.022875	0.173719	0.214999	0.007198	0.401533	0.179676	0.022875	0.173719	0.214999	0.007198	0.401533	0.179676	0.022875	0.173719	0.214999	0.007198	0.401533	0.179676	0.022875	0.173719	0.214999	0.007198	0.401533	0.179676	0.022875	1,1,1,1,1,1	0.468921	0.037360	0.037360	0.037360	0.037360	0.037360	0.037360	
8000	-68495	1,1,2,2,3,3	1.418449	5.296870	5.296870	6.235857	6.235857	5.758670	5.758670	1,1,2,1,1,2	2.383579	0.049040	0.309226	0.016204	0.625530	0.049040	0.309226	0.016204	0.625530	0.190300	0.400819	0.329781	0.079100	0.049040	0.309226	0.016204	0.625530	0.049040	0.309226	0.016204	0.625530	0.190300	0.400819	0.329781	0.079100	1,2,2,2,2,2	2.413033	0.126170	0.031426	0.230429	0.075646	0.084815	0.451514	0.195864	0.218260	0.003726	0.393104	0.172118	0.016929	0.195864	0.218260	0.003726	0.393104	0.172118	0.016929	0.195864	0.218260	0.003726	0.393104	0.172118	0.016929	0.195864	0.218260	0.003726	0.393104	0.172118	0.016929	0.195864	0.218260	0.003726	0.393104	0.172118	0.016929	1,1,1,1,1,1	0.305897	0.037799	0.037799	0.037799	0.037799	0.037799	0.037799	
9000	-68481.4	1,2,3,4,5,6	2.157652	5.569144	5.475608	6.307534	6.002477	5.903082	5.842607	1,1,2,1,1,2	0.672144	0.056030	0.309510	0.015850	0.618611	0.056030	0.309510	0.015850	0.618611	0.196634	0.404203	0.320955	0.078208	0.056030	0.309510	0.015850	0.618611	0.056030	0.309510	0.015850	0.618611	0.196634	0.404203	0.320955	0.078208	1,2,2,2,2,2	0.335232	0.025542	0.161251	0.163706	0.080814	0.080740	0.487948	0.192929	0.216720	0.002371	0.395947	0.167304	0.024729	0.192929	0.216720	0.002371	0.395947	0.167304	0.024729	0.192929	0.216720	0.002371	0.395947	0.167304	0.024729	0.192929	0.216720	0.002371	0.395947	0.167304	0.024729	0.192929	0.216720	0.002371	0.395947	0.167304	0.024729	1,1,1,1,1,1	1.744246	0.031671	0.031671	0.031671	0.031671	0.031671	0.031671	
10000	-68519.7	1,1,2,2,3,3	0.957271	5.441413	5.441413	6.200898	6.200898	5.785507	5.785507	1,1,2,1,1,2	1.649139	0.049064	0.312162	0.015973	0.622802	0.049064	0.312162	0.015973	0.622802	0.196331	0.410774	0.325901	0.066994	0.049064	0.312162	0.015973	0.622802	0.049064	0.312162	0.015973	0.622802	0.196331	0.410774	0.325901	0.066994	1,2,2,2,2,2	1.809030	0.101016	0.250734	0.214752	0.142639	0.045614	0.245246	0.183667	0.215540	0.006476	0.389167	0.173318	0.031833	0.183667	0.215540	0.006476	0.389167	0.173318	0.031833	0.183667	0.215540	0.006476	0.389167	0.173318	0.031833	0.183667	0.215540	0.006476	0.389167	0.173318	0.031833	0.183667	0.215540	0.006476	0.389167	0.173318	0.031833	1,1,1,1,1,1	0.460930	0.031008	0.031008	0.031008	0.031008	0.031008	0.031008	
11000	-68625.6	1,2,1,1,3,4	2.747377	6.649370	5.172491	6.649370	6.649370	5.956599	5.976923	1,1,2,1,1,2	0.324643	0.047027	0.314199	0.015822	0.622952	0.047027	0.314199	0.015822	0.622952	0.195577	0.407315	0.326779	0.070329	0.047027	0.314199	0.015822	0.622952	0.047027	0.314199	0.015822	0.622952	0.195577	0.407315	0.326779	0.070329	1,2,2,2,2,2	0.166385	0.060979	0.043859	0.273176	0.039501	0.033594	0.548891	0.191275	0.206087	0.005725	0.393999	0.175505	0.027409	0.191275	0.206087	0.005725	0.393999	0.175505	0.027409	0.191275	0.206087	0.005725	0.393999	0.175505	0.027409	0.191275	0.206087	0.005725	0.393999	0.175505	0.027409	0.191275	0.206087	0.005725	0.393999	0.175505	0.027409	1,1,1,1,1,1	1.596982	0.033132	0.033132	0.033132	0.033132	0.033132	0.033132	
12000	-68595.1	1,1,2,2,1,1	1.125678	5.631510	5.631510	6.185517	6.185517	5.631510	5.631510	1,1,2,1,1,2	1.675588	0.048017	0.307911	0.015374	0.628699	0.048017	0.307911	0.015374	0.628699	0.205075	0.404174	0.319494	0.071257	0.048017	0.307911	0.015374	0.628699	0.048017	0.307911	0.015374	0.628699	0.205075	0.404174	0.319494	0.071257	1,2,2,2,2,2	1.191170	0.017532	0.686360	0.178662	0.000351	0.045087	0.072007	0.201875	0.208799	0.005727	0.394086	0.164113	0.025400	0.201875	0.208799	0.005727	0.394086	0.164113	0.025400	0.201875	0.208799	0.005727	0.394086	0.164113	0.025400	0.201875	0.208799	0.005727	0.394086	0.164113	0.025400	0.201875	0.208799	0.005727	0.394086	0.164113	0.025400	1,1,1,1,1,1	1.298134	0.033153	0.033153	0.033153	0.033153	0.033153	0.033153	
13000	-68664.7	1,2,3,4,3,5	1.463196	6.432996	5.364267	6.213891	6.232219	6.213891	5.864211	1,1,2,1,1,2	0.807252	0.050971	0.308324	0.015961	0.624744	0.050971	0.308324	0.015961	0.624744	0.200606	0.394757	0.322348	0.082290	0.050971	0.308324	0.015961	0.624744	0.050971	0.308324	0.015961	0.624744	0.200606	0.394757	0.322348	0.082290	1,2,2,2,2,2	2.626939	0.338668	0.055268	0.275184	0.070466	0.041887	0.218527	0.186373	0.218585	0.007628	0.397342	0.172133	0.017938	0.186373	0.218585	0.007628	0.397342	0.172133	0.017938	0.186373	0.218585	0.007628	0.397342	0.172133	0.017938	0.186373	0.218585	0.007628	0.397342	0.172133	0.017938	0.186373	0.218585	0.007628	0.397342	0.172133	0.017938	1,1,1,1,1,1	1.037131	0.029149	0.029149	0.029149	0.029149	0.029149	0.029149	
14000	-68517.3	1,1,2,2,2,3	2.008293	5.039713	5.039713	6.353789	6.353789	6.353789	5.916228	1,1,2,1,1,2	0.873275	0.055433	0.306726	0.015229	0.622612	0.055433	0.306726	0.015229	0.622612	0.191222	0.411102	0.324897	0.072779	0.055433	0.306726	0.015229	0.622612	0.055433	0.306726	0.015229	0.622612	0.191222	0.411102	0.324897	0.072779	1,2,2,2,2,2	1.314354	0.079742	0.037715	0.157380	0.423775	0.094127	0.207262	0.179155	0.219828	0.003977	0.398412	0.171230	0.027398	0.179155	0.219828	0.003977	0.398412	0.171230	0.027398	0.179155	0.219828	0.003977	0.398412	0.171230	0.027398	0.179155	0.219828	0.003977	0.398412	0.171230	0.027398	0.179155	0.219828	0.003977	0.398412	0.171230	0.027398	1,1,1,1,1,1	0.197353	0.030849	0.030849	0.030849	0.030849	0.030849	0.030849	
15000	-68627.1	1,1,2,2,3,3	1.656059	5.413299	5.413299	6.473201	6.473201	6.030172	6.030172	1,1,2,1,1,2	0.680560	0.048860	0.310575	0.015593	0.624971	0.048860	0.310575	0.015593	0.624971	0.188014	0.413546	0.326178	0.072262	0.048860	0.310575	0.015593	0.624971	0.048860	0.310575	0.015593	0.624971	0.188014	0.413546	0.326178	0.072262	1,2,2,2,2,2	0.635316	0.090563	0.182508	0.203128	0.160638	0.172097	0.191066	0.190076	0.211464	0.003586	0.403213	0.166373	0.025288	0.190076	0.211464	0.003586	0.403213	0.166373	0.025288	0.190076	0.211464	0.003586	0.403213	0.166373	0.025288	0.190076	0.211464	0.003586	0.403213	0.166373	0.025288	0.190076	0.211464	0.003586	0.403213	0.166373	0.025288	1,1,1,1,1,1	1.566446	0.035187	0.035187	0.035187	0.035187	0.035187	0.035187	
16000	-68611.4	1,1,2,2,1,1	1.470314	5.711059	5.711059	6.246207	6.246207	5.711059	5.711059	1,1,2,1,1,2	0.450518	0.050648	0.304549	0.015116	0.629688	0.050648	0.304549	0.015116	0.629688	0.196611	0.406636	0.324356	0.072396	0.050648	0.304549	0.015116	0.629688	0.050648	0.304549	0.015116	0.629688	0.196611	0.406636	0.324356	0.072396	1,2,2,2,2,2	1.460469	0.099237	0.132131	0.488877	0.060499	0.100919	0.118337	0.193177	0.220204	0.006123	0.390110	0.169945	0.020441	0.193177	0.220204	0.006123	0.390110	0.169945	0.020441	0.193177	0.220204	0.006123	0.390110	0.169945	0.020441	0.193177	0.220204	0.006123	0.390110	0.169945	0.020441	0.193177	0.220204	0.006123	0.390110	0.169945	0.020441	1,1,1,1,1,1	0.642461	0.037298	0.037298	0.037298	0.037298	0.037298	0.037298	
17000	-68618.5	1,2,3,3,4,5	2.374960	5.078625	5.457649	6.200250	6.200250	5.995693	5.746232	1,1,2,1,1,2	2.391417	0.054002	0.306393	0.015387	0.624218	0.054002	0.306393	0.015387	0.624218	0.200374	0.397889	0.325442	0.076294	0.054002	0.306393	0.015387	0.624218	0.054002	0.306393	0.015387	0.624218	0.200374	0.397889	0.325442	0.076294	1,2,2,2,2,2	0.543380	0.055696	0.004584	0.360608	0.378113	0.142908	0.058091	0.199709	0.203586	0.000939	0.402266	0.169519	0.023981	0.199709	0.203586	0.000939	0.402266	0.169519	0.023981	0.199709	0.203586	0.000939	0.402266	0.169519	0.023981	0.199709	0.203586	0.000939	0.402266	0.169519	0.023981	0.199709	0.203586	0.000939	0.402266	0.169519	0.023981	1,1,1,1,1,1	1.496098	0.038454	0.038454	0.038454	0.038454	0.038454	0.038454	
18000	-68509.5	1,1,2,2,3,4	0.919047	5.272906	5.272906	6.368743	6.368743	5.816640	5.562866	1,1,2,1,1,2	1.887336	0.052406	0.310701	0.014677	0.622216	0.052406	0.310701	0.014677	0.622216	0.201059	0.399558	0.324656	0.074728	0.052406	0.310701	0.014677	0.622216	0.052406	0.310701	0.014677	0.622216	0.201059	0.399558	0.324656	0.074728	1,2,2,2,2,2	1.604108	0.140729	0.039926	0.238297	0.254166	0.082861	0.244020	0.187233	0.221104	0.003711	0.394311	0.169654	0.023988	0.187233	0.221104	0.003711	0.394311	0.169654	0.023988	0.187233	0.221104	0.003711	0.394311	0.169654	0.023988	0.187233	0.221104	0.003711	0.394311	0.169654	0.023988	0.187233	0.221104	0.003711	0.394311	0.169654	0.023988	1,1,1,1,1,1	0.589302	0.033595	0.033595	0.033595	0.033595	0.033595	0.033595	
19000	-68718.7	1,1,2,3,1,3	1.847062	5.500713	5.500713	6.210176	6.099092	5.500713	6.099092	1,1,2,1,1,2	0.797897	0.052673	0.310921	0.014945	0.621461	0.052673	0.310921	0.014945	0.621461	0.204257	0.412207	0.313667	0.069869	0.052673	0.310921	0.014945	0.621461	0.052673	0.310921	0.014945	0.621461	0.204257	0.412207	0.313667	0.069869	1,2,2,2,2,2	1.147116	0.010172	0.049625	0.626741	0.039303	0.185101	0.089058	0.178860	0.222318	0.008899	0.397250	0.166823	0.025851	0.178860	0.222318	0.008899	0.397250	0.166823	0.025851	0.178860	0.222318	0.008899	0.397250	0.166823	0.025851	0.178860	0.222318	0.008899	0.397250	0.166823	0.025851	0.178860	0.222318	0.008899	0.397250	0.166823	0.025851	1,1,1,1,1,1	0.518426	0.035827	0.035827	0.035827	0.035827	0.035827	0.035827	
20000	-68607.7	1,1,2,3,4,4	1.051514	5.201250	5.201250	6.364204	6.058574	6.184135	6.184135	1,1,2,1,1,2	0.622097	0.050990	0.305936	0.015430	0.627644	0.050990	0.305936	0.015430	0.627644	0.201983	0.404488	0.316211	0.077318	0.050990	0.305936	0.015430	0.627644	0.050990	0.305936	0.015430	0.627644	0.201983	0.404488	0.316211	0.077318	1,2,2,2,2,2	1.081759	0.279481	0.004817	0.138227	0.000210	0.087697	0.489568	0.187856	0.203509	0.006756	0.415693	0.167815	0.018371	0.187856	0.203509	0.006756	0.415693	0.167815	0.018371	0.187856	0.203509	0.006756	0.415693	0.167815	0.018371	0.187856	0.203509	0.006756	0.415693	0.167815	0.018371	0.187856	0.203509	0.006756	0.415693	0.167815	0.018371	1,1,1,1,1,1	1.579891	0.032267	0.032267	0.032267	0.032267	0.032267	0.032267	
21000	-68512.7	1,1,2,2,3,4	1.913672	5.492706	5.492706	6.260862	6.260862	5.911325	5.801889	1,1,2,1,1,2	2.027555	0.052756	0.303179	0.014764	0.629301	0.052756	0.303179	0.014764	0.629301	0.196066	0.405262	0.325132	0.073540	0.052756	0.303179	0.014764	0.629301	0.052756	0.303179	0.014764	0.629301	0.196066	0.405262	0.325132	0.073540	1,2,2,2,2,2	1.107831	0.002926	0.092083	0.146050	0.337502	0.063932	0.357506	0.189233	0.219604	0.007068	0.380628	0.177881	0.025585	0.189233	0.219604	0.007068	0.380628	0.177881	0.025585	0.189233	0.219604	0.007068	0.380628	0.177881	0.025585	0.189233	0.219604	0.007068	0.380628	0.177881	0.025585	0.189233	0.219604	0.007068	0.380628	0.177881	0.025585	1,1,1,1,1,1	1.890684	0.032743	0.032743	0.032743	0.032743	0.032743	0.032743	
22000	-68519.1	1,2,3,4,5,5	1.922197	5.283761	5.138890	6.525813	6.522863	6.013695	6.013695	1,1,2,1,1,2	0.758394	0.052801	0.309712	0.014062	0.623424	0.052801	0.309712	0.014062	0.623424	0.201471	0.409358	0.316963	0.072209	0.052801	0.309712	0.014062	0.623424	0.052801	0.309712	0.014062	0.623424	0.201471	0.409358	0.316963	0.072209	1,2,2,2,2,2	1.674384	0.064392	0.078488	0.286986	0.126345	0.133584	0.310205	0.184537	0.214203	0.003916	0.395725	0.179840	0.021780	0.184537	0.214203	0.003916	0.395725	0.179840	0.021780	0.184537	0.214203	0.003916	0.395725	0.179840	0.021780	0.184537	0.214203	0.003916	0.395725	0.179840	0.021780	0.184537	0.214203	0.003916	0.395725	0.179840	0.021780	1,1,1,1,1,1	0.933503	0.034140	0.034140	0.034140	0.034140	0.034140	0.034140	
23000	-68660.7	1,2,3,3,4,5	3.754771	5.090368	5.723668	6.304353	6.304353	6.092334	6.040754	1,1,2,1,1,2	2.130863	0.049377	0.311998	0.016623	0.622001	0.049377	0.311998	0.016623	0.622001	0.192352	0.403665	0.328313	0.075670	0.049377	0.311998	0.016623	0.622001	0.049377	0.311998	0.016623	0.622001	0.192352	0.403665	0.328313	0.075670	1,2,2,2,2,2	0.797628	0.171588	0.083212	0.093350	0.523927	0.065106	0.062816	0.191353	0.218976	0.003672	0.395623	0.171726	0.018650	0.191353	0.218976	0.003672	0.395623	0.171726	0.018650	0.191353	0.218976	0.003672	0.395623	0.171726	0.018650	0.191353	0.218976	0.003672	0.395623	0.171726	0.018650	0.191353	0.218976	0.003672	0.395623	0.171726	0.018650	1,1,1,1,1,1	1.144444	0.037946	0.037946	0.037946	0.037946	0.037946	0.037946	
24000	-68692.3	1,2,3,3,4,5	1.931909	5.598058	5.584155	6.321498	6.321498	5.947855	5.985364	1,1,2,1,1,2	1.219667	0.049500	0.310405	0.017139	0.622957	0.049500	0.310405	0.017139	0.622957	0.199232	0.405161	0.323253	0.072355	0.049500	0.310405	0.017139	0.622957	0.049500	0.310405	0.017139	0.622957	0.199232	0.405161	0.323253	0.072355	1,2,2,2,2,2	1.388814	0.005390	0.010525	0.081166	0.421960	0.089600	0.391358	0.182995	0.222702	0.003787	0.397548	0.172536	0.020432	0.182995	0.222702	0.003787	0.397548	0.172536	0.020432	0.182995	0.222702	0.003787	0.397548	0.172536	0.020432	0.182995	0.222702	0.003787	0.397548	0.172536	0.020432	0.182995	0.222702	0.003787	0.397548	0.172536	0.020432	1,1,1,1,1,1	1.440110	0.036579	0.036579	0.036579	0.036579	0.036579	0.036579	
25000	-68525.5	1,2,3,4,5,6	6.113082	5.490850	5.278520	6.105708	6.337769	6.027164	5.796666	1,1,2,1,1,2	1.528309	0.054699	0.307261	0.015575	0.622464	0.054699	0.307261	0.015575	0.622464	0.197977	0.406452	0.325147	0.070424	0.054699	0.307261	0.015575	0.622464	0.054699	0.307261	0.015575	0.622464	0.197977	0.406452	0.325147	0.070424	1,2,2,2,2,2	0.921918	0.123127	0.238249	0.223098	0.193722	0.053915	0.167889	0.178794	0.225939	0.005615	0.397516	0.167616	0.024520	0.178794	0.225939	0.005615	0.397516	0.167616	0.024520	0.178794	0.225939	0.005615	0.397516	0.167616	0.024520	0.178794	0.225939	0.005615	0.397516	0.167616	0.024520	0.178794	0.225939	0.005615	0.397516	0.167616	0.024520	1,1,1,1,1,1	1.263056	0.034044	0.034044	0.034044	0.034044	0.034044	0.034044	
26000	-68543.4	1,1,2,2,3,4	2.219110	5.293454	5.293454	6.338156	6.338156	6.022436	5.829403	1,1,2,1,1,2	0.988064	0.051640	0.306156	0.017466	0.624739	0.051640	0.306156	0.017466	0.624739	0.201195	0.407114	0.314322	0.077369	0.051640	0.306156	0.017466	0.624739	0.051640	0.306156	0.017466	0.624739	0.201195	0.407114	0.314322	0.077369	1,2,2,2,2,2	1.010520	0.125922	0.231511	0.273951	0.006075	0.125357	0.237184	0.190836	0.220429	0.002281	0.395331	0.169264	0.021860	0.190836	0.220429	0.002281	0.395331	0.169264	0.021860	0.190836	0.220429	0.002281	0.395331	0.169264	0.021860	0.190836	0.220429	0.002281	0.395331	0.169264	0.021860	0.190836	0.220429	0.002281	0.395331	0.169264	0.021860	1,1,1,1,1,1	0.440205	0.034868	0.034868	0.034868	0.034868	0.034868	0.034868	
27000	-68508.8	1,1,2,2,3,4	1.515802	5.282824	5.282824	6.427071	6.427071	6.081103	5.899675	1,1,2,1,1,2	3.627263	0.052160	0.311397	0.017826	0.618618	0.052160	0.311397	0.017826	0.618618	0.199574	0.409271	0.311692	0.079463	0.052160	0.311397	0.017826	0.618618	0.052160	0.311397	0.017826	0.618618	0.199574	0.409271	0.311692	0.079463	1,2,2,2,2,2	1.614374	0.008240	0.308889	0.266665	0.107587	0.079079	0.229540	0.190269	0.210468	0.006158	0.396610	0.175839	0.020657	0.190269	0.210468	0.006158	0.396610	0.175839	0.020657	0.190269	0.210468	0.006158	0.396610	0.175839	0.020657	0.190269	0.210468	0.006158	0.396610	0.175839	0.020657	0.190269	0.210468	0.006158	0.396610	0.175839	0.020657	1,1,1,1,1,1	0.209428	0.032645	0.032645	0.032645	0.032645	0.032645	0.032645	
28000	-68617.7	1,1,2,3,4,4	1.982469	5.095857	5.095857	6.310436	6.137319	5.888771	5.888771	1,1,2,1,1,2	2.090126	0.053617	0.306362	0.015824	0.624197	0.053617	0.306362	0.015824	0.624197	0.197237	0.404053	0.326313	0.072397	0.053617	0.306362	0.015824	0.624197	0.053617	0.306362	0.015824	0.624197	0.197237	0.404053	0.326313	0.072397	1,2,2,2,2,2	1.451396	0.201717	0.217055	0.154782	0.034293	0.144926	0.247226	0.193168	0.213312	0.004866	0.399256	0.169544	0.019854	0.193168	0.213312	0.004866	0.399256	0.169544	0.019854	0.193168	0.213312	0.004866	0.399256	0.169544	0.019854	0.193168	0.213312	0.004866	0.399256	0.169544	0.019854	0.193168	0.213312	0.004866	0.399256	0.169544	0.019854	1,1,1,1,1,1	0.956874	0.036282	0.036282	0.036282	0.036282	0.036282	0.036282	
29000	-68554.2	1,2,3,3,4,2	1.290989	5.111614	5.645430	6.573187	6.573187	5.911762	5.645430	1,1,2,1,1,2	1.095158	0.053634	0.312507	0.014564	0.619294	0.053634	0.312507	0.014564	0.619294	0.202587	0.408404	0.315494	0.073515	0.053634	0.312507	0.014564	0.619294	0.053634	0.312507	0.014564	0.619294	0.202587	0.408404	0.315494	0.073515	1,2,2,2,2,2	1.061178	0.129149	0.016173	0.146963	0.197521	0.123266	0.386928	0.179319	0.222909	0.003469	0.407119	0.166288	0.020896	0.179319	0.222909	0.003469	0.407119	0.166288	0.020896	0.179319	0.222909	0.003469	0.407119	0.166288	0.020896	0.179319	0.222909	0.003469	0.407119	0.166288	0.020896	0.179319	0.222909	0.003469	0.407119	0.166288	0.020896	1,1,1,1,1,1	0.782658	0.034456	0.034456	0.034456	0.034456	0.034456	0.034456	
30000	-68623.8	1,2,3,3,4,5	2.695435	6.696505	5.334606	6.444420	6.444420	5.833031	6.144552	1,1,2,1,1,2	1.225741	0.050772	0.299088	0.016758	0.633381	0.050772	0.299088	0.016758	0.633381	0.193247	0.408606	0.321776	0.076372	0.050772	0.299088	0.016758	0.633381	0.050772	0.299088	0.016758	0.633381	0.193247	0.408606	0.321776	0.076372	1,2,2,2,2,2	0.796286	0.091755	0.185365	0.088932	0.439103	0.057567	0.137279	0.185274	0.215773	0.002397	0.408208	0.168729	0.019619	0.185274	0.215773	0.002397	0.408208	0.168729	0.019619	0.185274	0.215773	0.002397	0.408208	0.168729	0.019619	0.185274	0.215773	0.002397	0.408208	0.168729	0.019619	0.185274	0.215773	0.002397	0.408208	0.168729	0.019619	1,1,1,1,1,1	0.341081	0.029379	0.029379	0.029379	0.029379	0.029379	0.029379	
31000	-68489.1	1,1,2,2,2,3	1.141008	5.420030	5.420030	6.221808	6.221808	6.221808	5.727422	1,1,2,1,1,2	0.574671	0.052572	0.314792	0.017952	0.614684	0.052572	0.314792	0.017952	0.614684	0.192014	0.407810	0.326094	0.074082	0.052572	0.314792	0.017952	0.614684	0.052572	0.314792	0.017952	0.614684	0.192014	0.407810	0.326094	0.074082	1,2,2,2,2,2	0.870154	0.046973	0.121615	0.253963	0.293444	0.074388	0.209617	0.187987	0.224014	0.004031	0.392862	0.171200	0.019906	0.187987	0.224014	0.004031	0.392862	0.171200	0.019906	0.187987	0.224014	0.004031	0.392862	0.171200	0.019906	0.187987	0.224014	0.004031	0.392862	0.171200	0.019906	0.187987	0.224014	0.004031	0.392862	0.171200	0.019906	1,1,1,1,1,1	0.534958	0.033788	0.033788	0.033788	0.033788	0.033788	0.033788	
32000	-68566.8	1,1,2,2,1,1	1.742080	5.974717	5.974717	6.329602	6.329602	5.974717	5.974717	1,1,2,1,1,2	1.634554	0.051421	0.311235	0.014582	0.622762	0.051421	0.311235	0.014582	0.622762	0.194604	0.405588	0.321104	0.078704	0.051421	0.311235	0.014582	0.622762	0.051421	0.311235	0.014582	0.622762	0.194604	0.405588	0.321104	0.078704	1,2,2,2,2,2	0.879425	0.048220	0.248957	0.391118	0.104632	0.074108	0.132965	0.185730	0.217556	0.003225	0.409497	0.161955	0.022037	0.185730	0.217556	0.003225	0.409497	0.161955	0.022037	0.185730	0.217556	0.003225	0.409497	0.161955	0.022037	0.185730	0.217556	0.003225	0.409497	0.161955	0.022037	0.185730	0.217556	0.003225	0.409497	0.161955	0.022037	1,1,1,1,1,1	1.434365	0.035944	0.035944	0.035944	0.035944	0.035944	0.035944	
33000	-68547.1	1,2,3,3,4,4	1.111089	5.166693	5.268371	6.162494	6.162494	5.961722	5.961722	1,1,2,1,1,2	0.762750	0.051623	0.309522	0.016002	0.622853	0.051623	0.309522	0.016002	0.622853	0.203032	0.402519	0.320938	0.073511	0.051623	0.309522	0.016002	0.622853	0.051623	0.309522	0.016002	0.622853	0.203032	0.402519	0.320938	0.073511	1,2,2,2,2,2	0.991315	0.235388	0.020507	0.279104	0.033553	0.123690	0.307759	0.183786	0.212356	0.006340	0.406143	0.169789	0.021586	0.183786	0.212356	0.006340	0.406143	0.169789	0.021586	0.183786	0.212356	0.006340	0.406143	0.169789	0.021586	0.183786	0.212356	0.006340	0.406143	0.169789	0.021586	0.183786	0.212356	0.006340	0.406143	0.169789	0.021586	1,1,1,1,1,1	1.660307	0.031511	0.031511	0.031511	0.031511	0.031511	0.031511	
34000	-68473	1,2,3,3,4,5	2.330287	5.403129	5.422351	6.334448	6.334448	6.155072	5.585066	1,1,2,1,1,2	1.194810	0.052888	0.311749	0.016208	0.619155	0.052888	0.311749	0.016208	0.619155	0.193848	0.408186	0.322850	0.075116	0.052888	0.311749	0.016208	0.619155	0.052888	0.311749	0.016208	0.619155	0.193848	0.408186	0.322850	0.075116	1,2,2,2,2,2	2.673758	0.063911	0.222647	0.223719	0.164513	0.088683	0.236526	0.189735	0.224110	0.003847	0.395979	0.165606	0.020723	0.189735	0.224110	0.003847	0.395979	0.165606	0.020723	0.189735	0.224110	0.003847	0.395979	0.165606	0.020723	0.189735	0.224110	0.003847	0.395979	0.165606	0.020723	0.189735	0.224110	0.003847	0.395979	0.165606	0.020723	1,1,1,1,1,1	0.386039	0.035672	0.035672	0.035672	0.035672	0.035672	0.035672	
35000	-68614.6	1,1,2,3,3,4	1.771422	5.248443	5.248443	6.366276	6.206374	6.206374	5.827628	1,1,2,1,1,2	1.122414	0.052197	0.311847	0.016764	0.619191	0.052197	0.311847	0.016764	0.619191	0.202450	0.406817	0.322010	0.068723	0.052197	0.311847	0.016764	0.619191	0.052197	0.311847	0.016764	0.619191	0.202450	0.406817	0.322010	0.068723	1,2,2,2,2,2	1.982309	0.054457	0.108463	0.427339	0.075130	0.192947	0.141663	0.189547	0.207766	0.000805	0.402499	0.178701	0.020682	0.189547	0.207766	0.000805	0.402499	0.178701	0.020682	0.189547	0.207766	0.000805	0.402499	0.178701	0.020682	0.189547	0.207766	0.000805	0.402499	0.178701	0.020682	0.189547	0.207766	0.000805	0.402499	0.178701	0.020682	1,1,1,1,1,1	1.257974	0.038976	0.038976	0.038976	0.038976	0.038976	0.038976	
36000	-68561.6	1,2,3,3,4,4	1.559097	4.829086	5.239261	6.355039	6.355039	6.103576	6.103576	1,1,2,1,1,2	1.392425	0.052334	0.307080	0.016838	0.623748	0.052334	0.307080	0.016838	0.623748	0.189764	0.411000	0.323937	0.075300	0.052334	0.307080	0.016838	0.623748	0.052334	0.307080	0.016838	0.623748	0.189764	0.411000	0.323937	0.075300	1,2,2,2,2,2	0.765754	0.166821	0.090561	0.223642	0.257646	0.130259	0.131071	0.196152	0.209636	0.001298	0.397267	0.174473	0.021175	0.196152	0.209636	0.001298	0.397267	0.174473	0.021175	0.196152	0.209636	0.001298	0.397267	0.174473	0.021175	0.196152	0.209636	0.001298	0.397267	0.174473	0.021175	0.196152	0.209636	0.001298	0.397267	0.174473	0.021175	1,2,1,1,1,1	0.972880	0.036794	0.031406	0.036794	0.036794	0.036794	0.036794	
37000	-68463.7	1,1,2,2,3,3	2.082261	5.318359	5.318359	6.432962	6.432962	5.897422	5.897422	1,1,2,1,1,2	1.031532	0.054282	0.309786	0.015000	0.620932	0.054282	0.309786	0.015000	0.620932	0.193469	0.411879	0.321924	0.072728	0.054282	0.309786	0.015000	0.620932	0.054282	0.309786	0.015000	0.620932	0.193469	0.411879	0.321924	0.072728	1,2,2,2,2,2	0.562798	0.062176	0.106292	0.217326	0.192942	0.068744	0.352520	0.184581	0.221619	0.001762	0.402042	0.169394	0.020602	0.184581	0.221619	0.001762	0.402042	0.169394	0.020602	0.184581	0.221619	0.001762	0.402042	0.169394	0.020602	0.184581	0.221619	0.001762	0.402042	0.169394	0.020602	0.184581	0.221619	0.001762	0.402042	0.169394	0.020602	1,1,1,1,1,1	1.543817	0.035496	0.035496	0.035496	0.035496	0.035496	0.035496	
38000	-68620.1	1,2,3,3,4,5	4.203202	5.144053	5.358169	6.372246	6.372246	6.010275	5.857109	1,1,2,1,1,2	0.123792	0.050497	0.313177	0.016134	0.620192	0.050497	0.313177	0.016134	0.620192	0.193494	0.403502	0.328584	0.074421	0.050497	0.313177	0.016134	0.620192	0.050497	0.313177	0.016134	0.620192	0.193494	0.403502	0.328584	0.074421	1,2,2,2,2,2	0.793075	0.072855	0.278250	0.142280	0.281115	0.127474	0.098026	0.186064	0.226182	0.004491	0.391861	0.170483	0.020919	0.186064	0.226182	0.004491	0.391861	0.170483	0.020919	0.186064	0.226182	0.004491	0.391861	0.170483	0.020919	0.186064	0.226182	0.004491	0.391861	0.170483	0.020919	0.186064	0.226182	0.004491	0.391861	0.170483	0.020919	1,1,1,1,1,1	0.742918	0.036458	0.036458	0.036458	0.036458	0.036458	0.036458	
39000	-68563	1,1,2,2,1,1	2.847976	5.678769	5.678769	6.408078	6.408078	5.678769	5.678769	1,1,2,1,1,2	1.438364	0.057578	0.312054	0.017506	0.612862	0.057578	0.312054	0.017506	0.612862	0.200378	0.400625	0.327870	0.071127	0.057578	0.312054	0.017506	0.612862	0.057578	0.312054	0.017506	0.612862	0.200378	0.400625	0.327870	0.071127	1,2,2,2,2,2	1.182851	0.001463	0.038058	0.233545	0.199187	0.143357	0.384390	0.182297	0.217469	0.003777	0.396626	0.180184	0.019646	0.182297	0.217469	0.003777	0.396626	0.180184	0.019646	0.182297	0.217469	0.003777	0.396626	0.180184	0.019646	0.182297	0.217469	0.003777	0.396626	0.180184	0.019646	0.182297	0.217469	0.003777	0.396626	0.180184	0.019646	1,1,1,1,1,1	0.765501	0.036710	0.036710	0.036710	0.036710	0.036710	0.036710	
40000	-68680.9	1,2,1,3,3,3	1.457832	6.246697	5.299973	6.246697	6.003499	6.003499	6.003499	1,1,2,1,1,2	0.985882	0.051938	0.311102	0.014494	0.622466	0.051938	0.311102	0.014494	0.622466	0.189581	0.408752	0.320705	0.080962	0.051938	0.311102	0.014494	0.622466	0.051938	0.311102	0.014494	0.622466	0.189581	0.408752	0.320705	0.080962	1,2,2,2,2,2	0.402633	0.275593	0.016541	0.450536	0.067598	0.060250	0.129482	0.193417	0.222260	0.002489	0.386873	0.174373	0.020588	0.193417	0.222260	0.002489	0.386873	0.174373	0.020588	0.193417	0.222260	0.002489	0.386873	0.174373	0.020588	0.193417	0.222260	0.002489	0.386873	0.174373	0.020588	0.193417	0.222260	0.002489	0.386873	0.174373	0.020588	1,1,1,1,1,1	0.619499	0.036097	0.036097	0.036097	0.036097	0.036097	0.036097	
41000	-68507.7	1,2,3,3,1,1	4.043131	6.018817	5.587264	6.399132	6.399132	6.018817	6.018817	1,1,2,1,1,2	1.169701	0.052729	0.307507	0.014650	0.625114	0.052729	0.307507	0.014650	0.625114	0.195116	0.405180	0.327407	0.072297	0.052729	0.307507	0.014650	0.625114	0.052729	0.307507	0.014650	0.625114	0.195116	0.405180	0.327407	0.072297	1,2,2,2,2,2	1.372293	0.006406	0.031293	0.344195	0.116847	0.088901	0.412357	0.195100	0.207238	0.007762	0.393521	0.179346	0.017033	0.195100	0.207238	0.007762	0.393521	0.179346	0.017033	0.195100	0.207238	0.007762	0.393521	0.179346	0.017033	0.195100	0.207238	0.007762	0.393521	0.179346	0.017033	0.195100	0.207238	0.007762	0.393521	0.179346	0.017033	1,1,1,1,1,1	0.491349	0.032868	0.032868	0.032868	0.032868	0.032868	0.032868	
42000	-68500.3	1,2,3,4,1,5	3.475224	5.731691	5.519095	6.358048	6.434005	5.731691	5.981046	1,1,2,1,1,2	1.466068	0.049304	0.311476	0.018541	0.620679	0.049304	0.311476	0.018541	0.620679	0.198957	0.401131	0.329212	0.070699	0.049304	0.311476	0.018541	0.620679	0.049304	0.311476	0.018541	0.620679	0.198957	0.401131	0.329212	0.070699	1,2,2,2,2,2	0.958996	0.091232	0.128564	0.196492	0.189182	0.090074	0.304457	0.196451	0.204890	0.006826	0.391998	0.181573	0.018262	0.196451	0.204890	0.006826	0.391998	0.181573	0.018262	0.196451	0.204890	0.006826	0.391998	0.181573	0.018262	0.196451	0.204890	0.006826	0.391998	0.181573	0.018262	0.196451	0.204890	0.006826	0.391998	0.181573	0.018262	1,1,1,1,1,1	0.931167	0.036619	0.036619	0.036619	0.036619	0.036619	0.036619	
43000	-68540	1,2,3,3,4,5	2.801251	5.093210	5.407184	6.326468	6.326468	6.078847	5.947961	1,1,2,1,1,2	1.755396	0.050655	0.310748	0.013714	0.624883	0.050655	0.310748	0.013714	0.624883	0.199965	0.408148	0.321104	0.070783	0.050655	0.310748	0.013714	0.624883	0.050655	0.310748	0.013714	0.624883	0.199965	0.408148	0.321104	0.070783	1,2,2,2,2,2	1.910624	0.030774	0.124981	0.207675	0.051986	0.141016	0.443568	0.184482	0.222762	0.003623	0.392437	0.170759	0.025937	0.184482	0.222762	0.003623	0.392437	0.170759	0.025937	0.184482	0.222762	0.003623	0.392437	0.170759	0.025937	0.184482	0.222762	0.003623	0.392437	0.170759	0.025937	0.184482	0.222762	0.003623	0.392437	0.170759	0.025937	1,1,1,1,2,2	0.534115	0.034482	0.034482	0.034482	0.034482	0.024348	0.024348	
44000	-68596.8	1,1,2,2,3,4	2.483475	5.367957	5.367957	6.434222	6.434222	5.946063	5.978553	1,1,2,1,1,2	0.746589	0.051100	0.304111	0.016482	0.628306	0.051100	0.304111	0.016482	0.628306	0.193882	0.410700	0.327880	0.067538	0.051100	0.304111	0.016482	0.628306	0.051100	0.304111	0.016482	0.628306	0.193882	0.410700	0.327880	0.067538	1,2,2,2,2,2	1.893594	0.217382	0.176806	0.106991	0.307401	0.059627	0.131793	0.183389	0.218284	0.006102	0.402495	0.169629	0.020102	0.183389	0.218284	0.006102	0.402495	0.169629	0.020102	0.183389	0.218284	0.006102	0.402495	0.169629	0.020102	0.183389	0.218284	0.006102	0.402495	0.169629	0.020102	0.183389	0.218284	0.006102	0.402495	0.169629	0.020102	1,1,1,1,1,1	0.094172	0.033957	0.033957	0.033957	0.033957	0.033957	0.033957	
45000	-68497.5	1,1,2,2,3,4	2.241115	5.193728	5.193728	6.391716	6.391716	5.919508	5.757127	1,1,2,1,1,2	0.961395	0.048484	0.309649	0.014812	0.627055	0.048484	0.309649	0.014812	0.627055	0.196263	0.401603	0.326811	0.075323	0.048484	0.309649	0.014812	0.627055	0.048484	0.309649	0.014812	0.627055	0.196263	0.401603	0.326811	0.075323	1,2,2,2,2,2	2.290338	0.125055	0.348691	0.171249	0.027793	0.070655	0.256557	0.185291	0.219391	0.003672	0.392549	0.166615	0.032482	0.185291	0.219391	0.003672	0.392549	0.166615	0.032482	0.185291	0.219391	0.003672	0.392549	0.166615	0.032482	0.185291	0.219391	0.003672	0.392549	0.166615	0.032482	0.185291	0.219391	0.003672	0.392549	0.166615	0.032482	1,1,1,1,1,1	0.509646	0.033996	0.033996	0.033996	0.033996	0.033996	0.033996	
46000	-68508.1	1,2,3,4,5,5	1.662911	5.073604	5.337483	6.236957	5.971530	5.871378	5.871378	1,1,2,1,1,2	1.095062	0.050104	0.308416	0.016154	0.625327	0.050104	0.308416	0.016154	0.625327	0.201468	0.407309	0.318043	0.073179	0.050104	0.308416	0.016154	0.625327	0.050104	0.308416	0.016154	0.625327	0.201468	0.407309	0.318043	0.073179	1,2,2,2,2,2	1.266979	0.124720	0.002756	0.123504	0.341065	0.057255	0.350699	0.181112	0.213627	0.009238	0.396703	0.168135	0.031186	0.181112	0.213627	0.009238	0.396703	0.168135	0.031186	0.181112	0.213627	0.009238	0.396703	0.168135	0.031186	0.181112	0.213627	0.009238	0.396703	0.168135	0.031186	0.181112	0.213627	0.009238	0.396703	0.168135	0.031186	1,1,1,1,1,1	1.066359	0.034856	0.034856	0.034856	0.034856	0.034856	0.034856	
47000	-68549.5	1,2,3,3,4,4	1.683489	5.581807	5.516659	6.396482	6.396482	5.905182	5.905182	1,1,2,1,1,2	0.996522	0.055785	0.308510	0.016246	0.619459	0.055785	0.308510	0.016246	0.619459	0.208738	0.402086	0.318229	0.070947	0.055785	0.308510	0.016246	0.619459	0.055785	0.308510	0.016246	0.619459	0.208738	0.402086	0.318229	0.070947	1,2,2,2,2,2	1.039857	0.002905	0.474214	0.208185	0.181305	0.068746	0.064646	0.186634	0.193091	0.005436	0.412127	0.179450	0.023262	0.186634	0.193091	0.005436	0.412127	0.179450	0.023262	0.186634	0.193091	0.005436	0.412127	0.179450	0.023262	0.186634	0.193091	0.005436	0.412127	0.179450	0.023262	0.186634	0.193091	0.005436	0.412127	0.179450	0.023262	1,1,1,1,1,1	1.048038	0.032780	0.032780	0.032780	0.032780	0.032780	0.032780	
48000	-68661.8	1,2,3,4,1,5	1.488464	5.891217	5.062811	6.508417	6.199489	5.891217	5.929970	1,1,2,1,1,2	1.003301	0.049384	0.312468	0.015045	0.623103	0.049384	0.312468	0.015045	0.623103	0.199101	0.400259	0.325527	0.075112	0.049384	0.312468	0.015045	0.623103	0.049384	0.312468	0.015045	0.623103	0.199101	0.400259	0.325527	0.075112	1,2,2,2,2,2	0.919214	0.337037	0.071038	0.189624	0.194779	0.041643	0.165879	0.187248	0.213537	0.008010	0.396584	0.175368	0.019253	0.187248	0.213537	0.008010	0.396584	0.175368	0.019253	0.187248	0.213537	0.008010	0.396584	0.175368	0.019253	0.187248	0.213537	0.008010	0.396584	0.175368	0.019253	0.187248	0.213537	0.008010	0.396584	0.175368	0.019253	1,1,1,1,1,1	0.366027	0.032686	0.032686	0.032686	0.032686	0.032686	0.032686	
49000	-68505.3	1,1,2,3,4,4	2.263369	5.499452	5.499452	6.535228	6.425454	5.896908	5.896908	1,1,2,1,1,2	0.577737	0.050249	0.310400	0.015190	0.624162	0.050249	0.310400	0.015190	0.624162	0.194705	0.403935	0.323311	0.078049	0.050249	0.310400	0.015190	0.624162	0.050249	0.310400	0.015190	0.624162	0.194705	0.403935	0.323311	0.078049	1,2,2,2,2,2	1.243495	0.127652	0.029160	0.344385	0.162281	0.106484	0.230038	0.194005	0.208927	0.004864	0.400892	0.171275	0.020038	0.194005	0.208927	0.004864	0.400892	0.171275	0.020038	0.194005	0.208927	0.004864	0.400892	0.171275	0.020038	0.194005	0.208927	0.004864	0.400892	0.171275	0.020038	0.194005	0.208927	0.004864	0.400892	0.171275	0.020038	1,1,1,1,1,1	0.312099	0.037402	0.037402	0.037402	0.037402	0.037402	0.037402	
50000	-68523.2	1,2,1,3,3,3	1.180925	6.251915	5.610274	6.251915	6.070724	6.070724	6.070724	1,1,2,1,1,2	0.525513	0.059528	0.305021	0.014944	0.620507	0.059528	0.305021	0.014944	0.620507	0.199265	0.404654	0.320643	0.075438	0.059528	0.305021	0.014944	0.620507	0.059528	0.305021	0.014944	0.620507	0.199265	0.404654	0.320643	0.075438	1,2,2,2,2,2	2.383597	0.019381	0.306283	0.237585	0.068831	0.053383	0.314536	0.181293	0.211754	0.003585	0.398162	0.178145	0.027061	0.181293	0.211754	0.003585	0.398162	0.178145	0.027061	0.181293	0.211754	0.003585	0.398162	0.178145	0.027061	0.181293	0.211754	0.003585	0.398162	0.178145	0.027061	0.181293	0.211754	0.003585	0.398162	0.178145	0.027061	1,1,1,1,2,1	1.202711	0.034743	0.034743	0.034743	0.034743	0.022127	0.034743	
51000	-68544.1	1,1,2,2,3,3	3.348031	5.309072	5.309072	6.188478	6.188478	5.783394	5.783394	1,1,2,1,1,2	0.371089	0.054451	0.319221	0.015260	0.611068	0.054451	0.319221	0.015260	0.611068	0.201050	0.401255	0.324203	0.073492	0.054451	0.319221	0.015260	0.611068	0.054451	0.319221	0.015260	0.611068	0.201050	0.401255	0.324203	0.073492	1,2,2,2,2,2	0.352018	0.152794	0.184559	0.176494	0.229031	0.092006	0.165116	0.191501	0.203530	0.001802	0.396362	0.180938	0.025867	0.191501	0.203530	0.001802	0.396362	0.180938	0.025867	0.191501	0.203530	0.001802	0.396362	0.180938	0.025867	0.191501	0.203530	0.001802	0.396362	0.180938	0.025867	0.191501	0.203530	0.001802	0.396362	0.180938	0.025867	1,1,1,1,1,1	1.634793	0.033150	0.033150	0.033150	0.033150	0.033150	0.033150	
52000	-68606.1	1,2,1,3,4,4	2.477430	6.446363	5.161970	6.446363	6.251228	5.884412	5.884412	1,1,2,1,1,2	0.418755	0.054379	0.306757	0.015852	0.623012	0.054379	0.306757	0.015852	0.623012	0.190157	0.408280	0.327366	0.074196	0.054379	0.306757	0.015852	0.623012	0.054379	0.306757	0.015852	0.623012	0.190157	0.408280	0.327366	0.074196	1,2,2,2,2,2	1.225052	0.034345	0.011156	0.550928	0.039053	0.072430	0.292089	0.194686	0.217955	0.001565	0.382959	0.169951	0.032884	0.194686	0.217955	0.001565	0.382959	0.169951	0.032884	0.194686	0.217955	0.001565	0.382959	0.169951	0.032884	0.194686	0.217955	0.001565	0.382959	0.169951	0.032884	0.194686	0.217955	0.001565	0.382959	0.169951	0.032884	1,1,1,1,2,1	0.740740	0.037155	0.037155	0.037155	0.037155	0.006370	0.037155	
53000	-68617.6	1,1,2,2,3,3	1.360695	5.459242	5.459242	6.293674	6.293674	5.896566	5.896566	1,1,2,1,1,2	0.466070	0.048892	0.306508	0.016015	0.628586	0.048892	0.306508	0.016015	0.628586	0.195718	0.412678	0.317036	0.074568	0.048892	0.306508	0.016015	0.628586	0.048892	0.306508	0.016015	0.628586	0.195718	0.412678	0.317036	0.074568	1,2,2,2,2,2	1.651241	0.166752	0.177303	0.113486	0.199884	0.113642	0.228934	0.185999	0.229890	0.005556	0.402621	0.165473	0.010462	0.185999	0.229890	0.005556	0.402621	0.165473	0.010462	0.185999	0.229890	0.005556	0.402621	0.165473	0.010462	0.185999	0.229890	0.005556	0.402621	0.165473	0.010462	0.185999	0.229890	0.005556	0.402621	0.165473	0.010462	1,1,1,1,1,1	1.365633	0.031903	0.031903	0.031903	0.031903	0.031903	0.031903	
54000	-68661.6	1,2,3,4,5,5	3.018058	7.053062	5.411469	6.382825	6.311151	5.855093	5.855093	1,1,2,1,1,2	1.061622	0.051735	0.314030	0.016167	0.618068	0.051735	0.314030	0.016167	0.618068	0.195210	0.405493	0.318851	0.080446	0.051735	0.314030	0.016167	0.618068	0.051735	0.314030	0.016167	0.618068	0.195210	0.405493	0.318851	0.080446	1,2,2,2,2,2	1.804674	0.214504	0.063170	0.329180	0.219693	0.085589	0.087864	0.195529	0.216764	0.004553	0.390070	0.170316	0.022769	0.195529	0.216764	0.004553	0.390070	0.170316	0.022769	0.195529	0.216764	0.004553	0.390070	0.170316	0.022769	0.195529	0.216764	0.004553	0.390070	0.170316	0.022769	0.195529	0.216764	0.004553	0.390070	0.170316	0.022769	1,1,1,1,1,1	1.153695	0.037124	0.037124	0.037124	0.037124	0.037124	0.037124	
55000	-68511.5	1,1,2,3,4,3	1.083422	5.208488	5.208488	6.701467	6.067064	6.069127	6.067064	1,1,2,1,1,2	2.366324	0.050069	0.311123	0.015899	0.622908	0.050069	0.311123	0.015899	0.622908	0.199569	0.399957	0.324604	0.075870	0.050069	0.311123	0.015899	0.622908	0.050069	0.311123	0.015899	0.622908	0.199569	0.399957	0.324604	0.075870	1,2,2,2,2,2	0.890755	0.050927	0.329149	0.253998	0.133915	0.088840	0.143171	0.188611	0.216339	0.005301	0.407462	0.168729	0.013558	0.188611	0.216339	0.005301	0.407462	0.168729	0.013558	0.188611	0.216339	0.005301	0.407462	0.168729	0.013558	0.188611	0.216339	0.005301	0.407462	0.168729	0.013558	0.188611	0.216339	0.005301	0.407462	0.168729	0.013558	1,1,1,1,1,1	1.295058	0.033305	0.033305	0.033305	0.033305	0.033305	0.033305	
56000	-68522.4	1,2,3,4,5,4	2.985696	5.048477	5.623656	6.301487	5.907320	5.856566	5.907320	1,1,2,1,1,2	1.545278	0.052399	0.302500	0.015417	0.629684	0.052399	0.302500	0.015417	0.629684	0.200491	0.402106	0.325426	0.071978	0.052399	0.302500	0.015417	0.629684	0.052399	0.302500	0.015417	0.629684	0.200491	0.402106	0.325426	0.071978	1,2,2,2,2,2	1.925526	0.139624	0.032205	0.255180	0.136822	0.140348	0.295821	0.183573	0.233244	0.003640	0.386476	0.173607	0.019460	0.183573	0.233244	0.003640	0.386476	0.173607	0.019460	0.183573	0.233244	0.003640	0.386476	0.173607	0.019460	0.183573	0.233244	0.003640	0.386476	0.173607	0.019460	0.183573	0.233244	0.003640	0.386476	0.173607	0.019460	1,1,1,1,1,1	0.190845	0.033015	0.033015	0.033015	0.033015	0.033015	0.033015	
57000	-68493.8	1,1,2,2,3,4	1.439702	5.520353	5.520353	6.434400	6.434400	5.992797	5.964097	1,1,2,1,1,2	1.724696	0.049486	0.318559	0.015410	0.616545	0.049486	0.318559	0.015410	0.616545	0.197332	0.401831	0.329718	0.071119	0.049486	0.318559	0.015410	0.616545	0.049486	0.318559	0.015410	0.616545	0.197332	0.401831	0.329718	0.071119	1,2,2,2,2,2	0.922951	0.073252	0.142236	0.194259	0.154916	0.097122	0.338215	0.198601	0.211817	0.004354	0.387021	0.177918	0.020289	0.198601	0.211817	0.004354	0.387021	0.177918	0.020289	0.198601	0.211817	0.004354	0.387021	0.177918	0.020289	0.198601	0.211817	0.004354	0.387021	0.177918	0.020289	0.198601	0.211817	0.004354	0.387021	0.177918	0.020289	1,1,1,1,1,1	1.078401	0.035264	0.035264	0.035264	0.035264	0.035264	0.035264	
58000	-68601.3	1,2,3,4,5,5	3.259778	5.377609	5.209520	6.365645	6.226374	5.877860	5.877860	1,1,2,1,1,2	2.118837	0.052842	0.303011	0.016495	0.627652	0.052842	0.303011	0.016495	0.627652	0.195575	0.409452	0.319366	0.075607	0.052842	0.303011	0.016495	0.627652	0.052842	0.303011	0.016495	0.627652	0.195575	0.409452	0.319366	0.075607	1,2,2,2,2,2	1.387537	0.013258	0.160201	0.442262	0.171695	0.130020	0.082563	0.170619	0.230224	0.006931	0.396272	0.171189	0.024765	0.170619	0.230224	0.006931	0.396272	0.171189	0.024765	0.170619	0.230224	0.006931	0.396272	0.171189	0.024765	0.170619	0.230224	0.006931	0.396272	0.171189	0.024765	0.170619	0.230224	0.006931	0.396272	0.171189	0.024765	1,1,1,1,1,1	0.727578	0.034370	0.034370	0.034370	0.034370	0.034370	0.034370	
59000	-68491.2	1,1,2,3,4,4	1.565108	5.272970	5.272970	6.249295	6.320349	5.978058	5.978058	1,1,2,1,1,2	1.504791	0.052825	0.308441	0.015277	0.623458	0.052825	0.308441	0.015277	0.623458	0.197320	0.406141	0.328001	0.068538	0.052825	0.308441	0.015277	0.623458	0.052825	0.308441	0.015277	0.623458	0.197320	0.406141	0.328001	0.068538	1,2,2,2,2,2	1.355184	0.096046	0.066393	0.297959	0.182094	0.112715	0.244792	0.191260	0.209104	0.004935	0.395901	0.170134	0.028667	0.191260	0.209104	0.004935	0.395901	0.170134	0.028667	0.191260	0.209104	0.004935	0.395901	0.170134	0.028667	0.191260	0.209104	0.004935	0.395901	0.170134	0.028667	0.191260	0.209104	0.004935	0.395901	0.170134	0.028667	1,1,1,1,1,1	0.616022	0.034359	0.034359	0.034359	0.034359	0.034359	0.034359	
60000	-68604.6	1,1,2,3,4,5	0.652512	5.312327	5.312327	6.428298	6.210563	5.985060	5.866431	1,1,2,1,1,2	0.598266	0.054279	0.315160	0.016039	0.614522	0.054279	0.315160	0.016039	0.614522	0.202738	0.401976	0.324236	0.071050	0.054279	0.315160	0.016039	0.614522	0.054279	0.315160	0.016039	0.614522	0.202738	0.401976	0.324236	0.071050	1,2,2,2,2,2	2.266008	0.208517	0.033201	0.248603	0.290668	0.128192	0.090818	0.191056	0.209028	0.005597	0.400688	0.174560	0.019071	0.191056	0.209028	0.005597	0.400688	0.174560	0.019071	0.191056	0.209028	0.005597	0.400688	0.174560	0.019071	0.191056	0.209028	0.005597	0.400688	0.174560	0.019071	0.191056	0.209028	0.005597	0.400688	0.174560	0.019071	1,1,1,1,1,1	0.284285	0.041179	0.041179	0.041179	0.041179	0.041179	0.041179	
61000	-68570.7	1,1,2,3,4,4	1.535243	5.633666	5.633666	6.184803	6.210856	5.846679	5.846679	1,1,2,1,1,2	2.122662	0.051420	0.312290	0.018287	0.618004	0.051420	0.312290	0.018287	0.618004	0.192934	0.397432	0.331200	0.078434	0.051420	0.312290	0.018287	0.618004	0.051420	0.312290	0.018287	0.618004	0.192934	0.397432	0.331200	0.078434	1,2,2,2,2,2	2.641574	0.010427	0.070740	0.155725	0.044770	0.103628	0.614710	0.199587	0.207647	0.005274	0.391721	0.171972	0.023799	0.199587	0.207647	0.005274	0.391721	0.171972	0.023799	0.199587	0.207647	0.005274	0.391721	0.171972	0.023799	0.199587	0.207647	0.005274	0.391721	0.171972	0.023799	0.199587	0.207647	0.005274	0.391721	0.171972	0.023799	1,1,1,1,1,1	1.682802	0.035467	0.035467	0.035467	0.035467	0.035467	0.035467	
62000	-68507.7	1,2,3,4,1,5	3.306921	6.009127	5.222501	6.454200	6.149757	6.009127	5.839813	1,1,2,1,1,2	1.269119	0.052505	0.310901	0.017306	0.619289	0.052505	0.310901	0.017306	0.619289	0.193536	0.406891	0.321914	0.077659	0.052505	0.310901	0.017306	0.619289	0.052505	0.310901	0.017306	0.619289	0.193536	0.406891	0.321914	0.077659	1,2,2,2,2,2	1.163502	0.025715	0.389431	0.111210	0.307174	0.029789	0.136682	0.183173	0.215832	0.006134	0.398530	0.173491	0.022841	0.183173	0.215832	0.006134	0.398530	0.173491	0.022841	0.183173	0.215832	0.006134	0.398530	0.173491	0.022841	0.183173	0.215832	0.006134	0.398530	0.173491	0.022841	0.183173	0.215832	0.006134	0.398530	0.173491	0.022841	1,1,1,1,1,1	2.565547	0.037125	0.037125	0.037125	0.037125	0.037125	0.037125	
63000	-68627.1	1,1,2,2,3,3	3.357027	5.153516	5.153516	6.242370	6.242370	5.732403	5.732403	1,1,2,1,1,2	2.554006	0.050098	0.309470	0.014842	0.625589	0.050098	0.309470	0.014842	0.625589	0.193659	0.404452	0.325848	0.076041	0.050098	0.309470	0.014842	0.625589	0.050098	0.309470	0.014842	0.625589	0.193659	0.404452	0.325848	0.076041	1,2,2,2,2,2	0.728233	0.155655	0.199602	0.105488	0.281471	0.026652	0.231132	0.197961	0.227265	0.001015	0.384794	0.165860	0.023105	0.197961	0.227265	0.001015	0.384794	0.165860	0.023105	0.197961	0.227265	0.001015	0.384794	0.165860	0.023105	0.197961	0.227265	0.001015	0.384794	0.165860	0.023105	0.197961	0.227265	0.001015	0.384794	0.165860	0.023105	1,1,1,1,1,1	0.600787	0.033438	0.033438	0.033438	0.033438	0.033438	0.033438	
64000	-68543.1	1,2,3,3,1,1	1.761967	5.912124	5.493628	6.326902	6.326902	5.912124	5.912124	1,1,2,1,1,2	4.015574	0.054028	0.312009	0.015799	0.618165	0.054028	0.312009	0.015799	0.618165	0.197058	0.405783	0.323705	0.073454	0.054028	0.312009	0.015799	0.618165	0.054028	0.312009	0.015799	0.618165	0.197058	0.405783	0.323705	0.073454	1,2,2,2,2,2	0.749990	0.002197	0.005777	0.415838	0.322140	0.088540	0.165509	0.186392	0.213872	0.003363	0.403122	0.170925	0.022326	0.186392	0.213872	0.003363	0.403122	0.170925	0.022326	0.186392	0.213872	0.003363	0.403122	0.170925	0.022326	0.186392	0.213872	0.003363	0.403122	0.170925	0.022326	0.186392	0.213872	0.003363	0.403122	0.170925	0.022326	1,1,1,1,1,1	2.883274	0.033335	0.033335	0.033335	0.033335	0.033335	0.033335	
65000	-68551.5	1,1,2,2,3,4	2.387356	5.072484	5.072484	6.238778	6.238778	5.987917	5.782543	1,1,2,1,1,2	2.734917	0.054261	0.305375	0.017085	0.623279	0.054261	0.305375	0.017085	0.623279	0.202553	0.400271	0.321000	0.076176	0.054261	0.305375	0.017085	0.623279	0.054261	0.305375	0.017085	0.623279	0.202553	0.400271	0.321000	0.076176	1,2,2,2,2,2	1.296592	0.010693	0.007869	0.436523	0.254325	0.127052	0.163538	0.186844	0.208059	0.005245	0.404940	0.170422	0.024490	0.186844	0.208059	0.005245	0.404940	0.170422	0.024490	0.186844	0.208059	0.005245	0.404940	0.170422	0.024490	0.186844	0.208059	0.005245	0.404940	0.170422	0.024490	0.186844	0.208059	0.005245	0.404940	0.170422	0.024490	1,1,1,1,1,1	1.106789	0.032877	0.032877	0.032877	0.032877	0.032877	0.032877	
66000	-68610.2	1,1,2,2,3,4	2.693676	5.504750	5.504750	6.153060	6.153060	5.793862	5.883556	1,1,2,1,1,2	1.180161	0.055300	0.303925	0.015585	0.625190	0.055300	0.303925	0.015585	0.625190	0.198522	0.406721	0.320323	0.074434	0.055300	0.303925	0.015585	0.625190	0.055300	0.303925	0.015585	0.625190	0.198522	0.406721	0.320323	0.074434	1,2,2,2,2,2	1.463129	0.056756	0.276992	0.353133	0.085291	0.138756	0.089072	0.185143	0.219660	0.004429	0.403125	0.168235	0.019407	0.185143	0.219660	0.004429	0.403125	0.168235	0.019407	0.185143	0.219660	0.004429	0.403125	0.168235	0.019407	0.185143	0.219660	0.004429	0.403125	0.168235	0.019407	0.185143	0.219660	0.004429	0.403125	0.168235	0.019407	1,1,1,1,1,1	0.419260	0.037655	0.037655	0.037655	0.037655	0.037655	0.037655	
67000	-68681	1,2,1,1,3,4	2.231574	6.195218	5.337776	6.195218	6.195218	5.906912	5.770778	1,1,2,1,1,2	0.498293	0.056665	0.313599	0.016854	0.612882	0.056665	0.313599	0.016854	0.612882	0.192616	0.407461	0.330951	0.068972	0.056665	0.313599	0.016854	0.612882	0.056665	0.313599	0.016854	0.612882	0.192616	0.407461	0.330951	0.068972	1,2,2,2,2,2	4.515524	0.158239	0.126016	0.251616	0.389103	0.058365	0.016661	0.182155	0.232543	0.004535	0.390448	0.168299	0.022020	0.182155	0.232543	0.004535	0.390448	0.168299	0.022020	0.182155	0.232543	0.004535	0.390448	0.168299	0.022020	0.182155	0.232543	0.004535	0.390448	0.168299	0.022020	0.182155	0.232543	0.004535	0.390448	0.168299	0.022020	1,1,1,1,1,1	0.179537	0.032256	0.032256	0.032256	0.032256	0.032256	0.032256	
68000	-68574.8	1,2,3,4,3,3	1.885473	5.579391	5.276230	6.000946	6.127926	6.000946	6.000946	1,1,2,1,1,2	2.233932	0.046082	0.307479	0.016937	0.629501	0.046082	0.307479	0.016937	0.629501	0.194588	0.396989	0.330004	0.078420	0.046082	0.307479	0.016937	0.629501	0.046082	0.307479	0.016937	0.629501	0.194588	0.396989	0.330004	0.078420	1,2,2,2,2,2	1.077595	0.020184	0.098697	0.490729	0.077197	0.122336	0.190856	0.178842	0.228763	0.007628	0.403685	0.166161	0.014921	0.178842	0.228763	0.007628	0.403685	0.166161	0.014921	0.178842	0.228763	0.007628	0.403685	0.166161	0.014921	0.178842	0.228763	0.007628	0.403685	0.166161	0.014921	0.178842	0.228763	0.007628	0.403685	0.166161	0.014921	1,1,1,1,1,1	0.667599	0.033542	0.033542	0.033542	0.033542	0.033542	0.033542	
69000	-68588.1	1,2,3,4,4,4	3.065459	5.232901	5.531036	6.404329	6.013657	6.013657	6.013657	1,1,2,1,1,2	0.812995	0.052152	0.308216	0.014280	0.625352	0.052152	0.308216	0.014280	0.625352	0.197936	0.411399	0.318847	0.071818	0.052152	0.308216	0.014280	0.625352	0.052152	0.308216	0.014280	0.625352	0.197936	0.411399	0.318847	0.071818	1,2,2,2,2,2	1.336386	0.224402	0.095244	0.142827	0.117219	0.120538	0.299771	0.177892	0.226724	0.006685	0.403553	0.165981	0.019165	0.177892	0.226724	0.006685	0.403553	0.165981	0.019165	0.177892	0.226724	0.006685	0.403553	0.165981	0.019165	0.177892	0.226724	0.006685	0.403553	0.165981	0.019165	0.177892	0.226724	0.006685	0.403553	0.165981	0.019165	1,1,1,1,1,1	0.912940	0.034673	0.034673	0.034673	0.034673	0.034673	0.034673	
70000	-68573.9	1,2,3,3,4,5	3.381924	5.195248	5.108166	6.289126	6.289126	5.999275	5.960116	1,1,2,1,1,2	1.264071	0.050636	0.305843	0.015432	0.628090	0.050636	0.305843	0.015432	0.628090	0.197173	0.403756	0.322490	0.076581	0.050636	0.305843	0.015432	0.628090	0.050636	0.305843	0.015432	0.628090	0.197173	0.403756	0.322490	0.076581	1,2,2,2,2,2	0.247004	0.138038	0.107810	0.232020	0.063988	0.171264	0.286881	0.195787	0.208545	0.004763	0.408163	0.166028	0.016713	0.195787	0.208545	0.004763	0.408163	0.166028	0.016713	0.195787	0.208545	0.004763	0.408163	0.166028	0.016713	0.195787	0.208545	0.004763	0.408163	0.166028	0.016713	0.195787	0.208545	0.004763	0.408163	0.166028	0.016713	1,1,1,1,1,1	0.414639	0.032140	0.032140	0.032140	0.032140	0.032140	0.032140	
71000	-68547.5	1,2,3,4,4,5	2.075322	5.347424	5.377039	6.561388	6.074870	6.074870	6.010824	1,1,2,1,1,2	0.823445	0.051184	0.308558	0.015595	0.624663	0.051184	0.308558	0.015595	0.624663	0.193059	0.410238	0.329972	0.066731	0.051184	0.308558	0.015595	0.624663	0.051184	0.308558	0.015595	0.624663	0.193059	0.410238	0.329972	0.066731	1,2,2,2,2,2	1.881670	0.096661	0.279548	0.097109	0.324977	0.061974	0.139731	0.191604	0.223749	0.005752	0.389725	0.171356	0.017814	0.191604	0.223749	0.005752	0.389725	0.171356	0.017814	0.191604	0.223749	0.005752	0.389725	0.171356	0.017814	0.191604	0.223749	0.005752	0.389725	0.171356	0.017814	0.191604	0.223749	0.005752	0.389725	0.171356	0.017814	1,1,1,1,1,1	1.433820	0.040402	0.040402	0.040402	0.040402	0.040402	0.040402	
72000	-68630.1	1,2,3,3,3,3	1.817344	5.012821	5.388766	5.858043	5.858043	5.858043	5.858043	1,1,2,1,1,2	0.635674	0.054892	0.307382	0.016689	0.621038	0.054892	0.307382	0.016689	0.621038	0.192939	0.407451	0.320309	0.079301	0.054892	0.307382	0.016689	0.621038	0.054892	0.307382	0.016689	0.621038	0.192939	0.407451	0.320309	0.079301	1,2,2,2,2,2	1.359267	0.063016	0.352268	0.179735	0.143030	0.143339	0.118612	0.183256	0.229524	0.004434	0.397795	0.164717	0.020274	0.183256	0.229524	0.004434	0.397795	0.164717	0.020274	0.183256	0.229524	0.004434	0.397795	0.164717	0.020274	0.183256	0.229524	0.004434	0.397795	0.164717	0.020274	0.183256	0.229524	0.004434	0.397795	0.164717	0.020274	1,1,1,1,1,1	1.478431	0.034058	0.034058	0.034058	0.034058	0.034058	0.034058	
73000	-68524.5	1,1,2,2,3,4	3.116945	5.273393	5.273393	6.433049	6.433049	6.057635	5.881871	1,1,2,1,1,2	1.997328	0.052424	0.308387	0.016173	0.623016	0.052424	0.308387	0.016173	0.623016	0.203751	0.402555	0.319279	0.074415	0.052424	0.308387	0.016173	0.623016	0.052424	0.308387	0.016173	0.623016	0.203751	0.402555	0.319279	0.074415	1,2,2,2,2,2	1.667367	0.043443	0.132407	0.065752	0.326791	0.041476	0.390130	0.192872	0.213292	0.004362	0.401607	0.172354	0.015512	0.192872	0.213292	0.004362	0.401607	0.172354	0.015512	0.192872	0.213292	0.004362	0.401607	0.172354	0.015512	0.192872	0.213292	0.004362	0.401607	0.172354	0.015512	0.192872	0.213292	0.004362	0.401607	0.172354	0.015512	1,1,1,1,1,1	0.968241	0.036544	0.036544	0.036544	0.036544	0.036544	0.036544	
74000	-68509	1,2,3,3,4,4	1.372978	5.178517	5.548733	6.354566	6.354566	6.062085	6.062085	1,1,2,1,1,2	1.103046	0.051713	0.313092	0.016724	0.618471	0.051713	0.313092	0.016724	0.618471	0.202725	0.404696	0.327199	0.065380	0.051713	0.313092	0.016724	0.618471	0.051713	0.313092	0.016724	0.618471	0.202725	0.404696	0.327199	0.065380	1,2,2,2,2,2	0.763878	0.038370	0.153823	0.214014	0.080582	0.105387	0.407824	0.182847	0.215563	0.003845	0.394064	0.175464	0.028218	0.182847	0.215563	0.003845	0.394064	0.175464	0.028218	0.182847	0.215563	0.003845	0.394064	0.175464	0.028218	0.182847	0.215563	0.003845	0.394064	0.175464	0.028218	0.182847	0.215563	0.003845	0.394064	0.175464	0.028218	1,1,1,1,1,1	0.342254	0.031945	0.031945	0.031945	0.031945	0.031945	0.031945	
75000	-68566	1,1,2,3,4,5	2.708938	5.287087	5.287087	6.280072	6.269701	6.104612	5.710646	1,1,2,1,1,2	0.469714	0.054118	0.309327	0.017595	0.618960	0.054118	0.309327	0.017595	0.618960	0.191373	0.413252	0.327516	0.067859	0.054118	0.309327	0.017595	0.618960	0.054118	0.309327	0.017595	0.618960	0.191373	0.413252	0.327516	0.067859	1,2,2,2,2,2	2.725946	0.115719	0.175668	0.192225	0.045647	0.045303	0.425438	0.184784	0.210606	0.007519	0.390333	0.184398	0.022362	0.184784	0.210606	0.007519	0.390333	0.184398	0.022362	0.184784	0.210606	0.007519	0.390333	0.184398	0.022362	0.184784	0.210606	0.007519	0.390333	0.184398	0.022362	0.184784	0.210606	0.007519	0.390333	0.184398	0.022362	1,1,1,1,1,1	0.875132	0.036257	0.036257	0.036257	0.036257	0.036257	0.036257	
76000	-68575.8	1,1,2,2,3,4	0.818659	5.241014	5.241014	6.486450	6.486450	5.941260	6.112625	1,1,2,1,1,2	1.239960	0.049009	0.315653	0.016181	0.619158	0.049009	0.315653	0.016181	0.619158	0.192207	0.409851	0.322700	0.075243	0.049009	0.315653	0.016181	0.619158	0.049009	0.315653	0.016181	0.619158	0.192207	0.409851	0.322700	0.075243	1,2,2,2,2,2	1.340532	0.046371	0.005557	0.294702	0.491270	0.103785	0.058315	0.185951	0.226805	0.008724	0.391300	0.168979	0.018242	0.185951	0.226805	0.008724	0.391300	0.168979	0.018242	0.185951	0.226805	0.008724	0.391300	0.168979	0.018242	0.185951	0.226805	0.008724	0.391300	0.168979	0.018242	0.185951	0.226805	0.008724	0.391300	0.168979	0.018242	1,1,1,1,1,1	0.553143	0.034635	0.034635	0.034635	0.034635	0.034635	0.034635	
77000	-68543.9	1,1,2,3,3,4	1.202099	5.225886	5.225886	6.345962	5.964822	5.964822	5.800809	1,1,2,1,1,2	1.211496	0.053776	0.303178	0.015795	0.627251	0.053776	0.303178	0.015795	0.627251	0.198073	0.404386	0.320097	0.077444	0.053776	0.303178	0.015795	0.627251	0.053776	0.303178	0.015795	0.627251	0.198073	0.404386	0.320097	0.077444	1,2,2,2,2,2	1.208326	0.167783	0.050953	0.314719	0.165759	0.135216	0.165570	0.188363	0.215674	0.005617	0.399183	0.171747	0.019417	0.188363	0.215674	0.005617	0.399183	0.171747	0.019417	0.188363	0.215674	0.005617	0.399183	0.171747	0.019417	0.188363	0.215674	0.005617	0.399183	0.171747	0.019417	0.188363	0.215674	0.005617	0.399183	0.171747	0.019417	1,1,1,1,1,1	0.930874	0.037590	0.037590	0.037590	0.037590	0.037590	0.037590	
78000	-68572.3	1,2,3,4,5,6	4.289877	4.981886	5.597014	6.371651	6.169464	6.018763	5.806497	1,1,2,1,1,2	1.343577	0.055876	0.310545	0.016248	0.617332	0.055876	0.310545	0.016248	0.617332	0.201738	0.403397	0.319023	0.075842	0.055876	0.310545	0.016248	0.617332	0.055876	0.310545	0.016248	0.617332	0.201738	0.403397	0.319023	0.075842	1,2,2,2,2,2	0.395785	0.160517	0.127018	0.112419	0.000774	0.057149	0.542124	0.186324	0.210344	0.006664	0.403161	0.174681	0.018826	0.186324	0.210344	0.006664	0.403161	0.174681	0.018826	0.186324	0.210344	0.006664	0.403161	0.174681	0.018826	0.186324	0.210344	0.006664	0.403161	0.174681	0.018826	0.186324	0.210344	0.006664	0.403161	0.174681	0.018826	1,1,1,1,1,1	0.621136	0.036884	0.036884	0.036884	0.036884	0.036884	0.036884	
79000	-68523.9	1,2,3,4,5,6	3.203592	5.209696	5.399393	6.303596	6.016459	5.633826	5.806240	1,1,2,1,1,2	1.064377	0.053628	0.306084	0.014435	0.625853	0.053628	0.306084	0.014435	0.625853	0.192896	0.404981	0.327259	0.074863	0.053628	0.306084	0.014435	0.625853	0.053628	0.306084	0.014435	0.625853	0.192896	0.404981	0.327259	0.074863	1,2,2,2,2,2	0.659273	0.061690	0.189311	0.155689	0.341677	0.095423	0.156209	0.181143	0.222882	0.005281	0.399813	0.165198	0.025684	0.181143	0.222882	0.005281	0.399813	0.165198	0.025684	0.181143	0.222882	0.005281	0.399813	0.165198	0.025684	0.181143	0.222882	0.005281	0.399813	0.165198	0.025684	0.181143	0.222882	0.005281	0.399813	0.165198	0.025684	1,1,1,1,1,1	0.622855	0.033827	0.033827	0.033827	0.033827	0.033827	0.033827	
80000	-68506.2	1,2,3,3,1,1	1.842185	5.899198	5.749195	6.186089	6.186089	5.899198	5.899198	1,1,2,1,1,2	3.034840	0.052023	0.310736	0.014734	0.622507	0.052023	0.310736	0.014734	0.622507	0.196574	0.405613	0.323876	0.073938	0.052023	0.310736	0.014734	0.622507	0.052023	0.310736	0.014734	0.622507	0.196574	0.405613	0.323876	0.073938	1,2,2,2,2,2	2.716210	0.058600	0.048709	0.078336	0.241334	0.053248	0.519773	0.190210	0.225815	0.005224	0.385593	0.165593	0.027565	0.190210	0.225815	0.005224	0.385593	0.165593	0.027565	0.190210	0.225815	0.005224	0.385593	0.165593	0.027565	0.190210	0.225815	0.005224	0.385593	0.165593	0.027565	0.190210	0.225815	0.005224	0.385593	0.165593	0.027565	1,1,1,1,1,1	0.737365	0.036230	0.036230	0.036230	0.036230	0.036230	0.036230	
81000	-68595.4	1,2,3,3,3,1	1.056938	5.996183	5.734228	6.082059	6.082059	6.082059	5.996183	1,1,2,1,1,2	1.559336	0.050504	0.314618	0.016444	0.618434	0.050504	0.314618	0.016444	0.618434	0.200317	0.402092	0.318677	0.078913	0.050504	0.314618	0.016444	0.618434	0.050504	0.314618	0.016444	0.618434	0.200317	0.402092	0.318677	0.078913	1,2,2,2,2,2	0.389891	0.036499	0.013958	0.325167	0.160363	0.199607	0.264406	0.189232	0.213437	0.006810	0.402466	0.170204	0.017852	0.189232	0.213437	0.006810	0.402466	0.170204	0.017852	0.189232	0.213437	0.006810	0.402466	0.170204	0.017852	0.189232	0.213437	0.006810	0.402466	0.170204	0.017852	0.189232	0.213437	0.006810	0.402466	0.170204	0.017852	1,1,1,1,1,1	0.891062	0.033189	0.033189	0.033189	0.033189	0.033189	0.033189	
82000	-68640.6	1,2,1,3,4,3	1.109494	6.251067	5.827641	6.251067	6.019612	5.854249	6.019612	1,1,2,1,1,2	0.707659	0.051463	0.305765	0.016061	0.626711	0.051463	0.305765	0.016061	0.626711	0.202810	0.402624	0.321234	0.073331	0.051463	0.305765	0.016061	0.626711	0.051463	0.305765	0.016061	0.626711	0.202810	0.402624	0.321234	0.073331	1,2,2,2,2,2	1.843902	0.060825	0.316965	0.373459	0.143841	0.058776	0.046135	0.185864	0.228848	0.006005	0.385050	0.174945	0.019288	0.185864	0.228848	0.006005	0.385050	0.174945	0.019288	0.185864	0.228848	0.006005	0.385050	0.174945	0.019288	0.185864	0.228848	0.006005	0.385050	0.174945	0.019288	0.185864	0.228848	0.006005	0.385050	0.174945	0.019288	1,2,2,1,2,2	1.649043	0.040560	0.032500	0.032500	0.040560	0.032500	0.032500	
83000	-68486.6	1,1,2,3,3,3	3.482383	5.320577	5.320577	6.259149	5.845524	5.845524	5.845524	1,1,2,1,1,2	0.849089	0.050905	0.316565	0.015472	0.617058	0.050905	0.316565	0.015472	0.617058	0.190401	0.409828	0.329281	0.070489	0.050905	0.316565	0.015472	0.617058	0.050905	0.316565	0.015472	0.617058	0.190401	0.409828	0.329281	0.070489	1,2,2,2,2,2	1.290221	0.007468	0.159573	0.178747	0.347594	0.066375	0.240244	0.191166	0.216281	0.006351	0.381610	0.172605	0.031987	0.191166	0.216281	0.006351	0.381610	0.172605	0.031987	0.191166	0.216281	0.006351	0.381610	0.172605	0.031987	0.191166	0.216281	0.006351	0.381610	0.172605	0.031987	0.191166	0.216281	0.006351	0.381610	0.172605	0.031987	1,1,1,1,1,1	1.105734	0.034906	0.034906	0.034906	0.034906	0.034906	0.034906	
84000	-68512.4	1,1,2,2,2,3	0.854965	5.356324	5.356324	6.124658	6.124658	6.124658	5.933837	1,1,2,1,1,2	0.656941	0.052365	0.317450	0.017288	0.612896	0.052365	0.317450	0.017288	0.612896	0.198769	0.403557	0.327871	0.069804	0.052365	0.317450	0.017288	0.612896	0.052365	0.317450	0.017288	0.612896	0.198769	0.403557	0.327871	0.069804	1,2,2,2,2,2	1.780624	0.081772	0.020882	0.386054	0.171456	0.113631	0.226205	0.185443	0.230023	0.008544	0.384446	0.172043	0.019502	0.185443	0.230023	0.008544	0.384446	0.172043	0.019502	0.185443	0.230023	0.008544	0.384446	0.172043	0.019502	0.185443	0.230023	0.008544	0.384446	0.172043	0.019502	0.185443	0.230023	0.008544	0.384446	0.172043	0.019502	1,1,1,1,1,1	0.891144	0.033829	0.033829	0.033829	0.033829	0.033829	0.033829	
85000	-68508.5	1,2,3,3,4,5	1.234631	5.350994	5.679844	6.249297	6.249297	6.138518	5.873870	1,1,2,1,1,2	0.905094	0.052842	0.308357	0.016878	0.621922	0.052842	0.308357	0.016878	0.621922	0.191490	0.407144	0.325092	0.076273	0.052842	0.308357	0.016878	0.621922	0.052842	0.308357	0.016878	0.621922	0.191490	0.407144	0.325092	0.076273	1,2,2,2,2,2	1.243021	0.083287	0.179396	0.248108	0.256448	0.084324	0.148436	0.195130	0.216713	0.005042	0.379144	0.185108	0.018862	0.195130	0.216713	0.005042	0.379144	0.185108	0.018862	0.195130	0.216713	0.005042	0.379144	0.185108	0.018862	0.195130	0.216713	0.005042	0.379144	0.185108	0.018862	0.195130	0.216713	0.005042	0.379144	0.185108	0.018862	1,1,1,1,1,1	0.535699	0.032796	0.032796	0.032796	0.032796	0.032796	0.032796	
86000	-68704.9	1,2,3,3,2,2	2.953291	5.214101	5.820686	6.408008	6.408008	5.820686	5.820686	1,1,2,1,1,2	0.291864	0.046764	0.306170	0.017796	0.629269	0.046764	0.306170	0.017796	0.629269	0.201413	0.404211	0.323196	0.071180	0.046764	0.306170	0.017796	0.629269	0.046764	0.306170	0.017796	0.629269	0.201413	0.404211	0.323196	0.071180	1,2,2,2,2,2	1.060964	0.206963	0.166714	0.104182	0.271394	0.129040	0.121707	0.196251	0.203836	0.006320	0.396040	0.178025	0.019529	0.196251	0.203836	0.006320	0.396040	0.178025	0.019529	0.196251	0.203836	0.006320	0.396040	0.178025	0.019529	0.196251	0.203836	0.006320	0.396040	0.178025	0.019529	0.196251	0.203836	0.006320	0.396040	0.178025	0.019529	1,1,1,1,1,1	1.414009	0.033072	0.033072	0.033072	0.033072	0.033072	0.033072	
87000	-68529.1	1,1,2,2,3,3	3.248262	5.243138	5.243138	6.533433	6.533433	6.120295	6.120295	1,1,2,1,1,2	0.909058	0.054421	0.310068	0.016392	0.619118	0.054421	0.310068	0.016392	0.619118	0.192182	0.408600	0.325868	0.073350	0.054421	0.310068	0.016392	0.619118	0.054421	0.310068	0.016392	0.619118	0.192182	0.408600	0.325868	0.073350	1,2,2,2,2,2	1.739115	0.032224	0.160805	0.166488	0.344288	0.103573	0.192623	0.192659	0.211368	0.006571	0.397047	0.176384	0.015972	0.192659	0.211368	0.006571	0.397047	0.176384	0.015972	0.192659	0.211368	0.006571	0.397047	0.176384	0.015972	0.192659	0.211368	0.006571	0.397047	0.176384	0.015972	0.192659	0.211368	0.006571	0.397047	0.176384	0.015972	1,1,1,1,1,1	1.089600	0.035856	0.035856	0.035856	0.035856	0.035856	0.035856	
88000	-68517.6	1,1,2,3,4,4	1.980495	5.280538	5.280538	6.128422	6.174303	5.823242	5.823242	1,1,2,1,1,2	2.103510	0.049774	0.304452	0.016118	0.629656	0.049774	0.304452	0.016118	0.629656	0.186522	0.411666	0.323515	0.078296	0.049774	0.304452	0.016118	0.629656	0.049774	0.304452	0.016118	0.629656	0.186522	0.411666	0.323515	0.078296	1,2,2,2,2,2	1.115926	0.121898	0.125450	0.303326	0.072097	0.108543	0.268686	0.180476	0.227773	0.005311	0.397514	0.164688	0.024238	0.180476	0.227773	0.005311	0.397514	0.164688	0.024238	0.180476	0.227773	0.005311	0.397514	0.164688	0.024238	0.180476	0.227773	0.005311	0.397514	0.164688	0.024238	0.180476	0.227773	0.005311	0.397514	0.164688	0.024238	1,1,1,1,1,1	0.624951	0.034756	0.034756	0.034756	0.034756	0.034756	0.034756	
89000	-68475.4	1,1,2,3,4,5	2.833847	5.324193	5.324193	6.372647	6.117413	6.025133	6.119687	1,1,2,1,1,2	1.270822	0.049027	0.307215	0.015067	0.628692	0.049027	0.307215	0.015067	0.628692	0.195543	0.414459	0.316567	0.073431	0.049027	0.307215	0.015067	0.628692	0.049027	0.307215	0.015067	0.628692	0.195543	0.414459	0.316567	0.073431	1,2,2,2,2,2	1.648191	0.070694	0.083642	0.189533	0.330283	0.066236	0.259612	0.185432	0.223075	0.006113	0.389898	0.171031	0.024451	0.185432	0.223075	0.006113	0.389898	0.171031	0.024451	0.185432	0.223075	0.006113	0.389898	0.171031	0.024451	0.185432	0.223075	0.006113	0.389898	0.171031	0.024451	0.185432	0.223075	0.006113	0.389898	0.171031	0.024451	1,1,1,1,1,1	2.595418	0.037299	0.037299	0.037299	0.037299	0.037299	0.037299	
90000	-68479.5	1,2,3,4,5,6	6.133892	5.243109	5.637446	6.538497	6.226221	5.881850	5.935093	1,1,2,1,1,2	0.678110	0.052175	0.313759	0.014784	0.619281	0.052175	0.313759	0.014784	0.619281	0.199436	0.402833	0.327199	0.070533	0.052175	0.313759	0.014784	0.619281	0.052175	0.313759	0.014784	0.619281	0.199436	0.402833	0.327199	0.070533	1,2,2,2,2,2	0.716004	0.035389	0.010061	0.215678	0.157783	0.111952	0.469137	0.193952	0.208216	0.002326	0.397585	0.171895	0.026026	0.193952	0.208216	0.002326	0.397585	0.171895	0.026026	0.193952	0.208216	0.002326	0.397585	0.171895	0.026026	0.193952	0.208216	0.002326	0.397585	0.171895	0.026026	0.193952	0.208216	0.002326	0.397585	0.171895	0.026026	1,1,1,1,1,1	0.616793	0.036657	0.036657	0.036657	0.036657	0.036657	0.036657	
91000	-68537.2	1,2,3,3,4,4	1.456586	4.756347	5.481826	6.324662	6.324662	6.000447	6.000447	1,1,2,1,1,2	1.047622	0.056274	0.308092	0.017036	0.618598	0.056274	0.308092	0.017036	0.618598	0.207687	0.400233	0.320253	0.071827	0.056274	0.308092	0.017036	0.618598	0.056274	0.308092	0.017036	0.618598	0.207687	0.400233	0.320253	0.071827	1,2,2,2,2,2	1.406088	0.145155	0.135573	0.143449	0.213369	0.102402	0.260052	0.180995	0.201012	0.004387	0.414294	0.178424	0.020888	0.180995	0.201012	0.004387	0.414294	0.178424	0.020888	0.180995	0.201012	0.004387	0.414294	0.178424	0.020888	0.180995	0.201012	0.004387	0.414294	0.178424	0.020888	0.180995	0.201012	0.004387	0.414294	0.178424	0.020888	1,1,1,1,1,1	0.995893	0.034494	0.034494	0.034494	0.034494	0.034494	0.034494	
92000	-68487.3	1,1,2,2,3,3	0.658205	5.198988	5.198988	6.417776	6.417776	6.058065	6.058065	1,1,2,1,1,2	0.898602	0.051948	0.310209	0.014891	0.622952	0.051948	0.310209	0.014891	0.622952	0.197121	0.409505	0.316184	0.077190	0.051948	0.310209	0.014891	0.622952	0.051948	0.310209	0.014891	0.622952	0.197121	0.409505	0.316184	0.077190	1,2,2,2,2,2	1.071040	0.121030	0.019600	0.160530	0.231465	0.077320	0.390054	0.182267	0.222546	0.003781	0.403598	0.170195	0.017613	0.182267	0.222546	0.003781	0.403598	0.170195	0.017613	0.182267	0.222546	0.003781	0.403598	0.170195	0.017613	0.182267	0.222546	0.003781	0.403598	0.170195	0.017613	0.182267	0.222546	0.003781	0.403598	0.170195	0.017613	1,1,1,1,1,1	1.011366	0.033179	0.033179	0.033179	0.033179	0.033179	0.033179	
93000	-68627.6	1,1,2,2,3,3	1.981398	5.423277	5.423277	6.373586	6.373586	5.967673	5.967673	1,1,2,1,1,2	1.721327	0.054006	0.309057	0.016998	0.619939	0.054006	0.309057	0.016998	0.619939	0.192597	0.408891	0.325867	0.072645	0.054006	0.309057	0.016998	0.619939	0.054006	0.309057	0.016998	0.619939	0.192597	0.408891	0.325867	0.072645	1,2,2,2,2,2	1.726375	0.041834	0.366157	0.338284	0.066615	0.130799	0.056311	0.189220	0.228898	0.004825	0.385621	0.169753	0.021683	0.189220	0.228898	0.004825	0.385621	0.169753	0.021683	0.189220	0.228898	0.004825	0.385621	0.169753	0.021683	0.189220	0.228898	0.004825	0.385621	0.169753	0.021683	0.189220	0.228898	0.004825	0.385621	0.169753	0.021683	1,1,1,1,1,1	0.421694	0.034279	0.034279	0.034279	0.034279	0.034279	0.034279	
94000	-68469.7	1,2,3,3,3,4	0.343796	5.773821	5.261614	6.182532	6.182532	6.182532	5.925478	1,1,2,1,1,2	2.708940	0.051136	0.312059	0.014910	0.621895	0.051136	0.312059	0.014910	0.621895	0.203301	0.404252	0.321961	0.070486	0.051136	0.312059	0.014910	0.621895	0.051136	0.312059	0.014910	0.621895	0.203301	0.404252	0.321961	0.070486	1,2,2,2,2,2	3.016226	0.035028	0.415447	0.119303	0.176621	0.033246	0.220355	0.194313	0.211286	0.001401	0.396315	0.172183	0.024502	0.194313	0.211286	0.001401	0.396315	0.172183	0.024502	0.194313	0.211286	0.001401	0.396315	0.172183	0.024502	0.194313	0.211286	0.001401	0.396315	0.172183	0.024502	0.194313	0.211286	0.001401	0.396315	0.172183	0.024502	1,1,1,1,1,1	3.818008	0.034116	0.034116	0.034116	0.034116	0.034116	0.034116	
95000	-68592.7	1,2,3,1,2,2	0.789811	6.082556	5.756727	6.320536	6.082556	5.756727	5.756727	1,1,2,1,1,2	1.718117	0.053228	0.301513	0.015278	0.629981	0.053228	0.301513	0.015278	0.629981	0.197075	0.407903	0.325652	0.069370	0.053228	0.301513	0.015278	0.629981	0.053228	0.301513	0.015278	0.629981	0.197075	0.407903	0.325652	0.069370	1,2,2,2,2,2	1.582352	0.103215	0.276220	0.324929	0.153192	0.050790	0.091653	0.183634	0.213281	0.004134	0.395438	0.175597	0.027915	0.183634	0.213281	0.004134	0.395438	0.175597	0.027915	0.183634	0.213281	0.004134	0.395438	0.175597	0.027915	0.183634	0.213281	0.004134	0.395438	0.175597	0.027915	0.183634	0.213281	0.004134	0.395438	0.175597	0.027915	1,1,1,1,1,1	0.684425	0.034803	0.034803	0.034803	0.034803	0.034803	0.034803	
96000	-68524.2	1,2,3,3,3,4	3.526118	5.485743	5.637658	6.248524	6.248524	6.248524	5.734768	1,1,2,1,1,2	0.994895	0.047591	0.315131	0.017138	0.620140	0.047591	0.315131	0.017138	0.620140	0.200821	0.408894	0.316339	0.073946	0.047591	0.315131	0.017138	0.620140	0.047591	0.315131	0.017138	0.620140	0.200821	0.408894	0.316339	0.073946	1,2,2,2,2,2	1.885919	0.118954	0.046154	0.310991	0.156542	0.133533	0.233826	0.186863	0.221944	0.007975	0.393903	0.172594	0.016722	0.186863	0.221944	0.007975	0.393903	0.172594	0.016722	0.186863	0.221944	0.007975	0.393903	0.172594	0.016722	0.186863	0.221944	0.007975	0.393903	0.172594	0.016722	0.186863	0.221944	0.007975	0.393903	0.172594	0.016722	1,1,1,1,1,1	1.161133	0.035835	0.035835	0.035835	0.035835	0.035835	0.035835	
97000	-68568.6	1,1,2,2,3,4	0.909633	5.342624	5.342624	6.366260	6.366260	5.922096	6.009556	1,1,2,1,1,2	3.455656	0.054301	0.310070	0.016770	0.618859	0.054301	0.310070	0.016770	0.618859	0.201211	0.404072	0.320381	0.074337	0.054301	0.310070	0.016770	0.618859	0.054301	0.310070	0.016770	0.618859	0.201211	0.404072	0.320381	0.074337	1,2,2,2,2,2	2.665453	0.250156	0.180387	0.228162	0.069354	0.085148	0.186792	0.182867	0.227524	0.009823	0.393600	0.168664	0.017522	0.182867	0.227524	0.009823	0.393600	0.168664	0.017522	0.182867	0.227524	0.009823	0.393600	0.168664	0.017522	0.182867	0.227524	0.009823	0.393600	0.168664	0.017522	0.182867	0.227524	0.009823	0.393600	0.168664	0.017522	1,1,1,1,1,1	0.842289	0.038600	0.038600	0.038600	0.038600	0.038600	0.038600	
98000	-68512.6	1,2,3,3,3,1	0.390441	5.766702	5.676494	6.082748	6.082748	6.082748	5.766702	1,1,2,1,1,2	1.027973	0.053888	0.309979	0.013928	0.622205	0.053888	0.309979	0.013928	0.622205	0.198332	0.406241	0.315528	0.079899	0.053888	0.309979	0.013928	0.622205	0.053888	0.309979	0.013928	0.622205	0.198332	0.406241	0.315528	0.079899	1,2,2,2,2,2	1.683065	0.009544	0.230858	0.202397	0.314476	0.045550	0.197174	0.186713	0.223838	0.001871	0.393486	0.165782	0.028310	0.186713	0.223838	0.001871	0.393486	0.165782	0.028310	0.186713	0.223838	0.001871	0.393486	0.165782	0.028310	0.186713	0.223838	0.001871	0.393486	0.165782	0.028310	0.186713	0.223838	0.001871	0.393486	0.165782	0.028310	1,1,1,1,1,1	0.538746	0.032238	0.032238	0.032238	0.032238	0.032238	0.032238	
99000	-68509.6	1,1,2,2,3,4	1.661583	5.526086	5.526086	6.333569	6.333569	6.029857	5.948074	1,1,2,1,1,2	1.280188	0.049722	0.308761	0.016671	0.624845	0.049722	0.308761	0.016671	0.624845	0.195130	0.402727	0.326256	0.075887	0.049722	0.308761	0.016671	0.624845	0.049722	0.308761	0.016671	0.624845	0.195130	0.402727	0.326256	0.075887	1,2,2,2,2,2	1.521937	0.137913	0.005443	0.166914	0.090662	0.083316	0.515751	0.191459	0.209435	0.005909	0.395011	0.175191	0.022994	0.191459	0.209435	0.005909	0.395011	0.175191	0.022994	0.191459	0.209435	0.005909	0.395011	0.175191	0.022994	0.191459	0.209435	0.005909	0.395011	0.175191	0.022994	0.191459	0.209435	0.005909	0.395011	0.175191	0.022994	1,1,1,1,1,1	0.672973	0.036243	0.036243	0.036243	0.036243	0.036243	0.036243	
100000	-68566.3	1,1,2,3,4,5	2.232111	5.057575	5.057575	6.517824	6.185225	5.736653	6.039888	1,1,2,1,1,2	0.793996	0.054360	0.306995	0.015753	0.622891	0.054360	0.306995	0.015753	0.622891	0.187709	0.411714	0.329199	0.071377	0.054360	0.306995	0.015753	0.622891	0.054360	0.306995	0.015753	0.622891	0.187709	0.411714	0.329199	0.071377	1,2,2,2,2,2	2.215633	0.140728	0.088116	0.145280	0.062367	0.127349	0.436159	0.189696	0.221962	0.004458	0.391554	0.174955	0.017375	0.189696	0.221962	0.004458	0.391554	0.174955	0.017375	0.189696	0.221962	0.004458	0.391554	0.174955	0.017375	0.189696	0.221962	0.004458	0.391554	0.174955	0.017375	0.189696	0.221962	0.004458	0.391554	0.174955	0.017375	1,1,1,1,1,1	1.327191	0.035874	0.035874	0.035874	0.035874	0.035874	0.035874	
101000	-68559.3	1,2,3,3,1,4	1.928840	5.943728	5.521433	6.345167	6.345167	5.943728	5.964718	1,1,2,1,1,2	1.197722	0.049488	0.311887	0.015121	0.623503	0.049488	0.311887	0.015121	0.623503	0.198730	0.407931	0.316661	0.076678	0.049488	0.311887	0.015121	0.623503	0.049488	0.311887	0.015121	0.623503	0.198730	0.407931	0.316661	0.076678	1,2,2,2,2,2	3.600848	0.025087	0.289270	0.057313	0.430911	0.044607	0.152813	0.187819	0.227802	0.005756	0.388497	0.161278	0.028849	0.187819	0.227802	0.005756	0.388497	0.161278	0.028849	0.187819	0.227802	0.005756	0.388497	0.161278	0.028849	0.187819	0.227802	0.005756	0.388497	0.161278	0.028849	0.187819	0.227802	0.005756	0.388497	0.161278	0.028849	1,1,1,1,1,1	1.039635	0.033179	0.033179	0.033179	0.033179	0.033179	0.033179	
102000	-68503.6	1,1,2,2,3,3	1.609802	5.563841	5.563841	6.334910	6.334910	6.065466	6.065466	1,1,2,1,1,2	1.798772	0.053709	0.306181	0.015728	0.624382	0.053709	0.306181	0.015728	0.624382	0.196665	0.408239	0.321800	0.073296	0.053709	0.306181	0.015728	0.624382	0.053709	0.306181	0.015728	0.624382	0.196665	0.408239	0.321800	0.073296	1,2,2,2,2,2	1.282989	0.037600	0.286028	0.268963	0.145962	0.080636	0.180811	0.189832	0.225072	0.002536	0.394907	0.166897	0.020756	0.189832	0.225072	0.002536	0.394907	0.166897	0.020756	0.189832	0.225072	0.002536	0.394907	0.166897	0.020756	0.189832	0.225072	0.002536	0.394907	0.166897	0.020756	0.189832	0.225072	0.002536	0.394907	0.166897	0.020756	1,1,1,1,1,1	2.173923	0.034574	0.034574	0.034574	0.034574	0.034574	0.034574	
103000	-68603.7	1,2,3,3,1,1	3.421889	5.907361	5.555842	6.368067	6.368067	5.907361	5.907361	1,1,2,1,1,2	3.910059	0.049754	0.314568	0.015167	0.620512	0.049754	0.314568	0.015167	0.620512	0.193452	0.415583	0.315087	0.075878	0.049754	0.314568	0.015167	0.620512	0.049754	0.314568	0.015167	0.620512	0.193452	0.415583	0.315087	0.075878	1,2,2,2,2,2	0.942891	0.047930	0.113888	0.351435	0.364551	0.071439	0.050758	0.188327	0.223554	0.005440	0.396669	0.160642	0.025367	0.188327	0.223554	0.005440	0.396669	0.160642	0.025367	0.188327	0.223554	0.005440	0.396669	0.160642	0.025367	0.188327	0.223554	0.005440	0.396669	0.160642	0.025367	0.188327	0.223554	0.005440	0.396669	0.160642	0.025367	1,1,1,1,1,1	0.413170	0.033302	0.033302	0.033302	0.033302	0.033302	0.033302	
104000	-68482.1	1,1,2,3,4,4	2.018004	5.099142	5.099142	6.151515	6.430748	6.024885	6.024885	1,1,2,1,1,2	3.308699	0.048446	0.312310	0.015367	0.623877	0.048446	0.312310	0.015367	0.623877	0.200552	0.409195	0.318616	0.071637	0.048446	0.312310	0.015367	0.623877	0.048446	0.312310	0.015367	0.623877	0.200552	0.409195	0.318616	0.071637	1,2,2,2,2,2	2.477598	0.023868	0.186051	0.198326	0.234594	0.084631	0.272530	0.173436	0.229096	0.008503	0.396455	0.160808	0.031702	0.173436	0.229096	0.008503	0.396455	0.160808	0.031702	0.173436	0.229096	0.008503	0.396455	0.160808	0.031702	0.173436	0.229096	0.008503	0.396455	0.160808	0.031702	0.173436	0.229096	0.008503	0.396455	0.160808	0.031702	1,1,1,1,1,1	1.037351	0.035079	0.035079	0.035079	0.035079	0.035079	0.035079	
105000	-68586.3	1,2,1,3,2,2	2.110973	6.618504	5.582167	6.618504	6.061465	5.582167	5.582167	1,1,2,1,1,2	0.591784	0.053493	0.308643	0.015747	0.622116	0.053493	0.308643	0.015747	0.622116	0.195553	0.400109	0.329246	0.075092	0.053493	0.308643	0.015747	0.622116	0.053493	0.308643	0.015747	0.622116	0.195553	0.400109	0.329246	0.075092	1,2,2,2,2,2	0.793714	0.081804	0.032970	0.280040	0.256114	0.034474	0.314598	0.184983	0.226133	0.006474	0.394652	0.162653	0.025105	0.184983	0.226133	0.006474	0.394652	0.162653	0.025105	0.184983	0.226133	0.006474	0.394652	0.162653	0.025105	0.184983	0.226133	0.006474	0.394652	0.162653	0.025105	0.184983	0.226133	0.006474	0.394652	0.162653	0.025105	1,1,1,1,1,1	0.918026	0.033394	0.033394	0.033394	0.033394	0.033394	0.033394	
106000	-68662.4	1,2,3,4,5,5	1.202265	5.673071	5.710178	6.569622	6.174722	5.833690	5.833690	1,1,2,1,1,2	3.152211	0.057102	0.310373	0.015395	0.617130	0.057102	0.310373	0.015395	0.617130	0.201808	0.400920	0.320104	0.077168	0.057102	0.310373	0.015395	0.617130	0.057102	0.310373	0.015395	0.617130	0.201808	0.400920	0.320104	0.077168	1,2,2,2,2,2	1.952205	0.114445	0.010055	0.044548	0.334130	0.062191	0.434630	0.185879	0.214696	0.005232	0.408227	0.173184	0.012783	0.185879	0.214696	0.005232	0.408227	0.173184	0.012783	0.185879	0.214696	0.005232	0.408227	0.173184	0.012783	0.185879	0.214696	0.005232	0.408227	0.173184	0.012783	0.185879	0.214696	0.005232	0.408227	0.173184	0.012783	1,1,1,1,1,1	1.501617	0.038298	0.038298	0.038298	0.038298	0.038298	0.038298	
107000	-68612.7	1,2,3,4,4,4	1.331630	5.131736	5.294037	6.804979	6.086169	6.086169	6.086169	1,1,2,1,1,2	1.447718	0.053860	0.299468	0.013726	0.632947	0.053860	0.299468	0.013726	0.632947	0.195225	0.413088	0.323245	0.068442	0.053860	0.299468	0.013726	0.632947	0.053860	0.299468	0.013726	0.632947	0.195225	0.413088	0.323245	0.068442	1,2,2,2,2,2	1.955568	0.070936	0.056361	0.152680	0.503918	0.124033	0.092071	0.191189	0.214881	0.003185	0.390154	0.175913	0.024679	0.191189	0.214881	0.003185	0.390154	0.175913	0.024679	0.191189	0.214881	0.003185	0.390154	0.175913	0.024679	0.191189	0.214881	0.003185	0.390154	0.175913	0.024679	0.191189	0.214881	0.003185	0.390154	0.175913	0.024679	1,1,1,1,1,1	0.817510	0.033350	0.033350	0.033350	0.033350	0.033350	0.033350	
108000	-68571.8	1,2,3,3,4,5	3.080694	5.616242	5.173239	6.397830	6.397830	5.978212	5.965620	1,1,2,1,1,2	0.807994	0.052034	0.312814	0.016623	0.618530	0.052034	0.312814	0.016623	0.618530	0.198127	0.407450	0.318841	0.075581	0.052034	0.312814	0.016623	0.618530	0.052034	0.312814	0.016623	0.618530	0.198127	0.407450	0.318841	0.075581	1,2,2,2,2,2	2.017461	0.178247	0.201544	0.280264	0.076464	0.114424	0.149057	0.181471	0.217614	0.005917	0.397829	0.170431	0.026738	0.181471	0.217614	0.005917	0.397829	0.170431	0.026738	0.181471	0.217614	0.005917	0.397829	0.170431	0.026738	0.181471	0.217614	0.005917	0.397829	0.170431	0.026738	0.181471	0.217614	0.005917	0.397829	0.170431	0.026738	1,1,1,1,1,1	1.705697	0.036860	0.036860	0.036860	0.036860	0.036860	0.036860	
109000	-68546.6	1,2,3,4,4,4	1.054271	5.499698	5.365093	6.279515	5.890229	5.890229	5.890229	1,1,2,1,1,2	1.660994	0.056361	0.310509	0.016609	0.616522	0.056361	0.310509	0.016609	0.616522	0.200575	0.407300	0.314135	0.077990	0.056361	0.310509	0.016609	0.616522	0.056361	0.310509	0.016609	0.616522	0.200575	0.407300	0.314135	0.077990	1,2,2,2,2,2	1.346746	0.034233	0.071427	0.438198	0.169966	0.096686	0.189490	0.180142	0.215500	0.006262	0.406032	0.169819	0.022244	0.180142	0.215500	0.006262	0.406032	0.169819	0.022244	0.180142	0.215500	0.006262	0.406032	0.169819	0.022244	0.180142	0.215500	0.006262	0.406032	0.169819	0.022244	0.180142	0.215500	0.006262	0.406032	0.169819	0.022244	1,1,1,1,1,2	0.749594	0.038043	0.038043	0.038043	0.038043	0.038043	0.030862	
110000	-68599.1	1,2,3,3,4,4	1.402168	5.066438	5.413608	6.326035	6.326035	5.838997	5.838997	1,1,2,1,1,2	1.819471	0.054214	0.311037	0.016316	0.618432	0.054214	0.311037	0.016316	0.618432	0.193167	0.415539	0.321095	0.070200	0.054214	0.311037	0.016316	0.618432	0.054214	0.311037	0.016316	0.618432	0.193167	0.415539	0.321095	0.070200	1,2,2,2,2,2	2.221060	0.072831	0.012962	0.315661	0.205405	0.047154	0.345987	0.187821	0.223951	0.005380	0.385622	0.175968	0.021259	0.187821	0.223951	0.005380	0.385622	0.175968	0.021259	0.187821	0.223951	0.005380	0.385622	0.175968	0.021259	0.187821	0.223951	0.005380	0.385622	0.175968	0.021259	0.187821	0.223951	0.005380	0.385622	0.175968	0.021259	1,1,1,1,1,1	0.515983	0.034467	0.034467	0.034467	0.034467	0.034467	0.034467	
111000	-68485.9	1,1,2,3,4,4	1.923233	5.479541	5.479541	6.249122	6.034975	6.090263	6.090263	1,1,2,1,1,2	0.291373	0.049559	0.309895	0.014757	0.625789	0.049559	0.309895	0.014757	0.625789	0.199676	0.407097	0.321195	0.072031	0.049559	0.309895	0.014757	0.625789	0.049559	0.309895	0.014757	0.625789	0.199676	0.407097	0.321195	0.072031	1,2,2,2,2,2	1.554975	0.043089	0.106429	0.172567	0.068634	0.086064	0.523217	0.181599	0.227728	0.004921	0.398936	0.166731	0.020085	0.181599	0.227728	0.004921	0.398936	0.166731	0.020085	0.181599	0.227728	0.004921	0.398936	0.166731	0.020085	0.181599	0.227728	0.004921	0.398936	0.166731	0.020085	0.181599	0.227728	0.004921	0.398936	0.166731	0.020085	1,1,1,1,1,1	0.739465	0.034546	0.034546	0.034546	0.034546	0.034546	0.034546	
112000	-68513.9	1,2,3,4,1,4	1.488465	5.779637	5.403031	6.342220	5.956610	5.779637	5.956610	1,1,2,1,1,2	0.675573	0.055022	0.309887	0.016897	0.618194	0.055022	0.309887	0.016897	0.618194	0.185298	0.411948	0.322794	0.079959	0.055022	0.309887	0.016897	0.618194	0.055022	0.309887	0.016897	0.618194	0.185298	0.411948	0.322794	0.079959	1,2,2,2,2,2	1.785085	0.091366	0.033805	0.102937	0.130703	0.059069	0.582120	0.190819	0.213565	0.009256	0.392093	0.172617	0.021650	0.190819	0.213565	0.009256	0.392093	0.172617	0.021650	0.190819	0.213565	0.009256	0.392093	0.172617	0.021650	0.190819	0.213565	0.009256	0.392093	0.172617	0.021650	0.190819	0.213565	0.009256	0.392093	0.172617	0.021650	1,1,1,1,1,1	1.077439	0.036184	0.036184	0.036184	0.036184	0.036184	0.036184	
113000	-68493	1,2,3,3,4,4	2.503318	5.191244	5.255624	6.227282	6.227282	5.935739	5.935739	1,1,2,1,1,2	1.100284	0.050059	0.311492	0.014622	0.623828	0.050059	0.311492	0.014622	0.623828	0.205631	0.407446	0.310161	0.076762	0.050059	0.311492	0.014622	0.623828	0.050059	0.311492	0.014622	0.623828	0.205631	0.407446	0.310161	0.076762	1,2,2,2,2,2	2.131726	0.139080	0.040382	0.263400	0.073101	0.093790	0.390248	0.188759	0.211803	0.007397	0.395353	0.173979	0.022709	0.188759	0.211803	0.007397	0.395353	0.173979	0.022709	0.188759	0.211803	0.007397	0.395353	0.173979	0.022709	0.188759	0.211803	0.007397	0.395353	0.173979	0.022709	0.188759	0.211803	0.007397	0.395353	0.173979	0.022709	1,1,1,1,1,1	0.866294	0.034290	0.034290	0.034290	0.034290	0.034290	0.034290	
114000	-68569.6	1,1,2,3,4,4	2.296949	5.488572	5.488572	6.296486	6.369923	5.816417	5.816417	1,1,2,1,1,2	1.042061	0.051383	0.308052	0.015482	0.625083	0.051383	0.308052	0.015482	0.625083	0.198348	0.409859	0.319796	0.071997	0.051383	0.308052	0.015482	0.625083	0.051383	0.308052	0.015482	0.625083	0.198348	0.409859	0.319796	0.071997	1,2,2,2,2,2	1.127041	0.037634	0.072986	0.460943	0.041435	0.172380	0.214622	0.194860	0.218584	0.004418	0.392595	0.167860	0.021683	0.194860	0.218584	0.004418	0.392595	0.167860	0.021683	0.194860	0.218584	0.004418	0.392595	0.167860	0.021683	0.194860	0.218584	0.004418	0.392595	0.167860	0.021683	0.194860	0.218584	0.004418	0.392595	0.167860	0.021683	1,1,1,1,1,1	1.052814	0.035792	0.035792	0.035792	0.035792	0.035792	0.035792	
115000	-68543.2	1,2,3,4,5,6	4.241272	5.684935	5.279699	6.248372	6.173745	6.211031	5.824543	1,1,2,1,1,2	0.799210	0.053760	0.303824	0.015600	0.626816	0.053760	0.303824	0.015600	0.626816	0.199575	0.401861	0.326015	0.072550	0.053760	0.303824	0.015600	0.626816	0.053760	0.303824	0.015600	0.626816	0.199575	0.401861	0.326015	0.072550	1,2,2,2,2,2	2.003521	0.192143	0.133338	0.212768	0.138616	0.061877	0.261258	0.195054	0.194475	0.005361	0.393283	0.174766	0.037060	0.195054	0.194475	0.005361	0.393283	0.174766	0.037060	0.195054	0.194475	0.005361	0.393283	0.174766	0.037060	0.195054	0.194475	0.005361	0.393283	0.174766	0.037060	0.195054	0.194475	0.005361	0.393283	0.174766	0.037060	1,1,1,1,1,1	0.904099	0.035224	0.035224	0.035224	0.035224	0.035224	0.035224	
116000	-68564.2	1,1,2,2,3,4	2.998799	5.262094	5.262094	6.340758	6.340758	6.020845	5.822711	1,1,2,1,1,2	2.235341	0.054182	0.314449	0.017248	0.614121	0.054182	0.314449	0.017248	0.614121	0.199869	0.411521	0.322191	0.066418	0.054182	0.314449	0.017248	0.614121	0.054182	0.314449	0.017248	0.614121	0.199869	0.411521	0.322191	0.066418	1,2,2,2,2,2	2.301674	0.217073	0.147302	0.264341	0.127113	0.091592	0.152578	0.184962	0.219999	0.003308	0.383721	0.173944	0.034065	0.184962	0.219999	0.003308	0.383721	0.173944	0.034065	0.184962	0.219999	0.003308	0.383721	0.173944	0.034065	0.184962	0.219999	0.003308	0.383721	0.173944	0.034065	0.184962	0.219999	0.003308	0.383721	0.173944	0.034065	1,1,1,1,1,1	0.640011	0.034603	0.034603	0.034603	0.034603	0.034603	0.034603	
117000	-68540.8	1,2,3,3,3,4	1.531551	5.821035	5.729107	6.283910	6.283910	6.283910	5.968998	1,1,2,1,1,2	1.793510	0.050677	0.317621	0.015454	0.616248	0.050677	0.317621	0.015454	0.616248	0.198511	0.403719	0.322555	0.075215	0.050677	0.317621	0.015454	0.616248	0.050677	0.317621	0.015454	0.616248	0.198511	0.403719	0.322555	0.075215	1,2,2,2,2,2	2.085086	0.107834	0.079014	0.289549	0.014613	0.068516	0.440474	0.188718	0.209499	0.002977	0.401933	0.176625	0.020249	0.188718	0.209499	0.002977	0.401933	0.176625	0.020249	0.188718	0.209499	0.002977	0.401933	0.176625	0.020249	0.188718	0.209499	0.002977	0.401933	0.176625	0.020249	0.188718	0.209499	0.002977	0.401933	0.176625	0.020249	1,1,1,1,1,1	1.267647	0.037831	0.037831	0.037831	0.037831	0.037831	0.037831	
118000	-68530.9	1,2,3,3,4,4	1.599663	6.554544	5.491918	6.286359	6.286359	6.049225	6.049225	1,1,2,1,1,2	1.466215	0.054386	0.304757	0.017488	0.623369	0.054386	0.304757	0.017488	0.623369	0.187178	0.410907	0.321750	0.080165	0.054386	0.304757	0.017488	0.623369	0.054386	0.304757	0.017488	0.623369	0.187178	0.410907	0.321750	0.080165	1,2,2,2,2,2	0.886886	0.029023	0.156723	0.060724	0.448646	0.016345	0.288539	0.186737	0.234060	0.002390	0.391861	0.161175	0.023777	0.186737	0.234060	0.002390	0.391861	0.161175	0.023777	0.186737	0.234060	0.002390	0.391861	0.161175	0.023777	0.186737	0.234060	0.002390	0.391861	0.161175	0.023777	0.186737	0.234060	0.002390	0.391861	0.161175	0.023777	1,1,1,1,1,1	0.444088	0.032846	0.032846	0.032846	0.032846	0.032846	0.032846	
119000	-68602.2	1,1,2,2,3,4	1.707554	5.155238	5.155238	6.216607	6.216607	6.078740	5.997426	1,1,2,1,1,2	0.801715	0.054130	0.312796	0.015625	0.617449	0.054130	0.312796	0.015625	0.617449	0.199301	0.400357	0.322801	0.077540	0.054130	0.312796	0.015625	0.617449	0.054130	0.312796	0.015625	0.617449	0.199301	0.400357	0.322801	0.077540	1,2,2,2,2,2	0.672988	0.088636	0.298770	0.227415	0.007622	0.156060	0.221497	0.192690	0.216949	0.001362	0.403685	0.169631	0.015684	0.192690	0.216949	0.001362	0.403685	0.169631	0.015684	0.192690	0.216949	0.001362	0.403685	0.169631	0.015684	0.192690	0.216949	0.001362	0.403685	0.169631	0.015684	0.192690	0.216949	0.001362	0.403685	0.169631	0.015684	1,1,1,1,1,1	0.705870	0.034508	0.034508	0.034508	0.034508	0.034508	0.034508	
120000	-68533.2	1,2,3,4,1,5	3.728777	5.925211	5.693863	6.545987	6.485517	5.925211	5.770310	1,1,2,1,1,2	1.761476	0.053730	0.309369	0.016093	0.620808	0.053730	0.309369	0.016093	0.620808	0.199307	0.399671	0.325548	0.075473	0.053730	0.309369	0.016093	0.620808	0.053730	0.309369	0.016093	0.620808	0.199307	0.399671	0.325548	0.075473	1,2,2,2,2,2	2.020130	0.064238	0.061077	0.344648	0.290941	0.070684	0.168412	0.182765	0.227507	0.003740	0.396802	0.165789	0.023398	0.182765	0.227507	0.003740	0.396802	0.165789	0.023398	0.182765	0.227507	0.003740	0.396802	0.165789	0.023398	0.182765	0.227507	0.003740	0.396802	0.165789	0.023398	0.182765	0.227507	0.003740	0.396802	0.165789	0.023398	1,1,1,1,1,1	0.459007	0.036969	0.036969	0.036969	0.036969	0.036969	0.036969	
121000	-68671.7	1,1,2,2,2,2	2.233222	5.364000	5.364000	6.164818	6.164818	6.164818	6.164818	1,1,2,1,1,2	0.547251	0.047304	0.309303	0.016694	0.626700	0.047304	0.309303	0.016694	0.626700	0.188192	0.407549	0.324391	0.079867	0.047304	0.309303	0.016694	0.626700	0.047304	0.309303	0.016694	0.626700	0.188192	0.407549	0.324391	0.079867	1,2,2,2,2,2	1.709485	0.354584	0.167435	0.133327	0.131306	0.054424	0.158925	0.192409	0.210705	0.007298	0.394999	0.171725	0.022865	0.192409	0.210705	0.007298	0.394999	0.171725	0.022865	0.192409	0.210705	0.007298	0.394999	0.171725	0.022865	0.192409	0.210705	0.007298	0.394999	0.171725	0.022865	0.192409	0.210705	0.007298	0.394999	0.171725	0.022865	1,1,1,1,1,1	1.041098	0.031929	0.031929	0.031929	0.031929	0.031929	0.031929	
122000	-68560.2	1,1,2,3,4,3	3.549975	5.251877	5.251877	6.436039	6.068259	5.956357	6.068259	1,1,2,1,1,2	1.292234	0.052034	0.308159	0.014863	0.624944	0.052034	0.308159	0.014863	0.624944	0.202963	0.406291	0.319605	0.071142	0.052034	0.308159	0.014863	0.624944	0.052034	0.308159	0.014863	0.624944	0.202963	0.406291	0.319605	0.071142	1,2,2,2,2,2	0.110227	0.248822	0.039418	0.175157	0.241239	0.087687	0.207676	0.180349	0.225019	0.004721	0.400719	0.165513	0.023679	0.180349	0.225019	0.004721	0.400719	0.165513	0.023679	0.180349	0.225019	0.004721	0.400719	0.165513	0.023679	0.180349	0.225019	0.004721	0.400719	0.165513	0.023679	0.180349	0.225019	0.004721	0.400719	0.165513	0.023679	1,1,1,1,1,1	0.566464	0.033423	0.033423	0.033423	0.033423	0.033423	0.033423	
123000	-68551.8	1,2,3,3,1,1	1.996709	5.923817	5.401533	6.198692	6.198692	5.923817	5.923817	1,1,2,1,1,2	0.650575	0.052110	0.315522	0.015480	0.616889	0.052110	0.315522	0.015480	0.616889	0.198707	0.401581	0.325676	0.074035	0.052110	0.315522	0.015480	0.616889	0.052110	0.315522	0.015480	0.616889	0.198707	0.401581	0.325676	0.074035	1,2,2,2,2,2	0.346395	0.017846	0.160500	0.353557	0.293969	0.083140	0.090987	0.189549	0.212420	0.004805	0.388230	0.174743	0.030253	0.189549	0.212420	0.004805	0.388230	0.174743	0.030253	0.189549	0.212420	0.004805	0.388230	0.174743	0.030253	0.189549	0.212420	0.004805	0.388230	0.174743	0.030253	0.189549	0.212420	0.004805	0.388230	0.174743	0.030253	1,1,1,1,1,1	0.401679	0.038665	0.038665	0.038665	0.038665	0.038665	0.038665	
124000	-68508.2	1,1,2,2,3,3	1.749690	5.191631	5.191631	6.388497	6.388497	5.976207	5.976207	1,1,2,1,1,2	0.638857	0.050924	0.305170	0.016824	0.627082	0.050924	0.305170	0.016824	0.627082	0.193834	0.409130	0.331060	0.065976	0.050924	0.305170	0.016824	0.627082	0.050924	0.305170	0.016824	0.627082	0.193834	0.409130	0.331060	0.065976	1,2,2,2,2,2	1.760947	0.040364	0.105830	0.301137	0.204196	0.135639	0.212834	0.189066	0.218302	0.003979	0.383627	0.176513	0.028513	0.189066	0.218302	0.003979	0.383627	0.176513	0.028513	0.189066	0.218302	0.003979	0.383627	0.176513	0.028513	0.189066	0.218302	0.003979	0.383627	0.176513	0.028513	0.189066	0.218302	0.003979	0.383627	0.176513	0.028513	1,2,2,2,2,2	1.019329	0.040085	0.033214	0.033214	0.033214	0.033214	0.033214	
125000	-68551.6	1,2,3,3,1,1	1.493309	5.810510	5.226575	6.406807	6.406807	5.810510	5.810510	1,1,2,1,1,2	1.132136	0.048940	0.315918	0.017823	0.617319	0.048940	0.315918	0.017823	0.617319	0.201246	0.395129	0.326807	0.076819	0.048940	0.315918	0.017823	0.617319	0.048940	0.315918	0.017823	0.617319	0.201246	0.395129	0.326807	0.076819	1,2,2,2,2,2	1.104995	0.118815	0.022495	0.293882	0.332301	0.054049	0.178457	0.185510	0.211507	0.004359	0.409112	0.168484	0.021027	0.185510	0.211507	0.004359	0.409112	0.168484	0.021027	0.185510	0.211507	0.004359	0.409112	0.168484	0.021027	0.185510	0.211507	0.004359	0.409112	0.168484	0.021027	0.185510	0.211507	0.004359	0.409112	0.168484	0.021027	1,1,1,1,1,1	0.740960	0.033180	0.033180	0.033180	0.033180	0.033180	0.033180	
126000	-68656.8	1,1,2,2,2,3	0.649347	4.990725	4.990725	6.332706	6.332706	6.332706	5.792289	1,1,2,1,1,2	1.310812	0.054256	0.308985	0.015549	0.621210	0.054256	0.308985	0.015549	0.621210	0.200706	0.405234	0.323867	0.070193	0.054256	0.308985	0.015549	0.621210	0.054256	0.308985	0.015549	0.621210	0.200706	0.405234	0.323867	0.070193	1,2,2,2,2,2	0.976220	0.305224	0.107548	0.175981	0.181903	0.118972	0.110372	0.180605	0.209760	0.009152	0.390002	0.186501	0.023980	0.180605	0.209760	0.009152	0.390002	0.186501	0.023980	0.180605	0.209760	0.009152	0.390002	0.186501	0.023980	0.180605	0.209760	0.009152	0.390002	0.186501	0.023980	0.180605	0.209760	0.009152	0.390002	0.186501	0.023980	1,1,1,1,1,1	0.215725	0.033821	0.033821	0.033821	0.033821	0.033821	0.033821	
127000	-68573.7	1,2,3,4,5,5	2.399131	5.299576	5.435284	6.280746	6.406548	5.990247	5.990247	1,1,2,1,1,2	0.604623	0.056094	0.312145	0.015618	0.616144	0.056094	0.312145	0.015618	0.616144	0.203020	0.402231	0.326378	0.068370	0.056094	0.312145	0.015618	0.616144	0.056094	0.312145	0.015618	0.616144	0.203020	0.402231	0.326378	0.068370	1,2,2,2,2,2	0.929876	0.081373	0.157642	0.333013	0.257861	0.093811	0.076300	0.182547	0.223637	0.006044	0.392665	0.176402	0.018706	0.182547	0.223637	0.006044	0.392665	0.176402	0.018706	0.182547	0.223637	0.006044	0.392665	0.176402	0.018706	0.182547	0.223637	0.006044	0.392665	0.176402	0.018706	0.182547	0.223637	0.006044	0.392665	0.176402	0.018706	1,1,1,1,1,1	0.952193	0.038831	0.038831	0.038831	0.038831	0.038831	0.038831	
128000	-68676.9	1,1,2,3,4,4	1.697128	5.372939	5.372939	6.380750	6.234504	5.922667	5.922667	1,1,2,1,1,2	1.296357	0.048602	0.311932	0.015859	0.623607	0.048602	0.311932	0.015859	0.623607	0.199905	0.409315	0.318579	0.072200	0.048602	0.311932	0.015859	0.623607	0.048602	0.311932	0.015859	0.623607	0.199905	0.409315	0.318579	0.072200	1,2,2,2,2,2	1.812757	0.220990	0.101637	0.134021	0.275927	0.141751	0.125674	0.190522	0.217680	0.005919	0.400282	0.168170	0.017427	0.190522	0.217680	0.005919	0.400282	0.168170	0.017427	0.190522	0.217680	0.005919	0.400282	0.168170	0.017427	0.190522	0.217680	0.005919	0.400282	0.168170	0.017427	0.190522	0.217680	0.005919	0.400282	0.168170	0.017427	1,1,1,1,1,1	0.320943	0.033674	0.033674	0.033674	0.033674	0.033674	0.033674	
129000	-68620.6	1,1,2,2,3,4	1.390882	5.313849	5.313849	6.339317	6.339317	6.148340	5.778303	1,1,2,1,1,2	1.665519	0.045463	0.309454	0.016118	0.628965	0.045463	0.309454	0.016118	0.628965	0.203920	0.409466	0.313744	0.072869	0.045463	0.309454	0.016118	0.628965	0.045463	0.309454	0.016118	0.628965	0.203920	0.409466	0.313744	0.072869	1,2,2,2,2,2	0.246685	0.320763	0.051881	0.176724	0.192140	0.088457	0.170034	0.184274	0.216067	0.007777	0.395527	0.180923	0.015432	0.184274	0.216067	0.007777	0.395527	0.180923	0.015432	0.184274	0.216067	0.007777	0.395527	0.180923	0.015432	0.184274	0.216067	0.007777	0.395527	0.180923	0.015432	0.184274	0.216067	0.007777	0.395527	0.180923	0.015432	1,1,1,1,1,1	1.466417	0.037861	0.037861	0.037861	0.037861	0.037861	0.037861	
130000	-68534.7	1,1,2,2,3,2	0.573723	5.060092	5.060092	6.124440	6.124440	5.865110	6.124440	1,1,2,1,1,2	0.702162	0.049950	0.313749	0.015681	0.620620	0.049950	0.313749	0.015681	0.620620	0.193726	0.403326	0.326587	0.076362	0.049950	0.313749	0.015681	0.620620	0.049950	0.313749	0.015681	0.620620	0.193726	0.403326	0.326587	0.076362	1,2,2,2,2,2	1.690245	0.138838	0.097861	0.237577	0.292810	0.083818	0.149097	0.186478	0.214270	0.004469	0.401310	0.176024	0.017448	0.186478	0.214270	0.004469	0.401310	0.176024	0.017448	0.186478	0.214270	0.004469	0.401310	0.176024	0.017448	0.186478	0.214270	0.004469	0.401310	0.176024	0.017448	0.186478	0.214270	0.004469	0.401310	0.176024	0.017448	1,1,1,1,1,1	0.761902	0.029795	0.029795	0.029795	0.029795	0.029795	0.029795	
131000	-68564.2	1,2,3,3,4,5	1.673580	5.118791	5.587204	6.270827	6.270827	5.792474	5.747653	1,1,2,1,1,2	2.342722	0.050821	0.309213	0.016570	0.623397	0.050821	0.309213	0.016570	0.623397	0.194489	0.412755	0.317841	0.074915	0.050821	0.309213	0.016570	0.623397	0.050821	0.309213	0.016570	0.623397	0.194489	0.412755	0.317841	0.074915	1,2,2,2,2,2	1.921114	0.117652	0.215342	0.094285	0.384925	0.037406	0.150389	0.199616	0.218149	0.002350	0.380516	0.172236	0.027133	0.199616	0.218149	0.002350	0.380516	0.172236	0.027133	0.199616	0.218149	0.002350	0.380516	0.172236	0.027133	0.199616	0.218149	0.002350	0.380516	0.172236	0.027133	0.199616	0.218149	0.002350	0.380516	0.172236	0.027133	1,1,1,1,1,1	1.098294	0.035287	0.035287	0.035287	0.035287	0.035287	0.035287	
132000	-68524.8	1,2,3,4,4,4	3.954804	5.424686	5.147686	6.256151	6.111900	6.111900	6.111900	1,1,2,1,1,2	1.160458	0.051775	0.307609	0.017286	0.623331	0.051775	0.307609	0.017286	0.623331	0.193365	0.413053	0.319383	0.074198	0.051775	0.307609	0.017286	0.623331	0.051775	0.307609	0.017286	0.623331	0.193365	0.413053	0.319383	0.074198	1,2,2,2,2,2	1.256047	0.046447	0.052030	0.409092	0.109610	0.088176	0.294646	0.191046	0.211866	0.002724	0.404516	0.173799	0.016049	0.191046	0.211866	0.002724	0.404516	0.173799	0.016049	0.191046	0.211866	0.002724	0.404516	0.173799	0.016049	0.191046	0.211866	0.002724	0.404516	0.173799	0.016049	0.191046	0.211866	0.002724	0.404516	0.173799	0.016049	1,1,1,1,1,1	1.082834	0.035887	0.035887	0.035887	0.035887	0.035887	0.035887	
133000	-68505.5	1,2,3,4,5,5	4.845694	5.909320	5.502328	6.278125	6.179917	6.035863	6.035863	1,1,2,1,1,2	0.355643	0.058750	0.303979	0.016981	0.620290	0.058750	0.303979	0.016981	0.620290	0.198076	0.407615	0.319957	0.074352	0.058750	0.303979	0.016981	0.620290	0.058750	0.303979	0.016981	0.620290	0.198076	0.407615	0.319957	0.074352	1,2,2,2,2,2	0.439019	0.013904	0.048646	0.132363	0.216391	0.069990	0.518706	0.179505	0.220069	0.002671	0.407474	0.174464	0.015817	0.179505	0.220069	0.002671	0.407474	0.174464	0.015817	0.179505	0.220069	0.002671	0.407474	0.174464	0.015817	0.179505	0.220069	0.002671	0.407474	0.174464	0.015817	0.179505	0.220069	0.002671	0.407474	0.174464	0.015817	1,1,1,1,1,1	1.011675	0.035362	0.035362	0.035362	0.035362	0.035362	0.035362	
134000	-68551.8	1,2,3,3,4,1	1.719895	5.911367	5.498748	6.334426	6.334426	5.778581	5.911367	1,1,2,1,1,2	1.669045	0.050544	0.310624	0.015064	0.623768	0.050544	0.310624	0.015064	0.623768	0.198343	0.400945	0.323734	0.076978	0.050544	0.310624	0.015064	0.623768	0.050544	0.310624	0.015064	0.623768	0.198343	0.400945	0.323734	0.076978	1,2,2,2,2,2	1.900354	0.063160	0.049008	0.483917	0.069980	0.092111	0.241825	0.198366	0.210605	0.000468	0.405073	0.169235	0.016253	0.198366	0.210605	0.000468	0.405073	0.169235	0.016253	0.198366	0.210605	0.000468	0.405073	0.169235	0.016253	0.198366	0.210605	0.000468	0.405073	0.169235	0.016253	0.198366	0.210605	0.000468	0.405073	0.169235	0.016253	1,1,1,1,1,1	0.845426	0.030210	0.030210	0.030210	0.030210	0.030210	0.030210	
135000	-68590.9	1,1,2,2,3,4	1.685801	5.627177	5.627177	6.439855	6.439855	6.197654	5.999791	1,1,2,1,1,2	0.686634	0.054440	0.310922	0.016605	0.618033	0.054440	0.310922	0.016605	0.618033	0.194044	0.405468	0.323688	0.076800	0.054440	0.310922	0.016605	0.618033	0.054440	0.310922	0.016605	0.618033	0.194044	0.405468	0.323688	0.076800	1,2,2,2,2,2	0.881793	0.184779	0.329372	0.145124	0.023174	0.098995	0.218556	0.182583	0.222535	0.001256	0.402665	0.167965	0.022996	0.182583	0.222535	0.001256	0.402665	0.167965	0.022996	0.182583	0.222535	0.001256	0.402665	0.167965	0.022996	0.182583	0.222535	0.001256	0.402665	0.167965	0.022996	0.182583	0.222535	0.001256	0.402665	0.167965	0.022996	1,1,1,1,1,1	0.588469	0.034224	0.034224	0.034224	0.034224	0.034224	0.034224	
136000	-68694.3	1,2,3,4,3,3	2.489466	4.916200	5.260415	5.979527	6.239271	5.979527	5.979527	1,1,2,1,1,2	0.848702	0.048670	0.307383	0.015513	0.628434	0.048670	0.307383	0.015513	0.628434	0.192491	0.411974	0.317085	0.078451	0.048670	0.307383	0.015513	0.628434	0.048670	0.307383	0.015513	0.628434	0.192491	0.411974	0.317085	0.078451	1,2,2,2,2,2	1.448731	0.255121	0.074600	0.157404	0.287677	0.143552	0.081646	0.190293	0.219871	0.004831	0.382543	0.171770	0.030692	0.190293	0.219871	0.004831	0.382543	0.171770	0.030692	0.190293	0.219871	0.004831	0.382543	0.171770	0.030692	0.190293	0.219871	0.004831	0.382543	0.171770	0.030692	0.190293	0.219871	0.004831	0.382543	0.171770	0.030692	1,1,1,1,1,1	1.419712	0.031242	0.031242	0.031242	0.031242	0.031242	0.031242	
137000	-68611.9	1,1,2,3,3,3	3.793854	5.044975	5.044975	6.430472	5.882190	5.882190	5.882190	1,1,2,1,1,2	1.156498	0.049220	0.307178	0.016945	0.626657	0.049220	0.307178	0.016945	0.626657	0.198028	0.409100	0.324831	0.068042	0.049220	0.307178	0.016945	0.626657	0.049220	0.307178	0.016945	0.626657	0.198028	0.409100	0.324831	0.068042	1,2,2,2,2,2	0.246175	0.232082	0.046414	0.288751	0.092139	0.171589	0.169026	0.190932	0.216636	0.006605	0.391370	0.164650	0.029807	0.190932	0.216636	0.006605	0.391370	0.164650	0.029807	0.190932	0.216636	0.006605	0.391370	0.164650	0.029807	0.190932	0.216636	0.006605	0.391370	0.164650	0.029807	0.190932	0.216636	0.006605	0.391370	0.164650	0.029807	1,1,1,1,1,1	1.969226	0.033474	0.033474	0.033474	0.033474	0.033474	0.033474	
138000	-68510.2	1,2,3,4,4,5	1.933073	5.374312	5.622979	6.434234	6.003255	6.003255	5.762799	1,1,2,1,1,2	2.686526	0.051674	0.311982	0.017335	0.619010	0.051674	0.311982	0.017335	0.619010	0.207278	0.401387	0.314701	0.076633	0.051674	0.311982	0.017335	0.619010	0.051674	0.311982	0.017335	0.619010	0.207278	0.401387	0.314701	0.076633	1,2,2,2,2,2	1.629023	0.006365	0.060388	0.255294	0.066107	0.084911	0.526935	0.189693	0.204738	0.004669	0.405895	0.176978	0.018027	0.189693	0.204738	0.004669	0.405895	0.176978	0.018027	0.189693	0.204738	0.004669	0.405895	0.176978	0.018027	0.189693	0.204738	0.004669	0.405895	0.176978	0.018027	0.189693	0.204738	0.004669	0.405895	0.176978	0.018027	1,1,1,1,1,1	0.759745	0.034140	0.034140	0.034140	0.034140	0.034140	0.034140	
139000	-68566.8	1,2,3,3,4,5	4.259430	4.665045	5.246990	6.342601	6.342601	5.799122	5.970960	1,1,2,1,1,2	1.450688	0.049322	0.308345	0.017131	0.625203	0.049322	0.308345	0.017131	0.625203	0.189562	0.418815	0.319416	0.072207	0.049322	0.308345	0.017131	0.625203	0.049322	0.308345	0.017131	0.625203	0.189562	0.418815	0.319416	0.072207	1,2,2,2,2,2	0.911098	0.134091	0.121081	0.238520	0.104908	0.158025	0.243375	0.195767	0.210690	0.007158	0.394097	0.171168	0.021119	0.195767	0.210690	0.007158	0.394097	0.171168	0.021119	0.195767	0.210690	0.007158	0.394097	0.171168	0.021119	0.195767	0.210690	0.007158	0.394097	0.171168	0.021119	0.195767	0.210690	0.007158	0.394097	0.171168	0.021119	1,2,1,1,2,2	1.118257	0.041674	0.015015	0.041674	0.041674	0.015015	0.015015	
140000	-68501.4	1,1,2,3,4,4	3.957664	5.552663	5.552663	6.329492	6.199581	5.874284	5.874284	1,1,2,1,1,2	1.050290	0.052798	0.309164	0.015468	0.622570	0.052798	0.309164	0.015468	0.622570	0.200194	0.406733	0.319710	0.073362	0.052798	0.309164	0.015468	0.622570	0.052798	0.309164	0.015468	0.622570	0.200194	0.406733	0.319710	0.073362	1,2,2,2,2,2	1.047923	0.161596	0.017581	0.193595	0.222881	0.091095	0.313252	0.189093	0.209292	0.005650	0.391456	0.179450	0.025059	0.189093	0.209292	0.005650	0.391456	0.179450	0.025059	0.189093	0.209292	0.005650	0.391456	0.179450	0.025059	0.189093	0.209292	0.005650	0.391456	0.179450	0.025059	0.189093	0.209292	0.005650	0.391456	0.179450	0.025059	1,1,1,1,1,1	0.779454	0.029887	0.029887	0.029887	0.029887	0.029887	0.029887	
141000	-68605.9	1,2,3,4,5,4	3.674012	4.838432	5.305707	6.606314	6.005100	5.945169	6.005100	1,1,2,1,1,2	1.295614	0.053909	0.300814	0.017372	0.627905	0.053909	0.300814	0.017372	0.627905	0.190678	0.404131	0.327280	0.077911	0.053909	0.300814	0.017372	0.627905	0.053909	0.300814	0.017372	0.627905	0.190678	0.404131	0.327280	0.077911	1,2,2,2,2,2	0.667031	0.036862	0.055313	0.480026	0.086683	0.192674	0.148442	0.191347	0.212969	0.005095	0.401260	0.171637	0.017692	0.191347	0.212969	0.005095	0.401260	0.171637	0.017692	0.191347	0.212969	0.005095	0.401260	0.171637	0.017692	0.191347	0.212969	0.005095	0.401260	0.171637	0.017692	0.191347	0.212969	0.005095	0.401260	0.171637	0.017692	1,1,1,1,1,1	1.176003	0.032227	0.032227	0.032227	0.032227	0.032227	0.032227	
142000	-68525.7	1,1,2,2,3,4	2.550255	5.208015	5.208015	6.489412	6.489412	6.002435	5.937151	1,1,2,1,1,2	0.992340	0.050066	0.311046	0.016915	0.621973	0.050066	0.311046	0.016915	0.621973	0.202721	0.409454	0.316470	0.071355	0.050066	0.311046	0.016915	0.621973	0.050066	0.311046	0.016915	0.621973	0.202721	0.409454	0.316470	0.071355	1,2,2,2,2,2	0.217850	0.084940	0.226255	0.255610	0.093201	0.127975	0.212019	0.192169	0.209760	0.005438	0.406168	0.169280	0.017186	0.192169	0.209760	0.005438	0.406168	0.169280	0.017186	0.192169	0.209760	0.005438	0.406168	0.169280	0.017186	0.192169	0.209760	0.005438	0.406168	0.169280	0.017186	0.192169	0.209760	0.005438	0.406168	0.169280	0.017186	1,1,1,1,1,1	0.927884	0.035221	0.035221	0.035221	0.035221	0.035221	0.035221	
143000	-68509	1,1,2,2,3,3	2.590578	5.270486	5.270486	6.358595	6.358595	6.039165	6.039165	1,1,2,1,1,2	2.120013	0.050753	0.311295	0.017534	0.620418	0.050753	0.311295	0.017534	0.620418	0.193363	0.409403	0.322715	0.074519	0.050753	0.311295	0.017534	0.620418	0.050753	0.311295	0.017534	0.620418	0.193363	0.409403	0.322715	0.074519	1,2,2,2,2,2	0.952683	0.138469	0.190992	0.155398	0.164674	0.086333	0.264134	0.186966	0.213716	0.004555	0.403947	0.174572	0.016244	0.186966	0.213716	0.004555	0.403947	0.174572	0.016244	0.186966	0.213716	0.004555	0.403947	0.174572	0.016244	0.186966	0.213716	0.004555	0.403947	0.174572	0.016244	0.186966	0.213716	0.004555	0.403947	0.174572	0.016244	1,1,1,1,1,1	1.832200	0.031089	0.031089	0.031089	0.031089	0.031089	0.031089	
144000	-68569.4	1,2,3,3,1,1	1.554722	5.960590	5.562718	6.248435	6.248435	5.960590	5.960590	1,1,2,1,1,2	0.676882	0.052491	0.307737	0.015810	0.623962	0.052491	0.307737	0.015810	0.623962	0.196229	0.411809	0.325318	0.066643	0.052491	0.307737	0.015810	0.623962	0.052491	0.307737	0.015810	0.623962	0.196229	0.411809	0.325318	0.066643	1,2,2,2,2,2	0.550444	0.130411	0.079331	0.154137	0.158327	0.117251	0.360542	0.195342	0.195820	0.005319	0.397849	0.181672	0.023998	0.195342	0.195820	0.005319	0.397849	0.181672	0.023998	0.195342	0.195820	0.005319	0.397849	0.181672	0.023998	0.195342	0.195820	0.005319	0.397849	0.181672	0.023998	0.195342	0.195820	0.005319	0.397849	0.181672	0.023998	1,1,1,1,1,1	0.478378	0.034900	0.034900	0.034900	0.034900	0.034900	0.034900	
145000	-68641.1	1,2,3,1,4,1	1.718232	6.155652	5.653361	6.244209	6.155652	6.046473	6.155652	1,1,2,1,1,2	1.435988	0.054613	0.307351	0.015999	0.622036	0.054613	0.307351	0.015999	0.622036	0.192104	0.410044	0.322439	0.075413	0.054613	0.307351	0.015999	0.622036	0.054613	0.307351	0.015999	0.622036	0.192104	0.410044	0.322439	0.075413	1,2,2,2,2,2	1.673319	0.115973	0.153776	0.096366	0.414885	0.085701	0.133299	0.185874	0.217172	0.001954	0.408408	0.168875	0.017717	0.185874	0.217172	0.001954	0.408408	0.168875	0.017717	0.185874	0.217172	0.001954	0.408408	0.168875	0.017717	0.185874	0.217172	0.001954	0.408408	0.168875	0.017717	0.185874	0.217172	0.001954	0.408408	0.168875	0.017717	1,1,1,1,1,1	1.761137	0.035970	0.035970	0.035970	0.035970	0.035970	0.035970	
146000	-68578.7	1,2,3,4,5,6	4.040786	5.473733	5.446801	6.359884	6.288634	5.726751	6.155612	1,1,2,1,1,2	1.179211	0.057245	0.299343	0.016109	0.627303	0.057245	0.299343	0.016109	0.627303	0.202719	0.409538	0.322394	0.065349	0.057245	0.299343	0.016109	0.627303	0.057245	0.299343	0.016109	0.627303	0.202719	0.409538	0.322394	0.065349	1,2,2,2,2,2	1.020096	0.140711	0.050563	0.326229	0.196695	0.146455	0.139347	0.185860	0.206197	0.003315	0.403752	0.186831	0.014045	0.185860	0.206197	0.003315	0.403752	0.186831	0.014045	0.185860	0.206197	0.003315	0.403752	0.186831	0.014045	0.185860	0.206197	0.003315	0.403752	0.186831	0.014045	0.185860	0.206197	0.003315	0.403752	0.186831	0.014045	1,1,1,1,1,1	0.556197	0.034092	0.034092	0.034092	0.034092	0.034092	0.034092	
147000	-68518.6	1,1,2,3,3,3	1.199128	5.298078	5.298078	6.209259	5.899827	5.899827	5.899827	1,1,2,1,1,2	1.457312	0.054132	0.301143	0.015811	0.628914	0.054132	0.301143	0.015811	0.628914	0.195574	0.405164	0.326987	0.072275	0.054132	0.301143	0.015811	0.628914	0.054132	0.301143	0.015811	0.628914	0.195574	0.405164	0.326987	0.072275	1,2,2,2,2,2	1.815066	0.000311	0.174442	0.175125	0.272250	0.093847	0.284026	0.188430	0.211263	0.007472	0.389804	0.178556	0.024476	0.188430	0.211263	0.007472	0.389804	0.178556	0.024476	0.188430	0.211263	0.007472	0.389804	0.178556	0.024476	0.188430	0.211263	0.007472	0.389804	0.178556	0.024476	0.188430	0.211263	0.007472	0.389804	0.178556	0.024476	1,1,1,1,1,1	1.371821	0.035877	0.035877	0.035877	0.035877	0.035877	0.035877	
148000	-68521.3	1,2,1,1,3,3	3.256748	6.333035	5.457027	6.333035	6.333035	5.865564	5.865564	1,1,2,1,1,2	1.183525	0.053203	0.306519	0.017106	0.623173	0.053203	0.306519	0.017106	0.623173	0.193218	0.414972	0.320130	0.071680	0.053203	0.306519	0.017106	0.623173	0.053203	0.306519	0.017106	0.623173	0.193218	0.414972	0.320130	0.071680	1,2,2,2,2,2	1.160735	0.007950	0.182818	0.127672	0.474258	0.027776	0.179526	0.188884	0.228462	0.003530	0.391158	0.168574	0.019391	0.188884	0.228462	0.003530	0.391158	0.168574	0.019391	0.188884	0.228462	0.003530	0.391158	0.168574	0.019391	0.188884	0.228462	0.003530	0.391158	0.168574	0.019391	0.188884	0.228462	0.003530	0.391158	0.168574	0.019391	1,1,1,1,1,1	0.515523	0.035852	0.035852	0.035852	0.035852	0.035852	0.035852	
149000	-68493.7	1,2,3,4,5,5	3.587561	5.677943	5.279996	6.176234	6.201185	5.707832	5.707832	1,1,2,1,1,2	3.153506	0.046310	0.321811	0.015474	0.616405	0.046310	0.321811	0.015474	0.616405	0.201199	0.405030	0.318105	0.075666	0.046310	0.321811	0.015474	0.616405	0.046310	0.321811	0.015474	0.616405	0.201199	0.405030	0.318105	0.075666	1,2,2,2,2,2	2.259765	0.028968	0.515526	0.084533	0.020783	0.044083	0.306107	0.185302	0.220239	0.008122	0.389057	0.170370	0.026910	0.185302	0.220239	0.008122	0.389057	0.170370	0.026910	0.185302	0.220239	0.008122	0.389057	0.170370	0.026910	0.185302	0.220239	0.008122	0.389057	0.170370	0.026910	0.185302	0.220239	0.008122	0.389057	0.170370	0.026910	1,1,1,1,1,1	0.437493	0.033484	0.033484	0.033484	0.033484	0.033484	0.033484	
150000	-68560.5	1,2,1,1,3,3	1.136319	6.296362	5.421706	6.296362	6.296362	6.065250	6.065250	1,1,2,1,1,2	1.034904	0.053930	0.303014	0.014159	0.628898	0.053930	0.303014	0.014159	0.628898	0.202455	0.404830	0.316599	0.076115	0.053930	0.303014	0.014159	0.628898	0.053930	0.303014	0.014159	0.628898	0.202455	0.404830	0.316599	0.076115	1,2,2,2,2,2	2.140508	0.049251	0.366108	0.229190	0.011504	0.042674	0.301273	0.180166	0.208083	0.006042	0.407339	0.173574	0.024795	0.180166	0.208083	0.006042	0.407339	0.173574	0.024795	0.180166	0.208083	0.006042	0.407339	0.173574	0.024795	0.180166	0.208083	0.006042	0.407339	0.173574	0.024795	0.180166	0.208083	0.006042	0.407339	0.173574	0.024795	1,1,1,1,1,1	1.471391	0.037724	0.037724	0.037724	0.037724	0.037724	0.037724	
151000	-68536	1,2,3,4,4,4	2.297550	6.067672	5.333687	6.222290	5.909749	5.909749	5.909749	1,1,2,1,1,2	3.885293	0.047248	0.316376	0.015048	0.621328	0.047248	0.316376	0.015048	0.621328	0.203201	0.398623	0.326876	0.071300	0.047248	0.316376	0.015048	0.621328	0.047248	0.316376	0.015048	0.621328	0.203201	0.398623	0.326876	0.071300	1,2,2,2,2,2	0.539887	0.016688	0.002216	0.328666	0.015308	0.070252	0.566869	0.189814	0.229183	0.005197	0.378871	0.176556	0.020379	0.189814	0.229183	0.005197	0.378871	0.176556	0.020379	0.189814	0.229183	0.005197	0.378871	0.176556	0.020379	0.189814	0.229183	0.005197	0.378871	0.176556	0.020379	0.189814	0.229183	0.005197	0.378871	0.176556	0.020379	1,1,1,1,1,1	0.628006	0.033701	0.033701	0.033701	0.033701	0.033701	0.033701	
152000	-68638.6	1,1,2,3,4,5	6.059972	5.443514	5.443514	6.294537	6.252385	5.854558	5.675255	1,1,2,1,1,2	0.548637	0.050693	0.308598	0.013312	0.627397	0.050693	0.308598	0.013312	0.627397	0.200126	0.400874	0.325182	0.073818	0.050693	0.308598	0.013312	0.627397	0.050693	0.308598	0.013312	0.627397	0.200126	0.400874	0.325182	0.073818	1,2,2,2,2,2	1.251332	0.065867	0.123152	0.085461	0.599430	0.073440	0.052651	0.194027	0.209953	0.003705	0.393485	0.170368	0.028461	0.194027	0.209953	0.003705	0.393485	0.170368	0.028461	0.194027	0.209953	0.003705	0.393485	0.170368	0.028461	0.194027	0.209953	0.003705	0.393485	0.170368	0.028461	0.194027	0.209953	0.003705	0.393485	0.170368	0.028461	1,1,1,1,1,1	0.327977	0.037189	0.037189	0.037189	0.037189	0.037189	0.037189	
153000	-68546.2	1,1,2,2,2,3	2.044400	5.028304	5.028304	6.191508	6.191508	6.191508	5.793741	1,1,2,1,1,2	2.393922	0.052171	0.307478	0.014787	0.625563	0.052171	0.307478	0.014787	0.625563	0.196395	0.412727	0.317392	0.073486	0.052171	0.307478	0.014787	0.625563	0.052171	0.307478	0.014787	0.625563	0.196395	0.412727	0.317392	0.073486	1,2,2,2,2,2	0.735591	0.140929	0.002719	0.331903	0.162985	0.149077	0.212386	0.185425	0.219251	0.003469	0.399296	0.165886	0.026673	0.185425	0.219251	0.003469	0.399296	0.165886	0.026673	0.185425	0.219251	0.003469	0.399296	0.165886	0.026673	0.185425	0.219251	0.003469	0.399296	0.165886	0.026673	0.185425	0.219251	0.003469	0.399296	0.165886	0.026673	1,1,1,1,1,1	0.745703	0.034838	0.034838	0.034838	0.034838	0.034838	0.034838	
154000	-68497.1	1,2,3,3,4,4	1.447610	5.188654	5.377600	6.476752	6.476752	5.938170	5.938170	1,1,2,1,1,2	1.860093	0.049838	0.306074	0.017180	0.626907	0.049838	0.306074	0.017180	0.626907	0.200249	0.408898	0.322653	0.068200	0.049838	0.306074	0.017180	0.626907	0.049838	0.306074	0.017180	0.626907	0.200249	0.408898	0.322653	0.068200	1,2,2,2,2,2	0.726176	0.012415	0.473695	0.193729	0.073954	0.056242	0.189966	0.180637	0.217604	0.004547	0.398688	0.177494	0.021030	0.180637	0.217604	0.004547	0.398688	0.177494	0.021030	0.180637	0.217604	0.004547	0.398688	0.177494	0.021030	0.180637	0.217604	0.004547	0.398688	0.177494	0.021030	0.180637	0.217604	0.004547	0.398688	0.177494	0.021030	1,1,1,1,1,1	1.664148	0.034820	0.034820	0.034820	0.034820	0.034820	0.034820	
155000	-68661.3	1,1,2,3,4,5	0.926540	5.286105	5.286105	6.277013	6.384362	5.711772	6.089904	1,1,2,1,1,2	1.192145	0.051220	0.308548	0.017905	0.622328	0.051220	0.308548	0.017905	0.622328	0.199681	0.404788	0.323951	0.071579	0.051220	0.308548	0.017905	0.622328	0.051220	0.308548	0.017905	0.622328	0.199681	0.404788	0.323951	0.071579	1,2,2,2,2,2	0.505400	0.070812	0.212536	0.417528	0.005048	0.165341	0.128734	0.198319	0.205702	0.003694	0.394229	0.169207	0.028849	0.198319	0.205702	0.003694	0.394229	0.169207	0.028849	0.198319	0.205702	0.003694	0.394229	0.169207	0.028849	0.198319	0.205702	0.003694	0.394229	0.169207	0.028849	0.198319	0.205702	0.003694	0.394229	0.169207	0.028849	1,1,1,1,1,1	3.646812	0.034130	0.034130	0.034130	0.034130	0.034130	0.034130	
156000	-68606.5	1,2,3,4,3,3	2.927228	6.755918	5.307616	6.099881	6.235267	6.099881	6.099881	1,1,2,1,1,2	1.761985	0.051074	0.309285	0.015695	0.623946	0.051074	0.309285	0.015695	0.623946	0.192077	0.408504	0.326011	0.073408	0.051074	0.309285	0.015695	0.623946	0.051074	0.309285	0.015695	0.623946	0.192077	0.408504	0.326011	0.073408	1,2,2,2,2,2	0.670786	0.076651	0.002402	0.296261	0.074082	0.038828	0.511777	0.177398	0.214130	0.008135	0.401966	0.178178	0.020193	0.177398	0.214130	0.008135	0.401966	0.178178	0.020193	0.177398	0.214130	0.008135	0.401966	0.178178	0.020193	0.177398	0.214130	0.008135	0.401966	0.178178	0.020193	0.177398	0.214130	0.008135	0.401966	0.178178	0.020193	1,1,1,1,1,1	1.381137	0.033966	0.033966	0.033966	0.033966	0.033966	0.033966	
157000	-68551.1	1,1,2,3,3,3	1.948379	5.377557	5.377557	6.725381	6.033935	6.033935	6.033935	1,1,2,1,1,2	0.856436	0.050966	0.303639	0.017955	0.627440	0.050966	0.303639	0.017955	0.627440	0.203960	0.400986	0.324569	0.070485	0.050966	0.303639	0.017955	0.627440	0.050966	0.303639	0.017955	0.627440	0.203960	0.400986	0.324569	0.070485	1,2,2,2,2,2	0.940868	0.046821	0.161745	0.408930	0.091270	0.117853	0.173379	0.191095	0.209019	0.005566	0.397058	0.176948	0.020315	0.191095	0.209019	0.005566	0.397058	0.176948	0.020315	0.191095	0.209019	0.005566	0.397058	0.176948	0.020315	0.191095	0.209019	0.005566	0.397058	0.176948	0.020315	0.191095	0.209019	0.005566	0.397058	0.176948	0.020315	1,2,1,2,1,2	1.016843	0.034995	0.033929	0.034995	0.033929	0.034995	0.033929	
158000	-68519.4	1,1,2,2,3,3	0.564029	5.310687	5.310687	6.264351	6.264351	5.874465	5.874465	1,1,2,1,1,2	0.260006	0.054474	0.310746	0.016186	0.618594	0.054474	0.310746	0.016186	0.618594	0.207129	0.404331	0.314396	0.074143	0.054474	0.310746	0.016186	0.618594	0.054474	0.310746	0.016186	0.618594	0.207129	0.404331	0.314396	0.074143	1,2,2,2,2,2	0.656804	0.122430	0.165565	0.291219	0.106747	0.099108	0.214932	0.187847	0.213670	0.001684	0.404727	0.170295	0.021775	0.187847	0.213670	0.001684	0.404727	0.170295	0.021775	0.187847	0.213670	0.001684	0.404727	0.170295	0.021775	0.187847	0.213670	0.001684	0.404727	0.170295	0.021775	0.187847	0.213670	0.001684	0.404727	0.170295	0.021775	1,1,1,1,1,1	0.645633	0.032749	0.032749	0.032749	0.032749	0.032749	0.032749	
159000	-68643.5	1,2,3,1,4,5	4.806575	6.286108	5.355744	6.403295	6.286108	5.934682	5.870051	1,1,2,1,1,2	0.792568	0.056927	0.309218	0.017578	0.616277	0.056927	0.309218	0.017578	0.616277	0.195723	0.412551	0.313762	0.077964	0.056927	0.309218	0.017578	0.616277	0.056927	0.309218	0.017578	0.616277	0.195723	0.412551	0.313762	0.077964	1,2,2,2,2,2	4.515948	0.257807	0.177000	0.190575	0.159139	0.039573	0.175905	0.184486	0.214499	0.004412	0.405335	0.173526	0.017742	0.184486	0.214499	0.004412	0.405335	0.173526	0.017742	0.184486	0.214499	0.004412	0.405335	0.173526	0.017742	0.184486	0.214499	0.004412	0.405335	0.173526	0.017742	0.184486	0.214499	0.004412	0.405335	0.173526	0.017742	1,1,1,1,1,1	1.307574	0.036778	0.036778	0.036778	0.036778	0.036778	0.036778	
160000	-68500.9	1,1,2,3,4,4	1.607430	5.123041	5.123041	6.653576	6.110220	5.893852	5.893852	1,1,2,1,1,2	1.770145	0.053487	0.307114	0.016920	0.622479	0.053487	0.307114	0.016920	0.622479	0.199624	0.407900	0.318835	0.073641	0.053487	0.307114	0.016920	0.622479	0.053487	0.307114	0.016920	0.622479	0.199624	0.407900	0.318835	0.073641	1,2,2,2,2,2	2.535825	0.021970	0.165378	0.225162	0.305302	0.085648	0.196539	0.186119	0.217929	0.005227	0.404005	0.166527	0.020194	0.186119	0.217929	0.005227	0.404005	0.166527	0.020194	0.186119	0.217929	0.005227	0.404005	0.166527	0.020194	0.186119	0.217929	0.005227	0.404005	0.166527	0.020194	0.186119	0.217929	0.005227	0.404005	0.166527	0.020194	1,1,1,1,1,1	0.340332	0.035213	0.035213	0.035213	0.035213	0.035213	0.035213	
161000	-68619.4	1,2,3,3,4,5	2.605171	6.541413	5.448755	6.476065	6.476065	5.802116	5.883208	1,1,2,1,1,2	2.320570	0.053893	0.311299	0.016431	0.618376	0.053893	0.311299	0.016431	0.618376	0.192657	0.407928	0.322176	0.077239	0.053893	0.311299	0.016431	0.618376	0.053893	0.311299	0.016431	0.618376	0.192657	0.407928	0.322176	0.077239	1,2,2,2,2,2	0.479548	0.202066	0.175492	0.313174	0.059893	0.046795	0.202580	0.178861	0.239368	0.007133	0.386223	0.170987	0.017429	0.178861	0.239368	0.007133	0.386223	0.170987	0.017429	0.178861	0.239368	0.007133	0.386223	0.170987	0.017429	0.178861	0.239368	0.007133	0.386223	0.170987	0.017429	0.178861	0.239368	0.007133	0.386223	0.170987	0.017429	1,1,1,1,1,1	1.861812	0.032161	0.032161	0.032161	0.032161	0.032161	0.032161	
162000	-68613.7	1,1,2,3,2,2	2.124556	5.269862	5.269862	6.051219	5.981319	6.051219	6.051219	1,1,2,1,1,2	0.721772	0.049024	0.305936	0.015251	0.629789	0.049024	0.305936	0.015251	0.629789	0.203607	0.403844	0.318906	0.073642	0.049024	0.305936	0.015251	0.629789	0.049024	0.305936	0.015251	0.629789	0.203607	0.403844	0.318906	0.073642	1,2,2,2,2,2	2.459351	0.110340	0.035759	0.198116	0.066616	0.188701	0.400469	0.187251	0.214936	0.002021	0.401153	0.164640	0.029998	0.187251	0.214936	0.002021	0.401153	0.164640	0.029998	0.187251	0.214936	0.002021	0.401153	0.164640	0.029998	0.187251	0.214936	0.002021	0.401153	0.164640	0.029998	0.187251	0.214936	0.002021	0.401153	0.164640	0.029998	1,1,1,1,1,1	0.846875	0.037430	0.037430	0.037430	0.037430	0.037430	0.037430	
163000	-68503.9	1,2,3,3,4,5	2.302784	4.978916	5.438683	6.368391	6.368391	5.969297	5.834935	1,1,2,1,1,2	1.176043	0.053879	0.312351	0.015686	0.618083	0.053879	0.312351	0.015686	0.618083	0.200942	0.409900	0.317695	0.071463	0.053879	0.312351	0.015686	0.618083	0.053879	0.312351	0.015686	0.618083	0.200942	0.409900	0.317695	0.071463	1,2,2,2,2,2	0.617150	0.107764	0.358938	0.190007	0.126395	0.067112	0.149785	0.183616	0.216438	0.002408	0.401441	0.171601	0.024496	0.183616	0.216438	0.002408	0.401441	0.171601	0.024496	0.183616	0.216438	0.002408	0.401441	0.171601	0.024496	0.183616	0.216438	0.002408	0.401441	0.171601	0.024496	0.183616	0.216438	0.002408	0.401441	0.171601	0.024496	1,1,1,1,1,1	0.759813	0.034171	0.034171	0.034171	0.034171	0.034171	0.034171	
164000	-68584.5	1,1,2,2,3,3	0.873976	5.396730	5.396730	6.266502	6.266502	5.852666	5.852666	1,1,2,1,1,2	1.068070	0.050516	0.310393	0.015534	0.623556	0.050516	0.310393	0.015534	0.623556	0.200889	0.410486	0.319510	0.069115	0.050516	0.310393	0.015534	0.623556	0.050516	0.310393	0.015534	0.623556	0.200889	0.410486	0.319510	0.069115	1,2,2,2,2,2	1.810878	0.047536	0.303525	0.271450	0.073678	0.145254	0.158558	0.188557	0.218641	0.006933	0.391720	0.170003	0.024146	0.188557	0.218641	0.006933	0.391720	0.170003	0.024146	0.188557	0.218641	0.006933	0.391720	0.170003	0.024146	0.188557	0.218641	0.006933	0.391720	0.170003	0.024146	0.188557	0.218641	0.006933	0.391720	0.170003	0.024146	1,1,1,1,1,1	0.889958	0.036793	0.036793	0.036793	0.036793	0.036793	0.036793	
165000	-68536.9	1,2,3,4,5,5	2.454875	6.247014	5.190841	6.248114	6.215703	5.868601	5.868601	1,1,2,1,1,2	0.621053	0.050947	0.311970	0.014882	0.622201	0.050947	0.311970	0.014882	0.622201	0.198886	0.406356	0.323695	0.071063	0.050947	0.311970	0.014882	0.622201	0.050947	0.311970	0.014882	0.622201	0.198886	0.406356	0.323695	0.071063	1,2,2,2,2,2	1.348538	0.036963	0.187779	0.259826	0.078132	0.043949	0.393350	0.184458	0.218416	0.008384	0.391912	0.173155	0.023676	0.184458	0.218416	0.008384	0.391912	0.173155	0.023676	0.184458	0.218416	0.008384	0.391912	0.173155	0.023676	0.184458	0.218416	0.008384	0.391912	0.173155	0.023676	0.184458	0.218416	0.008384	0.391912	0.173155	0.023676	1,1,1,1,1,1	1.154908	0.031910	0.031910	0.031910	0.031910	0.031910	0.031910	
166000	-68588.6	1,2,3,4,5,6	4.478039	5.260129	5.400756	6.132522	6.136881	5.792933	5.883611	1,1,2,1,1,2	0.596893	0.052530	0.313035	0.016648	0.617787	0.052530	0.313035	0.016648	0.617787	0.188005	0.418021	0.319723	0.074250	0.052530	0.313035	0.016648	0.617787	0.052530	0.313035	0.016648	0.617787	0.188005	0.418021	0.319723	0.074250	1,2,2,2,2,2	1.427681	0.051930	0.106903	0.460971	0.057374	0.169400	0.153423	0.181329	0.235500	0.005761	0.392092	0.164387	0.020932	0.181329	0.235500	0.005761	0.392092	0.164387	0.020932	0.181329	0.235500	0.005761	0.392092	0.164387	0.020932	0.181329	0.235500	0.005761	0.392092	0.164387	0.020932	0.181329	0.235500	0.005761	0.392092	0.164387	0.020932	1,1,1,1,1,1	0.364708	0.030915	0.030915	0.030915	0.030915	0.030915	0.030915	
167000	-68506.7	1,2,3,3,4,5	2.356920	4.781231	5.541223	6.406116	6.406116	5.982484	5.740493	1,1,2,1,1,2	0.594515	0.045803	0.314566	0.015654	0.623977	0.045803	0.314566	0.015654	0.623977	0.197403	0.412394	0.314818	0.075386	0.045803	0.314566	0.015654	0.623977	0.045803	0.314566	0.015654	0.623977	0.197403	0.412394	0.314818	0.075386	1,2,2,2,2,2	1.844364	0.144761	0.025537	0.163388	0.191749	0.068887	0.405678	0.187539	0.236913	0.004531	0.393150	0.165344	0.012524	0.187539	0.236913	0.004531	0.393150	0.165344	0.012524	0.187539	0.236913	0.004531	0.393150	0.165344	0.012524	0.187539	0.236913	0.004531	0.393150	0.165344	0.012524	0.187539	0.236913	0.004531	0.393150	0.165344	0.012524	1,1,1,1,1,1	1.396251	0.031608	0.031608	0.031608	0.031608	0.031608	0.031608	
168000	-68688.5	1,2,3,4,5,6	1.425757	5.249713	5.515250	6.334355	6.201908	6.161337	5.985942	1,1,2,1,1,2	0.624021	0.052708	0.314487	0.015742	0.617063	0.052708	0.314487	0.015742	0.617063	0.190758	0.400066	0.327622	0.081554	0.052708	0.314487	0.015742	0.617063	0.052708	0.314487	0.015742	0.617063	0.190758	0.400066	0.327622	0.081554	1,2,2,2,2,2	1.190950	0.412089	0.086568	0.173076	0.115302	0.093346	0.119618	0.180337	0.223502	0.005029	0.410846	0.166945	0.013340	0.180337	0.223502	0.005029	0.410846	0.166945	0.013340	0.180337	0.223502	0.005029	0.410846	0.166945	0.013340	0.180337	0.223502	0.005029	0.410846	0.166945	0.013340	0.180337	0.223502	0.005029	0.410846	0.166945	0.013340	1,1,1,1,1,1	0.677717	0.032641	0.032641	0.032641	0.032641	0.032641	0.032641	
169000	-68553.4	1,2,3,3,4,4	1.201821	5.415193	5.346519	6.158150	6.158150	5.985028	5.985028	1,1,2,1,1,2	1.966729	0.049922	0.305790	0.014690	0.629598	0.049922	0.305790	0.014690	0.629598	0.201580	0.409323	0.317763	0.071334	0.049922	0.305790	0.014690	0.629598	0.049922	0.305790	0.014690	0.629598	0.201580	0.409323	0.317763	0.071334	1,2,2,2,2,2	1.412529	0.002330	0.008643	0.267005	0.305979	0.145593	0.270450	0.196967	0.215426	0.002686	0.398532	0.167105	0.019283	0.196967	0.215426	0.002686	0.398532	0.167105	0.019283	0.196967	0.215426	0.002686	0.398532	0.167105	0.019283	0.196967	0.215426	0.002686	0.398532	0.167105	0.019283	0.196967	0.215426	0.002686	0.398532	0.167105	0.019283	1,1,1,1,1,1	2.363393	0.037229	0.037229	0.037229	0.037229	0.037229	0.037229	
170000	-68615.7	1,2,3,4,4,4	4.127948	5.979839	5.363784	6.151926	6.116588	6.116588	6.116588	1,1,2,1,1,2	0.767364	0.052868	0.307497	0.015646	0.623989	0.052868	0.307497	0.015646	0.623989	0.206175	0.398514	0.317398	0.077913	0.052868	0.307497	0.015646	0.623989	0.052868	0.307497	0.015646	0.623989	0.206175	0.398514	0.317398	0.077913	1,2,2,2,2,2	2.382471	0.080783	0.023467	0.086922	0.742228	0.052091	0.014509	0.188794	0.217987	0.003831	0.404995	0.162669	0.021724	0.188794	0.217987	0.003831	0.404995	0.162669	0.021724	0.188794	0.217987	0.003831	0.404995	0.162669	0.021724	0.188794	0.217987	0.003831	0.404995	0.162669	0.021724	0.188794	0.217987	0.003831	0.404995	0.162669	0.021724	1,1,1,1,1,1	0.411173	0.034623	0.034623	0.034623	0.034623	0.034623	0.034623	
171000	-68553.9	1,2,3,4,5,5	4.649562	5.438681	5.394419	6.431841	6.109031	5.970999	5.970999	1,1,2,1,1,2	0.950742	0.048835	0.319483	0.016090	0.615592	0.048835	0.319483	0.016090	0.615592	0.192351	0.413529	0.321345	0.072776	0.048835	0.319483	0.016090	0.615592	0.048835	0.319483	0.016090	0.615592	0.192351	0.413529	0.321345	0.072776	1,2,2,2,2,2	1.040913	0.013254	0.033300	0.230505	0.586192	0.071668	0.065081	0.182508	0.217491	0.005074	0.400041	0.170821	0.024066	0.182508	0.217491	0.005074	0.400041	0.170821	0.024066	0.182508	0.217491	0.005074	0.400041	0.170821	0.024066	0.182508	0.217491	0.005074	0.400041	0.170821	0.024066	0.182508	0.217491	0.005074	0.400041	0.170821	0.024066	1,1,1,1,1,1	0.920074	0.034656	0.034656	0.034656	0.034656	0.034656	0.034656	
172000	-68599.3	1,2,3,3,4,4	1.986700	6.518200	5.853010	6.390020	6.390020	5.953429	5.953429	1,1,2,1,1,2	0.778519	0.052164	0.308062	0.015767	0.624007	0.052164	0.308062	0.015767	0.624007	0.193544	0.410529	0.319752	0.076174	0.052164	0.308062	0.015767	0.624007	0.052164	0.308062	0.015767	0.624007	0.193544	0.410529	0.319752	0.076174	1,2,2,2,2,2	1.117078	0.055574	0.181682	0.206566	0.365523	0.102137	0.088517	0.190564	0.210931	0.005545	0.396136	0.174966	0.021858	0.190564	0.210931	0.005545	0.396136	0.174966	0.021858	0.190564	0.210931	0.005545	0.396136	0.174966	0.021858	0.190564	0.210931	0.005545	0.396136	0.174966	0.021858	0.190564	0.210931	0.005545	0.396136	0.174966	0.021858	1,1,1,1,1,1	2.027443	0.033216	0.033216	0.033216	0.033216	0.033216	0.033216	
173000	-68557.9	1,1,2,2,3,4	1.490851	5.297422	5.297422	6.276062	6.276062	5.995419	5.884316	1,1,2,1,1,2	0.958330	0.047514	0.306923	0.015810	0.629754	0.047514	0.306923	0.015810	0.629754	0.196400	0.417882	0.320308	0.065409	0.047514	0.306923	0.015810	0.629754	0.047514	0.306923	0.015810	0.629754	0.196400	0.417882	0.320308	0.065409	1,2,2,2,2,2	0.697429	0.196893	0.142653	0.161668	0.302741	0.058778	0.137266	0.191881	0.214371	0.003687	0.399229	0.170067	0.020765	0.191881	0.214371	0.003687	0.399229	0.170067	0.020765	0.191881	0.214371	0.003687	0.399229	0.170067	0.020765	0.191881	0.214371	0.003687	0.399229	0.170067	0.020765	0.191881	0.214371	0.003687	0.399229	0.170067	0.020765	1,1,1,1,1,1	1.136683	0.032813	0.032813	0.032813	0.032813	0.032813	0.032813	
174000	-68621.8	1,2,3,3,4,4	0.518983	5.102223	5.574959	6.246983	6.246983	5.935401	5.935401	1,1,2,1,1,2	0.642318	0.052600	0.312279	0.016107	0.619015	0.052600	0.312279	0.016107	0.619015	0.201908	0.409274	0.311634	0.077184	0.052600	0.312279	0.016107	0.619015	0.052600	0.312279	0.016107	0.619015	0.201908	0.409274	0.311634	0.077184	1,2,2,2,2,2	0.442444	0.322490	0.078109	0.316587	0.027019	0.089044	0.166751	0.194906	0.209031	0.006696	0.395375	0.173318	0.020675	0.194906	0.209031	0.006696	0.395375	0.173318	0.020675	0.194906	0.209031	0.006696	0.395375	0.173318	0.020675	0.194906	0.209031	0.006696	0.395375	0.173318	0.020675	0.194906	0.209031	0.006696	0.395375	0.173318	0.020675	1,1,2,1,2,1	0.731821	0.032986	0.032986	0.033653	0.032986	0.033653	0.032986	
175000	-68530.8	1,1,2,2,2,3	1.005231	5.329127	5.329127	6.074877	6.074877	6.074877	5.948413	1,1,2,1,1,2	1.154911	0.054224	0.312981	0.014823	0.617972	0.054224	0.312981	0.014823	0.617972	0.198863	0.402642	0.324230	0.074265	0.054224	0.312981	0.014823	0.617972	0.054224	0.312981	0.014823	0.617972	0.198863	0.402642	0.324230	0.074265	1,2,2,2,2,2	1.456096	0.017733	0.459287	0.203921	0.112078	0.041994	0.164987	0.186499	0.221879	0.001385	0.388186	0.172149	0.029902	0.186499	0.221879	0.001385	0.388186	0.172149	0.029902	0.186499	0.221879	0.001385	0.388186	0.172149	0.029902	0.186499	0.221879	0.001385	0.388186	0.172149	0.029902	0.186499	0.221879	0.001385	0.388186	0.172149	0.029902	1,1,1,1,1,1	1.959636	0.034322	0.034322	0.034322	0.034322	0.034322	0.034322	
176000	-68518.8	1,2,3,4,5,6	6.186751	5.130761	5.145087	6.357066	6.138730	5.906145	5.974198	1,1,2,1,1,2	0.911200	0.052675	0.310302	0.013060	0.623963	0.052675	0.310302	0.013060	0.623963	0.194970	0.402932	0.324093	0.078005	0.052675	0.310302	0.013060	0.623963	0.052675	0.310302	0.013060	0.623963	0.194970	0.402932	0.324093	0.078005	1,2,2,2,2,2	1.817799	0.066555	0.302924	0.143106	0.059337	0.090169	0.337908	0.194479	0.214079	0.003228	0.395172	0.174012	0.019031	0.194479	0.214079	0.003228	0.395172	0.174012	0.019031	0.194479	0.214079	0.003228	0.395172	0.174012	0.019031	0.194479	0.214079	0.003228	0.395172	0.174012	0.019031	0.194479	0.214079	0.003228	0.395172	0.174012	0.019031	1,1,1,1,1,1	1.278012	0.032716	0.032716	0.032716	0.032716	0.032716	0.032716	
177000	-68612.8	1,2,3,4,5,6	2.000677	4.875681	5.386084	6.536006	6.375101	5.663790	5.958453	1,1,2,1,1,2	1.245973	0.054453	0.307557	0.018396	0.619595	0.054453	0.307557	0.018396	0.619595	0.196432	0.403407	0.325922	0.074238	0.054453	0.307557	0.018396	0.619595	0.054453	0.307557	0.018396	0.619595	0.196432	0.403407	0.325922	0.074238	1,2,2,2,2,2	0.517635	0.106615	0.039174	0.383278	0.103335	0.215693	0.151905	0.195885	0.219549	0.005782	0.391638	0.171626	0.015519	0.195885	0.219549	0.005782	0.391638	0.171626	0.015519	0.195885	0.219549	0.005782	0.391638	0.171626	0.015519	0.195885	0.219549	0.005782	0.391638	0.171626	0.015519	0.195885	0.219549	0.005782	0.391638	0.171626	0.015519	1,1,1,1,1,1	1.006074	0.038563	0.038563	0.038563	0.038563	0.038563	0.038563	
178000	-68532	1,1,2,3,4,4	2.209231	5.369123	5.369123	6.142508	6.294047	6.089475	6.089475	1,1,2,1,1,2	0.646970	0.051708	0.308318	0.015923	0.624050	0.051708	0.308318	0.015923	0.624050	0.201206	0.405480	0.316755	0.076559	0.051708	0.308318	0.015923	0.624050	0.051708	0.308318	0.015923	0.624050	0.201206	0.405480	0.316755	0.076559	1,2,2,2,2,2	0.720111	0.010590	0.440379	0.085621	0.138364	0.061753	0.263294	0.187296	0.225710	0.006094	0.389048	0.166308	0.025544	0.187296	0.225710	0.006094	0.389048	0.166308	0.025544	0.187296	0.225710	0.006094	0.389048	0.166308	0.025544	0.187296	0.225710	0.006094	0.389048	0.166308	0.025544	0.187296	0.225710	0.006094	0.389048	0.166308	0.025544	1,1,1,1,1,1	1.806999	0.034779	0.034779	0.034779	0.034779	0.034779	0.034779	
179000	-68582.1	1,1,2,2,3,4	1.248228	5.445642	5.445642	6.190319	6.190319	5.816173	5.781128	1,1,2,1,1,2	1.004435	0.047459	0.307079	0.016033	0.629429	0.047459	0.307079	0.016033	0.629429	0.193664	0.406894	0.323007	0.076435	0.047459	0.307079	0.016033	0.629429	0.047459	0.307079	0.016033	0.629429	0.193664	0.406894	0.323007	0.076435	1,2,2,2,2,2	0.387937	0.001675	0.075925	0.361050	0.248216	0.162685	0.150450	0.193438	0.205493	0.004434	0.400253	0.169114	0.027269	0.193438	0.205493	0.004434	0.400253	0.169114	0.027269	0.193438	0.205493	0.004434	0.400253	0.169114	0.027269	0.193438	0.205493	0.004434	0.400253	0.169114	0.027269	0.193438	0.205493	0.004434	0.400253	0.169114	0.027269	1,1,1,1,1,1	0.943490	0.036019	0.036019	0.036019	0.036019	0.036019	0.036019	
180000	-68719.1	1,2,3,4,5,5	4.009650	5.205066	5.405804	6.379741	5.992233	5.760916	5.760916	1,1,2,1,1,2	1.575410	0.055500	0.312258	0.014495	0.617747	0.055500	0.312258	0.014495	0.617747	0.199306	0.406274	0.322947	0.071473	0.055500	0.312258	0.014495	0.617747	0.055500	0.312258	0.014495	0.617747	0.199306	0.406274	0.322947	0.071473	1,2,2,2,2,2	1.137524	0.125799	0.652205	0.133563	0.004380	0.063984	0.020069	0.180775	0.217993	0.006201	0.400945	0.174558	0.019528	0.180775	0.217993	0.006201	0.400945	0.174558	0.019528	0.180775	0.217993	0.006201	0.400945	0.174558	0.019528	0.180775	0.217993	0.006201	0.400945	0.174558	0.019528	0.180775	0.217993	0.006201	0.400945	0.174558	0.019528	1,1,1,1,1,1	1.385698	0.033362	0.033362	0.033362	0.033362	0.033362	0.033362	
181000	-68622.7	1,2,3,3,4,5	3.102740	5.836854	5.593827	6.438488	6.438488	5.916302	5.955385	1,1,2,1,1,2	1.278929	0.055986	0.302937	0.016182	0.624895	0.055986	0.302937	0.016182	0.624895	0.207856	0.406173	0.310874	0.075098	0.055986	0.302937	0.016182	0.624895	0.055986	0.302937	0.016182	0.624895	0.207856	0.406173	0.310874	0.075098	1,2,2,2,2,2	0.645970	0.146462	0.261442	0.110225	0.307902	0.033168	0.140800	0.191552	0.207526	0.005919	0.406215	0.166645	0.022144	0.191552	0.207526	0.005919	0.406215	0.166645	0.022144	0.191552	0.207526	0.005919	0.406215	0.166645	0.022144	0.191552	0.207526	0.005919	0.406215	0.166645	0.022144	0.191552	0.207526	0.005919	0.406215	0.166645	0.022144	1,1,1,1,1,1	1.458142	0.036588	0.036588	0.036588	0.036588	0.036588	0.036588	
182000	-68515.7	1,2,3,3,4,4	1.731722	5.054571	5.684090	6.319783	6.319783	5.933661	5.933661	1,1,2,1,1,2	1.267147	0.050537	0.312613	0.015107	0.621743	0.050537	0.312613	0.015107	0.621743	0.196234	0.397332	0.331860	0.074574	0.050537	0.312613	0.015107	0.621743	0.050537	0.312613	0.015107	0.621743	0.196234	0.397332	0.331860	0.074574	1,2,2,2,2,2	0.785148	0.131787	0.279835	0.206783	0.061106	0.083416	0.237073	0.191366	0.200440	0.003188	0.406616	0.178827	0.019563	0.191366	0.200440	0.003188	0.406616	0.178827	0.019563	0.191366	0.200440	0.003188	0.406616	0.178827	0.019563	0.191366	0.200440	0.003188	0.406616	0.178827	0.019563	0.191366	0.200440	0.003188	0.406616	0.178827	0.019563	1,1,1,1,1,1	0.859884	0.030441	0.030441	0.030441	0.030441	0.030441	0.030441	
183000	-68539.6	1,2,3,4,5,6	2.599978	4.863815	5.180689	6.474083	6.223409	6.049832	6.028810	1,1,2,1,1,2	0.683325	0.055898	0.303631	0.014943	0.625528	0.055898	0.303631	0.014943	0.625528	0.197726	0.403220	0.324883	0.074171	0.055898	0.303631	0.014943	0.625528	0.055898	0.303631	0.014943	0.625528	0.197726	0.403220	0.324883	0.074171	1,2,2,2,2,2	0.793173	0.110929	0.007453	0.301181	0.033174	0.177961	0.369302	0.187480	0.211504	0.003061	0.412334	0.166382	0.019238	0.187480	0.211504	0.003061	0.412334	0.166382	0.019238	0.187480	0.211504	0.003061	0.412334	0.166382	0.019238	0.187480	0.211504	0.003061	0.412334	0.166382	0.019238	0.187480	0.211504	0.003061	0.412334	0.166382	0.019238	1,1,1,1,1,1	1.336767	0.034516	0.034516	0.034516	0.034516	0.034516	0.034516	
184000	-68466.3	1,2,3,4,1,5	2.155414	6.029684	5.275595	6.361130	6.284815	6.029684	5.891240	1,1,2,1,1,2	1.651458	0.053464	0.313290	0.014808	0.618437	0.053464	0.313290	0.014808	0.618437	0.198910	0.409547	0.315979	0.075564	0.053464	0.313290	0.014808	0.618437	0.053464	0.313290	0.014808	0.618437	0.198910	0.409547	0.315979	0.075564	1,2,2,2,2,2	0.286448	0.046385	0.043299	0.104663	0.232180	0.043643	0.529830	0.195108	0.212427	0.003340	0.399579	0.167093	0.022453	0.195108	0.212427	0.003340	0.399579	0.167093	0.022453	0.195108	0.212427	0.003340	0.399579	0.167093	0.022453	0.195108	0.212427	0.003340	0.399579	0.167093	0.022453	0.195108	0.212427	0.003340	0.399579	0.167093	0.022453	1,1,1,1,1,1	0.164888	0.031107	0.031107	0.031107	0.031107	0.031107	0.031107	
185000	-68599.1	1,2,3,3,4,4	1.160287	6.948891	5.501800	6.106856	6.106856	5.807650	5.807650	1,1,2,1,1,2	0.915299	0.055613	0.308368	0.015029	0.620991	0.055613	0.308368	0.015029	0.620991	0.196657	0.401228	0.323933	0.078183	0.055613	0.308368	0.015029	0.620991	0.055613	0.308368	0.015029	0.620991	0.196657	0.401228	0.323933	0.078183	1,2,2,2,2,2	1.204419	0.037497	0.100735	0.215316	0.485786	0.030193	0.130473	0.186820	0.219771	0.008893	0.397330	0.163112	0.024074	0.186820	0.219771	0.008893	0.397330	0.163112	0.024074	0.186820	0.219771	0.008893	0.397330	0.163112	0.024074	0.186820	0.219771	0.008893	0.397330	0.163112	0.024074	0.186820	0.219771	0.008893	0.397330	0.163112	0.024074	1,1,1,1,1,1	1.365275	0.034574	0.034574	0.034574	0.034574	0.034574	0.034574	
186000	-68627.6	1,1,2,3,2,4	1.591624	5.567976	5.567976	6.196572	6.196268	6.196572	5.821679	1,1,2,1,1,2	0.896407	0.053401	0.305962	0.014954	0.625683	0.053401	0.305962	0.014954	0.625683	0.192513	0.411183	0.321637	0.074667	0.053401	0.305962	0.014954	0.625683	0.053401	0.305962	0.014954	0.625683	0.192513	0.411183	0.321637	0.074667	1,2,2,2,2,2	0.384845	0.283607	0.010610	0.136220	0.323888	0.056929	0.188746	0.185426	0.228654	0.003454	0.391059	0.167836	0.023571	0.185426	0.228654	0.003454	0.391059	0.167836	0.023571	0.185426	0.228654	0.003454	0.391059	0.167836	0.023571	0.185426	0.228654	0.003454	0.391059	0.167836	0.023571	0.185426	0.228654	0.003454	0.391059	0.167836	0.023571	1,1,1,1,1,1	0.742718	0.033710	0.033710	0.033710	0.033710	0.033710	0.033710	
187000	-68584.5	1,1,2,3,4,4	2.142930	5.350418	5.350418	6.292371	6.057806	5.838249	5.838249	1,1,2,1,1,2	2.446228	0.050939	0.307441	0.016755	0.624865	0.050939	0.307441	0.016755	0.624865	0.195730	0.405540	0.326879	0.071852	0.050939	0.307441	0.016755	0.624865	0.050939	0.307441	0.016755	0.624865	0.195730	0.405540	0.326879	0.071852	1,2,2,2,2,2	1.472203	0.128118	0.085605	0.102443	0.226305	0.107114	0.350416	0.194201	0.198332	0.005026	0.395009	0.179088	0.028343	0.194201	0.198332	0.005026	0.395009	0.179088	0.028343	0.194201	0.198332	0.005026	0.395009	0.179088	0.028343	0.194201	0.198332	0.005026	0.395009	0.179088	0.028343	0.194201	0.198332	0.005026	0.395009	0.179088	0.028343	1,1,1,1,1,1	0.242047	0.035028	0.035028	0.035028	0.035028	0.035028	0.035028	
188000	-68510.9	1,1,2,3,4,4	1.580531	5.331974	5.331974	6.380705	6.345134	5.901645	5.901645	1,1,2,1,1,2	0.612459	0.048811	0.310457	0.015699	0.625033	0.048811	0.310457	0.015699	0.625033	0.189425	0.404628	0.327618	0.078329	0.048811	0.310457	0.015699	0.625033	0.048811	0.310457	0.015699	0.625033	0.189425	0.404628	0.327618	0.078329	1,2,2,2,2,2	0.713135	0.048453	0.080933	0.094157	0.587350	0.032837	0.156270	0.189953	0.222536	0.004959	0.399532	0.164402	0.018618	0.189953	0.222536	0.004959	0.399532	0.164402	0.018618	0.189953	0.222536	0.004959	0.399532	0.164402	0.018618	0.189953	0.222536	0.004959	0.399532	0.164402	0.018618	0.189953	0.222536	0.004959	0.399532	0.164402	0.018618	1,1,1,1,1,1	1.529629	0.039786	0.039786	0.039786	0.039786	0.039786	0.039786	
189000	-68530.9	1,1,2,2,3,3	2.398089	5.145456	5.145456	6.454343	6.454343	5.829220	5.829220	1,1,2,1,1,2	0.821686	0.050763	0.306663	0.016371	0.626202	0.050763	0.306663	0.016371	0.626202	0.193202	0.405692	0.330118	0.070988	0.050763	0.306663	0.016371	0.626202	0.050763	0.306663	0.016371	0.626202	0.193202	0.405692	0.330118	0.070988	1,2,2,2,2,2	1.502056	0.111154	0.240462	0.229435	0.248638	0.051410	0.118900	0.188643	0.216417	0.002908	0.399200	0.169486	0.023346	0.188643	0.216417	0.002908	0.399200	0.169486	0.023346	0.188643	0.216417	0.002908	0.399200	0.169486	0.023346	0.188643	0.216417	0.002908	0.399200	0.169486	0.023346	0.188643	0.216417	0.002908	0.399200	0.169486	0.023346	1,1,1,1,1,1	0.215818	0.035013	0.035013	0.035013	0.035013	0.035013	0.035013	
190000	-68600.4	1,2,3,3,1,3	2.520399	5.841177	5.436869	6.171431	6.171431	5.841177	6.171431	1,1,2,1,1,2	1.149447	0.048944	0.311755	0.014271	0.625030	0.048944	0.311755	0.014271	0.625030	0.199210	0.409273	0.315593	0.075924	0.048944	0.311755	0.014271	0.625030	0.048944	0.311755	0.014271	0.625030	0.199210	0.409273	0.315593	0.075924	1,2,2,2,2,2	1.657867	0.123216	0.197239	0.118219	0.432599	0.039846	0.088882	0.200711	0.210271	0.005876	0.394428	0.170417	0.018297	0.200711	0.210271	0.005876	0.394428	0.170417	0.018297	0.200711	0.210271	0.005876	0.394428	0.170417	0.018297	0.200711	0.210271	0.005876	0.394428	0.170417	0.018297	0.200711	0.210271	0.005876	0.394428	0.170417	0.018297	1,1,1,1,1,1	1.178606	0.029866	0.029866	0.029866	0.029866	0.029866	0.029866	
191000	-68500.7	1,1,2,2,3,3	1.944555	5.249627	5.249627	6.314776	6.314776	6.053801	6.053801	1,1,2,1,1,2	1.200457	0.052031	0.313205	0.015858	0.618906	0.052031	0.313205	0.015858	0.618906	0.204637	0.402210	0.318222	0.074931	0.052031	0.313205	0.015858	0.618906	0.052031	0.313205	0.015858	0.618906	0.204637	0.402210	0.318222	0.074931	1,2,2,2,2,2	0.666915	0.085932	0.095869	0.304431	0.204548	0.080842	0.228378	0.189635	0.207678	0.001310	0.409519	0.173430	0.018428	0.189635	0.207678	0.001310	0.409519	0.173430	0.018428	0.189635	0.207678	0.001310	0.409519	0.173430	0.018428	0.189635	0.207678	0.001310	0.409519	0.173430	0.018428	0.189635	0.207678	0.001310	0.409519	0.173430	0.018428	1,1,1,1,1,1	0.677748	0.035451	0.035451	0.035451	0.035451	0.035451	0.035451	
192000	-68516.4	1,1,2,2,3,4	1.388814	5.618545	5.618545	6.526745	6.526745	5.968632	6.070354	1,1,2,1,1,2	0.917735	0.049897	0.304770	0.015976	0.629357	0.049897	0.304770	0.015976	0.629357	0.191959	0.409352	0.323588	0.075101	0.049897	0.304770	0.015976	0.629357	0.049897	0.304770	0.015976	0.629357	0.191959	0.409352	0.323588	0.075101	1,2,2,2,2,2	1.186442	0.099093	0.039538	0.109641	0.191390	0.053549	0.506789	0.185793	0.218378	0.003179	0.395161	0.176726	0.020763	0.185793	0.218378	0.003179	0.395161	0.176726	0.020763	0.185793	0.218378	0.003179	0.395161	0.176726	0.020763	0.185793	0.218378	0.003179	0.395161	0.176726	0.020763	0.185793	0.218378	0.003179	0.395161	0.176726	0.020763	1,1,1,1,1,1	0.665832	0.034547	0.034547	0.034547	0.034547	0.034547	0.034547	
193000	-68532.3	1,1,2,3,1,1	2.476104	5.701860	5.701860	6.269442	6.303351	5.701860	5.701860	1,1,2,1,1,2	1.926262	0.052200	0.310792	0.015265	0.621744	0.052200	0.310792	0.015265	0.621744	0.199349	0.403569	0.326899	0.070183	0.052200	0.310792	0.015265	0.621744	0.052200	0.310792	0.015265	0.621744	0.199349	0.403569	0.326899	0.070183	1,2,2,2,2,2	1.929333	0.001499	0.131490	0.109312	0.562848	0.043251	0.151600	0.189596	0.219713	0.004175	0.390826	0.168184	0.027506	0.189596	0.219713	0.004175	0.390826	0.168184	0.027506	0.189596	0.219713	0.004175	0.390826	0.168184	0.027506	0.189596	0.219713	0.004175	0.390826	0.168184	0.027506	0.189596	0.219713	0.004175	0.390826	0.168184	0.027506	1,1,1,1,1,1	0.575788	0.036484	0.036484	0.036484	0.036484	0.036484	0.036484	
194000	-68533.9	1,1,2,3,3,4	2.813287	5.499323	5.499323	6.214553	6.054220	6.054220	5.848058	1,1,2,1,1,2	1.189013	0.050912	0.312902	0.015004	0.621182	0.050912	0.312902	0.015004	0.621182	0.191532	0.402380	0.329239	0.076849	0.050912	0.312902	0.015004	0.621182	0.050912	0.312902	0.015004	0.621182	0.191532	0.402380	0.329239	0.076849	1,2,2,2,2,2	0.744373	0.125690	0.131812	0.256859	0.240459	0.054418	0.190761	0.191731	0.227020	0.003322	0.385823	0.164336	0.027768	0.191731	0.227020	0.003322	0.385823	0.164336	0.027768	0.191731	0.227020	0.003322	0.385823	0.164336	0.027768	0.191731	0.227020	0.003322	0.385823	0.164336	0.027768	0.191731	0.227020	0.003322	0.385823	0.164336	0.027768	1,1,1,1,1,1	1.035833	0.035625	0.035625	0.035625	0.035625	0.035625	0.035625	
195000	-68517.1	1,2,3,3,4,5	1.751367	5.133211	5.193044	6.501602	6.501602	6.191245	5.998859	1,1,2,1,1,2	0.550675	0.048295	0.316194	0.015104	0.620407	0.048295	0.316194	0.015104	0.620407	0.192250	0.406797	0.321836	0.079117	0.048295	0.316194	0.015104	0.620407	0.048295	0.316194	0.015104	0.620407	0.192250	0.406797	0.321836	0.079117	1,2,2,2,2,2	1.665284	0.032281	0.131947	0.260213	0.004600	0.123415	0.447544	0.192268	0.208466	0.005992	0.407815	0.163478	0.021982	0.192268	0.208466	0.005992	0.407815	0.163478	0.021982	0.192268	0.208466	0.005992	0.407815	0.163478	0.021982	0.192268	0.208466	0.005992	0.407815	0.163478	0.021982	0.192268	0.208466	0.005992	0.407815	0.163478	0.021982	1,1,1,1,1,1	1.391827	0.033455	0.033455	0.033455	0.033455	0.033455	0.033455	
196000	-68490.2	1,1,2,2,3,4	4.331347	5.350538	5.350538	6.258843	6.258843	5.847638	5.696594	1,1,2,1,1,2	1.249175	0.054025	0.304901	0.017366	0.623708	0.054025	0.304901	0.017366	0.623708	0.192482	0.404735	0.326798	0.075985	0.054025	0.304901	0.017366	0.623708	0.054025	0.304901	0.017366	0.623708	0.192482	0.404735	0.326798	0.075985	1,2,2,2,2,2	0.704244	0.079006	0.091438	0.236500	0.299541	0.079399	0.214116	0.193780	0.218832	0.002891	0.385608	0.177833	0.021057	0.193780	0.218832	0.002891	0.385608	0.177833	0.021057	0.193780	0.218832	0.002891	0.385608	0.177833	0.021057	0.193780	0.218832	0.002891	0.385608	0.177833	0.021057	0.193780	0.218832	0.002891	0.385608	0.177833	0.021057	1,1,1,1,1,1	0.630099	0.034390	0.034390	0.034390	0.034390	0.034390	0.034390	
197000	-68530.2	1,2,1,3,4,5	2.671388	6.526778	5.599615	6.526778	6.290357	5.608376	5.930473	1,1,2,1,1,2	1.794821	0.051658	0.304198	0.016609	0.627534	0.051658	0.304198	0.016609	0.627534	0.193122	0.415875	0.322065	0.068939	0.051658	0.304198	0.016609	0.627534	0.051658	0.304198	0.016609	0.627534	0.193122	0.415875	0.322065	0.068939	1,2,2,2,2,2	1.059619	0.030316	0.019978	0.224877	0.238325	0.043813	0.442692	0.181332	0.226624	0.003678	0.395004	0.174074	0.019286	0.181332	0.226624	0.003678	0.395004	0.174074	0.019286	0.181332	0.226624	0.003678	0.395004	0.174074	0.019286	0.181332	0.226624	0.003678	0.395004	0.174074	0.019286	0.181332	0.226624	0.003678	0.395004	0.174074	0.019286	1,1,1,1,1,1	1.298343	0.030093	0.030093	0.030093	0.030093	0.030093	0.030093	
198000	-68565.1	1,2,3,1,4,4	2.938302	6.258463	5.705757	6.418638	6.258463	5.914632	5.914632	1,1,2,1,1,2	2.960764	0.052740	0.308495	0.016340	0.622425	0.052740	0.308495	0.016340	0.622425	0.193249	0.399503	0.327743	0.079504	0.052740	0.308495	0.016340	0.622425	0.052740	0.308495	0.016340	0.622425	0.193249	0.399503	0.327743	0.079504	1,2,2,2,2,2	1.964139	0.062845	0.082364	0.392286	0.025966	0.072413	0.364126	0.193033	0.216204	0.004357	0.403934	0.167158	0.015314	0.193033	0.216204	0.004357	0.403934	0.167158	0.015314	0.193033	0.216204	0.004357	0.403934	0.167158	0.015314	0.193033	0.216204	0.004357	0.403934	0.167158	0.015314	0.193033	0.216204	0.004357	0.403934	0.167158	0.015314	1,1,1,1,1,1	0.370257	0.037497	0.037497	0.037497	0.037497	0.037497	0.037497	
199000	-68719.1	1,1,2,2,3,3	0.506585	5.515040	5.515040	6.143799	6.143799	5.890569	5.890569	1,1,2,1,1,2	1.090833	0.051027	0.308395	0.015895	0.624683	0.051027	0.308395	0.015895	0.624683	0.195952	0.406165	0.316036	0.081847	0.051027	0.308395	0.015895	0.624683	0.051027	0.308395	0.015895	0.624683	0.195952	0.406165	0.316036	0.081847	1,2,2,2,2,2	0.413064	0.380595	0.001572	0.367637	0.092895	0.091481	0.065820	0.186874	0.211954	0.004649	0.412551	0.161290	0.022682	0.186874	0.211954	0.004649	0.412551	0.161290	0.022682	0.186874	0.211954	0.004649	0.412551	0.161290	0.022682	0.186874	0.211954	0.004649	0.412551	0.161290	0.022682	0.186874	0.211954	0.004649	0.412551	0.161290	0.022682	1,1,1,1,1,1	0.575870	0.031865	0.031865	0.031865	0.031865	0.031865	0.031865	
200000	-68485.9	1,2,3,4,5,6	2.270685	5.132445	5.404761	6.189478	6.385689	5.711262	5.807121	1,1,2,1,1,2	0.251003	0.053883	0.308290	0.016151	0.621676	0.053883	0.308290	0.016151	0.621676	0.198695	0.412730	0.319387	0.069188	0.053883	0.308290	0.016151	0.621676	0.053883	0.308290	0.016151	0.621676	0.198695	0.412730	0.319387	0.069188	1,2,2,2,2,2	0.557383	0.077427	0.035393	0.149782	0.126924	0.069420	0.541054	0.189655	0.211206	0.006141	0.394410	0.173959	0.024630	0.189655	0.211206	0.006141	0.394410	0.173959	0.024630	0.189655	0.211206	0.006141	0.394410	0.173959	0.024630	0.189655	0.211206	0.006141	0.394410	0.173959	0.024630	0.189655	0.211206	0.006141	0.394410	0.173959	0.024630	1,1,1,1,1,1	2.878962	0.036890	0.036890	0.036890	0.036890	0.036890	0.036890	
201000	-68564.7	1,1,2,2,3,3	2.677505	5.234482	5.234482	6.287120	6.287120	5.818748	5.818748	1,1,2,1,1,2	1.300112	0.053258	0.308210	0.014429	0.624103	0.053258	0.308210	0.014429	0.624103	0.197898	0.396096	0.325732	0.080274	0.053258	0.308210	0.014429	0.624103	0.053258	0.308210	0.014429	0.624103	0.197898	0.396096	0.325732	0.080274	1,2,2,2,2,2	1.511246	0.129790	0.334055	0.196600	0.050457	0.115776	0.173321	0.195682	0.204287	0.004730	0.403679	0.168555	0.023067	0.195682	0.204287	0.004730	0.403679	0.168555	0.023067	0.195682	0.204287	0.004730	0.403679	0.168555	0.023067	0.195682	0.204287	0.004730	0.403679	0.168555	0.023067	0.195682	0.204287	0.004730	0.403679	0.168555	0.023067	1,1,1,1,1,1	0.920818	0.034026	0.034026	0.034026	0.034026	0.034026	0.034026	
202000	-68708.1	1,1,2,2,2,2	0.437941	5.403132	5.403132	6.070428	6.070428	6.070428	6.070428	1,1,2,1,1,2	2.863474	0.048265	0.311782	0.015245	0.624707	0.048265	0.311782	0.015245	0.624707	0.200135	0.400703	0.321153	0.078009	0.048265	0.311782	0.015245	0.624707	0.048265	0.311782	0.015245	0.624707	0.200135	0.400703	0.321153	0.078009	1,2,2,2,2,2	0.405957	0.129013	0.295051	0.065394	0.418723	0.065113	0.026707	0.185771	0.206032	0.008683	0.400541	0.173424	0.025550	0.185771	0.206032	0.008683	0.400541	0.173424	0.025550	0.185771	0.206032	0.008683	0.400541	0.173424	0.025550	0.185771	0.206032	0.008683	0.400541	0.173424	0.025550	0.185771	0.206032	0.008683	0.400541	0.173424	0.025550	1,1,1,1,1,1	1.216090	0.037679	0.037679	0.037679	0.037679	0.037679	0.037679	
203000	-68493.5	1,1,2,2,3,4	1.587534	5.404990	5.404990	6.234930	6.234930	5.864441	5.927804	1,1,2,1,1,2	1.900641	0.054064	0.310451	0.014989	0.620496	0.054064	0.310451	0.014989	0.620496	0.187664	0.415256	0.322645	0.074435	0.054064	0.310451	0.014989	0.620496	0.054064	0.310451	0.014989	0.620496	0.187664	0.415256	0.322645	0.074435	1,2,2,2,2,2	1.771026	0.102451	0.227660	0.126777	0.205085	0.062135	0.275891	0.188239	0.222231	0.004109	0.393691	0.163403	0.028327	0.188239	0.222231	0.004109	0.393691	0.163403	0.028327	0.188239	0.222231	0.004109	0.393691	0.163403	0.028327	0.188239	0.222231	0.004109	0.393691	0.163403	0.028327	0.188239	0.222231	0.004109	0.393691	0.163403	0.028327	1,1,1,1,1,1	0.971748	0.036698	0.036698	0.036698	0.036698	0.036698	0.036698	
204000	-68600.6	1,1,2,2,2,2	1.275182	5.392364	5.392364	6.163331	6.163331	6.163331	6.163331	1,1,2,1,1,2	0.355834	0.053123	0.306039	0.016123	0.624715	0.053123	0.306039	0.016123	0.624715	0.197750	0.406585	0.325551	0.070114	0.053123	0.306039	0.016123	0.624715	0.053123	0.306039	0.016123	0.624715	0.197750	0.406585	0.325551	0.070114	1,2,2,2,2,2	1.723587	0.064189	0.457305	0.187146	0.219920	0.054709	0.016731	0.190410	0.215418	0.003896	0.396111	0.169932	0.024233	0.190410	0.215418	0.003896	0.396111	0.169932	0.024233	0.190410	0.215418	0.003896	0.396111	0.169932	0.024233	0.190410	0.215418	0.003896	0.396111	0.169932	0.024233	0.190410	0.215418	0.003896	0.396111	0.169932	0.024233	1,1,1,1,1,1	0.629300	0.035353	0.035353	0.035353	0.035353	0.035353	0.035353	
205000	-68579.4	1,2,3,4,5,5	3.436058	5.249542	5.476374	5.959208	6.107901	5.961585	5.961585	1,1,2,1,1,2	0.720490	0.050090	0.307419	0.017214	0.625277	0.050090	0.307419	0.017214	0.625277	0.192432	0.411900	0.322259	0.073409	0.050090	0.307419	0.017214	0.625277	0.050090	0.307419	0.017214	0.625277	0.192432	0.411900	0.322259	0.073409	1,2,2,2,2,2	1.391992	0.037839	0.303900	0.277814	0.220425	0.098558	0.061464	0.188361	0.228522	0.001556	0.388700	0.164879	0.027982	0.188361	0.228522	0.001556	0.388700	0.164879	0.027982	0.188361	0.228522	0.001556	0.388700	0.164879	0.027982	0.188361	0.228522	0.001556	0.388700	0.164879	0.027982	0.188361	0.228522	0.001556	0.388700	0.164879	0.027982	1,1,1,1,1,1	0.608325	0.038071	0.038071	0.038071	0.038071	0.038071	0.038071	
206000	-68595	1,2,3,3,4,5	3.824042	4.737072	5.450826	6.350755	6.350755	5.881226	5.996131	1,1,2,1,1,2	1.508389	0.054183	0.310847	0.016194	0.618776	0.054183	0.310847	0.016194	0.618776	0.196134	0.407702	0.325136	0.071028	0.054183	0.310847	0.016194	0.618776	0.054183	0.310847	0.016194	0.618776	0.196134	0.407702	0.325136	0.071028	1,2,2,2,2,2	1.036282	0.260326	0.024002	0.165740	0.115514	0.124040	0.310377	0.184698	0.220332	0.004433	0.394655	0.169184	0.026698	0.184698	0.220332	0.004433	0.394655	0.169184	0.026698	0.184698	0.220332	0.004433	0.394655	0.169184	0.026698	0.184698	0.220332	0.004433	0.394655	0.169184	0.026698	0.184698	0.220332	0.004433	0.394655	0.169184	0.026698	1,1,1,1,1,1	0.294121	0.034282	0.034282	0.034282	0.034282	0.034282	0.034282	
207000	-68544.5	1,2,1,1,1,1	1.036043	6.049720	5.169366	6.049720	6.049720	6.049720	6.049720	1,1,2,1,1,2	1.155772	0.054735	0.307471	0.016253	0.621541	0.054735	0.307471	0.016253	0.621541	0.193719	0.408338	0.324238	0.073705	0.054735	0.307471	0.016253	0.621541	0.054735	0.307471	0.016253	0.621541	0.193719	0.408338	0.324238	0.073705	1,2,2,2,2,2	1.733473	0.040078	0.275579	0.268813	0.058518	0.123964	0.233047	0.197306	0.215254	0.004935	0.391658	0.170471	0.020377	0.197306	0.215254	0.004935	0.391658	0.170471	0.020377	0.197306	0.215254	0.004935	0.391658	0.170471	0.020377	0.197306	0.215254	0.004935	0.391658	0.170471	0.020377	0.197306	0.215254	0.004935	0.391658	0.170471	0.020377	1,1,1,1,1,1	1.634062	0.034732	0.034732	0.034732	0.034732	0.034732	0.034732	
208000	-68518.6	1,1,2,3,4,4	2.350616	5.315828	5.315828	6.191880	6.403197	5.762558	5.762558	1,1,2,1,1,2	2.025327	0.052736	0.307503	0.016803	0.622957	0.052736	0.307503	0.016803	0.622957	0.195403	0.400855	0.322379	0.081364	0.052736	0.307503	0.016803	0.622957	0.052736	0.307503	0.016803	0.622957	0.195403	0.400855	0.322379	0.081364	1,2,2,2,2,2	0.836656	0.173251	0.015850	0.291936	0.260035	0.078198	0.180731	0.183869	0.217996	0.005014	0.399056	0.176387	0.017678	0.183869	0.217996	0.005014	0.399056	0.176387	0.017678	0.183869	0.217996	0.005014	0.399056	0.176387	0.017678	0.183869	0.217996	0.005014	0.399056	0.176387	0.017678	0.183869	0.217996	0.005014	0.399056	0.176387	0.017678	1,1,1,1,1,1	0.652533	0.037268	0.037268	0.037268	0.037268	0.037268	0.037268	
209000	-68538.3	1,1,2,2,3,1	2.177014	5.628744	5.628744	6.392245	6.392245	5.928357	5.628744	1,1,2,1,1,2	1.878199	0.052904	0.311367	0.014346	0.621384	0.052904	0.311367	0.014346	0.621384	0.190202	0.416208	0.318691	0.074899	0.052904	0.311367	0.014346	0.621384	0.052904	0.311367	0.014346	0.621384	0.190202	0.416208	0.318691	0.074899	1,2,2,2,2,2	0.649734	0.011753	0.082606	0.347632	0.283162	0.117682	0.157164	0.187106	0.216010	0.000970	0.407397	0.164610	0.023907	0.187106	0.216010	0.000970	0.407397	0.164610	0.023907	0.187106	0.216010	0.000970	0.407397	0.164610	0.023907	0.187106	0.216010	0.000970	0.407397	0.164610	0.023907	0.187106	0.216010	0.000970	0.407397	0.164610	0.023907	1,1,1,1,1,1	1.831267	0.038493	0.038493	0.038493	0.038493	0.038493	0.038493	
210000	-68573.2	1,1,2,3,3,3	0.932985	5.067571	5.067571	6.343096	6.078344	6.078344	6.078344	1,1,2,1,1,2	1.971877	0.054208	0.308055	0.015597	0.622139	0.054208	0.308055	0.015597	0.622139	0.198738	0.408814	0.320000	0.072449	0.054208	0.308055	0.015597	0.622139	0.054208	0.308055	0.015597	0.622139	0.198738	0.408814	0.320000	0.072449	1,2,2,2,2,2	1.218997	0.047519	0.020723	0.249247	0.321830	0.175394	0.185287	0.184840	0.214253	0.004771	0.407528	0.166932	0.021676	0.184840	0.214253	0.004771	0.407528	0.166932	0.021676	0.184840	0.214253	0.004771	0.407528	0.166932	0.021676	0.184840	0.214253	0.004771	0.407528	0.166932	0.021676	0.184840	0.214253	0.004771	0.407528	0.166932	0.021676	1,1,1,1,1,1	1.240892	0.034375	0.034375	0.034375	0.034375	0.034375	0.034375	
211000	-68500.9	1,1,2,2,3,3	3.181315	5.185277	5.185277	6.317502	6.317502	5.868468	5.868468	1,1,2,1,1,2	0.705701	0.049793	0.312641	0.015518	0.622048	0.049793	0.312641	0.015518	0.622048	0.203079	0.398583	0.327648	0.070690	0.049793	0.312641	0.015518	0.622048	0.049793	0.312641	0.015518	0.622048	0.203079	0.398583	0.327648	0.070690	1,2,2,2,2,2	1.029684	0.107273	0.306804	0.116433	0.165496	0.048383	0.255610	0.193031	0.216238	0.005758	0.386482	0.169688	0.028803	0.193031	0.216238	0.005758	0.386482	0.169688	0.028803	0.193031	0.216238	0.005758	0.386482	0.169688	0.028803	0.193031	0.216238	0.005758	0.386482	0.169688	0.028803	0.193031	0.216238	0.005758	0.386482	0.169688	0.028803	1,1,1,1,1,1	0.675586	0.033351	0.033351	0.033351	0.033351	0.033351	0.033351	
212000	-68641.5	1,1,2,2,3,4	2.612351	5.065286	5.065286	6.304114	6.304114	5.942385	5.994961	1,1,2,1,1,2	0.379636	0.048963	0.308687	0.016932	0.625418	0.048963	0.308687	0.016932	0.625418	0.191114	0.405793	0.330847	0.072247	0.048963	0.308687	0.016932	0.625418	0.048963	0.308687	0.016932	0.625418	0.191114	0.405793	0.330847	0.072247	1,2,2,2,2,2	1.530577	0.178365	0.212958	0.256396	0.209736	0.108166	0.034379	0.192251	0.218852	0.006186	0.396555	0.168465	0.017690	0.192251	0.218852	0.006186	0.396555	0.168465	0.017690	0.192251	0.218852	0.006186	0.396555	0.168465	0.017690	0.192251	0.218852	0.006186	0.396555	0.168465	0.017690	0.192251	0.218852	0.006186	0.396555	0.168465	0.017690	1,1,1,1,1,1	0.757108	0.035871	0.035871	0.035871	0.035871	0.035871	0.035871	
213000	-68602.5	1,1,2,2,2,3	1.999963	5.303257	5.303257	6.145364	6.145364	6.145364	5.961427	1,1,2,1,1,2	1.764454	0.050868	0.309863	0.016518	0.622751	0.050868	0.309863	0.016518	0.622751	0.193336	0.404487	0.330071	0.072106	0.050868	0.309863	0.016518	0.622751	0.050868	0.309863	0.016518	0.622751	0.193336	0.404487	0.330071	0.072106	1,2,2,2,2,2	0.661302	0.074005	0.151617	0.135709	0.170326	0.140851	0.327492	0.184859	0.229476	0.005111	0.390433	0.171215	0.018906	0.184859	0.229476	0.005111	0.390433	0.171215	0.018906	0.184859	0.229476	0.005111	0.390433	0.171215	0.018906	0.184859	0.229476	0.005111	0.390433	0.171215	0.018906	0.184859	0.229476	0.005111	0.390433	0.171215	0.018906	1,1,1,1,1,1	0.651624	0.036771	0.036771	0.036771	0.036771	0.036771	0.036771	
214000	-68528.4	1,1,2,3,2,4	0.807341	5.385670	5.385670	6.070647	6.162198	6.070647	5.699550	1,1,2,1,1,2	1.138125	0.054361	0.306367	0.015023	0.624249	0.054361	0.306367	0.015023	0.624249	0.195184	0.407623	0.323677	0.073516	0.054361	0.306367	0.015023	0.624249	0.054361	0.306367	0.015023	0.624249	0.195184	0.407623	0.323677	0.073516	1,2,2,2,2,2	1.139341	0.130395	0.185997	0.224134	0.154715	0.106741	0.198018	0.180735	0.225758	0.006088	0.389580	0.177559	0.020280	0.180735	0.225758	0.006088	0.389580	0.177559	0.020280	0.180735	0.225758	0.006088	0.389580	0.177559	0.020280	0.180735	0.225758	0.006088	0.389580	0.177559	0.020280	0.180735	0.225758	0.006088	0.389580	0.177559	0.020280	1,1,1,1,1,1	0.884878	0.034074	0.034074	0.034074	0.034074	0.034074	0.034074	
215000	-68635.8	1,1,2,2,3,4	3.142881	5.232516	5.232516	6.344140	6.344140	6.193857	5.896974	1,1,2,1,1,2	1.483715	0.050230	0.310706	0.016359	0.622705	0.050230	0.310706	0.016359	0.622705	0.202580	0.410013	0.316896	0.070511	0.050230	0.310706	0.016359	0.622705	0.050230	0.310706	0.016359	0.622705	0.202580	0.410013	0.316896	0.070511	1,2,2,2,2,2	1.954233	0.058133	0.056348	0.216413	0.000712	0.203550	0.464844	0.192088	0.217580	0.006298	0.383866	0.173047	0.027121	0.192088	0.217580	0.006298	0.383866	0.173047	0.027121	0.192088	0.217580	0.006298	0.383866	0.173047	0.027121	0.192088	0.217580	0.006298	0.383866	0.173047	0.027121	0.192088	0.217580	0.006298	0.383866	0.173047	0.027121	1,1,1,1,1,1	0.761800	0.033889	0.033889	0.033889	0.033889	0.033889	0.033889	
216000	-68739.2	1,2,3,3,4,5	1.571631	7.122751	5.557048	6.278705	6.278705	5.895107	5.930359	1,1,2,1,1,2	0.860331	0.051892	0.313765	0.017687	0.616656	0.051892	0.313765	0.017687	0.616656	0.196544	0.409221	0.321579	0.072657	0.051892	0.313765	0.017687	0.616656	0.051892	0.313765	0.017687	0.616656	0.196544	0.409221	0.321579	0.072657	1,2,2,2,2,2	1.037243	0.096727	0.182295	0.169121	0.160441	0.012389	0.379026	0.194236	0.199256	0.003354	0.404148	0.181762	0.017245	0.194236	0.199256	0.003354	0.404148	0.181762	0.017245	0.194236	0.199256	0.003354	0.404148	0.181762	0.017245	0.194236	0.199256	0.003354	0.404148	0.181762	0.017245	0.194236	0.199256	0.003354	0.404148	0.181762	0.017245	1,1,1,1,1,1	1.658496	0.032874	0.032874	0.032874	0.032874	0.032874	0.032874	
217000	-68603.6	1,1,2,3,4,4	1.917382	5.329579	5.329579	6.367566	6.416034	5.935590	5.935590	1,1,2,1,1,2	1.025361	0.049830	0.311255	0.015409	0.623505	0.049830	0.311255	0.015409	0.623505	0.192665	0.414279	0.322151	0.070905	0.049830	0.311255	0.015409	0.623505	0.049830	0.311255	0.015409	0.623505	0.192665	0.414279	0.322151	0.070905	1,2,2,2,2,2	2.672654	0.164740	0.252073	0.264795	0.080452	0.131079	0.106862	0.178646	0.221988	0.007172	0.397552	0.171836	0.022807	0.178646	0.221988	0.007172	0.397552	0.171836	0.022807	0.178646	0.221988	0.007172	0.397552	0.171836	0.022807	0.178646	0.221988	0.007172	0.397552	0.171836	0.022807	0.178646	0.221988	0.007172	0.397552	0.171836	0.022807	1,1,1,1,1,1	0.642759	0.037556	0.037556	0.037556	0.037556	0.037556	0.037556	
218000	-68559.5	1,1,2,2,3,3	0.854134	5.391252	5.391252	6.340823	6.340823	5.938215	5.938215	1,1,2,1,1,2	1.560562	0.050014	0.307670	0.015567	0.626750	0.050014	0.307670	0.015567	0.626750	0.195301	0.412746	0.315477	0.076476	0.050014	0.307670	0.015567	0.626750	0.050014	0.307670	0.015567	0.626750	0.195301	0.412746	0.315477	0.076476	1,2,2,2,2,2	1.568487	0.009326	0.339177	0.267887	0.180093	0.046561	0.156956	0.195926	0.221898	0.005052	0.390791	0.168276	0.018056	0.195926	0.221898	0.005052	0.390791	0.168276	0.018056	0.195926	0.221898	0.005052	0.390791	0.168276	0.018056	0.195926	0.221898	0.005052	0.390791	0.168276	0.018056	0.195926	0.221898	0.005052	0.390791	0.168276	0.018056	1,1,1,1,1,1	1.422907	0.034445	0.034445	0.034445	0.034445	0.034445	0.034445	
219000	-68501.7	1,1,2,2,3,4	2.121257	5.478568	5.478568	6.218707	6.218707	5.897138	5.722467	1,1,2,1,1,2	1.524793	0.049389	0.309775	0.016307	0.624528	0.049389	0.309775	0.016307	0.624528	0.202645	0.400182	0.321069	0.076104	0.049389	0.309775	0.016307	0.624528	0.049389	0.309775	0.016307	0.624528	0.202645	0.400182	0.321069	0.076104	1,2,2,2,2,2	1.374515	0.094070	0.216542	0.099254	0.267061	0.045992	0.277080	0.184844	0.216142	0.006495	0.401955	0.170430	0.020135	0.184844	0.216142	0.006495	0.401955	0.170430	0.020135	0.184844	0.216142	0.006495	0.401955	0.170430	0.020135	0.184844	0.216142	0.006495	0.401955	0.170430	0.020135	0.184844	0.216142	0.006495	0.401955	0.170430	0.020135	1,1,1,1,1,1	0.918633	0.032105	0.032105	0.032105	0.032105	0.032105	0.032105	
220000	-68556.2	1,1,2,3,4,4	1.110599	5.136133	5.136133	6.337194	6.216600	5.829007	5.829007	1,1,2,1,1,2	0.860990	0.052361	0.308272	0.015485	0.623883	0.052361	0.308272	0.015485	0.623883	0.197397	0.404931	0.321565	0.076107	0.052361	0.308272	0.015485	0.623883	0.052361	0.308272	0.015485	0.623883	0.197397	0.404931	0.321565	0.076107	1,2,2,2,2,2	1.441473	0.095407	0.096173	0.077588	0.488223	0.055138	0.187471	0.188262	0.221964	0.006739	0.388879	0.167287	0.026869	0.188262	0.221964	0.006739	0.388879	0.167287	0.026869	0.188262	0.221964	0.006739	0.388879	0.167287	0.026869	0.188262	0.221964	0.006739	0.388879	0.167287	0.026869	0.188262	0.221964	0.006739	0.388879	0.167287	0.026869	1,1,1,1,1,1	1.008238	0.034286	0.034286	0.034286	0.034286	0.034286	0.034286	
221000	-68672.5	1,2,3,4,2,2	3.301229	5.302890	5.674228	6.134666	6.436076	5.674228	5.674228	1,1,2,1,1,2	0.301497	0.049488	0.316121	0.015337	0.619054	0.049488	0.316121	0.015337	0.619054	0.205162	0.392776	0.325158	0.076904	0.049488	0.316121	0.015337	0.619054	0.049488	0.316121	0.015337	0.619054	0.205162	0.392776	0.325158	0.076904	1,2,2,2,2,2	0.786211	0.374068	0.134478	0.217624	0.068063	0.081483	0.124284	0.182695	0.215003	0.005424	0.405680	0.166142	0.025056	0.182695	0.215003	0.005424	0.405680	0.166142	0.025056	0.182695	0.215003	0.005424	0.405680	0.166142	0.025056	0.182695	0.215003	0.005424	0.405680	0.166142	0.025056	0.182695	0.215003	0.005424	0.405680	0.166142	0.025056	1,1,1,1,1,1	0.766515	0.036273	0.036273	0.036273	0.036273	0.036273	0.036273	
222000	-68509.2	1,1,2,3,4,5	1.889838	5.452460	5.452460	6.299904	6.266556	5.854409	5.792737	1,1,2,1,1,2	0.372871	0.050768	0.307093	0.015300	0.626840	0.050768	0.307093	0.015300	0.626840	0.195903	0.406590	0.323579	0.073929	0.050768	0.307093	0.015300	0.626840	0.050768	0.307093	0.015300	0.626840	0.195903	0.406590	0.323579	0.073929	1,2,2,2,2,2	0.563170	0.035995	0.379879	0.254754	0.103861	0.061464	0.164046	0.179930	0.232472	0.008850	0.394346	0.170596	0.013806	0.179930	0.232472	0.008850	0.394346	0.170596	0.013806	0.179930	0.232472	0.008850	0.394346	0.170596	0.013806	0.179930	0.232472	0.008850	0.394346	0.170596	0.013806	0.179930	0.232472	0.008850	0.394346	0.170596	0.013806	1,1,1,1,1,1	0.632229	0.033847	0.033847	0.033847	0.033847	0.033847	0.033847	
223000	-68518.7	1,1,2,3,4,4	2.110912	5.400227	5.400227	6.352737	6.162625	5.766582	5.766582	1,1,2,1,1,2	1.003376	0.049734	0.307872	0.015503	0.626890	0.049734	0.307872	0.015503	0.626890	0.194531	0.403644	0.327219	0.074606	0.049734	0.307872	0.015503	0.626890	0.049734	0.307872	0.015503	0.626890	0.194531	0.403644	0.327219	0.074606	1,2,2,2,2,2	1.856005	0.054407	0.045409	0.294366	0.164404	0.146312	0.295101	0.180251	0.230008	0.005687	0.390114	0.170238	0.023703	0.180251	0.230008	0.005687	0.390114	0.170238	0.023703	0.180251	0.230008	0.005687	0.390114	0.170238	0.023703	0.180251	0.230008	0.005687	0.390114	0.170238	0.023703	0.180251	0.230008	0.005687	0.390114	0.170238	0.023703	1,1,1,1,1,1	1.013984	0.035229	0.035229	0.035229	0.035229	0.035229	0.035229	
224000	-68696.5	1,2,1,1,3,3	1.910299	6.143681	5.563219	6.143681	6.143681	6.108609	6.108609	1,1,2,1,1,2	1.861240	0.047173	0.316166	0.016723	0.619938	0.047173	0.316166	0.016723	0.619938	0.207426	0.397590	0.324225	0.070759	0.047173	0.316166	0.016723	0.619938	0.047173	0.316166	0.016723	0.619938	0.207426	0.397590	0.324225	0.070759	1,2,2,2,2,2	1.580127	0.114169	0.220292	0.460918	0.005323	0.046475	0.152823	0.187406	0.209942	0.002969	0.412307	0.164315	0.023061	0.187406	0.209942	0.002969	0.412307	0.164315	0.023061	0.187406	0.209942	0.002969	0.412307	0.164315	0.023061	0.187406	0.209942	0.002969	0.412307	0.164315	0.023061	0.187406	0.209942	0.002969	0.412307	0.164315	0.023061	1,1,1,1,1,1	1.342939	0.033962	0.033962	0.033962	0.033962	0.033962	0.033962	
225000	-68787.8	1,2,3,1,1,1	1.053236	5.975976	5.761009	6.223088	5.975976	5.975976	5.975976	1,1,2,1,1,2	2.090634	0.049898	0.310516	0.015730	0.623856	0.049898	0.310516	0.015730	0.623856	0.195746	0.405180	0.321777	0.077297	0.049898	0.310516	0.015730	0.623856	0.049898	0.310516	0.015730	0.623856	0.195746	0.405180	0.321777	0.077297	1,2,2,2,2,2	0.151775	0.122176	0.403904	0.076583	0.142694	0.127947	0.126696	0.188121	0.220290	0.005641	0.392856	0.173378	0.019714	0.188121	0.220290	0.005641	0.392856	0.173378	0.019714	0.188121	0.220290	0.005641	0.392856	0.173378	0.019714	0.188121	0.220290	0.005641	0.392856	0.173378	0.019714	0.188121	0.220290	0.005641	0.392856	0.173378	0.019714	1,1,1,1,1,1	2.390814	0.034449	0.034449	0.034449	0.034449	0.034449	0.034449	
226000	-68542.9	1,1,2,2,2,2	0.834905	5.444516	5.444516	6.028887	6.028887	6.028887	6.028887	1,1,2,1,1,2	2.035797	0.056376	0.300356	0.016949	0.626318	0.056376	0.300356	0.016949	0.626318	0.188109	0.409919	0.329834	0.072138	0.056376	0.300356	0.016949	0.626318	0.056376	0.300356	0.016949	0.626318	0.188109	0.409919	0.329834	0.072138	1,2,2,2,2,2	0.879217	0.115146	0.145808	0.191561	0.068558	0.055277	0.423649	0.198742	0.204343	0.005749	0.390578	0.172224	0.028365	0.198742	0.204343	0.005749	0.390578	0.172224	0.028365	0.198742	0.204343	0.005749	0.390578	0.172224	0.028365	0.198742	0.204343	0.005749	0.390578	0.172224	0.028365	0.198742	0.204343	0.005749	0.390578	0.172224	0.028365	1,1,1,1,1,1	1.984823	0.036443	0.036443	0.036443	0.036443	0.036443	0.036443	
227000	-68483.4	1,2,3,3,4,5	4.776407	5.602621	5.464010	6.273092	6.273092	5.853020	5.920248	1,1,2,1,1,2	0.989469	0.054254	0.301968	0.013558	0.630220	0.054254	0.301968	0.013558	0.630220	0.199478	0.401886	0.317545	0.081092	0.054254	0.301968	0.013558	0.630220	0.054254	0.301968	0.013558	0.630220	0.199478	0.401886	0.317545	0.081092	1,2,2,2,2,2	0.973390	0.041969	0.099515	0.156085	0.144107	0.050327	0.507997	0.187019	0.212973	0.002099	0.405156	0.171408	0.021346	0.187019	0.212973	0.002099	0.405156	0.171408	0.021346	0.187019	0.212973	0.002099	0.405156	0.171408	0.021346	0.187019	0.212973	0.002099	0.405156	0.171408	0.021346	0.187019	0.212973	0.002099	0.405156	0.171408	0.021346	1,1,1,1,1,1	1.046607	0.031214	0.031214	0.031214	0.031214	0.031214	0.031214	
228000	-68636.6	1,1,2,2,3,3	1.831655	5.205133	5.205133	6.214255	6.214255	5.927656	5.927656	1,1,2,1,1,2	1.442966	0.050523	0.302799	0.013746	0.632932	0.050523	0.302799	0.013746	0.632932	0.192775	0.409510	0.321226	0.076490	0.050523	0.302799	0.013746	0.632932	0.050523	0.302799	0.013746	0.632932	0.192775	0.409510	0.321226	0.076490	1,2,2,2,2,2	1.147730	0.260968	0.007314	0.398087	0.070091	0.140486	0.123054	0.190808	0.224725	0.006648	0.384875	0.172010	0.020934	0.190808	0.224725	0.006648	0.384875	0.172010	0.020934	0.190808	0.224725	0.006648	0.384875	0.172010	0.020934	0.190808	0.224725	0.006648	0.384875	0.172010	0.020934	0.190808	0.224725	0.006648	0.384875	0.172010	0.020934	1,1,1,1,1,1	0.587234	0.034063	0.034063	0.034063	0.034063	0.034063	0.034063	
229000	-68536.2	1,1,2,3,4,5	3.052364	5.243807	5.243807	6.301922	6.130148	6.028276	5.952061	1,1,2,1,1,2	0.559700	0.051089	0.311862	0.015067	0.621982	0.051089	0.311862	0.015067	0.621982	0.199568	0.398641	0.319844	0.081947	0.051089	0.311862	0.015067	0.621982	0.051089	0.311862	0.015067	0.621982	0.199568	0.398641	0.319844	0.081947	1,2,2,2,2,2	1.455018	0.213255	0.117391	0.236016	0.044447	0.074892	0.313999	0.185094	0.215016	0.007683	0.397097	0.171926	0.023183	0.185094	0.215016	0.007683	0.397097	0.171926	0.023183	0.185094	0.215016	0.007683	0.397097	0.171926	0.023183	0.185094	0.215016	0.007683	0.397097	0.171926	0.023183	0.185094	0.215016	0.007683	0.397097	0.171926	0.023183	1,1,1,1,1,1	1.323863	0.033291	0.033291	0.033291	0.033291	0.033291	0.033291	
230000	-68565.1	1,2,1,1,3,3	2.503679	6.179108	5.299828	6.179108	6.179108	5.932418	5.932418	1,1,2,1,1,2	0.834297	0.052906	0.306400	0.016591	0.624104	0.052906	0.306400	0.016591	0.624104	0.195575	0.407951	0.326644	0.069830	0.052906	0.306400	0.016591	0.624104	0.052906	0.306400	0.016591	0.624104	0.195575	0.407951	0.326644	0.069830	1,2,2,2,2,2	0.573775	0.038582	0.438502	0.170390	0.214794	0.025701	0.112030	0.186012	0.227837	0.008108	0.385647	0.171206	0.021191	0.186012	0.227837	0.008108	0.385647	0.171206	0.021191	0.186012	0.227837	0.008108	0.385647	0.171206	0.021191	0.186012	0.227837	0.008108	0.385647	0.171206	0.021191	0.186012	0.227837	0.008108	0.385647	0.171206	0.021191	1,1,1,1,1,1	1.495416	0.039404	0.039404	0.039404	0.039404	0.039404	0.039404	
231000	-68550.2	1,2,3,3,4,4	3.053239	5.155179	5.418847	6.332599	6.332599	5.770085	5.770085	1,1,2,1,1,2	0.408694	0.053021	0.308812	0.017689	0.620478	0.053021	0.308812	0.017689	0.620478	0.192049	0.403384	0.327921	0.076645	0.053021	0.308812	0.017689	0.620478	0.053021	0.308812	0.017689	0.620478	0.192049	0.403384	0.327921	0.076645	1,2,2,2,2,2	0.937973	0.121153	0.091022	0.151665	0.400976	0.102432	0.132752	0.190998	0.222630	0.002074	0.387994	0.171149	0.025155	0.190998	0.222630	0.002074	0.387994	0.171149	0.025155	0.190998	0.222630	0.002074	0.387994	0.171149	0.025155	0.190998	0.222630	0.002074	0.387994	0.171149	0.025155	0.190998	0.222630	0.002074	0.387994	0.171149	0.025155	1,1,1,1,1,1	0.968734	0.036783	0.036783	0.036783	0.036783	0.036783	0.036783	
232000	-68517.8	1,2,3,4,5,5	3.264654	5.447777	5.442865	6.383458	6.311439	5.964523	5.964523	1,1,2,1,1,2	0.824715	0.052702	0.309803	0.015928	0.621567	0.052702	0.309803	0.015928	0.621567	0.200083	0.406872	0.318652	0.074393	0.052702	0.309803	0.015928	0.621567	0.052702	0.309803	0.015928	0.621567	0.200083	0.406872	0.318652	0.074393	1,2,2,2,2,2	1.944546	0.049913	0.309341	0.113201	0.055100	0.032255	0.440189	0.188922	0.215134	0.003987	0.402304	0.176924	0.012729	0.188922	0.215134	0.003987	0.402304	0.176924	0.012729	0.188922	0.215134	0.003987	0.402304	0.176924	0.012729	0.188922	0.215134	0.003987	0.402304	0.176924	0.012729	0.188922	0.215134	0.003987	0.402304	0.176924	0.012729	1,1,1,1,1,1	0.483188	0.034814	0.034814	0.034814	0.034814	0.034814	0.034814	
233000	-68506.6	1,2,3,4,5,4	1.432897	5.210172	5.433578	6.323130	5.952203	5.897320	5.952203	1,1,2,1,1,2	1.737569	0.055738	0.300347	0.017256	0.626659	0.055738	0.300347	0.017256	0.626659	0.196352	0.404021	0.325060	0.074567	0.055738	0.300347	0.017256	0.626659	0.055738	0.300347	0.017256	0.626659	0.196352	0.404021	0.325060	0.074567	1,2,2,2,2,2	0.783024	0.048920	0.134799	0.164740	0.389392	0.054205	0.207944	0.191632	0.201350	0.006752	0.403951	0.179059	0.017256	0.191632	0.201350	0.006752	0.403951	0.179059	0.017256	0.191632	0.201350	0.006752	0.403951	0.179059	0.017256	0.191632	0.201350	0.006752	0.403951	0.179059	0.017256	0.191632	0.201350	0.006752	0.403951	0.179059	0.017256	1,1,1,1,1,2	1.647492	0.029103	0.029103	0.029103	0.029103	0.029103	0.024112	
234000	-68504.5	1,2,3,3,4,5	1.756755	5.153711	5.211421	6.266444	6.266444	6.139841	5.856726	1,1,2,1,1,2	0.433319	0.057132	0.304648	0.016762	0.621458	0.057132	0.304648	0.016762	0.621458	0.190640	0.406573	0.328340	0.074447	0.057132	0.304648	0.016762	0.621458	0.057132	0.304648	0.016762	0.621458	0.190640	0.406573	0.328340	0.074447	1,2,2,2,2,2	0.736372	0.121077	0.068927	0.254806	0.222865	0.100828	0.231497	0.189411	0.226614	0.001220	0.379753	0.178432	0.024570	0.189411	0.226614	0.001220	0.379753	0.178432	0.024570	0.189411	0.226614	0.001220	0.379753	0.178432	0.024570	0.189411	0.226614	0.001220	0.379753	0.178432	0.024570	0.189411	0.226614	0.001220	0.379753	0.178432	0.024570	1,1,1,1,1,1	1.114305	0.033553	0.033553	0.033553	0.033553	0.033553	0.033553	
235000	-68558.9	1,2,3,3,4,4	3.066533	5.003151	5.424897	6.087910	6.087910	5.801360	5.801360	1,1,2,1,1,2	0.800416	0.052328	0.306203	0.013617	0.627852	0.052328	0.306203	0.013617	0.627852	0.194935	0.409078	0.317417	0.078569	0.052328	0.306203	0.013617	0.627852	0.052328	0.306203	0.013617	0.627852	0.194935	0.409078	0.317417	0.078569	1,2,2,2,2,2	0.461524	0.094982	0.045779	0.138731	0.173265	0.124996	0.422247	0.183506	0.221190	0.004785	0.396137	0.166466	0.027916	0.183506	0.221190	0.004785	0.396137	0.166466	0.027916	0.183506	0.221190	0.004785	0.396137	0.166466	0.027916	0.183506	0.221190	0.004785	0.396137	0.166466	0.027916	0.183506	0.221190	0.004785	0.396137	0.166466	0.027916	1,1,1,1,1,1	2.447338	0.035934	0.035934	0.035934	0.035934	0.035934	0.035934	
236000	-68538.8	1,1,2,3,3,2	0.961455	5.188764	5.188764	6.014053	6.062371	6.062371	6.014053	1,1,2,1,1,2	1.364312	0.054695	0.307925	0.015881	0.621499	0.054695	0.307925	0.015881	0.621499	0.190038	0.408583	0.320158	0.081221	0.054695	0.307925	0.015881	0.621499	0.054695	0.307925	0.015881	0.621499	0.190038	0.408583	0.320158	0.081221	1,2,2,2,2,2	1.788173	0.079539	0.572049	0.141157	0.037602	0.041622	0.128030	0.190897	0.211918	0.003719	0.393999	0.168034	0.031433	0.190897	0.211918	0.003719	0.393999	0.168034	0.031433	0.190897	0.211918	0.003719	0.393999	0.168034	0.031433	0.190897	0.211918	0.003719	0.393999	0.168034	0.031433	0.190897	0.211918	0.003719	0.393999	0.168034	0.031433	1,1,1,1,1,1	0.695545	0.031872	0.031872	0.031872	0.031872	0.031872	0.031872	
237000	-68812.1	1,2,3,3,4,4	1.207024	5.656172	5.361799	6.326447	6.326447	5.796357	5.796357	1,1,2,1,1,2	1.204741	0.048151	0.303195	0.016380	0.632274	0.048151	0.303195	0.016380	0.632274	0.186597	0.411280	0.327759	0.074364	0.048151	0.303195	0.016380	0.632274	0.048151	0.303195	0.016380	0.632274	0.186597	0.411280	0.327759	0.074364	1,2,2,2,2,2	1.279940	0.467610	0.069534	0.167112	0.200598	0.069677	0.025470	0.191882	0.212615	0.007516	0.396986	0.168409	0.022592	0.191882	0.212615	0.007516	0.396986	0.168409	0.022592	0.191882	0.212615	0.007516	0.396986	0.168409	0.022592	0.191882	0.212615	0.007516	0.396986	0.168409	0.022592	0.191882	0.212615	0.007516	0.396986	0.168409	0.022592	1,1,1,1,1,1	2.203865	0.034362	0.034362	0.034362	0.034362	0.034362	0.034362	
238000	-68671.6	1,1,2,3,4,3	6.530767	5.359796	5.359796	6.496815	6.029390	5.894926	6.029390	1,1,2,1,1,2	1.243787	0.051065	0.301899	0.018985	0.628051	0.051065	0.301899	0.018985	0.628051	0.204625	0.406953	0.312025	0.076397	0.051065	0.301899	0.018985	0.628051	0.051065	0.301899	0.018985	0.628051	0.204625	0.406953	0.312025	0.076397	1,2,2,2,2,2	2.249926	0.295348	0.103392	0.337946	0.098962	0.097897	0.066456	0.182432	0.213432	0.005747	0.399544	0.174638	0.024207	0.182432	0.213432	0.005747	0.399544	0.174638	0.024207	0.182432	0.213432	0.005747	0.399544	0.174638	0.024207	0.182432	0.213432	0.005747	0.399544	0.174638	0.024207	0.182432	0.213432	0.005747	0.399544	0.174638	0.024207	1,1,1,1,1,1	0.565276	0.035728	0.035728	0.035728	0.035728	0.035728	0.035728	
239000	-68530.9	1,2,3,3,1,4	5.122480	6.012797	5.267338	6.407172	6.407172	6.012797	5.847935	1,1,2,1,1,2	2.013851	0.050684	0.308143	0.016083	0.625090	0.050684	0.308143	0.016083	0.625090	0.202452	0.401005	0.328330	0.068214	0.050684	0.308143	0.016083	0.625090	0.050684	0.308143	0.016083	0.625090	0.202452	0.401005	0.328330	0.068214	1,2,2,2,2,2	0.967627	0.157190	0.101988	0.257241	0.040643	0.096127	0.346811	0.179077	0.219915	0.007547	0.390965	0.179339	0.023158	0.179077	0.219915	0.007547	0.390965	0.179339	0.023158	0.179077	0.219915	0.007547	0.390965	0.179339	0.023158	0.179077	0.219915	0.007547	0.390965	0.179339	0.023158	0.179077	0.219915	0.007547	0.390965	0.179339	0.023158	1,1,1,1,1,1	1.320116	0.031854	0.031854	0.031854	0.031854	0.031854	0.031854	
240000	-68623.9	1,2,3,1,4,4	2.520818	6.354898	5.427641	6.409978	6.354898	6.026671	6.026671	1,1,2,1,1,2	0.812781	0.050761	0.305433	0.017215	0.626590	0.050761	0.305433	0.017215	0.626590	0.196486	0.411377	0.318185	0.073951	0.050761	0.305433	0.017215	0.626590	0.050761	0.305433	0.017215	0.626590	0.196486	0.411377	0.318185	0.073951	1,2,2,2,2,2	2.955275	0.163536	0.380478	0.195123	0.116793	0.027199	0.116870	0.187925	0.227291	0.005048	0.390311	0.167281	0.022143	0.187925	0.227291	0.005048	0.390311	0.167281	0.022143	0.187925	0.227291	0.005048	0.390311	0.167281	0.022143	0.187925	0.227291	0.005048	0.390311	0.167281	0.022143	0.187925	0.227291	0.005048	0.390311	0.167281	0.022143	1,1,1,1,1,1	0.691762	0.035323	0.035323	0.035323	0.035323	0.035323	0.035323	
241000	-68557.7	1,1,2,3,3,1	1.373115	5.668300	5.668300	6.342449	6.224061	6.224061	5.668300	1,1,2,1,1,2	1.664727	0.053511	0.316613	0.017044	0.612832	0.053511	0.316613	0.017044	0.612832	0.194351	0.402800	0.326447	0.076402	0.053511	0.316613	0.017044	0.612832	0.053511	0.316613	0.017044	0.612832	0.194351	0.402800	0.326447	0.076402	1,2,2,2,2,2	1.549582	0.056563	0.302440	0.220358	0.131167	0.122752	0.166720	0.196881	0.217377	0.003306	0.390968	0.179389	0.012078	0.196881	0.217377	0.003306	0.390968	0.179389	0.012078	0.196881	0.217377	0.003306	0.390968	0.179389	0.012078	0.196881	0.217377	0.003306	0.390968	0.179389	0.012078	0.196881	0.217377	0.003306	0.390968	0.179389	0.012078	1,1,1,1,1,1	1.472951	0.036541	0.036541	0.036541	0.036541	0.036541	0.036541	
242000	-68565	1,1,2,2,2,2	1.660788	5.249810	5.249810	6.025405	6.025405	6.025405	6.025405	1,1,2,1,1,2	2.485684	0.049772	0.310331	0.015990	0.623908	0.049772	0.310331	0.015990	0.623908	0.198213	0.408491	0.322846	0.070449	0.049772	0.310331	0.015990	0.623908	0.049772	0.310331	0.015990	0.623908	0.198213	0.408491	0.322846	0.070449	1,2,2,2,2,2	0.476846	0.030204	0.055977	0.439791	0.129203	0.168528	0.176297	0.184356	0.217058	0.006336	0.394924	0.167709	0.029618	0.184356	0.217058	0.006336	0.394924	0.167709	0.029618	0.184356	0.217058	0.006336	0.394924	0.167709	0.029618	0.184356	0.217058	0.006336	0.394924	0.167709	0.029618	0.184356	0.217058	0.006336	0.394924	0.167709	0.029618	1,1,1,1,1,1	0.470559	0.031372	0.031372	0.031372	0.031372	0.031372	0.031372	
243000	-68481.5	1,2,3,4,5,6	5.834796	5.564636	5.490944	6.081691	6.211984	6.102694	5.735196	1,1,2,1,1,2	0.413410	0.051353	0.313294	0.016965	0.618388	0.051353	0.313294	0.016965	0.618388	0.190189	0.406925	0.326602	0.076284	0.051353	0.313294	0.016965	0.618388	0.051353	0.313294	0.016965	0.618388	0.190189	0.406925	0.326602	0.076284	1,2,2,2,2,2	1.641547	0.024218	0.137143	0.138201	0.428529	0.047467	0.224442	0.195902	0.215213	0.003778	0.391607	0.170105	0.023395	0.195902	0.215213	0.003778	0.391607	0.170105	0.023395	0.195902	0.215213	0.003778	0.391607	0.170105	0.023395	0.195902	0.215213	0.003778	0.391607	0.170105	0.023395	0.195902	0.215213	0.003778	0.391607	0.170105	0.023395	1,1,1,1,1,1	1.235911	0.035817	0.035817	0.035817	0.035817	0.035817	0.035817	
244000	-68523.3	1,1,2,3,3,3	1.505689	4.998424	4.998424	6.215852	6.066970	6.066970	6.066970	1,1,2,1,1,2	0.952636	0.051209	0.307164	0.017199	0.624428	0.051209	0.307164	0.017199	0.624428	0.197078	0.401365	0.326656	0.074901	0.051209	0.307164	0.017199	0.624428	0.051209	0.307164	0.017199	0.624428	0.197078	0.401365	0.326656	0.074901	1,2,2,2,2,2	1.313335	0.101506	0.095569	0.249827	0.138986	0.147928	0.266184	0.194617	0.203759	0.005741	0.392580	0.176885	0.026418	0.194617	0.203759	0.005741	0.392580	0.176885	0.026418	0.194617	0.203759	0.005741	0.392580	0.176885	0.026418	0.194617	0.203759	0.005741	0.392580	0.176885	0.026418	0.194617	0.203759	0.005741	0.392580	0.176885	0.026418	1,1,1,1,1,1	1.279598	0.035151	0.035151	0.035151	0.035151	0.035151	0.035151	
245000	-68495.1	1,2,3,4,5,5	2.693757	5.181476	5.219294	6.409950	6.247879	5.961320	5.961320	1,1,2,1,1,2	1.618144	0.051117	0.309228	0.016719	0.622937	0.051117	0.309228	0.016719	0.622937	0.197998	0.398625	0.327524	0.075853	0.051117	0.309228	0.016719	0.622937	0.051117	0.309228	0.016719	0.622937	0.197998	0.398625	0.327524	0.075853	1,2,2,2,2,2	0.784621	0.069350	0.372923	0.117912	0.264581	0.047953	0.127281	0.195706	0.213686	0.005149	0.401845	0.168734	0.014880	0.195706	0.213686	0.005149	0.401845	0.168734	0.014880	0.195706	0.213686	0.005149	0.401845	0.168734	0.014880	0.195706	0.213686	0.005149	0.401845	0.168734	0.014880	0.195706	0.213686	0.005149	0.401845	0.168734	0.014880	1,1,1,1,1,1	0.768003	0.037711	0.037711	0.037711	0.037711	0.037711	0.037711	
246000	-68667.5	1,1,2,3,4,5	1.909662	5.240969	5.240969	6.292968	6.511503	6.007806	5.751494	1,1,2,1,1,2	1.987292	0.048148	0.317075	0.014342	0.620435	0.048148	0.317075	0.014342	0.620435	0.193263	0.411258	0.323701	0.071777	0.048148	0.317075	0.014342	0.620435	0.048148	0.317075	0.014342	0.620435	0.193263	0.411258	0.323701	0.071777	1,2,2,2,2,2	2.544860	0.058497	0.221940	0.177352	0.192136	0.175853	0.174222	0.193429	0.222059	0.004802	0.383234	0.168223	0.028252	0.193429	0.222059	0.004802	0.383234	0.168223	0.028252	0.193429	0.222059	0.004802	0.383234	0.168223	0.028252	0.193429	0.222059	0.004802	0.383234	0.168223	0.028252	0.193429	0.222059	0.004802	0.383234	0.168223	0.028252	1,1,1,1,1,1	0.676902	0.035025	0.035025	0.035025	0.035025	0.035025	0.035025	
247000	-68651.6	1,1,2,2,3,3	0.808110	5.284467	5.284467	6.407136	6.407136	5.935099	5.935099	1,1,2,1,1,2	2.710112	0.046619	0.311725	0.016012	0.625644	0.046619	0.311725	0.016012	0.625644	0.190895	0.411059	0.320599	0.077448	0.046619	0.311725	0.016012	0.625644	0.046619	0.311725	0.016012	0.625644	0.190895	0.411059	0.320599	0.077448	1,2,2,2,2,2	0.998806	0.240542	0.262349	0.188230	0.041085	0.130858	0.136936	0.190517	0.227557	0.004263	0.388812	0.164082	0.024769	0.190517	0.227557	0.004263	0.388812	0.164082	0.024769	0.190517	0.227557	0.004263	0.388812	0.164082	0.024769	0.190517	0.227557	0.004263	0.388812	0.164082	0.024769	0.190517	0.227557	0.004263	0.388812	0.164082	0.024769	1,1,1,1,1,1	0.186012	0.034509	0.034509	0.034509	0.034509	0.034509	0.034509	
248000	-68623.4	1,1,2,3,3,3	2.202001	5.217388	5.217388	6.153971	5.831604	5.831604	5.831604	1,1,2,1,1,2	0.577654	0.055654	0.300708	0.015163	0.628475	0.055654	0.300708	0.015163	0.628475	0.196795	0.410859	0.320126	0.072220	0.055654	0.300708	0.015163	0.628475	0.055654	0.300708	0.015163	0.628475	0.196795	0.410859	0.320126	0.072220	1,2,2,2,2,2	0.550140	0.225853	0.146888	0.122975	0.067985	0.118773	0.317526	0.184229	0.217913	0.003845	0.392892	0.169558	0.031563	0.184229	0.217913	0.003845	0.392892	0.169558	0.031563	0.184229	0.217913	0.003845	0.392892	0.169558	0.031563	0.184229	0.217913	0.003845	0.392892	0.169558	0.031563	0.184229	0.217913	0.003845	0.392892	0.169558	0.031563	1,1,1,1,1,1	1.092510	0.037050	0.037050	0.037050	0.037050	0.037050	0.037050	
249000	-68508	1,1,2,2,3,3	2.209168	5.515356	5.515356	6.252767	6.252767	5.917175	5.917175	1,1,2,1,1,2	3.053335	0.050043	0.307662	0.017935	0.624360	0.050043	0.307662	0.017935	0.624360	0.201526	0.405897	0.319534	0.073042	0.050043	0.307662	0.017935	0.624360	0.050043	0.307662	0.017935	0.624360	0.201526	0.405897	0.319534	0.073042	1,2,2,2,2,2	1.808774	0.016478	0.045151	0.142493	0.364768	0.073936	0.357174	0.187239	0.231886	0.005674	0.389853	0.164145	0.021204	0.187239	0.231886	0.005674	0.389853	0.164145	0.021204	0.187239	0.231886	0.005674	0.389853	0.164145	0.021204	0.187239	0.231886	0.005674	0.389853	0.164145	0.021204	0.187239	0.231886	0.005674	0.389853	0.164145	0.021204	1,1,1,1,1,1	1.294420	0.038243	0.038243	0.038243	0.038243	0.038243	0.038243	
250000	-68600.3	1,1,2,3,4,4	2.261860	5.214940	5.214940	6.378696	5.923789	5.757446	5.757446	1,1,2,1,1,2	1.102842	0.054597	0.309320	0.014740	0.621342	0.054597	0.309320	0.014740	0.621342	0.185405	0.410843	0.325221	0.078531	0.054597	0.309320	0.014740	0.621342	0.054597	0.309320	0.014740	0.621342	0.185405	0.410843	0.325221	0.078531	1,2,2,2,2,2	1.195231	0.175941	0.007463	0.213972	0.293909	0.154348	0.154368	0.181068	0.224504	0.009242	0.394848	0.166780	0.023558	0.181068	0.224504	0.009242	0.394848	0.166780	0.023558	0.181068	0.224504	0.009242	0.394848	0.166780	0.023558	0.181068	0.224504	0.009242	0.394848	0.166780	0.023558	0.181068	0.224504	0.009242	0.394848	0.166780	0.023558	1,1,1,1,1,1	0.897983	0.033765	0.033765	0.033765	0.033765	0.033765	0.033765	
251000	-68631.8	1,1,2,2,2,3	1.638541	5.276535	5.276535	5.973993	5.973993	5.973993	5.971672	1,1,2,1,1,2	1.778752	0.053888	0.312545	0.016055	0.617512	0.053888	0.312545	0.016055	0.617512	0.191354	0.407446	0.319037	0.082163	0.053888	0.312545	0.016055	0.617512	0.053888	0.312545	0.016055	0.617512	0.191354	0.407446	0.319037	0.082163	1,2,2,2,2,2	0.357253	0.056368	0.137150	0.526247	0.018192	0.125048	0.136995	0.181420	0.234694	0.003866	0.393460	0.167552	0.019009	0.181420	0.234694	0.003866	0.393460	0.167552	0.019009	0.181420	0.234694	0.003866	0.393460	0.167552	0.019009	0.181420	0.234694	0.003866	0.393460	0.167552	0.019009	0.181420	0.234694	0.003866	0.393460	0.167552	0.019009	1,1,1,1,1,1	0.753271	0.036013	0.036013	0.036013	0.036013	0.036013	0.036013	
252000	-68672.1	1,1,2,3,4,4	2.005744	5.620571	5.620571	6.311811	6.374880	5.936989	5.936989	1,1,2,1,1,2	1.061276	0.050546	0.320285	0.016137	0.613033	0.050546	0.320285	0.016137	0.613033	0.194337	0.407993	0.324438	0.073232	0.050546	0.320285	0.016137	0.613033	0.050546	0.320285	0.016137	0.613033	0.194337	0.407993	0.324438	0.073232	1,2,2,2,2,2	1.455973	0.041085	0.097375	0.103193	0.579434	0.106620	0.072293	0.181373	0.226741	0.006158	0.394887	0.167951	0.022889	0.181373	0.226741	0.006158	0.394887	0.167951	0.022889	0.181373	0.226741	0.006158	0.394887	0.167951	0.022889	0.181373	0.226741	0.006158	0.394887	0.167951	0.022889	0.181373	0.226741	0.006158	0.394887	0.167951	0.022889	1,1,1,1,1,1	0.641695	0.032602	0.032602	0.032602	0.032602	0.032602	0.032602	
253000	-68552.8	1,2,1,3,4,5	1.973317	6.658752	5.327156	6.658752	6.447327	6.127244	5.812203	1,1,2,1,1,2	1.272953	0.052329	0.311001	0.017395	0.619274	0.052329	0.311001	0.017395	0.619274	0.195350	0.407991	0.327215	0.069444	0.052329	0.311001	0.017395	0.619274	0.052329	0.311001	0.017395	0.619274	0.195350	0.407991	0.327215	0.069444	1,2,2,2,2,2	1.146739	0.012232	0.171035	0.151897	0.388498	0.072841	0.203497	0.196234	0.206755	0.003040	0.396552	0.181941	0.015478	0.196234	0.206755	0.003040	0.396552	0.181941	0.015478	0.196234	0.206755	0.003040	0.396552	0.181941	0.015478	0.196234	0.206755	0.003040	0.396552	0.181941	0.015478	0.196234	0.206755	0.003040	0.396552	0.181941	0.015478	1,1,1,1,1,1	0.572423	0.035240	0.035240	0.035240	0.035240	0.035240	0.035240	
254000	-68535	1,2,3,4,4,1	2.860055	5.835624	5.562532	6.536121	5.986410	5.986410	5.835624	1,1,2,1,1,2	1.151289	0.053381	0.304684	0.014754	0.627181	0.053381	0.304684	0.014754	0.627181	0.193055	0.407901	0.326896	0.072147	0.053381	0.304684	0.014754	0.627181	0.053381	0.304684	0.014754	0.627181	0.193055	0.407901	0.326896	0.072147	1,2,2,2,2,2	0.832212	0.102996	0.149325	0.291224	0.085444	0.055456	0.315555	0.190883	0.214992	0.008597	0.397355	0.168219	0.019954	0.190883	0.214992	0.008597	0.397355	0.168219	0.019954	0.190883	0.214992	0.008597	0.397355	0.168219	0.019954	0.190883	0.214992	0.008597	0.397355	0.168219	0.019954	0.190883	0.214992	0.008597	0.397355	0.168219	0.019954	1,1,1,1,1,1	1.150482	0.032758	0.032758	0.032758	0.032758	0.032758	0.032758	
255000	-68524.7	1,1,2,3,4,5	1.963110	5.470388	5.470388	6.369961	6.168507	6.161157	5.943662	1,1,2,1,1,2	2.077151	0.052435	0.314996	0.016941	0.615628	0.052435	0.314996	0.016941	0.615628	0.196478	0.406114	0.326107	0.071301	0.052435	0.314996	0.016941	0.615628	0.052435	0.314996	0.016941	0.615628	0.196478	0.406114	0.326107	0.071301	1,2,2,2,2,2	0.925066	0.052531	0.053326	0.300760	0.327780	0.110635	0.154967	0.182621	0.224575	0.010031	0.394311	0.171911	0.016551	0.182621	0.224575	0.010031	0.394311	0.171911	0.016551	0.182621	0.224575	0.010031	0.394311	0.171911	0.016551	0.182621	0.224575	0.010031	0.394311	0.171911	0.016551	0.182621	0.224575	0.010031	0.394311	0.171911	0.016551	1,1,1,1,1,1	1.027931	0.036250	0.036250	0.036250	0.036250	0.036250	0.036250	
256000	-68534.8	1,2,3,3,4,5	2.528352	5.859033	5.304131	6.162401	6.162401	5.906048	5.863555	1,1,2,1,1,2	0.354843	0.049748	0.308586	0.014375	0.627291	0.049748	0.308586	0.014375	0.627291	0.194069	0.411683	0.326124	0.068124	0.049748	0.308586	0.014375	0.627291	0.049748	0.308586	0.014375	0.627291	0.194069	0.411683	0.326124	0.068124	1,2,2,2,2,2	0.782005	0.127123	0.274994	0.104784	0.096247	0.039011	0.357841	0.185674	0.221173	0.007184	0.390382	0.163591	0.031996	0.185674	0.221173	0.007184	0.390382	0.163591	0.031996	0.185674	0.221173	0.007184	0.390382	0.163591	0.031996	0.185674	0.221173	0.007184	0.390382	0.163591	0.031996	0.185674	0.221173	0.007184	0.390382	0.163591	0.031996	1,1,1,1,1,1	0.482980	0.035326	0.035326	0.035326	0.035326	0.035326	0.035326	
257000	-68613.2	1,2,3,1,1,1	1.785670	6.064625	5.231286	6.297434	6.064625	6.064625	6.064625	1,1,2,1,1,2	1.382807	0.054167	0.306845	0.017281	0.621707	0.054167	0.306845	0.017281	0.621707	0.197187	0.410932	0.322410	0.069472	0.054167	0.306845	0.017281	0.621707	0.054167	0.306845	0.017281	0.621707	0.197187	0.410932	0.322410	0.069472	1,2,2,2,2,2	1.348498	0.174451	0.241453	0.163740	0.274832	0.034326	0.111197	0.182491	0.225657	0.006835	0.395944	0.167882	0.021191	0.182491	0.225657	0.006835	0.395944	0.167882	0.021191	0.182491	0.225657	0.006835	0.395944	0.167882	0.021191	0.182491	0.225657	0.006835	0.395944	0.167882	0.021191	0.182491	0.225657	0.006835	0.395944	0.167882	0.021191	1,1,1,1,1,1	0.835548	0.032452	0.032452	0.032452	0.032452	0.032452	0.032452	
258000	-68599.7	1,2,3,4,5,5	1.145418	4.871118	5.388765	6.022260	6.256663	5.779166	5.779166	1,1,2,1,1,2	0.591790	0.056601	0.311022	0.014709	0.617668	0.056601	0.311022	0.014709	0.617668	0.199934	0.407456	0.317767	0.074843	0.056601	0.311022	0.014709	0.617668	0.056601	0.311022	0.014709	0.617668	0.199934	0.407456	0.317767	0.074843	1,2,2,2,2,2	1.826242	0.174439	0.093321	0.323299	0.070339	0.165746	0.172856	0.180390	0.220183	0.004434	0.399063	0.172704	0.023227	0.180390	0.220183	0.004434	0.399063	0.172704	0.023227	0.180390	0.220183	0.004434	0.399063	0.172704	0.023227	0.180390	0.220183	0.004434	0.399063	0.172704	0.023227	0.180390	0.220183	0.004434	0.399063	0.172704	0.023227	1,1,1,1,1,1	2.020262	0.034209	0.034209	0.034209	0.034209	0.034209	0.034209	
259000	-68500.2	1,2,1,1,3,3	2.489707	6.585887	5.438873	6.585887	6.585887	5.893628	5.893628	1,1,2,1,1,2	2.224165	0.047101	0.307927	0.016559	0.628413	0.047101	0.307927	0.016559	0.628413	0.197322	0.412403	0.322544	0.067731	0.047101	0.307927	0.016559	0.628413	0.047101	0.307927	0.016559	0.628413	0.197322	0.412403	0.322544	0.067731	1,2,2,2,2,2	0.717394	0.030089	0.268787	0.113598	0.061048	0.031955	0.494523	0.196689	0.208689	0.004543	0.385829	0.176838	0.027411	0.196689	0.208689	0.004543	0.385829	0.176838	0.027411	0.196689	0.208689	0.004543	0.385829	0.176838	0.027411	0.196689	0.208689	0.004543	0.385829	0.176838	0.027411	0.196689	0.208689	0.004543	0.385829	0.176838	0.027411	1,1,1,1,1,1	1.489483	0.035979	0.035979	0.035979	0.035979	0.035979	0.035979	
260000	-68524.3	1,2,3,1,1,4	1.342082	5.880353	5.404523	6.603297	5.880353	5.880353	5.965222	1,1,2,1,1,2	4.143745	0.053620	0.304968	0.016740	0.624672	0.053620	0.304968	0.016740	0.624672	0.195652	0.408672	0.319931	0.075746	0.053620	0.304968	0.016740	0.624672	0.053620	0.304968	0.016740	0.624672	0.195652	0.408672	0.319931	0.075746	1,2,2,2,2,2	1.674902	0.057997	0.049121	0.367331	0.099441	0.079092	0.347018	0.185498	0.223957	0.008320	0.389608	0.173572	0.019045	0.185498	0.223957	0.008320	0.389608	0.173572	0.019045	0.185498	0.223957	0.008320	0.389608	0.173572	0.019045	0.185498	0.223957	0.008320	0.389608	0.173572	0.019045	0.185498	0.223957	0.008320	0.389608	0.173572	0.019045	1,1,1,1,1,1	4.410191	0.033878	0.033878	0.033878	0.033878	0.033878	0.033878	
261000	-68547.4	1,1,2,2,3,4	1.865744	5.150700	5.150700	6.264207	6.264207	5.764008	5.789240	1,1,2,1,1,2	0.490044	0.053108	0.309147	0.015276	0.622470	0.053108	0.309147	0.015276	0.622470	0.200988	0.407200	0.318983	0.072829	0.053108	0.309147	0.015276	0.622470	0.053108	0.309147	0.015276	0.622470	0.200988	0.407200	0.318983	0.072829	1,2,2,2,2,2	0.926195	0.111194	0.200460	0.124027	0.353846	0.077704	0.132769	0.184610	0.215569	0.004564	0.400321	0.166457	0.028479	0.184610	0.215569	0.004564	0.400321	0.166457	0.028479	0.184610	0.215569	0.004564	0.400321	0.166457	0.028479	0.184610	0.215569	0.004564	0.400321	0.166457	0.028479	0.184610	0.215569	0.004564	0.400321	0.166457	0.028479	1,1,1,1,1,1	0.433519	0.031532	0.031532	0.031532	0.031532	0.031532	0.031532	
262000	-68512.1	1,1,2,3,1,1	1.976490	5.857182	5.857182	6.152132	6.485321	5.857182	5.857182	1,1,2,1,1,2	1.021858	0.054261	0.313203	0.015832	0.616704	0.054261	0.313203	0.015832	0.616704	0.193847	0.406241	0.321452	0.078460	0.054261	0.313203	0.015832	0.616704	0.054261	0.313203	0.015832	0.616704	0.193847	0.406241	0.321452	0.078460	1,2,2,2,2,2	1.716133	0.008294	0.314296	0.209260	0.220224	0.059177	0.188747	0.194356	0.218363	0.001070	0.393544	0.165872	0.026795	0.194356	0.218363	0.001070	0.393544	0.165872	0.026795	0.194356	0.218363	0.001070	0.393544	0.165872	0.026795	0.194356	0.218363	0.001070	0.393544	0.165872	0.026795	0.194356	0.218363	0.001070	0.393544	0.165872	0.026795	1,1,1,1,1,1	1.946786	0.033019	0.033019	0.033019	0.033019	0.033019	0.033019	
263000	-68505.3	1,2,3,4,5,4	4.860994	4.884982	5.332653	6.296173	5.956913	5.766727	5.956913	1,1,2,1,1,2	1.393802	0.048378	0.314920	0.015754	0.620948	0.048378	0.314920	0.015754	0.620948	0.201970	0.403865	0.322339	0.071825	0.048378	0.314920	0.015754	0.620948	0.048378	0.314920	0.015754	0.620948	0.201970	0.403865	0.322339	0.071825	1,2,2,2,2,2	2.356092	0.030942	0.044181	0.174249	0.129640	0.092475	0.528513	0.190522	0.210939	0.004726	0.398534	0.171961	0.023318	0.190522	0.210939	0.004726	0.398534	0.171961	0.023318	0.190522	0.210939	0.004726	0.398534	0.171961	0.023318	0.190522	0.210939	0.004726	0.398534	0.171961	0.023318	0.190522	0.210939	0.004726	0.398534	0.171961	0.023318	1,1,1,1,1,1	0.406197	0.035297	0.035297	0.035297	0.035297	0.035297	0.035297	
264000	-68655.3	1,1,2,3,4,5	3.604948	5.274109	5.274109	6.398911	6.175450	5.982101	5.936968	1,1,2,1,1,2	2.063975	0.053603	0.316030	0.016353	0.614013	0.053603	0.316030	0.016353	0.614013	0.200169	0.399341	0.329618	0.070872	0.053603	0.316030	0.016353	0.614013	0.053603	0.316030	0.016353	0.614013	0.200169	0.399341	0.329618	0.070872	1,2,2,2,2,2	3.653087	0.057412	0.181237	0.057840	0.360162	0.076663	0.266686	0.191807	0.211545	0.005552	0.399951	0.176317	0.014829	0.191807	0.211545	0.005552	0.399951	0.176317	0.014829	0.191807	0.211545	0.005552	0.399951	0.176317	0.014829	0.191807	0.211545	0.005552	0.399951	0.176317	0.014829	0.191807	0.211545	0.005552	0.399951	0.176317	0.014829	1,1,1,1,1,1	1.532609	0.034318	0.034318	0.034318	0.034318	0.034318	0.034318	
265000	-68682.4	1,2,1,3,4,5	4.957203	6.321387	5.224925	6.321387	6.197624	5.576084	5.920656	1,1,2,1,1,2	1.302327	0.055280	0.307827	0.016738	0.620155	0.055280	0.307827	0.016738	0.620155	0.200735	0.395404	0.329626	0.074235	0.055280	0.307827	0.016738	0.620155	0.055280	0.307827	0.016738	0.620155	0.200735	0.395404	0.329626	0.074235	1,2,2,2,2,2	1.020376	0.221669	0.058300	0.113711	0.409728	0.031636	0.164955	0.188327	0.215012	0.004100	0.403066	0.175446	0.014049	0.188327	0.215012	0.004100	0.403066	0.175446	0.014049	0.188327	0.215012	0.004100	0.403066	0.175446	0.014049	0.188327	0.215012	0.004100	0.403066	0.175446	0.014049	0.188327	0.215012	0.004100	0.403066	0.175446	0.014049	1,1,1,1,1,1	0.591252	0.038342	0.038342	0.038342	0.038342	0.038342	0.038342	
266000	-68533.3	1,1,2,3,4,5	3.321398	5.262644	5.262644	6.576031	6.384602	6.019739	5.881157	1,1,2,1,1,2	0.538915	0.050932	0.310838	0.018012	0.620218	0.050932	0.310838	0.018012	0.620218	0.202445	0.406173	0.325773	0.065608	0.050932	0.310838	0.018012	0.620218	0.050932	0.310838	0.018012	0.620218	0.202445	0.406173	0.325773	0.065608	1,2,2,2,2,2	2.603094	0.013086	0.331527	0.202935	0.273150	0.084086	0.095216	0.179343	0.207720	0.007792	0.406997	0.175876	0.022272	0.179343	0.207720	0.007792	0.406997	0.175876	0.022272	0.179343	0.207720	0.007792	0.406997	0.175876	0.022272	0.179343	0.207720	0.007792	0.406997	0.175876	0.022272	0.179343	0.207720	0.007792	0.406997	0.175876	0.022272	1,1,1,1,1,1	0.390673	0.035525	0.035525	0.035525	0.035525	0.035525	0.035525	
267000	-68482	1,1,2,3,4,4	2.549784	5.418304	5.418304	6.354262	6.059015	5.949183	5.949183	1,1,2,1,1,2	0.637004	0.048692	0.307073	0.014157	0.630078	0.048692	0.307073	0.014157	0.630078	0.197220	0.401398	0.323122	0.078260	0.048692	0.307073	0.014157	0.630078	0.048692	0.307073	0.014157	0.630078	0.197220	0.401398	0.323122	0.078260	1,2,2,2,2,2	0.947640	0.051926	0.275868	0.114161	0.288039	0.045969	0.224037	0.195062	0.222742	0.004180	0.389159	0.163053	0.025804	0.195062	0.222742	0.004180	0.389159	0.163053	0.025804	0.195062	0.222742	0.004180	0.389159	0.163053	0.025804	0.195062	0.222742	0.004180	0.389159	0.163053	0.025804	0.195062	0.222742	0.004180	0.389159	0.163053	0.025804	1,1,1,1,1,1	0.645679	0.033906	0.033906	0.033906	0.033906	0.033906	0.033906	
268000	-68574.4	1,2,3,3,1,1	4.081511	5.866645	5.466731	6.210722	6.210722	5.866645	5.866645	1,1,2,1,1,2	0.727522	0.053007	0.308481	0.016647	0.621865	0.053007	0.308481	0.016647	0.621865	0.193146	0.406717	0.324777	0.075360	0.053007	0.308481	0.016647	0.621865	0.053007	0.308481	0.016647	0.621865	0.193146	0.406717	0.324777	0.075360	1,2,2,2,2,2	0.230493	0.184741	0.318308	0.142492	0.054430	0.080841	0.219187	0.180825	0.233205	0.004815	0.393512	0.165515	0.022128	0.180825	0.233205	0.004815	0.393512	0.165515	0.022128	0.180825	0.233205	0.004815	0.393512	0.165515	0.022128	0.180825	0.233205	0.004815	0.393512	0.165515	0.022128	0.180825	0.233205	0.004815	0.393512	0.165515	0.022128	1,1,1,1,1,1	0.360582	0.035171	0.035171	0.035171	0.035171	0.035171	0.035171	
269000	-68669.2	1,1,2,2,3,3	1.594682	5.207693	5.207693	6.350663	6.350663	5.943947	5.943947	1,1,2,1,1,2	1.035371	0.051080	0.304577	0.014152	0.630190	0.051080	0.304577	0.014152	0.630190	0.194047	0.402913	0.323931	0.079109	0.051080	0.304577	0.014152	0.630190	0.051080	0.304577	0.014152	0.630190	0.194047	0.402913	0.323931	0.079109	1,2,2,2,2,2	1.661614	0.219743	0.002201	0.102114	0.541420	0.071321	0.063202	0.184193	0.230955	0.003805	0.397766	0.161892	0.021389	0.184193	0.230955	0.003805	0.397766	0.161892	0.021389	0.184193	0.230955	0.003805	0.397766	0.161892	0.021389	0.184193	0.230955	0.003805	0.397766	0.161892	0.021389	0.184193	0.230955	0.003805	0.397766	0.161892	0.021389	1,1,1,1,1,1	1.017611	0.034278	0.034278	0.034278	0.034278	0.034278	0.034278	
270000	-68516.2	1,2,3,1,4,4	1.796537	6.431418	5.308179	6.207245	6.431418	5.840346	5.840346	1,1,2,1,1,2	0.982116	0.052664	0.310728	0.016250	0.620358	0.052664	0.310728	0.016250	0.620358	0.195269	0.409842	0.321548	0.073342	0.052664	0.310728	0.016250	0.620358	0.052664	0.310728	0.016250	0.620358	0.195269	0.409842	0.321548	0.073342	1,2,2,2,2,2	2.745135	0.076275	0.240088	0.142424	0.122648	0.061996	0.356569	0.186535	0.221601	0.002085	0.400718	0.167989	0.021071	0.186535	0.221601	0.002085	0.400718	0.167989	0.021071	0.186535	0.221601	0.002085	0.400718	0.167989	0.021071	0.186535	0.221601	0.002085	0.400718	0.167989	0.021071	0.186535	0.221601	0.002085	0.400718	0.167989	0.021071	1,1,1,1,1,1	1.726082	0.035468	0.035468	0.035468	0.035468	0.035468	0.035468	
271000	-68590.7	1,1,2,2,1,2	0.582642	5.522927	5.522927	6.082320	6.082320	5.522927	6.082320	1,1,2,1,1,2	0.569353	0.047249	0.311119	0.016704	0.624928	0.047249	0.311119	0.016704	0.624928	0.200150	0.406746	0.322129	0.070975	0.047249	0.311119	0.016704	0.624928	0.047249	0.311119	0.016704	0.624928	0.200150	0.406746	0.322129	0.070975	1,2,2,2,2,2	0.723832	0.003522	0.089092	0.451469	0.000609	0.167595	0.287713	0.187440	0.212151	0.006187	0.401486	0.173432	0.019304	0.187440	0.212151	0.006187	0.401486	0.173432	0.019304	0.187440	0.212151	0.006187	0.401486	0.173432	0.019304	0.187440	0.212151	0.006187	0.401486	0.173432	0.019304	0.187440	0.212151	0.006187	0.401486	0.173432	0.019304	1,1,1,1,1,1	0.393130	0.033896	0.033896	0.033896	0.033896	0.033896	0.033896	
272000	-68593.3	1,1,2,3,3,3	0.498570	5.282391	5.282391	6.296457	5.991502	5.991502	5.991502	1,1,2,1,1,2	0.967536	0.050297	0.306368	0.015836	0.627498	0.050297	0.306368	0.015836	0.627498	0.192682	0.402809	0.326159	0.078350	0.050297	0.306368	0.015836	0.627498	0.050297	0.306368	0.015836	0.627498	0.192682	0.402809	0.326159	0.078350	1,2,2,2,2,2	0.454205	0.091138	0.331879	0.115040	0.137908	0.107933	0.216102	0.196088	0.209526	0.009063	0.396416	0.177115	0.011792	0.196088	0.209526	0.009063	0.396416	0.177115	0.011792	0.196088	0.209526	0.009063	0.396416	0.177115	0.011792	0.196088	0.209526	0.009063	0.396416	0.177115	0.011792	0.196088	0.209526	0.009063	0.396416	0.177115	0.011792	1,1,1,1,1,1	0.879374	0.036895	0.036895	0.036895	0.036895	0.036895	0.036895	
273000	-68627.2	1,1,2,2,1,3	4.380321	5.662179	5.662179	6.175255	6.175255	5.662179	5.623486	1,1,2,1,1,2	2.089593	0.051461	0.313587	0.015073	0.619879	0.051461	0.313587	0.015073	0.619879	0.198583	0.404997	0.317822	0.078598	0.051461	0.313587	0.015073	0.619879	0.051461	0.313587	0.015073	0.619879	0.198583	0.404997	0.317822	0.078598	1,2,2,2,2,2	0.965068	0.247970	0.267237	0.250451	0.072289	0.056880	0.105173	0.186613	0.225654	0.004357	0.388828	0.171056	0.023492	0.186613	0.225654	0.004357	0.388828	0.171056	0.023492	0.186613	0.225654	0.004357	0.388828	0.171056	0.023492	0.186613	0.225654	0.004357	0.388828	0.171056	0.023492	0.186613	0.225654	0.004357	0.388828	0.171056	0.023492	1,1,1,1,1,1	0.482214	0.035417	0.035417	0.035417	0.035417	0.035417	0.035417	
274000	-68514	1,1,2,3,4,5	1.951693	5.340155	5.340155	6.120810	6.092338	5.958150	5.756361	1,1,2,1,1,2	0.518160	0.047753	0.310299	0.016197	0.625752	0.047753	0.310299	0.016197	0.625752	0.199318	0.411087	0.313406	0.076188	0.047753	0.310299	0.016197	0.625752	0.047753	0.310299	0.016197	0.625752	0.199318	0.411087	0.313406	0.076188	1,2,2,2,2,2	0.205370	0.040462	0.131364	0.380736	0.124123	0.106955	0.216360	0.188283	0.215088	0.005563	0.397830	0.170634	0.022602	0.188283	0.215088	0.005563	0.397830	0.170634	0.022602	0.188283	0.215088	0.005563	0.397830	0.170634	0.022602	0.188283	0.215088	0.005563	0.397830	0.170634	0.022602	0.188283	0.215088	0.005563	0.397830	0.170634	0.022602	1,1,1,1,1,1	0.438197	0.034176	0.034176	0.034176	0.034176	0.034176	0.034176	
275000	-68559.5	1,1,2,2,3,3	1.844081	5.311087	5.311087	6.475946	6.475946	5.990053	5.990053	1,1,2,1,1,2	0.973020	0.048215	0.313999	0.014298	0.623489	0.048215	0.313999	0.014298	0.623489	0.190025	0.411054	0.321385	0.077535	0.048215	0.313999	0.014298	0.623489	0.048215	0.313999	0.014298	0.623489	0.190025	0.411054	0.321385	0.077535	1,2,2,2,2,2	0.502696	0.011610	0.008219	0.504642	0.059845	0.156646	0.259038	0.175254	0.230959	0.007461	0.397801	0.169465	0.019059	0.175254	0.230959	0.007461	0.397801	0.169465	0.019059	0.175254	0.230959	0.007461	0.397801	0.169465	0.019059	0.175254	0.230959	0.007461	0.397801	0.169465	0.019059	0.175254	0.230959	0.007461	0.397801	0.169465	0.019059	1,1,1,1,1,1	1.102952	0.034634	0.034634	0.034634	0.034634	0.034634	0.034634	
276000	-68739.6	1,1,2,2,3,3	1.137756	5.406400	5.406400	6.171398	6.171398	5.859922	5.859922	1,1,2,1,1,2	1.947858	0.053323	0.309782	0.016868	0.620027	0.053323	0.309782	0.016868	0.620027	0.199099	0.396332	0.324585	0.079984	0.053323	0.309782	0.016868	0.620027	0.053323	0.309782	0.016868	0.620027	0.199099	0.396332	0.324585	0.079984	1,2,2,2,2,2	1.277037	0.008264	0.079035	0.227245	0.040145	0.265852	0.379459	0.184768	0.220217	0.004458	0.396911	0.167590	0.026057	0.184768	0.220217	0.004458	0.396911	0.167590	0.026057	0.184768	0.220217	0.004458	0.396911	0.167590	0.026057	0.184768	0.220217	0.004458	0.396911	0.167590	0.026057	0.184768	0.220217	0.004458	0.396911	0.167590	0.026057	1,1,1,1,1,1	0.714181	0.036846	0.036846	0.036846	0.036846	0.036846	0.036846	
277000	-68479.8	1,1,2,3,4,4	2.094154	5.323640	5.323640	6.316609	6.173182	5.940392	5.940392	1,1,2,1,1,2	0.184085	0.051734	0.307118	0.015141	0.626007	0.051734	0.307118	0.015141	0.626007	0.195930	0.405976	0.325257	0.072837	0.051734	0.307118	0.015141	0.626007	0.051734	0.307118	0.015141	0.626007	0.195930	0.405976	0.325257	0.072837	1,2,2,2,2,2	1.028162	0.020834	0.214244	0.249815	0.165953	0.076504	0.272651	0.185639	0.211401	0.009103	0.406177	0.167130	0.020550	0.185639	0.211401	0.009103	0.406177	0.167130	0.020550	0.185639	0.211401	0.009103	0.406177	0.167130	0.020550	0.185639	0.211401	0.009103	0.406177	0.167130	0.020550	0.185639	0.211401	0.009103	0.406177	0.167130	0.020550	1,1,1,1,1,1	0.323236	0.030802	0.030802	0.030802	0.030802	0.030802	0.030802	
278000	-68508.4	1,2,3,3,4,4	1.631967	5.599136	5.573765	6.365322	6.365322	5.987995	5.987995	1,1,2,1,1,2	1.329926	0.051562	0.313222	0.016194	0.619023	0.051562	0.313222	0.016194	0.619023	0.198848	0.405054	0.321629	0.074469	0.051562	0.313222	0.016194	0.619023	0.051562	0.313222	0.016194	0.619023	0.198848	0.405054	0.321629	0.074469	1,2,2,2,2,2	0.535084	0.070643	0.203118	0.266517	0.226897	0.054723	0.178102	0.183310	0.219472	0.006801	0.399595	0.172146	0.018677	0.183310	0.219472	0.006801	0.399595	0.172146	0.018677	0.183310	0.219472	0.006801	0.399595	0.172146	0.018677	0.183310	0.219472	0.006801	0.399595	0.172146	0.018677	0.183310	0.219472	0.006801	0.399595	0.172146	0.018677	1,1,1,1,1,1	1.203477	0.035013	0.035013	0.035013	0.035013	0.035013	0.035013	
279000	-68594.7	1,2,3,3,4,4	0.498900	5.754421	5.230815	6.405462	6.405462	5.918709	5.918709	1,1,2,1,1,2	1.616653	0.050478	0.311256	0.015960	0.622307	0.050478	0.311256	0.015960	0.622307	0.200120	0.401936	0.321003	0.076941	0.050478	0.311256	0.015960	0.622307	0.050478	0.311256	0.015960	0.622307	0.200120	0.401936	0.321003	0.076941	1,2,2,2,2,2	0.537701	0.213300	0.116620	0.181261	0.253550	0.037102	0.198167	0.180075	0.227854	0.007055	0.403770	0.164006	0.017240	0.180075	0.227854	0.007055	0.403770	0.164006	0.017240	0.180075	0.227854	0.007055	0.403770	0.164006	0.017240	0.180075	0.227854	0.007055	0.403770	0.164006	0.017240	0.180075	0.227854	0.007055	0.403770	0.164006	0.017240	1,1,1,1,1,1	1.638865	0.038873	0.038873	0.038873	0.038873	0.038873	0.038873	
280000	-68636.5	1,2,1,1,3,3	0.880761	6.340955	5.616906	6.340955	6.340955	6.036402	6.036402	1,1,2,1,1,2	0.456572	0.054707	0.308496	0.015640	0.621157	0.054707	0.308496	0.015640	0.621157	0.202018	0.407519	0.320176	0.070287	0.054707	0.308496	0.015640	0.621157	0.054707	0.308496	0.015640	0.621157	0.202018	0.407519	0.320176	0.070287	1,2,2,2,2,2	1.678969	0.149528	0.059851	0.178701	0.458808	0.087899	0.065213	0.176126	0.218148	0.004569	0.401586	0.175060	0.024511	0.176126	0.218148	0.004569	0.401586	0.175060	0.024511	0.176126	0.218148	0.004569	0.401586	0.175060	0.024511	0.176126	0.218148	0.004569	0.401586	0.175060	0.024511	0.176126	0.218148	0.004569	0.401586	0.175060	0.024511	1,1,1,1,1,1	0.846630	0.038603	0.038603	0.038603	0.038603	0.038603	0.038603	
281000	-68719.2	1,1,2,3,4,4	0.911223	5.224244	5.224244	6.099933	6.385975	5.872340	5.872340	1,1,2,1,1,2	1.746662	0.051992	0.315039	0.015692	0.617277	0.051992	0.315039	0.015692	0.617277	0.185646	0.408130	0.329952	0.076272	0.051992	0.315039	0.015692	0.617277	0.051992	0.315039	0.015692	0.617277	0.185646	0.408130	0.329952	0.076272	1,2,2,2,2,2	1.659882	0.013625	0.452149	0.149025	0.200973	0.133141	0.051088	0.184921	0.230673	0.003194	0.389236	0.171651	0.020324	0.184921	0.230673	0.003194	0.389236	0.171651	0.020324	0.184921	0.230673	0.003194	0.389236	0.171651	0.020324	0.184921	0.230673	0.003194	0.389236	0.171651	0.020324	0.184921	0.230673	0.003194	0.389236	0.171651	0.020324	1,1,1,1,1,1	3.324195	0.037663	0.037663	0.037663	0.037663	0.037663	0.037663	
282000	-68900.2	1,2,3,4,1,1	1.197932	5.934844	5.396291	6.514413	6.097601	5.934844	5.934844	1,1,2,1,1,2	1.153280	0.049402	0.306046	0.016533	0.628019	0.049402	0.306046	0.016533	0.628019	0.193023	0.407949	0.328257	0.070771	0.049402	0.306046	0.016533	0.628019	0.049402	0.306046	0.016533	0.628019	0.193023	0.407949	0.328257	0.070771	1,2,2,2,2,2	0.200596	0.349609	0.103695	0.022994	0.094785	0.094468	0.334450	0.187022	0.214441	0.009887	0.398839	0.177649	0.012162	0.187022	0.214441	0.009887	0.398839	0.177649	0.012162	0.187022	0.214441	0.009887	0.398839	0.177649	0.012162	0.187022	0.214441	0.009887	0.398839	0.177649	0.012162	0.187022	0.214441	0.009887	0.398839	0.177649	0.012162	1,1,1,1,1,1	1.209039	0.034032	0.034032	0.034032	0.034032	0.034032	0.034032	
283000	-68515.3	1,1,2,2,3,3	2.735783	5.333860	5.333860	6.343827	6.343827	5.772511	5.772511	1,1,2,1,1,2	1.381392	0.055167	0.310916	0.015522	0.618395	0.055167	0.310916	0.015522	0.618395	0.196778	0.403312	0.324168	0.075742	0.055167	0.310916	0.015522	0.618395	0.055167	0.310916	0.015522	0.618395	0.196778	0.403312	0.324168	0.075742	1,2,2,2,2,2	2.246706	0.071439	0.002646	0.278226	0.057880	0.160841	0.428968	0.194330	0.216138	0.003388	0.394577	0.174807	0.016760	0.194330	0.216138	0.003388	0.394577	0.174807	0.016760	0.194330	0.216138	0.003388	0.394577	0.174807	0.016760	0.194330	0.216138	0.003388	0.394577	0.174807	0.016760	0.194330	0.216138	0.003388	0.394577	0.174807	0.016760	1,1,1,1,1,1	1.616891	0.034661	0.034661	0.034661	0.034661	0.034661	0.034661	
284000	-68602.6	1,1,2,2,3,3	3.071074	5.258414	5.258414	6.220409	6.220409	5.821535	5.821535	1,1,2,1,1,2	2.356556	0.052675	0.299795	0.015774	0.631755	0.052675	0.299795	0.015774	0.631755	0.201856	0.401660	0.320503	0.075981	0.052675	0.299795	0.015774	0.631755	0.052675	0.299795	0.015774	0.631755	0.201856	0.401660	0.320503	0.075981	1,2,2,2,2,2	1.327415	0.032965	0.022514	0.151940	0.181691	0.148570	0.462319	0.198271	0.203463	0.003392	0.399155	0.172265	0.023455	0.198271	0.203463	0.003392	0.399155	0.172265	0.023455	0.198271	0.203463	0.003392	0.399155	0.172265	0.023455	0.198271	0.203463	0.003392	0.399155	0.172265	0.023455	0.198271	0.203463	0.003392	0.399155	0.172265	0.023455	1,1,1,1,1,1	0.291745	0.031699	0.031699	0.031699	0.031699	0.031699	0.031699	
285000	-68709.9	1,1,2,2,2,2	0.730164	5.228570	5.228570	6.068090	6.068090	6.068090	6.068090	1,1,2,1,1,2	0.267942	0.052821	0.304980	0.016137	0.626062	0.052821	0.304980	0.016137	0.626062	0.193601	0.404710	0.327357	0.074331	0.052821	0.304980	0.016137	0.626062	0.052821	0.304980	0.016137	0.626062	0.193601	0.404710	0.327357	0.074331	1,2,2,2,2,2	1.504183	0.011706	0.246169	0.338944	0.048100	0.227640	0.127441	0.183161	0.228280	0.006248	0.389739	0.174319	0.018253	0.183161	0.228280	0.006248	0.389739	0.174319	0.018253	0.183161	0.228280	0.006248	0.389739	0.174319	0.018253	0.183161	0.228280	0.006248	0.389739	0.174319	0.018253	0.183161	0.228280	0.006248	0.389739	0.174319	0.018253	1,1,1,1,1,1	0.635616	0.034874	0.034874	0.034874	0.034874	0.034874	0.034874	
286000	-68562.2	1,2,3,3,1,1	0.722749	5.754220	5.373254	6.271665	6.271665	5.754220	5.754220	1,1,2,1,1,2	0.841174	0.054853	0.306819	0.015823	0.622504	0.054853	0.306819	0.015823	0.622504	0.193441	0.403688	0.327147	0.075724	0.054853	0.306819	0.015823	0.622504	0.054853	0.306819	0.015823	0.622504	0.193441	0.403688	0.327147	0.075724	1,2,2,2,2,2	1.216390	0.060888	0.244922	0.164685	0.014192	0.127219	0.388094	0.191482	0.231237	0.004602	0.384603	0.164693	0.023383	0.191482	0.231237	0.004602	0.384603	0.164693	0.023383	0.191482	0.231237	0.004602	0.384603	0.164693	0.023383	0.191482	0.231237	0.004602	0.384603	0.164693	0.023383	0.191482	0.231237	0.004602	0.384603	0.164693	0.023383	1,1,1,1,1,1	0.538973	0.032788	0.032788	0.032788	0.032788	0.032788	0.032788	
287000	-68566.3	1,1,2,2,2,2	0.811551	5.405992	5.405992	6.205005	6.205005	6.205005	6.205005	1,1,2,1,1,2	0.986026	0.053162	0.315661	0.015329	0.615848	0.053162	0.315661	0.015329	0.615848	0.201331	0.410642	0.316722	0.071305	0.053162	0.315661	0.015329	0.615848	0.053162	0.315661	0.015329	0.615848	0.201331	0.410642	0.316722	0.071305	1,2,2,2,2,2	0.903744	0.239407	0.048382	0.239404	0.183981	0.091997	0.196830	0.183229	0.219675	0.006720	0.397807	0.178051	0.014518	0.183229	0.219675	0.006720	0.397807	0.178051	0.014518	0.183229	0.219675	0.006720	0.397807	0.178051	0.014518	0.183229	0.219675	0.006720	0.397807	0.178051	0.014518	0.183229	0.219675	0.006720	0.397807	0.178051	0.014518	1,1,1,1,1,1	0.498847	0.033749	0.033749	0.033749	0.033749	0.033749	0.033749	
288000	-68529.8	1,2,3,4,5,5	2.646485	4.810003	5.167991	6.302342	6.133234	5.879525	5.879525	1,1,2,1,1,2	0.668223	0.050567	0.307942	0.015485	0.626006	0.050567	0.307942	0.015485	0.626006	0.196161	0.407140	0.321932	0.074767	0.050567	0.307942	0.015485	0.626006	0.050567	0.307942	0.015485	0.626006	0.196161	0.407140	0.321932	0.074767	1,2,2,2,2,2	0.834795	0.097615	0.252184	0.250253	0.043196	0.126521	0.230230	0.191578	0.206287	0.007308	0.403750	0.174973	0.016103	0.191578	0.206287	0.007308	0.403750	0.174973	0.016103	0.191578	0.206287	0.007308	0.403750	0.174973	0.016103	0.191578	0.206287	0.007308	0.403750	0.174973	0.016103	0.191578	0.206287	0.007308	0.403750	0.174973	0.016103	1,1,1,1,1,1	2.008284	0.036787	0.036787	0.036787	0.036787	0.036787	0.036787	
289000	-68637.5	1,2,3,3,4,5	2.225336	5.143678	5.355579	6.269328	6.269328	5.977679	6.148242	1,1,2,1,1,2	0.967158	0.051859	0.315759	0.015805	0.616577	0.051859	0.315759	0.015805	0.616577	0.194538	0.405981	0.328931	0.070549	0.051859	0.315759	0.015805	0.616577	0.051859	0.315759	0.015805	0.616577	0.194538	0.405981	0.328931	0.070549	1,2,2,2,2,2	0.982125	0.113132	0.016080	0.209214	0.413367	0.162800	0.085407	0.183716	0.218365	0.005820	0.401236	0.165969	0.024894	0.183716	0.218365	0.005820	0.401236	0.165969	0.024894	0.183716	0.218365	0.005820	0.401236	0.165969	0.024894	0.183716	0.218365	0.005820	0.401236	0.165969	0.024894	0.183716	0.218365	0.005820	0.401236	0.165969	0.024894	1,1,1,1,1,1	0.712203	0.035559	0.035559	0.035559	0.035559	0.035559	0.035559	
290000	-68552.6	1,1,2,3,4,5	2.071750	5.285642	5.285642	6.618199	6.230755	6.015147	5.906639	1,1,2,1,1,2	1.097593	0.055436	0.308677	0.016665	0.619221	0.055436	0.308677	0.016665	0.619221	0.200917	0.401396	0.325450	0.072237	0.055436	0.308677	0.016665	0.619221	0.055436	0.308677	0.016665	0.619221	0.200917	0.401396	0.325450	0.072237	1,2,2,2,2,2	3.245694	0.049690	0.167806	0.120472	0.522210	0.060523	0.079300	0.176556	0.216675	0.012285	0.389608	0.182365	0.022510	0.176556	0.216675	0.012285	0.389608	0.182365	0.022510	0.176556	0.216675	0.012285	0.389608	0.182365	0.022510	0.176556	0.216675	0.012285	0.389608	0.182365	0.022510	0.176556	0.216675	0.012285	0.389608	0.182365	0.022510	1,1,1,1,1,1	1.214817	0.033393	0.033393	0.033393	0.033393	0.033393	0.033393	
291000	-68750	1,1,2,3,4,5	4.079535	5.171778	5.171778	6.280811	5.946115	5.726470	5.991362	1,1,2,1,1,2	0.928959	0.053667	0.306632	0.018065	0.621636	0.053667	0.306632	0.018065	0.621636	0.192119	0.397438	0.334815	0.075627	0.053667	0.306632	0.018065	0.621636	0.053667	0.306632	0.018065	0.621636	0.192119	0.397438	0.334815	0.075627	1,2,2,2,2,2	0.356261	0.027479	0.380433	0.172653	0.058945	0.201467	0.159023	0.195930	0.209819	0.003881	0.398228	0.173554	0.018588	0.195930	0.209819	0.003881	0.398228	0.173554	0.018588	0.195930	0.209819	0.003881	0.398228	0.173554	0.018588	0.195930	0.209819	0.003881	0.398228	0.173554	0.018588	0.195930	0.209819	0.003881	0.398228	0.173554	0.018588	1,1,1,1,1,1	1.347614	0.035153	0.035153	0.035153	0.035153	0.035153	0.035153	
292000	-68583.3	1,1,2,2,3,4	2.898122	5.204345	5.204345	6.342461	6.342461	5.957631	5.852588	1,1,2,1,1,2	0.772419	0.050480	0.303981	0.015855	0.629684	0.050480	0.303981	0.015855	0.629684	0.185780	0.409324	0.325895	0.079001	0.050480	0.303981	0.015855	0.629684	0.050480	0.303981	0.015855	0.629684	0.185780	0.409324	0.325895	0.079001	1,2,2,2,2,2	0.400877	0.244737	0.128630	0.153287	0.218286	0.079027	0.176032	0.194365	0.214069	0.000884	0.396719	0.166486	0.027478	0.194365	0.214069	0.000884	0.396719	0.166486	0.027478	0.194365	0.214069	0.000884	0.396719	0.166486	0.027478	0.194365	0.214069	0.000884	0.396719	0.166486	0.027478	0.194365	0.214069	0.000884	0.396719	0.166486	0.027478	1,1,1,1,1,1	1.534346	0.036655	0.036655	0.036655	0.036655	0.036655	0.036655	
293000	-68569.2	1,1,2,3,4,5	2.846198	5.381178	5.381178	6.418586	6.531804	5.859225	5.816110	1,1,2,1,1,2	1.955128	0.051498	0.310950	0.017075	0.620477	0.051498	0.310950	0.017075	0.620477	0.200690	0.395365	0.324975	0.078970	0.051498	0.310950	0.017075	0.620477	0.051498	0.310950	0.017075	0.620477	0.200690	0.395365	0.324975	0.078970	1,2,2,2,2,2	1.100900	0.035942	0.400807	0.230884	0.146401	0.110946	0.075019	0.188788	0.222301	0.004820	0.385153	0.173316	0.025622	0.188788	0.222301	0.004820	0.385153	0.173316	0.025622	0.188788	0.222301	0.004820	0.385153	0.173316	0.025622	0.188788	0.222301	0.004820	0.385153	0.173316	0.025622	0.188788	0.222301	0.004820	0.385153	0.173316	0.025622	1,1,1,1,1,1	1.251492	0.034406	0.034406	0.034406	0.034406	0.034406	0.034406	
294000	-68543.5	1,1,2,3,4,4	3.492078	5.391333	5.391333	6.304631	6.186399	5.810509	5.810509	1,1,2,1,1,2	1.214097	0.052772	0.310224	0.015592	0.621412	0.052772	0.310224	0.015592	0.621412	0.199550	0.402014	0.323993	0.074443	0.052772	0.310224	0.015592	0.621412	0.052772	0.310224	0.015592	0.621412	0.199550	0.402014	0.323993	0.074443	1,2,2,2,2,2	1.682813	0.111317	0.161742	0.343501	0.176866	0.075349	0.131225	0.176410	0.226918	0.005205	0.401880	0.161213	0.028374	0.176410	0.226918	0.005205	0.401880	0.161213	0.028374	0.176410	0.226918	0.005205	0.401880	0.161213	0.028374	0.176410	0.226918	0.005205	0.401880	0.161213	0.028374	0.176410	0.226918	0.005205	0.401880	0.161213	0.028374	1,1,1,1,1,1	1.420772	0.038413	0.038413	0.038413	0.038413	0.038413	0.038413	
295000	-68564.4	1,1,2,3,2,2	1.604411	5.086707	5.086707	5.923856	6.556464	5.923856	5.923856	1,1,2,1,1,2	1.231390	0.048874	0.309523	0.015108	0.626496	0.048874	0.309523	0.015108	0.626496	0.197704	0.406128	0.319294	0.076873	0.048874	0.309523	0.015108	0.626496	0.048874	0.309523	0.015108	0.626496	0.197704	0.406128	0.319294	0.076873	1,2,2,2,2,2	1.175992	0.075097	0.126712	0.398697	0.121870	0.138464	0.139160	0.190012	0.216122	0.003420	0.401245	0.165712	0.023489	0.190012	0.216122	0.003420	0.401245	0.165712	0.023489	0.190012	0.216122	0.003420	0.401245	0.165712	0.023489	0.190012	0.216122	0.003420	0.401245	0.165712	0.023489	0.190012	0.216122	0.003420	0.401245	0.165712	0.023489	1,2,1,1,2,1	1.055426	0.035745	0.024879	0.035745	0.035745	0.024879	0.035745	
296000	-68680.3	1,1,2,3,3,3	1.010186	5.528117	5.528117	6.560091	5.900537	5.900537	5.900537	1,1,2,1,1,2	2.497059	0.052909	0.307455	0.015198	0.624438	0.052909	0.307455	0.015198	0.624438	0.207956	0.394824	0.321855	0.075365	0.052909	0.307455	0.015198	0.624438	0.052909	0.307455	0.015198	0.624438	0.207956	0.394824	0.321855	0.075365	1,2,2,2,2,2	1.316591	0.114578	0.034612	0.399620	0.217467	0.178106	0.055617	0.184597	0.213430	0.006126	0.406822	0.164417	0.024608	0.184597	0.213430	0.006126	0.406822	0.164417	0.024608	0.184597	0.213430	0.006126	0.406822	0.164417	0.024608	0.184597	0.213430	0.006126	0.406822	0.164417	0.024608	0.184597	0.213430	0.006126	0.406822	0.164417	0.024608	1,1,1,1,1,1	0.607375	0.035561	0.035561	0.035561	0.035561	0.035561	0.035561	
297000	-68569.8	1,2,3,4,5,4	4.118305	5.181662	5.577156	6.469969	5.839816	5.873962	5.839816	1,1,2,1,1,2	0.741424	0.051798	0.306911	0.015355	0.625936	0.051798	0.306911	0.015355	0.625936	0.204697	0.400309	0.321362	0.073632	0.051798	0.306911	0.015355	0.625936	0.051798	0.306911	0.015355	0.625936	0.204697	0.400309	0.321362	0.073632	1,2,2,2,2,2	1.126315	0.205544	0.193323	0.165597	0.037218	0.103968	0.294350	0.192292	0.203092	0.007125	0.412517	0.167129	0.017846	0.192292	0.203092	0.007125	0.412517	0.167129	0.017846	0.192292	0.203092	0.007125	0.412517	0.167129	0.017846	0.192292	0.203092	0.007125	0.412517	0.167129	0.017846	0.192292	0.203092	0.007125	0.412517	0.167129	0.017846	1,1,1,1,1,1	0.544760	0.035257	0.035257	0.035257	0.035257	0.035257	0.035257	
298000	-68530.3	1,1,2,2,3,4	2.848539	5.162527	5.162527	6.116111	6.116111	5.944365	5.967209	1,1,2,1,1,2	1.061998	0.054663	0.307262	0.015468	0.622607	0.054663	0.307262	0.015468	0.622607	0.205060	0.402055	0.322160	0.070725	0.054663	0.307262	0.015468	0.622607	0.054663	0.307262	0.015468	0.622607	0.205060	0.402055	0.322160	0.070725	1,2,2,2,2,2	1.270615	0.038154	0.240533	0.221046	0.252632	0.107905	0.139730	0.183414	0.228886	0.004662	0.391582	0.167074	0.024383	0.183414	0.228886	0.004662	0.391582	0.167074	0.024383	0.183414	0.228886	0.004662	0.391582	0.167074	0.024383	0.183414	0.228886	0.004662	0.391582	0.167074	0.024383	0.183414	0.228886	0.004662	0.391582	0.167074	0.024383	1,1,1,1,1,1	1.703804	0.035520	0.035520	0.035520	0.035520	0.035520	0.035520	
299000	-68571.5	1,2,3,3,4,4	1.629037	5.164098	5.060680	6.524656	6.524656	6.149247	6.149247	1,1,2,1,1,2	1.445543	0.052630	0.305295	0.015429	0.626646	0.052630	0.305295	0.015429	0.626646	0.191003	0.403227	0.328296	0.077474	0.052630	0.305295	0.015429	0.626646	0.052630	0.305295	0.015429	0.626646	0.191003	0.403227	0.328296	0.077474	1,2,2,2,2,2	0.789711	0.144989	0.072372	0.235732	0.361195	0.103323	0.082391	0.190069	0.217264	0.007687	0.391484	0.177732	0.015764	0.190069	0.217264	0.007687	0.391484	0.177732	0.015764	0.190069	0.217264	0.007687	0.391484	0.177732	0.015764	0.190069	0.217264	0.007687	0.391484	0.177732	0.015764	0.190069	0.217264	0.007687	0.391484	0.177732	0.015764	1,1,1,1,1,1	1.493246	0.035489	0.035489	0.035489	0.035489	0.035489	0.035489	
300000	-68986.5	1,1,2,2,3,3	1.396766	5.394735	5.394735	6.452879	6.452879	5.864545	5.864545	1,1,2,1,1,2	1.127371	0.056995	0.308969	0.016596	0.617441	0.056995	0.308969	0.016596	0.617441	0.194973	0.405036	0.324621	0.075370	0.056995	0.308969	0.016596	0.617441	0.056995	0.308969	0.016596	0.617441	0.194973	0.405036	0.324621	0.075370	1,2,2,2,2,2	1.290797	0.216811	0.057945	0.114379	0.332287	0.259732	0.018846	0.186790	0.219318	0.001454	0.394006	0.179904	0.018528	0.186790	0.219318	0.001454	0.394006	0.179904	0.018528	0.186790	0.219318	0.001454	0.394006	0.179904	0.018528	0.186790	0.219318	0.001454	0.394006	0.179904	0.018528	0.186790	0.219318	0.001454	0.394006	0.179904	0.018528	1,1,1,1,1,1	2.157961	0.038108	0.038108	0.038108	0.038108	0.038108	0.038108	
301000	-68588.3	1,1,2,2,3,4	5.551800	5.216554	5.216554	6.259288	6.259288	5.952682	5.877099	1,1,2,1,1,2	0.523091	0.050655	0.310142	0.015913	0.623291	0.050655	0.310142	0.015913	0.623291	0.199500	0.404513	0.322515	0.073472	0.050655	0.310142	0.015913	0.623291	0.050655	0.310142	0.015913	0.623291	0.199500	0.404513	0.322515	0.073472	1,2,2,2,2,2	1.042388	0.188807	0.074819	0.098233	0.078138	0.092569	0.467434	0.193333	0.220561	0.006077	0.391276	0.165419	0.023334	0.193333	0.220561	0.006077	0.391276	0.165419	0.023334	0.193333	0.220561	0.006077	0.391276	0.165419	0.023334	0.193333	0.220561	0.006077	0.391276	0.165419	0.023334	0.193333	0.220561	0.006077	0.391276	0.165419	0.023334	1,1,1,1,1,1	0.350701	0.038507	0.038507	0.038507	0.038507	0.038507	0.038507	
302000	-68605.6	1,1,2,3,3,3	1.236824	5.394891	5.394891	6.508649	5.906931	5.906931	5.906931	1,1,2,1,1,2	2.543671	0.053627	0.312490	0.014817	0.619065	0.053627	0.312490	0.014817	0.619065	0.195339	0.407700	0.326566	0.070395	0.053627	0.312490	0.014817	0.619065	0.053627	0.312490	0.014817	0.619065	0.195339	0.407700	0.326566	0.070395	1,2,2,2,2,2	0.367546	0.047570	0.080043	0.400930	0.315352	0.101949	0.054156	0.186776	0.228527	0.009817	0.376185	0.170957	0.027739	0.186776	0.228527	0.009817	0.376185	0.170957	0.027739	0.186776	0.228527	0.009817	0.376185	0.170957	0.027739	0.186776	0.228527	0.009817	0.376185	0.170957	0.027739	0.186776	0.228527	0.009817	0.376185	0.170957	0.027739	1,1,1,1,1,1	0.774169	0.036772	0.036772	0.036772	0.036772	0.036772	0.036772	
303000	-68560.9	1,2,3,4,5,6	4.378647	5.844805	5.528872	6.273554	6.307705	5.778734	5.825238	1,1,2,1,1,2	1.480558	0.050159	0.312421	0.015363	0.622057	0.050159	0.312421	0.015363	0.622057	0.189159	0.410137	0.323423	0.077281	0.050159	0.312421	0.015363	0.622057	0.050159	0.312421	0.015363	0.622057	0.189159	0.410137	0.323423	0.077281	1,2,2,2,2,2	1.521280	0.004787	0.395658	0.181613	0.331909	0.050614	0.035420	0.184563	0.236126	0.006800	0.388939	0.168124	0.015448	0.184563	0.236126	0.006800	0.388939	0.168124	0.015448	0.184563	0.236126	0.006800	0.388939	0.168124	0.015448	0.184563	0.236126	0.006800	0.388939	0.168124	0.015448	0.184563	0.236126	0.006800	0.388939	0.168124	0.015448	1,1,1,1,1,1	1.095821	0.034004	0.034004	0.034004	0.034004	0.034004	0.034004	
304000	-68623.6	1,2,3,4,5,5	3.905107	4.977361	5.357953	6.621169	6.075722	5.990866	5.990866	1,1,2,1,1,2	2.059724	0.050345	0.308841	0.018010	0.622804	0.050345	0.308841	0.018010	0.622804	0.194908	0.410331	0.326049	0.068713	0.050345	0.308841	0.018010	0.622804	0.050345	0.308841	0.018010	0.622804	0.194908	0.410331	0.326049	0.068713	1,2,2,2,2,2	2.621510	0.225897	0.285791	0.142419	0.079839	0.116359	0.149694	0.190353	0.211275	0.006389	0.396018	0.178285	0.017681	0.190353	0.211275	0.006389	0.396018	0.178285	0.017681	0.190353	0.211275	0.006389	0.396018	0.178285	0.017681	0.190353	0.211275	0.006389	0.396018	0.178285	0.017681	0.190353	0.211275	0.006389	0.396018	0.178285	0.017681	1,1,1,1,1,1	2.444656	0.034005	0.034005	0.034005	0.034005	0.034005	0.034005	
305000	-68541.2	1,1,2,3,4,5	4.742477	5.136405	5.136405	6.344177	6.291785	5.841093	5.734037	1,1,2,1,1,2	2.575179	0.050956	0.316210	0.016065	0.616770	0.050956	0.316210	0.016065	0.616770	0.201978	0.400359	0.321929	0.075734	0.050956	0.316210	0.016065	0.616770	0.050956	0.316210	0.016065	0.616770	0.201978	0.400359	0.321929	0.075734	1,2,2,2,2,2	1.146127	0.021857	0.376345	0.108153	0.408007	0.032867	0.052770	0.192335	0.208717	0.005731	0.398634	0.170349	0.024234	0.192335	0.208717	0.005731	0.398634	0.170349	0.024234	0.192335	0.208717	0.005731	0.398634	0.170349	0.024234	0.192335	0.208717	0.005731	0.398634	0.170349	0.024234	0.192335	0.208717	0.005731	0.398634	0.170349	0.024234	1,1,1,1,1,1	0.372968	0.036704	0.036704	0.036704	0.036704	0.036704	0.036704	
306000	-68620.6	1,1,2,2,2,1	0.849787	5.603680	5.603680	6.133075	6.133075	6.133075	5.603680	1,1,2,1,1,2	1.058956	0.049427	0.312305	0.017406	0.620862	0.049427	0.312305	0.017406	0.620862	0.199108	0.405836	0.315435	0.079620	0.049427	0.312305	0.017406	0.620862	0.049427	0.312305	0.017406	0.620862	0.199108	0.405836	0.315435	0.079620	1,2,2,2,2,2	0.637241	0.003219	0.335294	0.127325	0.007022	0.108916	0.418224	0.198419	0.210086	0.003793	0.395016	0.170547	0.022140	0.198419	0.210086	0.003793	0.395016	0.170547	0.022140	0.198419	0.210086	0.003793	0.395016	0.170547	0.022140	0.198419	0.210086	0.003793	0.395016	0.170547	0.022140	0.198419	0.210086	0.003793	0.395016	0.170547	0.022140	1,1,1,1,1,1	0.714601	0.036623	0.036623	0.036623	0.036623	0.036623	0.036623	
307000	-68539.6	1,1,2,2,3,4	1.864516	5.098764	5.098764	6.319255	6.319255	5.860423	5.792229	1,1,2,1,1,2	0.645640	0.053224	0.307255	0.015842	0.623679	0.053224	0.307255	0.015842	0.623679	0.194295	0.407211	0.323921	0.074572	0.053224	0.307255	0.015842	0.623679	0.053224	0.307255	0.015842	0.623679	0.194295	0.407211	0.323921	0.074572	1,2,2,2,2,2	0.244776	0.018692	0.222476	0.096606	0.402533	0.070006	0.189686	0.189217	0.218314	0.004676	0.394817	0.172717	0.020258	0.189217	0.218314	0.004676	0.394817	0.172717	0.020258	0.189217	0.218314	0.004676	0.394817	0.172717	0.020258	0.189217	0.218314	0.004676	0.394817	0.172717	0.020258	0.189217	0.218314	0.004676	0.394817	0.172717	0.020258	1,1,1,1,1,1	1.370400	0.029074	0.029074	0.029074	0.029074	0.029074	0.029074	
308000	-68633.8	1,1,2,3,4,5	2.314735	5.377263	5.377263	6.459668	6.275755	6.022577	6.048593	1,1,2,1,1,2	4.566292	0.052099	0.307759	0.015736	0.624406	0.052099	0.307759	0.015736	0.624406	0.194248	0.407453	0.321958	0.076341	0.052099	0.307759	0.015736	0.624406	0.052099	0.307759	0.015736	0.624406	0.194248	0.407453	0.321958	0.076341	1,2,2,2,2,2	1.163822	0.086174	0.303725	0.053689	0.265584	0.070144	0.220684	0.181934	0.226967	0.004076	0.401523	0.164104	0.021397	0.181934	0.226967	0.004076	0.401523	0.164104	0.021397	0.181934	0.226967	0.004076	0.401523	0.164104	0.021397	0.181934	0.226967	0.004076	0.401523	0.164104	0.021397	0.181934	0.226967	0.004076	0.401523	0.164104	0.021397	1,1,1,1,1,1	0.397951	0.035470	0.035470	0.035470	0.035470	0.035470	0.035470	
309000	-68502.6	1,2,3,4,5,3	2.582926	5.954577	5.312008	6.107832	6.118596	5.893870	6.107832	1,1,2,1,1,2	0.571209	0.053841	0.311562	0.015314	0.619282	0.053841	0.311562	0.015314	0.619282	0.195169	0.403713	0.324892	0.076225	0.053841	0.311562	0.015314	0.619282	0.053841	0.311562	0.015314	0.619282	0.195169	0.403713	0.324892	0.076225	1,2,2,2,2,2	1.407786	0.053720	0.150233	0.222960	0.143861	0.048212	0.381014	0.196390	0.218722	0.005136	0.385308	0.166443	0.028001	0.196390	0.218722	0.005136	0.385308	0.166443	0.028001	0.196390	0.218722	0.005136	0.385308	0.166443	0.028001	0.196390	0.218722	0.005136	0.385308	0.166443	0.028001	0.196390	0.218722	0.005136	0.385308	0.166443	0.028001	1,1,1,1,1,1	1.054145	0.035313	0.035313	0.035313	0.035313	0.035313	0.035313	
310000	-68579.7	1,2,1,1,2,2	0.607099	6.468337	5.760829	6.468337	6.468337	5.760829	5.760829	1,1,2,1,1,2	1.828526	0.055624	0.308475	0.016850	0.619051	0.055624	0.308475	0.016850	0.619051	0.197851	0.406907	0.321516	0.073726	0.055624	0.308475	0.016850	0.619051	0.055624	0.308475	0.016850	0.619051	0.197851	0.406907	0.321516	0.073726	1,2,2,2,2,2	1.364810	0.084466	0.090724	0.454016	0.133742	0.070706	0.166346	0.182972	0.215481	0.003666	0.406842	0.168658	0.022380	0.182972	0.215481	0.003666	0.406842	0.168658	0.022380	0.182972	0.215481	0.003666	0.406842	0.168658	0.022380	0.182972	0.215481	0.003666	0.406842	0.168658	0.022380	0.182972	0.215481	0.003666	0.406842	0.168658	0.022380	1,1,1,1,1,1	0.338776	0.036226	0.036226	0.036226	0.036226	0.036226	0.036226	
311000	-68476.4	1,2,1,1,3,1	0.534174	5.922582	5.677268	5.922582	5.922582	5.862501	5.922582	1,1,2,1,1,2	0.969031	0.050695	0.309805	0.013979	0.625521	0.050695	0.309805	0.013979	0.625521	0.198389	0.408245	0.325075	0.068291	0.050695	0.309805	0.013979	0.625521	0.050695	0.309805	0.013979	0.625521	0.198389	0.408245	0.325075	0.068291	1,2,2,2,2,2	1.112900	0.024093	0.184361	0.112599	0.226565	0.040438	0.411945	0.197144	0.211804	0.005630	0.381747	0.177595	0.026080	0.197144	0.211804	0.005630	0.381747	0.177595	0.026080	0.197144	0.211804	0.005630	0.381747	0.177595	0.026080	0.197144	0.211804	0.005630	0.381747	0.177595	0.026080	0.197144	0.211804	0.005630	0.381747	0.177595	0.026080	1,1,1,1,1,1	1.036212	0.033623	0.033623	0.033623	0.033623	0.033623	0.033623	
312000	-68537.5	1,1,2,2,3,3	2.211162	5.358424	5.358424	6.141054	6.141054	5.638355	5.638355	1,1,2,1,1,2	0.429834	0.052289	0.309632	0.015717	0.622363	0.052289	0.309632	0.015717	0.622363	0.196920	0.405777	0.321148	0.076155	0.052289	0.309632	0.015717	0.622363	0.052289	0.309632	0.015717	0.622363	0.196920	0.405777	0.321148	0.076155	1,2,2,2,2,2	0.814431	0.071123	0.318962	0.124025	0.005460	0.102028	0.378401	0.188287	0.223585	0.003461	0.393316	0.165816	0.025535	0.188287	0.223585	0.003461	0.393316	0.165816	0.025535	0.188287	0.223585	0.003461	0.393316	0.165816	0.025535	0.188287	0.223585	0.003461	0.393316	0.165816	0.025535	0.188287	0.223585	0.003461	0.393316	0.165816	0.025535	1,1,1,1,1,1	0.187391	0.030705	0.030705	0.030705	0.030705	0.030705	0.030705	
313000	-68517.6	1,2,3,4,2,1	2.735876	5.817991	5.718194	6.131611	6.476435	5.718194	5.817991	1,1,2,1,1,2	1.148576	0.047673	0.304782	0.017303	0.630241	0.047673	0.304782	0.017303	0.630241	0.194844	0.409043	0.323769	0.072344	0.047673	0.304782	0.017303	0.630241	0.047673	0.304782	0.017303	0.630241	0.194844	0.409043	0.323769	0.072344	1,2,2,2,2,2	0.842456	0.030993	0.036061	0.436271	0.066809	0.095315	0.334551	0.185564	0.227114	0.004794	0.392401	0.171400	0.018728	0.185564	0.227114	0.004794	0.392401	0.171400	0.018728	0.185564	0.227114	0.004794	0.392401	0.171400	0.018728	0.185564	0.227114	0.004794	0.392401	0.171400	0.018728	0.185564	0.227114	0.004794	0.392401	0.171400	0.018728	1,1,1,1,1,1	0.562773	0.036341	0.036341	0.036341	0.036341	0.036341	0.036341	
314000	-68486.3	1,1,2,3,4,5	3.000822	5.214739	5.214739	6.373518	5.974565	5.632901	5.708720	1,1,2,1,1,2	0.796082	0.053371	0.306671	0.014853	0.625104	0.053371	0.306671	0.014853	0.625104	0.191638	0.418881	0.313075	0.076405	0.053371	0.306671	0.014853	0.625104	0.053371	0.306671	0.014853	0.625104	0.191638	0.418881	0.313075	0.076405	1,2,2,2,2,2	1.607402	0.108020	0.134980	0.145069	0.174879	0.053006	0.384046	0.179296	0.235205	0.004744	0.380060	0.174141	0.026554	0.179296	0.235205	0.004744	0.380060	0.174141	0.026554	0.179296	0.235205	0.004744	0.380060	0.174141	0.026554	0.179296	0.235205	0.004744	0.380060	0.174141	0.026554	0.179296	0.235205	0.004744	0.380060	0.174141	0.026554	1,1,1,1,1,1	0.256356	0.035125	0.035125	0.035125	0.035125	0.035125	0.035125	
315000	-68504.4	1,2,1,3,4,5	1.811487	6.354092	5.713960	6.354092	6.359811	5.893864	5.893006	1,1,2,1,1,2	2.550621	0.049054	0.307713	0.014355	0.628877	0.049054	0.307713	0.014355	0.628877	0.202303	0.402212	0.321690	0.073795	0.049054	0.307713	0.014355	0.628877	0.049054	0.307713	0.014355	0.628877	0.202303	0.402212	0.321690	0.073795	1,2,2,2,2,2	1.383106	0.002629	0.003478	0.136963	0.072244	0.064716	0.719971	0.186142	0.215183	0.007467	0.397861	0.167998	0.025349	0.186142	0.215183	0.007467	0.397861	0.167998	0.025349	0.186142	0.215183	0.007467	0.397861	0.167998	0.025349	0.186142	0.215183	0.007467	0.397861	0.167998	0.025349	0.186142	0.215183	0.007467	0.397861	0.167998	0.025349	1,1,1,1,1,1	0.729248	0.036763	0.036763	0.036763	0.036763	0.036763	0.036763	
316000	-68535	1,1,2,3,4,4	0.939119	5.148510	5.148510	6.410809	6.343657	5.720301	5.720301	1,1,2,1,1,2	1.289844	0.051819	0.305290	0.015305	0.627586	0.051819	0.305290	0.015305	0.627586	0.195864	0.406382	0.320607	0.077147	0.051819	0.305290	0.015305	0.627586	0.051819	0.305290	0.015305	0.627586	0.195864	0.406382	0.320607	0.077147	1,2,2,2,2,2	1.059263	0.012857	0.119566	0.325987	0.012572	0.153508	0.375510	0.184625	0.224154	0.006162	0.389805	0.167208	0.028045	0.184625	0.224154	0.006162	0.389805	0.167208	0.028045	0.184625	0.224154	0.006162	0.389805	0.167208	0.028045	0.184625	0.224154	0.006162	0.389805	0.167208	0.028045	0.184625	0.224154	0.006162	0.389805	0.167208	0.028045	1,1,1,1,1,1	1.338470	0.033837	0.033837	0.033837	0.033837	0.033837	0.033837	
317000	-68527	1,2,1,1,3,3	3.223122	6.103694	5.402454	6.103694	6.103694	5.838529	5.838529	1,1,2,1,1,2	2.473400	0.048211	0.312635	0.016801	0.622354	0.048211	0.312635	0.016801	0.622354	0.199681	0.405139	0.320156	0.075025	0.048211	0.312635	0.016801	0.622354	0.048211	0.312635	0.016801	0.622354	0.199681	0.405139	0.320156	0.075025	1,2,2,2,2,2	0.871619	0.038668	0.038771	0.243554	0.217577	0.121575	0.339856	0.189882	0.219577	0.002639	0.400187	0.163724	0.023990	0.189882	0.219577	0.002639	0.400187	0.163724	0.023990	0.189882	0.219577	0.002639	0.400187	0.163724	0.023990	0.189882	0.219577	0.002639	0.400187	0.163724	0.023990	0.189882	0.219577	0.002639	0.400187	0.163724	0.023990	1,1,1,1,1,1	0.680022	0.038499	0.038499	0.038499	0.038499	0.038499	0.038499	
318000	-68590.5	1,2,3,4,5,5	2.239006	6.722537	5.451532	6.196440	6.324707	5.670937	5.670937	1,1,2,1,1,2	0.899913	0.051371	0.306907	0.015766	0.625956	0.051371	0.306907	0.015766	0.625956	0.195536	0.405256	0.326716	0.072493	0.051371	0.306907	0.015766	0.625956	0.051371	0.306907	0.015766	0.625956	0.195536	0.405256	0.326716	0.072493	1,2,2,2,2,2	2.195714	0.048074	0.404965	0.235333	0.121821	0.084252	0.105556	0.191506	0.216957	0.002926	0.395826	0.171539	0.021245	0.191506	0.216957	0.002926	0.395826	0.171539	0.021245	0.191506	0.216957	0.002926	0.395826	0.171539	0.021245	0.191506	0.216957	0.002926	0.395826	0.171539	0.021245	0.191506	0.216957	0.002926	0.395826	0.171539	0.021245	1,1,1,1,1,1	1.805543	0.034595	0.034595	0.034595	0.034595	0.034595	0.034595	
319000	-68619.7	1,2,3,3,2,2	2.143074	5.756157	5.622381	6.351518	6.351518	5.622381	5.622381	1,1,2,1,1,2	0.584968	0.052860	0.309772	0.015160	0.622208	0.052860	0.309772	0.015160	0.622208	0.185980	0.409137	0.330862	0.074021	0.052860	0.309772	0.015160	0.622208	0.052860	0.309772	0.015160	0.622208	0.185980	0.409137	0.330862	0.074021	1,2,2,2,2,2	1.603876	0.002566	0.233895	0.057103	0.099843	0.053826	0.552767	0.196722	0.211152	0.003332	0.394444	0.173055	0.021296	0.196722	0.211152	0.003332	0.394444	0.173055	0.021296	0.196722	0.211152	0.003332	0.394444	0.173055	0.021296	0.196722	0.211152	0.003332	0.394444	0.173055	0.021296	0.196722	0.211152	0.003332	0.394444	0.173055	0.021296	1,1,1,1,1,1	1.561515	0.031952	0.031952	0.031952	0.031952	0.031952	0.031952	
320000	-68532.8	1,1,2,2,2,3	1.259723	5.522709	5.522709	6.275559	6.275559	6.275559	6.021655	1,1,2,1,1,2	2.170132	0.049104	0.311524	0.015818	0.623554	0.049104	0.311524	0.015818	0.623554	0.194992	0.406221	0.328273	0.070514	0.049104	0.311524	0.015818	0.623554	0.049104	0.311524	0.015818	0.623554	0.194992	0.406221	0.328273	0.070514	1,2,2,2,2,2	0.655237	0.176695	0.063907	0.227109	0.307444	0.059545	0.165301	0.186834	0.220966	0.003502	0.397217	0.171964	0.019517	0.186834	0.220966	0.003502	0.397217	0.171964	0.019517	0.186834	0.220966	0.003502	0.397217	0.171964	0.019517	0.186834	0.220966	0.003502	0.397217	0.171964	0.019517	0.186834	0.220966	0.003502	0.397217	0.171964	0.019517	1,1,1,1,1,1	1.501184	0.035721	0.035721	0.035721	0.035721	0.035721	0.035721	
321000	-68583.8	1,2,3,3,4,5	3.101183	5.117259	5.385665	6.336681	6.336681	5.983879	5.881936	1,1,2,1,1,2	1.332931	0.057325	0.306606	0.015477	0.620592	0.057325	0.306606	0.015477	0.620592	0.204235	0.402096	0.316740	0.076929	0.057325	0.306606	0.015477	0.620592	0.057325	0.306606	0.015477	0.620592	0.204235	0.402096	0.316740	0.076929	1,2,2,2,2,2	1.256938	0.071670	0.098776	0.362169	0.003203	0.186141	0.278040	0.172287	0.219945	0.001357	0.409725	0.166689	0.029997	0.172287	0.219945	0.001357	0.409725	0.166689	0.029997	0.172287	0.219945	0.001357	0.409725	0.166689	0.029997	0.172287	0.219945	0.001357	0.409725	0.166689	0.029997	0.172287	0.219945	0.001357	0.409725	0.166689	0.029997	1,1,1,1,1,1	0.547137	0.033971	0.033971	0.033971	0.033971	0.033971	0.033971	
322000	-68542.6	1,2,3,3,1,1	0.716692	5.751279	5.350637	6.274410	6.274410	5.751279	5.751279	1,1,2,1,1,2	2.468565	0.050738	0.310481	0.020047	0.618733	0.050738	0.310481	0.020047	0.618733	0.199778	0.402565	0.321678	0.075979	0.050738	0.310481	0.020047	0.618733	0.050738	0.310481	0.020047	0.618733	0.199778	0.402565	0.321678	0.075979	1,2,2,2,2,2	2.218598	0.115186	0.328021	0.161882	0.020922	0.054264	0.319725	0.186750	0.218711	0.005088	0.398267	0.170132	0.021052	0.186750	0.218711	0.005088	0.398267	0.170132	0.021052	0.186750	0.218711	0.005088	0.398267	0.170132	0.021052	0.186750	0.218711	0.005088	0.398267	0.170132	0.021052	0.186750	0.218711	0.005088	0.398267	0.170132	0.021052	1,1,1,1,1,1	2.048966	0.037900	0.037900	0.037900	0.037900	0.037900	0.037900	
323000	-68583.1	1,1,2,3,4,3	1.343929	5.504639	5.504639	6.076114	6.037958	5.871939	6.037958	1,1,2,1,1,2	0.482412	0.051314	0.307107	0.014581	0.626998	0.051314	0.307107	0.014581	0.626998	0.210600	0.405115	0.312114	0.072170	0.051314	0.307107	0.014581	0.626998	0.051314	0.307107	0.014581	0.626998	0.210600	0.405115	0.312114	0.072170	1,2,2,2,2,2	1.580300	0.095694	0.286946	0.286027	0.170437	0.085343	0.075553	0.178110	0.211548	0.003957	0.408630	0.175910	0.021846	0.178110	0.211548	0.003957	0.408630	0.175910	0.021846	0.178110	0.211548	0.003957	0.408630	0.175910	0.021846	0.178110	0.211548	0.003957	0.408630	0.175910	0.021846	0.178110	0.211548	0.003957	0.408630	0.175910	0.021846	1,1,1,1,1,1	0.804950	0.034072	0.034072	0.034072	0.034072	0.034072	0.034072	
324000	-68562.6	1,2,3,3,4,5	2.406930	6.724391	5.491521	6.239167	6.239167	6.007766	5.868826	1,1,2,1,1,2	0.254255	0.051209	0.314284	0.016910	0.617597	0.051209	0.314284	0.016910	0.617597	0.202330	0.402027	0.325821	0.069822	0.051209	0.314284	0.016910	0.617597	0.051209	0.314284	0.016910	0.617597	0.202330	0.402027	0.325821	0.069822	1,2,2,2,2,2	1.523969	0.062327	0.440276	0.142358	0.099793	0.022455	0.232791	0.185277	0.210125	0.004727	0.404984	0.170926	0.023961	0.185277	0.210125	0.004727	0.404984	0.170926	0.023961	0.185277	0.210125	0.004727	0.404984	0.170926	0.023961	0.185277	0.210125	0.004727	0.404984	0.170926	0.023961	0.185277	0.210125	0.004727	0.404984	0.170926	0.023961	1,1,1,1,1,1	1.302026	0.034047	0.034047	0.034047	0.034047	0.034047	0.034047	
325000	-68660.5	1,2,3,3,4,5	3.845208	6.805038	5.365095	6.274450	6.274450	5.715353	5.920041	1,1,2,1,1,2	1.280692	0.055047	0.303888	0.016212	0.624853	0.055047	0.303888	0.016212	0.624853	0.189638	0.408370	0.333393	0.068600	0.055047	0.303888	0.016212	0.624853	0.055047	0.303888	0.016212	0.624853	0.189638	0.408370	0.333393	0.068600	1,2,2,2,2,2	1.277884	0.164260	0.350679	0.268665	0.002324	0.084328	0.129745	0.206760	0.196777	0.006063	0.384942	0.183816	0.021643	0.206760	0.196777	0.006063	0.384942	0.183816	0.021643	0.206760	0.196777	0.006063	0.384942	0.183816	0.021643	0.206760	0.196777	0.006063	0.384942	0.183816	0.021643	0.206760	0.196777	0.006063	0.384942	0.183816	0.021643	1,1,1,1,1,1	1.736747	0.035684	0.035684	0.035684	0.035684	0.035684	0.035684	
326000	-68569.5	1,2,3,3,3,4	1.809945	5.284594	5.312905	6.318207	6.318207	6.318207	5.905293	1,1,2,1,1,2	0.398691	0.051635	0.312839	0.017585	0.617941	0.051635	0.312839	0.017585	0.617941	0.205335	0.409633	0.311187	0.073845	0.051635	0.312839	0.017585	0.617941	0.051635	0.312839	0.017585	0.617941	0.205335	0.409633	0.311187	0.073845	1,2,2,2,2,2	3.856762	0.015506	0.570130	0.133904	0.079097	0.085628	0.115735	0.194505	0.209499	0.000524	0.403752	0.169536	0.022184	0.194505	0.209499	0.000524	0.403752	0.169536	0.022184	0.194505	0.209499	0.000524	0.403752	0.169536	0.022184	0.194505	0.209499	0.000524	0.403752	0.169536	0.022184	0.194505	0.209499	0.000524	0.403752	0.169536	0.022184	1,1,1,1,1,1	0.953144	0.036479	0.036479	0.036479	0.036479	0.036479	0.036479	
327000	-68531.1	1,1,2,2,3,4	2.535120	5.558841	5.558841	6.424990	6.424990	6.023828	5.719845	1,1,2,1,1,2	0.571904	0.053740	0.307677	0.016224	0.622360	0.053740	0.307677	0.016224	0.622360	0.202311	0.403219	0.314020	0.080450	0.053740	0.307677	0.016224	0.622360	0.053740	0.307677	0.016224	0.622360	0.202311	0.403219	0.314020	0.080450	1,2,2,2,2,2	1.932140	0.045062	0.050637	0.476645	0.058668	0.130813	0.238174	0.189628	0.212725	0.002060	0.398024	0.176643	0.020920	0.189628	0.212725	0.002060	0.398024	0.176643	0.020920	0.189628	0.212725	0.002060	0.398024	0.176643	0.020920	0.189628	0.212725	0.002060	0.398024	0.176643	0.020920	0.189628	0.212725	0.002060	0.398024	0.176643	0.020920	1,1,1,1,1,1	0.229259	0.035988	0.035988	0.035988	0.035988	0.035988	0.035988	
328000	-68605.1	1,1,2,2,3,4	1.997078	5.309574	5.309574	6.485495	6.485495	6.194360	5.900322	1,1,2,1,1,2	1.732542	0.048499	0.311523	0.015183	0.624795	0.048499	0.311523	0.015183	0.624795	0.200292	0.401279	0.321835	0.076593	0.048499	0.311523	0.015183	0.624795	0.048499	0.311523	0.015183	0.624795	0.200292	0.401279	0.321835	0.076593	1,2,2,2,2,2	1.393422	0.003773	0.122139	0.495055	0.187938	0.097914	0.093181	0.195684	0.203512	0.001834	0.399498	0.174072	0.025400	0.195684	0.203512	0.001834	0.399498	0.174072	0.025400	0.195684	0.203512	0.001834	0.399498	0.174072	0.025400	0.195684	0.203512	0.001834	0.399498	0.174072	0.025400	0.195684	0.203512	0.001834	0.399498	0.174072	0.025400	1,1,1,1,1,1	0.484055	0.037204	0.037204	0.037204	0.037204	0.037204	0.037204	
329000	-68513.4	1,2,3,4,3,5	0.879853	4.988361	5.493940	6.088438	6.264022	6.088438	5.854798	1,1,2,1,1,2	1.996676	0.054010	0.311723	0.015047	0.619220	0.054010	0.311723	0.015047	0.619220	0.203516	0.400709	0.321952	0.073822	0.054010	0.311723	0.015047	0.619220	0.054010	0.311723	0.015047	0.619220	0.203516	0.400709	0.321952	0.073822	1,2,2,2,2,2	1.476599	0.100455	0.377011	0.095661	0.152131	0.053082	0.221659	0.182786	0.214636	0.004328	0.404347	0.170296	0.023607	0.182786	0.214636	0.004328	0.404347	0.170296	0.023607	0.182786	0.214636	0.004328	0.404347	0.170296	0.023607	0.182786	0.214636	0.004328	0.404347	0.170296	0.023607	0.182786	0.214636	0.004328	0.404347	0.170296	0.023607	1,1,1,1,1,1	1.714970	0.036488	0.036488	0.036488	0.036488	0.036488	0.036488	
330000	-68527.6	1,1,2,2,3,3	1.963878	5.259257	5.259257	6.430313	6.430313	5.931348	5.931348	1,1,2,1,1,2	2.203512	0.054922	0.309629	0.015236	0.620214	0.054922	0.309629	0.015236	0.620214	0.189727	0.407540	0.328622	0.074110	0.054922	0.309629	0.015236	0.620214	0.054922	0.309629	0.015236	0.620214	0.189727	0.407540	0.328622	0.074110	1,2,2,2,2,2	1.681598	0.062699	0.201291	0.091859	0.420855	0.059198	0.164099	0.189781	0.213543	0.005987	0.393766	0.181430	0.015493	0.189781	0.213543	0.005987	0.393766	0.181430	0.015493	0.189781	0.213543	0.005987	0.393766	0.181430	0.015493	0.189781	0.213543	0.005987	0.393766	0.181430	0.015493	0.189781	0.213543	0.005987	0.393766	0.181430	0.015493	1,1,1,1,1,1	0.618819	0.035085	0.035085	0.035085	0.035085	0.035085	0.035085	
331000	-68514.5	1,1,2,2,3,4	3.240515	5.103645	5.103645	6.103375	6.103375	5.984189	5.714024	1,1,2,1,1,2	1.698183	0.054506	0.305166	0.016151	0.624177	0.054506	0.305166	0.016151	0.624177	0.203407	0.402113	0.318853	0.075626	0.054506	0.305166	0.016151	0.624177	0.054506	0.305166	0.016151	0.624177	0.203407	0.402113	0.318853	0.075626	1,2,2,2,2,2	0.695586	0.131092	0.061841	0.293872	0.196582	0.117401	0.199212	0.190494	0.212526	0.005891	0.402554	0.166541	0.021993	0.190494	0.212526	0.005891	0.402554	0.166541	0.021993	0.190494	0.212526	0.005891	0.402554	0.166541	0.021993	0.190494	0.212526	0.005891	0.402554	0.166541	0.021993	0.190494	0.212526	0.005891	0.402554	0.166541	0.021993	1,1,1,1,1,1	0.205838	0.035809	0.035809	0.035809	0.035809	0.035809	0.035809	
332000	-68490.7	1,1,2,2,3,4	2.342012	5.580049	5.580049	6.292683	6.292683	5.807494	6.025394	1,1,2,1,1,2	1.734802	0.048406	0.312564	0.014882	0.624148	0.048406	0.312564	0.014882	0.624148	0.197821	0.409551	0.320258	0.072370	0.048406	0.312564	0.014882	0.624148	0.048406	0.312564	0.014882	0.624148	0.197821	0.409551	0.320258	0.072370	1,2,2,2,2,2	1.385510	0.009487	0.002865	0.165507	0.348822	0.066700	0.406619	0.190546	0.198984	0.005384	0.400912	0.175547	0.028627	0.190546	0.198984	0.005384	0.400912	0.175547	0.028627	0.190546	0.198984	0.005384	0.400912	0.175547	0.028627	0.190546	0.198984	0.005384	0.400912	0.175547	0.028627	0.190546	0.198984	0.005384	0.400912	0.175547	0.028627	1,1,1,1,1,1	0.728846	0.032160	0.032160	0.032160	0.032160	0.032160	0.032160	
333000	-68466.7	1,1,2,3,4,5	1.032355	5.386886	5.386886	6.444587	6.570158	5.794249	5.861799	1,1,2,1,1,2	2.377896	0.050146	0.317067	0.013204	0.619584	0.050146	0.317067	0.013204	0.619584	0.197744	0.406576	0.325159	0.070521	0.050146	0.317067	0.013204	0.619584	0.050146	0.317067	0.013204	0.619584	0.197744	0.406576	0.325159	0.070521	1,2,2,2,2,2	2.121280	0.052310	0.055859	0.160582	0.166861	0.070510	0.493877	0.182803	0.217685	0.001413	0.405269	0.170951	0.021880	0.182803	0.217685	0.001413	0.405269	0.170951	0.021880	0.182803	0.217685	0.001413	0.405269	0.170951	0.021880	0.182803	0.217685	0.001413	0.405269	0.170951	0.021880	0.182803	0.217685	0.001413	0.405269	0.170951	0.021880	1,1,1,1,1,1	0.450855	0.031924	0.031924	0.031924	0.031924	0.031924	0.031924	
334000	-68483.8	1,1,2,2,3,3	1.718238	5.271981	5.271981	6.280653	6.280653	5.903351	5.903351	1,1,2,1,1,2	2.366379	0.051297	0.311918	0.015376	0.621410	0.051297	0.311918	0.015376	0.621410	0.197057	0.407786	0.319328	0.075830	0.051297	0.311918	0.015376	0.621410	0.051297	0.311918	0.015376	0.621410	0.197057	0.407786	0.319328	0.075830	1,2,2,2,2,2	0.237613	0.088036	0.290865	0.205256	0.184730	0.065367	0.165745	0.190392	0.220737	0.005137	0.389116	0.177917	0.016701	0.190392	0.220737	0.005137	0.389116	0.177917	0.016701	0.190392	0.220737	0.005137	0.389116	0.177917	0.016701	0.190392	0.220737	0.005137	0.389116	0.177917	0.016701	0.190392	0.220737	0.005137	0.389116	0.177917	0.016701	1,1,1,1,2,1	0.534955	0.037464	0.037464	0.037464	0.037464	0.006758	0.037464	
335000	-68522.9	1,2,3,3,4,4	2.941572	6.039123	5.502563	6.287529	6.287529	6.025992	6.025992	1,1,2,1,1,2	3.203523	0.052247	0.303952	0.015484	0.628317	0.052247	0.303952	0.015484	0.628317	0.192909	0.404710	0.325582	0.076800	0.052247	0.303952	0.015484	0.628317	0.052247	0.303952	0.015484	0.628317	0.192909	0.404710	0.325582	0.076800	1,2,2,2,2,2	1.021676	0.018683	0.369606	0.079116	0.440001	0.026971	0.065624	0.184196	0.218135	0.002372	0.397494	0.178092	0.019711	0.184196	0.218135	0.002372	0.397494	0.178092	0.019711	0.184196	0.218135	0.002372	0.397494	0.178092	0.019711	0.184196	0.218135	0.002372	0.397494	0.178092	0.019711	0.184196	0.218135	0.002372	0.397494	0.178092	0.019711	1,1,1,1,1,1	1.267720	0.032880	0.032880	0.032880	0.032880	0.032880	0.032880	
336000	-68604.9	1,2,3,3,4,5	3.389107	6.520126	5.780029	6.226214	6.226214	5.773256	5.726606	1,1,2,1,1,2	0.495982	0.047698	0.305493	0.015503	0.631306	0.047698	0.305493	0.015503	0.631306	0.196431	0.407799	0.319865	0.075905	0.047698	0.305493	0.015503	0.631306	0.047698	0.305493	0.015503	0.631306	0.196431	0.407799	0.319865	0.075905	1,2,2,2,2,2	0.919994	0.076770	0.036600	0.371821	0.265586	0.043668	0.205555	0.192570	0.226014	0.004650	0.380377	0.171333	0.025057	0.192570	0.226014	0.004650	0.380377	0.171333	0.025057	0.192570	0.226014	0.004650	0.380377	0.171333	0.025057	0.192570	0.226014	0.004650	0.380377	0.171333	0.025057	0.192570	0.226014	0.004650	0.380377	0.171333	0.025057	1,1,1,1,1,1	0.900433	0.036193	0.036193	0.036193	0.036193	0.036193	0.036193	
337000	-68613	1,1,2,2,3,4	1.960649	5.133816	5.133816	6.234356	6.234356	5.903533	5.926018	1,1,2,1,1,2	0.512357	0.056193	0.310523	0.015319	0.617964	0.056193	0.310523	0.015319	0.617964	0.203300	0.399254	0.326478	0.070968	0.056193	0.310523	0.015319	0.617964	0.056193	0.310523	0.015319	0.617964	0.203300	0.399254	0.326478	0.070968	1,2,2,2,2,2	1.493637	0.228073	0.016412	0.196618	0.175924	0.164508	0.218465	0.191660	0.206242	0.006580	0.390206	0.184563	0.020749	0.191660	0.206242	0.006580	0.390206	0.184563	0.020749	0.191660	0.206242	0.006580	0.390206	0.184563	0.020749	0.191660	0.206242	0.006580	0.390206	0.184563	0.020749	0.191660	0.206242	0.006580	0.390206	0.184563	0.020749	1,1,1,1,1,1	0.658376	0.033145	0.033145	0.033145	0.033145	0.033145	0.033145	
338000	-68480.4	1,1,2,2,3,3	2.361158	5.396128	5.396128	6.275147	6.275147	5.784294	5.784294	1,1,2,1,1,2	1.846276	0.049017	0.311250	0.015167	0.624566	0.049017	0.311250	0.015167	0.624566	0.201454	0.407957	0.319710	0.070880	0.049017	0.311250	0.015167	0.624566	0.049017	0.311250	0.015167	0.624566	0.201454	0.407957	0.319710	0.070880	1,2,2,2,2,2	0.812328	0.098579	0.125731	0.225164	0.104903	0.079385	0.366239	0.191618	0.213417	0.005290	0.395078	0.177142	0.017456	0.191618	0.213417	0.005290	0.395078	0.177142	0.017456	0.191618	0.213417	0.005290	0.395078	0.177142	0.017456	0.191618	0.213417	0.005290	0.395078	0.177142	0.017456	0.191618	0.213417	0.005290	0.395078	0.177142	0.017456	1,1,1,1,1,1	0.906684	0.033816	0.033816	0.033816	0.033816	0.033816	0.033816	
339000	-68536.9	1,2,3,3,4,5	2.833086	5.331019	5.580040	6.397319	6.397319	6.130533	6.044783	1,1,2,1,1,2	0.628458	0.046049	0.318478	0.014875	0.620598	0.046049	0.318478	0.014875	0.620598	0.192515	0.411165	0.323047	0.073273	0.046049	0.318478	0.014875	0.620598	0.046049	0.318478	0.014875	0.620598	0.192515	0.411165	0.323047	0.073273	1,2,2,2,2,2	2.406304	0.105578	0.285609	0.201168	0.175935	0.091507	0.140203	0.188831	0.217919	0.004661	0.395158	0.173408	0.020023	0.188831	0.217919	0.004661	0.395158	0.173408	0.020023	0.188831	0.217919	0.004661	0.395158	0.173408	0.020023	0.188831	0.217919	0.004661	0.395158	0.173408	0.020023	0.188831	0.217919	0.004661	0.395158	0.173408	0.020023	1,1,1,1,1,1	0.555191	0.031055	0.031055	0.031055	0.031055	0.031055	0.031055	
340000	-68559.2	1,1,2,2,3,3	0.682987	5.360846	5.360846	6.358949	6.358949	5.937531	5.937531	1,1,2,1,1,2	1.271183	0.054865	0.303658	0.014581	0.626895	0.054865	0.303658	0.014581	0.626895	0.203375	0.403037	0.325429	0.068160	0.054865	0.303658	0.014581	0.626895	0.054865	0.303658	0.014581	0.626895	0.203375	0.403037	0.325429	0.068160	1,2,2,2,2,2	1.979208	0.038729	0.055243	0.202630	0.456981	0.114245	0.132171	0.184781	0.207151	0.005466	0.400263	0.173536	0.028803	0.184781	0.207151	0.005466	0.400263	0.173536	0.028803	0.184781	0.207151	0.005466	0.400263	0.173536	0.028803	0.184781	0.207151	0.005466	0.400263	0.173536	0.028803	0.184781	0.207151	0.005466	0.400263	0.173536	0.028803	1,1,1,1,1,1	1.112549	0.034369	0.034369	0.034369	0.034369	0.034369	0.034369	
341000	-68576.1	1,2,3,3,4,5	2.633620	5.398073	5.332353	6.496463	6.496463	6.028801	5.978594	1,1,2,1,1,2	0.460702	0.050631	0.315458	0.016190	0.617721	0.050631	0.315458	0.016190	0.617721	0.198356	0.404253	0.328224	0.069167	0.050631	0.315458	0.016190	0.617721	0.050631	0.315458	0.016190	0.617721	0.198356	0.404253	0.328224	0.069167	1,2,2,2,2,2	1.534092	0.077440	0.321959	0.268841	0.220335	0.060946	0.050480	0.193808	0.203233	0.002599	0.399338	0.176386	0.024635	0.193808	0.203233	0.002599	0.399338	0.176386	0.024635	0.193808	0.203233	0.002599	0.399338	0.176386	0.024635	0.193808	0.203233	0.002599	0.399338	0.176386	0.024635	0.193808	0.203233	0.002599	0.399338	0.176386	0.024635	1,2,2,2,2,1	1.429101	0.033836	0.036187	0.036187	0.036187	0.036187	0.033836	
342000	-68657	1,2,3,4,5,5	3.404031	6.722046	5.300691	6.564508	6.273318	5.927768	5.927768	1,1,2,1,1,2	0.685057	0.052831	0.303332	0.016877	0.626960	0.052831	0.303332	0.016877	0.626960	0.199793	0.401559	0.323318	0.075329	0.052831	0.303332	0.016877	0.626960	0.052831	0.303332	0.016877	0.626960	0.199793	0.401559	0.323318	0.075329	1,2,2,2,2,2	0.397874	0.156731	0.117882	0.180348	0.451291	0.055515	0.038232	0.187017	0.218603	0.003882	0.402349	0.165621	0.022527	0.187017	0.218603	0.003882	0.402349	0.165621	0.022527	0.187017	0.218603	0.003882	0.402349	0.165621	0.022527	0.187017	0.218603	0.003882	0.402349	0.165621	0.022527	0.187017	0.218603	0.003882	0.402349	0.165621	0.022527	1,1,1,1,1,1	0.504009	0.031416	0.031416	0.031416	0.031416	0.031416	0.031416	
343000	-68500	1,2,3,4,5,6	2.023922	5.547103	5.493039	6.481260	6.249576	5.797904	6.107795	1,1,2,1,1,2	0.502506	0.047339	0.315308	0.015110	0.622242	0.047339	0.315308	0.015110	0.622242	0.204816	0.402908	0.323415	0.068862	0.047339	0.315308	0.015110	0.622242	0.047339	0.315308	0.015110	0.622242	0.204816	0.402908	0.323415	0.068862	1,2,2,2,2,2	1.350149	0.036927	0.054424	0.241774	0.396816	0.083117	0.186943	0.194487	0.204430	0.004034	0.399467	0.176662	0.020919	0.194487	0.204430	0.004034	0.399467	0.176662	0.020919	0.194487	0.204430	0.004034	0.399467	0.176662	0.020919	0.194487	0.204430	0.004034	0.399467	0.176662	0.020919	0.194487	0.204430	0.004034	0.399467	0.176662	0.020919	1,1,1,1,1,1	0.489590	0.033757	0.033757	0.033757	0.033757	0.033757	0.033757	
344000	-68509.6	1,2,3,3,4,5	4.349255	5.391176	5.792448	6.433363	6.433363	6.136318	5.694548	1,1,2,1,1,2	1.713090	0.051464	0.310121	0.016575	0.621840	0.051464	0.310121	0.016575	0.621840	0.203254	0.394438	0.328014	0.074294	0.051464	0.310121	0.016575	0.621840	0.051464	0.310121	0.016575	0.621840	0.203254	0.394438	0.328014	0.074294	1,2,2,2,2,2	2.405287	0.165955	0.004372	0.320779	0.129683	0.091119	0.288092	0.187649	0.217632	0.004461	0.398629	0.174959	0.016670	0.187649	0.217632	0.004461	0.398629	0.174959	0.016670	0.187649	0.217632	0.004461	0.398629	0.174959	0.016670	0.187649	0.217632	0.004461	0.398629	0.174959	0.016670	0.187649	0.217632	0.004461	0.398629	0.174959	0.016670	1,1,1,1,1,1	0.868914	0.035319	0.035319	0.035319	0.035319	0.035319	0.035319	
345000	-68525.3	1,2,3,4,5,3	1.154142	5.803507	5.458810	6.164730	6.144295	6.215148	6.164730	1,1,2,1,1,2	0.843314	0.055894	0.308355	0.017381	0.618370	0.055894	0.308355	0.017381	0.618370	0.202600	0.397446	0.324179	0.075775	0.055894	0.308355	0.017381	0.618370	0.055894	0.308355	0.017381	0.618370	0.202600	0.397446	0.324179	0.075775	1,2,2,2,2,2	0.732372	0.075831	0.244048	0.237679	0.217395	0.054051	0.170996	0.184220	0.223255	0.005762	0.390479	0.176491	0.019793	0.184220	0.223255	0.005762	0.390479	0.176491	0.019793	0.184220	0.223255	0.005762	0.390479	0.176491	0.019793	0.184220	0.223255	0.005762	0.390479	0.176491	0.019793	0.184220	0.223255	0.005762	0.390479	0.176491	0.019793	1,1,1,1,1,1	0.199565	0.033375	0.033375	0.033375	0.033375	0.033375	0.033375	
346000	-68545.3	1,2,3,4,5,5	2.553696	4.860434	5.364308	6.266721	6.360480	5.948072	5.948072	1,1,2,1,1,2	1.707656	0.051839	0.301784	0.015767	0.630609	0.051839	0.301784	0.015767	0.630609	0.191024	0.407299	0.329437	0.072240	0.051839	0.301784	0.015767	0.630609	0.051839	0.301784	0.015767	0.630609	0.191024	0.407299	0.329437	0.072240	1,2,2,2,2,2	1.688259	0.037476	0.448970	0.061186	0.270100	0.048726	0.133541	0.190654	0.218247	0.004462	0.377494	0.180291	0.028851	0.190654	0.218247	0.004462	0.377494	0.180291	0.028851	0.190654	0.218247	0.004462	0.377494	0.180291	0.028851	0.190654	0.218247	0.004462	0.377494	0.180291	0.028851	0.190654	0.218247	0.004462	0.377494	0.180291	0.028851	1,1,1,1,1,1	0.995237	0.031635	0.031635	0.031635	0.031635	0.031635	0.031635	
347000	-68574	1,2,1,1,3,3	0.946786	6.211054	5.441755	6.211054	6.211054	5.865166	5.865166	1,1,2,1,1,2	1.992774	0.052587	0.309921	0.014376	0.623116	0.052587	0.309921	0.014376	0.623116	0.197961	0.401055	0.331007	0.069977	0.052587	0.309921	0.014376	0.623116	0.052587	0.309921	0.014376	0.623116	0.197961	0.401055	0.331007	0.069977	1,2,2,2,2,2	1.469021	0.147931	0.106920	0.355040	0.108449	0.097526	0.184134	0.190994	0.213524	0.006719	0.394266	0.175415	0.019081	0.190994	0.213524	0.006719	0.394266	0.175415	0.019081	0.190994	0.213524	0.006719	0.394266	0.175415	0.019081	0.190994	0.213524	0.006719	0.394266	0.175415	0.019081	0.190994	0.213524	0.006719	0.394266	0.175415	0.019081	1,1,1,1,1,1	1.194373	0.034728	0.034728	0.034728	0.034728	0.034728	0.034728	
348000	-68611.4	1,1,2,3,4,4	2.663328	5.288152	5.288152	6.693407	6.524507	6.019421	6.019421	1,1,2,1,1,2	0.949197	0.050434	0.307943	0.017005	0.624619	0.050434	0.307943	0.017005	0.624619	0.201148	0.406400	0.315019	0.077433	0.050434	0.307943	0.017005	0.624619	0.050434	0.307943	0.017005	0.624619	0.201148	0.406400	0.315019	0.077433	1,2,2,2,2,2	2.457597	0.048813	0.042886	0.417488	0.183489	0.195623	0.111701	0.192846	0.217070	0.005715	0.393999	0.167736	0.022636	0.192846	0.217070	0.005715	0.393999	0.167736	0.022636	0.192846	0.217070	0.005715	0.393999	0.167736	0.022636	0.192846	0.217070	0.005715	0.393999	0.167736	0.022636	0.192846	0.217070	0.005715	0.393999	0.167736	0.022636	1,1,1,1,1,1	1.115705	0.035468	0.035468	0.035468	0.035468	0.035468	0.035468	
349000	-68520.6	1,2,3,3,4,1	1.158234	5.632320	5.514007	6.362813	6.362813	6.317775	5.632320	1,1,2,1,1,2	1.465758	0.054382	0.305025	0.016451	0.624142	0.054382	0.305025	0.016451	0.624142	0.195880	0.408109	0.322630	0.073381	0.054382	0.305025	0.016451	0.624142	0.054382	0.305025	0.016451	0.624142	0.195880	0.408109	0.322630	0.073381	1,2,2,2,2,2	2.365615	0.041027	0.280155	0.052353	0.371951	0.027887	0.226628	0.189602	0.211372	0.005494	0.389623	0.183096	0.020813	0.189602	0.211372	0.005494	0.389623	0.183096	0.020813	0.189602	0.211372	0.005494	0.389623	0.183096	0.020813	0.189602	0.211372	0.005494	0.389623	0.183096	0.020813	0.189602	0.211372	0.005494	0.389623	0.183096	0.020813	1,1,1,1,1,1	1.139588	0.035666	0.035666	0.035666	0.035666	0.035666	0.035666	
350000	-68518.8	1,1,2,3,4,5	2.970890	5.074299	5.074299	6.322198	6.101057	5.927440	5.967513	1,1,2,1,1,2	1.113551	0.047690	0.305886	0.013284	0.633140	0.047690	0.305886	0.013284	0.633140	0.193050	0.407567	0.324969	0.074413	0.047690	0.305886	0.013284	0.633140	0.047690	0.305886	0.013284	0.633140	0.193050	0.407567	0.324969	0.074413	1,2,2,2,2,2	2.049150	0.095311	0.290126	0.195750	0.184474	0.080880	0.153459	0.198236	0.211573	0.007000	0.378401	0.174871	0.029918	0.198236	0.211573	0.007000	0.378401	0.174871	0.029918	0.198236	0.211573	0.007000	0.378401	0.174871	0.029918	0.198236	0.211573	0.007000	0.378401	0.174871	0.029918	0.198236	0.211573	0.007000	0.378401	0.174871	0.029918	1,1,1,1,1,1	0.614966	0.033729	0.033729	0.033729	0.033729	0.033729	0.033729	
351000	-68491.6	1,1,2,3,4,4	3.678007	5.386517	5.386517	6.226188	6.468232	5.832944	5.832944	1,1,2,1,1,2	1.774585	0.051454	0.307036	0.017594	0.623917	0.051454	0.307036	0.017594	0.623917	0.199854	0.407653	0.317020	0.075473	0.051454	0.307036	0.017594	0.623917	0.051454	0.307036	0.017594	0.623917	0.199854	0.407653	0.317020	0.075473	1,2,2,2,2,2	1.482024	0.011240	0.075531	0.292921	0.090734	0.105271	0.424303	0.180887	0.216450	0.002163	0.404441	0.168208	0.027851	0.180887	0.216450	0.002163	0.404441	0.168208	0.027851	0.180887	0.216450	0.002163	0.404441	0.168208	0.027851	0.180887	0.216450	0.002163	0.404441	0.168208	0.027851	0.180887	0.216450	0.002163	0.404441	0.168208	0.027851	1,1,1,1,1,1	0.503923	0.033704	0.033704	0.033704	0.033704	0.033704	0.033704	
352000	-68560.7	1,1,2,3,4,5	2.314487	5.478346	5.478346	6.393744	6.143244	6.002647	5.746152	1,1,2,1,1,2	1.753627	0.051023	0.311190	0.017070	0.620716	0.051023	0.311190	0.017070	0.620716	0.205285	0.397454	0.321286	0.075975	0.051023	0.311190	0.017070	0.620716	0.051023	0.311190	0.017070	0.620716	0.205285	0.397454	0.321286	0.075975	1,2,2,2,2,2	0.996088	0.104282	0.047901	0.433686	0.200629	0.101151	0.112352	0.188237	0.217720	0.002593	0.403454	0.169220	0.018776	0.188237	0.217720	0.002593	0.403454	0.169220	0.018776	0.188237	0.217720	0.002593	0.403454	0.169220	0.018776	0.188237	0.217720	0.002593	0.403454	0.169220	0.018776	0.188237	0.217720	0.002593	0.403454	0.169220	0.018776	1,1,1,1,1,1	0.510963	0.036603	0.036603	0.036603	0.036603	0.036603	0.036603	
353000	-68488.5	1,1,2,3,4,5	3.401241	5.371290	5.371290	6.492441	6.457884	5.892210	5.852258	1,1,2,1,1,2	0.723586	0.054479	0.315498	0.015375	0.614648	0.054479	0.315498	0.015375	0.614648	0.212090	0.396255	0.316626	0.075028	0.054479	0.315498	0.015375	0.614648	0.054479	0.315498	0.015375	0.614648	0.212090	0.396255	0.316626	0.075028	1,2,2,2,2,2	0.775480	0.077328	0.090687	0.203037	0.325038	0.091949	0.211962	0.173113	0.210613	0.006009	0.416916	0.170100	0.023248	0.173113	0.210613	0.006009	0.416916	0.170100	0.023248	0.173113	0.210613	0.006009	0.416916	0.170100	0.023248	0.173113	0.210613	0.006009	0.416916	0.170100	0.023248	0.173113	0.210613	0.006009	0.416916	0.170100	0.023248	1,1,1,1,1,1	1.060406	0.033305	0.033305	0.033305	0.033305	0.033305	0.033305	
354000	-68579.1	1,2,1,1,3,4	1.180384	6.500258	5.727425	6.500258	6.500258	5.819853	5.878329	1,1,2,1,1,2	1.542695	0.049103	0.307265	0.016728	0.626905	0.049103	0.307265	0.016728	0.626905	0.196812	0.409786	0.326731	0.066671	0.049103	0.307265	0.016728	0.626905	0.049103	0.307265	0.016728	0.626905	0.196812	0.409786	0.326731	0.066671	1,2,2,2,2,2	1.745885	0.070916	0.280825	0.133332	0.337622	0.020410	0.156895	0.186325	0.208216	0.008196	0.395333	0.174287	0.027642	0.186325	0.208216	0.008196	0.395333	0.174287	0.027642	0.186325	0.208216	0.008196	0.395333	0.174287	0.027642	0.186325	0.208216	0.008196	0.395333	0.174287	0.027642	0.186325	0.208216	0.008196	0.395333	0.174287	0.027642	1,1,1,1,1,1	1.362834	0.032337	0.032337	0.032337	0.032337	0.032337	0.032337	
355000	-68608.3	1,2,3,3,4,4	1.988966	5.143713	5.591419	6.386775	6.386775	5.713189	5.713189	1,1,2,1,1,2	3.174846	0.051451	0.308101	0.016726	0.623721	0.051451	0.308101	0.016726	0.623721	0.204580	0.402813	0.319385	0.073223	0.051451	0.308101	0.016726	0.623721	0.051451	0.308101	0.016726	0.623721	0.204580	0.402813	0.319385	0.073223	1,2,2,2,2,2	1.152642	0.188431	0.150692	0.358750	0.055816	0.135139	0.111172	0.182905	0.222384	0.008126	0.388339	0.174154	0.024093	0.182905	0.222384	0.008126	0.388339	0.174154	0.024093	0.182905	0.222384	0.008126	0.388339	0.174154	0.024093	0.182905	0.222384	0.008126	0.388339	0.174154	0.024093	0.182905	0.222384	0.008126	0.388339	0.174154	0.024093	1,1,1,1,1,2	0.433092	0.037091	0.037091	0.037091	0.037091	0.037091	0.016103	
356000	-68649.8	1,1,2,3,4,5	1.293279	5.385656	5.385656	6.334419	6.346352	5.796388	5.809560	1,1,2,1,1,2	2.232401	0.049837	0.298213	0.020648	0.631302	0.049837	0.298213	0.020648	0.631302	0.191549	0.402762	0.326072	0.079617	0.049837	0.298213	0.020648	0.631302	0.049837	0.298213	0.020648	0.631302	0.191549	0.402762	0.326072	0.079617	1,2,2,2,2,2	0.798664	0.090198	0.086869	0.264135	0.390149	0.039308	0.129340	0.194829	0.219098	0.004464	0.392382	0.171486	0.017741	0.194829	0.219098	0.004464	0.392382	0.171486	0.017741	0.194829	0.219098	0.004464	0.392382	0.171486	0.017741	0.194829	0.219098	0.004464	0.392382	0.171486	0.017741	0.194829	0.219098	0.004464	0.392382	0.171486	0.017741	1,1,1,1,1,1	0.215809	0.040992	0.040992	0.040992	0.040992	0.040992	0.040992	
357000	-68520.6	1,2,3,4,5,6	5.132073	4.876303	5.292068	6.429323	5.970088	6.087726	5.799412	1,1,2,1,1,2	1.124765	0.051009	0.309003	0.017347	0.622641	0.051009	0.309003	0.017347	0.622641	0.200800	0.404704	0.323978	0.070517	0.051009	0.309003	0.017347	0.622641	0.051009	0.309003	0.017347	0.622641	0.200800	0.404704	0.323978	0.070517	1,2,2,2,2,2	0.772427	0.078579	0.063201	0.326320	0.033725	0.153502	0.344673	0.194376	0.197468	0.007915	0.393493	0.181290	0.025457	0.194376	0.197468	0.007915	0.393493	0.181290	0.025457	0.194376	0.197468	0.007915	0.393493	0.181290	0.025457	0.194376	0.197468	0.007915	0.393493	0.181290	0.025457	0.194376	0.197468	0.007915	0.393493	0.181290	0.025457	1,1,1,1,1,1	0.834725	0.038972	0.038972	0.038972	0.038972	0.038972	0.038972	
358000	-68578.7	1,2,1,1,3,3	0.818678	6.490672	5.638657	6.490672	6.490672	6.069477	6.069477	1,1,2,1,1,2	1.373385	0.052188	0.305536	0.016553	0.625723	0.052188	0.305536	0.016553	0.625723	0.196168	0.403150	0.325153	0.075530	0.052188	0.305536	0.016553	0.625723	0.052188	0.305536	0.016553	0.625723	0.196168	0.403150	0.325153	0.075530	1,2,2,2,2,2	0.598845	0.071229	0.220314	0.105445	0.435843	0.020081	0.147090	0.189802	0.210511	0.006570	0.396202	0.176427	0.020488	0.189802	0.210511	0.006570	0.396202	0.176427	0.020488	0.189802	0.210511	0.006570	0.396202	0.176427	0.020488	0.189802	0.210511	0.006570	0.396202	0.176427	0.020488	0.189802	0.210511	0.006570	0.396202	0.176427	0.020488	1,1,1,1,1,1	0.367385	0.036582	0.036582	0.036582	0.036582	0.036582	0.036582	
359000	-68506.3	1,2,3,4,5,4	2.308731	5.458401	5.440051	6.565803	6.125994	5.723144	6.125994	1,1,2,1,1,2	1.390268	0.051493	0.309120	0.015477	0.623910	0.051493	0.309120	0.015477	0.623910	0.197975	0.410631	0.318966	0.072428	0.051493	0.309120	0.015477	0.623910	0.051493	0.309120	0.015477	0.623910	0.197975	0.410631	0.318966	0.072428	1,2,2,2,2,2	0.309585	0.000601	0.160528	0.201414	0.119654	0.085193	0.432610	0.192405	0.225345	0.008533	0.388180	0.166242	0.019295	0.192405	0.225345	0.008533	0.388180	0.166242	0.019295	0.192405	0.225345	0.008533	0.388180	0.166242	0.019295	0.192405	0.225345	0.008533	0.388180	0.166242	0.019295	0.192405	0.225345	0.008533	0.388180	0.166242	0.019295	1,1,1,1,1,1	0.574062	0.037589	0.037589	0.037589	0.037589	0.037589	0.037589	
360000	-68641.9	1,2,3,3,4,5	3.898187	4.820831	5.235256	6.383839	6.383839	5.874136	5.968862	1,1,2,1,1,2	1.474022	0.051597	0.308272	0.017695	0.622436	0.051597	0.308272	0.017695	0.622436	0.197832	0.410515	0.321740	0.069913	0.051597	0.308272	0.017695	0.622436	0.051597	0.308272	0.017695	0.622436	0.197832	0.410515	0.321740	0.069913	1,2,2,2,2,2	1.346123	0.054015	0.245160	0.311297	0.155695	0.167377	0.066456	0.185253	0.226045	0.005021	0.389497	0.168234	0.025949	0.185253	0.226045	0.005021	0.389497	0.168234	0.025949	0.185253	0.226045	0.005021	0.389497	0.168234	0.025949	0.185253	0.226045	0.005021	0.389497	0.168234	0.025949	0.185253	0.226045	0.005021	0.389497	0.168234	0.025949	1,1,1,1,1,1	0.761554	0.034985	0.034985	0.034985	0.034985	0.034985	0.034985	
361000	-68564.6	1,1,2,3,2,4	1.916300	5.320464	5.320464	6.205648	6.435257	6.205648	6.289695	1,1,2,1,1,2	2.124573	0.049776	0.304440	0.016595	0.629189	0.049776	0.304440	0.016595	0.629189	0.192301	0.410153	0.323431	0.074115	0.049776	0.304440	0.016595	0.629189	0.049776	0.304440	0.016595	0.629189	0.192301	0.410153	0.323431	0.074115	1,2,2,2,2,2	0.216373	0.022234	0.075592	0.378921	0.203980	0.159316	0.159956	0.191121	0.219050	0.005773	0.392442	0.168137	0.023478	0.191121	0.219050	0.005773	0.392442	0.168137	0.023478	0.191121	0.219050	0.005773	0.392442	0.168137	0.023478	0.191121	0.219050	0.005773	0.392442	0.168137	0.023478	0.191121	0.219050	0.005773	0.392442	0.168137	0.023478	1,1,1,1,1,1	0.574263	0.033937	0.033937	0.033937	0.033937	0.033937	0.033937	
362000	-68525.4	1,2,3,3,3,4	2.004530	6.723999	5.557507	6.198359	6.198359	6.198359	5.914104	1,1,2,1,1,2	1.131272	0.050376	0.319524	0.014958	0.615143	0.050376	0.319524	0.014958	0.615143	0.198313	0.407348	0.317063	0.077275	0.050376	0.319524	0.014958	0.615143	0.050376	0.319524	0.014958	0.615143	0.198313	0.407348	0.317063	0.077275	1,2,2,2,2,2	1.606256	0.027506	0.077886	0.171994	0.037724	0.037549	0.647342	0.188256	0.208195	0.005679	0.402774	0.170701	0.024396	0.188256	0.208195	0.005679	0.402774	0.170701	0.024396	0.188256	0.208195	0.005679	0.402774	0.170701	0.024396	0.188256	0.208195	0.005679	0.402774	0.170701	0.024396	0.188256	0.208195	0.005679	0.402774	0.170701	0.024396	1,1,1,1,1,1	0.851207	0.035843	0.035843	0.035843	0.035843	0.035843	0.035843	
363000	-68584.5	1,2,3,4,3,5	0.546966	5.088352	5.624900	6.410464	6.486039	6.410464	5.645812	1,1,2,1,1,2	1.421346	0.052901	0.318216	0.016823	0.612060	0.052901	0.318216	0.016823	0.612060	0.205866	0.398408	0.317579	0.078147	0.052901	0.318216	0.016823	0.612060	0.052901	0.318216	0.016823	0.612060	0.205866	0.398408	0.317579	0.078147	1,2,2,2,2,2	1.715195	0.023966	0.029613	0.163848	0.280925	0.136352	0.365296	0.181637	0.223925	0.004652	0.397432	0.171232	0.021122	0.181637	0.223925	0.004652	0.397432	0.171232	0.021122	0.181637	0.223925	0.004652	0.397432	0.171232	0.021122	0.181637	0.223925	0.004652	0.397432	0.171232	0.021122	0.181637	0.223925	0.004652	0.397432	0.171232	0.021122	1,1,1,1,1,1	0.195834	0.036535	0.036535	0.036535	0.036535	0.036535	0.036535	
364000	-68546.8	1,2,3,3,1,1	2.631209	5.810907	5.423706	6.374314	6.374314	5.810907	5.810907	1,1,2,1,1,2	0.368659	0.048221	0.307418	0.015490	0.628871	0.048221	0.307418	0.015490	0.628871	0.195016	0.407069	0.323299	0.074616	0.048221	0.307418	0.015490	0.628871	0.048221	0.307418	0.015490	0.628871	0.195016	0.407069	0.323299	0.074616	1,2,2,2,2,2	2.075807	0.090129	0.351449	0.267777	0.079832	0.081544	0.129269	0.194718	0.219955	0.003485	0.394258	0.169414	0.018170	0.194718	0.219955	0.003485	0.394258	0.169414	0.018170	0.194718	0.219955	0.003485	0.394258	0.169414	0.018170	0.194718	0.219955	0.003485	0.394258	0.169414	0.018170	0.194718	0.219955	0.003485	0.394258	0.169414	0.018170	1,1,1,1,1,1	0.541906	0.033311	0.033311	0.033311	0.033311	0.033311	0.033311	
365000	-68533.9	1,2,3,3,4,4	3.271283	5.224964	5.307332	6.294884	6.294884	5.940630	5.940630	1,1,2,1,1,2	0.603741	0.051011	0.305530	0.015885	0.627573	0.051011	0.305530	0.015885	0.627573	0.197896	0.407053	0.322387	0.072665	0.051011	0.305530	0.015885	0.627573	0.051011	0.305530	0.015885	0.627573	0.197896	0.407053	0.322387	0.072665	1,2,2,2,2,2	2.107986	0.043302	0.250784	0.329656	0.095319	0.121816	0.159123	0.186495	0.223434	0.004609	0.387247	0.173098	0.025116	0.186495	0.223434	0.004609	0.387247	0.173098	0.025116	0.186495	0.223434	0.004609	0.387247	0.173098	0.025116	0.186495	0.223434	0.004609	0.387247	0.173098	0.025116	0.186495	0.223434	0.004609	0.387247	0.173098	0.025116	1,1,1,1,1,1	0.848868	0.033319	0.033319	0.033319	0.033319	0.033319	0.033319	
366000	-68502.8	1,1,2,2,3,3	1.330709	5.221482	5.221482	6.253345	6.253345	5.870096	5.870096	1,1,2,1,1,2	0.641375	0.052732	0.312277	0.018410	0.616581	0.052732	0.312277	0.018410	0.616581	0.198674	0.407196	0.320620	0.073509	0.052732	0.312277	0.018410	0.616581	0.052732	0.312277	0.018410	0.616581	0.198674	0.407196	0.320620	0.073509	1,2,2,2,2,2	0.764390	0.022409	0.269087	0.249437	0.218324	0.072066	0.168676	0.185999	0.211761	0.006159	0.393261	0.179722	0.023098	0.185999	0.211761	0.006159	0.393261	0.179722	0.023098	0.185999	0.211761	0.006159	0.393261	0.179722	0.023098	0.185999	0.211761	0.006159	0.393261	0.179722	0.023098	0.185999	0.211761	0.006159	0.393261	0.179722	0.023098	1,1,1,1,1,1	0.480080	0.034019	0.034019	0.034019	0.034019	0.034019	0.034019	
367000	-68592.9	1,2,3,4,1,5	2.508683	5.833933	5.323581	6.398702	6.306052	5.833933	5.724927	1,1,2,1,1,2	2.136516	0.055282	0.310521	0.015731	0.618467	0.055282	0.310521	0.015731	0.618467	0.200409	0.404808	0.321947	0.072836	0.055282	0.310521	0.015731	0.618467	0.055282	0.310521	0.015731	0.618467	0.200409	0.404808	0.321947	0.072836	1,2,2,2,2,2	0.784281	0.002067	0.006927	0.139324	0.721890	0.076633	0.053159	0.184715	0.214263	0.008706	0.399206	0.172109	0.021000	0.184715	0.214263	0.008706	0.399206	0.172109	0.021000	0.184715	0.214263	0.008706	0.399206	0.172109	0.021000	0.184715	0.214263	0.008706	0.399206	0.172109	0.021000	0.184715	0.214263	0.008706	0.399206	0.172109	0.021000	1,1,1,1,1,1	0.352725	0.036950	0.036950	0.036950	0.036950	0.036950	0.036950	
368000	-68545.1	1,2,3,4,5,6	1.314844	5.147852	5.270045	6.294931	6.241230	5.862838	5.672423	1,1,2,1,1,2	0.935935	0.049906	0.309533	0.016771	0.623790	0.049906	0.309533	0.016771	0.623790	0.196136	0.401668	0.328939	0.073257	0.049906	0.309533	0.016771	0.623790	0.049906	0.309533	0.016771	0.623790	0.196136	0.401668	0.328939	0.073257	1,2,2,2,2,2	0.451092	0.025552	0.423757	0.218171	0.216815	0.062816	0.052889	0.194056	0.211499	0.009219	0.386158	0.170623	0.028446	0.194056	0.211499	0.009219	0.386158	0.170623	0.028446	0.194056	0.211499	0.009219	0.386158	0.170623	0.028446	0.194056	0.211499	0.009219	0.386158	0.170623	0.028446	0.194056	0.211499	0.009219	0.386158	0.170623	0.028446	1,1,1,1,1,1	1.344837	0.035773	0.035773	0.035773	0.035773	0.035773	0.035773	
369000	-68525.5	1,1,2,2,1,3	0.986897	5.622767	5.622767	6.321969	6.321969	5.622767	5.771020	1,1,2,1,1,2	0.923796	0.051807	0.307937	0.016430	0.623826	0.051807	0.307937	0.016430	0.623826	0.203589	0.397705	0.326736	0.071970	0.051807	0.307937	0.016430	0.623826	0.051807	0.307937	0.016430	0.623826	0.203589	0.397705	0.326736	0.071970	1,2,2,2,2,2	1.182622	0.118082	0.008931	0.389464	0.019120	0.110266	0.354137	0.192383	0.216002	0.003591	0.392846	0.178996	0.016183	0.192383	0.216002	0.003591	0.392846	0.178996	0.016183	0.192383	0.216002	0.003591	0.392846	0.178996	0.016183	0.192383	0.216002	0.003591	0.392846	0.178996	0.016183	0.192383	0.216002	0.003591	0.392846	0.178996	0.016183	1,1,1,1,1,1	0.373387	0.036398	0.036398	0.036398	0.036398	0.036398	0.036398	
370000	-68733.7	1,2,3,3,4,4	1.225094	6.685758	5.325105	6.487991	6.487991	5.983268	5.983268	1,1,2,1,1,2	0.833334	0.056549	0.311311	0.013305	0.618834	0.056549	0.311311	0.013305	0.618834	0.195488	0.413282	0.324489	0.066741	0.056549	0.311311	0.013305	0.618834	0.056549	0.311311	0.013305	0.618834	0.195488	0.413282	0.324489	0.066741	1,2,2,2,2,2	0.592271	0.416427	0.078750	0.237103	0.073117	0.072643	0.121960	0.197189	0.202604	0.006493	0.391852	0.179071	0.022791	0.197189	0.202604	0.006493	0.391852	0.179071	0.022791	0.197189	0.202604	0.006493	0.391852	0.179071	0.022791	0.197189	0.202604	0.006493	0.391852	0.179071	0.022791	0.197189	0.202604	0.006493	0.391852	0.179071	0.022791	1,1,1,1,1,1	0.393263	0.036469	0.036469	0.036469	0.036469	0.036469	0.036469	
371000	-68486.6	1,2,3,3,4,2	1.473207	5.154637	5.776747	6.219542	6.219542	6.163511	5.776747	1,1,2,1,1,2	1.607337	0.050728	0.315024	0.015670	0.618578	0.050728	0.315024	0.015670	0.618578	0.190402	0.405348	0.328761	0.075489	0.050728	0.315024	0.015670	0.618578	0.050728	0.315024	0.015670	0.618578	0.190402	0.405348	0.328761	0.075489	1,2,2,2,2,2	0.863972	0.045967	0.331615	0.135820	0.253071	0.059520	0.174009	0.193635	0.218667	0.001064	0.386920	0.177023	0.022692	0.193635	0.218667	0.001064	0.386920	0.177023	0.022692	0.193635	0.218667	0.001064	0.386920	0.177023	0.022692	0.193635	0.218667	0.001064	0.386920	0.177023	0.022692	0.193635	0.218667	0.001064	0.386920	0.177023	0.022692	1,1,1,1,1,1	0.958262	0.034819	0.034819	0.034819	0.034819	0.034819	0.034819	
372000	-68529.4	1,1,2,2,1,3	1.527001	5.598369	5.598369	6.371007	6.371007	5.598369	6.085678	1,1,2,1,1,2	0.754272	0.049967	0.307776	0.017213	0.625045	0.049967	0.307776	0.017213	0.625045	0.200357	0.400106	0.329876	0.069661	0.049967	0.307776	0.017213	0.625045	0.049967	0.307776	0.017213	0.625045	0.200357	0.400106	0.329876	0.069661	1,2,2,2,2,2	0.721749	0.156882	0.006833	0.163376	0.252061	0.057600	0.363249	0.195652	0.193345	0.006082	0.398757	0.177068	0.029096	0.195652	0.193345	0.006082	0.398757	0.177068	0.029096	0.195652	0.193345	0.006082	0.398757	0.177068	0.029096	0.195652	0.193345	0.006082	0.398757	0.177068	0.029096	0.195652	0.193345	0.006082	0.398757	0.177068	0.029096	1,1,1,1,1,1	0.795505	0.034525	0.034525	0.034525	0.034525	0.034525	0.034525	
373000	-68541.3	1,2,3,4,1,1	1.894666	5.823536	5.216142	6.251971	6.278148	5.823536	5.823536	1,1,2,1,1,2	1.542003	0.051550	0.310637	0.015696	0.622117	0.051550	0.310637	0.015696	0.622117	0.188115	0.412262	0.328906	0.070716	0.051550	0.310637	0.015696	0.622117	0.051550	0.310637	0.015696	0.622117	0.188115	0.412262	0.328906	0.070716	1,2,2,2,2,2	0.877779	0.141890	0.101371	0.248005	0.054991	0.056959	0.396783	0.193073	0.214340	0.008887	0.372707	0.183686	0.027307	0.193073	0.214340	0.008887	0.372707	0.183686	0.027307	0.193073	0.214340	0.008887	0.372707	0.183686	0.027307	0.193073	0.214340	0.008887	0.372707	0.183686	0.027307	0.193073	0.214340	0.008887	0.372707	0.183686	0.027307	1,1,1,1,1,1	0.675184	0.032807	0.032807	0.032807	0.032807	0.032807	0.032807	
374000	-68600.3	1,2,1,1,3,3	1.033665	6.531389	5.603319	6.531389	6.531389	6.146583	6.146583	1,1,2,1,1,2	1.485363	0.052692	0.307026	0.016997	0.623286	0.052692	0.307026	0.016997	0.623286	0.189413	0.411010	0.324488	0.075089	0.052692	0.307026	0.016997	0.623286	0.052692	0.307026	0.016997	0.623286	0.189413	0.411010	0.324488	0.075089	1,2,2,2,2,2	3.204688	0.087567	0.538914	0.118266	0.027908	0.066859	0.160485	0.187944	0.214601	0.005894	0.399593	0.170272	0.021695	0.187944	0.214601	0.005894	0.399593	0.170272	0.021695	0.187944	0.214601	0.005894	0.399593	0.170272	0.021695	0.187944	0.214601	0.005894	0.399593	0.170272	0.021695	0.187944	0.214601	0.005894	0.399593	0.170272	0.021695	1,1,1,1,1,1	0.148183	0.036792	0.036792	0.036792	0.036792	0.036792	0.036792	
375000	-68782.8	1,2,1,1,3,2	2.373923	6.284758	5.901041	6.284758	6.284758	6.161828	5.901041	1,1,2,1,1,2	1.081975	0.052922	0.302567	0.016917	0.627594	0.052922	0.302567	0.016917	0.627594	0.200023	0.411670	0.320232	0.068075	0.052922	0.302567	0.016917	0.627594	0.052922	0.302567	0.016917	0.627594	0.200023	0.411670	0.320232	0.068075	1,2,2,2,2,2	0.546872	0.315644	0.456533	0.088226	0.053245	0.031484	0.054867	0.190727	0.220080	0.003164	0.392671	0.169253	0.024105	0.190727	0.220080	0.003164	0.392671	0.169253	0.024105	0.190727	0.220080	0.003164	0.392671	0.169253	0.024105	0.190727	0.220080	0.003164	0.392671	0.169253	0.024105	0.190727	0.220080	0.003164	0.392671	0.169253	0.024105	1,1,1,1,1,1	0.693660	0.037110	0.037110	0.037110	0.037110	0.037110	0.037110	
376000	-68547.6	1,2,3,3,4,4	1.631472	5.247214	5.754275	6.459051	6.459051	6.000534	6.000534	1,1,2,1,1,2	0.633942	0.049227	0.311845	0.014617	0.624311	0.049227	0.311845	0.014617	0.624311	0.187670	0.408167	0.328571	0.075592	0.049227	0.311845	0.014617	0.624311	0.049227	0.311845	0.014617	0.624311	0.187670	0.408167	0.328571	0.075592	1,2,2,2,2,2	1.613020	0.184424	0.019782	0.384818	0.049163	0.121016	0.240797	0.185104	0.226325	0.004218	0.394547	0.170145	0.019661	0.185104	0.226325	0.004218	0.394547	0.170145	0.019661	0.185104	0.226325	0.004218	0.394547	0.170145	0.019661	0.185104	0.226325	0.004218	0.394547	0.170145	0.019661	0.185104	0.226325	0.004218	0.394547	0.170145	0.019661	1,1,1,1,1,1	0.785934	0.035324	0.035324	0.035324	0.035324	0.035324	0.035324	
377000	-68614	1,1,2,3,3,4	2.031358	5.333938	5.333938	6.398463	6.010486	6.010486	5.889792	1,1,2,1,1,2	1.004643	0.052802	0.315078	0.015071	0.617050	0.052802	0.315078	0.015071	0.617050	0.195099	0.410256	0.321360	0.073285	0.052802	0.315078	0.015071	0.617050	0.052802	0.315078	0.015071	0.617050	0.195099	0.410256	0.321360	0.073285	1,2,2,2,2,2	2.154210	0.000695	0.160949	0.485360	0.132341	0.123357	0.097297	0.185456	0.210723	0.006202	0.401631	0.170457	0.025532	0.185456	0.210723	0.006202	0.401631	0.170457	0.025532	0.185456	0.210723	0.006202	0.401631	0.170457	0.025532	0.185456	0.210723	0.006202	0.401631	0.170457	0.025532	0.185456	0.210723	0.006202	0.401631	0.170457	0.025532	1,1,1,1,1,1	0.924304	0.040868	0.040868	0.040868	0.040868	0.040868	0.040868	
378000	-68543.5	1,1,2,3,4,4	3.536920	5.328273	5.328273	6.397792	6.382964	5.916235	5.916235	1,1,2,1,1,2	2.419376	0.052412	0.311348	0.016896	0.619344	0.052412	0.311348	0.016896	0.619344	0.187457	0.414284	0.327357	0.070902	0.052412	0.311348	0.016896	0.619344	0.052412	0.311348	0.016896	0.619344	0.187457	0.414284	0.327357	0.070902	1,2,2,2,2,2	0.538864	0.013928	0.085145	0.297897	0.258140	0.145193	0.199697	0.191097	0.211842	0.004490	0.392571	0.177366	0.022635	0.191097	0.211842	0.004490	0.392571	0.177366	0.022635	0.191097	0.211842	0.004490	0.392571	0.177366	0.022635	0.191097	0.211842	0.004490	0.392571	0.177366	0.022635	0.191097	0.211842	0.004490	0.392571	0.177366	0.022635	1,1,1,1,1,1	0.573735	0.035766	0.035766	0.035766	0.035766	0.035766	0.035766	
379000	-68491	1,2,3,4,5,5	1.263296	5.920013	5.560118	6.216467	6.657748	5.835540	5.835540	1,1,2,1,1,2	2.112309	0.047866	0.311973	0.015540	0.624621	0.047866	0.311973	0.015540	0.624621	0.204787	0.398535	0.321508	0.075170	0.047866	0.311973	0.015540	0.624621	0.047866	0.311973	0.015540	0.624621	0.204787	0.398535	0.321508	0.075170	1,2,2,2,2,2	0.531015	0.022936	0.339302	0.143358	0.145430	0.032606	0.316368	0.185646	0.211393	0.004930	0.406313	0.171428	0.020291	0.185646	0.211393	0.004930	0.406313	0.171428	0.020291	0.185646	0.211393	0.004930	0.406313	0.171428	0.020291	0.185646	0.211393	0.004930	0.406313	0.171428	0.020291	0.185646	0.211393	0.004930	0.406313	0.171428	0.020291	1,1,1,1,1,1	0.745567	0.036645	0.036645	0.036645	0.036645	0.036645	0.036645	
380000	-68588.2	1,2,3,3,3,4	3.566514	5.298018	5.525800	6.202519	6.202519	6.202519	5.910700	1,1,2,1,1,2	1.373764	0.049031	0.312052	0.015682	0.623236	0.049031	0.312052	0.015682	0.623236	0.205271	0.407329	0.320937	0.066463	0.049031	0.312052	0.015682	0.623236	0.049031	0.312052	0.015682	0.623236	0.205271	0.407329	0.320937	0.066463	1,2,2,2,2,2	3.787440	0.043476	0.143753	0.107499	0.296349	0.101216	0.307707	0.191033	0.213658	0.003705	0.389871	0.174688	0.027045	0.191033	0.213658	0.003705	0.389871	0.174688	0.027045	0.191033	0.213658	0.003705	0.389871	0.174688	0.027045	0.191033	0.213658	0.003705	0.389871	0.174688	0.027045	0.191033	0.213658	0.003705	0.389871	0.174688	0.027045	1,1,1,1,1,1	0.490978	0.035118	0.035118	0.035118	0.035118	0.035118	0.035118	
381000	-68510.5	1,1,2,2,2,2	2.948599	5.469718	5.469718	6.180773	6.180773	6.180773	6.180773	1,1,2,1,1,2	0.872256	0.050970	0.305609	0.016351	0.627070	0.050970	0.305609	0.016351	0.627070	0.192093	0.407053	0.322955	0.077900	0.050970	0.305609	0.016351	0.627070	0.050970	0.305609	0.016351	0.627070	0.192093	0.407053	0.322955	0.077900	1,2,2,2,2,2	1.119945	0.013231	0.713924	0.064665	0.011133	0.036036	0.161010	0.193906	0.215133	0.002763	0.399089	0.168577	0.020532	0.193906	0.215133	0.002763	0.399089	0.168577	0.020532	0.193906	0.215133	0.002763	0.399089	0.168577	0.020532	0.193906	0.215133	0.002763	0.399089	0.168577	0.020532	0.193906	0.215133	0.002763	0.399089	0.168577	0.020532	1,1,1,1,1,1	0.265187	0.034691	0.034691	0.034691	0.034691	0.034691	0.034691	
382000	-68581.4	1,1,2,3,4,5	2.689654	5.377985	5.377985	6.172746	6.263939	5.919105	6.004916	1,1,2,1,1,2	2.592676	0.047117	0.310189	0.015636	0.627058	0.047117	0.310189	0.015636	0.627058	0.191797	0.411519	0.323028	0.073657	0.047117	0.310189	0.015636	0.627058	0.047117	0.310189	0.015636	0.627058	0.191797	0.411519	0.323028	0.073657	1,2,2,2,2,2	0.892286	0.108030	0.186395	0.101592	0.019428	0.094766	0.489789	0.195256	0.213646	0.003097	0.392119	0.168901	0.026981	0.195256	0.213646	0.003097	0.392119	0.168901	0.026981	0.195256	0.213646	0.003097	0.392119	0.168901	0.026981	0.195256	0.213646	0.003097	0.392119	0.168901	0.026981	0.195256	0.213646	0.003097	0.392119	0.168901	0.026981	1,1,1,1,1,1	0.425953	0.032213	0.032213	0.032213	0.032213	0.032213	0.032213	
383000	-68583.1	1,1,2,2,3,4	1.743595	5.349165	5.349165	6.240024	6.240024	5.825699	5.836464	1,1,2,1,1,2	3.116258	0.054990	0.313843	0.015681	0.615486	0.054990	0.313843	0.015681	0.615486	0.202250	0.397384	0.322613	0.077752	0.054990	0.313843	0.015681	0.615486	0.054990	0.313843	0.015681	0.615486	0.202250	0.397384	0.322613	0.077752	1,2,2,2,2,2	0.554108	0.172969	0.066344	0.146089	0.417872	0.089446	0.107280	0.187569	0.222272	0.005854	0.391804	0.171883	0.020617	0.187569	0.222272	0.005854	0.391804	0.171883	0.020617	0.187569	0.222272	0.005854	0.391804	0.171883	0.020617	0.187569	0.222272	0.005854	0.391804	0.171883	0.020617	0.187569	0.222272	0.005854	0.391804	0.171883	0.020617	1,1,1,1,1,1	0.567089	0.034897	0.034897	0.034897	0.034897	0.034897	0.034897	
384000	-68496.9	1,2,3,3,4,4	2.099393	5.189566	5.582092	6.443140	6.443140	5.941524	5.941524	1,1,2,1,1,2	2.448129	0.050888	0.313840	0.015639	0.619632	0.050888	0.313840	0.015639	0.619632	0.192984	0.413701	0.320450	0.072865	0.050888	0.313840	0.015639	0.619632	0.050888	0.313840	0.015639	0.619632	0.192984	0.413701	0.320450	0.072865	1,2,2,2,2,2	1.307390	0.025731	0.109447	0.091325	0.234915	0.041376	0.497207	0.198063	0.211666	0.003505	0.395680	0.177471	0.013616	0.198063	0.211666	0.003505	0.395680	0.177471	0.013616	0.198063	0.211666	0.003505	0.395680	0.177471	0.013616	0.198063	0.211666	0.003505	0.395680	0.177471	0.013616	0.198063	0.211666	0.003505	0.395680	0.177471	0.013616	1,1,1,1,1,1	0.738881	0.031321	0.031321	0.031321	0.031321	0.031321	0.031321	
385000	-68551.5	1,2,1,1,3,3	1.660166	6.208686	5.438418	6.208686	6.208686	5.854807	5.854807	1,1,2,1,1,2	1.162325	0.050140	0.312195	0.017026	0.620640	0.050140	0.312195	0.017026	0.620640	0.201943	0.401055	0.319785	0.077217	0.050140	0.312195	0.017026	0.620640	0.050140	0.312195	0.017026	0.620640	0.201943	0.401055	0.319785	0.077217	1,2,2,2,2,2	1.102612	0.074683	0.041826	0.414771	0.003087	0.098355	0.367279	0.196347	0.212250	0.005390	0.388366	0.172506	0.025140	0.196347	0.212250	0.005390	0.388366	0.172506	0.025140	0.196347	0.212250	0.005390	0.388366	0.172506	0.025140	0.196347	0.212250	0.005390	0.388366	0.172506	0.025140	0.196347	0.212250	0.005390	0.388366	0.172506	0.025140	1,2,1,2,2,2	1.066371	0.036298	0.035437	0.036298	0.035437	0.035437	0.035437	
386000	-68480.2	1,2,1,1,3,4	2.647781	6.393708	5.714649	6.393708	6.393708	6.111314	6.015639	1,1,2,1,1,2	1.836545	0.051174	0.313314	0.015713	0.619799	0.051174	0.313314	0.015713	0.619799	0.200199	0.398919	0.328345	0.072536	0.051174	0.313314	0.015713	0.619799	0.051174	0.313314	0.015713	0.619799	0.200199	0.398919	0.328345	0.072536	1,2,2,2,2,2	1.871344	0.057679	0.129437	0.116450	0.051973	0.040855	0.603606	0.185612	0.208577	0.005886	0.403457	0.180364	0.016104	0.185612	0.208577	0.005886	0.403457	0.180364	0.016104	0.185612	0.208577	0.005886	0.403457	0.180364	0.016104	0.185612	0.208577	0.005886	0.403457	0.180364	0.016104	0.185612	0.208577	0.005886	0.403457	0.180364	0.016104	1,1,1,1,1,1	0.321898	0.036650	0.036650	0.036650	0.036650	0.036650	0.036650	
387000	-68475.4	1,2,3,4,5,5	2.078360	5.751015	5.550494	6.377719	6.320460	5.778253	5.778253	1,1,2,1,1,2	1.340230	0.050405	0.312427	0.016277	0.620891	0.050405	0.312427	0.016277	0.620891	0.194791	0.402395	0.327802	0.075012	0.050405	0.312427	0.016277	0.620891	0.050405	0.312427	0.016277	0.620891	0.194791	0.402395	0.327802	0.075012	1,2,2,2,2,2	1.233762	0.006304	0.155058	0.211387	0.243317	0.071819	0.312116	0.189611	0.228172	0.007154	0.388834	0.166293	0.019936	0.189611	0.228172	0.007154	0.388834	0.166293	0.019936	0.189611	0.228172	0.007154	0.388834	0.166293	0.019936	0.189611	0.228172	0.007154	0.388834	0.166293	0.019936	0.189611	0.228172	0.007154	0.388834	0.166293	0.019936	1,1,1,1,1,1	1.202495	0.035927	0.035927	0.035927	0.035927	0.035927	0.035927	
388000	-68586	1,2,3,3,4,5	0.623927	5.248303	5.571253	6.393662	6.393662	6.170550	6.007885	1,1,2,1,1,2	0.659900	0.050014	0.313193	0.014470	0.622322	0.050014	0.313193	0.014470	0.622322	0.199560	0.398829	0.324581	0.077031	0.050014	0.313193	0.014470	0.622322	0.050014	0.313193	0.014470	0.622322	0.199560	0.398829	0.324581	0.077031	1,2,2,2,2,2	0.739476	0.014682	0.297528	0.186706	0.280139	0.117985	0.102960	0.184871	0.215547	0.003160	0.408432	0.167298	0.020692	0.184871	0.215547	0.003160	0.408432	0.167298	0.020692	0.184871	0.215547	0.003160	0.408432	0.167298	0.020692	0.184871	0.215547	0.003160	0.408432	0.167298	0.020692	0.184871	0.215547	0.003160	0.408432	0.167298	0.020692	1,1,1,1,1,1	0.687110	0.038089	0.038089	0.038089	0.038089	0.038089	0.038089	
389000	-68524.3	1,2,3,4,5,6	1.720906	6.453974	5.505606	6.388328	6.477876	6.008816	5.955624	1,1,2,1,1,2	2.026484	0.050043	0.308340	0.014507	0.627110	0.050043	0.308340	0.014507	0.627110	0.199365	0.401001	0.325352	0.074283	0.050043	0.308340	0.014507	0.627110	0.050043	0.308340	0.014507	0.627110	0.199365	0.401001	0.325352	0.074283	1,2,2,2,2,2	1.581470	0.042553	0.225882	0.094447	0.018534	0.027394	0.591190	0.184195	0.215100	0.003974	0.410443	0.162700	0.023587	0.184195	0.215100	0.003974	0.410443	0.162700	0.023587	0.184195	0.215100	0.003974	0.410443	0.162700	0.023587	0.184195	0.215100	0.003974	0.410443	0.162700	0.023587	0.184195	0.215100	0.003974	0.410443	0.162700	0.023587	1,1,1,1,1,1	1.227318	0.032920	0.032920	0.032920	0.032920	0.032920	0.032920	
390000	-68620.7	1,2,3,3,4,5	0.987170	6.772450	5.506694	6.567037	6.567037	5.926938	6.014101	1,1,2,1,1,2	1.810867	0.054883	0.299745	0.017296	0.628076	0.054883	0.299745	0.017296	0.628076	0.191711	0.408220	0.330835	0.069234	0.054883	0.299745	0.017296	0.628076	0.054883	0.299745	0.017296	0.628076	0.191711	0.408220	0.330835	0.069234	1,2,2,2,2,2	2.030641	0.066396	0.041956	0.511261	0.026089	0.066834	0.287464	0.189030	0.204678	0.004281	0.399273	0.176299	0.026438	0.189030	0.204678	0.004281	0.399273	0.176299	0.026438	0.189030	0.204678	0.004281	0.399273	0.176299	0.026438	0.189030	0.204678	0.004281	0.399273	0.176299	0.026438	0.189030	0.204678	0.004281	0.399273	0.176299	0.026438	1,1,1,1,1,1	0.566538	0.034251	0.034251	0.034251	0.034251	0.034251	0.034251	
391000	-68609.1	1,2,3,3,4,4	2.013344	5.744081	5.256272	6.414380	6.414380	5.913873	5.913873	1,1,2,1,1,2	2.065373	0.049955	0.315236	0.014756	0.620053	0.049955	0.315236	0.014756	0.620053	0.199413	0.404655	0.319914	0.076018	0.049955	0.315236	0.014756	0.620053	0.049955	0.315236	0.014756	0.620053	0.199413	0.404655	0.319914	0.076018	1,2,2,2,2,2	1.949569	0.260576	0.022923	0.231205	0.229078	0.041689	0.214529	0.183732	0.223339	0.001857	0.404646	0.160254	0.026172	0.183732	0.223339	0.001857	0.404646	0.160254	0.026172	0.183732	0.223339	0.001857	0.404646	0.160254	0.026172	0.183732	0.223339	0.001857	0.404646	0.160254	0.026172	0.183732	0.223339	0.001857	0.404646	0.160254	0.026172	1,1,1,1,1,1	1.473398	0.036660	0.036660	0.036660	0.036660	0.036660	0.036660	
392000	-68621.7	1,1,2,3,1,1	2.462397	5.677311	5.677311	6.575538	6.422713	5.677311	5.677311	1,1,2,1,1,2	1.134383	0.051673	0.310926	0.017439	0.619962	0.051673	0.310926	0.017439	0.619962	0.197198	0.399521	0.321570	0.081711	0.051673	0.310926	0.017439	0.619962	0.051673	0.310926	0.017439	0.619962	0.197198	0.399521	0.321570	0.081711	1,2,2,2,2,2	0.955952	0.157940	0.470897	0.058599	0.001540	0.055558	0.255466	0.184716	0.217864	0.002699	0.406031	0.169697	0.018992	0.184716	0.217864	0.002699	0.406031	0.169697	0.018992	0.184716	0.217864	0.002699	0.406031	0.169697	0.018992	0.184716	0.217864	0.002699	0.406031	0.169697	0.018992	0.184716	0.217864	0.002699	0.406031	0.169697	0.018992	1,1,1,1,1,1	0.221861	0.037608	0.037608	0.037608	0.037608	0.037608	0.037608	
393000	-68623.9	1,1,2,2,3,4	1.676520	5.176004	5.176004	6.591328	6.591328	5.922470	5.717409	1,1,2,1,1,2	0.657505	0.056662	0.307906	0.016858	0.618574	0.056662	0.307906	0.016858	0.618574	0.189960	0.408938	0.322952	0.078150	0.056662	0.307906	0.016858	0.618574	0.056662	0.307906	0.016858	0.618574	0.189960	0.408938	0.322952	0.078150	1,2,2,2,2,2	1.116440	0.184757	0.025400	0.151262	0.312813	0.146157	0.179611	0.187457	0.207008	0.007365	0.406659	0.172647	0.018864	0.187457	0.207008	0.007365	0.406659	0.172647	0.018864	0.187457	0.207008	0.007365	0.406659	0.172647	0.018864	0.187457	0.207008	0.007365	0.406659	0.172647	0.018864	0.187457	0.207008	0.007365	0.406659	0.172647	0.018864	1,1,1,1,1,1	0.220309	0.030598	0.030598	0.030598	0.030598	0.030598	0.030598	
394000	-68500.3	1,2,3,4,3,3	4.905372	5.357427	5.637204	6.050726	6.118789	6.050726	6.050726	1,1,2,1,1,2	0.719498	0.058447	0.306696	0.017061	0.617797	0.058447	0.306696	0.017061	0.617797	0.196719	0.399542	0.327698	0.076041	0.058447	0.306696	0.017061	0.617797	0.058447	0.306696	0.017061	0.617797	0.196719	0.399542	0.327698	0.076041	1,2,2,2,2,2	0.888599	0.081142	0.027537	0.167727	0.339825	0.092616	0.291153	0.194084	0.205997	0.006454	0.392844	0.176267	0.024353	0.194084	0.205997	0.006454	0.392844	0.176267	0.024353	0.194084	0.205997	0.006454	0.392844	0.176267	0.024353	0.194084	0.205997	0.006454	0.392844	0.176267	0.024353	0.194084	0.205997	0.006454	0.392844	0.176267	0.024353	1,1,1,1,1,1	1.264609	0.034233	0.034233	0.034233	0.034233	0.034233	0.034233	
395000	-68508.9	1,2,3,3,4,5	2.203323	5.374348	5.359449	6.458151	6.458151	6.055158	5.558917	1,1,2,1,1,2	0.988855	0.052301	0.302249	0.016357	0.629092	0.052301	0.302249	0.016357	0.629092	0.197897	0.403502	0.324347	0.074255	0.052301	0.302249	0.016357	0.629092	0.052301	0.302249	0.016357	0.629092	0.197897	0.403502	0.324347	0.074255	1,2,2,2,2,2	1.897861	0.063308	0.029970	0.370380	0.024164	0.123039	0.389139	0.183581	0.220411	0.005544	0.394551	0.176359	0.019555	0.183581	0.220411	0.005544	0.394551	0.176359	0.019555	0.183581	0.220411	0.005544	0.394551	0.176359	0.019555	0.183581	0.220411	0.005544	0.394551	0.176359	0.019555	0.183581	0.220411	0.005544	0.394551	0.176359	0.019555	1,1,1,1,1,1	0.892752	0.037868	0.037868	0.037868	0.037868	0.037868	0.037868	
396000	-68698.7	1,1,2,2,3,3	1.952307	5.324746	5.324746	6.289947	6.289947	5.928441	5.928441	1,1,2,1,1,2	1.298171	0.051421	0.309725	0.015476	0.623378	0.051421	0.309725	0.015476	0.623378	0.197229	0.404080	0.324418	0.074272	0.051421	0.309725	0.015476	0.623378	0.051421	0.309725	0.015476	0.623378	0.197229	0.404080	0.324418	0.074272	1,2,2,2,2,2	1.152920	0.157647	0.179278	0.107074	0.358194	0.126583	0.071223	0.194113	0.208073	0.005477	0.398121	0.171531	0.022684	0.194113	0.208073	0.005477	0.398121	0.171531	0.022684	0.194113	0.208073	0.005477	0.398121	0.171531	0.022684	0.194113	0.208073	0.005477	0.398121	0.171531	0.022684	0.194113	0.208073	0.005477	0.398121	0.171531	0.022684	1,1,1,1,1,1	1.041655	0.038157	0.038157	0.038157	0.038157	0.038157	0.038157	
397000	-68509.9	1,1,2,3,3,3	1.180390	5.537846	5.537846	6.480135	6.006294	6.006294	6.006294	1,1,2,1,1,2	1.198249	0.053425	0.304771	0.016662	0.625142	0.053425	0.304771	0.016662	0.625142	0.201481	0.407566	0.319794	0.071159	0.053425	0.304771	0.016662	0.625142	0.053425	0.304771	0.016662	0.625142	0.201481	0.407566	0.319794	0.071159	1,2,2,2,2,2	1.956628	0.051751	0.164670	0.331889	0.062374	0.107139	0.282177	0.185165	0.210804	0.005719	0.399974	0.170980	0.027359	0.185165	0.210804	0.005719	0.399974	0.170980	0.027359	0.185165	0.210804	0.005719	0.399974	0.170980	0.027359	0.185165	0.210804	0.005719	0.399974	0.170980	0.027359	0.185165	0.210804	0.005719	0.399974	0.170980	0.027359	1,1,1,1,1,1	0.575051	0.035239	0.035239	0.035239	0.035239	0.035239	0.035239	
398000	-68515.4	1,2,1,1,1,2	0.759278	6.027208	5.743391	6.027208	6.027208	6.027208	5.743391	1,1,2,1,1,2	2.304175	0.055281	0.304176	0.014304	0.626239	0.055281	0.304176	0.014304	0.626239	0.201543	0.403798	0.323189	0.071470	0.055281	0.304176	0.014304	0.626239	0.055281	0.304176	0.014304	0.626239	0.201543	0.403798	0.323189	0.071470	1,2,2,2,2,2	1.714680	0.062245	0.132653	0.104946	0.260515	0.030055	0.409587	0.187365	0.205322	0.006571	0.392671	0.181968	0.026103	0.187365	0.205322	0.006571	0.392671	0.181968	0.026103	0.187365	0.205322	0.006571	0.392671	0.181968	0.026103	0.187365	0.205322	0.006571	0.392671	0.181968	0.026103	0.187365	0.205322	0.006571	0.392671	0.181968	0.026103	1,1,1,1,1,1	0.293419	0.037460	0.037460	0.037460	0.037460	0.037460	0.037460	
399000	-68648.6	1,2,3,4,4,4	2.379127	5.310621	5.431682	6.501610	6.129113	6.129113	6.129113	1,1,2,1,1,2	1.044893	0.052096	0.313109	0.017216	0.617580	0.052096	0.313109	0.017216	0.617580	0.194725	0.408044	0.325571	0.071659	0.052096	0.313109	0.017216	0.617580	0.052096	0.313109	0.017216	0.617580	0.194725	0.408044	0.325571	0.071659	1,2,2,2,2,2	0.500886	0.193160	0.433413	0.185922	0.025069	0.087421	0.075015	0.183797	0.213608	0.005664	0.394699	0.176568	0.025665	0.183797	0.213608	0.005664	0.394699	0.176568	0.025665	0.183797	0.213608	0.005664	0.394699	0.176568	0.025665	0.183797	0.213608	0.005664	0.394699	0.176568	0.025665	0.183797	0.213608	0.005664	0.394699	0.176568	0.025665	1,1,1,1,1,1	1.012983	0.028949	0.028949	0.028949	0.028949	0.028949	0.028949	
400000	-68576.6	1,2,3,4,5,4	2.025086	5.141908	5.258331	6.536931	6.080527	6.112805	6.080527	1,1,2,1,1,2	1.086139	0.050059	0.315075	0.014967	0.619899	0.050059	0.315075	0.014967	0.619899	0.193926	0.404716	0.327111	0.074248	0.050059	0.315075	0.014967	0.619899	0.050059	0.315075	0.014967	0.619899	0.193926	0.404716	0.327111	0.074248	1,2,2,2,2,2	1.583622	0.058731	0.025384	0.311256	0.185841	0.190277	0.228511	0.187296	0.214576	0.008720	0.404308	0.167054	0.018047	0.187296	0.214576	0.008720	0.404308	0.167054	0.018047	0.187296	0.214576	0.008720	0.404308	0.167054	0.018047	0.187296	0.214576	0.008720	0.404308	0.167054	0.018047	0.187296	0.214576	0.008720	0.404308	0.167054	0.018047	1,1,1,1,1,1	1.418401	0.034934	0.034934	0.034934	0.034934	0.034934	0.034934	
401000	-68510.6	1,2,1,1,3,4	2.248145	6.260021	5.560827	6.260021	6.260021	5.740231	6.156943	1,1,2,1,1,2	0.813167	0.052378	0.316986	0.015648	0.614988	0.052378	0.316986	0.015648	0.614988	0.202965	0.396741	0.327467	0.072827	0.052378	0.316986	0.015648	0.614988	0.052378	0.316986	0.015648	0.614988	0.202965	0.396741	0.327467	0.072827	1,2,2,2,2,2	0.376220	0.001211	0.407180	0.106128	0.022317	0.045115	0.418049	0.183939	0.213456	0.003529	0.403675	0.176137	0.019265	0.183939	0.213456	0.003529	0.403675	0.176137	0.019265	0.183939	0.213456	0.003529	0.403675	0.176137	0.019265	0.183939	0.213456	0.003529	0.403675	0.176137	0.019265	0.183939	0.213456	0.003529	0.403675	0.176137	0.019265	1,1,1,1,1,1	1.109268	0.037127	0.037127	0.037127	0.037127	0.037127	0.037127	
402000	-68520.6	1,1,2,3,4,5	3.205947	5.482475	5.482475	6.423277	6.334288	5.837472	6.150353	1,1,2,1,1,2	2.274574	0.053063	0.309554	0.015903	0.621480	0.053063	0.309554	0.015903	0.621480	0.200433	0.408453	0.321019	0.070094	0.053063	0.309554	0.015903	0.621480	0.053063	0.309554	0.015903	0.621480	0.200433	0.408453	0.321019	0.070094	1,2,2,2,2,2	1.031496	0.137454	0.204667	0.142994	0.016607	0.069376	0.428902	0.189978	0.201262	0.005427	0.413820	0.180004	0.009508	0.189978	0.201262	0.005427	0.413820	0.180004	0.009508	0.189978	0.201262	0.005427	0.413820	0.180004	0.009508	0.189978	0.201262	0.005427	0.413820	0.180004	0.009508	0.189978	0.201262	0.005427	0.413820	0.180004	0.009508	1,1,1,1,1,1	0.645059	0.035600	0.035600	0.035600	0.035600	0.035600	0.035600	
403000	-68533.2	1,1,2,2,3,3	3.252943	5.255144	5.255144	6.223464	6.223464	5.800142	5.800142	1,1,2,1,1,2	2.029480	0.049590	0.310451	0.015273	0.624686	0.049590	0.310451	0.015273	0.624686	0.196492	0.400992	0.325450	0.077066	0.049590	0.310451	0.015273	0.624686	0.049590	0.310451	0.015273	0.624686	0.196492	0.400992	0.325450	0.077066	1,2,2,2,2,2	1.755573	0.144266	0.158663	0.165104	0.152730	0.041427	0.337810	0.196900	0.202737	0.003235	0.407949	0.167779	0.021400	0.196900	0.202737	0.003235	0.407949	0.167779	0.021400	0.196900	0.202737	0.003235	0.407949	0.167779	0.021400	0.196900	0.202737	0.003235	0.407949	0.167779	0.021400	0.196900	0.202737	0.003235	0.407949	0.167779	0.021400	1,1,1,1,1,1	0.530040	0.036320	0.036320	0.036320	0.036320	0.036320	0.036320	
404000	-68678.6	1,2,3,3,1,4	1.424994	5.703500	5.398247	6.219501	6.219501	5.703500	5.992213	1,1,2,1,1,2	1.196806	0.049328	0.306826	0.015089	0.628757	0.049328	0.306826	0.015089	0.628757	0.196650	0.412907	0.321696	0.068747	0.049328	0.306826	0.015089	0.628757	0.049328	0.306826	0.015089	0.628757	0.196650	0.412907	0.321696	0.068747	1,2,2,2,2,2	2.306328	0.208183	0.046080	0.150518	0.371834	0.133109	0.090275	0.197062	0.216593	0.003496	0.391701	0.168707	0.022441	0.197062	0.216593	0.003496	0.391701	0.168707	0.022441	0.197062	0.216593	0.003496	0.391701	0.168707	0.022441	0.197062	0.216593	0.003496	0.391701	0.168707	0.022441	0.197062	0.216593	0.003496	0.391701	0.168707	0.022441	1,1,1,1,1,1	0.687216	0.035281	0.035281	0.035281	0.035281	0.035281	0.035281	
405000	-68616.4	1,2,3,4,5,5	2.045333	5.421335	5.532547	6.366510	6.449351	5.983263	5.983263	1,1,2,1,1,2	2.841930	0.048746	0.309987	0.016477	0.624790	0.048746	0.309987	0.016477	0.624790	0.198911	0.411839	0.318760	0.070490	0.048746	0.309987	0.016477	0.624790	0.048746	0.309987	0.016477	0.624790	0.198911	0.411839	0.318760	0.070490	1,2,2,2,2,2	1.889853	0.177901	0.126875	0.232127	0.179888	0.035011	0.248197	0.192978	0.219317	0.003166	0.391570	0.176036	0.016934	0.192978	0.219317	0.003166	0.391570	0.176036	0.016934	0.192978	0.219317	0.003166	0.391570	0.176036	0.016934	0.192978	0.219317	0.003166	0.391570	0.176036	0.016934	0.192978	0.219317	0.003166	0.391570	0.176036	0.016934	1,1,1,1,1,1	1.136224	0.033466	0.033466	0.033466	0.033466	0.033466	0.033466	
406000	-68498.3	1,2,3,4,5,6	1.422954	5.324897	5.368575	6.306895	6.172200	5.927049	5.864450	1,1,2,1,1,2	1.171899	0.053208	0.301593	0.017816	0.627382	0.053208	0.301593	0.017816	0.627382	0.200151	0.402907	0.326757	0.070184	0.053208	0.301593	0.017816	0.627382	0.053208	0.301593	0.017816	0.627382	0.200151	0.402907	0.326757	0.070184	1,2,2,2,2,2	1.824780	0.159315	0.102264	0.178301	0.216333	0.072512	0.271275	0.197505	0.213745	0.004864	0.388864	0.178704	0.016319	0.197505	0.213745	0.004864	0.388864	0.178704	0.016319	0.197505	0.213745	0.004864	0.388864	0.178704	0.016319	0.197505	0.213745	0.004864	0.388864	0.178704	0.016319	0.197505	0.213745	0.004864	0.388864	0.178704	0.016319	1,1,1,1,1,1	0.479757	0.035748	0.035748	0.035748	0.035748	0.035748	0.035748	
407000	-68633.7	1,2,3,3,4,5	3.030133	5.255403	5.443220	6.441760	6.441760	6.005995	6.029280	1,1,2,1,1,2	0.530689	0.052575	0.313696	0.014907	0.618821	0.052575	0.313696	0.014907	0.618821	0.202289	0.402507	0.324072	0.071132	0.052575	0.313696	0.014907	0.618821	0.052575	0.313696	0.014907	0.618821	0.202289	0.402507	0.324072	0.071132	1,2,2,2,2,2	1.381922	0.050316	0.289501	0.089917	0.219196	0.109233	0.241836	0.191172	0.211729	0.002949	0.396483	0.173293	0.024375	0.191172	0.211729	0.002949	0.396483	0.173293	0.024375	0.191172	0.211729	0.002949	0.396483	0.173293	0.024375	0.191172	0.211729	0.002949	0.396483	0.173293	0.024375	0.191172	0.211729	0.002949	0.396483	0.173293	0.024375	1,1,1,1,1,1	0.435355	0.033991	0.033991	0.033991	0.033991	0.033991	0.033991	
408000	-68573.6	1,2,3,3,4,5	1.627391	5.847514	5.586242	6.483253	6.483253	6.242622	5.869370	1,1,2,1,1,2	1.508123	0.048987	0.307439	0.016586	0.626988	0.048987	0.307439	0.016586	0.626988	0.197559	0.407793	0.324400	0.070247	0.048987	0.307439	0.016586	0.626988	0.048987	0.307439	0.016586	0.626988	0.197559	0.407793	0.324400	0.070247	1,2,2,2,2,2	0.922368	0.098945	0.290852	0.307413	0.030873	0.052147	0.219770	0.186003	0.219845	0.005864	0.394639	0.175307	0.018343	0.186003	0.219845	0.005864	0.394639	0.175307	0.018343	0.186003	0.219845	0.005864	0.394639	0.175307	0.018343	0.186003	0.219845	0.005864	0.394639	0.175307	0.018343	0.186003	0.219845	0.005864	0.394639	0.175307	0.018343	1,1,1,1,1,1	0.391387	0.029709	0.029709	0.029709	0.029709	0.029709	0.029709	
409000	-68502.3	1,2,3,4,5,6	6.826174	5.191061	5.416199	6.329762	6.344360	5.867146	5.834492	1,1,2,1,1,2	0.924228	0.051698	0.311495	0.018022	0.618784	0.051698	0.311495	0.018022	0.618784	0.192518	0.404882	0.328448	0.074152	0.051698	0.311495	0.018022	0.618784	0.051698	0.311495	0.018022	0.618784	0.192518	0.404882	0.328448	0.074152	1,2,2,2,2,2	0.287026	0.100929	0.005652	0.293774	0.098940	0.154380	0.346326	0.187794	0.215059	0.004066	0.397554	0.174712	0.020815	0.187794	0.215059	0.004066	0.397554	0.174712	0.020815	0.187794	0.215059	0.004066	0.397554	0.174712	0.020815	0.187794	0.215059	0.004066	0.397554	0.174712	0.020815	0.187794	0.215059	0.004066	0.397554	0.174712	0.020815	1,1,1,1,1,1	0.606741	0.036029	0.036029	0.036029	0.036029	0.036029	0.036029	
410000	-68625.6	1,1,2,3,2,4	1.034190	5.312460	5.312460	6.081698	6.290073	6.081698	5.927715	1,1,2,1,1,2	0.788353	0.047111	0.319123	0.014898	0.618868	0.047111	0.319123	0.014898	0.618868	0.197225	0.412240	0.316724	0.073812	0.047111	0.319123	0.014898	0.618868	0.047111	0.319123	0.014898	0.618868	0.197225	0.412240	0.316724	0.073812	1,2,2,2,2,2	1.866755	0.154792	0.077401	0.362943	0.014326	0.051148	0.339389	0.191161	0.222801	0.006294	0.385423	0.170856	0.023465	0.191161	0.222801	0.006294	0.385423	0.170856	0.023465	0.191161	0.222801	0.006294	0.385423	0.170856	0.023465	0.191161	0.222801	0.006294	0.385423	0.170856	0.023465	0.191161	0.222801	0.006294	0.385423	0.170856	0.023465	1,1,1,1,1,1	0.524995	0.031740	0.031740	0.031740	0.031740	0.031740	0.031740	
411000	-68667.9	1,2,3,4,5,1	2.138757	5.988572	5.481036	6.371490	6.554042	5.995833	5.988572	1,1,2,1,1,2	2.737364	0.050419	0.310825	0.015287	0.623469	0.050419	0.310825	0.015287	0.623469	0.191230	0.406222	0.325622	0.076926	0.050419	0.310825	0.015287	0.623469	0.050419	0.310825	0.015287	0.623469	0.191230	0.406222	0.325622	0.076926	1,2,2,2,2,2	1.120733	0.382842	0.039204	0.304471	0.009136	0.056992	0.207355	0.187378	0.209848	0.006600	0.405631	0.170586	0.019957	0.187378	0.209848	0.006600	0.405631	0.170586	0.019957	0.187378	0.209848	0.006600	0.405631	0.170586	0.019957	0.187378	0.209848	0.006600	0.405631	0.170586	0.019957	0.187378	0.209848	0.006600	0.405631	0.170586	0.019957	1,1,1,1,1,1	1.292448	0.036654	0.036654	0.036654	0.036654	0.036654	0.036654	
412000	-68575.9	1,1,2,3,3,3	1.688370	5.237738	5.237738	6.384406	6.028931	6.028931	6.028931	1,1,2,1,1,2	0.487032	0.050377	0.312936	0.016340	0.620347	0.050377	0.312936	0.016340	0.620347	0.192745	0.408238	0.323790	0.075227	0.050377	0.312936	0.016340	0.620347	0.050377	0.312936	0.016340	0.620347	0.192745	0.408238	0.323790	0.075227	1,2,2,2,2,2	1.160111	0.080647	0.481480	0.104917	0.242065	0.053712	0.037179	0.200374	0.206286	0.004444	0.396432	0.178356	0.014108	0.200374	0.206286	0.004444	0.396432	0.178356	0.014108	0.200374	0.206286	0.004444	0.396432	0.178356	0.014108	0.200374	0.206286	0.004444	0.396432	0.178356	0.014108	0.200374	0.206286	0.004444	0.396432	0.178356	0.014108	1,1,1,1,1,1	0.079120	0.034022	0.034022	0.034022	0.034022	0.034022	0.034022	
413000	-68564	1,1,2,2,3,3	2.747192	5.354387	5.354387	6.139882	6.139882	5.853151	5.853151	1,1,2,1,1,2	0.954428	0.049180	0.313363	0.015551	0.621906	0.049180	0.313363	0.015551	0.621906	0.197610	0.408425	0.321957	0.072008	0.049180	0.313363	0.015551	0.621906	0.049180	0.313363	0.015551	0.621906	0.197610	0.408425	0.321957	0.072008	1,2,2,2,2,2	1.363389	0.046315	0.172638	0.341854	0.285840	0.086499	0.066854	0.191986	0.215285	0.003576	0.395570	0.171222	0.022361	0.191986	0.215285	0.003576	0.395570	0.171222	0.022361	0.191986	0.215285	0.003576	0.395570	0.171222	0.022361	0.191986	0.215285	0.003576	0.395570	0.171222	0.022361	0.191986	0.215285	0.003576	0.395570	0.171222	0.022361	1,1,1,1,1,1	0.834239	0.036154	0.036154	0.036154	0.036154	0.036154	0.036154	
414000	-68510.6	1,2,3,3,4,5	3.734383	5.348405	5.473612	6.304508	6.304508	5.800085	5.735622	1,1,2,1,1,2	1.655449	0.049270	0.308481	0.017774	0.624474	0.049270	0.308481	0.017774	0.624474	0.189557	0.411445	0.325148	0.073851	0.049270	0.308481	0.017774	0.624474	0.049270	0.308481	0.017774	0.624474	0.189557	0.411445	0.325148	0.073851	1,2,2,2,2,2	0.646458	0.163427	0.024428	0.256038	0.031494	0.108756	0.415857	0.185370	0.228441	0.005638	0.394713	0.164240	0.021598	0.185370	0.228441	0.005638	0.394713	0.164240	0.021598	0.185370	0.228441	0.005638	0.394713	0.164240	0.021598	0.185370	0.228441	0.005638	0.394713	0.164240	0.021598	0.185370	0.228441	0.005638	0.394713	0.164240	0.021598	1,1,1,1,1,1	0.213435	0.033944	0.033944	0.033944	0.033944	0.033944	0.033944	
415000	-68534.1	1,2,3,4,5,6	3.455605	5.101508	5.466200	6.307131	6.283525	5.977437	6.003130	1,1,2,1,1,2	1.037811	0.055835	0.301794	0.015438	0.626933	0.055835	0.301794	0.015438	0.626933	0.208036	0.400616	0.321768	0.069579	0.055835	0.301794	0.015438	0.626933	0.055835	0.301794	0.015438	0.626933	0.208036	0.400616	0.321768	0.069579	1,2,2,2,2,2	1.495770	0.050313	0.383415	0.115950	0.165694	0.086590	0.198038	0.189618	0.203695	0.001166	0.408318	0.178811	0.018392	0.189618	0.203695	0.001166	0.408318	0.178811	0.018392	0.189618	0.203695	0.001166	0.408318	0.178811	0.018392	0.189618	0.203695	0.001166	0.408318	0.178811	0.018392	0.189618	0.203695	0.001166	0.408318	0.178811	0.018392	1,1,1,1,1,1	0.132914	0.037277	0.037277	0.037277	0.037277	0.037277	0.037277	
416000	-68614.7	1,2,3,4,4,5	1.581028	5.102619	5.473832	6.182570	6.049988	6.049988	6.020973	1,1,2,1,1,2	0.966941	0.054769	0.302321	0.015806	0.627104	0.054769	0.302321	0.015806	0.627104	0.195613	0.407656	0.315933	0.080798	0.054769	0.302321	0.015806	0.627104	0.054769	0.302321	0.015806	0.627104	0.195613	0.407656	0.315933	0.080798	1,2,2,2,2,2	1.792995	0.195623	0.143008	0.079578	0.197004	0.061149	0.323638	0.183325	0.224471	0.006139	0.400814	0.161538	0.023713	0.183325	0.224471	0.006139	0.400814	0.161538	0.023713	0.183325	0.224471	0.006139	0.400814	0.161538	0.023713	0.183325	0.224471	0.006139	0.400814	0.161538	0.023713	0.183325	0.224471	0.006139	0.400814	0.161538	0.023713	1,1,1,1,1,1	2.037178	0.036957	0.036957	0.036957	0.036957	0.036957	0.036957	
417000	-68513.2	1,2,3,3,4,5	1.592367	4.929413	5.607268	6.378509	6.378509	6.205415	5.953622	1,1,2,1,1,2	1.666190	0.050681	0.308793	0.015817	0.624709	0.050681	0.308793	0.015817	0.624709	0.202229	0.405521	0.325931	0.066319	0.050681	0.308793	0.015817	0.624709	0.050681	0.308793	0.015817	0.624709	0.202229	0.405521	0.325931	0.066319	1,2,2,2,2,2	1.561883	0.073862	0.221704	0.246360	0.139673	0.108404	0.209996	0.187896	0.216771	0.004888	0.394822	0.173936	0.021687	0.187896	0.216771	0.004888	0.394822	0.173936	0.021687	0.187896	0.216771	0.004888	0.394822	0.173936	0.021687	0.187896	0.216771	0.004888	0.394822	0.173936	0.021687	0.187896	0.216771	0.004888	0.394822	0.173936	0.021687	1,1,1,2,1,1	1.304481	0.037474	0.037474	0.037474	0.037496	0.037474	0.037474	
418000	-68504.8	1,1,2,2,3,4	1.560962	5.219099	5.219099	6.540176	6.540176	6.054108	5.867981	1,1,2,1,1,2	0.906481	0.049935	0.312088	0.015866	0.622111	0.049935	0.312088	0.015866	0.622111	0.202136	0.406586	0.319541	0.071737	0.049935	0.312088	0.015866	0.622111	0.049935	0.312088	0.015866	0.622111	0.202136	0.406586	0.319541	0.071737	1,2,2,2,2,2	1.562151	0.024038	0.346295	0.139627	0.173169	0.080648	0.236223	0.189526	0.215114	0.001434	0.402303	0.172261	0.019362	0.189526	0.215114	0.001434	0.402303	0.172261	0.019362	0.189526	0.215114	0.001434	0.402303	0.172261	0.019362	0.189526	0.215114	0.001434	0.402303	0.172261	0.019362	0.189526	0.215114	0.001434	0.402303	0.172261	0.019362	1,1,1,1,1,1	0.290352	0.034858	0.034858	0.034858	0.034858	0.034858	0.034858	
419000	-68664.3	1,2,3,3,4,4	2.543746	4.967434	5.496089	6.472083	6.472083	5.857853	5.857853	1,1,2,1,1,2	0.688850	0.053374	0.306542	0.016138	0.623946	0.053374	0.306542	0.016138	0.623946	0.189095	0.414252	0.322664	0.073989	0.053374	0.306542	0.016138	0.623946	0.053374	0.306542	0.016138	0.623946	0.189095	0.414252	0.322664	0.073989	1,2,2,2,2,2	1.852886	0.300284	0.047262	0.175524	0.214948	0.042097	0.219885	0.196710	0.222391	0.001443	0.387094	0.172324	0.020038	0.196710	0.222391	0.001443	0.387094	0.172324	0.020038	0.196710	0.222391	0.001443	0.387094	0.172324	0.020038	0.196710	0.222391	0.001443	0.387094	0.172324	0.020038	0.196710	0.222391	0.001443	0.387094	0.172324	0.020038	1,1,1,1,1,1	0.661478	0.037391	0.037391	0.037391	0.037391	0.037391	0.037391	
420000	-68529.6	1,2,3,3,4,5	3.128690	5.287816	5.483360	6.374706	6.374706	5.941103	5.686790	1,1,2,1,1,2	1.010283	0.052367	0.307664	0.014793	0.625176	0.052367	0.307664	0.014793	0.625176	0.187852	0.408556	0.329924	0.073668	0.052367	0.307664	0.014793	0.625176	0.052367	0.307664	0.014793	0.625176	0.187852	0.408556	0.329924	0.073668	1,2,2,2,2,2	1.864894	0.023470	0.062835	0.092184	0.430400	0.062115	0.328997	0.197921	0.214215	0.004991	0.393433	0.168811	0.020629	0.197921	0.214215	0.004991	0.393433	0.168811	0.020629	0.197921	0.214215	0.004991	0.393433	0.168811	0.020629	0.197921	0.214215	0.004991	0.393433	0.168811	0.020629	0.197921	0.214215	0.004991	0.393433	0.168811	0.020629	1,1,1,1,1,2	1.630950	0.034708	0.034708	0.034708	0.034708	0.034708	0.017733	
421000	-68608	1,1,2,3,3,3	4.339319	5.431771	5.431771	6.313086	5.991029	5.991029	5.991029	1,1,2,1,1,2	1.875040	0.055783	0.308829	0.015644	0.619743	0.055783	0.308829	0.015644	0.619743	0.192637	0.411095	0.326718	0.069550	0.055783	0.308829	0.015644	0.619743	0.055783	0.308829	0.015644	0.619743	0.192637	0.411095	0.326718	0.069550	1,2,2,2,2,2	1.516655	0.060429	0.198002	0.241715	0.178923	0.170328	0.150603	0.183754	0.213480	0.009892	0.392839	0.182683	0.017351	0.183754	0.213480	0.009892	0.392839	0.182683	0.017351	0.183754	0.213480	0.009892	0.392839	0.182683	0.017351	0.183754	0.213480	0.009892	0.392839	0.182683	0.017351	0.183754	0.213480	0.009892	0.392839	0.182683	0.017351	1,1,1,1,1,1	0.571258	0.036093	0.036093	0.036093	0.036093	0.036093	0.036093	
422000	-68527.8	1,1,2,2,3,4	2.619376	5.394920	5.394920	6.335968	6.335968	5.951581	5.718092	1,1,2,1,1,2	1.595221	0.051585	0.319120	0.016764	0.612531	0.051585	0.319120	0.016764	0.612531	0.194473	0.405801	0.328123	0.071603	0.051585	0.319120	0.016764	0.612531	0.051585	0.319120	0.016764	0.612531	0.194473	0.405801	0.328123	0.071603	1,2,2,2,2,2	0.548606	0.166376	0.093054	0.334554	0.051687	0.094161	0.260169	0.194941	0.217310	0.003439	0.385851	0.175243	0.023216	0.194941	0.217310	0.003439	0.385851	0.175243	0.023216	0.194941	0.217310	0.003439	0.385851	0.175243	0.023216	0.194941	0.217310	0.003439	0.385851	0.175243	0.023216	0.194941	0.217310	0.003439	0.385851	0.175243	0.023216	1,1,1,1,1,1	0.984951	0.036028	0.036028	0.036028	0.036028	0.036028	0.036028	
423000	-68558.8	1,2,1,3,3,4	1.258849	6.329391	5.431308	6.329391	6.357611	6.357611	6.147671	1,1,2,1,1,2	1.940046	0.047147	0.320497	0.014599	0.617758	0.047147	0.320497	0.014599	0.617758	0.193735	0.400665	0.330156	0.075443	0.047147	0.320497	0.014599	0.617758	0.047147	0.320497	0.014599	0.617758	0.193735	0.400665	0.330156	0.075443	1,2,2,2,2,2	1.068851	0.026621	0.326896	0.319970	0.038299	0.069617	0.218597	0.184935	0.217404	0.002725	0.394201	0.174032	0.026703	0.184935	0.217404	0.002725	0.394201	0.174032	0.026703	0.184935	0.217404	0.002725	0.394201	0.174032	0.026703	0.184935	0.217404	0.002725	0.394201	0.174032	0.026703	0.184935	0.217404	0.002725	0.394201	0.174032	0.026703	1,1,1,1,2,1	1.671958	0.038407	0.038407	0.038407	0.038407	0.034217	0.038407	
424000	-68565.4	1,1,2,2,2,3	3.939238	5.200967	5.200967	6.276988	6.276988	6.276988	5.789326	1,1,2,1,1,2	0.989933	0.051247	0.308977	0.015991	0.623785	0.051247	0.308977	0.015991	0.623785	0.191019	0.412133	0.327915	0.068933	0.051247	0.308977	0.015991	0.623785	0.051247	0.308977	0.015991	0.623785	0.191019	0.412133	0.327915	0.068933	1,2,2,2,2,2	0.725099	0.125805	0.068069	0.287841	0.344852	0.087351	0.086082	0.196429	0.224149	0.001938	0.377545	0.173235	0.026704	0.196429	0.224149	0.001938	0.377545	0.173235	0.026704	0.196429	0.224149	0.001938	0.377545	0.173235	0.026704	0.196429	0.224149	0.001938	0.377545	0.173235	0.026704	0.196429	0.224149	0.001938	0.377545	0.173235	0.026704	1,1,1,1,1,1	0.967705	0.032892	0.032892	0.032892	0.032892	0.032892	0.032892	
425000	-68787	1,2,3,1,1,4	2.599181	6.477297	5.202285	6.413711	6.477297	6.477297	5.826509	1,1,2,1,1,2	0.519877	0.049867	0.308923	0.015681	0.625529	0.049867	0.308923	0.015681	0.625529	0.194158	0.404207	0.330926	0.070709	0.049867	0.308923	0.015681	0.625529	0.049867	0.308923	0.015681	0.625529	0.194158	0.404207	0.330926	0.070709	1,2,2,2,2,2	3.158807	0.464443	0.145681	0.110180	0.078123	0.057652	0.143920	0.195665	0.208125	0.005387	0.383670	0.188331	0.018823	0.195665	0.208125	0.005387	0.383670	0.188331	0.018823	0.195665	0.208125	0.005387	0.383670	0.188331	0.018823	0.195665	0.208125	0.005387	0.383670	0.188331	0.018823	0.195665	0.208125	0.005387	0.383670	0.188331	0.018823	1,1,1,1,1,1	0.820033	0.036206	0.036206	0.036206	0.036206	0.036206	0.036206	
426000	-68620.3	1,2,3,4,5,6	1.932800	5.358267	5.421153	6.333519	6.189709	6.103715	5.733457	1,1,2,1,1,2	0.587312	0.049484	0.312541	0.015901	0.622074	0.049484	0.312541	0.015901	0.622074	0.199807	0.404731	0.322961	0.072500	0.049484	0.312541	0.015901	0.622074	0.049484	0.312541	0.015901	0.622074	0.199807	0.404731	0.322961	0.072500	1,2,2,2,2,2	1.298071	0.115459	0.277867	0.386237	0.012731	0.095307	0.112400	0.180324	0.218131	0.007451	0.395626	0.174979	0.023489	0.180324	0.218131	0.007451	0.395626	0.174979	0.023489	0.180324	0.218131	0.007451	0.395626	0.174979	0.023489	0.180324	0.218131	0.007451	0.395626	0.174979	0.023489	0.180324	0.218131	0.007451	0.395626	0.174979	0.023489	1,1,1,1,1,1	1.415326	0.032162	0.032162	0.032162	0.032162	0.032162	0.032162	
427000	-68525	1,2,1,3,3,4	3.484775	6.473717	5.839568	6.473717	6.084018	6.084018	6.025541	1,1,2,1,1,2	2.136966	0.050908	0.317685	0.016095	0.615312	0.050908	0.317685	0.016095	0.615312	0.192118	0.402640	0.320898	0.084343	0.050908	0.317685	0.016095	0.615312	0.050908	0.317685	0.016095	0.615312	0.192118	0.402640	0.320898	0.084343	1,2,2,2,2,2	1.986317	0.059536	0.236057	0.212403	0.161205	0.072719	0.258081	0.189732	0.219678	0.003548	0.405852	0.170440	0.010750	0.189732	0.219678	0.003548	0.405852	0.170440	0.010750	0.189732	0.219678	0.003548	0.405852	0.170440	0.010750	0.189732	0.219678	0.003548	0.405852	0.170440	0.010750	0.189732	0.219678	0.003548	0.405852	0.170440	0.010750	1,1,1,1,1,1	1.761457	0.035609	0.035609	0.035609	0.035609	0.035609	0.035609	
428000	-68511.8	1,1,2,3,3,4	1.065236	5.602292	5.602292	6.320542	6.234687	6.234687	5.935365	1,1,2,1,1,2	1.763226	0.050041	0.316569	0.015117	0.618273	0.050041	0.316569	0.015117	0.618273	0.192925	0.405019	0.323293	0.078762	0.050041	0.316569	0.015117	0.618273	0.050041	0.316569	0.015117	0.618273	0.192925	0.405019	0.323293	0.078762	1,2,2,2,2,2	1.737951	0.084963	0.042938	0.183902	0.168508	0.112550	0.407139	0.175982	0.231831	0.008049	0.395857	0.172029	0.016252	0.175982	0.231831	0.008049	0.395857	0.172029	0.016252	0.175982	0.231831	0.008049	0.395857	0.172029	0.016252	0.175982	0.231831	0.008049	0.395857	0.172029	0.016252	0.175982	0.231831	0.008049	0.395857	0.172029	0.016252	1,1,1,1,1,1	1.017377	0.032857	0.032857	0.032857	0.032857	0.032857	0.032857	
429000	-68510.7	1,1,2,3,3,4	1.079293	5.355155	5.355155	6.285185	6.085575	6.085575	5.972486	1,1,2,1,1,2	2.429160	0.053679	0.307764	0.015465	0.623091	0.053679	0.307764	0.015465	0.623091	0.199406	0.408408	0.323367	0.068819	0.053679	0.307764	0.015465	0.623091	0.053679	0.307764	0.015465	0.623091	0.199406	0.408408	0.323367	0.068819	1,2,2,2,2,2	0.856170	0.133450	0.316566	0.145166	0.082465	0.072690	0.249663	0.188091	0.212738	0.008035	0.392680	0.179395	0.019061	0.188091	0.212738	0.008035	0.392680	0.179395	0.019061	0.188091	0.212738	0.008035	0.392680	0.179395	0.019061	0.188091	0.212738	0.008035	0.392680	0.179395	0.019061	0.188091	0.212738	0.008035	0.392680	0.179395	0.019061	1,1,1,1,1,1	2.641857	0.035223	0.035223	0.035223	0.035223	0.035223	0.035223	
430000	-68552.5	1,1,2,2,3,3	0.762396	5.493836	5.493836	6.230272	6.230272	5.936692	5.936692	1,1,2,1,1,2	2.189659	0.049799	0.312319	0.014381	0.623501	0.049799	0.312319	0.014381	0.623501	0.195834	0.403568	0.330165	0.070433	0.049799	0.312319	0.014381	0.623501	0.049799	0.312319	0.014381	0.623501	0.195834	0.403568	0.330165	0.070433	1,2,2,2,2,2	0.770849	0.085372	0.049951	0.214396	0.414965	0.111677	0.123638	0.192796	0.209653	0.006670	0.386050	0.171671	0.033160	0.192796	0.209653	0.006670	0.386050	0.171671	0.033160	0.192796	0.209653	0.006670	0.386050	0.171671	0.033160	0.192796	0.209653	0.006670	0.386050	0.171671	0.033160	0.192796	0.209653	0.006670	0.386050	0.171671	0.033160	1,1,1,1,1,1	0.112607	0.037905	0.037905	0.037905	0.037905	0.037905	0.037905	
431000	-68574.9	1,2,3,3,4,5	1.440454	5.299324	5.216070	6.308604	6.308604	5.939920	6.024272	1,1,2,1,1,2	1.533069	0.050351	0.310791	0.015597	0.623261	0.050351	0.310791	0.015597	0.623261	0.198128	0.400944	0.324375	0.076554	0.050351	0.310791	0.015597	0.623261	0.050351	0.310791	0.015597	0.623261	0.198128	0.400944	0.324375	0.076554	1,2,2,2,2,2	1.340273	0.025374	0.505667	0.129621	0.190395	0.081579	0.067363	0.183351	0.224123	0.007361	0.401849	0.166828	0.016488	0.183351	0.224123	0.007361	0.401849	0.166828	0.016488	0.183351	0.224123	0.007361	0.401849	0.166828	0.016488	0.183351	0.224123	0.007361	0.401849	0.166828	0.016488	0.183351	0.224123	0.007361	0.401849	0.166828	0.016488	1,1,1,1,1,1	1.074005	0.035306	0.035306	0.035306	0.035306	0.035306	0.035306	
432000	-68566.8	1,1,2,2,3,3	0.819533	5.405284	5.405284	6.264889	6.264889	5.860197	5.860197	1,1,2,1,1,2	2.829156	0.054227	0.310804	0.015578	0.619391	0.054227	0.310804	0.015578	0.619391	0.194588	0.403724	0.325270	0.076418	0.054227	0.310804	0.015578	0.619391	0.054227	0.310804	0.015578	0.619391	0.194588	0.403724	0.325270	0.076418	1,2,2,2,2,2	0.578978	0.042585	0.154512	0.313292	0.126363	0.170518	0.192730	0.182337	0.234312	0.006668	0.384088	0.167279	0.025318	0.182337	0.234312	0.006668	0.384088	0.167279	0.025318	0.182337	0.234312	0.006668	0.384088	0.167279	0.025318	0.182337	0.234312	0.006668	0.384088	0.167279	0.025318	0.182337	0.234312	0.006668	0.384088	0.167279	0.025318	1,2,1,1,1,1	0.988569	0.030943	0.035984	0.030943	0.030943	0.030943	0.030943	
433000	-68604.7	1,1,2,2,3,3	2.881033	5.538044	5.538044	6.455868	6.455868	5.869745	5.869745	1,1,2,1,1,2	0.883028	0.050776	0.308099	0.015008	0.626116	0.050776	0.308099	0.015008	0.626116	0.195111	0.401709	0.331355	0.071825	0.050776	0.308099	0.015008	0.626116	0.050776	0.308099	0.015008	0.626116	0.195111	0.401709	0.331355	0.071825	1,2,2,2,2,2	0.323458	0.308465	0.013732	0.287328	0.063866	0.128679	0.197930	0.189279	0.226167	0.004281	0.387862	0.173069	0.019341	0.189279	0.226167	0.004281	0.387862	0.173069	0.019341	0.189279	0.226167	0.004281	0.387862	0.173069	0.019341	0.189279	0.226167	0.004281	0.387862	0.173069	0.019341	0.189279	0.226167	0.004281	0.387862	0.173069	0.019341	1,1,1,1,1,1	0.576804	0.036381	0.036381	0.036381	0.036381	0.036381	0.036381	
434000	-68512.2	1,2,3,3,3,3	1.402264	5.884704	5.378009	6.197660	6.197660	6.197660	6.197660	1,1,2,1,1,2	0.793246	0.053233	0.308671	0.016873	0.621224	0.053233	0.308671	0.016873	0.621224	0.200195	0.400006	0.327258	0.072540	0.053233	0.308671	0.016873	0.621224	0.053233	0.308671	0.016873	0.621224	0.200195	0.400006	0.327258	0.072540	1,2,2,2,2,2	0.685022	0.018696	0.284324	0.214102	0.244918	0.046062	0.191898	0.188983	0.209763	0.008008	0.399928	0.170250	0.023069	0.188983	0.209763	0.008008	0.399928	0.170250	0.023069	0.188983	0.209763	0.008008	0.399928	0.170250	0.023069	0.188983	0.209763	0.008008	0.399928	0.170250	0.023069	0.188983	0.209763	0.008008	0.399928	0.170250	0.023069	1,1,1,1,1,1	0.532170	0.033216	0.033216	0.033216	0.033216	0.033216	0.033216	
435000	-68539.9	1,1,2,2,3,3	2.091745	5.477281	5.477281	6.106506	6.106506	5.939322	5.939322	1,1,2,1,1,2	0.470534	0.051071	0.309068	0.016406	0.623455	0.051071	0.309068	0.016406	0.623455	0.190471	0.410500	0.325965	0.073064	0.051071	0.309068	0.016406	0.623455	0.051071	0.309068	0.016406	0.623455	0.190471	0.410500	0.325965	0.073064	1,2,2,2,2,2	2.312767	0.018801	0.380332	0.282284	0.162413	0.066789	0.089382	0.187390	0.235968	0.006490	0.384790	0.169442	0.015919	0.187390	0.235968	0.006490	0.384790	0.169442	0.015919	0.187390	0.235968	0.006490	0.384790	0.169442	0.015919	0.187390	0.235968	0.006490	0.384790	0.169442	0.015919	0.187390	0.235968	0.006490	0.384790	0.169442	0.015919	1,1,1,1,1,1	1.243496	0.036161	0.036161	0.036161	0.036161	0.036161	0.036161	
436000	-68506.1	1,1,2,3,4,5	2.163391	5.402254	5.402254	6.009924	6.245137	6.069310	5.832712	1,1,2,1,1,2	0.809524	0.049965	0.303046	0.017446	0.629544	0.049965	0.303046	0.017446	0.629544	0.204361	0.398223	0.319920	0.077496	0.049965	0.303046	0.017446	0.629544	0.049965	0.303046	0.017446	0.629544	0.204361	0.398223	0.319920	0.077496	1,2,2,2,2,2	1.918704	0.085812	0.348519	0.104404	0.074368	0.064812	0.322086	0.193268	0.215742	0.004542	0.391440	0.171518	0.023490	0.193268	0.215742	0.004542	0.391440	0.171518	0.023490	0.193268	0.215742	0.004542	0.391440	0.171518	0.023490	0.193268	0.215742	0.004542	0.391440	0.171518	0.023490	0.193268	0.215742	0.004542	0.391440	0.171518	0.023490	1,1,1,1,1,1	1.475909	0.034101	0.034101	0.034101	0.034101	0.034101	0.034101	
437000	-68481.2	1,1,2,2,3,1	1.338528	5.672918	5.672918	6.383270	6.383270	6.094623	5.672918	1,1,2,1,1,2	2.135039	0.054474	0.303284	0.014577	0.627666	0.054474	0.303284	0.014577	0.627666	0.205670	0.399433	0.324250	0.070647	0.054474	0.303284	0.014577	0.627666	0.054474	0.303284	0.014577	0.627666	0.205670	0.399433	0.324250	0.070647	1,2,2,2,2,2	1.992119	0.057579	0.017774	0.194444	0.083149	0.073333	0.573721	0.187220	0.209554	0.004923	0.398287	0.171873	0.028143	0.187220	0.209554	0.004923	0.398287	0.171873	0.028143	0.187220	0.209554	0.004923	0.398287	0.171873	0.028143	0.187220	0.209554	0.004923	0.398287	0.171873	0.028143	0.187220	0.209554	0.004923	0.398287	0.171873	0.028143	1,1,1,1,1,1	1.478335	0.033674	0.033674	0.033674	0.033674	0.033674	0.033674	
438000	-68544.4	1,2,3,3,4,4	1.052527	5.240594	5.599553	6.307947	6.307947	5.904156	5.904156	1,1,2,1,1,2	0.670042	0.054622	0.314762	0.015662	0.614953	0.054622	0.314762	0.015662	0.614953	0.199162	0.406579	0.316672	0.077587	0.054622	0.314762	0.015662	0.614953	0.054622	0.314762	0.015662	0.614953	0.199162	0.406579	0.316672	0.077587	1,2,2,2,2,2	1.628242	0.032807	0.383068	0.260915	0.128942	0.104034	0.090233	0.181256	0.223338	0.005515	0.403516	0.166994	0.019381	0.181256	0.223338	0.005515	0.403516	0.166994	0.019381	0.181256	0.223338	0.005515	0.403516	0.166994	0.019381	0.181256	0.223338	0.005515	0.403516	0.166994	0.019381	0.181256	0.223338	0.005515	0.403516	0.166994	0.019381	1,1,1,1,2,1	1.336652	0.036821	0.036821	0.036821	0.036821	0.013353	0.036821	
439000	-68634.7	1,1,2,2,3,3	3.396880	5.531379	5.531379	6.378384	6.378384	5.868478	5.868478	1,1,2,1,1,2	0.651092	0.047655	0.304555	0.015292	0.632498	0.047655	0.304555	0.015292	0.632498	0.193519	0.407730	0.320982	0.077769	0.047655	0.304555	0.015292	0.632498	0.047655	0.304555	0.015292	0.632498	0.193519	0.407730	0.320982	0.077769	1,2,2,2,2,2	0.250276	0.066752	0.113243	0.134425	0.191737	0.146209	0.347635	0.183920	0.225920	0.004476	0.392910	0.165143	0.027631	0.183920	0.225920	0.004476	0.392910	0.165143	0.027631	0.183920	0.225920	0.004476	0.392910	0.165143	0.027631	0.183920	0.225920	0.004476	0.392910	0.165143	0.027631	0.183920	0.225920	0.004476	0.392910	0.165143	0.027631	1,1,1,1,1,1	0.331991	0.034483	0.034483	0.034483	0.034483	0.034483	0.034483	
440000	-68679.4	1,2,3,3,1,1	1.808026	5.930726	5.476894	6.334410	6.334410	5.930726	5.930726	1,1,2,1,1,2	1.060051	0.052787	0.303844	0.016191	0.627178	0.052787	0.303844	0.016191	0.627178	0.202387	0.398445	0.327504	0.071664	0.052787	0.303844	0.016191	0.627178	0.052787	0.303844	0.016191	0.627178	0.202387	0.398445	0.327504	0.071664	1,2,2,2,2,2	1.386461	0.132192	0.289048	0.278495	0.226282	0.068972	0.005010	0.184590	0.216996	0.004216	0.401569	0.171276	0.021353	0.184590	0.216996	0.004216	0.401569	0.171276	0.021353	0.184590	0.216996	0.004216	0.401569	0.171276	0.021353	0.184590	0.216996	0.004216	0.401569	0.171276	0.021353	0.184590	0.216996	0.004216	0.401569	0.171276	0.021353	1,1,1,1,1,1	0.413632	0.033282	0.033282	0.033282	0.033282	0.033282	0.033282	
441000	-68594.8	1,2,3,4,5,6	4.367759	7.131627	5.279894	6.346742	6.186436	5.901639	5.908329	1,1,2,1,1,2	2.861360	0.052424	0.309577	0.015801	0.622197	0.052424	0.309577	0.015801	0.622197	0.193761	0.406019	0.321986	0.078234	0.052424	0.309577	0.015801	0.622197	0.052424	0.309577	0.015801	0.622197	0.193761	0.406019	0.321986	0.078234	1,2,2,2,2,2	1.253417	0.012848	0.253736	0.415859	0.122892	0.054990	0.139675	0.186539	0.215737	0.005944	0.396894	0.172410	0.022476	0.186539	0.215737	0.005944	0.396894	0.172410	0.022476	0.186539	0.215737	0.005944	0.396894	0.172410	0.022476	0.186539	0.215737	0.005944	0.396894	0.172410	0.022476	0.186539	0.215737	0.005944	0.396894	0.172410	0.022476	1,1,1,1,1,1	0.892270	0.035686	0.035686	0.035686	0.035686	0.035686	0.035686	
442000	-68504.3	1,1,2,3,4,4	1.858704	5.359434	5.359434	6.170752	6.389123	5.786153	5.786153	1,1,2,1,1,2	0.983930	0.050606	0.309113	0.016152	0.624129	0.050606	0.309113	0.016152	0.624129	0.189740	0.408973	0.329693	0.071594	0.050606	0.309113	0.016152	0.624129	0.050606	0.309113	0.016152	0.624129	0.189740	0.408973	0.329693	0.071594	1,2,2,2,2,2	0.893299	0.031237	0.114556	0.114394	0.307810	0.067028	0.364976	0.194207	0.215525	0.006453	0.388249	0.172540	0.023025	0.194207	0.215525	0.006453	0.388249	0.172540	0.023025	0.194207	0.215525	0.006453	0.388249	0.172540	0.023025	0.194207	0.215525	0.006453	0.388249	0.172540	0.023025	0.194207	0.215525	0.006453	0.388249	0.172540	0.023025	1,1,1,1,1,1	0.340226	0.032961	0.032961	0.032961	0.032961	0.032961	0.032961	
443000	-68540	1,1,2,3,4,3	2.279598	5.186596	5.186596	6.184857	6.153084	6.021061	6.153084	1,1,2,1,1,2	0.361513	0.055514	0.316922	0.015237	0.612327	0.055514	0.316922	0.015237	0.612327	0.206210	0.402020	0.318509	0.073261	0.055514	0.316922	0.015237	0.612327	0.055514	0.316922	0.015237	0.612327	0.206210	0.402020	0.318509	0.073261	1,2,2,2,2,2	1.537844	0.074340	0.012833	0.181296	0.115818	0.136658	0.479055	0.183870	0.214095	0.009731	0.397312	0.174244	0.020748	0.183870	0.214095	0.009731	0.397312	0.174244	0.020748	0.183870	0.214095	0.009731	0.397312	0.174244	0.020748	0.183870	0.214095	0.009731	0.397312	0.174244	0.020748	0.183870	0.214095	0.009731	0.397312	0.174244	0.020748	1,1,1,1,1,1	0.236936	0.038344	0.038344	0.038344	0.038344	0.038344	0.038344	
444000	-68557.6	1,1,2,2,3,4	2.498739	5.648927	5.648927	6.188803	6.188803	5.987626	5.806011	1,1,2,1,1,2	1.563694	0.050672	0.309081	0.014197	0.626050	0.050672	0.309081	0.014197	0.626050	0.198083	0.404908	0.319966	0.077043	0.050672	0.309081	0.014197	0.626050	0.050672	0.309081	0.014197	0.626050	0.198083	0.404908	0.319966	0.077043	1,2,2,2,2,2	1.369317	0.109432	0.035248	0.268009	0.390616	0.047879	0.148816	0.189949	0.219632	0.003282	0.391777	0.168007	0.027354	0.189949	0.219632	0.003282	0.391777	0.168007	0.027354	0.189949	0.219632	0.003282	0.391777	0.168007	0.027354	0.189949	0.219632	0.003282	0.391777	0.168007	0.027354	0.189949	0.219632	0.003282	0.391777	0.168007	0.027354	1,1,1,1,1,1	1.402198	0.036743	0.036743	0.036743	0.036743	0.036743	0.036743	
445000	-68782.2	1,2,3,4,4,3	3.216673	5.060997	5.535834	6.202308	6.066354	6.066354	6.202308	1,1,2,1,1,2	2.470554	0.048898	0.313452	0.015430	0.622220	0.048898	0.313452	0.015430	0.622220	0.195430	0.405725	0.323429	0.075416	0.048898	0.313452	0.015430	0.622220	0.048898	0.313452	0.015430	0.622220	0.195430	0.405725	0.323429	0.075416	1,2,2,2,2,2	1.273700	0.074298	0.024638	0.112312	0.584088	0.156605	0.048059	0.190976	0.209867	0.005712	0.403811	0.173264	0.016369	0.190976	0.209867	0.005712	0.403811	0.173264	0.016369	0.190976	0.209867	0.005712	0.403811	0.173264	0.016369	0.190976	0.209867	0.005712	0.403811	0.173264	0.016369	0.190976	0.209867	0.005712	0.403811	0.173264	0.016369	1,1,1,1,1,1	0.968408	0.036279	0.036279	0.036279	0.036279	0.036279	0.036279	
446000	-68552.7	1,1,2,3,4,4	1.325327	5.340260	5.340260	6.392699	6.267062	5.881867	5.881867	1,1,2,1,1,2	1.312292	0.051139	0.311611	0.015277	0.621972	0.051139	0.311611	0.015277	0.621972	0.197568	0.407054	0.324265	0.071113	0.051139	0.311611	0.015277	0.621972	0.051139	0.311611	0.015277	0.621972	0.197568	0.407054	0.324265	0.071113	1,2,2,2,2,2	0.961424	0.007301	0.050072	0.493527	0.115391	0.147603	0.186106	0.187945	0.213057	0.006423	0.392454	0.175699	0.024421	0.187945	0.213057	0.006423	0.392454	0.175699	0.024421	0.187945	0.213057	0.006423	0.392454	0.175699	0.024421	0.187945	0.213057	0.006423	0.392454	0.175699	0.024421	0.187945	0.213057	0.006423	0.392454	0.175699	0.024421	1,1,1,1,1,1	0.456632	0.034916	0.034916	0.034916	0.034916	0.034916	0.034916	
447000	-68593.6	1,2,3,3,4,5	2.532917	5.872726	5.540221	6.287488	6.287488	5.852398	6.016301	1,1,2,1,1,2	0.556166	0.052160	0.314658	0.015690	0.617492	0.052160	0.314658	0.015690	0.617492	0.199119	0.403923	0.319642	0.077316	0.052160	0.314658	0.015690	0.617492	0.052160	0.314658	0.015690	0.617492	0.199119	0.403923	0.319642	0.077316	1,2,2,2,2,2	1.876277	0.189339	0.218180	0.104212	0.014799	0.044663	0.428807	0.194379	0.217302	0.006822	0.386217	0.174648	0.020633	0.194379	0.217302	0.006822	0.386217	0.174648	0.020633	0.194379	0.217302	0.006822	0.386217	0.174648	0.020633	0.194379	0.217302	0.006822	0.386217	0.174648	0.020633	0.194379	0.217302	0.006822	0.386217	0.174648	0.020633	1,1,1,1,1,1	1.001592	0.035988	0.035988	0.035988	0.035988	0.035988	0.035988	
448000	-68561.9	1,2,1,1,1,1	2.320512	6.099315	5.488069	6.099315	6.099315	6.099315	6.099315	1,1,2,1,1,2	1.624170	0.050555	0.309537	0.015739	0.624169	0.050555	0.309537	0.015739	0.624169	0.199136	0.402796	0.322512	0.075556	0.050555	0.309537	0.015739	0.624169	0.050555	0.309537	0.015739	0.624169	0.199136	0.402796	0.322512	0.075556	1,2,2,2,2,2	1.410600	0.130472	0.019376	0.175671	0.468657	0.070831	0.134993	0.187786	0.211294	0.006106	0.396334	0.170244	0.028236	0.187786	0.211294	0.006106	0.396334	0.170244	0.028236	0.187786	0.211294	0.006106	0.396334	0.170244	0.028236	0.187786	0.211294	0.006106	0.396334	0.170244	0.028236	0.187786	0.211294	0.006106	0.396334	0.170244	0.028236	1,1,1,1,1,1	0.515755	0.034303	0.034303	0.034303	0.034303	0.034303	0.034303	
449000	-68487.3	1,2,3,3,1,1	1.546790	5.788154	5.364630	6.385846	6.385846	5.788154	5.788154	1,1,2,1,1,2	1.549554	0.047818	0.308065	0.017316	0.626801	0.047818	0.308065	0.017316	0.626801	0.195645	0.411315	0.318538	0.074501	0.047818	0.308065	0.017316	0.626801	0.047818	0.308065	0.017316	0.626801	0.195645	0.411315	0.318538	0.074501	1,2,2,2,2,2	1.641466	0.019415	0.356561	0.084663	0.137866	0.048997	0.352497	0.185669	0.220741	0.008017	0.393228	0.173255	0.019089	0.185669	0.220741	0.008017	0.393228	0.173255	0.019089	0.185669	0.220741	0.008017	0.393228	0.173255	0.019089	0.185669	0.220741	0.008017	0.393228	0.173255	0.019089	0.185669	0.220741	0.008017	0.393228	0.173255	0.019089	1,1,1,1,1,1	0.296493	0.036342	0.036342	0.036342	0.036342	0.036342	0.036342	
450000	-68516.2	1,2,3,3,4,5	2.953993	4.899705	5.469913	6.528599	6.528599	6.078400	5.739446	1,1,2,1,1,2	0.285766	0.051798	0.310583	0.015640	0.621979	0.051798	0.310583	0.015640	0.621979	0.202842	0.401600	0.317575	0.077983	0.051798	0.310583	0.015640	0.621979	0.051798	0.310583	0.015640	0.621979	0.202842	0.401600	0.317575	0.077983	1,2,2,2,2,2	1.891308	0.057100	0.340445	0.138368	0.326648	0.059901	0.077539	0.194648	0.208251	0.002126	0.396056	0.172410	0.026508	0.194648	0.208251	0.002126	0.396056	0.172410	0.026508	0.194648	0.208251	0.002126	0.396056	0.172410	0.026508	0.194648	0.208251	0.002126	0.396056	0.172410	0.026508	0.194648	0.208251	0.002126	0.396056	0.172410	0.026508	1,1,1,1,1,1	0.447472	0.036863	0.036863	0.036863	0.036863	0.036863	0.036863	
451000	-68682.3	1,2,3,4,5,5	3.086832	5.802468	5.359832	6.309443	6.174291	5.949693	5.949693	1,1,2,1,1,2	0.858674	0.047043	0.311279	0.020150	0.621528	0.047043	0.311279	0.020150	0.621528	0.193336	0.404899	0.324957	0.076808	0.047043	0.311279	0.020150	0.621528	0.047043	0.311279	0.020150	0.621528	0.193336	0.404899	0.324957	0.076808	1,2,2,2,2,2	1.052187	0.111269	0.086781	0.262898	0.401033	0.128329	0.009690	0.199269	0.218846	0.004958	0.389990	0.171430	0.015508	0.199269	0.218846	0.004958	0.389990	0.171430	0.015508	0.199269	0.218846	0.004958	0.389990	0.171430	0.015508	0.199269	0.218846	0.004958	0.389990	0.171430	0.015508	0.199269	0.218846	0.004958	0.389990	0.171430	0.015508	1,1,1,1,1,1	2.091467	0.030893	0.030893	0.030893	0.030893	0.030893	0.030893	
452000	-68563.3	1,1,2,2,2,3	1.587349	5.401915	5.401915	6.300982	6.300982	6.300982	5.838167	1,1,2,1,1,2	1.255177	0.053888	0.315030	0.017169	0.613913	0.053888	0.315030	0.017169	0.613913	0.196092	0.402030	0.325199	0.076680	0.053888	0.315030	0.017169	0.613913	0.053888	0.315030	0.017169	0.613913	0.196092	0.402030	0.325199	0.076680	1,2,2,2,2,2	1.123061	0.198490	0.215067	0.126379	0.110301	0.052849	0.296915	0.188877	0.214901	0.002874	0.401486	0.169129	0.022733	0.188877	0.214901	0.002874	0.401486	0.169129	0.022733	0.188877	0.214901	0.002874	0.401486	0.169129	0.022733	0.188877	0.214901	0.002874	0.401486	0.169129	0.022733	0.188877	0.214901	0.002874	0.401486	0.169129	0.022733	1,1,1,1,1,1	1.584460	0.033478	0.033478	0.033478	0.033478	0.033478	0.033478	
453000	-68551.5	1,1,2,2,3,3	2.215404	5.619138	5.619138	6.329862	6.329862	5.919571	5.919571	1,1,2,1,1,2	1.222950	0.054707	0.312518	0.016897	0.615878	0.054707	0.312518	0.016897	0.615878	0.188057	0.413024	0.326172	0.072747	0.054707	0.312518	0.016897	0.615878	0.054707	0.312518	0.016897	0.615878	0.188057	0.413024	0.326172	0.072747	1,2,2,2,2,2	2.244375	0.037648	0.041570	0.429972	0.008524	0.165016	0.317270	0.191927	0.230213	0.002740	0.386472	0.175815	0.012832	0.191927	0.230213	0.002740	0.386472	0.175815	0.012832	0.191927	0.230213	0.002740	0.386472	0.175815	0.012832	0.191927	0.230213	0.002740	0.386472	0.175815	0.012832	0.191927	0.230213	0.002740	0.386472	0.175815	0.012832	1,1,1,1,1,1	0.141137	0.033851	0.033851	0.033851	0.033851	0.033851	0.033851	
454000	-68505.3	1,1,2,2,3,4	4.723344	5.426207	5.426207	6.275778	6.275778	5.854352	5.904973	1,1,2,1,1,2	1.048092	0.049360	0.313467	0.015977	0.621196	0.049360	0.313467	0.015977	0.621196	0.208940	0.390901	0.324156	0.076003	0.049360	0.313467	0.015977	0.621196	0.049360	0.313467	0.015977	0.621196	0.208940	0.390901	0.324156	0.076003	1,2,2,2,2,2	1.496832	0.069305	0.093240	0.237569	0.212727	0.126536	0.260623	0.194853	0.206659	0.005587	0.394967	0.170528	0.027406	0.194853	0.206659	0.005587	0.394967	0.170528	0.027406	0.194853	0.206659	0.005587	0.394967	0.170528	0.027406	0.194853	0.206659	0.005587	0.394967	0.170528	0.027406	0.194853	0.206659	0.005587	0.394967	0.170528	0.027406	1,1,1,1,1,1	0.170221	0.037076	0.037076	0.037076	0.037076	0.037076	0.037076	
455000	-68620.9	1,1,2,2,3,3	0.261124	5.139534	5.139534	6.319932	6.319932	5.895582	5.895582	1,1,2,1,1,2	1.086407	0.047298	0.303175	0.015147	0.634380	0.047298	0.303175	0.015147	0.634380	0.191828	0.409379	0.321039	0.077753	0.047298	0.303175	0.015147	0.634380	0.047298	0.303175	0.015147	0.634380	0.191828	0.409379	0.321039	0.077753	1,2,2,2,2,2	1.768748	0.024953	0.009639	0.166945	0.557133	0.131514	0.109816	0.187101	0.218680	0.007438	0.398436	0.162824	0.025521	0.187101	0.218680	0.007438	0.398436	0.162824	0.025521	0.187101	0.218680	0.007438	0.398436	0.162824	0.025521	0.187101	0.218680	0.007438	0.398436	0.162824	0.025521	0.187101	0.218680	0.007438	0.398436	0.162824	0.025521	1,1,1,1,1,1	1.001172	0.036066	0.036066	0.036066	0.036066	0.036066	0.036066	
456000	-68543.8	1,2,3,4,2,2	1.938509	5.209669	5.830487	6.707889	6.246435	5.830487	5.830487	1,1,2,1,1,2	1.637576	0.054861	0.304303	0.015705	0.625131	0.054861	0.304303	0.015705	0.625131	0.197209	0.408837	0.324439	0.069516	0.054861	0.304303	0.015705	0.625131	0.054861	0.304303	0.015705	0.625131	0.197209	0.408837	0.324439	0.069516	1,2,2,2,2,2	0.726455	0.039235	0.291261	0.126674	0.065767	0.101743	0.375321	0.189012	0.216204	0.003264	0.398333	0.171970	0.021216	0.189012	0.216204	0.003264	0.398333	0.171970	0.021216	0.189012	0.216204	0.003264	0.398333	0.171970	0.021216	0.189012	0.216204	0.003264	0.398333	0.171970	0.021216	0.189012	0.216204	0.003264	0.398333	0.171970	0.021216	1,1,1,1,1,1	2.498883	0.030424	0.030424	0.030424	0.030424	0.030424	0.030424	
457000	-68551.8	1,1,2,2,3,4	1.605870	5.352140	5.352140	6.282276	6.282276	6.088850	5.731379	1,1,2,1,1,2	1.212697	0.052984	0.307396	0.015925	0.623696	0.052984	0.307396	0.015925	0.623696	0.196584	0.404881	0.322227	0.076309	0.052984	0.307396	0.015925	0.623696	0.052984	0.307396	0.015925	0.623696	0.196584	0.404881	0.322227	0.076309	1,2,2,2,2,2	1.083048	0.068889	0.182316	0.089634	0.467494	0.066907	0.124760	0.184719	0.221228	0.004437	0.389909	0.175238	0.024469	0.184719	0.221228	0.004437	0.389909	0.175238	0.024469	0.184719	0.221228	0.004437	0.389909	0.175238	0.024469	0.184719	0.221228	0.004437	0.389909	0.175238	0.024469	0.184719	0.221228	0.004437	0.389909	0.175238	0.024469	1,1,1,1,1,1	0.735224	0.031685	0.031685	0.031685	0.031685	0.031685	0.031685	
458000	-68543.7	1,1,2,2,3,3	1.045883	5.232360	5.232360	6.414879	6.414879	5.795982	5.795982	1,1,2,1,1,2	2.228277	0.047052	0.310447	0.017272	0.625229	0.047052	0.310447	0.017272	0.625229	0.191489	0.406557	0.326298	0.075657	0.047052	0.310447	0.017272	0.625229	0.047052	0.310447	0.017272	0.625229	0.191489	0.406557	0.326298	0.075657	1,2,2,2,2,2	0.804106	0.063052	0.130916	0.387752	0.210547	0.094250	0.113483	0.187973	0.212688	0.006741	0.401271	0.174087	0.017240	0.187973	0.212688	0.006741	0.401271	0.174087	0.017240	0.187973	0.212688	0.006741	0.401271	0.174087	0.017240	0.187973	0.212688	0.006741	0.401271	0.174087	0.017240	0.187973	0.212688	0.006741	0.401271	0.174087	0.017240	1,1,1,1,1,1	0.848009	0.032358	0.032358	0.032358	0.032358	0.032358	0.032358	
459000	-68553.4	1,1,2,2,3,4	1.420990	5.304516	5.304516	6.444055	6.444055	5.835211	5.889623	1,1,2,1,1,2	0.800274	0.053587	0.307324	0.016060	0.623029	0.053587	0.307324	0.016060	0.623029	0.208348	0.405118	0.317171	0.069363	0.053587	0.307324	0.016060	0.623029	0.053587	0.307324	0.016060	0.623029	0.208348	0.405118	0.317171	0.069363	1,2,2,2,2,2	2.287421	0.080276	0.040132	0.335121	0.371640	0.080302	0.092529	0.184211	0.209060	0.006381	0.400241	0.177858	0.022249	0.184211	0.209060	0.006381	0.400241	0.177858	0.022249	0.184211	0.209060	0.006381	0.400241	0.177858	0.022249	0.184211	0.209060	0.006381	0.400241	0.177858	0.022249	0.184211	0.209060	0.006381	0.400241	0.177858	0.022249	1,1,1,1,1,1	0.110719	0.034197	0.034197	0.034197	0.034197	0.034197	0.034197	
460000	-68575.1	1,2,3,4,5,5	2.012643	5.682523	5.131410	6.287831	6.217536	5.887498	5.887498	1,1,2,1,1,2	0.844383	0.049123	0.306877	0.014219	0.629781	0.049123	0.306877	0.014219	0.629781	0.197105	0.396370	0.329369	0.077156	0.049123	0.306877	0.014219	0.629781	0.049123	0.306877	0.014219	0.629781	0.197105	0.396370	0.329369	0.077156	1,2,2,2,2,2	1.594218	0.142943	0.041894	0.108177	0.316312	0.033094	0.357581	0.188232	0.222210	0.002681	0.400723	0.164424	0.021729	0.188232	0.222210	0.002681	0.400723	0.164424	0.021729	0.188232	0.222210	0.002681	0.400723	0.164424	0.021729	0.188232	0.222210	0.002681	0.400723	0.164424	0.021729	0.188232	0.222210	0.002681	0.400723	0.164424	0.021729	1,1,1,1,1,1	0.827572	0.035796	0.035796	0.035796	0.035796	0.035796	0.035796	
461000	-68574.8	1,2,1,1,1,2	1.349608	6.191523	5.759760	6.191523	6.191523	6.191523	5.759760	1,1,2,1,1,2	2.011364	0.049093	0.314001	0.016726	0.620180	0.049093	0.314001	0.016726	0.620180	0.196861	0.402042	0.322719	0.078377	0.049093	0.314001	0.016726	0.620180	0.049093	0.314001	0.016726	0.620180	0.196861	0.402042	0.322719	0.078377	1,2,2,2,2,2	1.680335	0.013929	0.090096	0.138950	0.666096	0.051496	0.039434	0.189071	0.221776	0.002467	0.405815	0.159205	0.021665	0.189071	0.221776	0.002467	0.405815	0.159205	0.021665	0.189071	0.221776	0.002467	0.405815	0.159205	0.021665	0.189071	0.221776	0.002467	0.405815	0.159205	0.021665	0.189071	0.221776	0.002467	0.405815	0.159205	0.021665	1,1,1,1,1,1	0.510693	0.036206	0.036206	0.036206	0.036206	0.036206	0.036206	
462000	-68510	1,2,1,1,1,1	1.623190	6.121539	5.232150	6.121539	6.121539	6.121539	6.121539	1,1,2,1,1,2	0.910234	0.050148	0.302661	0.016963	0.630228	0.050148	0.302661	0.016963	0.630228	0.193113	0.408599	0.319293	0.078995	0.050148	0.302661	0.016963	0.630228	0.050148	0.302661	0.016963	0.630228	0.193113	0.408599	0.319293	0.078995	1,2,2,2,2,2	1.609435	0.041251	0.085027	0.116793	0.024481	0.061475	0.670973	0.195850	0.224052	0.003103	0.381943	0.168725	0.026328	0.195850	0.224052	0.003103	0.381943	0.168725	0.026328	0.195850	0.224052	0.003103	0.381943	0.168725	0.026328	0.195850	0.224052	0.003103	0.381943	0.168725	0.026328	0.195850	0.224052	0.003103	0.381943	0.168725	0.026328	1,1,1,1,1,1	1.075030	0.032961	0.032961	0.032961	0.032961	0.032961	0.032961	
463000	-68553.9	1,1,2,3,4,4	1.453251	5.290716	5.290716	6.259475	6.317064	5.903165	5.903165	1,1,2,1,1,2	2.374008	0.049107	0.316883	0.013462	0.620548	0.049107	0.316883	0.013462	0.620548	0.199684	0.406441	0.318666	0.075209	0.049107	0.316883	0.013462	0.620548	0.049107	0.316883	0.013462	0.620548	0.199684	0.406441	0.318666	0.075209	1,2,2,2,2,2	0.430370	0.018921	0.104180	0.405386	0.000026	0.133101	0.338385	0.188289	0.221021	0.003193	0.397720	0.164620	0.025157	0.188289	0.221021	0.003193	0.397720	0.164620	0.025157	0.188289	0.221021	0.003193	0.397720	0.164620	0.025157	0.188289	0.221021	0.003193	0.397720	0.164620	0.025157	0.188289	0.221021	0.003193	0.397720	0.164620	0.025157	1,1,1,1,1,1	0.719089	0.031073	0.031073	0.031073	0.031073	0.031073	0.031073	
464000	-68580	1,2,3,3,4,5	2.649104	5.956391	5.557020	6.372959	6.372959	5.920167	5.875233	1,1,2,1,1,2	3.049219	0.052760	0.303832	0.015740	0.627668	0.052760	0.303832	0.015740	0.627668	0.202756	0.404565	0.314660	0.078020	0.052760	0.303832	0.015740	0.627668	0.052760	0.303832	0.015740	0.627668	0.202756	0.404565	0.314660	0.078020	1,2,2,2,2,2	1.610729	0.089033	0.020746	0.443201	0.249500	0.077106	0.120413	0.182760	0.204071	0.003501	0.419393	0.171068	0.019206	0.182760	0.204071	0.003501	0.419393	0.171068	0.019206	0.182760	0.204071	0.003501	0.419393	0.171068	0.019206	0.182760	0.204071	0.003501	0.419393	0.171068	0.019206	0.182760	0.204071	0.003501	0.419393	0.171068	0.019206	1,1,1,1,1,1	0.702455	0.032565	0.032565	0.032565	0.032565	0.032565	0.032565	
465000	-68486.4	1,1,2,2,3,3	1.905810	5.142301	5.142301	6.232769	6.232769	6.018516	6.018516	1,1,2,1,1,2	0.230283	0.049146	0.307936	0.014394	0.628524	0.049146	0.307936	0.014394	0.628524	0.194439	0.405276	0.321065	0.079220	0.049146	0.307936	0.014394	0.628524	0.049146	0.307936	0.014394	0.628524	0.194439	0.405276	0.321065	0.079220	1,2,2,2,2,2	0.908923	0.056094	0.391456	0.197981	0.108338	0.075086	0.171046	0.196990	0.213495	0.004204	0.398741	0.166392	0.020177	0.196990	0.213495	0.004204	0.398741	0.166392	0.020177	0.196990	0.213495	0.004204	0.398741	0.166392	0.020177	0.196990	0.213495	0.004204	0.398741	0.166392	0.020177	0.196990	0.213495	0.004204	0.398741	0.166392	0.020177	1,1,1,1,1,1	1.584517	0.035275	0.035275	0.035275	0.035275	0.035275	0.035275	
466000	-68532.9	1,1,2,2,3,4	4.375133	5.374306	5.374306	6.284546	6.284546	5.968437	6.014020	1,1,2,1,1,2	0.789406	0.056680	0.304631	0.015801	0.622888	0.056680	0.304631	0.015801	0.622888	0.199004	0.406251	0.319817	0.074929	0.056680	0.304631	0.015801	0.622888	0.056680	0.304631	0.015801	0.622888	0.199004	0.406251	0.319817	0.074929	1,2,2,2,2,2	1.495042	0.009391	0.124290	0.386554	0.065922	0.121203	0.292641	0.190413	0.208297	0.005558	0.398209	0.179256	0.018266	0.190413	0.208297	0.005558	0.398209	0.179256	0.018266	0.190413	0.208297	0.005558	0.398209	0.179256	0.018266	0.190413	0.208297	0.005558	0.398209	0.179256	0.018266	0.190413	0.208297	0.005558	0.398209	0.179256	0.018266	1,1,1,1,1,1	0.410875	0.032413	0.032413	0.032413	0.032413	0.032413	0.032413	
467000	-68523.7	1,2,3,4,5,4	4.006112	5.214365	5.524198	6.363683	6.013385	5.703204	6.013385	1,1,2,1,1,2	1.852317	0.050500	0.312805	0.014067	0.622628	0.050500	0.312805	0.014067	0.622628	0.194226	0.411053	0.320831	0.073891	0.050500	0.312805	0.014067	0.622628	0.050500	0.312805	0.014067	0.622628	0.194226	0.411053	0.320831	0.073891	1,2,2,2,2,2	1.463962	0.130308	0.072984	0.320077	0.063308	0.129957	0.283367	0.199825	0.209065	0.005892	0.392934	0.168425	0.023859	0.199825	0.209065	0.005892	0.392934	0.168425	0.023859	0.199825	0.209065	0.005892	0.392934	0.168425	0.023859	0.199825	0.209065	0.005892	0.392934	0.168425	0.023859	0.199825	0.209065	0.005892	0.392934	0.168425	0.023859	1,1,1,1,1,1	0.997298	0.037430	0.037430	0.037430	0.037430	0.037430	0.037430	
468000	-68543	1,1,2,2,3,3	1.192402	5.187711	5.187711	6.331321	6.331321	5.954413	5.954413	1,1,2,1,1,2	2.649981	0.050772	0.315723	0.014300	0.619205	0.050772	0.315723	0.014300	0.619205	0.194590	0.408434	0.329345	0.067630	0.050772	0.315723	0.014300	0.619205	0.050772	0.315723	0.014300	0.619205	0.194590	0.408434	0.329345	0.067630	1,2,2,2,2,2	1.039520	0.027532	0.116957	0.298243	0.097184	0.057375	0.402709	0.186357	0.231743	0.005528	0.384347	0.167427	0.024598	0.186357	0.231743	0.005528	0.384347	0.167427	0.024598	0.186357	0.231743	0.005528	0.384347	0.167427	0.024598	0.186357	0.231743	0.005528	0.384347	0.167427	0.024598	0.186357	0.231743	0.005528	0.384347	0.167427	0.024598	1,1,1,1,1,1	0.778409	0.036615	0.036615	0.036615	0.036615	0.036615	0.036615	
469000	-68651.3	1,2,3,4,3,5	2.342932	5.248973	5.491895	6.201311	5.892842	6.201311	5.914067	1,1,2,1,1,2	0.645420	0.050940	0.306663	0.018664	0.623733	0.050940	0.306663	0.018664	0.623733	0.198316	0.411459	0.314038	0.076188	0.050940	0.306663	0.018664	0.623733	0.050940	0.306663	0.018664	0.623733	0.198316	0.411459	0.314038	0.076188	1,2,2,2,2,2	0.349197	0.313915	0.178343	0.118292	0.034157	0.081445	0.273847	0.177477	0.217700	0.009881	0.401339	0.172977	0.020627	0.177477	0.217700	0.009881	0.401339	0.172977	0.020627	0.177477	0.217700	0.009881	0.401339	0.172977	0.020627	0.177477	0.217700	0.009881	0.401339	0.172977	0.020627	0.177477	0.217700	0.009881	0.401339	0.172977	0.020627	1,1,1,1,1,1	0.758972	0.035465	0.035465	0.035465	0.035465	0.035465	0.035465	
470000	-68528.1	1,1,2,3,3,1	0.704037	5.706280	5.706280	6.585676	6.269243	6.269243	5.706280	1,1,2,1,1,2	0.495778	0.050939	0.306960	0.014615	0.627486	0.050939	0.306960	0.014615	0.627486	0.203703	0.404176	0.320058	0.072063	0.050939	0.306960	0.014615	0.627486	0.050939	0.306960	0.014615	0.627486	0.203703	0.404176	0.320058	0.072063	1,2,2,2,2,2	1.064240	0.105629	0.380462	0.096326	0.079094	0.033685	0.304804	0.190571	0.210763	0.003779	0.404114	0.170170	0.020603	0.190571	0.210763	0.003779	0.404114	0.170170	0.020603	0.190571	0.210763	0.003779	0.404114	0.170170	0.020603	0.190571	0.210763	0.003779	0.404114	0.170170	0.020603	0.190571	0.210763	0.003779	0.404114	0.170170	0.020603	1,1,1,1,1,1	0.658828	0.036308	0.036308	0.036308	0.036308	0.036308	0.036308	
471000	-68480.7	1,1,2,2,3,3	0.675893	5.565299	5.565299	6.345168	6.345168	5.994044	5.994044	1,1,2,1,1,2	1.341195	0.048378	0.311707	0.015795	0.624120	0.048378	0.311707	0.015795	0.624120	0.194587	0.407105	0.325424	0.072884	0.048378	0.311707	0.015795	0.624120	0.048378	0.311707	0.015795	0.624120	0.194587	0.407105	0.325424	0.072884	1,2,2,2,2,2	1.367996	0.113085	0.015370	0.214051	0.141362	0.080613	0.435518	0.175435	0.226111	0.006734	0.402780	0.163701	0.025239	0.175435	0.226111	0.006734	0.402780	0.163701	0.025239	0.175435	0.226111	0.006734	0.402780	0.163701	0.025239	0.175435	0.226111	0.006734	0.402780	0.163701	0.025239	0.175435	0.226111	0.006734	0.402780	0.163701	0.025239	1,1,1,1,1,1	0.469364	0.037805	0.037805	0.037805	0.037805	0.037805	0.037805	
472000	-68487.7	1,2,3,3,4,4	3.280400	5.184050	5.298859	6.446478	6.446478	5.869478	5.869478	1,1,2,1,1,2	1.605343	0.053246	0.306975	0.016033	0.623746	0.053246	0.306975	0.016033	0.623746	0.196152	0.415230	0.311715	0.076904	0.053246	0.306975	0.016033	0.623746	0.053246	0.306975	0.016033	0.623746	0.196152	0.415230	0.311715	0.076904	1,2,2,2,2,2	0.542065	0.077358	0.097927	0.153342	0.312458	0.072608	0.286307	0.193110	0.219884	0.004141	0.392655	0.169654	0.020556	0.193110	0.219884	0.004141	0.392655	0.169654	0.020556	0.193110	0.219884	0.004141	0.392655	0.169654	0.020556	0.193110	0.219884	0.004141	0.392655	0.169654	0.020556	0.193110	0.219884	0.004141	0.392655	0.169654	0.020556	1,1,1,1,1,1	1.998212	0.036071	0.036071	0.036071	0.036071	0.036071	0.036071	
473000	-68567.2	1,1,2,3,4,3	1.371446	5.284304	5.284304	6.383449	6.199714	6.135828	6.199714	1,1,2,1,1,2	0.436408	0.048533	0.308726	0.015365	0.627376	0.048533	0.308726	0.015365	0.627376	0.203200	0.409037	0.314686	0.073077	0.048533	0.308726	0.015365	0.627376	0.048533	0.308726	0.015365	0.627376	0.203200	0.409037	0.314686	0.073077	1,2,2,2,2,2	0.954500	0.111605	0.071131	0.430054	0.161435	0.095338	0.130438	0.180629	0.211065	0.008311	0.410992	0.166206	0.022797	0.180629	0.211065	0.008311	0.410992	0.166206	0.022797	0.180629	0.211065	0.008311	0.410992	0.166206	0.022797	0.180629	0.211065	0.008311	0.410992	0.166206	0.022797	0.180629	0.211065	0.008311	0.410992	0.166206	0.022797	1,2,2,1,1,2	1.013608	0.038982	0.034510	0.034510	0.038982	0.038982	0.034510	
474000	-68505.5	1,2,3,3,1,4	3.881689	5.478800	5.422829	6.267858	6.267858	5.478800	5.828340	1,1,2,1,1,2	1.433017	0.046392	0.312896	0.015422	0.625290	0.046392	0.312896	0.015422	0.625290	0.196549	0.401914	0.330493	0.071044	0.046392	0.312896	0.015422	0.625290	0.046392	0.312896	0.015422	0.625290	0.196549	0.401914	0.330493	0.071044	1,2,2,2,2,2	1.120152	0.071717	0.041372	0.386158	0.202439	0.080897	0.217417	0.191646	0.226721	0.005201	0.385491	0.164232	0.026709	0.191646	0.226721	0.005201	0.385491	0.164232	0.026709	0.191646	0.226721	0.005201	0.385491	0.164232	0.026709	0.191646	0.226721	0.005201	0.385491	0.164232	0.026709	0.191646	0.226721	0.005201	0.385491	0.164232	0.026709	1,1,1,1,1,1	1.077757	0.034237	0.034237	0.034237	0.034237	0.034237	0.034237	
475000	-68513.5	1,1,2,2,3,4	1.935399	5.128359	5.128359	6.407310	6.407310	5.749456	6.274922	1,1,2,1,1,2	2.079406	0.050250	0.312656	0.016873	0.620222	0.050250	0.312656	0.016873	0.620222	0.196505	0.409736	0.319788	0.073971	0.050250	0.312656	0.016873	0.620222	0.050250	0.312656	0.016873	0.620222	0.196505	0.409736	0.319788	0.073971	1,2,2,2,2,2	0.281820	0.062736	0.216780	0.231493	0.109256	0.133274	0.246460	0.187397	0.215614	0.006542	0.398747	0.167610	0.024091	0.187397	0.215614	0.006542	0.398747	0.167610	0.024091	0.187397	0.215614	0.006542	0.398747	0.167610	0.024091	0.187397	0.215614	0.006542	0.398747	0.167610	0.024091	0.187397	0.215614	0.006542	0.398747	0.167610	0.024091	1,1,1,1,1,1	0.733677	0.036392	0.036392	0.036392	0.036392	0.036392	0.036392	
476000	-68643.7	1,2,3,4,5,6	2.806711	6.620823	5.615176	6.399032	6.428936	6.057840	6.018774	1,1,2,1,1,2	0.403107	0.054296	0.310144	0.016646	0.618914	0.054296	0.310144	0.016646	0.618914	0.193262	0.405329	0.327642	0.073767	0.054296	0.310144	0.016646	0.618914	0.054296	0.310144	0.016646	0.618914	0.193262	0.405329	0.327642	0.073767	1,2,2,2,2,2	1.111440	0.001566	0.448629	0.274219	0.091435	0.113676	0.070476	0.181061	0.229604	0.007409	0.387843	0.169653	0.024430	0.181061	0.229604	0.007409	0.387843	0.169653	0.024430	0.181061	0.229604	0.007409	0.387843	0.169653	0.024430	0.181061	0.229604	0.007409	0.387843	0.169653	0.024430	0.181061	0.229604	0.007409	0.387843	0.169653	0.024430	1,1,1,1,1,1	0.753407	0.032504	0.032504	0.032504	0.032504	0.032504	0.032504	
477000	-68693.4	1,1,2,2,3,4	1.735411	5.128384	5.128384	6.240981	6.240981	5.883525	5.769881	1,1,2,1,1,2	2.718597	0.055002	0.311668	0.014184	0.619145	0.055002	0.311668	0.014184	0.619145	0.196442	0.409523	0.325170	0.068864	0.055002	0.311668	0.014184	0.619145	0.055002	0.311668	0.014184	0.619145	0.196442	0.409523	0.325170	0.068864	1,2,2,2,2,2	0.591464	0.159364	0.065488	0.182823	0.296519	0.187715	0.108091	0.187617	0.223448	0.002932	0.398383	0.164315	0.023305	0.187617	0.223448	0.002932	0.398383	0.164315	0.023305	0.187617	0.223448	0.002932	0.398383	0.164315	0.023305	0.187617	0.223448	0.002932	0.398383	0.164315	0.023305	0.187617	0.223448	0.002932	0.398383	0.164315	0.023305	1,1,1,1,1,2	1.827016	0.038543	0.038543	0.038543	0.038543	0.038543	0.000228	
478000	-68669.1	1,2,3,3,4,5	2.937545	5.090121	5.627361	6.263880	6.263880	5.722227	5.854314	1,1,2,1,1,2	0.933040	0.055223	0.304275	0.016371	0.624131	0.055223	0.304275	0.016371	0.624131	0.188306	0.413102	0.321045	0.077547	0.055223	0.304275	0.016371	0.624131	0.055223	0.304275	0.016371	0.624131	0.188306	0.413102	0.321045	0.077547	1,2,2,2,2,2	1.814575	0.043529	0.106705	0.340355	0.191985	0.225073	0.092353	0.181115	0.228731	0.004725	0.389223	0.171785	0.024421	0.181115	0.228731	0.004725	0.389223	0.171785	0.024421	0.181115	0.228731	0.004725	0.389223	0.171785	0.024421	0.181115	0.228731	0.004725	0.389223	0.171785	0.024421	0.181115	0.228731	0.004725	0.389223	0.171785	0.024421	1,1,1,1,1,1	0.277175	0.036059	0.036059	0.036059	0.036059	0.036059	0.036059	
479000	-68551.7	1,1,2,3,4,4	0.990450	5.542203	5.542203	6.284087	5.942392	5.845981	5.845981	1,1,2,1,1,2	3.132065	0.049729	0.308421	0.016452	0.625397	0.049729	0.308421	0.016452	0.625397	0.188290	0.406295	0.336454	0.068960	0.049729	0.308421	0.016452	0.625397	0.049729	0.308421	0.016452	0.625397	0.188290	0.406295	0.336454	0.068960	1,2,2,2,2,2	1.220972	0.111685	0.189805	0.308182	0.016891	0.128425	0.245012	0.191881	0.225914	0.004984	0.385106	0.169115	0.023000	0.191881	0.225914	0.004984	0.385106	0.169115	0.023000	0.191881	0.225914	0.004984	0.385106	0.169115	0.023000	0.191881	0.225914	0.004984	0.385106	0.169115	0.023000	0.191881	0.225914	0.004984	0.385106	0.169115	0.023000	1,1,1,1,1,1	0.281620	0.035173	0.035173	0.035173	0.035173	0.035173	0.035173	
480000	-68624.9	1,2,1,3,4,5	2.933634	6.607451	5.345080	6.607451	6.465530	5.996939	5.935128	1,1,2,1,1,2	1.297952	0.054428	0.307870	0.014881	0.622822	0.054428	0.307870	0.014881	0.622822	0.194471	0.403339	0.327400	0.074791	0.054428	0.307870	0.014881	0.622822	0.054428	0.307870	0.014881	0.622822	0.194471	0.403339	0.327400	0.074791	1,2,2,2,2,2	1.876376	0.195340	0.032215	0.490081	0.065908	0.064180	0.152276	0.187312	0.207076	0.004571	0.402378	0.178143	0.020520	0.187312	0.207076	0.004571	0.402378	0.178143	0.020520	0.187312	0.207076	0.004571	0.402378	0.178143	0.020520	0.187312	0.207076	0.004571	0.402378	0.178143	0.020520	0.187312	0.207076	0.004571	0.402378	0.178143	0.020520	1,2,2,1,1,1	1.390127	0.031722	0.034465	0.034465	0.031722	0.031722	0.031722	
481000	-68545	1,1,2,3,4,5	2.672947	5.454054	5.454054	6.435300	6.079288	5.911561	5.834845	1,1,2,1,1,2	1.029115	0.053162	0.311953	0.015328	0.619556	0.053162	0.311953	0.015328	0.619556	0.202236	0.404973	0.320756	0.072035	0.053162	0.311953	0.015328	0.619556	0.053162	0.311953	0.015328	0.619556	0.202236	0.404973	0.320756	0.072035	1,2,2,2,2,2	4.470704	0.022811	0.007071	0.413530	0.073380	0.170291	0.312917	0.180062	0.206168	0.002569	0.421458	0.168282	0.021461	0.180062	0.206168	0.002569	0.421458	0.168282	0.021461	0.180062	0.206168	0.002569	0.421458	0.168282	0.021461	0.180062	0.206168	0.002569	0.421458	0.168282	0.021461	0.180062	0.206168	0.002569	0.421458	0.168282	0.021461	1,1,1,1,1,1	1.248156	0.036007	0.036007	0.036007	0.036007	0.036007	0.036007	
482000	-68616.6	1,1,2,2,3,3	0.754560	5.248697	5.248697	6.361584	6.361584	5.902051	5.902051	1,1,2,1,1,2	0.791640	0.050078	0.310541	0.015375	0.624006	0.050078	0.310541	0.015375	0.624006	0.193438	0.410779	0.321726	0.074056	0.050078	0.310541	0.015375	0.624006	0.050078	0.310541	0.015375	0.624006	0.193438	0.410779	0.321726	0.074056	1,2,2,2,2,2	1.251810	0.027650	0.118194	0.071240	0.553695	0.069972	0.159249	0.185434	0.220497	0.005657	0.399164	0.174531	0.014718	0.185434	0.220497	0.005657	0.399164	0.174531	0.014718	0.185434	0.220497	0.005657	0.399164	0.174531	0.014718	0.185434	0.220497	0.005657	0.399164	0.174531	0.014718	0.185434	0.220497	0.005657	0.399164	0.174531	0.014718	1,2,1,1,1,1	0.643428	0.033959	0.010482	0.033959	0.033959	0.033959	0.033959	
483000	-68496.9	1,2,3,4,5,5	3.144377	5.144021	5.379689	6.410522	6.301249	5.820908	5.820908	1,1,2,1,1,2	1.034800	0.053437	0.304303	0.015450	0.626810	0.053437	0.304303	0.015450	0.626810	0.199511	0.404782	0.326841	0.068866	0.053437	0.304303	0.015450	0.626810	0.053437	0.304303	0.015450	0.626810	0.199511	0.404782	0.326841	0.068866	1,2,2,2,2,2	0.952483	0.035863	0.450106	0.097127	0.042860	0.057065	0.316979	0.192802	0.207797	0.001388	0.396753	0.170138	0.031121	0.192802	0.207797	0.001388	0.396753	0.170138	0.031121	0.192802	0.207797	0.001388	0.396753	0.170138	0.031121	0.192802	0.207797	0.001388	0.396753	0.170138	0.031121	0.192802	0.207797	0.001388	0.396753	0.170138	0.031121	1,1,1,1,1,1	0.608860	0.032673	0.032673	0.032673	0.032673	0.032673	0.032673	
484000	-68575.9	1,2,3,4,1,1	4.121601	5.897245	5.294306	6.221492	5.961019	5.897245	5.897245	1,1,2,1,1,2	0.428785	0.050268	0.305693	0.014926	0.629112	0.050268	0.305693	0.014926	0.629112	0.199430	0.409459	0.318584	0.072527	0.050268	0.305693	0.014926	0.629112	0.050268	0.305693	0.014926	0.629112	0.199430	0.409459	0.318584	0.072527	1,2,2,2,2,2	1.602471	0.117798	0.312105	0.281703	0.056233	0.050405	0.181757	0.196035	0.217270	0.001091	0.385140	0.163258	0.037206	0.196035	0.217270	0.001091	0.385140	0.163258	0.037206	0.196035	0.217270	0.001091	0.385140	0.163258	0.037206	0.196035	0.217270	0.001091	0.385140	0.163258	0.037206	0.196035	0.217270	0.001091	0.385140	0.163258	0.037206	1,1,1,1,1,1	1.913683	0.033055	0.033055	0.033055	0.033055	0.033055	0.033055	
485000	-68655.3	1,2,3,4,5,5	3.393379	7.167652	5.496020	6.376090	6.184738	5.931304	5.931304	1,1,2,1,1,2	0.707469	0.051766	0.306139	0.014148	0.627948	0.051766	0.306139	0.014148	0.627948	0.198537	0.409473	0.320798	0.071192	0.051766	0.306139	0.014148	0.627948	0.051766	0.306139	0.014148	0.627948	0.198537	0.409473	0.320798	0.071192	1,2,2,2,2,2	1.173970	0.209257	0.206081	0.186998	0.147122	0.022052	0.228491	0.190993	0.213240	0.002851	0.398719	0.176019	0.018177	0.190993	0.213240	0.002851	0.398719	0.176019	0.018177	0.190993	0.213240	0.002851	0.398719	0.176019	0.018177	0.190993	0.213240	0.002851	0.398719	0.176019	0.018177	0.190993	0.213240	0.002851	0.398719	0.176019	0.018177	1,1,1,1,1,1	0.294491	0.034903	0.034903	0.034903	0.034903	0.034903	0.034903	
486000	-68509.7	1,1,2,2,3,3	4.422420	5.326957	5.326957	6.313434	6.313434	5.757084	5.757084	1,1,2,1,1,2	0.690307	0.054236	0.307007	0.016977	0.621780	0.054236	0.307007	0.016977	0.621780	0.192105	0.406505	0.326709	0.074681	0.054236	0.307007	0.016977	0.621780	0.054236	0.307007	0.016977	0.621780	0.192105	0.406505	0.326709	0.074681	1,2,2,2,2,2	0.557168	0.006386	0.080208	0.250117	0.349074	0.100731	0.213484	0.183908	0.222278	0.003872	0.390755	0.171764	0.027424	0.183908	0.222278	0.003872	0.390755	0.171764	0.027424	0.183908	0.222278	0.003872	0.390755	0.171764	0.027424	0.183908	0.222278	0.003872	0.390755	0.171764	0.027424	0.183908	0.222278	0.003872	0.390755	0.171764	0.027424	1,1,1,1,1,1	1.794615	0.035830	0.035830	0.035830	0.035830	0.035830	0.035830	
487000	-68568.2	1,1,2,3,4,4	3.336295	5.463645	5.463645	6.281304	6.503462	5.866585	5.866585	1,1,2,1,1,2	1.368360	0.054759	0.310125	0.014553	0.620563	0.054759	0.310125	0.014553	0.620563	0.191334	0.410145	0.321923	0.076597	0.054759	0.310125	0.014553	0.620563	0.054759	0.310125	0.014553	0.620563	0.191334	0.410145	0.321923	0.076597	1,2,2,2,2,2	1.079232	0.202053	0.144195	0.174133	0.046764	0.057693	0.375161	0.185653	0.214336	0.003149	0.399263	0.176111	0.021487	0.185653	0.214336	0.003149	0.399263	0.176111	0.021487	0.185653	0.214336	0.003149	0.399263	0.176111	0.021487	0.185653	0.214336	0.003149	0.399263	0.176111	0.021487	0.185653	0.214336	0.003149	0.399263	0.176111	0.021487	1,1,1,1,1,1	1.317988	0.034920	0.034920	0.034920	0.034920	0.034920	0.034920	
488000	-68499.4	1,1,2,3,3,4	1.882725	5.257664	5.257664	6.215805	6.186433	6.186433	5.886095	1,1,2,1,1,2	2.984291	0.049196	0.305809	0.016845	0.628150	0.049196	0.305809	0.016845	0.628150	0.197470	0.402193	0.324111	0.076226	0.049196	0.305809	0.016845	0.628150	0.049196	0.305809	0.016845	0.628150	0.197470	0.402193	0.324111	0.076226	1,2,2,2,2,2	0.361627	0.043859	0.383400	0.212919	0.098884	0.061180	0.199756	0.202381	0.203167	0.000912	0.399423	0.172082	0.022034	0.202381	0.203167	0.000912	0.399423	0.172082	0.022034	0.202381	0.203167	0.000912	0.399423	0.172082	0.022034	0.202381	0.203167	0.000912	0.399423	0.172082	0.022034	0.202381	0.203167	0.000912	0.399423	0.172082	0.022034	1,1,1,1,1,1	0.098578	0.032844	0.032844	0.032844	0.032844	0.032844	0.032844	
489000	-68521	1,2,3,3,4,5	2.836677	5.151506	5.326950	6.482211	6.482211	6.042509	5.960875	1,1,2,1,1,2	0.520615	0.053057	0.309131	0.018068	0.619744	0.053057	0.309131	0.018068	0.619744	0.199782	0.407209	0.321319	0.071690	0.053057	0.309131	0.018068	0.619744	0.053057	0.309131	0.018068	0.619744	0.199782	0.407209	0.321319	0.071690	1,2,2,2,2,2	0.689157	0.183644	0.014765	0.332746	0.127226	0.114076	0.227543	0.191007	0.202145	0.002405	0.396983	0.183430	0.024030	0.191007	0.202145	0.002405	0.396983	0.183430	0.024030	0.191007	0.202145	0.002405	0.396983	0.183430	0.024030	0.191007	0.202145	0.002405	0.396983	0.183430	0.024030	0.191007	0.202145	0.002405	0.396983	0.183430	0.024030	1,1,1,1,1,2	1.761666	0.037608	0.037608	0.037608	0.037608	0.037608	0.036021	
490000	-68650.9	1,1,2,2,1,3	1.454425	5.541949	5.541949	6.310529	6.310529	5.541949	6.090766	1,1,2,1,1,2	1.795047	0.054219	0.307587	0.015802	0.622393	0.054219	0.307587	0.015802	0.622393	0.189699	0.410812	0.329582	0.069907	0.054219	0.307587	0.015802	0.622393	0.054219	0.307587	0.015802	0.622393	0.189699	0.410812	0.329582	0.069907	1,2,2,2,2,2	0.592746	0.288966	0.086248	0.160820	0.276524	0.084097	0.103345	0.180816	0.216015	0.002685	0.407414	0.169928	0.023142	0.180816	0.216015	0.002685	0.407414	0.169928	0.023142	0.180816	0.216015	0.002685	0.407414	0.169928	0.023142	0.180816	0.216015	0.002685	0.407414	0.169928	0.023142	0.180816	0.216015	0.002685	0.407414	0.169928	0.023142	1,1,1,1,1,1	1.103985	0.033617	0.033617	0.033617	0.033617	0.033617	0.033617	
491000	-68566.3	1,2,3,1,1,1	2.038415	6.026439	5.346325	6.334367	6.026439	6.026439	6.026439	1,1,2,1,1,2	0.948891	0.050408	0.302984	0.015916	0.630691	0.050408	0.302984	0.015916	0.630691	0.199972	0.404406	0.321879	0.073743	0.050408	0.302984	0.015916	0.630691	0.050408	0.302984	0.015916	0.630691	0.199972	0.404406	0.321879	0.073743	1,2,2,2,2,2	1.936478	0.189591	0.011961	0.129697	0.098088	0.082719	0.487945	0.183757	0.221829	0.004814	0.401508	0.163892	0.024200	0.183757	0.221829	0.004814	0.401508	0.163892	0.024200	0.183757	0.221829	0.004814	0.401508	0.163892	0.024200	0.183757	0.221829	0.004814	0.401508	0.163892	0.024200	0.183757	0.221829	0.004814	0.401508	0.163892	0.024200	1,1,1,1,1,1	0.845736	0.035752	0.035752	0.035752	0.035752	0.035752	0.035752	
492000	-68599.5	1,2,3,4,4,2	1.408248	4.830276	5.780051	6.546307	6.181096	6.181096	5.780051	1,1,2,1,1,2	2.957309	0.049554	0.307638	0.015077	0.627731	0.049554	0.307638	0.015077	0.627731	0.193803	0.409263	0.320317	0.076617	0.049554	0.307638	0.015077	0.627731	0.049554	0.307638	0.015077	0.627731	0.193803	0.409263	0.320317	0.076617	1,2,2,2,2,2	0.992550	0.138378	0.202963	0.335498	0.106430	0.126687	0.090044	0.188012	0.221614	0.001037	0.397815	0.164148	0.027374	0.188012	0.221614	0.001037	0.397815	0.164148	0.027374	0.188012	0.221614	0.001037	0.397815	0.164148	0.027374	0.188012	0.221614	0.001037	0.397815	0.164148	0.027374	0.188012	0.221614	0.001037	0.397815	0.164148	0.027374	1,1,1,1,1,1	2.021228	0.031798	0.031798	0.031798	0.031798	0.031798	0.031798	
493000	-68549.2	1,2,3,4,5,6	4.135565	5.324840	5.374142	6.451691	6.235602	6.004170	5.951363	1,1,2,1,1,2	0.453251	0.051135	0.307748	0.015728	0.625388	0.051135	0.307748	0.015728	0.625388	0.192540	0.404126	0.324975	0.078360	0.051135	0.307748	0.015728	0.625388	0.051135	0.307748	0.015728	0.625388	0.192540	0.404126	0.324975	0.078360	1,2,2,2,2,2	0.530930	0.022820	0.228060	0.341679	0.051014	0.148505	0.207921	0.189710	0.211607	0.006449	0.406155	0.166316	0.019762	0.189710	0.211607	0.006449	0.406155	0.166316	0.019762	0.189710	0.211607	0.006449	0.406155	0.166316	0.019762	0.189710	0.211607	0.006449	0.406155	0.166316	0.019762	0.189710	0.211607	0.006449	0.406155	0.166316	0.019762	1,1,1,1,1,1	1.562681	0.032952	0.032952	0.032952	0.032952	0.032952	0.032952	
494000	-68471.6	1,2,3,4,1,1	1.998878	5.929909	5.444277	6.452395	6.044862	5.929909	5.929909	1,1,2,1,1,2	1.262502	0.050211	0.310163	0.014834	0.624792	0.050211	0.310163	0.014834	0.624792	0.195198	0.402569	0.320357	0.081876	0.050211	0.310163	0.014834	0.624792	0.050211	0.310163	0.014834	0.624792	0.195198	0.402569	0.320357	0.081876	1,2,2,2,2,2	0.544346	0.005976	0.489482	0.083092	0.057369	0.033174	0.330907	0.186091	0.213493	0.006771	0.404187	0.170200	0.019258	0.186091	0.213493	0.006771	0.404187	0.170200	0.019258	0.186091	0.213493	0.006771	0.404187	0.170200	0.019258	0.186091	0.213493	0.006771	0.404187	0.170200	0.019258	0.186091	0.213493	0.006771	0.404187	0.170200	0.019258	1,2,2,2,1,1	2.112697	0.033914	0.039579	0.039579	0.039579	0.033914	0.033914	
495000	-68528	1,1,2,2,3,3	1.176386	5.278078	5.278078	6.186624	6.186624	5.886286	5.886286	1,1,2,1,1,2	3.377657	0.052896	0.312161	0.014226	0.620717	0.052896	0.312161	0.014226	0.620717	0.199778	0.404958	0.323320	0.071945	0.052896	0.312161	0.014226	0.620717	0.052896	0.312161	0.014226	0.620717	0.199778	0.404958	0.323320	0.071945	1,2,2,2,2,2	1.252716	0.032810	0.265877	0.090554	0.328569	0.067898	0.214292	0.183260	0.218035	0.007498	0.389833	0.173210	0.028163	0.183260	0.218035	0.007498	0.389833	0.173210	0.028163	0.183260	0.218035	0.007498	0.389833	0.173210	0.028163	0.183260	0.218035	0.007498	0.389833	0.173210	0.028163	0.183260	0.218035	0.007498	0.389833	0.173210	0.028163	1,1,1,1,1,1	1.628294	0.036564	0.036564	0.036564	0.036564	0.036564	0.036564	
496000	-68495.1	1,2,3,4,5,5	6.666017	5.002246	5.564386	6.558950	6.325382	5.778741	5.778741	1,1,2,1,1,2	2.521828	0.052080	0.314476	0.014991	0.618452	0.052080	0.314476	0.014991	0.618452	0.196351	0.410701	0.323376	0.069572	0.052080	0.314476	0.014991	0.618452	0.052080	0.314476	0.014991	0.618452	0.196351	0.410701	0.323376	0.069572	1,2,2,2,2,2	0.766957	0.106521	0.096387	0.295677	0.093233	0.119232	0.288950	0.191372	0.214796	0.004082	0.396958	0.169540	0.023251	0.191372	0.214796	0.004082	0.396958	0.169540	0.023251	0.191372	0.214796	0.004082	0.396958	0.169540	0.023251	0.191372	0.214796	0.004082	0.396958	0.169540	0.023251	0.191372	0.214796	0.004082	0.396958	0.169540	0.023251	1,1,1,1,1,1	0.450430	0.038253	0.038253	0.038253	0.038253	0.038253	0.038253	
497000	-68769.6	1,1,2,2,3,3	2.298408	5.290666	5.290666	6.237764	6.237764	5.840294	5.840294	1,1,2,1,1,2	1.767793	0.049059	0.311590	0.014450	0.624902	0.049059	0.311590	0.014450	0.624902	0.192696	0.402272	0.331903	0.073129	0.049059	0.311590	0.014450	0.624902	0.049059	0.311590	0.014450	0.624902	0.192696	0.402272	0.331903	0.073129	1,2,2,2,2,2	1.458328	0.329946	0.088537	0.049028	0.095004	0.090522	0.346963	0.194911	0.210640	0.006014	0.398659	0.165317	0.024458	0.194911	0.210640	0.006014	0.398659	0.165317	0.024458	0.194911	0.210640	0.006014	0.398659	0.165317	0.024458	0.194911	0.210640	0.006014	0.398659	0.165317	0.024458	0.194911	0.210640	0.006014	0.398659	0.165317	0.024458	1,1,1,1,1,1	0.786431	0.032035	0.032035	0.032035	0.032035	0.032035	0.032035	
498000	-68508.4	1,2,1,3,3,3	1.010812	6.328405	5.537398	6.328405	5.986735	5.986735	5.986735	1,1,2,1,1,2	1.038456	0.049459	0.300001	0.015939	0.634601	0.049459	0.300001	0.015939	0.634601	0.197302	0.407708	0.324429	0.070562	0.049459	0.300001	0.015939	0.634601	0.049459	0.300001	0.015939	0.634601	0.197302	0.407708	0.324429	0.070562	1,2,2,2,2,2	0.632420	0.049455	0.263708	0.120570	0.280408	0.030066	0.255794	0.190742	0.206098	0.003870	0.408388	0.164835	0.026067	0.190742	0.206098	0.003870	0.408388	0.164835	0.026067	0.190742	0.206098	0.003870	0.408388	0.164835	0.026067	0.190742	0.206098	0.003870	0.408388	0.164835	0.026067	0.190742	0.206098	0.003870	0.408388	0.164835	0.026067	1,1,1,1,1,1	0.442249	0.034636	0.034636	0.034636	0.034636	0.034636	0.034636	
499000	-68571.6	1,1,2,3,4,4	2.617326	5.275970	5.275970	6.173619	6.308267	5.888701	5.888701	1,1,2,1,1,2	0.915853	0.052935	0.306526	0.019757	0.620782	0.052935	0.306526	0.019757	0.620782	0.197706	0.401091	0.328474	0.072730	0.052935	0.306526	0.019757	0.620782	0.052935	0.306526	0.019757	0.620782	0.197706	0.401091	0.328474	0.072730	1,2,2,2,2,2	2.368712	0.079075	0.398971	0.235767	0.080878	0.114308	0.091001	0.192812	0.210015	0.009577	0.389896	0.182567	0.015133	0.192812	0.210015	0.009577	0.389896	0.182567	0.015133	0.192812	0.210015	0.009577	0.389896	0.182567	0.015133	0.192812	0.210015	0.009577	0.389896	0.182567	0.015133	0.192812	0.210015	0.009577	0.389896	0.182567	0.015133	1,1,1,1,1,1	0.709600	0.035674	0.035674	0.035674	0.035674	0.035674	0.035674	
500000	-68609.4	1,2,3,3,4,5	1.625450	5.568766	5.374974	6.388109	6.388109	6.133126	5.775128	1,1,2,1,1,2	1.577545	0.048723	0.311585	0.015649	0.624042	0.048723	0.311585	0.015649	0.624042	0.194858	0.403895	0.323629	0.077619	0.048723	0.311585	0.015649	0.624042	0.048723	0.311585	0.015649	0.624042	0.194858	0.403895	0.323629	0.077619	1,2,2,2,2,2	0.976896	0.115041	0.000526	0.521643	0.151243	0.107272	0.104276	0.189124	0.218449	0.005301	0.394990	0.167522	0.024613	0.189124	0.218449	0.005301	0.394990	0.167522	0.024613	0.189124	0.218449	0.005301	0.394990	0.167522	0.024613	0.189124	0.218449	0.005301	0.394990	0.167522	0.024613	0.189124	0.218449	0.005301	0.394990	0.167522	0.024613	1,1,1,1,1,1	0.848040	0.036638	0.036638	0.036638	0.036638	0.036638	0.036638	
501000	-68534.5	1,2,3,3,1,1	1.133626	5.961486	5.286224	6.331482	6.331482	5.961486	5.961486	1,1,2,1,1,2	1.969622	0.054081	0.307061	0.014612	0.624246	0.054081	0.307061	0.014612	0.624246	0.191740	0.406820	0.330811	0.070629	0.054081	0.307061	0.014612	0.624246	0.054081	0.307061	0.014612	0.624246	0.191740	0.406820	0.330811	0.070629	1,2,2,2,2,2	1.446972	0.019339	0.096339	0.146428	0.175612	0.089946	0.472336	0.177594	0.241793	0.004270	0.385373	0.165368	0.025603	0.177594	0.241793	0.004270	0.385373	0.165368	0.025603	0.177594	0.241793	0.004270	0.385373	0.165368	0.025603	0.177594	0.241793	0.004270	0.385373	0.165368	0.025603	0.177594	0.241793	0.004270	0.385373	0.165368	0.025603	1,1,1,1,1,1	0.632083	0.035398	0.035398	0.035398	0.035398	0.035398	0.035398	
502000	-68515	1,1,2,2,3,3	1.550326	5.437688	5.437688	6.294337	6.294337	5.944303	5.944303	1,1,2,1,1,2	1.941169	0.048561	0.308898	0.016930	0.625611	0.048561	0.308898	0.016930	0.625611	0.197200	0.408244	0.318858	0.075697	0.048561	0.308898	0.016930	0.625611	0.048561	0.308898	0.016930	0.625611	0.197200	0.408244	0.318858	0.075697	1,2,2,2,2,2	0.941993	0.067608	0.012471	0.354901	0.310886	0.084178	0.169956	0.182860	0.217071	0.003701	0.400019	0.173709	0.022641	0.182860	0.217071	0.003701	0.400019	0.173709	0.022641	0.182860	0.217071	0.003701	0.400019	0.173709	0.022641	0.182860	0.217071	0.003701	0.400019	0.173709	0.022641	0.182860	0.217071	0.003701	0.400019	0.173709	0.022641	1,1,1,1,1,1	1.416201	0.034772	0.034772	0.034772	0.034772	0.034772	0.034772	
503000	-68522.4	1,2,3,4,5,5	3.018021	5.710971	5.504745	6.502356	6.267551	5.972454	5.972454	1,1,2,1,1,2	1.113418	0.051754	0.309368	0.015522	0.623357	0.051754	0.309368	0.015522	0.623357	0.193630	0.408336	0.327222	0.070813	0.051754	0.309368	0.015522	0.623357	0.051754	0.309368	0.015522	0.623357	0.193630	0.408336	0.327222	0.070813	1,2,2,2,2,2	0.926450	0.112770	0.209907	0.270874	0.180353	0.059168	0.166928	0.197372	0.206764	0.004260	0.393438	0.179476	0.018689	0.197372	0.206764	0.004260	0.393438	0.179476	0.018689	0.197372	0.206764	0.004260	0.393438	0.179476	0.018689	0.197372	0.206764	0.004260	0.393438	0.179476	0.018689	0.197372	0.206764	0.004260	0.393438	0.179476	0.018689	1,1,1,1,1,1	0.913431	0.034423	0.034423	0.034423	0.034423	0.034423	0.034423	
504000	-68513.8	1,2,3,4,5,5	4.273379	5.182457	5.390156	6.313283	6.372562	5.832449	5.832449	1,1,2,1,1,2	1.287653	0.049432	0.317575	0.016114	0.616879	0.049432	0.317575	0.016114	0.616879	0.192540	0.398864	0.321530	0.087065	0.049432	0.317575	0.016114	0.616879	0.049432	0.317575	0.016114	0.616879	0.192540	0.398864	0.321530	0.087065	1,2,2,2,2,2	1.460613	0.066359	0.069404	0.284490	0.365952	0.076903	0.136891	0.187518	0.223148	0.002778	0.392955	0.177760	0.015841	0.187518	0.223148	0.002778	0.392955	0.177760	0.015841	0.187518	0.223148	0.002778	0.392955	0.177760	0.015841	0.187518	0.223148	0.002778	0.392955	0.177760	0.015841	0.187518	0.223148	0.002778	0.392955	0.177760	0.015841	1,1,1,1,1,1	1.182383	0.039110	0.039110	0.039110	0.039110	0.039110	0.039110	
505000	-68592.3	1,2,3,3,4,4	4.144197	5.438207	5.146029	6.369018	6.369018	5.886886	5.886886	1,1,2,1,1,2	1.539229	0.052362	0.314657	0.016988	0.615993	0.052362	0.314657	0.016988	0.615993	0.200943	0.399790	0.323657	0.075609	0.052362	0.314657	0.016988	0.615993	0.052362	0.314657	0.016988	0.615993	0.200943	0.399790	0.323657	0.075609	1,2,2,2,2,2	0.698009	0.189576	0.053180	0.387187	0.106952	0.148712	0.114393	0.198237	0.206190	0.005293	0.392900	0.183823	0.013558	0.198237	0.206190	0.005293	0.392900	0.183823	0.013558	0.198237	0.206190	0.005293	0.392900	0.183823	0.013558	0.198237	0.206190	0.005293	0.392900	0.183823	0.013558	0.198237	0.206190	0.005293	0.392900	0.183823	0.013558	1,1,1,1,1,2	0.410634	0.037830	0.037830	0.037830	0.037830	0.037830	0.017923	
506000	-68528	1,2,3,4,1,1	3.132877	5.872684	5.166873	6.319403	6.384941	5.872684	5.872684	1,1,2,1,1,2	2.527979	0.049245	0.311601	0.013902	0.625253	0.049245	0.311601	0.013902	0.625253	0.193301	0.403620	0.321009	0.082069	0.049245	0.311601	0.013902	0.625253	0.049245	0.311601	0.013902	0.625253	0.193301	0.403620	0.321009	0.082069	1,2,2,2,2,2	0.465815	0.053799	0.378341	0.138632	0.293763	0.029484	0.105981	0.193087	0.210052	0.004672	0.401147	0.167492	0.023549	0.193087	0.210052	0.004672	0.401147	0.167492	0.023549	0.193087	0.210052	0.004672	0.401147	0.167492	0.023549	0.193087	0.210052	0.004672	0.401147	0.167492	0.023549	0.193087	0.210052	0.004672	0.401147	0.167492	0.023549	1,1,1,1,1,1	0.933788	0.037072	0.037072	0.037072	0.037072	0.037072	0.037072	
507000	-68487.2	1,1,2,2,2,3	0.639312	5.269826	5.269826	6.082394	6.082394	6.082394	5.769433	1,1,2,1,1,2	0.757810	0.049943	0.309008	0.014868	0.626182	0.049943	0.309008	0.014868	0.626182	0.204081	0.404199	0.320584	0.071136	0.049943	0.309008	0.014868	0.626182	0.049943	0.309008	0.014868	0.626182	0.204081	0.404199	0.320584	0.071136	1,2,2,2,2,2	0.994725	0.071868	0.355409	0.142129	0.071164	0.059929	0.299500	0.186440	0.220676	0.003309	0.391423	0.168728	0.029425	0.186440	0.220676	0.003309	0.391423	0.168728	0.029425	0.186440	0.220676	0.003309	0.391423	0.168728	0.029425	0.186440	0.220676	0.003309	0.391423	0.168728	0.029425	0.186440	0.220676	0.003309	0.391423	0.168728	0.029425	1,1,1,1,1,1	0.865835	0.036118	0.036118	0.036118	0.036118	0.036118	0.036118	
508000	-68664.9	1,2,3,4,5,6	2.573321	7.039518	5.515751	6.470527	6.314412	5.973067	5.920808	1,1,2,1,1,2	0.466975	0.050853	0.309403	0.017076	0.622668	0.050853	0.309403	0.017076	0.622668	0.193723	0.407907	0.324263	0.074106	0.050853	0.309403	0.017076	0.622668	0.050853	0.309403	0.017076	0.622668	0.193723	0.407907	0.324263	0.074106	1,2,2,2,2,2	1.870491	0.122701	0.076287	0.480421	0.108129	0.111413	0.101049	0.190823	0.222819	0.001199	0.388951	0.166883	0.029326	0.190823	0.222819	0.001199	0.388951	0.166883	0.029326	0.190823	0.222819	0.001199	0.388951	0.166883	0.029326	0.190823	0.222819	0.001199	0.388951	0.166883	0.029326	0.190823	0.222819	0.001199	0.388951	0.166883	0.029326	1,1,1,1,1,1	0.568967	0.035059	0.035059	0.035059	0.035059	0.035059	0.035059	
509000	-68476.7	1,2,1,1,3,4	1.316907	6.368922	5.387291	6.368922	6.368922	5.881034	5.854393	1,1,2,1,1,2	0.430815	0.055502	0.312194	0.016842	0.615462	0.055502	0.312194	0.016842	0.615462	0.197406	0.406029	0.325617	0.070949	0.055502	0.312194	0.016842	0.615462	0.055502	0.312194	0.016842	0.615462	0.197406	0.406029	0.325617	0.070949	1,2,2,2,2,2	1.153402	0.016966	0.404321	0.087278	0.199396	0.026337	0.265702	0.196896	0.217650	0.005293	0.382520	0.180220	0.017421	0.196896	0.217650	0.005293	0.382520	0.180220	0.017421	0.196896	0.217650	0.005293	0.382520	0.180220	0.017421	0.196896	0.217650	0.005293	0.382520	0.180220	0.017421	0.196896	0.217650	0.005293	0.382520	0.180220	0.017421	1,1,1,1,1,1	0.489572	0.035647	0.035647	0.035647	0.035647	0.035647	0.035647	
510000	-68646.5	1,2,3,3,4,5	3.844332	5.727985	5.487759	6.510836	6.510836	6.105558	6.103651	1,1,2,1,1,2	0.868762	0.050363	0.310978	0.017853	0.620806	0.050363	0.310978	0.017853	0.620806	0.197126	0.407824	0.319312	0.075738	0.050363	0.310978	0.017853	0.620806	0.050363	0.310978	0.017853	0.620806	0.197126	0.407824	0.319312	0.075738	1,2,2,2,2,2	1.280072	0.273497	0.216683	0.304995	0.009054	0.086863	0.108910	0.187633	0.212977	0.006849	0.396152	0.178116	0.018272	0.187633	0.212977	0.006849	0.396152	0.178116	0.018272	0.187633	0.212977	0.006849	0.396152	0.178116	0.018272	0.187633	0.212977	0.006849	0.396152	0.178116	0.018272	0.187633	0.212977	0.006849	0.396152	0.178116	0.018272	1,1,1,1,1,1	0.850944	0.033591	0.033591	0.033591	0.033591	0.033591	0.033591	
511000	-68572.8	1,1,2,3,4,4	0.602170	5.361240	5.361240	6.465673	6.381622	6.144127	6.144127	1,1,2,1,1,2	3.172805	0.051428	0.306207	0.015068	0.627296	0.051428	0.306207	0.015068	0.627296	0.201610	0.399352	0.329553	0.069485	0.051428	0.306207	0.015068	0.627296	0.051428	0.306207	0.015068	0.627296	0.201610	0.399352	0.329553	0.069485	1,2,2,2,2,2	0.670955	0.236316	0.050773	0.259985	0.075318	0.145553	0.232055	0.190191	0.219850	0.004220	0.399625	0.163361	0.022753	0.190191	0.219850	0.004220	0.399625	0.163361	0.022753	0.190191	0.219850	0.004220	0.399625	0.163361	0.022753	0.190191	0.219850	0.004220	0.399625	0.163361	0.022753	0.190191	0.219850	0.004220	0.399625	0.163361	0.022753	1,1,1,1,1,1	0.968622	0.034256	0.034256	0.034256	0.034256	0.034256	0.034256	
512000	-68505.9	1,1,2,3,3,4	1.438761	5.356276	5.356276	6.495749	6.079094	6.079094	5.986446	1,1,2,1,1,2	1.697282	0.052052	0.308079	0.016512	0.623357	0.052052	0.308079	0.016512	0.623357	0.190888	0.408628	0.322461	0.078023	0.052052	0.308079	0.016512	0.623357	0.052052	0.308079	0.016512	0.623357	0.190888	0.408628	0.322461	0.078023	1,2,2,2,2,2	1.023088	0.127618	0.107421	0.269092	0.133504	0.075852	0.286513	0.203668	0.215103	0.001697	0.382235	0.177061	0.020236	0.203668	0.215103	0.001697	0.382235	0.177061	0.020236	0.203668	0.215103	0.001697	0.382235	0.177061	0.020236	0.203668	0.215103	0.001697	0.382235	0.177061	0.020236	0.203668	0.215103	0.001697	0.382235	0.177061	0.020236	1,1,1,2,1,2	0.609746	0.031662	0.031662	0.031662	0.035581	0.031662	0.035581	
513000	-68746	1,2,3,4,5,5	2.545319	5.910963	5.431587	6.408883	6.328307	6.060176	6.060176	1,1,2,1,1,2	1.610458	0.053361	0.311202	0.013715	0.621722	0.053361	0.311202	0.013715	0.621722	0.191227	0.409756	0.325486	0.073531	0.053361	0.311202	0.013715	0.621722	0.053361	0.311202	0.013715	0.621722	0.191227	0.409756	0.325486	0.073531	1,2,2,2,2,2	0.864315	0.284761	0.201957	0.092895	0.116653	0.121698	0.182035	0.191803	0.216902	0.003201	0.390712	0.176233	0.021149	0.191803	0.216902	0.003201	0.390712	0.176233	0.021149	0.191803	0.216902	0.003201	0.390712	0.176233	0.021149	0.191803	0.216902	0.003201	0.390712	0.176233	0.021149	0.191803	0.216902	0.003201	0.390712	0.176233	0.021149	1,1,1,1,1,1	1.302736	0.035424	0.035424	0.035424	0.035424	0.035424	0.035424	
514000	-68551.3	1,1,2,2,3,4	2.655404	5.356253	5.356253	6.348947	6.348947	6.120101	5.687852	1,1,2,1,1,2	1.052549	0.050446	0.312041	0.015920	0.621594	0.050446	0.312041	0.015920	0.621594	0.196438	0.409264	0.316675	0.077623	0.050446	0.312041	0.015920	0.621594	0.050446	0.312041	0.015920	0.621594	0.196438	0.409264	0.316675	0.077623	1,2,2,2,2,2	0.289713	0.222914	0.013819	0.176014	0.244121	0.055941	0.287190	0.197461	0.209878	0.003368	0.395249	0.168162	0.025882	0.197461	0.209878	0.003368	0.395249	0.168162	0.025882	0.197461	0.209878	0.003368	0.395249	0.168162	0.025882	0.197461	0.209878	0.003368	0.395249	0.168162	0.025882	0.197461	0.209878	0.003368	0.395249	0.168162	0.025882	1,1,1,1,1,1	0.425162	0.035653	0.035653	0.035653	0.035653	0.035653	0.035653	
515000	-68530.8	1,2,3,3,4,5	2.166328	5.915974	5.568422	6.307803	6.307803	6.011391	6.064802	1,1,2,1,1,2	1.871418	0.053532	0.312181	0.014882	0.619405	0.053532	0.312181	0.014882	0.619405	0.206746	0.400996	0.318426	0.073831	0.053532	0.312181	0.014882	0.619405	0.053532	0.312181	0.014882	0.619405	0.206746	0.400996	0.318426	0.073831	1,2,2,2,2,2	1.144893	0.079008	0.138897	0.187555	0.348387	0.086506	0.159647	0.187817	0.213234	0.003148	0.400468	0.181493	0.013838	0.187817	0.213234	0.003148	0.400468	0.181493	0.013838	0.187817	0.213234	0.003148	0.400468	0.181493	0.013838	0.187817	0.213234	0.003148	0.400468	0.181493	0.013838	0.187817	0.213234	0.003148	0.400468	0.181493	0.013838	1,1,1,1,1,1	0.813509	0.036373	0.036373	0.036373	0.036373	0.036373	0.036373	
516000	-68605.7	1,1,2,3,4,5	1.278453	5.120241	5.120241	6.194869	5.971678	5.902907	5.984103	1,1,2,1,1,2	2.658287	0.050130	0.306645	0.014880	0.628346	0.050130	0.306645	0.014880	0.628346	0.196957	0.411794	0.313534	0.077715	0.050130	0.306645	0.014880	0.628346	0.050130	0.306645	0.014880	0.628346	0.196957	0.411794	0.313534	0.077715	1,2,2,2,2,2	0.816804	0.202335	0.223263	0.195328	0.086935	0.135173	0.156967	0.192436	0.222988	0.005262	0.390008	0.169543	0.019762	0.192436	0.222988	0.005262	0.390008	0.169543	0.019762	0.192436	0.222988	0.005262	0.390008	0.169543	0.019762	0.192436	0.222988	0.005262	0.390008	0.169543	0.019762	0.192436	0.222988	0.005262	0.390008	0.169543	0.019762	1,1,1,1,1,1	1.061026	0.033469	0.033469	0.033469	0.033469	0.033469	0.033469	
517000	-68480.9	1,2,1,1,3,3	1.135634	6.263655	5.495825	6.263655	6.263655	5.860459	5.860459	1,1,2,1,1,2	3.235979	0.052988	0.308817	0.014944	0.623251	0.052988	0.308817	0.014944	0.623251	0.201161	0.403690	0.318714	0.076435	0.052988	0.308817	0.014944	0.623251	0.052988	0.308817	0.014944	0.623251	0.201161	0.403690	0.318714	0.076435	1,2,2,2,2,2	0.558399	0.011090	0.375823	0.086878	0.244874	0.026907	0.254429	0.187267	0.208239	0.006314	0.400449	0.177282	0.020449	0.187267	0.208239	0.006314	0.400449	0.177282	0.020449	0.187267	0.208239	0.006314	0.400449	0.177282	0.020449	0.187267	0.208239	0.006314	0.400449	0.177282	0.020449	0.187267	0.208239	0.006314	0.400449	0.177282	0.020449	1,1,1,1,1,1	0.982923	0.037192	0.037192	0.037192	0.037192	0.037192	0.037192	
518000	-68532.6	1,2,3,4,5,5	0.995354	5.163043	5.351399	6.125628	6.179521	5.950127	5.950127	1,1,2,1,1,2	2.394704	0.051731	0.306991	0.015297	0.625981	0.051731	0.306991	0.015297	0.625981	0.198478	0.403504	0.326720	0.071298	0.051731	0.306991	0.015297	0.625981	0.051731	0.306991	0.015297	0.625981	0.198478	0.403504	0.326720	0.071298	1,2,2,2,2,2	1.414214	0.197680	0.037762	0.204557	0.254981	0.101170	0.203850	0.197242	0.213080	0.003223	0.378228	0.179041	0.029187	0.197242	0.213080	0.003223	0.378228	0.179041	0.029187	0.197242	0.213080	0.003223	0.378228	0.179041	0.029187	0.197242	0.213080	0.003223	0.378228	0.179041	0.029187	0.197242	0.213080	0.003223	0.378228	0.179041	0.029187	1,1,1,1,1,1	1.438315	0.036685	0.036685	0.036685	0.036685	0.036685	0.036685	
519000	-68542.8	1,1,2,3,4,4	3.324588	5.425953	5.425953	6.312871	6.334048	5.954258	5.954258	1,1,2,1,1,2	4.237255	0.053635	0.311337	0.015236	0.619792	0.053635	0.311337	0.015236	0.619792	0.205146	0.401557	0.320997	0.072301	0.053635	0.311337	0.015236	0.619792	0.053635	0.311337	0.015236	0.619792	0.205146	0.401557	0.320997	0.072301	1,2,2,2,2,2	2.794267	0.143919	0.002464	0.225274	0.428232	0.084765	0.115346	0.184095	0.205565	0.004899	0.405229	0.180343	0.019869	0.184095	0.205565	0.004899	0.405229	0.180343	0.019869	0.184095	0.205565	0.004899	0.405229	0.180343	0.019869	0.184095	0.205565	0.004899	0.405229	0.180343	0.019869	0.184095	0.205565	0.004899	0.405229	0.180343	0.019869	1,1,1,1,1,1	0.994379	0.032813	0.032813	0.032813	0.032813	0.032813	0.032813	
520000	-68507.4	1,2,3,4,1,5	5.754278	5.963766	5.338453	6.375262	6.464435	5.963766	5.974188	1,1,2,1,1,2	1.568896	0.049523	0.310388	0.015441	0.624648	0.049523	0.310388	0.015441	0.624648	0.196127	0.404629	0.326700	0.072544	0.049523	0.310388	0.015441	0.624648	0.049523	0.310388	0.015441	0.624648	0.196127	0.404629	0.326700	0.072544	1,2,2,2,2,2	0.772610	0.006084	0.012011	0.405289	0.150680	0.088729	0.337207	0.183840	0.229127	0.006204	0.384615	0.167523	0.028691	0.183840	0.229127	0.006204	0.384615	0.167523	0.028691	0.183840	0.229127	0.006204	0.384615	0.167523	0.028691	0.183840	0.229127	0.006204	0.384615	0.167523	0.028691	0.183840	0.229127	0.006204	0.384615	0.167523	0.028691	1,1,1,1,1,1	0.876915	0.037845	0.037845	0.037845	0.037845	0.037845	0.037845	
521000	-68631.3	1,1,2,2,3,4	1.517365	5.464249	5.464249	6.346654	6.346654	5.884646	5.870665	1,1,2,1,1,2	2.275664	0.052167	0.312792	0.017441	0.617601	0.052167	0.312792	0.017441	0.617601	0.197414	0.404679	0.323039	0.074868	0.052167	0.312792	0.017441	0.617601	0.052167	0.312792	0.017441	0.617601	0.197414	0.404679	0.323039	0.074868	1,2,2,2,2,2	1.447620	0.097786	0.461114	0.183421	0.024941	0.026191	0.206548	0.185728	0.221392	0.005719	0.389487	0.169527	0.028147	0.185728	0.221392	0.005719	0.389487	0.169527	0.028147	0.185728	0.221392	0.005719	0.389487	0.169527	0.028147	0.185728	0.221392	0.005719	0.389487	0.169527	0.028147	0.185728	0.221392	0.005719	0.389487	0.169527	0.028147	1,1,1,1,1,1	0.699700	0.035173	0.035173	0.035173	0.035173	0.035173	0.035173	
522000	-68479.5	1,1,2,2,3,3	2.011150	5.254015	5.254015	6.322285	6.322285	5.839986	5.839986	1,1,2,1,1,2	0.465040	0.050527	0.310238	0.016881	0.622354	0.050527	0.310238	0.016881	0.622354	0.197190	0.404371	0.324850	0.073588	0.050527	0.310238	0.016881	0.622354	0.050527	0.310238	0.016881	0.622354	0.197190	0.404371	0.324850	0.073588	1,2,2,2,2,2	2.200751	0.110310	0.219889	0.130643	0.190357	0.059642	0.289159	0.192118	0.214289	0.005110	0.396401	0.173497	0.018585	0.192118	0.214289	0.005110	0.396401	0.173497	0.018585	0.192118	0.214289	0.005110	0.396401	0.173497	0.018585	0.192118	0.214289	0.005110	0.396401	0.173497	0.018585	0.192118	0.214289	0.005110	0.396401	0.173497	0.018585	1,1,1,1,1,1	0.838484	0.036463	0.036463	0.036463	0.036463	0.036463	0.036463	
523000	-68564	1,1,2,3,4,5	3.076180	5.201366	5.201366	6.429105	6.136050	6.014918	5.859263	1,1,2,1,1,2	0.917748	0.052020	0.304376	0.015055	0.628549	0.052020	0.304376	0.015055	0.628549	0.201426	0.402802	0.328602	0.067170	0.052020	0.304376	0.015055	0.628549	0.052020	0.304376	0.015055	0.628549	0.201426	0.402802	0.328602	0.067170	1,2,2,2,2,2	1.549728	0.183868	0.144491	0.123500	0.305126	0.068933	0.174082	0.189742	0.207839	0.006310	0.390732	0.178245	0.027133	0.189742	0.207839	0.006310	0.390732	0.178245	0.027133	0.189742	0.207839	0.006310	0.390732	0.178245	0.027133	0.189742	0.207839	0.006310	0.390732	0.178245	0.027133	0.189742	0.207839	0.006310	0.390732	0.178245	0.027133	1,1,2,1,1,2	0.873668	0.032916	0.032916	0.034229	0.032916	0.032916	0.034229	
524000	-68516.6	1,2,3,4,5,5	1.601333	5.521307	5.524654	6.616497	6.336148	5.865336	5.865336	1,1,2,1,1,2	0.799764	0.048131	0.308707	0.015816	0.627345	0.048131	0.308707	0.015816	0.627345	0.201476	0.406171	0.318227	0.074126	0.048131	0.308707	0.015816	0.627345	0.048131	0.308707	0.015816	0.627345	0.201476	0.406171	0.318227	0.074126	1,2,2,2,2,2	1.083201	0.064679	0.071349	0.169775	0.467202	0.044658	0.182337	0.197734	0.204937	0.001903	0.404045	0.169489	0.021893	0.197734	0.204937	0.001903	0.404045	0.169489	0.021893	0.197734	0.204937	0.001903	0.404045	0.169489	0.021893	0.197734	0.204937	0.001903	0.404045	0.169489	0.021893	0.197734	0.204937	0.001903	0.404045	0.169489	0.021893	1,1,1,1,1,1	1.122265	0.033433	0.033433	0.033433	0.033433	0.033433	0.033433	
525000	-68505.5	1,2,3,4,5,6	2.101141	5.044665	5.326634	6.290718	6.265258	5.968297	5.946675	1,1,2,1,1,2	1.927009	0.055834	0.308455	0.016320	0.619391	0.055834	0.308455	0.016320	0.619391	0.204720	0.397214	0.322402	0.075664	0.055834	0.308455	0.016320	0.619391	0.055834	0.308455	0.016320	0.619391	0.204720	0.397214	0.322402	0.075664	1,2,2,2,2,2	1.117132	0.128268	0.216767	0.214973	0.102945	0.087492	0.249555	0.191527	0.203221	0.005164	0.400911	0.177464	0.021712	0.191527	0.203221	0.005164	0.400911	0.177464	0.021712	0.191527	0.203221	0.005164	0.400911	0.177464	0.021712	0.191527	0.203221	0.005164	0.400911	0.177464	0.021712	0.191527	0.203221	0.005164	0.400911	0.177464	0.021712	1,1,1,1,1,1	1.844731	0.035943	0.035943	0.035943	0.035943	0.035943	0.035943	
526000	-68562.8	1,1,2,3,4,4	1.550354	5.406832	5.406832	6.500542	6.410867	5.830676	5.830676	1,1,2,1,1,2	1.072267	0.049386	0.308553	0.014919	0.627142	0.049386	0.308553	0.014919	0.627142	0.193120	0.408792	0.321105	0.076983	0.049386	0.308553	0.014919	0.627142	0.049386	0.308553	0.014919	0.627142	0.193120	0.408792	0.321105	0.076983	1,2,2,2,2,2	0.693910	0.013406	0.239709	0.083832	0.182846	0.070977	0.409230	0.178661	0.227776	0.005767	0.391828	0.166723	0.029245	0.178661	0.227776	0.005767	0.391828	0.166723	0.029245	0.178661	0.227776	0.005767	0.391828	0.166723	0.029245	0.178661	0.227776	0.005767	0.391828	0.166723	0.029245	0.178661	0.227776	0.005767	0.391828	0.166723	0.029245	1,1,1,1,1,1	1.054155	0.035239	0.035239	0.035239	0.035239	0.035239	0.035239	
527000	-68480.8	1,2,3,3,4,4	2.696492	5.705234	5.425521	6.299733	6.299733	5.989911	5.989911	1,1,2,1,1,2	1.072253	0.050404	0.310082	0.016182	0.623331	0.050404	0.310082	0.016182	0.623331	0.191463	0.409149	0.319364	0.080024	0.050404	0.310082	0.016182	0.623331	0.050404	0.310082	0.016182	0.623331	0.191463	0.409149	0.319364	0.080024	1,2,2,2,2,2	1.688144	0.042121	0.373423	0.145362	0.094935	0.046602	0.297557	0.178497	0.222147	0.007729	0.401706	0.173561	0.016361	0.178497	0.222147	0.007729	0.401706	0.173561	0.016361	0.178497	0.222147	0.007729	0.401706	0.173561	0.016361	0.178497	0.222147	0.007729	0.401706	0.173561	0.016361	0.178497	0.222147	0.007729	0.401706	0.173561	0.016361	1,1,1,1,1,1	0.308739	0.034215	0.034215	0.034215	0.034215	0.034215	0.034215	
528000	-68574.2	1,2,3,3,3,3	1.363394	5.346806	5.437731	6.118927	6.118927	6.118927	6.118927	1,1,2,1,1,2	1.229246	0.050028	0.308404	0.015984	0.625585	0.050028	0.308404	0.015984	0.625585	0.202996	0.403009	0.318797	0.075198	0.050028	0.308404	0.015984	0.625585	0.050028	0.308404	0.015984	0.625585	0.202996	0.403009	0.318797	0.075198	1,2,2,2,2,2	1.516306	0.056733	0.055076	0.225706	0.306398	0.152060	0.204027	0.196766	0.196557	0.005680	0.408946	0.174651	0.017402	0.196766	0.196557	0.005680	0.408946	0.174651	0.017402	0.196766	0.196557	0.005680	0.408946	0.174651	0.017402	0.196766	0.196557	0.005680	0.408946	0.174651	0.017402	0.196766	0.196557	0.005680	0.408946	0.174651	0.017402	1,1,1,1,1,1	1.164678	0.032779	0.032779	0.032779	0.032779	0.032779	0.032779	
529000	-68596.9	1,1,2,3,4,2	2.359905	5.281307	5.281307	6.029678	6.297318	5.790437	6.029678	1,1,2,1,1,2	1.204805	0.053548	0.315038	0.017615	0.613800	0.053548	0.315038	0.017615	0.613800	0.189541	0.406969	0.329383	0.074108	0.053548	0.315038	0.017615	0.613800	0.053548	0.315038	0.017615	0.613800	0.189541	0.406969	0.329383	0.074108	1,2,2,2,2,2	1.938803	0.097656	0.021894	0.185139	0.224481	0.168296	0.302533	0.189349	0.229387	0.005425	0.388964	0.164571	0.022305	0.189349	0.229387	0.005425	0.388964	0.164571	0.022305	0.189349	0.229387	0.005425	0.388964	0.164571	0.022305	0.189349	0.229387	0.005425	0.388964	0.164571	0.022305	0.189349	0.229387	0.005425	0.388964	0.164571	0.022305	1,1,1,1,1,1	0.535126	0.035488	0.035488	0.035488	0.035488	0.035488	0.035488	
530000	-68657.1	1,1,2,2,3,4	1.044502	5.245924	5.245924	6.288462	6.288462	5.905993	5.981209	1,1,2,1,1,2	0.684845	0.053291	0.308952	0.015516	0.622241	0.053291	0.308952	0.015516	0.622241	0.206344	0.402244	0.315759	0.075653	0.053291	0.308952	0.015516	0.622241	0.053291	0.308952	0.015516	0.622241	0.206344	0.402244	0.315759	0.075653	1,2,2,2,2,2	0.463150	0.211919	0.000556	0.105065	0.413400	0.106101	0.162960	0.189204	0.212577	0.004410	0.395574	0.173118	0.025117	0.189204	0.212577	0.004410	0.395574	0.173118	0.025117	0.189204	0.212577	0.004410	0.395574	0.173118	0.025117	0.189204	0.212577	0.004410	0.395574	0.173118	0.025117	0.189204	0.212577	0.004410	0.395574	0.173118	0.025117	1,1,1,1,1,1	0.327924	0.039596	0.039596	0.039596	0.039596	0.039596	0.039596	
531000	-68538.5	1,1,2,3,4,2	1.181719	5.205314	5.205314	6.077719	6.369654	5.764634	6.077719	1,1,2,1,1,2	0.512054	0.049068	0.313088	0.015657	0.622187	0.049068	0.313088	0.015657	0.622187	0.188596	0.407117	0.324671	0.079617	0.049068	0.313088	0.015657	0.622187	0.049068	0.313088	0.015657	0.622187	0.188596	0.407117	0.324671	0.079617	1,2,2,2,2,2	4.483054	0.073207	0.012992	0.225977	0.409955	0.119603	0.158265	0.193957	0.217016	0.007156	0.393928	0.168770	0.019173	0.193957	0.217016	0.007156	0.393928	0.168770	0.019173	0.193957	0.217016	0.007156	0.393928	0.168770	0.019173	0.193957	0.217016	0.007156	0.393928	0.168770	0.019173	0.193957	0.217016	0.007156	0.393928	0.168770	0.019173	1,1,1,1,1,1	0.991484	0.034128	0.034128	0.034128	0.034128	0.034128	0.034128	
532000	-68519.5	1,1,2,2,3,3	2.082267	5.473529	5.473529	6.399639	6.399639	5.863302	5.863302	1,1,2,1,1,2	1.166961	0.049189	0.315207	0.015336	0.620268	0.049189	0.315207	0.015336	0.620268	0.197690	0.405860	0.319099	0.077351	0.049189	0.315207	0.015336	0.620268	0.049189	0.315207	0.015336	0.620268	0.197690	0.405860	0.319099	0.077351	1,2,2,2,2,2	1.378512	0.145302	0.078198	0.290011	0.135519	0.085141	0.265830	0.177450	0.223608	0.010882	0.405425	0.162449	0.020187	0.177450	0.223608	0.010882	0.405425	0.162449	0.020187	0.177450	0.223608	0.010882	0.405425	0.162449	0.020187	0.177450	0.223608	0.010882	0.405425	0.162449	0.020187	0.177450	0.223608	0.010882	0.405425	0.162449	0.020187	1,1,1,1,1,1	1.530819	0.037153	0.037153	0.037153	0.037153	0.037153	0.037153	
533000	-68610.5	1,2,3,4,1,1	1.975372	6.145406	5.481140	6.258329	6.171077	6.145406	6.145406	1,1,2,1,1,2	1.138271	0.052223	0.310239	0.016120	0.621418	0.052223	0.310239	0.016120	0.621418	0.190803	0.406832	0.324074	0.078291	0.052223	0.310239	0.016120	0.621418	0.052223	0.310239	0.016120	0.621418	0.190803	0.406832	0.324074	0.078291	1,2,2,2,2,2	3.648511	0.177620	0.228301	0.094256	0.055572	0.039549	0.404703	0.186878	0.213707	0.003214	0.407293	0.168986	0.019922	0.186878	0.213707	0.003214	0.407293	0.168986	0.019922	0.186878	0.213707	0.003214	0.407293	0.168986	0.019922	0.186878	0.213707	0.003214	0.407293	0.168986	0.019922	0.186878	0.213707	0.003214	0.407293	0.168986	0.019922	1,1,1,1,1,1	0.720046	0.038360	0.038360	0.038360	0.038360	0.038360	0.038360	
534000	-68573.8	1,1,2,2,3,3	1.207640	5.514711	5.514711	6.271483	6.271483	6.092156	6.092156	1,1,2,1,1,2	0.638438	0.051436	0.308517	0.016068	0.623979	0.051436	0.308517	0.016068	0.623979	0.196309	0.399072	0.326829	0.077791	0.051436	0.308517	0.016068	0.623979	0.051436	0.308517	0.016068	0.623979	0.196309	0.399072	0.326829	0.077791	1,2,2,2,2,2	0.887521	0.131084	0.011205	0.468511	0.003602	0.129071	0.256526	0.191315	0.221062	0.004718	0.393345	0.175020	0.014540	0.191315	0.221062	0.004718	0.393345	0.175020	0.014540	0.191315	0.221062	0.004718	0.393345	0.175020	0.014540	0.191315	0.221062	0.004718	0.393345	0.175020	0.014540	0.191315	0.221062	0.004718	0.393345	0.175020	0.014540	1,1,1,1,1,1	0.767125	0.036822	0.036822	0.036822	0.036822	0.036822	0.036822	
535000	-68516.8	1,2,3,4,4,5	1.228031	5.222822	5.608834	6.638195	6.169057	6.169057	6.024914	1,1,2,1,1,2	0.838592	0.054628	0.313458	0.015429	0.616485	0.054628	0.313458	0.015429	0.616485	0.199137	0.400457	0.325407	0.074999	0.054628	0.313458	0.015429	0.616485	0.054628	0.313458	0.015429	0.616485	0.199137	0.400457	0.325407	0.074999	1,2,2,2,2,2	1.070541	0.024015	0.367726	0.176458	0.173901	0.086856	0.171044	0.189230	0.223551	0.004017	0.388727	0.175139	0.019334	0.189230	0.223551	0.004017	0.388727	0.175139	0.019334	0.189230	0.223551	0.004017	0.388727	0.175139	0.019334	0.189230	0.223551	0.004017	0.388727	0.175139	0.019334	0.189230	0.223551	0.004017	0.388727	0.175139	0.019334	1,1,1,1,1,1	1.423302	0.037070	0.037070	0.037070	0.037070	0.037070	0.037070	
536000	-68493.1	1,2,1,1,3,3	1.917593	6.269889	5.424755	6.269889	6.269889	5.777792	5.777792	1,1,2,1,1,2	0.638729	0.052133	0.308664	0.013975	0.625229	0.052133	0.308664	0.013975	0.625229	0.205723	0.398078	0.321900	0.074299	0.052133	0.308664	0.013975	0.625229	0.052133	0.308664	0.013975	0.625229	0.205723	0.398078	0.321900	0.074299	1,2,2,2,2,2	1.277871	0.025105	0.167151	0.055896	0.385196	0.029242	0.337411	0.175097	0.216804	0.006737	0.401816	0.169422	0.030124	0.175097	0.216804	0.006737	0.401816	0.169422	0.030124	0.175097	0.216804	0.006737	0.401816	0.169422	0.030124	0.175097	0.216804	0.006737	0.401816	0.169422	0.030124	0.175097	0.216804	0.006737	0.401816	0.169422	0.030124	1,1,1,1,1,1	0.477413	0.031839	0.031839	0.031839	0.031839	0.031839	0.031839	
537000	-68544.6	1,2,3,4,5,2	1.093878	5.729265	5.642764	6.241383	6.264841	5.790828	5.642764	1,1,2,1,1,2	1.481155	0.050693	0.305503	0.017482	0.626322	0.050693	0.305503	0.017482	0.626322	0.198617	0.403016	0.319771	0.078596	0.050693	0.305503	0.017482	0.626322	0.050693	0.305503	0.017482	0.626322	0.198617	0.403016	0.319771	0.078596	1,2,2,2,2,2	1.595549	0.172040	0.187043	0.184859	0.176327	0.051670	0.228062	0.185783	0.219174	0.003791	0.398188	0.178314	0.014750	0.185783	0.219174	0.003791	0.398188	0.178314	0.014750	0.185783	0.219174	0.003791	0.398188	0.178314	0.014750	0.185783	0.219174	0.003791	0.398188	0.178314	0.014750	0.185783	0.219174	0.003791	0.398188	0.178314	0.014750	1,1,1,1,1,1	0.672051	0.036406	0.036406	0.036406	0.036406	0.036406	0.036406	
538000	-68552.1	1,1,2,3,4,4	2.660082	5.389386	5.389386	6.522821	6.135453	6.089797	6.089797	1,1,2,1,1,2	0.709352	0.052899	0.310444	0.017751	0.618907	0.052899	0.310444	0.017751	0.618907	0.189823	0.413752	0.321931	0.074494	0.052899	0.310444	0.017751	0.618907	0.052899	0.310444	0.017751	0.618907	0.189823	0.413752	0.321931	0.074494	1,2,2,2,2,2	1.099334	0.185434	0.086352	0.154904	0.107445	0.104716	0.361148	0.182310	0.222341	0.003713	0.398729	0.173963	0.018944	0.182310	0.222341	0.003713	0.398729	0.173963	0.018944	0.182310	0.222341	0.003713	0.398729	0.173963	0.018944	0.182310	0.222341	0.003713	0.398729	0.173963	0.018944	0.182310	0.222341	0.003713	0.398729	0.173963	0.018944	1,1,1,1,1,1	0.823767	0.034553	0.034553	0.034553	0.034553	0.034553	0.034553	
539000	-68593.2	1,2,1,1,1,3	1.057623	6.236663	5.478383	6.236663	6.236663	6.236663	5.733522	1,1,2,1,1,2	1.104677	0.054640	0.308733	0.015732	0.620894	0.054640	0.308733	0.015732	0.620894	0.198998	0.412192	0.311528	0.077283	0.054640	0.308733	0.015732	0.620894	0.054640	0.308733	0.015732	0.620894	0.198998	0.412192	0.311528	0.077283	1,2,2,2,2,2	1.765027	0.027171	0.509137	0.267892	0.098293	0.044181	0.053325	0.185578	0.218973	0.002722	0.401172	0.166329	0.025226	0.185578	0.218973	0.002722	0.401172	0.166329	0.025226	0.185578	0.218973	0.002722	0.401172	0.166329	0.025226	0.185578	0.218973	0.002722	0.401172	0.166329	0.025226	0.185578	0.218973	0.002722	0.401172	0.166329	0.025226	1,1,2,1,1,2	1.914390	0.037269	0.037269	0.031613	0.037269	0.037269	0.031613	
540000	-68524.3	1,2,3,4,4,5	7.829736	5.453288	5.586723	6.604707	6.070305	6.070305	5.941166	1,1,2,1,1,2	0.417074	0.052348	0.316189	0.015438	0.616025	0.052348	0.316189	0.015438	0.616025	0.200237	0.404465	0.315786	0.079512	0.052348	0.316189	0.015438	0.616025	0.052348	0.316189	0.015438	0.616025	0.200237	0.404465	0.315786	0.079512	1,2,2,2,2,2	1.057735	0.032219	0.023278	0.227948	0.385618	0.114740	0.216198	0.184965	0.218248	0.005113	0.400805	0.172810	0.018059	0.184965	0.218248	0.005113	0.400805	0.172810	0.018059	0.184965	0.218248	0.005113	0.400805	0.172810	0.018059	0.184965	0.218248	0.005113	0.400805	0.172810	0.018059	0.184965	0.218248	0.005113	0.400805	0.172810	0.018059	1,1,1,1,1,1	0.619069	0.038308	0.038308	0.038308	0.038308	0.038308	0.038308	
541000	-68481.2	1,1,2,2,3,4	3.372905	5.625738	5.625738	6.412843	6.412843	5.873177	5.643858	1,1,2,1,1,2	0.882317	0.052656	0.311766	0.015402	0.620176	0.052656	0.311766	0.015402	0.620176	0.202965	0.405475	0.317440	0.074120	0.052656	0.311766	0.015402	0.620176	0.052656	0.311766	0.015402	0.620176	0.202965	0.405475	0.317440	0.074120	1,2,2,2,2,2	0.949771	0.044943	0.146768	0.215324	0.027470	0.070701	0.494795	0.182932	0.217424	0.003243	0.400002	0.170648	0.025751	0.182932	0.217424	0.003243	0.400002	0.170648	0.025751	0.182932	0.217424	0.003243	0.400002	0.170648	0.025751	0.182932	0.217424	0.003243	0.400002	0.170648	0.025751	0.182932	0.217424	0.003243	0.400002	0.170648	0.025751	1,1,1,1,1,1	2.195935	0.035788	0.035788	0.035788	0.035788	0.035788	0.035788	
542000	-68516	1,2,3,4,5,5	1.454845	6.979201	5.755124	6.467003	6.286956	5.904977	5.904977	1,1,2,1,1,2	1.829968	0.054987	0.312472	0.015606	0.616935	0.054987	0.312472	0.015606	0.616935	0.209434	0.403303	0.318881	0.068382	0.054987	0.312472	0.015606	0.616935	0.054987	0.312472	0.015606	0.616935	0.209434	0.403303	0.318881	0.068382	1,2,2,2,2,2	1.186018	0.060903	0.058274	0.117632	0.245099	0.028354	0.489739	0.187482	0.217390	0.006818	0.390702	0.174486	0.023122	0.187482	0.217390	0.006818	0.390702	0.174486	0.023122	0.187482	0.217390	0.006818	0.390702	0.174486	0.023122	0.187482	0.217390	0.006818	0.390702	0.174486	0.023122	0.187482	0.217390	0.006818	0.390702	0.174486	0.023122	1,1,1,1,1,1	0.233677	0.037402	0.037402	0.037402	0.037402	0.037402	0.037402	
543000	-68633.3	1,2,3,3,1,1	2.436599	5.775324	5.432630	6.496177	6.496177	5.775324	5.775324	1,1,2,1,1,2	1.681827	0.053015	0.306633	0.015323	0.625029	0.053015	0.306633	0.015323	0.625029	0.192326	0.404507	0.327693	0.075474	0.053015	0.306633	0.015323	0.625029	0.053015	0.306633	0.015323	0.625029	0.192326	0.404507	0.327693	0.075474	1,2,2,2,2,2	1.985074	0.086959	0.442638	0.280670	0.090333	0.065429	0.033972	0.187850	0.220396	0.005188	0.390387	0.175178	0.021001	0.187850	0.220396	0.005188	0.390387	0.175178	0.021001	0.187850	0.220396	0.005188	0.390387	0.175178	0.021001	0.187850	0.220396	0.005188	0.390387	0.175178	0.021001	0.187850	0.220396	0.005188	0.390387	0.175178	0.021001	1,1,1,1,1,1	2.085941	0.038870	0.038870	0.038870	0.038870	0.038870	0.038870	
544000	-68594.5	1,1,2,2,2,2	2.295037	5.628436	5.628436	6.133766	6.133766	6.133766	6.133766	1,1,2,1,1,2	0.272272	0.054008	0.315983	0.015819	0.614190	0.054008	0.315983	0.015819	0.614190	0.197564	0.409792	0.320180	0.072464	0.054008	0.315983	0.015819	0.614190	0.054008	0.315983	0.015819	0.614190	0.197564	0.409792	0.320180	0.072464	1,2,2,2,2,2	0.697413	0.232556	0.144422	0.240762	0.155658	0.064480	0.162121	0.183089	0.209552	0.004237	0.415711	0.167389	0.020022	0.183089	0.209552	0.004237	0.415711	0.167389	0.020022	0.183089	0.209552	0.004237	0.415711	0.167389	0.020022	0.183089	0.209552	0.004237	0.415711	0.167389	0.020022	0.183089	0.209552	0.004237	0.415711	0.167389	0.020022	1,1,1,1,1,1	0.784667	0.030925	0.030925	0.030925	0.030925	0.030925	0.030925	
545000	-68620.4	1,1,2,2,3,4	0.871793	5.222725	5.222725	6.352850	6.352850	6.006479	6.106356	1,1,2,1,1,2	1.820358	0.051127	0.305409	0.016420	0.627045	0.051127	0.305409	0.016420	0.627045	0.193577	0.404465	0.321814	0.080144	0.051127	0.305409	0.016420	0.627045	0.051127	0.305409	0.016420	0.627045	0.193577	0.404465	0.321814	0.080144	1,2,2,2,2,2	1.082364	0.260593	0.024796	0.182057	0.030533	0.054045	0.447977	0.176153	0.233428	0.003807	0.397173	0.162976	0.026461	0.176153	0.233428	0.003807	0.397173	0.162976	0.026461	0.176153	0.233428	0.003807	0.397173	0.162976	0.026461	0.176153	0.233428	0.003807	0.397173	0.162976	0.026461	0.176153	0.233428	0.003807	0.397173	0.162976	0.026461	1,1,1,1,1,1	2.828599	0.033905	0.033905	0.033905	0.033905	0.033905	0.033905	
546000	-68540.1	1,2,3,4,5,6	1.556366	5.175322	5.468430	6.366970	6.464346	6.015413	5.858450	1,1,2,1,1,2	3.193574	0.049072	0.309224	0.015077	0.626627	0.049072	0.309224	0.015077	0.626627	0.200180	0.409717	0.315969	0.074134	0.049072	0.309224	0.015077	0.626627	0.049072	0.309224	0.015077	0.626627	0.200180	0.409717	0.315969	0.074134	1,2,2,2,2,2	2.403854	0.005423	0.396583	0.193295	0.256927	0.051999	0.095773	0.173702	0.236855	0.003328	0.401967	0.163853	0.020295	0.173702	0.236855	0.003328	0.401967	0.163853	0.020295	0.173702	0.236855	0.003328	0.401967	0.163853	0.020295	0.173702	0.236855	0.003328	0.401967	0.163853	0.020295	0.173702	0.236855	0.003328	0.401967	0.163853	0.020295	1,1,1,1,1,1	1.418195	0.030595	0.030595	0.030595	0.030595	0.030595	0.030595	
547000	-68564.5	1,2,3,4,4,4	2.611055	5.128918	5.582893	6.593272	6.047009	6.047009	6.047009	1,1,2,1,1,2	0.805535	0.048317	0.312872	0.015032	0.623779	0.048317	0.312872	0.015032	0.623779	0.200341	0.409707	0.322291	0.067661	0.048317	0.312872	0.015032	0.623779	0.048317	0.312872	0.015032	0.623779	0.200341	0.409707	0.322291	0.067661	1,2,2,2,2,2	1.336986	0.224236	0.200013	0.195509	0.064957	0.096440	0.218844	0.190664	0.211535	0.005785	0.398647	0.167478	0.025891	0.190664	0.211535	0.005785	0.398647	0.167478	0.025891	0.190664	0.211535	0.005785	0.398647	0.167478	0.025891	0.190664	0.211535	0.005785	0.398647	0.167478	0.025891	0.190664	0.211535	0.005785	0.398647	0.167478	0.025891	1,1,1,1,1,1	1.202063	0.036905	0.036905	0.036905	0.036905	0.036905	0.036905	
548000	-68574.7	1,1,2,2,3,3	1.537178	5.297027	5.297027	6.404982	6.404982	6.012263	6.012263	1,1,2,1,1,2	0.551214	0.051402	0.306794	0.016492	0.625312	0.051402	0.306794	0.016492	0.625312	0.200613	0.407591	0.320097	0.071699	0.051402	0.306794	0.016492	0.625312	0.051402	0.306794	0.016492	0.625312	0.200613	0.407591	0.320097	0.071699	1,2,2,2,2,2	1.149390	0.234334	0.153206	0.193622	0.142773	0.056081	0.219984	0.200733	0.205748	0.002094	0.390116	0.173801	0.027508	0.200733	0.205748	0.002094	0.390116	0.173801	0.027508	0.200733	0.205748	0.002094	0.390116	0.173801	0.027508	0.200733	0.205748	0.002094	0.390116	0.173801	0.027508	0.200733	0.205748	0.002094	0.390116	0.173801	0.027508	1,1,1,1,1,1	1.967195	0.034682	0.034682	0.034682	0.034682	0.034682	0.034682	
549000	-68550.3	1,2,3,4,5,6	3.898591	5.637737	5.724155	6.434547	6.485825	6.047872	6.019106	1,1,2,1,1,2	1.376270	0.054252	0.311217	0.015981	0.618550	0.054252	0.311217	0.015981	0.618550	0.203186	0.402081	0.323644	0.071090	0.054252	0.311217	0.015981	0.618550	0.054252	0.311217	0.015981	0.618550	0.203186	0.402081	0.323644	0.071090	1,2,2,2,2,2	1.201395	0.162425	0.118591	0.328549	0.117149	0.090884	0.182402	0.193333	0.209086	0.004142	0.389136	0.183543	0.020760	0.193333	0.209086	0.004142	0.389136	0.183543	0.020760	0.193333	0.209086	0.004142	0.389136	0.183543	0.020760	0.193333	0.209086	0.004142	0.389136	0.183543	0.020760	0.193333	0.209086	0.004142	0.389136	0.183543	0.020760	1,1,1,1,1,1	1.371260	0.035282	0.035282	0.035282	0.035282	0.035282	0.035282	
550000	-68674.3	1,2,3,3,4,5	2.780880	5.849550	5.503586	6.359534	6.359534	5.908187	5.797902	1,1,2,1,1,2	0.319002	0.048233	0.309228	0.016765	0.625773	0.048233	0.309228	0.016765	0.625773	0.200195	0.404455	0.324445	0.070904	0.048233	0.309228	0.016765	0.625773	0.048233	0.309228	0.016765	0.625773	0.200195	0.404455	0.324445	0.070904	1,2,2,2,2,2	3.816269	0.382394	0.018159	0.319353	0.094919	0.084055	0.101120	0.189525	0.214731	0.006955	0.393037	0.170563	0.025190	0.189525	0.214731	0.006955	0.393037	0.170563	0.025190	0.189525	0.214731	0.006955	0.393037	0.170563	0.025190	0.189525	0.214731	0.006955	0.393037	0.170563	0.025190	0.189525	0.214731	0.006955	0.393037	0.170563	0.025190	1,1,1,1,1,1	0.686185	0.032343	0.032343	0.032343	0.032343	0.032343	0.032343	
551000	-68642.9	1,1,2,2,3,3	2.265049	5.525512	5.525512	6.253338	6.253338	5.871835	5.871835	1,1,2,1,1,2	1.998588	0.047198	0.312433	0.015973	0.624396	0.047198	0.312433	0.015973	0.624396	0.193676	0.407127	0.321111	0.078086	0.047198	0.312433	0.015973	0.624396	0.047198	0.312433	0.015973	0.624396	0.193676	0.407127	0.321111	0.078086	1,2,2,2,2,2	0.989601	0.085683	0.065386	0.576722	0.011388	0.099716	0.161105	0.191922	0.213635	0.004927	0.385608	0.177401	0.026507	0.191922	0.213635	0.004927	0.385608	0.177401	0.026507	0.191922	0.213635	0.004927	0.385608	0.177401	0.026507	0.191922	0.213635	0.004927	0.385608	0.177401	0.026507	0.191922	0.213635	0.004927	0.385608	0.177401	0.026507	1,1,1,1,1,1	1.298810	0.035690	0.035690	0.035690	0.035690	0.035690	0.035690	
552000	-68496.3	1,2,3,3,4,1	4.556934	5.720039	5.401955	6.198147	6.198147	5.759725	5.720039	1,1,2,1,1,2	0.581929	0.053010	0.313983	0.016231	0.616777	0.053010	0.313983	0.016231	0.616777	0.206602	0.406375	0.314178	0.072845	0.053010	0.313983	0.016231	0.616777	0.053010	0.313983	0.016231	0.616777	0.206602	0.406375	0.314178	0.072845	1,2,2,2,2,2	1.648749	0.061426	0.062267	0.247403	0.077014	0.067154	0.484735	0.193161	0.211972	0.004537	0.388795	0.180458	0.021076	0.193161	0.211972	0.004537	0.388795	0.180458	0.021076	0.193161	0.211972	0.004537	0.388795	0.180458	0.021076	0.193161	0.211972	0.004537	0.388795	0.180458	0.021076	0.193161	0.211972	0.004537	0.388795	0.180458	0.021076	1,1,1,1,1,1	0.345695	0.034260	0.034260	0.034260	0.034260	0.034260	0.034260	
553000	-68688.2	1,1,2,3,3,3	1.695837	5.361259	5.361259	6.321603	6.110996	6.110996	6.110996	1,1,2,1,1,2	3.365676	0.051256	0.309295	0.014471	0.624978	0.051256	0.309295	0.014471	0.624978	0.194471	0.412111	0.320328	0.073090	0.051256	0.309295	0.014471	0.624978	0.051256	0.309295	0.014471	0.624978	0.194471	0.412111	0.320328	0.073090	1,2,2,2,2,2	1.025808	0.206992	0.226003	0.384162	0.014118	0.092834	0.075891	0.186780	0.217176	0.005724	0.392512	0.172591	0.025217	0.186780	0.217176	0.005724	0.392512	0.172591	0.025217	0.186780	0.217176	0.005724	0.392512	0.172591	0.025217	0.186780	0.217176	0.005724	0.392512	0.172591	0.025217	0.186780	0.217176	0.005724	0.392512	0.172591	0.025217	1,1,1,1,1,1	1.944677	0.038139	0.038139	0.038139	0.038139	0.038139	0.038139	
554000	-68511.4	1,1,2,2,3,3	1.386046	5.323191	5.323191	6.311789	6.311789	5.885542	5.885542	1,1,2,1,1,2	0.940750	0.050297	0.310365	0.016889	0.622449	0.050297	0.310365	0.016889	0.622449	0.196955	0.398276	0.328771	0.075998	0.050297	0.310365	0.016889	0.622449	0.050297	0.310365	0.016889	0.622449	0.196955	0.398276	0.328771	0.075998	1,2,2,2,2,2	0.857184	0.174418	0.000447	0.158768	0.281270	0.074370	0.310728	0.195230	0.212027	0.006704	0.391691	0.175035	0.019313	0.195230	0.212027	0.006704	0.391691	0.175035	0.019313	0.195230	0.212027	0.006704	0.391691	0.175035	0.019313	0.195230	0.212027	0.006704	0.391691	0.175035	0.019313	0.195230	0.212027	0.006704	0.391691	0.175035	0.019313	1,1,1,1,1,1	0.390054	0.033524	0.033524	0.033524	0.033524	0.033524	0.033524	
555000	-68565.6	1,1,2,2,3,4	0.942500	5.490097	5.490097	6.210422	6.210422	5.900132	5.712342	1,1,2,1,1,2	1.451246	0.052042	0.314011	0.015947	0.618000	0.052042	0.314011	0.015947	0.618000	0.212173	0.397750	0.317742	0.072335	0.052042	0.314011	0.015947	0.618000	0.052042	0.314011	0.015947	0.618000	0.212173	0.397750	0.317742	0.072335	1,2,2,2,2,2	1.894539	0.032625	0.418252	0.242672	0.001964	0.116844	0.187642	0.190439	0.211886	0.003470	0.397663	0.177313	0.019229	0.190439	0.211886	0.003470	0.397663	0.177313	0.019229	0.190439	0.211886	0.003470	0.397663	0.177313	0.019229	0.190439	0.211886	0.003470	0.397663	0.177313	0.019229	0.190439	0.211886	0.003470	0.397663	0.177313	0.019229	1,1,1,1,1,1	0.234855	0.033519	0.033519	0.033519	0.033519	0.033519	0.033519	
556000	-68578.3	1,1,2,2,3,3	0.846096	5.264293	5.264293	6.438893	6.438893	6.013343	6.013343	1,1,2,1,1,2	0.914981	0.053067	0.308229	0.016999	0.621706	0.053067	0.308229	0.016999	0.621706	0.200692	0.402914	0.324431	0.071963	0.053067	0.308229	0.016999	0.621706	0.053067	0.308229	0.016999	0.621706	0.200692	0.402914	0.324431	0.071963	1,2,2,2,2,2	2.770187	0.210337	0.084513	0.263767	0.216051	0.119051	0.106281	0.191136	0.207167	0.006912	0.392309	0.180460	0.022017	0.191136	0.207167	0.006912	0.392309	0.180460	0.022017	0.191136	0.207167	0.006912	0.392309	0.180460	0.022017	0.191136	0.207167	0.006912	0.392309	0.180460	0.022017	0.191136	0.207167	0.006912	0.392309	0.180460	0.022017	1,1,1,1,1,1	1.405036	0.033213	0.033213	0.033213	0.033213	0.033213	0.033213	
557000	-68640.6	1,2,3,3,4,4	0.972277	5.634407	5.444355	6.299493	6.299493	5.955628	5.955628	1,1,2,1,1,2	1.475390	0.049705	0.314487	0.016294	0.619514	0.049705	0.314487	0.016294	0.619514	0.195154	0.402096	0.323272	0.079478	0.049705	0.314487	0.016294	0.619514	0.049705	0.314487	0.016294	0.619514	0.195154	0.402096	0.323272	0.079478	1,2,2,2,2,2	2.441046	0.046509	0.050027	0.549356	0.174617	0.110494	0.068996	0.188751	0.211938	0.004570	0.407778	0.162054	0.024910	0.188751	0.211938	0.004570	0.407778	0.162054	0.024910	0.188751	0.211938	0.004570	0.407778	0.162054	0.024910	0.188751	0.211938	0.004570	0.407778	0.162054	0.024910	0.188751	0.211938	0.004570	0.407778	0.162054	0.024910	1,1,1,1,1,1	0.641513	0.033776	0.033776	0.033776	0.033776	0.033776	0.033776	
558000	-68519.4	1,2,3,4,5,6	2.938517	5.960476	5.417825	6.156301	6.146244	5.850959	5.775342	1,1,2,1,1,2	3.690818	0.053002	0.308177	0.016138	0.622683	0.053002	0.308177	0.016138	0.622683	0.196821	0.403461	0.321893	0.077825	0.053002	0.308177	0.016138	0.622683	0.053002	0.308177	0.016138	0.622683	0.196821	0.403461	0.321893	0.077825	1,2,2,2,2,2	0.514532	0.039381	0.248046	0.167569	0.236136	0.035759	0.273108	0.195689	0.209635	0.005025	0.391765	0.173208	0.024678	0.195689	0.209635	0.005025	0.391765	0.173208	0.024678	0.195689	0.209635	0.005025	0.391765	0.173208	0.024678	0.195689	0.209635	0.005025	0.391765	0.173208	0.024678	0.195689	0.209635	0.005025	0.391765	0.173208	0.024678	1,1,1,1,1,1	0.458334	0.038449	0.038449	0.038449	0.038449	0.038449	0.038449	
559000	-68594.9	1,2,1,1,3,4	1.787926	6.313470	5.278516	6.313470	6.313470	5.943743	5.966485	1,1,2,1,1,2	0.618459	0.053248	0.298547	0.015255	0.632950	0.053248	0.298547	0.015255	0.632950	0.202161	0.401913	0.325877	0.070049	0.053248	0.298547	0.015255	0.632950	0.053248	0.298547	0.015255	0.632950	0.202161	0.401913	0.325877	0.070049	1,2,2,2,2,2	2.015550	0.213713	0.025016	0.341820	0.094582	0.108071	0.216798	0.189831	0.202590	0.006214	0.398450	0.178673	0.024242	0.189831	0.202590	0.006214	0.398450	0.178673	0.024242	0.189831	0.202590	0.006214	0.398450	0.178673	0.024242	0.189831	0.202590	0.006214	0.398450	0.178673	0.024242	0.189831	0.202590	0.006214	0.398450	0.178673	0.024242	1,1,1,1,1,1	0.252090	0.033582	0.033582	0.033582	0.033582	0.033582	0.033582	
560000	-68659.7	1,2,3,3,4,5	1.502633	6.659189	5.332303	6.316639	6.316639	5.860644	5.828940	1,1,2,1,1,2	2.391251	0.052028	0.304743	0.017168	0.626062	0.052028	0.304743	0.017168	0.626062	0.199277	0.404687	0.320864	0.075172	0.052028	0.304743	0.017168	0.626062	0.052028	0.304743	0.017168	0.626062	0.199277	0.404687	0.320864	0.075172	1,2,2,2,2,2	1.073035	0.033166	0.258680	0.182574	0.448864	0.075012	0.001705	0.194720	0.217025	0.005918	0.386880	0.176743	0.018714	0.194720	0.217025	0.005918	0.386880	0.176743	0.018714	0.194720	0.217025	0.005918	0.386880	0.176743	0.018714	0.194720	0.217025	0.005918	0.386880	0.176743	0.018714	0.194720	0.217025	0.005918	0.386880	0.176743	0.018714	1,1,1,1,1,1	0.849782	0.037743	0.037743	0.037743	0.037743	0.037743	0.037743	
561000	-68533	1,2,3,3,4,1	2.392057	6.013694	5.585599	6.238529	6.238529	5.818147	6.013694	1,1,2,1,1,2	0.572496	0.048254	0.306783	0.013989	0.630973	0.048254	0.306783	0.013989	0.630973	0.192304	0.407626	0.326699	0.073371	0.048254	0.306783	0.013989	0.630973	0.048254	0.306783	0.013989	0.630973	0.192304	0.407626	0.326699	0.073371	1,2,2,2,2,2	1.418756	0.013864	0.451006	0.146414	0.271534	0.033864	0.083318	0.192840	0.214526	0.007381	0.397179	0.165609	0.022464	0.192840	0.214526	0.007381	0.397179	0.165609	0.022464	0.192840	0.214526	0.007381	0.397179	0.165609	0.022464	0.192840	0.214526	0.007381	0.397179	0.165609	0.022464	0.192840	0.214526	0.007381	0.397179	0.165609	0.022464	1,1,1,1,1,1	0.412399	0.031155	0.031155	0.031155	0.031155	0.031155	0.031155	
562000	-68493.3	1,1,2,3,4,4	2.375047	5.403671	5.403671	6.255888	6.314708	5.938747	5.938747	1,1,2,1,1,2	0.997489	0.051296	0.312263	0.015471	0.620970	0.051296	0.312263	0.015471	0.620970	0.193994	0.413256	0.320139	0.072611	0.051296	0.312263	0.015471	0.620970	0.051296	0.312263	0.015471	0.620970	0.193994	0.413256	0.320139	0.072611	1,2,2,2,2,2	1.218191	0.056968	0.147662	0.215860	0.127498	0.109619	0.342394	0.183586	0.215573	0.006055	0.403885	0.168766	0.022135	0.183586	0.215573	0.006055	0.403885	0.168766	0.022135	0.183586	0.215573	0.006055	0.403885	0.168766	0.022135	0.183586	0.215573	0.006055	0.403885	0.168766	0.022135	0.183586	0.215573	0.006055	0.403885	0.168766	0.022135	1,1,1,1,1,1	0.973594	0.037734	0.037734	0.037734	0.037734	0.037734	0.037734	
563000	-68660.4	1,2,1,3,3,3	0.554972	6.417196	5.755349	6.417196	6.066067	6.066067	6.066067	1,1,2,1,1,2	1.283963	0.054036	0.307816	0.017389	0.620759	0.054036	0.307816	0.017389	0.620759	0.194117	0.412660	0.325324	0.067900	0.054036	0.307816	0.017389	0.620759	0.054036	0.307816	0.017389	0.620759	0.194117	0.412660	0.325324	0.067900	1,2,2,2,2,2	1.370322	0.119643	0.024463	0.414299	0.036883	0.195744	0.208969	0.182709	0.208598	0.004910	0.389835	0.179531	0.034417	0.182709	0.208598	0.004910	0.389835	0.179531	0.034417	0.182709	0.208598	0.004910	0.389835	0.179531	0.034417	0.182709	0.208598	0.004910	0.389835	0.179531	0.034417	0.182709	0.208598	0.004910	0.389835	0.179531	0.034417	1,1,1,1,1,1	0.455682	0.038043	0.038043	0.038043	0.038043	0.038043	0.038043	
564000	-68522.1	1,1,2,3,1,1	0.597215	5.754459	5.754459	6.139387	6.181982	5.754459	5.754459	1,1,2,1,1,2	0.708795	0.053577	0.309021	0.017285	0.620118	0.053577	0.309021	0.017285	0.620118	0.195175	0.405698	0.323538	0.075589	0.053577	0.309021	0.017285	0.620118	0.053577	0.309021	0.017285	0.620118	0.195175	0.405698	0.323538	0.075589	1,2,2,2,2,2	3.007700	0.065175	0.080707	0.402517	0.099078	0.089782	0.262742	0.192776	0.204857	0.005035	0.390648	0.180562	0.026122	0.192776	0.204857	0.005035	0.390648	0.180562	0.026122	0.192776	0.204857	0.005035	0.390648	0.180562	0.026122	0.192776	0.204857	0.005035	0.390648	0.180562	0.026122	0.192776	0.204857	0.005035	0.390648	0.180562	0.026122	1,1,1,1,1,1	1.050935	0.034258	0.034258	0.034258	0.034258	0.034258	0.034258	
565000	-68549.9	1,2,1,1,3,3	2.561521	6.615863	5.501036	6.615863	6.615863	5.964573	5.964573	1,1,2,1,1,2	0.442703	0.051596	0.309634	0.014182	0.624589	0.051596	0.309634	0.014182	0.624589	0.192689	0.408966	0.326562	0.071783	0.051596	0.309634	0.014182	0.624589	0.051596	0.309634	0.014182	0.624589	0.192689	0.408966	0.326562	0.071783	1,2,2,2,2,2	1.042693	0.105757	0.012913	0.387285	0.036896	0.090253	0.366897	0.190492	0.224595	0.005157	0.385465	0.175699	0.018592	0.190492	0.224595	0.005157	0.385465	0.175699	0.018592	0.190492	0.224595	0.005157	0.385465	0.175699	0.018592	0.190492	0.224595	0.005157	0.385465	0.175699	0.018592	0.190492	0.224595	0.005157	0.385465	0.175699	0.018592	1,1,1,1,1,1	1.606473	0.036117	0.036117	0.036117	0.036117	0.036117	0.036117	
566000	-68556.7	1,2,3,3,4,1	1.753208	5.953819	5.554934	6.300977	6.300977	6.073960	5.953819	1,1,2,1,1,2	0.764058	0.050844	0.306084	0.014825	0.628246	0.050844	0.306084	0.014825	0.628246	0.199428	0.417363	0.314543	0.068667	0.050844	0.306084	0.014825	0.628246	0.050844	0.306084	0.014825	0.628246	0.199428	0.417363	0.314543	0.068667	1,2,2,2,2,2	0.483517	0.050189	0.110814	0.416599	0.087846	0.080453	0.254099	0.190240	0.204023	0.005275	0.400630	0.173564	0.026268	0.190240	0.204023	0.005275	0.400630	0.173564	0.026268	0.190240	0.204023	0.005275	0.400630	0.173564	0.026268	0.190240	0.204023	0.005275	0.400630	0.173564	0.026268	0.190240	0.204023	0.005275	0.400630	0.173564	0.026268	1,1,1,1,1,1	0.766688	0.038175	0.038175	0.038175	0.038175	0.038175	0.038175	
567000	-68569.8	1,2,3,3,4,4	2.056862	4.745589	5.480017	6.290478	6.290478	6.019846	6.019846	1,1,2,1,1,2	1.735790	0.051009	0.311696	0.014411	0.622884	0.051009	0.311696	0.014411	0.622884	0.192361	0.409623	0.323417	0.074599	0.051009	0.311696	0.014411	0.622884	0.051009	0.311696	0.014411	0.622884	0.192361	0.409623	0.323417	0.074599	1,2,2,2,2,2	0.549981	0.149309	0.152252	0.205185	0.084665	0.148271	0.260319	0.187432	0.219242	0.002605	0.403890	0.168744	0.018087	0.187432	0.219242	0.002605	0.403890	0.168744	0.018087	0.187432	0.219242	0.002605	0.403890	0.168744	0.018087	0.187432	0.219242	0.002605	0.403890	0.168744	0.018087	0.187432	0.219242	0.002605	0.403890	0.168744	0.018087	1,1,1,1,1,2	1.839819	0.035709	0.035709	0.035709	0.035709	0.035709	0.005267	
568000	-68513.9	1,1,2,3,4,4	1.666447	5.273089	5.273089	6.490026	6.192804	5.896505	5.896505	1,1,2,1,1,2	2.263189	0.051206	0.311628	0.015938	0.621228	0.051206	0.311628	0.015938	0.621228	0.194527	0.407139	0.317993	0.080341	0.051206	0.311628	0.015938	0.621228	0.051206	0.311628	0.015938	0.621228	0.194527	0.407139	0.317993	0.080341	1,2,2,2,2,2	2.636162	0.043339	0.483656	0.073339	0.216336	0.044834	0.138496	0.182421	0.211908	0.007453	0.407294	0.170651	0.020273	0.182421	0.211908	0.007453	0.407294	0.170651	0.020273	0.182421	0.211908	0.007453	0.407294	0.170651	0.020273	0.182421	0.211908	0.007453	0.407294	0.170651	0.020273	0.182421	0.211908	0.007453	0.407294	0.170651	0.020273	1,1,1,1,1,1	0.217312	0.034300	0.034300	0.034300	0.034300	0.034300	0.034300	
569000	-68712.2	1,1,2,2,3,3	0.569183	5.162225	5.162225	6.290749	6.290749	5.831979	5.831979	1,1,2,1,1,2	1.149632	0.049475	0.306059	0.017674	0.626791	0.049475	0.306059	0.017674	0.626791	0.190507	0.393846	0.335964	0.079684	0.049475	0.306059	0.017674	0.626791	0.049475	0.306059	0.017674	0.626791	0.190507	0.393846	0.335964	0.079684	1,2,2,2,2,2	2.093493	0.259406	0.123463	0.207480	0.049735	0.205391	0.154525	0.190584	0.221129	0.006320	0.394857	0.171564	0.015546	0.190584	0.221129	0.006320	0.394857	0.171564	0.015546	0.190584	0.221129	0.006320	0.394857	0.171564	0.015546	0.190584	0.221129	0.006320	0.394857	0.171564	0.015546	0.190584	0.221129	0.006320	0.394857	0.171564	0.015546	1,1,1,1,1,1	0.503883	0.034899	0.034899	0.034899	0.034899	0.034899	0.034899	
570000	-68530.6	1,1,2,2,3,1	1.869756	5.520420	5.520420	6.229390	6.229390	5.880677	5.520420	1,1,2,1,1,2	0.675640	0.053265	0.317278	0.016748	0.612709	0.053265	0.317278	0.016748	0.612709	0.197676	0.407646	0.323084	0.071594	0.053265	0.317278	0.016748	0.612709	0.053265	0.317278	0.016748	0.612709	0.197676	0.407646	0.323084	0.071594	1,2,2,2,2,2	1.445433	0.046363	0.004586	0.275865	0.364158	0.132017	0.177011	0.182558	0.229362	0.006471	0.381788	0.175110	0.024711	0.182558	0.229362	0.006471	0.381788	0.175110	0.024711	0.182558	0.229362	0.006471	0.381788	0.175110	0.024711	0.182558	0.229362	0.006471	0.381788	0.175110	0.024711	0.182558	0.229362	0.006471	0.381788	0.175110	0.024711	1,1,1,1,1,1	1.644373	0.036852	0.036852	0.036852	0.036852	0.036852	0.036852	
571000	-68537.3	1,2,3,4,4,5	2.110569	5.068409	5.296910	6.426722	6.117405	6.117405	5.971767	1,1,2,1,1,2	3.449957	0.053775	0.311502	0.015365	0.619357	0.053775	0.311502	0.015365	0.619357	0.197305	0.401482	0.323185	0.078028	0.053775	0.311502	0.015365	0.619357	0.053775	0.311502	0.015365	0.619357	0.197305	0.401482	0.323185	0.078028	1,2,2,2,2,2	1.124843	0.113071	0.020193	0.135639	0.027631	0.062710	0.640756	0.179101	0.219535	0.007832	0.393788	0.174546	0.025198	0.179101	0.219535	0.007832	0.393788	0.174546	0.025198	0.179101	0.219535	0.007832	0.393788	0.174546	0.025198	0.179101	0.219535	0.007832	0.393788	0.174546	0.025198	0.179101	0.219535	0.007832	0.393788	0.174546	0.025198	1,1,1,1,1,1	0.600213	0.037266	0.037266	0.037266	0.037266	0.037266	0.037266	
572000	-68508.2	1,1,2,3,4,4	1.734087	5.174913	5.174913	6.265089	6.106164	6.003144	6.003144	1,1,2,1,1,2	1.403428	0.052997	0.310283	0.015485	0.621235	0.052997	0.310283	0.015485	0.621235	0.196010	0.409402	0.323719	0.070870	0.052997	0.310283	0.015485	0.621235	0.052997	0.310283	0.015485	0.621235	0.196010	0.409402	0.323719	0.070870	1,2,2,2,2,2	1.392845	0.066009	0.113799	0.288416	0.083485	0.131184	0.317107	0.172797	0.214040	0.007665	0.413685	0.170651	0.021162	0.172797	0.214040	0.007665	0.413685	0.170651	0.021162	0.172797	0.214040	0.007665	0.413685	0.170651	0.021162	0.172797	0.214040	0.007665	0.413685	0.170651	0.021162	0.172797	0.214040	0.007665	0.413685	0.170651	0.021162	1,1,1,1,1,1	0.703196	0.032406	0.032406	0.032406	0.032406	0.032406	0.032406	
573000	-68535	1,1,2,2,3,4	2.475841	5.348907	5.348907	6.486998	6.486998	5.736339	6.124329	1,1,2,1,1,2	1.187070	0.048939	0.312748	0.016541	0.621772	0.048939	0.312748	0.016541	0.621772	0.191762	0.408354	0.325097	0.074787	0.048939	0.312748	0.016541	0.621772	0.048939	0.312748	0.016541	0.621772	0.191762	0.408354	0.325097	0.074787	1,2,2,2,2,2	1.305347	0.186611	0.189217	0.183260	0.145146	0.058146	0.237619	0.186842	0.218021	0.004449	0.397014	0.171673	0.022001	0.186842	0.218021	0.004449	0.397014	0.171673	0.022001	0.186842	0.218021	0.004449	0.397014	0.171673	0.022001	0.186842	0.218021	0.004449	0.397014	0.171673	0.022001	0.186842	0.218021	0.004449	0.397014	0.171673	0.022001	1,1,1,1,1,1	0.579046	0.034759	0.034759	0.034759	0.034759	0.034759	0.034759	
574000	-68539.5	1,1,2,2,3,4	3.056106	5.057823	5.057823	6.318372	6.318372	5.738526	6.021042	1,1,2,1,1,2	2.091342	0.050078	0.321548	0.014721	0.613653	0.050078	0.321548	0.014721	0.613653	0.192912	0.402040	0.323230	0.081819	0.050078	0.321548	0.014721	0.613653	0.050078	0.321548	0.014721	0.613653	0.192912	0.402040	0.323230	0.081819	1,2,2,2,2,2	1.507925	0.051712	0.088908	0.108155	0.466536	0.073755	0.210932	0.188640	0.216622	0.006823	0.395276	0.169389	0.023250	0.188640	0.216622	0.006823	0.395276	0.169389	0.023250	0.188640	0.216622	0.006823	0.395276	0.169389	0.023250	0.188640	0.216622	0.006823	0.395276	0.169389	0.023250	0.188640	0.216622	0.006823	0.395276	0.169389	0.023250	1,1,1,1,1,1	1.137762	0.037067	0.037067	0.037067	0.037067	0.037067	0.037067	
575000	-68475.3	1,2,3,3,4,5	2.339512	5.535803	5.347624	6.263023	6.263023	5.830021	5.779619	1,1,2,1,1,2	0.612427	0.053386	0.309012	0.015000	0.622602	0.053386	0.309012	0.015000	0.622602	0.194779	0.405791	0.327286	0.072144	0.053386	0.309012	0.015000	0.622602	0.053386	0.309012	0.015000	0.622602	0.194779	0.405791	0.327286	0.072144	1,2,2,2,2,2	1.218935	0.006842	0.034963	0.217639	0.266987	0.096497	0.377073	0.183614	0.225411	0.005564	0.396122	0.167571	0.021718	0.183614	0.225411	0.005564	0.396122	0.167571	0.021718	0.183614	0.225411	0.005564	0.396122	0.167571	0.021718	0.183614	0.225411	0.005564	0.396122	0.167571	0.021718	0.183614	0.225411	0.005564	0.396122	0.167571	0.021718	1,1,1,1,1,1	0.745158	0.033261	0.033261	0.033261	0.033261	0.033261	0.033261	
576000	-68591.2	1,2,3,3,1,4	1.140828	6.090890	5.082472	6.381424	6.381424	6.090890	5.732102	1,1,2,1,1,2	0.903556	0.047260	0.317178	0.016654	0.618907	0.047260	0.317178	0.016654	0.618907	0.201157	0.401597	0.322675	0.074572	0.047260	0.317178	0.016654	0.618907	0.047260	0.317178	0.016654	0.618907	0.201157	0.401597	0.322675	0.074572	1,2,2,2,2,2	3.048524	0.058816	0.012846	0.175691	0.332753	0.126211	0.293685	0.189899	0.222578	0.008074	0.387205	0.174595	0.017647	0.189899	0.222578	0.008074	0.387205	0.174595	0.017647	0.189899	0.222578	0.008074	0.387205	0.174595	0.017647	0.189899	0.222578	0.008074	0.387205	0.174595	0.017647	0.189899	0.222578	0.008074	0.387205	0.174595	0.017647	1,1,1,1,1,1	0.905632	0.030540	0.030540	0.030540	0.030540	0.030540	0.030540	
577000	-68645.7	1,1,2,2,3,4	1.886749	5.279838	5.279838	6.259106	6.259106	5.934840	5.713462	1,1,2,1,1,2	1.246019	0.056465	0.308206	0.016370	0.618959	0.056465	0.308206	0.016370	0.618959	0.193686	0.405628	0.321234	0.079451	0.056465	0.308206	0.016370	0.618959	0.056465	0.308206	0.016370	0.618959	0.193686	0.405628	0.321234	0.079451	1,2,2,2,2,2	0.396377	0.218462	0.048940	0.339599	0.238476	0.060266	0.094256	0.195774	0.201958	0.004703	0.399628	0.173092	0.024845	0.195774	0.201958	0.004703	0.399628	0.173092	0.024845	0.195774	0.201958	0.004703	0.399628	0.173092	0.024845	0.195774	0.201958	0.004703	0.399628	0.173092	0.024845	0.195774	0.201958	0.004703	0.399628	0.173092	0.024845	1,1,1,1,1,1	1.802975	0.032780	0.032780	0.032780	0.032780	0.032780	0.032780	
578000	-68557.4	1,1,2,3,4,4	3.480082	5.312042	5.312042	6.187024	6.318682	5.751070	5.751070	1,1,2,1,1,2	1.204469	0.051066	0.303194	0.015679	0.630061	0.051066	0.303194	0.015679	0.630061	0.203458	0.400171	0.324912	0.071459	0.051066	0.303194	0.015679	0.630061	0.051066	0.303194	0.015679	0.630061	0.203458	0.400171	0.324912	0.071459	1,2,2,2,2,2	0.248701	0.124082	0.257113	0.084701	0.163246	0.066217	0.304641	0.199917	0.199391	0.001849	0.394704	0.180050	0.024090	0.199917	0.199391	0.001849	0.394704	0.180050	0.024090	0.199917	0.199391	0.001849	0.394704	0.180050	0.024090	0.199917	0.199391	0.001849	0.394704	0.180050	0.024090	0.199917	0.199391	0.001849	0.394704	0.180050	0.024090	1,1,1,1,1,1	0.842031	0.033881	0.033881	0.033881	0.033881	0.033881	0.033881	
579000	-68584.9	1,1,2,3,4,3	4.733802	5.443053	5.443053	6.388309	6.180913	5.802577	6.180913	1,1,2,1,1,2	1.945311	0.053977	0.304698	0.016654	0.624671	0.053977	0.304698	0.016654	0.624671	0.205118	0.409412	0.314089	0.071380	0.053977	0.304698	0.016654	0.624671	0.053977	0.304698	0.016654	0.624671	0.205118	0.409412	0.314089	0.071380	1,2,2,2,2,2	0.568625	0.126144	0.020473	0.121939	0.158969	0.122331	0.450144	0.179223	0.217240	0.002760	0.405538	0.175690	0.019549	0.179223	0.217240	0.002760	0.405538	0.175690	0.019549	0.179223	0.217240	0.002760	0.405538	0.175690	0.019549	0.179223	0.217240	0.002760	0.405538	0.175690	0.019549	0.179223	0.217240	0.002760	0.405538	0.175690	0.019549	1,1,1,1,1,1	0.454470	0.039705	0.039705	0.039705	0.039705	0.039705	0.039705	
580000	-68677.3	1,1,2,2,3,4	1.699031	5.428182	5.428182	6.430562	6.430562	5.814734	5.989377	1,1,2,1,1,2	2.112023	0.051973	0.306786	0.015282	0.625959	0.051973	0.306786	0.015282	0.625959	0.190633	0.411322	0.324316	0.073729	0.051973	0.306786	0.015282	0.625959	0.051973	0.306786	0.015282	0.625959	0.190633	0.411322	0.324316	0.073729	1,2,2,2,2,2	1.513039	0.009115	0.358377	0.120629	0.157957	0.136270	0.217652	0.199800	0.221021	0.004333	0.383537	0.168645	0.022664	0.199800	0.221021	0.004333	0.383537	0.168645	0.022664	0.199800	0.221021	0.004333	0.383537	0.168645	0.022664	0.199800	0.221021	0.004333	0.383537	0.168645	0.022664	0.199800	0.221021	0.004333	0.383537	0.168645	0.022664	1,1,1,1,1,1	0.654791	0.033514	0.033514	0.033514	0.033514	0.033514	0.033514	
581000	-68535.1	1,1,2,3,3,4	2.467362	5.157492	5.157492	6.646880	6.079485	6.079485	5.813505	1,1,2,1,1,2	1.721804	0.054828	0.312981	0.014770	0.617421	0.054828	0.312981	0.014770	0.617421	0.192812	0.409880	0.323187	0.074121	0.054828	0.312981	0.014770	0.617421	0.054828	0.312981	0.014770	0.617421	0.192812	0.409880	0.323187	0.074121	1,2,2,2,2,2	1.752391	0.138271	0.077344	0.129441	0.247774	0.089455	0.317715	0.186056	0.223596	0.007032	0.390629	0.175087	0.017600	0.186056	0.223596	0.007032	0.390629	0.175087	0.017600	0.186056	0.223596	0.007032	0.390629	0.175087	0.017600	0.186056	0.223596	0.007032	0.390629	0.175087	0.017600	0.186056	0.223596	0.007032	0.390629	0.175087	0.017600	1,1,1,1,1,1	1.176368	0.029583	0.029583	0.029583	0.029583	0.029583	0.029583	
582000	-68635	1,1,2,2,3,4	3.406680	5.433273	5.433273	6.248636	6.248636	6.016018	6.078913	1,1,2,1,1,2	1.399715	0.054933	0.307309	0.016514	0.621244	0.054933	0.307309	0.016514	0.621244	0.199935	0.401606	0.318980	0.079479	0.054933	0.307309	0.016514	0.621244	0.054933	0.307309	0.016514	0.621244	0.199935	0.401606	0.318980	0.079479	1,2,2,2,2,2	0.676773	0.088062	0.227612	0.191401	0.296252	0.136144	0.060529	0.190688	0.210042	0.004798	0.411262	0.165669	0.017541	0.190688	0.210042	0.004798	0.411262	0.165669	0.017541	0.190688	0.210042	0.004798	0.411262	0.165669	0.017541	0.190688	0.210042	0.004798	0.411262	0.165669	0.017541	0.190688	0.210042	0.004798	0.411262	0.165669	0.017541	1,1,1,1,1,1	0.717865	0.034483	0.034483	0.034483	0.034483	0.034483	0.034483	
583000	-68577.9	1,1,2,2,2,2	1.465160	5.243074	5.243074	6.145744	6.145744	6.145744	6.145744	1,1,2,1,1,2	2.048577	0.053136	0.316878	0.014861	0.615125	0.053136	0.316878	0.014861	0.615125	0.201636	0.405050	0.321777	0.071537	0.053136	0.316878	0.014861	0.615125	0.053136	0.316878	0.014861	0.615125	0.201636	0.405050	0.321777	0.071537	1,2,2,2,2,2	1.028029	0.182279	0.056285	0.161329	0.035701	0.123735	0.440671	0.173801	0.228243	0.004502	0.401727	0.169484	0.022245	0.173801	0.228243	0.004502	0.401727	0.169484	0.022245	0.173801	0.228243	0.004502	0.401727	0.169484	0.022245	0.173801	0.228243	0.004502	0.401727	0.169484	0.022245	0.173801	0.228243	0.004502	0.401727	0.169484	0.022245	1,1,1,1,1,1	0.837068	0.033523	0.033523	0.033523	0.033523	0.033523	0.033523	
584000	-68502.4	1,1,2,2,3,3	1.160218	5.273407	5.273407	6.290548	6.290548	5.953030	5.953030	1,1,2,1,1,2	1.202660	0.051383	0.312089	0.016846	0.619682	0.051383	0.312089	0.016846	0.619682	0.191272	0.414430	0.320896	0.073402	0.051383	0.312089	0.016846	0.619682	0.051383	0.312089	0.016846	0.619682	0.191272	0.414430	0.320896	0.073402	1,2,2,2,2,2	1.551961	0.081566	0.435753	0.131169	0.020995	0.047252	0.283265	0.190473	0.222053	0.002822	0.391345	0.176057	0.017249	0.190473	0.222053	0.002822	0.391345	0.176057	0.017249	0.190473	0.222053	0.002822	0.391345	0.176057	0.017249	0.190473	0.222053	0.002822	0.391345	0.176057	0.017249	0.190473	0.222053	0.002822	0.391345	0.176057	0.017249	1,1,1,1,1,1	0.760913	0.038156	0.038156	0.038156	0.038156	0.038156	0.038156	
585000	-68505	1,1,2,3,4,5	2.178729	5.439104	5.439104	6.632559	6.196913	5.962048	5.984501	1,1,2,1,1,2	0.826380	0.053267	0.307950	0.015532	0.623251	0.053267	0.307950	0.015532	0.623251	0.196672	0.413116	0.320112	0.070100	0.053267	0.307950	0.015532	0.623251	0.053267	0.307950	0.015532	0.623251	0.196672	0.413116	0.320112	0.070100	1,2,2,2,2,2	1.442574	0.038776	0.217300	0.219388	0.305392	0.058988	0.160157	0.170731	0.218027	0.007272	0.407751	0.171506	0.024713	0.170731	0.218027	0.007272	0.407751	0.171506	0.024713	0.170731	0.218027	0.007272	0.407751	0.171506	0.024713	0.170731	0.218027	0.007272	0.407751	0.171506	0.024713	0.170731	0.218027	0.007272	0.407751	0.171506	0.024713	1,1,1,1,1,1	0.612202	0.035628	0.035628	0.035628	0.035628	0.035628	0.035628	
586000	-68572.7	1,2,3,3,1,4	1.893220	5.670670	5.152398	6.432752	6.432752	5.670670	5.897535	1,1,2,1,1,2	0.400619	0.050783	0.314426	0.016171	0.618620	0.050783	0.314426	0.016171	0.618620	0.199818	0.397556	0.317687	0.084939	0.050783	0.314426	0.016171	0.618620	0.050783	0.314426	0.016171	0.618620	0.199818	0.397556	0.317687	0.084939	1,2,2,2,2,2	0.716109	0.001679	0.124166	0.107038	0.560164	0.062745	0.144209	0.193371	0.211731	0.002529	0.399115	0.170281	0.022973	0.193371	0.211731	0.002529	0.399115	0.170281	0.022973	0.193371	0.211731	0.002529	0.399115	0.170281	0.022973	0.193371	0.211731	0.002529	0.399115	0.170281	0.022973	0.193371	0.211731	0.002529	0.399115	0.170281	0.022973	1,1,1,1,1,1	0.354661	0.035119	0.035119	0.035119	0.035119	0.035119	0.035119	
587000	-68520.7	1,2,3,4,5,5	1.245506	5.508983	5.352591	6.272639	6.309472	5.941504	5.941504	1,1,2,1,1,2	0.690801	0.056521	0.307278	0.015969	0.620233	0.056521	0.307278	0.015969	0.620233	0.194492	0.404988	0.326630	0.073891	0.056521	0.307278	0.015969	0.620233	0.056521	0.307278	0.015969	0.620233	0.194492	0.404988	0.326630	0.073891	1,2,2,2,2,2	0.291519	0.076009	0.008507	0.375745	0.244456	0.094985	0.200298	0.192961	0.211830	0.006078	0.390709	0.172738	0.025685	0.192961	0.211830	0.006078	0.390709	0.172738	0.025685	0.192961	0.211830	0.006078	0.390709	0.172738	0.025685	0.192961	0.211830	0.006078	0.390709	0.172738	0.025685	0.192961	0.211830	0.006078	0.390709	0.172738	0.025685	1,1,1,1,1,1	1.099631	0.031590	0.031590	0.031590	0.031590	0.031590	0.031590	
588000	-68497.3	1,2,3,4,4,4	1.037222	6.146693	5.102485	6.393103	6.039807	6.039807	6.039807	1,1,2,1,1,2	0.691165	0.051224	0.305806	0.016532	0.626438	0.051224	0.305806	0.016532	0.626438	0.186252	0.409326	0.326183	0.078239	0.051224	0.305806	0.016532	0.626438	0.051224	0.305806	0.016532	0.626438	0.186252	0.409326	0.326183	0.078239	1,2,2,2,2,2	1.209426	0.006155	0.235360	0.170370	0.072107	0.059771	0.456237	0.189592	0.219170	0.004822	0.396383	0.168284	0.021749	0.189592	0.219170	0.004822	0.396383	0.168284	0.021749	0.189592	0.219170	0.004822	0.396383	0.168284	0.021749	0.189592	0.219170	0.004822	0.396383	0.168284	0.021749	0.189592	0.219170	0.004822	0.396383	0.168284	0.021749	1,1,1,1,1,1	1.602145	0.036083	0.036083	0.036083	0.036083	0.036083	0.036083	
589000	-68553	1,1,2,3,4,5	1.722238	5.298286	5.298286	6.268255	6.240339	6.174831	6.193785	1,1,2,1,1,2	1.811963	0.054766	0.304657	0.016656	0.623920	0.054766	0.304657	0.016656	0.623920	0.196379	0.401638	0.329061	0.072922	0.054766	0.304657	0.016656	0.623920	0.054766	0.304657	0.016656	0.623920	0.196379	0.401638	0.329061	0.072922	1,2,2,2,2,2	1.453366	0.023740	0.216398	0.215004	0.090593	0.148089	0.306175	0.179458	0.219728	0.006479	0.399223	0.172570	0.022542	0.179458	0.219728	0.006479	0.399223	0.172570	0.022542	0.179458	0.219728	0.006479	0.399223	0.172570	0.022542	0.179458	0.219728	0.006479	0.399223	0.172570	0.022542	0.179458	0.219728	0.006479	0.399223	0.172570	0.022542	1,1,1,1,1,1	0.212237	0.039205	0.039205	0.039205	0.039205	0.039205	0.039205	
590000	-68662.3	1,2,3,3,4,4	3.641721	4.910429	5.308025	6.323037	6.323037	5.956345	5.956345	1,1,2,1,1,2	1.207871	0.051164	0.306232	0.016054	0.626551	0.051164	0.306232	0.016054	0.626551	0.200237	0.412593	0.319576	0.067594	0.051164	0.306232	0.016054	0.626551	0.051164	0.306232	0.016054	0.626551	0.200237	0.412593	0.319576	0.067594	1,2,2,2,2,2	0.465465	0.114908	0.067700	0.263780	0.028119	0.244488	0.281004	0.179886	0.224872	0.006285	0.387862	0.172485	0.028610	0.179886	0.224872	0.006285	0.387862	0.172485	0.028610	0.179886	0.224872	0.006285	0.387862	0.172485	0.028610	0.179886	0.224872	0.006285	0.387862	0.172485	0.028610	0.179886	0.224872	0.006285	0.387862	0.172485	0.028610	1,1,1,1,1,1	0.681608	0.034549	0.034549	0.034549	0.034549	0.034549	0.034549	
591000	-68636.4	1,2,3,3,4,5	1.735743	5.610714	5.522243	6.462574	6.462574	5.652050	5.784025	1,1,2,1,1,2	0.390493	0.052246	0.312712	0.017222	0.617821	0.052246	0.312712	0.017222	0.617821	0.199120	0.405588	0.322394	0.072897	0.052246	0.312712	0.017222	0.617821	0.052246	0.312712	0.017222	0.617821	0.199120	0.405588	0.322394	0.072897	1,2,2,2,2,2	0.304374	0.139514	0.068071	0.293813	0.213665	0.180119	0.104818	0.181320	0.216568	0.007530	0.400334	0.175257	0.018990	0.181320	0.216568	0.007530	0.400334	0.175257	0.018990	0.181320	0.216568	0.007530	0.400334	0.175257	0.018990	0.181320	0.216568	0.007530	0.400334	0.175257	0.018990	0.181320	0.216568	0.007530	0.400334	0.175257	0.018990	1,1,1,1,1,1	1.536222	0.032403	0.032403	0.032403	0.032403	0.032403	0.032403	
592000	-68499.9	1,2,3,3,1,1	2.563373	5.934272	5.274951	6.147769	6.147769	5.934272	5.934272	1,1,2,1,1,2	3.250882	0.050402	0.301537	0.014962	0.633100	0.050402	0.301537	0.014962	0.633100	0.193256	0.412568	0.315054	0.079122	0.050402	0.301537	0.014962	0.633100	0.050402	0.301537	0.014962	0.633100	0.193256	0.412568	0.315054	0.079122	1,2,2,2,2,2	0.545287	0.022908	0.349726	0.057136	0.184467	0.028808	0.356954	0.180001	0.215828	0.005283	0.405859	0.166999	0.026030	0.180001	0.215828	0.005283	0.405859	0.166999	0.026030	0.180001	0.215828	0.005283	0.405859	0.166999	0.026030	0.180001	0.215828	0.005283	0.405859	0.166999	0.026030	0.180001	0.215828	0.005283	0.405859	0.166999	0.026030	1,1,1,1,1,1	0.359805	0.031993	0.031993	0.031993	0.031993	0.031993	0.031993	
593000	-68543.6	1,2,3,3,3,4	2.333101	6.689673	5.494355	6.223598	6.223598	6.223598	5.855094	1,1,2,1,1,2	1.119295	0.050671	0.309889	0.015069	0.624372	0.050671	0.309889	0.015069	0.624372	0.195227	0.411321	0.319221	0.074231	0.050671	0.309889	0.015069	0.624372	0.050671	0.309889	0.015069	0.624372	0.195227	0.411321	0.319221	0.074231	1,2,2,2,2,2	3.946040	0.017856	0.057419	0.338868	0.110222	0.054339	0.421297	0.184148	0.228979	0.002971	0.395849	0.167293	0.020760	0.184148	0.228979	0.002971	0.395849	0.167293	0.020760	0.184148	0.228979	0.002971	0.395849	0.167293	0.020760	0.184148	0.228979	0.002971	0.395849	0.167293	0.020760	0.184148	0.228979	0.002971	0.395849	0.167293	0.020760	1,1,1,1,1,1	2.164584	0.032014	0.032014	0.032014	0.032014	0.032014	0.032014	
594000	-68483.6	1,2,3,3,1,1	2.735096	5.892859	5.231457	6.263998	6.263998	5.892859	5.892859	1,1,2,1,1,2	0.578890	0.053439	0.310588	0.015864	0.620109	0.053439	0.310588	0.015864	0.620109	0.192756	0.408546	0.322353	0.076345	0.053439	0.310588	0.015864	0.620109	0.053439	0.310588	0.015864	0.620109	0.192756	0.408546	0.322353	0.076345	1,2,2,2,2,2	0.615365	0.017115	0.215447	0.179047	0.046821	0.063748	0.477823	0.180412	0.220462	0.010379	0.390718	0.177022	0.021007	0.180412	0.220462	0.010379	0.390718	0.177022	0.021007	0.180412	0.220462	0.010379	0.390718	0.177022	0.021007	0.180412	0.220462	0.010379	0.390718	0.177022	0.021007	0.180412	0.220462	0.010379	0.390718	0.177022	0.021007	1,1,1,1,1,1	0.852158	0.034435	0.034435	0.034435	0.034435	0.034435	0.034435	
595000	-68605.2	1,1,2,2,3,3	2.031494	5.688314	5.688314	6.421244	6.421244	6.000489	6.000489	1,1,2,1,1,2	2.274744	0.050040	0.310016	0.014414	0.625530	0.050040	0.310016	0.014414	0.625530	0.198588	0.408459	0.323240	0.069713	0.050040	0.310016	0.014414	0.625530	0.050040	0.310016	0.014414	0.625530	0.198588	0.408459	0.323240	0.069713	1,2,2,2,2,2	1.208429	0.168325	0.314416	0.107233	0.234845	0.035147	0.140034	0.184950	0.212182	0.008852	0.396162	0.174179	0.023675	0.184950	0.212182	0.008852	0.396162	0.174179	0.023675	0.184950	0.212182	0.008852	0.396162	0.174179	0.023675	0.184950	0.212182	0.008852	0.396162	0.174179	0.023675	0.184950	0.212182	0.008852	0.396162	0.174179	0.023675	1,1,1,1,1,1	0.691876	0.034166	0.034166	0.034166	0.034166	0.034166	0.034166	
596000	-68702.8	1,2,3,3,3,4	3.662177	4.779201	5.303260	6.211746	6.211746	6.211746	5.835717	1,1,2,1,1,2	0.781771	0.054722	0.305115	0.016695	0.623468	0.054722	0.305115	0.016695	0.623468	0.193833	0.403180	0.322952	0.080035	0.054722	0.305115	0.016695	0.623468	0.054722	0.305115	0.016695	0.623468	0.193833	0.403180	0.322952	0.080035	1,2,2,2,2,2	0.479166	0.008696	0.205853	0.242554	0.154692	0.218535	0.169670	0.197109	0.213545	0.003269	0.394632	0.168811	0.022635	0.197109	0.213545	0.003269	0.394632	0.168811	0.022635	0.197109	0.213545	0.003269	0.394632	0.168811	0.022635	0.197109	0.213545	0.003269	0.394632	0.168811	0.022635	0.197109	0.213545	0.003269	0.394632	0.168811	0.022635	1,1,1,1,1,1	1.202372	0.033825	0.033825	0.033825	0.033825	0.033825	0.033825	
597000	-68499.1	1,1,2,3,4,4	2.154707	5.258744	5.258744	6.258025	6.481760	5.889473	5.889473	1,1,2,1,1,2	1.524998	0.051848	0.307422	0.013949	0.626780	0.051848	0.307422	0.013949	0.626780	0.194662	0.408007	0.325145	0.072186	0.051848	0.307422	0.013949	0.626780	0.051848	0.307422	0.013949	0.626780	0.194662	0.408007	0.325145	0.072186	1,2,2,2,2,2	0.919790	0.079102	0.234952	0.242661	0.200666	0.074999	0.167621	0.196138	0.211327	0.001600	0.393355	0.179829	0.017751	0.196138	0.211327	0.001600	0.393355	0.179829	0.017751	0.196138	0.211327	0.001600	0.393355	0.179829	0.017751	0.196138	0.211327	0.001600	0.393355	0.179829	0.017751	0.196138	0.211327	0.001600	0.393355	0.179829	0.017751	1,1,1,1,1,1	0.581881	0.038019	0.038019	0.038019	0.038019	0.038019	0.038019	
598000	-68711.3	1,1,2,2,1,3	2.194914	5.751416	5.751416	6.473800	6.473800	5.751416	5.981293	1,1,2,1,1,2	1.055453	0.054233	0.311186	0.015278	0.619304	0.054233	0.311186	0.015278	0.619304	0.202629	0.401188	0.325116	0.071067	0.054233	0.311186	0.015278	0.619304	0.054233	0.311186	0.015278	0.619304	0.202629	0.401188	0.325116	0.071067	1,2,2,2,2,2	0.942120	0.044502	0.108712	0.522192	0.207329	0.076734	0.040532	0.189528	0.219499	0.001280	0.395763	0.175638	0.018292	0.189528	0.219499	0.001280	0.395763	0.175638	0.018292	0.189528	0.219499	0.001280	0.395763	0.175638	0.018292	0.189528	0.219499	0.001280	0.395763	0.175638	0.018292	0.189528	0.219499	0.001280	0.395763	0.175638	0.018292	1,1,1,1,1,1	0.529442	0.033087	0.033087	0.033087	0.033087	0.033087	0.033087	
599000	-68699.3	1,1,2,3,4,4	2.677458	5.492072	5.492072	6.429342	6.197803	5.898511	5.898511	1,1,2,1,1,2	1.467289	0.048367	0.310865	0.015205	0.625564	0.048367	0.310865	0.015205	0.625564	0.194837	0.397405	0.330238	0.077521	0.048367	0.310865	0.015205	0.625564	0.048367	0.310865	0.015205	0.625564	0.194837	0.397405	0.330238	0.077521	1,2,2,2,2,2	0.568701	0.056370	0.012956	0.062696	0.681628	0.080848	0.105502	0.201926	0.203132	0.003196	0.399555	0.174661	0.017530	0.201926	0.203132	0.003196	0.399555	0.174661	0.017530	0.201926	0.203132	0.003196	0.399555	0.174661	0.017530	0.201926	0.203132	0.003196	0.399555	0.174661	0.017530	0.201926	0.203132	0.003196	0.399555	0.174661	0.017530	1,1,1,1,1,1	0.676188	0.035390	0.035390	0.035390	0.035390	0.035390	0.035390	
600000	-68542.7	1,1,2,3,4,4	2.990375	5.446978	5.446978	6.534218	6.225293	5.940246	5.940246	1,1,2,1,1,2	1.917498	0.052139	0.306171	0.014529	0.627162	0.052139	0.306171	0.014529	0.627162	0.198469	0.410750	0.322169	0.068613	0.052139	0.306171	0.014529	0.627162	0.052139	0.306171	0.014529	0.627162	0.198469	0.410750	0.322169	0.068613	1,2,2,2,2,2	1.385791	0.199803	0.091403	0.282073	0.001580	0.092405	0.332737	0.191258	0.218473	0.003714	0.389682	0.173103	0.023770	0.191258	0.218473	0.003714	0.389682	0.173103	0.023770	0.191258	0.218473	0.003714	0.389682	0.173103	0.023770	0.191258	0.218473	0.003714	0.389682	0.173103	0.023770	0.191258	0.218473	0.003714	0.389682	0.173103	0.023770	1,1,1,1,1,1	1.437329	0.033272	0.033272	0.033272	0.033272	0.033272	0.033272	
601000	-68560.6	1,2,3,4,3,4	3.314614	5.686785	5.457708	6.234478	6.115241	6.234478	6.115241	1,1,2,1,1,2	0.929362	0.048565	0.308526	0.015975	0.626934	0.048565	0.308526	0.015975	0.626934	0.182663	0.415989	0.324851	0.076497	0.048565	0.308526	0.015975	0.626934	0.048565	0.308526	0.015975	0.626934	0.182663	0.415989	0.324851	0.076497	1,2,2,2,2,2	3.065554	0.028490	0.066598	0.244287	0.007223	0.153514	0.499888	0.195155	0.222924	0.003413	0.393045	0.165244	0.020219	0.195155	0.222924	0.003413	0.393045	0.165244	0.020219	0.195155	0.222924	0.003413	0.393045	0.165244	0.020219	0.195155	0.222924	0.003413	0.393045	0.165244	0.020219	0.195155	0.222924	0.003413	0.393045	0.165244	0.020219	1,1,1,1,1,1	0.481316	0.030235	0.030235	0.030235	0.030235	0.030235	0.030235	
602000	-68592.7	1,2,3,3,4,5	1.502338	6.727480	5.412392	6.354287	6.354287	6.031909	5.987060	1,1,2,1,1,2	2.339391	0.049876	0.315742	0.015827	0.618555	0.049876	0.315742	0.015827	0.618555	0.198286	0.403394	0.326732	0.071587	0.049876	0.315742	0.015827	0.618555	0.049876	0.315742	0.015827	0.618555	0.198286	0.403394	0.326732	0.071587	1,2,2,2,2,2	2.186267	0.089190	0.003251	0.144044	0.461858	0.018419	0.283239	0.194402	0.199957	0.006812	0.394591	0.176837	0.027400	0.194402	0.199957	0.006812	0.394591	0.176837	0.027400	0.194402	0.199957	0.006812	0.394591	0.176837	0.027400	0.194402	0.199957	0.006812	0.394591	0.176837	0.027400	0.194402	0.199957	0.006812	0.394591	0.176837	0.027400	1,1,1,1,1,1	1.120149	0.037179	0.037179	0.037179	0.037179	0.037179	0.037179	
603000	-68628.9	1,2,3,3,4,1	2.456190	5.982991	5.354527	6.415127	6.415127	6.211818	5.982991	1,1,2,1,1,2	1.216937	0.052355	0.312019	0.014446	0.621180	0.052355	0.312019	0.014446	0.621180	0.198749	0.407529	0.318510	0.075212	0.052355	0.312019	0.014446	0.621180	0.052355	0.312019	0.014446	0.621180	0.198749	0.407529	0.318510	0.075212	1,2,2,2,2,2	0.669738	0.013776	0.112211	0.322803	0.452059	0.072574	0.026577	0.183177	0.234090	0.002712	0.391477	0.168071	0.020473	0.183177	0.234090	0.002712	0.391477	0.168071	0.020473	0.183177	0.234090	0.002712	0.391477	0.168071	0.020473	0.183177	0.234090	0.002712	0.391477	0.168071	0.020473	0.183177	0.234090	0.002712	0.391477	0.168071	0.020473	1,1,1,1,1,1	0.589750	0.029671	0.029671	0.029671	0.029671	0.029671	0.029671	
604000	-68525.5	1,1,2,3,4,4	2.714023	5.229065	5.229065	6.384814	6.458011	6.010847	6.010847	1,1,2,1,1,2	0.418383	0.050489	0.310290	0.015973	0.623247	0.050489	0.310290	0.015973	0.623247	0.189832	0.408645	0.326474	0.075049	0.050489	0.310290	0.015973	0.623247	0.050489	0.310290	0.015973	0.623247	0.189832	0.408645	0.326474	0.075049	1,2,2,2,2,2	0.777190	0.081081	0.042461	0.327595	0.143567	0.159040	0.246255	0.180963	0.228983	0.005312	0.405426	0.161674	0.017643	0.180963	0.228983	0.005312	0.405426	0.161674	0.017643	0.180963	0.228983	0.005312	0.405426	0.161674	0.017643	0.180963	0.228983	0.005312	0.405426	0.161674	0.017643	0.180963	0.228983	0.005312	0.405426	0.161674	0.017643	1,1,1,1,1,1	1.306467	0.034784	0.034784	0.034784	0.034784	0.034784	0.034784	
605000	-68535.4	1,2,1,1,3,3	1.549422	6.393936	5.512264	6.393936	6.393936	5.949825	5.949825	1,1,2,1,1,2	2.091497	0.051894	0.311922	0.015624	0.620561	0.051894	0.311922	0.015624	0.620561	0.197783	0.400367	0.328945	0.072905	0.051894	0.311922	0.015624	0.620561	0.051894	0.311922	0.015624	0.620561	0.197783	0.400367	0.328945	0.072905	1,2,2,2,2,2	1.175969	0.089983	0.045265	0.145904	0.053568	0.094890	0.570390	0.190793	0.206908	0.003379	0.394777	0.172650	0.031493	0.190793	0.206908	0.003379	0.394777	0.172650	0.031493	0.190793	0.206908	0.003379	0.394777	0.172650	0.031493	0.190793	0.206908	0.003379	0.394777	0.172650	0.031493	0.190793	0.206908	0.003379	0.394777	0.172650	0.031493	1,1,1,1,1,1	1.520394	0.036898	0.036898	0.036898	0.036898	0.036898	0.036898	
606000	-68569.9	1,1,2,2,3,3	1.032555	5.256168	5.256168	6.167106	6.167106	5.847308	5.847308	1,1,2,1,1,2	2.597158	0.053657	0.310452	0.015309	0.620581	0.053657	0.310452	0.015309	0.620581	0.202978	0.402929	0.326243	0.067850	0.053657	0.310452	0.015309	0.620581	0.053657	0.310452	0.015309	0.620581	0.202978	0.402929	0.326243	0.067850	1,2,2,2,2,2	0.605099	0.022751	0.162785	0.432250	0.113032	0.134595	0.134587	0.189159	0.206252	0.004303	0.399466	0.172048	0.028772	0.189159	0.206252	0.004303	0.399466	0.172048	0.028772	0.189159	0.206252	0.004303	0.399466	0.172048	0.028772	0.189159	0.206252	0.004303	0.399466	0.172048	0.028772	0.189159	0.206252	0.004303	0.399466	0.172048	0.028772	1,1,1,1,1,1	0.140729	0.033740	0.033740	0.033740	0.033740	0.033740	0.033740	
607000	-68493.3	1,2,3,4,5,6	4.047680	5.142335	5.515759	6.239025	6.317407	5.936041	6.151061	1,1,2,1,1,2	1.210466	0.050405	0.311830	0.015388	0.622377	0.050405	0.311830	0.015388	0.622377	0.197242	0.406428	0.318698	0.077632	0.050405	0.311830	0.015388	0.622377	0.050405	0.311830	0.015388	0.622377	0.197242	0.406428	0.318698	0.077632	1,2,2,2,2,2	0.640719	0.056959	0.047061	0.227960	0.183960	0.116872	0.367188	0.186804	0.219074	0.006538	0.404417	0.162516	0.020650	0.186804	0.219074	0.006538	0.404417	0.162516	0.020650	0.186804	0.219074	0.006538	0.404417	0.162516	0.020650	0.186804	0.219074	0.006538	0.404417	0.162516	0.020650	0.186804	0.219074	0.006538	0.404417	0.162516	0.020650	1,1,1,1,1,1	0.929492	0.037693	0.037693	0.037693	0.037693	0.037693	0.037693	
608000	-68517.4	1,2,3,3,4,4	1.559467	5.193771	5.338770	6.342157	6.342157	6.059834	6.059834	1,1,2,1,1,2	1.706541	0.051590	0.307318	0.015843	0.625249	0.051590	0.307318	0.015843	0.625249	0.199142	0.419575	0.311278	0.070005	0.051590	0.307318	0.015843	0.625249	0.051590	0.307318	0.015843	0.625249	0.199142	0.419575	0.311278	0.070005	1,2,2,2,2,2	1.681386	0.021393	0.039750	0.236915	0.230867	0.134370	0.336705	0.187152	0.224625	0.003514	0.402809	0.162888	0.019012	0.187152	0.224625	0.003514	0.402809	0.162888	0.019012	0.187152	0.224625	0.003514	0.402809	0.162888	0.019012	0.187152	0.224625	0.003514	0.402809	0.162888	0.019012	0.187152	0.224625	0.003514	0.402809	0.162888	0.019012	1,1,2,1,1,1	1.028909	0.034291	0.034291	0.034996	0.034291	0.034291	0.034291	
609000	-68574.1	1,1,2,2,3,3	2.041954	5.372655	5.372655	6.289679	6.289679	5.959689	5.959689	1,1,2,1,1,2	2.291196	0.047366	0.311765	0.015867	0.625002	0.047366	0.311765	0.015867	0.625002	0.204366	0.404549	0.310808	0.080278	0.047366	0.311765	0.015867	0.625002	0.047366	0.311765	0.015867	0.625002	0.204366	0.404549	0.310808	0.080278	1,2,2,2,2,2	1.298549	0.148227	0.219951	0.229049	0.231725	0.045236	0.125812	0.193352	0.223317	0.001984	0.399080	0.159631	0.022637	0.193352	0.223317	0.001984	0.399080	0.159631	0.022637	0.193352	0.223317	0.001984	0.399080	0.159631	0.022637	0.193352	0.223317	0.001984	0.399080	0.159631	0.022637	0.193352	0.223317	0.001984	0.399080	0.159631	0.022637	1,1,1,1,1,1	0.939676	0.031718	0.031718	0.031718	0.031718	0.031718	0.031718	
610000	-68559.3	1,1,2,3,3,3	0.509351	5.111489	5.111489	6.613093	5.996467	5.996467	5.996467	1,1,2,1,1,2	2.146128	0.060407	0.309678	0.014801	0.615114	0.060407	0.309678	0.014801	0.615114	0.189626	0.410887	0.330751	0.068736	0.060407	0.309678	0.014801	0.615114	0.060407	0.309678	0.014801	0.615114	0.189626	0.410887	0.330751	0.068736	1,2,2,2,2,2	1.013897	0.161349	0.136208	0.130145	0.116324	0.096506	0.359468	0.178471	0.218440	0.003853	0.394217	0.175246	0.029773	0.178471	0.218440	0.003853	0.394217	0.175246	0.029773	0.178471	0.218440	0.003853	0.394217	0.175246	0.029773	0.178471	0.218440	0.003853	0.394217	0.175246	0.029773	0.178471	0.218440	0.003853	0.394217	0.175246	0.029773	1,1,1,1,1,1	0.947112	0.034207	0.034207	0.034207	0.034207	0.034207	0.034207	
611000	-68555.8	1,1,2,3,3,4	2.278256	5.297141	5.297141	6.198817	5.925857	5.925857	6.226190	1,1,2,1,1,2	0.930904	0.050622	0.306939	0.016743	0.625696	0.050622	0.306939	0.016743	0.625696	0.196312	0.405089	0.327173	0.071427	0.050622	0.306939	0.016743	0.625696	0.050622	0.306939	0.016743	0.625696	0.196312	0.405089	0.327173	0.071427	1,2,2,2,2,2	1.184118	0.011448	0.152898	0.068426	0.596659	0.022847	0.147723	0.182224	0.217164	0.003486	0.401232	0.169219	0.026677	0.182224	0.217164	0.003486	0.401232	0.169219	0.026677	0.182224	0.217164	0.003486	0.401232	0.169219	0.026677	0.182224	0.217164	0.003486	0.401232	0.169219	0.026677	0.182224	0.217164	0.003486	0.401232	0.169219	0.026677	1,1,1,1,1,1	0.999958	0.035847	0.035847	0.035847	0.035847	0.035847	0.035847	
612000	-68545.3	1,1,2,2,3,4	2.982746	5.407393	5.407393	6.390426	6.390426	5.784726	6.047056	1,1,2,1,1,2	0.627082	0.051743	0.305592	0.015137	0.627528	0.051743	0.305592	0.015137	0.627528	0.195741	0.407211	0.319363	0.077685	0.051743	0.305592	0.015137	0.627528	0.051743	0.305592	0.015137	0.627528	0.195741	0.407211	0.319363	0.077685	1,2,2,2,2,2	0.690068	0.187912	0.108289	0.202696	0.291746	0.055360	0.153997	0.174775	0.232760	0.001914	0.403081	0.167296	0.020174	0.174775	0.232760	0.001914	0.403081	0.167296	0.020174	0.174775	0.232760	0.001914	0.403081	0.167296	0.020174	0.174775	0.232760	0.001914	0.403081	0.167296	0.020174	0.174775	0.232760	0.001914	0.403081	0.167296	0.020174	1,2,2,2,2,2	0.758177	0.036272	0.034556	0.034556	0.034556	0.034556	0.034556	
613000	-68494	1,2,3,4,2,2	1.974250	4.807501	5.656792	6.154734	6.620623	5.656792	5.656792	1,1,2,1,1,2	0.990147	0.053690	0.310905	0.015412	0.619993	0.053690	0.310905	0.015412	0.619993	0.197464	0.407849	0.318096	0.076592	0.053690	0.310905	0.015412	0.619993	0.053690	0.310905	0.015412	0.619993	0.197464	0.407849	0.318096	0.076592	1,2,2,2,2,2	1.477858	0.097577	0.279842	0.157201	0.148045	0.088108	0.229227	0.188269	0.221574	0.002069	0.392531	0.175438	0.020118	0.188269	0.221574	0.002069	0.392531	0.175438	0.020118	0.188269	0.221574	0.002069	0.392531	0.175438	0.020118	0.188269	0.221574	0.002069	0.392531	0.175438	0.020118	0.188269	0.221574	0.002069	0.392531	0.175438	0.020118	1,1,1,1,1,1	0.820480	0.035963	0.035963	0.035963	0.035963	0.035963	0.035963	
614000	-68474.8	1,2,3,4,5,1	2.879861	5.954963	5.449696	6.442418	6.178721	6.047720	5.954963	1,1,2,1,1,2	0.996658	0.051130	0.313687	0.016774	0.618409	0.051130	0.313687	0.016774	0.618409	0.200922	0.405037	0.317326	0.076716	0.051130	0.313687	0.016774	0.618409	0.051130	0.313687	0.016774	0.618409	0.200922	0.405037	0.317326	0.076716	1,2,2,2,2,2	2.939191	0.011509	0.000979	0.187698	0.279993	0.070651	0.449170	0.187315	0.222780	0.006045	0.392506	0.167683	0.023671	0.187315	0.222780	0.006045	0.392506	0.167683	0.023671	0.187315	0.222780	0.006045	0.392506	0.167683	0.023671	0.187315	0.222780	0.006045	0.392506	0.167683	0.023671	0.187315	0.222780	0.006045	0.392506	0.167683	0.023671	1,1,1,1,1,1	1.265322	0.038192	0.038192	0.038192	0.038192	0.038192	0.038192	
615000	-68480.4	1,2,3,3,1,1	1.325783	5.947665	5.034462	6.201966	6.201966	5.947665	5.947665	1,1,2,1,1,2	1.299385	0.053106	0.311400	0.015839	0.619655	0.053106	0.311400	0.015839	0.619655	0.189420	0.412896	0.324444	0.073240	0.053106	0.311400	0.015839	0.619655	0.053106	0.311400	0.015839	0.619655	0.189420	0.412896	0.324444	0.073240	1,2,2,2,2,2	0.920268	0.068712	0.166857	0.107746	0.115188	0.049036	0.492460	0.194801	0.216117	0.004466	0.386010	0.174790	0.023816	0.194801	0.216117	0.004466	0.386010	0.174790	0.023816	0.194801	0.216117	0.004466	0.386010	0.174790	0.023816	0.194801	0.216117	0.004466	0.386010	0.174790	0.023816	0.194801	0.216117	0.004466	0.386010	0.174790	0.023816	1,1,1,1,1,1	0.290819	0.034384	0.034384	0.034384	0.034384	0.034384	0.034384	
616000	-68633.4	1,2,3,1,4,4	0.611881	6.130092	5.319739	6.073198	6.130092	5.714199	5.714199	1,1,2,1,1,2	2.386913	0.052187	0.308095	0.017482	0.622236	0.052187	0.308095	0.017482	0.622236	0.201236	0.398505	0.324241	0.076018	0.052187	0.308095	0.017482	0.622236	0.052187	0.308095	0.017482	0.622236	0.201236	0.398505	0.324241	0.076018	1,2,2,2,2,2	0.731777	0.038359	0.403520	0.350021	0.121166	0.054097	0.032837	0.186107	0.213550	0.004867	0.393258	0.178392	0.023827	0.186107	0.213550	0.004867	0.393258	0.178392	0.023827	0.186107	0.213550	0.004867	0.393258	0.178392	0.023827	0.186107	0.213550	0.004867	0.393258	0.178392	0.023827	0.186107	0.213550	0.004867	0.393258	0.178392	0.023827	1,1,1,1,1,1	2.732276	0.035716	0.035716	0.035716	0.035716	0.035716	0.035716	
617000	-68609.7	1,2,3,4,4,4	1.546471	5.047275	5.611563	6.339609	6.151947	6.151947	6.151947	1,1,2,1,1,2	1.032687	0.050581	0.312538	0.015272	0.621609	0.050581	0.312538	0.015272	0.621609	0.198910	0.401895	0.324384	0.074811	0.050581	0.312538	0.015272	0.621609	0.050581	0.312538	0.015272	0.621609	0.198910	0.401895	0.324384	0.074811	1,2,2,2,2,2	0.564343	0.061094	0.303359	0.176983	0.014885	0.150850	0.292828	0.194785	0.212566	0.004724	0.400900	0.169537	0.017489	0.194785	0.212566	0.004724	0.400900	0.169537	0.017489	0.194785	0.212566	0.004724	0.400900	0.169537	0.017489	0.194785	0.212566	0.004724	0.400900	0.169537	0.017489	0.194785	0.212566	0.004724	0.400900	0.169537	0.017489	1,1,1,1,1,1	2.102724	0.037234	0.037234	0.037234	0.037234	0.037234	0.037234	
618000	-68606.8	1,2,3,4,5,5	2.522317	5.226170	5.249548	6.436095	6.245144	6.046698	6.046698	1,1,2,1,1,2	1.177491	0.050069	0.310389	0.017475	0.622067	0.050069	0.310389	0.017475	0.622067	0.193300	0.406786	0.329078	0.070836	0.050069	0.310389	0.017475	0.622067	0.050069	0.310389	0.017475	0.622067	0.193300	0.406786	0.329078	0.070836	1,2,2,2,2,2	0.826838	0.093183	0.243855	0.101401	0.084364	0.112869	0.364329	0.186336	0.221315	0.005262	0.394386	0.172111	0.020590	0.186336	0.221315	0.005262	0.394386	0.172111	0.020590	0.186336	0.221315	0.005262	0.394386	0.172111	0.020590	0.186336	0.221315	0.005262	0.394386	0.172111	0.020590	0.186336	0.221315	0.005262	0.394386	0.172111	0.020590	1,1,1,1,1,1	1.069363	0.038631	0.038631	0.038631	0.038631	0.038631	0.038631	
619000	-68518.8	1,2,3,1,4,4	1.119405	6.514335	5.444819	6.449479	6.514335	5.814501	5.814501	1,1,2,1,1,2	0.794958	0.054528	0.298072	0.014440	0.632961	0.054528	0.298072	0.014440	0.632961	0.202632	0.397176	0.322419	0.077773	0.054528	0.298072	0.014440	0.632961	0.054528	0.298072	0.014440	0.632961	0.202632	0.397176	0.322419	0.077773	1,2,2,2,2,2	2.601377	0.032204	0.236984	0.181825	0.258276	0.036852	0.253859	0.192328	0.204991	0.003679	0.407447	0.171946	0.019609	0.192328	0.204991	0.003679	0.407447	0.171946	0.019609	0.192328	0.204991	0.003679	0.407447	0.171946	0.019609	0.192328	0.204991	0.003679	0.407447	0.171946	0.019609	0.192328	0.204991	0.003679	0.407447	0.171946	0.019609	1,1,1,1,1,1	0.213501	0.032171	0.032171	0.032171	0.032171	0.032171	0.032171	
620000	-68704.9	1,2,1,1,1,1	0.716192	6.127589	5.393236	6.127589	6.127589	6.127589	6.127589	1,1,2,1,1,2	0.464293	0.050791	0.311536	0.017336	0.620337	0.050791	0.311536	0.017336	0.620337	0.207913	0.403112	0.311928	0.077047	0.050791	0.311536	0.017336	0.620337	0.050791	0.311536	0.017336	0.620337	0.207913	0.403112	0.311928	0.077047	1,2,2,2,2,2	1.227179	0.187167	0.086762	0.260925	0.391277	0.047616	0.026253	0.181067	0.207771	0.004465	0.412308	0.162885	0.031505	0.181067	0.207771	0.004465	0.412308	0.162885	0.031505	0.181067	0.207771	0.004465	0.412308	0.162885	0.031505	0.181067	0.207771	0.004465	0.412308	0.162885	0.031505	0.181067	0.207771	0.004465	0.412308	0.162885	0.031505	1,1,1,1,1,1	0.960479	0.033808	0.033808	0.033808	0.033808	0.033808	0.033808	
621000	-68718.5	1,1,2,2,3,3	0.844479	5.304690	5.304690	6.440690	6.440690	5.743542	5.743542	1,1,2,1,1,2	2.184623	0.053534	0.314027	0.013538	0.618902	0.053534	0.314027	0.013538	0.618902	0.197867	0.408311	0.320263	0.073559	0.053534	0.314027	0.013538	0.618902	0.053534	0.314027	0.013538	0.618902	0.197867	0.408311	0.320263	0.073559	1,2,2,2,2,2	2.648697	0.243698	0.109735	0.162149	0.322488	0.127502	0.034427	0.194131	0.205734	0.001552	0.402942	0.170107	0.025534	0.194131	0.205734	0.001552	0.402942	0.170107	0.025534	0.194131	0.205734	0.001552	0.402942	0.170107	0.025534	0.194131	0.205734	0.001552	0.402942	0.170107	0.025534	0.194131	0.205734	0.001552	0.402942	0.170107	0.025534	1,1,1,1,1,1	0.419110	0.034319	0.034319	0.034319	0.034319	0.034319	0.034319	
622000	-68479.6	1,2,3,4,4,5	3.596391	5.541437	5.404831	6.246079	6.152486	6.152486	5.840441	1,1,2,1,1,2	0.525445	0.049683	0.314849	0.015724	0.619744	0.049683	0.314849	0.015724	0.619744	0.196498	0.400870	0.323600	0.079031	0.049683	0.314849	0.015724	0.619744	0.049683	0.314849	0.015724	0.619744	0.196498	0.400870	0.323600	0.079031	1,2,2,2,2,2	1.225181	0.070903	0.264501	0.216952	0.135488	0.072638	0.239518	0.198855	0.221932	0.004287	0.377156	0.174394	0.023377	0.198855	0.221932	0.004287	0.377156	0.174394	0.023377	0.198855	0.221932	0.004287	0.377156	0.174394	0.023377	0.198855	0.221932	0.004287	0.377156	0.174394	0.023377	0.198855	0.221932	0.004287	0.377156	0.174394	0.023377	1,1,1,1,1,1	1.002428	0.033228	0.033228	0.033228	0.033228	0.033228	0.033228	
623000	-68512	1,2,3,4,5,4	2.475056	5.442405	5.131507	6.024070	5.912127	5.721873	5.912127	1,1,2,1,1,2	1.895794	0.051298	0.302150	0.015700	0.630852	0.051298	0.302150	0.015700	0.630852	0.197399	0.405614	0.322085	0.074902	0.051298	0.302150	0.015700	0.630852	0.051298	0.302150	0.015700	0.630852	0.197399	0.405614	0.322085	0.074902	1,2,2,2,2,2	0.428880	0.127662	0.106348	0.206445	0.007222	0.071638	0.480685	0.189464	0.208929	0.006243	0.393183	0.170274	0.031906	0.189464	0.208929	0.006243	0.393183	0.170274	0.031906	0.189464	0.208929	0.006243	0.393183	0.170274	0.031906	0.189464	0.208929	0.006243	0.393183	0.170274	0.031906	0.189464	0.208929	0.006243	0.393183	0.170274	0.031906	1,1,1,1,1,1	0.745923	0.030643	0.030643	0.030643	0.030643	0.030643	0.030643	
624000	-68514.6	1,1,2,2,3,3	0.622583	5.538517	5.538517	6.166947	6.166947	5.937983	5.937983	1,1,2,1,1,2	2.206567	0.055377	0.303083	0.016272	0.625268	0.055377	0.303083	0.016272	0.625268	0.199158	0.406982	0.320468	0.073392	0.055377	0.303083	0.016272	0.625268	0.055377	0.303083	0.016272	0.625268	0.199158	0.406982	0.320468	0.073392	1,2,2,2,2,2	1.186048	0.156601	0.118513	0.266646	0.190542	0.082974	0.184724	0.186923	0.216686	0.001790	0.392168	0.179878	0.022556	0.186923	0.216686	0.001790	0.392168	0.179878	0.022556	0.186923	0.216686	0.001790	0.392168	0.179878	0.022556	0.186923	0.216686	0.001790	0.392168	0.179878	0.022556	0.186923	0.216686	0.001790	0.392168	0.179878	0.022556	1,1,1,1,2,2	1.373847	0.037242	0.037242	0.037242	0.037242	0.000322	0.000322	
625000	-68658.8	1,2,3,4,5,5	3.804283	4.814416	5.122346	6.373987	5.965437	5.848791	5.848791	1,1,2,1,1,2	0.877020	0.052597	0.305901	0.014400	0.627101	0.052597	0.305901	0.014400	0.627101	0.199003	0.408240	0.319653	0.073104	0.052597	0.305901	0.014400	0.627101	0.052597	0.305901	0.014400	0.627101	0.199003	0.408240	0.319653	0.073104	1,2,2,2,2,2	0.558028	0.207665	0.039766	0.069618	0.412939	0.073818	0.196193	0.185624	0.215779	0.005448	0.394252	0.178818	0.020079	0.185624	0.215779	0.005448	0.394252	0.178818	0.020079	0.185624	0.215779	0.005448	0.394252	0.178818	0.020079	0.185624	0.215779	0.005448	0.394252	0.178818	0.020079	0.185624	0.215779	0.005448	0.394252	0.178818	0.020079	1,1,1,1,1,1	1.379197	0.036780	0.036780	0.036780	0.036780	0.036780	0.036780	
626000	-68626.5	1,2,3,1,2,2	4.138144	6.193841	5.819420	6.381995	6.193841	5.819420	5.819420	1,1,2,1,1,2	1.540998	0.054176	0.304330	0.018478	0.623016	0.054176	0.304330	0.018478	0.623016	0.196485	0.405666	0.327728	0.070120	0.054176	0.304330	0.018478	0.623016	0.054176	0.304330	0.018478	0.623016	0.196485	0.405666	0.327728	0.070120	1,2,2,2,2,2	1.056698	0.020996	0.252143	0.482070	0.006157	0.101803	0.136832	0.192621	0.206797	0.004213	0.392352	0.176917	0.027100	0.192621	0.206797	0.004213	0.392352	0.176917	0.027100	0.192621	0.206797	0.004213	0.392352	0.176917	0.027100	0.192621	0.206797	0.004213	0.392352	0.176917	0.027100	0.192621	0.206797	0.004213	0.392352	0.176917	0.027100	1,1,1,1,1,1	0.983876	0.038176	0.038176	0.038176	0.038176	0.038176	0.038176	
627000	-68531.7	1,1,2,2,2,3	1.408272	5.235441	5.235441	6.036702	6.036702	6.036702	5.927329	1,1,2,1,1,2	0.662674	0.047162	0.306944	0.016062	0.629832	0.047162	0.306944	0.016062	0.629832	0.196201	0.404989	0.318563	0.080247	0.047162	0.306944	0.016062	0.629832	0.047162	0.306944	0.016062	0.629832	0.196201	0.404989	0.318563	0.080247	1,2,2,2,2,2	2.379270	0.009412	0.020114	0.392685	0.031369	0.148089	0.398331	0.181402	0.225429	0.008026	0.401867	0.169754	0.013521	0.181402	0.225429	0.008026	0.401867	0.169754	0.013521	0.181402	0.225429	0.008026	0.401867	0.169754	0.013521	0.181402	0.225429	0.008026	0.401867	0.169754	0.013521	0.181402	0.225429	0.008026	0.401867	0.169754	0.013521	1,1,1,1,1,1	0.821840	0.031705	0.031705	0.031705	0.031705	0.031705	0.031705	
628000	-68539	1,1,2,2,3,3	1.930941	5.512941	5.512941	6.187493	6.187493	5.964100	5.964100	1,1,2,1,1,2	0.377331	0.048640	0.314052	0.014851	0.622456	0.048640	0.314052	0.014851	0.622456	0.205308	0.402163	0.320659	0.071871	0.048640	0.314052	0.014851	0.622456	0.048640	0.314052	0.014851	0.622456	0.205308	0.402163	0.320659	0.071871	1,2,2,2,2,2	0.991863	0.147381	0.144472	0.199129	0.292955	0.049083	0.166979	0.191191	0.208167	0.005322	0.396380	0.166497	0.032443	0.191191	0.208167	0.005322	0.396380	0.166497	0.032443	0.191191	0.208167	0.005322	0.396380	0.166497	0.032443	0.191191	0.208167	0.005322	0.396380	0.166497	0.032443	0.191191	0.208167	0.005322	0.396380	0.166497	0.032443	1,1,1,1,1,1	0.483666	0.033891	0.033891	0.033891	0.033891	0.033891	0.033891	
629000	-68554.1	1,2,1,1,1,1	0.815894	6.089046	5.163252	6.089046	6.089046	6.089046	6.089046	1,1,2,1,1,2	0.851907	0.053374	0.310567	0.014618	0.621441	0.053374	0.310567	0.014618	0.621441	0.188218	0.411411	0.325793	0.074578	0.053374	0.310567	0.014618	0.621441	0.053374	0.310567	0.014618	0.621441	0.188218	0.411411	0.325793	0.074578	1,2,2,2,2,2	0.921927	0.077851	0.043066	0.342164	0.324351	0.086085	0.126483	0.185154	0.217139	0.007123	0.394178	0.169868	0.026537	0.185154	0.217139	0.007123	0.394178	0.169868	0.026537	0.185154	0.217139	0.007123	0.394178	0.169868	0.026537	0.185154	0.217139	0.007123	0.394178	0.169868	0.026537	0.185154	0.217139	0.007123	0.394178	0.169868	0.026537	1,1,1,1,1,1	1.257719	0.032043	0.032043	0.032043	0.032043	0.032043	0.032043	
630000	-68500	1,1,2,2,3,3	1.475778	5.569004	5.569004	6.381319	6.381319	5.888908	5.888908	1,1,2,1,1,2	1.105280	0.051811	0.311701	0.016264	0.620224	0.051811	0.311701	0.016264	0.620224	0.194175	0.408536	0.327035	0.070254	0.051811	0.311701	0.016264	0.620224	0.051811	0.311701	0.016264	0.620224	0.194175	0.408536	0.327035	0.070254	1,2,2,2,2,2	1.648853	0.033423	0.526266	0.150657	0.015424	0.068937	0.205292	0.191079	0.207366	0.002120	0.391277	0.174902	0.033256	0.191079	0.207366	0.002120	0.391277	0.174902	0.033256	0.191079	0.207366	0.002120	0.391277	0.174902	0.033256	0.191079	0.207366	0.002120	0.391277	0.174902	0.033256	0.191079	0.207366	0.002120	0.391277	0.174902	0.033256	1,1,1,1,1,1	1.089469	0.031233	0.031233	0.031233	0.031233	0.031233	0.031233	
631000	-68544.6	1,2,3,3,4,1	1.402752	5.943908	5.338296	6.431114	6.431114	5.882101	5.943908	1,1,2,1,1,2	2.331085	0.047983	0.314501	0.014974	0.622542	0.047983	0.314501	0.014974	0.622542	0.193558	0.411943	0.323423	0.071077	0.047983	0.314501	0.014974	0.622542	0.047983	0.314501	0.014974	0.622542	0.193558	0.411943	0.323423	0.071077	1,2,2,2,2,2	1.013583	0.033327	0.043686	0.275237	0.440301	0.047693	0.159756	0.194419	0.213802	0.003312	0.397451	0.164070	0.026945	0.194419	0.213802	0.003312	0.397451	0.164070	0.026945	0.194419	0.213802	0.003312	0.397451	0.164070	0.026945	0.194419	0.213802	0.003312	0.397451	0.164070	0.026945	0.194419	0.213802	0.003312	0.397451	0.164070	0.026945	1,1,1,1,1,1	0.145438	0.034871	0.034871	0.034871	0.034871	0.034871	0.034871	
632000	-68529.3	1,1,2,2,3,3	1.249183	5.523620	5.523620	6.174310	6.174310	5.737438	5.737438	1,1,2,1,1,2	1.835703	0.053212	0.314112	0.015547	0.617129	0.053212	0.314112	0.015547	0.617129	0.193252	0.411834	0.320250	0.074664	0.053212	0.314112	0.015547	0.617129	0.053212	0.314112	0.015547	0.617129	0.193252	0.411834	0.320250	0.074664	1,2,2,2,2,2	0.855338	0.004861	0.313667	0.134448	0.030487	0.081201	0.435336	0.195684	0.218757	0.006094	0.381948	0.173343	0.024174	0.195684	0.218757	0.006094	0.381948	0.173343	0.024174	0.195684	0.218757	0.006094	0.381948	0.173343	0.024174	0.195684	0.218757	0.006094	0.381948	0.173343	0.024174	0.195684	0.218757	0.006094	0.381948	0.173343	0.024174	1,1,1,1,1,1	0.096825	0.034523	0.034523	0.034523	0.034523	0.034523	0.034523	
633000	-68584.1	1,2,3,3,4,4	3.580562	4.788843	5.597674	6.279380	6.279380	5.942062	5.942062	1,1,2,1,1,2	1.531170	0.047824	0.318295	0.015640	0.618240	0.047824	0.318295	0.015640	0.618240	0.200888	0.396666	0.323730	0.078715	0.047824	0.318295	0.015640	0.618240	0.047824	0.318295	0.015640	0.618240	0.200888	0.396666	0.323730	0.078715	1,2,2,2,2,2	0.655583	0.142569	0.021510	0.170791	0.486031	0.099815	0.079284	0.191293	0.215096	0.003887	0.407516	0.160950	0.021259	0.191293	0.215096	0.003887	0.407516	0.160950	0.021259	0.191293	0.215096	0.003887	0.407516	0.160950	0.021259	0.191293	0.215096	0.003887	0.407516	0.160950	0.021259	0.191293	0.215096	0.003887	0.407516	0.160950	0.021259	1,1,1,1,1,1	1.210026	0.037502	0.037502	0.037502	0.037502	0.037502	0.037502	
634000	-68522.8	1,1,2,3,3,3	1.371731	5.353531	5.353531	6.298563	5.808790	5.808790	5.808790	1,1,2,1,1,2	0.904005	0.050517	0.302603	0.016137	0.630743	0.050517	0.302603	0.016137	0.630743	0.203384	0.396095	0.324526	0.075995	0.050517	0.302603	0.016137	0.630743	0.050517	0.302603	0.016137	0.630743	0.203384	0.396095	0.324526	0.075995	1,2,2,2,2,2	2.063997	0.152101	0.019315	0.295497	0.266764	0.083072	0.183251	0.196135	0.212437	0.004249	0.394920	0.167449	0.024810	0.196135	0.212437	0.004249	0.394920	0.167449	0.024810	0.196135	0.212437	0.004249	0.394920	0.167449	0.024810	0.196135	0.212437	0.004249	0.394920	0.167449	0.024810	0.196135	0.212437	0.004249	0.394920	0.167449	0.024810	1,1,1,1,1,1	1.362781	0.034523	0.034523	0.034523	0.034523	0.034523	0.034523	
635000	-68576.1	1,2,1,1,3,4	4.437508	6.527200	5.178164	6.527200	6.527200	5.598344	5.797113	1,1,2,1,1,2	1.133579	0.054954	0.309451	0.014488	0.621107	0.054954	0.309451	0.014488	0.621107	0.192065	0.403683	0.322627	0.081625	0.054954	0.309451	0.014488	0.621107	0.054954	0.309451	0.014488	0.621107	0.192065	0.403683	0.322627	0.081625	1,2,2,2,2,2	0.525462	0.158083	0.017418	0.385106	0.136345	0.073648	0.229400	0.180534	0.218431	0.005360	0.405760	0.168483	0.021432	0.180534	0.218431	0.005360	0.405760	0.168483	0.021432	0.180534	0.218431	0.005360	0.405760	0.168483	0.021432	0.180534	0.218431	0.005360	0.405760	0.168483	0.021432	0.180534	0.218431	0.005360	0.405760	0.168483	0.021432	1,1,1,1,1,1	0.979616	0.037374	0.037374	0.037374	0.037374	0.037374	0.037374	
636000	-68551.8	1,2,3,3,1,4	2.283102	5.868773	5.233361	6.264595	6.264595	5.868773	6.213210	1,1,2,1,1,2	1.102648	0.052845	0.308845	0.014379	0.623930	0.052845	0.308845	0.014379	0.623930	0.200531	0.407271	0.318465	0.073734	0.052845	0.308845	0.014379	0.623930	0.052845	0.308845	0.014379	0.623930	0.200531	0.407271	0.318465	0.073734	1,2,2,2,2,2	0.359836	0.107924	0.221685	0.171147	0.186777	0.035620	0.276847	0.189551	0.219633	0.005494	0.398446	0.172970	0.013906	0.189551	0.219633	0.005494	0.398446	0.172970	0.013906	0.189551	0.219633	0.005494	0.398446	0.172970	0.013906	0.189551	0.219633	0.005494	0.398446	0.172970	0.013906	0.189551	0.219633	0.005494	0.398446	0.172970	0.013906	1,1,1,1,1,1	0.594648	0.033329	0.033329	0.033329	0.033329	0.033329	0.033329	
637000	-68527.4	1,2,3,3,4,4	2.717687	5.119824	5.299964	6.283394	6.283394	5.898314	5.898314	1,1,2,1,1,2	0.575736	0.052027	0.308769	0.014966	0.624238	0.052027	0.308769	0.014966	0.624238	0.197496	0.406323	0.324422	0.071760	0.052027	0.308769	0.014966	0.624238	0.052027	0.308769	0.014966	0.624238	0.197496	0.406323	0.324422	0.071760	1,2,2,2,2,2	0.665243	0.102487	0.049879	0.359126	0.028164	0.114412	0.345932	0.185707	0.214088	0.007805	0.394091	0.170239	0.028070	0.185707	0.214088	0.007805	0.394091	0.170239	0.028070	0.185707	0.214088	0.007805	0.394091	0.170239	0.028070	0.185707	0.214088	0.007805	0.394091	0.170239	0.028070	0.185707	0.214088	0.007805	0.394091	0.170239	0.028070	1,1,1,1,1,1	0.796264	0.036101	0.036101	0.036101	0.036101	0.036101	0.036101	
638000	-68600	1,1,2,2,3,3	1.425126	5.626150	5.626150	6.542000	6.542000	6.043432	6.043432	1,1,2,1,1,2	1.358332	0.050838	0.310432	0.019378	0.619353	0.050838	0.310432	0.019378	0.619353	0.196394	0.408084	0.319019	0.076502	0.050838	0.310432	0.019378	0.619353	0.050838	0.310432	0.019378	0.619353	0.196394	0.408084	0.319019	0.076502	1,2,2,2,2,2	0.180800	0.172239	0.419741	0.108624	0.034841	0.041221	0.223334	0.185956	0.212990	0.002956	0.399778	0.176524	0.021796	0.185956	0.212990	0.002956	0.399778	0.176524	0.021796	0.185956	0.212990	0.002956	0.399778	0.176524	0.021796	0.185956	0.212990	0.002956	0.399778	0.176524	0.021796	0.185956	0.212990	0.002956	0.399778	0.176524	0.021796	1,1,1,1,1,1	1.121245	0.031477	0.031477	0.031477	0.031477	0.031477	0.031477	
639000	-68513.5	1,1,2,3,4,4	2.373257	5.329440	5.329440	6.433238	6.308901	5.992303	5.992303	1,1,2,1,1,2	0.957463	0.052684	0.308634	0.015699	0.622983	0.052684	0.308634	0.015699	0.622983	0.209141	0.404050	0.318271	0.068538	0.052684	0.308634	0.015699	0.622983	0.052684	0.308634	0.015699	0.622983	0.209141	0.404050	0.318271	0.068538	1,2,2,2,2,2	1.936830	0.124228	0.270598	0.123552	0.162233	0.054151	0.265238	0.177394	0.217740	0.007930	0.395396	0.170859	0.030681	0.177394	0.217740	0.007930	0.395396	0.170859	0.030681	0.177394	0.217740	0.007930	0.395396	0.170859	0.030681	0.177394	0.217740	0.007930	0.395396	0.170859	0.030681	0.177394	0.217740	0.007930	0.395396	0.170859	0.030681	1,1,1,1,1,1	0.453436	0.035035	0.035035	0.035035	0.035035	0.035035	0.035035	
640000	-68520.7	1,2,3,3,4,4	0.995071	5.296646	5.346397	6.195591	6.195591	5.985871	5.985871	1,1,2,1,1,2	1.617168	0.048649	0.316224	0.014843	0.620284	0.048649	0.316224	0.014843	0.620284	0.199678	0.403282	0.319457	0.077583	0.048649	0.316224	0.014843	0.620284	0.048649	0.316224	0.014843	0.620284	0.199678	0.403282	0.319457	0.077583	1,2,2,2,2,2	1.247673	0.184380	0.005472	0.290596	0.104316	0.091927	0.323309	0.179996	0.231710	0.005299	0.399895	0.164124	0.018976	0.179996	0.231710	0.005299	0.399895	0.164124	0.018976	0.179996	0.231710	0.005299	0.399895	0.164124	0.018976	0.179996	0.231710	0.005299	0.399895	0.164124	0.018976	0.179996	0.231710	0.005299	0.399895	0.164124	0.018976	1,1,1,1,1,1	0.420490	0.035188	0.035188	0.035188	0.035188	0.035188	0.035188	
641000	-68556.5	1,2,3,3,4,5	1.921633	5.092164	5.368450	6.548817	6.548817	6.017899	5.850758	1,1,2,1,1,2	1.735289	0.045806	0.319829	0.016426	0.617939	0.045806	0.319829	0.016426	0.617939	0.192825	0.405691	0.331030	0.070454	0.045806	0.319829	0.016426	0.617939	0.045806	0.319829	0.016426	0.617939	0.192825	0.405691	0.331030	0.070454	1,2,2,2,2,2	1.026899	0.033453	0.067078	0.262665	0.415215	0.109094	0.112494	0.179082	0.218884	0.004401	0.400432	0.174091	0.023109	0.179082	0.218884	0.004401	0.400432	0.174091	0.023109	0.179082	0.218884	0.004401	0.400432	0.174091	0.023109	0.179082	0.218884	0.004401	0.400432	0.174091	0.023109	0.179082	0.218884	0.004401	0.400432	0.174091	0.023109	1,1,1,1,1,1	1.940764	0.031780	0.031780	0.031780	0.031780	0.031780	0.031780	
642000	-68505.2	1,2,3,3,4,5	2.117014	5.089420	5.240551	6.494023	6.494023	5.849423	5.650772	1,1,2,1,1,2	0.353741	0.044073	0.312465	0.016137	0.627325	0.044073	0.312465	0.016137	0.627325	0.199531	0.407407	0.317508	0.075553	0.044073	0.312465	0.016137	0.627325	0.044073	0.312465	0.016137	0.627325	0.199531	0.407407	0.317508	0.075553	1,2,2,2,2,2	1.823804	0.089605	0.400341	0.109201	0.121607	0.051422	0.227824	0.187757	0.217116	0.008098	0.398838	0.165656	0.022535	0.187757	0.217116	0.008098	0.398838	0.165656	0.022535	0.187757	0.217116	0.008098	0.398838	0.165656	0.022535	0.187757	0.217116	0.008098	0.398838	0.165656	0.022535	0.187757	0.217116	0.008098	0.398838	0.165656	0.022535	1,1,1,1,1,1	0.354742	0.035191	0.035191	0.035191	0.035191	0.035191	0.035191	
643000	-68554.4	1,1,2,3,3,3	2.337468	5.503009	5.503009	6.599468	5.960149	5.960149	5.960149	1,1,2,1,1,2	1.308178	0.052462	0.308293	0.016510	0.622735	0.052462	0.308293	0.016510	0.622735	0.189262	0.409500	0.324516	0.076722	0.052462	0.308293	0.016510	0.622735	0.052462	0.308293	0.016510	0.622735	0.189262	0.409500	0.324516	0.076722	1,2,2,2,2,2	1.162866	0.148980	0.226287	0.127483	0.302965	0.052127	0.142159	0.183722	0.219297	0.007032	0.400927	0.172823	0.016199	0.183722	0.219297	0.007032	0.400927	0.172823	0.016199	0.183722	0.219297	0.007032	0.400927	0.172823	0.016199	0.183722	0.219297	0.007032	0.400927	0.172823	0.016199	0.183722	0.219297	0.007032	0.400927	0.172823	0.016199	1,1,1,1,1,1	0.769466	0.036781	0.036781	0.036781	0.036781	0.036781	0.036781	
644000	-68537	1,2,3,4,5,6	2.921040	5.326259	5.165015	6.483142	6.054239	5.876471	5.748496	1,1,2,1,1,2	0.808060	0.053842	0.309209	0.015376	0.621573	0.053842	0.309209	0.015376	0.621573	0.194419	0.413174	0.318327	0.074080	0.053842	0.309209	0.015376	0.621573	0.053842	0.309209	0.015376	0.621573	0.194419	0.413174	0.318327	0.074080	1,2,2,2,2,2	1.788186	0.093153	0.264198	0.085832	0.173592	0.069846	0.313378	0.181106	0.229628	0.006713	0.394718	0.167261	0.020575	0.181106	0.229628	0.006713	0.394718	0.167261	0.020575	0.181106	0.229628	0.006713	0.394718	0.167261	0.020575	0.181106	0.229628	0.006713	0.394718	0.167261	0.020575	0.181106	0.229628	0.006713	0.394718	0.167261	0.020575	1,1,1,1,1,1	0.761701	0.035885	0.035885	0.035885	0.035885	0.035885	0.035885	
645000	-68593.5	1,1,2,2,3,3	0.822374	5.168431	5.168431	6.448569	6.448569	5.903536	5.903536	1,1,2,1,1,2	1.207389	0.056003	0.307804	0.017158	0.619035	0.056003	0.307804	0.017158	0.619035	0.194087	0.412318	0.318791	0.074805	0.056003	0.307804	0.017158	0.619035	0.056003	0.307804	0.017158	0.619035	0.194087	0.412318	0.318791	0.074805	1,2,2,2,2,2	1.290843	0.087945	0.289636	0.257968	0.230702	0.048601	0.085148	0.187772	0.216651	0.004299	0.400503	0.168293	0.022483	0.187772	0.216651	0.004299	0.400503	0.168293	0.022483	0.187772	0.216651	0.004299	0.400503	0.168293	0.022483	0.187772	0.216651	0.004299	0.400503	0.168293	0.022483	0.187772	0.216651	0.004299	0.400503	0.168293	0.022483	1,1,1,1,1,1	0.724351	0.034474	0.034474	0.034474	0.034474	0.034474	0.034474	
646000	-68611.1	1,2,3,4,4,5	2.542506	5.528448	5.553918	6.135418	6.135759	6.135759	5.955988	1,1,2,1,1,2	1.397764	0.052711	0.304910	0.014584	0.627796	0.052711	0.304910	0.014584	0.627796	0.196573	0.405785	0.323545	0.074096	0.052711	0.304910	0.014584	0.627796	0.052711	0.304910	0.014584	0.627796	0.196573	0.405785	0.323545	0.074096	1,2,2,2,2,2	1.020133	0.021908	0.270418	0.113327	0.396955	0.095950	0.101442	0.188472	0.222415	0.002753	0.389764	0.172155	0.024441	0.188472	0.222415	0.002753	0.389764	0.172155	0.024441	0.188472	0.222415	0.002753	0.389764	0.172155	0.024441	0.188472	0.222415	0.002753	0.389764	0.172155	0.024441	0.188472	0.222415	0.002753	0.389764	0.172155	0.024441	1,1,1,1,1,1	0.808236	0.031310	0.031310	0.031310	0.031310	0.031310	0.031310	
647000	-68633	1,2,3,1,1,1	3.076662	5.997248	5.632235	6.329357	5.997248	5.997248	5.997248	1,1,2,1,1,2	0.733966	0.049920	0.307982	0.017463	0.624635	0.049920	0.307982	0.017463	0.624635	0.201112	0.411248	0.320239	0.067402	0.049920	0.307982	0.017463	0.624635	0.049920	0.307982	0.017463	0.624635	0.201112	0.411248	0.320239	0.067402	1,2,2,2,2,2	0.426319	0.146310	0.144848	0.466090	0.074770	0.080766	0.087215	0.188127	0.209363	0.006852	0.398698	0.178047	0.018913	0.188127	0.209363	0.006852	0.398698	0.178047	0.018913	0.188127	0.209363	0.006852	0.398698	0.178047	0.018913	0.188127	0.209363	0.006852	0.398698	0.178047	0.018913	0.188127	0.209363	0.006852	0.398698	0.178047	0.018913	1,1,1,1,1,1	1.955939	0.036368	0.036368	0.036368	0.036368	0.036368	0.036368	
648000	-68561.3	1,1,2,2,3,3	1.583045	5.435648	5.435648	6.435610	6.435610	5.946402	5.946402	1,1,2,1,1,2	1.333847	0.053332	0.311145	0.016123	0.619400	0.053332	0.311145	0.016123	0.619400	0.194491	0.410843	0.321452	0.073214	0.053332	0.311145	0.016123	0.619400	0.053332	0.311145	0.016123	0.619400	0.194491	0.410843	0.321452	0.073214	1,2,2,2,2,2	1.443488	0.172491	0.313534	0.184989	0.171649	0.053518	0.103819	0.185040	0.207870	0.003932	0.405785	0.179926	0.017446	0.185040	0.207870	0.003932	0.405785	0.179926	0.017446	0.185040	0.207870	0.003932	0.405785	0.179926	0.017446	0.185040	0.207870	0.003932	0.405785	0.179926	0.017446	0.185040	0.207870	0.003932	0.405785	0.179926	0.017446	1,1,1,1,1,1	3.604193	0.034228	0.034228	0.034228	0.034228	0.034228	0.034228	
649000	-68530.9	1,1,2,3,4,5	1.417314	5.294311	5.294311	6.293842	6.368941	6.040682	5.849711	1,1,2,1,1,2	1.535069	0.052216	0.310507	0.016042	0.621236	0.052216	0.310507	0.016042	0.621236	0.194308	0.400266	0.322899	0.082527	0.052216	0.310507	0.016042	0.621236	0.052216	0.310507	0.016042	0.621236	0.194308	0.400266	0.322899	0.082527	1,2,2,2,2,2	0.730643	0.050513	0.099090	0.365098	0.252492	0.102614	0.130193	0.180407	0.231059	0.003541	0.391884	0.173998	0.019112	0.180407	0.231059	0.003541	0.391884	0.173998	0.019112	0.180407	0.231059	0.003541	0.391884	0.173998	0.019112	0.180407	0.231059	0.003541	0.391884	0.173998	0.019112	0.180407	0.231059	0.003541	0.391884	0.173998	0.019112	1,1,1,1,1,1	0.451397	0.033965	0.033965	0.033965	0.033965	0.033965	0.033965	
650000	-68619.2	1,2,3,4,5,5	3.970835	4.983902	5.480655	6.525501	6.604811	5.952758	5.952758	1,1,2,1,1,2	0.803288	0.050290	0.305224	0.015555	0.628932	0.050290	0.305224	0.015555	0.628932	0.189616	0.408900	0.330091	0.071394	0.050290	0.305224	0.015555	0.628932	0.050290	0.305224	0.015555	0.628932	0.189616	0.408900	0.330091	0.071394	1,2,2,2,2,2	2.936127	0.136049	0.234022	0.173129	0.016068	0.160834	0.279898	0.189316	0.221078	0.004050	0.388520	0.171567	0.025469	0.189316	0.221078	0.004050	0.388520	0.171567	0.025469	0.189316	0.221078	0.004050	0.388520	0.171567	0.025469	0.189316	0.221078	0.004050	0.388520	0.171567	0.025469	0.189316	0.221078	0.004050	0.388520	0.171567	0.025469	1,1,1,1,1,1	2.184024	0.040496	0.040496	0.040496	0.040496	0.040496	0.040496	
651000	-68684.1	1,2,3,4,5,5	3.050214	5.845895	5.653606	6.189785	5.914361	5.877901	5.877901	1,1,2,1,1,2	1.745503	0.054423	0.308662	0.018420	0.618494	0.054423	0.308662	0.018420	0.618494	0.201505	0.406276	0.316499	0.075721	0.054423	0.308662	0.018420	0.618494	0.054423	0.308662	0.018420	0.618494	0.201505	0.406276	0.316499	0.075721	1,2,2,2,2,2	0.505458	0.256478	0.045147	0.190701	0.399403	0.053226	0.055046	0.187320	0.211837	0.006291	0.396856	0.170804	0.026892	0.187320	0.211837	0.006291	0.396856	0.170804	0.026892	0.187320	0.211837	0.006291	0.396856	0.170804	0.026892	0.187320	0.211837	0.006291	0.396856	0.170804	0.026892	0.187320	0.211837	0.006291	0.396856	0.170804	0.026892	1,1,1,1,1,1	0.220792	0.031251	0.031251	0.031251	0.031251	0.031251	0.031251	
652000	-68521.7	1,1,2,3,4,4	1.282772	5.365907	5.365907	6.503702	6.362053	6.093321	6.093321	1,1,2,1,1,2	2.075691	0.054405	0.305982	0.015936	0.623677	0.054405	0.305982	0.015936	0.623677	0.200515	0.404304	0.325593	0.069587	0.054405	0.305982	0.015936	0.623677	0.054405	0.305982	0.015936	0.623677	0.200515	0.404304	0.325593	0.069587	1,2,2,2,2,2	2.670406	0.010878	0.021942	0.355903	0.319172	0.113741	0.178363	0.180799	0.219661	0.005345	0.398150	0.173068	0.022977	0.180799	0.219661	0.005345	0.398150	0.173068	0.022977	0.180799	0.219661	0.005345	0.398150	0.173068	0.022977	0.180799	0.219661	0.005345	0.398150	0.173068	0.022977	0.180799	0.219661	0.005345	0.398150	0.173068	0.022977	1,1,1,1,1,1	1.741205	0.035932	0.035932	0.035932	0.035932	0.035932	0.035932	
653000	-68489.9	1,1,2,2,3,4	1.280584	5.483015	5.483015	6.148540	6.148540	6.033690	5.824054	1,1,2,1,1,2	0.467143	0.051284	0.309701	0.016093	0.622922	0.051284	0.309701	0.016093	0.622922	0.206139	0.396788	0.322181	0.074893	0.051284	0.309701	0.016093	0.622922	0.051284	0.309701	0.016093	0.622922	0.206139	0.396788	0.322181	0.074893	1,2,2,2,2,2	0.792902	0.110483	0.055607	0.290073	0.117865	0.102270	0.323701	0.184169	0.212394	0.006867	0.406679	0.168335	0.021555	0.184169	0.212394	0.006867	0.406679	0.168335	0.021555	0.184169	0.212394	0.006867	0.406679	0.168335	0.021555	0.184169	0.212394	0.006867	0.406679	0.168335	0.021555	0.184169	0.212394	0.006867	0.406679	0.168335	0.021555	1,1,1,1,1,1	0.447440	0.039066	0.039066	0.039066	0.039066	0.039066	0.039066	
654000	-68505.9	1,2,3,3,4,4	1.375990	5.047527	5.230790	6.407106	6.407106	5.954137	5.954137	1,1,2,1,1,2	0.907828	0.049111	0.309190	0.016512	0.625187	0.049111	0.309190	0.016512	0.625187	0.188186	0.410592	0.325568	0.075654	0.049111	0.309190	0.016512	0.625187	0.049111	0.309190	0.016512	0.625187	0.188186	0.410592	0.325568	0.075654	1,2,2,2,2,2	0.587364	0.074787	0.261968	0.165236	0.256413	0.081661	0.159936	0.194486	0.213913	0.001457	0.402070	0.168322	0.019752	0.194486	0.213913	0.001457	0.402070	0.168322	0.019752	0.194486	0.213913	0.001457	0.402070	0.168322	0.019752	0.194486	0.213913	0.001457	0.402070	0.168322	0.019752	0.194486	0.213913	0.001457	0.402070	0.168322	0.019752	1,1,1,1,1,1	0.169779	0.034521	0.034521	0.034521	0.034521	0.034521	0.034521	
655000	-68528.3	1,1,2,3,4,5	3.378269	5.440842	5.440842	6.458097	6.181783	6.110799	6.144254	1,1,2,1,1,2	1.655278	0.049905	0.309160	0.015857	0.625078	0.049905	0.309160	0.015857	0.625078	0.200240	0.408177	0.325663	0.065920	0.049905	0.309160	0.015857	0.625078	0.049905	0.309160	0.015857	0.625078	0.200240	0.408177	0.325663	0.065920	1,2,2,2,2,2	1.613874	0.142813	0.063003	0.221558	0.322628	0.100698	0.149300	0.186501	0.223974	0.004244	0.393977	0.170396	0.020907	0.186501	0.223974	0.004244	0.393977	0.170396	0.020907	0.186501	0.223974	0.004244	0.393977	0.170396	0.020907	0.186501	0.223974	0.004244	0.393977	0.170396	0.020907	0.186501	0.223974	0.004244	0.393977	0.170396	0.020907	1,1,1,1,2,2	0.532635	0.034482	0.034482	0.034482	0.034482	0.008776	0.008776	
656000	-68549.1	1,1,2,3,4,5	0.858044	5.115692	5.115692	6.676368	6.369784	6.042686	5.864412	1,1,2,1,1,2	1.013676	0.051587	0.313419	0.015874	0.619120	0.051587	0.313419	0.015874	0.619120	0.196961	0.402276	0.322859	0.077904	0.051587	0.313419	0.015874	0.619120	0.051587	0.313419	0.015874	0.619120	0.196961	0.402276	0.322859	0.077904	1,2,2,2,2,2	0.356807	0.132848	0.304039	0.133858	0.000505	0.094065	0.334685	0.185855	0.207022	0.005384	0.402767	0.179521	0.019451	0.185855	0.207022	0.005384	0.402767	0.179521	0.019451	0.185855	0.207022	0.005384	0.402767	0.179521	0.019451	0.185855	0.207022	0.005384	0.402767	0.179521	0.019451	0.185855	0.207022	0.005384	0.402767	0.179521	0.019451	1,1,1,1,2,1	1.288228	0.035324	0.035324	0.035324	0.035324	0.032952	0.035324	
657000	-68601.9	1,1,2,3,4,3	2.755866	5.281039	5.281039	6.395082	6.113567	5.881220	6.113567	1,1,2,1,1,2	1.004873	0.052795	0.309479	0.016164	0.621562	0.052795	0.309479	0.016164	0.621562	0.199922	0.400036	0.323239	0.076803	0.052795	0.309479	0.016164	0.621562	0.052795	0.309479	0.016164	0.621562	0.199922	0.400036	0.323239	0.076803	1,2,2,2,2,2	2.078897	0.250597	0.200571	0.263800	0.047893	0.106138	0.131000	0.189164	0.201739	0.007944	0.407208	0.175877	0.018068	0.189164	0.201739	0.007944	0.407208	0.175877	0.018068	0.189164	0.201739	0.007944	0.407208	0.175877	0.018068	0.189164	0.201739	0.007944	0.407208	0.175877	0.018068	0.189164	0.201739	0.007944	0.407208	0.175877	0.018068	1,1,1,1,1,1	0.677971	0.034374	0.034374	0.034374	0.034374	0.034374	0.034374	
658000	-68522.1	1,2,3,4,4,5	2.771002	4.927699	5.453841	6.249764	6.160224	6.160224	5.772663	1,1,2,1,1,2	1.845792	0.050601	0.313591	0.015078	0.620730	0.050601	0.313591	0.015078	0.620730	0.196614	0.406639	0.320741	0.076005	0.050601	0.313591	0.015078	0.620730	0.050601	0.313591	0.015078	0.620730	0.196614	0.406639	0.320741	0.076005	1,2,2,2,2,2	1.991560	0.059078	0.039141	0.409074	0.169484	0.129979	0.193244	0.183851	0.223276	0.003789	0.392785	0.166466	0.029834	0.183851	0.223276	0.003789	0.392785	0.166466	0.029834	0.183851	0.223276	0.003789	0.392785	0.166466	0.029834	0.183851	0.223276	0.003789	0.392785	0.166466	0.029834	0.183851	0.223276	0.003789	0.392785	0.166466	0.029834	1,1,1,1,1,1	1.246311	0.040718	0.040718	0.040718	0.040718	0.040718	0.040718	
659000	-68478.2	1,1,2,3,3,4	2.942698	5.442899	5.442899	6.502047	6.153585	6.153585	5.830171	1,1,2,1,1,2	2.537537	0.051473	0.312266	0.014848	0.621412	0.051473	0.312266	0.014848	0.621412	0.197255	0.408840	0.323616	0.070289	0.051473	0.312266	0.014848	0.621412	0.051473	0.312266	0.014848	0.621412	0.197255	0.408840	0.323616	0.070289	1,2,2,2,2,2	0.464868	0.027544	0.503336	0.146493	0.178034	0.040391	0.104203	0.187605	0.206079	0.004311	0.398174	0.177104	0.026728	0.187605	0.206079	0.004311	0.398174	0.177104	0.026728	0.187605	0.206079	0.004311	0.398174	0.177104	0.026728	0.187605	0.206079	0.004311	0.398174	0.177104	0.026728	0.187605	0.206079	0.004311	0.398174	0.177104	0.026728	1,1,1,1,1,1	0.501591	0.035444	0.035444	0.035444	0.035444	0.035444	0.035444	
660000	-68615.4	1,1,2,3,2,4	1.858459	5.288325	5.288325	6.139973	6.174927	6.139973	5.988847	1,1,2,1,1,2	0.439380	0.049299	0.317238	0.015626	0.617837	0.049299	0.317238	0.015626	0.617837	0.197963	0.406508	0.323641	0.071888	0.049299	0.317238	0.015626	0.617837	0.049299	0.317238	0.015626	0.617837	0.197963	0.406508	0.323641	0.071888	1,2,2,2,2,2	0.521930	0.322773	0.112755	0.245325	0.115805	0.058960	0.144382	0.191157	0.214055	0.005128	0.392347	0.176352	0.020961	0.191157	0.214055	0.005128	0.392347	0.176352	0.020961	0.191157	0.214055	0.005128	0.392347	0.176352	0.020961	0.191157	0.214055	0.005128	0.392347	0.176352	0.020961	0.191157	0.214055	0.005128	0.392347	0.176352	0.020961	1,1,1,1,1,1	0.584290	0.035586	0.035586	0.035586	0.035586	0.035586	0.035586	
661000	-68544.7	1,2,3,3,1,1	2.590350	5.863087	5.754870	6.301028	6.301028	5.863087	5.863087	1,1,2,1,1,2	2.592416	0.055991	0.304046	0.016524	0.623439	0.055991	0.304046	0.016524	0.623439	0.209736	0.397358	0.319391	0.073515	0.055991	0.304046	0.016524	0.623439	0.055991	0.304046	0.016524	0.623439	0.209736	0.397358	0.319391	0.073515	1,2,2,2,2,2	1.579296	0.064815	0.588144	0.053537	0.068022	0.022845	0.202636	0.196035	0.202009	0.003950	0.395530	0.180726	0.021749	0.196035	0.202009	0.003950	0.395530	0.180726	0.021749	0.196035	0.202009	0.003950	0.395530	0.180726	0.021749	0.196035	0.202009	0.003950	0.395530	0.180726	0.021749	0.196035	0.202009	0.003950	0.395530	0.180726	0.021749	1,1,1,1,1,1	0.650659	0.034790	0.034790	0.034790	0.034790	0.034790	0.034790	
662000	-68516.3	1,1,2,2,3,4	2.751868	5.589470	5.589470	6.415831	6.415831	5.800563	6.026480	1,1,2,1,1,2	1.509569	0.051687	0.313604	0.014646	0.620064	0.051687	0.313604	0.014646	0.620064	0.195295	0.408174	0.327125	0.069406	0.051687	0.313604	0.014646	0.620064	0.051687	0.313604	0.014646	0.620064	0.195295	0.408174	0.327125	0.069406	1,2,2,2,2,2	0.882153	0.053171	0.117154	0.299937	0.223265	0.059627	0.246846	0.194107	0.221045	0.005878	0.392521	0.170953	0.015497	0.194107	0.221045	0.005878	0.392521	0.170953	0.015497	0.194107	0.221045	0.005878	0.392521	0.170953	0.015497	0.194107	0.221045	0.005878	0.392521	0.170953	0.015497	0.194107	0.221045	0.005878	0.392521	0.170953	0.015497	1,1,1,1,1,1	0.606524	0.035369	0.035369	0.035369	0.035369	0.035369	0.035369	
663000	-68568.4	1,1,2,2,3,3	0.455808	5.342720	5.342720	6.212952	6.212952	5.905823	5.905823	1,1,2,1,1,2	0.764217	0.055315	0.303776	0.016196	0.624713	0.055315	0.303776	0.016196	0.624713	0.199335	0.399318	0.322564	0.078783	0.055315	0.303776	0.016196	0.624713	0.055315	0.303776	0.016196	0.624713	0.199335	0.399318	0.322564	0.078783	1,2,2,2,2,2	0.583972	0.017816	0.248816	0.287127	0.299389	0.083751	0.063101	0.184864	0.207491	0.005471	0.412324	0.177381	0.012469	0.184864	0.207491	0.005471	0.412324	0.177381	0.012469	0.184864	0.207491	0.005471	0.412324	0.177381	0.012469	0.184864	0.207491	0.005471	0.412324	0.177381	0.012469	0.184864	0.207491	0.005471	0.412324	0.177381	0.012469	1,1,1,1,1,1	1.453949	0.034017	0.034017	0.034017	0.034017	0.034017	0.034017	
664000	-68550.1	1,1,2,3,4,5	2.354252	5.161608	5.161608	6.467195	6.192546	5.827081	5.745141	1,1,2,1,1,2	0.885805	0.049113	0.310146	0.018125	0.622616	0.049113	0.310146	0.018125	0.622616	0.196420	0.400847	0.326821	0.075912	0.049113	0.310146	0.018125	0.622616	0.049113	0.310146	0.018125	0.622616	0.196420	0.400847	0.326821	0.075912	1,2,2,2,2,2	0.634960	0.165085	0.152434	0.162287	0.086301	0.112003	0.321890	0.191216	0.212145	0.008206	0.398799	0.167168	0.022466	0.191216	0.212145	0.008206	0.398799	0.167168	0.022466	0.191216	0.212145	0.008206	0.398799	0.167168	0.022466	0.191216	0.212145	0.008206	0.398799	0.167168	0.022466	0.191216	0.212145	0.008206	0.398799	0.167168	0.022466	1,1,1,1,1,1	0.191237	0.032047	0.032047	0.032047	0.032047	0.032047	0.032047	
665000	-68735.6	1,1,2,2,3,3	4.125349	5.279640	5.279640	6.326036	6.326036	5.889125	5.889125	1,1,2,1,1,2	1.444861	0.050902	0.306267	0.014366	0.628466	0.050902	0.306267	0.014366	0.628466	0.201243	0.399767	0.323688	0.075303	0.050902	0.306267	0.014366	0.628466	0.050902	0.306267	0.014366	0.628466	0.201243	0.399767	0.323688	0.075303	1,2,2,2,2,2	0.879309	0.094170	0.043868	0.135022	0.020803	0.217590	0.488546	0.193176	0.207517	0.003223	0.403542	0.170256	0.022285	0.193176	0.207517	0.003223	0.403542	0.170256	0.022285	0.193176	0.207517	0.003223	0.403542	0.170256	0.022285	0.193176	0.207517	0.003223	0.403542	0.170256	0.022285	0.193176	0.207517	0.003223	0.403542	0.170256	0.022285	1,1,1,1,1,1	0.924677	0.032307	0.032307	0.032307	0.032307	0.032307	0.032307	
666000	-68490.3	1,1,2,3,4,5	1.414887	5.369315	5.369315	6.267796	6.181720	6.062823	5.801808	1,1,2,1,1,2	0.815471	0.051212	0.313188	0.016718	0.618882	0.051212	0.313188	0.016718	0.618882	0.192539	0.406060	0.322906	0.078495	0.051212	0.313188	0.016718	0.618882	0.051212	0.313188	0.016718	0.618882	0.192539	0.406060	0.322906	0.078495	1,2,2,2,2,2	0.584998	0.026869	0.383242	0.241362	0.149160	0.066108	0.133259	0.192178	0.213633	0.006731	0.389606	0.176879	0.020973	0.192178	0.213633	0.006731	0.389606	0.176879	0.020973	0.192178	0.213633	0.006731	0.389606	0.176879	0.020973	0.192178	0.213633	0.006731	0.389606	0.176879	0.020973	0.192178	0.213633	0.006731	0.389606	0.176879	0.020973	1,1,1,1,1,2	0.424741	0.036267	0.036267	0.036267	0.036267	0.036267	0.026013	
667000	-68660.2	1,2,3,3,3,4	3.750675	5.254817	5.235884	6.110775	6.110775	6.110775	6.049021	1,1,2,1,1,2	0.394744	0.053278	0.306160	0.015840	0.624721	0.053278	0.306160	0.015840	0.624721	0.196538	0.401700	0.323107	0.078655	0.053278	0.306160	0.015840	0.624721	0.053278	0.306160	0.015840	0.624721	0.196538	0.401700	0.323107	0.078655	1,2,2,2,2,2	0.975289	0.330998	0.048378	0.139089	0.272458	0.067850	0.141228	0.187975	0.218422	0.002656	0.389089	0.180988	0.020869	0.187975	0.218422	0.002656	0.389089	0.180988	0.020869	0.187975	0.218422	0.002656	0.389089	0.180988	0.020869	0.187975	0.218422	0.002656	0.389089	0.180988	0.020869	0.187975	0.218422	0.002656	0.389089	0.180988	0.020869	1,1,1,1,1,1	1.984555	0.040063	0.040063	0.040063	0.040063	0.040063	0.040063	
668000	-68497.5	1,2,3,4,1,2	1.951905	5.829038	5.796469	6.532352	6.164102	5.829038	5.796469	1,1,2,1,1,2	1.317012	0.051992	0.305699	0.015472	0.626837	0.051992	0.305699	0.015472	0.626837	0.189702	0.411710	0.324714	0.073873	0.051992	0.305699	0.015472	0.626837	0.051992	0.305699	0.015472	0.626837	0.189702	0.411710	0.324714	0.073873	1,2,2,2,2,2	0.913890	0.019938	0.000664	0.311076	0.163507	0.098650	0.406166	0.184765	0.221258	0.004819	0.386610	0.176899	0.025648	0.184765	0.221258	0.004819	0.386610	0.176899	0.025648	0.184765	0.221258	0.004819	0.386610	0.176899	0.025648	0.184765	0.221258	0.004819	0.386610	0.176899	0.025648	0.184765	0.221258	0.004819	0.386610	0.176899	0.025648	1,1,1,1,1,1	0.713777	0.034279	0.034279	0.034279	0.034279	0.034279	0.034279	
669000	-68508.3	1,2,3,4,2,2	1.580758	5.109293	5.778967	6.145630	6.443167	5.778967	5.778967	1,1,2,1,1,2	1.113070	0.051161	0.310376	0.017394	0.621069	0.051161	0.310376	0.017394	0.621069	0.195479	0.405930	0.321355	0.077236	0.051161	0.310376	0.017394	0.621069	0.051161	0.310376	0.017394	0.621069	0.195479	0.405930	0.321355	0.077236	1,2,2,2,2,2	1.777909	0.103055	0.261109	0.209848	0.218676	0.063542	0.143770	0.188043	0.218955	0.005929	0.398861	0.171317	0.016895	0.188043	0.218955	0.005929	0.398861	0.171317	0.016895	0.188043	0.218955	0.005929	0.398861	0.171317	0.016895	0.188043	0.218955	0.005929	0.398861	0.171317	0.016895	0.188043	0.218955	0.005929	0.398861	0.171317	0.016895	1,1,1,1,1,1	0.759709	0.031659	0.031659	0.031659	0.031659	0.031659	0.031659	
670000	-68700.6	1,1,2,3,3,3	1.462770	5.119129	5.119129	6.410555	5.968121	5.968121	5.968121	1,1,2,1,1,2	1.696395	0.056774	0.299937	0.015385	0.627904	0.056774	0.299937	0.015385	0.627904	0.208092	0.403395	0.317112	0.071402	0.056774	0.299937	0.015385	0.627904	0.056774	0.299937	0.015385	0.627904	0.208092	0.403395	0.317112	0.071402	1,2,2,2,2,2	0.742027	0.075653	0.191278	0.479920	0.087446	0.118226	0.047477	0.190974	0.216322	0.004790	0.400366	0.171028	0.016519	0.190974	0.216322	0.004790	0.400366	0.171028	0.016519	0.190974	0.216322	0.004790	0.400366	0.171028	0.016519	0.190974	0.216322	0.004790	0.400366	0.171028	0.016519	0.190974	0.216322	0.004790	0.400366	0.171028	0.016519	1,1,1,1,1,1	1.029844	0.032669	0.032669	0.032669	0.032669	0.032669	0.032669	
671000	-68803	1,2,1,3,4,5	3.070193	6.322041	5.501576	6.322041	6.448837	5.819205	5.784375	1,1,2,1,1,2	1.364495	0.050441	0.298996	0.016894	0.633669	0.050441	0.298996	0.016894	0.633669	0.199726	0.408505	0.316075	0.075694	0.050441	0.298996	0.016894	0.633669	0.050441	0.298996	0.016894	0.633669	0.199726	0.408505	0.316075	0.075694	1,2,2,2,2,2	2.845002	0.099868	0.362408	0.030249	0.455424	0.039119	0.012932	0.183718	0.229371	0.008711	0.391304	0.163976	0.022919	0.183718	0.229371	0.008711	0.391304	0.163976	0.022919	0.183718	0.229371	0.008711	0.391304	0.163976	0.022919	0.183718	0.229371	0.008711	0.391304	0.163976	0.022919	0.183718	0.229371	0.008711	0.391304	0.163976	0.022919	1,1,1,1,1,1	2.271775	0.035252	0.035252	0.035252	0.035252	0.035252	0.035252	
672000	-68556.6	1,1,2,2,3,3	1.615253	5.358188	5.358188	6.337233	6.337233	5.967496	5.967496	1,1,2,1,1,2	2.116944	0.050382	0.309271	0.014474	0.625874	0.050382	0.309271	0.014474	0.625874	0.200371	0.396217	0.326297	0.077115	0.050382	0.309271	0.014474	0.625874	0.050382	0.309271	0.014474	0.625874	0.200371	0.396217	0.326297	0.077115	1,2,2,2,2,2	0.507031	0.160843	0.185680	0.323752	0.056186	0.080813	0.192725	0.188496	0.211636	0.007760	0.400890	0.167762	0.023456	0.188496	0.211636	0.007760	0.400890	0.167762	0.023456	0.188496	0.211636	0.007760	0.400890	0.167762	0.023456	0.188496	0.211636	0.007760	0.400890	0.167762	0.023456	0.188496	0.211636	0.007760	0.400890	0.167762	0.023456	1,1,1,1,1,1	0.767545	0.040178	0.040178	0.040178	0.040178	0.040178	0.040178	
673000	-68568.4	1,2,3,4,5,5	2.283990	6.986683	5.560959	6.159560	6.160750	5.865432	5.865432	1,1,2,1,1,2	3.014924	0.051017	0.315426	0.014639	0.618917	0.051017	0.315426	0.014639	0.618917	0.200854	0.402876	0.319380	0.076890	0.051017	0.315426	0.014639	0.618917	0.051017	0.315426	0.014639	0.618917	0.200854	0.402876	0.319380	0.076890	1,2,2,2,2,2	1.274306	0.008307	0.020957	0.444222	0.019914	0.102789	0.403810	0.183254	0.218489	0.006801	0.394531	0.168740	0.028185	0.183254	0.218489	0.006801	0.394531	0.168740	0.028185	0.183254	0.218489	0.006801	0.394531	0.168740	0.028185	0.183254	0.218489	0.006801	0.394531	0.168740	0.028185	0.183254	0.218489	0.006801	0.394531	0.168740	0.028185	1,1,1,1,1,1	0.603471	0.033990	0.033990	0.033990	0.033990	0.033990	0.033990	
674000	-68564.8	1,1,2,3,4,4	2.539932	5.242289	5.242289	6.305918	6.142586	5.828110	5.828110	1,1,2,1,1,2	0.976126	0.058565	0.307660	0.016269	0.617507	0.058565	0.307660	0.016269	0.617507	0.192975	0.408103	0.323798	0.075124	0.058565	0.307660	0.016269	0.617507	0.058565	0.307660	0.016269	0.617507	0.192975	0.408103	0.323798	0.075124	1,2,2,2,2,2	0.198004	0.067784	0.348585	0.214823	0.075458	0.118846	0.174504	0.181102	0.225418	0.003940	0.393479	0.167414	0.028647	0.181102	0.225418	0.003940	0.393479	0.167414	0.028647	0.181102	0.225418	0.003940	0.393479	0.167414	0.028647	0.181102	0.225418	0.003940	0.393479	0.167414	0.028647	0.181102	0.225418	0.003940	0.393479	0.167414	0.028647	1,1,1,1,1,1	0.583702	0.034577	0.034577	0.034577	0.034577	0.034577	0.034577	
675000	-68513.8	1,2,1,1,1,3	0.835171	6.116205	5.627553	6.116205	6.116205	6.116205	5.665372	1,1,2,1,1,2	1.150813	0.050232	0.315155	0.014481	0.620132	0.050232	0.315155	0.014481	0.620132	0.197175	0.405123	0.320286	0.077416	0.050232	0.315155	0.014481	0.620132	0.050232	0.315155	0.014481	0.620132	0.197175	0.405123	0.320286	0.077416	1,2,2,2,2,2	0.330794	0.012166	0.123558	0.187432	0.400437	0.041481	0.234925	0.185437	0.217983	0.007165	0.395906	0.168350	0.025159	0.185437	0.217983	0.007165	0.395906	0.168350	0.025159	0.185437	0.217983	0.007165	0.395906	0.168350	0.025159	0.185437	0.217983	0.007165	0.395906	0.168350	0.025159	0.185437	0.217983	0.007165	0.395906	0.168350	0.025159	1,1,1,1,1,1	0.254273	0.038122	0.038122	0.038122	0.038122	0.038122	0.038122	
676000	-68565	1,1,2,3,4,1	1.499933	5.651339	5.651339	6.460184	6.153895	6.093871	5.651339	1,1,2,1,1,2	1.905393	0.050710	0.313491	0.015902	0.619897	0.050710	0.313491	0.015902	0.619897	0.192006	0.402584	0.331993	0.073417	0.050710	0.313491	0.015902	0.619897	0.050710	0.313491	0.015902	0.619897	0.192006	0.402584	0.331993	0.073417	1,2,2,2,2,2	1.224572	0.158883	0.215243	0.298769	0.071045	0.058559	0.197502	0.202624	0.209533	0.002896	0.383533	0.173682	0.027732	0.202624	0.209533	0.002896	0.383533	0.173682	0.027732	0.202624	0.209533	0.002896	0.383533	0.173682	0.027732	0.202624	0.209533	0.002896	0.383533	0.173682	0.027732	0.202624	0.209533	0.002896	0.383533	0.173682	0.027732	1,1,1,1,1,1	0.428841	0.035972	0.035972	0.035972	0.035972	0.035972	0.035972	
677000	-68564.7	1,1,2,2,3,4	1.711682	5.123880	5.123880	6.009201	6.009201	5.950247	5.932555	1,1,2,1,1,2	1.291565	0.054886	0.302262	0.014644	0.628209	0.054886	0.302262	0.014644	0.628209	0.199410	0.404523	0.322418	0.073649	0.054886	0.302262	0.014644	0.628209	0.054886	0.302262	0.014644	0.628209	0.199410	0.404523	0.322418	0.073649	1,2,2,2,2,2	0.909160	0.233875	0.033859	0.152803	0.096409	0.073313	0.409741	0.181158	0.224781	0.010001	0.398385	0.165696	0.019980	0.181158	0.224781	0.010001	0.398385	0.165696	0.019980	0.181158	0.224781	0.010001	0.398385	0.165696	0.019980	0.181158	0.224781	0.010001	0.398385	0.165696	0.019980	0.181158	0.224781	0.010001	0.398385	0.165696	0.019980	1,1,1,1,1,1	0.434301	0.032408	0.032408	0.032408	0.032408	0.032408	0.032408	
678000	-68560.5	1,2,3,4,1,4	2.135116	6.214163	5.343063	6.282648	6.037435	6.214163	6.037435	1,1,2,1,1,2	1.999609	0.052049	0.311904	0.015095	0.620952	0.052049	0.311904	0.015095	0.620952	0.202226	0.405706	0.322598	0.069470	0.052049	0.311904	0.015095	0.620952	0.052049	0.311904	0.015095	0.620952	0.202226	0.405706	0.322598	0.069470	1,2,2,2,2,2	0.706352	0.157584	0.041902	0.102467	0.031712	0.046086	0.620249	0.187211	0.218475	0.005182	0.395946	0.171491	0.021695	0.187211	0.218475	0.005182	0.395946	0.171491	0.021695	0.187211	0.218475	0.005182	0.395946	0.171491	0.021695	0.187211	0.218475	0.005182	0.395946	0.171491	0.021695	0.187211	0.218475	0.005182	0.395946	0.171491	0.021695	1,1,1,1,1,1	1.273731	0.035197	0.035197	0.035197	0.035197	0.035197	0.035197	
679000	-68535.3	1,2,3,4,1,1	3.240976	5.860740	5.157735	6.384396	6.215353	5.860740	5.860740	1,1,2,1,1,2	0.632497	0.050291	0.311918	0.016565	0.621226	0.050291	0.311918	0.016565	0.621226	0.197977	0.401311	0.315186	0.085526	0.050291	0.311918	0.016565	0.621226	0.050291	0.311918	0.016565	0.621226	0.197977	0.401311	0.315186	0.085526	1,2,2,2,2,2	1.281043	0.070464	0.307973	0.296113	0.069854	0.057124	0.198473	0.181856	0.200762	0.007259	0.417695	0.167495	0.024933	0.181856	0.200762	0.007259	0.417695	0.167495	0.024933	0.181856	0.200762	0.007259	0.417695	0.167495	0.024933	0.181856	0.200762	0.007259	0.417695	0.167495	0.024933	0.181856	0.200762	0.007259	0.417695	0.167495	0.024933	1,1,1,1,1,1	1.639711	0.032054	0.032054	0.032054	0.032054	0.032054	0.032054	
680000	-68508.3	1,2,3,4,5,5	1.102954	5.767944	5.468742	6.480726	6.293977	5.760322	5.760322	1,1,2,1,1,2	1.084023	0.051760	0.313177	0.015208	0.619854	0.051760	0.313177	0.015208	0.619854	0.198860	0.403777	0.329154	0.068209	0.051760	0.313177	0.015208	0.619854	0.051760	0.313177	0.015208	0.619854	0.198860	0.403777	0.329154	0.068209	1,2,2,2,2,2	0.490732	0.040342	0.078319	0.306485	0.246681	0.066025	0.262149	0.188828	0.225413	0.009417	0.390724	0.160955	0.024663	0.188828	0.225413	0.009417	0.390724	0.160955	0.024663	0.188828	0.225413	0.009417	0.390724	0.160955	0.024663	0.188828	0.225413	0.009417	0.390724	0.160955	0.024663	0.188828	0.225413	0.009417	0.390724	0.160955	0.024663	1,1,1,1,1,1	1.024435	0.033784	0.033784	0.033784	0.033784	0.033784	0.033784	
681000	-68492.7	1,1,2,2,3,3	2.015391	5.440525	5.440525	6.369133	6.369133	6.029432	6.029432	1,1,2,1,1,2	0.651572	0.052255	0.309682	0.015169	0.622894	0.052255	0.309682	0.015169	0.622894	0.199572	0.402777	0.324287	0.073364	0.052255	0.309682	0.015169	0.622894	0.052255	0.309682	0.015169	0.622894	0.199572	0.402777	0.324287	0.073364	1,2,2,2,2,2	2.967894	0.078905	0.247884	0.244188	0.064373	0.061036	0.303614	0.189081	0.215811	0.001675	0.404541	0.167603	0.021290	0.189081	0.215811	0.001675	0.404541	0.167603	0.021290	0.189081	0.215811	0.001675	0.404541	0.167603	0.021290	0.189081	0.215811	0.001675	0.404541	0.167603	0.021290	0.189081	0.215811	0.001675	0.404541	0.167603	0.021290	1,1,1,1,1,1	0.276357	0.034415	0.034415	0.034415	0.034415	0.034415	0.034415	
682000	-68530.7	1,1,2,2,3,3	1.830648	5.266777	5.266777	6.302702	6.302702	6.031852	6.031852	1,1,2,1,1,2	1.660493	0.049642	0.310665	0.017335	0.622358	0.049642	0.310665	0.017335	0.622358	0.196596	0.406444	0.325394	0.071565	0.049642	0.310665	0.017335	0.622358	0.049642	0.310665	0.017335	0.622358	0.196596	0.406444	0.325394	0.071565	1,2,2,2,2,2	2.298080	0.159809	0.253812	0.233114	0.155753	0.066328	0.131185	0.184741	0.214297	0.007451	0.392366	0.177147	0.023998	0.184741	0.214297	0.007451	0.392366	0.177147	0.023998	0.184741	0.214297	0.007451	0.392366	0.177147	0.023998	0.184741	0.214297	0.007451	0.392366	0.177147	0.023998	0.184741	0.214297	0.007451	0.392366	0.177147	0.023998	1,1,1,1,1,1	0.888248	0.033665	0.033665	0.033665	0.033665	0.033665	0.033665	
683000	-68526.8	1,1,2,3,2,2	4.278988	5.285948	5.285948	5.945448	6.139094	5.945448	5.945448	1,1,2,1,1,2	1.143364	0.052203	0.308681	0.016489	0.622627	0.052203	0.308681	0.016489	0.622627	0.198555	0.412819	0.319259	0.069367	0.052203	0.308681	0.016489	0.622627	0.052203	0.308681	0.016489	0.622627	0.198555	0.412819	0.319259	0.069367	1,2,2,2,2,2	1.558492	0.031702	0.121086	0.256360	0.185463	0.143247	0.262142	0.192354	0.216070	0.004954	0.383017	0.174427	0.029180	0.192354	0.216070	0.004954	0.383017	0.174427	0.029180	0.192354	0.216070	0.004954	0.383017	0.174427	0.029180	0.192354	0.216070	0.004954	0.383017	0.174427	0.029180	0.192354	0.216070	0.004954	0.383017	0.174427	0.029180	1,1,1,1,1,1	1.018483	0.035080	0.035080	0.035080	0.035080	0.035080	0.035080	
684000	-68562	1,1,2,3,3,4	4.879601	5.239046	5.239046	6.333012	5.721298	5.721298	5.821035	1,1,2,1,1,2	1.715447	0.045510	0.307946	0.016340	0.630204	0.045510	0.307946	0.016340	0.630204	0.197148	0.407202	0.323910	0.071740	0.045510	0.307946	0.016340	0.630204	0.045510	0.307946	0.016340	0.630204	0.197148	0.407202	0.323910	0.071740	1,2,2,2,2,2	0.665684	0.082609	0.103053	0.389460	0.154864	0.138558	0.131455	0.193943	0.213033	0.006370	0.393929	0.164814	0.027912	0.193943	0.213033	0.006370	0.393929	0.164814	0.027912	0.193943	0.213033	0.006370	0.393929	0.164814	0.027912	0.193943	0.213033	0.006370	0.393929	0.164814	0.027912	0.193943	0.213033	0.006370	0.393929	0.164814	0.027912	1,1,1,1,1,1	1.484610	0.035750	0.035750	0.035750	0.035750	0.035750	0.035750	
685000	-68517	1,1,2,2,3,3	1.205518	5.229540	5.229540	6.348523	6.348523	5.754792	5.754792	1,1,2,1,1,2	1.625689	0.053164	0.315154	0.015733	0.615949	0.053164	0.315154	0.015733	0.615949	0.197226	0.403620	0.319155	0.080000	0.053164	0.315154	0.015733	0.615949	0.053164	0.315154	0.015733	0.615949	0.197226	0.403620	0.319155	0.080000	1,2,2,2,2,2	0.937279	0.006439	0.473424	0.059939	0.070707	0.034470	0.355021	0.183503	0.214337	0.006539	0.405978	0.169341	0.020303	0.183503	0.214337	0.006539	0.405978	0.169341	0.020303	0.183503	0.214337	0.006539	0.405978	0.169341	0.020303	0.183503	0.214337	0.006539	0.405978	0.169341	0.020303	0.183503	0.214337	0.006539	0.405978	0.169341	0.020303	1,1,1,1,1,1	1.001099	0.033993	0.033993	0.033993	0.033993	0.033993	0.033993	
686000	-68512.5	1,1,2,2,3,4	0.991883	5.397711	5.397711	6.292184	6.292184	6.104561	5.821812	1,1,2,1,1,2	0.913235	0.045740	0.311619	0.014404	0.628238	0.045740	0.311619	0.014404	0.628238	0.197643	0.410400	0.320524	0.071433	0.045740	0.311619	0.014404	0.628238	0.045740	0.311619	0.014404	0.628238	0.197643	0.410400	0.320524	0.071433	1,2,2,2,2,2	1.290143	0.038342	0.062000	0.372634	0.152823	0.073335	0.300866	0.190334	0.210244	0.006197	0.395891	0.174064	0.023271	0.190334	0.210244	0.006197	0.395891	0.174064	0.023271	0.190334	0.210244	0.006197	0.395891	0.174064	0.023271	0.190334	0.210244	0.006197	0.395891	0.174064	0.023271	0.190334	0.210244	0.006197	0.395891	0.174064	0.023271	1,1,1,1,1,1	0.196320	0.035143	0.035143	0.035143	0.035143	0.035143	0.035143	
687000	-68566.6	1,1,2,3,1,3	1.373315	5.750325	5.750325	6.413767	6.074585	5.750325	6.074585	1,1,2,1,1,2	1.285335	0.050749	0.310565	0.015757	0.622929	0.050749	0.310565	0.015757	0.622929	0.198760	0.407007	0.324079	0.070153	0.050749	0.310565	0.015757	0.622929	0.050749	0.310565	0.015757	0.622929	0.198760	0.407007	0.324079	0.070153	1,2,2,2,2,2	0.862291	0.176646	0.072254	0.348226	0.159274	0.060372	0.183227	0.197109	0.209338	0.003604	0.395672	0.171068	0.023210	0.197109	0.209338	0.003604	0.395672	0.171068	0.023210	0.197109	0.209338	0.003604	0.395672	0.171068	0.023210	0.197109	0.209338	0.003604	0.395672	0.171068	0.023210	0.197109	0.209338	0.003604	0.395672	0.171068	0.023210	1,1,1,1,1,1	1.002474	0.034920	0.034920	0.034920	0.034920	0.034920	0.034920	
688000	-68581.2	1,2,3,4,5,4	2.045110	4.946744	5.261021	6.377415	5.962672	5.911811	5.962672	1,1,2,1,1,2	0.948071	0.054601	0.304952	0.016470	0.623976	0.054601	0.304952	0.016470	0.623976	0.198764	0.410945	0.319543	0.070748	0.054601	0.304952	0.016470	0.623976	0.054601	0.304952	0.016470	0.623976	0.198764	0.410945	0.319543	0.070748	1,2,2,2,2,2	0.327118	0.049237	0.120998	0.162047	0.024156	0.147057	0.496505	0.196836	0.211597	0.004234	0.389484	0.175405	0.022444	0.196836	0.211597	0.004234	0.389484	0.175405	0.022444	0.196836	0.211597	0.004234	0.389484	0.175405	0.022444	0.196836	0.211597	0.004234	0.389484	0.175405	0.022444	0.196836	0.211597	0.004234	0.389484	0.175405	0.022444	1,1,1,1,1,1	0.821237	0.033640	0.033640	0.033640	0.033640	0.033640	0.033640	
689000	-68561.8	1,2,3,4,3,3	3.136171	5.098129	5.250891	5.967760	6.185084	5.967760	5.967760	1,1,2,1,1,2	1.422104	0.050140	0.309151	0.015580	0.625129	0.050140	0.309151	0.015580	0.625129	0.205895	0.407774	0.316590	0.069741	0.050140	0.309151	0.015580	0.625129	0.050140	0.309151	0.015580	0.625129	0.205895	0.407774	0.316590	0.069741	1,2,2,2,2,2	2.395690	0.187108	0.043671	0.143304	0.302944	0.096031	0.226942	0.183831	0.210397	0.009669	0.403458	0.166648	0.025997	0.183831	0.210397	0.009669	0.403458	0.166648	0.025997	0.183831	0.210397	0.009669	0.403458	0.166648	0.025997	0.183831	0.210397	0.009669	0.403458	0.166648	0.025997	0.183831	0.210397	0.009669	0.403458	0.166648	0.025997	1,1,1,1,1,1	0.308733	0.034053	0.034053	0.034053	0.034053	0.034053	0.034053	
690000	-68486.4	1,2,3,4,5,6	3.027317	5.616616	5.419113	6.339723	6.157994	5.653015	5.792792	1,1,2,1,1,2	3.006449	0.051667	0.312292	0.015040	0.621001	0.051667	0.312292	0.015040	0.621001	0.196452	0.404878	0.328532	0.070137	0.051667	0.312292	0.015040	0.621001	0.051667	0.312292	0.015040	0.621001	0.196452	0.404878	0.328532	0.070137	1,2,2,2,2,2	2.306904	0.090897	0.136274	0.106807	0.329187	0.044278	0.292557	0.194437	0.202838	0.005792	0.386405	0.180836	0.029692	0.194437	0.202838	0.005792	0.386405	0.180836	0.029692	0.194437	0.202838	0.005792	0.386405	0.180836	0.029692	0.194437	0.202838	0.005792	0.386405	0.180836	0.029692	0.194437	0.202838	0.005792	0.386405	0.180836	0.029692	1,1,1,1,2,2	1.258472	0.036300	0.036300	0.036300	0.036300	0.028098	0.028098	
691000	-68507.6	1,2,3,3,1,1	0.909259	5.850697	5.346530	6.103912	6.103912	5.850697	5.850697	1,1,2,1,1,2	0.660725	0.049247	0.311688	0.014383	0.624683	0.049247	0.311688	0.014383	0.624683	0.195045	0.410641	0.323967	0.070347	0.049247	0.311688	0.014383	0.624683	0.049247	0.311688	0.014383	0.624683	0.195045	0.410641	0.323967	0.070347	1,2,2,2,2,2	1.051098	0.013964	0.270505	0.225253	0.006073	0.072157	0.412049	0.182426	0.221717	0.004956	0.393631	0.162533	0.034736	0.182426	0.221717	0.004956	0.393631	0.162533	0.034736	0.182426	0.221717	0.004956	0.393631	0.162533	0.034736	0.182426	0.221717	0.004956	0.393631	0.162533	0.034736	0.182426	0.221717	0.004956	0.393631	0.162533	0.034736	1,1,1,1,1,1	0.605851	0.035905	0.035905	0.035905	0.035905	0.035905	0.035905	
692000	-68588.2	1,1,2,2,3,3	3.263082	5.426099	5.426099	6.239196	6.239196	5.935639	5.935639	1,1,2,1,1,2	2.960395	0.052525	0.309758	0.016472	0.621245	0.052525	0.309758	0.016472	0.621245	0.195408	0.407226	0.327382	0.069984	0.052525	0.309758	0.016472	0.621245	0.052525	0.309758	0.016472	0.621245	0.195408	0.407226	0.327382	0.069984	1,2,2,2,2,2	0.584320	0.127099	0.225267	0.243821	0.290324	0.062308	0.051180	0.181365	0.214790	0.007988	0.397738	0.175233	0.022887	0.181365	0.214790	0.007988	0.397738	0.175233	0.022887	0.181365	0.214790	0.007988	0.397738	0.175233	0.022887	0.181365	0.214790	0.007988	0.397738	0.175233	0.022887	0.181365	0.214790	0.007988	0.397738	0.175233	0.022887	1,2,1,1,3,2	2.163351	0.040550	0.027719	0.040550	0.040550	0.026498	0.027719	
693000	-68572.9	1,1,2,2,3,3	1.537917	5.430635	5.430635	6.396604	6.396604	5.938902	5.938902	1,1,2,1,1,2	2.345235	0.052363	0.317205	0.019946	0.610487	0.052363	0.317205	0.019946	0.610487	0.200435	0.416348	0.317197	0.066020	0.052363	0.317205	0.019946	0.610487	0.052363	0.317205	0.019946	0.610487	0.200435	0.416348	0.317197	0.066020	1,2,2,2,2,2	2.590428	0.120892	0.108821	0.365880	0.167944	0.113152	0.123312	0.193679	0.211885	0.006921	0.386586	0.175776	0.025154	0.193679	0.211885	0.006921	0.386586	0.175776	0.025154	0.193679	0.211885	0.006921	0.386586	0.175776	0.025154	0.193679	0.211885	0.006921	0.386586	0.175776	0.025154	0.193679	0.211885	0.006921	0.386586	0.175776	0.025154	1,1,1,1,2,1	1.470548	0.036394	0.036394	0.036394	0.036394	0.011104	0.036394	
694000	-68553.6	1,1,2,2,3,3	2.609920	5.418741	5.418741	6.402099	6.402099	5.921123	5.921123	1,1,2,1,1,2	2.300288	0.057100	0.307164	0.016352	0.619383	0.057100	0.307164	0.016352	0.619383	0.199933	0.400990	0.319746	0.079330	0.057100	0.307164	0.016352	0.619383	0.057100	0.307164	0.016352	0.619383	0.199933	0.400990	0.319746	0.079330	1,2,2,2,2,2	1.473707	0.087441	0.139642	0.097521	0.313603	0.076864	0.284929	0.183277	0.207705	0.007169	0.404076	0.176252	0.021521	0.183277	0.207705	0.007169	0.404076	0.176252	0.021521	0.183277	0.207705	0.007169	0.404076	0.176252	0.021521	0.183277	0.207705	0.007169	0.404076	0.176252	0.021521	0.183277	0.207705	0.007169	0.404076	0.176252	0.021521	1,1,1,1,1,1	0.052678	0.033439	0.033439	0.033439	0.033439	0.033439	0.033439	
695000	-68570.9	1,2,1,3,4,4	1.455011	6.649883	5.730376	6.649883	6.186802	5.964752	5.964752	1,1,2,1,1,2	0.762164	0.053227	0.308076	0.015445	0.623252	0.053227	0.308076	0.015445	0.623252	0.195906	0.412463	0.318537	0.073093	0.053227	0.308076	0.015445	0.623252	0.053227	0.308076	0.015445	0.623252	0.195906	0.412463	0.318537	0.073093	1,2,2,2,2,2	2.733712	0.025683	0.461451	0.113286	0.329100	0.023942	0.046538	0.185948	0.224621	0.004798	0.399590	0.169550	0.015493	0.185948	0.224621	0.004798	0.399590	0.169550	0.015493	0.185948	0.224621	0.004798	0.399590	0.169550	0.015493	0.185948	0.224621	0.004798	0.399590	0.169550	0.015493	0.185948	0.224621	0.004798	0.399590	0.169550	0.015493	1,1,1,1,1,1	2.541235	0.033554	0.033554	0.033554	0.033554	0.033554	0.033554	
696000	-68595.6	1,2,3,4,2,5	2.081278	5.705341	5.605504	6.554290	6.363652	5.605504	5.888740	1,1,2,1,1,2	2.385792	0.050777	0.308482	0.015558	0.625183	0.050777	0.308482	0.015558	0.625183	0.194373	0.406602	0.322904	0.076121	0.050777	0.308482	0.015558	0.625183	0.050777	0.308482	0.015558	0.625183	0.194373	0.406602	0.322904	0.076121	1,2,2,2,2,2	0.817221	0.040349	0.345247	0.117313	0.439839	0.050773	0.006479	0.188745	0.214946	0.003727	0.407143	0.167153	0.018287	0.188745	0.214946	0.003727	0.407143	0.167153	0.018287	0.188745	0.214946	0.003727	0.407143	0.167153	0.018287	0.188745	0.214946	0.003727	0.407143	0.167153	0.018287	0.188745	0.214946	0.003727	0.407143	0.167153	0.018287	1,1,1,1,1,1	0.643426	0.036242	0.036242	0.036242	0.036242	0.036242	0.036242	
697000	-68574.5	1,2,3,3,3,3	2.419289	5.585078	5.540259	6.049016	6.049016	6.049016	6.049016	1,1,2,1,1,2	0.953709	0.052195	0.311784	0.015585	0.620435	0.052195	0.311784	0.015585	0.620435	0.203283	0.396946	0.319779	0.079993	0.052195	0.311784	0.015585	0.620435	0.052195	0.311784	0.015585	0.620435	0.203283	0.396946	0.319779	0.079993	1,2,2,2,2,2	1.123746	0.119020	0.447962	0.084276	0.114123	0.031701	0.202918	0.198994	0.206711	0.003762	0.400349	0.173381	0.016802	0.198994	0.206711	0.003762	0.400349	0.173381	0.016802	0.198994	0.206711	0.003762	0.400349	0.173381	0.016802	0.198994	0.206711	0.003762	0.400349	0.173381	0.016802	0.198994	0.206711	0.003762	0.400349	0.173381	0.016802	1,1,1,1,1,1	0.347924	0.036646	0.036646	0.036646	0.036646	0.036646	0.036646	
698000	-68487.1	1,1,2,2,3,3	1.549844	5.232801	5.232801	6.337507	6.337507	6.004524	6.004524	1,1,2,1,1,2	1.366979	0.052244	0.312397	0.016054	0.619305	0.052244	0.312397	0.016054	0.619305	0.194321	0.408135	0.323704	0.073840	0.052244	0.312397	0.016054	0.619305	0.052244	0.312397	0.016054	0.619305	0.194321	0.408135	0.323704	0.073840	1,2,2,2,2,2	0.583340	0.089612	0.209957	0.186097	0.101325	0.089951	0.323058	0.191968	0.223829	0.004083	0.382327	0.171257	0.026535	0.191968	0.223829	0.004083	0.382327	0.171257	0.026535	0.191968	0.223829	0.004083	0.382327	0.171257	0.026535	0.191968	0.223829	0.004083	0.382327	0.171257	0.026535	0.191968	0.223829	0.004083	0.382327	0.171257	0.026535	1,1,1,1,1,1	0.318334	0.029983	0.029983	0.029983	0.029983	0.029983	0.029983	
699000	-68611.9	1,2,3,4,5,5	2.767485	5.265053	5.413098	6.385047	6.099166	5.940498	5.940498	1,1,2,1,1,2	0.669051	0.052150	0.309219	0.017037	0.621594	0.052150	0.309219	0.017037	0.621594	0.202725	0.395934	0.323359	0.077982	0.052150	0.309219	0.017037	0.621594	0.052150	0.309219	0.017037	0.621594	0.202725	0.395934	0.323359	0.077982	1,2,2,2,2,2	1.834487	0.258757	0.038295	0.248754	0.106510	0.167458	0.180226	0.187943	0.217209	0.004456	0.393819	0.173463	0.023109	0.187943	0.217209	0.004456	0.393819	0.173463	0.023109	0.187943	0.217209	0.004456	0.393819	0.173463	0.023109	0.187943	0.217209	0.004456	0.393819	0.173463	0.023109	0.187943	0.217209	0.004456	0.393819	0.173463	0.023109	1,1,1,1,1,1	0.737961	0.031465	0.031465	0.031465	0.031465	0.031465	0.031465	
700000	-68607.4	1,1,2,2,3,4	4.056534	5.521838	5.521838	6.470265	6.470265	5.918322	6.289017	1,1,2,1,1,2	0.675001	0.051568	0.312283	0.017151	0.618998	0.051568	0.312283	0.017151	0.618998	0.196175	0.405636	0.323837	0.074352	0.051568	0.312283	0.017151	0.618998	0.051568	0.312283	0.017151	0.618998	0.196175	0.405636	0.323837	0.074352	1,2,2,2,2,2	1.116323	0.332119	0.053760	0.206751	0.032206	0.090101	0.285064	0.189426	0.219203	0.004268	0.399813	0.163746	0.023544	0.189426	0.219203	0.004268	0.399813	0.163746	0.023544	0.189426	0.219203	0.004268	0.399813	0.163746	0.023544	0.189426	0.219203	0.004268	0.399813	0.163746	0.023544	0.189426	0.219203	0.004268	0.399813	0.163746	0.023544	1,1,1,1,1,1	1.382179	0.031415	0.031415	0.031415	0.031415	0.031415	0.031415	
701000	-68567.7	1,2,3,4,3,3	2.292081	5.354167	5.363289	6.008882	6.323029	6.008882	6.008882	1,1,2,1,1,2	0.514117	0.051916	0.310045	0.015166	0.622873	0.051916	0.310045	0.015166	0.622873	0.206427	0.397971	0.318822	0.076780	0.051916	0.310045	0.015166	0.622873	0.051916	0.310045	0.015166	0.622873	0.206427	0.397971	0.318822	0.076780	1,2,2,2,2,2	0.866717	0.007806	0.038077	0.143907	0.314734	0.029892	0.465584	0.187370	0.213326	0.004359	0.404526	0.171876	0.018543	0.187370	0.213326	0.004359	0.404526	0.171876	0.018543	0.187370	0.213326	0.004359	0.404526	0.171876	0.018543	0.187370	0.213326	0.004359	0.404526	0.171876	0.018543	0.187370	0.213326	0.004359	0.404526	0.171876	0.018543	1,1,1,1,1,1	0.148321	0.035817	0.035817	0.035817	0.035817	0.035817	0.035817	
702000	-68572.5	1,2,3,3,4,4	1.523147	5.057972	5.365936	6.584543	6.584543	5.831247	5.831247	1,1,2,1,1,2	1.275426	0.049976	0.306900	0.017237	0.625887	0.049976	0.306900	0.017237	0.625887	0.196475	0.402459	0.327301	0.073765	0.049976	0.306900	0.017237	0.625887	0.049976	0.306900	0.017237	0.625887	0.196475	0.402459	0.327301	0.073765	1,2,2,2,2,2	0.516944	0.077766	0.226753	0.248788	0.010074	0.156145	0.280474	0.187689	0.216744	0.005979	0.394768	0.176815	0.018006	0.187689	0.216744	0.005979	0.394768	0.176815	0.018006	0.187689	0.216744	0.005979	0.394768	0.176815	0.018006	0.187689	0.216744	0.005979	0.394768	0.176815	0.018006	0.187689	0.216744	0.005979	0.394768	0.176815	0.018006	1,1,1,1,1,1	0.861674	0.033568	0.033568	0.033568	0.033568	0.033568	0.033568	
703000	-68534.4	1,1,2,2,3,3	2.855611	5.427496	5.427496	6.436972	6.436972	6.052884	6.052884	1,1,2,1,1,2	2.727902	0.051275	0.315288	0.014810	0.618627	0.051275	0.315288	0.014810	0.618627	0.202501	0.395014	0.321549	0.080936	0.051275	0.315288	0.014810	0.618627	0.051275	0.315288	0.014810	0.618627	0.202501	0.395014	0.321549	0.080936	1,2,2,2,2,2	0.819892	0.017868	0.185003	0.138292	0.091818	0.098525	0.468493	0.183932	0.218676	0.004634	0.399630	0.164355	0.028772	0.183932	0.218676	0.004634	0.399630	0.164355	0.028772	0.183932	0.218676	0.004634	0.399630	0.164355	0.028772	0.183932	0.218676	0.004634	0.399630	0.164355	0.028772	0.183932	0.218676	0.004634	0.399630	0.164355	0.028772	1,1,1,1,1,1	0.495976	0.032427	0.032427	0.032427	0.032427	0.032427	0.032427	
704000	-68644.4	1,1,2,3,3,3	1.430168	5.312892	5.312892	6.234810	5.962636	5.962636	5.962636	1,1,2,1,1,2	1.671742	0.053009	0.304764	0.017114	0.625113	0.053009	0.304764	0.017114	0.625113	0.196708	0.404453	0.324434	0.074405	0.053009	0.304764	0.017114	0.625113	0.053009	0.304764	0.017114	0.625113	0.196708	0.404453	0.324434	0.074405	1,2,2,2,2,2	0.515664	0.260446	0.081573	0.115786	0.144715	0.122382	0.275099	0.184031	0.227086	0.002288	0.406012	0.168625	0.011959	0.184031	0.227086	0.002288	0.406012	0.168625	0.011959	0.184031	0.227086	0.002288	0.406012	0.168625	0.011959	0.184031	0.227086	0.002288	0.406012	0.168625	0.011959	0.184031	0.227086	0.002288	0.406012	0.168625	0.011959	1,1,1,1,1,1	0.765302	0.034051	0.034051	0.034051	0.034051	0.034051	0.034051	
705000	-68486.4	1,1,2,3,4,4	4.235786	5.401124	5.401124	6.254462	6.157852	5.821884	5.821884	1,1,2,1,1,2	1.386385	0.048830	0.312597	0.016289	0.622284	0.048830	0.312597	0.016289	0.622284	0.201319	0.407752	0.320798	0.070131	0.048830	0.312597	0.016289	0.622284	0.048830	0.312597	0.016289	0.622284	0.201319	0.407752	0.320798	0.070131	1,2,2,2,2,2	0.995800	0.061073	0.193911	0.152365	0.355511	0.051813	0.185327	0.194026	0.223626	0.003972	0.377896	0.167905	0.032576	0.194026	0.223626	0.003972	0.377896	0.167905	0.032576	0.194026	0.223626	0.003972	0.377896	0.167905	0.032576	0.194026	0.223626	0.003972	0.377896	0.167905	0.032576	0.194026	0.223626	0.003972	0.377896	0.167905	0.032576	1,1,1,1,1,1	1.183065	0.035545	0.035545	0.035545	0.035545	0.035545	0.035545	
706000	-68552.3	1,2,3,1,1,4	2.077801	6.142001	5.251383	6.291981	6.142001	6.142001	5.813406	1,1,2,1,1,2	2.115459	0.048529	0.305086	0.015611	0.630775	0.048529	0.305086	0.015611	0.630775	0.198293	0.397581	0.327132	0.076994	0.048529	0.305086	0.015611	0.630775	0.048529	0.305086	0.015611	0.630775	0.198293	0.397581	0.327132	0.076994	1,2,2,2,2,2	1.162700	0.082776	0.193701	0.089657	0.400415	0.022350	0.211101	0.190900	0.201769	0.003638	0.409899	0.169400	0.024394	0.190900	0.201769	0.003638	0.409899	0.169400	0.024394	0.190900	0.201769	0.003638	0.409899	0.169400	0.024394	0.190900	0.201769	0.003638	0.409899	0.169400	0.024394	0.190900	0.201769	0.003638	0.409899	0.169400	0.024394	1,1,1,1,1,1	0.718580	0.030846	0.030846	0.030846	0.030846	0.030846	0.030846	
707000	-68563.8	1,1,2,2,3,4	1.375264	5.140196	5.140196	6.335424	6.335424	5.661260	5.948781	1,1,2,1,1,2	1.654090	0.047263	0.310547	0.014682	0.627508	0.047263	0.310547	0.014682	0.627508	0.199131	0.402701	0.324780	0.073388	0.047263	0.310547	0.014682	0.627508	0.047263	0.310547	0.014682	0.627508	0.199131	0.402701	0.324780	0.073388	1,2,2,2,2,2	0.409165	0.066334	0.696218	0.081440	0.029826	0.020160	0.106022	0.189245	0.206657	0.005934	0.409070	0.170552	0.018541	0.189245	0.206657	0.005934	0.409070	0.170552	0.018541	0.189245	0.206657	0.005934	0.409070	0.170552	0.018541	0.189245	0.206657	0.005934	0.409070	0.170552	0.018541	0.189245	0.206657	0.005934	0.409070	0.170552	0.018541	1,1,2,2,2,2	0.450688	0.046357	0.046357	0.038416	0.038416	0.038416	0.038416	
708000	-68685.7	1,2,3,4,5,6	2.529204	6.090867	5.606318	6.388011	6.263044	6.185803	5.897006	1,1,2,1,1,2	1.492563	0.050694	0.310306	0.015921	0.623079	0.050694	0.310306	0.015921	0.623079	0.203286	0.398283	0.322868	0.075563	0.050694	0.310306	0.015921	0.623079	0.050694	0.310306	0.015921	0.623079	0.203286	0.398283	0.322868	0.075563	1,2,2,2,2,2	1.523523	0.173895	0.166972	0.232105	0.358196	0.038893	0.029939	0.187358	0.210038	0.003603	0.409059	0.170657	0.019284	0.187358	0.210038	0.003603	0.409059	0.170657	0.019284	0.187358	0.210038	0.003603	0.409059	0.170657	0.019284	0.187358	0.210038	0.003603	0.409059	0.170657	0.019284	0.187358	0.210038	0.003603	0.409059	0.170657	0.019284	1,1,1,1,1,1	1.350501	0.031684	0.031684	0.031684	0.031684	0.031684	0.031684	
709000	-68558.8	1,2,3,3,1,1	0.392315	5.758442	5.258775	6.053103	6.053103	5.758442	5.758442	1,1,2,1,1,2	1.298248	0.050854	0.312533	0.017065	0.619548	0.050854	0.312533	0.017065	0.619548	0.197134	0.403480	0.321846	0.077539	0.050854	0.312533	0.017065	0.619548	0.050854	0.312533	0.017065	0.619548	0.197134	0.403480	0.321846	0.077539	1,2,2,2,2,2	0.732076	0.170252	0.038061	0.228947	0.170891	0.047045	0.344803	0.193009	0.207979	0.003654	0.392502	0.177648	0.025208	0.193009	0.207979	0.003654	0.392502	0.177648	0.025208	0.193009	0.207979	0.003654	0.392502	0.177648	0.025208	0.193009	0.207979	0.003654	0.392502	0.177648	0.025208	0.193009	0.207979	0.003654	0.392502	0.177648	0.025208	1,1,1,1,1,1	0.554812	0.031313	0.031313	0.031313	0.031313	0.031313	0.031313	
710000	-68588.7	1,2,3,4,4,4	0.883998	5.176418	5.289462	6.359666	5.991242	5.991242	5.991242	1,1,2,1,1,2	1.649189	0.055761	0.307318	0.016947	0.619973	0.055761	0.307318	0.016947	0.619973	0.197803	0.403655	0.324355	0.074187	0.055761	0.307318	0.016947	0.619973	0.055761	0.307318	0.016947	0.619973	0.197803	0.403655	0.324355	0.074187	1,2,2,2,2,2	0.979372	0.013037	0.297773	0.281355	0.076174	0.157031	0.174631	0.187575	0.219671	0.005747	0.392831	0.172379	0.021797	0.187575	0.219671	0.005747	0.392831	0.172379	0.021797	0.187575	0.219671	0.005747	0.392831	0.172379	0.021797	0.187575	0.219671	0.005747	0.392831	0.172379	0.021797	0.187575	0.219671	0.005747	0.392831	0.172379	0.021797	1,1,1,1,1,1	0.428588	0.034091	0.034091	0.034091	0.034091	0.034091	0.034091	
711000	-68592.6	1,1,2,2,3,3	1.313238	5.240619	5.240619	6.515430	6.515430	6.023949	6.023949	1,1,2,1,1,2	1.236859	0.046346	0.317968	0.016038	0.619647	0.046346	0.317968	0.016038	0.619647	0.194001	0.408884	0.327041	0.070074	0.046346	0.317968	0.016038	0.619647	0.046346	0.317968	0.016038	0.619647	0.194001	0.408884	0.327041	0.070074	1,2,2,2,2,2	1.057101	0.206326	0.060494	0.240978	0.325119	0.057579	0.109504	0.202180	0.214003	0.002125	0.390745	0.171460	0.019487	0.202180	0.214003	0.002125	0.390745	0.171460	0.019487	0.202180	0.214003	0.002125	0.390745	0.171460	0.019487	0.202180	0.214003	0.002125	0.390745	0.171460	0.019487	0.202180	0.214003	0.002125	0.390745	0.171460	0.019487	1,1,1,1,1,1	1.852144	0.033489	0.033489	0.033489	0.033489	0.033489	0.033489	
712000	-68544.2	1,1,2,2,3,3	1.125197	5.561676	5.561676	6.392041	6.392041	6.028907	6.028907	1,1,2,1,1,2	1.506867	0.053253	0.308394	0.014762	0.623592	0.053253	0.308394	0.014762	0.623592	0.194252	0.407300	0.322954	0.075494	0.053253	0.308394	0.014762	0.623592	0.053253	0.308394	0.014762	0.623592	0.194252	0.407300	0.322954	0.075494	1,2,2,2,2,2	1.223948	0.067816	0.520904	0.188531	0.087915	0.044854	0.089980	0.180567	0.222010	0.004726	0.403606	0.164824	0.024267	0.180567	0.222010	0.004726	0.403606	0.164824	0.024267	0.180567	0.222010	0.004726	0.403606	0.164824	0.024267	0.180567	0.222010	0.004726	0.403606	0.164824	0.024267	0.180567	0.222010	0.004726	0.403606	0.164824	0.024267	1,1,1,1,1,1	1.246507	0.034376	0.034376	0.034376	0.034376	0.034376	0.034376	
713000	-68604.3	1,2,3,4,5,4	3.858273	5.258491	5.343459	6.452020	6.193438	6.140878	6.193438	1,1,2,1,1,2	1.495711	0.046786	0.310733	0.017545	0.624936	0.046786	0.310733	0.017545	0.624936	0.194571	0.407799	0.329546	0.068084	0.046786	0.310733	0.017545	0.624936	0.046786	0.310733	0.017545	0.624936	0.194571	0.407799	0.329546	0.068084	1,2,2,2,2,2	0.748458	0.305187	0.098588	0.192993	0.065637	0.068601	0.268994	0.189349	0.229414	0.004995	0.384960	0.174771	0.016510	0.189349	0.229414	0.004995	0.384960	0.174771	0.016510	0.189349	0.229414	0.004995	0.384960	0.174771	0.016510	0.189349	0.229414	0.004995	0.384960	0.174771	0.016510	0.189349	0.229414	0.004995	0.384960	0.174771	0.016510	1,1,1,1,1,1	1.496605	0.036365	0.036365	0.036365	0.036365	0.036365	0.036365	
714000	-68598.9	1,2,3,3,4,1	0.691667	5.884594	5.499575	6.279176	6.279176	5.808719	5.884594	1,1,2,1,1,2	1.330374	0.048943	0.308338	0.016019	0.626699	0.048943	0.308338	0.016019	0.626699	0.192447	0.412857	0.324292	0.070404	0.048943	0.308338	0.016019	0.626699	0.048943	0.308338	0.016019	0.626699	0.192447	0.412857	0.324292	0.070404	1,2,2,2,2,2	2.025898	0.134214	0.367850	0.144943	0.131223	0.085801	0.135969	0.183796	0.226418	0.009195	0.386877	0.166689	0.027025	0.183796	0.226418	0.009195	0.386877	0.166689	0.027025	0.183796	0.226418	0.009195	0.386877	0.166689	0.027025	0.183796	0.226418	0.009195	0.386877	0.166689	0.027025	0.183796	0.226418	0.009195	0.386877	0.166689	0.027025	1,1,1,2,2,1	0.679705	0.033791	0.033791	0.033791	0.029003	0.029003	0.033791	
715000	-68515.9	1,1,2,3,4,4	2.309145	5.439153	5.439153	6.520947	6.216273	6.080342	6.080342	1,1,2,1,1,2	1.495247	0.049043	0.313776	0.015618	0.621563	0.049043	0.313776	0.015618	0.621563	0.195380	0.407373	0.317868	0.079378	0.049043	0.313776	0.015618	0.621563	0.049043	0.313776	0.015618	0.621563	0.195380	0.407373	0.317868	0.079378	1,2,2,2,2,2	1.134980	0.052659	0.526644	0.150501	0.050842	0.071349	0.148006	0.191036	0.211655	0.005834	0.408248	0.168104	0.015122	0.191036	0.211655	0.005834	0.408248	0.168104	0.015122	0.191036	0.211655	0.005834	0.408248	0.168104	0.015122	0.191036	0.211655	0.005834	0.408248	0.168104	0.015122	0.191036	0.211655	0.005834	0.408248	0.168104	0.015122	1,1,1,1,1,1	1.220498	0.035996	0.035996	0.035996	0.035996	0.035996	0.035996	
716000	-68556.1	1,2,3,3,3,4	1.438996	5.553656	5.479620	6.329402	6.329402	6.329402	5.912230	1,1,2,1,1,2	0.960272	0.051395	0.307577	0.016689	0.624340	0.051395	0.307577	0.016689	0.624340	0.192532	0.406242	0.324330	0.076895	0.051395	0.307577	0.016689	0.624340	0.051395	0.307577	0.016689	0.624340	0.192532	0.406242	0.324330	0.076895	1,2,2,2,2,2	1.399879	0.069639	0.038538	0.464501	0.004397	0.148628	0.274297	0.191759	0.212058	0.003837	0.393476	0.174577	0.024293	0.191759	0.212058	0.003837	0.393476	0.174577	0.024293	0.191759	0.212058	0.003837	0.393476	0.174577	0.024293	0.191759	0.212058	0.003837	0.393476	0.174577	0.024293	0.191759	0.212058	0.003837	0.393476	0.174577	0.024293	1,1,1,1,1,2	1.722624	0.036168	0.036168	0.036168	0.036168	0.036168	0.003132	
717000	-68606.9	1,2,3,3,3,4	1.538050	5.296945	5.552378	6.131424	6.131424	6.131424	5.923037	1,1,2,1,1,2	1.169363	0.048011	0.319819	0.015740	0.616430	0.048011	0.319819	0.015740	0.616430	0.206729	0.402734	0.316645	0.073892	0.048011	0.319819	0.015740	0.616430	0.048011	0.319819	0.015740	0.616430	0.206729	0.402734	0.316645	0.073892	1,2,2,2,2,2	0.712535	0.000821	0.211560	0.153861	0.140623	0.119433	0.373703	0.172276	0.218000	0.005641	0.415398	0.168880	0.019806	0.172276	0.218000	0.005641	0.415398	0.168880	0.019806	0.172276	0.218000	0.005641	0.415398	0.168880	0.019806	0.172276	0.218000	0.005641	0.415398	0.168880	0.019806	0.172276	0.218000	0.005641	0.415398	0.168880	0.019806	1,1,1,1,1,1	0.861470	0.033264	0.033264	0.033264	0.033264	0.033264	0.033264	
718000	-68546.6	1,1,2,2,3,3	3.179507	5.265032	5.265032	6.321403	6.321403	5.872723	5.872723	1,1,2,1,1,2	1.299903	0.050835	0.304857	0.018511	0.625797	0.050835	0.304857	0.018511	0.625797	0.193468	0.400646	0.333916	0.071970	0.050835	0.304857	0.018511	0.625797	0.050835	0.304857	0.018511	0.625797	0.193468	0.400646	0.333916	0.071970	1,2,2,2,2,2	0.687933	0.233917	0.050460	0.246993	0.090524	0.077803	0.300303	0.201616	0.200861	0.002127	0.391416	0.178349	0.025630	0.201616	0.200861	0.002127	0.391416	0.178349	0.025630	0.201616	0.200861	0.002127	0.391416	0.178349	0.025630	0.201616	0.200861	0.002127	0.391416	0.178349	0.025630	0.201616	0.200861	0.002127	0.391416	0.178349	0.025630	1,1,1,1,1,1	0.637385	0.035947	0.035947	0.035947	0.035947	0.035947	0.035947	
719000	-68523.3	1,2,3,3,3,4	1.695354	5.122971	5.576497	6.251500	6.251500	6.251500	5.825282	1,1,2,1,1,2	1.263036	0.048481	0.310236	0.015497	0.625785	0.048481	0.310236	0.015497	0.625785	0.191981	0.410694	0.321065	0.076260	0.048481	0.310236	0.015497	0.625785	0.048481	0.310236	0.015497	0.625785	0.191981	0.410694	0.321065	0.076260	1,2,2,2,2,2	2.418087	0.082169	0.323821	0.204623	0.079973	0.045363	0.264051	0.201839	0.202816	0.000517	0.397416	0.172053	0.025358	0.201839	0.202816	0.000517	0.397416	0.172053	0.025358	0.201839	0.202816	0.000517	0.397416	0.172053	0.025358	0.201839	0.202816	0.000517	0.397416	0.172053	0.025358	0.201839	0.202816	0.000517	0.397416	0.172053	0.025358	1,1,1,1,1,1	0.864051	0.035321	0.035321	0.035321	0.035321	0.035321	0.035321	
720000	-68579.8	1,2,1,1,3,4	1.339018	6.231805	5.576098	6.231805	6.231805	5.978893	5.814428	1,1,2,1,1,2	1.367710	0.049334	0.311119	0.014801	0.624747	0.049334	0.311119	0.014801	0.624747	0.195312	0.399331	0.327675	0.077682	0.049334	0.311119	0.014801	0.624747	0.049334	0.311119	0.014801	0.624747	0.195312	0.399331	0.327675	0.077682	1,2,2,2,2,2	1.303782	0.009892	0.002930	0.092739	0.798753	0.046273	0.049413	0.196588	0.220944	0.000517	0.391161	0.173077	0.017714	0.196588	0.220944	0.000517	0.391161	0.173077	0.017714	0.196588	0.220944	0.000517	0.391161	0.173077	0.017714	0.196588	0.220944	0.000517	0.391161	0.173077	0.017714	0.196588	0.220944	0.000517	0.391161	0.173077	0.017714	1,1,1,1,1,1	0.610176	0.028974	0.028974	0.028974	0.028974	0.028974	0.028974	
721000	-68498.1	1,2,3,3,4,4	1.704498	5.457883	5.484219	6.380039	6.380039	6.076511	6.076511	1,1,2,1,1,2	0.190406	0.058940	0.305505	0.016856	0.618699	0.058940	0.305505	0.016856	0.618699	0.199264	0.401975	0.328692	0.070068	0.058940	0.305505	0.016856	0.618699	0.058940	0.305505	0.016856	0.618699	0.199264	0.401975	0.328692	0.070068	1,2,2,2,2,2	3.361572	0.077328	0.059195	0.271401	0.056781	0.085369	0.449926	0.186717	0.214991	0.003924	0.399025	0.180546	0.014797	0.186717	0.214991	0.003924	0.399025	0.180546	0.014797	0.186717	0.214991	0.003924	0.399025	0.180546	0.014797	0.186717	0.214991	0.003924	0.399025	0.180546	0.014797	0.186717	0.214991	0.003924	0.399025	0.180546	0.014797	1,1,1,1,1,1	0.511940	0.033864	0.033864	0.033864	0.033864	0.033864	0.033864	
722000	-68537.8	1,2,3,3,1,4	1.422671	5.821706	5.457820	6.477130	6.477130	5.821706	6.031072	1,1,2,1,1,2	1.256223	0.053320	0.307967	0.018156	0.620557	0.053320	0.307967	0.018156	0.620557	0.201842	0.402613	0.323346	0.072199	0.053320	0.307967	0.018156	0.620557	0.053320	0.307967	0.018156	0.620557	0.201842	0.402613	0.323346	0.072199	1,2,2,2,2,2	1.020883	0.030931	0.281317	0.083348	0.018748	0.066505	0.519150	0.188646	0.215853	0.007047	0.396981	0.177714	0.013759	0.188646	0.215853	0.007047	0.396981	0.177714	0.013759	0.188646	0.215853	0.007047	0.396981	0.177714	0.013759	0.188646	0.215853	0.007047	0.396981	0.177714	0.013759	0.188646	0.215853	0.007047	0.396981	0.177714	0.013759	1,1,1,1,1,1	1.328876	0.034373	0.034373	0.034373	0.034373	0.034373	0.034373	
723000	-68587	1,1,2,3,4,5	7.213746	5.166883	5.166883	6.332333	5.958606	5.948657	6.047726	1,1,2,1,1,2	0.782000	0.047190	0.305531	0.016929	0.630349	0.047190	0.305531	0.016929	0.630349	0.198521	0.404681	0.319187	0.077611	0.047190	0.305531	0.016929	0.630349	0.047190	0.305531	0.016929	0.630349	0.198521	0.404681	0.319187	0.077611	1,2,2,2,2,2	1.671867	0.242873	0.133555	0.286745	0.112760	0.108548	0.115519	0.183292	0.213385	0.005280	0.410576	0.168134	0.019333	0.183292	0.213385	0.005280	0.410576	0.168134	0.019333	0.183292	0.213385	0.005280	0.410576	0.168134	0.019333	0.183292	0.213385	0.005280	0.410576	0.168134	0.019333	0.183292	0.213385	0.005280	0.410576	0.168134	0.019333	1,1,1,1,1,1	0.310093	0.033533	0.033533	0.033533	0.033533	0.033533	0.033533	
724000	-68533.8	1,1,2,2,3,4	1.854060	5.107311	5.107311	6.191176	6.191176	5.942636	5.621038	1,1,2,1,1,2	0.952084	0.057602	0.305596	0.016769	0.620033	0.057602	0.305596	0.016769	0.620033	0.202253	0.405069	0.325338	0.067340	0.057602	0.305596	0.016769	0.620033	0.057602	0.305596	0.016769	0.620033	0.202253	0.405069	0.325338	0.067340	1,2,2,2,2,2	1.243548	0.044593	0.021323	0.290824	0.216428	0.159075	0.267756	0.181578	0.225687	0.005462	0.387719	0.177665	0.021889	0.181578	0.225687	0.005462	0.387719	0.177665	0.021889	0.181578	0.225687	0.005462	0.387719	0.177665	0.021889	0.181578	0.225687	0.005462	0.387719	0.177665	0.021889	0.181578	0.225687	0.005462	0.387719	0.177665	0.021889	1,1,1,1,1,1	1.281939	0.034971	0.034971	0.034971	0.034971	0.034971	0.034971	
725000	-68546.1	1,2,3,3,3,3	1.645582	6.140855	5.589042	6.136726	6.136726	6.136726	6.136726	1,1,2,1,1,2	2.712367	0.048893	0.311047	0.014556	0.625503	0.048893	0.311047	0.014556	0.625503	0.191508	0.413047	0.316360	0.079085	0.048893	0.311047	0.014556	0.625503	0.048893	0.311047	0.014556	0.625503	0.191508	0.413047	0.316360	0.079085	1,2,2,2,2,2	1.683375	0.082011	0.165908	0.263999	0.109724	0.046009	0.332349	0.178672	0.210376	0.007441	0.416333	0.160267	0.026910	0.178672	0.210376	0.007441	0.416333	0.160267	0.026910	0.178672	0.210376	0.007441	0.416333	0.160267	0.026910	0.178672	0.210376	0.007441	0.416333	0.160267	0.026910	0.178672	0.210376	0.007441	0.416333	0.160267	0.026910	1,1,1,1,1,1	0.571319	0.032906	0.032906	0.032906	0.032906	0.032906	0.032906	
726000	-68480.5	1,1,2,2,2,3	1.876427	5.354164	5.354164	6.232891	6.232891	6.232891	6.084279	1,1,2,1,1,2	0.571072	0.049154	0.318759	0.014350	0.617736	0.049154	0.318759	0.014350	0.617736	0.202792	0.397128	0.321243	0.078837	0.049154	0.318759	0.014350	0.617736	0.049154	0.318759	0.014350	0.617736	0.202792	0.397128	0.321243	0.078837	1,2,2,2,2,2	1.229497	0.078822	0.079533	0.276557	0.079593	0.081563	0.403932	0.181972	0.222103	0.001928	0.409151	0.166094	0.018752	0.181972	0.222103	0.001928	0.409151	0.166094	0.018752	0.181972	0.222103	0.001928	0.409151	0.166094	0.018752	0.181972	0.222103	0.001928	0.409151	0.166094	0.018752	0.181972	0.222103	0.001928	0.409151	0.166094	0.018752	1,1,1,1,1,1	1.618275	0.033640	0.033640	0.033640	0.033640	0.033640	0.033640	
727000	-68524.4	1,1,2,3,4,4	1.337691	5.368460	5.368460	6.229838	6.276150	6.103658	6.103658	1,1,2,1,1,2	1.888500	0.055365	0.311636	0.016676	0.616323	0.055365	0.311636	0.016676	0.616323	0.203409	0.398319	0.322713	0.075559	0.055365	0.311636	0.016676	0.616323	0.055365	0.311636	0.016676	0.616323	0.203409	0.398319	0.322713	0.075559	1,2,2,2,2,2	0.930315	0.051003	0.016303	0.426202	0.164985	0.132052	0.209455	0.177806	0.223127	0.003631	0.403036	0.169076	0.023325	0.177806	0.223127	0.003631	0.403036	0.169076	0.023325	0.177806	0.223127	0.003631	0.403036	0.169076	0.023325	0.177806	0.223127	0.003631	0.403036	0.169076	0.023325	0.177806	0.223127	0.003631	0.403036	0.169076	0.023325	1,1,1,1,1,1	0.919278	0.031712	0.031712	0.031712	0.031712	0.031712	0.031712	
728000	-68617.2	1,2,3,3,1,4	1.130489	5.872486	5.297477	6.139786	6.139786	5.872486	5.901533	1,1,2,1,1,2	1.292573	0.051595	0.315396	0.019020	0.613990	0.051595	0.315396	0.019020	0.613990	0.195187	0.402040	0.329635	0.073138	0.051595	0.315396	0.019020	0.613990	0.051595	0.315396	0.019020	0.613990	0.195187	0.402040	0.329635	0.073138	1,2,2,2,2,2	1.296778	0.053241	0.232682	0.053237	0.223231	0.057378	0.380232	0.191052	0.209918	0.006465	0.394919	0.174846	0.022800	0.191052	0.209918	0.006465	0.394919	0.174846	0.022800	0.191052	0.209918	0.006465	0.394919	0.174846	0.022800	0.191052	0.209918	0.006465	0.394919	0.174846	0.022800	0.191052	0.209918	0.006465	0.394919	0.174846	0.022800	1,1,1,1,1,1	1.799876	0.036273	0.036273	0.036273	0.036273	0.036273	0.036273	
729000	-68552.4	1,2,3,3,4,5	1.575142	5.072846	5.602831	6.441820	6.441820	5.926353	5.702236	1,1,2,1,1,2	3.030120	0.047097	0.312337	0.016053	0.624513	0.047097	0.312337	0.016053	0.624513	0.194628	0.406703	0.322313	0.076357	0.047097	0.312337	0.016053	0.624513	0.047097	0.312337	0.016053	0.624513	0.194628	0.406703	0.322313	0.076357	1,2,2,2,2,2	2.138203	0.106166	0.164583	0.251425	0.099722	0.052832	0.325272	0.188974	0.219037	0.005775	0.393058	0.180233	0.012922	0.188974	0.219037	0.005775	0.393058	0.180233	0.012922	0.188974	0.219037	0.005775	0.393058	0.180233	0.012922	0.188974	0.219037	0.005775	0.393058	0.180233	0.012922	0.188974	0.219037	0.005775	0.393058	0.180233	0.012922	1,1,1,1,1,1	2.929099	0.033635	0.033635	0.033635	0.033635	0.033635	0.033635	
730000	-68522.6	1,2,3,3,4,4	1.352005	5.408457	5.509717	6.270443	6.270443	5.875107	5.875107	1,1,2,1,1,2	1.461688	0.047948	0.311392	0.016269	0.624390	0.047948	0.311392	0.016269	0.624390	0.196515	0.405090	0.333252	0.065143	0.047948	0.311392	0.016269	0.624390	0.047948	0.311392	0.016269	0.624390	0.196515	0.405090	0.333252	0.065143	1,2,2,2,2,2	1.719061	0.135825	0.005424	0.354348	0.114034	0.083573	0.306796	0.194098	0.210206	0.006351	0.390367	0.177833	0.021145	0.194098	0.210206	0.006351	0.390367	0.177833	0.021145	0.194098	0.210206	0.006351	0.390367	0.177833	0.021145	0.194098	0.210206	0.006351	0.390367	0.177833	0.021145	0.194098	0.210206	0.006351	0.390367	0.177833	0.021145	1,1,1,1,1,1	0.214703	0.038606	0.038606	0.038606	0.038606	0.038606	0.038606	
731000	-68515	1,2,3,4,4,4	2.140728	4.880120	5.352934	6.171208	6.054783	6.054783	6.054783	1,1,2,1,1,2	1.207708	0.048872	0.311479	0.016096	0.623553	0.048872	0.311479	0.016096	0.623553	0.194452	0.398920	0.327534	0.079094	0.048872	0.311479	0.016096	0.623553	0.048872	0.311479	0.016096	0.623553	0.194452	0.398920	0.327534	0.079094	1,2,2,2,2,2	1.645615	0.058368	0.104790	0.226791	0.365184	0.088377	0.156489	0.190742	0.210436	0.007478	0.408682	0.166505	0.016158	0.190742	0.210436	0.007478	0.408682	0.166505	0.016158	0.190742	0.210436	0.007478	0.408682	0.166505	0.016158	0.190742	0.210436	0.007478	0.408682	0.166505	0.016158	0.190742	0.210436	0.007478	0.408682	0.166505	0.016158	1,1,1,1,1,1	1.033930	0.035206	0.035206	0.035206	0.035206	0.035206	0.035206	
732000	-68884.6	1,2,3,4,5,6	5.312133	4.890309	5.386211	6.259254	6.325756	5.893512	5.703390	1,1,2,1,1,2	1.409183	0.057079	0.309966	0.015973	0.616982	0.057079	0.309966	0.015973	0.616982	0.197117	0.407662	0.324002	0.071219	0.057079	0.309966	0.015973	0.616982	0.057079	0.309966	0.015973	0.616982	0.197117	0.407662	0.324002	0.071219	1,2,2,2,2,2	2.656623	0.055687	0.300957	0.295822	0.116953	0.227505	0.003076	0.184211	0.223598	0.004321	0.391838	0.171729	0.024302	0.184211	0.223598	0.004321	0.391838	0.171729	0.024302	0.184211	0.223598	0.004321	0.391838	0.171729	0.024302	0.184211	0.223598	0.004321	0.391838	0.171729	0.024302	0.184211	0.223598	0.004321	0.391838	0.171729	0.024302	1,1,1,1,1,1	0.410072	0.036708	0.036708	0.036708	0.036708	0.036708	0.036708	
733000	-68575.3	1,1,2,2,3,4	2.692067	5.500881	5.500881	6.525610	6.525610	5.955845	5.973554	1,1,2,1,1,2	2.979524	0.051531	0.310322	0.015962	0.622186	0.051531	0.310322	0.015962	0.622186	0.198785	0.404310	0.325085	0.071820	0.051531	0.310322	0.015962	0.622186	0.051531	0.310322	0.015962	0.622186	0.198785	0.404310	0.325085	0.071820	1,2,2,2,2,2	2.035745	0.188887	0.138080	0.320312	0.130829	0.058008	0.163885	0.188863	0.220120	0.001459	0.392205	0.176207	0.021146	0.188863	0.220120	0.001459	0.392205	0.176207	0.021146	0.188863	0.220120	0.001459	0.392205	0.176207	0.021146	0.188863	0.220120	0.001459	0.392205	0.176207	0.021146	0.188863	0.220120	0.001459	0.392205	0.176207	0.021146	1,1,1,1,1,1	0.770974	0.033049	0.033049	0.033049	0.033049	0.033049	0.033049	
734000	-68664.9	1,2,3,1,4,5	1.907587	6.312232	5.292330	6.318400	6.312232	5.854545	5.892990	1,1,2,1,1,2	0.877254	0.052422	0.309337	0.016088	0.622153	0.052422	0.309337	0.016088	0.622153	0.195735	0.410171	0.319176	0.074918	0.052422	0.309337	0.016088	0.622153	0.052422	0.309337	0.016088	0.622153	0.195735	0.410171	0.319176	0.074918	1,2,2,2,2,2	1.001333	0.096467	0.113870	0.078849	0.654542	0.048365	0.007907	0.196161	0.216685	0.006260	0.387353	0.169914	0.023628	0.196161	0.216685	0.006260	0.387353	0.169914	0.023628	0.196161	0.216685	0.006260	0.387353	0.169914	0.023628	0.196161	0.216685	0.006260	0.387353	0.169914	0.023628	0.196161	0.216685	0.006260	0.387353	0.169914	0.023628	1,1,1,1,1,1	1.574491	0.035735	0.035735	0.035735	0.035735	0.035735	0.035735	
735000	-68504.5	1,1,2,2,2,2	1.360241	5.276784	5.276784	6.196607	6.196607	6.196607	6.196607	1,1,2,1,1,2	0.952019	0.050286	0.310823	0.015586	0.623306	0.050286	0.310823	0.015586	0.623306	0.197175	0.403875	0.324994	0.073957	0.050286	0.310823	0.015586	0.623306	0.050286	0.310823	0.015586	0.623306	0.197175	0.403875	0.324994	0.073957	1,2,2,2,2,2	1.209622	0.021493	0.179214	0.132767	0.416221	0.056739	0.193566	0.185777	0.219407	0.005017	0.399027	0.171527	0.019245	0.185777	0.219407	0.005017	0.399027	0.171527	0.019245	0.185777	0.219407	0.005017	0.399027	0.171527	0.019245	0.185777	0.219407	0.005017	0.399027	0.171527	0.019245	0.185777	0.219407	0.005017	0.399027	0.171527	0.019245	1,1,1,1,1,1	2.782238	0.031796	0.031796	0.031796	0.031796	0.031796	0.031796	
736000	-68529.1	1,2,3,4,5,6	1.770518	4.887149	5.311173	6.467265	6.077968	5.955676	6.080544	1,1,2,1,1,2	2.267317	0.047756	0.313308	0.015914	0.623022	0.047756	0.313308	0.015914	0.623022	0.200133	0.406847	0.325475	0.067545	0.047756	0.313308	0.015914	0.623022	0.047756	0.313308	0.015914	0.623022	0.200133	0.406847	0.325475	0.067545	1,2,2,2,2,2	0.561438	0.005295	0.065763	0.282189	0.243932	0.135119	0.267702	0.191405	0.209211	0.005454	0.396361	0.174777	0.022792	0.191405	0.209211	0.005454	0.396361	0.174777	0.022792	0.191405	0.209211	0.005454	0.396361	0.174777	0.022792	0.191405	0.209211	0.005454	0.396361	0.174777	0.022792	0.191405	0.209211	0.005454	0.396361	0.174777	0.022792	1,1,1,1,1,1	0.423543	0.032084	0.032084	0.032084	0.032084	0.032084	0.032084	
737000	-68601.5	1,1,2,3,4,4	1.508359	5.200100	5.200100	6.283500	6.531411	5.960977	5.960977	1,1,2,1,1,2	0.556837	0.046773	0.306507	0.016561	0.630158	0.046773	0.306507	0.016561	0.630158	0.201038	0.402420	0.320095	0.076447	0.046773	0.306507	0.016561	0.630158	0.046773	0.306507	0.016561	0.630158	0.201038	0.402420	0.320095	0.076447	1,2,2,2,2,2	3.049830	0.072378	0.237302	0.156562	0.065417	0.148090	0.320250	0.182812	0.230323	0.005422	0.402054	0.164170	0.015219	0.182812	0.230323	0.005422	0.402054	0.164170	0.015219	0.182812	0.230323	0.005422	0.402054	0.164170	0.015219	0.182812	0.230323	0.005422	0.402054	0.164170	0.015219	0.182812	0.230323	0.005422	0.402054	0.164170	0.015219	1,1,1,1,1,1	2.175150	0.033843	0.033843	0.033843	0.033843	0.033843	0.033843	
738000	-68605.7	1,2,3,3,4,4	2.508374	5.712998	5.644117	6.472338	6.472338	5.963646	5.963646	1,1,2,1,1,2	1.544539	0.049354	0.309674	0.016219	0.624753	0.049354	0.309674	0.016219	0.624753	0.196257	0.408014	0.325437	0.070291	0.049354	0.309674	0.016219	0.624753	0.049354	0.309674	0.016219	0.624753	0.196257	0.408014	0.325437	0.070291	1,2,2,2,2,2	1.140186	0.132825	0.052036	0.061906	0.518111	0.033599	0.201523	0.192357	0.221333	0.003141	0.385876	0.172506	0.024787	0.192357	0.221333	0.003141	0.385876	0.172506	0.024787	0.192357	0.221333	0.003141	0.385876	0.172506	0.024787	0.192357	0.221333	0.003141	0.385876	0.172506	0.024787	0.192357	0.221333	0.003141	0.385876	0.172506	0.024787	1,1,1,1,1,1	0.978839	0.036632	0.036632	0.036632	0.036632	0.036632	0.036632	
739000	-68516.6	1,1,2,3,2,4	3.668560	5.312110	5.312110	6.090852	6.186181	6.090852	5.795239	1,1,2,1,1,2	0.624403	0.050671	0.311400	0.016551	0.621377	0.050671	0.311400	0.016551	0.621377	0.198743	0.410144	0.319748	0.071365	0.050671	0.311400	0.016551	0.621377	0.050671	0.311400	0.016551	0.621377	0.198743	0.410144	0.319748	0.071365	1,2,2,2,2,2	1.915268	0.106955	0.164139	0.092249	0.349693	0.057368	0.229596	0.192829	0.209439	0.007200	0.386173	0.183152	0.021207	0.192829	0.209439	0.007200	0.386173	0.183152	0.021207	0.192829	0.209439	0.007200	0.386173	0.183152	0.021207	0.192829	0.209439	0.007200	0.386173	0.183152	0.021207	0.192829	0.209439	0.007200	0.386173	0.183152	0.021207	1,1,1,1,1,1	1.183489	0.034698	0.034698	0.034698	0.034698	0.034698	0.034698	
740000	-68470.1	1,1,2,2,3,3	3.189846	5.381059	5.381059	6.295775	6.295775	5.807520	5.807520	1,1,2,1,1,2	0.597355	0.051037	0.308618	0.015879	0.624467	0.051037	0.308618	0.015879	0.624467	0.198225	0.405086	0.319504	0.077185	0.051037	0.308618	0.015879	0.624467	0.051037	0.308618	0.015879	0.624467	0.198225	0.405086	0.319504	0.077185	1,2,2,2,2,2	1.081021	0.127467	0.093398	0.191882	0.226671	0.073962	0.286620	0.186734	0.220312	0.002276	0.397712	0.169266	0.023701	0.186734	0.220312	0.002276	0.397712	0.169266	0.023701	0.186734	0.220312	0.002276	0.397712	0.169266	0.023701	0.186734	0.220312	0.002276	0.397712	0.169266	0.023701	0.186734	0.220312	0.002276	0.397712	0.169266	0.023701	1,1,1,1,1,1	1.514855	0.032667	0.032667	0.032667	0.032667	0.032667	0.032667	
741000	-68572.5	1,1,2,2,2,3	0.920081	5.162626	5.162626	6.158768	6.158768	6.158768	5.627581	1,1,2,1,1,2	2.481791	0.049736	0.306636	0.014605	0.629022	0.049736	0.306636	0.014605	0.629022	0.199564	0.401740	0.318416	0.080280	0.049736	0.306636	0.014605	0.629022	0.049736	0.306636	0.014605	0.629022	0.199564	0.401740	0.318416	0.080280	1,2,2,2,2,2	2.805847	0.203994	0.173542	0.122457	0.149816	0.047156	0.303034	0.184416	0.227091	0.006503	0.398382	0.156741	0.026868	0.184416	0.227091	0.006503	0.398382	0.156741	0.026868	0.184416	0.227091	0.006503	0.398382	0.156741	0.026868	0.184416	0.227091	0.006503	0.398382	0.156741	0.026868	0.184416	0.227091	0.006503	0.398382	0.156741	0.026868	1,1,1,1,1,1	0.837653	0.036659	0.036659	0.036659	0.036659	0.036659	0.036659	
742000	-68513.6	1,1,2,2,3,3	1.179870	5.443308	5.443308	6.342968	6.342968	6.020072	6.020072	1,1,2,1,1,2	1.728947	0.052066	0.304028	0.013429	0.630477	0.052066	0.304028	0.013429	0.630477	0.198687	0.399212	0.327000	0.075101	0.052066	0.304028	0.013429	0.630477	0.052066	0.304028	0.013429	0.630477	0.198687	0.399212	0.327000	0.075101	1,2,2,2,2,2	2.044814	0.144072	0.125335	0.289481	0.119738	0.081298	0.240076	0.183535	0.223459	0.004952	0.386310	0.174200	0.027544	0.183535	0.223459	0.004952	0.386310	0.174200	0.027544	0.183535	0.223459	0.004952	0.386310	0.174200	0.027544	0.183535	0.223459	0.004952	0.386310	0.174200	0.027544	0.183535	0.223459	0.004952	0.386310	0.174200	0.027544	1,1,1,1,1,1	1.819693	0.036495	0.036495	0.036495	0.036495	0.036495	0.036495	
743000	-68530.3	1,1,2,2,2,2	0.680118	5.476295	5.476295	6.120083	6.120083	6.120083	6.120083	1,1,2,1,1,2	0.715288	0.049110	0.308326	0.015657	0.626907	0.049110	0.308326	0.015657	0.626907	0.200280	0.407244	0.322015	0.070461	0.049110	0.308326	0.015657	0.626907	0.049110	0.308326	0.015657	0.626907	0.200280	0.407244	0.322015	0.070461	1,2,2,2,2,2	1.088353	0.105933	0.014319	0.282531	0.364789	0.055693	0.176735	0.185125	0.224508	0.002408	0.387618	0.175459	0.024882	0.185125	0.224508	0.002408	0.387618	0.175459	0.024882	0.185125	0.224508	0.002408	0.387618	0.175459	0.024882	0.185125	0.224508	0.002408	0.387618	0.175459	0.024882	0.185125	0.224508	0.002408	0.387618	0.175459	0.024882	1,1,1,1,1,1	0.368236	0.035523	0.035523	0.035523	0.035523	0.035523	0.035523	
744000	-68493.3	1,1,2,2,3,3	0.437356	5.214462	5.214462	6.234521	6.234521	5.935347	5.935347	1,1,2,1,1,2	1.548914	0.049155	0.307412	0.016536	0.626897	0.049155	0.307412	0.016536	0.626897	0.186429	0.414443	0.323993	0.075134	0.049155	0.307412	0.016536	0.626897	0.049155	0.307412	0.016536	0.626897	0.186429	0.414443	0.323993	0.075134	1,2,2,2,2,2	1.935772	0.099940	0.249177	0.130999	0.246863	0.056740	0.216282	0.184864	0.230690	0.003386	0.384041	0.172389	0.024629	0.184864	0.230690	0.003386	0.384041	0.172389	0.024629	0.184864	0.230690	0.003386	0.384041	0.172389	0.024629	0.184864	0.230690	0.003386	0.384041	0.172389	0.024629	0.184864	0.230690	0.003386	0.384041	0.172389	0.024629	1,1,1,1,1,1	1.538513	0.036081	0.036081	0.036081	0.036081	0.036081	0.036081	
745000	-68813.1	1,1,2,3,4,4	0.723850	5.123397	5.123397	6.252721	6.349891	5.798554	5.798554	1,1,2,1,1,2	0.894423	0.050569	0.306364	0.016726	0.626340	0.050569	0.306364	0.016726	0.626340	0.195147	0.411897	0.316563	0.076393	0.050569	0.306364	0.016726	0.626340	0.050569	0.306364	0.016726	0.626340	0.195147	0.411897	0.316563	0.076393	1,2,2,2,2,2	0.834967	0.297004	0.000181	0.270545	0.048576	0.283368	0.100325	0.181689	0.228224	0.006137	0.391952	0.168116	0.023881	0.181689	0.228224	0.006137	0.391952	0.168116	0.023881	0.181689	0.228224	0.006137	0.391952	0.168116	0.023881	0.181689	0.228224	0.006137	0.391952	0.168116	0.023881	0.181689	0.228224	0.006137	0.391952	0.168116	0.023881	1,1,1,1,2,3	0.324169	0.033795	0.033795	0.033795	0.033795	0.028116	0.018379	
746000	-68660	1,1,2,3,4,5	2.710371	5.146296	5.146296	6.256860	6.141651	5.878634	5.747045	1,1,2,1,1,2	0.396647	0.052875	0.307211	0.015261	0.624653	0.052875	0.307211	0.015261	0.624653	0.196785	0.402283	0.323180	0.077752	0.052875	0.307211	0.015261	0.624653	0.052875	0.307211	0.015261	0.624653	0.196785	0.402283	0.323180	0.077752	1,2,2,2,2,2	0.856599	0.164934	0.001984	0.532428	0.008716	0.158973	0.132966	0.175479	0.225073	0.008771	0.396158	0.166555	0.027964	0.175479	0.225073	0.008771	0.396158	0.166555	0.027964	0.175479	0.225073	0.008771	0.396158	0.166555	0.027964	0.175479	0.225073	0.008771	0.396158	0.166555	0.027964	0.175479	0.225073	0.008771	0.396158	0.166555	0.027964	1,1,1,1,1,1	0.616557	0.036501	0.036501	0.036501	0.036501	0.036501	0.036501	
747000	-68531.2	1,2,3,4,4,5	2.244810	4.988759	5.439723	6.356049	6.151929	6.151929	5.831426	1,1,2,1,1,2	1.263096	0.047880	0.310631	0.014040	0.627450	0.047880	0.310631	0.014040	0.627450	0.200916	0.400760	0.322413	0.075911	0.047880	0.310631	0.014040	0.627450	0.047880	0.310631	0.014040	0.627450	0.200916	0.400760	0.322413	0.075911	1,2,2,2,2,2	1.016995	0.049998	0.197180	0.115779	0.324293	0.085027	0.227722	0.181685	0.218497	0.006477	0.404079	0.169615	0.019647	0.181685	0.218497	0.006477	0.404079	0.169615	0.019647	0.181685	0.218497	0.006477	0.404079	0.169615	0.019647	0.181685	0.218497	0.006477	0.404079	0.169615	0.019647	0.181685	0.218497	0.006477	0.404079	0.169615	0.019647	1,1,1,1,1,1	0.451953	0.035159	0.035159	0.035159	0.035159	0.035159	0.035159	
748000	-68562.1	1,2,3,3,2,4	1.398548	6.366682	5.794349	6.486401	6.486401	5.794349	5.829226	1,1,2,1,1,2	1.495995	0.049714	0.314676	0.015974	0.619636	0.049714	0.314676	0.015974	0.619636	0.204403	0.401796	0.319091	0.074709	0.049714	0.314676	0.015974	0.619636	0.049714	0.314676	0.015974	0.619636	0.204403	0.401796	0.319091	0.074709	1,2,2,2,2,2	0.569819	0.059623	0.430523	0.246956	0.112611	0.054776	0.095509	0.183643	0.218176	0.005371	0.406308	0.166547	0.019955	0.183643	0.218176	0.005371	0.406308	0.166547	0.019955	0.183643	0.218176	0.005371	0.406308	0.166547	0.019955	0.183643	0.218176	0.005371	0.406308	0.166547	0.019955	0.183643	0.218176	0.005371	0.406308	0.166547	0.019955	1,1,1,1,1,1	0.595114	0.038176	0.038176	0.038176	0.038176	0.038176	0.038176	
749000	-68513.3	1,1,2,2,3,3	1.070704	5.164434	5.164434	6.225962	6.225962	5.959887	5.959887	1,1,2,1,1,2	0.516950	0.050854	0.306944	0.015632	0.626570	0.050854	0.306944	0.015632	0.626570	0.192154	0.406082	0.319671	0.082092	0.050854	0.306944	0.015632	0.626570	0.050854	0.306944	0.015632	0.626570	0.192154	0.406082	0.319671	0.082092	1,2,2,2,2,2	0.663495	0.004206	0.419851	0.167648	0.100080	0.078794	0.229422	0.191848	0.208985	0.004492	0.405077	0.171066	0.018532	0.191848	0.208985	0.004492	0.405077	0.171066	0.018532	0.191848	0.208985	0.004492	0.405077	0.171066	0.018532	0.191848	0.208985	0.004492	0.405077	0.171066	0.018532	0.191848	0.208985	0.004492	0.405077	0.171066	0.018532	1,1,1,1,1,1	1.393119	0.033978	0.033978	0.033978	0.033978	0.033978	0.033978	
750000	-68561.6	1,2,3,4,5,6	3.690506	4.896542	5.307952	6.439565	6.037671	5.828629	5.753092	1,1,2,1,1,2	1.117285	0.053567	0.303976	0.015836	0.626621	0.053567	0.303976	0.015836	0.626621	0.194948	0.406927	0.326811	0.071313	0.053567	0.303976	0.015836	0.626621	0.053567	0.303976	0.015836	0.626621	0.194948	0.406927	0.326811	0.071313	1,2,2,2,2,2	1.591552	0.135466	0.043007	0.111667	0.458811	0.063698	0.187351	0.182049	0.215923	0.010994	0.393133	0.174704	0.023197	0.182049	0.215923	0.010994	0.393133	0.174704	0.023197	0.182049	0.215923	0.010994	0.393133	0.174704	0.023197	0.182049	0.215923	0.010994	0.393133	0.174704	0.023197	0.182049	0.215923	0.010994	0.393133	0.174704	0.023197	1,1,1,1,1,1	1.949177	0.041546	0.041546	0.041546	0.041546	0.041546	0.041546	
751000	-68484.8	1,1,2,2,2,2	1.512132	5.250583	5.250583	5.993768	5.993768	5.993768	5.993768	1,1,2,1,1,2	0.698465	0.054520	0.301503	0.014349	0.629628	0.054520	0.301503	0.014349	0.629628	0.196216	0.408599	0.319942	0.075244	0.054520	0.301503	0.014349	0.629628	0.054520	0.301503	0.014349	0.629628	0.196216	0.408599	0.319942	0.075244	1,2,2,2,2,2	2.222694	0.077855	0.138649	0.208765	0.261536	0.071697	0.241497	0.182573	0.217940	0.007631	0.399728	0.170204	0.021924	0.182573	0.217940	0.007631	0.399728	0.170204	0.021924	0.182573	0.217940	0.007631	0.399728	0.170204	0.021924	0.182573	0.217940	0.007631	0.399728	0.170204	0.021924	0.182573	0.217940	0.007631	0.399728	0.170204	0.021924	1,1,1,1,1,1	1.274632	0.034752	0.034752	0.034752	0.034752	0.034752	0.034752	
752000	-68547.4	1,2,3,4,5,4	2.735094	4.723173	5.803803	6.167583	5.916538	5.772655	5.916538	1,1,2,1,1,2	0.458317	0.053334	0.305207	0.015367	0.626091	0.053334	0.305207	0.015367	0.626091	0.191191	0.405742	0.324453	0.078613	0.053334	0.305207	0.015367	0.626091	0.053334	0.305207	0.015367	0.626091	0.191191	0.405742	0.324453	0.078613	1,2,2,2,2,2	1.850444	0.149954	0.194495	0.174793	0.034412	0.110257	0.336089	0.194407	0.218958	0.001743	0.389681	0.170310	0.024901	0.194407	0.218958	0.001743	0.389681	0.170310	0.024901	0.194407	0.218958	0.001743	0.389681	0.170310	0.024901	0.194407	0.218958	0.001743	0.389681	0.170310	0.024901	0.194407	0.218958	0.001743	0.389681	0.170310	0.024901	1,1,1,1,1,1	1.517331	0.036263	0.036263	0.036263	0.036263	0.036263	0.036263	
753000	-68533.8	1,2,3,4,5,6	3.423032	5.226178	5.345807	6.219501	6.190509	5.857818	5.743792	1,1,2,1,1,2	2.468379	0.048045	0.302043	0.017253	0.632658	0.048045	0.302043	0.017253	0.632658	0.196074	0.403861	0.325618	0.074447	0.048045	0.302043	0.017253	0.632658	0.048045	0.302043	0.017253	0.632658	0.196074	0.403861	0.325618	0.074447	1,2,2,2,2,2	0.849556	0.054949	0.098315	0.394123	0.169839	0.114305	0.168469	0.194282	0.225987	0.003111	0.380875	0.174287	0.021458	0.194282	0.225987	0.003111	0.380875	0.174287	0.021458	0.194282	0.225987	0.003111	0.380875	0.174287	0.021458	0.194282	0.225987	0.003111	0.380875	0.174287	0.021458	0.194282	0.225987	0.003111	0.380875	0.174287	0.021458	1,1,1,1,1,1	0.982570	0.036763	0.036763	0.036763	0.036763	0.036763	0.036763	
754000	-68516.2	1,1,2,3,4,4	1.892894	5.613900	5.613900	6.449029	6.420768	5.832158	5.832158	1,1,2,1,1,2	2.171310	0.055776	0.307778	0.015535	0.620911	0.055776	0.307778	0.015535	0.620911	0.203352	0.406502	0.321392	0.068754	0.055776	0.307778	0.015535	0.620911	0.055776	0.307778	0.015535	0.620911	0.203352	0.406502	0.321392	0.068754	1,2,2,2,2,2	0.671814	0.122276	0.172191	0.270828	0.117170	0.095244	0.222293	0.182485	0.215410	0.003873	0.395440	0.181141	0.021651	0.182485	0.215410	0.003873	0.395440	0.181141	0.021651	0.182485	0.215410	0.003873	0.395440	0.181141	0.021651	0.182485	0.215410	0.003873	0.395440	0.181141	0.021651	0.182485	0.215410	0.003873	0.395440	0.181141	0.021651	1,1,1,1,1,1	0.345958	0.038970	0.038970	0.038970	0.038970	0.038970	0.038970	
755000	-68598.4	1,2,3,3,4,5	2.938365	4.966132	5.436848	6.402251	6.402251	6.081540	5.790616	1,1,2,1,1,2	1.100234	0.052902	0.306730	0.016651	0.623717	0.052902	0.306730	0.016651	0.623717	0.200936	0.405225	0.320688	0.073152	0.052902	0.306730	0.016651	0.623717	0.052902	0.306730	0.016651	0.623717	0.200936	0.405225	0.320688	0.073152	1,2,2,2,2,2	1.733240	0.023819	0.061118	0.418757	0.278571	0.141725	0.076010	0.194006	0.199905	0.002808	0.399442	0.180799	0.023039	0.194006	0.199905	0.002808	0.399442	0.180799	0.023039	0.194006	0.199905	0.002808	0.399442	0.180799	0.023039	0.194006	0.199905	0.002808	0.399442	0.180799	0.023039	0.194006	0.199905	0.002808	0.399442	0.180799	0.023039	1,1,1,1,1,1	0.921843	0.035691	0.035691	0.035691	0.035691	0.035691	0.035691	
756000	-68530.9	1,2,3,4,5,5	1.770023	5.454304	5.567961	6.295990	6.214935	5.891724	5.891724	1,1,2,1,1,2	2.060119	0.052008	0.310485	0.017241	0.620266	0.052008	0.310485	0.017241	0.620266	0.204012	0.398468	0.316540	0.080981	0.052008	0.310485	0.017241	0.620266	0.052008	0.310485	0.017241	0.620266	0.204012	0.398468	0.316540	0.080981	1,2,2,2,2,2	1.036819	0.083577	0.101240	0.400718	0.025169	0.107375	0.281921	0.185611	0.221879	0.005414	0.397579	0.168390	0.021127	0.185611	0.221879	0.005414	0.397579	0.168390	0.021127	0.185611	0.221879	0.005414	0.397579	0.168390	0.021127	0.185611	0.221879	0.005414	0.397579	0.168390	0.021127	0.185611	0.221879	0.005414	0.397579	0.168390	0.021127	1,1,1,1,1,1	0.745464	0.035122	0.035122	0.035122	0.035122	0.035122	0.035122	
757000	-68543.6	1,2,3,3,1,1	1.225972	5.688703	5.413678	6.236005	6.236005	5.688703	5.688703	1,1,2,1,1,2	1.769531	0.056317	0.308304	0.013836	0.621543	0.056317	0.308304	0.013836	0.621543	0.196902	0.408431	0.316433	0.078234	0.056317	0.308304	0.013836	0.621543	0.056317	0.308304	0.013836	0.621543	0.196902	0.408431	0.316433	0.078234	1,2,2,2,2,2	1.684477	0.084033	0.059461	0.221029	0.426675	0.048039	0.160763	0.170622	0.221701	0.002664	0.408183	0.165033	0.031797	0.170622	0.221701	0.002664	0.408183	0.165033	0.031797	0.170622	0.221701	0.002664	0.408183	0.165033	0.031797	0.170622	0.221701	0.002664	0.408183	0.165033	0.031797	0.170622	0.221701	0.002664	0.408183	0.165033	0.031797	1,1,1,1,1,1	1.097146	0.037492	0.037492	0.037492	0.037492	0.037492	0.037492	
758000	-68508.3	1,2,3,4,5,6	3.714971	6.816162	5.418146	6.473859	6.323862	5.904142	5.805533	1,1,2,1,1,2	1.689092	0.049424	0.310343	0.016398	0.623834	0.049424	0.310343	0.016398	0.623834	0.197970	0.402913	0.327532	0.071585	0.049424	0.310343	0.016398	0.623834	0.049424	0.310343	0.016398	0.623834	0.197970	0.402913	0.327532	0.071585	1,2,2,2,2,2	1.342418	0.031591	0.004643	0.180976	0.037041	0.041957	0.703791	0.192310	0.218121	0.007539	0.390863	0.166193	0.024974	0.192310	0.218121	0.007539	0.390863	0.166193	0.024974	0.192310	0.218121	0.007539	0.390863	0.166193	0.024974	0.192310	0.218121	0.007539	0.390863	0.166193	0.024974	0.192310	0.218121	0.007539	0.390863	0.166193	0.024974	1,1,1,1,1,1	0.814786	0.037955	0.037955	0.037955	0.037955	0.037955	0.037955	
759000	-68506.3	1,1,2,3,3,3	1.552423	5.224305	5.224305	6.354182	5.952834	5.952834	5.952834	1,1,2,1,1,2	0.400842	0.048900	0.297418	0.013743	0.639939	0.048900	0.297418	0.013743	0.639939	0.199095	0.409700	0.316755	0.074450	0.048900	0.297418	0.013743	0.639939	0.048900	0.297418	0.013743	0.639939	0.199095	0.409700	0.316755	0.074450	1,2,2,2,2,2	0.991811	0.032517	0.134454	0.228787	0.132877	0.055669	0.415698	0.189002	0.218901	0.008413	0.396081	0.160557	0.027046	0.189002	0.218901	0.008413	0.396081	0.160557	0.027046	0.189002	0.218901	0.008413	0.396081	0.160557	0.027046	0.189002	0.218901	0.008413	0.396081	0.160557	0.027046	0.189002	0.218901	0.008413	0.396081	0.160557	0.027046	1,1,1,1,1,1	3.142823	0.034377	0.034377	0.034377	0.034377	0.034377	0.034377	
760000	-68580.7	1,1,2,3,4,4	3.016853	5.393870	5.393870	6.519256	6.358987	5.892783	5.892783	1,1,2,1,1,2	0.798224	0.048005	0.312411	0.014100	0.625485	0.048005	0.312411	0.014100	0.625485	0.199341	0.403696	0.326886	0.070076	0.048005	0.312411	0.014100	0.625485	0.048005	0.312411	0.014100	0.625485	0.199341	0.403696	0.326886	0.070076	1,2,2,2,2,2	1.419849	0.176149	0.086599	0.100256	0.260825	0.063000	0.313171	0.189749	0.223775	0.007221	0.398260	0.172186	0.008809	0.189749	0.223775	0.007221	0.398260	0.172186	0.008809	0.189749	0.223775	0.007221	0.398260	0.172186	0.008809	0.189749	0.223775	0.007221	0.398260	0.172186	0.008809	0.189749	0.223775	0.007221	0.398260	0.172186	0.008809	1,1,1,1,1,1	0.703527	0.034229	0.034229	0.034229	0.034229	0.034229	0.034229	
761000	-68623.9	1,1,2,3,4,4	2.012650	5.475086	5.475086	6.286663	6.773643	5.957422	5.957422	1,1,2,1,1,2	0.815646	0.047162	0.310816	0.014892	0.627130	0.047162	0.310816	0.014892	0.627130	0.197312	0.413307	0.324220	0.065161	0.047162	0.310816	0.014892	0.627130	0.047162	0.310816	0.014892	0.627130	0.197312	0.413307	0.324220	0.065161	1,2,2,2,2,2	0.746779	0.257633	0.158253	0.133642	0.005596	0.055186	0.389690	0.185800	0.223456	0.004826	0.390799	0.171276	0.023843	0.185800	0.223456	0.004826	0.390799	0.171276	0.023843	0.185800	0.223456	0.004826	0.390799	0.171276	0.023843	0.185800	0.223456	0.004826	0.390799	0.171276	0.023843	0.185800	0.223456	0.004826	0.390799	0.171276	0.023843	1,1,1,1,1,1	0.995579	0.035271	0.035271	0.035271	0.035271	0.035271	0.035271	
762000	-68500	1,2,3,4,5,6	4.002605	5.254047	5.367725	6.085327	6.296232	5.574595	5.922222	1,1,2,1,1,2	1.125724	0.052040	0.305601	0.014405	0.627954	0.052040	0.305601	0.014405	0.627954	0.204109	0.408741	0.313925	0.073226	0.052040	0.305601	0.014405	0.627954	0.052040	0.305601	0.014405	0.627954	0.204109	0.408741	0.313925	0.073226	1,2,2,2,2,2	1.555587	0.038909	0.268536	0.126808	0.135844	0.080906	0.348997	0.186306	0.227978	0.007108	0.388470	0.169547	0.020591	0.186306	0.227978	0.007108	0.388470	0.169547	0.020591	0.186306	0.227978	0.007108	0.388470	0.169547	0.020591	0.186306	0.227978	0.007108	0.388470	0.169547	0.020591	0.186306	0.227978	0.007108	0.388470	0.169547	0.020591	1,1,1,1,1,1	0.797871	0.033859	0.033859	0.033859	0.033859	0.033859	0.033859	
763000	-68547.3	1,1,2,3,4,5	1.085116	5.295892	5.295892	6.319809	6.296454	6.001899	5.866559	1,1,2,1,1,2	0.841713	0.056117	0.303883	0.016691	0.623308	0.056117	0.303883	0.016691	0.623308	0.197776	0.404541	0.323828	0.073855	0.056117	0.303883	0.016691	0.623308	0.056117	0.303883	0.016691	0.623308	0.197776	0.404541	0.323828	0.073855	1,2,2,2,2,2	2.141769	0.019367	0.693032	0.086217	0.115389	0.048267	0.037728	0.182224	0.217442	0.004998	0.405357	0.170097	0.019882	0.182224	0.217442	0.004998	0.405357	0.170097	0.019882	0.182224	0.217442	0.004998	0.405357	0.170097	0.019882	0.182224	0.217442	0.004998	0.405357	0.170097	0.019882	0.182224	0.217442	0.004998	0.405357	0.170097	0.019882	1,1,1,1,1,1	0.548323	0.035762	0.035762	0.035762	0.035762	0.035762	0.035762	
764000	-68502	1,2,3,4,1,5	4.147934	5.812204	5.437427	6.312226	6.186452	5.812204	5.968300	1,1,2,1,1,2	1.871100	0.050245	0.310681	0.016431	0.622643	0.050245	0.310681	0.016431	0.622643	0.193739	0.407604	0.323975	0.074683	0.050245	0.310681	0.016431	0.622643	0.050245	0.310681	0.016431	0.622643	0.193739	0.407604	0.323975	0.074683	1,2,2,2,2,2	0.089510	0.040017	0.308331	0.101118	0.376508	0.028433	0.145592	0.189601	0.223362	0.004816	0.399535	0.163205	0.019481	0.189601	0.223362	0.004816	0.399535	0.163205	0.019481	0.189601	0.223362	0.004816	0.399535	0.163205	0.019481	0.189601	0.223362	0.004816	0.399535	0.163205	0.019481	0.189601	0.223362	0.004816	0.399535	0.163205	0.019481	1,1,1,1,1,1	0.700655	0.032384	0.032384	0.032384	0.032384	0.032384	0.032384	
765000	-68538.6	1,2,3,4,4,5	2.383079	5.170056	5.423479	6.095577	6.217494	6.217494	5.936832	1,1,2,1,1,2	1.868952	0.049992	0.308985	0.014812	0.626211	0.049992	0.308985	0.014812	0.626211	0.188311	0.414087	0.316800	0.080802	0.049992	0.308985	0.014812	0.626211	0.049992	0.308985	0.014812	0.626211	0.188311	0.414087	0.316800	0.080802	1,2,2,2,2,2	1.329910	0.017952	0.079440	0.248640	0.332261	0.127579	0.194128	0.196397	0.215815	0.007193	0.384122	0.172748	0.023725	0.196397	0.215815	0.007193	0.384122	0.172748	0.023725	0.196397	0.215815	0.007193	0.384122	0.172748	0.023725	0.196397	0.215815	0.007193	0.384122	0.172748	0.023725	0.196397	0.215815	0.007193	0.384122	0.172748	0.023725	1,1,1,1,1,1	0.894396	0.033194	0.033194	0.033194	0.033194	0.033194	0.033194	
766000	-68546.1	1,2,1,1,3,4	1.722415	6.559639	5.166004	6.559639	6.559639	5.814702	6.002355	1,1,2,1,1,2	1.349396	0.051038	0.310934	0.013383	0.624645	0.051038	0.310934	0.013383	0.624645	0.209511	0.396054	0.320165	0.074270	0.051038	0.310934	0.013383	0.624645	0.051038	0.310934	0.013383	0.624645	0.209511	0.396054	0.320165	0.074270	1,2,2,2,2,2	1.631361	0.087946	0.132658	0.136402	0.103557	0.029816	0.509620	0.191646	0.210699	0.006063	0.399816	0.168428	0.023346	0.191646	0.210699	0.006063	0.399816	0.168428	0.023346	0.191646	0.210699	0.006063	0.399816	0.168428	0.023346	0.191646	0.210699	0.006063	0.399816	0.168428	0.023346	0.191646	0.210699	0.006063	0.399816	0.168428	0.023346	1,1,1,1,1,1	0.556079	0.033840	0.033840	0.033840	0.033840	0.033840	0.033840	
767000	-68472.3	1,2,3,3,4,1	0.424102	5.846244	5.500408	6.192231	6.192231	5.957647	5.846244	1,1,2,1,1,2	0.226123	0.053248	0.309676	0.015066	0.622010	0.053248	0.309676	0.015066	0.622010	0.196235	0.410532	0.322118	0.071115	0.053248	0.309676	0.015066	0.622010	0.053248	0.309676	0.015066	0.622010	0.196235	0.410532	0.322118	0.071115	1,2,2,2,2,2	0.896472	0.054521	0.036044	0.164602	0.222657	0.062136	0.460040	0.178844	0.220238	0.006921	0.391112	0.176653	0.026233	0.178844	0.220238	0.006921	0.391112	0.176653	0.026233	0.178844	0.220238	0.006921	0.391112	0.176653	0.026233	0.178844	0.220238	0.006921	0.391112	0.176653	0.026233	0.178844	0.220238	0.006921	0.391112	0.176653	0.026233	1,1,1,1,1,1	0.887070	0.037957	0.037957	0.037957	0.037957	0.037957	0.037957	
768000	-68630.9	1,1,2,2,2,3	2.858963	5.461696	5.461696	6.395696	6.395696	6.395696	6.267849	1,1,2,1,1,2	2.585297	0.052570	0.311300	0.014576	0.621555	0.052570	0.311300	0.014576	0.621555	0.207624	0.404215	0.318367	0.069793	0.052570	0.311300	0.014576	0.621555	0.052570	0.311300	0.014576	0.621555	0.207624	0.404215	0.318367	0.069793	1,2,2,2,2,2	1.591443	0.161742	0.061821	0.186130	0.359111	0.136401	0.094796	0.182989	0.201882	0.004682	0.415653	0.173804	0.020990	0.182989	0.201882	0.004682	0.415653	0.173804	0.020990	0.182989	0.201882	0.004682	0.415653	0.173804	0.020990	0.182989	0.201882	0.004682	0.415653	0.173804	0.020990	0.182989	0.201882	0.004682	0.415653	0.173804	0.020990	1,1,1,1,1,2	1.731529	0.037848	0.037848	0.037848	0.037848	0.037848	0.019919	
769000	-68576.3	1,1,2,3,3,4	2.399250	5.285997	5.285997	6.356975	6.088387	6.088387	5.966321	1,1,2,1,1,2	0.707850	0.052622	0.308440	0.014807	0.624131	0.052622	0.308440	0.014807	0.624131	0.199816	0.405704	0.317286	0.077194	0.052622	0.308440	0.014807	0.624131	0.052622	0.308440	0.014807	0.624131	0.199816	0.405704	0.317286	0.077194	1,2,2,2,2,2	1.080524	0.112699	0.250796	0.288722	0.018335	0.143402	0.186047	0.183733	0.217001	0.006011	0.401748	0.163960	0.027547	0.183733	0.217001	0.006011	0.401748	0.163960	0.027547	0.183733	0.217001	0.006011	0.401748	0.163960	0.027547	0.183733	0.217001	0.006011	0.401748	0.163960	0.027547	0.183733	0.217001	0.006011	0.401748	0.163960	0.027547	1,1,1,1,1,1	2.901429	0.034614	0.034614	0.034614	0.034614	0.034614	0.034614	
770000	-68513.5	1,1,2,2,3,3	1.166200	5.409430	5.409430	6.537274	6.537274	5.942387	5.942387	1,1,2,1,1,2	0.345897	0.050109	0.314199	0.015496	0.620197	0.050109	0.314199	0.015496	0.620197	0.192811	0.409199	0.323033	0.074957	0.050109	0.314199	0.015496	0.620197	0.050109	0.314199	0.015496	0.620197	0.192811	0.409199	0.323033	0.074957	1,2,2,2,2,2	0.903794	0.087848	0.166079	0.153850	0.311536	0.075918	0.204769	0.191579	0.206397	0.006362	0.383799	0.175290	0.036572	0.191579	0.206397	0.006362	0.383799	0.175290	0.036572	0.191579	0.206397	0.006362	0.383799	0.175290	0.036572	0.191579	0.206397	0.006362	0.383799	0.175290	0.036572	0.191579	0.206397	0.006362	0.383799	0.175290	0.036572	1,1,1,1,1,1	0.093457	0.034226	0.034226	0.034226	0.034226	0.034226	0.034226	
771000	-68534.7	1,2,3,3,4,4	2.593622	5.593196	5.575044	6.290796	6.290796	6.059289	6.059289	1,1,2,1,1,2	0.781125	0.053156	0.303422	0.017954	0.625467	0.053156	0.303422	0.017954	0.625467	0.193491	0.403241	0.331576	0.071691	0.053156	0.303422	0.017954	0.625467	0.053156	0.303422	0.017954	0.625467	0.193491	0.403241	0.331576	0.071691	1,2,2,2,2,2	0.487780	0.055755	0.031303	0.137830	0.615216	0.046749	0.113146	0.183418	0.213263	0.005871	0.396002	0.178017	0.023429	0.183418	0.213263	0.005871	0.396002	0.178017	0.023429	0.183418	0.213263	0.005871	0.396002	0.178017	0.023429	0.183418	0.213263	0.005871	0.396002	0.178017	0.023429	0.183418	0.213263	0.005871	0.396002	0.178017	0.023429	1,1,1,1,1,1	2.549769	0.031852	0.031852	0.031852	0.031852	0.031852	0.031852	
772000	-68603.6	1,1,2,2,3,3	2.060555	5.222941	5.222941	6.142630	6.142630	6.067953	6.067953	1,1,2,1,1,2	0.494137	0.051922	0.305477	0.016376	0.626226	0.051922	0.305477	0.016376	0.626226	0.203198	0.409586	0.319428	0.067788	0.051922	0.305477	0.016376	0.626226	0.051922	0.305477	0.016376	0.626226	0.203198	0.409586	0.319428	0.067788	1,2,2,2,2,2	1.307513	0.044596	0.068085	0.224417	0.343200	0.168284	0.151417	0.185127	0.217487	0.006560	0.397221	0.166297	0.027308	0.185127	0.217487	0.006560	0.397221	0.166297	0.027308	0.185127	0.217487	0.006560	0.397221	0.166297	0.027308	0.185127	0.217487	0.006560	0.397221	0.166297	0.027308	0.185127	0.217487	0.006560	0.397221	0.166297	0.027308	1,1,1,1,1,1	1.126996	0.035484	0.035484	0.035484	0.035484	0.035484	0.035484	
773000	-68541.6	1,1,2,3,4,5	1.984155	5.556665	5.556665	6.165001	6.305808	5.923588	6.017397	1,1,2,1,1,2	1.169542	0.053602	0.313030	0.015091	0.618277	0.053602	0.313030	0.015091	0.618277	0.200464	0.411489	0.318439	0.069608	0.053602	0.313030	0.015091	0.618277	0.053602	0.313030	0.015091	0.618277	0.200464	0.411489	0.318439	0.069608	1,2,2,2,2,2	2.025738	0.104641	0.013765	0.384442	0.242596	0.074305	0.180250	0.188155	0.205151	0.003878	0.399905	0.179317	0.023594	0.188155	0.205151	0.003878	0.399905	0.179317	0.023594	0.188155	0.205151	0.003878	0.399905	0.179317	0.023594	0.188155	0.205151	0.003878	0.399905	0.179317	0.023594	0.188155	0.205151	0.003878	0.399905	0.179317	0.023594	1,1,1,1,1,1	0.718264	0.037681	0.037681	0.037681	0.037681	0.037681	0.037681	
774000	-68528.3	1,2,1,1,3,1	2.084095	6.238045	5.370923	6.238045	6.238045	6.313094	6.238045	1,1,2,1,1,2	2.446922	0.051824	0.302662	0.017030	0.628483	0.051824	0.302662	0.017030	0.628483	0.204144	0.396771	0.329764	0.069322	0.051824	0.302662	0.017030	0.628483	0.051824	0.302662	0.017030	0.628483	0.204144	0.396771	0.329764	0.069322	1,2,2,2,2,2	1.064104	0.023878	0.235599	0.049402	0.453306	0.017786	0.220028	0.184080	0.224207	0.001337	0.389442	0.176035	0.024899	0.184080	0.224207	0.001337	0.389442	0.176035	0.024899	0.184080	0.224207	0.001337	0.389442	0.176035	0.024899	0.184080	0.224207	0.001337	0.389442	0.176035	0.024899	0.184080	0.224207	0.001337	0.389442	0.176035	0.024899	1,1,1,1,1,1	0.549764	0.032315	0.032315	0.032315	0.032315	0.032315	0.032315	
775000	-68656.5	1,1,2,3,4,4	1.712476	5.448075	5.448075	6.342738	6.151350	5.983903	5.983903	1,1,2,1,1,2	1.436154	0.047723	0.310724	0.015815	0.625738	0.047723	0.310724	0.015815	0.625738	0.196984	0.403431	0.320505	0.079080	0.047723	0.310724	0.015815	0.625738	0.047723	0.310724	0.015815	0.625738	0.196984	0.403431	0.320505	0.079080	1,2,2,2,2,2	1.663624	0.275440	0.265878	0.241594	0.029432	0.076844	0.110812	0.195063	0.214819	0.004565	0.398532	0.160031	0.026989	0.195063	0.214819	0.004565	0.398532	0.160031	0.026989	0.195063	0.214819	0.004565	0.398532	0.160031	0.026989	0.195063	0.214819	0.004565	0.398532	0.160031	0.026989	0.195063	0.214819	0.004565	0.398532	0.160031	0.026989	1,1,1,1,1,1	1.368730	0.036207	0.036207	0.036207	0.036207	0.036207	0.036207	
776000	-68581.9	1,2,3,3,4,4	2.478617	5.014113	5.124270	6.218872	6.218872	5.774160	5.774160	1,1,2,1,1,2	2.310318	0.051563	0.312501	0.016981	0.618956	0.051563	0.312501	0.016981	0.618956	0.200365	0.409516	0.318205	0.071914	0.051563	0.312501	0.016981	0.618956	0.051563	0.312501	0.016981	0.618956	0.200365	0.409516	0.318205	0.071914	1,2,2,2,2,2	2.086656	0.016849	0.344352	0.206447	0.082960	0.141812	0.207580	0.185776	0.220555	0.006188	0.395035	0.174294	0.018153	0.185776	0.220555	0.006188	0.395035	0.174294	0.018153	0.185776	0.220555	0.006188	0.395035	0.174294	0.018153	0.185776	0.220555	0.006188	0.395035	0.174294	0.018153	0.185776	0.220555	0.006188	0.395035	0.174294	0.018153	1,1,1,1,1,1	0.997587	0.036438	0.036438	0.036438	0.036438	0.036438	0.036438	
777000	-68535	1,1,2,2,3,3	1.170526	5.336109	5.336109	6.385222	6.385222	5.868157	5.868157	1,1,2,1,1,2	2.120553	0.056064	0.312117	0.016849	0.614970	0.056064	0.312117	0.016849	0.614970	0.198794	0.403920	0.324702	0.072584	0.056064	0.312117	0.016849	0.614970	0.056064	0.312117	0.016849	0.614970	0.198794	0.403920	0.324702	0.072584	1,2,2,2,2,2	0.477758	0.033336	0.004615	0.296017	0.258915	0.155595	0.251523	0.188713	0.206691	0.008269	0.386727	0.187565	0.022035	0.188713	0.206691	0.008269	0.386727	0.187565	0.022035	0.188713	0.206691	0.008269	0.386727	0.187565	0.022035	0.188713	0.206691	0.008269	0.386727	0.187565	0.022035	0.188713	0.206691	0.008269	0.386727	0.187565	0.022035	1,1,1,1,1,1	1.074421	0.034061	0.034061	0.034061	0.034061	0.034061	0.034061	
778000	-68482.6	1,2,3,3,1,1	2.724743	5.923254	5.331221	6.455459	6.455459	5.923254	5.923254	1,1,2,1,1,2	1.101381	0.054092	0.305996	0.016809	0.623104	0.054092	0.305996	0.016809	0.623104	0.199520	0.402095	0.327244	0.071141	0.054092	0.305996	0.016809	0.623104	0.054092	0.305996	0.016809	0.623104	0.199520	0.402095	0.327244	0.071141	1,2,2,2,2,2	0.652739	0.010491	0.105047	0.246059	0.234549	0.066987	0.336867	0.190587	0.218917	0.005618	0.385807	0.179843	0.019229	0.190587	0.218917	0.005618	0.385807	0.179843	0.019229	0.190587	0.218917	0.005618	0.385807	0.179843	0.019229	0.190587	0.218917	0.005618	0.385807	0.179843	0.019229	0.190587	0.218917	0.005618	0.385807	0.179843	0.019229	1,1,1,1,1,1	0.900446	0.036764	0.036764	0.036764	0.036764	0.036764	0.036764	
779000	-68629	1,1,2,2,3,4	1.069034	5.091274	5.091274	6.389206	6.389206	6.207823	5.955250	1,1,2,1,1,2	1.628965	0.057697	0.311534	0.015052	0.615717	0.057697	0.311534	0.015052	0.615717	0.195964	0.409687	0.315367	0.078982	0.057697	0.311534	0.015052	0.615717	0.057697	0.311534	0.015052	0.615717	0.195964	0.409687	0.315367	0.078982	1,2,2,2,2,2	1.020429	0.104326	0.214804	0.172318	0.145089	0.166003	0.197460	0.190776	0.201887	0.005691	0.410389	0.173199	0.018058	0.190776	0.201887	0.005691	0.410389	0.173199	0.018058	0.190776	0.201887	0.005691	0.410389	0.173199	0.018058	0.190776	0.201887	0.005691	0.410389	0.173199	0.018058	0.190776	0.201887	0.005691	0.410389	0.173199	0.018058	1,1,1,1,1,1	1.366835	0.035966	0.035966	0.035966	0.035966	0.035966	0.035966	
780000	-68663.2	1,1,2,2,3,3	3.531406	5.533254	5.533254	6.355333	6.355333	5.935278	5.935278	1,1,2,1,1,2	3.154975	0.052428	0.318744	0.015338	0.613490	0.052428	0.318744	0.015338	0.613490	0.195583	0.405848	0.327578	0.070991	0.052428	0.318744	0.015338	0.613490	0.052428	0.318744	0.015338	0.613490	0.195583	0.405848	0.327578	0.070991	1,2,2,2,2,2	0.840029	0.006204	0.245844	0.334361	0.293116	0.107344	0.013131	0.191800	0.221609	0.002608	0.385850	0.171768	0.026364	0.191800	0.221609	0.002608	0.385850	0.171768	0.026364	0.191800	0.221609	0.002608	0.385850	0.171768	0.026364	0.191800	0.221609	0.002608	0.385850	0.171768	0.026364	0.191800	0.221609	0.002608	0.385850	0.171768	0.026364	1,1,1,1,1,1	0.187487	0.028857	0.028857	0.028857	0.028857	0.028857	0.028857	
781000	-68568.9	1,2,3,4,4,5	1.140395	5.067000	5.375366	6.243431	5.945293	5.945293	5.890468	1,1,2,1,1,2	0.621430	0.058139	0.304578	0.016916	0.620367	0.058139	0.304578	0.016916	0.620367	0.194330	0.407431	0.328870	0.069369	0.058139	0.304578	0.016916	0.620367	0.058139	0.304578	0.016916	0.620367	0.194330	0.407431	0.328870	0.069369	1,2,2,2,2,2	1.024850	0.112453	0.023951	0.368478	0.035927	0.178075	0.281117	0.179963	0.217669	0.004487	0.400043	0.175468	0.022370	0.179963	0.217669	0.004487	0.400043	0.175468	0.022370	0.179963	0.217669	0.004487	0.400043	0.175468	0.022370	0.179963	0.217669	0.004487	0.400043	0.175468	0.022370	0.179963	0.217669	0.004487	0.400043	0.175468	0.022370	1,1,1,1,1,1	0.946406	0.038388	0.038388	0.038388	0.038388	0.038388	0.038388	
782000	-68780.6	1,2,3,4,5,5	1.467774	5.441498	5.463839	6.344046	6.312299	5.866603	5.866603	1,1,2,1,1,2	1.158924	0.048940	0.309422	0.014508	0.627131	0.048940	0.309422	0.014508	0.627131	0.202306	0.405748	0.325225	0.066720	0.048940	0.309422	0.014508	0.627131	0.048940	0.309422	0.014508	0.627131	0.202306	0.405748	0.325225	0.066720	1,2,2,2,2,2	1.530762	0.189546	0.104338	0.156070	0.401831	0.144049	0.004165	0.179794	0.217196	0.006625	0.394312	0.168629	0.033444	0.179794	0.217196	0.006625	0.394312	0.168629	0.033444	0.179794	0.217196	0.006625	0.394312	0.168629	0.033444	0.179794	0.217196	0.006625	0.394312	0.168629	0.033444	0.179794	0.217196	0.006625	0.394312	0.168629	0.033444	1,2,1,1,1,1	3.017478	0.028444	0.034534	0.028444	0.028444	0.028444	0.028444	
783000	-68687.1	1,2,3,3,1,1	3.325333	5.974745	5.280629	6.288970	6.288970	5.974745	5.974745	1,1,2,1,1,2	2.658956	0.054796	0.303970	0.013890	0.627343	0.054796	0.303970	0.013890	0.627343	0.188712	0.411855	0.323583	0.075850	0.054796	0.303970	0.013890	0.627343	0.054796	0.303970	0.013890	0.627343	0.188712	0.411855	0.323583	0.075850	1,2,2,2,2,2	1.344915	0.302509	0.022062	0.178828	0.347069	0.081545	0.067986	0.204027	0.199970	0.003782	0.398113	0.171542	0.022567	0.204027	0.199970	0.003782	0.398113	0.171542	0.022567	0.204027	0.199970	0.003782	0.398113	0.171542	0.022567	0.204027	0.199970	0.003782	0.398113	0.171542	0.022567	0.204027	0.199970	0.003782	0.398113	0.171542	0.022567	1,1,1,1,1,1	0.450307	0.031187	0.031187	0.031187	0.031187	0.031187	0.031187	
784000	-68578	1,1,2,2,3,3	2.360223	5.074157	5.074157	6.294641	6.294641	6.074143	6.074143	1,1,2,1,1,2	0.953884	0.054241	0.306803	0.017347	0.621609	0.054241	0.306803	0.017347	0.621609	0.197597	0.408626	0.320974	0.072802	0.054241	0.306803	0.017347	0.621609	0.054241	0.306803	0.017347	0.621609	0.197597	0.408626	0.320974	0.072802	1,2,2,2,2,2	1.141086	0.225556	0.109494	0.219636	0.014947	0.135165	0.295202	0.192414	0.203550	0.002392	0.410371	0.175161	0.016113	0.192414	0.203550	0.002392	0.410371	0.175161	0.016113	0.192414	0.203550	0.002392	0.410371	0.175161	0.016113	0.192414	0.203550	0.002392	0.410371	0.175161	0.016113	0.192414	0.203550	0.002392	0.410371	0.175161	0.016113	1,1,1,1,1,1	0.573880	0.030782	0.030782	0.030782	0.030782	0.030782	0.030782	
785000	-68502	1,2,3,4,1,1	1.314129	5.937747	5.657450	6.424698	5.977418	5.937747	5.937747	1,1,2,1,1,2	0.486370	0.050994	0.312141	0.016958	0.619907	0.050994	0.312141	0.016958	0.619907	0.196369	0.406908	0.320048	0.076675	0.050994	0.312141	0.016958	0.619907	0.050994	0.312141	0.016958	0.619907	0.196369	0.406908	0.320048	0.076675	1,2,2,2,2,2	1.474591	0.030449	0.336622	0.135964	0.016310	0.041426	0.439228	0.187756	0.229083	0.005823	0.384258	0.168870	0.024209	0.187756	0.229083	0.005823	0.384258	0.168870	0.024209	0.187756	0.229083	0.005823	0.384258	0.168870	0.024209	0.187756	0.229083	0.005823	0.384258	0.168870	0.024209	0.187756	0.229083	0.005823	0.384258	0.168870	0.024209	1,1,1,1,1,1	1.677999	0.034658	0.034658	0.034658	0.034658	0.034658	0.034658	
786000	-68530.3	1,1,2,3,4,4	2.766619	5.227243	5.227243	6.281016	6.148435	5.830108	5.830108	1,1,2,1,1,2	1.439957	0.051912	0.304609	0.016254	0.627225	0.051912	0.304609	0.016254	0.627225	0.191148	0.413363	0.325113	0.070376	0.051912	0.304609	0.016254	0.627225	0.051912	0.304609	0.016254	0.627225	0.191148	0.413363	0.325113	0.070376	1,2,2,2,2,2	0.451638	0.064333	0.311026	0.131812	0.141315	0.096863	0.254651	0.181609	0.220481	0.006901	0.398387	0.170206	0.022417	0.181609	0.220481	0.006901	0.398387	0.170206	0.022417	0.181609	0.220481	0.006901	0.398387	0.170206	0.022417	0.181609	0.220481	0.006901	0.398387	0.170206	0.022417	0.181609	0.220481	0.006901	0.398387	0.170206	0.022417	1,1,1,1,1,1	0.218195	0.035893	0.035893	0.035893	0.035893	0.035893	0.035893	
787000	-68536.4	1,1,2,2,3,3	1.215305	5.373440	5.373440	6.378428	6.378428	5.843739	5.843739	1,1,2,1,1,2	0.597218	0.051602	0.313894	0.016139	0.618364	0.051602	0.313894	0.016139	0.618364	0.197896	0.407971	0.317589	0.076544	0.051602	0.313894	0.016139	0.618364	0.051602	0.313894	0.016139	0.618364	0.197896	0.407971	0.317589	0.076544	1,2,2,2,2,2	1.473293	0.047365	0.322301	0.201525	0.007285	0.119070	0.302453	0.193955	0.210507	0.004713	0.400278	0.171567	0.018980	0.193955	0.210507	0.004713	0.400278	0.171567	0.018980	0.193955	0.210507	0.004713	0.400278	0.171567	0.018980	0.193955	0.210507	0.004713	0.400278	0.171567	0.018980	0.193955	0.210507	0.004713	0.400278	0.171567	0.018980	1,1,1,1,1,1	0.334775	0.032180	0.032180	0.032180	0.032180	0.032180	0.032180	
788000	-68655.4	1,1,2,2,3,4	1.235117	5.400985	5.400985	6.233579	6.233579	5.804376	6.002556	1,1,2,1,1,2	1.286601	0.051347	0.309780	0.016440	0.622432	0.051347	0.309780	0.016440	0.622432	0.187454	0.409084	0.326562	0.076899	0.051347	0.309780	0.016440	0.622432	0.051347	0.309780	0.016440	0.622432	0.187454	0.409084	0.326562	0.076899	1,2,2,2,2,2	1.307770	0.040819	0.124165	0.505650	0.006182	0.181053	0.142132	0.191222	0.214757	0.002322	0.389680	0.177452	0.024566	0.191222	0.214757	0.002322	0.389680	0.177452	0.024566	0.191222	0.214757	0.002322	0.389680	0.177452	0.024566	0.191222	0.214757	0.002322	0.389680	0.177452	0.024566	0.191222	0.214757	0.002322	0.389680	0.177452	0.024566	1,1,1,1,1,1	0.892614	0.037067	0.037067	0.037067	0.037067	0.037067	0.037067	
789000	-68512	1,1,2,2,3,3	0.820522	5.237966	5.237966	6.347592	6.347592	5.948476	5.948476	1,1,2,1,1,2	2.472597	0.056310	0.303609	0.015336	0.624745	0.056310	0.303609	0.015336	0.624745	0.202465	0.397609	0.330908	0.069017	0.056310	0.303609	0.015336	0.624745	0.056310	0.303609	0.015336	0.624745	0.202465	0.397609	0.330908	0.069017	1,2,2,2,2,2	0.730984	0.071709	0.197436	0.254525	0.187485	0.097486	0.191359	0.195756	0.206856	0.000718	0.402476	0.170155	0.024038	0.195756	0.206856	0.000718	0.402476	0.170155	0.024038	0.195756	0.206856	0.000718	0.402476	0.170155	0.024038	0.195756	0.206856	0.000718	0.402476	0.170155	0.024038	0.195756	0.206856	0.000718	0.402476	0.170155	0.024038	1,1,1,1,2,1	0.920183	0.037538	0.037538	0.037538	0.037538	0.008153	0.037538	
790000	-68574.5	1,2,3,3,2,2	2.542134	5.676741	5.740633	6.355552	6.355552	5.740633	5.740633	1,1,2,1,1,2	1.296669	0.051616	0.306542	0.016429	0.625413	0.051616	0.306542	0.016429	0.625413	0.199163	0.403806	0.320729	0.076302	0.051616	0.306542	0.016429	0.625413	0.051616	0.306542	0.016429	0.625413	0.199163	0.403806	0.320729	0.076302	1,2,2,2,2,2	0.762315	0.118664	0.439661	0.064087	0.115991	0.031007	0.230589	0.194186	0.219641	0.003866	0.398046	0.164137	0.020124	0.194186	0.219641	0.003866	0.398046	0.164137	0.020124	0.194186	0.219641	0.003866	0.398046	0.164137	0.020124	0.194186	0.219641	0.003866	0.398046	0.164137	0.020124	0.194186	0.219641	0.003866	0.398046	0.164137	0.020124	1,1,1,1,1,1	0.437032	0.035174	0.035174	0.035174	0.035174	0.035174	0.035174	
791000	-68571.6	1,2,3,4,1,1	1.829673	5.989393	5.227725	6.356484	6.277573	5.989393	5.989393	1,1,2,1,1,2	0.668573	0.050094	0.314717	0.016620	0.618569	0.050094	0.314717	0.016620	0.618569	0.199828	0.411590	0.317086	0.071496	0.050094	0.314717	0.016620	0.618569	0.050094	0.314717	0.016620	0.618569	0.199828	0.411590	0.317086	0.071496	1,2,2,2,2,2	0.557683	0.040131	0.371754	0.358943	0.035661	0.078110	0.115400	0.192826	0.219216	0.004952	0.393236	0.168878	0.020892	0.192826	0.219216	0.004952	0.393236	0.168878	0.020892	0.192826	0.219216	0.004952	0.393236	0.168878	0.020892	0.192826	0.219216	0.004952	0.393236	0.168878	0.020892	0.192826	0.219216	0.004952	0.393236	0.168878	0.020892	1,1,1,1,1,1	0.308537	0.032620	0.032620	0.032620	0.032620	0.032620	0.032620	
792000	-68560.7	1,2,3,4,1,1	1.113964	5.753654	5.492773	6.179003	6.122495	5.753654	5.753654	1,1,2,1,1,2	1.966074	0.053127	0.310181	0.015967	0.620725	0.053127	0.310181	0.015967	0.620725	0.196956	0.405422	0.319815	0.077808	0.053127	0.310181	0.015967	0.620725	0.053127	0.310181	0.015967	0.620725	0.196956	0.405422	0.319815	0.077808	1,2,2,2,2,2	1.908435	0.005261	0.095425	0.466594	0.170202	0.092225	0.170293	0.183705	0.213048	0.008069	0.398823	0.174883	0.021473	0.183705	0.213048	0.008069	0.398823	0.174883	0.021473	0.183705	0.213048	0.008069	0.398823	0.174883	0.021473	0.183705	0.213048	0.008069	0.398823	0.174883	0.021473	0.183705	0.213048	0.008069	0.398823	0.174883	0.021473	1,1,1,1,1,1	0.505496	0.033098	0.033098	0.033098	0.033098	0.033098	0.033098	
793000	-68545.4	1,1,2,2,2,2	2.281110	5.402517	5.402517	6.188686	6.188686	6.188686	6.188686	1,1,2,1,1,2	0.757844	0.051802	0.315560	0.014276	0.618362	0.051802	0.315560	0.014276	0.618362	0.204535	0.412531	0.313918	0.069016	0.051802	0.315560	0.014276	0.618362	0.051802	0.315560	0.014276	0.618362	0.204535	0.412531	0.313918	0.069016	1,2,2,2,2,2	1.269050	0.136863	0.110710	0.274145	0.250976	0.090714	0.136593	0.171799	0.230241	0.002960	0.400365	0.166341	0.028294	0.171799	0.230241	0.002960	0.400365	0.166341	0.028294	0.171799	0.230241	0.002960	0.400365	0.166341	0.028294	0.171799	0.230241	0.002960	0.400365	0.166341	0.028294	0.171799	0.230241	0.002960	0.400365	0.166341	0.028294	1,1,1,1,1,1	0.413358	0.035576	0.035576	0.035576	0.035576	0.035576	0.035576	
794000	-68520.6	1,2,3,3,4,1	3.021261	5.933597	5.615645	6.542022	6.542022	6.094633	5.933597	1,1,2,1,1,2	1.979702	0.050502	0.314192	0.015492	0.619814	0.050502	0.314192	0.015492	0.619814	0.184019	0.418272	0.320934	0.076774	0.050502	0.314192	0.015492	0.619814	0.050502	0.314192	0.015492	0.619814	0.184019	0.418272	0.320934	0.076774	1,2,2,2,2,2	3.393325	0.139052	0.045685	0.172339	0.059039	0.060639	0.523246	0.183822	0.237377	0.000491	0.394294	0.166310	0.017706	0.183822	0.237377	0.000491	0.394294	0.166310	0.017706	0.183822	0.237377	0.000491	0.394294	0.166310	0.017706	0.183822	0.237377	0.000491	0.394294	0.166310	0.017706	0.183822	0.237377	0.000491	0.394294	0.166310	0.017706	1,1,1,1,1,1	0.842246	0.035417	0.035417	0.035417	0.035417	0.035417	0.035417	
795000	-68611.9	1,1,2,2,2,3	1.624632	5.472106	5.472106	6.130237	6.130237	6.130237	5.743975	1,1,2,1,1,2	2.615057	0.051187	0.307772	0.013994	0.627047	0.051187	0.307772	0.013994	0.627047	0.194074	0.411712	0.323622	0.070593	0.051187	0.307772	0.013994	0.627047	0.051187	0.307772	0.013994	0.627047	0.194074	0.411712	0.323622	0.070593	1,2,2,2,2,2	0.495171	0.093584	0.399345	0.213488	0.140068	0.097657	0.055858	0.191454	0.223774	0.002157	0.390175	0.164744	0.027695	0.191454	0.223774	0.002157	0.390175	0.164744	0.027695	0.191454	0.223774	0.002157	0.390175	0.164744	0.027695	0.191454	0.223774	0.002157	0.390175	0.164744	0.027695	0.191454	0.223774	0.002157	0.390175	0.164744	0.027695	1,1,1,1,1,1	2.106075	0.033939	0.033939	0.033939	0.033939	0.033939	0.033939	
796000	-68499.3	1,2,3,4,2,2	2.854689	6.026584	5.861553	6.410134	6.406646	5.861553	5.861553	1,1,2,1,1,2	0.789432	0.048753	0.318778	0.015084	0.617385	0.048753	0.318778	0.015084	0.617385	0.200939	0.401135	0.318457	0.079469	0.048753	0.318778	0.015084	0.617385	0.048753	0.318778	0.015084	0.617385	0.200939	0.401135	0.318457	0.079469	1,2,2,2,2,2	0.497538	0.002900	0.292091	0.145054	0.085386	0.056505	0.418064	0.184211	0.222305	0.007861	0.397779	0.161963	0.025881	0.184211	0.222305	0.007861	0.397779	0.161963	0.025881	0.184211	0.222305	0.007861	0.397779	0.161963	0.025881	0.184211	0.222305	0.007861	0.397779	0.161963	0.025881	0.184211	0.222305	0.007861	0.397779	0.161963	0.025881	1,1,1,1,1,1	0.551516	0.034139	0.034139	0.034139	0.034139	0.034139	0.034139	
797000	-68557.9	1,1,2,3,4,4	1.973190	5.559964	5.559964	6.321524	6.413058	5.862736	5.862736	1,1,2,1,1,2	1.258273	0.054393	0.305860	0.017207	0.622540	0.054393	0.305860	0.017207	0.622540	0.194328	0.409467	0.318399	0.077806	0.054393	0.305860	0.017207	0.622540	0.054393	0.305860	0.017207	0.622540	0.194328	0.409467	0.318399	0.077806	1,2,2,2,2,2	0.981654	0.007338	0.065410	0.378329	0.155329	0.176559	0.217034	0.191955	0.217206	0.005044	0.392101	0.175809	0.017885	0.191955	0.217206	0.005044	0.392101	0.175809	0.017885	0.191955	0.217206	0.005044	0.392101	0.175809	0.017885	0.191955	0.217206	0.005044	0.392101	0.175809	0.017885	0.191955	0.217206	0.005044	0.392101	0.175809	0.017885	1,1,1,1,1,1	0.640873	0.034909	0.034909	0.034909	0.034909	0.034909	0.034909	
798000	-68513.9	1,2,3,3,4,2	1.188272	4.973821	5.692343	6.280010	6.280010	5.856287	5.692343	1,1,2,1,1,2	1.196615	0.051035	0.307817	0.016047	0.625101	0.051035	0.307817	0.016047	0.625101	0.201065	0.402432	0.323261	0.073242	0.051035	0.307817	0.016047	0.625101	0.051035	0.307817	0.016047	0.625101	0.201065	0.402432	0.323261	0.073242	1,2,2,2,2,2	0.736954	0.057768	0.085306	0.185764	0.151199	0.124475	0.395487	0.189165	0.222642	0.003193	0.388779	0.167257	0.028965	0.189165	0.222642	0.003193	0.388779	0.167257	0.028965	0.189165	0.222642	0.003193	0.388779	0.167257	0.028965	0.189165	0.222642	0.003193	0.388779	0.167257	0.028965	0.189165	0.222642	0.003193	0.388779	0.167257	0.028965	1,1,1,1,1,1	2.078942	0.035689	0.035689	0.035689	0.035689	0.035689	0.035689	
799000	-68647.6	1,2,3,3,3,2	1.529979	5.099790	5.707986	6.280747	6.280747	6.280747	5.707986	1,1,2,1,1,2	0.388890	0.051367	0.310254	0.016994	0.621385	0.051367	0.310254	0.016994	0.621385	0.196422	0.411205	0.320049	0.072324	0.051367	0.310254	0.016994	0.621385	0.051367	0.310254	0.016994	0.621385	0.196422	0.411205	0.320049	0.072324	1,2,2,2,2,2	2.530136	0.152064	0.053433	0.317525	0.176775	0.203310	0.096894	0.194035	0.223830	0.004266	0.389705	0.171041	0.017122	0.194035	0.223830	0.004266	0.389705	0.171041	0.017122	0.194035	0.223830	0.004266	0.389705	0.171041	0.017122	0.194035	0.223830	0.004266	0.389705	0.171041	0.017122	0.194035	0.223830	0.004266	0.389705	0.171041	0.017122	1,1,1,1,1,1	0.171998	0.034054	0.034054	0.034054	0.034054	0.034054	0.034054	
800000	-68653.5	1,2,3,4,5,6	2.243528	5.196387	5.473483	6.515595	6.108364	6.026252	5.805221	1,1,2,1,1,2	0.904167	0.049832	0.308920	0.015412	0.625836	0.049832	0.308920	0.015412	0.625836	0.197992	0.406511	0.316245	0.079251	0.049832	0.308920	0.015412	0.625836	0.049832	0.308920	0.015412	0.625836	0.197992	0.406511	0.316245	0.079251	1,2,2,2,2,2	0.706118	0.080374	0.473230	0.206940	0.004245	0.029287	0.205924	0.187861	0.227245	0.005601	0.395430	0.166862	0.017002	0.187861	0.227245	0.005601	0.395430	0.166862	0.017002	0.187861	0.227245	0.005601	0.395430	0.166862	0.017002	0.187861	0.227245	0.005601	0.395430	0.166862	0.017002	0.187861	0.227245	0.005601	0.395430	0.166862	0.017002	1,1,1,1,1,1	0.918420	0.036023	0.036023	0.036023	0.036023	0.036023	0.036023	
801000	-68550	1,2,1,1,3,3	0.955025	6.298215	5.129151	6.298215	6.298215	5.887879	5.887879	1,1,2,1,1,2	3.376926	0.053967	0.297453	0.016092	0.632488	0.053967	0.297453	0.016092	0.632488	0.196999	0.411276	0.322098	0.069627	0.053967	0.297453	0.016092	0.632488	0.053967	0.297453	0.016092	0.632488	0.196999	0.411276	0.322098	0.069627	1,2,2,2,2,2	0.844245	0.111610	0.194745	0.093764	0.116095	0.034562	0.449224	0.191148	0.217014	0.002908	0.398371	0.169287	0.021273	0.191148	0.217014	0.002908	0.398371	0.169287	0.021273	0.191148	0.217014	0.002908	0.398371	0.169287	0.021273	0.191148	0.217014	0.002908	0.398371	0.169287	0.021273	0.191148	0.217014	0.002908	0.398371	0.169287	0.021273	1,1,1,1,1,1	0.646914	0.031496	0.031496	0.031496	0.031496	0.031496	0.031496	
802000	-68533.1	1,1,2,3,3,3	0.670229	5.366173	5.366173	6.271179	6.021900	6.021900	6.021900	1,1,2,1,1,2	1.689824	0.057708	0.304099	0.014189	0.624003	0.057708	0.304099	0.014189	0.624003	0.193026	0.409274	0.324710	0.072989	0.057708	0.304099	0.014189	0.624003	0.057708	0.304099	0.014189	0.624003	0.193026	0.409274	0.324710	0.072989	1,2,2,2,2,2	2.551886	0.185979	0.059785	0.193178	0.180679	0.083793	0.296586	0.179494	0.220313	0.005113	0.385517	0.182468	0.027095	0.179494	0.220313	0.005113	0.385517	0.182468	0.027095	0.179494	0.220313	0.005113	0.385517	0.182468	0.027095	0.179494	0.220313	0.005113	0.385517	0.182468	0.027095	0.179494	0.220313	0.005113	0.385517	0.182468	0.027095	1,1,1,1,1,1	0.565180	0.039349	0.039349	0.039349	0.039349	0.039349	0.039349	
803000	-68527.7	1,2,3,3,4,4	1.787011	5.334798	5.508935	6.300868	6.300868	5.869619	5.869619	1,1,2,1,1,2	0.658561	0.047722	0.314391	0.015687	0.622200	0.047722	0.314391	0.015687	0.622200	0.196683	0.407269	0.319897	0.076151	0.047722	0.314391	0.015687	0.622200	0.047722	0.314391	0.015687	0.622200	0.196683	0.407269	0.319897	0.076151	1,2,2,2,2,2	2.890620	0.125186	0.044078	0.390197	0.021569	0.120786	0.298184	0.195458	0.214071	0.007231	0.393881	0.171733	0.017625	0.195458	0.214071	0.007231	0.393881	0.171733	0.017625	0.195458	0.214071	0.007231	0.393881	0.171733	0.017625	0.195458	0.214071	0.007231	0.393881	0.171733	0.017625	0.195458	0.214071	0.007231	0.393881	0.171733	0.017625	1,1,1,1,1,1	0.979208	0.037036	0.037036	0.037036	0.037036	0.037036	0.037036	
804000	-68534.1	1,2,3,4,2,5	0.847484	6.469682	5.670463	6.243785	6.262794	5.670463	5.697492	1,1,2,1,1,2	0.626115	0.050598	0.308899	0.014747	0.625756	0.050598	0.308899	0.014747	0.625756	0.194482	0.410388	0.319939	0.075192	0.050598	0.308899	0.014747	0.625756	0.050598	0.308899	0.014747	0.625756	0.194482	0.410388	0.319939	0.075192	1,2,2,2,2,2	1.131787	0.079794	0.017688	0.072967	0.111024	0.035838	0.682689	0.194199	0.228494	0.002492	0.385587	0.165092	0.024136	0.194199	0.228494	0.002492	0.385587	0.165092	0.024136	0.194199	0.228494	0.002492	0.385587	0.165092	0.024136	0.194199	0.228494	0.002492	0.385587	0.165092	0.024136	0.194199	0.228494	0.002492	0.385587	0.165092	0.024136	1,1,1,1,1,1	0.645044	0.036282	0.036282	0.036282	0.036282	0.036282	0.036282	
805000	-68516.7	1,2,3,3,4,5	1.402822	4.749609	5.633814	6.271583	6.271583	5.999502	5.896372	1,1,2,1,1,2	0.538957	0.052581	0.311728	0.015075	0.620617	0.052581	0.311728	0.015075	0.620617	0.196435	0.406981	0.318553	0.078031	0.052581	0.311728	0.015075	0.620617	0.052581	0.311728	0.015075	0.620617	0.196435	0.406981	0.318553	0.078031	1,2,2,2,2,2	4.324569	0.134141	0.039813	0.319152	0.203921	0.108978	0.193995	0.181068	0.219182	0.005219	0.405239	0.166311	0.022981	0.181068	0.219182	0.005219	0.405239	0.166311	0.022981	0.181068	0.219182	0.005219	0.405239	0.166311	0.022981	0.181068	0.219182	0.005219	0.405239	0.166311	0.022981	0.181068	0.219182	0.005219	0.405239	0.166311	0.022981	1,1,1,1,1,1	0.454916	0.035286	0.035286	0.035286	0.035286	0.035286	0.035286	
806000	-68488.6	1,1,2,2,3,4	1.919469	5.258673	5.258673	6.279877	6.279877	6.175713	5.872244	1,1,2,1,1,2	0.602840	0.049707	0.312083	0.015619	0.622591	0.049707	0.312083	0.015619	0.622591	0.192217	0.403273	0.333318	0.071192	0.049707	0.312083	0.015619	0.622591	0.049707	0.312083	0.015619	0.622591	0.192217	0.403273	0.333318	0.071192	1,2,2,2,2,2	1.435824	0.092929	0.023149	0.271988	0.099456	0.091736	0.420742	0.194207	0.209489	0.005312	0.390586	0.171279	0.029127	0.194207	0.209489	0.005312	0.390586	0.171279	0.029127	0.194207	0.209489	0.005312	0.390586	0.171279	0.029127	0.194207	0.209489	0.005312	0.390586	0.171279	0.029127	0.194207	0.209489	0.005312	0.390586	0.171279	0.029127	1,2,1,1,2,2	0.257938	0.041670	0.032703	0.041670	0.041670	0.032703	0.032703	
807000	-68558.2	1,1,2,3,4,4	1.691810	5.137820	5.137820	6.292170	5.958907	5.855565	5.855565	1,1,2,1,1,2	1.129397	0.052863	0.300093	0.016570	0.630475	0.052863	0.300093	0.016570	0.630475	0.201452	0.404833	0.316265	0.077451	0.052863	0.300093	0.016570	0.630475	0.052863	0.300093	0.016570	0.630475	0.201452	0.404833	0.316265	0.077451	1,2,2,2,2,2	0.791459	0.282832	0.015287	0.229048	0.094502	0.091090	0.287242	0.185155	0.223791	0.003748	0.399634	0.163097	0.024575	0.185155	0.223791	0.003748	0.399634	0.163097	0.024575	0.185155	0.223791	0.003748	0.399634	0.163097	0.024575	0.185155	0.223791	0.003748	0.399634	0.163097	0.024575	0.185155	0.223791	0.003748	0.399634	0.163097	0.024575	1,1,1,1,1,1	0.682736	0.035258	0.035258	0.035258	0.035258	0.035258	0.035258	
808000	-68509.5	1,1,2,2,2,2	1.923373	5.444155	5.444155	6.153406	6.153406	6.153406	6.153406	1,1,2,1,1,2	1.422342	0.047945	0.308353	0.015858	0.627844	0.047945	0.308353	0.015858	0.627844	0.204020	0.400889	0.324871	0.070220	0.047945	0.308353	0.015858	0.627844	0.047945	0.308353	0.015858	0.627844	0.204020	0.400889	0.324871	0.070220	1,2,2,2,2,2	2.709856	0.010587	0.106926	0.366716	0.103180	0.105543	0.307049	0.186041	0.215439	0.007643	0.398050	0.172055	0.020772	0.186041	0.215439	0.007643	0.398050	0.172055	0.020772	0.186041	0.215439	0.007643	0.398050	0.172055	0.020772	0.186041	0.215439	0.007643	0.398050	0.172055	0.020772	0.186041	0.215439	0.007643	0.398050	0.172055	0.020772	1,1,1,1,1,1	2.064504	0.035861	0.035861	0.035861	0.035861	0.035861	0.035861	
809000	-68585.5	1,2,3,3,1,4	2.961368	5.789915	5.269596	6.372178	6.372178	5.789915	5.913780	1,1,2,1,1,2	1.847573	0.051663	0.304234	0.015592	0.628511	0.051663	0.304234	0.015592	0.628511	0.198431	0.403301	0.324580	0.073688	0.051663	0.304234	0.015592	0.628511	0.051663	0.304234	0.015592	0.628511	0.198431	0.403301	0.324580	0.073688	1,2,2,2,2,2	2.041299	0.040963	0.057882	0.109829	0.261801	0.101071	0.428454	0.182086	0.222387	0.004456	0.400212	0.165652	0.025208	0.182086	0.222387	0.004456	0.400212	0.165652	0.025208	0.182086	0.222387	0.004456	0.400212	0.165652	0.025208	0.182086	0.222387	0.004456	0.400212	0.165652	0.025208	0.182086	0.222387	0.004456	0.400212	0.165652	0.025208	1,1,1,1,1,1	1.061603	0.030690	0.030690	0.030690	0.030690	0.030690	0.030690	
810000	-68531.1	1,1,2,3,3,4	1.688210	5.445798	5.445798	6.114861	6.119092	6.119092	5.788518	1,1,2,1,1,2	3.427729	0.056002	0.312939	0.015840	0.615219	0.056002	0.312939	0.015840	0.615219	0.192610	0.406711	0.317830	0.082849	0.056002	0.312939	0.015840	0.615219	0.056002	0.312939	0.015840	0.615219	0.192610	0.406711	0.317830	0.082849	1,2,2,2,2,2	1.939094	0.134401	0.202986	0.139059	0.243659	0.070184	0.209710	0.189309	0.209327	0.004206	0.401531	0.174748	0.020879	0.189309	0.209327	0.004206	0.401531	0.174748	0.020879	0.189309	0.209327	0.004206	0.401531	0.174748	0.020879	0.189309	0.209327	0.004206	0.401531	0.174748	0.020879	0.189309	0.209327	0.004206	0.401531	0.174748	0.020879	1,1,1,1,1,1	1.676685	0.037977	0.037977	0.037977	0.037977	0.037977	0.037977	
811000	-68512.1	1,1,2,3,4,4	3.393917	5.284833	5.284833	6.362090	6.129156	5.811504	5.811504	1,1,2,1,1,2	0.705302	0.050520	0.306114	0.016208	0.627158	0.050520	0.306114	0.016208	0.627158	0.198322	0.399869	0.320964	0.080846	0.050520	0.306114	0.016208	0.627158	0.050520	0.306114	0.016208	0.627158	0.198322	0.399869	0.320964	0.080846	1,2,2,2,2,2	0.933414	0.009522	0.522678	0.184096	0.111990	0.044345	0.127370	0.189579	0.204064	0.003772	0.406507	0.171725	0.024354	0.189579	0.204064	0.003772	0.406507	0.171725	0.024354	0.189579	0.204064	0.003772	0.406507	0.171725	0.024354	0.189579	0.204064	0.003772	0.406507	0.171725	0.024354	0.189579	0.204064	0.003772	0.406507	0.171725	0.024354	1,1,1,1,1,1	0.374061	0.035332	0.035332	0.035332	0.035332	0.035332	0.035332	
812000	-68611.7	1,1,2,3,2,2	2.136965	5.385512	5.385512	6.130700	6.138665	6.130700	6.130700	1,1,2,1,1,2	2.879202	0.051172	0.315574	0.016669	0.616586	0.051172	0.315574	0.016669	0.616586	0.197519	0.411293	0.316596	0.074591	0.051172	0.315574	0.016669	0.616586	0.051172	0.315574	0.016669	0.616586	0.197519	0.411293	0.316596	0.074591	1,2,2,2,2,2	0.926360	0.152114	0.433420	0.124513	0.182424	0.040489	0.067040	0.193394	0.207975	0.003032	0.401399	0.177258	0.016942	0.193394	0.207975	0.003032	0.401399	0.177258	0.016942	0.193394	0.207975	0.003032	0.401399	0.177258	0.016942	0.193394	0.207975	0.003032	0.401399	0.177258	0.016942	0.193394	0.207975	0.003032	0.401399	0.177258	0.016942	1,1,1,1,1,1	0.917367	0.030208	0.030208	0.030208	0.030208	0.030208	0.030208	
813000	-68542.3	1,2,3,3,3,4	3.456912	5.179786	5.285681	6.204914	6.204914	6.204914	5.838475	1,1,2,1,1,2	1.991140	0.054743	0.304647	0.016668	0.623942	0.054743	0.304647	0.016668	0.623942	0.202723	0.395603	0.323759	0.077915	0.054743	0.304647	0.016668	0.623942	0.054743	0.304647	0.016668	0.623942	0.202723	0.395603	0.323759	0.077915	1,2,2,2,2,2	1.164704	0.091470	0.353543	0.164741	0.172174	0.086178	0.131894	0.187301	0.207664	0.003967	0.398388	0.179680	0.023000	0.187301	0.207664	0.003967	0.398388	0.179680	0.023000	0.187301	0.207664	0.003967	0.398388	0.179680	0.023000	0.187301	0.207664	0.003967	0.398388	0.179680	0.023000	0.187301	0.207664	0.003967	0.398388	0.179680	0.023000	1,1,1,1,1,1	0.861301	0.038917	0.038917	0.038917	0.038917	0.038917	0.038917	
814000	-68748.9	1,2,1,1,3,3	1.935822	6.172204	5.560155	6.172204	6.172204	5.909411	5.909411	1,1,2,1,1,2	0.898319	0.050612	0.304993	0.015176	0.629219	0.050612	0.304993	0.015176	0.629219	0.194265	0.406276	0.321652	0.077808	0.050612	0.304993	0.015176	0.629219	0.050612	0.304993	0.015176	0.629219	0.194265	0.406276	0.321652	0.077808	1,2,2,2,2,2	2.032912	0.242231	0.010732	0.074151	0.587451	0.038892	0.046542	0.195234	0.202633	0.006580	0.405225	0.171120	0.019207	0.195234	0.202633	0.006580	0.405225	0.171120	0.019207	0.195234	0.202633	0.006580	0.405225	0.171120	0.019207	0.195234	0.202633	0.006580	0.405225	0.171120	0.019207	0.195234	0.202633	0.006580	0.405225	0.171120	0.019207	1,1,1,1,1,1	1.030937	0.035718	0.035718	0.035718	0.035718	0.035718	0.035718	
815000	-68543.3	1,1,2,2,3,4	2.292040	5.285019	5.285019	6.354791	6.354791	5.980279	6.093644	1,1,2,1,1,2	1.736620	0.050017	0.308933	0.017921	0.623129	0.050017	0.308933	0.017921	0.623129	0.191215	0.414709	0.318993	0.075082	0.050017	0.308933	0.017921	0.623129	0.050017	0.308933	0.017921	0.623129	0.191215	0.414709	0.318993	0.075082	1,2,2,2,2,2	0.548794	0.096257	0.178771	0.132669	0.275670	0.031968	0.284665	0.185385	0.204094	0.004525	0.413497	0.171605	0.020895	0.185385	0.204094	0.004525	0.413497	0.171605	0.020895	0.185385	0.204094	0.004525	0.413497	0.171605	0.020895	0.185385	0.204094	0.004525	0.413497	0.171605	0.020895	0.185385	0.204094	0.004525	0.413497	0.171605	0.020895	1,1,1,1,1,1	1.431783	0.039963	0.039963	0.039963	0.039963	0.039963	0.039963	
816000	-68540.6	1,2,1,1,3,3	2.333923	6.381054	5.423781	6.381054	6.381054	5.849494	5.849494	1,1,2,1,1,2	0.284502	0.050193	0.316578	0.016589	0.616640	0.050193	0.316578	0.016589	0.616640	0.199967	0.392647	0.332045	0.075341	0.050193	0.316578	0.016589	0.616640	0.050193	0.316578	0.016589	0.616640	0.199967	0.392647	0.332045	0.075341	1,2,2,2,2,2	1.448684	0.072679	0.126785	0.245923	0.094354	0.044021	0.416237	0.192017	0.217489	0.003305	0.395607	0.167904	0.023677	0.192017	0.217489	0.003305	0.395607	0.167904	0.023677	0.192017	0.217489	0.003305	0.395607	0.167904	0.023677	0.192017	0.217489	0.003305	0.395607	0.167904	0.023677	0.192017	0.217489	0.003305	0.395607	0.167904	0.023677	1,1,1,1,1,1	2.127254	0.027920	0.027920	0.027920	0.027920	0.027920	0.027920	
817000	-68631.5	1,1,2,2,3,3	2.164741	5.330834	5.330834	6.332427	6.332427	5.749234	5.749234	1,1,2,1,1,2	1.442550	0.049141	0.305280	0.014166	0.631413	0.049141	0.305280	0.014166	0.631413	0.198502	0.401279	0.328129	0.072090	0.049141	0.305280	0.014166	0.631413	0.049141	0.305280	0.014166	0.631413	0.198502	0.401279	0.328129	0.072090	1,2,2,2,2,2	1.991102	0.027181	0.122032	0.385147	0.089032	0.202340	0.174269	0.183803	0.225260	0.006798	0.386828	0.169634	0.027677	0.183803	0.225260	0.006798	0.386828	0.169634	0.027677	0.183803	0.225260	0.006798	0.386828	0.169634	0.027677	0.183803	0.225260	0.006798	0.386828	0.169634	0.027677	0.183803	0.225260	0.006798	0.386828	0.169634	0.027677	1,1,1,1,1,1	1.022824	0.032683	0.032683	0.032683	0.032683	0.032683	0.032683	
818000	-68542.8	1,2,3,4,5,5	2.390842	6.529426	5.338880	6.360418	6.186487	5.957400	5.957400	1,1,2,1,1,2	1.388944	0.056286	0.311531	0.017688	0.614495	0.056286	0.311531	0.017688	0.614495	0.202866	0.403667	0.321719	0.071747	0.056286	0.311531	0.017688	0.614495	0.056286	0.311531	0.017688	0.614495	0.202866	0.403667	0.321719	0.071747	1,2,2,2,2,2	1.219201	0.051488	0.280719	0.127303	0.276081	0.026304	0.238104	0.182582	0.227028	0.005007	0.397574	0.165231	0.022578	0.182582	0.227028	0.005007	0.397574	0.165231	0.022578	0.182582	0.227028	0.005007	0.397574	0.165231	0.022578	0.182582	0.227028	0.005007	0.397574	0.165231	0.022578	0.182582	0.227028	0.005007	0.397574	0.165231	0.022578	1,1,1,1,1,1	2.238709	0.031280	0.031280	0.031280	0.031280	0.031280	0.031280	
819000	-68583	1,1,2,3,4,4	1.091617	5.187736	5.187736	6.427009	6.241185	5.941575	5.941575	1,1,2,1,1,2	2.279993	0.048663	0.309490	0.015832	0.626015	0.048663	0.309490	0.015832	0.626015	0.203906	0.406007	0.320002	0.070085	0.048663	0.309490	0.015832	0.626015	0.048663	0.309490	0.015832	0.626015	0.203906	0.406007	0.320002	0.070085	1,2,2,2,2,2	2.192682	0.099152	0.447103	0.106582	0.233035	0.058778	0.055350	0.187839	0.217316	0.009325	0.388459	0.175110	0.021951	0.187839	0.217316	0.009325	0.388459	0.175110	0.021951	0.187839	0.217316	0.009325	0.388459	0.175110	0.021951	0.187839	0.217316	0.009325	0.388459	0.175110	0.021951	0.187839	0.217316	0.009325	0.388459	0.175110	0.021951	1,1,1,1,1,1	0.421741	0.032931	0.032931	0.032931	0.032931	0.032931	0.032931	
820000	-68527.4	1,1,2,2,3,3	0.976426	5.459774	5.459774	6.472053	6.472053	6.009374	6.009374	1,1,2,1,1,2	1.585554	0.052870	0.304690	0.016396	0.626044	0.052870	0.304690	0.016396	0.626044	0.195463	0.406292	0.324849	0.073396	0.052870	0.304690	0.016396	0.626044	0.052870	0.304690	0.016396	0.626044	0.195463	0.406292	0.324849	0.073396	1,2,2,2,2,2	4.269891	0.000496	0.505608	0.087059	0.240504	0.047791	0.118542	0.183054	0.214384	0.003672	0.389435	0.182464	0.026991	0.183054	0.214384	0.003672	0.389435	0.182464	0.026991	0.183054	0.214384	0.003672	0.389435	0.182464	0.026991	0.183054	0.214384	0.003672	0.389435	0.182464	0.026991	0.183054	0.214384	0.003672	0.389435	0.182464	0.026991	1,1,1,1,1,1	0.253668	0.034804	0.034804	0.034804	0.034804	0.034804	0.034804	
821000	-68520.8	1,2,3,1,4,4	2.189349	6.232396	5.730422	6.351120	6.232396	5.828853	5.828853	1,1,2,1,1,2	0.923457	0.052483	0.311216	0.016419	0.619881	0.052483	0.311216	0.016419	0.619881	0.197199	0.400825	0.327835	0.074141	0.052483	0.311216	0.016419	0.619881	0.052483	0.311216	0.016419	0.619881	0.197199	0.400825	0.327835	0.074141	1,2,2,2,2,2	2.271389	0.023506	0.080563	0.363795	0.025501	0.089372	0.417263	0.188397	0.225254	0.003754	0.386304	0.168062	0.028229	0.188397	0.225254	0.003754	0.386304	0.168062	0.028229	0.188397	0.225254	0.003754	0.386304	0.168062	0.028229	0.188397	0.225254	0.003754	0.386304	0.168062	0.028229	0.188397	0.225254	0.003754	0.386304	0.168062	0.028229	1,1,1,1,1,1	0.405017	0.035883	0.035883	0.035883	0.035883	0.035883	0.035883	
822000	-68507.3	1,2,3,3,2,4	3.766515	6.559333	5.682881	6.079653	6.079653	5.682881	5.872640	1,1,2,1,1,2	0.745364	0.053060	0.307202	0.018079	0.621659	0.053060	0.307202	0.018079	0.621659	0.201395	0.407089	0.317657	0.073859	0.053060	0.307202	0.018079	0.621659	0.053060	0.307202	0.018079	0.621659	0.201395	0.407089	0.317657	0.073859	1,2,2,2,2,2	4.032984	0.001317	0.016146	0.135206	0.437973	0.038879	0.370478	0.195823	0.211140	0.003524	0.393636	0.174394	0.021482	0.195823	0.211140	0.003524	0.393636	0.174394	0.021482	0.195823	0.211140	0.003524	0.393636	0.174394	0.021482	0.195823	0.211140	0.003524	0.393636	0.174394	0.021482	0.195823	0.211140	0.003524	0.393636	0.174394	0.021482	1,1,1,1,1,1	0.445304	0.034228	0.034228	0.034228	0.034228	0.034228	0.034228	
823000	-68583.2	1,2,3,3,4,4	1.798145	5.007211	5.600599	6.467629	6.467629	5.792321	5.792321	1,1,2,1,1,2	0.973494	0.048499	0.309554	0.016155	0.625793	0.048499	0.309554	0.016155	0.625793	0.196239	0.410397	0.320876	0.072488	0.048499	0.309554	0.016155	0.625793	0.048499	0.309554	0.016155	0.625793	0.196239	0.410397	0.320876	0.072488	1,2,2,2,2,2	1.408648	0.035703	0.358006	0.181002	0.233768	0.110013	0.081508	0.185290	0.214913	0.007847	0.393600	0.181006	0.017345	0.185290	0.214913	0.007847	0.393600	0.181006	0.017345	0.185290	0.214913	0.007847	0.393600	0.181006	0.017345	0.185290	0.214913	0.007847	0.393600	0.181006	0.017345	0.185290	0.214913	0.007847	0.393600	0.181006	0.017345	1,1,1,1,1,1	2.062911	0.030600	0.030600	0.030600	0.030600	0.030600	0.030600	
824000	-68539.7	1,2,3,3,3,4	0.930407	5.452564	5.507158	6.201668	6.201668	6.201668	5.939860	1,1,2,1,1,2	0.693285	0.050479	0.306069	0.016533	0.626920	0.050479	0.306069	0.016533	0.626920	0.195015	0.409466	0.320353	0.075167	0.050479	0.306069	0.016533	0.626920	0.050479	0.306069	0.016533	0.626920	0.195015	0.409466	0.320353	0.075167	1,2,2,2,2,2	5.142859	0.001782	0.775277	0.064308	0.001268	0.030541	0.126825	0.194861	0.204762	0.001826	0.406308	0.172828	0.019415	0.194861	0.204762	0.001826	0.406308	0.172828	0.019415	0.194861	0.204762	0.001826	0.406308	0.172828	0.019415	0.194861	0.204762	0.001826	0.406308	0.172828	0.019415	0.194861	0.204762	0.001826	0.406308	0.172828	0.019415	1,1,1,1,1,1	0.529433	0.037671	0.037671	0.037671	0.037671	0.037671	0.037671	
825000	-68529.1	1,2,3,4,4,5	2.223367	5.163029	5.480553	6.399817	6.034484	6.034484	5.699085	1,1,2,1,1,2	1.632266	0.051596	0.309070	0.017427	0.621907	0.051596	0.309070	0.017427	0.621907	0.193690	0.401266	0.324871	0.080172	0.051596	0.309070	0.017427	0.621907	0.051596	0.309070	0.017427	0.621907	0.193690	0.401266	0.324871	0.080172	1,2,2,2,2,2	0.940287	0.167175	0.097771	0.185286	0.232518	0.102875	0.214375	0.183793	0.232296	0.005439	0.387775	0.169595	0.021101	0.183793	0.232296	0.005439	0.387775	0.169595	0.021101	0.183793	0.232296	0.005439	0.387775	0.169595	0.021101	0.183793	0.232296	0.005439	0.387775	0.169595	0.021101	0.183793	0.232296	0.005439	0.387775	0.169595	0.021101	1,1,1,1,1,1	0.736080	0.035260	0.035260	0.035260	0.035260	0.035260	0.035260	
826000	-68737.4	1,2,3,3,3,4	1.070853	5.453556	5.333534	6.197730	6.197730	6.197730	6.007007	1,1,2,1,1,2	0.589326	0.055955	0.314589	0.015702	0.613754	0.055955	0.314589	0.015702	0.613754	0.193195	0.402275	0.332745	0.071785	0.055955	0.314589	0.015702	0.613754	0.055955	0.314589	0.015702	0.613754	0.193195	0.402275	0.332745	0.071785	1,2,2,2,2,2	1.983252	0.018515	0.112472	0.085764	0.575185	0.112984	0.095080	0.188820	0.212317	0.003092	0.387172	0.174725	0.033874	0.188820	0.212317	0.003092	0.387172	0.174725	0.033874	0.188820	0.212317	0.003092	0.387172	0.174725	0.033874	0.188820	0.212317	0.003092	0.387172	0.174725	0.033874	0.188820	0.212317	0.003092	0.387172	0.174725	0.033874	1,1,1,1,1,1	0.561225	0.032841	0.032841	0.032841	0.032841	0.032841	0.032841	
827000	-68805.9	1,2,3,3,4,4	1.324777	4.935188	5.243190	6.512815	6.512815	5.966996	5.966996	1,1,2,1,1,2	0.690717	0.053704	0.305224	0.015054	0.626019	0.053704	0.305224	0.015054	0.626019	0.197448	0.406262	0.323755	0.072535	0.053704	0.305224	0.015054	0.626019	0.053704	0.305224	0.015054	0.626019	0.197448	0.406262	0.323755	0.072535	1,2,2,2,2,2	0.720547	0.019309	0.014965	0.039719	0.347685	0.069804	0.508518	0.172105	0.215211	0.006311	0.411482	0.165903	0.028988	0.172105	0.215211	0.006311	0.411482	0.165903	0.028988	0.172105	0.215211	0.006311	0.411482	0.165903	0.028988	0.172105	0.215211	0.006311	0.411482	0.165903	0.028988	0.172105	0.215211	0.006311	0.411482	0.165903	0.028988	1,1,1,1,1,1	3.177326	0.034267	0.034267	0.034267	0.034267	0.034267	0.034267	
828000	-68629.5	1,1,2,3,4,4	2.083264	5.299981	5.299981	6.450939	6.386518	5.751402	5.751402	1,1,2,1,1,2	1.526095	0.051502	0.311863	0.016071	0.620563	0.051502	0.311863	0.016071	0.620563	0.199400	0.410471	0.313244	0.076886	0.051502	0.311863	0.016071	0.620563	0.051502	0.311863	0.016071	0.620563	0.199400	0.410471	0.313244	0.076886	1,2,2,2,2,2	0.460451	0.029539	0.488360	0.214182	0.072160	0.119714	0.076045	0.189859	0.209816	0.001392	0.399222	0.177261	0.022451	0.189859	0.209816	0.001392	0.399222	0.177261	0.022451	0.189859	0.209816	0.001392	0.399222	0.177261	0.022451	0.189859	0.209816	0.001392	0.399222	0.177261	0.022451	0.189859	0.209816	0.001392	0.399222	0.177261	0.022451	1,1,1,1,1,1	0.465300	0.033395	0.033395	0.033395	0.033395	0.033395	0.033395	
829000	-68555.8	1,2,3,3,4,5	2.280709	5.227641	5.196253	6.265009	6.265009	5.811821	5.855595	1,1,2,1,1,2	2.019776	0.052958	0.309575	0.016318	0.621149	0.052958	0.309575	0.016318	0.621149	0.200568	0.403642	0.321950	0.073840	0.052958	0.309575	0.016318	0.621149	0.052958	0.309575	0.016318	0.621149	0.200568	0.403642	0.321950	0.073840	1,2,2,2,2,2	2.359308	0.036603	0.551415	0.121544	0.059397	0.086853	0.144189	0.189894	0.214044	0.005291	0.399179	0.166571	0.025021	0.189894	0.214044	0.005291	0.399179	0.166571	0.025021	0.189894	0.214044	0.005291	0.399179	0.166571	0.025021	0.189894	0.214044	0.005291	0.399179	0.166571	0.025021	0.189894	0.214044	0.005291	0.399179	0.166571	0.025021	1,1,1,1,1,1	1.064237	0.035292	0.035292	0.035292	0.035292	0.035292	0.035292	
830000	-68693.3	1,2,3,4,5,5	1.797227	5.227176	5.520926	6.432902	6.374715	5.992802	5.992802	1,1,2,1,1,2	1.083868	0.053175	0.314525	0.013628	0.618672	0.053175	0.314525	0.013628	0.618672	0.199134	0.398054	0.330756	0.072056	0.053175	0.314525	0.013628	0.618672	0.053175	0.314525	0.013628	0.618672	0.199134	0.398054	0.330756	0.072056	1,2,2,2,2,2	0.653578	0.177738	0.075542	0.052111	0.343804	0.078015	0.272790	0.189308	0.206612	0.006524	0.401799	0.176530	0.019227	0.189308	0.206612	0.006524	0.401799	0.176530	0.019227	0.189308	0.206612	0.006524	0.401799	0.176530	0.019227	0.189308	0.206612	0.006524	0.401799	0.176530	0.019227	0.189308	0.206612	0.006524	0.401799	0.176530	0.019227	1,1,1,1,1,1	0.486194	0.032969	0.032969	0.032969	0.032969	0.032969	0.032969	
831000	-68621.6	1,2,3,4,5,1	1.720084	5.942155	5.444543	6.227895	6.336859	6.202391	5.942155	1,1,2,1,1,2	0.573470	0.050719	0.310742	0.016935	0.621604	0.050719	0.310742	0.016935	0.621604	0.196577	0.404555	0.329422	0.069446	0.050719	0.310742	0.016935	0.621604	0.050719	0.310742	0.016935	0.621604	0.196577	0.404555	0.329422	0.069446	1,2,2,2,2,2	2.251389	0.181382	0.285428	0.142235	0.265439	0.064281	0.061235	0.191124	0.217728	0.003094	0.396328	0.170772	0.020954	0.191124	0.217728	0.003094	0.396328	0.170772	0.020954	0.191124	0.217728	0.003094	0.396328	0.170772	0.020954	0.191124	0.217728	0.003094	0.396328	0.170772	0.020954	0.191124	0.217728	0.003094	0.396328	0.170772	0.020954	1,1,1,1,1,1	1.509690	0.036848	0.036848	0.036848	0.036848	0.036848	0.036848	
832000	-68580.6	1,1,2,2,3,3	2.614031	5.265440	5.265440	6.170560	6.170560	5.876348	5.876348	1,1,2,1,1,2	1.040753	0.050928	0.311796	0.015151	0.622125	0.050928	0.311796	0.015151	0.622125	0.184608	0.406446	0.328465	0.080482	0.050928	0.311796	0.015151	0.622125	0.050928	0.311796	0.015151	0.622125	0.184608	0.406446	0.328465	0.080482	1,2,2,2,2,2	0.645959	0.135130	0.057673	0.104213	0.084095	0.044359	0.574530	0.189809	0.225800	0.009572	0.384269	0.170156	0.020394	0.189809	0.225800	0.009572	0.384269	0.170156	0.020394	0.189809	0.225800	0.009572	0.384269	0.170156	0.020394	0.189809	0.225800	0.009572	0.384269	0.170156	0.020394	0.189809	0.225800	0.009572	0.384269	0.170156	0.020394	1,1,1,1,1,1	0.367059	0.030200	0.030200	0.030200	0.030200	0.030200	0.030200	
833000	-68523.5	1,2,3,4,5,6	3.596685	5.158588	5.463793	6.262497	6.589052	6.043080	5.787167	1,1,2,1,1,2	1.020102	0.049359	0.316753	0.013871	0.620017	0.049359	0.316753	0.013871	0.620017	0.185906	0.408662	0.325895	0.079537	0.049359	0.316753	0.013871	0.620017	0.049359	0.316753	0.013871	0.620017	0.185906	0.408662	0.325895	0.079537	1,2,2,2,2,2	2.552186	0.147746	0.151329	0.188112	0.218017	0.083721	0.211075	0.199000	0.218092	0.004641	0.384686	0.172802	0.020780	0.199000	0.218092	0.004641	0.384686	0.172802	0.020780	0.199000	0.218092	0.004641	0.384686	0.172802	0.020780	0.199000	0.218092	0.004641	0.384686	0.172802	0.020780	0.199000	0.218092	0.004641	0.384686	0.172802	0.020780	1,1,1,1,1,1	1.701863	0.033987	0.033987	0.033987	0.033987	0.033987	0.033987	
834000	-68565.4	1,1,2,2,3,4	1.865526	5.337560	5.337560	6.391836	6.391836	5.902459	5.879669	1,1,2,1,1,2	3.550867	0.051335	0.309840	0.018182	0.620643	0.051335	0.309840	0.018182	0.620643	0.199833	0.402230	0.324134	0.073804	0.051335	0.309840	0.018182	0.620643	0.051335	0.309840	0.018182	0.620643	0.199833	0.402230	0.324134	0.073804	1,2,2,2,2,2	0.476670	0.022914	0.158834	0.194763	0.062190	0.146518	0.414782	0.187480	0.222144	0.004994	0.397055	0.170552	0.017775	0.187480	0.222144	0.004994	0.397055	0.170552	0.017775	0.187480	0.222144	0.004994	0.397055	0.170552	0.017775	0.187480	0.222144	0.004994	0.397055	0.170552	0.017775	0.187480	0.222144	0.004994	0.397055	0.170552	0.017775	1,1,1,1,1,1	0.894052	0.035318	0.035318	0.035318	0.035318	0.035318	0.035318	
835000	-68685.5	1,2,3,4,1,1	1.157222	5.875265	5.128714	6.307606	6.267390	5.875265	5.875265	1,1,2,1,1,2	1.186200	0.056250	0.306647	0.014069	0.623034	0.056250	0.306647	0.014069	0.623034	0.202071	0.408677	0.320556	0.068697	0.056250	0.306647	0.014069	0.623034	0.056250	0.306647	0.014069	0.623034	0.202071	0.408677	0.320556	0.068697	1,2,2,2,2,2	0.997953	0.037393	0.069779	0.133272	0.234118	0.167292	0.358146	0.193382	0.199884	0.002323	0.398481	0.178188	0.027742	0.193382	0.199884	0.002323	0.398481	0.178188	0.027742	0.193382	0.199884	0.002323	0.398481	0.178188	0.027742	0.193382	0.199884	0.002323	0.398481	0.178188	0.027742	0.193382	0.199884	0.002323	0.398481	0.178188	0.027742	1,1,1,1,1,1	1.145719	0.036457	0.036457	0.036457	0.036457	0.036457	0.036457	
836000	-68571.4	1,2,3,3,4,5	4.850632	7.068102	5.184503	6.205198	6.205198	5.750018	5.878258	1,1,2,1,1,2	0.691351	0.052053	0.313354	0.014975	0.619618	0.052053	0.313354	0.014975	0.619618	0.202110	0.400449	0.323275	0.074166	0.052053	0.313354	0.014975	0.619618	0.052053	0.313354	0.014975	0.619618	0.202110	0.400449	0.323275	0.074166	1,2,2,2,2,2	0.431776	0.053732	0.072092	0.078062	0.676211	0.018422	0.101482	0.192246	0.220515	0.004891	0.385195	0.169534	0.027619	0.192246	0.220515	0.004891	0.385195	0.169534	0.027619	0.192246	0.220515	0.004891	0.385195	0.169534	0.027619	0.192246	0.220515	0.004891	0.385195	0.169534	0.027619	0.192246	0.220515	0.004891	0.385195	0.169534	0.027619	1,1,1,1,1,1	2.545424	0.033502	0.033502	0.033502	0.033502	0.033502	0.033502	
837000	-68603.3	1,1,2,2,3,3	1.759163	5.428385	5.428385	6.230912	6.230912	5.986084	5.986084	1,1,2,1,1,2	1.464709	0.048774	0.309318	0.014004	0.627903	0.048774	0.309318	0.014004	0.627903	0.201803	0.407053	0.319202	0.071942	0.048774	0.309318	0.014004	0.627903	0.048774	0.309318	0.014004	0.627903	0.201803	0.407053	0.319202	0.071942	1,2,2,2,2,2	1.982598	0.110034	0.364437	0.045239	0.201198	0.030482	0.248609	0.188124	0.205415	0.009071	0.397995	0.180340	0.019055	0.188124	0.205415	0.009071	0.397995	0.180340	0.019055	0.188124	0.205415	0.009071	0.397995	0.180340	0.019055	0.188124	0.205415	0.009071	0.397995	0.180340	0.019055	0.188124	0.205415	0.009071	0.397995	0.180340	0.019055	1,1,1,1,1,1	3.082901	0.034431	0.034431	0.034431	0.034431	0.034431	0.034431	
838000	-68489.5	1,2,3,4,4,4	1.930310	5.350118	5.414873	6.291142	6.052378	6.052378	6.052378	1,1,2,1,1,2	0.743792	0.048348	0.313706	0.015169	0.622778	0.048348	0.313706	0.015169	0.622778	0.200990	0.405071	0.315502	0.078437	0.048348	0.313706	0.015169	0.622778	0.048348	0.313706	0.015169	0.622778	0.200990	0.405071	0.315502	0.078437	1,2,2,2,2,2	2.042144	0.044922	0.102962	0.262222	0.085943	0.113548	0.390402	0.193360	0.209655	0.005997	0.397240	0.175512	0.018236	0.193360	0.209655	0.005997	0.397240	0.175512	0.018236	0.193360	0.209655	0.005997	0.397240	0.175512	0.018236	0.193360	0.209655	0.005997	0.397240	0.175512	0.018236	0.193360	0.209655	0.005997	0.397240	0.175512	0.018236	1,1,1,1,1,1	0.866546	0.035714	0.035714	0.035714	0.035714	0.035714	0.035714	
839000	-68554.2	1,1,2,2,3,3	1.550355	5.440136	5.440136	6.080909	6.080909	5.802642	5.802642	1,1,2,1,1,2	0.591676	0.054570	0.308449	0.014286	0.622695	0.054570	0.308449	0.014286	0.622695	0.197432	0.409806	0.321652	0.071110	0.054570	0.308449	0.014286	0.622695	0.054570	0.308449	0.014286	0.622695	0.197432	0.409806	0.321652	0.071110	1,2,2,2,2,2	0.607411	0.192119	0.153075	0.199479	0.059946	0.119988	0.275394	0.184664	0.220753	0.004114	0.392853	0.173185	0.024430	0.184664	0.220753	0.004114	0.392853	0.173185	0.024430	0.184664	0.220753	0.004114	0.392853	0.173185	0.024430	0.184664	0.220753	0.004114	0.392853	0.173185	0.024430	0.184664	0.220753	0.004114	0.392853	0.173185	0.024430	1,1,1,1,1,1	0.793081	0.036990	0.036990	0.036990	0.036990	0.036990	0.036990	
840000	-68482.7	1,2,3,1,1,1	3.477202	6.072065	5.228490	6.280735	6.072065	6.072065	6.072065	1,1,2,1,1,2	1.943850	0.050406	0.309656	0.014140	0.625797	0.050406	0.309656	0.014140	0.625797	0.200444	0.406646	0.309829	0.083081	0.050406	0.309656	0.014140	0.625797	0.050406	0.309656	0.014140	0.625797	0.200444	0.406646	0.309829	0.083081	1,2,2,2,2,2	1.121312	0.014328	0.018563	0.248807	0.065381	0.066337	0.586584	0.187615	0.217781	0.006543	0.401473	0.163495	0.023093	0.187615	0.217781	0.006543	0.401473	0.163495	0.023093	0.187615	0.217781	0.006543	0.401473	0.163495	0.023093	0.187615	0.217781	0.006543	0.401473	0.163495	0.023093	0.187615	0.217781	0.006543	0.401473	0.163495	0.023093	1,1,1,1,1,1	1.953225	0.033552	0.033552	0.033552	0.033552	0.033552	0.033552	
841000	-68505.4	1,2,3,3,4,4	1.891993	5.150227	5.352258	6.351185	6.351185	5.969938	5.969938	1,1,2,1,1,2	0.503495	0.050746	0.310728	0.017609	0.620917	0.050746	0.310728	0.017609	0.620917	0.198207	0.409920	0.313237	0.078636	0.050746	0.310728	0.017609	0.620917	0.050746	0.310728	0.017609	0.620917	0.198207	0.409920	0.313237	0.078636	1,2,2,2,2,2	1.838954	0.112682	0.383234	0.176676	0.047947	0.079245	0.200217	0.190345	0.216386	0.001578	0.400458	0.170745	0.020487	0.190345	0.216386	0.001578	0.400458	0.170745	0.020487	0.190345	0.216386	0.001578	0.400458	0.170745	0.020487	0.190345	0.216386	0.001578	0.400458	0.170745	0.020487	0.190345	0.216386	0.001578	0.400458	0.170745	0.020487	1,1,1,1,1,1	0.276870	0.037453	0.037453	0.037453	0.037453	0.037453	0.037453	
842000	-68650.8	1,2,3,3,4,4	1.915117	5.478022	5.236386	6.325680	6.325680	5.913427	5.913427	1,1,2,1,1,2	1.094024	0.052979	0.313206	0.016381	0.617434	0.052979	0.313206	0.016381	0.617434	0.197875	0.404435	0.326779	0.070911	0.052979	0.313206	0.016381	0.617434	0.052979	0.313206	0.016381	0.617434	0.197875	0.404435	0.326779	0.070911	1,2,2,2,2,2	0.829889	0.118207	0.059233	0.393622	0.097800	0.211887	0.119251	0.193671	0.203465	0.004556	0.395264	0.179276	0.023766	0.193671	0.203465	0.004556	0.395264	0.179276	0.023766	0.193671	0.203465	0.004556	0.395264	0.179276	0.023766	0.193671	0.203465	0.004556	0.395264	0.179276	0.023766	0.193671	0.203465	0.004556	0.395264	0.179276	0.023766	1,1,1,1,1,1	1.547850	0.033420	0.033420	0.033420	0.033420	0.033420	0.033420	
843000	-68522.9	1,1,2,3,2,4	2.408902	5.624242	5.624242	6.173634	6.500774	6.173634	5.901170	1,1,2,1,1,2	1.198156	0.049090	0.311910	0.016607	0.622393	0.049090	0.311910	0.016607	0.622393	0.196277	0.405880	0.319319	0.078525	0.049090	0.311910	0.016607	0.622393	0.049090	0.311910	0.016607	0.622393	0.196277	0.405880	0.319319	0.078525	1,2,2,2,2,2	0.701325	0.000194	0.172709	0.188071	0.446245	0.060290	0.132491	0.184114	0.224434	0.003891	0.396951	0.169947	0.020663	0.184114	0.224434	0.003891	0.396951	0.169947	0.020663	0.184114	0.224434	0.003891	0.396951	0.169947	0.020663	0.184114	0.224434	0.003891	0.396951	0.169947	0.020663	0.184114	0.224434	0.003891	0.396951	0.169947	0.020663	1,1,1,1,1,1	0.415291	0.032395	0.032395	0.032395	0.032395	0.032395	0.032395	
844000	-68494.8	1,1,2,3,4,4	1.587022	5.479235	5.479235	6.440254	6.360153	5.957060	5.957060	1,1,2,1,1,2	2.005990	0.050395	0.306402	0.016176	0.627027	0.050395	0.306402	0.016176	0.627027	0.204958	0.402833	0.320033	0.072176	0.050395	0.306402	0.016176	0.627027	0.050395	0.306402	0.016176	0.627027	0.204958	0.402833	0.320033	0.072176	1,2,2,2,2,2	1.556413	0.017345	0.187537	0.274318	0.223500	0.073722	0.223578	0.186328	0.212194	0.006232	0.402094	0.174919	0.018234	0.186328	0.212194	0.006232	0.402094	0.174919	0.018234	0.186328	0.212194	0.006232	0.402094	0.174919	0.018234	0.186328	0.212194	0.006232	0.402094	0.174919	0.018234	0.186328	0.212194	0.006232	0.402094	0.174919	0.018234	1,1,1,1,1,1	0.897894	0.035682	0.035682	0.035682	0.035682	0.035682	0.035682	
845000	-68547	1,2,3,3,4,4	1.049420	5.273072	5.394514	6.367443	6.367443	6.057581	6.057581	1,1,2,1,1,2	1.986546	0.050939	0.304523	0.016501	0.628037	0.050939	0.304523	0.016501	0.628037	0.195190	0.403557	0.327486	0.073767	0.050939	0.304523	0.016501	0.628037	0.050939	0.304523	0.016501	0.628037	0.195190	0.403557	0.327486	0.073767	1,2,2,2,2,2	1.117104	0.137638	0.106132	0.112804	0.373160	0.071076	0.199191	0.191515	0.214289	0.003525	0.403288	0.169744	0.017639	0.191515	0.214289	0.003525	0.403288	0.169744	0.017639	0.191515	0.214289	0.003525	0.403288	0.169744	0.017639	0.191515	0.214289	0.003525	0.403288	0.169744	0.017639	0.191515	0.214289	0.003525	0.403288	0.169744	0.017639	1,1,1,1,1,1	1.098856	0.034486	0.034486	0.034486	0.034486	0.034486	0.034486	
846000	-68546.3	1,2,3,4,4,4	1.551131	5.040801	5.416767	6.182159	5.992617	5.992617	5.992617	1,1,2,1,1,2	0.545355	0.049815	0.311493	0.016993	0.621699	0.049815	0.311493	0.016993	0.621699	0.192972	0.410174	0.318905	0.077948	0.049815	0.311493	0.016993	0.621699	0.049815	0.311493	0.016993	0.621699	0.192972	0.410174	0.318905	0.077948	1,2,2,2,2,2	1.229707	0.120592	0.091195	0.281073	0.312486	0.088286	0.106367	0.197808	0.228137	0.005579	0.379162	0.162867	0.026446	0.197808	0.228137	0.005579	0.379162	0.162867	0.026446	0.197808	0.228137	0.005579	0.379162	0.162867	0.026446	0.197808	0.228137	0.005579	0.379162	0.162867	0.026446	0.197808	0.228137	0.005579	0.379162	0.162867	0.026446	1,1,1,1,1,1	0.789922	0.037821	0.037821	0.037821	0.037821	0.037821	0.037821	
847000	-68518	1,1,2,3,4,5	2.244900	5.297891	5.297891	6.188170	6.400592	5.583290	5.715932	1,1,2,1,1,2	1.784364	0.049741	0.309527	0.015722	0.625010	0.049741	0.309527	0.015722	0.625010	0.200844	0.398702	0.321953	0.078500	0.049741	0.309527	0.015722	0.625010	0.049741	0.309527	0.015722	0.625010	0.200844	0.398702	0.321953	0.078500	1,2,2,2,2,2	0.646087	0.056042	0.336187	0.270152	0.022355	0.078071	0.237193	0.201120	0.205033	0.000866	0.403740	0.167964	0.021277	0.201120	0.205033	0.000866	0.403740	0.167964	0.021277	0.201120	0.205033	0.000866	0.403740	0.167964	0.021277	0.201120	0.205033	0.000866	0.403740	0.167964	0.021277	0.201120	0.205033	0.000866	0.403740	0.167964	0.021277	1,1,1,1,1,1	0.723884	0.034901	0.034901	0.034901	0.034901	0.034901	0.034901	
848000	-68533.6	1,2,1,1,3,4	3.899084	6.290855	5.483393	6.290855	6.290855	5.838057	5.699745	1,1,2,1,1,2	1.380414	0.056054	0.310673	0.018360	0.614913	0.056054	0.310673	0.018360	0.614913	0.197907	0.405655	0.319868	0.076570	0.056054	0.310673	0.018360	0.614913	0.056054	0.310673	0.018360	0.614913	0.197907	0.405655	0.319868	0.076570	1,2,2,2,2,2	1.648770	0.035940	0.013443	0.208752	0.503385	0.077013	0.161467	0.184460	0.233358	0.004322	0.391872	0.168972	0.017016	0.184460	0.233358	0.004322	0.391872	0.168972	0.017016	0.184460	0.233358	0.004322	0.391872	0.168972	0.017016	0.184460	0.233358	0.004322	0.391872	0.168972	0.017016	0.184460	0.233358	0.004322	0.391872	0.168972	0.017016	1,1,1,1,1,1	0.672468	0.035488	0.035488	0.035488	0.035488	0.035488	0.035488	
849000	-68541.7	1,1,2,2,3,4	3.402637	5.204261	5.204261	6.406958	6.406958	5.883905	6.061392	1,1,2,1,1,2	0.706246	0.049602	0.312657	0.015537	0.622205	0.049602	0.312657	0.015537	0.622205	0.195560	0.416682	0.322152	0.065605	0.049602	0.312657	0.015537	0.622205	0.049602	0.312657	0.015537	0.622205	0.195560	0.416682	0.322152	0.065605	1,2,2,2,2,2	0.348948	0.139275	0.147262	0.306898	0.148471	0.118219	0.139874	0.185182	0.209037	0.006325	0.400651	0.170739	0.028067	0.185182	0.209037	0.006325	0.400651	0.170739	0.028067	0.185182	0.209037	0.006325	0.400651	0.170739	0.028067	0.185182	0.209037	0.006325	0.400651	0.170739	0.028067	0.185182	0.209037	0.006325	0.400651	0.170739	0.028067	1,1,1,1,1,1	0.734856	0.033912	0.033912	0.033912	0.033912	0.033912	0.033912	
850000	-68701	1,2,3,4,5,6	3.010663	5.136373	5.497020	6.300440	6.098119	5.747162	5.775090	1,1,2,1,1,2	1.995842	0.053507	0.310681	0.015382	0.620430	0.053507	0.310681	0.015382	0.620430	0.191737	0.403091	0.326672	0.078501	0.053507	0.310681	0.015382	0.620430	0.053507	0.310681	0.015382	0.620430	0.191737	0.403091	0.326672	0.078501	1,2,2,2,2,2	1.336971	0.347687	0.000158	0.114360	0.086567	0.152710	0.298518	0.180942	0.232168	0.005293	0.384602	0.167341	0.029653	0.180942	0.232168	0.005293	0.384602	0.167341	0.029653	0.180942	0.232168	0.005293	0.384602	0.167341	0.029653	0.180942	0.232168	0.005293	0.384602	0.167341	0.029653	0.180942	0.232168	0.005293	0.384602	0.167341	0.029653	1,1,1,1,1,1	1.520011	0.037973	0.037973	0.037973	0.037973	0.037973	0.037973	
851000	-68589.9	1,2,3,4,5,6	2.143652	5.260720	5.275975	6.372552	6.343666	6.252681	6.036627	1,1,2,1,1,2	0.967338	0.052749	0.314877	0.016107	0.616266	0.052749	0.314877	0.016107	0.616266	0.195910	0.409921	0.325218	0.068951	0.052749	0.314877	0.016107	0.616266	0.052749	0.314877	0.016107	0.616266	0.195910	0.409921	0.325218	0.068951	1,2,2,2,2,2	0.290338	0.084166	0.020178	0.363884	0.128544	0.211125	0.192103	0.183596	0.220003	0.006132	0.391166	0.172740	0.026363	0.183596	0.220003	0.006132	0.391166	0.172740	0.026363	0.183596	0.220003	0.006132	0.391166	0.172740	0.026363	0.183596	0.220003	0.006132	0.391166	0.172740	0.026363	0.183596	0.220003	0.006132	0.391166	0.172740	0.026363	1,1,1,1,1,1	0.262866	0.034933	0.034933	0.034933	0.034933	0.034933	0.034933	
852000	-68474.8	1,1,2,3,4,4	1.083719	5.428367	5.428367	6.499056	6.465849	6.071494	6.071494	1,1,2,1,1,2	1.369333	0.050295	0.307298	0.017258	0.625149	0.050295	0.307298	0.017258	0.625149	0.190215	0.409974	0.329846	0.069965	0.050295	0.307298	0.017258	0.625149	0.050295	0.307298	0.017258	0.625149	0.190215	0.409974	0.329846	0.069965	1,2,2,2,2,2	0.788444	0.072630	0.122431	0.282895	0.143421	0.073362	0.305260	0.183650	0.220104	0.002488	0.405115	0.173163	0.015481	0.183650	0.220104	0.002488	0.405115	0.173163	0.015481	0.183650	0.220104	0.002488	0.405115	0.173163	0.015481	0.183650	0.220104	0.002488	0.405115	0.173163	0.015481	0.183650	0.220104	0.002488	0.405115	0.173163	0.015481	1,1,1,1,1,1	1.526667	0.031457	0.031457	0.031457	0.031457	0.031457	0.031457	
853000	-68557.9	1,1,2,2,3,3	1.402625	5.260171	5.260171	6.354974	6.354974	6.073905	6.073905	1,1,2,1,1,2	1.535656	0.051326	0.298919	0.016939	0.632816	0.051326	0.298919	0.016939	0.632816	0.196102	0.405711	0.326139	0.072048	0.051326	0.298919	0.016939	0.632816	0.051326	0.298919	0.016939	0.632816	0.196102	0.405711	0.326139	0.072048	1,2,2,2,2,2	0.563593	0.211775	0.259518	0.168619	0.085736	0.074042	0.200310	0.191459	0.219202	0.003632	0.397227	0.175360	0.013120	0.191459	0.219202	0.003632	0.397227	0.175360	0.013120	0.191459	0.219202	0.003632	0.397227	0.175360	0.013120	0.191459	0.219202	0.003632	0.397227	0.175360	0.013120	0.191459	0.219202	0.003632	0.397227	0.175360	0.013120	1,1,1,1,1,1	0.691479	0.036597	0.036597	0.036597	0.036597	0.036597	0.036597	
854000	-68543.6	1,1,2,2,3,3	0.886924	5.170776	5.170776	6.204349	6.204349	5.988019	5.988019	1,1,2,1,1,2	1.446773	0.052523	0.303412	0.016574	0.627492	0.052523	0.303412	0.016574	0.627492	0.198971	0.405353	0.324772	0.070903	0.052523	0.303412	0.016574	0.627492	0.052523	0.303412	0.016574	0.627492	0.198971	0.405353	0.324772	0.070903	1,2,2,2,2,2	0.509114	0.102832	0.012137	0.392500	0.066476	0.185168	0.240888	0.190245	0.207678	0.009705	0.396931	0.178299	0.017141	0.190245	0.207678	0.009705	0.396931	0.178299	0.017141	0.190245	0.207678	0.009705	0.396931	0.178299	0.017141	0.190245	0.207678	0.009705	0.396931	0.178299	0.017141	0.190245	0.207678	0.009705	0.396931	0.178299	0.017141	1,1,1,1,1,1	1.254778	0.036604	0.036604	0.036604	0.036604	0.036604	0.036604	
855000	-68606.7	1,2,3,4,5,6	3.201805	5.915391	5.253204	6.425526	6.479662	6.055847	5.832955	1,1,2,1,1,2	0.714106	0.051454	0.308270	0.014826	0.625450	0.051454	0.308270	0.014826	0.625450	0.198750	0.408613	0.323218	0.069419	0.051454	0.308270	0.014826	0.625450	0.051454	0.308270	0.014826	0.625450	0.198750	0.408613	0.323218	0.069419	1,2,2,2,2,2	1.412215	0.237655	0.076552	0.351786	0.128608	0.055798	0.149602	0.186122	0.196258	0.005189	0.406496	0.185865	0.020070	0.186122	0.196258	0.005189	0.406496	0.185865	0.020070	0.186122	0.196258	0.005189	0.406496	0.185865	0.020070	0.186122	0.196258	0.005189	0.406496	0.185865	0.020070	0.186122	0.196258	0.005189	0.406496	0.185865	0.020070	1,1,1,1,1,1	0.712407	0.034568	0.034568	0.034568	0.034568	0.034568	0.034568	
856000	-68499.5	1,1,2,2,3,3	3.558820	5.302790	5.302790	6.375097	6.375097	5.794935	5.794935	1,1,2,1,1,2	0.402804	0.049819	0.304795	0.016779	0.628608	0.049819	0.304795	0.016779	0.628608	0.192057	0.407450	0.329461	0.071032	0.049819	0.304795	0.016779	0.628608	0.049819	0.304795	0.016779	0.628608	0.192057	0.407450	0.329461	0.071032	1,2,2,2,2,2	1.333088	0.019954	0.187017	0.177002	0.196389	0.042134	0.377504	0.191273	0.220397	0.002902	0.385539	0.173586	0.026302	0.191273	0.220397	0.002902	0.385539	0.173586	0.026302	0.191273	0.220397	0.002902	0.385539	0.173586	0.026302	0.191273	0.220397	0.002902	0.385539	0.173586	0.026302	0.191273	0.220397	0.002902	0.385539	0.173586	0.026302	1,1,1,1,1,1	1.234954	0.032178	0.032178	0.032178	0.032178	0.032178	0.032178	
857000	-68541.5	1,1,2,3,4,5	1.245786	5.276546	5.276546	6.492502	6.358685	5.709292	5.955847	1,1,2,1,1,2	0.747870	0.051753	0.307407	0.018490	0.622350	0.051753	0.307407	0.018490	0.622350	0.198216	0.410217	0.314254	0.077313	0.051753	0.307407	0.018490	0.622350	0.051753	0.307407	0.018490	0.622350	0.198216	0.410217	0.314254	0.077313	1,2,2,2,2,2	1.131344	0.010840	0.033037	0.212184	0.516342	0.095750	0.131848	0.185670	0.218882	0.003156	0.396367	0.173910	0.022015	0.185670	0.218882	0.003156	0.396367	0.173910	0.022015	0.185670	0.218882	0.003156	0.396367	0.173910	0.022015	0.185670	0.218882	0.003156	0.396367	0.173910	0.022015	0.185670	0.218882	0.003156	0.396367	0.173910	0.022015	1,1,1,1,1,1	0.700091	0.032760	0.032760	0.032760	0.032760	0.032760	0.032760	
858000	-68578.2	1,2,3,4,1,1	2.407775	5.813624	5.407441	6.398667	6.297456	5.813624	5.813624	1,1,2,1,1,2	1.207212	0.049304	0.307847	0.017143	0.625706	0.049304	0.307847	0.017143	0.625706	0.203666	0.398079	0.329936	0.068318	0.049304	0.307847	0.017143	0.625706	0.049304	0.307847	0.017143	0.625706	0.203666	0.398079	0.329936	0.068318	1,2,2,2,2,2	1.244868	0.094397	0.220980	0.363906	0.003477	0.067900	0.249342	0.198358	0.193477	0.005373	0.405918	0.179793	0.017081	0.198358	0.193477	0.005373	0.405918	0.179793	0.017081	0.198358	0.193477	0.005373	0.405918	0.179793	0.017081	0.198358	0.193477	0.005373	0.405918	0.179793	0.017081	0.198358	0.193477	0.005373	0.405918	0.179793	0.017081	1,1,1,1,1,1	0.545862	0.037236	0.037236	0.037236	0.037236	0.037236	0.037236	
859000	-68499.5	1,1,2,2,3,3	2.463604	5.536997	5.536997	6.370439	6.370439	5.943802	5.943802	1,1,2,1,1,2	0.402359	0.051300	0.308744	0.015980	0.623976	0.051300	0.308744	0.015980	0.623976	0.191958	0.411713	0.322041	0.074289	0.051300	0.308744	0.015980	0.623976	0.051300	0.308744	0.015980	0.623976	0.191958	0.411713	0.322041	0.074289	1,2,2,2,2,2	1.382522	0.007979	0.049998	0.316078	0.151065	0.093267	0.381614	0.180311	0.236586	0.007688	0.387655	0.163631	0.024129	0.180311	0.236586	0.007688	0.387655	0.163631	0.024129	0.180311	0.236586	0.007688	0.387655	0.163631	0.024129	0.180311	0.236586	0.007688	0.387655	0.163631	0.024129	0.180311	0.236586	0.007688	0.387655	0.163631	0.024129	1,1,1,1,1,1	0.651968	0.035065	0.035065	0.035065	0.035065	0.035065	0.035065	
860000	-68589.1	1,2,3,4,5,5	2.854175	6.498985	5.546940	6.240816	6.122820	5.796007	5.796007	1,1,2,1,1,2	0.653884	0.047614	0.317898	0.015796	0.618693	0.047614	0.317898	0.015796	0.618693	0.195249	0.406087	0.325722	0.072942	0.047614	0.317898	0.015796	0.618693	0.047614	0.317898	0.015796	0.618693	0.195249	0.406087	0.325722	0.072942	1,2,2,2,2,2	1.464756	0.128125	0.062260	0.250302	0.078487	0.038458	0.442369	0.192061	0.220246	0.007641	0.389064	0.169955	0.021032	0.192061	0.220246	0.007641	0.389064	0.169955	0.021032	0.192061	0.220246	0.007641	0.389064	0.169955	0.021032	0.192061	0.220246	0.007641	0.389064	0.169955	0.021032	0.192061	0.220246	0.007641	0.389064	0.169955	0.021032	1,1,1,1,1,1	1.378670	0.035393	0.035393	0.035393	0.035393	0.035393	0.035393	
861000	-68561.1	1,1,2,3,1,4	3.005425	5.617703	5.617703	6.412810	6.080655	5.617703	6.021828	1,1,2,1,1,2	1.969233	0.052959	0.309414	0.016288	0.621339	0.052959	0.309414	0.016288	0.621339	0.194997	0.411328	0.322525	0.071150	0.052959	0.309414	0.016288	0.621339	0.052959	0.309414	0.016288	0.621339	0.194997	0.411328	0.322525	0.071150	1,2,2,2,2,2	0.362724	0.074109	0.525255	0.041595	0.039026	0.038711	0.281305	0.183458	0.207285	0.008003	0.402227	0.170112	0.028915	0.183458	0.207285	0.008003	0.402227	0.170112	0.028915	0.183458	0.207285	0.008003	0.402227	0.170112	0.028915	0.183458	0.207285	0.008003	0.402227	0.170112	0.028915	0.183458	0.207285	0.008003	0.402227	0.170112	0.028915	1,1,1,1,1,1	0.084425	0.032290	0.032290	0.032290	0.032290	0.032290	0.032290	
862000	-68563.7	1,1,2,3,3,4	2.036710	5.251678	5.251678	6.293947	6.040832	6.040832	5.864620	1,1,2,1,1,2	0.907039	0.049358	0.309766	0.017602	0.623274	0.049358	0.309766	0.017602	0.623274	0.204510	0.405493	0.320651	0.069346	0.049358	0.309766	0.017602	0.623274	0.049358	0.309766	0.017602	0.623274	0.204510	0.405493	0.320651	0.069346	1,2,2,2,2,2	0.935669	0.018584	0.296661	0.301849	0.152366	0.126747	0.103793	0.196697	0.207246	0.005165	0.395224	0.176012	0.019656	0.196697	0.207246	0.005165	0.395224	0.176012	0.019656	0.196697	0.207246	0.005165	0.395224	0.176012	0.019656	0.196697	0.207246	0.005165	0.395224	0.176012	0.019656	0.196697	0.207246	0.005165	0.395224	0.176012	0.019656	1,1,1,1,1,1	0.714280	0.034876	0.034876	0.034876	0.034876	0.034876	0.034876	
863000	-68554.6	1,2,3,3,3,2	1.165231	5.173513	5.546941	6.190085	6.190085	6.190085	5.546941	1,1,2,1,1,2	1.140494	0.048395	0.316489	0.016668	0.618447	0.048395	0.316489	0.016668	0.618447	0.201258	0.403123	0.323936	0.071683	0.048395	0.316489	0.016668	0.618447	0.048395	0.316489	0.016668	0.618447	0.201258	0.403123	0.323936	0.071683	1,2,2,2,2,2	0.681967	0.107875	0.480262	0.131700	0.162453	0.038758	0.078952	0.190109	0.217622	0.005255	0.388174	0.175216	0.023625	0.190109	0.217622	0.005255	0.388174	0.175216	0.023625	0.190109	0.217622	0.005255	0.388174	0.175216	0.023625	0.190109	0.217622	0.005255	0.388174	0.175216	0.023625	0.190109	0.217622	0.005255	0.388174	0.175216	0.023625	1,1,1,1,1,1	1.205719	0.035505	0.035505	0.035505	0.035505	0.035505	0.035505	
864000	-68656.3	1,1,2,2,3,3	2.201884	5.448214	5.448214	6.364537	6.364537	6.028325	6.028325	1,1,2,1,1,2	1.772092	0.052850	0.305802	0.017494	0.623853	0.052850	0.305802	0.017494	0.623853	0.197419	0.406853	0.326402	0.069325	0.052850	0.305802	0.017494	0.623853	0.052850	0.305802	0.017494	0.623853	0.197419	0.406853	0.326402	0.069325	1,2,2,2,2,2	0.996288	0.301186	0.013735	0.425373	0.054764	0.097720	0.107222	0.197064	0.212810	0.008157	0.390916	0.175263	0.015790	0.197064	0.212810	0.008157	0.390916	0.175263	0.015790	0.197064	0.212810	0.008157	0.390916	0.175263	0.015790	0.197064	0.212810	0.008157	0.390916	0.175263	0.015790	0.197064	0.212810	0.008157	0.390916	0.175263	0.015790	1,1,1,1,1,2	1.106578	0.035799	0.035799	0.035799	0.035799	0.035799	0.002612	
865000	-68606.9	1,1,2,3,4,4	2.440242	5.115386	5.115386	5.980565	6.322353	5.986438	5.986438	1,1,2,1,1,2	0.880758	0.053317	0.307956	0.015837	0.622889	0.053317	0.307956	0.015837	0.622889	0.194190	0.409164	0.323136	0.073509	0.053317	0.307956	0.015837	0.622889	0.053317	0.307956	0.015837	0.622889	0.194190	0.409164	0.323136	0.073509	1,2,2,2,2,2	1.389445	0.188121	0.050483	0.111389	0.109800	0.123138	0.417070	0.191743	0.214709	0.006597	0.393936	0.169918	0.023096	0.191743	0.214709	0.006597	0.393936	0.169918	0.023096	0.191743	0.214709	0.006597	0.393936	0.169918	0.023096	0.191743	0.214709	0.006597	0.393936	0.169918	0.023096	0.191743	0.214709	0.006597	0.393936	0.169918	0.023096	1,1,1,1,1,1	0.701411	0.034818	0.034818	0.034818	0.034818	0.034818	0.034818	
866000	-68513.9	1,1,2,3,4,2	1.397591	5.575767	5.575767	6.245716	6.179281	5.937424	6.245716	1,1,2,1,1,2	0.745548	0.050779	0.314462	0.016597	0.618161	0.050779	0.314462	0.016597	0.618161	0.193967	0.407174	0.323271	0.075588	0.050779	0.314462	0.016597	0.618161	0.050779	0.314462	0.016597	0.618161	0.193967	0.407174	0.323271	0.075588	1,2,2,2,2,2	3.048919	0.085599	0.017764	0.297814	0.110664	0.138713	0.349446	0.185985	0.224245	0.003253	0.392946	0.173596	0.019976	0.185985	0.224245	0.003253	0.392946	0.173596	0.019976	0.185985	0.224245	0.003253	0.392946	0.173596	0.019976	0.185985	0.224245	0.003253	0.392946	0.173596	0.019976	0.185985	0.224245	0.003253	0.392946	0.173596	0.019976	1,1,1,1,1,1	2.448104	0.032663	0.032663	0.032663	0.032663	0.032663	0.032663	
867000	-68486.2	1,2,3,3,4,4	2.365557	5.319187	5.378006	6.451648	6.451648	5.954412	5.954412	1,1,2,1,1,2	1.517351	0.048872	0.313610	0.016366	0.621152	0.048872	0.313610	0.016366	0.621152	0.206348	0.399844	0.323256	0.070552	0.048872	0.313610	0.016366	0.621152	0.048872	0.313610	0.016366	0.621152	0.206348	0.399844	0.323256	0.070552	1,2,2,2,2,2	0.120601	0.063791	0.095428	0.253573	0.110008	0.113762	0.363437	0.191646	0.207898	0.003649	0.393027	0.173426	0.030353	0.191646	0.207898	0.003649	0.393027	0.173426	0.030353	0.191646	0.207898	0.003649	0.393027	0.173426	0.030353	0.191646	0.207898	0.003649	0.393027	0.173426	0.030353	0.191646	0.207898	0.003649	0.393027	0.173426	0.030353	1,1,1,1,1,1	0.829975	0.037224	0.037224	0.037224	0.037224	0.037224	0.037224	
868000	-68552.2	1,1,2,2,2,3	1.811691	5.471709	5.471709	6.193345	6.193345	6.193345	6.033245	1,1,2,1,1,2	3.081576	0.049151	0.311913	0.016165	0.622770	0.049151	0.311913	0.016165	0.622770	0.195188	0.402562	0.334337	0.067913	0.049151	0.311913	0.016165	0.622770	0.049151	0.311913	0.016165	0.622770	0.195188	0.402562	0.334337	0.067913	1,2,2,2,2,2	0.212137	0.105282	0.300769	0.100166	0.268207	0.031538	0.194038	0.191699	0.198612	0.005171	0.394769	0.183641	0.026108	0.191699	0.198612	0.005171	0.394769	0.183641	0.026108	0.191699	0.198612	0.005171	0.394769	0.183641	0.026108	0.191699	0.198612	0.005171	0.394769	0.183641	0.026108	0.191699	0.198612	0.005171	0.394769	0.183641	0.026108	1,1,1,1,1,1	1.019160	0.035642	0.035642	0.035642	0.035642	0.035642	0.035642	
869000	-68644.4	1,1,2,2,3,3	0.672764	5.556963	5.556963	6.298632	6.298632	5.917886	5.917886	1,1,2,1,1,2	1.889702	0.048282	0.314467	0.015360	0.621891	0.048282	0.314467	0.015360	0.621891	0.197014	0.404783	0.326109	0.072094	0.048282	0.314467	0.015360	0.621891	0.048282	0.314467	0.015360	0.621891	0.197014	0.404783	0.326109	0.072094	1,2,2,2,2,2	1.734866	0.125678	0.168172	0.197287	0.435124	0.064131	0.009608	0.191984	0.217435	0.005088	0.394443	0.172015	0.019034	0.191984	0.217435	0.005088	0.394443	0.172015	0.019034	0.191984	0.217435	0.005088	0.394443	0.172015	0.019034	0.191984	0.217435	0.005088	0.394443	0.172015	0.019034	0.191984	0.217435	0.005088	0.394443	0.172015	0.019034	1,1,1,1,1,1	1.230078	0.035743	0.035743	0.035743	0.035743	0.035743	0.035743	
870000	-68606.8	1,2,3,3,4,4	1.764526	6.600875	5.512809	6.291968	6.291968	5.886273	5.886273	1,1,2,1,1,2	1.908034	0.050817	0.305837	0.015417	0.627929	0.050817	0.305837	0.015417	0.627929	0.202472	0.399407	0.319317	0.078804	0.050817	0.305837	0.015417	0.627929	0.050817	0.305837	0.015417	0.627929	0.202472	0.399407	0.319317	0.078804	1,2,2,2,2,2	1.138962	0.207302	0.064898	0.307222	0.192796	0.043245	0.184537	0.179398	0.218571	0.007761	0.404573	0.163887	0.025809	0.179398	0.218571	0.007761	0.404573	0.163887	0.025809	0.179398	0.218571	0.007761	0.404573	0.163887	0.025809	0.179398	0.218571	0.007761	0.404573	0.163887	0.025809	0.179398	0.218571	0.007761	0.404573	0.163887	0.025809	1,1,1,1,1,1	2.104073	0.037194	0.037194	0.037194	0.037194	0.037194	0.037194	
871000	-68719.3	1,1,2,3,4,4	2.069416	5.206572	5.206572	6.272546	6.142480	5.900112	5.900112	1,1,2,1,1,2	1.766631	0.050219	0.313733	0.015298	0.620749	0.050219	0.313733	0.015298	0.620749	0.203775	0.399155	0.317354	0.079716	0.050219	0.313733	0.015298	0.620749	0.050219	0.313733	0.015298	0.620749	0.203775	0.399155	0.317354	0.079716	1,2,2,2,2,2	2.091641	0.281020	0.224936	0.141880	0.059762	0.149268	0.143134	0.180899	0.222063	0.006973	0.410405	0.163854	0.015806	0.180899	0.222063	0.006973	0.410405	0.163854	0.015806	0.180899	0.222063	0.006973	0.410405	0.163854	0.015806	0.180899	0.222063	0.006973	0.410405	0.163854	0.015806	0.180899	0.222063	0.006973	0.410405	0.163854	0.015806	1,1,1,1,1,1	0.440469	0.033638	0.033638	0.033638	0.033638	0.033638	0.033638	
872000	-68492.6	1,1,2,2,3,4	3.701836	5.450718	5.450718	6.188511	6.188511	6.022800	5.920715	1,1,2,1,1,2	1.604206	0.050098	0.308569	0.014008	0.627325	0.050098	0.308569	0.014008	0.627325	0.193402	0.407543	0.319757	0.079298	0.050098	0.308569	0.014008	0.627325	0.050098	0.308569	0.014008	0.627325	0.193402	0.407543	0.319757	0.079298	1,2,2,2,2,2	1.442405	0.077242	0.221624	0.133153	0.069914	0.067658	0.430409	0.196967	0.215475	0.005343	0.393789	0.165452	0.022974	0.196967	0.215475	0.005343	0.393789	0.165452	0.022974	0.196967	0.215475	0.005343	0.393789	0.165452	0.022974	0.196967	0.215475	0.005343	0.393789	0.165452	0.022974	0.196967	0.215475	0.005343	0.393789	0.165452	0.022974	1,1,1,1,1,1	0.734470	0.037557	0.037557	0.037557	0.037557	0.037557	0.037557	
873000	-68521.3	1,2,3,4,5,5	2.806672	6.571739	5.914137	6.476199	6.540225	5.872733	5.872733	1,1,2,1,1,2	1.609185	0.047987	0.309791	0.013697	0.628525	0.047987	0.309791	0.013697	0.628525	0.208047	0.403842	0.314455	0.073656	0.047987	0.309791	0.013697	0.628525	0.047987	0.309791	0.013697	0.628525	0.208047	0.403842	0.314455	0.073656	1,2,2,2,2,2	1.355692	0.060892	0.242978	0.171062	0.106216	0.056793	0.362060	0.187731	0.215246	0.004338	0.403733	0.168075	0.020877	0.187731	0.215246	0.004338	0.403733	0.168075	0.020877	0.187731	0.215246	0.004338	0.403733	0.168075	0.020877	0.187731	0.215246	0.004338	0.403733	0.168075	0.020877	0.187731	0.215246	0.004338	0.403733	0.168075	0.020877	1,1,1,1,1,1	0.911821	0.032569	0.032569	0.032569	0.032569	0.032569	0.032569	
874000	-68590.6	1,2,3,3,4,4	1.494263	5.067290	5.230643	6.420989	6.420989	6.055185	6.055185	1,1,2,1,1,2	0.966501	0.054593	0.306306	0.014843	0.624258	0.054593	0.306306	0.014843	0.624258	0.202020	0.402646	0.323441	0.071893	0.054593	0.306306	0.014843	0.624258	0.054593	0.306306	0.014843	0.624258	0.202020	0.402646	0.323441	0.071893	1,2,2,2,2,2	0.883900	0.018716	0.127292	0.095361	0.051257	0.088354	0.619019	0.180156	0.232778	0.003554	0.385304	0.181283	0.016925	0.180156	0.232778	0.003554	0.385304	0.181283	0.016925	0.180156	0.232778	0.003554	0.385304	0.181283	0.016925	0.180156	0.232778	0.003554	0.385304	0.181283	0.016925	0.180156	0.232778	0.003554	0.385304	0.181283	0.016925	1,1,1,1,1,1	0.687117	0.039236	0.039236	0.039236	0.039236	0.039236	0.039236	
875000	-68491.9	1,1,2,3,1,1	1.884930	5.798785	5.798785	6.439498	6.334449	5.798785	5.798785	1,1,2,1,1,2	0.929912	0.052963	0.312160	0.015262	0.619615	0.052963	0.312160	0.015262	0.619615	0.190872	0.405496	0.319121	0.084511	0.052963	0.312160	0.015262	0.619615	0.052963	0.312160	0.015262	0.619615	0.190872	0.405496	0.319121	0.084511	1,2,2,2,2,2	1.005748	0.018255	0.057801	0.326707	0.173755	0.075343	0.348139	0.184329	0.230749	0.003055	0.391622	0.169357	0.020888	0.184329	0.230749	0.003055	0.391622	0.169357	0.020888	0.184329	0.230749	0.003055	0.391622	0.169357	0.020888	0.184329	0.230749	0.003055	0.391622	0.169357	0.020888	0.184329	0.230749	0.003055	0.391622	0.169357	0.020888	1,1,1,1,1,1	1.804555	0.034086	0.034086	0.034086	0.034086	0.034086	0.034086	
876000	-68602	1,2,3,3,1,4	1.165371	5.830552	5.340587	6.322256	6.322256	5.830552	5.944364	1,1,2,1,1,2	1.983678	0.051972	0.309271	0.016602	0.622154	0.051972	0.309271	0.016602	0.622154	0.196720	0.410714	0.323963	0.068603	0.051972	0.309271	0.016602	0.622154	0.051972	0.309271	0.016602	0.622154	0.196720	0.410714	0.323963	0.068603	1,2,2,2,2,2	1.362351	0.009782	0.636973	0.220898	0.062466	0.051835	0.018046	0.191036	0.208486	0.005879	0.398883	0.173889	0.021827	0.191036	0.208486	0.005879	0.398883	0.173889	0.021827	0.191036	0.208486	0.005879	0.398883	0.173889	0.021827	0.191036	0.208486	0.005879	0.398883	0.173889	0.021827	0.191036	0.208486	0.005879	0.398883	0.173889	0.021827	1,1,1,1,1,1	0.666140	0.029065	0.029065	0.029065	0.029065	0.029065	0.029065	
877000	-68553.3	1,2,3,3,1,1	2.556532	5.848146	5.489583	6.241879	6.241879	5.848146	5.848146	1,1,2,1,1,2	1.882674	0.052178	0.312050	0.014935	0.620836	0.052178	0.312050	0.014935	0.620836	0.197776	0.406561	0.319271	0.076392	0.052178	0.312050	0.014935	0.620836	0.052178	0.312050	0.014935	0.620836	0.197776	0.406561	0.319271	0.076392	1,2,2,2,2,2	0.910063	0.093261	0.399041	0.072015	0.198869	0.021796	0.215018	0.181309	0.225354	0.004610	0.394411	0.169762	0.024553	0.181309	0.225354	0.004610	0.394411	0.169762	0.024553	0.181309	0.225354	0.004610	0.394411	0.169762	0.024553	0.181309	0.225354	0.004610	0.394411	0.169762	0.024553	0.181309	0.225354	0.004610	0.394411	0.169762	0.024553	1,1,1,1,1,1	1.056828	0.037050	0.037050	0.037050	0.037050	0.037050	0.037050	
878000	-68514.5	1,2,3,4,5,5	4.130443	5.060875	5.565886	6.722933	6.259203	5.943125	5.943125	1,1,2,1,1,2	0.391165	0.055541	0.313348	0.015574	0.615538	0.055541	0.313348	0.015574	0.615538	0.191568	0.407852	0.323937	0.076643	0.055541	0.313348	0.015574	0.615538	0.055541	0.313348	0.015574	0.615538	0.191568	0.407852	0.323937	0.076643	1,2,2,2,2,2	0.961932	0.111214	0.000246	0.370377	0.079196	0.157185	0.281783	0.188679	0.223129	0.000929	0.400402	0.166314	0.020548	0.188679	0.223129	0.000929	0.400402	0.166314	0.020548	0.188679	0.223129	0.000929	0.400402	0.166314	0.020548	0.188679	0.223129	0.000929	0.400402	0.166314	0.020548	0.188679	0.223129	0.000929	0.400402	0.166314	0.020548	1,1,1,1,1,1	1.383577	0.034629	0.034629	0.034629	0.034629	0.034629	0.034629	
879000	-68566.9	1,1,2,3,4,5	1.271909	5.455465	5.455465	6.493640	6.224557	6.011378	6.256339	1,1,2,1,1,2	2.600678	0.052777	0.310071	0.015705	0.621447	0.052777	0.310071	0.015705	0.621447	0.194809	0.407500	0.317840	0.079851	0.052777	0.310071	0.015705	0.621447	0.052777	0.310071	0.015705	0.621447	0.194809	0.407500	0.317840	0.079851	1,2,2,2,2,2	0.486106	0.103146	0.159529	0.112428	0.506928	0.050637	0.067333	0.187349	0.230379	0.003833	0.388658	0.165447	0.024333	0.187349	0.230379	0.003833	0.388658	0.165447	0.024333	0.187349	0.230379	0.003833	0.388658	0.165447	0.024333	0.187349	0.230379	0.003833	0.388658	0.165447	0.024333	0.187349	0.230379	0.003833	0.388658	0.165447	0.024333	1,1,1,1,1,1	0.687351	0.037581	0.037581	0.037581	0.037581	0.037581	0.037581	
880000	-68587.7	1,2,3,3,1,4	1.295519	5.976538	5.556671	6.407417	6.407417	5.976538	6.159297	1,1,2,1,1,2	3.040702	0.050418	0.308064	0.015074	0.626444	0.050418	0.308064	0.015074	0.626444	0.196351	0.409436	0.315949	0.078263	0.050418	0.308064	0.015074	0.626444	0.050418	0.308064	0.015074	0.626444	0.196351	0.409436	0.315949	0.078263	1,2,2,2,2,2	1.406798	0.199719	0.145752	0.172320	0.008926	0.111107	0.362177	0.192456	0.205737	0.004026	0.405680	0.174757	0.017344	0.192456	0.205737	0.004026	0.405680	0.174757	0.017344	0.192456	0.205737	0.004026	0.405680	0.174757	0.017344	0.192456	0.205737	0.004026	0.405680	0.174757	0.017344	0.192456	0.205737	0.004026	0.405680	0.174757	0.017344	1,1,1,1,1,1	2.946954	0.038901	0.038901	0.038901	0.038901	0.038901	0.038901	
881000	-68500.8	1,1,2,2,2,3	2.359076	5.684322	5.684322	6.375579	6.375579	6.375579	5.912916	1,1,2,1,1,2	0.980999	0.050387	0.304250	0.015499	0.629864	0.050387	0.304250	0.015499	0.629864	0.200980	0.404314	0.325343	0.069363	0.050387	0.304250	0.015499	0.629864	0.050387	0.304250	0.015499	0.629864	0.200980	0.404314	0.325343	0.069363	1,2,2,2,2,2	1.801551	0.086884	0.065047	0.114963	0.207998	0.048593	0.476515	0.184380	0.221084	0.004648	0.390843	0.172396	0.026649	0.184380	0.221084	0.004648	0.390843	0.172396	0.026649	0.184380	0.221084	0.004648	0.390843	0.172396	0.026649	0.184380	0.221084	0.004648	0.390843	0.172396	0.026649	0.184380	0.221084	0.004648	0.390843	0.172396	0.026649	1,1,1,1,1,1	2.042817	0.031588	0.031588	0.031588	0.031588	0.031588	0.031588	
882000	-68691.8	1,2,3,3,4,4	1.673370	5.294673	5.311497	6.218236	6.218236	5.958953	5.958953	1,1,2,1,1,2	2.123239	0.052736	0.305673	0.016110	0.625480	0.052736	0.305673	0.016110	0.625480	0.201128	0.412025	0.318375	0.068471	0.052736	0.305673	0.016110	0.625480	0.052736	0.305673	0.016110	0.625480	0.201128	0.412025	0.318375	0.068471	1,2,2,2,2,2	0.610502	0.033786	0.051008	0.193235	0.418090	0.193441	0.110440	0.181326	0.234880	0.003712	0.391879	0.164942	0.023262	0.181326	0.234880	0.003712	0.391879	0.164942	0.023262	0.181326	0.234880	0.003712	0.391879	0.164942	0.023262	0.181326	0.234880	0.003712	0.391879	0.164942	0.023262	0.181326	0.234880	0.003712	0.391879	0.164942	0.023262	1,1,1,1,1,1	0.404310	0.035939	0.035939	0.035939	0.035939	0.035939	0.035939	
883000	-68638	1,2,3,3,1,3	1.576099	5.832753	5.604111	6.138371	6.138371	5.832753	6.138371	1,1,2,1,1,2	1.624673	0.049729	0.311499	0.014515	0.624258	0.049729	0.311499	0.014515	0.624258	0.188527	0.404546	0.328062	0.078865	0.049729	0.311499	0.014515	0.624258	0.049729	0.311499	0.014515	0.624258	0.188527	0.404546	0.328062	0.078865	1,2,2,2,2,2	2.609624	0.280057	0.172244	0.236439	0.135875	0.049603	0.125782	0.188176	0.207298	0.005176	0.412228	0.168033	0.019089	0.188176	0.207298	0.005176	0.412228	0.168033	0.019089	0.188176	0.207298	0.005176	0.412228	0.168033	0.019089	0.188176	0.207298	0.005176	0.412228	0.168033	0.019089	0.188176	0.207298	0.005176	0.412228	0.168033	0.019089	1,1,1,1,1,1	0.644568	0.032669	0.032669	0.032669	0.032669	0.032669	0.032669	
884000	-68530.7	1,2,3,4,4,4	0.788924	5.898977	5.703721	6.278671	6.045260	6.045260	6.045260	1,1,2,1,1,2	1.732612	0.053839	0.317650	0.015458	0.613054	0.053839	0.317650	0.015458	0.613054	0.198107	0.404067	0.322718	0.075109	0.053839	0.317650	0.015458	0.613054	0.053839	0.317650	0.015458	0.613054	0.198107	0.404067	0.322718	0.075109	1,2,2,2,2,2	1.379975	0.063345	0.322900	0.280130	0.020070	0.065986	0.247569	0.188518	0.207792	0.005381	0.403971	0.173200	0.021139	0.188518	0.207792	0.005381	0.403971	0.173200	0.021139	0.188518	0.207792	0.005381	0.403971	0.173200	0.021139	0.188518	0.207792	0.005381	0.403971	0.173200	0.021139	0.188518	0.207792	0.005381	0.403971	0.173200	0.021139	1,1,1,1,1,1	0.526040	0.031743	0.031743	0.031743	0.031743	0.031743	0.031743	
885000	-68507.4	1,1,2,2,2,2	0.648579	5.316896	5.316896	6.117390	6.117390	6.117390	6.117390	1,1,2,1,1,2	0.999480	0.050576	0.302999	0.014334	0.632091	0.050576	0.302999	0.014334	0.632091	0.197239	0.407647	0.327985	0.067129	0.050576	0.302999	0.014334	0.632091	0.050576	0.302999	0.014334	0.632091	0.197239	0.407647	0.327985	0.067129	1,2,2,2,2,2	1.826903	0.128653	0.011603	0.250163	0.327990	0.080941	0.200649	0.189016	0.215123	0.006909	0.393543	0.172836	0.022572	0.189016	0.215123	0.006909	0.393543	0.172836	0.022572	0.189016	0.215123	0.006909	0.393543	0.172836	0.022572	0.189016	0.215123	0.006909	0.393543	0.172836	0.022572	0.189016	0.215123	0.006909	0.393543	0.172836	0.022572	1,1,1,1,1,1	1.214346	0.032989	0.032989	0.032989	0.032989	0.032989	0.032989	
886000	-68543.3	1,1,2,2,2,3	1.055108	5.304101	5.304101	6.310943	6.310943	6.310943	5.909153	1,1,2,1,1,2	2.746695	0.051651	0.308391	0.014352	0.625606	0.051651	0.308391	0.014352	0.625606	0.204429	0.402767	0.317548	0.075256	0.051651	0.308391	0.014352	0.625606	0.051651	0.308391	0.014352	0.625606	0.204429	0.402767	0.317548	0.075256	1,2,2,2,2,2	0.937791	0.143974	0.011902	0.204865	0.421443	0.096911	0.120906	0.179230	0.219001	0.005956	0.402645	0.172419	0.020749	0.179230	0.219001	0.005956	0.402645	0.172419	0.020749	0.179230	0.219001	0.005956	0.402645	0.172419	0.020749	0.179230	0.219001	0.005956	0.402645	0.172419	0.020749	0.179230	0.219001	0.005956	0.402645	0.172419	0.020749	1,1,1,1,1,1	0.712579	0.034261	0.034261	0.034261	0.034261	0.034261	0.034261	
887000	-68524.9	1,1,2,3,4,4	2.069517	5.321889	5.321889	6.479153	6.277547	6.047584	6.047584	1,1,2,1,1,2	1.305418	0.051955	0.308520	0.015541	0.623984	0.051955	0.308520	0.015541	0.623984	0.190558	0.413929	0.322813	0.072699	0.051955	0.308520	0.015541	0.623984	0.051955	0.308520	0.015541	0.623984	0.190558	0.413929	0.322813	0.072699	1,2,2,2,2,2	1.982948	0.135440	0.137069	0.155528	0.024150	0.101544	0.446268	0.186610	0.222483	0.003286	0.394078	0.168687	0.024857	0.186610	0.222483	0.003286	0.394078	0.168687	0.024857	0.186610	0.222483	0.003286	0.394078	0.168687	0.024857	0.186610	0.222483	0.003286	0.394078	0.168687	0.024857	0.186610	0.222483	0.003286	0.394078	0.168687	0.024857	1,1,1,1,1,1	0.793235	0.035852	0.035852	0.035852	0.035852	0.035852	0.035852	
888000	-68532.4	1,2,3,3,4,5	4.066233	5.358912	5.462199	6.368835	6.368835	5.751437	5.716152	1,1,2,1,1,2	0.914861	0.053174	0.315584	0.017141	0.614101	0.053174	0.315584	0.017141	0.614101	0.199128	0.405180	0.330578	0.065115	0.053174	0.315584	0.017141	0.614101	0.053174	0.315584	0.017141	0.614101	0.199128	0.405180	0.330578	0.065115	1,2,2,2,2,2	1.279308	0.085808	0.066814	0.304874	0.035012	0.150182	0.357309	0.183563	0.215935	0.010770	0.391754	0.181043	0.016935	0.183563	0.215935	0.010770	0.391754	0.181043	0.016935	0.183563	0.215935	0.010770	0.391754	0.181043	0.016935	0.183563	0.215935	0.010770	0.391754	0.181043	0.016935	0.183563	0.215935	0.010770	0.391754	0.181043	0.016935	1,1,1,1,1,1	2.084104	0.033908	0.033908	0.033908	0.033908	0.033908	0.033908	
889000	-68493.9	1,2,3,1,4,1	2.726296	5.945743	5.313084	6.357414	5.945743	5.979347	5.945743	1,1,2,1,1,2	1.494005	0.050307	0.308108	0.015475	0.626110	0.050307	0.308108	0.015475	0.626110	0.200647	0.399384	0.321951	0.078018	0.050307	0.308108	0.015475	0.626110	0.050307	0.308108	0.015475	0.626110	0.200647	0.399384	0.321951	0.078018	1,2,2,2,2,2	2.748611	0.018840	0.134248	0.307513	0.115962	0.072314	0.351124	0.193975	0.219400	0.004213	0.396842	0.163850	0.021720	0.193975	0.219400	0.004213	0.396842	0.163850	0.021720	0.193975	0.219400	0.004213	0.396842	0.163850	0.021720	0.193975	0.219400	0.004213	0.396842	0.163850	0.021720	0.193975	0.219400	0.004213	0.396842	0.163850	0.021720	1,1,1,1,1,1	0.967916	0.035084	0.035084	0.035084	0.035084	0.035084	0.035084	
890000	-68497	1,2,3,3,1,1	0.974863	5.771183	5.217198	6.371568	6.371568	5.771183	5.771183	1,1,2,1,1,2	2.333830	0.053117	0.305938	0.015373	0.625572	0.053117	0.305938	0.015373	0.625572	0.198359	0.405209	0.322542	0.073890	0.053117	0.305938	0.015373	0.625572	0.053117	0.305938	0.015373	0.625572	0.198359	0.405209	0.322542	0.073890	1,2,2,2,2,2	1.571812	0.039178	0.471569	0.186564	0.121121	0.042783	0.138784	0.183587	0.220041	0.006391	0.394647	0.170356	0.024979	0.183587	0.220041	0.006391	0.394647	0.170356	0.024979	0.183587	0.220041	0.006391	0.394647	0.170356	0.024979	0.183587	0.220041	0.006391	0.394647	0.170356	0.024979	0.183587	0.220041	0.006391	0.394647	0.170356	0.024979	1,1,1,1,1,1	1.881079	0.034476	0.034476	0.034476	0.034476	0.034476	0.034476	
891000	-68608.8	1,2,3,3,4,4	1.190619	5.569881	5.307791	6.291045	6.291045	5.865591	5.865591	1,1,2,1,1,2	0.494045	0.053589	0.302979	0.016053	0.627379	0.053589	0.302979	0.016053	0.627379	0.193022	0.408538	0.318556	0.079884	0.053589	0.302979	0.016053	0.627379	0.053589	0.302979	0.016053	0.627379	0.193022	0.408538	0.318556	0.079884	1,2,2,2,2,2	0.852973	0.136634	0.192775	0.323834	0.052014	0.160203	0.134539	0.184617	0.228912	0.004977	0.395076	0.160985	0.025433	0.184617	0.228912	0.004977	0.395076	0.160985	0.025433	0.184617	0.228912	0.004977	0.395076	0.160985	0.025433	0.184617	0.228912	0.004977	0.395076	0.160985	0.025433	0.184617	0.228912	0.004977	0.395076	0.160985	0.025433	1,1,1,1,1,1	1.126093	0.035078	0.035078	0.035078	0.035078	0.035078	0.035078	
892000	-68592.9	1,1,2,3,3,3	0.861106	5.272853	5.272853	6.376257	6.029790	6.029790	6.029790	1,1,2,1,1,2	0.760744	0.052849	0.309993	0.015960	0.621198	0.052849	0.309993	0.015960	0.621198	0.198748	0.410725	0.324881	0.065646	0.052849	0.309993	0.015960	0.621198	0.052849	0.309993	0.015960	0.621198	0.198748	0.410725	0.324881	0.065646	1,2,2,2,2,2	0.510974	0.096504	0.023340	0.326285	0.066969	0.210492	0.276410	0.192652	0.211043	0.001200	0.398680	0.175028	0.021397	0.192652	0.211043	0.001200	0.398680	0.175028	0.021397	0.192652	0.211043	0.001200	0.398680	0.175028	0.021397	0.192652	0.211043	0.001200	0.398680	0.175028	0.021397	0.192652	0.211043	0.001200	0.398680	0.175028	0.021397	1,1,1,1,1,1	1.469221	0.035928	0.035928	0.035928	0.035928	0.035928	0.035928	
893000	-68549.5	1,2,3,3,4,4	3.045795	6.282362	5.434719	6.343779	6.343779	5.829904	5.829904	1,1,2,1,1,2	1.143949	0.050053	0.313038	0.018096	0.618813	0.050053	0.313038	0.018096	0.618813	0.198897	0.407500	0.320554	0.073050	0.050053	0.313038	0.018096	0.618813	0.050053	0.313038	0.018096	0.618813	0.198897	0.407500	0.320554	0.073050	1,2,2,2,2,2	0.662090	0.001307	0.145889	0.252367	0.321273	0.097618	0.181546	0.192675	0.211699	0.006625	0.386409	0.178772	0.023820	0.192675	0.211699	0.006625	0.386409	0.178772	0.023820	0.192675	0.211699	0.006625	0.386409	0.178772	0.023820	0.192675	0.211699	0.006625	0.386409	0.178772	0.023820	0.192675	0.211699	0.006625	0.386409	0.178772	0.023820	1,1,1,1,1,1	0.865910	0.032409	0.032409	0.032409	0.032409	0.032409	0.032409	
894000	-68564.9	1,1,2,2,3,1	1.835012	5.713192	5.713192	6.418591	6.418591	5.731712	5.713192	1,1,2,1,1,2	1.522775	0.050145	0.308987	0.017950	0.622918	0.050145	0.308987	0.017950	0.622918	0.191834	0.415183	0.317312	0.075671	0.050145	0.308987	0.017950	0.622918	0.050145	0.308987	0.017950	0.622918	0.191834	0.415183	0.317312	0.075671	1,2,2,2,2,2	3.592361	0.024907	0.135718	0.124430	0.618843	0.057498	0.038603	0.196316	0.212420	0.006323	0.394575	0.168481	0.021884	0.196316	0.212420	0.006323	0.394575	0.168481	0.021884	0.196316	0.212420	0.006323	0.394575	0.168481	0.021884	0.196316	0.212420	0.006323	0.394575	0.168481	0.021884	0.196316	0.212420	0.006323	0.394575	0.168481	0.021884	1,1,1,1,1,1	1.102030	0.033278	0.033278	0.033278	0.033278	0.033278	0.033278	
895000	-68555.4	1,2,3,3,4,4	1.279746	5.110656	5.461618	6.258623	6.258623	5.927444	5.927444	1,1,2,1,1,2	0.813214	0.051956	0.310606	0.015471	0.621967	0.051956	0.310606	0.015471	0.621967	0.196634	0.409985	0.318704	0.074677	0.051956	0.310606	0.015471	0.621967	0.051956	0.310606	0.015471	0.621967	0.196634	0.409985	0.318704	0.074677	1,2,2,2,2,2	0.535419	0.059187	0.345413	0.071402	0.196039	0.067430	0.260529	0.178493	0.219031	0.005903	0.405248	0.170941	0.020385	0.178493	0.219031	0.005903	0.405248	0.170941	0.020385	0.178493	0.219031	0.005903	0.405248	0.170941	0.020385	0.178493	0.219031	0.005903	0.405248	0.170941	0.020385	0.178493	0.219031	0.005903	0.405248	0.170941	0.020385	1,1,1,1,1,1	0.782603	0.034065	0.034065	0.034065	0.034065	0.034065	0.034065	
896000	-68545.6	1,2,3,3,4,1	2.565783	5.747965	5.411914	6.281863	6.281863	5.853735	5.747965	1,1,2,1,1,2	4.112161	0.054202	0.306597	0.016217	0.622983	0.054202	0.306597	0.016217	0.622983	0.194950	0.413602	0.317668	0.073780	0.054202	0.306597	0.016217	0.622983	0.054202	0.306597	0.016217	0.622983	0.194950	0.413602	0.317668	0.073780	1,2,2,2,2,2	0.775742	0.033484	0.596989	0.096582	0.194239	0.021024	0.057683	0.190733	0.211011	0.003237	0.399092	0.181177	0.014750	0.190733	0.211011	0.003237	0.399092	0.181177	0.014750	0.190733	0.211011	0.003237	0.399092	0.181177	0.014750	0.190733	0.211011	0.003237	0.399092	0.181177	0.014750	0.190733	0.211011	0.003237	0.399092	0.181177	0.014750	1,1,1,1,1,1	1.007035	0.035216	0.035216	0.035216	0.035216	0.035216	0.035216	
897000	-68616.3	1,1,2,2,3,4	1.445933	5.384651	5.384651	6.417723	6.417723	5.904725	6.011974	1,1,2,1,1,2	2.127160	0.054022	0.308032	0.017120	0.620825	0.054022	0.308032	0.017120	0.620825	0.201125	0.404797	0.320473	0.073605	0.054022	0.308032	0.017120	0.620825	0.054022	0.308032	0.017120	0.620825	0.201125	0.404797	0.320473	0.073605	1,2,2,2,2,2	0.895763	0.153380	0.013106	0.204216	0.472645	0.038976	0.117676	0.179546	0.222612	0.005367	0.401694	0.167682	0.023098	0.179546	0.222612	0.005367	0.401694	0.167682	0.023098	0.179546	0.222612	0.005367	0.401694	0.167682	0.023098	0.179546	0.222612	0.005367	0.401694	0.167682	0.023098	0.179546	0.222612	0.005367	0.401694	0.167682	0.023098	1,1,1,1,2,1	2.193036	0.034926	0.034926	0.034926	0.034926	0.035594	0.034926	
898000	-68566.7	1,2,3,3,4,5	3.496500	5.053623	5.324419	6.209891	6.209891	5.991972	6.035828	1,1,2,1,1,2	1.997618	0.050052	0.313519	0.014931	0.621498	0.050052	0.313519	0.014931	0.621498	0.201009	0.403833	0.318559	0.076600	0.050052	0.313519	0.014931	0.621498	0.050052	0.313519	0.014931	0.621498	0.201009	0.403833	0.318559	0.076600	1,2,2,2,2,2	1.402587	0.062379	0.016900	0.209707	0.106977	0.168112	0.435925	0.192432	0.218463	0.005578	0.392787	0.167568	0.023173	0.192432	0.218463	0.005578	0.392787	0.167568	0.023173	0.192432	0.218463	0.005578	0.392787	0.167568	0.023173	0.192432	0.218463	0.005578	0.392787	0.167568	0.023173	0.192432	0.218463	0.005578	0.392787	0.167568	0.023173	1,1,1,1,1,1	0.677817	0.034574	0.034574	0.034574	0.034574	0.034574	0.034574	
899000	-68489	1,2,3,4,5,6	4.367150	4.993588	5.121887	6.479869	6.337161	6.008251	5.814604	1,1,2,1,1,2	0.845472	0.054323	0.299679	0.014441	0.631558	0.054323	0.299679	0.014441	0.631558	0.201553	0.403522	0.320096	0.074829	0.054323	0.299679	0.014441	0.631558	0.054323	0.299679	0.014441	0.631558	0.201553	0.403522	0.320096	0.074829	1,2,2,2,2,2	0.903225	0.064779	0.117974	0.167380	0.382486	0.075288	0.192093	0.183968	0.217107	0.004255	0.409939	0.164959	0.019772	0.183968	0.217107	0.004255	0.409939	0.164959	0.019772	0.183968	0.217107	0.004255	0.409939	0.164959	0.019772	0.183968	0.217107	0.004255	0.409939	0.164959	0.019772	0.183968	0.217107	0.004255	0.409939	0.164959	0.019772	1,1,1,1,1,1	0.570936	0.035084	0.035084	0.035084	0.035084	0.035084	0.035084	
900000	-68701.3	1,1,2,2,3,3	2.857373	5.179339	5.179339	6.380626	6.380626	5.840657	5.840657	1,1,2,1,1,2	1.873191	0.052254	0.311306	0.015262	0.621178	0.052254	0.311306	0.015262	0.621178	0.194668	0.418653	0.313291	0.073389	0.052254	0.311306	0.015262	0.621178	0.052254	0.311306	0.015262	0.621178	0.194668	0.418653	0.313291	0.073389	1,2,2,2,2,2	0.973410	0.087212	0.036718	0.310895	0.014332	0.285000	0.265844	0.191249	0.217013	0.004372	0.401145	0.166480	0.019741	0.191249	0.217013	0.004372	0.401145	0.166480	0.019741	0.191249	0.217013	0.004372	0.401145	0.166480	0.019741	0.191249	0.217013	0.004372	0.401145	0.166480	0.019741	0.191249	0.217013	0.004372	0.401145	0.166480	0.019741	1,1,1,1,1,1	0.619257	0.035188	0.035188	0.035188	0.035188	0.035188	0.035188	
901000	-68619.7	1,2,3,4,5,5	1.266336	5.245038	5.763239	6.450903	6.299908	5.956272	5.956272	1,1,2,1,1,2	1.640092	0.060029	0.311222	0.016197	0.612551	0.060029	0.311222	0.016197	0.612551	0.206243	0.403637	0.313624	0.076496	0.060029	0.311222	0.016197	0.612551	0.060029	0.311222	0.016197	0.612551	0.206243	0.403637	0.313624	0.076496	1,2,2,2,2,2	1.311921	0.153504	0.061378	0.421463	0.043949	0.160419	0.159286	0.182759	0.211051	0.001022	0.408690	0.181089	0.015388	0.182759	0.211051	0.001022	0.408690	0.181089	0.015388	0.182759	0.211051	0.001022	0.408690	0.181089	0.015388	0.182759	0.211051	0.001022	0.408690	0.181089	0.015388	0.182759	0.211051	0.001022	0.408690	0.181089	0.015388	1,1,1,1,1,1	1.264037	0.032661	0.032661	0.032661	0.032661	0.032661	0.032661	
902000	-68504.4	1,1,2,3,4,4	2.342365	5.294590	5.294590	6.448643	5.975907	5.934605	5.934605	1,1,2,1,1,2	1.197807	0.049551	0.306966	0.016306	0.627178	0.049551	0.306966	0.016306	0.627178	0.196701	0.406927	0.322791	0.073581	0.049551	0.306966	0.016306	0.627178	0.049551	0.306966	0.016306	0.627178	0.196701	0.406927	0.322791	0.073581	1,2,2,2,2,2	0.513778	0.029763	0.302199	0.160554	0.244751	0.081056	0.181677	0.184655	0.222491	0.003287	0.384683	0.173104	0.031780	0.184655	0.222491	0.003287	0.384683	0.173104	0.031780	0.184655	0.222491	0.003287	0.384683	0.173104	0.031780	0.184655	0.222491	0.003287	0.384683	0.173104	0.031780	0.184655	0.222491	0.003287	0.384683	0.173104	0.031780	1,1,1,1,1,1	0.727821	0.035765	0.035765	0.035765	0.035765	0.035765	0.035765	
903000	-68575.2	1,2,3,3,1,1	1.379508	5.886343	5.354829	6.373830	6.373830	5.886343	5.886343	1,1,2,1,1,2	1.647194	0.051576	0.310571	0.015952	0.621901	0.051576	0.310571	0.015952	0.621901	0.201102	0.403943	0.322045	0.072910	0.051576	0.310571	0.015952	0.621901	0.051576	0.310571	0.015952	0.621901	0.201102	0.403943	0.322045	0.072910	1,2,2,2,2,2	1.218786	0.242605	0.017540	0.346896	0.139389	0.089691	0.163879	0.190866	0.210373	0.003561	0.404262	0.173497	0.017442	0.190866	0.210373	0.003561	0.404262	0.173497	0.017442	0.190866	0.210373	0.003561	0.404262	0.173497	0.017442	0.190866	0.210373	0.003561	0.404262	0.173497	0.017442	0.190866	0.210373	0.003561	0.404262	0.173497	0.017442	1,1,1,1,1,1	2.004439	0.036088	0.036088	0.036088	0.036088	0.036088	0.036088	
904000	-68596.7	1,1,2,3,4,4	2.407070	5.315543	5.315543	6.322394	6.214579	5.739331	5.739331	1,1,2,1,1,2	3.815359	0.053394	0.302737	0.018632	0.625237	0.053394	0.302737	0.018632	0.625237	0.197632	0.404599	0.331067	0.066702	0.053394	0.302737	0.018632	0.625237	0.053394	0.302737	0.018632	0.625237	0.197632	0.404599	0.331067	0.066702	1,2,2,2,2,2	1.287975	0.073124	0.076401	0.475608	0.086254	0.077213	0.211401	0.188709	0.211697	0.005432	0.389822	0.178741	0.025598	0.188709	0.211697	0.005432	0.389822	0.178741	0.025598	0.188709	0.211697	0.005432	0.389822	0.178741	0.025598	0.188709	0.211697	0.005432	0.389822	0.178741	0.025598	0.188709	0.211697	0.005432	0.389822	0.178741	0.025598	1,1,1,1,1,1	1.964888	0.034996	0.034996	0.034996	0.034996	0.034996	0.034996	
905000	-68578.5	1,2,3,3,4,4	3.153993	4.735719	5.476027	6.123879	6.123879	5.880414	5.880414	1,1,2,1,1,2	0.103448	0.046321	0.312499	0.015136	0.626044	0.046321	0.312499	0.015136	0.626044	0.190729	0.404808	0.329351	0.075112	0.046321	0.312499	0.015136	0.626044	0.046321	0.312499	0.015136	0.626044	0.190729	0.404808	0.329351	0.075112	1,2,2,2,2,2	0.478045	0.026371	0.284313	0.174425	0.249456	0.119106	0.146329	0.191430	0.235603	0.002945	0.384624	0.166636	0.018761	0.191430	0.235603	0.002945	0.384624	0.166636	0.018761	0.191430	0.235603	0.002945	0.384624	0.166636	0.018761	0.191430	0.235603	0.002945	0.384624	0.166636	0.018761	0.191430	0.235603	0.002945	0.384624	0.166636	0.018761	1,1,1,1,1,1	0.357519	0.030637	0.030637	0.030637	0.030637	0.030637	0.030637	
906000	-68635	1,2,3,3,1,1	1.683570	5.903302	5.667195	6.326442	6.326442	5.903302	5.903302	1,1,2,1,1,2	1.043298	0.055090	0.301334	0.016214	0.627362	0.055090	0.301334	0.016214	0.627362	0.198934	0.400843	0.324159	0.076064	0.055090	0.301334	0.016214	0.627362	0.055090	0.301334	0.016214	0.627362	0.198934	0.400843	0.324159	0.076064	1,2,2,2,2,2	0.335701	0.048951	0.185752	0.033106	0.407091	0.040927	0.284173	0.185122	0.210954	0.008556	0.404731	0.168992	0.021645	0.185122	0.210954	0.008556	0.404731	0.168992	0.021645	0.185122	0.210954	0.008556	0.404731	0.168992	0.021645	0.185122	0.210954	0.008556	0.404731	0.168992	0.021645	0.185122	0.210954	0.008556	0.404731	0.168992	0.021645	1,1,1,1,1,1	0.100528	0.035210	0.035210	0.035210	0.035210	0.035210	0.035210	
907000	-68501.1	1,2,3,4,5,5	2.221963	7.245812	5.660264	6.484917	6.491677	5.911455	5.911455	1,1,2,1,1,2	1.294847	0.050536	0.313866	0.013992	0.621606	0.050536	0.313866	0.013992	0.621606	0.193785	0.407839	0.323530	0.074846	0.050536	0.313866	0.013992	0.621606	0.050536	0.313866	0.013992	0.621606	0.193785	0.407839	0.323530	0.074846	1,2,2,2,2,2	1.166626	0.009825	0.267322	0.099622	0.212520	0.019913	0.390798	0.198432	0.196405	0.000998	0.407970	0.174876	0.021319	0.198432	0.196405	0.000998	0.407970	0.174876	0.021319	0.198432	0.196405	0.000998	0.407970	0.174876	0.021319	0.198432	0.196405	0.000998	0.407970	0.174876	0.021319	0.198432	0.196405	0.000998	0.407970	0.174876	0.021319	1,1,1,1,1,1	0.295509	0.031104	0.031104	0.031104	0.031104	0.031104	0.031104	
908000	-68488	1,1,2,2,3,3	1.123143	5.313918	5.313918	6.417833	6.417833	5.857235	5.857235	1,1,2,1,1,2	0.799637	0.054912	0.319731	0.015933	0.609424	0.054912	0.319731	0.015933	0.609424	0.199149	0.404087	0.318852	0.077913	0.054912	0.319731	0.015933	0.609424	0.054912	0.319731	0.015933	0.609424	0.199149	0.404087	0.318852	0.077913	1,2,2,2,2,2	2.456137	0.103338	0.022497	0.239810	0.291282	0.074261	0.268811	0.176929	0.217708	0.006344	0.412266	0.167209	0.019544	0.176929	0.217708	0.006344	0.412266	0.167209	0.019544	0.176929	0.217708	0.006344	0.412266	0.167209	0.019544	0.176929	0.217708	0.006344	0.412266	0.167209	0.019544	0.176929	0.217708	0.006344	0.412266	0.167209	0.019544	1,1,1,1,1,1	1.774794	0.031761	0.031761	0.031761	0.031761	0.031761	0.031761	
909000	-68486.4	1,2,3,4,1,5	0.706287	5.976048	5.352845	6.519487	6.480874	5.976048	5.763410	1,1,2,1,1,2	2.036498	0.054055	0.307936	0.015446	0.622562	0.054055	0.307936	0.015446	0.622562	0.196375	0.406395	0.319896	0.077333	0.054055	0.307936	0.015446	0.622562	0.054055	0.307936	0.015446	0.622562	0.196375	0.406395	0.319896	0.077333	1,2,2,2,2,2	1.091142	0.017219	0.057665	0.175061	0.457925	0.052204	0.239927	0.192914	0.222051	0.000770	0.391507	0.172608	0.020151	0.192914	0.222051	0.000770	0.391507	0.172608	0.020151	0.192914	0.222051	0.000770	0.391507	0.172608	0.020151	0.192914	0.222051	0.000770	0.391507	0.172608	0.020151	0.192914	0.222051	0.000770	0.391507	0.172608	0.020151	1,1,1,1,1,1	0.748807	0.039339	0.039339	0.039339	0.039339	0.039339	0.039339	
910000	-68541.6	1,2,3,3,4,4	1.915368	4.857592	5.400219	6.338104	6.338104	6.063258	6.063258	1,1,2,1,1,2	1.126359	0.053425	0.308792	0.016244	0.621539	0.053425	0.308792	0.016244	0.621539	0.199941	0.409270	0.315294	0.075495	0.053425	0.308792	0.016244	0.621539	0.053425	0.308792	0.016244	0.621539	0.199941	0.409270	0.315294	0.075495	1,2,2,2,2,2	1.536328	0.068343	0.477013	0.146538	0.118246	0.083698	0.106162	0.196602	0.209675	0.003355	0.394214	0.174762	0.021392	0.196602	0.209675	0.003355	0.394214	0.174762	0.021392	0.196602	0.209675	0.003355	0.394214	0.174762	0.021392	0.196602	0.209675	0.003355	0.394214	0.174762	0.021392	0.196602	0.209675	0.003355	0.394214	0.174762	0.021392	1,1,1,1,1,1	1.329387	0.036162	0.036162	0.036162	0.036162	0.036162	0.036162	
911000	-68494.4	1,2,3,3,4,4	5.453649	5.130548	5.424914	6.367146	6.367146	5.822047	5.822047	1,1,2,1,1,2	0.931606	0.049418	0.307984	0.014724	0.627874	0.049418	0.307984	0.014724	0.627874	0.191124	0.410614	0.316349	0.081913	0.049418	0.307984	0.014724	0.627874	0.049418	0.307984	0.014724	0.627874	0.191124	0.410614	0.316349	0.081913	1,2,2,2,2,2	1.494629	0.073500	0.132410	0.301818	0.156599	0.095629	0.240043	0.188287	0.215146	0.003717	0.403769	0.169253	0.019827	0.188287	0.215146	0.003717	0.403769	0.169253	0.019827	0.188287	0.215146	0.003717	0.403769	0.169253	0.019827	0.188287	0.215146	0.003717	0.403769	0.169253	0.019827	0.188287	0.215146	0.003717	0.403769	0.169253	0.019827	1,1,1,1,1,1	1.093080	0.034040	0.034040	0.034040	0.034040	0.034040	0.034040	
912000	-68521.5	1,1,2,2,2,2	3.743236	5.620683	5.620683	6.197907	6.197907	6.197907	6.197907	1,1,2,1,1,2	2.602349	0.052348	0.306902	0.015034	0.625716	0.052348	0.306902	0.015034	0.625716	0.196313	0.404771	0.324232	0.074684	0.052348	0.306902	0.015034	0.625716	0.052348	0.306902	0.015034	0.625716	0.196313	0.404771	0.324232	0.074684	1,2,2,2,2,2	1.156261	0.073772	0.245912	0.214935	0.109542	0.051661	0.304179	0.186230	0.212278	0.002316	0.404068	0.176047	0.019062	0.186230	0.212278	0.002316	0.404068	0.176047	0.019062	0.186230	0.212278	0.002316	0.404068	0.176047	0.019062	0.186230	0.212278	0.002316	0.404068	0.176047	0.019062	0.186230	0.212278	0.002316	0.404068	0.176047	0.019062	1,1,1,1,1,1	0.593809	0.035605	0.035605	0.035605	0.035605	0.035605	0.035605	
913000	-68501.1	1,2,3,3,4,4	1.901291	5.563116	5.337419	6.441143	6.441143	5.929849	5.929849	1,1,2,1,1,2	0.648041	0.049958	0.315717	0.015712	0.618614	0.049958	0.315717	0.015712	0.618614	0.203823	0.402463	0.325433	0.068281	0.049958	0.315717	0.015712	0.618614	0.049958	0.315717	0.015712	0.618614	0.203823	0.402463	0.325433	0.068281	1,2,2,2,2,2	1.569911	0.091878	0.078139	0.119410	0.196714	0.055382	0.458476	0.181822	0.223705	0.004524	0.392119	0.169770	0.028060	0.181822	0.223705	0.004524	0.392119	0.169770	0.028060	0.181822	0.223705	0.004524	0.392119	0.169770	0.028060	0.181822	0.223705	0.004524	0.392119	0.169770	0.028060	0.181822	0.223705	0.004524	0.392119	0.169770	0.028060	1,1,1,1,1,1	0.561700	0.037595	0.037595	0.037595	0.037595	0.037595	0.037595	
914000	-68515.7	1,2,3,3,4,4	1.478357	5.163262	5.347041	6.339310	6.339310	6.029452	6.029452	1,1,2,1,1,2	2.048672	0.050889	0.311867	0.017023	0.620221	0.050889	0.311867	0.017023	0.620221	0.204655	0.401198	0.320898	0.073249	0.050889	0.311867	0.017023	0.620221	0.050889	0.311867	0.017023	0.620221	0.204655	0.401198	0.320898	0.073249	1,2,2,2,2,2	0.887788	0.002872	0.134671	0.279610	0.220283	0.110893	0.251671	0.196367	0.207277	0.006376	0.386067	0.178087	0.025826	0.196367	0.207277	0.006376	0.386067	0.178087	0.025826	0.196367	0.207277	0.006376	0.386067	0.178087	0.025826	0.196367	0.207277	0.006376	0.386067	0.178087	0.025826	0.196367	0.207277	0.006376	0.386067	0.178087	0.025826	1,1,1,1,1,1	0.735003	0.036990	0.036990	0.036990	0.036990	0.036990	0.036990	
915000	-68501.9	1,2,3,4,2,2	3.009569	5.092011	5.800106	6.518253	6.293300	5.800106	5.800106	1,1,2,1,1,2	1.689574	0.051277	0.308566	0.016924	0.623233	0.051277	0.308566	0.016924	0.623233	0.196412	0.403737	0.326550	0.073302	0.051277	0.308566	0.016924	0.623233	0.051277	0.308566	0.016924	0.623233	0.196412	0.403737	0.326550	0.073302	1,2,2,2,2,2	0.474301	0.070185	0.167298	0.230673	0.190159	0.111493	0.230193	0.190865	0.212610	0.004335	0.395930	0.179859	0.016402	0.190865	0.212610	0.004335	0.395930	0.179859	0.016402	0.190865	0.212610	0.004335	0.395930	0.179859	0.016402	0.190865	0.212610	0.004335	0.395930	0.179859	0.016402	0.190865	0.212610	0.004335	0.395930	0.179859	0.016402	1,1,1,1,1,1	0.651871	0.033681	0.033681	0.033681	0.033681	0.033681	0.033681	
916000	-68588.3	1,2,3,4,5,2	3.252129	7.240505	5.663899	6.246775	5.968935	5.726280	5.663899	1,1,2,1,1,2	1.428557	0.050286	0.312039	0.016168	0.621508	0.050286	0.312039	0.016168	0.621508	0.199638	0.406552	0.318841	0.074969	0.050286	0.312039	0.016168	0.621508	0.050286	0.312039	0.016168	0.621508	0.199638	0.406552	0.318841	0.074969	1,2,2,2,2,2	1.241620	0.084183	0.247975	0.134263	0.170641	0.018573	0.344366	0.189434	0.220671	0.003055	0.392810	0.171630	0.022399	0.189434	0.220671	0.003055	0.392810	0.171630	0.022399	0.189434	0.220671	0.003055	0.392810	0.171630	0.022399	0.189434	0.220671	0.003055	0.392810	0.171630	0.022399	0.189434	0.220671	0.003055	0.392810	0.171630	0.022399	1,1,1,1,1,1	0.397324	0.036150	0.036150	0.036150	0.036150	0.036150	0.036150	
917000	-68509.2	1,2,3,4,5,6	2.999133	5.191378	5.385027	6.349832	6.231129	5.827097	5.885069	1,1,2,1,1,2	0.765585	0.054900	0.307191	0.016097	0.621812	0.054900	0.307191	0.016097	0.621812	0.191323	0.408704	0.323265	0.076709	0.054900	0.307191	0.016097	0.621812	0.054900	0.307191	0.016097	0.621812	0.191323	0.408704	0.323265	0.076709	1,2,2,2,2,2	0.994443	0.121994	0.046226	0.162270	0.358919	0.074923	0.235668	0.191934	0.220127	0.004073	0.394986	0.162365	0.026514	0.191934	0.220127	0.004073	0.394986	0.162365	0.026514	0.191934	0.220127	0.004073	0.394986	0.162365	0.026514	0.191934	0.220127	0.004073	0.394986	0.162365	0.026514	0.191934	0.220127	0.004073	0.394986	0.162365	0.026514	1,1,1,1,1,1	0.624139	0.032276	0.032276	0.032276	0.032276	0.032276	0.032276	
918000	-68574.2	1,2,3,4,5,6	2.292577	5.390841	5.545683	6.255667	6.113661	5.790158	5.972796	1,1,2,1,1,2	0.492755	0.053237	0.306493	0.017000	0.623269	0.053237	0.306493	0.017000	0.623269	0.196798	0.404502	0.320924	0.077775	0.053237	0.306493	0.017000	0.623269	0.053237	0.306493	0.017000	0.623269	0.196798	0.404502	0.320924	0.077775	1,2,2,2,2,2	1.765984	0.056512	0.163397	0.318268	0.199203	0.149835	0.112786	0.190043	0.224948	0.006143	0.387940	0.166666	0.024261	0.190043	0.224948	0.006143	0.387940	0.166666	0.024261	0.190043	0.224948	0.006143	0.387940	0.166666	0.024261	0.190043	0.224948	0.006143	0.387940	0.166666	0.024261	0.190043	0.224948	0.006143	0.387940	0.166666	0.024261	1,1,1,1,1,1	0.711417	0.036612	0.036612	0.036612	0.036612	0.036612	0.036612	
919000	-68569.5	1,1,2,2,3,3	0.906123	5.470897	5.470897	6.307667	6.307667	5.993031	5.993031	1,1,2,1,1,2	1.046348	0.047839	0.312757	0.015721	0.623683	0.047839	0.312757	0.015721	0.623683	0.193665	0.403215	0.324247	0.078873	0.047839	0.312757	0.015721	0.623683	0.047839	0.312757	0.015721	0.623683	0.193665	0.403215	0.324247	0.078873	1,2,2,2,2,2	1.499251	0.137818	0.084066	0.423037	0.075567	0.117020	0.162493	0.188685	0.227772	0.000781	0.398314	0.164561	0.019887	0.188685	0.227772	0.000781	0.398314	0.164561	0.019887	0.188685	0.227772	0.000781	0.398314	0.164561	0.019887	0.188685	0.227772	0.000781	0.398314	0.164561	0.019887	0.188685	0.227772	0.000781	0.398314	0.164561	0.019887	1,1,1,1,1,1	0.997269	0.037078	0.037078	0.037078	0.037078	0.037078	0.037078	
920000	-68535.6	1,1,2,2,2,3	1.110581	5.365913	5.365913	6.123487	6.123487	6.123487	5.797173	1,1,2,1,1,2	0.937799	0.053867	0.307367	0.016351	0.622415	0.053867	0.307367	0.016351	0.622415	0.200170	0.409336	0.319407	0.071087	0.053867	0.307367	0.016351	0.622415	0.053867	0.307367	0.016351	0.622415	0.200170	0.409336	0.319407	0.071087	1,2,2,2,2,2	1.121889	0.083429	0.188834	0.075598	0.360419	0.038673	0.253047	0.185012	0.209035	0.004712	0.387562	0.181683	0.031996	0.185012	0.209035	0.004712	0.387562	0.181683	0.031996	0.185012	0.209035	0.004712	0.387562	0.181683	0.031996	0.185012	0.209035	0.004712	0.387562	0.181683	0.031996	0.185012	0.209035	0.004712	0.387562	0.181683	0.031996	1,1,1,1,1,1	0.432952	0.034370	0.034370	0.034370	0.034370	0.034370	0.034370	
921000	-68493	1,2,3,4,4,4	1.915980	5.131352	5.305648	6.337891	6.180440	6.180440	6.180440	1,1,2,1,1,2	1.096815	0.050631	0.307549	0.016565	0.625255	0.050631	0.307549	0.016565	0.625255	0.196113	0.403922	0.327349	0.072616	0.050631	0.307549	0.016565	0.625255	0.050631	0.307549	0.016565	0.625255	0.196113	0.403922	0.327349	0.072616	1,2,2,2,2,2	0.665552	0.030948	0.052266	0.166980	0.179822	0.093401	0.476583	0.195045	0.215066	0.006462	0.388836	0.178069	0.016523	0.195045	0.215066	0.006462	0.388836	0.178069	0.016523	0.195045	0.215066	0.006462	0.388836	0.178069	0.016523	0.195045	0.215066	0.006462	0.388836	0.178069	0.016523	0.195045	0.215066	0.006462	0.388836	0.178069	0.016523	1,1,1,1,1,1	0.809251	0.033070	0.033070	0.033070	0.033070	0.033070	0.033070	
922000	-68571.7	1,1,2,2,3,3	2.314616	5.149986	5.149986	6.263567	6.263567	5.927376	5.927376	1,1,2,1,1,2	1.535331	0.051716	0.305188	0.017406	0.625690	0.051716	0.305188	0.017406	0.625690	0.204622	0.404691	0.310540	0.080147	0.051716	0.305188	0.017406	0.625690	0.051716	0.305188	0.017406	0.625690	0.204622	0.404691	0.310540	0.080147	1,2,2,2,2,2	1.585146	0.195993	0.192449	0.279615	0.110538	0.108922	0.112483	0.183789	0.213252	0.006726	0.402219	0.177743	0.016272	0.183789	0.213252	0.006726	0.402219	0.177743	0.016272	0.183789	0.213252	0.006726	0.402219	0.177743	0.016272	0.183789	0.213252	0.006726	0.402219	0.177743	0.016272	0.183789	0.213252	0.006726	0.402219	0.177743	0.016272	1,1,1,1,1,1	1.543542	0.037127	0.037127	0.037127	0.037127	0.037127	0.037127	
923000	-68607.5	1,2,3,4,3,5	4.120820	6.895226	5.404560	6.199932	6.037406	6.199932	5.848537	1,1,2,1,1,2	0.417722	0.051648	0.310388	0.014391	0.623574	0.051648	0.310388	0.014391	0.623574	0.193457	0.404236	0.326985	0.075322	0.051648	0.310388	0.014391	0.623574	0.051648	0.310388	0.014391	0.623574	0.193457	0.404236	0.326985	0.075322	1,2,2,2,2,2	0.686148	0.016126	0.107925	0.354032	0.220364	0.037803	0.263751	0.198178	0.211080	0.005582	0.391837	0.176116	0.017206	0.198178	0.211080	0.005582	0.391837	0.176116	0.017206	0.198178	0.211080	0.005582	0.391837	0.176116	0.017206	0.198178	0.211080	0.005582	0.391837	0.176116	0.017206	0.198178	0.211080	0.005582	0.391837	0.176116	0.017206	1,1,1,1,1,1	0.958944	0.035093	0.035093	0.035093	0.035093	0.035093	0.035093	
924000	-68707.3	1,1,2,3,4,4	3.055369	5.359554	5.359554	6.160040	6.244109	5.852626	5.852626	1,1,2,1,1,2	0.638513	0.049848	0.311284	0.017337	0.621530	0.049848	0.311284	0.017337	0.621530	0.194043	0.407289	0.327661	0.071007	0.049848	0.311284	0.017337	0.621530	0.049848	0.311284	0.017337	0.621530	0.194043	0.407289	0.327661	0.071007	1,2,2,2,2,2	1.202715	0.292821	0.121306	0.070210	0.040351	0.095402	0.379910	0.183163	0.214460	0.005228	0.408872	0.165740	0.022537	0.183163	0.214460	0.005228	0.408872	0.165740	0.022537	0.183163	0.214460	0.005228	0.408872	0.165740	0.022537	0.183163	0.214460	0.005228	0.408872	0.165740	0.022537	0.183163	0.214460	0.005228	0.408872	0.165740	0.022537	1,2,1,1,2,2	1.338761	0.034181	0.037082	0.034181	0.034181	0.037082	0.037082	
925000	-68610.3	1,1,2,2,3,3	0.862290	5.141759	5.141759	6.178152	6.178152	5.690089	5.690089	1,1,2,1,1,2	1.380321	0.052183	0.309983	0.014611	0.623224	0.052183	0.309983	0.014611	0.623224	0.199641	0.410860	0.321009	0.068490	0.052183	0.309983	0.014611	0.623224	0.052183	0.309983	0.014611	0.623224	0.199641	0.410860	0.321009	0.068490	1,2,2,2,2,2	1.501156	0.164523	0.009484	0.077436	0.260279	0.077049	0.411228	0.185034	0.216101	0.006202	0.399129	0.167736	0.025798	0.185034	0.216101	0.006202	0.399129	0.167736	0.025798	0.185034	0.216101	0.006202	0.399129	0.167736	0.025798	0.185034	0.216101	0.006202	0.399129	0.167736	0.025798	0.185034	0.216101	0.006202	0.399129	0.167736	0.025798	1,1,1,1,1,1	1.387032	0.037464	0.037464	0.037464	0.037464	0.037464	0.037464	
926000	-68513.9	1,2,1,1,3,3	2.302645	6.303948	5.193805	6.303948	6.303948	5.868386	5.868386	1,1,2,1,1,2	3.000447	0.053487	0.304853	0.014839	0.626821	0.053487	0.304853	0.014839	0.626821	0.195945	0.401586	0.323840	0.078629	0.053487	0.304853	0.014839	0.626821	0.053487	0.304853	0.014839	0.626821	0.195945	0.401586	0.323840	0.078629	1,2,2,2,2,2	0.730320	0.018249	0.351932	0.175646	0.136274	0.035649	0.282252	0.193972	0.212643	0.002797	0.398026	0.170897	0.021663	0.193972	0.212643	0.002797	0.398026	0.170897	0.021663	0.193972	0.212643	0.002797	0.398026	0.170897	0.021663	0.193972	0.212643	0.002797	0.398026	0.170897	0.021663	0.193972	0.212643	0.002797	0.398026	0.170897	0.021663	1,1,1,1,1,1	1.113400	0.035907	0.035907	0.035907	0.035907	0.035907	0.035907	
927000	-68605.5	1,1,2,3,4,4	2.333860	4.931388	4.931388	6.552213	6.196639	5.903285	5.903285	1,1,2,1,1,2	1.823834	0.051553	0.308683	0.016669	0.623095	0.051553	0.308683	0.016669	0.623095	0.195564	0.397598	0.322957	0.083881	0.051553	0.308683	0.016669	0.623095	0.051553	0.308683	0.016669	0.623095	0.195564	0.397598	0.322957	0.083881	1,2,2,2,2,2	2.246546	0.051670	0.051400	0.279691	0.172205	0.210146	0.234888	0.179556	0.228595	0.005808	0.403962	0.160725	0.021353	0.179556	0.228595	0.005808	0.403962	0.160725	0.021353	0.179556	0.228595	0.005808	0.403962	0.160725	0.021353	0.179556	0.228595	0.005808	0.403962	0.160725	0.021353	0.179556	0.228595	0.005808	0.403962	0.160725	0.021353	1,1,1,1,1,1	0.382004	0.034614	0.034614	0.034614	0.034614	0.034614	0.034614	
928000	-68598.4	1,2,3,1,4,1	1.160629	5.861843	5.243877	6.599742	5.861843	5.764262	5.861843	1,1,2,1,1,2	4.334567	0.049243	0.311510	0.015049	0.624198	0.049243	0.311510	0.015049	0.624198	0.188072	0.407283	0.335430	0.069216	0.049243	0.311510	0.015049	0.624198	0.049243	0.311510	0.015049	0.624198	0.188072	0.407283	0.335430	0.069216	1,2,2,2,2,2	0.312405	0.161418	0.285811	0.289620	0.047039	0.045866	0.170247	0.197446	0.205096	0.006587	0.388886	0.173092	0.028893	0.197446	0.205096	0.006587	0.388886	0.173092	0.028893	0.197446	0.205096	0.006587	0.388886	0.173092	0.028893	0.197446	0.205096	0.006587	0.388886	0.173092	0.028893	0.197446	0.205096	0.006587	0.388886	0.173092	0.028893	1,1,1,1,1,1	1.359297	0.036473	0.036473	0.036473	0.036473	0.036473	0.036473	
929000	-68512.9	1,1,2,2,3,4	3.025029	5.349131	5.349131	6.122939	6.122939	6.026364	5.925255	1,1,2,1,1,2	0.294377	0.054335	0.305194	0.016082	0.624389	0.054335	0.305194	0.016082	0.624389	0.193037	0.406687	0.330140	0.070136	0.054335	0.305194	0.016082	0.624389	0.054335	0.305194	0.016082	0.624389	0.193037	0.406687	0.330140	0.070136	1,2,2,2,2,2	0.759649	0.036279	0.109729	0.201341	0.181653	0.126265	0.344733	0.198517	0.202563	0.001162	0.403145	0.170856	0.023757	0.198517	0.202563	0.001162	0.403145	0.170856	0.023757	0.198517	0.202563	0.001162	0.403145	0.170856	0.023757	0.198517	0.202563	0.001162	0.403145	0.170856	0.023757	0.198517	0.202563	0.001162	0.403145	0.170856	0.023757	1,1,1,1,1,1	0.375228	0.035822	0.035822	0.035822	0.035822	0.035822	0.035822	
930000	-68546.1	1,1,2,3,4,5	2.659526	5.388230	5.388230	6.191962	6.180620	6.235879	5.675399	1,1,2,1,1,2	2.904991	0.055092	0.314130	0.016050	0.614728	0.055092	0.314130	0.016050	0.614728	0.202527	0.408405	0.318776	0.070292	0.055092	0.314130	0.016050	0.614728	0.055092	0.314130	0.016050	0.614728	0.202527	0.408405	0.318776	0.070292	1,2,2,2,2,2	1.817972	0.085033	0.102429	0.384447	0.194092	0.076335	0.157664	0.187660	0.229059	0.005177	0.381416	0.175307	0.021382	0.187660	0.229059	0.005177	0.381416	0.175307	0.021382	0.187660	0.229059	0.005177	0.381416	0.175307	0.021382	0.187660	0.229059	0.005177	0.381416	0.175307	0.021382	0.187660	0.229059	0.005177	0.381416	0.175307	0.021382	1,1,1,1,1,1	2.102026	0.038553	0.038553	0.038553	0.038553	0.038553	0.038553	
931000	-68645.2	1,1,2,3,4,5	1.980642	5.336672	5.336672	6.620974	6.324384	6.149456	5.902921	1,1,2,1,1,2	1.040691	0.053708	0.313553	0.015502	0.617236	0.053708	0.313553	0.015502	0.617236	0.201556	0.399987	0.323706	0.074751	0.053708	0.313553	0.015502	0.617236	0.053708	0.313553	0.015502	0.617236	0.201556	0.399987	0.323706	0.074751	1,2,2,2,2,2	1.029569	0.094207	0.009845	0.433092	0.299307	0.126636	0.036913	0.183925	0.216464	0.006267	0.402037	0.174444	0.016864	0.183925	0.216464	0.006267	0.402037	0.174444	0.016864	0.183925	0.216464	0.006267	0.402037	0.174444	0.016864	0.183925	0.216464	0.006267	0.402037	0.174444	0.016864	0.183925	0.216464	0.006267	0.402037	0.174444	0.016864	1,1,1,1,1,1	1.231294	0.034919	0.034919	0.034919	0.034919	0.034919	0.034919	
932000	-68579.4	1,2,3,3,4,5	3.516834	4.844935	5.559887	6.297129	6.297129	5.992347	5.973340	1,1,2,1,1,2	1.683774	0.050106	0.301773	0.015656	0.632466	0.050106	0.301773	0.015656	0.632466	0.199629	0.403412	0.322092	0.074867	0.050106	0.301773	0.015656	0.632466	0.050106	0.301773	0.015656	0.632466	0.199629	0.403412	0.322092	0.074867	1,2,2,2,2,2	2.285909	0.028256	0.369008	0.247910	0.160633	0.117544	0.076648	0.189242	0.201398	0.002700	0.409841	0.173149	0.023670	0.189242	0.201398	0.002700	0.409841	0.173149	0.023670	0.189242	0.201398	0.002700	0.409841	0.173149	0.023670	0.189242	0.201398	0.002700	0.409841	0.173149	0.023670	0.189242	0.201398	0.002700	0.409841	0.173149	0.023670	1,1,1,1,1,1	0.728274	0.036191	0.036191	0.036191	0.036191	0.036191	0.036191	
933000	-68514.7	1,2,3,3,4,3	1.177686	5.683406	5.404249	6.075099	6.075099	6.250099	6.075099	1,1,2,1,1,2	1.192859	0.050137	0.311820	0.017067	0.620976	0.050137	0.311820	0.017067	0.620976	0.198926	0.406576	0.322806	0.071692	0.050137	0.311820	0.017067	0.620976	0.050137	0.311820	0.017067	0.620976	0.198926	0.406576	0.322806	0.071692	1,2,2,2,2,2	1.943872	0.053973	0.168384	0.313215	0.128462	0.070884	0.265082	0.180456	0.226703	0.003867	0.394601	0.175539	0.018834	0.180456	0.226703	0.003867	0.394601	0.175539	0.018834	0.180456	0.226703	0.003867	0.394601	0.175539	0.018834	0.180456	0.226703	0.003867	0.394601	0.175539	0.018834	0.180456	0.226703	0.003867	0.394601	0.175539	0.018834	1,1,1,1,1,1	0.573369	0.034369	0.034369	0.034369	0.034369	0.034369	0.034369	
934000	-68492.6	1,1,2,2,3,3	2.702202	5.210997	5.210997	6.174696	6.174696	5.887410	5.887410	1,1,2,1,1,2	0.444354	0.052096	0.309471	0.015280	0.623153	0.052096	0.309471	0.015280	0.623153	0.194042	0.407152	0.328794	0.070012	0.052096	0.309471	0.015280	0.623153	0.052096	0.309471	0.015280	0.623153	0.194042	0.407152	0.328794	0.070012	1,2,2,2,2,2	0.532062	0.041216	0.097878	0.263491	0.290759	0.098306	0.208349	0.197915	0.213684	0.003111	0.393794	0.171333	0.020164	0.197915	0.213684	0.003111	0.393794	0.171333	0.020164	0.197915	0.213684	0.003111	0.393794	0.171333	0.020164	0.197915	0.213684	0.003111	0.393794	0.171333	0.020164	0.197915	0.213684	0.003111	0.393794	0.171333	0.020164	1,1,1,1,1,1	0.433414	0.037778	0.037778	0.037778	0.037778	0.037778	0.037778	
935000	-68612.9	1,1,2,3,4,5	1.504734	5.330454	5.330454	6.186194	5.949874	5.818718	5.747267	1,1,2,1,1,2	0.631827	0.052307	0.310020	0.016164	0.621509	0.052307	0.310020	0.016164	0.621509	0.204309	0.402868	0.318304	0.074518	0.052307	0.310020	0.016164	0.621509	0.052307	0.310020	0.016164	0.621509	0.204309	0.402868	0.318304	0.074518	1,2,2,2,2,2	2.870431	0.117981	0.382517	0.175556	0.229965	0.066836	0.027145	0.197374	0.205271	0.003320	0.408143	0.164839	0.021053	0.197374	0.205271	0.003320	0.408143	0.164839	0.021053	0.197374	0.205271	0.003320	0.408143	0.164839	0.021053	0.197374	0.205271	0.003320	0.408143	0.164839	0.021053	0.197374	0.205271	0.003320	0.408143	0.164839	0.021053	1,1,1,1,1,1	0.921255	0.031665	0.031665	0.031665	0.031665	0.031665	0.031665	
936000	-68621.3	1,1,2,2,3,4	1.445194	5.321685	5.321685	6.432363	6.432363	5.677575	5.918711	1,1,2,1,1,2	1.411806	0.055312	0.308060	0.015123	0.621505	0.055312	0.308060	0.015123	0.621505	0.197563	0.402751	0.325651	0.074035	0.055312	0.308060	0.015123	0.621505	0.055312	0.308060	0.015123	0.621505	0.197563	0.402751	0.325651	0.074035	1,2,2,2,2,2	0.764936	0.068433	0.093968	0.510628	0.052982	0.081136	0.192852	0.189900	0.219358	0.003396	0.396285	0.172928	0.018134	0.189900	0.219358	0.003396	0.396285	0.172928	0.018134	0.189900	0.219358	0.003396	0.396285	0.172928	0.018134	0.189900	0.219358	0.003396	0.396285	0.172928	0.018134	0.189900	0.219358	0.003396	0.396285	0.172928	0.018134	1,1,1,1,1,1	0.664056	0.037757	0.037757	0.037757	0.037757	0.037757	0.037757	
937000	-68522.2	1,1,2,3,3,4	1.538173	5.382100	5.382100	6.545784	6.194031	6.194031	6.063092	1,1,2,1,1,2	0.531869	0.052080	0.311616	0.015109	0.621195	0.052080	0.311616	0.015109	0.621195	0.194243	0.401666	0.323971	0.080119	0.052080	0.311616	0.015109	0.621195	0.052080	0.311616	0.015109	0.621195	0.194243	0.401666	0.323971	0.080119	1,2,2,2,2,2	1.330951	0.028402	0.033276	0.074499	0.465510	0.049837	0.348475	0.188842	0.218730	0.003726	0.404644	0.165950	0.018107	0.188842	0.218730	0.003726	0.404644	0.165950	0.018107	0.188842	0.218730	0.003726	0.404644	0.165950	0.018107	0.188842	0.218730	0.003726	0.404644	0.165950	0.018107	0.188842	0.218730	0.003726	0.404644	0.165950	0.018107	1,1,1,1,1,1	0.403617	0.035963	0.035963	0.035963	0.035963	0.035963	0.035963	
938000	-68718.7	1,1,2,2,3,4	2.664355	5.249342	5.249342	6.285567	6.285567	5.788342	5.766258	1,1,2,1,1,2	0.486670	0.048190	0.316819	0.016097	0.618893	0.048190	0.316819	0.016097	0.618893	0.196484	0.408722	0.323294	0.071500	0.048190	0.316819	0.016097	0.618893	0.048190	0.316819	0.016097	0.618893	0.196484	0.408722	0.323294	0.071500	1,2,2,2,2,2	1.600907	0.236188	0.132286	0.247427	0.256938	0.116150	0.011011	0.185055	0.229109	0.009297	0.379107	0.173201	0.024230	0.185055	0.229109	0.009297	0.379107	0.173201	0.024230	0.185055	0.229109	0.009297	0.379107	0.173201	0.024230	0.185055	0.229109	0.009297	0.379107	0.173201	0.024230	0.185055	0.229109	0.009297	0.379107	0.173201	0.024230	1,1,1,1,1,1	1.546171	0.032430	0.032430	0.032430	0.032430	0.032430	0.032430	
939000	-68508.6	1,1,2,3,4,4	2.404590	5.513290	5.513290	6.184631	6.114048	5.907707	5.907707	1,1,2,1,1,2	0.694506	0.049755	0.308653	0.014373	0.627220	0.049755	0.308653	0.014373	0.627220	0.194148	0.407942	0.323025	0.074884	0.049755	0.308653	0.014373	0.627220	0.049755	0.308653	0.014373	0.627220	0.194148	0.407942	0.323025	0.074884	1,2,2,2,2,2	1.097872	0.160831	0.124672	0.176475	0.103062	0.070296	0.364664	0.185559	0.216779	0.005777	0.403483	0.168290	0.020112	0.185559	0.216779	0.005777	0.403483	0.168290	0.020112	0.185559	0.216779	0.005777	0.403483	0.168290	0.020112	0.185559	0.216779	0.005777	0.403483	0.168290	0.020112	0.185559	0.216779	0.005777	0.403483	0.168290	0.020112	1,1,1,1,1,1	2.943527	0.030773	0.030773	0.030773	0.030773	0.030773	0.030773	
940000	-68499.1	1,1,2,2,3,4	1.169312	5.476626	5.476626	6.272405	6.272405	5.811049	5.871591	1,1,2,1,1,2	0.970634	0.055526	0.307106	0.016585	0.620783	0.055526	0.307106	0.016585	0.620783	0.190612	0.409943	0.329002	0.070443	0.055526	0.307106	0.016585	0.620783	0.055526	0.307106	0.016585	0.620783	0.190612	0.409943	0.329002	0.070443	1,2,2,2,2,2	1.014649	0.143814	0.095885	0.208986	0.077119	0.096051	0.378145	0.187712	0.219795	0.004492	0.390617	0.178817	0.018566	0.187712	0.219795	0.004492	0.390617	0.178817	0.018566	0.187712	0.219795	0.004492	0.390617	0.178817	0.018566	0.187712	0.219795	0.004492	0.390617	0.178817	0.018566	0.187712	0.219795	0.004492	0.390617	0.178817	0.018566	1,1,1,1,1,1	1.572012	0.038383	0.038383	0.038383	0.038383	0.038383	0.038383	
941000	-68532.4	1,1,2,3,4,4	1.632884	5.551398	5.551398	6.265586	6.482900	5.866410	5.866410	1,1,2,1,1,2	2.418059	0.049472	0.317805	0.015023	0.617700	0.049472	0.317805	0.015023	0.617700	0.203241	0.404332	0.315283	0.077144	0.049472	0.317805	0.015023	0.617700	0.049472	0.317805	0.015023	0.617700	0.203241	0.404332	0.315283	0.077144	1,2,2,2,2,2	0.703365	0.083228	0.115045	0.169620	0.439369	0.041611	0.151127	0.184770	0.219558	0.002823	0.406795	0.168750	0.017304	0.184770	0.219558	0.002823	0.406795	0.168750	0.017304	0.184770	0.219558	0.002823	0.406795	0.168750	0.017304	0.184770	0.219558	0.002823	0.406795	0.168750	0.017304	0.184770	0.219558	0.002823	0.406795	0.168750	0.017304	1,1,1,1,1,1	1.079244	0.038685	0.038685	0.038685	0.038685	0.038685	0.038685	
942000	-68561.3	1,2,3,1,1,1	0.844885	5.990548	5.220087	6.432670	5.990548	5.990548	5.990548	1,1,2,1,1,2	2.474630	0.050443	0.314779	0.016086	0.618692	0.050443	0.314779	0.016086	0.618692	0.197678	0.405876	0.320843	0.075604	0.050443	0.314779	0.016086	0.618692	0.050443	0.314779	0.016086	0.618692	0.197678	0.405876	0.320843	0.075604	1,2,2,2,2,2	1.216879	0.037782	0.357856	0.107735	0.417245	0.028289	0.051092	0.184882	0.218828	0.008293	0.403263	0.170804	0.013929	0.184882	0.218828	0.008293	0.403263	0.170804	0.013929	0.184882	0.218828	0.008293	0.403263	0.170804	0.013929	0.184882	0.218828	0.008293	0.403263	0.170804	0.013929	0.184882	0.218828	0.008293	0.403263	0.170804	0.013929	1,1,1,1,1,1	0.948218	0.036590	0.036590	0.036590	0.036590	0.036590	0.036590	
943000	-68526	1,2,3,4,4,5	3.999605	5.327892	5.363812	6.371398	6.022224	6.022224	5.824908	1,1,2,1,1,2	1.779565	0.051900	0.303368	0.015152	0.629579	0.051900	0.303368	0.015152	0.629579	0.190811	0.408071	0.319223	0.081895	0.051900	0.303368	0.015152	0.629579	0.051900	0.303368	0.015152	0.629579	0.190811	0.408071	0.319223	0.081895	1,2,2,2,2,2	0.761354	0.032880	0.168438	0.290103	0.042121	0.134594	0.331864	0.182129	0.229261	0.002955	0.397390	0.168063	0.020202	0.182129	0.229261	0.002955	0.397390	0.168063	0.020202	0.182129	0.229261	0.002955	0.397390	0.168063	0.020202	0.182129	0.229261	0.002955	0.397390	0.168063	0.020202	0.182129	0.229261	0.002955	0.397390	0.168063	0.020202	1,1,1,1,1,1	0.676950	0.033163	0.033163	0.033163	0.033163	0.033163	0.033163	
944000	-68536.1	1,2,3,3,4,4	2.466430	5.425859	5.305718	6.440293	6.440293	5.905559	5.905559	1,1,2,1,1,2	2.276197	0.052946	0.305936	0.016021	0.625097	0.052946	0.305936	0.016021	0.625097	0.200103	0.404090	0.321653	0.074154	0.052946	0.305936	0.016021	0.625097	0.052946	0.305936	0.016021	0.625097	0.200103	0.404090	0.321653	0.074154	1,2,2,2,2,2	0.366982	0.180850	0.192308	0.255492	0.046555	0.069836	0.254958	0.189094	0.211498	0.004699	0.396712	0.175376	0.022621	0.189094	0.211498	0.004699	0.396712	0.175376	0.022621	0.189094	0.211498	0.004699	0.396712	0.175376	0.022621	0.189094	0.211498	0.004699	0.396712	0.175376	0.022621	0.189094	0.211498	0.004699	0.396712	0.175376	0.022621	1,1,1,1,1,1	0.243735	0.034452	0.034452	0.034452	0.034452	0.034452	0.034452	
945000	-68556.2	1,1,2,3,4,4	1.004688	5.355619	5.355619	6.319906	6.268531	5.964769	5.964769	1,1,2,1,1,2	0.698930	0.054105	0.314372	0.015110	0.616413	0.054105	0.314372	0.015110	0.616413	0.190423	0.414854	0.324153	0.070571	0.054105	0.314372	0.015110	0.616413	0.054105	0.314372	0.015110	0.616413	0.190423	0.414854	0.324153	0.070571	1,2,2,2,2,2	2.924477	0.073509	0.615346	0.128028	0.031530	0.065660	0.085925	0.190227	0.226549	0.003866	0.382533	0.171337	0.025487	0.190227	0.226549	0.003866	0.382533	0.171337	0.025487	0.190227	0.226549	0.003866	0.382533	0.171337	0.025487	0.190227	0.226549	0.003866	0.382533	0.171337	0.025487	0.190227	0.226549	0.003866	0.382533	0.171337	0.025487	1,1,1,1,1,1	0.485624	0.033671	0.033671	0.033671	0.033671	0.033671	0.033671	
946000	-68539.4	1,2,3,3,4,1	1.497601	5.678272	5.548807	6.192581	6.192581	5.981055	5.678272	1,1,2,1,1,2	2.701345	0.054169	0.312343	0.017353	0.616136	0.054169	0.312343	0.017353	0.616136	0.208288	0.403393	0.312204	0.076114	0.054169	0.312343	0.017353	0.616136	0.054169	0.312343	0.017353	0.616136	0.208288	0.403393	0.312204	0.076114	1,2,2,2,2,2	0.965538	0.199086	0.016889	0.191070	0.282143	0.083353	0.227459	0.199720	0.194438	0.003414	0.401162	0.177951	0.023316	0.199720	0.194438	0.003414	0.401162	0.177951	0.023316	0.199720	0.194438	0.003414	0.401162	0.177951	0.023316	0.199720	0.194438	0.003414	0.401162	0.177951	0.023316	0.199720	0.194438	0.003414	0.401162	0.177951	0.023316	1,1,1,1,1,1	0.674518	0.033800	0.033800	0.033800	0.033800	0.033800	0.033800	
947000	-68489.5	1,2,3,4,5,6	3.427018	5.088986	5.565184	6.278817	6.323911	5.955220	5.975490	1,1,2,1,1,2	0.563914	0.052351	0.306646	0.014719	0.626284	0.052351	0.306646	0.014719	0.626284	0.195694	0.404213	0.327285	0.072809	0.052351	0.306646	0.014719	0.626284	0.052351	0.306646	0.014719	0.626284	0.195694	0.404213	0.327285	0.072809	1,2,2,2,2,2	0.864145	0.053846	0.067446	0.158505	0.468933	0.072651	0.178620	0.196715	0.213648	0.007734	0.389253	0.173937	0.018712	0.196715	0.213648	0.007734	0.389253	0.173937	0.018712	0.196715	0.213648	0.007734	0.389253	0.173937	0.018712	0.196715	0.213648	0.007734	0.389253	0.173937	0.018712	0.196715	0.213648	0.007734	0.389253	0.173937	0.018712	1,1,1,1,1,1	1.095541	0.033733	0.033733	0.033733	0.033733	0.033733	0.033733	
948000	-68697.4	1,2,3,3,4,5	1.550519	5.124478	5.444692	6.110947	6.110947	6.253037	6.052176	1,1,2,1,1,2	0.548018	0.052977	0.308706	0.015814	0.622503	0.052977	0.308706	0.015814	0.622503	0.195692	0.411918	0.325261	0.067129	0.052977	0.308706	0.015814	0.622503	0.052977	0.308706	0.015814	0.622503	0.195692	0.411918	0.325261	0.067129	1,2,2,2,2,2	0.718048	0.252421	0.052967	0.239418	0.220872	0.169670	0.064653	0.190777	0.217761	0.007453	0.382671	0.180297	0.021041	0.190777	0.217761	0.007453	0.382671	0.180297	0.021041	0.190777	0.217761	0.007453	0.382671	0.180297	0.021041	0.190777	0.217761	0.007453	0.382671	0.180297	0.021041	0.190777	0.217761	0.007453	0.382671	0.180297	0.021041	1,1,1,1,1,1	0.813802	0.033907	0.033907	0.033907	0.033907	0.033907	0.033907	
949000	-68594	1,1,2,2,2,3	2.153990	5.393548	5.393548	6.332266	6.332266	6.332266	6.006683	1,1,2,1,1,2	0.931460	0.050406	0.314218	0.014960	0.620416	0.050406	0.314218	0.014960	0.620416	0.194933	0.409149	0.319915	0.076003	0.050406	0.314218	0.014960	0.620416	0.050406	0.314218	0.014960	0.620416	0.194933	0.409149	0.319915	0.076003	1,2,2,2,2,2	1.227529	0.263823	0.139140	0.156718	0.027866	0.063544	0.348910	0.193111	0.212670	0.005082	0.388735	0.177949	0.022454	0.193111	0.212670	0.005082	0.388735	0.177949	0.022454	0.193111	0.212670	0.005082	0.388735	0.177949	0.022454	0.193111	0.212670	0.005082	0.388735	0.177949	0.022454	0.193111	0.212670	0.005082	0.388735	0.177949	0.022454	1,1,1,1,1,1	2.492411	0.033619	0.033619	0.033619	0.033619	0.033619	0.033619	
950000	-68601.9	1,2,3,3,1,1	1.638458	5.782187	5.386040	6.311955	6.311955	5.782187	5.782187	1,1,2,1,1,2	0.871043	0.051735	0.310715	0.014847	0.622703	0.051735	0.310715	0.014847	0.622703	0.203953	0.399888	0.323773	0.072386	0.051735	0.310715	0.014847	0.622703	0.051735	0.310715	0.014847	0.622703	0.203953	0.399888	0.323773	0.072386	1,2,2,2,2,2	3.876671	0.001141	0.435257	0.300149	0.160270	0.070185	0.032999	0.180124	0.219998	0.006218	0.408714	0.169696	0.015250	0.180124	0.219998	0.006218	0.408714	0.169696	0.015250	0.180124	0.219998	0.006218	0.408714	0.169696	0.015250	0.180124	0.219998	0.006218	0.408714	0.169696	0.015250	0.180124	0.219998	0.006218	0.408714	0.169696	0.015250	1,1,1,1,1,1	0.793281	0.037269	0.037269	0.037269	0.037269	0.037269	0.037269	
951000	-68513	1,2,3,4,1,1	1.403924	6.033414	5.555305	6.408360	6.467472	6.033414	6.033414	1,1,2,1,1,2	0.577040	0.046942	0.314147	0.016793	0.622118	0.046942	0.314147	0.016793	0.622118	0.194431	0.404453	0.323745	0.077371	0.046942	0.314147	0.016793	0.622118	0.046942	0.314147	0.016793	0.622118	0.194431	0.404453	0.323745	0.077371	1,2,2,2,2,2	1.719906	0.066461	0.123894	0.109296	0.374263	0.029075	0.297011	0.188731	0.217512	0.003094	0.405319	0.167805	0.017540	0.188731	0.217512	0.003094	0.405319	0.167805	0.017540	0.188731	0.217512	0.003094	0.405319	0.167805	0.017540	0.188731	0.217512	0.003094	0.405319	0.167805	0.017540	0.188731	0.217512	0.003094	0.405319	0.167805	0.017540	1,1,1,1,1,1	0.678870	0.039182	0.039182	0.039182	0.039182	0.039182	0.039182	
952000	-68602.5	1,2,3,3,1,1	1.447649	5.952951	5.334970	6.285525	6.285525	5.952951	5.952951	1,1,2,1,1,2	0.865568	0.050695	0.301825	0.018348	0.629132	0.050695	0.301825	0.018348	0.629132	0.199791	0.402416	0.324852	0.072941	0.050695	0.301825	0.018348	0.629132	0.050695	0.301825	0.018348	0.629132	0.199791	0.402416	0.324852	0.072941	1,2,2,2,2,2	1.648159	0.042699	0.323177	0.188984	0.370754	0.047355	0.027030	0.191737	0.215063	0.005584	0.399748	0.169339	0.018530	0.191737	0.215063	0.005584	0.399748	0.169339	0.018530	0.191737	0.215063	0.005584	0.399748	0.169339	0.018530	0.191737	0.215063	0.005584	0.399748	0.169339	0.018530	0.191737	0.215063	0.005584	0.399748	0.169339	0.018530	1,1,1,1,1,1	1.201872	0.035378	0.035378	0.035378	0.035378	0.035378	0.035378	
953000	-68500.4	1,2,3,4,5,1	1.002684	5.748188	5.481247	6.392882	6.268966	5.802075	5.748188	1,1,2,1,1,2	2.133837	0.051387	0.318476	0.013973	0.616164	0.051387	0.318476	0.013973	0.616164	0.201656	0.402822	0.320602	0.074919	0.051387	0.318476	0.013973	0.616164	0.051387	0.318476	0.013973	0.616164	0.201656	0.402822	0.320602	0.074919	1,2,2,2,2,2	3.077143	0.024755	0.013773	0.291544	0.116456	0.070678	0.482795	0.179807	0.225809	0.006276	0.391933	0.174541	0.021634	0.179807	0.225809	0.006276	0.391933	0.174541	0.021634	0.179807	0.225809	0.006276	0.391933	0.174541	0.021634	0.179807	0.225809	0.006276	0.391933	0.174541	0.021634	0.179807	0.225809	0.006276	0.391933	0.174541	0.021634	1,1,1,1,1,1	0.496249	0.035171	0.035171	0.035171	0.035171	0.035171	0.035171	
954000	-68525.3	1,2,3,3,1,4	2.314254	5.865743	5.653578	6.220510	6.220510	5.865743	5.903293	1,1,2,1,1,2	1.171732	0.053063	0.313437	0.015547	0.617953	0.053063	0.313437	0.015547	0.617953	0.198740	0.413093	0.318553	0.069615	0.053063	0.313437	0.015547	0.617953	0.053063	0.313437	0.015547	0.617953	0.198740	0.413093	0.318553	0.069615	1,2,2,2,2,2	2.339157	0.134149	0.007335	0.274456	0.055178	0.065041	0.463842	0.170041	0.231411	0.004028	0.400863	0.172273	0.021383	0.170041	0.231411	0.004028	0.400863	0.172273	0.021383	0.170041	0.231411	0.004028	0.400863	0.172273	0.021383	0.170041	0.231411	0.004028	0.400863	0.172273	0.021383	0.170041	0.231411	0.004028	0.400863	0.172273	0.021383	1,1,1,1,1,1	0.419095	0.034202	0.034202	0.034202	0.034202	0.034202	0.034202	
955000	-68525.3	1,1,2,3,4,5	1.680481	5.568566	5.568566	6.340888	6.228705	5.833655	5.959111	1,1,2,1,1,2	0.428082	0.046899	0.307172	0.016712	0.629216	0.046899	0.307172	0.016712	0.629216	0.195980	0.407909	0.315460	0.080650	0.046899	0.307172	0.016712	0.629216	0.046899	0.307172	0.016712	0.629216	0.195980	0.407909	0.315460	0.080650	1,2,2,2,2,2	1.249968	0.079287	0.158033	0.075504	0.269380	0.042262	0.375533	0.187361	0.221845	0.005501	0.405782	0.165299	0.014212	0.187361	0.221845	0.005501	0.405782	0.165299	0.014212	0.187361	0.221845	0.005501	0.405782	0.165299	0.014212	0.187361	0.221845	0.005501	0.405782	0.165299	0.014212	0.187361	0.221845	0.005501	0.405782	0.165299	0.014212	1,1,1,1,1,1	0.490381	0.037270	0.037270	0.037270	0.037270	0.037270	0.037270	
956000	-68519.9	1,2,3,3,4,5	4.276842	4.957489	5.269884	6.417922	6.417922	5.852391	5.821250	1,1,2,1,1,2	3.819925	0.052358	0.308561	0.015912	0.623169	0.052358	0.308561	0.015912	0.623169	0.199141	0.396718	0.331507	0.072635	0.052358	0.308561	0.015912	0.623169	0.052358	0.308561	0.015912	0.623169	0.199141	0.396718	0.331507	0.072635	1,2,2,2,2,2	0.873468	0.135659	0.115053	0.305050	0.118594	0.117413	0.208233	0.190550	0.208130	0.005615	0.396841	0.181002	0.017862	0.190550	0.208130	0.005615	0.396841	0.181002	0.017862	0.190550	0.208130	0.005615	0.396841	0.181002	0.017862	0.190550	0.208130	0.005615	0.396841	0.181002	0.017862	0.190550	0.208130	0.005615	0.396841	0.181002	0.017862	1,1,1,1,1,1	0.659784	0.031594	0.031594	0.031594	0.031594	0.031594	0.031594	
957000	-68513.9	1,2,3,4,5,6	3.023442	5.575131	5.482710	6.389253	6.394193	5.968455	6.034897	1,1,2,1,1,2	0.838432	0.051153	0.309069	0.016083	0.623695	0.051153	0.309069	0.016083	0.623695	0.189482	0.406347	0.324784	0.079387	0.051153	0.309069	0.016083	0.623695	0.051153	0.309069	0.016083	0.623695	0.189482	0.406347	0.324784	0.079387	1,2,2,2,2,2	0.856198	0.015159	0.395272	0.142424	0.298190	0.058555	0.090400	0.195052	0.221002	0.002534	0.386993	0.169236	0.025184	0.195052	0.221002	0.002534	0.386993	0.169236	0.025184	0.195052	0.221002	0.002534	0.386993	0.169236	0.025184	0.195052	0.221002	0.002534	0.386993	0.169236	0.025184	0.195052	0.221002	0.002534	0.386993	0.169236	0.025184	1,1,1,1,1,1	0.983694	0.035953	0.035953	0.035953	0.035953	0.035953	0.035953	
958000	-68573.4	1,2,3,3,4,5	1.950584	5.036453	5.652960	6.462751	6.462751	5.941744	5.842991	1,1,2,1,1,2	0.824821	0.053048	0.312279	0.015780	0.618893	0.053048	0.312279	0.015780	0.618893	0.200943	0.410512	0.323563	0.064983	0.053048	0.312279	0.015780	0.618893	0.053048	0.312279	0.015780	0.618893	0.200943	0.410512	0.323563	0.064983	1,2,2,2,2,2	0.545329	0.128866	0.139358	0.151389	0.269474	0.123668	0.187246	0.181606	0.223100	0.003383	0.390025	0.175868	0.026017	0.181606	0.223100	0.003383	0.390025	0.175868	0.026017	0.181606	0.223100	0.003383	0.390025	0.175868	0.026017	0.181606	0.223100	0.003383	0.390025	0.175868	0.026017	0.181606	0.223100	0.003383	0.390025	0.175868	0.026017	1,1,1,1,1,1	1.290767	0.033465	0.033465	0.033465	0.033465	0.033465	0.033465	
959000	-68550.1	1,1,2,2,3,4	2.325043	5.376463	5.376463	6.379551	6.379551	6.099420	5.923388	1,1,2,1,1,2	1.858133	0.057082	0.315646	0.016907	0.610365	0.057082	0.315646	0.016907	0.610365	0.196351	0.409517	0.320483	0.073649	0.057082	0.315646	0.016907	0.610365	0.057082	0.315646	0.016907	0.610365	0.196351	0.409517	0.320483	0.073649	1,2,2,2,2,2	0.779171	0.018542	0.447026	0.091743	0.189465	0.070186	0.183037	0.184994	0.216839	0.001973	0.399178	0.177556	0.019460	0.184994	0.216839	0.001973	0.399178	0.177556	0.019460	0.184994	0.216839	0.001973	0.399178	0.177556	0.019460	0.184994	0.216839	0.001973	0.399178	0.177556	0.019460	0.184994	0.216839	0.001973	0.399178	0.177556	0.019460	1,1,1,1,1,1	0.416065	0.032272	0.032272	0.032272	0.032272	0.032272	0.032272	
960000	-68591.6	1,1,2,3,4,5	2.941910	5.108124	5.108124	6.281774	6.152927	5.883650	6.187796	1,1,2,1,1,2	0.741300	0.053332	0.305991	0.016443	0.624234	0.053332	0.305991	0.016443	0.624234	0.203962	0.399728	0.324232	0.072078	0.053332	0.305991	0.016443	0.624234	0.053332	0.305991	0.016443	0.624234	0.203962	0.399728	0.324232	0.072078	1,2,2,2,2,2	0.873786	0.186867	0.187082	0.303699	0.071484	0.127202	0.123666	0.193078	0.207659	0.004885	0.401706	0.166979	0.025693	0.193078	0.207659	0.004885	0.401706	0.166979	0.025693	0.193078	0.207659	0.004885	0.401706	0.166979	0.025693	0.193078	0.207659	0.004885	0.401706	0.166979	0.025693	0.193078	0.207659	0.004885	0.401706	0.166979	0.025693	1,1,1,1,1,1	0.575602	0.037660	0.037660	0.037660	0.037660	0.037660	0.037660	
961000	-68549.7	1,1,2,3,4,5	3.331924	5.097021	5.097021	6.260133	6.088975	5.771992	5.833552	1,1,2,1,1,2	2.884515	0.053489	0.307398	0.014163	0.624951	0.053489	0.307398	0.014163	0.624951	0.202570	0.397384	0.324123	0.075922	0.053489	0.307398	0.014163	0.624951	0.053489	0.307398	0.014163	0.624951	0.202570	0.397384	0.324123	0.075922	1,2,2,2,2,2	0.805833	0.061216	0.106474	0.269009	0.015694	0.160442	0.387164	0.186215	0.199366	0.007378	0.406461	0.175289	0.025291	0.186215	0.199366	0.007378	0.406461	0.175289	0.025291	0.186215	0.199366	0.007378	0.406461	0.175289	0.025291	0.186215	0.199366	0.007378	0.406461	0.175289	0.025291	0.186215	0.199366	0.007378	0.406461	0.175289	0.025291	1,1,1,1,1,1	1.224381	0.035148	0.035148	0.035148	0.035148	0.035148	0.035148	
962000	-68560.9	1,1,2,3,3,3	2.176789	5.245408	5.245408	6.135769	6.091727	6.091727	6.091727	1,1,2,1,1,2	3.486252	0.050563	0.306256	0.014399	0.628782	0.050563	0.306256	0.014399	0.628782	0.202178	0.401638	0.320686	0.075498	0.050563	0.306256	0.014399	0.628782	0.050563	0.306256	0.014399	0.628782	0.202178	0.401638	0.320686	0.075498	1,2,2,2,2,2	1.171390	0.044850	0.515785	0.076902	0.138281	0.068291	0.155890	0.190764	0.214377	0.005856	0.401529	0.167902	0.019570	0.190764	0.214377	0.005856	0.401529	0.167902	0.019570	0.190764	0.214377	0.005856	0.401529	0.167902	0.019570	0.190764	0.214377	0.005856	0.401529	0.167902	0.019570	0.190764	0.214377	0.005856	0.401529	0.167902	0.019570	1,1,1,1,1,1	1.114064	0.034472	0.034472	0.034472	0.034472	0.034472	0.034472	
963000	-68510.5	1,1,2,2,3,4	0.985872	5.381626	5.381626	6.458961	6.458961	5.901381	5.902748	1,1,2,1,1,2	1.420212	0.052331	0.302923	0.015869	0.628877	0.052331	0.302923	0.015869	0.628877	0.198869	0.394992	0.327566	0.078573	0.052331	0.302923	0.015869	0.628877	0.052331	0.302923	0.015869	0.628877	0.198869	0.394992	0.327566	0.078573	1,2,2,2,2,2	2.110608	0.010101	0.255779	0.130902	0.419919	0.055513	0.127785	0.196549	0.205879	0.002325	0.406029	0.171868	0.017350	0.196549	0.205879	0.002325	0.406029	0.171868	0.017350	0.196549	0.205879	0.002325	0.406029	0.171868	0.017350	0.196549	0.205879	0.002325	0.406029	0.171868	0.017350	0.196549	0.205879	0.002325	0.406029	0.171868	0.017350	1,1,1,1,1,1	1.551768	0.033073	0.033073	0.033073	0.033073	0.033073	0.033073	
964000	-68523.2	1,2,3,3,2,4	1.760647	5.523418	5.606197	6.384541	6.384541	5.606197	5.949317	1,1,2,1,1,2	0.626653	0.056514	0.302388	0.018141	0.622958	0.056514	0.302388	0.018141	0.622958	0.200144	0.411266	0.319476	0.069114	0.056514	0.302388	0.018141	0.622958	0.056514	0.302388	0.018141	0.622958	0.200144	0.411266	0.319476	0.069114	1,2,2,2,2,2	1.732984	0.041869	0.120652	0.219762	0.391670	0.061114	0.164933	0.185695	0.210901	0.004543	0.399874	0.184368	0.014619	0.185695	0.210901	0.004543	0.399874	0.184368	0.014619	0.185695	0.210901	0.004543	0.399874	0.184368	0.014619	0.185695	0.210901	0.004543	0.399874	0.184368	0.014619	0.185695	0.210901	0.004543	0.399874	0.184368	0.014619	1,1,1,1,1,1	0.683583	0.036305	0.036305	0.036305	0.036305	0.036305	0.036305	
965000	-68521.7	1,1,2,2,3,4	1.451869	5.206191	5.206191	6.375953	6.375953	5.927348	5.652224	1,1,2,1,1,2	2.820421	0.048444	0.304725	0.016309	0.630522	0.048444	0.304725	0.016309	0.630522	0.193292	0.410293	0.315810	0.080605	0.048444	0.304725	0.016309	0.630522	0.048444	0.304725	0.016309	0.630522	0.193292	0.410293	0.315810	0.080605	1,2,2,2,2,2	0.251275	0.039822	0.043555	0.209039	0.456625	0.098455	0.152505	0.187014	0.218105	0.007275	0.403770	0.164673	0.019162	0.187014	0.218105	0.007275	0.403770	0.164673	0.019162	0.187014	0.218105	0.007275	0.403770	0.164673	0.019162	0.187014	0.218105	0.007275	0.403770	0.164673	0.019162	0.187014	0.218105	0.007275	0.403770	0.164673	0.019162	1,1,2,3,2,1	1.034592	0.043085	0.043085	0.035572	0.038030	0.035572	0.043085	
966000	-68525	1,2,3,3,1,4	2.667761	5.866837	5.544519	6.259960	6.259960	5.866837	5.944868	1,1,2,1,1,2	1.162233	0.048884	0.318900	0.016661	0.615555	0.048884	0.318900	0.016661	0.615555	0.198388	0.408592	0.322350	0.070670	0.048884	0.318900	0.016661	0.615555	0.048884	0.318900	0.016661	0.615555	0.198388	0.408592	0.322350	0.070670	1,2,2,2,2,2	2.477567	0.108826	0.098066	0.145913	0.324815	0.077837	0.244544	0.190220	0.204626	0.005322	0.399303	0.176126	0.024403	0.190220	0.204626	0.005322	0.399303	0.176126	0.024403	0.190220	0.204626	0.005322	0.399303	0.176126	0.024403	0.190220	0.204626	0.005322	0.399303	0.176126	0.024403	0.190220	0.204626	0.005322	0.399303	0.176126	0.024403	1,1,1,1,1,1	0.815235	0.036599	0.036599	0.036599	0.036599	0.036599	0.036599	
967000	-68596.9	1,1,2,2,1,1	0.431145	5.701645	5.701645	6.372270	6.372270	5.701645	5.701645	1,1,2,1,1,2	0.579223	0.047887	0.310337	0.014780	0.626997	0.047887	0.310337	0.014780	0.626997	0.201285	0.405846	0.323450	0.069419	0.047887	0.310337	0.014780	0.626997	0.047887	0.310337	0.014780	0.626997	0.201285	0.405846	0.323450	0.069419	1,2,2,2,2,2	0.860667	0.141299	0.086001	0.080534	0.025816	0.076107	0.590243	0.185453	0.220290	0.005205	0.397598	0.168349	0.023104	0.185453	0.220290	0.005205	0.397598	0.168349	0.023104	0.185453	0.220290	0.005205	0.397598	0.168349	0.023104	0.185453	0.220290	0.005205	0.397598	0.168349	0.023104	0.185453	0.220290	0.005205	0.397598	0.168349	0.023104	1,1,1,1,1,1	1.541829	0.033174	0.033174	0.033174	0.033174	0.033174	0.033174	
968000	-68628.3	1,2,3,4,5,5	1.795506	4.960872	5.469794	6.567325	5.980403	5.987886	5.987886	1,1,2,1,1,2	0.797248	0.051405	0.302059	0.017106	0.629430	0.051405	0.302059	0.017106	0.629430	0.195182	0.405858	0.328870	0.070090	0.051405	0.302059	0.017106	0.629430	0.051405	0.302059	0.017106	0.629430	0.195182	0.405858	0.328870	0.070090	1,2,2,2,2,2	0.895783	0.313430	0.001962	0.276827	0.131724	0.139124	0.136933	0.191862	0.208264	0.003593	0.397268	0.161571	0.037442	0.191862	0.208264	0.003593	0.397268	0.161571	0.037442	0.191862	0.208264	0.003593	0.397268	0.161571	0.037442	0.191862	0.208264	0.003593	0.397268	0.161571	0.037442	0.191862	0.208264	0.003593	0.397268	0.161571	0.037442	1,1,1,1,1,1	0.291555	0.034059	0.034059	0.034059	0.034059	0.034059	0.034059	
969000	-68651.4	1,2,3,3,4,5	4.785031	5.138855	5.354622	6.327391	6.327391	6.085283	5.888751	1,1,2,1,1,2	0.527411	0.052701	0.312569	0.017065	0.617666	0.052701	0.312569	0.017065	0.617666	0.198647	0.404151	0.321678	0.075523	0.052701	0.312569	0.017065	0.617666	0.052701	0.312569	0.017065	0.617666	0.198647	0.404151	0.321678	0.075523	1,2,2,2,2,2	1.165736	0.317179	0.102927	0.311163	0.079861	0.098725	0.090145	0.190116	0.214225	0.003104	0.401422	0.173488	0.017644	0.190116	0.214225	0.003104	0.401422	0.173488	0.017644	0.190116	0.214225	0.003104	0.401422	0.173488	0.017644	0.190116	0.214225	0.003104	0.401422	0.173488	0.017644	0.190116	0.214225	0.003104	0.401422	0.173488	0.017644	1,1,1,1,1,1	1.030116	0.035745	0.035745	0.035745	0.035745	0.035745	0.035745	
970000	-68623.6	1,1,2,3,4,5	1.232356	5.131739	5.131739	6.294871	5.781194	5.855917	5.918534	1,1,2,1,1,2	1.835204	0.051196	0.307117	0.015380	0.626307	0.051196	0.307117	0.015380	0.626307	0.197653	0.404983	0.320453	0.076911	0.051196	0.307117	0.015380	0.626307	0.051196	0.307117	0.015380	0.626307	0.197653	0.404983	0.320453	0.076911	1,2,2,2,2,2	1.217286	0.222104	0.038906	0.174871	0.052666	0.165628	0.345825	0.195804	0.202570	0.005797	0.398259	0.171794	0.025776	0.195804	0.202570	0.005797	0.398259	0.171794	0.025776	0.195804	0.202570	0.005797	0.398259	0.171794	0.025776	0.195804	0.202570	0.005797	0.398259	0.171794	0.025776	0.195804	0.202570	0.005797	0.398259	0.171794	0.025776	1,1,1,1,1,1	1.049175	0.031294	0.031294	0.031294	0.031294	0.031294	0.031294	
971000	-68492.5	1,1,2,2,3,4	2.568559	5.373557	5.373557	6.217924	6.217924	5.967644	6.028303	1,1,2,1,1,2	0.406598	0.050447	0.311252	0.015182	0.623118	0.050447	0.311252	0.015182	0.623118	0.197594	0.400824	0.328810	0.072772	0.050447	0.311252	0.015182	0.623118	0.050447	0.311252	0.015182	0.623118	0.197594	0.400824	0.328810	0.072772	1,2,2,2,2,2	1.297921	0.046899	0.204270	0.210990	0.220442	0.093666	0.223734	0.188729	0.215348	0.006954	0.386798	0.179869	0.022302	0.188729	0.215348	0.006954	0.386798	0.179869	0.022302	0.188729	0.215348	0.006954	0.386798	0.179869	0.022302	0.188729	0.215348	0.006954	0.386798	0.179869	0.022302	0.188729	0.215348	0.006954	0.386798	0.179869	0.022302	1,1,1,1,1,1	0.682875	0.031951	0.031951	0.031951	0.031951	0.031951	0.031951	
972000	-68554.7	1,2,3,4,5,6	3.246711	5.087891	5.505479	6.627322	6.052769	5.751361	5.917444	1,1,2,1,1,2	0.979724	0.053420	0.303088	0.014815	0.628676	0.053420	0.303088	0.014815	0.628676	0.189721	0.414456	0.324554	0.071269	0.053420	0.303088	0.014815	0.628676	0.053420	0.303088	0.014815	0.628676	0.189721	0.414456	0.324554	0.071269	1,2,2,2,2,2	0.990793	0.121570	0.328730	0.089652	0.198703	0.060288	0.201056	0.174599	0.229935	0.009177	0.395583	0.170404	0.020302	0.174599	0.229935	0.009177	0.395583	0.170404	0.020302	0.174599	0.229935	0.009177	0.395583	0.170404	0.020302	0.174599	0.229935	0.009177	0.395583	0.170404	0.020302	0.174599	0.229935	0.009177	0.395583	0.170404	0.020302	1,1,2,2,1,1	1.398906	0.034684	0.034684	0.038204	0.038204	0.034684	0.034684	
973000	-68520.1	1,2,3,4,4,4	1.937020	5.386924	5.352372	6.132668	6.032836	6.032836	6.032836	1,1,2,1,1,2	0.587312	0.052511	0.310050	0.015873	0.621567	0.052511	0.310050	0.015873	0.621567	0.200562	0.400845	0.326071	0.072522	0.052511	0.310050	0.015873	0.621567	0.052511	0.310050	0.015873	0.621567	0.200562	0.400845	0.326071	0.072522	1,2,2,2,2,2	0.154827	0.211779	0.014031	0.281183	0.095214	0.100877	0.296916	0.180437	0.226328	0.004068	0.393735	0.167084	0.028348	0.180437	0.226328	0.004068	0.393735	0.167084	0.028348	0.180437	0.226328	0.004068	0.393735	0.167084	0.028348	0.180437	0.226328	0.004068	0.393735	0.167084	0.028348	0.180437	0.226328	0.004068	0.393735	0.167084	0.028348	1,1,1,1,1,1	1.127972	0.040539	0.040539	0.040539	0.040539	0.040539	0.040539	
974000	-68581.1	1,2,3,3,3,4	3.197602	5.253194	5.493941	6.152825	6.152825	6.152825	5.842561	1,1,2,1,1,2	1.244710	0.051300	0.310657	0.015706	0.622337	0.051300	0.310657	0.015706	0.622337	0.194746	0.411107	0.315598	0.078548	0.051300	0.310657	0.015706	0.622337	0.051300	0.310657	0.015706	0.622337	0.194746	0.411107	0.315598	0.078548	1,2,2,2,2,2	2.017717	0.035974	0.278503	0.392400	0.009858	0.114358	0.168907	0.184562	0.215434	0.006137	0.396893	0.177726	0.019248	0.184562	0.215434	0.006137	0.396893	0.177726	0.019248	0.184562	0.215434	0.006137	0.396893	0.177726	0.019248	0.184562	0.215434	0.006137	0.396893	0.177726	0.019248	0.184562	0.215434	0.006137	0.396893	0.177726	0.019248	1,1,1,1,1,1	0.741266	0.033821	0.033821	0.033821	0.033821	0.033821	0.033821	
975000	-68556.5	1,2,3,3,2,4	1.535857	5.326837	5.639795	6.289702	6.289702	5.639795	5.863840	1,1,2,1,1,2	0.289016	0.050381	0.308350	0.015356	0.625912	0.050381	0.308350	0.015356	0.625912	0.200016	0.404357	0.317010	0.078617	0.050381	0.308350	0.015356	0.625912	0.050381	0.308350	0.015356	0.625912	0.200016	0.404357	0.317010	0.078617	1,2,2,2,2,2	0.617098	0.126964	0.065544	0.383368	0.018833	0.152946	0.252345	0.185045	0.230945	0.005042	0.394479	0.164119	0.020369	0.185045	0.230945	0.005042	0.394479	0.164119	0.020369	0.185045	0.230945	0.005042	0.394479	0.164119	0.020369	0.185045	0.230945	0.005042	0.394479	0.164119	0.020369	0.185045	0.230945	0.005042	0.394479	0.164119	0.020369	1,1,1,1,1,1	1.175769	0.032415	0.032415	0.032415	0.032415	0.032415	0.032415	
976000	-68589.4	1,1,2,3,4,4	1.652170	5.305089	5.305089	6.296838	6.294030	5.806062	5.806062	1,1,2,1,1,2	0.512811	0.051013	0.305016	0.014964	0.629008	0.051013	0.305016	0.014964	0.629008	0.200349	0.399567	0.321926	0.078158	0.051013	0.305016	0.014964	0.629008	0.051013	0.305016	0.014964	0.629008	0.200349	0.399567	0.321926	0.078158	1,2,2,2,2,2	0.840132	0.199447	0.144606	0.101272	0.252379	0.043809	0.258486	0.187884	0.218820	0.005229	0.402038	0.165736	0.020292	0.187884	0.218820	0.005229	0.402038	0.165736	0.020292	0.187884	0.218820	0.005229	0.402038	0.165736	0.020292	0.187884	0.218820	0.005229	0.402038	0.165736	0.020292	0.187884	0.218820	0.005229	0.402038	0.165736	0.020292	1,1,1,1,1,1	0.385384	0.031335	0.031335	0.031335	0.031335	0.031335	0.031335	
977000	-68545.2	1,1,2,3,3,2	1.260389	5.333819	5.333819	6.075980	6.123369	6.123369	6.075980	1,1,2,1,1,2	1.004193	0.054036	0.309778	0.015621	0.620566	0.054036	0.309778	0.015621	0.620566	0.205341	0.389595	0.324517	0.080547	0.054036	0.309778	0.015621	0.620566	0.054036	0.309778	0.015621	0.620566	0.205341	0.389595	0.324517	0.080547	1,2,2,2,2,2	0.389104	0.086672	0.112303	0.183867	0.295956	0.119564	0.201638	0.194475	0.213797	0.004510	0.382782	0.179504	0.024932	0.194475	0.213797	0.004510	0.382782	0.179504	0.024932	0.194475	0.213797	0.004510	0.382782	0.179504	0.024932	0.194475	0.213797	0.004510	0.382782	0.179504	0.024932	0.194475	0.213797	0.004510	0.382782	0.179504	0.024932	1,1,1,1,1,1	0.902633	0.035000	0.035000	0.035000	0.035000	0.035000	0.035000	
978000	-68760.2	1,2,3,3,1,1	3.589774	5.830006	5.336523	6.480030	6.480030	5.830006	5.830006	1,1,2,1,1,2	0.664994	0.052184	0.312700	0.015532	0.619583	0.052184	0.312700	0.015532	0.619583	0.190328	0.414149	0.321998	0.073525	0.052184	0.312700	0.015532	0.619583	0.052184	0.312700	0.015532	0.619583	0.190328	0.414149	0.321998	0.073525	1,2,2,2,2,2	0.953848	0.025528	0.223577	0.498908	0.169674	0.052846	0.029466	0.185153	0.227476	0.003635	0.392226	0.170012	0.021498	0.185153	0.227476	0.003635	0.392226	0.170012	0.021498	0.185153	0.227476	0.003635	0.392226	0.170012	0.021498	0.185153	0.227476	0.003635	0.392226	0.170012	0.021498	0.185153	0.227476	0.003635	0.392226	0.170012	0.021498	1,1,1,1,1,1	0.894563	0.037178	0.037178	0.037178	0.037178	0.037178	0.037178	
979000	-68481.8	1,1,2,3,4,4	1.630008	5.298360	5.298360	6.439841	6.466707	5.951180	5.951180	1,1,2,1,1,2	0.441721	0.052774	0.308592	0.016889	0.621744	0.052774	0.308592	0.016889	0.621744	0.198535	0.407643	0.318687	0.075135	0.052774	0.308592	0.016889	0.621744	0.052774	0.308592	0.016889	0.621744	0.198535	0.407643	0.318687	0.075135	1,2,2,2,2,2	0.919594	0.014560	0.102484	0.304596	0.154439	0.108842	0.315080	0.198562	0.207090	0.004121	0.396414	0.175562	0.018251	0.198562	0.207090	0.004121	0.396414	0.175562	0.018251	0.198562	0.207090	0.004121	0.396414	0.175562	0.018251	0.198562	0.207090	0.004121	0.396414	0.175562	0.018251	0.198562	0.207090	0.004121	0.396414	0.175562	0.018251	1,1,1,1,1,1	0.679462	0.036554	0.036554	0.036554	0.036554	0.036554	0.036554	
980000	-68709.6	1,2,3,4,5,6	3.416451	5.540770	5.705465	6.417621	6.339898	6.174993	5.975223	1,1,2,1,1,2	1.313269	0.050880	0.312186	0.016720	0.620214	0.050880	0.312186	0.016720	0.620214	0.192256	0.407511	0.328329	0.071905	0.050880	0.312186	0.016720	0.620214	0.050880	0.312186	0.016720	0.620214	0.192256	0.407511	0.328329	0.071905	1,2,2,2,2,2	1.152156	0.239536	0.169596	0.397881	0.036122	0.107650	0.049216	0.185240	0.224148	0.006030	0.397923	0.165893	0.020766	0.185240	0.224148	0.006030	0.397923	0.165893	0.020766	0.185240	0.224148	0.006030	0.397923	0.165893	0.020766	0.185240	0.224148	0.006030	0.397923	0.165893	0.020766	0.185240	0.224148	0.006030	0.397923	0.165893	0.020766	1,1,1,1,1,1	2.895196	0.034083	0.034083	0.034083	0.034083	0.034083	0.034083	
981000	-68493	1,2,3,3,4,5	2.452652	5.894966	5.532669	6.384517	6.384517	5.914252	5.896144	1,1,2,1,1,2	1.716636	0.051338	0.311383	0.016688	0.620591	0.051338	0.311383	0.016688	0.620591	0.197914	0.402157	0.329335	0.070594	0.051338	0.311383	0.016688	0.620591	0.051338	0.311383	0.016688	0.620591	0.197914	0.402157	0.329335	0.070594	1,2,2,2,2,2	0.533789	0.001163	0.019780	0.345503	0.168659	0.084481	0.380413	0.188989	0.219694	0.005228	0.396822	0.170902	0.018367	0.188989	0.219694	0.005228	0.396822	0.170902	0.018367	0.188989	0.219694	0.005228	0.396822	0.170902	0.018367	0.188989	0.219694	0.005228	0.396822	0.170902	0.018367	0.188989	0.219694	0.005228	0.396822	0.170902	0.018367	1,1,1,1,1,1	0.226114	0.035506	0.035506	0.035506	0.035506	0.035506	0.035506	
982000	-68599.2	1,1,2,2,3,4	0.490574	5.278540	5.278540	6.294496	6.294496	5.982802	5.705683	1,2,3,2,2,3	0.970975	0.065496	0.311657	0.043247	0.579599	0.049252	0.306801	0.016544	0.627403	0.196426	0.413222	0.313274	0.077078	0.049252	0.306801	0.016544	0.627403	0.049252	0.306801	0.016544	0.627403	0.196426	0.413222	0.313274	0.077078	1,2,2,2,2,2	1.249310	0.063981	0.335486	0.315423	0.040404	0.144455	0.100252	0.189555	0.218915	0.004675	0.402372	0.163394	0.021089	0.189555	0.218915	0.004675	0.402372	0.163394	0.021089	0.189555	0.218915	0.004675	0.402372	0.163394	0.021089	0.189555	0.218915	0.004675	0.402372	0.163394	0.021089	0.189555	0.218915	0.004675	0.402372	0.163394	0.021089	1,1,1,1,1,1	0.813624	0.033980	0.033980	0.033980	0.033980	0.033980	0.033980	
983000	-68601.2	1,1,2,2,3,4	1.252117	5.254666	5.254666	6.264239	6.264239	5.845408	6.039808	1,1,2,1,1,2	0.713621	0.050720	0.304620	0.016849	0.627811	0.050720	0.304620	0.016849	0.627811	0.190113	0.402672	0.326846	0.080369	0.050720	0.304620	0.016849	0.627811	0.050720	0.304620	0.016849	0.627811	0.190113	0.402672	0.326846	0.080369	1,2,2,2,2,2	1.343121	0.025987	0.171943	0.125387	0.343450	0.117837	0.215398	0.197641	0.210968	0.003865	0.392064	0.171927	0.023535	0.197641	0.210968	0.003865	0.392064	0.171927	0.023535	0.197641	0.210968	0.003865	0.392064	0.171927	0.023535	0.197641	0.210968	0.003865	0.392064	0.171927	0.023535	0.197641	0.210968	0.003865	0.392064	0.171927	0.023535	1,1,1,1,1,1	0.674799	0.038552	0.038552	0.038552	0.038552	0.038552	0.038552	
984000	-68474.8	1,1,2,2,3,4	1.443972	5.262283	5.262283	6.427556	6.427556	5.874149	5.882302	1,1,2,1,1,2	0.592149	0.051813	0.307264	0.015260	0.625663	0.051813	0.307264	0.015260	0.625663	0.201838	0.404060	0.321882	0.072220	0.051813	0.307264	0.015260	0.625663	0.051813	0.307264	0.015260	0.625663	0.201838	0.404060	0.321882	0.072220	1,2,2,2,2,2	3.194430	0.014517	0.130916	0.188820	0.164059	0.085594	0.416095	0.184638	0.224669	0.004761	0.391795	0.171228	0.022909	0.184638	0.224669	0.004761	0.391795	0.171228	0.022909	0.184638	0.224669	0.004761	0.391795	0.171228	0.022909	0.184638	0.224669	0.004761	0.391795	0.171228	0.022909	0.184638	0.224669	0.004761	0.391795	0.171228	0.022909	1,1,1,1,1,1	0.608593	0.032230	0.032230	0.032230	0.032230	0.032230	0.032230	
985000	-68548.8	1,2,3,4,4,4	2.345960	4.945503	5.467190	6.514730	6.074201	6.074201	6.074201	1,1,2,1,1,2	0.595399	0.050834	0.310570	0.018058	0.620538	0.050834	0.310570	0.018058	0.620538	0.199268	0.408827	0.318059	0.073847	0.050834	0.310570	0.018058	0.620538	0.050834	0.310570	0.018058	0.620538	0.199268	0.408827	0.318059	0.073847	1,2,2,2,2,2	1.527851	0.112447	0.080160	0.191720	0.333203	0.129060	0.153410	0.184514	0.216504	0.004415	0.407498	0.170319	0.016750	0.184514	0.216504	0.004415	0.407498	0.170319	0.016750	0.184514	0.216504	0.004415	0.407498	0.170319	0.016750	0.184514	0.216504	0.004415	0.407498	0.170319	0.016750	0.184514	0.216504	0.004415	0.407498	0.170319	0.016750	1,1,2,1,2,1	1.018661	0.034880	0.034880	0.035402	0.034880	0.035402	0.034880	
986000	-68522	1,1,2,3,4,5	3.335328	5.196909	5.196909	6.504251	6.095713	5.915363	5.629700	1,1,2,1,1,2	1.449858	0.050749	0.312362	0.016647	0.620241	0.050749	0.312362	0.016647	0.620241	0.196259	0.404950	0.323346	0.075446	0.050749	0.312362	0.016647	0.620241	0.050749	0.312362	0.016647	0.620241	0.196259	0.404950	0.323346	0.075446	1,2,2,2,2,2	1.976494	0.156412	0.008478	0.243179	0.012031	0.132082	0.447818	0.182960	0.222369	0.004713	0.397243	0.176469	0.016245	0.182960	0.222369	0.004713	0.397243	0.176469	0.016245	0.182960	0.222369	0.004713	0.397243	0.176469	0.016245	0.182960	0.222369	0.004713	0.397243	0.176469	0.016245	0.182960	0.222369	0.004713	0.397243	0.176469	0.016245	1,1,1,1,1,1	0.448145	0.032362	0.032362	0.032362	0.032362	0.032362	0.032362	
987000	-68576.4	1,1,2,3,4,4	2.778893	5.295870	5.295870	6.501501	6.182443	5.922426	5.922426	1,1,2,1,1,2	1.697570	0.054248	0.313305	0.015909	0.616538	0.054248	0.313305	0.015909	0.616538	0.192802	0.408548	0.322511	0.076138	0.054248	0.313305	0.015909	0.616538	0.054248	0.313305	0.015909	0.616538	0.192802	0.408548	0.322511	0.076138	1,2,2,2,2,2	2.316630	0.256915	0.102571	0.159183	0.034015	0.085656	0.361660	0.186847	0.212117	0.004918	0.404539	0.170310	0.021269	0.186847	0.212117	0.004918	0.404539	0.170310	0.021269	0.186847	0.212117	0.004918	0.404539	0.170310	0.021269	0.186847	0.212117	0.004918	0.404539	0.170310	0.021269	0.186847	0.212117	0.004918	0.404539	0.170310	0.021269	1,1,1,1,1,1	0.472489	0.035132	0.035132	0.035132	0.035132	0.035132	0.035132	
988000	-68522.7	1,2,3,3,4,4	2.605150	5.116836	5.523336	6.247133	6.247133	5.926420	5.926420	1,1,2,1,1,2	0.708576	0.056673	0.313508	0.015370	0.614449	0.056673	0.313508	0.015370	0.614449	0.201349	0.409431	0.319865	0.069355	0.056673	0.313508	0.015370	0.614449	0.056673	0.313508	0.015370	0.614449	0.201349	0.409431	0.319865	0.069355	1,2,2,2,2,2	1.325636	0.018525	0.296380	0.150798	0.197483	0.095143	0.241671	0.191730	0.198753	0.003138	0.398858	0.176401	0.031120	0.191730	0.198753	0.003138	0.398858	0.176401	0.031120	0.191730	0.198753	0.003138	0.398858	0.176401	0.031120	0.191730	0.198753	0.003138	0.398858	0.176401	0.031120	0.191730	0.198753	0.003138	0.398858	0.176401	0.031120	1,1,1,1,1,1	0.151613	0.034539	0.034539	0.034539	0.034539	0.034539	0.034539	
989000	-68508.8	1,1,2,2,3,4	1.346426	5.219840	5.219840	6.480084	6.480084	6.104142	5.920428	1,1,2,1,1,2	1.143519	0.050685	0.308056	0.016337	0.624922	0.050685	0.308056	0.016337	0.624922	0.201992	0.405146	0.323835	0.069028	0.050685	0.308056	0.016337	0.624922	0.050685	0.308056	0.016337	0.624922	0.201992	0.405146	0.323835	0.069028	1,2,2,2,2,2	1.181072	0.155565	0.239508	0.210236	0.075415	0.085992	0.233285	0.184865	0.213606	0.003182	0.399935	0.169792	0.028620	0.184865	0.213606	0.003182	0.399935	0.169792	0.028620	0.184865	0.213606	0.003182	0.399935	0.169792	0.028620	0.184865	0.213606	0.003182	0.399935	0.169792	0.028620	0.184865	0.213606	0.003182	0.399935	0.169792	0.028620	1,1,1,1,1,1	0.285570	0.035642	0.035642	0.035642	0.035642	0.035642	0.035642	
990000	-68629.1	1,2,3,3,3,4	2.326446	6.733979	5.386836	6.242658	6.242658	6.242658	5.779186	1,1,2,1,1,2	1.112448	0.049702	0.308686	0.016254	0.625358	0.049702	0.308686	0.016254	0.625358	0.199931	0.407045	0.317401	0.075623	0.049702	0.308686	0.016254	0.625358	0.049702	0.308686	0.016254	0.625358	0.199931	0.407045	0.317401	0.075623	1,2,2,2,2,2	0.464500	0.007858	0.384306	0.341369	0.079330	0.036209	0.150929	0.189903	0.217494	0.008190	0.394643	0.168368	0.021402	0.189903	0.217494	0.008190	0.394643	0.168368	0.021402	0.189903	0.217494	0.008190	0.394643	0.168368	0.021402	0.189903	0.217494	0.008190	0.394643	0.168368	0.021402	0.189903	0.217494	0.008190	0.394643	0.168368	0.021402	1,1,1,2,1,1	1.774324	0.037456	0.037456	0.037456	0.033436	0.037456	0.037456	
991000	-68512.1	1,2,3,3,3,3	0.784760	5.071497	5.747100	6.078139	6.078139	6.078139	6.078139	1,1,2,1,1,2	0.502371	0.049172	0.309094	0.016187	0.625547	0.049172	0.309094	0.016187	0.625547	0.191949	0.407112	0.323933	0.077005	0.049172	0.309094	0.016187	0.625547	0.049172	0.309094	0.016187	0.625547	0.191949	0.407112	0.323933	0.077005	1,2,2,2,2,2	0.501185	0.183066	0.137593	0.247569	0.082568	0.088416	0.260789	0.189101	0.213482	0.006374	0.393785	0.170979	0.026280	0.189101	0.213482	0.006374	0.393785	0.170979	0.026280	0.189101	0.213482	0.006374	0.393785	0.170979	0.026280	0.189101	0.213482	0.006374	0.393785	0.170979	0.026280	0.189101	0.213482	0.006374	0.393785	0.170979	0.026280	1,1,1,1,1,1	1.247809	0.035309	0.035309	0.035309	0.035309	0.035309	0.035309	
992000	-68552.3	1,1,2,3,4,5	0.832568	5.238621	5.238621	6.724382	6.056768	5.913023	6.109133	1,1,2,1,1,2	1.873352	0.052860	0.306697	0.018914	0.621529	0.052860	0.306697	0.018914	0.621529	0.194870	0.400276	0.326351	0.078503	0.052860	0.306697	0.018914	0.621529	0.052860	0.306697	0.018914	0.621529	0.194870	0.400276	0.326351	0.078503	1,2,2,2,2,2	1.231544	0.148688	0.063451	0.395261	0.133235	0.105008	0.154357	0.185985	0.211802	0.006680	0.403769	0.173986	0.017778	0.185985	0.211802	0.006680	0.403769	0.173986	0.017778	0.185985	0.211802	0.006680	0.403769	0.173986	0.017778	0.185985	0.211802	0.006680	0.403769	0.173986	0.017778	0.185985	0.211802	0.006680	0.403769	0.173986	0.017778	1,1,1,1,1,1	0.499553	0.035830	0.035830	0.035830	0.035830	0.035830	0.035830	
993000	-68661	1,1,2,2,2,2	1.134985	5.450317	5.450317	6.061408	6.061408	6.061408	6.061408	1,1,2,1,1,2	0.823657	0.055376	0.309931	0.015210	0.619483	0.055376	0.309931	0.015210	0.619483	0.197648	0.409793	0.323488	0.069071	0.055376	0.309931	0.015210	0.619483	0.055376	0.309931	0.015210	0.619483	0.197648	0.409793	0.323488	0.069071	1,2,2,2,2,2	1.147827	0.067839	0.048739	0.340654	0.020940	0.251089	0.270739	0.195245	0.209542	0.003316	0.399838	0.168338	0.023720	0.195245	0.209542	0.003316	0.399838	0.168338	0.023720	0.195245	0.209542	0.003316	0.399838	0.168338	0.023720	0.195245	0.209542	0.003316	0.399838	0.168338	0.023720	0.195245	0.209542	0.003316	0.399838	0.168338	0.023720	1,1,2,2,1,1	1.874492	0.032562	0.032562	0.036470	0.036470	0.032562	0.032562	
994000	-68531.9	1,2,3,3,4,4	2.115047	5.367096	5.369352	6.342892	6.342892	6.056817	6.056817	1,1,2,1,1,2	0.683090	0.051700	0.320163	0.014313	0.613824	0.051700	0.320163	0.014313	0.613824	0.202233	0.408405	0.314959	0.074403	0.051700	0.320163	0.014313	0.613824	0.051700	0.320163	0.014313	0.613824	0.202233	0.408405	0.314959	0.074403	1,2,2,2,2,2	1.216283	0.035253	0.180014	0.186338	0.446858	0.073382	0.078156	0.186559	0.217334	0.006234	0.401948	0.170297	0.017628	0.186559	0.217334	0.006234	0.401948	0.170297	0.017628	0.186559	0.217334	0.006234	0.401948	0.170297	0.017628	0.186559	0.217334	0.006234	0.401948	0.170297	0.017628	0.186559	0.217334	0.006234	0.401948	0.170297	0.017628	1,1,1,1,1,1	1.812959	0.030900	0.030900	0.030900	0.030900	0.030900	0.030900	
995000	-68557.6	1,2,3,3,4,4	1.542972	6.360470	5.392073	6.286962	6.286962	5.975600	5.975600	1,1,2,1,1,2	0.349577	0.055810	0.303571	0.015985	0.624634	0.055810	0.303571	0.015985	0.624634	0.194810	0.404140	0.325403	0.075647	0.055810	0.303571	0.015985	0.624634	0.055810	0.303571	0.015985	0.624634	0.194810	0.404140	0.325403	0.075647	1,2,2,2,2,2	1.309082	0.079402	0.196617	0.332936	0.079830	0.054904	0.256311	0.191141	0.224257	0.003135	0.391024	0.176736	0.013707	0.191141	0.224257	0.003135	0.391024	0.176736	0.013707	0.191141	0.224257	0.003135	0.391024	0.176736	0.013707	0.191141	0.224257	0.003135	0.391024	0.176736	0.013707	0.191141	0.224257	0.003135	0.391024	0.176736	0.013707	1,1,1,1,1,1	0.448032	0.036671	0.036671	0.036671	0.036671	0.036671	0.036671	
996000	-68777.2	1,2,3,4,5,4	2.326298	5.419568	5.598867	6.511123	5.994009	6.053369	5.994009	1,1,2,1,1,2	1.170294	0.054564	0.308065	0.016370	0.621000	0.054564	0.308065	0.016370	0.621000	0.198099	0.407728	0.321957	0.072217	0.054564	0.308065	0.016370	0.621000	0.054564	0.308065	0.016370	0.621000	0.198099	0.407728	0.321957	0.072217	1,2,2,2,2,2	1.386133	0.224809	0.159400	0.200886	0.031346	0.237242	0.146315	0.185313	0.223940	0.002490	0.396738	0.172105	0.019413	0.185313	0.223940	0.002490	0.396738	0.172105	0.019413	0.185313	0.223940	0.002490	0.396738	0.172105	0.019413	0.185313	0.223940	0.002490	0.396738	0.172105	0.019413	0.185313	0.223940	0.002490	0.396738	0.172105	0.019413	1,1,1,1,1,1	0.177271	0.030742	0.030742	0.030742	0.030742	0.030742	0.030742	
997000	-68623.3	1,2,3,4,5,6	3.643252	5.607306	5.556218	6.264498	6.475949	6.086333	5.727002	1,1,2,1,1,2	2.384280	0.048877	0.314466	0.016568	0.620089	0.048877	0.314466	0.016568	0.620089	0.200941	0.404689	0.321963	0.072407	0.048877	0.314466	0.016568	0.620089	0.048877	0.314466	0.016568	0.620089	0.200941	0.404689	0.321963	0.072407	1,2,2,2,2,2	2.826783	0.087983	0.341867	0.128281	0.377925	0.029697	0.034247	0.181777	0.222214	0.005372	0.385369	0.179378	0.025891	0.181777	0.222214	0.005372	0.385369	0.179378	0.025891	0.181777	0.222214	0.005372	0.385369	0.179378	0.025891	0.181777	0.222214	0.005372	0.385369	0.179378	0.025891	0.181777	0.222214	0.005372	0.385369	0.179378	0.025891	1,1,1,1,1,1	0.868514	0.035794	0.035794	0.035794	0.035794	0.035794	0.035794	
998000	-68498.7	1,2,3,3,4,4	1.582389	4.895012	5.921369	6.374781	6.374781	5.777666	5.777666	1,1,2,1,1,2	1.328755	0.049190	0.312502	0.014437	0.623871	0.049190	0.312502	0.014437	0.623871	0.202265	0.400535	0.324251	0.072949	0.049190	0.312502	0.014437	0.623871	0.049190	0.312502	0.014437	0.623871	0.202265	0.400535	0.324251	0.072949	1,2,2,2,2,2	0.250011	0.030321	0.550836	0.134482	0.099769	0.045596	0.138996	0.178295	0.220062	0.005575	0.402170	0.165310	0.028589	0.178295	0.220062	0.005575	0.402170	0.165310	0.028589	0.178295	0.220062	0.005575	0.402170	0.165310	0.028589	0.178295	0.220062	0.005575	0.402170	0.165310	0.028589	0.178295	0.220062	0.005575	0.402170	0.165310	0.028589	1,1,1,1,1,1	0.839013	0.034852	0.034852	0.034852	0.034852	0.034852	0.034852	
999000	-68591.5	1,2,3,1,4,4	1.688457	6.524673	5.464188	6.781059	6.524673	6.133654	6.133654	1,1,2,1,1,2	0.139295	0.050629	0.308073	0.014055	0.627242	0.050629	0.308073	0.014055	0.627242	0.197747	0.407248	0.326114	0.068891	0.050629	0.308073	0.014055	0.627242	0.050629	0.308073	0.014055	0.627242	0.197747	0.407248	0.326114	0.068891	1,2,2,2,2,2	1.601624	0.059408	0.061708	0.052831	0.720747	0.019535	0.085771	0.185285	0.209669	0.004718	0.406918	0.177555	0.015855	0.185285	0.209669	0.004718	0.406918	0.177555	0.015855	0.185285	0.209669	0.004718	0.406918	0.177555	0.015855	0.185285	0.209669	0.004718	0.406918	0.177555	0.015855	0.185285	0.209669	0.004718	0.406918	0.177555	0.015855	1,1,1,1,1,1	0.478945	0.032659	0.032659	0.032659	0.032659	0.032659	0.032659	
1000000	-68599.5	1,1,2,2,1,1	0.577684	5.709394	5.709394	6.346449	6.346449	5.709394	5.709394	1,1,2,1,1,2	0.566455	0.049366	0.307712	0.017653	0.625270	0.049366	0.307712	0.017653	0.625270	0.197010	0.406265	0.322377	0.074348	0.049366	0.307712	0.017653	0.625270	0.049366	0.307712	0.017653	0.625270	0.197010	0.406265	0.322377	0.074348	1,2,2,2,2,2	2.555290	0.213093	0.052919	0.382284	0.126623	0.110164	0.114917	0.193073	0.208659	0.006889	0.393237	0.173756	0.024386	0.193073	0.208659	0.006889	0.393237	0.173756	0.024386	0.193073	0.208659	0.006889	0.393237	0.173756	0.024386	0.193073	0.208659	0.006889	0.393237	0.173756	0.024386	0.193073	0.208659	0.006889	0.393237	0.173756	0.024386	1,1,1,2,1,1	0.826283	0.036210	0.036210	0.036210	0.040552	0.036210	0.036210	
