Gen	lnL	RGF(Length)	L(Alpha)	L(1,1)	L(2,1)	L(3,1)	L(4,1)	L(5,1)	L(6,1)	RGF(Pi)	Pi(Alpha)	Pi(1,A)	Pi(1,C)	Pi(1,G)	Pi(1,T)	Pi(2,A)	Pi(2,C)	Pi(2,G)	Pi(2,T)	Pi(3,A)	Pi(3,C)	Pi(3,G)	Pi(3,T)	Pi(4,A)	Pi(4,C)	Pi(4,G)	Pi(4,T)	Pi(5,A)	Pi(5,C)	Pi(5,G)	Pi(5,T)	Pi(6,A)	Pi(6,C)	Pi(6,G)	Pi(6,T)	RGF(R)	R(Alpha)	R(1,AC)	R(1,AG)	R(1,AT)	R(1,CG)	R(1,CT)	R(1,GT)	R(2,AC)	R(2,AG)	R(2,AT)	R(2,CG)	R(2,CT)	R(2,GT)	R(3,AC)	R(3,AG)	R(3,AT)	R(3,CG)	R(3,CT)	R(3,GT)	R(4,AC)	R(4,AG)	R(4,AT)	R(4,CG)	R(4,CT)	R(4,GT)	R(5,AC)	R(5,AG)	R(5,AT)	R(5,CG)	R(5,CT)	R(5,GT)	R(6,AC)	R(6,AG)	R(6,AT)	R(6,CG)	R(6,CT)	R(6,GT)	RGF(Alpha)	Alpha(Alpha)	Alpha(1,1)	Alpha(2,1)	Alpha(3,1)	Alpha(4,1)	Alpha(5,1)	Alpha(6,1)	
1	-114963	1,2,2,3,1,1	2.358446	6.212967	5.610628	5.610628	5.394429	6.212967	6.212967	1,1,1,1,1,1	0.000000	0.010880	0.513437	0.108854	0.366830	0.010880	0.513437	0.108854	0.366830	0.010880	0.513437	0.108854	0.366830	0.010880	0.513437	0.108854	0.366830	0.010880	0.513437	0.108854	0.366830	0.010880	0.513437	0.108854	0.366830	1,2,1,3,4,2	3.232743	0.055295	0.257193	0.202490	0.195138	0.249468	0.040416	0.603116	0.063458	0.067920	0.080656	0.112982	0.071868	0.055295	0.257193	0.202490	0.195138	0.249468	0.040416	0.211224	0.192882	0.170418	0.200667	0.008918	0.215892	0.123507	0.199088	0.213564	0.038769	0.169365	0.255707	0.603116	0.063458	0.067920	0.080656	0.112982	0.071868	1,1,1,1,1,1	0.000000	0.848362	0.848362	0.848362	0.848362	0.848362	0.848362	
1000	-116665	1,1,1,1,1,1	0.000000	5.787454	5.787454	5.787454	5.787454	5.787454	5.787454	1,1,1,2,1,1	0.993179	0.017315	0.535910	0.114874	0.331901	0.017315	0.535910	0.114874	0.331901	0.017315	0.535910	0.114874	0.331901	0.014999	0.415586	0.188834	0.380581	0.017315	0.535910	0.114874	0.331901	0.017315	0.535910	0.114874	0.331901	1,2,3,4,5,5	5.889970	0.052697	0.031475	0.370798	0.248262	0.241028	0.055741	0.449690	0.002008	0.016981	0.181754	0.211393	0.138175	0.078816	0.011841	0.160223	0.273250	0.405945	0.069924	0.164921	0.075166	0.028748	0.484153	0.136092	0.110920	0.395561	0.037884	0.197259	0.066048	0.178072	0.125176	0.395561	0.037884	0.197259	0.066048	0.178072	0.125176	1,1,1,1,1,1	0.000000	0.863859	0.863859	0.863859	0.863859	0.863859	0.863859	
2000	-115994	1,2,1,3,1,1	0.461388	5.983053	5.340839	5.983053	6.768527	5.983053	5.983053	1,1,1,2,1,1	0.389418	0.016756	0.531616	0.119061	0.332567	0.016756	0.531616	0.119061	0.332567	0.016756	0.531616	0.119061	0.332567	0.008455	0.627410	0.130817	0.233318	0.016756	0.531616	0.119061	0.332567	0.016756	0.531616	0.119061	0.332567	1,2,3,4,5,2	2.753601	0.158243	0.406999	0.129347	0.149576	0.117613	0.038223	0.350117	0.142671	0.020907	0.207478	0.213692	0.065135	0.152945	0.074214	0.311638	0.198551	0.209884	0.052769	0.113563	0.195604	0.109333	0.086405	0.011602	0.483492	0.126335	0.049614	0.214633	0.029367	0.245594	0.334457	0.350117	0.142671	0.020907	0.207478	0.213692	0.065135	1,2,2,2,2,2	0.603984	0.648574	0.888702	0.888702	0.888702	0.888702	0.888702	
3000	-115532	1,2,3,2,1,3	3.377798	6.161813	5.469983	5.870630	5.469983	6.161813	5.870630	1,2,1,1,1,2	0.717968	0.012333	0.526188	0.111102	0.350376	0.026723	0.500341	0.151286	0.321650	0.012333	0.526188	0.111102	0.350376	0.012333	0.526188	0.111102	0.350376	0.012333	0.526188	0.111102	0.350376	0.026723	0.500341	0.151286	0.321650	1,1,2,3,4,2	7.475668	0.241950	0.049116	0.119988	0.167129	0.253134	0.168682	0.241950	0.049116	0.119988	0.167129	0.253134	0.168682	0.242438	0.169763	0.114505	0.129502	0.278714	0.065078	0.214179	0.125638	0.354990	0.144708	0.016840	0.143646	0.049005	0.286472	0.333884	0.052284	0.141643	0.136712	0.242438	0.169763	0.114505	0.129502	0.278714	0.065078	1,2,2,2,2,2	0.035831	0.530523	0.916037	0.916037	0.916037	0.916037	0.916037	
4000	-116085	1,2,3,2,1,1	1.014169	6.303758	5.314081	5.977899	5.314081	6.303758	6.303758	1,1,1,1,1,1	0.137655	0.014188	0.537719	0.125355	0.322739	0.014188	0.537719	0.125355	0.322739	0.014188	0.537719	0.125355	0.322739	0.014188	0.537719	0.125355	0.322739	0.014188	0.537719	0.125355	0.322739	0.014188	0.537719	0.125355	0.322739	1,1,2,3,4,5	1.436247	0.050762	0.197900	0.403478	0.151096	0.161699	0.035064	0.050762	0.197900	0.403478	0.151096	0.161699	0.035064	0.062775	0.036896	0.595772	0.052318	0.194823	0.057417	0.099603	0.206536	0.400162	0.153981	0.006601	0.133117	0.068868	0.025964	0.488979	0.060030	0.240685	0.115473	0.297969	0.443048	0.000863	0.053449	0.160635	0.044037	1,1,1,1,1,1	0.000349	0.913000	0.913000	0.913000	0.913000	0.913000	0.913000	
5000	-115575	1,2,3,2,4,1	3.585625	6.126312	5.411258	5.512180	5.411258	5.749711	6.126312	1,1,1,1,1,1	0.000000	0.013214	0.497674	0.127197	0.361915	0.013214	0.497674	0.127197	0.361915	0.013214	0.497674	0.127197	0.361915	0.013214	0.497674	0.127197	0.361915	0.013214	0.497674	0.127197	0.361915	0.013214	0.497674	0.127197	0.361915	1,2,1,3,4,2	0.710772	0.170988	0.218094	0.110576	0.185751	0.271439	0.043152	0.491339	0.045917	0.173371	0.090232	0.144023	0.055118	0.170988	0.218094	0.110576	0.185751	0.271439	0.043152	0.043263	0.348391	0.373504	0.114057	0.031040	0.089745	0.097176	0.111292	0.300046	0.081001	0.180484	0.230001	0.491339	0.045917	0.173371	0.090232	0.144023	0.055118	1,1,1,1,1,1	0.000000	0.812576	0.812576	0.812576	0.812576	0.812576	0.812576	
6000	-116248	1,2,3,2,1,1	10.856315	6.017353	5.134091	6.036910	5.134091	6.017353	6.017353	1,1,1,1,1,1	0.000000	0.011971	0.502993	0.132493	0.352543	0.011971	0.502993	0.132493	0.352543	0.011971	0.502993	0.132493	0.352543	0.011971	0.502993	0.132493	0.352543	0.011971	0.502993	0.132493	0.352543	0.011971	0.502993	0.132493	0.352543	1,1,1,2,3,1	1.328402	0.474807	0.212118	0.080950	0.079490	0.110855	0.041780	0.474807	0.212118	0.080950	0.079490	0.110855	0.041780	0.474807	0.212118	0.080950	0.079490	0.110855	0.041780	0.388585	0.074231	0.045553	0.267265	0.045561	0.178805	0.045343	0.373596	0.027563	0.050009	0.251863	0.251626	0.474807	0.212118	0.080950	0.079490	0.110855	0.041780	1,1,1,1,1,1	0.000000	0.925638	0.925638	0.925638	0.925638	0.925638	0.925638	
7000	-115549	1,2,3,4,5,5	10.847907	6.205921	5.379733	5.893374	5.886078	6.054524	6.054524	1,1,1,1,1,1	0.000000	0.017124	0.516191	0.128406	0.338278	0.017124	0.516191	0.128406	0.338278	0.017124	0.516191	0.128406	0.338278	0.017124	0.516191	0.128406	0.338278	0.017124	0.516191	0.128406	0.338278	0.017124	0.516191	0.128406	0.338278	1,2,3,4,5,2	6.712864	0.155855	0.156512	0.053934	0.315806	0.203690	0.114203	0.463068	0.024238	0.097540	0.100988	0.204011	0.110155	0.115437	0.008417	0.031358	0.239599	0.547023	0.058166	0.008510	0.118928	0.177550	0.251731	0.044927	0.398353	0.356891	0.305102	0.098452	0.039112	0.103759	0.096684	0.463068	0.024238	0.097540	0.100988	0.204011	0.110155	1,2,2,2,2,2	0.176569	0.601706	0.953414	0.953414	0.953414	0.953414	0.953414	
8000	-116017	1,2,2,3,1,1	1.629804	6.179778	5.535717	5.535717	4.993739	6.179778	6.179778	1,1,1,1,1,1	0.000000	0.018632	0.525834	0.115012	0.340521	0.018632	0.525834	0.115012	0.340521	0.018632	0.525834	0.115012	0.340521	0.018632	0.525834	0.115012	0.340521	0.018632	0.525834	0.115012	0.340521	0.018632	0.525834	0.115012	0.340521	1,2,1,3,4,2	5.640465	0.031237	0.121964	0.083634	0.276540	0.428445	0.058178	0.236805	0.130415	0.185606	0.117945	0.224904	0.104324	0.031237	0.121964	0.083634	0.276540	0.428445	0.058178	0.123362	0.142622	0.132228	0.318658	0.076954	0.206176	0.006065	0.231031	0.060326	0.063830	0.237993	0.400755	0.236805	0.130415	0.185606	0.117945	0.224904	0.104324	1,1,1,1,1,1	0.000000	0.859155	0.859155	0.859155	0.859155	0.859155	0.859155	
9000	-115498	1,2,3,2,4,5	3.570380	6.524800	5.314728	5.785902	5.314728	6.174066	6.292258	1,1,1,1,1,1	0.000000	0.017859	0.534044	0.120989	0.327107	0.017859	0.534044	0.120989	0.327107	0.017859	0.534044	0.120989	0.327107	0.017859	0.534044	0.120989	0.327107	0.017859	0.534044	0.120989	0.327107	0.017859	0.534044	0.120989	0.327107	1,2,1,3,4,5	3.171799	0.087976	0.166681	0.147725	0.257677	0.335568	0.004373	0.222423	0.275813	0.160359	0.092167	0.120255	0.128983	0.087976	0.166681	0.147725	0.257677	0.335568	0.004373	0.132031	0.182302	0.269383	0.192512	0.027020	0.196752	0.131788	0.089765	0.199577	0.033919	0.147067	0.397885	0.306664	0.057843	0.021894	0.134573	0.332790	0.146236	1,1,1,1,1,1	0.000000	0.875993	0.875993	0.875993	0.875993	0.875993	0.875993	
10000	-115548	1,2,3,4,3,1	5.235729	6.150757	5.230420	6.080180	5.973522	6.080180	6.150757	1,1,1,1,1,1	0.000000	0.014057	0.535340	0.116610	0.333992	0.014057	0.535340	0.116610	0.333992	0.014057	0.535340	0.116610	0.333992	0.014057	0.535340	0.116610	0.333992	0.014057	0.535340	0.116610	0.333992	0.014057	0.535340	0.116610	0.333992	1,2,1,3,4,5	5.358439	0.091019	0.233804	0.072566	0.197264	0.308390	0.096957	0.355817	0.287385	0.162112	0.072223	0.052854	0.069608	0.091019	0.233804	0.072566	0.197264	0.308390	0.096957	0.031862	0.145095	0.512561	0.104660	0.012890	0.192933	0.114106	0.273113	0.459997	0.038249	0.077653	0.036882	0.209881	0.000857	0.341350	0.074714	0.306063	0.067134	1,1,1,1,1,1	0.000000	0.875362	0.875362	0.875362	0.875362	0.875362	0.875362	
11000	-115673	1,2,1,2,1,3	2.774496	5.619640	4.826688	5.619640	4.826688	5.619640	5.822794	1,1,1,1,1,1	0.000000	0.013054	0.526114	0.102417	0.358415	0.013054	0.526114	0.102417	0.358415	0.013054	0.526114	0.102417	0.358415	0.013054	0.526114	0.102417	0.358415	0.013054	0.526114	0.102417	0.358415	0.013054	0.526114	0.102417	0.358415	1,2,1,3,4,5	14.026687	0.076141	0.228342	0.197776	0.207693	0.198011	0.092036	0.332847	0.157496	0.126181	0.172901	0.126080	0.084495	0.076141	0.228342	0.197776	0.207693	0.198011	0.092036	0.218068	0.358881	0.052748	0.133180	0.040600	0.196523	0.056302	0.027768	0.353447	0.077361	0.219881	0.265240	0.357812	0.032887	0.274305	0.077190	0.172463	0.085343	1,2,2,2,2,2	1.186425	0.564929	0.942891	0.942891	0.942891	0.942891	0.942891	
12000	-115527	1,2,1,3,1,4	1.424973	5.858193	5.588994	5.858193	5.130429	5.858193	6.356427	1,1,1,1,1,1	0.000000	0.016645	0.548041	0.101259	0.334055	0.016645	0.548041	0.101259	0.334055	0.016645	0.548041	0.101259	0.334055	0.016645	0.548041	0.101259	0.334055	0.016645	0.548041	0.101259	0.334055	0.016645	0.548041	0.101259	0.334055	1,2,3,4,5,3	1.126101	0.125104	0.081760	0.329150	0.245499	0.158537	0.059950	0.474251	0.085722	0.246549	0.074638	0.080794	0.038046	0.364652	0.134156	0.129116	0.067310	0.222813	0.081952	0.132872	0.083657	0.028411	0.330217	0.035853	0.388990	0.214295	0.050821	0.041942	0.096248	0.217828	0.378867	0.364652	0.134156	0.129116	0.067310	0.222813	0.081952	1,1,1,1,1,1	0.000000	0.826943	0.826943	0.826943	0.826943	0.826943	0.826943	
13000	-116228	1,2,3,4,1,5	8.117083	6.261998	5.438962	5.733700	5.232190	6.261998	5.964587	1,1,1,1,1,1	0.000000	0.014562	0.553387	0.117874	0.314177	0.014562	0.553387	0.117874	0.314177	0.014562	0.553387	0.117874	0.314177	0.014562	0.553387	0.117874	0.314177	0.014562	0.553387	0.117874	0.314177	0.014562	0.553387	0.117874	0.314177	1,2,1,3,4,2	3.871216	0.061604	0.175875	0.092962	0.155418	0.470879	0.043262	0.342930	0.113773	0.139810	0.074430	0.176996	0.152061	0.061604	0.175875	0.092962	0.155418	0.470879	0.043262	0.013079	0.218470	0.296722	0.251517	0.078687	0.141525	0.061396	0.074038	0.111301	0.031432	0.360850	0.360984	0.342930	0.113773	0.139810	0.074430	0.176996	0.152061	1,2,2,2,2,2	2.012968	0.602035	0.966591	0.966591	0.966591	0.966591	0.966591	
14000	-116203	1,2,3,4,3,3	1.156935	5.755227	5.803707	6.083024	5.120878	6.083024	6.083024	1,1,1,1,1,1	0.000000	0.016459	0.502770	0.125496	0.355275	0.016459	0.502770	0.125496	0.355275	0.016459	0.502770	0.125496	0.355275	0.016459	0.502770	0.125496	0.355275	0.016459	0.502770	0.125496	0.355275	0.016459	0.502770	0.125496	0.355275	1,2,3,4,5,6	0.964361	0.031320	0.192496	0.256201	0.190480	0.241775	0.087728	0.172286	0.053382	0.545100	0.138568	0.065058	0.025607	0.017805	0.322925	0.184545	0.134219	0.331933	0.008573	0.371637	0.011245	0.252404	0.150488	0.061214	0.153013	0.058072	0.084076	0.088774	0.064245	0.285039	0.419794	0.189453	0.424861	0.038352	0.122965	0.162527	0.061842	1,2,2,2,2,2	0.762996	0.588994	0.989599	0.989599	0.989599	0.989599	0.989599	
15000	-116012	1,2,3,2,4,1	1.744413	6.206465	5.192695	6.170607	5.192695	6.193879	6.206465	1,1,1,1,1,1	0.005676	0.014687	0.514852	0.128057	0.342404	0.014687	0.514852	0.128057	0.342404	0.014687	0.514852	0.128057	0.342404	0.014687	0.514852	0.128057	0.342404	0.014687	0.514852	0.128057	0.342404	0.014687	0.514852	0.128057	0.342404	1,2,1,3,4,2	0.384976	0.023525	0.152075	0.244556	0.193802	0.313911	0.072131	0.225291	0.217893	0.036242	0.184355	0.178732	0.157487	0.023525	0.152075	0.244556	0.193802	0.313911	0.072131	0.094178	0.239192	0.217717	0.209899	0.053823	0.185190	0.341267	0.083316	0.021645	0.009251	0.223667	0.320854	0.225291	0.217893	0.036242	0.184355	0.178732	0.157487	1,1,1,1,1,1	0.000000	0.824825	0.824825	0.824825	0.824825	0.824825	0.824825	
16000	-115503	1,2,3,4,5,6	12.512774	5.939288	5.332785	6.414403	5.381461	5.999715	5.684170	1,1,1,1,1,1	0.000000	0.016201	0.515832	0.115708	0.352260	0.016201	0.515832	0.115708	0.352260	0.016201	0.515832	0.115708	0.352260	0.016201	0.515832	0.115708	0.352260	0.016201	0.515832	0.115708	0.352260	0.016201	0.515832	0.115708	0.352260	1,2,1,3,4,2	12.716999	0.134005	0.177961	0.106226	0.176975	0.263660	0.141173	0.275409	0.197059	0.108308	0.133143	0.163253	0.122830	0.134005	0.177961	0.106226	0.176975	0.263660	0.141173	0.061835	0.176555	0.215534	0.222454	0.038674	0.284948	0.036428	0.106096	0.174764	0.036937	0.389300	0.256474	0.275409	0.197059	0.108308	0.133143	0.163253	0.122830	1,1,1,1,1,1	0.000000	0.876712	0.876712	0.876712	0.876712	0.876712	0.876712	
17000	-115492	1,1,1,1,1,1	0.056330	5.724605	5.724605	5.724605	5.724605	5.724605	5.724605	1,1,1,1,1,1	0.000000	0.015524	0.532660	0.112230	0.339587	0.015524	0.532660	0.112230	0.339587	0.015524	0.532660	0.112230	0.339587	0.015524	0.532660	0.112230	0.339587	0.015524	0.532660	0.112230	0.339587	0.015524	0.532660	0.112230	0.339587	1,2,3,4,5,2	10.779708	0.043779	0.189506	0.338769	0.211334	0.175729	0.040882	0.315985	0.317400	0.097969	0.074339	0.110580	0.083727	0.027995	0.378216	0.181546	0.063787	0.324577	0.023878	0.091094	0.367554	0.046315	0.111859	0.024454	0.358724	0.059317	0.522530	0.014520	0.015151	0.134508	0.253974	0.315985	0.317400	0.097969	0.074339	0.110580	0.083727	1,2,2,2,2,2	2.340206	0.512833	0.944510	0.944510	0.944510	0.944510	0.944510	
18000	-115539	1,2,3,3,4,3	4.309862	6.135165	5.355689	5.790831	5.790831	6.301458	5.790831	1,1,1,1,1,1	0.027531	0.016977	0.517592	0.118736	0.346695	0.016977	0.517592	0.118736	0.346695	0.016977	0.517592	0.118736	0.346695	0.016977	0.517592	0.118736	0.346695	0.016977	0.517592	0.118736	0.346695	0.016977	0.517592	0.118736	0.346695	1,2,1,3,4,2	9.698403	0.022901	0.295267	0.195475	0.137117	0.288484	0.060756	0.273612	0.298750	0.053777	0.169172	0.141739	0.062951	0.022901	0.295267	0.195475	0.137117	0.288484	0.060756	0.109187	0.335232	0.070382	0.281976	0.007165	0.196057	0.231657	0.081266	0.119100	0.004414	0.243353	0.320210	0.273612	0.298750	0.053777	0.169172	0.141739	0.062951	1,2,2,2,2,2	0.036465	0.608114	0.924120	0.924120	0.924120	0.924120	0.924120	
19000	-115299	1,1,1,1,1,1	0.000000	5.646392	5.646392	5.646392	5.646392	5.646392	5.646392	1,1,1,1,1,1	0.000000	0.014920	0.529163	0.130724	0.325193	0.014920	0.529163	0.130724	0.325193	0.014920	0.529163	0.130724	0.325193	0.014920	0.529163	0.130724	0.325193	0.014920	0.529163	0.130724	0.325193	0.014920	0.529163	0.130724	0.325193	1,2,1,3,4,1	2.260073	0.087015	0.153476	0.114351	0.200894	0.360962	0.083303	0.316485	0.404009	0.110972	0.066395	0.053945	0.048194	0.087015	0.153476	0.114351	0.200894	0.360962	0.083303	0.019339	0.246301	0.180488	0.155311	0.039630	0.358931	0.064794	0.036660	0.133594	0.042018	0.340432	0.382503	0.087015	0.153476	0.114351	0.200894	0.360962	0.083303	1,2,2,2,2,2	1.175731	0.690265	0.878386	0.878386	0.878386	0.878386	0.878386	
20000	-115260	1,2,1,1,1,3	0.456012	5.835411	5.983154	5.835411	5.835411	5.835411	6.087793	1,1,1,1,1,1	0.000000	0.017215	0.532649	0.122457	0.327679	0.017215	0.532649	0.122457	0.327679	0.017215	0.532649	0.122457	0.327679	0.017215	0.532649	0.122457	0.327679	0.017215	0.532649	0.122457	0.327679	0.017215	0.532649	0.122457	0.327679	1,2,1,3,4,2	2.647615	0.040433	0.400808	0.102916	0.187553	0.229251	0.039040	0.612368	0.127670	0.059304	0.047813	0.103378	0.049467	0.040433	0.400808	0.102916	0.187553	0.229251	0.039040	0.006397	0.090792	0.102195	0.440653	0.001541	0.358423	0.132731	0.038152	0.094523	0.017000	0.370184	0.347409	0.612368	0.127670	0.059304	0.047813	0.103378	0.049467	1,2,3,1,3,2	3.455816	0.799364	0.906165	0.919078	0.799364	0.919078	0.906165	
21000	-116279	1,2,1,2,1,1	0.368159	6.058576	5.041649	6.058576	5.041649	6.058576	6.058576	1,1,1,1,1,1	0.000000	0.018087	0.493049	0.135960	0.352904	0.018087	0.493049	0.135960	0.352904	0.018087	0.493049	0.135960	0.352904	0.018087	0.493049	0.135960	0.352904	0.018087	0.493049	0.135960	0.352904	0.018087	0.493049	0.135960	0.352904	1,2,3,4,5,5	36.055652	0.098149	0.000869	0.148028	0.273194	0.371526	0.108233	0.203285	0.450921	0.146055	0.051521	0.044615	0.103602	0.053138	0.075918	0.279220	0.236637	0.285550	0.069536	0.198836	0.093372	0.208917	0.368728	0.036644	0.093504	0.241453	0.033579	0.220775	0.082123	0.253236	0.168834	0.241453	0.033579	0.220775	0.082123	0.253236	0.168834	1,1,1,1,1,1	0.000000	0.902029	0.902029	0.902029	0.902029	0.902029	0.902029	
22000	-115589	1,1,1,1,1,1	0.000000	5.810652	5.810652	5.810652	5.810652	5.810652	5.810652	1,1,1,1,1,1	0.000000	0.011755	0.532405	0.099825	0.356016	0.011755	0.532405	0.099825	0.356016	0.011755	0.532405	0.099825	0.356016	0.011755	0.532405	0.099825	0.356016	0.011755	0.532405	0.099825	0.356016	0.011755	0.532405	0.099825	0.356016	1,2,3,4,5,5	11.453139	0.145962	0.280968	0.036418	0.215309	0.191254	0.130089	0.545405	0.001880	0.101327	0.163228	0.146097	0.042062	0.066726	0.323445	0.190924	0.081360	0.308356	0.029189	0.086898	0.090056	0.107878	0.419070	0.014920	0.281178	0.240521	0.075131	0.202983	0.131441	0.210950	0.138974	0.240521	0.075131	0.202983	0.131441	0.210950	0.138974	1,1,1,1,1,1	0.000000	0.917022	0.917022	0.917022	0.917022	0.917022	0.917022	
23000	-115932	1,2,3,4,5,6	33.999032	6.183990	6.894058	5.657480	5.390769	6.081358	6.692946	1,1,1,1,1,1	0.000000	0.019369	0.515146	0.129060	0.336426	0.019369	0.515146	0.129060	0.336426	0.019369	0.515146	0.129060	0.336426	0.019369	0.515146	0.129060	0.336426	0.019369	0.515146	0.129060	0.336426	0.019369	0.515146	0.129060	0.336426	1,2,1,3,4,1	11.337664	0.105078	0.203570	0.140513	0.153706	0.317257	0.079877	0.436855	0.063250	0.390982	0.063128	0.029711	0.016075	0.105078	0.203570	0.140513	0.153706	0.317257	0.079877	0.038519	0.219341	0.043134	0.151092	0.049731	0.498183	0.036918	0.416624	0.075129	0.127355	0.213232	0.130742	0.105078	0.203570	0.140513	0.153706	0.317257	0.079877	1,2,2,2,2,2	0.024002	0.552930	0.932630	0.932630	0.932630	0.932630	0.932630	
24000	-116956	1,1,1,1,1,1	0.000000	6.024213	6.024213	6.024213	6.024213	6.024213	6.024213	1,1,1,1,1,1	0.000000	0.019665	0.527840	0.117326	0.335169	0.019665	0.527840	0.117326	0.335169	0.019665	0.527840	0.117326	0.335169	0.019665	0.527840	0.117326	0.335169	0.019665	0.527840	0.117326	0.335169	0.019665	0.527840	0.117326	0.335169	1,2,3,4,5,3	4.563102	0.040533	0.021447	0.339173	0.378028	0.203183	0.017637	0.351112	0.134079	0.119907	0.128239	0.117269	0.149394	0.156997	0.190651	0.060879	0.150969	0.355696	0.084808	0.451859	0.156778	0.069814	0.063855	0.074131	0.183561	0.111987	0.466122	0.107847	0.017258	0.138821	0.157966	0.156997	0.190651	0.060879	0.150969	0.355696	0.084808	1,2,2,2,2,2	3.917119	0.603241	0.902952	0.902952	0.902952	0.902952	0.902952	
25000	-115497	1,2,3,4,3,5	7.109459	6.270298	5.780125	5.927873	5.157645	5.927873	6.170726	1,1,1,1,1,1	0.000000	0.017674	0.529764	0.121861	0.330702	0.017674	0.529764	0.121861	0.330702	0.017674	0.529764	0.121861	0.330702	0.017674	0.529764	0.121861	0.330702	0.017674	0.529764	0.121861	0.330702	0.017674	0.529764	0.121861	0.330702	1,2,1,3,4,2	11.516003	0.023472	0.086087	0.244916	0.182527	0.268452	0.194546	0.458233	0.034136	0.050814	0.168003	0.168177	0.120637	0.023472	0.086087	0.244916	0.182527	0.268452	0.194546	0.110346	0.107966	0.139332	0.280121	0.016327	0.345908	0.118773	0.118535	0.023352	0.043508	0.379134	0.316699	0.458233	0.034136	0.050814	0.168003	0.168177	0.120637	1,2,2,2,2,2	0.220662	0.691121	0.922432	0.922432	0.922432	0.922432	0.922432	
26000	-115989	1,2,2,3,4,3	2.296613	5.750403	5.492269	5.492269	6.129580	5.836120	6.129580	1,1,1,1,1,1	0.000000	0.018598	0.543384	0.120038	0.317981	0.018598	0.543384	0.120038	0.317981	0.018598	0.543384	0.120038	0.317981	0.018598	0.543384	0.120038	0.317981	0.018598	0.543384	0.120038	0.317981	0.018598	0.543384	0.120038	0.317981	1,1,2,3,4,1	8.765433	0.192632	0.238219	0.119733	0.158570	0.195063	0.095783	0.192632	0.238219	0.119733	0.158570	0.195063	0.095783	0.181987	0.056515	0.039405	0.248807	0.377387	0.095899	0.123145	0.381567	0.148755	0.064641	0.011189	0.270703	0.011767	0.392187	0.219671	0.078026	0.199547	0.098803	0.192632	0.238219	0.119733	0.158570	0.195063	0.095783	1,1,1,1,1,1	0.000000	0.849154	0.849154	0.849154	0.849154	0.849154	0.849154	
27000	-115783	1,2,2,3,1,1	0.089981	6.081121	5.659750	5.659750	5.343045	6.081121	6.081121	1,1,2,1,2,2	0.079520	0.015609	0.527630	0.171601	0.285161	0.015609	0.527630	0.171601	0.285161	0.014409	0.518932	0.120694	0.345965	0.015609	0.527630	0.171601	0.285161	0.014409	0.518932	0.120694	0.345965	0.014409	0.518932	0.120694	0.345965	1,2,1,3,4,2	6.590769	0.199693	0.105752	0.129756	0.128381	0.376603	0.059815	0.378336	0.349158	0.058174	0.057746	0.107952	0.048634	0.199693	0.105752	0.129756	0.128381	0.376603	0.059815	0.453880	0.190144	0.101711	0.115741	0.022066	0.116459	0.188696	0.025467	0.063567	0.169393	0.264953	0.287925	0.378336	0.349158	0.058174	0.057746	0.107952	0.048634	1,2,2,2,2,2	0.505250	0.660876	0.928245	0.928245	0.928245	0.928245	0.928245	
28000	-115430	1,1,1,1,1,1	0.000000	5.483469	5.483469	5.483469	5.483469	5.483469	5.483469	1,1,1,1,1,1	0.000000	0.017709	0.509739	0.125019	0.347533	0.017709	0.509739	0.125019	0.347533	0.017709	0.509739	0.125019	0.347533	0.017709	0.509739	0.125019	0.347533	0.017709	0.509739	0.125019	0.347533	0.017709	0.509739	0.125019	0.347533	1,2,3,4,5,6	11.619850	0.018448	0.019946	0.381574	0.183553	0.283705	0.112774	0.278225	0.018605	0.163411	0.199884	0.210540	0.129335	0.345217	0.054902	0.019668	0.200792	0.347753	0.031669	0.051800	0.195333	0.108052	0.238463	0.030371	0.375981	0.206889	0.052441	0.305039	0.109444	0.216384	0.109803	0.490582	0.024204	0.011374	0.166503	0.233513	0.073823	1,2,2,2,2,2	0.958086	0.731394	0.889965	0.889965	0.889965	0.889965	0.889965	
29000	-115758	1,2,3,1,1,1	1.059516	6.134060	5.799099	5.607574	6.134060	6.134060	6.134060	1,1,1,1,1,1	0.000000	0.012650	0.474283	0.152055	0.361012	0.012650	0.474283	0.152055	0.361012	0.012650	0.474283	0.152055	0.361012	0.012650	0.474283	0.152055	0.361012	0.012650	0.474283	0.152055	0.361012	0.012650	0.474283	0.152055	0.361012	1,2,3,4,5,2	6.035968	0.115779	0.043515	0.174157	0.318088	0.311086	0.037374	0.706235	0.063989	0.036565	0.031633	0.099918	0.061660	0.114358	0.090681	0.345655	0.123856	0.311510	0.013940	0.042240	0.137984	0.025667	0.173696	0.049742	0.570670	0.007373	0.229136	0.250302	0.039171	0.282556	0.191462	0.706235	0.063989	0.036565	0.031633	0.099918	0.061660	1,1,1,1,1,1	0.000000	0.811660	0.811660	0.811660	0.811660	0.811660	0.811660	
30000	-116591	1,2,3,2,4,5	7.796409	6.040864	5.127063	5.817621	5.127063	6.392128	5.962600	1,1,1,1,1,1	0.000000	0.017178	0.520565	0.127377	0.334880	0.017178	0.520565	0.127377	0.334880	0.017178	0.520565	0.127377	0.334880	0.017178	0.520565	0.127377	0.334880	0.017178	0.520565	0.127377	0.334880	0.017178	0.520565	0.127377	0.334880	1,2,3,2,4,1	8.388730	0.199550	0.255476	0.159436	0.152468	0.203830	0.029240	0.357105	0.056379	0.067921	0.235935	0.106488	0.176172	0.025558	0.661351	0.036131	0.091515	0.179677	0.005769	0.357105	0.056379	0.067921	0.235935	0.106488	0.176172	0.300909	0.002166	0.217807	0.039890	0.268485	0.170742	0.199550	0.255476	0.159436	0.152468	0.203830	0.029240	1,2,2,2,2,2	2.620612	0.545070	0.935019	0.935019	0.935019	0.935019	0.935019	
31000	-115703	1,1,1,2,1,1	0.351403	5.709511	5.709511	5.709511	6.419174	5.709511	5.709511	1,1,1,1,1,1	0.000000	0.014939	0.557469	0.126158	0.301434	0.014939	0.557469	0.126158	0.301434	0.014939	0.557469	0.126158	0.301434	0.014939	0.557469	0.126158	0.301434	0.014939	0.557469	0.126158	0.301434	0.014939	0.557469	0.126158	0.301434	1,2,1,3,4,5	7.450460	0.042321	0.025829	0.139839	0.287577	0.372341	0.132093	0.224132	0.144168	0.373087	0.112423	0.076295	0.069895	0.042321	0.025829	0.139839	0.287577	0.372341	0.132093	0.059979	0.294528	0.230233	0.217095	0.000740	0.197424	0.042295	0.069563	0.323354	0.096164	0.147495	0.321128	0.176793	0.058566	0.143376	0.094408	0.224239	0.302618	1,2,2,1,2,2	0.388791	0.682314	0.924317	0.924317	0.682314	0.924317	0.924317	
32000	-115417	1,2,3,4,5,6	13.625886	5.984726	5.369405	5.535896	5.948110	5.830652	6.027165	1,1,1,1,1,1	0.000000	0.012588	0.519253	0.117082	0.351078	0.012588	0.519253	0.117082	0.351078	0.012588	0.519253	0.117082	0.351078	0.012588	0.519253	0.117082	0.351078	0.012588	0.519253	0.117082	0.351078	0.012588	0.519253	0.117082	0.351078	1,2,3,4,5,6	4.152200	0.162719	0.073122	0.168666	0.209548	0.297609	0.088335	0.320073	0.253373	0.130051	0.070409	0.083684	0.142410	0.083366	0.218817	0.259590	0.182484	0.224974	0.030769	0.280446	0.262720	0.228275	0.141780	0.006421	0.080359	0.178357	0.031936	0.086120	0.097892	0.294870	0.310826	0.348595	0.164339	0.161386	0.080799	0.171460	0.073422	1,2,2,2,2,2	0.607222	0.604016	0.908297	0.908297	0.908297	0.908297	0.908297	
33000	-115316	1,1,1,1,1,1	0.000000	6.180061	6.180061	6.180061	6.180061	6.180061	6.180061	1,1,1,1,1,1	0.000000	0.014787	0.520841	0.136292	0.328080	0.014787	0.520841	0.136292	0.328080	0.014787	0.520841	0.136292	0.328080	0.014787	0.520841	0.136292	0.328080	0.014787	0.520841	0.136292	0.328080	0.014787	0.520841	0.136292	0.328080	1,2,3,4,5,6	7.066623	0.053947	0.198483	0.340398	0.154727	0.211425	0.041021	0.500411	0.189539	0.108557	0.054249	0.080397	0.066846	0.117889	0.283515	0.046017	0.061727	0.443531	0.047320	0.088157	0.596634	0.025542	0.079452	0.005476	0.204740	0.151765	0.027577	0.118103	0.179118	0.257621	0.265816	0.286393	0.317146	0.101138	0.052103	0.187844	0.055375	1,2,2,2,2,2	0.432660	0.703215	0.902333	0.902333	0.902333	0.902333	0.902333	
34000	-115931	1,1,1,1,1,1	0.000000	5.823544	5.823544	5.823544	5.823544	5.823544	5.823544	1,1,1,2,1,1	0.767711	0.018751	0.516436	0.125602	0.339211	0.018751	0.516436	0.125602	0.339211	0.018751	0.516436	0.125602	0.339211	0.045145	0.455926	0.282151	0.216777	0.018751	0.516436	0.125602	0.339211	0.018751	0.516436	0.125602	0.339211	1,2,1,3,4,2	5.829345	0.010945	0.132030	0.341355	0.213202	0.300473	0.001995	0.560610	0.083425	0.001278	0.098860	0.154795	0.101033	0.010945	0.132030	0.341355	0.213202	0.300473	0.001995	0.034873	0.211807	0.188028	0.240748	0.095440	0.229103	0.278304	0.051070	0.257147	0.071124	0.157853	0.184502	0.560610	0.083425	0.001278	0.098860	0.154795	0.101033	1,1,1,1,1,1	0.000000	0.858154	0.858154	0.858154	0.858154	0.858154	0.858154	
35000	-115739	1,2,1,2,1,1	0.867324	5.851470	5.182041	5.851470	5.182041	5.851470	5.851470	1,1,1,1,1,1	0.000000	0.008166	0.509727	0.097973	0.384134	0.008166	0.509727	0.097973	0.384134	0.008166	0.509727	0.097973	0.384134	0.008166	0.509727	0.097973	0.384134	0.008166	0.509727	0.097973	0.384134	0.008166	0.509727	0.097973	0.384134	1,2,1,3,4,5	1.544808	0.098481	0.109525	0.195365	0.285525	0.242808	0.068295	0.265703	0.164831	0.127277	0.184061	0.088656	0.169473	0.098481	0.109525	0.195365	0.285525	0.242808	0.068295	0.090844	0.190007	0.195054	0.171255	0.010305	0.342535	0.114530	0.161346	0.030116	0.105424	0.285075	0.303510	0.198404	0.102057	0.250686	0.075832	0.152119	0.220902	1,1,1,1,1,1	0.000000	0.813668	0.813668	0.813668	0.813668	0.813668	0.813668	
36000	-115436	1,1,1,1,1,1	0.000019	5.934172	5.934172	5.934172	5.934172	5.934172	5.934172	1,1,1,1,1,1	0.000000	0.017993	0.522947	0.116757	0.342303	0.017993	0.522947	0.116757	0.342303	0.017993	0.522947	0.116757	0.342303	0.017993	0.522947	0.116757	0.342303	0.017993	0.522947	0.116757	0.342303	0.017993	0.522947	0.116757	0.342303	1,2,1,3,4,5	4.518607	0.092333	0.285287	0.090401	0.237121	0.249846	0.045012	0.500563	0.146188	0.043210	0.187536	0.051670	0.070832	0.092333	0.285287	0.090401	0.237121	0.249846	0.045012	0.060840	0.358044	0.013769	0.147787	0.014121	0.405439	0.095592	0.202078	0.301537	0.032765	0.184221	0.183805	0.198094	0.417597	0.093728	0.054594	0.180806	0.055181	1,2,2,2,2,2	0.234629	0.788603	0.900086	0.900086	0.900086	0.900086	0.900086	
37000	-116044	1,2,2,3,4,1	3.544740	5.890125	5.454962	5.454962	5.065987	6.682506	5.890125	1,1,1,1,1,1	0.000013	0.015865	0.496332	0.138344	0.349460	0.015865	0.496332	0.138344	0.349460	0.015865	0.496332	0.138344	0.349460	0.015865	0.496332	0.138344	0.349460	0.015865	0.496332	0.138344	0.349460	0.015865	0.496332	0.138344	0.349460	1,2,3,4,2,2	2.935427	0.083113	0.054010	0.315715	0.258224	0.284441	0.004497	0.208446	0.128915	0.095608	0.147518	0.303476	0.116038	0.133377	0.211443	0.157723	0.110460	0.326939	0.060058	0.058843	0.054901	0.537768	0.128532	0.028501	0.191455	0.208446	0.128915	0.095608	0.147518	0.303476	0.116038	0.208446	0.128915	0.095608	0.147518	0.303476	0.116038	1,1,1,1,1,1	0.000389	0.859636	0.859636	0.859636	0.859636	0.859636	0.859636	
38000	-115961	1,1,2,1,2,2	0.179815	5.584718	5.584718	6.101921	5.584718	6.101921	6.101921	1,1,1,1,1,1	0.000002	0.017107	0.540835	0.114396	0.327663	0.017107	0.540835	0.114396	0.327663	0.017107	0.540835	0.114396	0.327663	0.017107	0.540835	0.114396	0.327663	0.017107	0.540835	0.114396	0.327663	0.017107	0.540835	0.114396	0.327663	1,2,3,4,5,2	3.581974	0.140219	0.182827	0.097897	0.193853	0.238464	0.146739	0.312345	0.257475	0.035467	0.080963	0.191449	0.122301	0.054858	0.111343	0.092244	0.180678	0.493341	0.067536	0.163677	0.029880	0.424216	0.239769	0.040392	0.102066	0.177865	0.205656	0.173553	0.023377	0.213970	0.205578	0.312345	0.257475	0.035467	0.080963	0.191449	0.122301	1,2,2,3,2,2	1.926156	0.506792	0.972674	0.972674	0.853031	0.972674	0.972674	
39000	-116228	1,2,2,2,1,1	0.155361	6.120308	5.337193	5.337193	5.337193	6.120308	6.120308	1,1,1,1,1,1	0.000000	0.012522	0.539377	0.111447	0.336655	0.012522	0.539377	0.111447	0.336655	0.012522	0.539377	0.111447	0.336655	0.012522	0.539377	0.111447	0.336655	0.012522	0.539377	0.111447	0.336655	0.012522	0.539377	0.111447	0.336655	1,2,1,3,4,5	1.725988	0.173674	0.248225	0.119634	0.195057	0.238511	0.024900	0.138446	0.145528	0.341903	0.125072	0.079718	0.169334	0.173674	0.248225	0.119634	0.195057	0.238511	0.024900	0.103585	0.015663	0.034048	0.244287	0.082096	0.520321	0.016794	0.163293	0.221233	0.031600	0.300937	0.266143	0.106832	0.272528	0.023622	0.112385	0.327512	0.157122	1,1,1,1,1,1	0.000000	0.840705	0.840705	0.840705	0.840705	0.840705	0.840705	
40000	-116677	1,2,3,4,5,1	5.314145	5.995350	5.505127	5.576228	4.810037	5.903195	5.995350	1,1,1,1,1,1	0.000000	0.012527	0.538592	0.112694	0.336187	0.012527	0.538592	0.112694	0.336187	0.012527	0.538592	0.112694	0.336187	0.012527	0.538592	0.112694	0.336187	0.012527	0.538592	0.112694	0.336187	0.012527	0.538592	0.112694	0.336187	1,2,3,4,2,2	0.967217	0.057731	0.103967	0.257336	0.221815	0.321574	0.037577	0.237330	0.236269	0.098202	0.126107	0.131775	0.170318	0.000547	0.420542	0.100775	0.179493	0.275232	0.023411	0.069340	0.128542	0.479816	0.067486	0.061339	0.193478	0.237330	0.236269	0.098202	0.126107	0.131775	0.170318	0.237330	0.236269	0.098202	0.126107	0.131775	0.170318	1,1,1,1,1,1	0.000000	0.881644	0.881644	0.881644	0.881644	0.881644	0.881644	
41000	-116016	1,2,2,2,1,1	2.237965	5.952452	5.586999	5.586999	5.586999	5.952452	5.952452	1,1,1,1,1,1	0.000000	0.013114	0.533959	0.122744	0.330183	0.013114	0.533959	0.122744	0.330183	0.013114	0.533959	0.122744	0.330183	0.013114	0.533959	0.122744	0.330183	0.013114	0.533959	0.122744	0.330183	0.013114	0.533959	0.122744	0.330183	1,2,3,4,5,2	7.152608	0.210475	0.131751	0.134557	0.169819	0.264052	0.089345	0.399117	0.085040	0.030847	0.180324	0.224891	0.079781	0.056525	0.135173	0.191936	0.153384	0.362004	0.100978	0.019668	0.060780	0.192735	0.281698	0.118562	0.326557	0.227547	0.176927	0.093808	0.083163	0.190033	0.228522	0.399117	0.085040	0.030847	0.180324	0.224891	0.079781	1,2,2,2,2,2	0.328474	0.671949	0.898192	0.898192	0.898192	0.898192	0.898192	
42000	-115577	1,1,2,3,4,4	2.186214	5.884201	5.884201	5.804719	5.044364	6.082491	6.082491	1,1,1,1,1,1	0.000001	0.015149	0.536997	0.101444	0.346410	0.015149	0.536997	0.101444	0.346410	0.015149	0.536997	0.101444	0.346410	0.015149	0.536997	0.101444	0.346410	0.015149	0.536997	0.101444	0.346410	0.015149	0.536997	0.101444	0.346410	1,2,1,3,4,2	6.090604	0.180593	0.178276	0.109481	0.153068	0.321481	0.057101	0.670077	0.060581	0.018159	0.088872	0.101301	0.061012	0.180593	0.178276	0.109481	0.153068	0.321481	0.057101	0.232029	0.172747	0.062926	0.126119	0.011589	0.394589	0.124009	0.166511	0.088626	0.052896	0.175014	0.392944	0.670077	0.060581	0.018159	0.088872	0.101301	0.061012	1,2,2,2,2,2	0.863738	0.752820	0.937179	0.937179	0.937179	0.937179	0.937179	
43000	-116474	1,1,1,1,1,1	0.000000	5.775221	5.775221	5.775221	5.775221	5.775221	5.775221	1,1,1,1,1,1	0.000000	0.021900	0.507000	0.130548	0.340551	0.021900	0.507000	0.130548	0.340551	0.021900	0.507000	0.130548	0.340551	0.021900	0.507000	0.130548	0.340551	0.021900	0.507000	0.130548	0.340551	0.021900	0.507000	0.130548	0.340551	1,2,1,3,2,2	3.595145	0.030792	0.085252	0.106004	0.290216	0.418953	0.068782	0.226774	0.115014	0.114242	0.115532	0.221973	0.206465	0.030792	0.085252	0.106004	0.290216	0.418953	0.068782	0.174141	0.052157	0.036951	0.449729	0.106064	0.180957	0.226774	0.115014	0.114242	0.115532	0.221973	0.206465	0.226774	0.115014	0.114242	0.115532	0.221973	0.206465	1,2,2,2,2,2	0.098844	0.677998	0.926183	0.926183	0.926183	0.926183	0.926183	
44000	-116361	1,1,1,1,1,1	0.000000	5.980245	5.980245	5.980245	5.980245	5.980245	5.980245	1,1,1,1,1,1	0.103751	0.015731	0.544628	0.105972	0.333669	0.015731	0.544628	0.105972	0.333669	0.015731	0.544628	0.105972	0.333669	0.015731	0.544628	0.105972	0.333669	0.015731	0.544628	0.105972	0.333669	0.015731	0.544628	0.105972	0.333669	1,2,1,3,4,5	4.675343	0.062576	0.102594	0.305188	0.141327	0.317533	0.070783	0.153544	0.016387	0.520478	0.132046	0.050286	0.127259	0.062576	0.102594	0.305188	0.141327	0.317533	0.070783	0.026977	0.087663	0.413851	0.058297	0.011787	0.401425	0.153851	0.155608	0.023178	0.087672	0.262508	0.317183	0.161599	0.045202	0.102662	0.106786	0.409571	0.174180	1,2,2,1,2,2	0.596197	0.703927	0.916934	0.916934	0.703927	0.916934	0.916934	
45000	-115759	1,1,1,1,1,1	0.000000	5.943705	5.943705	5.943705	5.943705	5.943705	5.943705	1,1,1,1,1,1	0.001863	0.022568	0.539520	0.124050	0.313862	0.022568	0.539520	0.124050	0.313862	0.022568	0.539520	0.124050	0.313862	0.022568	0.539520	0.124050	0.313862	0.022568	0.539520	0.124050	0.313862	0.022568	0.539520	0.124050	0.313862	1,2,1,3,4,2	2.002269	0.110942	0.018053	0.094765	0.197708	0.550554	0.027977	0.432876	0.218915	0.012622	0.080780	0.168245	0.086562	0.110942	0.018053	0.094765	0.197708	0.550554	0.027977	0.004086	0.053361	0.259856	0.356593	0.055739	0.270365	0.233836	0.281792	0.197149	0.018709	0.158144	0.110371	0.432876	0.218915	0.012622	0.080780	0.168245	0.086562	1,2,2,3,2,2	0.495230	0.574600	0.954245	0.954245	0.947964	0.954245	0.954245	
46000	-116451	1,1,1,1,1,1	0.000000	5.803221	5.803221	5.803221	5.803221	5.803221	5.803221	1,1,1,1,1,1	0.000000	0.014341	0.543621	0.102168	0.339870	0.014341	0.543621	0.102168	0.339870	0.014341	0.543621	0.102168	0.339870	0.014341	0.543621	0.102168	0.339870	0.014341	0.543621	0.102168	0.339870	0.014341	0.543621	0.102168	0.339870	1,2,3,4,5,6	10.384619	0.222407	0.345917	0.070088	0.131809	0.176425	0.053354	0.263678	0.348028	0.243055	0.041066	0.064334	0.039839	0.159205	0.349502	0.218570	0.074534	0.192941	0.005248	0.059391	0.100646	0.619069	0.095009	0.051619	0.074266	0.013580	0.243641	0.105218	0.084975	0.216097	0.336488	0.254456	0.387838	0.055834	0.082333	0.144976	0.074562	1,2,2,3,2,2	0.075606	0.651105	0.974817	0.974817	0.814203	0.974817	0.974817	
47000	-115379	1,2,2,2,3,1	2.035766	5.866655	5.445313	5.445313	5.445313	6.285362	5.866655	1,1,1,1,1,1	0.000000	0.012554	0.525573	0.117439	0.344434	0.012554	0.525573	0.117439	0.344434	0.012554	0.525573	0.117439	0.344434	0.012554	0.525573	0.117439	0.344434	0.012554	0.525573	0.117439	0.344434	0.012554	0.525573	0.117439	0.344434	1,2,3,4,5,2	2.608134	0.157130	0.209691	0.145526	0.262491	0.175780	0.049383	0.444350	0.133360	0.033372	0.106993	0.149890	0.132035	0.037236	0.210428	0.034881	0.208372	0.365843	0.143241	0.048825	0.121883	0.418642	0.229739	0.021110	0.159802	0.112673	0.038091	0.477346	0.027121	0.103290	0.241479	0.444350	0.133360	0.033372	0.106993	0.149890	0.132035	1,2,2,2,2,2	0.134185	0.717864	0.897037	0.897037	0.897037	0.897037	0.897037	
48000	-116161	1,2,3,4,5,1	6.015768	6.118035	5.601686	5.390118	5.684137	6.463711	6.118035	1,1,1,1,1,1	0.000000	0.013428	0.537942	0.130736	0.317894	0.013428	0.537942	0.130736	0.317894	0.013428	0.537942	0.130736	0.317894	0.013428	0.537942	0.130736	0.317894	0.013428	0.537942	0.130736	0.317894	0.013428	0.537942	0.130736	0.317894	1,2,1,3,4,5	3.481640	0.047242	0.204348	0.264932	0.176428	0.247628	0.059423	0.179772	0.092506	0.293842	0.162873	0.073386	0.197621	0.047242	0.204348	0.264932	0.176428	0.247628	0.059423	0.061774	0.206414	0.201130	0.351617	0.031138	0.147927	0.264418	0.052875	0.161995	0.066944	0.358417	0.095350	0.522940	0.203623	0.038668	0.055463	0.143169	0.036136	1,2,2,3,3,2	0.509411	0.576718	0.933697	0.933697	0.888256	0.888256	0.933697	
49000	-115327	1,2,1,1,1,1	1.065614	5.792728	5.475421	5.792728	5.792728	5.792728	5.792728	1,1,1,1,1,1	0.000000	0.013442	0.526415	0.138152	0.321991	0.013442	0.526415	0.138152	0.321991	0.013442	0.526415	0.138152	0.321991	0.013442	0.526415	0.138152	0.321991	0.013442	0.526415	0.138152	0.321991	0.013442	0.526415	0.138152	0.321991	1,2,3,4,5,2	42.196005	0.005879	0.251460	0.162849	0.152990	0.297595	0.129226	0.400547	0.018122	0.192399	0.110901	0.218393	0.059637	0.143012	0.034903	0.338737	0.091026	0.338734	0.053588	0.012034	0.102810	0.351152	0.252245	0.027235	0.254524	0.115460	0.058467	0.277021	0.044405	0.211969	0.292677	0.400547	0.018122	0.192399	0.110901	0.218393	0.059637	1,2,2,2,2,2	0.318087	0.792850	0.866351	0.866351	0.866351	0.866351	0.866351	
50000	-115321	1,2,1,2,1,1	0.797597	6.135756	5.394253	6.135756	5.394253	6.135756	6.135756	1,1,1,1,1,1	0.000000	0.015499	0.541396	0.112422	0.330683	0.015499	0.541396	0.112422	0.330683	0.015499	0.541396	0.112422	0.330683	0.015499	0.541396	0.112422	0.330683	0.015499	0.541396	0.112422	0.330683	0.015499	0.541396	0.112422	0.330683	1,2,3,4,5,2	3.397116	0.038693	0.295058	0.143146	0.207378	0.273784	0.041941	0.317884	0.180893	0.025264	0.136232	0.208203	0.131524	0.172687	0.091364	0.093025	0.218181	0.396051	0.028692	0.055699	0.028672	0.595107	0.139553	0.020733	0.160236	0.055462	0.174494	0.203080	0.110266	0.234191	0.222508	0.317884	0.180893	0.025264	0.136232	0.208203	0.131524	1,1,1,1,1,1	0.000000	0.860172	0.860172	0.860172	0.860172	0.860172	0.860172	
51000	-115362	1,2,2,1,1,1	0.821753	5.963883	5.563858	5.563858	5.963883	5.963883	5.963883	1,1,2,2,1,1	1.842525	0.017239	0.518353	0.120116	0.344293	0.017239	0.518353	0.120116	0.344293	0.009086	0.520681	0.087960	0.382272	0.009086	0.520681	0.087960	0.382272	0.017239	0.518353	0.120116	0.344293	0.017239	0.518353	0.120116	0.344293	1,2,1,3,4,5	4.405979	0.007013	0.272404	0.131714	0.248178	0.284428	0.056264	0.286910	0.207614	0.094844	0.099945	0.176794	0.133893	0.007013	0.272404	0.131714	0.248178	0.284428	0.056264	0.114916	0.003111	0.570596	0.181218	0.004790	0.125369	0.114720	0.415030	0.082271	0.026127	0.182398	0.179453	0.282088	0.105212	0.247377	0.080053	0.198874	0.086396	1,2,2,3,2,2	0.482509	0.656829	0.903215	0.903215	0.727068	0.903215	0.903215	
52000	-116042	1,1,1,1,1,1	0.000000	5.531453	5.531453	5.531453	5.531453	5.531453	5.531453	1,1,1,1,1,1	0.000000	0.014785	0.517311	0.124154	0.343750	0.014785	0.517311	0.124154	0.343750	0.014785	0.517311	0.124154	0.343750	0.014785	0.517311	0.124154	0.343750	0.014785	0.517311	0.124154	0.343750	0.014785	0.517311	0.124154	0.343750	1,2,3,4,5,5	5.482902	0.102320	0.111873	0.096600	0.151979	0.406224	0.131003	0.346873	0.214092	0.054385	0.104786	0.139774	0.140090	0.148293	0.037873	0.054729	0.209956	0.545215	0.003934	0.302886	0.149037	0.067043	0.297804	0.000065	0.183165	0.250052	0.115928	0.205982	0.126707	0.178091	0.123240	0.250052	0.115928	0.205982	0.126707	0.178091	0.123240	1,2,1,2,2,2	0.913879	0.835939	0.975808	0.835939	0.975808	0.975808	0.975808	
53000	-116321	1,2,3,4,5,6	4.395455	6.201990	5.643716	5.505758	5.162136	6.038638	6.155353	1,1,1,1,1,1	0.000000	0.010889	0.511154	0.128666	0.349292	0.010889	0.511154	0.128666	0.349292	0.010889	0.511154	0.128666	0.349292	0.010889	0.511154	0.128666	0.349292	0.010889	0.511154	0.128666	0.349292	0.010889	0.511154	0.128666	0.349292	1,2,1,3,4,5	4.857133	0.091391	0.249346	0.188837	0.164143	0.284645	0.021637	0.164015	0.134765	0.315853	0.195436	0.119704	0.070226	0.091391	0.249346	0.188837	0.164143	0.284645	0.021637	0.331946	0.041676	0.079411	0.260348	0.089170	0.197449	0.079391	0.133183	0.070507	0.082443	0.280780	0.353696	0.530307	0.019775	0.126806	0.038924	0.214373	0.069815	1,2,2,2,2,2	0.250422	0.727557	0.921471	0.921471	0.921471	0.921471	0.921471	
54000	-116341	1,2,3,4,5,3	5.699569	6.378647	5.403137	5.715729	5.831566	5.543916	5.715729	1,1,1,1,1,1	0.000000	0.015284	0.509824	0.137861	0.337031	0.015284	0.509824	0.137861	0.337031	0.015284	0.509824	0.137861	0.337031	0.015284	0.509824	0.137861	0.337031	0.015284	0.509824	0.137861	0.337031	0.015284	0.509824	0.137861	0.337031	1,2,3,4,5,3	3.495659	0.268168	0.012445	0.347941	0.155197	0.201998	0.014251	0.371560	0.219754	0.021757	0.212174	0.133631	0.041123	0.389405	0.021985	0.147355	0.111466	0.285202	0.044587	0.094919	0.125123	0.328412	0.319908	0.047288	0.084350	0.210005	0.085942	0.199119	0.110655	0.223601	0.170677	0.389405	0.021985	0.147355	0.111466	0.285202	0.044587	1,1,1,1,1,1	0.000000	0.833097	0.833097	0.833097	0.833097	0.833097	0.833097	
55000	-116895	1,1,1,1,1,1	0.000000	5.658766	5.658766	5.658766	5.658766	5.658766	5.658766	1,1,1,1,1,1	0.000000	0.022624	0.502927	0.141436	0.333014	0.022624	0.502927	0.141436	0.333014	0.022624	0.502927	0.141436	0.333014	0.022624	0.502927	0.141436	0.333014	0.022624	0.502927	0.141436	0.333014	0.022624	0.502927	0.141436	0.333014	1,2,3,4,2,5	1.407713	0.216448	0.218757	0.156455	0.137351	0.207501	0.063487	0.236302	0.346610	0.027325	0.079400	0.178629	0.131733	0.099091	0.007336	0.349581	0.131450	0.343941	0.068600	0.585732	0.197244	0.049183	0.071281	0.027577	0.068983	0.236302	0.346610	0.027325	0.079400	0.178629	0.131733	0.420611	0.010083	0.023237	0.108829	0.323417	0.113823	1,1,1,1,1,1	0.000000	0.859873	0.859873	0.859873	0.859873	0.859873	0.859873	
56000	-116125	1,1,1,1,1,1	0.000000	5.699983	5.699983	5.699983	5.699983	5.699983	5.699983	1,1,1,1,1,1	0.000000	0.017240	0.546542	0.117888	0.318330	0.017240	0.546542	0.117888	0.318330	0.017240	0.546542	0.117888	0.318330	0.017240	0.546542	0.117888	0.318330	0.017240	0.546542	0.117888	0.318330	0.017240	0.546542	0.117888	0.318330	1,2,3,4,5,2	3.178845	0.038063	0.126207	0.129146	0.225410	0.377321	0.103853	0.478634	0.055104	0.057830	0.118357	0.155490	0.134584	0.105634	0.093735	0.212932	0.113958	0.461458	0.012282	0.247043	0.150181	0.436840	0.043364	0.016760	0.105811	0.420365	0.033097	0.013067	0.093393	0.198920	0.241158	0.478634	0.055104	0.057830	0.118357	0.155490	0.134584	1,2,2,1,2,2	0.016672	0.657192	0.960946	0.960946	0.657192	0.960946	0.960946	
57000	-116166	1,2,2,3,1,3	1.262784	5.922687	5.494956	5.494956	6.094220	5.922687	6.094220	1,1,1,1,1,1	0.000000	0.018668	0.512626	0.129277	0.339429	0.018668	0.512626	0.129277	0.339429	0.018668	0.512626	0.129277	0.339429	0.018668	0.512626	0.129277	0.339429	0.018668	0.512626	0.129277	0.339429	0.018668	0.512626	0.129277	0.339429	1,2,3,4,3,3	3.354033	0.011365	0.357643	0.124339	0.187370	0.204841	0.114442	0.199560	0.088637	0.426190	0.090804	0.137657	0.057151	0.250180	0.174064	0.189624	0.080656	0.225143	0.080333	0.064919	0.169311	0.298892	0.346327	0.020049	0.100503	0.250180	0.174064	0.189624	0.080656	0.225143	0.080333	0.250180	0.174064	0.189624	0.080656	0.225143	0.080333	1,2,3,3,2,3	2.888464	0.575845	0.988050	0.896285	0.896285	0.988050	0.896285	
58000	-115337	1,1,1,1,1,1	0.000000	5.880018	5.880018	5.880018	5.880018	5.880018	5.880018	1,1,1,1,1,1	0.000000	0.018302	0.534710	0.103594	0.343394	0.018302	0.534710	0.103594	0.343394	0.018302	0.534710	0.103594	0.343394	0.018302	0.534710	0.103594	0.343394	0.018302	0.534710	0.103594	0.343394	0.018302	0.534710	0.103594	0.343394	1,2,3,4,5,5	0.794381	0.065149	0.134253	0.339588	0.206314	0.207158	0.047538	0.264563	0.032015	0.253826	0.165455	0.096337	0.187804	0.078870	0.049305	0.228152	0.222594	0.371643	0.049436	0.022320	0.195571	0.040310	0.323279	0.004959	0.413561	0.084782	0.168405	0.234799	0.083591	0.285548	0.142875	0.084782	0.168405	0.234799	0.083591	0.285548	0.142875	1,1,1,1,1,1	0.000000	0.812133	0.812133	0.812133	0.812133	0.812133	0.812133	
59000	-115388	1,2,3,4,5,3	7.887065	5.988150	5.390400	6.072077	5.694467	6.032200	6.072077	1,1,1,1,1,1	0.000000	0.011429	0.537678	0.129145	0.321748	0.011429	0.537678	0.129145	0.321748	0.011429	0.537678	0.129145	0.321748	0.011429	0.537678	0.129145	0.321748	0.011429	0.537678	0.129145	0.321748	0.011429	0.537678	0.129145	0.321748	1,2,3,4,5,2	3.493560	0.004152	0.019666	0.230465	0.276977	0.320675	0.148065	0.447897	0.068593	0.098435	0.096089	0.185056	0.103930	0.384279	0.064084	0.188230	0.049880	0.275702	0.037825	0.136545	0.292401	0.162940	0.209513	0.017676	0.180925	0.184155	0.310153	0.080709	0.025067	0.226464	0.173452	0.447897	0.068593	0.098435	0.096089	0.185056	0.103930	1,2,2,2,2,3	1.185725	0.588774	0.918808	0.918808	0.918808	0.918808	0.992895	
60000	-116420	1,2,3,4,5,6	13.512555	6.246945	5.174061	5.582579	7.113116	5.862161	5.495979	1,1,1,1,1,1	0.000000	0.016262	0.535540	0.117368	0.330829	0.016262	0.535540	0.117368	0.330829	0.016262	0.535540	0.117368	0.330829	0.016262	0.535540	0.117368	0.330829	0.016262	0.535540	0.117368	0.330829	0.016262	0.535540	0.117368	0.330829	1,1,2,3,1,1	3.694353	0.272162	0.085264	0.193681	0.155260	0.173471	0.120161	0.272162	0.085264	0.193681	0.155260	0.173471	0.120161	0.003067	0.140551	0.345552	0.156947	0.291085	0.062798	0.076485	0.307059	0.085040	0.367856	0.045109	0.118451	0.272162	0.085264	0.193681	0.155260	0.173471	0.120161	0.272162	0.085264	0.193681	0.155260	0.173471	0.120161	1,1,1,1,1,1	0.000005	0.869876	0.869876	0.869876	0.869876	0.869876	0.869876	
61000	-115084	1,1,1,1,1,1	0.000001	5.815747	5.815747	5.815747	5.815747	5.815747	5.815747	1,1,1,1,1,1	0.000000	0.012435	0.535281	0.128888	0.323395	0.012435	0.535281	0.128888	0.323395	0.012435	0.535281	0.128888	0.323395	0.012435	0.535281	0.128888	0.323395	0.012435	0.535281	0.128888	0.323395	0.012435	0.535281	0.128888	0.323395	1,2,3,4,5,2	16.008778	0.008893	0.133578	0.329967	0.253348	0.196254	0.077961	0.520570	0.087561	0.090267	0.093817	0.130917	0.076867	0.060754	0.092720	0.157784	0.129242	0.471820	0.087680	0.175267	0.200562	0.398761	0.100671	0.002380	0.122358	0.155869	0.069334	0.089345	0.039169	0.251984	0.394299	0.520570	0.087561	0.090267	0.093817	0.130917	0.076867	1,2,2,3,4,2	5.085418	0.715376	0.918168	0.918168	0.710612	1.026649	0.918168	
62000	-115877	1,1,1,1,1,1	0.000000	6.117751	6.117751	6.117751	6.117751	6.117751	6.117751	1,1,1,1,1,1	0.000000	0.017515	0.515325	0.119215	0.347945	0.017515	0.515325	0.119215	0.347945	0.017515	0.515325	0.119215	0.347945	0.017515	0.515325	0.119215	0.347945	0.017515	0.515325	0.119215	0.347945	0.017515	0.515325	0.119215	0.347945	1,2,3,4,5,2	1.311890	0.003528	0.210350	0.191566	0.205165	0.318328	0.071062	0.343986	0.162575	0.021129	0.143153	0.200797	0.128361	0.071613	0.279590	0.023893	0.129296	0.477398	0.018210	0.377755	0.153207	0.076880	0.114290	0.017224	0.260643	0.012595	0.385567	0.243819	0.010686	0.085603	0.261730	0.343986	0.162575	0.021129	0.143153	0.200797	0.128361	1,2,2,2,3,2	0.277623	0.549709	0.971914	0.971914	0.971914	0.915882	0.971914	
63000	-116138	1,2,1,3,1,1	1.967746	6.114406	6.276552	6.114406	5.473497	6.114406	6.114406	1,1,1,1,1,1	0.000000	0.013872	0.530580	0.110171	0.345377	0.013872	0.530580	0.110171	0.345377	0.013872	0.530580	0.110171	0.345377	0.013872	0.530580	0.110171	0.345377	0.013872	0.530580	0.110171	0.345377	0.013872	0.530580	0.110171	0.345377	1,2,3,4,2,2	1.817390	0.055117	0.094840	0.192980	0.254149	0.261244	0.141670	0.417669	0.025560	0.069039	0.108465	0.239847	0.139420	0.021310	0.329278	0.077036	0.312618	0.254774	0.004984	0.070312	0.648906	0.053722	0.046928	0.012873	0.167259	0.417669	0.025560	0.069039	0.108465	0.239847	0.139420	0.417669	0.025560	0.069039	0.108465	0.239847	0.139420	1,2,2,2,2,2	0.592992	0.655910	0.898171	0.898171	0.898171	0.898171	0.898171	
64000	-115896	1,1,1,1,1,1	0.000001	5.950038	5.950038	5.950038	5.950038	5.950038	5.950038	1,1,1,1,1,1	0.000000	0.018928	0.530393	0.121014	0.329666	0.018928	0.530393	0.121014	0.329666	0.018928	0.530393	0.121014	0.329666	0.018928	0.530393	0.121014	0.329666	0.018928	0.530393	0.121014	0.329666	0.018928	0.530393	0.121014	0.329666	1,2,1,3,4,4	1.412641	0.048973	0.089955	0.143166	0.297042	0.378418	0.042446	0.568178	0.100759	0.004287	0.088450	0.095348	0.142979	0.048973	0.089955	0.143166	0.297042	0.378418	0.042446	0.318667	0.021036	0.001282	0.241049	0.017517	0.400449	0.324072	0.022913	0.028045	0.148220	0.216983	0.259766	0.324072	0.022913	0.028045	0.148220	0.216983	0.259766	1,2,2,2,2,2	0.205518	0.716909	0.948684	0.948684	0.948684	0.948684	0.948684	
65000	-116040	1,2,3,3,4,2	8.915893	6.668258	5.583771	6.080990	6.080990	5.867555	5.583771	1,1,1,1,1,1	0.000000	0.014394	0.516884	0.132512	0.336209	0.014394	0.516884	0.132512	0.336209	0.014394	0.516884	0.132512	0.336209	0.014394	0.516884	0.132512	0.336209	0.014394	0.516884	0.132512	0.336209	0.014394	0.516884	0.132512	0.336209	1,2,3,4,2,2	2.505489	0.037330	0.069246	0.686323	0.056591	0.103473	0.047036	0.327469	0.051918	0.164672	0.106073	0.222955	0.126914	0.058406	0.291086	0.004092	0.067144	0.420126	0.159146	0.300724	0.093877	0.123573	0.261059	0.017063	0.203705	0.327469	0.051918	0.164672	0.106073	0.222955	0.126914	0.327469	0.051918	0.164672	0.106073	0.222955	0.126914	1,1,1,1,1,1	0.000224	0.872793	0.872793	0.872793	0.872793	0.872793	0.872793	
66000	-115874	1,2,2,1,3,1	2.857050	5.878868	5.624404	5.624404	5.878868	6.550984	5.878868	1,1,1,1,1,1	0.000000	0.010693	0.524792	0.127916	0.336599	0.010693	0.524792	0.127916	0.336599	0.010693	0.524792	0.127916	0.336599	0.010693	0.524792	0.127916	0.336599	0.010693	0.524792	0.127916	0.336599	0.010693	0.524792	0.127916	0.336599	1,1,2,3,4,2	1.316461	0.207810	0.018811	0.157197	0.267015	0.256295	0.092872	0.207810	0.018811	0.157197	0.267015	0.256295	0.092872	0.392432	0.020753	0.114177	0.167433	0.249039	0.056166	0.045401	0.000385	0.506319	0.154561	0.014190	0.279144	0.251271	0.146547	0.410756	0.008540	0.101696	0.081189	0.392432	0.020753	0.114177	0.167433	0.249039	0.056166	1,2,2,2,2,2	0.234999	0.543286	0.926780	0.926780	0.926780	0.926780	0.926780	
67000	-116247	1,1,1,2,3,2	1.296911	5.516027	5.516027	5.516027	5.976889	6.213917	5.976889	1,1,1,1,1,1	0.000043	0.016350	0.519133	0.116942	0.347575	0.016350	0.519133	0.116942	0.347575	0.016350	0.519133	0.116942	0.347575	0.016350	0.519133	0.116942	0.347575	0.016350	0.519133	0.116942	0.347575	0.016350	0.519133	0.116942	0.347575	1,2,3,4,5,1	12.136202	0.229220	0.063057	0.144929	0.128437	0.219746	0.214611	0.531243	0.022582	0.137412	0.100587	0.111750	0.096425	0.063076	0.005732	0.056470	0.179024	0.437391	0.258309	0.141628	0.195387	0.345411	0.230784	0.022139	0.064652	0.049874	0.221198	0.403727	0.048185	0.139657	0.137359	0.229220	0.063057	0.144929	0.128437	0.219746	0.214611	1,2,2,2,2,2	0.235787	0.568942	0.895522	0.895522	0.895522	0.895522	0.895522	
68000	-115363	1,2,3,3,4,3	1.609078	6.316076	6.419600	5.635641	5.635641	5.733895	5.635641	1,1,1,1,1,1	0.000000	0.015627	0.528102	0.125216	0.331056	0.015627	0.528102	0.125216	0.331056	0.015627	0.528102	0.125216	0.331056	0.015627	0.528102	0.125216	0.331056	0.015627	0.528102	0.125216	0.331056	0.015627	0.528102	0.125216	0.331056	1,2,3,4,5,6	3.726847	0.088990	0.070062	0.219059	0.276829	0.343866	0.001195	0.744483	0.051131	0.074914	0.052229	0.062967	0.014276	0.104590	0.293356	0.132042	0.152876	0.259301	0.057835	0.130875	0.076896	0.330466	0.230514	0.016531	0.214718	0.080401	0.359951	0.028992	0.101808	0.201460	0.227389	0.367465	0.050240	0.252631	0.085661	0.122843	0.121160	1,2,2,2,2,2	0.173766	0.653450	0.945384	0.945384	0.945384	0.945384	0.945384	
69000	-116083	1,1,1,1,1,1	0.000000	5.657773	5.657773	5.657773	5.657773	5.657773	5.657773	1,1,1,1,1,1	0.000034	0.013699	0.526112	0.115234	0.344956	0.013699	0.526112	0.115234	0.344956	0.013699	0.526112	0.115234	0.344956	0.013699	0.526112	0.115234	0.344956	0.013699	0.526112	0.115234	0.344956	0.013699	0.526112	0.115234	0.344956	1,2,3,4,5,5	5.069768	0.165435	0.226129	0.003006	0.379561	0.192692	0.033178	0.492992	0.022628	0.209968	0.192712	0.062356	0.019343	0.122875	0.347013	0.063962	0.143609	0.308093	0.014448	0.142929	0.099835	0.053939	0.370738	0.061264	0.271296	0.204212	0.218818	0.200838	0.068241	0.164728	0.143163	0.204212	0.218818	0.200838	0.068241	0.164728	0.143163	1,2,3,2,2,2	0.334825	0.679024	0.889218	0.859789	0.889218	0.889218	0.889218	
70000	-116189	1,1,1,1,2,2	0.099067	5.541714	5.541714	5.541714	5.541714	6.177191	6.177191	1,1,1,1,1,1	0.000235	0.015461	0.534031	0.114350	0.336157	0.015461	0.534031	0.114350	0.336157	0.015461	0.534031	0.114350	0.336157	0.015461	0.534031	0.114350	0.336157	0.015461	0.534031	0.114350	0.336157	0.015461	0.534031	0.114350	0.336157	1,2,3,4,5,1	20.701648	0.192127	0.107012	0.314273	0.095192	0.199572	0.091824	0.430659	0.030805	0.032732	0.156538	0.071137	0.278128	0.023051	0.131582	0.124489	0.160195	0.427638	0.133045	0.014970	0.028745	0.057379	0.396227	0.102628	0.400052	0.126992	0.179935	0.103914	0.010416	0.265003	0.313739	0.192127	0.107012	0.314273	0.095192	0.199572	0.091824	1,2,2,2,2,2	0.048734	0.552779	0.916886	0.916886	0.916886	0.916886	0.916886	
71000	-115852	1,2,2,3,1,3	2.970157	6.116565	5.360395	5.360395	5.565624	6.116565	5.565624	1,1,1,1,1,1	0.000000	0.017616	0.493886	0.142760	0.345737	0.017616	0.493886	0.142760	0.345737	0.017616	0.493886	0.142760	0.345737	0.017616	0.493886	0.142760	0.345737	0.017616	0.493886	0.142760	0.345737	0.017616	0.493886	0.142760	0.345737	1,2,3,4,5,2	7.190532	0.054697	0.000774	0.039199	0.241718	0.437255	0.226357	0.416025	0.100214	0.107505	0.096287	0.183972	0.095997	0.014749	0.174638	0.430118	0.117445	0.254241	0.008809	0.084413	0.366022	0.005862	0.265240	0.039716	0.238748	0.099254	0.411285	0.069720	0.012308	0.236394	0.171039	0.416025	0.100214	0.107505	0.096287	0.183972	0.095997	1,1,1,1,1,1	0.000000	0.870705	0.870705	0.870705	0.870705	0.870705	0.870705	
72000	-115883	1,1,1,1,1,1	0.000000	5.467233	5.467233	5.467233	5.467233	5.467233	5.467233	1,1,1,1,1,1	0.000000	0.017301	0.546690	0.113310	0.322698	0.017301	0.546690	0.113310	0.322698	0.017301	0.546690	0.113310	0.322698	0.017301	0.546690	0.113310	0.322698	0.017301	0.546690	0.113310	0.322698	0.017301	0.546690	0.113310	0.322698	1,2,1,3,4,2	16.011297	0.021252	0.139735	0.418338	0.133541	0.251205	0.035930	0.300528	0.099544	0.059871	0.134581	0.232406	0.173070	0.021252	0.139735	0.418338	0.133541	0.251205	0.035930	0.313114	0.110145	0.068623	0.321602	0.028532	0.157985	0.100018	0.170878	0.132571	0.108409	0.243094	0.245029	0.300528	0.099544	0.059871	0.134581	0.232406	0.173070	1,1,1,1,1,1	0.000000	0.884368	0.884368	0.884368	0.884368	0.884368	0.884368	
73000	-116512	1,1,1,1,1,1	0.000000	6.005579	6.005579	6.005579	6.005579	6.005579	6.005579	1,1,2,1,2,2	0.790790	0.017058	0.527563	0.116036	0.339343	0.017058	0.527563	0.116036	0.339343	0.015308	0.528864	0.081361	0.374467	0.017058	0.527563	0.116036	0.339343	0.015308	0.528864	0.081361	0.374467	0.015308	0.528864	0.081361	0.374467	1,2,1,3,4,2	5.670839	0.047867	0.132660	0.167630	0.256258	0.348351	0.047234	0.305813	0.202768	0.205299	0.111401	0.134177	0.040541	0.047867	0.132660	0.167630	0.256258	0.348351	0.047234	0.022175	0.355740	0.304870	0.165846	0.078509	0.072859	0.074355	0.218266	0.114041	0.071496	0.183771	0.338071	0.305813	0.202768	0.205299	0.111401	0.134177	0.040541	1,1,1,1,1,1	0.000000	0.846298	0.846298	0.846298	0.846298	0.846298	0.846298	
74000	-115986	1,2,3,4,5,6	5.182633	5.653964	5.081569	6.108211	4.885311	6.041570	5.831907	1,1,1,1,1,1	0.000000	0.010967	0.527553	0.120168	0.341312	0.010967	0.527553	0.120168	0.341312	0.010967	0.527553	0.120168	0.341312	0.010967	0.527553	0.120168	0.341312	0.010967	0.527553	0.120168	0.341312	0.010967	0.527553	0.120168	0.341312	1,2,3,4,5,3	19.438187	0.016703	0.279986	0.215811	0.205228	0.198675	0.083598	0.322331	0.051838	0.210339	0.175859	0.114885	0.124748	0.301062	0.351332	0.044723	0.077441	0.173172	0.052270	0.097862	0.041149	0.216976	0.425387	0.065745	0.152881	0.136516	0.033323	0.222559	0.109030	0.359282	0.139291	0.301062	0.351332	0.044723	0.077441	0.173172	0.052270	1,2,2,2,2,2	0.123082	0.607142	0.931815	0.931815	0.931815	0.931815	0.931815	
75000	-115579	1,2,3,4,5,6	10.870146	6.117242	5.750817	5.568872	4.976606	6.042849	6.182457	1,1,1,1,1,1	0.000000	0.015581	0.535634	0.107183	0.341602	0.015581	0.535634	0.107183	0.341602	0.015581	0.535634	0.107183	0.341602	0.015581	0.535634	0.107183	0.341602	0.015581	0.535634	0.107183	0.341602	0.015581	0.535634	0.107183	0.341602	1,2,3,4,5,5	4.360380	0.092684	0.016359	0.203784	0.239231	0.341278	0.106664	0.305942	0.146886	0.234672	0.090904	0.044401	0.177195	0.113029	0.376278	0.017703	0.164034	0.283317	0.045639	0.005683	0.033440	0.061192	0.469155	0.030009	0.400521	0.139115	0.097541	0.169604	0.120045	0.200199	0.273497	0.139115	0.097541	0.169604	0.120045	0.200199	0.273497	1,2,2,2,2,2	0.018875	0.621755	0.886939	0.886939	0.886939	0.886939	0.886939	
76000	-115766	1,2,3,2,4,3	1.131937	5.958895	5.530383	5.893858	5.530383	5.956982	5.893858	1,1,1,1,1,1	0.071807	0.011961	0.526485	0.123365	0.338190	0.011961	0.526485	0.123365	0.338190	0.011961	0.526485	0.123365	0.338190	0.011961	0.526485	0.123365	0.338190	0.011961	0.526485	0.123365	0.338190	0.011961	0.526485	0.123365	0.338190	1,2,3,4,5,2	3.418647	0.054496	0.088381	0.157400	0.226161	0.371346	0.102216	0.294800	0.286359	0.158123	0.054277	0.138987	0.067454	0.082857	0.285296	0.341019	0.089228	0.194155	0.007446	0.025873	0.340686	0.207470	0.294368	0.033689	0.097913	0.105988	0.183057	0.050489	0.057833	0.263767	0.338865	0.294800	0.286359	0.158123	0.054277	0.138987	0.067454	1,2,2,2,2,2	0.038825	0.645329	0.900517	0.900517	0.900517	0.900517	0.900517	
77000	-115591	1,1,1,2,1,1	0.582865	5.789440	5.789440	5.789440	4.970428	5.789440	5.789440	1,1,1,1,1,1	0.000000	0.014743	0.529263	0.126861	0.329132	0.014743	0.529263	0.126861	0.329132	0.014743	0.529263	0.126861	0.329132	0.014743	0.529263	0.126861	0.329132	0.014743	0.529263	0.126861	0.329132	0.014743	0.529263	0.126861	0.329132	1,2,1,3,4,4	3.621458	0.076902	0.069040	0.267203	0.167209	0.378781	0.040864	0.378051	0.034117	0.106247	0.252730	0.107381	0.121474	0.076902	0.069040	0.267203	0.167209	0.378781	0.040864	0.021130	0.000423	0.128655	0.314926	0.067775	0.467091	0.325207	0.054906	0.110323	0.067940	0.230505	0.211118	0.325207	0.054906	0.110323	0.067940	0.230505	0.211118	1,2,2,2,2,3	0.789670	0.455898	0.912334	0.912334	0.912334	0.912334	0.919943	
78000	-115547	1,1,1,1,1,1	0.000000	5.584102	5.584102	5.584102	5.584102	5.584102	5.584102	1,1,1,1,1,1	0.000000	0.013404	0.538893	0.125758	0.321945	0.013404	0.538893	0.125758	0.321945	0.013404	0.538893	0.125758	0.321945	0.013404	0.538893	0.125758	0.321945	0.013404	0.538893	0.125758	0.321945	0.013404	0.538893	0.125758	0.321945	1,2,3,4,5,2	6.666583	0.101791	0.031853	0.374051	0.182755	0.192132	0.117418	0.415037	0.110913	0.076774	0.107308	0.166702	0.123266	0.000922	0.248592	0.292301	0.221274	0.199664	0.037247	0.130008	0.070866	0.089149	0.383938	0.034434	0.291606	0.144624	0.054963	0.056790	0.063326	0.283151	0.397146	0.415037	0.110913	0.076774	0.107308	0.166702	0.123266	1,2,2,2,2,2	3.979323	0.619322	1.000739	1.000739	1.000739	1.000739	1.000739	
79000	-116067	1,2,1,1,1,3	2.664091	5.873105	5.537181	5.873105	5.873105	5.873105	5.828594	1,1,1,1,1,1	0.000000	0.014868	0.526169	0.128358	0.330605	0.014868	0.526169	0.128358	0.330605	0.014868	0.526169	0.128358	0.330605	0.014868	0.526169	0.128358	0.330605	0.014868	0.526169	0.128358	0.330605	0.014868	0.526169	0.128358	0.330605	1,2,3,4,1,2	20.704048	0.032421	0.130469	0.171590	0.165058	0.325999	0.174464	0.268342	0.373381	0.047013	0.076002	0.122845	0.112418	0.115006	0.099775	0.069693	0.103438	0.578503	0.033586	0.190438	0.135573	0.044366	0.105659	0.035260	0.488704	0.032421	0.130469	0.171590	0.165058	0.325999	0.174464	0.268342	0.373381	0.047013	0.076002	0.122845	0.112418	1,1,1,1,1,1	0.000000	0.825936	0.825936	0.825936	0.825936	0.825936	0.825936	
80000	-116635	1,2,1,2,1,1	0.169718	5.928925	4.966570	5.928925	4.966570	5.928925	5.928925	1,1,1,1,1,1	0.000000	0.019475	0.527202	0.102977	0.350345	0.019475	0.527202	0.102977	0.350345	0.019475	0.527202	0.102977	0.350345	0.019475	0.527202	0.102977	0.350345	0.019475	0.527202	0.102977	0.350345	0.019475	0.527202	0.102977	0.350345	1,2,1,3,4,4	1.541350	0.036231	0.204251	0.266771	0.206623	0.261829	0.024294	0.253961	0.023566	0.462604	0.104523	0.093622	0.061723	0.036231	0.204251	0.266771	0.206623	0.261829	0.024294	0.018074	0.196919	0.031245	0.267601	0.163889	0.322271	0.282178	0.224421	0.216301	0.047017	0.116250	0.113832	0.282178	0.224421	0.216301	0.047017	0.116250	0.113832	1,2,2,2,2,2	7.035789	0.659412	0.905872	0.905872	0.905872	0.905872	0.905872	
81000	-115857	1,1,1,1,1,1	0.000000	5.799328	5.799328	5.799328	5.799328	5.799328	5.799328	1,1,1,1,1,1	0.000000	0.015327	0.515728	0.129724	0.339221	0.015327	0.515728	0.129724	0.339221	0.015327	0.515728	0.129724	0.339221	0.015327	0.515728	0.129724	0.339221	0.015327	0.515728	0.129724	0.339221	0.015327	0.515728	0.129724	0.339221	1,2,3,4,5,5	5.543295	0.046683	0.058769	0.169302	0.316905	0.283068	0.125272	0.386022	0.236696	0.177685	0.057800	0.113969	0.027827	0.308704	0.071392	0.009821	0.221127	0.362086	0.026870	0.013905	0.036099	0.140032	0.313197	0.074206	0.422562	0.234851	0.352250	0.138312	0.070090	0.158153	0.046344	0.234851	0.352250	0.138312	0.070090	0.158153	0.046344	1,2,2,2,2,2	0.017601	0.633378	0.962986	0.962986	0.962986	0.962986	0.962986	
82000	-115520	1,2,3,4,5,1	7.644451	5.750949	5.311427	5.711359	6.331181	5.610806	5.750949	1,1,1,1,1,1	0.000000	0.012829	0.521092	0.124371	0.341708	0.012829	0.521092	0.124371	0.341708	0.012829	0.521092	0.124371	0.341708	0.012829	0.521092	0.124371	0.341708	0.012829	0.521092	0.124371	0.341708	0.012829	0.521092	0.124371	0.341708	1,2,3,4,5,3	22.408836	0.009409	0.008921	0.344687	0.252674	0.240730	0.143578	0.552129	0.074424	0.079548	0.134112	0.089265	0.070522	0.187095	0.224061	0.085215	0.117401	0.251764	0.134464	0.083497	0.360057	0.358124	0.042648	0.009176	0.146498	0.101773	0.066290	0.408143	0.098927	0.158622	0.166244	0.187095	0.224061	0.085215	0.117401	0.251764	0.134464	1,2,2,2,2,2	0.127104	0.670833	0.874527	0.874527	0.874527	0.874527	0.874527	
83000	-115583	1,2,1,2,1,1	1.526180	6.233828	5.417552	6.233828	5.417552	6.233828	6.233828	1,1,1,1,1,1	0.000000	0.015770	0.531616	0.125981	0.326633	0.015770	0.531616	0.125981	0.326633	0.015770	0.531616	0.125981	0.326633	0.015770	0.531616	0.125981	0.326633	0.015770	0.531616	0.125981	0.326633	0.015770	0.531616	0.125981	0.326633	1,2,3,4,5,6	2.765347	0.038981	0.189772	0.210193	0.187130	0.325483	0.048441	0.328725	0.103621	0.238638	0.106129	0.100072	0.122815	0.039217	0.124282	0.121779	0.199988	0.488666	0.026068	0.034779	0.414702	0.229492	0.186504	0.045331	0.089193	0.012165	0.351382	0.134035	0.013514	0.226057	0.262848	0.429635	0.055694	0.151769	0.112137	0.188864	0.061900	1,2,2,2,2,2	1.367616	0.590363	0.958412	0.958412	0.958412	0.958412	0.958412	
84000	-115990	1,2,2,3,3,3	8.300238	5.829019	5.412535	5.412535	6.096015	6.096015	6.096015	1,1,1,1,1,1	0.000000	0.019565	0.514622	0.113709	0.352104	0.019565	0.514622	0.113709	0.352104	0.019565	0.514622	0.113709	0.352104	0.019565	0.514622	0.113709	0.352104	0.019565	0.514622	0.113709	0.352104	0.019565	0.514622	0.113709	0.352104	1,2,3,4,3,5	2.256130	0.105373	0.265932	0.182479	0.177373	0.151970	0.116874	0.510956	0.014181	0.034407	0.211482	0.087827	0.141146	0.139779	0.021488	0.237880	0.182387	0.312002	0.106464	0.127052	0.269621	0.091415	0.243622	0.050909	0.217381	0.139779	0.021488	0.237880	0.182387	0.312002	0.106464	0.278890	0.115131	0.014019	0.130298	0.356060	0.105603	1,1,1,1,1,1	0.000000	0.835472	0.835472	0.835472	0.835472	0.835472	0.835472	
85000	-115430	1,2,2,3,4,1	1.209872	5.867001	5.355403	5.355403	5.288534	5.881107	5.867001	1,1,1,1,1,1	0.059091	0.016149	0.508757	0.113282	0.361811	0.016149	0.508757	0.113282	0.361811	0.016149	0.508757	0.113282	0.361811	0.016149	0.508757	0.113282	0.361811	0.016149	0.508757	0.113282	0.361811	0.016149	0.508757	0.113282	0.361811	1,2,1,3,4,2	2.129637	0.109074	0.116785	0.183107	0.224135	0.324945	0.041953	0.408622	0.217982	0.086963	0.068248	0.121777	0.096408	0.109074	0.116785	0.183107	0.224135	0.324945	0.041953	0.099374	0.079190	0.221819	0.334514	0.054070	0.211034	0.064454	0.073778	0.077686	0.101195	0.405859	0.277027	0.408622	0.217982	0.086963	0.068248	0.121777	0.096408	1,2,2,2,2,2	0.591467	0.556049	0.901097	0.901097	0.901097	0.901097	0.901097	
86000	-115742	1,2,1,1,1,1	0.068269	5.757005	5.476976	5.757005	5.757005	5.757005	5.757005	1,1,1,1,1,1	0.000000	0.014319	0.533522	0.112872	0.339287	0.014319	0.533522	0.112872	0.339287	0.014319	0.533522	0.112872	0.339287	0.014319	0.533522	0.112872	0.339287	0.014319	0.533522	0.112872	0.339287	0.014319	0.533522	0.112872	0.339287	1,2,1,3,4,2	12.713240	0.282149	0.164382	0.135262	0.174680	0.202701	0.040826	0.477184	0.152573	0.045659	0.107923	0.139223	0.077437	0.282149	0.164382	0.135262	0.174680	0.202701	0.040826	0.070517	0.585451	0.163377	0.082280	0.016638	0.081737	0.235645	0.020493	0.023292	0.016961	0.379004	0.324604	0.477184	0.152573	0.045659	0.107923	0.139223	0.077437	1,2,2,2,2,2	0.233864	0.774758	0.925237	0.925237	0.925237	0.925237	0.925237	
87000	-116080	1,1,2,2,1,2	1.802536	6.137527	6.137527	6.139099	6.139099	6.137527	6.139099	1,1,1,1,1,1	0.000000	0.016052	0.509504	0.127199	0.347246	0.016052	0.509504	0.127199	0.347246	0.016052	0.509504	0.127199	0.347246	0.016052	0.509504	0.127199	0.347246	0.016052	0.509504	0.127199	0.347246	0.016052	0.509504	0.127199	0.347246	1,2,3,4,5,2	4.769524	0.026666	0.032910	0.453690	0.251641	0.219416	0.015677	0.577142	0.124548	0.000299	0.071770	0.201780	0.024461	0.199514	0.256656	0.089522	0.089400	0.329405	0.035504	0.210457	0.340760	0.266909	0.079253	0.004107	0.098515	0.015522	0.081502	0.519568	0.127455	0.156788	0.099165	0.577142	0.124548	0.000299	0.071770	0.201780	0.024461	1,2,3,2,3,3	0.219772	0.640792	0.794711	0.943681	0.794711	0.943681	0.943681	
88000	-116200	1,2,2,1,1,3	0.333834	6.451206	5.434754	5.434754	6.451206	6.451206	6.136538	1,1,1,1,1,1	0.000000	0.015948	0.521263	0.124378	0.338411	0.015948	0.521263	0.124378	0.338411	0.015948	0.521263	0.124378	0.338411	0.015948	0.521263	0.124378	0.338411	0.015948	0.521263	0.124378	0.338411	0.015948	0.521263	0.124378	0.338411	1,2,3,4,3,3	5.883650	0.044582	0.483180	0.276831	0.060594	0.107370	0.027443	0.297266	0.191925	0.299333	0.086553	0.064745	0.060179	0.240162	0.189467	0.179796	0.110298	0.206313	0.073964	0.512847	0.146883	0.245966	0.050950	0.000448	0.042906	0.240162	0.189467	0.179796	0.110298	0.206313	0.073964	0.240162	0.189467	0.179796	0.110298	0.206313	0.073964	1,2,2,1,2,2	0.604140	0.643350	0.924263	0.924263	0.643350	0.924263	0.924263	
89000	-115615	1,2,1,1,1,1	0.140688	6.046318	5.589717	6.046318	6.046318	6.046318	6.046318	1,2,1,1,1,1	0.116906	0.010269	0.504863	0.115707	0.369161	0.048794	0.378408	0.255434	0.317364	0.010269	0.504863	0.115707	0.369161	0.010269	0.504863	0.115707	0.369161	0.010269	0.504863	0.115707	0.369161	0.010269	0.504863	0.115707	0.369161	1,2,3,4,5,2	13.778642	0.174273	0.073351	0.405041	0.145860	0.165784	0.035691	0.346505	0.318496	0.027654	0.087815	0.148870	0.070658	0.034092	0.264023	0.021653	0.305433	0.372303	0.002496	0.276706	0.234685	0.129419	0.103031	0.010091	0.246067	0.249179	0.123030	0.026526	0.077090	0.263378	0.260797	0.346505	0.318496	0.027654	0.087815	0.148870	0.070658	1,2,2,2,2,2	2.963035	0.631687	0.902679	0.902679	0.902679	0.902679	0.902679	
90000	-116134	1,2,1,3,4,5	5.841230	5.913412	5.245583	5.913412	6.436028	6.039949	5.843110	1,1,1,1,1,1	0.000000	0.018676	0.496139	0.124640	0.360545	0.018676	0.496139	0.124640	0.360545	0.018676	0.496139	0.124640	0.360545	0.018676	0.496139	0.124640	0.360545	0.018676	0.496139	0.124640	0.360545	0.018676	0.496139	0.124640	0.360545	1,2,3,4,5,6	3.843943	0.045588	0.003042	0.460206	0.295494	0.150650	0.045021	0.260236	0.305249	0.041355	0.140982	0.075654	0.176524	0.047934	0.117066	0.343601	0.073961	0.326232	0.091205	0.132661	0.216821	0.085509	0.082995	0.021934	0.460079	0.104336	0.412121	0.105940	0.014887	0.159779	0.202937	0.321115	0.206294	0.121815	0.087206	0.190569	0.073001	1,1,1,1,1,1	0.000000	0.912517	0.912517	0.912517	0.912517	0.912517	0.912517	
91000	-115272	1,2,1,3,4,1	5.680935	5.777094	5.908783	5.777094	5.273201	6.084415	5.777094	1,1,1,1,1,1	0.036685	0.014032	0.523351	0.118576	0.344041	0.014032	0.523351	0.118576	0.344041	0.014032	0.523351	0.118576	0.344041	0.014032	0.523351	0.118576	0.344041	0.014032	0.523351	0.118576	0.344041	0.014032	0.523351	0.118576	0.344041	1,2,3,4,5,6	1.077578	0.088934	0.056231	0.377692	0.243072	0.225051	0.009019	0.418677	0.052077	0.321086	0.057996	0.097465	0.052700	0.089445	0.139722	0.328339	0.180973	0.259221	0.002300	0.057284	0.050209	0.373183	0.247512	0.001585	0.270227	0.003180	0.246467	0.311856	0.127410	0.183427	0.127660	0.235770	0.118246	0.137898	0.107752	0.220229	0.180105	1,2,2,3,2,2	4.191972	0.617150	0.899275	0.899275	0.676206	0.899275	0.899275	
92000	-116219	1,1,1,1,1,1	0.000014	5.831863	5.831863	5.831863	5.831863	5.831863	5.831863	1,1,1,2,1,1	1.244381	0.015401	0.521613	0.126818	0.336168	0.015401	0.521613	0.126818	0.336168	0.015401	0.521613	0.126818	0.336168	0.023549	0.463161	0.205959	0.307331	0.015401	0.521613	0.126818	0.336168	0.015401	0.521613	0.126818	0.336168	1,2,3,4,5,2	3.638234	0.015615	0.120284	0.183797	0.214262	0.250518	0.215525	0.444519	0.275620	0.020976	0.061711	0.127209	0.069965	0.036631	0.216810	0.071351	0.185918	0.457201	0.032090	0.110155	0.112739	0.305184	0.083185	0.122786	0.265951	0.093554	0.163892	0.147431	0.017234	0.308217	0.269672	0.444519	0.275620	0.020976	0.061711	0.127209	0.069965	1,2,2,2,2,2	0.525730	0.598776	0.948939	0.948939	0.948939	0.948939	0.948939	
93000	-115401	1,2,2,3,2,1	1.095074	6.325801	5.621379	5.621379	5.157505	5.621379	6.325801	1,1,1,1,1,1	0.000000	0.013999	0.525014	0.124840	0.336147	0.013999	0.525014	0.124840	0.336147	0.013999	0.525014	0.124840	0.336147	0.013999	0.525014	0.124840	0.336147	0.013999	0.525014	0.124840	0.336147	0.013999	0.525014	0.124840	0.336147	1,2,3,4,5,6	25.888419	0.033942	0.237904	0.075059	0.237000	0.288840	0.127255	0.424132	0.002456	0.037170	0.210419	0.181857	0.143966	0.288050	0.051697	0.051837	0.201640	0.384053	0.022723	0.006739	0.081412	0.125929	0.255584	0.009554	0.520781	0.112776	0.113085	0.100043	0.063348	0.391933	0.218815	0.151006	0.069333	0.295904	0.114643	0.283428	0.085686	1,1,1,1,1,1	0.000000	0.919134	0.919134	0.919134	0.919134	0.919134	0.919134	
94000	-116677	1,2,3,4,5,6	4.326153	6.316667	5.667257	5.548383	4.813931	6.371730	6.014598	1,1,1,1,1,1	0.000000	0.014737	0.516964	0.132888	0.335412	0.014737	0.516964	0.132888	0.335412	0.014737	0.516964	0.132888	0.335412	0.014737	0.516964	0.132888	0.335412	0.014737	0.516964	0.132888	0.335412	0.014737	0.516964	0.132888	0.335412	1,2,3,4,5,6	24.400118	0.014051	0.167329	0.198504	0.334542	0.282309	0.003265	0.365055	0.185181	0.206789	0.060022	0.058038	0.124915	0.001050	0.495013	0.179456	0.065178	0.208113	0.051190	0.130991	0.207599	0.117572	0.147164	0.123136	0.273538	0.289421	0.179439	0.188215	0.002159	0.162609	0.178157	0.110050	0.072039	0.140904	0.203584	0.269738	0.203685	1,2,2,2,2,2	1.930044	0.613204	0.922262	0.922262	0.922262	0.922262	0.922262	
95000	-116233	1,1,1,1,1,1	0.000000	6.018179	6.018179	6.018179	6.018179	6.018179	6.018179	1,1,1,1,1,1	0.000000	0.014821	0.503196	0.123303	0.358679	0.014821	0.503196	0.123303	0.358679	0.014821	0.503196	0.123303	0.358679	0.014821	0.503196	0.123303	0.358679	0.014821	0.503196	0.123303	0.358679	0.014821	0.503196	0.123303	0.358679	1,2,3,4,5,6	10.053507	0.038683	0.384107	0.264487	0.176547	0.094766	0.041411	0.232704	0.235816	0.063034	0.183809	0.150233	0.134404	0.215607	0.087409	0.158079	0.286101	0.227896	0.024910	0.041530	0.247924	0.014101	0.492696	0.024307	0.179442	0.329458	0.001398	0.033406	0.125810	0.305375	0.204553	0.372078	0.037541	0.012240	0.130509	0.281004	0.166628	1,2,2,1,2,2	0.136262	0.701541	0.928905	0.928905	0.701541	0.928905	0.928905	
96000	-115798	1,1,1,1,1,1	0.000000	5.866537	5.866537	5.866537	5.866537	5.866537	5.866537	1,1,1,1,1,1	0.000000	0.017541	0.512293	0.131945	0.338220	0.017541	0.512293	0.131945	0.338220	0.017541	0.512293	0.131945	0.338220	0.017541	0.512293	0.131945	0.338220	0.017541	0.512293	0.131945	0.338220	0.017541	0.512293	0.131945	0.338220	1,2,3,4,5,2	2.017683	0.075426	0.125861	0.162641	0.293440	0.245900	0.096731	0.332253	0.235983	0.015891	0.122935	0.190253	0.102684	0.007207	0.369841	0.042236	0.138340	0.427962	0.014413	0.114046	0.044364	0.002282	0.323123	0.024989	0.491196	0.106454	0.277340	0.086673	0.098157	0.331489	0.099888	0.332253	0.235983	0.015891	0.122935	0.190253	0.102684	1,1,1,1,1,1	0.000000	0.836572	0.836572	0.836572	0.836572	0.836572	0.836572	
97000	-115494	1,2,1,3,1,1	1.183227	5.713682	5.351645	5.713682	4.831587	5.713682	5.713682	1,1,1,1,1,1	0.000000	0.013990	0.522548	0.108883	0.354580	0.013990	0.522548	0.108883	0.354580	0.013990	0.522548	0.108883	0.354580	0.013990	0.522548	0.108883	0.354580	0.013990	0.522548	0.108883	0.354580	0.013990	0.522548	0.108883	0.354580	1,2,3,4,5,6	10.446727	0.097953	0.009382	0.181308	0.318930	0.243795	0.148632	0.490320	0.360045	0.012420	0.020755	0.028413	0.088046	0.061499	0.225072	0.041622	0.100170	0.385441	0.186195	0.163194	0.085475	0.183932	0.188934	0.010386	0.368080	0.064463	0.030276	0.149365	0.088489	0.332472	0.334934	0.203030	0.242980	0.179703	0.122667	0.130967	0.120652	1,2,2,2,2,2	0.568430	0.589107	0.905538	0.905538	0.905538	0.905538	0.905538	
98000	-115662	1,2,3,2,4,3	2.182962	6.219008	5.541890	5.720512	5.541890	6.059486	5.720512	1,1,1,1,1,1	0.000000	0.016975	0.526069	0.115083	0.341873	0.016975	0.526069	0.115083	0.341873	0.016975	0.526069	0.115083	0.341873	0.016975	0.526069	0.115083	0.341873	0.016975	0.526069	0.115083	0.341873	0.016975	0.526069	0.115083	0.341873	1,2,1,3,4,2	0.825240	0.103349	0.036263	0.187003	0.256197	0.400105	0.017083	0.323579	0.094235	0.155111	0.131103	0.169429	0.126543	0.103349	0.036263	0.187003	0.256197	0.400105	0.017083	0.126548	0.416388	0.149658	0.128718	0.040017	0.138670	0.033745	0.015225	0.211026	0.082235	0.343095	0.314675	0.323579	0.094235	0.155111	0.131103	0.169429	0.126543	1,2,2,2,2,2	0.554642	0.630839	0.936373	0.936373	0.936373	0.936373	0.936373	
99000	-115639	1,1,1,1,1,1	0.000000	5.785141	5.785141	5.785141	5.785141	5.785141	5.785141	1,1,1,1,1,1	0.000000	0.013526	0.528066	0.118791	0.339617	0.013526	0.528066	0.118791	0.339617	0.013526	0.528066	0.118791	0.339617	0.013526	0.528066	0.118791	0.339617	0.013526	0.528066	0.118791	0.339617	0.013526	0.528066	0.118791	0.339617	1,2,3,4,5,2	2.351518	0.057115	0.284465	0.071633	0.286840	0.198968	0.100978	0.434576	0.097999	0.113086	0.151770	0.133231	0.069337	0.124711	0.124519	0.069379	0.086383	0.490575	0.104433	0.306158	0.170822	0.104727	0.113315	0.004331	0.300647	0.179944	0.046605	0.365636	0.012993	0.223450	0.171372	0.434576	0.097999	0.113086	0.151770	0.133231	0.069337	1,2,2,3,4,2	4.360713	0.684028	0.906627	0.906627	0.754428	0.999260	0.906627	
100000	-115725	1,1,1,1,1,1	0.000005	5.832172	5.832172	5.832172	5.832172	5.832172	5.832172	1,1,1,1,1,1	0.000000	0.015181	0.544965	0.120602	0.319251	0.015181	0.544965	0.120602	0.319251	0.015181	0.544965	0.120602	0.319251	0.015181	0.544965	0.120602	0.319251	0.015181	0.544965	0.120602	0.319251	0.015181	0.544965	0.120602	0.319251	1,2,1,3,4,2	4.013862	0.006714	0.285743	0.381844	0.110648	0.186311	0.028739	0.463661	0.061679	0.237780	0.051670	0.112744	0.072465	0.006714	0.285743	0.381844	0.110648	0.186311	0.028739	0.245102	0.142839	0.026287	0.352354	0.009530	0.223888	0.087977	0.039469	0.071901	0.180549	0.253645	0.366459	0.463661	0.061679	0.237780	0.051670	0.112744	0.072465	1,1,1,1,1,1	0.000000	0.848939	0.848939	0.848939	0.848939	0.848939	0.848939	
101000	-115860	1,1,1,1,1,1	0.000000	6.205813	6.205813	6.205813	6.205813	6.205813	6.205813	1,1,1,1,1,1	0.000000	0.012866	0.531374	0.114375	0.341385	0.012866	0.531374	0.114375	0.341385	0.012866	0.531374	0.114375	0.341385	0.012866	0.531374	0.114375	0.341385	0.012866	0.531374	0.114375	0.341385	0.012866	0.531374	0.114375	0.341385	1,2,1,3,4,5	6.643305	0.067874	0.383442	0.257213	0.106131	0.139947	0.045394	0.510123	0.200619	0.047132	0.068882	0.102474	0.070770	0.067874	0.383442	0.257213	0.106131	0.139947	0.045394	0.159836	0.005520	0.037412	0.387533	0.103876	0.305823	0.072557	0.040645	0.183004	0.139768	0.290106	0.273920	0.424860	0.159305	0.146541	0.072805	0.138215	0.058274	1,1,1,1,1,1	0.000000	0.901486	0.901486	0.901486	0.901486	0.901486	0.901486	
102000	-115718	1,2,2,2,1,1	1.604490	5.851132	5.398586	5.398586	5.398586	5.851132	5.851132	1,1,1,1,1,1	0.000000	0.012142	0.486343	0.117536	0.383979	0.012142	0.486343	0.117536	0.383979	0.012142	0.486343	0.117536	0.383979	0.012142	0.486343	0.117536	0.383979	0.012142	0.486343	0.117536	0.383979	0.012142	0.486343	0.117536	0.383979	1,2,1,3,4,2	0.500188	0.023631	0.470809	0.063709	0.214005	0.187957	0.039889	0.432228	0.217174	0.082455	0.099739	0.095848	0.072556	0.023631	0.470809	0.063709	0.214005	0.187957	0.039889	0.070403	0.182904	0.535919	0.071068	0.027854	0.111852	0.118098	0.052724	0.382056	0.055080	0.196893	0.195149	0.432228	0.217174	0.082455	0.099739	0.095848	0.072556	1,2,3,2,2,2	5.181181	0.540840	0.912870	0.968721	0.912870	0.912870	0.912870	
103000	-115719	1,2,2,3,3,1	1.470778	6.104843	5.613604	5.613604	6.365956	6.365956	6.104843	1,1,1,1,1,1	0.000000	0.016291	0.505296	0.129312	0.349101	0.016291	0.505296	0.129312	0.349101	0.016291	0.505296	0.129312	0.349101	0.016291	0.505296	0.129312	0.349101	0.016291	0.505296	0.129312	0.349101	0.016291	0.505296	0.129312	0.349101	1,2,1,3,4,2	2.642468	0.123105	0.002686	0.089630	0.241946	0.437025	0.105607	0.559830	0.107126	0.042886	0.094294	0.126841	0.069022	0.123105	0.002686	0.089630	0.241946	0.437025	0.105607	0.137723	0.089297	0.107077	0.206971	0.073666	0.385266	0.008043	0.055239	0.164803	0.150906	0.285578	0.335432	0.559830	0.107126	0.042886	0.094294	0.126841	0.069022	1,1,1,1,1,1	0.000000	0.835044	0.835044	0.835044	0.835044	0.835044	0.835044	
104000	-115764	1,2,1,1,1,1	2.035774	5.959808	5.661764	5.959808	5.959808	5.959808	5.959808	1,2,1,2,1,1	0.000717	0.026421	0.550042	0.088518	0.335018	0.017746	0.496663	0.148416	0.337175	0.026421	0.550042	0.088518	0.335018	0.017746	0.496663	0.148416	0.337175	0.026421	0.550042	0.088518	0.335018	0.026421	0.550042	0.088518	0.335018	1,2,3,4,5,6	7.089156	0.093273	0.209526	0.161823	0.247715	0.230622	0.057041	0.390621	0.082547	0.026077	0.197734	0.254007	0.049013	0.052198	0.090707	0.284022	0.213203	0.335246	0.024625	0.173189	0.163959	0.040561	0.380156	0.039609	0.202526	0.067515	0.051361	0.127835	0.118814	0.195301	0.439174	0.197540	0.125357	0.058253	0.163175	0.321337	0.134339	1,2,2,3,2,3	2.611267	0.693384	0.965058	0.965058	0.905387	0.965058	0.905387	
105000	-116336	1,2,1,2,1,3	1.046323	5.996600	5.092367	5.996600	5.092367	5.996600	5.914877	1,1,1,1,1,1	0.003367	0.013054	0.492219	0.121972	0.372756	0.013054	0.492219	0.121972	0.372756	0.013054	0.492219	0.121972	0.372756	0.013054	0.492219	0.121972	0.372756	0.013054	0.492219	0.121972	0.372756	0.013054	0.492219	0.121972	0.372756	1,2,1,3,4,2	6.848719	0.221615	0.227023	0.025771	0.190961	0.308599	0.026032	0.420549	0.246008	0.010015	0.077225	0.153712	0.092491	0.221615	0.227023	0.025771	0.190961	0.308599	0.026032	0.324173	0.011125	0.188270	0.095758	0.050401	0.330273	0.281128	0.371980	0.024923	0.058202	0.119455	0.144312	0.420549	0.246008	0.010015	0.077225	0.153712	0.092491	1,2,2,2,2,2	1.829375	0.578527	0.881902	0.881902	0.881902	0.881902	0.881902	
106000	-115908	1,2,1,3,2,3	4.712457	5.987378	6.368155	5.987378	5.705989	6.368155	5.705989	1,1,1,1,1,1	0.000000	0.013394	0.531979	0.114405	0.340222	0.013394	0.531979	0.114405	0.340222	0.013394	0.531979	0.114405	0.340222	0.013394	0.531979	0.114405	0.340222	0.013394	0.531979	0.114405	0.340222	0.013394	0.531979	0.114405	0.340222	1,2,1,3,4,5	7.143967	0.038846	0.108224	0.268983	0.244037	0.248839	0.091071	0.304979	0.536538	0.104527	0.025801	0.017051	0.011104	0.038846	0.108224	0.268983	0.244037	0.248839	0.091071	0.048999	0.025731	0.332976	0.125544	0.046923	0.419827	0.174751	0.017717	0.492755	0.069265	0.189046	0.056466	0.321893	0.102128	0.144912	0.170551	0.158309	0.102207	1,2,2,2,2,2	0.120981	0.520439	0.879750	0.879750	0.879750	0.879750	0.879750	
107000	-115829	1,1,1,1,1,1	0.000000	5.915321	5.915321	5.915321	5.915321	5.915321	5.915321	1,1,1,1,1,1	0.000000	0.013500	0.518081	0.135286	0.333132	0.013500	0.518081	0.135286	0.333132	0.013500	0.518081	0.135286	0.333132	0.013500	0.518081	0.135286	0.333132	0.013500	0.518081	0.135286	0.333132	0.013500	0.518081	0.135286	0.333132	1,2,3,4,5,2	16.586559	0.053423	0.017759	0.337245	0.238423	0.291663	0.061487	0.486626	0.092135	0.036219	0.102719	0.153066	0.129235	0.129486	0.068279	0.134121	0.168075	0.437529	0.062510	0.043223	0.559902	0.023957	0.071978	0.043864	0.257076	0.020390	0.133247	0.107029	0.011658	0.365650	0.362027	0.486626	0.092135	0.036219	0.102719	0.153066	0.129235	1,2,2,2,2,2	0.602964	0.592577	0.871033	0.871033	0.871033	0.871033	0.871033	
108000	-115722	1,2,3,2,4,4	2.330957	6.352648	5.304373	5.634275	5.304373	6.059439	6.059439	1,1,1,1,1,1	0.000000	0.017068	0.524403	0.121417	0.337112	0.017068	0.524403	0.121417	0.337112	0.017068	0.524403	0.121417	0.337112	0.017068	0.524403	0.121417	0.337112	0.017068	0.524403	0.121417	0.337112	0.017068	0.524403	0.121417	0.337112	1,2,3,4,5,2	1.077145	0.026950	0.094755	0.110150	0.307131	0.456824	0.004190	0.387118	0.119806	0.087156	0.152625	0.145484	0.107811	0.079397	0.120628	0.073952	0.185189	0.451458	0.089376	0.076507	0.201862	0.328869	0.136553	0.052704	0.203504	0.171179	0.145944	0.197593	0.060745	0.269182	0.155356	0.387118	0.119806	0.087156	0.152625	0.145484	0.107811	1,2,2,2,2,2	0.115886	0.405799	0.945873	0.945873	0.945873	0.945873	0.945873	
109000	-115500	1,1,1,1,1,1	0.000000	5.927465	5.927465	5.927465	5.927465	5.927465	5.927465	1,1,1,1,1,1	0.000000	0.017743	0.528099	0.116517	0.337642	0.017743	0.528099	0.116517	0.337642	0.017743	0.528099	0.116517	0.337642	0.017743	0.528099	0.116517	0.337642	0.017743	0.528099	0.116517	0.337642	0.017743	0.528099	0.116517	0.337642	1,2,3,4,5,6	1.614221	0.152586	0.163884	0.331205	0.121504	0.172719	0.058102	0.511327	0.106687	0.175640	0.066661	0.093044	0.046641	0.161572	0.101733	0.017955	0.341831	0.342332	0.034578	0.000407	0.301758	0.248702	0.254559	0.008110	0.186464	0.027384	0.239085	0.002624	0.019724	0.422468	0.288715	0.199525	0.249771	0.049872	0.117982	0.235792	0.147059	1,2,2,2,3,4	3.138814	0.670259	0.881420	0.881420	0.881420	0.873913	0.924192	
110000	-117106	1,2,1,2,1,1	0.153034	5.884922	5.408704	5.884922	5.408704	5.884922	5.884922	1,1,1,1,1,1	0.000000	0.016785	0.538183	0.111494	0.333538	0.016785	0.538183	0.111494	0.333538	0.016785	0.538183	0.111494	0.333538	0.016785	0.538183	0.111494	0.333538	0.016785	0.538183	0.111494	0.333538	0.016785	0.538183	0.111494	0.333538	1,2,3,4,5,3	9.017465	0.063110	0.173501	0.482341	0.127967	0.110579	0.042502	0.436653	0.089307	0.073930	0.077488	0.111294	0.211329	0.173669	0.353441	0.094015	0.072627	0.216275	0.089973	0.111234	0.004768	0.058563	0.098372	0.145406	0.581657	0.090592	0.462956	0.071526	0.064883	0.112660	0.197383	0.173669	0.353441	0.094015	0.072627	0.216275	0.089973	1,1,1,1,1,1	0.000000	0.836955	0.836955	0.836955	0.836955	0.836955	0.836955	
111000	-116029	1,2,1,3,1,1	2.639253	5.988212	5.366469	5.988212	5.315973	5.988212	5.988212	1,1,1,1,1,1	0.000000	0.016625	0.521820	0.131172	0.330383	0.016625	0.521820	0.131172	0.330383	0.016625	0.521820	0.131172	0.330383	0.016625	0.521820	0.131172	0.330383	0.016625	0.521820	0.131172	0.330383	0.016625	0.521820	0.131172	0.330383	1,2,3,4,5,2	21.472716	0.019906	0.202720	0.212270	0.116829	0.352240	0.096034	0.297048	0.188560	0.171732	0.073465	0.167922	0.101273	0.077463	0.141508	0.174424	0.125568	0.462603	0.018434	0.250062	0.041743	0.176481	0.220204	0.084916	0.226594	0.109474	0.319980	0.252226	0.063349	0.143044	0.111927	0.297048	0.188560	0.171732	0.073465	0.167922	0.101273	1,2,2,2,3,3	1.570561	0.479602	0.883795	0.883795	0.883795	1.001909	1.001909	
112000	-115650	1,1,2,3,4,4	1.847136	5.894797	5.894797	5.556117	5.457403	5.970257	5.970257	1,1,1,1,1,1	0.000000	0.016726	0.516362	0.130899	0.336013	0.016726	0.516362	0.130899	0.336013	0.016726	0.516362	0.130899	0.336013	0.016726	0.516362	0.130899	0.336013	0.016726	0.516362	0.130899	0.336013	0.016726	0.516362	0.130899	0.336013	1,2,1,3,4,2	6.382074	0.037965	0.048729	0.303676	0.196015	0.365612	0.048003	0.261325	0.303898	0.074353	0.102162	0.211584	0.046677	0.037965	0.048729	0.303676	0.196015	0.365612	0.048003	0.067558	0.129214	0.014055	0.339336	0.010641	0.439195	0.108529	0.141176	0.049683	0.028113	0.316335	0.356163	0.261325	0.303898	0.074353	0.102162	0.211584	0.046677	1,2,2,2,2,2	0.692979	0.678556	0.866698	0.866698	0.866698	0.866698	0.866698	
113000	-115540	1,1,1,1,1,1	0.000000	5.987232	5.987232	5.987232	5.987232	5.987232	5.987232	1,1,1,1,1,1	0.000000	0.015288	0.515372	0.118313	0.351028	0.015288	0.515372	0.118313	0.351028	0.015288	0.515372	0.118313	0.351028	0.015288	0.515372	0.118313	0.351028	0.015288	0.515372	0.118313	0.351028	0.015288	0.515372	0.118313	0.351028	1,2,1,3,4,5	9.644824	0.065628	0.325052	0.132066	0.172119	0.266115	0.039019	0.433969	0.285421	0.122036	0.109899	0.041469	0.007206	0.065628	0.325052	0.132066	0.172119	0.266115	0.039019	0.142754	0.223777	0.143537	0.251327	0.022354	0.216252	0.022625	0.291831	0.103063	0.097447	0.310343	0.174691	0.284800	0.150599	0.149499	0.077015	0.287182	0.050905	1,2,2,2,2,2	0.604174	0.621531	0.904517	0.904517	0.904517	0.904517	0.904517	
114000	-115942	1,2,1,3,1,4	4.785402	5.992583	5.535750	5.992583	5.429469	5.992583	6.248068	1,1,1,1,1,1	0.000000	0.014462	0.522287	0.113497	0.349755	0.014462	0.522287	0.113497	0.349755	0.014462	0.522287	0.113497	0.349755	0.014462	0.522287	0.113497	0.349755	0.014462	0.522287	0.113497	0.349755	0.014462	0.522287	0.113497	0.349755	1,2,3,4,5,2	10.184523	0.086222	0.223350	0.147883	0.196819	0.190687	0.155039	0.467362	0.152636	0.015298	0.124993	0.113761	0.125950	0.158270	0.629565	0.052628	0.042288	0.116224	0.001024	0.005800	0.326676	0.017087	0.378536	0.073835	0.198066	0.104752	0.439731	0.105493	0.037574	0.133991	0.178458	0.467362	0.152636	0.015298	0.124993	0.113761	0.125950	1,2,2,2,2,2	0.092643	0.555126	0.948752	0.948752	0.948752	0.948752	0.948752	
115000	-116446	1,2,3,2,1,1	0.645611	6.191562	5.335190	5.456813	5.335190	6.191562	6.191562	1,1,1,1,1,1	0.000000	0.015819	0.495808	0.124830	0.363543	0.015819	0.495808	0.124830	0.363543	0.015819	0.495808	0.124830	0.363543	0.015819	0.495808	0.124830	0.363543	0.015819	0.495808	0.124830	0.363543	0.015819	0.495808	0.124830	0.363543	1,2,1,3,4,4	2.719882	0.130145	0.086502	0.153622	0.209915	0.381339	0.038476	0.261916	0.065766	0.103234	0.305970	0.167292	0.095822	0.130145	0.086502	0.153622	0.209915	0.381339	0.038476	0.113208	0.452416	0.177291	0.041260	0.033879	0.181947	0.235057	0.046451	0.138622	0.108160	0.283220	0.188490	0.235057	0.046451	0.138622	0.108160	0.283220	0.188490	1,1,1,1,1,1	0.000000	0.864638	0.864638	0.864638	0.864638	0.864638	0.864638	
116000	-115314	1,2,3,4,1,5	3.808688	5.946618	5.313949	5.727155	6.180450	5.946618	6.273471	1,1,1,1,1,1	0.000000	0.023345	0.508097	0.124077	0.344482	0.023345	0.508097	0.124077	0.344482	0.023345	0.508097	0.124077	0.344482	0.023345	0.508097	0.124077	0.344482	0.023345	0.508097	0.124077	0.344482	0.023345	0.508097	0.124077	0.344482	1,2,3,4,5,6	5.269919	0.212908	0.052527	0.317712	0.125474	0.209092	0.082287	0.357183	0.070021	0.263010	0.108419	0.073846	0.127522	0.125188	0.337616	0.154192	0.156193	0.219824	0.006988	0.028232	0.277850	0.163084	0.256201	0.009392	0.265241	0.026574	0.036185	0.035617	0.157809	0.484293	0.259522	0.244686	0.127902	0.027143	0.167878	0.287000	0.145391	1,1,1,1,1,1	0.000000	0.837775	0.837775	0.837775	0.837775	0.837775	0.837775	
117000	-116041	1,2,3,3,1,1	1.504988	6.141948	5.744007	5.645000	5.645000	6.141948	6.141948	1,1,1,1,1,1	0.000000	0.018780	0.538207	0.121524	0.321490	0.018780	0.538207	0.121524	0.321490	0.018780	0.538207	0.121524	0.321490	0.018780	0.538207	0.121524	0.321490	0.018780	0.538207	0.121524	0.321490	0.018780	0.538207	0.121524	0.321490	1,2,1,3,4,2	7.596788	0.149610	0.196370	0.123489	0.190900	0.293663	0.045969	0.543430	0.077369	0.098388	0.079757	0.136632	0.064425	0.149610	0.196370	0.123489	0.190900	0.293663	0.045969	0.258159	0.438387	0.060574	0.149290	0.028990	0.064599	0.164690	0.365805	0.102696	0.023024	0.163733	0.180052	0.543430	0.077369	0.098388	0.079757	0.136632	0.064425	1,2,2,2,2,2	4.463845	0.629568	0.891444	0.891444	0.891444	0.891444	0.891444	
118000	-115399	1,1,1,1,1,1	0.000000	6.150038	6.150038	6.150038	6.150038	6.150038	6.150038	1,1,1,1,1,1	0.000000	0.012432	0.530381	0.112339	0.344848	0.012432	0.530381	0.112339	0.344848	0.012432	0.530381	0.112339	0.344848	0.012432	0.530381	0.112339	0.344848	0.012432	0.530381	0.112339	0.344848	0.012432	0.530381	0.112339	0.344848	1,2,1,3,4,5	12.100781	0.035371	0.104986	0.112588	0.273387	0.396168	0.077500	0.300269	0.236079	0.306436	0.029786	0.040666	0.086764	0.035371	0.104986	0.112588	0.273387	0.396168	0.077500	0.157364	0.019469	0.429340	0.105561	0.014825	0.273441	0.161323	0.127990	0.236343	0.092224	0.206647	0.175473	0.390617	0.170472	0.038721	0.101350	0.241247	0.057592	1,2,2,2,2,2	0.016084	0.696019	0.925005	0.925005	0.925005	0.925005	0.925005	
119000	-115651	1,2,3,4,5,6	1.008260	5.537421	5.415077	6.312639	5.407951	6.301004	6.090822	1,1,1,1,1,1	0.000000	0.019094	0.523927	0.119124	0.337855	0.019094	0.523927	0.119124	0.337855	0.019094	0.523927	0.119124	0.337855	0.019094	0.523927	0.119124	0.337855	0.019094	0.523927	0.119124	0.337855	0.019094	0.523927	0.119124	0.337855	1,2,3,4,5,6	13.586634	0.062684	0.091121	0.070769	0.310947	0.302448	0.162030	0.278935	0.020643	0.487858	0.049417	0.085853	0.077294	0.099477	0.409164	0.033017	0.067518	0.372145	0.018678	0.148202	0.350654	0.121127	0.151904	0.016465	0.211649	0.166711	0.050140	0.542025	0.045639	0.095303	0.100181	0.152875	0.233479	0.022631	0.126016	0.283135	0.181864	1,1,2,1,2,2	1.051995	0.677731	0.677731	0.891094	0.677731	0.891094	0.891094	
120000	-115867	1,2,2,3,1,4	20.447595	6.014901	5.558939	5.558939	5.771063	6.014901	5.957490	1,1,1,1,1,1	0.000000	0.019495	0.529161	0.127603	0.323741	0.019495	0.529161	0.127603	0.323741	0.019495	0.529161	0.127603	0.323741	0.019495	0.529161	0.127603	0.323741	0.019495	0.529161	0.127603	0.323741	0.019495	0.529161	0.127603	0.323741	1,2,3,4,5,5	18.785824	0.135820	0.012163	0.107344	0.263563	0.370558	0.110553	0.245987	0.174472	0.079394	0.244672	0.145438	0.110037	0.125469	0.062601	0.151357	0.242321	0.348731	0.069521	0.002021	0.402893	0.424893	0.062600	0.017585	0.090008	0.284150	0.012039	0.243250	0.112929	0.236095	0.111537	0.284150	0.012039	0.243250	0.112929	0.236095	0.111537	1,2,2,2,2,2	0.333476	0.586196	0.921717	0.921717	0.921717	0.921717	0.921717	
121000	-115851	1,2,3,3,1,3	2.346158	6.111898	5.699646	5.832533	5.832533	6.111898	5.832533	1,1,1,1,1,1	0.000000	0.016193	0.537829	0.135700	0.310277	0.016193	0.537829	0.135700	0.310277	0.016193	0.537829	0.135700	0.310277	0.016193	0.537829	0.135700	0.310277	0.016193	0.537829	0.135700	0.310277	0.016193	0.537829	0.135700	0.310277	1,2,3,4,5,6	10.570664	0.099520	0.001978	0.309861	0.306227	0.257647	0.024767	0.303488	0.389342	0.035716	0.096919	0.063772	0.110762	0.061697	0.028875	0.308575	0.127087	0.434495	0.039271	0.012499	0.502645	0.028231	0.210401	0.038430	0.207794	0.005037	0.219587	0.371407	0.038261	0.112227	0.253480	0.180698	0.379231	0.136345	0.120094	0.174701	0.008931	1,2,1,3,3,2	1.531944	0.838931	0.939810	0.838931	0.986363	0.986363	0.939810	
122000	-115297	1,1,2,3,1,1	5.612712	5.852786	5.852786	5.849430	5.642061	5.852786	5.852786	1,1,1,1,1,1	0.000000	0.014633	0.525642	0.139277	0.320447	0.014633	0.525642	0.139277	0.320447	0.014633	0.525642	0.139277	0.320447	0.014633	0.525642	0.139277	0.320447	0.014633	0.525642	0.139277	0.320447	0.014633	0.525642	0.139277	0.320447	1,2,3,4,5,6	2.782256	0.061269	0.175867	0.156601	0.174335	0.304899	0.127029	0.292468	0.057309	0.545440	0.041664	0.043186	0.019933	0.044401	0.130889	0.170431	0.150406	0.419039	0.084834	0.076772	0.078719	0.213443	0.305386	0.037074	0.288605	0.302770	0.042487	0.109726	0.089499	0.211728	0.243791	0.179930	0.101331	0.397130	0.080231	0.162483	0.078894	1,2,2,2,2,2	0.512201	0.676651	0.930487	0.930487	0.930487	0.930487	0.930487	
123000	-115952	1,2,1,2,1,1	0.013273	5.961203	4.947706	5.961203	4.947706	5.961203	5.961203	1,1,1,1,1,1	0.000000	0.015808	0.532518	0.112603	0.339071	0.015808	0.532518	0.112603	0.339071	0.015808	0.532518	0.112603	0.339071	0.015808	0.532518	0.112603	0.339071	0.015808	0.532518	0.112603	0.339071	0.015808	0.532518	0.112603	0.339071	1,2,1,3,4,4	1.841229	0.133603	0.356763	0.260579	0.095008	0.128283	0.025764	0.247191	0.054104	0.136854	0.255145	0.142241	0.164465	0.133603	0.356763	0.260579	0.095008	0.128283	0.025764	0.283497	0.088496	0.082712	0.216879	0.047263	0.281153	0.219452	0.058783	0.335911	0.051214	0.206676	0.127964	0.219452	0.058783	0.335911	0.051214	0.206676	0.127964	1,2,2,2,2,2	0.374295	0.682318	0.863324	0.863324	0.863324	0.863324	0.863324	
124000	-115824	1,2,2,2,1,1	0.270983	5.994384	5.324092	5.324092	5.324092	5.994384	5.994384	1,1,1,1,1,1	0.000000	0.011368	0.518724	0.129227	0.340681	0.011368	0.518724	0.129227	0.340681	0.011368	0.518724	0.129227	0.340681	0.011368	0.518724	0.129227	0.340681	0.011368	0.518724	0.129227	0.340681	0.011368	0.518724	0.129227	0.340681	1,2,1,3,4,4	0.728137	0.148734	0.307600	0.072197	0.194734	0.215992	0.060742	0.393100	0.333478	0.007923	0.141572	0.086163	0.037764	0.148734	0.307600	0.072197	0.194734	0.215992	0.060742	0.153943	0.488710	0.122227	0.065338	0.023185	0.146597	0.286986	0.026297	0.353479	0.065999	0.173403	0.093836	0.286986	0.026297	0.353479	0.065999	0.173403	0.093836	1,2,2,2,2,2	0.953755	0.633993	0.896797	0.896797	0.896797	0.896797	0.896797	
125000	-115445	1,2,3,4,3,5	3.245960	6.150409	5.458961	5.957892	6.501314	5.957892	6.029384	1,1,1,1,1,1	0.000000	0.013392	0.529671	0.134350	0.322587	0.013392	0.529671	0.134350	0.322587	0.013392	0.529671	0.134350	0.322587	0.013392	0.529671	0.134350	0.322587	0.013392	0.529671	0.134350	0.322587	0.013392	0.529671	0.134350	0.322587	1,2,1,3,4,2	1.049083	0.009493	0.238513	0.248068	0.121480	0.281653	0.100793	0.429426	0.095602	0.095149	0.128542	0.194535	0.056745	0.009493	0.238513	0.248068	0.121480	0.281653	0.100793	0.002689	0.102485	0.068269	0.251294	0.007771	0.567492	0.002423	0.462816	0.202472	0.066796	0.159153	0.106339	0.429426	0.095602	0.095149	0.128542	0.194535	0.056745	1,2,2,2,2,2	4.827107	0.549098	0.937937	0.937937	0.937937	0.937937	0.937937	
126000	-115739	1,2,2,2,1,1	0.465461	5.993353	5.599268	5.599268	5.599268	5.993353	5.993353	1,1,1,1,1,1	0.000000	0.013165	0.540009	0.120136	0.326689	0.013165	0.540009	0.120136	0.326689	0.013165	0.540009	0.120136	0.326689	0.013165	0.540009	0.120136	0.326689	0.013165	0.540009	0.120136	0.326689	0.013165	0.540009	0.120136	0.326689	1,2,1,3,4,4	2.116685	0.044608	0.496527	0.087499	0.130553	0.206934	0.033879	0.520683	0.062682	0.038314	0.181928	0.082472	0.113920	0.044608	0.496527	0.087499	0.130553	0.206934	0.033879	0.265084	0.121888	0.027739	0.345788	0.040921	0.198580	0.210961	0.211773	0.208616	0.038782	0.171153	0.158715	0.210961	0.211773	0.208616	0.038782	0.171153	0.158715	1,2,2,2,2,2	0.154224	0.659661	0.907481	0.907481	0.907481	0.907481	0.907481	
127000	-115302	1,1,1,1,1,1	0.000000	5.838253	5.838253	5.838253	5.838253	5.838253	5.838253	1,1,1,1,1,1	0.000000	0.016229	0.542498	0.117475	0.323799	0.016229	0.542498	0.117475	0.323799	0.016229	0.542498	0.117475	0.323799	0.016229	0.542498	0.117475	0.323799	0.016229	0.542498	0.117475	0.323799	0.016229	0.542498	0.117475	0.323799	1,2,1,3,4,5	4.567354	0.076499	0.202085	0.150602	0.275376	0.269803	0.025635	0.641458	0.056130	0.073601	0.079284	0.114821	0.034706	0.076499	0.202085	0.150602	0.275376	0.269803	0.025635	0.011082	0.050302	0.353411	0.148674	0.015866	0.420664	0.036831	0.344293	0.123101	0.016332	0.278144	0.201299	0.411021	0.066127	0.079798	0.107340	0.169727	0.165986	1,1,1,1,1,1	0.000000	0.856429	0.856429	0.856429	0.856429	0.856429	0.856429	
128000	-115213	1,2,3,4,5,6	11.571198	5.912913	5.072395	5.723890	5.482894	6.553621	6.148263	1,1,1,1,1,1	0.000000	0.018583	0.513670	0.128321	0.339426	0.018583	0.513670	0.128321	0.339426	0.018583	0.513670	0.128321	0.339426	0.018583	0.513670	0.128321	0.339426	0.018583	0.513670	0.128321	0.339426	0.018583	0.513670	0.128321	0.339426	1,2,3,4,5,6	9.465789	0.136027	0.034975	0.136874	0.392475	0.286191	0.013458	0.506972	0.230281	0.105322	0.074660	0.038861	0.043904	0.053064	0.447267	0.025015	0.080309	0.329791	0.064555	0.155285	0.020758	0.181075	0.339683	0.027541	0.275658	0.042973	0.268253	0.113408	0.089128	0.241742	0.244496	0.162562	0.146829	0.292537	0.100764	0.228993	0.068315	1,2,2,2,2,3	0.530027	0.613927	0.866780	0.866780	0.866780	0.866780	0.946708	
129000	-115551	1,1,1,1,1,1	0.000000	5.704520	5.704520	5.704520	5.704520	5.704520	5.704520	1,1,1,1,1,1	0.000000	0.015857	0.524224	0.113994	0.345925	0.015857	0.524224	0.113994	0.345925	0.015857	0.524224	0.113994	0.345925	0.015857	0.524224	0.113994	0.345925	0.015857	0.524224	0.113994	0.345925	0.015857	0.524224	0.113994	0.345925	1,2,3,4,5,2	6.018105	0.083549	0.279816	0.164737	0.232867	0.171631	0.067401	0.500561	0.007437	0.094936	0.109479	0.170372	0.117215	0.323034	0.006574	0.320056	0.094944	0.246428	0.008963	0.038342	0.039849	0.078685	0.321881	0.083091	0.438152	0.146454	0.075366	0.313098	0.068994	0.220784	0.175305	0.500561	0.007437	0.094936	0.109479	0.170372	0.117215	1,2,1,2,2,2	1.298704	0.797663	0.920853	0.797663	0.920853	0.920853	0.920853	
130000	-116948	1,1,1,1,1,1	0.000000	5.744117	5.744117	5.744117	5.744117	5.744117	5.744117	1,1,1,1,1,1	0.000000	0.019768	0.519143	0.129058	0.332030	0.019768	0.519143	0.129058	0.332030	0.019768	0.519143	0.129058	0.332030	0.019768	0.519143	0.129058	0.332030	0.019768	0.519143	0.129058	0.332030	0.019768	0.519143	0.129058	0.332030	1,2,1,2,3,4	0.871868	0.012522	0.189941	0.282252	0.116903	0.318334	0.080048	0.274513	0.234570	0.067661	0.118428	0.112251	0.192578	0.012522	0.189941	0.282252	0.116903	0.318334	0.080048	0.274513	0.234570	0.067661	0.118428	0.112251	0.192578	0.100863	0.008654	0.088534	0.173097	0.273871	0.354981	0.128060	0.399516	0.079093	0.091051	0.253549	0.048731	1,2,2,2,2,2	0.514692	0.534095	0.915588	0.915588	0.915588	0.915588	0.915588	
131000	-115826	1,2,3,4,4,4	4.972283	7.016230	5.622343	5.646641	5.921854	5.921854	5.921854	1,1,1,1,1,1	0.000000	0.020086	0.520870	0.137081	0.321963	0.020086	0.520870	0.137081	0.321963	0.020086	0.520870	0.137081	0.321963	0.020086	0.520870	0.137081	0.321963	0.020086	0.520870	0.137081	0.321963	0.020086	0.520870	0.137081	0.321963	1,2,1,3,4,1	4.545008	0.153115	0.318482	0.024317	0.122129	0.311078	0.070880	0.172583	0.376754	0.230801	0.131770	0.054854	0.033239	0.153115	0.318482	0.024317	0.122129	0.311078	0.070880	0.065009	0.005657	0.272780	0.221588	0.039806	0.395160	0.251953	0.148319	0.246255	0.030533	0.205002	0.117940	0.153115	0.318482	0.024317	0.122129	0.311078	0.070880	1,2,2,2,2,2	0.557214	0.512620	0.817173	0.817173	0.817173	0.817173	0.817173	
132000	-115632	1,2,3,1,1,4	1.764758	5.884080	5.999386	5.984124	5.884080	5.884080	6.426078	1,1,1,1,1,1	0.000000	0.018110	0.532207	0.126429	0.323254	0.018110	0.532207	0.126429	0.323254	0.018110	0.532207	0.126429	0.323254	0.018110	0.532207	0.126429	0.323254	0.018110	0.532207	0.126429	0.323254	0.018110	0.532207	0.126429	0.323254	1,2,3,4,5,2	3.953533	0.071754	0.264030	0.241870	0.210742	0.153413	0.058190	0.608380	0.104775	0.049189	0.064920	0.116324	0.056411	0.086926	0.329121	0.014743	0.212060	0.292535	0.064615	0.053754	0.046211	0.146263	0.384850	0.074901	0.294021	0.305564	0.130499	0.007225	0.075541	0.218215	0.262955	0.608380	0.104775	0.049189	0.064920	0.116324	0.056411	1,2,2,2,2,2	0.123774	0.784123	0.948307	0.948307	0.948307	0.948307	0.948307	
133000	-116055	1,2,3,4,5,5	7.333786	6.121626	5.247993	5.844632	6.718599	5.679078	5.679078	1,1,1,1,1,1	0.000000	0.013222	0.556823	0.121373	0.308581	0.013222	0.556823	0.121373	0.308581	0.013222	0.556823	0.121373	0.308581	0.013222	0.556823	0.121373	0.308581	0.013222	0.556823	0.121373	0.308581	0.013222	0.556823	0.121373	0.308581	1,2,1,3,4,5	8.195494	0.044549	0.157237	0.121691	0.229542	0.412876	0.034104	0.242292	0.172196	0.187642	0.112180	0.106662	0.179028	0.044549	0.157237	0.121691	0.229542	0.412876	0.034104	0.009781	0.037861	0.363746	0.059911	0.022304	0.506396	0.089006	0.190189	0.399926	0.061701	0.123915	0.135264	0.252673	0.036792	0.021526	0.104698	0.297641	0.286669	1,2,2,3,2,2	0.780765	0.552651	0.945939	0.945939	0.744243	0.945939	0.945939	
134000	-115552	1,1,1,1,1,1	0.000000	5.949675	5.949675	5.949675	5.949675	5.949675	5.949675	1,1,1,1,1,1	0.000000	0.015792	0.513259	0.128712	0.342238	0.015792	0.513259	0.128712	0.342238	0.015792	0.513259	0.128712	0.342238	0.015792	0.513259	0.128712	0.342238	0.015792	0.513259	0.128712	0.342238	0.015792	0.513259	0.128712	0.342238	1,2,3,4,5,1	5.676389	0.346490	0.094688	0.166458	0.129293	0.230610	0.032460	0.158696	0.041650	0.413991	0.155654	0.111206	0.118802	0.148018	0.131564	0.273396	0.095872	0.288014	0.063137	0.017009	0.214168	0.055805	0.406427	0.014821	0.291770	0.117627	0.132470	0.188377	0.023676	0.228296	0.309553	0.346490	0.094688	0.166458	0.129293	0.230610	0.032460	1,2,2,2,2,2	0.147439	0.676402	0.961492	0.961492	0.961492	0.961492	0.961492	
135000	-116098	1,2,3,4,5,5	26.641850	5.858226	5.326549	5.842167	6.063594	6.451740	6.451740	1,1,1,1,1,1	0.000000	0.016376	0.524917	0.130075	0.328631	0.016376	0.524917	0.130075	0.328631	0.016376	0.524917	0.130075	0.328631	0.016376	0.524917	0.130075	0.328631	0.016376	0.524917	0.130075	0.328631	0.016376	0.524917	0.130075	0.328631	1,2,3,4,5,5	8.889117	0.063624	0.263088	0.209937	0.190004	0.230381	0.042966	0.392478	0.037933	0.220912	0.098935	0.067645	0.182097	0.022593	0.390997	0.040149	0.138625	0.315117	0.092518	0.127710	0.719318	0.029148	0.044076	0.007065	0.072682	0.264271	0.043785	0.054728	0.072054	0.436027	0.129134	0.264271	0.043785	0.054728	0.072054	0.436027	0.129134	1,1,1,1,1,1	0.000000	0.848495	0.848495	0.848495	0.848495	0.848495	0.848495	
136000	-115816	1,2,1,3,1,1	1.921787	6.118136	5.197960	6.118136	5.760705	6.118136	6.118136	1,1,1,1,1,1	0.000000	0.013047	0.512005	0.125665	0.349284	0.013047	0.512005	0.125665	0.349284	0.013047	0.512005	0.125665	0.349284	0.013047	0.512005	0.125665	0.349284	0.013047	0.512005	0.125665	0.349284	0.013047	0.512005	0.125665	0.349284	1,2,3,4,5,6	2.719546	0.028241	0.139307	0.286529	0.304672	0.179759	0.061491	0.138387	0.083662	0.092849	0.151308	0.222757	0.311038	0.061057	0.222243	0.175854	0.112891	0.380303	0.047652	0.030210	0.045999	0.430582	0.162457	0.032455	0.298297	0.095865	0.097523	0.042595	0.103263	0.348804	0.311950	0.538984	0.166348	0.022597	0.099817	0.101890	0.070364	1,2,2,2,2,2	0.113848	0.552240	0.897170	0.897170	0.897170	0.897170	0.897170	
137000	-115428	1,2,3,2,1,1	3.019349	5.987611	5.156556	5.607732	5.156556	5.987611	5.987611	1,1,1,1,1,1	0.000000	0.016098	0.512606	0.113312	0.357983	0.016098	0.512606	0.113312	0.357983	0.016098	0.512606	0.113312	0.357983	0.016098	0.512606	0.113312	0.357983	0.016098	0.512606	0.113312	0.357983	0.016098	0.512606	0.113312	0.357983	1,2,1,3,4,5	7.881630	0.029609	0.234618	0.246913	0.184343	0.266870	0.037647	0.198281	0.112670	0.428332	0.122922	0.064423	0.073372	0.029609	0.234618	0.246913	0.184343	0.266870	0.037647	0.196126	0.137038	0.087880	0.214852	0.052090	0.312014	0.110337	0.423018	0.127853	0.030232	0.160310	0.148249	0.438319	0.127128	0.093906	0.064709	0.184818	0.091119	1,1,1,1,1,1	0.000000	0.858710	0.858710	0.858710	0.858710	0.858710	0.858710	
138000	-115937	1,1,1,1,1,1	0.000000	5.635653	5.635653	5.635653	5.635653	5.635653	5.635653	1,1,1,1,1,1	0.000000	0.014781	0.507919	0.142748	0.334553	0.014781	0.507919	0.142748	0.334553	0.014781	0.507919	0.142748	0.334553	0.014781	0.507919	0.142748	0.334553	0.014781	0.507919	0.142748	0.334553	0.014781	0.507919	0.142748	0.334553	1,2,1,3,4,2	0.422013	0.039961	0.294874	0.073141	0.225081	0.311458	0.055486	0.203257	0.278746	0.185602	0.080731	0.185176	0.066488	0.039961	0.294874	0.073141	0.225081	0.311458	0.055486	0.132537	0.111401	0.117418	0.183495	0.073302	0.381847	0.011268	0.256191	0.075661	0.034564	0.274198	0.348117	0.203257	0.278746	0.185602	0.080731	0.185176	0.066488	1,2,2,2,2,2	0.175171	0.560569	0.921058	0.921058	0.921058	0.921058	0.921058	
139000	-115568	1,1,1,1,1,1	0.000000	5.814794	5.814794	5.814794	5.814794	5.814794	5.814794	1,1,1,1,1,1	0.000000	0.011803	0.528478	0.133943	0.325777	0.011803	0.528478	0.133943	0.325777	0.011803	0.528478	0.133943	0.325777	0.011803	0.528478	0.133943	0.325777	0.011803	0.528478	0.133943	0.325777	0.011803	0.528478	0.133943	0.325777	1,2,3,4,5,2	3.061901	0.021770	0.008534	0.135414	0.344650	0.448778	0.040853	0.332143	0.352595	0.068582	0.063780	0.121066	0.061833	0.005080	0.118652	0.143669	0.201932	0.461232	0.069436	0.251580	0.020094	0.416340	0.103748	0.019155	0.189083	0.137008	0.027502	0.010878	0.059728	0.346790	0.418096	0.332143	0.352595	0.068582	0.063780	0.121066	0.061833	1,2,2,2,2,2	0.178332	0.576441	0.927641	0.927641	0.927641	0.927641	0.927641	
140000	-115485	1,2,3,4,3,5	1.566243	6.033222	5.398114	5.725772	6.032604	5.725772	6.350703	1,2,1,1,1,1	0.307562	0.020815	0.528849	0.129686	0.320649	0.045106	0.520868	0.162177	0.271849	0.020815	0.528849	0.129686	0.320649	0.020815	0.528849	0.129686	0.320649	0.020815	0.528849	0.129686	0.320649	0.020815	0.528849	0.129686	0.320649	1,2,3,4,5,2	4.615286	0.019237	0.515995	0.113087	0.192434	0.141979	0.017268	0.297645	0.288733	0.029196	0.107467	0.211153	0.065806	0.094761	0.043967	0.228384	0.244192	0.383556	0.005139	0.056271	0.163118	0.003085	0.246279	0.029586	0.501660	0.008521	0.183376	0.181761	0.098086	0.276019	0.252237	0.297645	0.288733	0.029196	0.107467	0.211153	0.065806	1,2,2,2,2,2	1.007296	0.714875	0.870849	0.870849	0.870849	0.870849	0.870849	
141000	-115499	1,1,1,1,1,1	0.000000	5.666915	5.666915	5.666915	5.666915	5.666915	5.666915	1,1,1,1,1,1	0.000000	0.018106	0.478679	0.125516	0.377698	0.018106	0.478679	0.125516	0.377698	0.018106	0.478679	0.125516	0.377698	0.018106	0.478679	0.125516	0.377698	0.018106	0.478679	0.125516	0.377698	0.018106	0.478679	0.125516	0.377698	1,2,3,4,2,2	2.716180	0.157477	0.010112	0.108380	0.295148	0.348199	0.080683	0.253635	0.088493	0.188406	0.122280	0.220431	0.126754	0.099804	0.224050	0.061239	0.120440	0.415140	0.079326	0.027297	0.126814	0.330307	0.230246	0.023266	0.262071	0.253635	0.088493	0.188406	0.122280	0.220431	0.126754	0.253635	0.088493	0.188406	0.122280	0.220431	0.126754	1,2,2,2,2,2	0.847139	0.624105	0.902318	0.902318	0.902318	0.902318	0.902318	
142000	-115488	1,2,1,3,1,1	1.410972	5.781401	5.266457	5.781401	6.674599	5.781401	5.781401	1,1,2,1,1,2	0.470604	0.013608	0.500692	0.140423	0.345277	0.013608	0.500692	0.140423	0.345277	0.008096	0.543588	0.089739	0.358577	0.013608	0.500692	0.140423	0.345277	0.013608	0.500692	0.140423	0.345277	0.008096	0.543588	0.089739	0.358577	1,2,1,3,4,2	8.097098	0.101868	0.197835	0.315213	0.144609	0.203351	0.037124	0.563755	0.196497	0.005490	0.071398	0.100269	0.062591	0.101868	0.197835	0.315213	0.144609	0.203351	0.037124	0.106425	0.111749	0.208026	0.072265	0.010611	0.490924	0.028767	0.104831	0.319550	0.052779	0.235261	0.258812	0.563755	0.196497	0.005490	0.071398	0.100269	0.062591	1,2,2,2,2,2	0.266424	0.595263	0.854777	0.854777	0.854777	0.854777	0.854777	
143000	-115083	1,2,3,3,3,3	1.777632	5.790340	6.365491	6.008815	6.008815	6.008815	6.008815	1,1,1,1,1,1	0.000000	0.016494	0.557886	0.101995	0.323626	0.016494	0.557886	0.101995	0.323626	0.016494	0.557886	0.101995	0.323626	0.016494	0.557886	0.101995	0.323626	0.016494	0.557886	0.101995	0.323626	0.016494	0.557886	0.101995	0.323626	1,2,3,4,5,6	8.849119	0.114990	0.064066	0.245103	0.249724	0.234873	0.091244	0.500006	0.184636	0.212953	0.049574	0.029882	0.022949	0.192661	0.263002	0.018642	0.185708	0.315868	0.024120	0.071054	0.298071	0.130378	0.162719	0.001342	0.336437	0.066858	0.011542	0.422972	0.027792	0.258893	0.211944	0.326593	0.120558	0.336140	0.091712	0.084078	0.040919	1,2,3,2,3,3	3.002561	0.696949	0.877753	0.906699	0.877753	0.906699	0.906699	
144000	-115393	1,2,3,4,5,5	0.373053	5.976830	5.786945	5.837752	5.644758	6.362627	6.362627	1,1,1,1,1,1	0.000000	0.013352	0.514083	0.140924	0.331642	0.013352	0.514083	0.140924	0.331642	0.013352	0.514083	0.140924	0.331642	0.013352	0.514083	0.140924	0.331642	0.013352	0.514083	0.140924	0.331642	0.013352	0.514083	0.140924	0.331642	1,2,3,4,5,3	8.513325	0.023506	0.144599	0.217413	0.208270	0.344886	0.061326	0.379864	0.276532	0.025059	0.086176	0.069705	0.162664	0.258234	0.034636	0.187043	0.158789	0.327007	0.034290	0.003698	0.415006	0.089297	0.215522	0.026706	0.249770	0.203672	0.067640	0.221693	0.007974	0.212600	0.286420	0.258234	0.034636	0.187043	0.158789	0.327007	0.034290	1,2,3,3,3,3	0.565175	0.594714	0.960297	0.909342	0.909342	0.909342	0.909342	
145000	-115884	1,1,1,1,1,1	0.000000	5.735390	5.735390	5.735390	5.735390	5.735390	5.735390	1,1,1,1,1,1	0.000000	0.016053	0.536514	0.124383	0.323051	0.016053	0.536514	0.124383	0.323051	0.016053	0.536514	0.124383	0.323051	0.016053	0.536514	0.124383	0.323051	0.016053	0.536514	0.124383	0.323051	0.016053	0.536514	0.124383	0.323051	1,2,1,3,4,2	3.304365	0.103665	0.217389	0.176664	0.172054	0.284595	0.045632	0.482484	0.126029	0.031273	0.090093	0.208248	0.061873	0.103665	0.217389	0.176664	0.172054	0.284595	0.045632	0.180775	0.015816	0.109748	0.310031	0.089805	0.293824	0.162313	0.259320	0.288862	0.042478	0.117452	0.129574	0.482484	0.126029	0.031273	0.090093	0.208248	0.061873	1,1,1,1,1,1	0.000000	0.941375	0.941375	0.941375	0.941375	0.941375	0.941375	
146000	-115355	1,2,2,3,4,5	1.824986	6.257309	5.790037	5.790037	5.402372	5.935766	5.872370	1,1,1,1,1,1	0.000000	0.014277	0.522745	0.119197	0.343781	0.014277	0.522745	0.119197	0.343781	0.014277	0.522745	0.119197	0.343781	0.014277	0.522745	0.119197	0.343781	0.014277	0.522745	0.119197	0.343781	0.014277	0.522745	0.119197	0.343781	1,2,1,3,4,5	7.437419	0.149930	0.279657	0.106162	0.130591	0.255903	0.077758	0.600883	0.043283	0.103834	0.040171	0.088801	0.123028	0.149930	0.279657	0.106162	0.130591	0.255903	0.077758	0.006419	0.403729	0.245186	0.203083	0.019705	0.121878	0.208752	0.083535	0.097577	0.052290	0.298561	0.259285	0.409934	0.161512	0.111155	0.077299	0.144362	0.095738	1,2,2,2,2,2	0.173916	0.869235	0.994004	0.994004	0.994004	0.994004	0.994004	
147000	-116358	1,2,1,3,1,3	2.828741	5.961126	5.622137	5.961126	5.790635	5.961126	5.790635	1,1,2,1,2,2	1.917637	0.014053	0.537863	0.154302	0.293782	0.014053	0.537863	0.154302	0.293782	0.023174	0.547234	0.096779	0.332814	0.014053	0.537863	0.154302	0.293782	0.023174	0.547234	0.096779	0.332814	0.023174	0.547234	0.096779	0.332814	1,2,1,3,4,2	1.341406	0.070322	0.158303	0.151996	0.211707	0.360573	0.047099	0.386684	0.044385	0.072132	0.119925	0.247838	0.129036	0.070322	0.158303	0.151996	0.211707	0.360573	0.047099	0.007174	0.031368	0.258110	0.428610	0.132599	0.142139	0.067658	0.433510	0.071291	0.068055	0.125376	0.234110	0.386684	0.044385	0.072132	0.119925	0.247838	0.129036	1,1,1,1,1,1	0.000000	0.896442	0.896442	0.896442	0.896442	0.896442	0.896442	
148000	-115363	1,1,1,1,1,1	0.000000	5.739665	5.739665	5.739665	5.739665	5.739665	5.739665	1,1,1,1,1,1	0.000000	0.023599	0.513173	0.120770	0.342457	0.023599	0.513173	0.120770	0.342457	0.023599	0.513173	0.120770	0.342457	0.023599	0.513173	0.120770	0.342457	0.023599	0.513173	0.120770	0.342457	0.023599	0.513173	0.120770	0.342457	1,2,3,4,5,6	21.350930	0.059123	0.086627	0.513764	0.127897	0.187076	0.025512	0.504946	0.117117	0.093751	0.062832	0.112516	0.108837	0.034417	0.258048	0.064791	0.146369	0.348854	0.147521	0.128590	0.262104	0.066522	0.200197	0.017831	0.324756	0.198747	0.165608	0.045319	0.077455	0.247088	0.265782	0.140701	0.193858	0.144450	0.161528	0.295825	0.063638	1,2,2,2,2,2	0.533600	0.501951	0.896921	0.896921	0.896921	0.896921	0.896921	
149000	-116004	1,2,2,1,2,1	0.217278	6.041013	5.666277	5.666277	6.041013	5.666277	6.041013	1,1,1,1,1,1	0.000000	0.013323	0.530552	0.114341	0.341784	0.013323	0.530552	0.114341	0.341784	0.013323	0.530552	0.114341	0.341784	0.013323	0.530552	0.114341	0.341784	0.013323	0.530552	0.114341	0.341784	0.013323	0.530552	0.114341	0.341784	1,2,3,4,5,2	8.262368	0.206749	0.155958	0.239086	0.165008	0.195058	0.038140	0.295685	0.505470	0.048731	0.022969	0.083916	0.043229	0.107332	0.144734	0.082908	0.166778	0.380116	0.118132	0.307555	0.199362	0.180318	0.219684	0.010407	0.082673	0.102186	0.017463	0.163763	0.177963	0.304189	0.234436	0.295685	0.505470	0.048731	0.022969	0.083916	0.043229	1,2,2,2,2,2	0.200926	0.635889	0.811410	0.811410	0.811410	0.811410	0.811410	
150000	-116639	1,1,1,1,1,1	0.000000	5.901167	5.901167	5.901167	5.901167	5.901167	5.901167	1,1,1,1,1,1	0.000015	0.016507	0.524353	0.125794	0.333346	0.016507	0.524353	0.125794	0.333346	0.016507	0.524353	0.125794	0.333346	0.016507	0.524353	0.125794	0.333346	0.016507	0.524353	0.125794	0.333346	0.016507	0.524353	0.125794	0.333346	1,1,2,3,4,1	1.167719	0.533553	0.023014	0.087576	0.112978	0.186696	0.056182	0.533553	0.023014	0.087576	0.112978	0.186696	0.056182	0.266099	0.037833	0.121961	0.080694	0.412679	0.080733	0.580481	0.017339	0.072927	0.053457	0.005350	0.270446	0.183580	0.218729	0.140553	0.028620	0.182460	0.246058	0.533553	0.023014	0.087576	0.112978	0.186696	0.056182	1,2,2,1,2,2	0.236776	0.647049	0.829130	0.829130	0.647049	0.829130	0.829130	
151000	-116899	1,2,1,2,1,1	0.866664	5.850076	5.168465	5.850076	5.168465	5.850076	5.850076	1,1,1,1,1,1	0.000000	0.014185	0.527800	0.116251	0.341765	0.014185	0.527800	0.116251	0.341765	0.014185	0.527800	0.116251	0.341765	0.014185	0.527800	0.116251	0.341765	0.014185	0.527800	0.116251	0.341765	0.014185	0.527800	0.116251	0.341765	1,2,3,4,5,6	3.590068	0.095536	0.215219	0.161091	0.232601	0.245394	0.050160	0.177436	0.020328	0.038412	0.230154	0.160526	0.373144	0.096679	0.121949	0.253810	0.134462	0.298226	0.094874	0.021809	0.118426	0.069453	0.475530	0.137448	0.177335	0.398705	0.069831	0.021653	0.039768	0.227237	0.242806	0.252392	0.280064	0.138908	0.106262	0.122882	0.099492	1,2,2,2,2,2	0.903398	0.589137	0.884214	0.884214	0.884214	0.884214	0.884214	
152000	-116652	1,2,3,4,3,3	1.331401	6.107814	5.275716	5.945912	5.526608	5.945912	5.945912	1,1,1,1,1,1	0.000000	0.021676	0.502113	0.124815	0.351396	0.021676	0.502113	0.124815	0.351396	0.021676	0.502113	0.124815	0.351396	0.021676	0.502113	0.124815	0.351396	0.021676	0.502113	0.124815	0.351396	0.021676	0.502113	0.124815	0.351396	1,1,2,3,4,4	9.292043	0.143336	0.329468	0.099664	0.178356	0.118927	0.130249	0.143336	0.329468	0.099664	0.178356	0.118927	0.130249	0.130860	0.153055	0.142347	0.235618	0.310097	0.028023	0.421920	0.179288	0.074571	0.119633	0.056220	0.148369	0.223513	0.048560	0.185648	0.084791	0.222287	0.235201	0.223513	0.048560	0.185648	0.084791	0.222287	0.235201	1,1,1,1,1,1	0.000000	0.913508	0.913508	0.913508	0.913508	0.913508	0.913508	
153000	-116490	1,1,1,1,1,1	0.000000	6.049889	6.049889	6.049889	6.049889	6.049889	6.049889	1,1,1,1,1,1	0.000000	0.016740	0.517041	0.122566	0.343653	0.016740	0.517041	0.122566	0.343653	0.016740	0.517041	0.122566	0.343653	0.016740	0.517041	0.122566	0.343653	0.016740	0.517041	0.122566	0.343653	0.016740	0.517041	0.122566	0.343653	1,2,3,4,5,5	4.999964	0.004477	0.219686	0.075452	0.229899	0.314742	0.155744	0.155484	0.370350	0.063751	0.175579	0.088531	0.146306	0.085292	0.098925	0.107158	0.177489	0.528115	0.003021	0.041636	0.017202	0.042784	0.111439	0.082388	0.704551	0.190321	0.020475	0.181240	0.125727	0.259344	0.222893	0.190321	0.020475	0.181240	0.125727	0.259344	0.222893	1,2,2,2,2,2	1.626410	0.727463	0.902043	0.902043	0.902043	0.902043	0.902043	
154000	-115631	1,2,3,4,3,3	0.582573	6.004462	5.363820	6.194699	5.025301	6.194699	6.194699	1,1,1,1,1,1	0.066689	0.013103	0.524046	0.112594	0.350257	0.013103	0.524046	0.112594	0.350257	0.013103	0.524046	0.112594	0.350257	0.013103	0.524046	0.112594	0.350257	0.013103	0.524046	0.112594	0.350257	0.013103	0.524046	0.112594	0.350257	1,2,3,4,5,6	38.819051	0.100104	0.390985	0.251682	0.127955	0.120418	0.008856	0.251003	0.081388	0.340830	0.100931	0.129257	0.096591	0.036505	0.643875	0.068468	0.071295	0.144172	0.035685	0.045006	0.204082	0.060794	0.405521	0.035414	0.249184	0.079923	0.047434	0.019824	0.071621	0.255393	0.525805	0.401610	0.008094	0.025460	0.114103	0.251897	0.198837	1,1,1,1,1,1	0.000000	0.839272	0.839272	0.839272	0.839272	0.839272	0.839272	
155000	-116545	1,1,1,2,1,1	0.020481	5.591035	5.591035	5.591035	5.121417	5.591035	5.591035	1,1,1,1,1,1	0.000000	0.013211	0.524828	0.128293	0.333668	0.013211	0.524828	0.128293	0.333668	0.013211	0.524828	0.128293	0.333668	0.013211	0.524828	0.128293	0.333668	0.013211	0.524828	0.128293	0.333668	0.013211	0.524828	0.128293	0.333668	1,2,3,4,5,3	4.656938	0.437945	0.087576	0.041912	0.209152	0.193459	0.029956	0.491979	0.117566	0.127741	0.108639	0.038644	0.115431	0.251066	0.215063	0.185687	0.144158	0.168059	0.035967	0.236376	0.254734	0.066269	0.120463	0.064043	0.258115	0.407323	0.077210	0.154193	0.031281	0.137608	0.192385	0.251066	0.215063	0.185687	0.144158	0.168059	0.035967	1,2,2,1,2,2	0.205643	0.613997	0.956103	0.956103	0.613997	0.956103	0.956103	
156000	-116296	1,2,3,3,3,2	3.020235	6.169907	5.710745	5.866773	5.866773	5.866773	5.710745	1,1,1,1,1,1	0.000000	0.014575	0.506345	0.151932	0.327147	0.014575	0.506345	0.151932	0.327147	0.014575	0.506345	0.151932	0.327147	0.014575	0.506345	0.151932	0.327147	0.014575	0.506345	0.151932	0.327147	0.014575	0.506345	0.151932	0.327147	1,2,1,3,4,2	6.559044	0.099845	0.054873	0.247667	0.159150	0.361680	0.076784	0.427776	0.004990	0.068298	0.158450	0.229667	0.110819	0.099845	0.054873	0.247667	0.159150	0.361680	0.076784	0.233255	0.387974	0.001128	0.091022	0.031463	0.255158	0.036646	0.508182	0.057612	0.109454	0.131978	0.156128	0.427776	0.004990	0.068298	0.158450	0.229667	0.110819	1,1,1,1,1,1	0.000000	0.847880	0.847880	0.847880	0.847880	0.847880	0.847880	
157000	-115862	1,2,3,4,1,1	23.085817	6.084460	5.752021	5.570479	6.687848	6.084460	6.084460	1,1,1,1,1,1	0.000000	0.016722	0.511675	0.127669	0.343934	0.016722	0.511675	0.127669	0.343934	0.016722	0.511675	0.127669	0.343934	0.016722	0.511675	0.127669	0.343934	0.016722	0.511675	0.127669	0.343934	0.016722	0.511675	0.127669	0.343934	1,2,1,3,4,1	2.919827	0.157397	0.137245	0.174693	0.154157	0.305499	0.071009	0.113361	0.480682	0.050020	0.142598	0.143591	0.069748	0.157397	0.137245	0.174693	0.154157	0.305499	0.071009	0.006182	0.027310	0.538223	0.270407	0.004265	0.153613	0.272912	0.161025	0.094142	0.043701	0.166326	0.261895	0.157397	0.137245	0.174693	0.154157	0.305499	0.071009	1,1,1,1,1,1	0.000000	0.899910	0.899910	0.899910	0.899910	0.899910	0.899910	
158000	-115900	1,2,1,1,1,1	1.198097	6.063767	5.090353	6.063767	6.063767	6.063767	6.063767	1,1,1,1,1,1	0.000000	0.015215	0.513777	0.117794	0.353214	0.015215	0.513777	0.117794	0.353214	0.015215	0.513777	0.117794	0.353214	0.015215	0.513777	0.117794	0.353214	0.015215	0.513777	0.117794	0.353214	0.015215	0.513777	0.117794	0.353214	1,2,3,4,2,5	15.951540	0.302821	0.144221	0.084805	0.189531	0.208280	0.070343	0.246505	0.110748	0.209899	0.115303	0.177976	0.139568	0.060282	0.404498	0.058879	0.112865	0.293437	0.070039	0.173937	0.068802	0.283910	0.143377	0.049403	0.280569	0.246505	0.110748	0.209899	0.115303	0.177976	0.139568	0.263915	0.150685	0.036496	0.097995	0.250667	0.200242	1,1,1,1,1,1	0.000000	0.844576	0.844576	0.844576	0.844576	0.844576	0.844576	
159000	-116413	1,1,1,1,1,1	0.000002	5.681518	5.681518	5.681518	5.681518	5.681518	5.681518	1,1,1,1,1,1	0.000000	0.013212	0.524604	0.116996	0.345188	0.013212	0.524604	0.116996	0.345188	0.013212	0.524604	0.116996	0.345188	0.013212	0.524604	0.116996	0.345188	0.013212	0.524604	0.116996	0.345188	0.013212	0.524604	0.116996	0.345188	1,2,3,4,1,1	8.166226	0.202007	0.325309	0.092868	0.129177	0.157803	0.092836	0.214212	0.170916	0.346810	0.120257	0.075568	0.072237	0.226949	0.029541	0.186769	0.103148	0.359959	0.093634	0.287391	0.151147	0.053082	0.100477	0.044637	0.363266	0.202007	0.325309	0.092868	0.129177	0.157803	0.092836	0.202007	0.325309	0.092868	0.129177	0.157803	0.092836	1,2,3,3,4,2	1.409583	0.481876	0.944926	0.844758	0.844758	0.975294	0.944926	
160000	-115561	1,2,3,4,3,5	4.625902	6.362504	5.423994	5.938847	5.597231	5.938847	5.885077	1,1,1,1,1,1	0.000000	0.013643	0.533409	0.108380	0.344568	0.013643	0.533409	0.108380	0.344568	0.013643	0.533409	0.108380	0.344568	0.013643	0.533409	0.108380	0.344568	0.013643	0.533409	0.108380	0.344568	0.013643	0.533409	0.108380	0.344568	1,2,1,3,4,2	3.246191	0.123808	0.072689	0.197466	0.222652	0.338737	0.044649	0.244017	0.028182	0.241543	0.141903	0.208657	0.135699	0.123808	0.072689	0.197466	0.222652	0.338737	0.044649	0.131871	0.015176	0.039961	0.359593	0.020751	0.432648	0.145407	0.023551	0.134636	0.122433	0.245260	0.328713	0.244017	0.028182	0.241543	0.141903	0.208657	0.135699	1,1,1,1,1,1	0.000000	0.896891	0.896891	0.896891	0.896891	0.896891	0.896891	
161000	-115555	1,2,3,4,1,5	3.289692	6.000387	5.628888	5.599356	6.894653	6.000387	5.979434	1,1,1,1,1,1	0.000000	0.014212	0.534425	0.125303	0.326060	0.014212	0.534425	0.125303	0.326060	0.014212	0.534425	0.125303	0.326060	0.014212	0.534425	0.125303	0.326060	0.014212	0.534425	0.125303	0.326060	0.014212	0.534425	0.125303	0.326060	1,2,1,3,4,5	4.311505	0.040850	0.173049	0.277845	0.184357	0.268060	0.055839	0.516756	0.046174	0.124554	0.161481	0.087248	0.063787	0.040850	0.173049	0.277845	0.184357	0.268060	0.055839	0.132433	0.096907	0.254937	0.381391	0.013383	0.120949	0.004591	0.117769	0.135545	0.068439	0.215065	0.458591	0.470656	0.036354	0.003214	0.131636	0.250924	0.107215	1,2,2,1,2,2	0.048290	0.616128	0.912790	0.912790	0.616128	0.912790	0.912790	
162000	-115221	1,2,3,4,3,5	6.748232	5.698752	5.548445	5.848642	5.577259	5.848642	6.241012	1,1,1,1,1,1	0.000000	0.014052	0.509010	0.113931	0.363006	0.014052	0.509010	0.113931	0.363006	0.014052	0.509010	0.113931	0.363006	0.014052	0.509010	0.113931	0.363006	0.014052	0.509010	0.113931	0.363006	0.014052	0.509010	0.113931	0.363006	1,2,3,4,5,2	1.286484	0.119877	0.031761	0.090237	0.322451	0.295723	0.139951	0.472103	0.265553	0.026550	0.088779	0.091986	0.055028	0.270431	0.102351	0.024658	0.197599	0.340377	0.064585	0.188404	0.558711	0.061333	0.076898	0.005304	0.109351	0.009055	0.131255	0.332035	0.035475	0.198018	0.294162	0.472103	0.265553	0.026550	0.088779	0.091986	0.055028	1,2,3,3,3,3	3.579417	0.712725	0.902060	0.880794	0.880794	0.880794	0.880794	
163000	-115617	1,2,3,1,4,5	21.650779	5.857661	6.166988	5.747689	5.857661	6.451285	6.118375	1,1,1,1,1,1	0.000050	0.013926	0.528448	0.117757	0.339870	0.013926	0.528448	0.117757	0.339870	0.013926	0.528448	0.117757	0.339870	0.013926	0.528448	0.117757	0.339870	0.013926	0.528448	0.117757	0.339870	0.013926	0.528448	0.117757	0.339870	1,2,3,4,5,3	6.662996	0.016890	0.056362	0.067093	0.359358	0.341879	0.158419	0.487746	0.096548	0.157562	0.114757	0.032809	0.110578	0.359525	0.024344	0.058074	0.120233	0.329910	0.107914	0.090381	0.247457	0.390597	0.078390	0.006811	0.186365	0.089239	0.064057	0.095827	0.031031	0.416543	0.303304	0.359525	0.024344	0.058074	0.120233	0.329910	0.107914	1,2,2,2,2,2	0.214475	0.568772	0.896827	0.896827	0.896827	0.896827	0.896827	
164000	-116297	1,1,1,1,1,1	0.000000	5.485723	5.485723	5.485723	5.485723	5.485723	5.485723	1,1,1,1,1,1	0.000000	0.014663	0.521066	0.133835	0.330437	0.014663	0.521066	0.133835	0.330437	0.014663	0.521066	0.133835	0.330437	0.014663	0.521066	0.133835	0.330437	0.014663	0.521066	0.133835	0.330437	0.014663	0.521066	0.133835	0.330437	1,2,3,4,1,3	1.235811	0.073341	0.429799	0.231723	0.062519	0.125803	0.076815	0.278781	0.073467	0.175507	0.140465	0.140073	0.191706	0.304528	0.019151	0.058006	0.133104	0.387001	0.098211	0.483820	0.172213	0.030524	0.079224	0.003437	0.230782	0.073341	0.429799	0.231723	0.062519	0.125803	0.076815	0.304528	0.019151	0.058006	0.133104	0.387001	0.098211	1,2,2,1,2,2	0.444705	0.657729	0.914479	0.914479	0.657729	0.914479	0.914479	
165000	-116243	1,2,3,1,1,1	6.269219	6.110815	5.417567	5.589997	6.110815	6.110815	6.110815	1,1,1,1,1,1	0.000000	0.017577	0.495881	0.144616	0.341925	0.017577	0.495881	0.144616	0.341925	0.017577	0.495881	0.144616	0.341925	0.017577	0.495881	0.144616	0.341925	0.017577	0.495881	0.144616	0.341925	0.017577	0.495881	0.144616	0.341925	1,2,3,4,5,2	14.184304	0.173806	0.086974	0.041761	0.240610	0.350914	0.105934	0.359994	0.146921	0.015330	0.128290	0.271109	0.078355	0.055935	0.204337	0.050445	0.138419	0.406967	0.143898	0.112796	0.138679	0.177848	0.407051	0.030517	0.133109	0.355972	0.184844	0.004816	0.028022	0.189532	0.236813	0.359994	0.146921	0.015330	0.128290	0.271109	0.078355	1,1,1,1,1,1	0.000000	0.848672	0.848672	0.848672	0.848672	0.848672	0.848672	
166000	-116392	1,2,1,3,1,1	0.200383	5.796234	5.577138	5.796234	6.475758	5.796234	5.796234	1,1,1,1,1,1	0.000000	0.015536	0.520604	0.116523	0.347336	0.015536	0.520604	0.116523	0.347336	0.015536	0.520604	0.116523	0.347336	0.015536	0.520604	0.116523	0.347336	0.015536	0.520604	0.116523	0.347336	0.015536	0.520604	0.116523	0.347336	1,2,3,4,5,6	4.392766	0.035552	0.035962	0.417737	0.174951	0.213580	0.122218	0.204684	0.588009	0.041198	0.035353	0.070247	0.060508	0.033891	0.168695	0.163107	0.292635	0.239286	0.102386	0.000267	0.025601	0.532445	0.051544	0.008261	0.381882	0.117879	0.284644	0.229291	0.115730	0.146213	0.106244	0.355890	0.307339	0.033363	0.077192	0.115692	0.110524	1,2,2,2,2,2	0.093672	0.682642	0.913835	0.913835	0.913835	0.913835	0.913835	
167000	-115761	1,1,1,1,1,1	0.000000	5.829149	5.829149	5.829149	5.829149	5.829149	5.829149	1,1,1,1,1,1	0.000000	0.014009	0.521145	0.130266	0.334580	0.014009	0.521145	0.130266	0.334580	0.014009	0.521145	0.130266	0.334580	0.014009	0.521145	0.130266	0.334580	0.014009	0.521145	0.130266	0.334580	0.014009	0.521145	0.130266	0.334580	1,2,3,4,3,3	12.622258	0.057351	0.029198	0.197393	0.370794	0.235392	0.109873	0.424715	0.164464	0.095581	0.208212	0.067948	0.039080	0.259058	0.158711	0.134427	0.085711	0.242293	0.119801	0.032377	0.408638	0.247220	0.106854	0.023107	0.181804	0.259058	0.158711	0.134427	0.085711	0.242293	0.119801	0.259058	0.158711	0.134427	0.085711	0.242293	0.119801	1,1,1,1,1,1	0.000000	0.873467	0.873467	0.873467	0.873467	0.873467	0.873467	
168000	-115728	1,1,2,3,2,4	14.206119	6.185376	6.185376	5.800109	5.672350	5.800109	5.949976	1,1,1,2,1,1	1.076133	0.013446	0.521403	0.130194	0.334957	0.013446	0.521403	0.130194	0.334957	0.013446	0.521403	0.130194	0.334957	0.037240	0.544981	0.176417	0.241362	0.013446	0.521403	0.130194	0.334957	0.013446	0.521403	0.130194	0.334957	1,2,1,3,4,5	3.736537	0.195584	0.415776	0.151140	0.092680	0.127287	0.017533	0.737929	0.026984	0.009174	0.051819	0.079369	0.094727	0.195584	0.415776	0.151140	0.092680	0.127287	0.017533	0.034467	0.182884	0.064358	0.103799	0.032964	0.581527	0.112769	0.017932	0.355166	0.060935	0.239191	0.214007	0.337855	0.054785	0.304264	0.057808	0.197418	0.047870	1,2,2,2,2,2	0.002844	0.639672	0.887985	0.887985	0.887985	0.887985	0.887985	
169000	-116001	1,1,1,2,1,1	0.271404	5.923801	5.923801	5.923801	5.270841	5.923801	5.923801	1,1,1,1,1,1	0.000000	0.014916	0.523117	0.128920	0.333046	0.014916	0.523117	0.128920	0.333046	0.014916	0.523117	0.128920	0.333046	0.014916	0.523117	0.128920	0.333046	0.014916	0.523117	0.128920	0.333046	0.014916	0.523117	0.128920	0.333046	1,2,1,3,2,2	5.694493	0.332483	0.042377	0.082760	0.162913	0.315005	0.064461	0.359724	0.036056	0.096517	0.108165	0.227309	0.172228	0.332483	0.042377	0.082760	0.162913	0.315005	0.064461	0.354400	0.044996	0.143405	0.271792	0.006466	0.178942	0.359724	0.036056	0.096517	0.108165	0.227309	0.172228	0.359724	0.036056	0.096517	0.108165	0.227309	0.172228	1,1,1,1,1,1	0.000000	0.826418	0.826418	0.826418	0.826418	0.826418	0.826418	
170000	-115652	1,2,3,4,5,5	4.807893	6.054389	5.323520	5.924144	6.571164	6.001082	6.001082	1,1,1,1,1,1	0.000000	0.017543	0.543642	0.102956	0.335858	0.017543	0.543642	0.102956	0.335858	0.017543	0.543642	0.102956	0.335858	0.017543	0.543642	0.102956	0.335858	0.017543	0.543642	0.102956	0.335858	0.017543	0.543642	0.102956	0.335858	1,2,3,4,5,2	0.893006	0.097848	0.145780	0.235370	0.114548	0.261399	0.145054	0.284992	0.129330	0.064792	0.197628	0.163209	0.160049	0.090049	0.014237	0.199620	0.165575	0.391929	0.138589	0.085314	0.252498	0.008355	0.190602	0.000373	0.462859	0.001704	0.033549	0.192184	0.116622	0.319819	0.336122	0.284992	0.129330	0.064792	0.197628	0.163209	0.160049	1,2,2,2,2,2	2.936278	0.616852	0.939419	0.939419	0.939419	0.939419	0.939419	
171000	-116070	1,1,1,1,1,1	0.000000	5.635970	5.635970	5.635970	5.635970	5.635970	5.635970	1,1,1,1,1,1	0.000000	0.014219	0.545941	0.120356	0.319483	0.014219	0.545941	0.120356	0.319483	0.014219	0.545941	0.120356	0.319483	0.014219	0.545941	0.120356	0.319483	0.014219	0.545941	0.120356	0.319483	0.014219	0.545941	0.120356	0.319483	1,2,1,3,4,2	1.366090	0.014890	0.094738	0.115657	0.342762	0.390626	0.041327	0.326030	0.034781	0.285805	0.073978	0.163612	0.115794	0.014890	0.094738	0.115657	0.342762	0.390626	0.041327	0.350988	0.117627	0.327215	0.125602	0.017535	0.061034	0.048565	0.246843	0.185263	0.060543	0.229075	0.229711	0.326030	0.034781	0.285805	0.073978	0.163612	0.115794	1,2,2,2,2,2	0.350922	0.555037	0.951608	0.951608	0.951608	0.951608	0.951608	
172000	-115475	1,2,3,4,4,5	7.886854	6.269704	5.540958	5.766467	6.025850	6.025850	5.921233	1,1,1,1,1,1	0.120679	0.018242	0.531605	0.125287	0.324865	0.018242	0.531605	0.125287	0.324865	0.018242	0.531605	0.125287	0.324865	0.018242	0.531605	0.125287	0.324865	0.018242	0.531605	0.125287	0.324865	0.018242	0.531605	0.125287	0.324865	1,2,1,3,4,2	10.753642	0.034861	0.084142	0.163210	0.240560	0.413249	0.063977	0.420662	0.231251	0.074428	0.069896	0.147787	0.055976	0.034861	0.084142	0.163210	0.240560	0.413249	0.063977	0.331527	0.099157	0.104183	0.110336	0.009692	0.345105	0.149231	0.080295	0.226744	0.044817	0.267089	0.231823	0.420662	0.231251	0.074428	0.069896	0.147787	0.055976	1,2,2,2,2,2	0.071266	0.698194	0.936663	0.936663	0.936663	0.936663	0.936663	
173000	-115301	1,1,1,1,1,1	0.000000	5.800095	5.800095	5.800095	5.800095	5.800095	5.800095	1,1,1,1,1,1	0.000000	0.016347	0.508968	0.130420	0.344264	0.016347	0.508968	0.130420	0.344264	0.016347	0.508968	0.130420	0.344264	0.016347	0.508968	0.130420	0.344264	0.016347	0.508968	0.130420	0.344264	0.016347	0.508968	0.130420	0.344264	1,2,3,4,2,2	4.792609	0.076409	0.288273	0.075802	0.224701	0.298660	0.036155	0.349282	0.174329	0.112996	0.095177	0.176867	0.091349	0.028574	0.292920	0.058894	0.155254	0.401911	0.062445	0.046528	0.118079	0.335232	0.225079	0.021057	0.254026	0.349282	0.174329	0.112996	0.095177	0.176867	0.091349	0.349282	0.174329	0.112996	0.095177	0.176867	0.091349	1,2,2,2,2,2	0.898786	0.563026	0.895552	0.895552	0.895552	0.895552	0.895552	
174000	-115508	1,1,2,2,3,4	2.403426	5.601320	5.601320	5.926919	5.926919	6.123198	6.007535	1,2,1,1,1,1	0.207062	0.018870	0.525865	0.111141	0.344124	0.055136	0.544321	0.081363	0.319180	0.018870	0.525865	0.111141	0.344124	0.018870	0.525865	0.111141	0.344124	0.018870	0.525865	0.111141	0.344124	0.018870	0.525865	0.111141	0.344124	1,2,3,4,5,5	2.715730	0.150232	0.134398	0.224173	0.218316	0.169582	0.103299	0.435475	0.008661	0.015626	0.220044	0.175415	0.144779	0.037491	0.521159	0.127925	0.044331	0.219764	0.049331	0.063123	0.368283	0.031179	0.257931	0.006339	0.273146	0.190388	0.187543	0.069667	0.145586	0.188346	0.218469	0.190388	0.187543	0.069667	0.145586	0.188346	0.218469	1,2,2,2,2,2	1.509294	0.581492	0.912376	0.912376	0.912376	0.912376	0.912376	
175000	-115933	1,2,3,4,1,1	5.510570	5.989206	5.195254	5.817563	6.735020	5.989206	5.989206	1,1,1,1,1,1	0.000000	0.014102	0.508693	0.124145	0.353060	0.014102	0.508693	0.124145	0.353060	0.014102	0.508693	0.124145	0.353060	0.014102	0.508693	0.124145	0.353060	0.014102	0.508693	0.124145	0.353060	0.014102	0.508693	0.124145	0.353060	1,2,1,3,4,4	4.312282	0.266338	0.014060	0.344790	0.144920	0.202106	0.027785	0.325926	0.035264	0.126504	0.222412	0.124522	0.165372	0.266338	0.014060	0.344790	0.144920	0.202106	0.027785	0.010803	0.022576	0.226130	0.115492	0.019727	0.605273	0.288133	0.029601	0.157113	0.093712	0.241640	0.189802	0.288133	0.029601	0.157113	0.093712	0.241640	0.189802	1,1,1,1,1,1	0.000000	0.820035	0.820035	0.820035	0.820035	0.820035	0.820035	
176000	-115715	1,1,1,2,1,1	0.084018	5.872738	5.872738	5.872738	5.981135	5.872738	5.872738	1,1,1,1,1,1	0.000000	0.017113	0.525218	0.124016	0.333653	0.017113	0.525218	0.124016	0.333653	0.017113	0.525218	0.124016	0.333653	0.017113	0.525218	0.124016	0.333653	0.017113	0.525218	0.124016	0.333653	0.017113	0.525218	0.124016	0.333653	1,2,1,3,4,5	1.128603	0.050802	0.406682	0.060283	0.156209	0.270945	0.055079	0.417190	0.149211	0.316636	0.020691	0.043771	0.052501	0.050802	0.406682	0.060283	0.156209	0.270945	0.055079	0.171655	0.152909	0.350304	0.221875	0.013398	0.089858	0.021703	0.356772	0.019911	0.082093	0.226549	0.292972	0.228836	0.351735	0.168787	0.052965	0.128109	0.069568	1,2,2,3,2,2	1.250788	0.571907	0.952933	0.952933	0.873485	0.952933	0.952933	
177000	-116380	1,2,1,2,1,1	0.696452	5.941257	5.133427	5.941257	5.133427	5.941257	5.941257	1,1,1,1,1,1	0.000000	0.016322	0.507818	0.130474	0.345386	0.016322	0.507818	0.130474	0.345386	0.016322	0.507818	0.130474	0.345386	0.016322	0.507818	0.130474	0.345386	0.016322	0.507818	0.130474	0.345386	0.016322	0.507818	0.130474	0.345386	1,2,3,4,5,2	2.660410	0.073404	0.334419	0.143735	0.117618	0.197256	0.133568	0.422108	0.127951	0.133236	0.071115	0.144046	0.101544	0.197376	0.013657	0.511325	0.046899	0.221909	0.008835	0.138150	0.325734	0.113535	0.277698	0.055749	0.089133	0.028834	0.293631	0.353568	0.070091	0.162836	0.091039	0.422108	0.127951	0.133236	0.071115	0.144046	0.101544	1,1,1,1,1,1	0.000000	0.867784	0.867784	0.867784	0.867784	0.867784	0.867784	
178000	-115839	1,2,2,1,1,3	0.386438	6.124568	5.291928	5.291928	6.124568	6.124568	5.865720	1,1,1,1,1,1	0.000002	0.011257	0.535746	0.117528	0.335469	0.011257	0.535746	0.117528	0.335469	0.011257	0.535746	0.117528	0.335469	0.011257	0.535746	0.117528	0.335469	0.011257	0.535746	0.117528	0.335469	0.011257	0.535746	0.117528	0.335469	1,2,1,3,4,2	1.009872	0.073070	0.369059	0.243226	0.139025	0.165409	0.010212	0.496148	0.132174	0.123005	0.081148	0.112258	0.055268	0.073070	0.369059	0.243226	0.139025	0.165409	0.010212	0.341208	0.123589	0.040848	0.336444	0.014295	0.143616	0.145566	0.093644	0.002554	0.074491	0.349341	0.334405	0.496148	0.132174	0.123005	0.081148	0.112258	0.055268	1,1,1,1,1,1	0.000000	0.849361	0.849361	0.849361	0.849361	0.849361	0.849361	
179000	-115525	1,2,2,2,3,1	3.224198	5.925367	5.585987	5.585987	5.585987	5.997883	5.925367	1,1,1,1,1,1	0.000000	0.014698	0.536346	0.127380	0.321576	0.014698	0.536346	0.127380	0.321576	0.014698	0.536346	0.127380	0.321576	0.014698	0.536346	0.127380	0.321576	0.014698	0.536346	0.127380	0.321576	0.014698	0.536346	0.127380	0.321576	1,2,3,4,5,2	9.752059	0.063263	0.197157	0.293051	0.141285	0.183818	0.121425	0.401057	0.101159	0.175819	0.088874	0.132937	0.100154	0.005917	0.199010	0.252559	0.199973	0.321163	0.021378	0.037460	0.200213	0.094790	0.107741	0.052261	0.507534	0.099763	0.083385	0.275811	0.058565	0.252592	0.229884	0.401057	0.101159	0.175819	0.088874	0.132937	0.100154	1,2,3,3,2,2	0.850277	0.723519	0.954875	0.865937	0.865937	0.954875	0.954875	
180000	-115499	1,2,3,2,4,4	1.191756	6.488547	5.265330	5.814320	5.265330	6.015451	6.015451	1,1,1,1,1,1	0.000000	0.014500	0.537713	0.104846	0.342940	0.014500	0.537713	0.104846	0.342940	0.014500	0.537713	0.104846	0.342940	0.014500	0.537713	0.104846	0.342940	0.014500	0.537713	0.104846	0.342940	0.014500	0.537713	0.104846	0.342940	1,2,1,3,4,5	3.734010	0.027443	0.125857	0.070834	0.335440	0.370922	0.069504	0.397857	0.050778	0.144941	0.144261	0.144839	0.117324	0.027443	0.125857	0.070834	0.335440	0.370922	0.069504	0.074013	0.234925	0.187349	0.150945	0.024340	0.328427	0.187215	0.075469	0.014110	0.139452	0.381183	0.202570	0.235431	0.230574	0.111037	0.079860	0.175538	0.167560	1,2,2,2,2,2	0.062148	0.668381	0.915276	0.915276	0.915276	0.915276	0.915276	
181000	-115781	1,1,1,2,1,1	1.205819	5.908358	5.908358	5.908358	5.298113	5.908358	5.908358	1,1,1,1,1,1	0.000000	0.014916	0.513343	0.144184	0.327557	0.014916	0.513343	0.144184	0.327557	0.014916	0.513343	0.144184	0.327557	0.014916	0.513343	0.144184	0.327557	0.014916	0.513343	0.144184	0.327557	0.014916	0.513343	0.144184	0.327557	1,2,3,4,1,5	2.968077	0.029105	0.394535	0.138547	0.146931	0.156562	0.134320	0.455735	0.291323	0.041859	0.065297	0.106715	0.039071	0.284674	0.065813	0.219635	0.078965	0.338716	0.012198	0.028039	0.061021	0.186424	0.209951	0.072546	0.442017	0.029105	0.394535	0.138547	0.146931	0.156562	0.134320	0.344521	0.341194	0.090364	0.030751	0.144037	0.049133	1,2,2,2,2,2	0.315851	0.667559	0.896807	0.896807	0.896807	0.896807	0.896807	
182000	-116322	1,2,3,4,2,5	9.116636	6.315983	6.114520	5.543901	4.789035	6.114520	6.228270	1,1,1,1,1,1	0.000000	0.013764	0.501735	0.146543	0.337958	0.013764	0.501735	0.146543	0.337958	0.013764	0.501735	0.146543	0.337958	0.013764	0.501735	0.146543	0.337958	0.013764	0.501735	0.146543	0.337958	0.013764	0.501735	0.146543	0.337958	1,2,1,3,4,1	3.709668	0.281081	0.123336	0.110021	0.116899	0.280896	0.087767	0.420036	0.069787	0.279875	0.148974	0.066975	0.014352	0.281081	0.123336	0.110021	0.116899	0.280896	0.087767	0.011556	0.133839	0.349074	0.212814	0.079252	0.213464	0.238900	0.024103	0.503260	0.051756	0.128006	0.053975	0.281081	0.123336	0.110021	0.116899	0.280896	0.087767	1,1,1,1,1,1	0.000000	0.876336	0.876336	0.876336	0.876336	0.876336	0.876336	
183000	-115880	1,2,3,4,1,1	5.772494	6.146563	5.618819	5.384635	5.093639	6.146563	6.146563	1,1,1,1,1,1	0.000000	0.014358	0.528636	0.124274	0.332732	0.014358	0.528636	0.124274	0.332732	0.014358	0.528636	0.124274	0.332732	0.014358	0.528636	0.124274	0.332732	0.014358	0.528636	0.124274	0.332732	0.014358	0.528636	0.124274	0.332732	1,2,1,3,2,2	2.916867	0.043391	0.183481	0.286166	0.170659	0.249462	0.066842	0.419681	0.144094	0.121893	0.056902	0.151434	0.105998	0.043391	0.183481	0.286166	0.170659	0.249462	0.066842	0.089079	0.237817	0.123906	0.249683	0.076714	0.222800	0.419681	0.144094	0.121893	0.056902	0.151434	0.105998	0.419681	0.144094	0.121893	0.056902	0.151434	0.105998	1,1,1,1,1,1	0.000000	0.871158	0.871158	0.871158	0.871158	0.871158	0.871158	
184000	-115830	1,2,3,4,5,6	4.802637	5.976800	5.234059	5.998860	5.143350	5.940437	5.811974	1,1,2,2,2,2	0.156075	0.014282	0.523392	0.157996	0.304330	0.014282	0.523392	0.157996	0.304330	0.012971	0.535494	0.111345	0.340190	0.012971	0.535494	0.111345	0.340190	0.012971	0.535494	0.111345	0.340190	0.012971	0.535494	0.111345	0.340190	1,2,1,3,4,4	0.969514	0.017137	0.188992	0.188456	0.212769	0.344582	0.048063	0.265492	0.046416	0.366173	0.112340	0.128663	0.080915	0.017137	0.188992	0.188456	0.212769	0.344582	0.048063	0.076570	0.041382	0.220087	0.382675	0.081816	0.197469	0.303320	0.200566	0.065787	0.068126	0.184676	0.177524	0.303320	0.200566	0.065787	0.068126	0.184676	0.177524	1,2,2,2,2,2	0.264853	0.719171	0.921633	0.921633	0.921633	0.921633	0.921633	
185000	-115398	1,2,3,2,1,1	1.635622	5.941973	5.280201	5.744927	5.280201	5.941973	5.941973	1,1,1,1,1,1	0.000000	0.012395	0.535634	0.129965	0.322007	0.012395	0.535634	0.129965	0.322007	0.012395	0.535634	0.129965	0.322007	0.012395	0.535634	0.129965	0.322007	0.012395	0.535634	0.129965	0.322007	0.012395	0.535634	0.129965	0.322007	1,2,3,4,5,2	19.368161	0.071582	0.260896	0.159452	0.249924	0.238415	0.019731	0.492977	0.291174	0.010147	0.052390	0.085763	0.067549	0.075569	0.198942	0.017419	0.078543	0.541465	0.088063	0.030403	0.328025	0.006590	0.233560	0.004971	0.396451	0.171331	0.308511	0.140226	0.005131	0.160780	0.214022	0.492977	0.291174	0.010147	0.052390	0.085763	0.067549	1,1,1,1,1,1	0.000000	0.876832	0.876832	0.876832	0.876832	0.876832	0.876832	
186000	-115996	1,2,3,4,1,1	2.319127	5.962563	5.404725	5.987530	5.593678	5.962563	5.962563	1,1,1,1,1,1	0.000000	0.016263	0.547690	0.125140	0.310907	0.016263	0.547690	0.125140	0.310907	0.016263	0.547690	0.125140	0.310907	0.016263	0.547690	0.125140	0.310907	0.016263	0.547690	0.125140	0.310907	0.016263	0.547690	0.125140	0.310907	1,2,3,4,1,5	5.971174	0.001460	0.202324	0.206447	0.108809	0.319524	0.161436	0.241712	0.135415	0.178831	0.236994	0.090613	0.116435	0.137552	0.181175	0.094299	0.119025	0.354753	0.113196	0.335683	0.081789	0.204426	0.161959	0.024541	0.191602	0.001460	0.202324	0.206447	0.108809	0.319524	0.161436	0.311008	0.226072	0.045592	0.142807	0.152251	0.122271	1,2,2,2,2,2	0.670216	0.622674	0.967032	0.967032	0.967032	0.967032	0.967032	
187000	-115787	1,2,2,2,1,1	1.612634	6.069645	5.336775	5.336775	5.336775	6.069645	6.069645	1,1,1,1,1,1	0.000000	0.017606	0.527507	0.117091	0.337796	0.017606	0.527507	0.117091	0.337796	0.017606	0.527507	0.117091	0.337796	0.017606	0.527507	0.117091	0.337796	0.017606	0.527507	0.117091	0.337796	0.017606	0.527507	0.117091	0.337796	1,2,1,3,4,5	4.680040	0.024861	0.307810	0.122074	0.181329	0.300875	0.063050	0.527817	0.035272	0.158237	0.073956	0.104369	0.100349	0.024861	0.307810	0.122074	0.181329	0.300875	0.063050	0.151036	0.100077	0.038323	0.366695	0.083044	0.260826	0.300025	0.085720	0.019982	0.137797	0.221805	0.234671	0.369038	0.223600	0.114007	0.081995	0.159320	0.052040	1,2,3,4,4,4	2.620019	0.511670	0.906031	0.868711	0.935406	0.935406	0.935406	
188000	-115881	1,2,3,3,4,5	4.003429	6.063832	5.500307	5.511259	5.511259	6.155163	5.858565	1,1,1,1,1,1	0.000000	0.013677	0.522420	0.143486	0.320416	0.013677	0.522420	0.143486	0.320416	0.013677	0.522420	0.143486	0.320416	0.013677	0.522420	0.143486	0.320416	0.013677	0.522420	0.143486	0.320416	0.013677	0.522420	0.143486	0.320416	1,2,1,3,4,5	16.978357	0.018785	0.117515	0.260266	0.175545	0.369662	0.058226	0.201120	0.118474	0.255886	0.174234	0.093874	0.156412	0.018785	0.117515	0.260266	0.175545	0.369662	0.058226	0.046411	0.150963	0.407102	0.090292	0.038523	0.266708	0.024983	0.124036	0.434059	0.027576	0.172480	0.216866	0.083722	0.143881	0.549958	0.034567	0.121780	0.066092	1,2,2,3,2,2	0.946700	0.787944	0.927806	0.927806	0.867367	0.927806	0.927806	
189000	-115242	1,1,1,1,1,1	0.000000	5.853699	5.853699	5.853699	5.853699	5.853699	5.853699	1,1,1,1,1,1	0.000000	0.018058	0.533999	0.120632	0.327311	0.018058	0.533999	0.120632	0.327311	0.018058	0.533999	0.120632	0.327311	0.018058	0.533999	0.120632	0.327311	0.018058	0.533999	0.120632	0.327311	0.018058	0.533999	0.120632	0.327311	1,2,1,3,4,5	8.111376	0.020631	0.271163	0.208430	0.194033	0.280029	0.025713	0.331975	0.195981	0.159815	0.062184	0.062253	0.187793	0.020631	0.271163	0.208430	0.194033	0.280029	0.025713	0.024291	0.301925	0.324163	0.144394	0.009247	0.195981	0.002223	0.024777	0.358907	0.095835	0.334458	0.183799	0.285906	0.323800	0.126299	0.033349	0.136108	0.094538	1,1,1,1,1,1	0.000002	0.892141	0.892141	0.892141	0.892141	0.892141	0.892141	
190000	-115800	1,1,1,1,1,1	0.000000	5.783346	5.783346	5.783346	5.783346	5.783346	5.783346	1,1,1,1,1,1	0.000000	0.010209	0.529753	0.118695	0.341343	0.010209	0.529753	0.118695	0.341343	0.010209	0.529753	0.118695	0.341343	0.010209	0.529753	0.118695	0.341343	0.010209	0.529753	0.118695	0.341343	0.010209	0.529753	0.118695	0.341343	1,2,1,3,4,5	8.780913	0.069948	0.307231	0.154770	0.159024	0.259393	0.049634	0.511131	0.063242	0.076188	0.089713	0.067320	0.192407	0.069948	0.307231	0.154770	0.159024	0.259393	0.049634	0.094717	0.010229	0.054613	0.368481	0.072954	0.399005	0.134992	0.202022	0.136143	0.035574	0.181487	0.309782	0.207551	0.034601	0.466949	0.044964	0.198260	0.047675	1,2,2,2,2,2	1.784342	0.514126	0.936731	0.936731	0.936731	0.936731	0.936731	
191000	-116050	1,1,1,1,1,1	0.000000	5.898939	5.898939	5.898939	5.898939	5.898939	5.898939	1,1,1,1,1,1	0.000000	0.016679	0.505009	0.136468	0.341844	0.016679	0.505009	0.136468	0.341844	0.016679	0.505009	0.136468	0.341844	0.016679	0.505009	0.136468	0.341844	0.016679	0.505009	0.136468	0.341844	0.016679	0.505009	0.136468	0.341844	1,2,1,3,4,2	6.852108	0.098344	0.270993	0.198518	0.154764	0.238125	0.039256	0.272401	0.108129	0.044127	0.144977	0.315438	0.114928	0.098344	0.270993	0.198518	0.154764	0.238125	0.039256	0.343546	0.042218	0.019286	0.167431	0.022224	0.405295	0.111012	0.054693	0.103364	0.143083	0.259187	0.328661	0.272401	0.108129	0.044127	0.144977	0.315438	0.114928	1,2,2,2,2,2	0.660611	0.796015	0.897837	0.897837	0.897837	0.897837	0.897837	
192000	-116203	1,2,3,3,1,4	12.141922	6.145783	5.113258	5.882084	5.882084	6.145783	6.382932	1,1,1,1,1,1	0.000000	0.015194	0.530658	0.115457	0.338691	0.015194	0.530658	0.115457	0.338691	0.015194	0.530658	0.115457	0.338691	0.015194	0.530658	0.115457	0.338691	0.015194	0.530658	0.115457	0.338691	0.015194	0.530658	0.115457	0.338691	1,2,3,4,1,3	10.183432	0.005999	0.285183	0.483774	0.044195	0.082200	0.098650	0.268650	0.079232	0.115316	0.126755	0.117565	0.292483	0.195258	0.057398	0.147513	0.113375	0.424635	0.061821	0.089416	0.137813	0.068911	0.371567	0.033387	0.298905	0.005999	0.285183	0.483774	0.044195	0.082200	0.098650	0.195258	0.057398	0.147513	0.113375	0.424635	0.061821	1,2,2,2,2,2	0.452410	0.568844	0.846267	0.846267	0.846267	0.846267	0.846267	
193000	-115855	1,2,3,4,5,6	9.999242	6.130626	5.168101	5.897811	6.565980	5.827069	5.974235	1,1,1,1,1,1	0.000000	0.012116	0.509766	0.120077	0.358041	0.012116	0.509766	0.120077	0.358041	0.012116	0.509766	0.120077	0.358041	0.012116	0.509766	0.120077	0.358041	0.012116	0.509766	0.120077	0.358041	0.012116	0.509766	0.120077	0.358041	1,2,3,4,5,3	1.537603	0.026851	0.264411	0.093238	0.250204	0.271828	0.093468	0.349396	0.223819	0.069603	0.138897	0.082156	0.136129	0.223869	0.111367	0.361782	0.061438	0.197841	0.043702	0.096942	0.284889	0.040822	0.109131	0.008113	0.460103	0.002531	0.365437	0.113274	0.105423	0.280263	0.133073	0.223869	0.111367	0.361782	0.061438	0.197841	0.043702	1,1,1,1,1,1	0.000000	0.838397	0.838397	0.838397	0.838397	0.838397	0.838397	
194000	-116023	1,2,3,4,1,1	3.519786	5.908974	5.607875	5.787348	6.163256	5.908974	5.908974	1,1,1,1,1,1	0.000000	0.012794	0.537127	0.109871	0.340207	0.012794	0.537127	0.109871	0.340207	0.012794	0.537127	0.109871	0.340207	0.012794	0.537127	0.109871	0.340207	0.012794	0.537127	0.109871	0.340207	0.012794	0.537127	0.109871	0.340207	1,2,1,3,4,4	2.528169	0.100059	0.325858	0.186182	0.168594	0.207048	0.012260	0.151237	0.194115	0.206801	0.113070	0.142957	0.191820	0.100059	0.325858	0.186182	0.168594	0.207048	0.012260	0.172195	0.109151	0.522643	0.046978	0.006729	0.142304	0.169808	0.468292	0.132530	0.034843	0.094152	0.100376	0.169808	0.468292	0.132530	0.034843	0.094152	0.100376	1,1,1,1,1,1	0.000000	0.825504	0.825504	0.825504	0.825504	0.825504	0.825504	
195000	-116092	1,1,1,1,1,1	0.000000	5.887551	5.887551	5.887551	5.887551	5.887551	5.887551	1,1,1,1,1,1	0.103475	0.012273	0.543496	0.114895	0.329336	0.012273	0.543496	0.114895	0.329336	0.012273	0.543496	0.114895	0.329336	0.012273	0.543496	0.114895	0.329336	0.012273	0.543496	0.114895	0.329336	0.012273	0.543496	0.114895	0.329336	1,2,1,3,4,2	6.064733	0.191668	0.093906	0.110453	0.180922	0.369766	0.053284	0.356810	0.233987	0.245388	0.043252	0.072642	0.047921	0.191668	0.093906	0.110453	0.180922	0.369766	0.053284	0.433845	0.164706	0.155545	0.159735	0.013713	0.072456	0.012164	0.022142	0.463674	0.112692	0.117746	0.271581	0.356810	0.233987	0.245388	0.043252	0.072642	0.047921	1,2,3,2,3,2	1.373275	0.578425	0.912734	0.840164	0.912734	0.840164	0.912734	
196000	-115584	1,2,1,2,1,1	3.563373	5.978467	5.425620	5.978467	5.425620	5.978467	5.978467	1,1,1,1,1,1	0.000000	0.020750	0.525336	0.125964	0.327950	0.020750	0.525336	0.125964	0.327950	0.020750	0.525336	0.125964	0.327950	0.020750	0.525336	0.125964	0.327950	0.020750	0.525336	0.125964	0.327950	0.020750	0.525336	0.125964	0.327950	1,2,3,4,5,6	5.359411	0.080555	0.005250	0.291225	0.257397	0.245828	0.119745	0.139554	0.436990	0.042611	0.158948	0.095584	0.126314	0.253149	0.294484	0.053972	0.102613	0.276958	0.018824	0.015922	0.129729	0.012111	0.332011	0.034441	0.475786	0.070712	0.078112	0.146732	0.009460	0.341703	0.353282	0.293813	0.033227	0.033070	0.244173	0.230043	0.165673	1,1,1,1,1,1	0.000000	0.916851	0.916851	0.916851	0.916851	0.916851	0.916851	
197000	-115484	1,2,3,4,3,4	3.190944	5.789979	5.526533	5.861914	5.610349	5.861914	5.610349	1,1,1,1,1,1	0.000000	0.013830	0.517363	0.120947	0.347861	0.013830	0.517363	0.120947	0.347861	0.013830	0.517363	0.120947	0.347861	0.013830	0.517363	0.120947	0.347861	0.013830	0.517363	0.120947	0.347861	0.013830	0.517363	0.120947	0.347861	1,2,3,4,5,3	2.812097	0.178542	0.046990	0.089924	0.178442	0.333627	0.172474	0.336864	0.074663	0.187620	0.231846	0.127782	0.041224	0.274919	0.132693	0.161562	0.106213	0.246558	0.078054	0.118025	0.085903	0.377900	0.191772	0.020436	0.205964	0.131690	0.091503	0.239012	0.079364	0.257414	0.201017	0.274919	0.132693	0.161562	0.106213	0.246558	0.078054	1,2,2,2,2,2	2.759676	0.810797	0.920322	0.920322	0.920322	0.920322	0.920322	
198000	-115767	1,2,1,3,1,1	3.419981	6.100652	5.726357	6.100652	5.276852	6.100652	6.100652	1,1,1,1,1,1	0.000000	0.017650	0.520074	0.120883	0.341392	0.017650	0.520074	0.120883	0.341392	0.017650	0.520074	0.120883	0.341392	0.017650	0.520074	0.120883	0.341392	0.017650	0.520074	0.120883	0.341392	0.017650	0.520074	0.120883	0.341392	1,2,1,3,4,5	1.894738	0.088604	0.132972	0.113427	0.316187	0.325062	0.023748	0.554348	0.047182	0.049171	0.106013	0.070932	0.172353	0.088604	0.132972	0.113427	0.316187	0.325062	0.023748	0.113293	0.108907	0.082817	0.190153	0.060991	0.443840	0.160917	0.065350	0.146950	0.015465	0.213793	0.397525	0.305203	0.078415	0.403284	0.044156	0.116439	0.052503	1,2,2,2,3,2	2.481740	0.624419	0.859728	0.859728	0.859728	1.039498	0.859728	
199000	-116059	1,2,3,2,1,1	8.092317	5.778957	5.643965	5.607632	5.643965	5.778957	5.778957	1,1,1,1,1,1	0.000000	0.010884	0.517245	0.117120	0.354752	0.010884	0.517245	0.117120	0.354752	0.010884	0.517245	0.117120	0.354752	0.010884	0.517245	0.117120	0.354752	0.010884	0.517245	0.117120	0.354752	0.010884	0.517245	0.117120	0.354752	1,2,3,4,5,2	5.511556	0.113693	0.390361	0.211882	0.110865	0.108677	0.064523	0.383884	0.091011	0.184254	0.092901	0.147280	0.100670	0.163035	0.084593	0.227402	0.189389	0.271446	0.064134	0.036455	0.088432	0.433751	0.339609	0.032753	0.068999	0.104104	0.360278	0.093209	0.049439	0.192589	0.200382	0.383884	0.091011	0.184254	0.092901	0.147280	0.100670	1,2,2,1,3,3	1.114674	0.786796	0.883532	0.883532	0.786796	0.927018	0.927018	
200000	-115976	1,1,1,2,1,3	0.859897	5.764335	5.764335	5.764335	5.531549	5.764335	6.181767	1,1,1,1,1,1	0.000000	0.012752	0.531551	0.107034	0.348662	0.012752	0.531551	0.107034	0.348662	0.012752	0.531551	0.107034	0.348662	0.012752	0.531551	0.107034	0.348662	0.012752	0.531551	0.107034	0.348662	0.012752	0.531551	0.107034	0.348662	1,2,3,4,5,1	9.082233	0.274515	0.084622	0.272187	0.094214	0.188789	0.085673	0.253290	0.144830	0.385876	0.084542	0.088207	0.043255	0.117333	0.333558	0.009876	0.151519	0.269497	0.118217	0.516275	0.031832	0.211239	0.136112	0.017429	0.087113	0.049046	0.071954	0.223270	0.110128	0.230577	0.315025	0.274515	0.084622	0.272187	0.094214	0.188789	0.085673	1,2,3,3,2,2	1.113026	0.692736	0.953101	0.850737	0.850737	0.953101	0.953101	
201000	-116855	1,2,3,2,4,5	3.660788	6.373464	5.016846	5.700423	5.016846	6.085291	6.183033	1,1,1,1,1,1	0.004948	0.017521	0.528786	0.114568	0.339126	0.017521	0.528786	0.114568	0.339126	0.017521	0.528786	0.114568	0.339126	0.017521	0.528786	0.114568	0.339126	0.017521	0.528786	0.114568	0.339126	0.017521	0.528786	0.114568	0.339126	1,2,1,3,4,2	1.869705	0.138056	0.096115	0.372634	0.118830	0.247166	0.027199	0.166417	0.402140	0.167885	0.071257	0.108772	0.083530	0.138056	0.096115	0.372634	0.118830	0.247166	0.027199	0.253208	0.267293	0.149104	0.129292	0.082313	0.118789	0.204078	0.072726	0.250146	0.009300	0.184059	0.279691	0.166417	0.402140	0.167885	0.071257	0.108772	0.083530	1,1,1,1,1,1	0.000000	0.861576	0.861576	0.861576	0.861576	0.861576	0.861576	
202000	-116020	1,2,3,4,5,3	25.698209	5.971101	5.525923	6.006225	5.076486	6.005500	6.006225	1,1,1,1,1,1	0.000000	0.013229	0.501711	0.127520	0.357540	0.013229	0.501711	0.127520	0.357540	0.013229	0.501711	0.127520	0.357540	0.013229	0.501711	0.127520	0.357540	0.013229	0.501711	0.127520	0.357540	0.013229	0.501711	0.127520	0.357540	1,2,1,3,4,5	11.688670	0.003543	0.215955	0.263307	0.213821	0.260764	0.042610	0.179650	0.106242	0.167803	0.223684	0.261485	0.061136	0.003543	0.215955	0.263307	0.213821	0.260764	0.042610	0.064667	0.128212	0.092753	0.368892	0.073548	0.271928	0.039651	0.324610	0.251875	0.050843	0.194108	0.138913	0.287717	0.231605	0.311881	0.055318	0.088329	0.025149	1,2,2,2,2,2	0.017884	0.578581	0.923106	0.923106	0.923106	0.923106	0.923106	
203000	-115473	1,2,2,1,1,1	0.112586	6.147786	5.606059	5.606059	6.147786	6.147786	6.147786	1,1,1,1,1,1	0.350114	0.019969	0.520225	0.118582	0.341223	0.019969	0.520225	0.118582	0.341223	0.019969	0.520225	0.118582	0.341223	0.019969	0.520225	0.118582	0.341223	0.019969	0.520225	0.118582	0.341223	0.019969	0.520225	0.118582	0.341223	1,2,3,4,5,5	1.255477	0.109177	0.048594	0.166929	0.237664	0.322953	0.114683	0.515443	0.104720	0.234917	0.059877	0.063960	0.021084	0.037033	0.032626	0.133952	0.158732	0.587849	0.049808	0.071937	0.421397	0.101484	0.188313	0.036792	0.180078	0.211457	0.071044	0.233337	0.042444	0.255473	0.186245	0.211457	0.071044	0.233337	0.042444	0.255473	0.186245	1,2,2,3,4,2	1.637259	0.700293	0.880882	0.880882	0.852175	0.884632	0.880882	
204000	-116407	1,2,2,2,2,1	0.031896	6.136468	5.518930	5.518930	5.518930	5.518930	6.136468	1,1,1,1,1,1	0.000000	0.019101	0.510894	0.124885	0.345119	0.019101	0.510894	0.124885	0.345119	0.019101	0.510894	0.124885	0.345119	0.019101	0.510894	0.124885	0.345119	0.019101	0.510894	0.124885	0.345119	0.019101	0.510894	0.124885	0.345119	1,2,3,4,5,2	1.594163	0.145086	0.049134	0.135035	0.265341	0.259622	0.145781	0.406656	0.167786	0.108310	0.073789	0.166785	0.076674	0.188797	0.193791	0.032234	0.155631	0.353639	0.075907	0.042628	0.064832	0.389723	0.112323	0.119054	0.271439	0.053441	0.060194	0.289828	0.127676	0.212950	0.255911	0.406656	0.167786	0.108310	0.073789	0.166785	0.076674	1,1,1,1,1,1	0.000000	0.830840	0.830840	0.830840	0.830840	0.830840	0.830840	
205000	-115686	1,2,2,2,1,3	3.433639	5.945163	5.406396	5.406396	5.406396	5.945163	5.792703	1,1,2,2,2,2	0.738013	0.020145	0.501749	0.177916	0.300190	0.020145	0.501749	0.177916	0.300190	0.011701	0.514465	0.128565	0.345269	0.011701	0.514465	0.128565	0.345269	0.011701	0.514465	0.128565	0.345269	0.011701	0.514465	0.128565	0.345269	1,2,3,4,2,2	1.639028	0.028479	0.016753	0.253244	0.187224	0.412718	0.101582	0.341141	0.234528	0.101079	0.079441	0.160255	0.083556	0.092425	0.280692	0.025378	0.175169	0.332826	0.093511	0.128806	0.031057	0.397810	0.258469	0.039282	0.144575	0.341141	0.234528	0.101079	0.079441	0.160255	0.083556	0.341141	0.234528	0.101079	0.079441	0.160255	0.083556	1,2,2,2,2,2	0.468036	0.583737	0.887968	0.887968	0.887968	0.887968	0.887968	
206000	-116261	1,2,3,2,1,3	0.316255	6.099045	5.265223	5.831128	5.265223	6.099045	5.831128	1,1,1,1,1,1	0.000000	0.013616	0.522538	0.113426	0.350420	0.013616	0.522538	0.113426	0.350420	0.013616	0.522538	0.113426	0.350420	0.013616	0.522538	0.113426	0.350420	0.013616	0.522538	0.113426	0.350420	0.013616	0.522538	0.113426	0.350420	1,2,3,4,5,6	9.387518	0.026600	0.228171	0.121340	0.379063	0.199350	0.045476	0.254528	0.445948	0.002177	0.068786	0.103179	0.125383	0.233708	0.251356	0.073905	0.097128	0.275694	0.068209	0.030949	0.004186	0.308146	0.252708	0.132613	0.271398	0.103320	0.258923	0.113818	0.066252	0.163832	0.293855	0.690091	0.057139	0.064611	0.038526	0.096721	0.052912	1,2,3,2,2,2	2.644352	0.583712	0.920209	0.922180	0.920209	0.920209	0.920209	
207000	-115544	1,2,1,1,1,1	2.262735	5.926142	5.353525	5.926142	5.926142	5.926142	5.926142	1,2,3,1,3,3	0.648618	0.013075	0.503296	0.146072	0.337558	0.066044	0.434539	0.144229	0.355188	0.016127	0.536431	0.084373	0.363069	0.013075	0.503296	0.146072	0.337558	0.016127	0.536431	0.084373	0.363069	0.016127	0.536431	0.084373	0.363069	1,2,1,3,2,4	4.183543	0.018228	0.124100	0.260902	0.227404	0.337525	0.031840	0.141597	0.229199	0.158562	0.150351	0.176767	0.143524	0.018228	0.124100	0.260902	0.227404	0.337525	0.031840	0.105812	0.102825	0.036252	0.326320	0.022719	0.406071	0.141597	0.229199	0.158562	0.150351	0.176767	0.143524	0.400225	0.065220	0.163538	0.156262	0.161426	0.053329	1,2,2,2,2,2	3.737679	0.484755	0.947694	0.947694	0.947694	0.947694	0.947694	
208000	-116142	1,2,3,4,5,4	4.101493	5.930151	4.983544	5.731810	5.777292	6.127963	5.777292	1,1,1,2,1,1	0.282487	0.014377	0.530207	0.128572	0.326844	0.014377	0.530207	0.128572	0.326844	0.014377	0.530207	0.128572	0.326844	0.021398	0.558634	0.177649	0.242319	0.014377	0.530207	0.128572	0.326844	0.014377	0.530207	0.128572	0.326844	1,2,3,4,5,2	3.264205	0.041089	0.191238	0.234924	0.178908	0.218910	0.134930	0.364857	0.066182	0.126848	0.085928	0.188487	0.167699	0.014709	0.377322	0.292462	0.097388	0.156582	0.061536	0.061791	0.324819	0.092772	0.184715	0.101452	0.234451	0.365756	0.070838	0.092780	0.051892	0.213316	0.205419	0.364857	0.066182	0.126848	0.085928	0.188487	0.167699	1,1,1,1,1,1	0.000000	0.828985	0.828985	0.828985	0.828985	0.828985	0.828985	
209000	-115481	1,2,1,2,3,4	10.085132	5.789080	5.371467	5.789080	5.371467	6.229109	6.187819	1,1,1,1,1,1	0.000025	0.016134	0.523043	0.110985	0.349838	0.016134	0.523043	0.110985	0.349838	0.016134	0.523043	0.110985	0.349838	0.016134	0.523043	0.110985	0.349838	0.016134	0.523043	0.110985	0.349838	0.016134	0.523043	0.110985	0.349838	1,2,3,4,5,6	5.839267	0.017022	0.286135	0.182601	0.240696	0.140509	0.133037	0.246070	0.192633	0.115881	0.082033	0.159507	0.203877	0.084214	0.047664	0.082589	0.275476	0.368816	0.141241	0.071495	0.272628	0.188269	0.249302	0.015430	0.202875	0.189529	0.086693	0.156846	0.048834	0.310616	0.207481	0.274688	0.249876	0.042382	0.129083	0.177560	0.126412	1,2,3,3,4,2	1.299402	0.624466	0.983011	0.817995	0.817995	0.931206	0.983011	
210000	-115995	1,2,3,4,5,6	4.713041	6.301068	5.190004	5.233536	6.128987	5.370157	6.097130	1,1,1,1,1,1	0.000000	0.015088	0.546366	0.125612	0.312934	0.015088	0.546366	0.125612	0.312934	0.015088	0.546366	0.125612	0.312934	0.015088	0.546366	0.125612	0.312934	0.015088	0.546366	0.125612	0.312934	0.015088	0.546366	0.125612	0.312934	1,2,1,3,2,4	2.527024	0.067585	0.229382	0.232383	0.176274	0.283802	0.010574	0.120979	0.162623	0.325000	0.070737	0.147155	0.173506	0.067585	0.229382	0.232383	0.176274	0.283802	0.010574	0.199265	0.050923	0.085567	0.155836	0.012423	0.495986	0.120979	0.162623	0.325000	0.070737	0.147155	0.173506	0.299476	0.044910	0.067984	0.207712	0.191827	0.188091	1,1,1,1,1,1	0.000000	0.847762	0.847762	0.847762	0.847762	0.847762	0.847762	
211000	-115974	1,1,1,1,1,1	0.000000	5.862299	5.862299	5.862299	5.862299	5.862299	5.862299	1,1,1,1,1,1	0.000000	0.015289	0.513626	0.124703	0.346382	0.015289	0.513626	0.124703	0.346382	0.015289	0.513626	0.124703	0.346382	0.015289	0.513626	0.124703	0.346382	0.015289	0.513626	0.124703	0.346382	0.015289	0.513626	0.124703	0.346382	1,2,3,4,5,2	4.271136	0.083070	0.216424	0.304599	0.148394	0.237311	0.010201	0.197247	0.197909	0.320478	0.062003	0.151103	0.071260	0.036346	0.360506	0.094421	0.098367	0.354783	0.055577	0.381176	0.345304	0.056670	0.098897	0.000205	0.117747	0.189295	0.345716	0.184761	0.036209	0.098819	0.145200	0.197247	0.197909	0.320478	0.062003	0.151103	0.071260	1,2,2,1,2,2	1.328844	0.642820	0.938527	0.938527	0.642820	0.938527	0.938527	
212000	-115524	1,2,3,4,3,5	23.434933	5.826422	5.291098	5.757163	5.943122	5.757163	5.676966	1,1,1,1,1,1	0.000000	0.012182	0.532519	0.134871	0.320428	0.012182	0.532519	0.134871	0.320428	0.012182	0.532519	0.134871	0.320428	0.012182	0.532519	0.134871	0.320428	0.012182	0.532519	0.134871	0.320428	0.012182	0.532519	0.134871	0.320428	1,2,1,3,4,5	5.601326	0.119969	0.100611	0.122470	0.249729	0.320518	0.086703	0.259653	0.351700	0.178199	0.092439	0.047225	0.070785	0.119969	0.100611	0.122470	0.249729	0.320518	0.086703	0.104213	0.212517	0.216591	0.142977	0.013128	0.310574	0.007088	0.110113	0.077971	0.101929	0.305798	0.397101	0.276042	0.024963	0.144441	0.246101	0.216854	0.091598	1,1,1,1,1,1	0.000000	0.915705	0.915705	0.915705	0.915705	0.915705	0.915705	
213000	-115720	1,1,1,1,1,1	0.000000	5.913687	5.913687	5.913687	5.913687	5.913687	5.913687	1,1,1,1,1,1	0.000000	0.017824	0.505623	0.122753	0.353800	0.017824	0.505623	0.122753	0.353800	0.017824	0.505623	0.122753	0.353800	0.017824	0.505623	0.122753	0.353800	0.017824	0.505623	0.122753	0.353800	0.017824	0.505623	0.122753	0.353800	1,2,3,4,5,3	5.572675	0.021502	0.011290	0.526195	0.153260	0.212500	0.075252	0.145879	0.115201	0.370621	0.161333	0.100469	0.106497	0.189116	0.013033	0.085988	0.132190	0.364270	0.215402	0.087113	0.439359	0.070514	0.126773	0.008175	0.268066	0.027293	0.078592	0.249968	0.041952	0.383797	0.218399	0.189116	0.013033	0.085988	0.132190	0.364270	0.215402	1,1,1,1,1,1	0.000000	0.841101	0.841101	0.841101	0.841101	0.841101	0.841101	
214000	-115802	1,2,3,2,4,5	3.113921	5.562321	4.779396	5.547725	4.779396	5.961603	6.217511	1,1,1,1,1,1	0.000000	0.016687	0.524484	0.112338	0.346491	0.016687	0.524484	0.112338	0.346491	0.016687	0.524484	0.112338	0.346491	0.016687	0.524484	0.112338	0.346491	0.016687	0.524484	0.112338	0.346491	0.016687	0.524484	0.112338	0.346491	1,1,2,3,4,5	4.685032	0.176892	0.337720	0.116053	0.121733	0.160918	0.086684	0.176892	0.337720	0.116053	0.121733	0.160918	0.086684	0.172748	0.106120	0.029835	0.227038	0.338392	0.125868	0.036807	0.143587	0.036797	0.512030	0.006020	0.264758	0.226822	0.092827	0.159095	0.078192	0.255348	0.187716	0.487288	0.152455	0.111221	0.037763	0.140032	0.071241	1,2,2,1,2,2	0.722553	0.692554	0.899708	0.899708	0.692554	0.899708	0.899708	
215000	-115225	1,1,1,1,1,1	0.000000	5.693854	5.693854	5.693854	5.693854	5.693854	5.693854	1,1,1,1,1,1	0.000000	0.012971	0.535710	0.112362	0.338957	0.012971	0.535710	0.112362	0.338957	0.012971	0.535710	0.112362	0.338957	0.012971	0.535710	0.112362	0.338957	0.012971	0.535710	0.112362	0.338957	0.012971	0.535710	0.112362	0.338957	1,2,3,4,5,2	5.593311	0.051550	0.099784	0.140731	0.366615	0.330190	0.011130	0.485056	0.190964	0.083285	0.076363	0.107497	0.056835	0.011191	0.045993	0.123914	0.154347	0.501357	0.163198	0.016103	0.378703	0.107578	0.199226	0.020338	0.278052	0.256846	0.247132	0.105713	0.028617	0.120277	0.241416	0.485056	0.190964	0.083285	0.076363	0.107497	0.056835	1,1,1,1,1,1	0.003425	0.846415	0.846415	0.846415	0.846415	0.846415	0.846415	
216000	-115742	1,2,2,2,1,1	0.330083	5.933051	5.566529	5.566529	5.566529	5.933051	5.933051	1,1,1,1,1,1	0.000000	0.017179	0.519565	0.137105	0.326151	0.017179	0.519565	0.137105	0.326151	0.017179	0.519565	0.137105	0.326151	0.017179	0.519565	0.137105	0.326151	0.017179	0.519565	0.137105	0.326151	0.017179	0.519565	0.137105	0.326151	1,2,3,4,2,5	6.645586	0.191037	0.013096	0.058469	0.282017	0.388283	0.067098	0.452058	0.108385	0.090468	0.059940	0.132139	0.157010	0.103340	0.398207	0.153027	0.077124	0.265863	0.002439	0.195998	0.097498	0.049874	0.165275	0.018204	0.473151	0.452058	0.108385	0.090468	0.059940	0.132139	0.157010	0.398902	0.022003	0.016255	0.095888	0.350259	0.116695	1,2,2,2,2,2	0.130391	0.545816	0.877721	0.877721	0.877721	0.877721	0.877721	
217000	-115838	1,1,1,1,1,1	0.000000	5.925368	5.925368	5.925368	5.925368	5.925368	5.925368	1,1,1,2,3,1	0.489887	0.014570	0.541985	0.108152	0.335293	0.014570	0.541985	0.108152	0.335293	0.014570	0.541985	0.108152	0.335293	0.060684	0.576285	0.104538	0.258493	0.007921	0.518596	0.092809	0.380674	0.014570	0.541985	0.108152	0.335293	1,2,3,4,5,2	30.994530	0.052396	0.079585	0.277927	0.207960	0.187113	0.195020	0.204673	0.210878	0.150710	0.159578	0.154472	0.119689	0.261356	0.041278	0.024310	0.123448	0.486241	0.063368	0.078663	0.094738	0.185506	0.342129	0.000654	0.298310	0.004328	0.095848	0.458260	0.026526	0.155615	0.259423	0.204673	0.210878	0.150710	0.159578	0.154472	0.119689	1,2,2,2,2,2	0.542910	0.564383	0.933859	0.933859	0.933859	0.933859	0.933859	
218000	-115950	1,1,1,1,1,1	0.000000	5.945575	5.945575	5.945575	5.945575	5.945575	5.945575	1,1,1,1,1,1	0.000000	0.015382	0.501033	0.138426	0.345159	0.015382	0.501033	0.138426	0.345159	0.015382	0.501033	0.138426	0.345159	0.015382	0.501033	0.138426	0.345159	0.015382	0.501033	0.138426	0.345159	0.015382	0.501033	0.138426	0.345159	1,2,3,4,5,3	17.834689	0.146681	0.218766	0.131922	0.261480	0.212177	0.028974	0.132747	0.382553	0.311643	0.050637	0.057703	0.064718	0.200302	0.228268	0.027431	0.110199	0.338709	0.095090	0.252307	0.181833	0.101149	0.087920	0.008184	0.368607	0.031410	0.276614	0.109010	0.035159	0.349152	0.198655	0.200302	0.228268	0.027431	0.110199	0.338709	0.095090	1,2,2,1,2,2	0.367858	0.682933	0.917935	0.917935	0.682933	0.917935	0.917935	
219000	-115434	1,1,1,1,1,1	0.000000	5.770232	5.770232	5.770232	5.770232	5.770232	5.770232	1,1,2,1,2,2	0.062358	0.014338	0.507133	0.169236	0.309294	0.014338	0.507133	0.169236	0.309294	0.010305	0.525996	0.096046	0.367652	0.014338	0.507133	0.169236	0.309294	0.010305	0.525996	0.096046	0.367652	0.010305	0.525996	0.096046	0.367652	1,2,1,3,4,2	1.828074	0.046661	0.059090	0.283866	0.223199	0.324011	0.063173	0.484614	0.189952	0.083782	0.072720	0.104254	0.064677	0.046661	0.059090	0.283866	0.223199	0.324011	0.063173	0.265699	0.217792	0.288940	0.084537	0.011082	0.131950	0.115462	0.103699	0.260118	0.077000	0.090502	0.353219	0.484614	0.189952	0.083782	0.072720	0.104254	0.064677	1,2,2,2,2,2	0.824905	0.560385	0.864744	0.864744	0.864744	0.864744	0.864744	
220000	-115779	1,2,3,1,4,5	2.135546	6.358558	5.245168	5.670219	6.358558	6.157973	6.227021	1,1,1,1,1,1	0.000001	0.013220	0.501428	0.104412	0.380941	0.013220	0.501428	0.104412	0.380941	0.013220	0.501428	0.104412	0.380941	0.013220	0.501428	0.104412	0.380941	0.013220	0.501428	0.104412	0.380941	0.013220	0.501428	0.104412	0.380941	1,2,3,4,5,3	4.742059	0.054579	0.078903	0.124203	0.383227	0.291046	0.068043	0.380338	0.269967	0.008690	0.191180	0.074360	0.075465	0.260598	0.103035	0.047929	0.189196	0.287594	0.111648	0.218124	0.340685	0.213790	0.057499	0.002408	0.167495	0.029222	0.159712	0.469924	0.097368	0.154945	0.088829	0.260598	0.103035	0.047929	0.189196	0.287594	0.111648	1,1,1,1,1,1	0.000000	0.860889	0.860889	0.860889	0.860889	0.860889	0.860889	
221000	-116091	1,2,3,2,4,4	0.911343	5.866212	5.215734	6.000505	5.215734	6.396692	6.396692	1,2,1,1,1,2	0.989186	0.009051	0.497705	0.112251	0.380993	0.017106	0.512036	0.118301	0.352557	0.009051	0.497705	0.112251	0.380993	0.009051	0.497705	0.112251	0.380993	0.009051	0.497705	0.112251	0.380993	0.017106	0.512036	0.118301	0.352557	1,2,3,4,5,5	2.242263	0.072394	0.280109	0.163861	0.249854	0.170926	0.062856	0.334145	0.125449	0.201721	0.153270	0.070449	0.114966	0.081338	0.124700	0.020295	0.242242	0.408641	0.122783	0.081722	0.112200	0.187843	0.150578	0.080897	0.386761	0.240795	0.012901	0.091307	0.073390	0.363923	0.217684	0.240795	0.012901	0.091307	0.073390	0.363923	0.217684	1,2,2,2,2,2	0.647824	0.510690	0.916880	0.916880	0.916880	0.916880	0.916880	
222000	-115665	1,2,1,2,1,1	0.432688	5.935622	5.107488	5.935622	5.107488	5.935622	5.935622	1,1,1,1,1,1	0.000000	0.018531	0.519403	0.124305	0.337760	0.018531	0.519403	0.124305	0.337760	0.018531	0.519403	0.124305	0.337760	0.018531	0.519403	0.124305	0.337760	0.018531	0.519403	0.124305	0.337760	0.018531	0.519403	0.124305	0.337760	1,2,3,4,5,6	2.869806	0.064149	0.253788	0.148956	0.195017	0.243208	0.094881	0.248380	0.149762	0.146548	0.173778	0.111796	0.169735	0.055293	0.207729	0.011895	0.193525	0.528902	0.002656	0.332705	0.154460	0.060261	0.160396	0.033863	0.258315	0.032545	0.230951	0.268476	0.111392	0.215888	0.140748	0.247145	0.095691	0.240320	0.060919	0.175667	0.180259	1,2,2,2,2,2	0.698328	0.768100	0.865425	0.865425	0.865425	0.865425	0.865425	
223000	-115564	1,2,1,1,1,1	0.623378	5.938389	5.273893	5.938389	5.938389	5.938389	5.938389	1,1,1,1,1,1	0.000000	0.014742	0.526964	0.128180	0.330113	0.014742	0.526964	0.128180	0.330113	0.014742	0.526964	0.128180	0.330113	0.014742	0.526964	0.128180	0.330113	0.014742	0.526964	0.128180	0.330113	0.014742	0.526964	0.128180	0.330113	1,2,1,3,4,4	0.803852	0.168158	0.016337	0.163174	0.210038	0.395513	0.046780	0.170369	0.391458	0.076183	0.135901	0.097145	0.128943	0.168158	0.016337	0.163174	0.210038	0.395513	0.046780	0.170065	0.005514	0.222828	0.159498	0.009907	0.432189	0.357960	0.157726	0.091571	0.063501	0.202562	0.126680	0.357960	0.157726	0.091571	0.063501	0.202562	0.126680	1,2,2,2,2,2	0.040543	0.673712	0.985107	0.985107	0.985107	0.985107	0.985107	
224000	-115784	1,2,2,2,3,3	0.215227	5.915161	5.591401	5.591401	5.591401	6.110383	6.110383	1,1,1,1,1,1	0.003681	0.018085	0.494528	0.119932	0.367455	0.018085	0.494528	0.119932	0.367455	0.018085	0.494528	0.119932	0.367455	0.018085	0.494528	0.119932	0.367455	0.018085	0.494528	0.119932	0.367455	0.018085	0.494528	0.119932	0.367455	1,2,1,3,4,5	10.818036	0.029757	0.447196	0.055961	0.177389	0.239542	0.050155	0.484807	0.073021	0.151311	0.169864	0.067064	0.053933	0.029757	0.447196	0.055961	0.177389	0.239542	0.050155	0.013129	0.017006	0.040256	0.521360	0.088964	0.319285	0.094219	0.096041	0.088957	0.113037	0.314878	0.292869	0.119415	0.492723	0.009974	0.127023	0.161981	0.088884	1,2,2,2,2,2	0.143137	0.640294	0.923123	0.923123	0.923123	0.923123	0.923123	
225000	-116009	1,2,3,2,4,3	5.234932	5.810283	5.560409	5.966341	5.560409	5.943074	5.966341	1,1,1,1,1,1	0.000000	0.016584	0.522556	0.114023	0.346836	0.016584	0.522556	0.114023	0.346836	0.016584	0.522556	0.114023	0.346836	0.016584	0.522556	0.114023	0.346836	0.016584	0.522556	0.114023	0.346836	0.016584	0.522556	0.114023	0.346836	1,2,3,4,5,5	4.158684	0.114562	0.173814	0.399540	0.098542	0.149474	0.064068	0.295944	0.046208	0.030051	0.287240	0.195209	0.145347	0.065385	0.183178	0.176478	0.130163	0.354886	0.089910	0.123097	0.070908	0.524911	0.171514	0.017983	0.091587	0.133525	0.288864	0.071842	0.128685	0.252108	0.124976	0.133525	0.288864	0.071842	0.128685	0.252108	0.124976	1,2,2,2,2,2	0.479744	0.557457	0.910122	0.910122	0.910122	0.910122	0.910122	
226000	-115679	1,1,2,1,2,3	0.546733	5.229384	5.229384	5.812187	5.229384	5.812187	5.818704	1,1,1,1,1,1	0.000000	0.015386	0.525742	0.114342	0.344530	0.015386	0.525742	0.114342	0.344530	0.015386	0.525742	0.114342	0.344530	0.015386	0.525742	0.114342	0.344530	0.015386	0.525742	0.114342	0.344530	0.015386	0.525742	0.114342	0.344530	1,2,3,4,5,1	15.587006	0.276052	0.234001	0.171284	0.141565	0.143222	0.033876	0.432842	0.118852	0.098533	0.081447	0.102478	0.165847	0.170883	0.087182	0.025932	0.332730	0.350513	0.032760	0.228325	0.263589	0.016626	0.205421	0.029748	0.256291	0.107242	0.163327	0.165284	0.074268	0.249720	0.240160	0.276052	0.234001	0.171284	0.141565	0.143222	0.033876	1,2,2,2,2,2	0.140099	0.387634	0.980604	0.980604	0.980604	0.980604	0.980604	
227000	-116277	1,2,1,3,4,5	5.323223	5.921529	5.201513	5.921529	5.655733	5.874068	5.994913	1,1,1,1,1,1	0.000000	0.017452	0.510909	0.138250	0.333388	0.017452	0.510909	0.138250	0.333388	0.017452	0.510909	0.138250	0.333388	0.017452	0.510909	0.138250	0.333388	0.017452	0.510909	0.138250	0.333388	0.017452	0.510909	0.138250	0.333388	1,2,3,4,1,2	3.018148	0.193140	0.168790	0.121936	0.093575	0.227735	0.194823	0.324449	0.047710	0.117726	0.161444	0.252147	0.096525	0.019353	0.034584	0.023357	0.209208	0.551093	0.162404	0.064627	0.173297	0.056406	0.409409	0.076355	0.219906	0.193140	0.168790	0.121936	0.093575	0.227735	0.194823	0.324449	0.047710	0.117726	0.161444	0.252147	0.096525	1,2,2,2,2,2	0.045413	0.768578	0.902211	0.902211	0.902211	0.902211	0.902211	
228000	-115819	1,2,2,2,1,1	1.143659	5.966498	5.377077	5.377077	5.377077	5.966498	5.966498	1,1,1,1,1,1	0.000000	0.014092	0.516284	0.123661	0.345963	0.014092	0.516284	0.123661	0.345963	0.014092	0.516284	0.123661	0.345963	0.014092	0.516284	0.123661	0.345963	0.014092	0.516284	0.123661	0.345963	0.014092	0.516284	0.123661	0.345963	1,2,1,3,4,4	0.769857	0.047269	0.186797	0.292891	0.163013	0.249436	0.060595	0.192861	0.341311	0.111062	0.177486	0.096479	0.080801	0.047269	0.186797	0.292891	0.163013	0.249436	0.060595	0.049052	0.436575	0.015994	0.119233	0.048535	0.330611	0.373725	0.194142	0.074907	0.056860	0.173024	0.127342	0.373725	0.194142	0.074907	0.056860	0.173024	0.127342	1,2,2,2,2,2	0.017081	0.599478	0.944121	0.944121	0.944121	0.944121	0.944121	
229000	-115921	1,2,3,4,5,6	8.765855	6.176405	5.771242	5.816743	5.624019	6.027096	5.916576	1,1,1,1,1,1	0.000000	0.017957	0.532263	0.109990	0.339789	0.017957	0.532263	0.109990	0.339789	0.017957	0.532263	0.109990	0.339789	0.017957	0.532263	0.109990	0.339789	0.017957	0.532263	0.109990	0.339789	0.017957	0.532263	0.109990	0.339789	1,2,1,3,4,2	2.266111	0.044711	0.135721	0.402438	0.165335	0.229221	0.022576	0.503121	0.121354	0.062292	0.084748	0.115276	0.113209	0.044711	0.135721	0.402438	0.165335	0.229221	0.022576	0.103522	0.219843	0.002364	0.134523	0.051749	0.487999	0.009287	0.385705	0.218558	0.025187	0.230141	0.131122	0.503121	0.121354	0.062292	0.084748	0.115276	0.113209	1,1,1,1,1,1	0.000000	0.851891	0.851891	0.851891	0.851891	0.851891	0.851891	
230000	-115943	1,1,2,1,3,4	1.675824	5.516249	5.516249	5.711426	5.516249	6.416943	6.115080	1,1,1,1,1,1	0.001861	0.025034	0.515530	0.123388	0.336048	0.025034	0.515530	0.123388	0.336048	0.025034	0.515530	0.123388	0.336048	0.025034	0.515530	0.123388	0.336048	0.025034	0.515530	0.123388	0.336048	0.025034	0.515530	0.123388	0.336048	1,2,3,4,5,3	2.034082	0.010776	0.026498	0.416993	0.182135	0.179486	0.184113	0.371970	0.117731	0.106381	0.095382	0.136752	0.171784	0.311587	0.211297	0.053416	0.093083	0.252626	0.077991	0.010629	0.189923	0.360217	0.093875	0.033497	0.311859	0.169325	0.186940	0.275583	0.080258	0.206981	0.080913	0.311587	0.211297	0.053416	0.093083	0.252626	0.077991	1,2,2,2,2,2	0.567866	0.494021	0.924747	0.924747	0.924747	0.924747	0.924747	
231000	-115563	1,2,3,4,5,6	4.491697	5.881342	5.640011	5.718629	5.452987	6.323926	6.149641	1,1,1,1,2,1	0.026305	0.014469	0.550022	0.113707	0.321802	0.014469	0.550022	0.113707	0.321802	0.014469	0.550022	0.113707	0.321802	0.014469	0.550022	0.113707	0.321802	0.010202	0.524497	0.137805	0.327496	0.014469	0.550022	0.113707	0.321802	1,2,3,4,5,6	12.226904	0.122074	0.170031	0.047763	0.245028	0.335376	0.079728	0.344238	0.016502	0.339659	0.058301	0.104287	0.137014	0.031302	0.377791	0.170624	0.084495	0.305681	0.030107	0.055173	0.469629	0.040871	0.216596	0.029744	0.187986	0.050313	0.347487	0.434146	0.006837	0.066840	0.094377	0.185475	0.380831	0.043336	0.074266	0.171187	0.144905	1,2,2,2,2,2	0.753836	0.513805	0.897049	0.897049	0.897049	0.897049	0.897049	
232000	-116050	1,2,3,4,5,3	4.140345	6.505064	5.419657	5.930516	6.900252	5.737443	5.930516	1,1,1,1,1,1	0.000000	0.018168	0.519845	0.132379	0.329608	0.018168	0.519845	0.132379	0.329608	0.018168	0.519845	0.132379	0.329608	0.018168	0.519845	0.132379	0.329608	0.018168	0.519845	0.132379	0.329608	0.018168	0.519845	0.132379	0.329608	1,2,3,4,2,2	3.741930	0.023415	0.255390	0.158966	0.375518	0.177837	0.008873	0.326780	0.125750	0.137977	0.100189	0.192503	0.116801	0.214853	0.164860	0.026704	0.076537	0.506593	0.010454	0.224073	0.075669	0.246530	0.110540	0.002449	0.340739	0.326780	0.125750	0.137977	0.100189	0.192503	0.116801	0.326780	0.125750	0.137977	0.100189	0.192503	0.116801	1,1,1,1,1,1	0.000000	0.825709	0.825709	0.825709	0.825709	0.825709	0.825709	
233000	-115720	1,2,3,4,4,4	0.544415	6.212717	5.317965	6.169489	5.998220	5.998220	5.998220	1,1,1,1,1,1	0.000000	0.014112	0.491429	0.137872	0.356587	0.014112	0.491429	0.137872	0.356587	0.014112	0.491429	0.137872	0.356587	0.014112	0.491429	0.137872	0.356587	0.014112	0.491429	0.137872	0.356587	0.014112	0.491429	0.137872	0.356587	1,2,3,4,5,6	10.130192	0.178110	0.101832	0.055812	0.260710	0.320194	0.083342	0.357238	0.239021	0.093498	0.107802	0.150976	0.051465	0.481633	0.060448	0.045335	0.076786	0.306072	0.029725	0.028852	0.154669	0.491854	0.086898	0.028311	0.209415	0.307244	0.103832	0.170659	0.090591	0.159027	0.168647	0.421965	0.100636	0.170458	0.049731	0.166110	0.091099	1,1,1,1,1,1	0.000000	0.933577	0.933577	0.933577	0.933577	0.933577	0.933577	
234000	-115913	1,2,3,4,2,2	10.428100	6.100398	6.408494	5.239783	4.907813	6.408494	6.408494	1,1,1,1,1,1	0.000000	0.022050	0.528507	0.114328	0.335115	0.022050	0.528507	0.114328	0.335115	0.022050	0.528507	0.114328	0.335115	0.022050	0.528507	0.114328	0.335115	0.022050	0.528507	0.114328	0.335115	0.022050	0.528507	0.114328	0.335115	1,2,3,4,5,6	10.798596	0.060597	0.260998	0.279957	0.154273	0.193564	0.050612	0.636426	0.096934	0.086473	0.058183	0.056155	0.065828	0.112253	0.102565	0.129009	0.247134	0.356087	0.052952	0.086730	0.009951	0.260802	0.109137	0.054564	0.478816	0.030152	0.177084	0.483594	0.015466	0.188140	0.105564	0.161013	0.246944	0.020609	0.116860	0.388880	0.065694	1,1,1,1,1,1	0.000000	0.783546	0.783546	0.783546	0.783546	0.783546	0.783546	
235000	-115591	1,1,1,1,1,1	0.708035	5.607943	5.607943	5.607943	5.607943	5.607943	5.607943	1,1,1,1,1,1	0.000000	0.016633	0.535300	0.119210	0.328857	0.016633	0.535300	0.119210	0.328857	0.016633	0.535300	0.119210	0.328857	0.016633	0.535300	0.119210	0.328857	0.016633	0.535300	0.119210	0.328857	0.016633	0.535300	0.119210	0.328857	1,2,1,3,4,5	5.050870	0.066643	0.222991	0.147390	0.226298	0.262370	0.074309	0.162495	0.392068	0.139979	0.183811	0.077702	0.043945	0.066643	0.222991	0.147390	0.226298	0.262370	0.074309	0.070488	0.165737	0.230476	0.339807	0.021563	0.171931	0.097139	0.157764	0.210855	0.100551	0.222528	0.211163	0.454269	0.018217	0.226960	0.051449	0.140537	0.108568	1,1,1,1,1,1	0.000000	0.932571	0.932571	0.932571	0.932571	0.932571	0.932571	
236000	-115248	1,1,1,2,1,1	0.005779	6.228233	6.228233	6.228233	5.155468	6.228233	6.228233	1,1,1,1,1,1	0.074012	0.016405	0.491957	0.116118	0.375519	0.016405	0.491957	0.116118	0.375519	0.016405	0.491957	0.116118	0.375519	0.016405	0.491957	0.116118	0.375519	0.016405	0.491957	0.116118	0.375519	0.016405	0.491957	0.116118	0.375519	1,2,3,4,5,3	4.818388	0.073180	0.303793	0.234824	0.165066	0.164550	0.058587	0.346396	0.231275	0.307167	0.031693	0.049668	0.033800	0.376965	0.142652	0.107499	0.074716	0.214046	0.084122	0.126267	0.444672	0.061998	0.164844	0.016281	0.185938	0.132321	0.191120	0.173016	0.051697	0.187596	0.264250	0.376965	0.142652	0.107499	0.074716	0.214046	0.084122	1,2,3,2,2,3	0.294028	0.676495	0.940913	0.832456	0.940913	0.940913	0.832456	
237000	-115733	1,2,2,1,1,1	0.244222	5.839872	5.590542	5.590542	5.839872	5.839872	5.839872	1,1,1,1,1,1	0.000000	0.019158	0.510494	0.129807	0.340541	0.019158	0.510494	0.129807	0.340541	0.019158	0.510494	0.129807	0.340541	0.019158	0.510494	0.129807	0.340541	0.019158	0.510494	0.129807	0.340541	0.019158	0.510494	0.129807	0.340541	1,2,3,4,3,2	0.948749	0.035278	0.110605	0.290632	0.295672	0.211470	0.056343	0.459235	0.075777	0.121586	0.109805	0.150683	0.082915	0.094159	0.054708	0.151131	0.165876	0.331400	0.202726	0.046936	0.042243	0.372387	0.369482	0.035338	0.133616	0.094159	0.054708	0.151131	0.165876	0.331400	0.202726	0.459235	0.075777	0.121586	0.109805	0.150683	0.082915	1,2,2,2,2,2	0.191829	0.635468	0.878750	0.878750	0.878750	0.878750	0.878750	
238000	-115522	1,2,2,3,4,1	9.547179	5.947416	5.716129	5.716129	5.267464	6.459424	5.947416	1,1,1,1,1,1	0.000002	0.012444	0.529051	0.121227	0.337278	0.012444	0.529051	0.121227	0.337278	0.012444	0.529051	0.121227	0.337278	0.012444	0.529051	0.121227	0.337278	0.012444	0.529051	0.121227	0.337278	0.012444	0.529051	0.121227	0.337278	1,2,3,4,5,6	6.594726	0.020249	0.382440	0.237326	0.125846	0.194653	0.039486	0.675844	0.036789	0.026865	0.055148	0.070793	0.134560	0.072822	0.152799	0.189380	0.176945	0.336598	0.071457	0.234562	0.200377	0.056458	0.162411	0.045149	0.301043	0.036226	0.329225	0.112838	0.045531	0.239574	0.236607	0.233554	0.067771	0.111301	0.227413	0.230342	0.129620	1,2,2,2,2,2	0.558476	0.459411	0.920862	0.920862	0.920862	0.920862	0.920862	
239000	-115480	1,2,3,4,4,1	0.177680	6.025055	5.191418	6.274982	5.673142	5.673142	6.025055	1,1,1,1,1,1	0.000000	0.014391	0.549101	0.111605	0.324903	0.014391	0.549101	0.111605	0.324903	0.014391	0.549101	0.111605	0.324903	0.014391	0.549101	0.111605	0.324903	0.014391	0.549101	0.111605	0.324903	0.014391	0.549101	0.111605	0.324903	1,2,3,4,5,6	2.224581	0.214075	0.099256	0.017735	0.275421	0.255104	0.138408	0.354488	0.170848	0.177790	0.086075	0.059955	0.150844	0.079447	0.061133	0.200290	0.123332	0.487638	0.048161	0.418513	0.145237	0.046789	0.155784	0.011567	0.222109	0.131624	0.026713	0.158190	0.043904	0.272733	0.366835	0.307939	0.119054	0.075276	0.125718	0.232854	0.139159	1,1,1,1,1,1	0.000000	0.863334	0.863334	0.863334	0.863334	0.863334	0.863334	
240000	-116198	1,1,1,1,1,1	0.000000	5.786276	5.786276	5.786276	5.786276	5.786276	5.786276	1,1,1,1,1,1	0.000000	0.015139	0.535171	0.124063	0.325627	0.015139	0.535171	0.124063	0.325627	0.015139	0.535171	0.124063	0.325627	0.015139	0.535171	0.124063	0.325627	0.015139	0.535171	0.124063	0.325627	0.015139	0.535171	0.124063	0.325627	1,2,1,3,4,2	1.143508	0.134626	0.023730	0.166660	0.298190	0.314549	0.062245	0.354214	0.120774	0.123023	0.097911	0.196545	0.107533	0.134626	0.023730	0.166660	0.298190	0.314549	0.062245	0.043633	0.516441	0.263585	0.118689	0.023221	0.034431	0.077988	0.079226	0.119292	0.061969	0.357440	0.304086	0.354214	0.120774	0.123023	0.097911	0.196545	0.107533	1,2,2,2,2,2	0.247217	0.516642	0.854811	0.854811	0.854811	0.854811	0.854811	
241000	-115559	1,1,1,1,1,1	0.000000	5.886402	5.886402	5.886402	5.886402	5.886402	5.886402	1,2,1,2,1,1	1.059734	0.012442	0.504341	0.122043	0.361174	0.044221	0.482598	0.135583	0.337599	0.012442	0.504341	0.122043	0.361174	0.044221	0.482598	0.135583	0.337599	0.012442	0.504341	0.122043	0.361174	0.012442	0.504341	0.122043	0.361174	1,2,3,4,5,2	4.722580	0.109714	0.102090	0.264158	0.279346	0.231926	0.012765	0.374465	0.051526	0.125270	0.153419	0.149055	0.146265	0.332383	0.325151	0.104417	0.064856	0.159790	0.013403	0.002196	0.060200	0.201597	0.465560	0.055679	0.214767	0.008539	0.248532	0.153379	0.043429	0.195277	0.350844	0.374465	0.051526	0.125270	0.153419	0.149055	0.146265	1,2,2,2,2,2	0.068396	0.741057	0.940506	0.940506	0.940506	0.940506	0.940506	
242000	-116082	1,1,1,1,1,1	0.000000	6.089362	6.089362	6.089362	6.089362	6.089362	6.089362	1,1,1,1,1,1	0.000000	0.012873	0.512558	0.128647	0.345923	0.012873	0.512558	0.128647	0.345923	0.012873	0.512558	0.128647	0.345923	0.012873	0.512558	0.128647	0.345923	0.012873	0.512558	0.128647	0.345923	0.012873	0.512558	0.128647	0.345923	1,2,3,4,5,5	6.133496	0.129432	0.097347	0.285641	0.218100	0.158411	0.111069	0.342394	0.191057	0.112814	0.160215	0.117383	0.076136	0.238692	0.072493	0.231414	0.169021	0.238645	0.049736	0.363375	0.121345	0.255639	0.180726	0.005502	0.073414	0.550129	0.051870	0.048554	0.037261	0.204181	0.108005	0.550129	0.051870	0.048554	0.037261	0.204181	0.108005	1,2,2,1,2,2	1.125801	0.742251	0.921497	0.921497	0.742251	0.921497	0.921497	
243000	-116096	1,2,3,2,4,5	8.571308	6.037306	5.290566	5.750669	5.290566	6.340428	6.438471	1,1,1,1,1,1	0.000393	0.015054	0.501417	0.130402	0.353127	0.015054	0.501417	0.130402	0.353127	0.015054	0.501417	0.130402	0.353127	0.015054	0.501417	0.130402	0.353127	0.015054	0.501417	0.130402	0.353127	0.015054	0.501417	0.130402	0.353127	1,2,3,4,5,6	12.671911	0.095139	0.140454	0.379150	0.201044	0.158752	0.025462	0.359380	0.049806	0.269588	0.117532	0.146209	0.057486	0.037944	0.288159	0.075006	0.188293	0.281293	0.129306	0.036821	0.056031	0.359192	0.212528	0.100821	0.234606	0.224182	0.051369	0.185437	0.035102	0.342025	0.161885	0.546156	0.021621	0.172549	0.056899	0.165680	0.037095	1,2,2,3,2,2	0.105905	0.653073	0.937647	0.937647	0.852925	0.937647	0.937647	
244000	-115914	1,2,2,3,2,2	1.004692	6.027812	5.719463	5.719463	6.437295	5.719463	5.719463	1,1,1,1,1,1	0.000000	0.012498	0.535070	0.130402	0.322031	0.012498	0.535070	0.130402	0.322031	0.012498	0.535070	0.130402	0.322031	0.012498	0.535070	0.130402	0.322031	0.012498	0.535070	0.130402	0.322031	0.012498	0.535070	0.130402	0.322031	1,2,3,4,5,2	12.641428	0.159392	0.019550	0.483601	0.152175	0.176171	0.009110	0.202936	0.075669	0.288990	0.113440	0.184215	0.134749	0.074600	0.234357	0.137405	0.138693	0.394379	0.020566	0.560521	0.015056	0.255869	0.060896	0.005207	0.102451	0.129494	0.133991	0.079245	0.094937	0.272705	0.289628	0.202936	0.075669	0.288990	0.113440	0.184215	0.134749	1,2,2,1,2,2	0.551869	0.647690	0.916908	0.916908	0.647690	0.916908	0.916908	
245000	-115978	1,1,1,1,1,1	0.003633	5.693384	5.693384	5.693384	5.693384	5.693384	5.693384	1,1,1,1,1,1	0.000000	0.012382	0.555705	0.127446	0.304467	0.012382	0.555705	0.127446	0.304467	0.012382	0.555705	0.127446	0.304467	0.012382	0.555705	0.127446	0.304467	0.012382	0.555705	0.127446	0.304467	0.012382	0.555705	0.127446	0.304467	1,2,1,3,4,5	10.146873	0.110702	0.134247	0.195081	0.198792	0.294607	0.066571	0.390938	0.002045	0.290688	0.149025	0.142269	0.025035	0.110702	0.134247	0.195081	0.198792	0.294607	0.066571	0.013596	0.174726	0.126524	0.224113	0.073842	0.387199	0.051087	0.088532	0.315222	0.112762	0.186621	0.245775	0.286110	0.018777	0.008686	0.164392	0.226157	0.295877	1,2,2,1,2,2	1.516817	0.636643	0.910413	0.910413	0.636643	0.910413	0.910413	
246000	-115626	1,1,1,1,1,1	0.000000	5.887947	5.887947	5.887947	5.887947	5.887947	5.887947	1,1,1,1,1,1	0.000000	0.014959	0.510102	0.114417	0.360521	0.014959	0.510102	0.114417	0.360521	0.014959	0.510102	0.114417	0.360521	0.014959	0.510102	0.114417	0.360521	0.014959	0.510102	0.114417	0.360521	0.014959	0.510102	0.114417	0.360521	1,2,3,4,3,2	1.090021	0.194531	0.276482	0.216281	0.123298	0.147010	0.042399	0.558336	0.133738	0.068962	0.067443	0.107968	0.063553	0.159748	0.351586	0.037800	0.108285	0.234647	0.107934	0.058438	0.059803	0.045701	0.259755	0.041732	0.534572	0.159748	0.351586	0.037800	0.108285	0.234647	0.107934	0.558336	0.133738	0.068962	0.067443	0.107968	0.063553	1,1,1,1,1,1	0.000000	0.874668	0.874668	0.874668	0.874668	0.874668	0.874668	
247000	-115812	1,2,1,2,1,1	0.423126	6.017463	5.247367	6.017463	5.247367	6.017463	6.017463	1,1,1,1,1,1	0.000000	0.018677	0.497682	0.119061	0.364581	0.018677	0.497682	0.119061	0.364581	0.018677	0.497682	0.119061	0.364581	0.018677	0.497682	0.119061	0.364581	0.018677	0.497682	0.119061	0.364581	0.018677	0.497682	0.119061	0.364581	1,2,3,4,5,2	31.023170	0.058634	0.005261	0.096434	0.455700	0.274038	0.109934	0.416643	0.096922	0.057479	0.101950	0.169228	0.157777	0.225451	0.007951	0.026237	0.173111	0.461884	0.105366	0.253367	0.183998	0.056274	0.326241	0.030820	0.149300	0.211168	0.139662	0.142672	0.036861	0.256894	0.212742	0.416643	0.096922	0.057479	0.101950	0.169228	0.157777	1,2,2,2,2,2	0.311872	0.621354	0.913482	0.913482	0.913482	0.913482	0.913482	
248000	-115377	1,2,2,3,2,1	0.518738	6.037841	5.735334	5.735334	6.052753	5.735334	6.037841	1,1,1,1,1,1	0.000000	0.017129	0.511786	0.123587	0.347498	0.017129	0.511786	0.123587	0.347498	0.017129	0.511786	0.123587	0.347498	0.017129	0.511786	0.123587	0.347498	0.017129	0.511786	0.123587	0.347498	0.017129	0.511786	0.123587	0.347498	1,2,1,3,4,2	10.818574	0.100436	0.124940	0.140831	0.225648	0.333960	0.074185	0.502933	0.083647	0.084290	0.088391	0.146182	0.094558	0.100436	0.124940	0.140831	0.225648	0.333960	0.074185	0.312693	0.070280	0.005092	0.254646	0.009837	0.347452	0.079539	0.334686	0.134708	0.032550	0.196216	0.222300	0.502933	0.083647	0.084290	0.088391	0.146182	0.094558	1,2,2,3,2,2	0.948446	0.596787	0.948877	0.948877	0.816162	0.948877	0.948877	
249000	-115752	1,2,3,3,2,1	2.632765	5.800795	6.289395	6.191758	6.191758	6.289395	5.800795	1,1,1,1,1,1	0.000000	0.011868	0.517961	0.124508	0.345663	0.011868	0.517961	0.124508	0.345663	0.011868	0.517961	0.124508	0.345663	0.011868	0.517961	0.124508	0.345663	0.011868	0.517961	0.124508	0.345663	0.011868	0.517961	0.124508	0.345663	1,2,3,4,5,1	3.762164	0.334615	0.152281	0.098844	0.143494	0.207174	0.063594	0.686565	0.043471	0.184022	0.026910	0.028395	0.030637	0.035756	0.022741	0.098522	0.153258	0.622859	0.066863	0.276727	0.282288	0.062150	0.266932	0.009496	0.102407	0.259296	0.102510	0.023548	0.056864	0.238492	0.319291	0.334615	0.152281	0.098844	0.143494	0.207174	0.063594	1,2,2,2,2,2	0.251425	0.522489	0.954299	0.954299	0.954299	0.954299	0.954299	
250000	-116446	1,2,3,4,1,1	1.633924	6.137294	5.283870	5.612477	5.223478	6.137294	6.137294	1,1,1,1,1,1	0.000000	0.018087	0.520723	0.129724	0.331466	0.018087	0.520723	0.129724	0.331466	0.018087	0.520723	0.129724	0.331466	0.018087	0.520723	0.129724	0.331466	0.018087	0.520723	0.129724	0.331466	0.018087	0.520723	0.129724	0.331466	1,1,2,3,4,1	2.126242	0.295001	0.159062	0.163766	0.141046	0.161571	0.079554	0.295001	0.159062	0.163766	0.141046	0.161571	0.079554	0.387585	0.040894	0.031931	0.168482	0.355678	0.015430	0.075170	0.183845	0.209844	0.253937	0.120967	0.156237	0.156766	0.183253	0.286159	0.010479	0.183978	0.179364	0.295001	0.159062	0.163766	0.141046	0.161571	0.079554	1,1,1,1,1,1	0.000000	0.899809	0.899809	0.899809	0.899809	0.899809	0.899809	
251000	-116265	1,1,1,1,1,1	0.000000	5.711623	5.711623	5.711623	5.711623	5.711623	5.711623	1,1,1,1,1,1	0.000004	0.013814	0.509673	0.124125	0.352388	0.013814	0.509673	0.124125	0.352388	0.013814	0.509673	0.124125	0.352388	0.013814	0.509673	0.124125	0.352388	0.013814	0.509673	0.124125	0.352388	0.013814	0.509673	0.124125	0.352388	1,2,3,4,5,6	13.724241	0.103240	0.157707	0.264680	0.181361	0.189418	0.103594	0.281823	0.085628	0.154061	0.205311	0.142225	0.130952	0.178240	0.005351	0.112595	0.162934	0.531389	0.009491	0.249242	0.009469	0.383737	0.185728	0.056473	0.115351	0.277932	0.332253	0.028181	0.033671	0.166442	0.161521	0.224352	0.027661	0.005617	0.172310	0.335242	0.234819	1,2,2,2,2,2	0.162477	0.890059	0.932312	0.932312	0.932312	0.932312	0.932312	
252000	-115713	1,1,1,1,1,1	0.000000	5.775841	5.775841	5.775841	5.775841	5.775841	5.775841	1,1,1,1,1,1	0.000000	0.015202	0.516203	0.136845	0.331750	0.015202	0.516203	0.136845	0.331750	0.015202	0.516203	0.136845	0.331750	0.015202	0.516203	0.136845	0.331750	0.015202	0.516203	0.136845	0.331750	0.015202	0.516203	0.136845	0.331750	1,2,3,4,5,5	6.036984	0.056411	0.072667	0.296139	0.176180	0.328802	0.069801	0.058180	0.347931	0.273575	0.147399	0.090100	0.082815	0.159388	0.435143	0.011352	0.070886	0.280074	0.043157	0.066142	0.338668	0.083197	0.146248	0.008978	0.356767	0.184745	0.232208	0.076677	0.112504	0.233752	0.160114	0.184745	0.232208	0.076677	0.112504	0.233752	0.160114	1,2,3,3,2,2	2.734231	0.603620	0.992961	0.852003	0.852003	0.992961	0.992961	
253000	-115624	1,2,3,4,1,1	4.495420	6.264499	5.230933	5.749866	6.090472	6.264499	6.264499	1,1,1,1,1,1	0.000000	0.016972	0.507070	0.119486	0.356472	0.016972	0.507070	0.119486	0.356472	0.016972	0.507070	0.119486	0.356472	0.016972	0.507070	0.119486	0.356472	0.016972	0.507070	0.119486	0.356472	0.016972	0.507070	0.119486	0.356472	1,2,3,4,5,6	6.391135	0.220753	0.204424	0.131241	0.163300	0.219247	0.061035	0.411011	0.078080	0.043012	0.267502	0.141989	0.058407	0.011709	0.260406	0.025824	0.230283	0.428415	0.043364	0.143544	0.141341	0.459111	0.085643	0.006627	0.163735	0.070900	0.217241	0.333632	0.044442	0.241531	0.092255	0.516287	0.001285	0.044506	0.181764	0.197174	0.058984	1,1,1,1,1,1	0.000000	0.912965	0.912965	0.912965	0.912965	0.912965	0.912965	
254000	-115051	1,1,1,1,1,1	0.000000	5.894335	5.894335	5.894335	5.894335	5.894335	5.894335	1,1,2,2,2,2	0.058674	0.016101	0.553280	0.139867	0.290751	0.016101	0.553280	0.139867	0.290751	0.009728	0.528642	0.107780	0.353850	0.009728	0.528642	0.107780	0.353850	0.009728	0.528642	0.107780	0.353850	0.009728	0.528642	0.107780	0.353850	1,2,1,3,4,2	35.950174	0.015093	0.104134	0.246788	0.247775	0.345308	0.040903	0.347002	0.305383	0.124564	0.046836	0.104639	0.071577	0.015093	0.104134	0.246788	0.247775	0.345308	0.040903	0.165465	0.248203	0.175260	0.165946	0.002395	0.242732	0.152173	0.302829	0.380142	0.026848	0.065624	0.072384	0.347002	0.305383	0.124564	0.046836	0.104639	0.071577	1,2,2,2,2,2	3.604428	0.694517	0.880008	0.880008	0.880008	0.880008	0.880008	
255000	-116109	1,1,1,1,1,1	0.000000	5.778733	5.778733	5.778733	5.778733	5.778733	5.778733	1,1,1,1,1,1	0.000000	0.014535	0.536968	0.109834	0.338663	0.014535	0.536968	0.109834	0.338663	0.014535	0.536968	0.109834	0.338663	0.014535	0.536968	0.109834	0.338663	0.014535	0.536968	0.109834	0.338663	0.014535	0.536968	0.109834	0.338663	1,2,3,4,5,2	0.988407	0.121425	0.014386	0.296636	0.274022	0.265082	0.028449	0.530454	0.088455	0.018220	0.101989	0.188635	0.072247	0.101580	0.078631	0.147921	0.092951	0.530313	0.048603	0.103888	0.091979	0.064293	0.187813	0.095746	0.456280	0.151667	0.085202	0.122345	0.126541	0.194908	0.319338	0.530454	0.088455	0.018220	0.101989	0.188635	0.072247	1,2,2,1,2,2	1.215221	0.823445	0.902504	0.902504	0.823445	0.902504	0.902504	
256000	-116042	1,1,1,2,3,1	0.557813	6.302250	6.302250	6.302250	5.295684	6.193240	6.302250	1,1,1,1,1,1	0.000000	0.015821	0.491914	0.113437	0.378828	0.015821	0.491914	0.113437	0.378828	0.015821	0.491914	0.113437	0.378828	0.015821	0.491914	0.113437	0.378828	0.015821	0.491914	0.113437	0.378828	0.015821	0.491914	0.113437	0.378828	1,2,3,4,5,5	10.049418	0.004716	0.435726	0.186037	0.218396	0.137600	0.017524	0.396643	0.171235	0.339550	0.055781	0.027921	0.008870	0.077820	0.195563	0.112873	0.150397	0.453379	0.009969	0.135619	0.145881	0.052216	0.398916	0.062205	0.205164	0.043409	0.141895	0.113499	0.159107	0.290875	0.251215	0.043409	0.141895	0.113499	0.159107	0.290875	0.251215	1,2,1,1,2,2	0.413972	0.800803	0.976925	0.800803	0.800803	0.976925	0.976925	
257000	-116181	1,1,1,1,1,1	0.047345	5.778996	5.778996	5.778996	5.778996	5.778996	5.778996	1,1,1,1,1,1	0.000000	0.020529	0.497269	0.138263	0.343939	0.020529	0.497269	0.138263	0.343939	0.020529	0.497269	0.138263	0.343939	0.020529	0.497269	0.138263	0.343939	0.020529	0.497269	0.138263	0.343939	0.020529	0.497269	0.138263	0.343939	1,2,3,4,5,2	4.156795	0.225906	0.096201	0.035740	0.207335	0.327423	0.107395	0.474821	0.089874	0.043169	0.087738	0.229546	0.074852	0.057535	0.259790	0.181058	0.079881	0.315988	0.105749	0.009165	0.182579	0.038284	0.193453	0.093303	0.483215	0.336172	0.049137	0.126643	0.021600	0.187522	0.278926	0.474821	0.089874	0.043169	0.087738	0.229546	0.074852	1,2,2,2,2,2	0.747561	0.625497	0.888915	0.888915	0.888915	0.888915	0.888915	
258000	-116220	1,1,1,1,1,1	0.000000	5.916070	5.916070	5.916070	5.916070	5.916070	5.916070	1,1,1,1,1,1	0.000000	0.018873	0.516828	0.145229	0.319070	0.018873	0.516828	0.145229	0.319070	0.018873	0.516828	0.145229	0.319070	0.018873	0.516828	0.145229	0.319070	0.018873	0.516828	0.145229	0.319070	0.018873	0.516828	0.145229	0.319070	1,1,2,3,1,1	0.198836	0.172698	0.081396	0.151153	0.168138	0.273783	0.152832	0.172698	0.081396	0.151153	0.168138	0.273783	0.152832	0.166544	0.170905	0.044795	0.226521	0.310177	0.081058	0.184066	0.055261	0.078814	0.192673	0.035966	0.453219	0.172698	0.081396	0.151153	0.168138	0.273783	0.152832	0.172698	0.081396	0.151153	0.168138	0.273783	0.152832	1,1,1,1,1,1	0.000000	0.895003	0.895003	0.895003	0.895003	0.895003	0.895003	
259000	-115910	1,1,1,1,1,1	0.000000	5.828682	5.828682	5.828682	5.828682	5.828682	5.828682	1,1,1,1,1,1	0.000000	0.016151	0.510603	0.136475	0.336771	0.016151	0.510603	0.136475	0.336771	0.016151	0.510603	0.136475	0.336771	0.016151	0.510603	0.136475	0.336771	0.016151	0.510603	0.136475	0.336771	0.016151	0.510603	0.136475	0.336771	1,2,3,4,5,1	6.245116	0.087556	0.034008	0.232364	0.187245	0.340062	0.118764	0.461585	0.103133	0.341074	0.035955	0.042550	0.015703	0.006619	0.046993	0.277270	0.123814	0.506530	0.038774	0.002928	0.283543	0.173335	0.114737	0.047124	0.378334	0.028709	0.140911	0.231820	0.117645	0.379273	0.101643	0.087556	0.034008	0.232364	0.187245	0.340062	0.118764	1,1,1,1,1,1	0.000000	0.864078	0.864078	0.864078	0.864078	0.864078	0.864078	
260000	-115208	1,1,1,1,1,1	0.000000	5.844278	5.844278	5.844278	5.844278	5.844278	5.844278	1,1,1,1,1,1	0.000000	0.014624	0.520737	0.111093	0.353546	0.014624	0.520737	0.111093	0.353546	0.014624	0.520737	0.111093	0.353546	0.014624	0.520737	0.111093	0.353546	0.014624	0.520737	0.111093	0.353546	0.014624	0.520737	0.111093	0.353546	1,2,1,3,4,5	9.459452	0.064795	0.299044	0.105310	0.231855	0.278981	0.020016	0.389839	0.046700	0.192999	0.130711	0.142839	0.096910	0.064795	0.299044	0.105310	0.231855	0.278981	0.020016	0.108638	0.012871	0.097593	0.292051	0.037847	0.450999	0.052596	0.010063	0.248400	0.026083	0.326652	0.336205	0.345993	0.268196	0.134549	0.052306	0.121077	0.077879	1,1,1,1,1,1	0.000000	0.856302	0.856302	0.856302	0.856302	0.856302	0.856302	
261000	-115666	1,2,1,1,1,3	3.392438	6.032693	5.585141	6.032693	6.032693	6.032693	5.523786	1,1,1,1,1,1	0.000000	0.015944	0.526804	0.123818	0.333434	0.015944	0.526804	0.123818	0.333434	0.015944	0.526804	0.123818	0.333434	0.015944	0.526804	0.123818	0.333434	0.015944	0.526804	0.123818	0.333434	0.015944	0.526804	0.123818	0.333434	1,2,3,4,5,2	2.137330	0.013188	0.396724	0.052725	0.303970	0.194772	0.038622	0.280359	0.242018	0.174115	0.072445	0.139868	0.091195	0.397932	0.116865	0.018597	0.078267	0.362030	0.026308	0.172382	0.175911	0.018916	0.325644	0.026056	0.281091	0.323920	0.104043	0.106878	0.015412	0.188385	0.261362	0.280359	0.242018	0.174115	0.072445	0.139868	0.091195	1,2,2,2,2,2	0.190924	0.634918	0.955324	0.955324	0.955324	0.955324	0.955324	
262000	-116279	1,1,1,1,1,1	0.000000	5.751285	5.751285	5.751285	5.751285	5.751285	5.751285	1,1,1,1,1,1	0.000001	0.013043	0.521012	0.118275	0.347670	0.013043	0.521012	0.118275	0.347670	0.013043	0.521012	0.118275	0.347670	0.013043	0.521012	0.118275	0.347670	0.013043	0.521012	0.118275	0.347670	0.013043	0.521012	0.118275	0.347670	1,2,3,4,5,2	14.467987	0.063269	0.186242	0.111341	0.391235	0.230416	0.017497	0.634281	0.053502	0.020560	0.089031	0.173955	0.028672	0.050551	0.275592	0.078866	0.123886	0.359710	0.111396	0.149356	0.030432	0.213182	0.250973	0.098512	0.257544	0.163508	0.066716	0.186212	0.118599	0.210167	0.254797	0.634281	0.053502	0.020560	0.089031	0.173955	0.028672	1,1,1,1,1,1	0.000000	0.851741	0.851741	0.851741	0.851741	0.851741	0.851741	
263000	-115451	1,2,3,2,4,5	5.314598	6.481048	5.117895	5.883562	5.117895	6.304631	6.223887	1,1,1,1,1,1	0.000000	0.013221	0.524767	0.124504	0.337507	0.013221	0.524767	0.124504	0.337507	0.013221	0.524767	0.124504	0.337507	0.013221	0.524767	0.124504	0.337507	0.013221	0.524767	0.124504	0.337507	0.013221	0.524767	0.124504	0.337507	1,2,1,3,4,2	3.677427	0.096067	0.253086	0.238932	0.171648	0.239047	0.001221	0.533355	0.024949	0.043590	0.100465	0.169438	0.128203	0.096067	0.253086	0.238932	0.171648	0.239047	0.001221	0.163719	0.035353	0.247077	0.194845	0.042051	0.316955	0.201343	0.132780	0.385031	0.026117	0.104176	0.150553	0.533355	0.024949	0.043590	0.100465	0.169438	0.128203	1,2,2,2,2,2	0.084289	0.733143	0.926812	0.926812	0.926812	0.926812	0.926812	
264000	-115704	1,2,1,1,1,3	0.612851	5.914534	5.268576	5.914534	5.914534	5.914534	5.814424	1,1,1,1,1,1	0.000000	0.015098	0.545655	0.118525	0.320722	0.015098	0.545655	0.118525	0.320722	0.015098	0.545655	0.118525	0.320722	0.015098	0.545655	0.118525	0.320722	0.015098	0.545655	0.118525	0.320722	0.015098	0.545655	0.118525	0.320722	1,2,1,3,2,2	0.105958	0.039467	0.179065	0.191887	0.139612	0.374068	0.075901	0.197047	0.499566	0.078528	0.035127	0.084979	0.104752	0.039467	0.179065	0.191887	0.139612	0.374068	0.075901	0.106606	0.154183	0.054315	0.301413	0.020985	0.362497	0.197047	0.499566	0.078528	0.035127	0.084979	0.104752	0.197047	0.499566	0.078528	0.035127	0.084979	0.104752	1,2,2,2,2,2	0.088969	0.591992	0.866309	0.866309	0.866309	0.866309	0.866309	
265000	-115942	1,2,3,2,4,5	62.286223	6.402015	5.525400	5.742809	5.525400	6.294105	5.954236	1,1,1,1,1,1	0.001302	0.015277	0.528204	0.123149	0.333371	0.015277	0.528204	0.123149	0.333371	0.015277	0.528204	0.123149	0.333371	0.015277	0.528204	0.123149	0.333371	0.015277	0.528204	0.123149	0.333371	0.015277	0.528204	0.123149	0.333371	1,2,1,3,4,2	12.534284	0.058804	0.154404	0.236775	0.203299	0.311438	0.035279	0.526481	0.056525	0.074199	0.082158	0.153499	0.107137	0.058804	0.154404	0.236775	0.203299	0.311438	0.035279	0.260042	0.051640	0.198122	0.123236	0.068405	0.298555	0.104001	0.069562	0.079265	0.147468	0.205448	0.394256	0.526481	0.056525	0.074199	0.082158	0.153499	0.107137	1,2,2,2,2,2	0.067235	0.636567	0.987926	0.987926	0.987926	0.987926	0.987926	
266000	-116282	1,2,3,2,1,4	2.512303	5.903415	5.412723	5.945153	5.412723	5.903415	6.144557	1,1,1,1,1,1	0.000000	0.016753	0.522356	0.106736	0.354154	0.016753	0.522356	0.106736	0.354154	0.016753	0.522356	0.106736	0.354154	0.016753	0.522356	0.106736	0.354154	0.016753	0.522356	0.106736	0.354154	0.016753	0.522356	0.106736	0.354154	1,2,1,3,4,5	4.737111	0.062577	0.112372	0.297042	0.182530	0.315094	0.030385	0.083547	0.364961	0.173406	0.136413	0.121997	0.119676	0.062577	0.112372	0.297042	0.182530	0.315094	0.030385	0.048098	0.159425	0.145272	0.186173	0.079093	0.381940	0.124276	0.528777	0.015618	0.042176	0.115560	0.173593	0.601819	0.137842	0.127863	0.047092	0.059512	0.025871	1,1,1,1,1,1	0.000000	0.857632	0.857632	0.857632	0.857632	0.857632	0.857632	
267000	-115559	1,1,1,1,1,1	0.000000	6.044580	6.044580	6.044580	6.044580	6.044580	6.044580	1,1,1,1,1,1	0.000143	0.015668	0.524691	0.118594	0.341047	0.015668	0.524691	0.118594	0.341047	0.015668	0.524691	0.118594	0.341047	0.015668	0.524691	0.118594	0.341047	0.015668	0.524691	0.118594	0.341047	0.015668	0.524691	0.118594	0.341047	1,2,3,4,5,2	4.166234	0.116697	0.105030	0.139694	0.271960	0.259080	0.107539	0.590969	0.009426	0.140463	0.084681	0.142362	0.032100	0.145332	0.092664	0.011756	0.228057	0.415051	0.107139	0.289889	0.201403	0.061742	0.166685	0.001113	0.279167	0.051943	0.277032	0.177427	0.012661	0.191390	0.289547	0.590969	0.009426	0.140463	0.084681	0.142362	0.032100	1,2,2,2,3,3	1.614669	0.718375	0.827502	0.827502	0.827502	0.914434	0.914434	
268000	-116656	1,2,3,2,4,4	1.148374	6.046532	5.218183	5.699246	5.218183	5.995632	5.995632	1,1,1,2,1,1	0.090635	0.014006	0.515311	0.129277	0.341407	0.014006	0.515311	0.129277	0.341407	0.014006	0.515311	0.129277	0.341407	0.047071	0.493440	0.301922	0.157567	0.014006	0.515311	0.129277	0.341407	0.014006	0.515311	0.129277	0.341407	1,2,1,3,1,4	2.490528	0.066857	0.079346	0.331665	0.143217	0.273178	0.105736	0.264707	0.389041	0.057741	0.082379	0.097761	0.108372	0.066857	0.079346	0.331665	0.143217	0.273178	0.105736	0.230362	0.072005	0.243558	0.153164	0.119641	0.181271	0.066857	0.079346	0.331665	0.143217	0.273178	0.105736	0.237060	0.159135	0.191050	0.088260	0.248507	0.075987	1,1,1,1,1,1	0.000000	0.829999	0.829999	0.829999	0.829999	0.829999	0.829999	
269000	-115756	1,2,3,2,4,5	19.388857	5.969365	5.370940	5.965226	5.370940	5.868567	6.139690	1,1,1,1,1,1	0.000000	0.014263	0.527601	0.123776	0.334361	0.014263	0.527601	0.123776	0.334361	0.014263	0.527601	0.123776	0.334361	0.014263	0.527601	0.123776	0.334361	0.014263	0.527601	0.123776	0.334361	0.014263	0.527601	0.123776	0.334361	1,2,3,4,1,2	4.471085	0.032733	0.232892	0.022871	0.169732	0.299391	0.242382	0.538457	0.189569	0.013379	0.081572	0.121921	0.055101	0.008375	0.452156	0.060450	0.133489	0.277009	0.068520	0.024942	0.172579	0.308236	0.166291	0.052440	0.275513	0.032733	0.232892	0.022871	0.169732	0.299391	0.242382	0.538457	0.189569	0.013379	0.081572	0.121921	0.055101	1,2,2,2,2,2	1.114006	0.606030	0.958545	0.958545	0.958545	0.958545	0.958545	
270000	-115788	1,2,2,3,4,2	3.276781	6.492712	5.606320	5.606320	5.871648	5.898797	5.606320	1,1,1,1,1,1	0.000000	0.016919	0.524267	0.129211	0.329603	0.016919	0.524267	0.129211	0.329603	0.016919	0.524267	0.129211	0.329603	0.016919	0.524267	0.129211	0.329603	0.016919	0.524267	0.129211	0.329603	0.016919	0.524267	0.129211	0.329603	1,2,3,4,5,2	4.788373	0.023901	0.026883	0.111984	0.227737	0.523435	0.086060	0.352456	0.040071	0.217004	0.085548	0.161460	0.143460	0.162770	0.164080	0.156703	0.133337	0.326671	0.056439	0.392970	0.193015	0.065285	0.119223	0.009477	0.220030	0.004736	0.046208	0.318610	0.156888	0.234321	0.239237	0.352456	0.040071	0.217004	0.085548	0.161460	0.143460	1,1,1,1,1,1	0.000000	0.867856	0.867856	0.867856	0.867856	0.867856	0.867856	
271000	-116335	1,2,2,3,3,4	1.840715	5.831343	5.661341	5.661341	5.657617	5.657617	6.320057	1,1,1,1,1,1	0.000000	0.017306	0.515532	0.136775	0.330386	0.017306	0.515532	0.136775	0.330386	0.017306	0.515532	0.136775	0.330386	0.017306	0.515532	0.136775	0.330386	0.017306	0.515532	0.136775	0.330386	0.017306	0.515532	0.136775	0.330386	1,2,3,4,5,6	20.682958	0.147853	0.034737	0.330527	0.129726	0.264398	0.092758	0.220193	0.065436	0.338007	0.123788	0.060143	0.192433	0.048436	0.130809	0.024835	0.239459	0.533632	0.022830	0.407782	0.126380	0.027609	0.109022	0.027124	0.302084	0.205962	0.388769	0.125581	0.049316	0.121869	0.108503	0.161063	0.406697	0.046035	0.123370	0.200187	0.062647	1,2,3,4,3,3	4.675358	0.481261	0.890484	0.929083	0.666954	0.929083	0.929083	
272000	-116685	1,2,3,4,5,1	4.988850	6.223897	6.002267	5.724042	5.293684	6.203370	6.223897	1,1,1,1,1,1	0.000000	0.017044	0.564980	0.107296	0.310680	0.017044	0.564980	0.107296	0.310680	0.017044	0.564980	0.107296	0.310680	0.017044	0.564980	0.107296	0.310680	0.017044	0.564980	0.107296	0.310680	0.017044	0.564980	0.107296	0.310680	1,2,1,3,4,5	9.591451	0.067818	0.098395	0.259142	0.179407	0.352122	0.043117	0.414841	0.251851	0.021297	0.209798	0.062420	0.039794	0.067818	0.098395	0.259142	0.179407	0.352122	0.043117	0.088972	0.396589	0.165908	0.047983	0.040055	0.260494	0.138520	0.040961	0.141950	0.012076	0.322249	0.344244	0.253173	0.069174	0.080260	0.204919	0.365297	0.027177	1,2,2,2,2,2	0.350649	0.586672	0.893992	0.893992	0.893992	0.893992	0.893992	
273000	-115679	1,1,1,1,1,1	0.000000	5.941472	5.941472	5.941472	5.941472	5.941472	5.941472	1,1,1,1,1,1	0.000000	0.013752	0.527671	0.126230	0.332347	0.013752	0.527671	0.126230	0.332347	0.013752	0.527671	0.126230	0.332347	0.013752	0.527671	0.126230	0.332347	0.013752	0.527671	0.126230	0.332347	0.013752	0.527671	0.126230	0.332347	1,2,3,4,5,3	7.262391	0.009201	0.214089	0.126663	0.337257	0.245957	0.066833	0.238626	0.062506	0.405350	0.096449	0.082495	0.114574	0.299851	0.225570	0.104034	0.090934	0.199982	0.079629	0.246882	0.415405	0.218550	0.061444	0.004524	0.053196	0.127912	0.203787	0.383391	0.054597	0.119264	0.111050	0.299851	0.225570	0.104034	0.090934	0.199982	0.079629	1,1,1,1,1,1	0.007897	0.856872	0.856872	0.856872	0.856872	0.856872	0.856872	
274000	-115605	1,2,1,1,1,1	7.182655	6.078532	5.138333	6.078532	6.078532	6.078532	6.078532	1,1,1,1,1,1	0.000000	0.013539	0.528750	0.114021	0.343690	0.013539	0.528750	0.114021	0.343690	0.013539	0.528750	0.114021	0.343690	0.013539	0.528750	0.114021	0.343690	0.013539	0.528750	0.114021	0.343690	0.013539	0.528750	0.114021	0.343690	1,2,1,3,4,5	2.740236	0.076599	0.055497	0.211506	0.224625	0.344464	0.087309	0.395953	0.162229	0.079305	0.149302	0.047005	0.166207	0.076599	0.055497	0.211506	0.224625	0.344464	0.087309	0.328206	0.165104	0.083217	0.214117	0.008527	0.200829	0.093219	0.053783	0.188509	0.103212	0.259644	0.301633	0.254990	0.170715	0.113999	0.152265	0.140498	0.167533	1,2,2,3,2,2	0.874622	0.641717	0.931657	0.931657	0.771018	0.931657	0.931657	
275000	-116998	1,2,3,4,1,1	2.448212	6.169466	7.003073	5.654774	6.191366	6.169466	6.169466	1,1,1,1,1,1	0.000000	0.017764	0.520755	0.121485	0.339996	0.017764	0.520755	0.121485	0.339996	0.017764	0.520755	0.121485	0.339996	0.017764	0.520755	0.121485	0.339996	0.017764	0.520755	0.121485	0.339996	0.017764	0.520755	0.121485	0.339996	1,2,1,2,3,1	6.115735	0.200443	0.077742	0.107227	0.171575	0.355479	0.087534	0.285554	0.150430	0.483496	0.032586	0.014306	0.033628	0.200443	0.077742	0.107227	0.171575	0.355479	0.087534	0.285554	0.150430	0.483496	0.032586	0.014306	0.033628	0.058094	0.047739	0.164714	0.154490	0.398022	0.176941	0.200443	0.077742	0.107227	0.171575	0.355479	0.087534	1,1,1,1,1,1	0.000000	0.861829	0.861829	0.861829	0.861829	0.861829	0.861829	
276000	-116310	1,2,2,3,4,1	8.726041	6.124026	5.948607	5.948607	5.378553	5.999090	6.124026	1,1,1,1,1,1	0.000147	0.016076	0.519560	0.121835	0.342530	0.016076	0.519560	0.121835	0.342530	0.016076	0.519560	0.121835	0.342530	0.016076	0.519560	0.121835	0.342530	0.016076	0.519560	0.121835	0.342530	0.016076	0.519560	0.121835	0.342530	1,2,3,4,5,6	9.590378	0.097002	0.103801	0.116531	0.188018	0.324148	0.170499	0.201438	0.283294	0.161520	0.161036	0.087698	0.105013	0.010926	0.234988	0.303130	0.102981	0.255931	0.092045	0.318638	0.026875	0.188613	0.059198	0.012833	0.393843	0.083077	0.025952	0.174494	0.111573	0.407076	0.197828	0.395658	0.083645	0.050924	0.083218	0.223815	0.162739	1,1,1,1,1,1	0.000000	0.867851	0.867851	0.867851	0.867851	0.867851	0.867851	
277000	-115445	1,2,2,3,1,4	1.009304	6.163438	5.759641	5.759641	5.896559	6.163438	6.337507	1,1,1,1,1,1	0.000000	0.013620	0.512766	0.131583	0.342031	0.013620	0.512766	0.131583	0.342031	0.013620	0.512766	0.131583	0.342031	0.013620	0.512766	0.131583	0.342031	0.013620	0.512766	0.131583	0.342031	0.013620	0.512766	0.131583	0.342031	1,2,1,3,4,2	5.672666	0.105634	0.286040	0.139209	0.175356	0.273675	0.020086	0.551660	0.150319	0.142430	0.040785	0.072116	0.042691	0.105634	0.286040	0.139209	0.175356	0.273675	0.020086	0.030684	0.039460	0.010564	0.518678	0.038362	0.362251	0.018044	0.088643	0.293314	0.034991	0.337893	0.227115	0.551660	0.150319	0.142430	0.040785	0.072116	0.042691	1,2,2,2,2,2	0.511349	0.706365	0.886062	0.886062	0.886062	0.886062	0.886062	
278000	-116971	1,2,1,2,1,1	0.369048	6.004122	5.113695	6.004122	5.113695	6.004122	6.004122	1,1,1,1,1,1	0.000000	0.011631	0.527418	0.123013	0.337938	0.011631	0.527418	0.123013	0.337938	0.011631	0.527418	0.123013	0.337938	0.011631	0.527418	0.123013	0.337938	0.011631	0.527418	0.123013	0.337938	0.011631	0.527418	0.123013	0.337938	1,2,1,3,4,4	1.803826	0.072095	0.157186	0.343373	0.162211	0.232851	0.032284	0.228468	0.036984	0.469184	0.049889	0.078098	0.137376	0.072095	0.157186	0.343373	0.162211	0.232851	0.032284	0.106603	0.205045	0.401839	0.153683	0.076066	0.056764	0.304839	0.030572	0.162910	0.083627	0.272979	0.145074	0.304839	0.030572	0.162910	0.083627	0.272979	0.145074	1,2,2,2,2,2	0.938867	0.532101	0.922871	0.922871	0.922871	0.922871	0.922871	
279000	-115711	1,2,1,2,1,1	0.579340	6.014813	5.663743	6.014813	5.663743	6.014813	6.014813	1,1,1,1,1,1	0.000000	0.014977	0.520477	0.124900	0.339646	0.014977	0.520477	0.124900	0.339646	0.014977	0.520477	0.124900	0.339646	0.014977	0.520477	0.124900	0.339646	0.014977	0.520477	0.124900	0.339646	0.014977	0.520477	0.124900	0.339646	1,2,1,3,4,2	3.300106	0.033949	0.256622	0.216342	0.172022	0.297967	0.023100	0.624328	0.017022	0.105800	0.057547	0.112222	0.083081	0.033949	0.256622	0.216342	0.172022	0.297967	0.023100	0.125573	0.031228	0.135779	0.192447	0.065395	0.449579	0.051315	0.425965	0.026902	0.061234	0.133566	0.301018	0.624328	0.017022	0.105800	0.057547	0.112222	0.083081	1,1,1,1,1,1	0.000000	0.940266	0.940266	0.940266	0.940266	0.940266	0.940266	
280000	-115628	1,2,1,3,1,4	3.160613	6.093876	5.701217	6.093876	5.390668	6.093876	5.903064	1,1,1,1,1,1	0.000000	0.015978	0.512049	0.122513	0.349459	0.015978	0.512049	0.122513	0.349459	0.015978	0.512049	0.122513	0.349459	0.015978	0.512049	0.122513	0.349459	0.015978	0.512049	0.122513	0.349459	0.015978	0.512049	0.122513	0.349459	1,2,1,3,4,5	9.285140	0.153536	0.226568	0.163216	0.205411	0.235728	0.015542	0.410981	0.119198	0.340654	0.069698	0.043529	0.015940	0.153536	0.226568	0.163216	0.205411	0.235728	0.015542	0.030321	0.446655	0.269433	0.119200	0.014317	0.120074	0.000213	0.314637	0.496942	0.005730	0.114016	0.068462	0.127900	0.313880	0.022886	0.181664	0.249419	0.104252	1,1,1,1,1,1	0.000000	0.910011	0.910011	0.910011	0.910011	0.910011	0.910011	
281000	-116742	1,1,2,3,4,5	4.695837	5.792896	5.792896	5.538446	6.868626	5.591541	6.292320	1,1,1,1,1,2	0.231334	0.016793	0.524386	0.119132	0.339690	0.016793	0.524386	0.119132	0.339690	0.016793	0.524386	0.119132	0.339690	0.016793	0.524386	0.119132	0.339690	0.016793	0.524386	0.119132	0.339690	0.020404	0.595799	0.070347	0.313449	1,2,1,3,2,4	2.095556	0.192949	0.034151	0.118718	0.205464	0.348953	0.099765	0.116393	0.193399	0.271933	0.068600	0.194855	0.154821	0.192949	0.034151	0.118718	0.205464	0.348953	0.099765	0.164162	0.015125	0.064506	0.555710	0.053425	0.147073	0.116393	0.193399	0.271933	0.068600	0.194855	0.154821	0.240658	0.224227	0.058147	0.056700	0.224902	0.195366	1,1,1,1,1,1	0.000000	0.775124	0.775124	0.775124	0.775124	0.775124	0.775124	
282000	-115422	1,2,1,1,2,2	0.094497	5.607112	6.022945	5.607112	5.607112	6.022945	6.022945	1,1,1,1,1,1	0.000000	0.015436	0.538840	0.107355	0.338369	0.015436	0.538840	0.107355	0.338369	0.015436	0.538840	0.107355	0.338369	0.015436	0.538840	0.107355	0.338369	0.015436	0.538840	0.107355	0.338369	0.015436	0.538840	0.107355	0.338369	1,2,3,4,5,3	6.302349	0.071375	0.328932	0.091417	0.215176	0.182493	0.110607	0.497336	0.095952	0.040435	0.209751	0.047259	0.109267	0.117736	0.411975	0.150701	0.097430	0.193064	0.029094	0.054595	0.076121	0.147420	0.382795	0.014769	0.324301	0.019121	0.018647	0.472004	0.033641	0.168168	0.288419	0.117736	0.411975	0.150701	0.097430	0.193064	0.029094	1,2,2,2,3,2	1.260073	0.628599	0.849279	0.849279	0.849279	0.912235	0.849279	
283000	-115421	1,2,3,2,3,1	1.682144	5.759844	5.218100	6.234698	5.218100	6.234698	5.759844	1,1,1,1,1,1	0.000000	0.012313	0.525186	0.109906	0.352595	0.012313	0.525186	0.109906	0.352595	0.012313	0.525186	0.109906	0.352595	0.012313	0.525186	0.109906	0.352595	0.012313	0.525186	0.109906	0.352595	0.012313	0.525186	0.109906	0.352595	1,1,2,3,4,1	5.595371	0.191576	0.270377	0.172183	0.142458	0.144291	0.079115	0.191576	0.270377	0.172183	0.142458	0.144291	0.079115	0.059122	0.066719	0.302382	0.096554	0.453537	0.021686	0.025369	0.484129	0.127011	0.166752	0.019273	0.177465	0.012957	0.037457	0.254557	0.064385	0.344630	0.286015	0.191576	0.270377	0.172183	0.142458	0.144291	0.079115	1,2,2,2,2,2	2.150500	0.530123	0.889823	0.889823	0.889823	0.889823	0.889823	
284000	-115793	1,2,3,4,5,6	11.274655	6.020591	5.391404	5.635492	7.169796	6.102786	6.185877	1,1,1,1,1,1	0.000000	0.013678	0.513647	0.117665	0.355011	0.013678	0.513647	0.117665	0.355011	0.013678	0.513647	0.117665	0.355011	0.013678	0.513647	0.117665	0.355011	0.013678	0.513647	0.117665	0.355011	0.013678	0.513647	0.117665	0.355011	1,2,3,4,5,5	9.966747	0.000991	0.191071	0.294920	0.213903	0.241637	0.057478	0.188226	0.177918	0.094354	0.188252	0.193546	0.157703	0.034649	0.167872	0.099904	0.155626	0.370728	0.171222	0.001098	0.529926	0.406995	0.031095	0.000553	0.030332	0.337312	0.285055	0.048094	0.040576	0.169011	0.119952	0.337312	0.285055	0.048094	0.040576	0.169011	0.119952	1,2,2,3,2,2	1.412682	0.804111	0.916780	0.916780	0.595397	0.916780	0.916780	
285000	-115672	1,2,3,4,5,6	48.233439	5.751070	5.339383	5.711386	6.717436	6.271693	6.475663	1,1,1,1,1,1	0.000000	0.010722	0.527196	0.120942	0.341140	0.010722	0.527196	0.120942	0.341140	0.010722	0.527196	0.120942	0.341140	0.010722	0.527196	0.120942	0.341140	0.010722	0.527196	0.120942	0.341140	0.010722	0.527196	0.120942	0.341140	1,2,1,3,4,2	0.916523	0.028373	0.245026	0.215609	0.179102	0.279369	0.052521	0.642703	0.084284	0.070167	0.063730	0.084666	0.054450	0.028373	0.245026	0.215609	0.179102	0.279369	0.052521	0.258439	0.055098	0.113584	0.429621	0.008041	0.135216	0.030375	0.150148	0.521305	0.046039	0.171501	0.080631	0.642703	0.084284	0.070167	0.063730	0.084666	0.054450	1,2,2,1,2,2	0.195737	0.643196	0.871948	0.871948	0.643196	0.871948	0.871948	
286000	-115786	1,2,2,1,2,2	1.790850	5.865237	5.646397	5.646397	5.865237	5.646397	5.646397	1,1,1,1,1,1	0.000000	0.011622	0.534653	0.124444	0.329281	0.011622	0.534653	0.124444	0.329281	0.011622	0.534653	0.124444	0.329281	0.011622	0.534653	0.124444	0.329281	0.011622	0.534653	0.124444	0.329281	0.011622	0.534653	0.124444	0.329281	1,2,3,4,2,2	1.967120	0.025923	0.532052	0.057172	0.095009	0.213049	0.076794	0.255272	0.083517	0.209572	0.068730	0.176692	0.206217	0.114888	0.290743	0.222325	0.136050	0.220081	0.015913	0.072665	0.636965	0.107968	0.085182	0.007045	0.090175	0.255272	0.083517	0.209572	0.068730	0.176692	0.206217	0.255272	0.083517	0.209572	0.068730	0.176692	0.206217	1,2,2,2,2,2	0.030030	0.549456	0.904956	0.904956	0.904956	0.904956	0.904956	
287000	-116175	1,2,3,2,4,5	4.003313	5.958354	5.090140	5.582041	5.090140	5.939270	5.890132	1,2,1,1,2,1	0.283986	0.014680	0.546808	0.143061	0.295452	0.051158	0.464739	0.121821	0.362282	0.014680	0.546808	0.143061	0.295452	0.014680	0.546808	0.143061	0.295452	0.051158	0.464739	0.121821	0.362282	0.014680	0.546808	0.143061	0.295452	1,2,3,4,1,5	9.721989	0.060339	0.224907	0.132258	0.155877	0.323807	0.102811	0.332890	0.015954	0.069911	0.256360	0.193980	0.130905	0.028884	0.495260	0.045524	0.121332	0.303562	0.005437	0.362233	0.111330	0.103195	0.108242	0.048143	0.266858	0.060339	0.224907	0.132258	0.155877	0.323807	0.102811	0.155423	0.307621	0.172514	0.052642	0.180163	0.131637	1,1,1,1,1,1	0.000000	0.837584	0.837584	0.837584	0.837584	0.837584	0.837584	
288000	-115990	1,2,3,2,4,5	12.649845	6.258696	4.917405	5.777404	4.917405	6.619708	5.590755	1,1,1,1,1,1	0.000000	0.011388	0.538137	0.097026	0.353449	0.011388	0.538137	0.097026	0.353449	0.011388	0.538137	0.097026	0.353449	0.011388	0.538137	0.097026	0.353449	0.011388	0.538137	0.097026	0.353449	0.011388	0.538137	0.097026	0.353449	1,2,3,4,5,2	6.805933	0.075182	0.371969	0.063802	0.184410	0.224243	0.080394	0.571321	0.055581	0.118602	0.099763	0.094606	0.060126	0.034111	0.343116	0.163066	0.174520	0.215371	0.069817	0.088608	0.316703	0.004218	0.139787	0.056302	0.394382	0.208005	0.347578	0.120245	0.009326	0.136606	0.178239	0.571321	0.055581	0.118602	0.099763	0.094606	0.060126	1,1,1,1,1,1	0.000000	0.832457	0.832457	0.832457	0.832457	0.832457	0.832457	
289000	-116287	1,2,3,4,1,1	3.428373	6.448952	5.248001	5.788520	5.169418	6.448952	6.448952	1,1,1,1,1,1	0.000000	0.013781	0.541871	0.110435	0.333914	0.013781	0.541871	0.110435	0.333914	0.013781	0.541871	0.110435	0.333914	0.013781	0.541871	0.110435	0.333914	0.013781	0.541871	0.110435	0.333914	0.013781	0.541871	0.110435	0.333914	1,2,1,3,4,5	4.405176	0.164299	0.074739	0.354194	0.130629	0.217414	0.058725	0.154073	0.319381	0.261897	0.122103	0.052476	0.090070	0.164299	0.074739	0.354194	0.130629	0.217414	0.058725	0.143552	0.241201	0.065005	0.145643	0.075709	0.328889	0.074066	0.480071	0.020540	0.067570	0.219559	0.138194	0.326253	0.004276	0.007617	0.130930	0.317076	0.213848	1,2,2,2,2,2	0.017416	0.742008	0.933533	0.933533	0.933533	0.933533	0.933533	
290000	-116233	1,2,3,4,1,5	9.137472	6.051981	5.354285	5.892634	6.954695	6.051981	5.784783	1,2,2,2,1,1	0.040387	0.011263	0.504951	0.096048	0.387737	0.017580	0.527553	0.119636	0.335231	0.017580	0.527553	0.119636	0.335231	0.017580	0.527553	0.119636	0.335231	0.011263	0.504951	0.096048	0.387737	0.011263	0.504951	0.096048	0.387737	1,2,3,4,5,1	2.464462	0.243432	0.211663	0.034374	0.222031	0.210139	0.078362	0.322398	0.155323	0.376108	0.071079	0.046199	0.028893	0.033897	0.126487	0.200692	0.135020	0.434307	0.069597	0.223131	0.149479	0.333650	0.203406	0.027240	0.063094	0.278201	0.081350	0.115794	0.075707	0.129415	0.319534	0.243432	0.211663	0.034374	0.222031	0.210139	0.078362	1,1,1,1,1,1	0.000649	0.848939	0.848939	0.848939	0.848939	0.848939	0.848939	
291000	-116054	1,2,3,4,5,6	7.744477	5.565933	5.945701	5.934026	5.373811	6.196018	6.194425	1,1,1,1,1,1	0.000000	0.013854	0.544979	0.111553	0.329614	0.013854	0.544979	0.111553	0.329614	0.013854	0.544979	0.111553	0.329614	0.013854	0.544979	0.111553	0.329614	0.013854	0.544979	0.111553	0.329614	0.013854	0.544979	0.111553	0.329614	1,2,3,4,5,2	7.188088	0.032272	0.040149	0.135437	0.247878	0.364774	0.179489	0.346836	0.184973	0.058705	0.124083	0.154889	0.130513	0.077961	0.399121	0.243905	0.076187	0.152837	0.049988	0.310133	0.201514	0.031493	0.117314	0.050440	0.289105	0.049187	0.017188	0.451420	0.029245	0.137147	0.315813	0.346836	0.184973	0.058705	0.124083	0.154889	0.130513	1,2,2,2,2,2	0.527173	0.475332	0.936385	0.936385	0.936385	0.936385	0.936385	
292000	-115922	1,2,3,3,4,5	3.918214	6.200160	5.632396	5.340157	5.340157	6.621200	6.293320	1,1,1,1,1,1	0.000000	0.015183	0.502529	0.133090	0.349197	0.015183	0.502529	0.133090	0.349197	0.015183	0.502529	0.133090	0.349197	0.015183	0.502529	0.133090	0.349197	0.015183	0.502529	0.133090	0.349197	0.015183	0.502529	0.133090	0.349197	1,2,3,4,5,3	1.961638	0.022140	0.056118	0.334093	0.258280	0.219553	0.109817	0.183361	0.480525	0.124800	0.118401	0.038227	0.054685	0.304232	0.031526	0.050725	0.151934	0.377857	0.083725	0.018908	0.184607	0.141751	0.324368	0.061393	0.268973	0.120637	0.182077	0.295973	0.050926	0.283965	0.066421	0.304232	0.031526	0.050725	0.151934	0.377857	0.083725	1,2,2,2,2,2	0.165682	0.746488	0.850009	0.850009	0.850009	0.850009	0.850009	
293000	-116160	1,1,1,1,1,1	0.000000	5.491176	5.491176	5.491176	5.491176	5.491176	5.491176	1,2,2,1,2,2	0.716245	0.015995	0.516689	0.131557	0.335758	0.024411	0.537051	0.105425	0.333113	0.024411	0.537051	0.105425	0.333113	0.015995	0.516689	0.131557	0.335758	0.024411	0.537051	0.105425	0.333113	0.024411	0.537051	0.105425	0.333113	1,2,1,3,4,5	10.499730	0.042854	0.253559	0.139448	0.220391	0.326163	0.017586	0.193257	0.492626	0.091057	0.023930	0.062812	0.136317	0.042854	0.253559	0.139448	0.220391	0.326163	0.017586	0.065800	0.032682	0.060775	0.313077	0.125992	0.401673	0.118645	0.119004	0.150428	0.144648	0.265723	0.201552	0.345992	0.007406	0.103301	0.183596	0.262996	0.096709	1,2,2,2,2,2	1.182223	0.540377	0.821194	0.821194	0.821194	0.821194	0.821194	
294000	-115245	1,1,1,1,1,1	0.000000	5.862144	5.862144	5.862144	5.862144	5.862144	5.862144	1,2,1,2,2,1	1.842293	0.010448	0.525142	0.133603	0.330807	0.026589	0.491396	0.149427	0.332587	0.010448	0.525142	0.133603	0.330807	0.026589	0.491396	0.149427	0.332587	0.026589	0.491396	0.149427	0.332587	0.010448	0.525142	0.133603	0.330807	1,2,3,4,5,2	1.332724	0.032865	0.006311	0.312765	0.290657	0.226008	0.131393	0.502108	0.088881	0.120041	0.076741	0.138612	0.073618	0.084799	0.281593	0.108104	0.117665	0.333148	0.074691	0.050285	0.115045	0.137511	0.368555	0.047527	0.281076	0.131778	0.098649	0.042363	0.013440	0.372971	0.340799	0.502108	0.088881	0.120041	0.076741	0.138612	0.073618	1,2,2,2,2,2	1.428998	0.750332	0.929806	0.929806	0.929806	0.929806	0.929806	
295000	-116096	1,1,1,2,3,1	1.849302	5.817200	5.817200	5.817200	5.243794	6.326451	5.817200	1,1,1,1,1,1	0.000000	0.013561	0.505608	0.118836	0.361995	0.013561	0.505608	0.118836	0.361995	0.013561	0.505608	0.118836	0.361995	0.013561	0.505608	0.118836	0.361995	0.013561	0.505608	0.118836	0.361995	0.013561	0.505608	0.118836	0.361995	1,2,1,3,2,2	2.174979	0.075419	0.288181	0.303228	0.128049	0.199333	0.005790	0.467493	0.077115	0.221600	0.045858	0.111120	0.076814	0.075419	0.288181	0.303228	0.128049	0.199333	0.005790	0.229675	0.182260	0.309945	0.100681	0.034191	0.143247	0.467493	0.077115	0.221600	0.045858	0.111120	0.076814	0.467493	0.077115	0.221600	0.045858	0.111120	0.076814	1,1,1,1,1,1	0.000000	0.931610	0.931610	0.931610	0.931610	0.931610	0.931610	
296000	-116597	1,2,3,4,1,5	1.147531	6.037409	5.318894	5.697901	5.158186	6.037409	6.226484	1,1,1,2,1,1	0.613867	0.015207	0.510543	0.125901	0.348349	0.015207	0.510543	0.125901	0.348349	0.015207	0.510543	0.125901	0.348349	0.051228	0.645490	0.140093	0.163189	0.015207	0.510543	0.125901	0.348349	0.015207	0.510543	0.125901	0.348349	1,2,3,4,5,6	9.594948	0.238474	0.145109	0.020902	0.274297	0.272346	0.048873	0.213021	0.148786	0.399698	0.057132	0.068321	0.113043	0.228434	0.201191	0.045294	0.108493	0.294889	0.121700	0.000858	0.041799	0.056854	0.246678	0.202618	0.451192	0.042476	0.550906	0.074477	0.050393	0.159002	0.122746	0.378316	0.014561	0.061323	0.093244	0.271154	0.181403	1,2,2,2,2,2	1.890262	0.582834	0.942611	0.942611	0.942611	0.942611	0.942611	
297000	-115970	1,2,3,4,5,6	15.566591	5.876819	5.294761	6.017090	5.234328	6.176041	6.013677	1,2,1,1,1,1	0.652146	0.018146	0.507253	0.114375	0.360226	0.029174	0.590331	0.062870	0.317625	0.018146	0.507253	0.114375	0.360226	0.018146	0.507253	0.114375	0.360226	0.018146	0.507253	0.114375	0.360226	0.018146	0.507253	0.114375	0.360226	1,2,3,4,5,2	8.014432	0.113073	0.118390	0.308863	0.135087	0.237344	0.087242	0.213879	0.234757	0.120302	0.104305	0.178175	0.148583	0.149329	0.366186	0.141680	0.103337	0.186309	0.053159	0.037305	0.171257	0.034640	0.318054	0.078403	0.360341	0.038057	0.289619	0.099546	0.027047	0.184249	0.361482	0.213879	0.234757	0.120302	0.104305	0.178175	0.148583	1,1,1,1,1,1	0.000000	0.885977	0.885977	0.885977	0.885977	0.885977	0.885977	
298000	-116532	1,1,1,1,1,1	0.000000	6.007393	6.007393	6.007393	6.007393	6.007393	6.007393	1,1,1,1,1,1	0.000000	0.022784	0.511633	0.123309	0.342275	0.022784	0.511633	0.123309	0.342275	0.022784	0.511633	0.123309	0.342275	0.022784	0.511633	0.123309	0.342275	0.022784	0.511633	0.123309	0.342275	0.022784	0.511633	0.123309	0.342275	1,2,3,2,4,1	3.595040	0.194394	0.155690	0.173930	0.123388	0.255613	0.096986	0.133257	0.357137	0.120962	0.198276	0.076538	0.113830	0.127469	0.315801	0.101034	0.073836	0.311430	0.070431	0.133257	0.357137	0.120962	0.198276	0.076538	0.113830	0.193999	0.028653	0.249678	0.079461	0.265445	0.182764	0.194394	0.155690	0.173930	0.123388	0.255613	0.096986	1,2,2,2,2,2	0.358605	0.647911	0.950139	0.950139	0.950139	0.950139	0.950139	
299000	-115850	1,2,3,3,3,3	3.626260	6.314664	5.553095	6.184035	6.184035	6.184035	6.184035	1,1,1,1,1,1	0.000000	0.016627	0.490958	0.130779	0.361635	0.016627	0.490958	0.130779	0.361635	0.016627	0.490958	0.130779	0.361635	0.016627	0.490958	0.130779	0.361635	0.016627	0.490958	0.130779	0.361635	0.016627	0.490958	0.130779	0.361635	1,2,3,4,5,2	9.783144	0.111409	0.078971	0.085872	0.333414	0.320469	0.069865	0.610773	0.005848	0.037850	0.092765	0.164654	0.088111	0.396169	0.089828	0.183995	0.080793	0.236157	0.013060	0.322022	0.205133	0.046760	0.283215	0.019437	0.123433	0.430849	0.051063	0.096723	0.027588	0.192703	0.201075	0.610773	0.005848	0.037850	0.092765	0.164654	0.088111	1,2,2,2,2,2	0.656041	0.653921	0.887317	0.887317	0.887317	0.887317	0.887317	
300000	-116024	1,2,3,4,5,6	10.591932	5.911487	6.531410	5.850766	5.054902	5.715521	6.002844	1,1,1,1,1,1	0.000000	0.017628	0.522697	0.127689	0.331986	0.017628	0.522697	0.127689	0.331986	0.017628	0.522697	0.127689	0.331986	0.017628	0.522697	0.127689	0.331986	0.017628	0.522697	0.127689	0.331986	0.017628	0.522697	0.127689	0.331986	1,1,2,3,4,5	7.626870	0.184591	0.043502	0.328110	0.165201	0.168286	0.110308	0.184591	0.043502	0.328110	0.165201	0.168286	0.110308	0.167270	0.225428	0.294968	0.048141	0.235920	0.028273	0.211150	0.018713	0.525578	0.110018	0.012527	0.122014	0.219720	0.024568	0.082121	0.015694	0.330031	0.327867	0.387350	0.183076	0.189939	0.083589	0.089438	0.066607	1,2,2,3,2,2	0.643221	0.605059	0.937922	0.937922	0.808354	0.937922	0.937922	
301000	-115599	1,2,3,2,1,1	0.653409	5.773708	5.341105	5.401892	5.341105	5.773708	5.773708	1,1,1,1,1,1	0.000533	0.020886	0.523537	0.120047	0.335531	0.020886	0.523537	0.120047	0.335531	0.020886	0.523537	0.120047	0.335531	0.020886	0.523537	0.120047	0.335531	0.020886	0.523537	0.120047	0.335531	0.020886	0.523537	0.120047	0.335531	1,2,1,3,4,5	3.065270	0.032281	0.166155	0.221423	0.242870	0.315797	0.021474	0.405231	0.219955	0.101757	0.087701	0.107313	0.078043	0.032281	0.166155	0.221423	0.242870	0.315797	0.021474	0.029019	0.070333	0.143521	0.343404	0.103620	0.310103	0.251486	0.101525	0.170813	0.080300	0.178367	0.217509	0.214728	0.158363	0.137207	0.180616	0.236093	0.072994	1,1,1,1,1,1	0.000000	0.871815	0.871815	0.871815	0.871815	0.871815	0.871815	
302000	-115725	1,1,1,2,2,1	0.331131	5.791755	5.791755	5.791755	6.226200	6.226200	5.791755	1,1,1,1,1,1	0.000000	0.012846	0.515640	0.131850	0.339664	0.012846	0.515640	0.131850	0.339664	0.012846	0.515640	0.131850	0.339664	0.012846	0.515640	0.131850	0.339664	0.012846	0.515640	0.131850	0.339664	0.012846	0.515640	0.131850	0.339664	1,2,3,4,5,2	6.070383	0.124295	0.104262	0.416798	0.124582	0.159560	0.070504	0.389318	0.061259	0.121786	0.064589	0.182454	0.180594	0.069949	0.092314	0.221308	0.267502	0.332705	0.016222	0.072797	0.153103	0.516081	0.054339	0.010068	0.193613	0.152653	0.096951	0.320118	0.038455	0.218387	0.173435	0.389318	0.061259	0.121786	0.064589	0.182454	0.180594	1,2,2,3,2,2	1.200229	0.663480	0.962748	0.962748	0.811925	0.962748	0.962748	
303000	-115643	1,2,2,2,1,1	0.276892	6.123316	5.591801	5.591801	5.591801	6.123316	6.123316	1,1,1,1,1,1	0.000000	0.012286	0.508447	0.135799	0.343469	0.012286	0.508447	0.135799	0.343469	0.012286	0.508447	0.135799	0.343469	0.012286	0.508447	0.135799	0.343469	0.012286	0.508447	0.135799	0.343469	0.012286	0.508447	0.135799	0.343469	1,2,3,4,5,2	1.498737	0.007427	0.011551	0.339921	0.280458	0.333341	0.027301	0.540126	0.114920	0.085950	0.064295	0.115576	0.079133	0.112036	0.196779	0.382011	0.058291	0.223301	0.027582	0.215874	0.128980	0.100510	0.188075	0.069910	0.296651	0.151512	0.227108	0.018279	0.054503	0.236809	0.311789	0.540126	0.114920	0.085950	0.064295	0.115576	0.079133	1,2,1,2,2,2	0.170129	0.855398	0.935515	0.855398	0.935515	0.935515	0.935515	
304000	-115479	1,1,1,2,1,1	0.529844	6.049816	6.049816	6.049816	6.566144	6.049816	6.049816	1,1,1,1,1,1	0.000000	0.014502	0.532082	0.110717	0.342699	0.014502	0.532082	0.110717	0.342699	0.014502	0.532082	0.110717	0.342699	0.014502	0.532082	0.110717	0.342699	0.014502	0.532082	0.110717	0.342699	0.014502	0.532082	0.110717	0.342699	1,2,3,4,5,6	11.751133	0.093492	0.004390	0.241506	0.206829	0.318226	0.135557	0.509861	0.129542	0.147146	0.053755	0.092142	0.067554	0.152714	0.154938	0.099458	0.081087	0.396132	0.115671	0.294577	0.358711	0.128479	0.073464	0.000759	0.144009	0.072883	0.213635	0.129623	0.075328	0.306632	0.201900	0.192495	0.356109	0.097327	0.061707	0.184236	0.108125	1,2,2,1,2,2	0.083656	0.740589	0.883891	0.883891	0.740589	0.883891	0.883891	
305000	-115752	1,2,3,4,3,3	4.955639	6.247950	5.642819	5.958199	6.899504	5.958199	5.958199	1,1,1,1,1,1	0.000453	0.011352	0.537646	0.115997	0.335006	0.011352	0.537646	0.115997	0.335006	0.011352	0.537646	0.115997	0.335006	0.011352	0.537646	0.115997	0.335006	0.011352	0.537646	0.115997	0.335006	0.011352	0.537646	0.115997	0.335006	1,2,1,3,4,4	3.465786	0.124658	0.072611	0.371157	0.112697	0.290931	0.027946	0.569905	0.155440	0.010071	0.113724	0.061369	0.089491	0.124658	0.072611	0.371157	0.112697	0.290931	0.027946	0.115962	0.043562	0.694186	0.093239	0.002971	0.050080	0.335876	0.023128	0.061092	0.096732	0.228920	0.254252	0.335876	0.023128	0.061092	0.096732	0.228920	0.254252	1,2,2,3,2,2	0.940645	0.527585	0.950175	0.950175	0.715051	0.950175	0.950175	
306000	-115905	1,2,2,3,4,5	5.984459	5.863726	5.456542	5.456542	7.101779	6.269913	5.924160	1,1,1,1,1,1	0.000018	0.020533	0.511081	0.115652	0.352735	0.020533	0.511081	0.115652	0.352735	0.020533	0.511081	0.115652	0.352735	0.020533	0.511081	0.115652	0.352735	0.020533	0.511081	0.115652	0.352735	0.020533	0.511081	0.115652	0.352735	1,2,3,4,5,2	11.501088	0.154494	0.317245	0.104570	0.185111	0.187588	0.050991	0.331848	0.278651	0.050923	0.108769	0.169431	0.060378	0.047898	0.106205	0.168995	0.194389	0.411241	0.071272	0.116258	0.234120	0.072083	0.290093	0.070077	0.217369	0.040404	0.221555	0.270462	0.068432	0.293247	0.105900	0.331848	0.278651	0.050923	0.108769	0.169431	0.060378	1,1,1,1,1,1	0.000000	0.809176	0.809176	0.809176	0.809176	0.809176	0.809176	
307000	-116504	1,1,1,1,1,1	0.000000	5.900319	5.900319	5.900319	5.900319	5.900319	5.900319	1,1,1,1,1,1	0.000000	0.018055	0.488769	0.132262	0.360914	0.018055	0.488769	0.132262	0.360914	0.018055	0.488769	0.132262	0.360914	0.018055	0.488769	0.132262	0.360914	0.018055	0.488769	0.132262	0.360914	0.018055	0.488769	0.132262	0.360914	1,2,1,3,4,5	12.839123	0.038294	0.333247	0.147774	0.133792	0.313492	0.033402	0.264928	0.477717	0.035468	0.082326	0.047211	0.092350	0.038294	0.333247	0.147774	0.133792	0.313492	0.033402	0.125955	0.245308	0.486367	0.060116	0.028304	0.053950	0.192201	0.311020	0.146879	0.012581	0.124611	0.212708	0.203495	0.187392	0.008027	0.164212	0.226873	0.210002	1,2,2,3,2,2	5.647595	0.641056	0.916976	0.916976	0.697260	0.916976	0.916976	
308000	-116286	1,2,2,2,1,1	3.545951	6.204319	5.730192	5.730192	5.730192	6.204319	6.204319	1,1,1,1,1,1	0.000000	0.012441	0.507212	0.134308	0.346039	0.012441	0.507212	0.134308	0.346039	0.012441	0.507212	0.134308	0.346039	0.012441	0.507212	0.134308	0.346039	0.012441	0.507212	0.134308	0.346039	0.012441	0.507212	0.134308	0.346039	1,2,3,4,3,5	5.539654	0.034355	0.137311	0.352182	0.221021	0.229926	0.025205	0.115638	0.265587	0.331653	0.178296	0.064747	0.044078	0.167667	0.034898	0.267768	0.128761	0.306809	0.094096	0.036904	0.161758	0.270507	0.193708	0.070124	0.266999	0.167667	0.034898	0.267768	0.128761	0.306809	0.094096	0.247057	0.093396	0.142326	0.170397	0.209445	0.137378	1,2,2,2,2,2	1.066165	0.677949	0.853149	0.853149	0.853149	0.853149	0.853149	
309000	-116558	1,1,1,2,1,1	2.417116	5.644739	5.644739	5.644739	4.876591	5.644739	5.644739	1,1,1,1,1,1	0.000000	0.017479	0.509542	0.127970	0.345009	0.017479	0.509542	0.127970	0.345009	0.017479	0.509542	0.127970	0.345009	0.017479	0.509542	0.127970	0.345009	0.017479	0.509542	0.127970	0.345009	0.017479	0.509542	0.127970	0.345009	1,2,2,3,4,5	3.982985	0.105335	0.128422	0.258863	0.215080	0.183625	0.108674	0.289655	0.071048	0.367039	0.068889	0.150934	0.052434	0.289655	0.071048	0.367039	0.068889	0.150934	0.052434	0.053702	0.026137	0.019235	0.413567	0.138424	0.348935	0.060336	0.036736	0.286435	0.136905	0.318239	0.161349	0.283910	0.050715	0.186793	0.145280	0.230874	0.102428	1,2,2,2,2,2	0.092597	0.482816	0.891734	0.891734	0.891734	0.891734	0.891734	
310000	-115403	1,1,1,2,1,1	1.117163	5.904543	5.904543	5.904543	5.495699	5.904543	5.904543	1,2,1,2,2,1	0.317219	0.008086	0.535645	0.120908	0.335361	0.016110	0.518438	0.140125	0.325327	0.008086	0.535645	0.120908	0.335361	0.016110	0.518438	0.140125	0.325327	0.016110	0.518438	0.140125	0.325327	0.008086	0.535645	0.120908	0.335361	1,2,3,4,3,2	0.347674	0.008481	0.185183	0.361920	0.231599	0.190180	0.022637	0.497225	0.172113	0.097715	0.065534	0.106626	0.060786	0.126633	0.142672	0.084733	0.147798	0.343517	0.154648	0.038785	0.442393	0.072712	0.200834	0.041868	0.203407	0.126633	0.142672	0.084733	0.147798	0.343517	0.154648	0.497225	0.172113	0.097715	0.065534	0.106626	0.060786	1,1,1,1,1,1	0.000004	0.917562	0.917562	0.917562	0.917562	0.917562	0.917562	
311000	-116133	1,2,3,4,5,6	6.725930	6.066929	5.408707	5.659350	5.379246	6.125293	6.096823	1,1,1,1,1,1	0.000000	0.010867	0.508797	0.119762	0.360575	0.010867	0.508797	0.119762	0.360575	0.010867	0.508797	0.119762	0.360575	0.010867	0.508797	0.119762	0.360575	0.010867	0.508797	0.119762	0.360575	0.010867	0.508797	0.119762	0.360575	1,2,3,4,2,2	3.366748	0.107142	0.358378	0.145863	0.115835	0.172563	0.100219	0.376009	0.090364	0.308757	0.038786	0.101474	0.084611	0.045178	0.191451	0.208932	0.215449	0.282696	0.056293	0.068222	0.000161	0.449138	0.297403	0.051799	0.133277	0.376009	0.090364	0.308757	0.038786	0.101474	0.084611	0.376009	0.090364	0.308757	0.038786	0.101474	0.084611	1,2,3,3,3,3	3.225498	0.561245	0.917144	0.918247	0.918247	0.918247	0.918247	
312000	-115965	1,2,1,3,1,1	3.631070	6.014931	5.517755	6.014931	5.363268	6.014931	6.014931	1,1,1,1,1,1	0.000000	0.019185	0.520617	0.114718	0.345480	0.019185	0.520617	0.114718	0.345480	0.019185	0.520617	0.114718	0.345480	0.019185	0.520617	0.114718	0.345480	0.019185	0.520617	0.114718	0.345480	0.019185	0.520617	0.114718	0.345480	1,2,3,4,5,6	21.978770	0.053521	0.121356	0.122616	0.236607	0.353562	0.112339	0.261776	0.212914	0.008338	0.154439	0.199386	0.163147	0.051231	0.010596	0.241804	0.170461	0.435127	0.090780	0.049094	0.140786	0.524040	0.199407	0.015380	0.071294	0.186526	0.160753	0.411791	0.016523	0.100501	0.123907	0.235484	0.212100	0.178979	0.088111	0.170889	0.114437	1,2,2,2,2,2	4.610013	0.532998	0.957859	0.957859	0.957859	0.957859	0.957859	
313000	-116297	1,2,3,4,5,6	13.927085	6.050926	5.405955	5.569763	5.795939	6.175842	6.135777	1,1,1,1,1,1	0.000000	0.017014	0.523066	0.126891	0.333028	0.017014	0.523066	0.126891	0.333028	0.017014	0.523066	0.126891	0.333028	0.017014	0.523066	0.126891	0.333028	0.017014	0.523066	0.126891	0.333028	0.017014	0.523066	0.126891	0.333028	1,2,3,4,5,2	8.352285	0.003713	0.261297	0.094305	0.316994	0.239418	0.084273	0.518529	0.000351	0.148934	0.100414	0.134408	0.097364	0.407376	0.074834	0.014876	0.075061	0.364603	0.063251	0.020782	0.058556	0.395425	0.044026	0.031328	0.449883	0.109798	0.015268	0.080016	0.068211	0.440543	0.286165	0.518529	0.000351	0.148934	0.100414	0.134408	0.097364	1,2,2,1,2,2	0.528067	0.692708	0.896826	0.896826	0.692708	0.896826	0.896826	
314000	-116592	1,2,3,4,5,3	1.127941	5.715470	5.255296	5.818930	5.087709	6.226019	5.818930	1,1,1,1,1,1	0.000000	0.013477	0.514271	0.118065	0.354187	0.013477	0.514271	0.118065	0.354187	0.013477	0.514271	0.118065	0.354187	0.013477	0.514271	0.118065	0.354187	0.013477	0.514271	0.118065	0.354187	0.013477	0.514271	0.118065	0.354187	1,2,1,3,4,2	9.383201	0.101094	0.084633	0.076187	0.228491	0.447592	0.062004	0.444688	0.112965	0.108787	0.078041	0.106533	0.148986	0.101094	0.084633	0.076187	0.228491	0.447592	0.062004	0.050525	0.192532	0.307162	0.294216	0.084087	0.071479	0.122695	0.186957	0.181596	0.022307	0.201818	0.284627	0.444688	0.112965	0.108787	0.078041	0.106533	0.148986	1,2,2,2,2,2	3.433818	0.468937	0.974019	0.974019	0.974019	0.974019	0.974019	
315000	-115601	1,2,3,4,1,4	5.011358	6.246671	5.580023	5.644812	6.279033	6.246671	6.279033	1,1,1,1,1,1	0.000000	0.012319	0.517463	0.119924	0.350294	0.012319	0.517463	0.119924	0.350294	0.012319	0.517463	0.119924	0.350294	0.012319	0.517463	0.119924	0.350294	0.012319	0.517463	0.119924	0.350294	0.012319	0.517463	0.119924	0.350294	1,2,1,3,4,5	6.458700	0.161327	0.208521	0.147859	0.176360	0.253699	0.052235	0.359419	0.004308	0.144530	0.206214	0.135486	0.150043	0.161327	0.208521	0.147859	0.176360	0.253699	0.052235	0.238013	0.440948	0.067088	0.083116	0.000269	0.170566	0.088976	0.377359	0.247181	0.037554	0.167601	0.081329	0.201634	0.091531	0.209705	0.120048	0.270571	0.106511	1,2,3,4,2,2	6.408943	0.600036	0.949886	0.907188	0.717356	0.949886	0.949886	
316000	-116069	1,1,1,1,1,1	0.000000	5.828537	5.828537	5.828537	5.828537	5.828537	5.828537	1,1,1,1,1,1	0.000000	0.015752	0.517815	0.143635	0.322797	0.015752	0.517815	0.143635	0.322797	0.015752	0.517815	0.143635	0.322797	0.015752	0.517815	0.143635	0.322797	0.015752	0.517815	0.143635	0.322797	0.015752	0.517815	0.143635	0.322797	1,2,3,4,5,5	6.930423	0.011438	0.060085	0.526344	0.160066	0.186007	0.056060	0.281578	0.140500	0.343086	0.075456	0.095398	0.063982	0.040405	0.184964	0.163964	0.165901	0.426481	0.018286	0.421394	0.179789	0.157318	0.089629	0.035850	0.116021	0.459607	0.072840	0.148708	0.037269	0.209619	0.071957	0.459607	0.072840	0.148708	0.037269	0.209619	0.071957	1,2,3,3,3,3	5.010527	0.648050	0.979330	0.896053	0.896053	0.896053	0.896053	
317000	-115972	1,2,1,3,1,4	0.573554	5.888864	5.992420	5.888864	5.324749	5.888864	5.775848	1,1,1,2,1,1	1.280520	0.017400	0.507965	0.126188	0.348447	0.017400	0.507965	0.126188	0.348447	0.017400	0.507965	0.126188	0.348447	0.009799	0.435787	0.305750	0.248664	0.017400	0.507965	0.126188	0.348447	0.017400	0.507965	0.126188	0.348447	1,2,1,3,4,5	4.914287	0.024713	0.309579	0.168573	0.223505	0.241256	0.032375	0.421431	0.154297	0.245181	0.069576	0.084663	0.024852	0.024713	0.309579	0.168573	0.223505	0.241256	0.032375	0.066689	0.080983	0.148221	0.208811	0.093268	0.402029	0.336772	0.052537	0.114723	0.040739	0.174841	0.280389	0.379421	0.018483	0.013759	0.249618	0.203768	0.134951	1,2,2,2,2,2	1.619265	0.604311	0.921517	0.921517	0.921517	0.921517	0.921517	
318000	-115840	1,2,2,2,1,3	1.070908	6.109806	5.488975	5.488975	5.488975	6.109806	5.952393	1,1,1,1,1,1	0.000000	0.014545	0.513581	0.137139	0.334735	0.014545	0.513581	0.137139	0.334735	0.014545	0.513581	0.137139	0.334735	0.014545	0.513581	0.137139	0.334735	0.014545	0.513581	0.137139	0.334735	0.014545	0.513581	0.137139	0.334735	1,2,3,4,5,6	6.711708	0.120965	0.287957	0.366942	0.052469	0.123209	0.048458	0.167437	0.268140	0.255065	0.112094	0.082592	0.114672	0.160405	0.006354	0.141242	0.258565	0.417582	0.015852	0.435072	0.051898	0.236601	0.101195	0.017490	0.157744	0.010858	0.162310	0.259909	0.110220	0.238917	0.217786	0.282400	0.119117	0.070678	0.108245	0.236630	0.182930	1,1,1,1,1,1	0.000000	0.894477	0.894477	0.894477	0.894477	0.894477	0.894477	
319000	-115034	1,1,1,1,1,1	0.000000	5.702078	5.702078	5.702078	5.702078	5.702078	5.702078	1,1,2,1,2,2	0.870126	0.017614	0.533769	0.149371	0.299246	0.017614	0.533769	0.149371	0.299246	0.009376	0.546629	0.110504	0.333490	0.017614	0.533769	0.149371	0.299246	0.009376	0.546629	0.110504	0.333490	0.009376	0.546629	0.110504	0.333490	1,2,1,3,4,2	10.675123	0.027153	0.257267	0.270730	0.145993	0.259705	0.039152	0.520872	0.119904	0.072050	0.083248	0.127961	0.075965	0.027153	0.257267	0.270730	0.145993	0.259705	0.039152	0.076865	0.087455	0.192357	0.367534	0.032188	0.243602	0.099117	0.216209	0.113119	0.057376	0.288578	0.225602	0.520872	0.119904	0.072050	0.083248	0.127961	0.075965	1,1,1,1,1,1	0.000000	0.827074	0.827074	0.827074	0.827074	0.827074	0.827074	
320000	-116220	1,2,3,4,1,3	1.021473	5.785046	5.375605	5.869216	6.545742	5.785046	5.869216	1,2,2,1,2,2	2.959038	0.010696	0.483420	0.179136	0.326747	0.017195	0.512524	0.109304	0.360978	0.017195	0.512524	0.109304	0.360978	0.010696	0.483420	0.179136	0.326747	0.017195	0.512524	0.109304	0.360978	0.017195	0.512524	0.109304	0.360978	1,2,1,3,4,4	4.393195	0.111935	0.270839	0.068684	0.233730	0.273421	0.041391	0.331181	0.072216	0.077028	0.157528	0.144967	0.217080	0.111935	0.270839	0.068684	0.233730	0.273421	0.041391	0.063491	0.232062	0.080858	0.478984	0.032770	0.111835	0.192007	0.231127	0.147115	0.110077	0.168123	0.151551	0.192007	0.231127	0.147115	0.110077	0.168123	0.151551	1,1,1,1,1,1	0.000000	0.818979	0.818979	0.818979	0.818979	0.818979	0.818979	
321000	-115158	1,1,1,1,1,1	0.000000	5.973721	5.973721	5.973721	5.973721	5.973721	5.973721	1,1,1,1,1,1	0.000000	0.018107	0.516649	0.134146	0.331098	0.018107	0.516649	0.134146	0.331098	0.018107	0.516649	0.134146	0.331098	0.018107	0.516649	0.134146	0.331098	0.018107	0.516649	0.134146	0.331098	0.018107	0.516649	0.134146	0.331098	1,2,1,3,4,5	1.577354	0.021247	0.277248	0.118332	0.212404	0.293641	0.077128	0.398328	0.037310	0.014985	0.196193	0.172437	0.180748	0.021247	0.277248	0.118332	0.212404	0.293641	0.077128	0.002540	0.016635	0.183039	0.389125	0.005794	0.402866	0.016929	0.098981	0.326938	0.040268	0.308670	0.208213	0.577379	0.049290	0.011068	0.054214	0.175450	0.132599	1,2,2,3,2,2	0.491779	0.573817	0.992215	0.992215	0.854905	0.992215	0.992215	
322000	-115290	1,2,3,2,1,1	1.839367	6.118320	5.478126	5.569283	5.478126	6.118320	6.118320	1,1,1,1,1,1	0.000000	0.018480	0.523118	0.137296	0.321106	0.018480	0.523118	0.137296	0.321106	0.018480	0.523118	0.137296	0.321106	0.018480	0.523118	0.137296	0.321106	0.018480	0.523118	0.137296	0.321106	0.018480	0.523118	0.137296	0.321106	1,2,1,3,4,2	4.659323	0.086148	0.350431	0.044774	0.190305	0.278412	0.049931	0.330052	0.291343	0.132842	0.073298	0.133689	0.038777	0.086148	0.350431	0.044774	0.190305	0.278412	0.049931	0.088683	0.157725	0.161536	0.268609	0.021424	0.302022	0.006766	0.085699	0.124295	0.161512	0.327350	0.294378	0.330052	0.291343	0.132842	0.073298	0.133689	0.038777	1,2,2,2,2,2	0.097171	0.678916	0.930012	0.930012	0.930012	0.930012	0.930012	
323000	-116838	1,2,3,4,1,5	5.029781	6.157409	5.674405	5.982299	5.782008	6.157409	5.794398	1,1,1,1,1,1	0.000000	0.009849	0.519287	0.122072	0.348793	0.009849	0.519287	0.122072	0.348793	0.009849	0.519287	0.122072	0.348793	0.009849	0.519287	0.122072	0.348793	0.009849	0.519287	0.122072	0.348793	0.009849	0.519287	0.122072	0.348793	1,1,2,3,4,1	16.168000	0.331843	0.317909	0.154913	0.059418	0.093490	0.042427	0.331843	0.317909	0.154913	0.059418	0.093490	0.042427	0.318633	0.052344	0.155733	0.063912	0.361610	0.047768	0.411783	0.041444	0.091138	0.058285	0.050711	0.346639	0.004870	0.258319	0.028426	0.093835	0.317470	0.297080	0.331843	0.317909	0.154913	0.059418	0.093490	0.042427	1,2,2,2,2,2	0.366684	0.550250	0.954351	0.954351	0.954351	0.954351	0.954351	
324000	-116271	1,1,1,1,1,1	0.000000	5.663457	5.663457	5.663457	5.663457	5.663457	5.663457	1,1,1,1,1,1	0.000000	0.010622	0.508282	0.141690	0.339406	0.010622	0.508282	0.141690	0.339406	0.010622	0.508282	0.141690	0.339406	0.010622	0.508282	0.141690	0.339406	0.010622	0.508282	0.141690	0.339406	0.010622	0.508282	0.141690	0.339406	1,2,1,3,4,5	1.761876	0.126199	0.124644	0.189280	0.177073	0.338995	0.043809	0.221585	0.154745	0.115164	0.173877	0.305553	0.029077	0.126199	0.124644	0.189280	0.177073	0.338995	0.043809	0.153930	0.058278	0.095653	0.230461	0.013924	0.447755	0.024335	0.118156	0.349343	0.080328	0.313007	0.114830	0.188129	0.161962	0.069685	0.113654	0.387389	0.079181	1,2,2,1,2,2	2.326230	0.759794	0.883640	0.883640	0.759794	0.883640	0.883640	
325000	-115990	1,2,2,2,1,1	0.791912	6.222676	5.567145	5.567145	5.567145	6.222676	6.222676	1,1,1,1,1,1	0.000000	0.017366	0.508870	0.114380	0.359384	0.017366	0.508870	0.114380	0.359384	0.017366	0.508870	0.114380	0.359384	0.017366	0.508870	0.114380	0.359384	0.017366	0.508870	0.114380	0.359384	0.017366	0.508870	0.114380	0.359384	1,2,3,4,1,5	6.801926	0.185017	0.017612	0.020633	0.195243	0.430599	0.150897	0.620745	0.124914	0.030353	0.072502	0.076531	0.074955	0.227442	0.293112	0.028257	0.102730	0.283474	0.064984	0.147311	0.279514	0.038230	0.288730	0.034430	0.211786	0.185017	0.017612	0.020633	0.195243	0.430599	0.150897	0.159675	0.255276	0.266306	0.077270	0.151364	0.090109	1,1,1,1,1,1	0.000000	0.855285	0.855285	0.855285	0.855285	0.855285	0.855285	
326000	-115559	1,2,3,4,5,6	4.568570	5.741298	5.417769	5.645150	4.851014	6.161962	6.115418	1,1,1,1,1,1	0.000000	0.017211	0.532071	0.115242	0.335476	0.017211	0.532071	0.115242	0.335476	0.017211	0.532071	0.115242	0.335476	0.017211	0.532071	0.115242	0.335476	0.017211	0.532071	0.115242	0.335476	0.017211	0.532071	0.115242	0.335476	1,1,2,3,4,5	5.196697	0.280283	0.305659	0.138924	0.123009	0.110144	0.041980	0.280283	0.305659	0.138924	0.123009	0.110144	0.041980	0.108024	0.013624	0.034123	0.263327	0.516719	0.064182	0.016215	0.321467	0.161895	0.210091	0.046284	0.244048	0.035596	0.012707	0.308012	0.094255	0.148650	0.400780	0.227613	0.103823	0.134193	0.093629	0.278124	0.162619	1,2,2,2,2,2	0.293919	0.688495	0.953881	0.953881	0.953881	0.953881	0.953881	
327000	-115386	1,2,1,2,1,1	0.116023	6.042538	5.037920	6.042538	5.037920	6.042538	6.042538	1,1,1,1,1,1	0.000000	0.012529	0.531004	0.117411	0.339056	0.012529	0.531004	0.117411	0.339056	0.012529	0.531004	0.117411	0.339056	0.012529	0.531004	0.117411	0.339056	0.012529	0.531004	0.117411	0.339056	0.012529	0.531004	0.117411	0.339056	1,2,3,4,5,5	12.785127	0.099766	0.109790	0.323222	0.165592	0.204882	0.096747	0.312163	0.118013	0.164019	0.116538	0.097483	0.191786	0.008403	0.040101	0.388080	0.143544	0.374768	0.045105	0.110133	0.130935	0.370156	0.183987	0.025126	0.179663	0.419840	0.202917	0.103471	0.046093	0.122631	0.105048	0.419840	0.202917	0.103471	0.046093	0.122631	0.105048	1,2,2,2,2,2	0.134696	0.606846	0.940653	0.940653	0.940653	0.940653	0.940653	
328000	-115750	1,2,2,2,1,1	0.162541	5.764870	5.345926	5.345926	5.345926	5.764870	5.764870	1,1,1,1,1,1	0.000000	0.019452	0.514814	0.137678	0.328056	0.019452	0.514814	0.137678	0.328056	0.019452	0.514814	0.137678	0.328056	0.019452	0.514814	0.137678	0.328056	0.019452	0.514814	0.137678	0.328056	0.019452	0.514814	0.137678	0.328056	1,2,3,4,5,2	4.515647	0.068630	0.261006	0.115163	0.207342	0.228639	0.119221	0.464537	0.175925	0.071094	0.073847	0.134327	0.080270	0.163457	0.072022	0.020552	0.247651	0.445501	0.050818	0.064701	0.612728	0.178463	0.050391	0.017023	0.076694	0.123537	0.098706	0.228678	0.150124	0.285129	0.113827	0.464537	0.175925	0.071094	0.073847	0.134327	0.080270	1,2,2,3,2,2	1.624078	0.673008	0.887073	0.887073	0.825625	0.887073	0.887073	
329000	-115927	1,2,3,4,1,5	9.833826	5.972056	5.583790	6.038460	5.189074	5.972056	6.299780	1,1,1,1,1,1	0.000000	0.011352	0.532144	0.120259	0.336245	0.011352	0.532144	0.120259	0.336245	0.011352	0.532144	0.120259	0.336245	0.011352	0.532144	0.120259	0.336245	0.011352	0.532144	0.120259	0.336245	0.011352	0.532144	0.120259	0.336245	1,2,3,4,5,6	7.610308	0.044511	0.346420	0.183981	0.230999	0.157282	0.036806	0.273735	0.254250	0.172793	0.062685	0.045951	0.190585	0.396497	0.424527	0.007047	0.065410	0.088028	0.018491	0.065011	0.147047	0.316721	0.212029	0.044631	0.214562	0.190878	0.051018	0.361244	0.077577	0.173731	0.145553	0.331682	0.059762	0.072714	0.088840	0.335517	0.111485	1,2,2,2,2,2	1.138413	0.788075	0.889374	0.889374	0.889374	0.889374	0.889374	
330000	-116329	1,1,1,1,1,1	0.000000	5.799678	5.799678	5.799678	5.799678	5.799678	5.799678	1,1,1,1,1,1	0.000000	0.013733	0.522263	0.116883	0.347122	0.013733	0.522263	0.116883	0.347122	0.013733	0.522263	0.116883	0.347122	0.013733	0.522263	0.116883	0.347122	0.013733	0.522263	0.116883	0.347122	0.013733	0.522263	0.116883	0.347122	1,2,3,4,5,2	4.618150	0.177393	0.274166	0.180573	0.161445	0.176788	0.029635	0.329540	0.103043	0.207285	0.091036	0.146129	0.122968	0.125820	0.290779	0.086545	0.112768	0.348355	0.035733	0.121321	0.241284	0.200020	0.043523	0.049167	0.344685	0.113668	0.102169	0.097330	0.048172	0.337247	0.301414	0.329540	0.103043	0.207285	0.091036	0.146129	0.122968	1,2,3,3,3,3	1.440952	0.619524	1.057066	0.944928	0.944928	0.944928	0.944928	
331000	-115421	1,2,1,1,1,2	0.757621	5.717170	5.621805	5.717170	5.717170	5.717170	5.621805	1,1,1,1,1,1	0.009134	0.017605	0.521978	0.110907	0.349509	0.017605	0.521978	0.110907	0.349509	0.017605	0.521978	0.110907	0.349509	0.017605	0.521978	0.110907	0.349509	0.017605	0.521978	0.110907	0.349509	0.017605	0.521978	0.110907	0.349509	1,2,3,4,5,2	15.076543	0.089761	0.026065	0.232147	0.343135	0.220035	0.088857	0.303601	0.203219	0.141745	0.115233	0.131226	0.104977	0.100087	0.228197	0.160644	0.184037	0.316253	0.010782	0.070452	0.018616	0.210771	0.125244	0.034918	0.540000	0.031936	0.339046	0.259106	0.054468	0.175604	0.139840	0.303601	0.203219	0.141745	0.115233	0.131226	0.104977	1,2,2,2,2,2	0.789781	0.610674	0.953960	0.953960	0.953960	0.953960	0.953960	
332000	-116566	1,2,3,2,3,3	1.927524	5.975527	5.008748	6.063373	5.008748	6.063373	6.063373	1,1,1,1,1,1	0.000000	0.015581	0.527181	0.116191	0.341047	0.015581	0.527181	0.116191	0.341047	0.015581	0.527181	0.116191	0.341047	0.015581	0.527181	0.116191	0.341047	0.015581	0.527181	0.116191	0.341047	0.015581	0.527181	0.116191	0.341047	1,2,1,3,1,2	1.823488	0.047282	0.026082	0.393696	0.114729	0.259246	0.158965	0.206421	0.052574	0.319477	0.112746	0.166974	0.141807	0.047282	0.026082	0.393696	0.114729	0.259246	0.158965	0.068663	0.133776	0.323996	0.206484	0.087729	0.179352	0.047282	0.026082	0.393696	0.114729	0.259246	0.158965	0.206421	0.052574	0.319477	0.112746	0.166974	0.141807	1,2,2,2,2,2	0.908899	0.583846	0.945371	0.945371	0.945371	0.945371	0.945371	
333000	-115428	1,2,1,1,1,1	0.532069	6.024512	5.385999	6.024512	6.024512	6.024512	6.024512	1,1,1,1,1,1	0.000000	0.020280	0.502681	0.131879	0.345160	0.020280	0.502681	0.131879	0.345160	0.020280	0.502681	0.131879	0.345160	0.020280	0.502681	0.131879	0.345160	0.020280	0.502681	0.131879	0.345160	0.020280	0.502681	0.131879	0.345160	1,2,3,4,5,6	19.051358	0.389752	0.022335	0.073192	0.206536	0.243617	0.064567	0.225953	0.119220	0.128129	0.235198	0.184393	0.107107	0.023234	0.063123	0.181519	0.218020	0.466734	0.047370	0.014370	0.182794	0.209261	0.142264	0.027449	0.423861	0.149686	0.078850	0.281399	0.033876	0.187779	0.268410	0.304060	0.070400	0.241067	0.073607	0.221539	0.089327	1,2,2,2,2,3	2.508201	0.731495	0.909751	0.909751	0.909751	0.909751	0.928662	
334000	-115963	1,2,1,2,1,1	0.176163	5.743053	5.352275	5.743053	5.352275	5.743053	5.743053	1,1,1,1,1,1	0.000000	0.011819	0.530801	0.126896	0.330485	0.011819	0.530801	0.126896	0.330485	0.011819	0.530801	0.126896	0.330485	0.011819	0.530801	0.126896	0.330485	0.011819	0.530801	0.126896	0.330485	0.011819	0.530801	0.126896	0.330485	1,2,1,3,4,5	25.221333	0.010066	0.075115	0.205142	0.237911	0.326962	0.144804	0.454247	0.108241	0.108631	0.123989	0.099083	0.105809	0.010066	0.075115	0.205142	0.237911	0.326962	0.144804	0.005142	0.280802	0.072257	0.374604	0.082496	0.184699	0.097487	0.139228	0.421196	0.083829	0.161441	0.096819	0.243356	0.269600	0.013631	0.100649	0.208518	0.164246	1,2,2,2,2,2	0.196887	0.571748	0.865137	0.865137	0.865137	0.865137	0.865137	
335000	-115751	1,2,3,4,5,2	4.930121	6.284044	5.557808	5.411429	5.445283	6.153582	5.557808	1,1,1,1,1,1	0.000000	0.013450	0.518950	0.118057	0.349543	0.013450	0.518950	0.118057	0.349543	0.013450	0.518950	0.118057	0.349543	0.013450	0.518950	0.118057	0.349543	0.013450	0.518950	0.118057	0.349543	0.013450	0.518950	0.118057	0.349543	1,2,3,4,3,2	1.824817	0.118253	0.299597	0.286779	0.111133	0.126746	0.057490	0.190526	0.257925	0.078091	0.164441	0.193800	0.115218	0.184389	0.002118	0.128993	0.121579	0.406490	0.156431	0.034446	0.322757	0.216758	0.221371	0.012543	0.192126	0.184389	0.002118	0.128993	0.121579	0.406490	0.156431	0.190526	0.257925	0.078091	0.164441	0.193800	0.115218	1,2,2,2,2,2	0.240275	0.860046	0.943590	0.943590	0.943590	0.943590	0.943590	
336000	-117074	1,2,3,4,5,1	7.768663	6.435985	5.489836	5.730328	5.753999	6.498821	6.435985	1,1,1,1,1,1	0.000000	0.011152	0.520444	0.120487	0.347918	0.011152	0.520444	0.120487	0.347918	0.011152	0.520444	0.120487	0.347918	0.011152	0.520444	0.120487	0.347918	0.011152	0.520444	0.120487	0.347918	0.011152	0.520444	0.120487	0.347918	1,2,1,3,2,4	1.371036	0.072084	0.062120	0.080503	0.231167	0.461368	0.092758	0.361306	0.003988	0.328910	0.057460	0.125129	0.123207	0.072084	0.062120	0.080503	0.231167	0.461368	0.092758	0.193249	0.113872	0.107672	0.104555	0.126523	0.354128	0.361306	0.003988	0.328910	0.057460	0.125129	0.123207	0.274150	0.310789	0.094816	0.075554	0.208699	0.035993	1,2,2,3,2,2	1.040114	0.706198	0.942499	0.942499	0.808059	0.942499	0.942499	
337000	-116258	1,2,3,4,5,2	1.753152	6.243727	6.167279	5.685584	5.415131	6.104977	6.167279	1,1,1,2,1,1	1.872193	0.013628	0.497458	0.110760	0.378153	0.013628	0.497458	0.110760	0.378153	0.013628	0.497458	0.110760	0.378153	0.016433	0.298311	0.209751	0.475505	0.013628	0.497458	0.110760	0.378153	0.013628	0.497458	0.110760	0.378153	1,2,3,4,5,3	4.112802	0.152432	0.219869	0.309292	0.118540	0.184598	0.015270	0.153631	0.260200	0.496330	0.025948	0.046086	0.017804	0.241273	0.183515	0.076399	0.145749	0.304042	0.049022	0.270954	0.079247	0.085638	0.338479	0.066464	0.159217	0.002925	0.056148	0.111640	0.079702	0.331471	0.418114	0.241273	0.183515	0.076399	0.145749	0.304042	0.049022	1,2,2,2,2,2	0.125236	0.852947	0.935606	0.935606	0.935606	0.935606	0.935606	
338000	-116336	1,2,1,1,1,1	0.188146	5.924231	5.505363	5.924231	5.924231	5.924231	5.924231	1,1,1,1,1,1	0.005891	0.014245	0.533234	0.115263	0.337258	0.014245	0.533234	0.115263	0.337258	0.014245	0.533234	0.115263	0.337258	0.014245	0.533234	0.115263	0.337258	0.014245	0.533234	0.115263	0.337258	0.014245	0.533234	0.115263	0.337258	1,2,3,4,5,2	6.029982	0.190394	0.173332	0.200807	0.271612	0.121609	0.042247	0.579468	0.019368	0.004305	0.116503	0.169104	0.111252	0.210074	0.048774	0.347811	0.171142	0.215107	0.007092	0.046364	0.200852	0.023377	0.242086	0.118614	0.368706	0.257198	0.023412	0.236755	0.017825	0.210464	0.254346	0.579468	0.019368	0.004305	0.116503	0.169104	0.111252	1,2,2,1,2,2	0.164693	0.727228	0.931612	0.931612	0.727228	0.931612	0.931612	
339000	-116037	1,2,3,4,5,6	3.323817	5.884561	5.290696	5.688484	5.015269	5.717156	6.012631	1,2,1,3,2,1	0.559598	0.011086	0.530068	0.112433	0.346413	0.013361	0.481577	0.191086	0.313976	0.011086	0.530068	0.112433	0.346413	0.022517	0.476056	0.261884	0.239544	0.013361	0.481577	0.191086	0.313976	0.011086	0.530068	0.112433	0.346413	1,2,3,4,5,2	11.291505	0.027176	0.221303	0.138803	0.291894	0.207310	0.113514	0.448323	0.110738	0.206948	0.069279	0.101954	0.062757	0.069927	0.060940	0.094599	0.238293	0.384369	0.151872	0.259718	0.029875	0.143429	0.101676	0.026407	0.438894	0.178054	0.152218	0.059238	0.050650	0.335975	0.223865	0.448323	0.110738	0.206948	0.069279	0.101954	0.062757	1,2,1,2,2,2	3.458391	0.780206	0.954674	0.780206	0.954674	0.954674	0.954674	
340000	-116984	1,2,1,3,1,4	1.870688	5.974782	5.544580	5.974782	5.364077	5.974782	6.188519	1,1,1,1,1,1	0.000000	0.012978	0.517303	0.109464	0.360255	0.012978	0.517303	0.109464	0.360255	0.012978	0.517303	0.109464	0.360255	0.012978	0.517303	0.109464	0.360255	0.012978	0.517303	0.109464	0.360255	0.012978	0.517303	0.109464	0.360255	1,2,3,4,5,2	5.971326	0.114430	0.065303	0.106956	0.371419	0.247376	0.094517	0.467473	0.061209	0.054332	0.127176	0.196706	0.093104	0.013321	0.290618	0.342459	0.069946	0.229411	0.054246	0.059772	0.215411	0.269889	0.191682	0.127712	0.135535	0.066481	0.179752	0.042656	0.190684	0.338784	0.181643	0.467473	0.061209	0.054332	0.127176	0.196706	0.093104	1,2,2,2,2,2	1.793434	0.565610	0.935448	0.935448	0.935448	0.935448	0.935448	
341000	-115814	1,2,1,2,1,3	2.255945	5.881522	4.968870	5.881522	4.968870	5.881522	5.833382	1,1,1,1,1,1	0.000000	0.013264	0.511953	0.116634	0.358149	0.013264	0.511953	0.116634	0.358149	0.013264	0.511953	0.116634	0.358149	0.013264	0.511953	0.116634	0.358149	0.013264	0.511953	0.116634	0.358149	0.013264	0.511953	0.116634	0.358149	1,2,3,4,5,6	17.992283	0.122386	0.035739	0.285919	0.154247	0.325942	0.075767	0.243002	0.470616	0.128334	0.029850	0.071211	0.056987	0.057963	0.619332	0.036188	0.110856	0.171552	0.004109	0.273376	0.218535	0.016573	0.246478	0.038395	0.206643	0.289147	0.196842	0.190421	0.032745	0.152345	0.138499	0.270371	0.189755	0.060527	0.152429	0.172580	0.154339	1,2,3,3,2,2	3.758413	0.722459	0.933107	0.874789	0.874789	0.933107	0.933107	
342000	-115999	1,1,1,1,1,1	0.000000	5.896075	5.896075	5.896075	5.896075	5.896075	5.896075	1,1,1,1,1,1	0.000000	0.022296	0.522047	0.128627	0.327030	0.022296	0.522047	0.128627	0.327030	0.022296	0.522047	0.128627	0.327030	0.022296	0.522047	0.128627	0.327030	0.022296	0.522047	0.128627	0.327030	0.022296	0.522047	0.128627	0.327030	1,2,3,4,2,2	8.350508	0.045567	0.160480	0.176501	0.382016	0.188906	0.046531	0.178713	0.172057	0.187054	0.103394	0.187553	0.171229	0.184558	0.020974	0.151061	0.118111	0.401830	0.123465	0.032095	0.098405	0.288160	0.310673	0.057867	0.212799	0.178713	0.172057	0.187054	0.103394	0.187553	0.171229	0.178713	0.172057	0.187054	0.103394	0.187553	0.171229	1,1,1,2,1,1	0.557139	0.890055	0.890055	0.890055	0.853431	0.890055	0.890055	
343000	-116987	1,2,3,4,5,5	6.570625	6.132483	5.229670	6.048715	4.730583	6.203631	6.203631	1,1,1,1,1,1	0.000000	0.016135	0.514444	0.118922	0.350498	0.016135	0.514444	0.118922	0.350498	0.016135	0.514444	0.118922	0.350498	0.016135	0.514444	0.118922	0.350498	0.016135	0.514444	0.118922	0.350498	0.016135	0.514444	0.118922	0.350498	1,2,3,2,4,4	3.719871	0.056493	0.015027	0.191774	0.365390	0.258354	0.112962	0.255451	0.095371	0.336771	0.090244	0.084970	0.137193	0.048109	0.010134	0.472838	0.133702	0.296806	0.038410	0.255451	0.095371	0.336771	0.090244	0.084970	0.137193	0.072358	0.060692	0.119436	0.104703	0.357249	0.285561	0.072358	0.060692	0.119436	0.104703	0.357249	0.285561	1,1,1,1,1,1	0.000000	0.828605	0.828605	0.828605	0.828605	0.828605	0.828605	
344000	-115182	1,2,3,2,4,3	1.530488	6.080922	5.464089	5.859360	5.464089	6.222794	5.859360	1,1,1,1,1,1	0.000000	0.017010	0.540213	0.113077	0.329699	0.017010	0.540213	0.113077	0.329699	0.017010	0.540213	0.113077	0.329699	0.017010	0.540213	0.113077	0.329699	0.017010	0.540213	0.113077	0.329699	0.017010	0.540213	0.113077	0.329699	1,2,3,4,5,6	3.019946	0.002365	0.407402	0.124738	0.204271	0.189037	0.072187	0.198006	0.299997	0.079286	0.109195	0.146824	0.166693	0.124006	0.189984	0.164863	0.128689	0.383284	0.009174	0.050627	0.023039	0.139288	0.353438	0.025220	0.408388	0.053931	0.275771	0.194122	0.003609	0.224407	0.248160	0.340840	0.375137	0.011969	0.041238	0.149966	0.080851	1,1,1,1,1,1	0.000000	0.852321	0.852321	0.852321	0.852321	0.852321	0.852321	
345000	-116031	1,2,3,2,4,3	10.561046	6.093795	5.145801	5.792278	5.145801	5.930347	5.792278	1,1,1,1,1,1	0.000000	0.011323	0.534614	0.114346	0.339717	0.011323	0.534614	0.114346	0.339717	0.011323	0.534614	0.114346	0.339717	0.011323	0.534614	0.114346	0.339717	0.011323	0.534614	0.114346	0.339717	0.011323	0.534614	0.114346	0.339717	1,2,3,4,5,2	6.282802	0.040284	0.084191	0.238783	0.316409	0.213842	0.106491	0.466820	0.064127	0.159676	0.069072	0.115857	0.124448	0.242343	0.079323	0.251646	0.147913	0.263631	0.015145	0.175780	0.487907	0.107108	0.131185	0.035268	0.062752	0.138219	0.148984	0.172787	0.097770	0.215930	0.226310	0.466820	0.064127	0.159676	0.069072	0.115857	0.124448	1,1,1,1,1,1	0.000000	0.857267	0.857267	0.857267	0.857267	0.857267	0.857267	
346000	-116543	1,2,3,3,3,3	4.221868	6.008353	5.336041	5.892281	5.892281	5.892281	5.892281	1,1,1,2,3,3	1.543244	0.010326	0.550034	0.113633	0.326007	0.010326	0.550034	0.113633	0.326007	0.010326	0.550034	0.113633	0.326007	0.023435	0.519985	0.233437	0.223143	0.019415	0.525771	0.072843	0.381971	0.019415	0.525771	0.072843	0.381971	1,2,3,4,5,2	4.199719	0.075330	0.161649	0.111347	0.358841	0.273649	0.019186	0.312123	0.020411	0.306846	0.107625	0.120168	0.132827	0.236761	0.096960	0.128957	0.102898	0.321704	0.112721	0.139354	0.260366	0.238691	0.039118	0.060351	0.262121	0.033119	0.315116	0.256690	0.071639	0.113288	0.210148	0.312123	0.020411	0.306846	0.107625	0.120168	0.132827	1,2,2,2,2,2	0.485401	0.749347	0.837941	0.837941	0.837941	0.837941	0.837941	
347000	-116304	1,1,1,1,1,1	0.000000	5.741234	5.741234	5.741234	5.741234	5.741234	5.741234	1,1,1,1,1,1	0.000004	0.009731	0.546382	0.119856	0.324031	0.009731	0.546382	0.119856	0.324031	0.009731	0.546382	0.119856	0.324031	0.009731	0.546382	0.119856	0.324031	0.009731	0.546382	0.119856	0.324031	0.009731	0.546382	0.119856	0.324031	1,2,1,3,4,5	5.844993	0.192302	0.057215	0.418777	0.115190	0.143081	0.073435	0.559189	0.055059	0.063989	0.049616	0.107020	0.165128	0.192302	0.057215	0.418777	0.115190	0.143081	0.073435	0.316017	0.455035	0.023164	0.109333	0.015180	0.081271	0.106564	0.012442	0.099828	0.024847	0.281777	0.474542	0.212175	0.058423	0.368971	0.089937	0.199331	0.071163	1,1,1,1,1,1	0.000000	0.904431	0.904431	0.904431	0.904431	0.904431	0.904431	
348000	-116645	1,2,3,2,3,3	0.174942	6.379677	5.433115	5.711458	5.433115	5.711458	5.711458	1,1,1,1,1,1	0.000000	0.017274	0.500089	0.134488	0.348149	0.017274	0.500089	0.134488	0.348149	0.017274	0.500089	0.134488	0.348149	0.017274	0.500089	0.134488	0.348149	0.017274	0.500089	0.134488	0.348149	0.017274	0.500089	0.134488	0.348149	1,2,1,3,4,2	7.925707	0.043031	0.025166	0.358290	0.200777	0.337739	0.034997	0.248196	0.052578	0.108895	0.130180	0.288404	0.171747	0.043031	0.025166	0.358290	0.200777	0.337739	0.034997	0.190990	0.294141	0.215750	0.072228	0.058237	0.168654	0.194297	0.061860	0.289600	0.088735	0.147330	0.218179	0.248196	0.052578	0.108895	0.130180	0.288404	0.171747	1,2,2,2,2,2	1.588092	0.729734	0.882684	0.882684	0.882684	0.882684	0.882684	
349000	-115565	1,2,3,1,1,1	0.981363	6.025624	6.886462	5.807702	6.025624	6.025624	6.025624	1,1,1,1,1,1	0.000000	0.018200	0.478963	0.131837	0.370999	0.018200	0.478963	0.131837	0.370999	0.018200	0.478963	0.131837	0.370999	0.018200	0.478963	0.131837	0.370999	0.018200	0.478963	0.131837	0.370999	0.018200	0.478963	0.131837	0.370999	1,2,1,3,4,1	4.884316	0.118820	0.044057	0.248390	0.162772	0.358548	0.067412	0.464968	0.093292	0.350056	0.047054	0.033492	0.011138	0.118820	0.044057	0.248390	0.162772	0.358548	0.067412	0.075083	0.061333	0.481011	0.125230	0.016631	0.240712	0.025567	0.423916	0.105390	0.089741	0.174123	0.181262	0.118820	0.044057	0.248390	0.162772	0.358548	0.067412	1,2,2,2,2,2	0.093419	0.619074	0.916176	0.916176	0.916176	0.916176	0.916176	
350000	-116153	1,2,3,4,5,6	6.730528	5.900268	6.099589	5.333361	5.246372	5.637145	5.875757	1,2,1,1,1,1	0.971348	0.013779	0.537541	0.118800	0.329880	0.046618	0.550300	0.128736	0.274346	0.013779	0.537541	0.118800	0.329880	0.013779	0.537541	0.118800	0.329880	0.013779	0.537541	0.118800	0.329880	0.013779	0.537541	0.118800	0.329880	1,2,3,4,3,2	21.423483	0.194776	0.072341	0.210063	0.213363	0.210251	0.099206	0.465925	0.184964	0.018910	0.064696	0.186976	0.078529	0.065576	0.061203	0.291251	0.165280	0.264050	0.152640	0.026730	0.177523	0.226593	0.092506	0.048652	0.427996	0.065576	0.061203	0.291251	0.165280	0.264050	0.152640	0.465925	0.184964	0.018910	0.064696	0.186976	0.078529	1,1,1,1,1,1	0.000000	0.895012	0.895012	0.895012	0.895012	0.895012	0.895012	
351000	-115638	1,2,3,4,5,6	5.721735	5.884308	5.478163	5.903429	6.805256	5.603757	5.829318	1,1,1,1,1,1	0.000000	0.014126	0.537070	0.121486	0.327317	0.014126	0.537070	0.121486	0.327317	0.014126	0.537070	0.121486	0.327317	0.014126	0.537070	0.121486	0.327317	0.014126	0.537070	0.121486	0.327317	0.014126	0.537070	0.121486	0.327317	1,2,3,4,5,5	6.309676	0.062067	0.128975	0.213512	0.208443	0.243704	0.143299	0.126187	0.187980	0.485283	0.046371	0.094614	0.059564	0.004571	0.029571	0.371613	0.168202	0.387669	0.038374	0.000246	0.302419	0.006465	0.200059	0.002241	0.488570	0.107977	0.261475	0.195845	0.087615	0.201632	0.145456	0.107977	0.261475	0.195845	0.087615	0.201632	0.145456	1,1,1,1,1,1	0.000000	0.872417	0.872417	0.872417	0.872417	0.872417	0.872417	
352000	-116309	1,2,3,2,3,1	1.285971	6.217504	5.179116	5.755663	5.179116	5.755663	6.217504	1,1,1,1,1,1	0.000000	0.013438	0.542999	0.119914	0.323648	0.013438	0.542999	0.119914	0.323648	0.013438	0.542999	0.119914	0.323648	0.013438	0.542999	0.119914	0.323648	0.013438	0.542999	0.119914	0.323648	0.013438	0.542999	0.119914	0.323648	1,1,2,3,4,5	2.483128	0.349196	0.065122	0.178633	0.119575	0.174762	0.112711	0.349196	0.065122	0.178633	0.119575	0.174762	0.112711	0.163746	0.395148	0.006478	0.130633	0.263223	0.040771	0.018061	0.071890	0.152192	0.151651	0.128431	0.477776	0.320924	0.123046	0.077022	0.055426	0.189287	0.234295	0.370420	0.204835	0.038069	0.089622	0.225500	0.071555	1,2,2,2,2,2	0.049500	0.719477	0.941603	0.941603	0.941603	0.941603	0.941603	
353000	-115837	1,2,2,2,3,4	0.284195	6.401182	5.588755	5.588755	5.588755	6.598484	6.141988	1,1,1,1,1,1	0.000000	0.009555	0.515271	0.118740	0.356434	0.009555	0.515271	0.118740	0.356434	0.009555	0.515271	0.118740	0.356434	0.009555	0.515271	0.118740	0.356434	0.009555	0.515271	0.118740	0.356434	0.009555	0.515271	0.118740	0.356434	1,2,3,4,5,6	4.112777	0.009053	0.273463	0.030833	0.328532	0.309273	0.048845	0.759722	0.003416	0.060664	0.068594	0.086073	0.021531	0.036547	0.244042	0.112682	0.208229	0.395196	0.003305	0.071726	0.066727	0.262770	0.396258	0.023547	0.178972	0.276812	0.104966	0.132103	0.028871	0.344098	0.113150	0.303336	0.327555	0.020675	0.066055	0.196415	0.085963	1,1,1,1,1,1	0.404733	0.864812	0.864812	0.864812	0.864812	0.864812	0.864812	
354000	-116083	1,2,2,1,3,1	0.752318	6.319171	5.554380	5.554380	6.319171	5.887794	6.319171	1,1,1,1,1,1	0.000000	0.014461	0.519124	0.127919	0.338496	0.014461	0.519124	0.127919	0.338496	0.014461	0.519124	0.127919	0.338496	0.014461	0.519124	0.127919	0.338496	0.014461	0.519124	0.127919	0.338496	0.014461	0.519124	0.127919	0.338496	1,2,1,3,4,2	6.737797	0.015486	0.238128	0.035748	0.316816	0.385060	0.008762	0.571629	0.082037	0.086884	0.078203	0.115637	0.065610	0.015486	0.238128	0.035748	0.316816	0.385060	0.008762	0.080620	0.096262	0.049848	0.124494	0.029111	0.619664	0.029907	0.215370	0.167384	0.204538	0.205888	0.176913	0.571629	0.082037	0.086884	0.078203	0.115637	0.065610	1,1,1,1,1,1	0.000000	0.838796	0.838796	0.838796	0.838796	0.838796	0.838796	
355000	-116112	1,2,2,3,2,4	2.673979	5.828983	6.120792	6.120792	5.109200	6.120792	6.030240	1,1,1,1,1,1	0.000000	0.012731	0.516097	0.126817	0.344355	0.012731	0.516097	0.126817	0.344355	0.012731	0.516097	0.126817	0.344355	0.012731	0.516097	0.126817	0.344355	0.012731	0.516097	0.126817	0.344355	0.012731	0.516097	0.126817	0.344355	1,2,1,3,4,4	3.247693	0.072759	0.116139	0.058506	0.297570	0.400268	0.054759	0.154500	0.116189	0.339386	0.160021	0.125713	0.104190	0.072759	0.116139	0.058506	0.297570	0.400268	0.054759	0.008792	0.023690	0.040754	0.186837	0.047556	0.692371	0.353517	0.065612	0.037517	0.073909	0.239370	0.230075	0.353517	0.065612	0.037517	0.073909	0.239370	0.230075	1,2,2,2,2,2	0.188397	0.496073	0.932431	0.932431	0.932431	0.932431	0.932431	
356000	-115825	1,2,3,2,3,1	1.181556	6.027513	5.253028	6.374684	5.253028	6.374684	6.027513	1,1,1,1,1,1	0.000000	0.015176	0.506125	0.108164	0.370536	0.015176	0.506125	0.108164	0.370536	0.015176	0.506125	0.108164	0.370536	0.015176	0.506125	0.108164	0.370536	0.015176	0.506125	0.108164	0.370536	0.015176	0.506125	0.108164	0.370536	1,2,3,4,5,2	20.174650	0.062904	0.069099	0.394368	0.180049	0.218467	0.075113	0.245400	0.154365	0.243253	0.108533	0.145021	0.103428	0.011040	0.067738	0.266036	0.153449	0.468512	0.033225	0.113614	0.152296	0.210300	0.354455	0.045576	0.123759	0.034639	0.099935	0.066252	0.042965	0.351220	0.404989	0.245400	0.154365	0.243253	0.108533	0.145021	0.103428	1,2,2,2,2,2	0.024943	0.648212	0.913963	0.913963	0.913963	0.913963	0.913963	
357000	-115629	1,1,1,1,1,1	0.000000	5.864620	5.864620	5.864620	5.864620	5.864620	5.864620	1,1,1,1,1,1	0.000000	0.013286	0.546760	0.113719	0.326235	0.013286	0.546760	0.113719	0.326235	0.013286	0.546760	0.113719	0.326235	0.013286	0.546760	0.113719	0.326235	0.013286	0.546760	0.113719	0.326235	0.013286	0.546760	0.113719	0.326235	1,2,3,4,3,2	8.055911	0.136676	0.098871	0.494854	0.106487	0.136500	0.026613	0.563938	0.176008	0.053020	0.037513	0.094220	0.075301	0.097531	0.166115	0.131284	0.097376	0.373114	0.134580	0.256030	0.035708	0.215717	0.175724	0.022592	0.294230	0.097531	0.166115	0.131284	0.097376	0.373114	0.134580	0.563938	0.176008	0.053020	0.037513	0.094220	0.075301	1,1,1,1,1,1	0.000000	0.884279	0.884279	0.884279	0.884279	0.884279	0.884279	
358000	-115439	1,1,1,1,1,1	0.000000	6.001006	6.001006	6.001006	6.001006	6.001006	6.001006	1,1,1,1,1,1	0.000000	0.012885	0.524938	0.129146	0.333031	0.012885	0.524938	0.129146	0.333031	0.012885	0.524938	0.129146	0.333031	0.012885	0.524938	0.129146	0.333031	0.012885	0.524938	0.129146	0.333031	0.012885	0.524938	0.129146	0.333031	1,2,1,3,4,2	6.477928	0.103255	0.182821	0.135149	0.224664	0.331376	0.022736	0.389963	0.059454	0.144488	0.097023	0.157974	0.151098	0.103255	0.182821	0.135149	0.224664	0.331376	0.022736	0.099150	0.019679	0.119617	0.478460	0.020063	0.263031	0.134881	0.125864	0.142232	0.028492	0.222563	0.345969	0.389963	0.059454	0.144488	0.097023	0.157974	0.151098	1,2,2,3,2,2	2.397627	0.552828	0.977204	0.977204	0.647199	0.977204	0.977204	
359000	-115563	1,2,2,2,2,2	0.329502	6.455964	5.854104	5.854104	5.854104	5.854104	5.854104	1,1,1,1,1,1	0.000000	0.014599	0.532611	0.126071	0.326719	0.014599	0.532611	0.126071	0.326719	0.014599	0.532611	0.126071	0.326719	0.014599	0.532611	0.126071	0.326719	0.014599	0.532611	0.126071	0.326719	0.014599	0.532611	0.126071	0.326719	1,1,2,3,4,1	9.972824	0.332162	0.277475	0.212036	0.062390	0.090502	0.025434	0.332162	0.277475	0.212036	0.062390	0.090502	0.025434	0.025907	0.231850	0.036803	0.091787	0.441765	0.171889	0.064457	0.291331	0.238820	0.185199	0.027543	0.192650	0.132702	0.061937	0.262276	0.061263	0.221725	0.260097	0.332162	0.277475	0.212036	0.062390	0.090502	0.025434	1,1,1,1,1,1	0.000000	0.875843	0.875843	0.875843	0.875843	0.875843	0.875843	
360000	-115776	1,1,1,1,1,1	0.000000	5.735892	5.735892	5.735892	5.735892	5.735892	5.735892	1,1,1,1,1,1	0.000000	0.015900	0.533092	0.114808	0.336201	0.015900	0.533092	0.114808	0.336201	0.015900	0.533092	0.114808	0.336201	0.015900	0.533092	0.114808	0.336201	0.015900	0.533092	0.114808	0.336201	0.015900	0.533092	0.114808	0.336201	1,2,3,4,5,6	9.357559	0.061025	0.066946	0.093733	0.332568	0.249530	0.196197	0.592771	0.142474	0.001712	0.077136	0.108392	0.077516	0.100735	0.463423	0.027378	0.151357	0.206853	0.050255	0.090121	0.193746	0.120026	0.196204	0.087856	0.312047	0.202083	0.034464	0.190780	0.033767	0.288464	0.250442	0.282628	0.022278	0.257486	0.093131	0.261118	0.083359	1,1,1,1,1,1	0.000069	0.884324	0.884324	0.884324	0.884324	0.884324	0.884324	
361000	-117012	1,2,2,3,1,3	2.868142	6.008023	5.459349	5.459349	5.946891	6.008023	5.946891	1,1,1,1,1,1	0.000000	0.013875	0.505613	0.133556	0.346956	0.013875	0.505613	0.133556	0.346956	0.013875	0.505613	0.133556	0.346956	0.013875	0.505613	0.133556	0.346956	0.013875	0.505613	0.133556	0.346956	0.013875	0.505613	0.133556	0.346956	1,2,3,4,5,2	4.231230	0.057903	0.334778	0.147492	0.226730	0.168427	0.064671	0.404145	0.196806	0.034542	0.113432	0.175757	0.075318	0.225129	0.167064	0.007353	0.242149	0.282664	0.075641	0.043327	0.390174	0.048676	0.404442	0.067205	0.046176	0.032382	0.022045	0.076286	0.052102	0.285518	0.531668	0.404145	0.196806	0.034542	0.113432	0.175757	0.075318	1,1,1,1,1,1	0.000000	0.868674	0.868674	0.868674	0.868674	0.868674	0.868674	
362000	-115411	1,2,2,1,3,2	1.103242	6.158824	5.650609	5.650609	6.158824	5.866970	5.650609	1,1,1,1,1,1	0.000000	0.010981	0.523064	0.133847	0.332107	0.010981	0.523064	0.133847	0.332107	0.010981	0.523064	0.133847	0.332107	0.010981	0.523064	0.133847	0.332107	0.010981	0.523064	0.133847	0.332107	0.010981	0.523064	0.133847	0.332107	1,2,1,3,4,4	2.556498	0.046230	0.387586	0.043417	0.178310	0.297509	0.046947	0.375666	0.038974	0.119941	0.175564	0.138627	0.151228	0.046230	0.387586	0.043417	0.178310	0.297509	0.046947	0.108433	0.154826	0.361865	0.158686	0.004299	0.211891	0.225521	0.234628	0.203530	0.063755	0.131760	0.140805	0.225521	0.234628	0.203530	0.063755	0.131760	0.140805	1,1,1,1,1,1	0.000000	0.882989	0.882989	0.882989	0.882989	0.882989	0.882989	
363000	-115726	1,2,1,3,4,4	4.377383	5.621555	5.080948	5.621555	5.527784	6.123761	6.123761	1,1,1,1,1,1	0.000000	0.014895	0.478637	0.132879	0.373589	0.014895	0.478637	0.132879	0.373589	0.014895	0.478637	0.132879	0.373589	0.014895	0.478637	0.132879	0.373589	0.014895	0.478637	0.132879	0.373589	0.014895	0.478637	0.132879	0.373589	1,2,3,4,5,6	10.953829	0.055690	0.176913	0.194656	0.232171	0.260987	0.079582	0.432397	0.118319	0.118030	0.102197	0.087817	0.141240	0.069579	0.253646	0.114237	0.142029	0.353377	0.067132	0.098624	0.451844	0.217269	0.065020	0.025513	0.141730	0.014925	0.058344	0.108185	0.169061	0.445016	0.204469	0.177473	0.117068	0.118501	0.187457	0.312615	0.086886	1,2,2,2,2,2	0.185419	0.566912	0.889037	0.889037	0.889037	0.889037	0.889037	
364000	-116204	1,2,1,2,3,4	1.905632	5.769767	5.208904	5.769767	5.208904	6.420272	5.978366	1,1,1,1,1,1	0.000000	0.014543	0.522333	0.127433	0.335691	0.014543	0.522333	0.127433	0.335691	0.014543	0.522333	0.127433	0.335691	0.014543	0.522333	0.127433	0.335691	0.014543	0.522333	0.127433	0.335691	0.014543	0.522333	0.127433	0.335691	1,2,3,4,5,2	4.652725	0.204550	0.138632	0.030185	0.283018	0.228690	0.114925	0.467071	0.092069	0.016937	0.102879	0.182430	0.138615	0.253377	0.367361	0.198811	0.065586	0.104849	0.010016	0.159295	0.434500	0.089164	0.163684	0.048384	0.104974	0.017426	0.207536	0.324296	0.013006	0.252807	0.184929	0.467071	0.092069	0.016937	0.102879	0.182430	0.138615	1,1,1,1,1,1	0.000000	0.832764	0.832764	0.832764	0.832764	0.832764	0.832764	
365000	-116694	1,1,1,1,1,1	0.000000	5.700128	5.700128	5.700128	5.700128	5.700128	5.700128	1,1,1,1,1,1	0.036920	0.017548	0.515355	0.129009	0.338088	0.017548	0.515355	0.129009	0.338088	0.017548	0.515355	0.129009	0.338088	0.017548	0.515355	0.129009	0.338088	0.017548	0.515355	0.129009	0.338088	0.017548	0.515355	0.129009	0.338088	1,2,3,4,5,2	16.743347	0.030161	0.026941	0.187690	0.215849	0.350216	0.189143	0.420569	0.211966	0.018048	0.067700	0.170508	0.111208	0.004605	0.175304	0.152573	0.168622	0.358713	0.140184	0.016044	0.066030	0.266298	0.088948	0.117826	0.444853	0.158462	0.142157	0.151178	0.155340	0.249884	0.142979	0.420569	0.211966	0.018048	0.067700	0.170508	0.111208	1,2,3,3,2,4	2.094405	0.579466	1.052970	0.833641	0.833641	1.052970	0.904475	
366000	-115305	1,2,2,3,4,5	1.513674	6.276368	5.494887	5.494887	6.347272	6.254951	5.714726	1,1,1,1,1,1	0.000000	0.015405	0.497869	0.130654	0.356072	0.015405	0.497869	0.130654	0.356072	0.015405	0.497869	0.130654	0.356072	0.015405	0.497869	0.130654	0.356072	0.015405	0.497869	0.130654	0.356072	0.015405	0.497869	0.130654	0.356072	1,2,3,4,5,2	1.376873	0.064925	0.473764	0.073528	0.149174	0.211631	0.026978	0.378735	0.068809	0.085104	0.163238	0.231613	0.072502	0.089165	0.061723	0.231392	0.165073	0.428662	0.023985	0.051870	0.021519	0.186202	0.296855	0.002017	0.441536	0.100989	0.024042	0.351037	0.017642	0.184390	0.321900	0.378735	0.068809	0.085104	0.163238	0.231613	0.072502	1,1,1,1,1,1	0.000000	0.830139	0.830139	0.830139	0.830139	0.830139	0.830139	
367000	-116321	1,2,1,2,1,1	0.250903	5.646463	6.797999	5.646463	6.797999	5.646463	5.646463	1,1,1,1,1,1	0.000000	0.014061	0.510026	0.123045	0.352868	0.014061	0.510026	0.123045	0.352868	0.014061	0.510026	0.123045	0.352868	0.014061	0.510026	0.123045	0.352868	0.014061	0.510026	0.123045	0.352868	0.014061	0.510026	0.123045	0.352868	1,2,1,3,4,5	5.040435	0.199188	0.209959	0.030464	0.186181	0.240602	0.133605	0.481531	0.219250	0.221705	0.042327	0.015885	0.019303	0.199188	0.209959	0.030464	0.186181	0.240602	0.133605	0.095400	0.117996	0.182099	0.073536	0.008170	0.522799	0.074576	0.101508	0.081024	0.175497	0.237108	0.330287	0.143858	0.350156	0.185450	0.066233	0.158427	0.095877	1,2,2,1,2,2	0.394121	0.612407	0.853927	0.853927	0.612407	0.853927	0.853927	
368000	-116181	1,1,1,1,1,1	0.000243	5.833665	5.833665	5.833665	5.833665	5.833665	5.833665	1,1,1,1,1,1	0.000000	0.017346	0.498778	0.121304	0.362572	0.017346	0.498778	0.121304	0.362572	0.017346	0.498778	0.121304	0.362572	0.017346	0.498778	0.121304	0.362572	0.017346	0.498778	0.121304	0.362572	0.017346	0.498778	0.121304	0.362572	1,2,3,4,5,5	3.243253	0.206221	0.016022	0.211754	0.183249	0.347875	0.034879	0.228913	0.183261	0.358224	0.069483	0.058801	0.101318	0.187429	0.069476	0.097634	0.161171	0.424836	0.059453	0.040768	0.009586	0.072552	0.701573	0.012678	0.162842	0.279841	0.093229	0.164604	0.070680	0.231261	0.160385	0.279841	0.093229	0.164604	0.070680	0.231261	0.160385	1,2,2,2,2,2	0.066215	0.430950	0.913862	0.913862	0.913862	0.913862	0.913862	
369000	-115525	1,2,3,4,5,5	14.370209	6.289563	5.203075	5.731014	6.400958	5.871279	5.871279	1,1,1,1,1,1	0.000000	0.017098	0.516689	0.122276	0.343936	0.017098	0.516689	0.122276	0.343936	0.017098	0.516689	0.122276	0.343936	0.017098	0.516689	0.122276	0.343936	0.017098	0.516689	0.122276	0.343936	0.017098	0.516689	0.122276	0.343936	1,2,1,3,4,2	1.585562	0.137657	0.058365	0.182690	0.255725	0.339509	0.026053	0.293216	0.095450	0.265142	0.122782	0.166802	0.056608	0.137657	0.058365	0.182690	0.255725	0.339509	0.026053	0.042111	0.270039	0.000974	0.168970	0.016368	0.501539	0.018085	0.141365	0.335521	0.065563	0.212929	0.226536	0.293216	0.095450	0.265142	0.122782	0.166802	0.056608	1,1,1,1,1,1	0.000000	0.837294	0.837294	0.837294	0.837294	0.837294	0.837294	
370000	-116776	1,2,1,2,1,1	0.637740	5.938276	4.856627	5.938276	4.856627	5.938276	5.938276	1,1,1,1,1,1	0.000000	0.014394	0.546807	0.118637	0.320162	0.014394	0.546807	0.118637	0.320162	0.014394	0.546807	0.118637	0.320162	0.014394	0.546807	0.118637	0.320162	0.014394	0.546807	0.118637	0.320162	0.014394	0.546807	0.118637	0.320162	1,2,1,3,4,2	3.376695	0.170096	0.317448	0.209607	0.105916	0.155802	0.041131	0.415803	0.005521	0.153174	0.146394	0.186542	0.092565	0.170096	0.317448	0.209607	0.105916	0.155802	0.041131	0.259664	0.423622	0.111510	0.107283	0.047685	0.050237	0.025168	0.193994	0.253997	0.031662	0.187006	0.308173	0.415803	0.005521	0.153174	0.146394	0.186542	0.092565	1,1,1,1,1,1	0.000000	0.835037	0.835037	0.835037	0.835037	0.835037	0.835037	
371000	-115215	1,2,3,1,3,2	2.784182	6.068965	5.484316	5.851510	6.068965	5.851510	5.484316	1,1,1,1,1,1	0.002238	0.013452	0.516816	0.104766	0.364966	0.013452	0.516816	0.104766	0.364966	0.013452	0.516816	0.104766	0.364966	0.013452	0.516816	0.104766	0.364966	0.013452	0.516816	0.104766	0.364966	0.013452	0.516816	0.104766	0.364966	1,2,3,4,5,5	4.268302	0.163289	0.104898	0.080528	0.347759	0.175858	0.127668	0.543311	0.108937	0.078612	0.080583	0.071018	0.117539	0.044480	0.110262	0.059948	0.193851	0.529826	0.061633	0.036278	0.096280	0.297622	0.190463	0.002548	0.376808	0.223464	0.117245	0.111149	0.143508	0.202257	0.202378	0.223464	0.117245	0.111149	0.143508	0.202257	0.202378	1,2,2,2,2,2	0.231568	0.772897	0.912862	0.912862	0.912862	0.912862	0.912862	
372000	-115810	1,1,1,1,1,1	0.000000	5.733848	5.733848	5.733848	5.733848	5.733848	5.733848	1,1,1,1,1,1	0.000000	0.011879	0.516503	0.119850	0.351768	0.011879	0.516503	0.119850	0.351768	0.011879	0.516503	0.119850	0.351768	0.011879	0.516503	0.119850	0.351768	0.011879	0.516503	0.119850	0.351768	0.011879	0.516503	0.119850	0.351768	1,2,1,3,2,2	0.912834	0.261013	0.110945	0.153419	0.195453	0.253647	0.025524	0.501890	0.049312	0.081748	0.144613	0.133456	0.088982	0.261013	0.110945	0.153419	0.195453	0.253647	0.025524	0.013027	0.400431	0.224796	0.091362	0.009420	0.260964	0.501890	0.049312	0.081748	0.144613	0.133456	0.088982	0.501890	0.049312	0.081748	0.144613	0.133456	0.088982	1,2,2,2,2,2	0.161287	0.551075	0.893088	0.893088	0.893088	0.893088	0.893088	
373000	-115606	1,1,1,1,1,1	0.000000	5.869933	5.869933	5.869933	5.869933	5.869933	5.869933	1,1,1,1,1,1	0.000000	0.013024	0.523018	0.114051	0.349906	0.013024	0.523018	0.114051	0.349906	0.013024	0.523018	0.114051	0.349906	0.013024	0.523018	0.114051	0.349906	0.013024	0.523018	0.114051	0.349906	0.013024	0.523018	0.114051	0.349906	1,2,3,4,5,2	8.139836	0.094355	0.138443	0.187115	0.285577	0.223240	0.071269	0.381955	0.067237	0.089819	0.121479	0.220964	0.118546	0.032741	0.409557	0.139056	0.121632	0.213452	0.083561	0.116881	0.656481	0.077390	0.045054	0.007824	0.096370	0.182426	0.322142	0.102414	0.075077	0.179904	0.138037	0.381955	0.067237	0.089819	0.121479	0.220964	0.118546	1,2,2,2,2,2	1.174939	0.645484	0.913897	0.913897	0.913897	0.913897	0.913897	
374000	-115787	1,2,2,2,3,1	0.646689	6.029734	5.577544	5.577544	5.577544	5.769556	6.029734	1,1,1,1,1,1	0.000000	0.014491	0.547371	0.116039	0.322100	0.014491	0.547371	0.116039	0.322100	0.014491	0.547371	0.116039	0.322100	0.014491	0.547371	0.116039	0.322100	0.014491	0.547371	0.116039	0.322100	0.014491	0.547371	0.116039	0.322100	1,2,3,4,1,3	10.320529	0.043360	0.128627	0.304402	0.129068	0.257064	0.137479	0.130760	0.335813	0.309595	0.070466	0.113443	0.039923	0.246152	0.276444	0.097452	0.112840	0.223225	0.043887	0.068416	0.331091	0.134985	0.108053	0.022913	0.334542	0.043360	0.128627	0.304402	0.129068	0.257064	0.137479	0.246152	0.276444	0.097452	0.112840	0.223225	0.043887	1,2,2,2,2,2	0.121910	0.708936	0.921298	0.921298	0.921298	0.921298	0.921298	
375000	-115584	1,2,3,4,5,6	6.093608	5.916224	5.401066	5.872759	5.848458	6.217985	6.098796	1,1,1,1,1,1	0.000000	0.013670	0.510610	0.124145	0.351575	0.013670	0.510610	0.124145	0.351575	0.013670	0.510610	0.124145	0.351575	0.013670	0.510610	0.124145	0.351575	0.013670	0.510610	0.124145	0.351575	0.013670	0.510610	0.124145	0.351575	1,2,1,3,4,2	13.469195	0.134706	0.406788	0.171705	0.129380	0.137387	0.020035	0.377282	0.124768	0.082366	0.104535	0.210384	0.100665	0.134706	0.406788	0.171705	0.129380	0.137387	0.020035	0.196352	0.457715	0.030397	0.162996	0.005698	0.146841	0.062019	0.087115	0.508785	0.052114	0.164562	0.125406	0.377282	0.124768	0.082366	0.104535	0.210384	0.100665	1,1,1,1,1,1	0.000000	0.861700	0.861700	0.861700	0.861700	0.861700	0.861700	
376000	-115026	1,2,2,1,1,1	2.457273	5.941762	5.457421	5.457421	5.941762	5.941762	5.941762	1,1,1,1,1,1	0.000000	0.017258	0.511777	0.120596	0.350369	0.017258	0.511777	0.120596	0.350369	0.017258	0.511777	0.120596	0.350369	0.017258	0.511777	0.120596	0.350369	0.017258	0.511777	0.120596	0.350369	0.017258	0.511777	0.120596	0.350369	1,2,1,3,4,2	6.260003	0.000226	0.234861	0.213271	0.196036	0.308000	0.047607	0.378669	0.194773	0.063667	0.107974	0.135471	0.119446	0.000226	0.234861	0.213271	0.196036	0.308000	0.047607	0.029108	0.133546	0.498860	0.174801	0.015135	0.148550	0.087728	0.062763	0.213364	0.092973	0.263797	0.279375	0.378669	0.194773	0.063667	0.107974	0.135471	0.119446	1,2,3,3,2,2	0.348031	0.734960	0.939487	0.895216	0.895216	0.939487	0.939487	
377000	-115767	1,2,3,2,2,3	0.911886	6.255480	6.003019	5.641995	6.003019	6.003019	5.641995	1,1,1,1,1,1	0.000000	0.014792	0.503548	0.135199	0.346461	0.014792	0.503548	0.135199	0.346461	0.014792	0.503548	0.135199	0.346461	0.014792	0.503548	0.135199	0.346461	0.014792	0.503548	0.135199	0.346461	0.014792	0.503548	0.135199	0.346461	1,2,3,4,5,6	19.090458	0.130479	0.129594	0.040728	0.321662	0.274154	0.103383	0.462714	0.000163	0.058651	0.088112	0.208131	0.182229	0.107222	0.585339	0.042426	0.102888	0.144559	0.017566	0.155693	0.481566	0.051987	0.146033	0.010216	0.154506	0.017112	0.009506	0.143661	0.165340	0.265553	0.398828	0.375828	0.204030	0.082498	0.086498	0.143514	0.107631	1,1,1,1,1,1	0.000000	0.860056	0.860056	0.860056	0.860056	0.860056	0.860056	
378000	-115991	1,1,2,3,1,1	1.595408	5.921843	5.921843	5.435416	5.215275	5.921843	5.921843	1,1,1,1,1,1	0.000000	0.025251	0.516290	0.135039	0.323420	0.025251	0.516290	0.135039	0.323420	0.025251	0.516290	0.135039	0.323420	0.025251	0.516290	0.135039	0.323420	0.025251	0.516290	0.135039	0.323420	0.025251	0.516290	0.135039	0.323420	1,2,3,4,5,1	3.759992	0.262437	0.055255	0.107759	0.198163	0.297216	0.079170	0.292953	0.123205	0.247019	0.175202	0.080594	0.081026	0.079422	0.138264	0.026485	0.256626	0.408275	0.090928	0.114872	0.075012	0.084244	0.263690	0.114336	0.347846	0.001143	0.058945	0.229262	0.141714	0.290942	0.277994	0.262437	0.055255	0.107759	0.198163	0.297216	0.079170	1,1,1,1,2,2	3.150557	0.843951	0.843951	0.843951	0.843951	0.944181	0.944181	
379000	-115360	1,1,1,2,1,1	0.587152	5.911503	5.911503	5.911503	5.283753	5.911503	5.911503	1,1,1,1,1,1	0.000000	0.016467	0.518675	0.129164	0.335694	0.016467	0.518675	0.129164	0.335694	0.016467	0.518675	0.129164	0.335694	0.016467	0.518675	0.129164	0.335694	0.016467	0.518675	0.129164	0.335694	0.016467	0.518675	0.129164	0.335694	1,2,1,3,4,4	2.822267	0.000687	0.219743	0.317744	0.132403	0.243700	0.085723	0.420564	0.163080	0.232178	0.051491	0.071620	0.061067	0.000687	0.219743	0.317744	0.132403	0.243700	0.085723	0.044990	0.406615	0.110803	0.116595	0.035005	0.285992	0.210992	0.129457	0.188665	0.088849	0.201004	0.181032	0.210992	0.129457	0.188665	0.088849	0.201004	0.181032	1,2,3,1,2,3	0.246601	0.697496	0.962413	0.909864	0.697496	0.962413	0.909864	
380000	-115610	1,1,1,1,1,1	0.000000	5.940421	5.940421	5.940421	5.940421	5.940421	5.940421	1,1,1,1,1,1	0.108766	0.015494	0.527529	0.132296	0.324681	0.015494	0.527529	0.132296	0.324681	0.015494	0.527529	0.132296	0.324681	0.015494	0.527529	0.132296	0.324681	0.015494	0.527529	0.132296	0.324681	0.015494	0.527529	0.132296	0.324681	1,2,3,4,5,6	2.463771	0.023635	0.048706	0.335344	0.226666	0.232471	0.133177	0.176648	0.031142	0.187109	0.280403	0.095295	0.229403	0.249682	0.083152	0.080253	0.111131	0.413136	0.062645	0.084885	0.082034	0.225500	0.227473	0.013845	0.366263	0.216108	0.107736	0.119763	0.055890	0.258791	0.241712	0.173359	0.156362	0.160327	0.119016	0.204807	0.186129	1,1,1,1,1,1	0.000000	0.829853	0.829853	0.829853	0.829853	0.829853	0.829853	
381000	-115676	1,2,3,4,3,5	11.401962	6.048053	5.685640	6.113086	6.431401	6.113086	5.785545	1,1,1,1,1,1	0.000000	0.015280	0.510346	0.128862	0.345511	0.015280	0.510346	0.128862	0.345511	0.015280	0.510346	0.128862	0.345511	0.015280	0.510346	0.128862	0.345511	0.015280	0.510346	0.128862	0.345511	0.015280	0.510346	0.128862	0.345511	1,2,3,4,5,1	5.791780	0.208932	0.030631	0.099181	0.177780	0.299660	0.183816	0.363471	0.068281	0.136576	0.181735	0.107793	0.142145	0.326551	0.244986	0.255936	0.040048	0.128995	0.003484	0.147480	0.026605	0.069377	0.239972	0.005097	0.511470	0.024959	0.038361	0.519776	0.090222	0.192549	0.134134	0.208932	0.030631	0.099181	0.177780	0.299660	0.183816	1,2,2,2,2,2	0.047651	0.597854	0.933056	0.933056	0.933056	0.933056	0.933056	
382000	-116216	1,2,3,4,4,5	2.054597	6.086585	5.188533	5.687782	6.481889	6.481889	6.088025	1,1,1,1,1,1	0.000000	0.016417	0.529777	0.119987	0.333820	0.016417	0.529777	0.119987	0.333820	0.016417	0.529777	0.119987	0.333820	0.016417	0.529777	0.119987	0.333820	0.016417	0.529777	0.119987	0.333820	0.016417	0.529777	0.119987	0.333820	1,2,3,4,5,2	8.391977	0.028843	0.353956	0.159935	0.212597	0.213402	0.031267	0.506127	0.031080	0.109159	0.090577	0.148742	0.114315	0.132909	0.561240	0.026867	0.114871	0.146992	0.017121	0.295844	0.284323	0.188304	0.177771	0.013805	0.039954	0.054941	0.085981	0.334628	0.024272	0.157991	0.342186	0.506127	0.031080	0.109159	0.090577	0.148742	0.114315	1,1,1,1,1,1	0.000000	0.845645	0.845645	0.845645	0.845645	0.845645	0.845645	
383000	-116438	1,1,1,1,1,1	0.000000	5.784443	5.784443	5.784443	5.784443	5.784443	5.784443	1,1,1,1,1,1	0.000000	0.015003	0.510345	0.116715	0.357937	0.015003	0.510345	0.116715	0.357937	0.015003	0.510345	0.116715	0.357937	0.015003	0.510345	0.116715	0.357937	0.015003	0.510345	0.116715	0.357937	0.015003	0.510345	0.116715	0.357937	1,2,1,3,4,4	5.420885	0.079507	0.167950	0.183722	0.216244	0.300185	0.052393	0.494329	0.003240	0.296793	0.065373	0.078700	0.061564	0.079507	0.167950	0.183722	0.216244	0.300185	0.052393	0.003731	0.134295	0.459779	0.126732	0.098826	0.176636	0.126641	0.383769	0.054500	0.049061	0.231642	0.154387	0.126641	0.383769	0.054500	0.049061	0.231642	0.154387	1,2,2,2,2,2	0.065502	0.537013	0.861019	0.861019	0.861019	0.861019	0.861019	
384000	-115689	1,2,2,3,1,2	0.831869	6.076684	5.944347	5.944347	5.290832	6.076684	5.944347	1,1,1,1,1,1	0.000000	0.020696	0.516628	0.117711	0.344965	0.020696	0.516628	0.117711	0.344965	0.020696	0.516628	0.117711	0.344965	0.020696	0.516628	0.117711	0.344965	0.020696	0.516628	0.117711	0.344965	0.020696	0.516628	0.117711	0.344965	1,2,3,4,5,6	3.774518	0.148276	0.083287	0.076613	0.232585	0.317072	0.142166	0.372505	0.319641	0.134459	0.041439	0.054014	0.077942	0.117021	0.325235	0.066484	0.161624	0.308056	0.021580	0.113075	0.115253	0.092027	0.231206	0.096142	0.352297	0.001031	0.018216	0.103987	0.100153	0.462444	0.314169	0.332088	0.258654	0.056085	0.116723	0.180442	0.056008	1,1,1,1,1,1	0.000000	0.861770	0.861770	0.861770	0.861770	0.861770	0.861770	
385000	-116493	1,1,2,2,1,1	1.407681	6.194692	6.194692	5.367508	5.367508	6.194692	6.194692	1,1,1,1,1,1	0.000000	0.014146	0.516192	0.116587	0.353074	0.014146	0.516192	0.116587	0.353074	0.014146	0.516192	0.116587	0.353074	0.014146	0.516192	0.116587	0.353074	0.014146	0.516192	0.116587	0.353074	0.014146	0.516192	0.116587	0.353074	1,1,1,2,1,1	0.530551	0.188439	0.253835	0.086475	0.140260	0.218751	0.112240	0.188439	0.253835	0.086475	0.140260	0.218751	0.112240	0.188439	0.253835	0.086475	0.140260	0.218751	0.112240	0.021840	0.390670	0.065999	0.261156	0.067372	0.192964	0.188439	0.253835	0.086475	0.140260	0.218751	0.112240	0.188439	0.253835	0.086475	0.140260	0.218751	0.112240	1,2,2,2,2,2	0.155361	0.617871	0.842711	0.842711	0.842711	0.842711	0.842711	
386000	-115544	1,2,3,4,5,6	11.053450	6.261547	5.404335	5.844029	5.633854	5.910812	6.385638	1,1,1,1,1,1	0.000000	0.013444	0.512255	0.124667	0.349635	0.013444	0.512255	0.124667	0.349635	0.013444	0.512255	0.124667	0.349635	0.013444	0.512255	0.124667	0.349635	0.013444	0.512255	0.124667	0.349635	0.013444	0.512255	0.124667	0.349635	1,2,3,4,5,3	1.469317	0.015752	0.306782	0.227440	0.098219	0.252186	0.099621	0.295650	0.229381	0.107228	0.136154	0.076446	0.155140	0.285636	0.180070	0.047171	0.111160	0.300615	0.075347	0.002554	0.172882	0.341592	0.103927	0.021997	0.357049	0.260442	0.094111	0.267793	0.049284	0.132832	0.195538	0.285636	0.180070	0.047171	0.111160	0.300615	0.075347	1,2,2,2,2,2	0.009210	0.584375	0.954675	0.954675	0.954675	0.954675	0.954675	
387000	-115632	1,1,1,1,1,1	0.000000	5.975746	5.975746	5.975746	5.975746	5.975746	5.975746	1,1,1,1,1,1	0.000000	0.019665	0.499280	0.133658	0.347398	0.019665	0.499280	0.133658	0.347398	0.019665	0.499280	0.133658	0.347398	0.019665	0.499280	0.133658	0.347398	0.019665	0.499280	0.133658	0.347398	0.019665	0.499280	0.133658	0.347398	1,2,3,4,5,6	21.218152	0.065215	0.113613	0.055452	0.348898	0.358347	0.058475	0.207059	0.214288	0.022153	0.190881	0.228006	0.137612	0.225213	0.105863	0.091654	0.179053	0.354604	0.043614	0.175272	0.053120	0.409612	0.157424	0.010777	0.193796	0.205762	0.116849	0.108867	0.118390	0.213083	0.237049	0.236968	0.262966	0.090111	0.047417	0.205029	0.157508	1,2,2,3,3,4	22.930629	0.860187	1.011086	1.011086	0.901417	0.901417	0.865376	
388000	-115578	1,2,1,3,4,5	3.867701	5.891906	5.422333	5.891906	5.214570	6.202471	6.071100	1,1,1,1,1,1	0.000000	0.013220	0.540765	0.129051	0.316964	0.013220	0.540765	0.129051	0.316964	0.013220	0.540765	0.129051	0.316964	0.013220	0.540765	0.129051	0.316964	0.013220	0.540765	0.129051	0.316964	0.013220	0.540765	0.129051	0.316964	1,2,3,4,5,2	2.511029	0.169560	0.136660	0.171203	0.151413	0.266690	0.104475	0.507848	0.191381	0.034540	0.069106	0.110030	0.087095	0.035466	0.320103	0.020164	0.104415	0.386198	0.133653	0.113084	0.457280	0.208201	0.100204	0.028776	0.092455	0.003311	0.107225	0.200380	0.080410	0.345174	0.263500	0.507848	0.191381	0.034540	0.069106	0.110030	0.087095	1,2,2,2,2,2	1.331380	0.635345	0.901073	0.901073	0.901073	0.901073	0.901073	
389000	-116467	1,1,1,1,1,1	0.000000	5.623036	5.623036	5.623036	5.623036	5.623036	5.623036	1,1,1,1,1,1	0.000000	0.016429	0.536934	0.124058	0.322579	0.016429	0.536934	0.124058	0.322579	0.016429	0.536934	0.124058	0.322579	0.016429	0.536934	0.124058	0.322579	0.016429	0.536934	0.124058	0.322579	0.016429	0.536934	0.124058	0.322579	1,2,3,4,5,6	13.565702	0.094341	0.224666	0.188528	0.195180	0.228694	0.068591	0.202166	0.470384	0.099261	0.079420	0.075605	0.073164	0.047270	0.177744	0.144827	0.169669	0.332516	0.127974	0.366052	0.237141	0.019231	0.093055	0.062665	0.221857	0.032212	0.006037	0.057357	0.032965	0.502179	0.369250	0.145134	0.596711	0.016529	0.028164	0.127922	0.085540	1,2,2,2,2,2	1.846305	0.635379	0.924242	0.924242	0.924242	0.924242	0.924242	
390000	-115668	1,2,2,2,3,1	1.255717	6.259940	5.447207	5.447207	5.447207	6.296599	6.259940	1,1,1,1,1,1	0.000000	0.021611	0.500558	0.132169	0.345662	0.021611	0.500558	0.132169	0.345662	0.021611	0.500558	0.132169	0.345662	0.021611	0.500558	0.132169	0.345662	0.021611	0.500558	0.132169	0.345662	0.021611	0.500558	0.132169	0.345662	1,2,3,4,1,1	13.492549	0.177976	0.020897	0.209839	0.125725	0.325697	0.139866	0.236772	0.222962	0.151866	0.096473	0.160839	0.131088	0.060841	0.305002	0.023637	0.247041	0.329886	0.033593	0.045517	0.093236	0.143921	0.212909	0.002011	0.502405	0.177976	0.020897	0.209839	0.125725	0.325697	0.139866	0.177976	0.020897	0.209839	0.125725	0.325697	0.139866	1,2,2,1,2,2	1.397706	0.710658	0.911865	0.911865	0.710658	0.911865	0.911865	
391000	-116528	1,2,3,4,5,1	8.018309	5.882579	5.706043	5.458609	5.407562	6.335560	5.882579	1,1,1,1,1,1	0.000000	0.014976	0.516066	0.109361	0.359597	0.014976	0.516066	0.109361	0.359597	0.014976	0.516066	0.109361	0.359597	0.014976	0.516066	0.109361	0.359597	0.014976	0.516066	0.109361	0.359597	0.014976	0.516066	0.109361	0.359597	1,2,1,3,4,2	7.355329	0.061597	0.299193	0.093390	0.253283	0.243210	0.049326	0.542980	0.097167	0.078721	0.088999	0.126414	0.065719	0.061597	0.299193	0.093390	0.253283	0.243210	0.049326	0.248629	0.488113	0.047814	0.041968	0.039762	0.133714	0.204112	0.186405	0.284796	0.029117	0.179240	0.116332	0.542980	0.097167	0.078721	0.088999	0.126414	0.065719	1,2,2,1,2,2	1.219588	0.594932	0.901117	0.901117	0.594932	0.901117	0.901117	
392000	-115809	1,2,1,3,1,1	0.721141	6.084639	5.626918	6.084639	6.531946	6.084639	6.084639	1,1,1,2,2,1	0.019745	0.022510	0.536474	0.112077	0.328940	0.022510	0.536474	0.112077	0.328940	0.022510	0.536474	0.112077	0.328940	0.011696	0.431215	0.136340	0.420749	0.011696	0.431215	0.136340	0.420749	0.022510	0.536474	0.112077	0.328940	1,2,3,4,5,2	7.639464	0.236697	0.058156	0.022743	0.407175	0.180623	0.094606	0.468131	0.160021	0.060187	0.086856	0.140336	0.084469	0.109536	0.351944	0.041812	0.134234	0.333074	0.029400	0.441576	0.114542	0.052832	0.228088	0.003230	0.159732	0.163937	0.215207	0.318922	0.081575	0.130615	0.089745	0.468131	0.160021	0.060187	0.086856	0.140336	0.084469	1,1,1,1,1,1	0.000000	0.868905	0.868905	0.868905	0.868905	0.868905	0.868905	
393000	-116168	1,2,3,2,3,1	0.533216	6.303525	4.986782	5.815776	4.986782	5.815776	6.303525	1,1,1,2,1,1	0.136728	0.016810	0.537428	0.117696	0.328065	0.016810	0.537428	0.117696	0.328065	0.016810	0.537428	0.117696	0.328065	0.018433	0.675601	0.166043	0.139923	0.016810	0.537428	0.117696	0.328065	0.016810	0.537428	0.117696	0.328065	1,2,3,4,5,3	2.336355	0.014206	0.104194	0.275695	0.296293	0.306580	0.003032	0.209192	0.124410	0.081035	0.263378	0.154266	0.167720	0.143907	0.146520	0.097412	0.158172	0.396213	0.057775	0.015263	0.106512	0.175515	0.130626	0.096892	0.475191	0.107534	0.036922	0.313634	0.026935	0.265175	0.249800	0.143907	0.146520	0.097412	0.158172	0.396213	0.057775	1,1,1,1,1,1	0.000000	0.833240	0.833240	0.833240	0.833240	0.833240	0.833240	
394000	-115870	1,1,1,1,1,1	0.000000	5.707130	5.707130	5.707130	5.707130	5.707130	5.707130	1,2,1,2,1,1	0.549128	0.016336	0.520576	0.106226	0.356862	0.019381	0.458063	0.129042	0.393514	0.016336	0.520576	0.106226	0.356862	0.019381	0.458063	0.129042	0.393514	0.016336	0.520576	0.106226	0.356862	0.016336	0.520576	0.106226	0.356862	1,1,2,3,4,1	13.961452	0.406254	0.043317	0.155621	0.165358	0.173758	0.055692	0.406254	0.043317	0.155621	0.165358	0.173758	0.055692	0.069743	0.281827	0.094220	0.286679	0.229760	0.037771	0.131367	0.386447	0.149913	0.186872	0.013552	0.131850	0.042322	0.287533	0.432003	0.067848	0.109095	0.061199	0.406254	0.043317	0.155621	0.165358	0.173758	0.055692	1,1,1,1,1,1	0.000000	0.861141	0.861141	0.861141	0.861141	0.861141	0.861141	
395000	-115998	1,2,3,4,3,3	5.401487	5.803477	5.404488	5.984390	6.638371	5.984390	5.984390	1,1,1,1,1,1	0.000000	0.012639	0.539285	0.119478	0.328599	0.012639	0.539285	0.119478	0.328599	0.012639	0.539285	0.119478	0.328599	0.012639	0.539285	0.119478	0.328599	0.012639	0.539285	0.119478	0.328599	0.012639	0.539285	0.119478	0.328599	1,1,2,3,4,5	3.334767	0.278325	0.093304	0.288264	0.138772	0.125655	0.075679	0.278325	0.093304	0.288264	0.138772	0.125655	0.075679	0.013403	0.025001	0.321639	0.104482	0.383167	0.152308	0.249767	0.256746	0.082455	0.080064	0.004385	0.326583	0.057243	0.208387	0.210722	0.093081	0.302553	0.128015	0.288539	0.036329	0.048177	0.169722	0.297391	0.159841	1,1,1,1,1,1	0.000000	0.874748	0.874748	0.874748	0.874748	0.874748	0.874748	
396000	-115596	1,2,3,4,5,5	8.555384	6.008218	5.416332	5.606549	5.886072	5.940820	5.940820	1,1,1,1,1,1	0.000000	0.012194	0.529102	0.122885	0.335820	0.012194	0.529102	0.122885	0.335820	0.012194	0.529102	0.122885	0.335820	0.012194	0.529102	0.122885	0.335820	0.012194	0.529102	0.122885	0.335820	0.012194	0.529102	0.122885	0.335820	1,2,1,3,4,1	3.298518	0.195277	0.081385	0.139978	0.178696	0.281860	0.122806	0.345160	0.012442	0.409462	0.072835	0.123555	0.036546	0.195277	0.081385	0.139978	0.178696	0.281860	0.122806	0.197546	0.202984	0.130331	0.212503	0.007940	0.248695	0.157276	0.077924	0.420782	0.065936	0.153080	0.125002	0.195277	0.081385	0.139978	0.178696	0.281860	0.122806	1,1,1,1,1,1	0.000000	0.795568	0.795568	0.795568	0.795568	0.795568	0.795568	
397000	-115799	1,1,1,1,1,1	0.000000	6.165479	6.165479	6.165479	6.165479	6.165479	6.165479	1,1,1,1,1,1	0.000000	0.015044	0.497140	0.122316	0.365501	0.015044	0.497140	0.122316	0.365501	0.015044	0.497140	0.122316	0.365501	0.015044	0.497140	0.122316	0.365501	0.015044	0.497140	0.122316	0.365501	0.015044	0.497140	0.122316	0.365501	1,2,1,3,4,5	11.535519	0.017045	0.080782	0.194607	0.245208	0.406010	0.056348	0.472133	0.159817	0.196471	0.017455	0.092951	0.061174	0.017045	0.080782	0.194607	0.245208	0.406010	0.056348	0.035361	0.168320	0.402870	0.188338	0.009487	0.195624	0.045641	0.042171	0.437405	0.083281	0.295740	0.095762	0.090570	0.416203	0.195910	0.059155	0.125069	0.113092	1,2,3,4,3,3	5.194343	0.654764	0.790302	0.918272	0.865670	0.918272	0.918272	
398000	-116003	1,2,3,3,3,4	1.841967	6.088663	5.221761	5.785266	5.785266	5.785266	6.109021	1,1,1,1,1,1	0.006366	0.011600	0.537972	0.133697	0.316731	0.011600	0.537972	0.133697	0.316731	0.011600	0.537972	0.133697	0.316731	0.011600	0.537972	0.133697	0.316731	0.011600	0.537972	0.133697	0.316731	0.011600	0.537972	0.133697	0.316731	1,2,1,3,4,5	4.151012	0.042048	0.359053	0.194252	0.140724	0.241030	0.022893	0.344246	0.287969	0.060931	0.156957	0.080154	0.069743	0.042048	0.359053	0.194252	0.140724	0.241030	0.022893	0.009187	0.033014	0.102727	0.434296	0.071294	0.349482	0.127871	0.065507	0.058160	0.015252	0.264798	0.468412	0.043666	0.196071	0.082781	0.134968	0.392616	0.149899	1,2,2,2,2,2	0.653985	0.664087	0.895611	0.895611	0.895611	0.895611	0.895611	
399000	-115864	1,2,2,2,1,3	2.380475	6.099950	5.554873	5.554873	5.554873	6.099950	5.854474	1,1,1,1,1,1	0.000000	0.017112	0.513383	0.125286	0.344218	0.017112	0.513383	0.125286	0.344218	0.017112	0.513383	0.125286	0.344218	0.017112	0.513383	0.125286	0.344218	0.017112	0.513383	0.125286	0.344218	0.017112	0.513383	0.125286	0.344218	1,2,1,3,4,4	7.460496	0.097486	0.165975	0.078487	0.261176	0.311544	0.085333	0.229876	0.213000	0.024021	0.163131	0.168508	0.201465	0.097486	0.165975	0.078487	0.261176	0.311544	0.085333	0.188427	0.400641	0.049318	0.205206	0.026601	0.129807	0.167138	0.285093	0.144709	0.078916	0.178067	0.146077	0.167138	0.285093	0.144709	0.078916	0.178067	0.146077	1,2,2,2,2,2	0.135260	0.824027	0.933763	0.933763	0.933763	0.933763	0.933763	
400000	-115722	1,2,2,2,1,1	0.066344	5.820117	5.520516	5.520516	5.520516	5.820117	5.820117	1,1,1,1,1,1	0.000001	0.017272	0.538268	0.129495	0.314965	0.017272	0.538268	0.129495	0.314965	0.017272	0.538268	0.129495	0.314965	0.017272	0.538268	0.129495	0.314965	0.017272	0.538268	0.129495	0.314965	0.017272	0.538268	0.129495	0.314965	1,2,1,3,4,2	7.639574	0.001955	0.209083	0.096600	0.234138	0.337661	0.120563	0.234602	0.014976	0.280422	0.155218	0.179983	0.134799	0.001955	0.209083	0.096600	0.234138	0.337661	0.120563	0.163554	0.031968	0.481828	0.135210	0.022540	0.164900	0.089116	0.151974	0.340726	0.041889	0.228294	0.148001	0.234602	0.014976	0.280422	0.155218	0.179983	0.134799	1,2,2,2,2,2	1.734466	0.558666	0.945065	0.945065	0.945065	0.945065	0.945065	
401000	-116026	1,1,1,1,1,1	0.000000	5.630922	5.630922	5.630922	5.630922	5.630922	5.630922	1,1,1,1,1,1	0.000000	0.020888	0.510159	0.123714	0.345238	0.020888	0.510159	0.123714	0.345238	0.020888	0.510159	0.123714	0.345238	0.020888	0.510159	0.123714	0.345238	0.020888	0.510159	0.123714	0.345238	0.020888	0.510159	0.123714	0.345238	1,2,1,3,4,5	12.661920	0.178559	0.116915	0.230419	0.194630	0.254381	0.025096	0.106670	0.276025	0.208880	0.121916	0.163698	0.122811	0.178559	0.116915	0.230419	0.194630	0.254381	0.025096	0.383886	0.000120	0.046564	0.257856	0.036546	0.275028	0.115080	0.187363	0.213414	0.083913	0.250306	0.149924	0.205792	0.030879	0.259256	0.165035	0.264711	0.074327	1,1,1,1,1,1	0.000000	0.861264	0.861264	0.861264	0.861264	0.861264	0.861264	
402000	-115437	1,1,2,3,4,5	8.869914	5.930650	5.930650	6.076282	5.552828	6.237138	5.779801	1,1,1,1,1,1	0.000000	0.013218	0.517210	0.114955	0.354617	0.013218	0.517210	0.114955	0.354617	0.013218	0.517210	0.114955	0.354617	0.013218	0.517210	0.114955	0.354617	0.013218	0.517210	0.114955	0.354617	0.013218	0.517210	0.114955	0.354617	1,2,3,4,5,6	6.695261	0.018845	0.447799	0.212485	0.177947	0.103054	0.039870	0.527302	0.255150	0.092519	0.038829	0.033079	0.053122	0.294593	0.123900	0.077305	0.090559	0.406944	0.006698	0.271417	0.129376	0.125098	0.159486	0.013027	0.301596	0.294798	0.011986	0.053304	0.019284	0.299672	0.320956	0.145547	0.038232	0.468324	0.111496	0.135342	0.101059	1,2,2,2,2,2	0.265235	0.630627	0.931976	0.931976	0.931976	0.931976	0.931976	
403000	-115638	1,1,1,1,1,1	0.000000	5.792309	5.792309	5.792309	5.792309	5.792309	5.792309	1,1,1,1,1,1	0.000000	0.015775	0.523213	0.129507	0.331506	0.015775	0.523213	0.129507	0.331506	0.015775	0.523213	0.129507	0.331506	0.015775	0.523213	0.129507	0.331506	0.015775	0.523213	0.129507	0.331506	0.015775	0.523213	0.129507	0.331506	1,2,3,4,1,2	2.582695	0.093234	0.263480	0.246159	0.112061	0.207813	0.077253	0.572453	0.032759	0.029322	0.107227	0.161447	0.096791	0.151939	0.272038	0.286508	0.088302	0.188730	0.012484	0.252503	0.138973	0.036946	0.181701	0.023422	0.366455	0.093234	0.263480	0.246159	0.112061	0.207813	0.077253	0.572453	0.032759	0.029322	0.107227	0.161447	0.096791	1,1,1,1,1,1	0.000000	0.817706	0.817706	0.817706	0.817706	0.817706	0.817706	
404000	-116606	1,1,1,1,1,1	0.000000	5.620641	5.620641	5.620641	5.620641	5.620641	5.620641	1,1,1,1,1,1	0.000000	0.014808	0.511585	0.142552	0.331055	0.014808	0.511585	0.142552	0.331055	0.014808	0.511585	0.142552	0.331055	0.014808	0.511585	0.142552	0.331055	0.014808	0.511585	0.142552	0.331055	0.014808	0.511585	0.142552	0.331055	1,2,3,4,5,2	22.252320	0.047940	0.260067	0.154659	0.180277	0.273443	0.083614	0.364147	0.076845	0.112353	0.142291	0.199715	0.104648	0.323787	0.051581	0.145968	0.134678	0.336243	0.007744	0.041630	0.115646	0.045651	0.067370	0.101353	0.628349	0.056148	0.142701	0.283340	0.081187	0.268506	0.168117	0.364147	0.076845	0.112353	0.142291	0.199715	0.104648	1,1,1,1,1,1	0.000000	0.858059	0.858059	0.858059	0.858059	0.858059	0.858059	
405000	-115620	1,2,3,3,3,4	16.237827	6.301931	5.460952	5.866212	5.866212	5.866212	5.991618	1,1,1,1,1,1	0.000000	0.013181	0.520285	0.128768	0.337766	0.013181	0.520285	0.128768	0.337766	0.013181	0.520285	0.128768	0.337766	0.013181	0.520285	0.128768	0.337766	0.013181	0.520285	0.128768	0.337766	0.013181	0.520285	0.128768	0.337766	1,2,1,3,4,5	6.236345	0.028693	0.357023	0.166679	0.144640	0.260997	0.041969	0.109000	0.113529	0.308411	0.199018	0.187645	0.082396	0.028693	0.357023	0.166679	0.144640	0.260997	0.041969	0.137842	0.397389	0.070140	0.180792	0.014456	0.199381	0.185394	0.105389	0.198415	0.085849	0.261997	0.162955	0.264636	0.046143	0.127788	0.108609	0.316237	0.136587	1,1,1,1,1,1	0.000000	0.899460	0.899460	0.899460	0.899460	0.899460	0.899460	
406000	-116121	1,2,3,4,1,1	2.423396	5.957102	5.449236	5.683628	6.003169	5.957102	5.957102	1,1,1,1,1,1	0.000000	0.012369	0.507411	0.113942	0.366278	0.012369	0.507411	0.113942	0.366278	0.012369	0.507411	0.113942	0.366278	0.012369	0.507411	0.113942	0.366278	0.012369	0.507411	0.113942	0.366278	0.012369	0.507411	0.113942	0.366278	1,2,3,4,5,1	10.142399	0.282109	0.009996	0.264080	0.209052	0.158563	0.076201	0.287621	0.117260	0.150812	0.155283	0.100639	0.188384	0.059882	0.383960	0.058894	0.122852	0.245211	0.129202	0.355525	0.156992	0.145606	0.228924	0.006677	0.106276	0.015072	0.102443	0.057609	0.110283	0.239305	0.475286	0.282109	0.009996	0.264080	0.209052	0.158563	0.076201	1,2,2,3,3,2	0.755762	0.618330	0.905965	0.905965	0.851257	0.851257	0.905965	
407000	-116021	1,1,1,1,1,1	0.000000	5.944201	5.944201	5.944201	5.944201	5.944201	5.944201	1,1,1,1,1,1	0.000000	0.010203	0.526223	0.129013	0.334560	0.010203	0.526223	0.129013	0.334560	0.010203	0.526223	0.129013	0.334560	0.010203	0.526223	0.129013	0.334560	0.010203	0.526223	0.129013	0.334560	0.010203	0.526223	0.129013	0.334560	1,2,1,3,4,2	2.928867	0.096173	0.092748	0.206016	0.192623	0.347081	0.065359	0.467259	0.104127	0.242098	0.058959	0.087427	0.040129	0.096173	0.092748	0.206016	0.192623	0.347081	0.065359	0.084179	0.027929	0.051973	0.135364	0.066907	0.633649	0.153304	0.089354	0.313171	0.115355	0.206411	0.122406	0.467259	0.104127	0.242098	0.058959	0.087427	0.040129	1,1,1,1,1,1	0.000000	0.925428	0.925428	0.925428	0.925428	0.925428	0.925428	
408000	-115651	1,2,3,2,4,4	0.643587	6.090059	5.332398	5.822468	5.332398	5.676866	5.676866	1,1,1,1,1,1	0.000000	0.014076	0.515307	0.141841	0.328776	0.014076	0.515307	0.141841	0.328776	0.014076	0.515307	0.141841	0.328776	0.014076	0.515307	0.141841	0.328776	0.014076	0.515307	0.141841	0.328776	0.014076	0.515307	0.141841	0.328776	1,2,3,4,5,2	3.063015	0.090418	0.065178	0.161867	0.199431	0.373355	0.109751	0.463885	0.129511	0.084608	0.084228	0.136248	0.101518	0.161684	0.014878	0.023995	0.203770	0.503257	0.092416	0.025806	0.103708	0.159474	0.257244	0.109905	0.343864	0.123516	0.012888	0.305460	0.018910	0.218213	0.321013	0.463885	0.129511	0.084608	0.084228	0.136248	0.101518	1,2,2,2,2,2	0.133586	0.507512	0.900561	0.900561	0.900561	0.900561	0.900561	
409000	-115547	1,1,2,2,3,4	4.768857	5.710213	5.710213	5.330750	5.330750	6.134035	6.255139	1,1,1,1,1,1	0.155343	0.013548	0.499333	0.135205	0.351914	0.013548	0.499333	0.135205	0.351914	0.013548	0.499333	0.135205	0.351914	0.013548	0.499333	0.135205	0.351914	0.013548	0.499333	0.135205	0.351914	0.013548	0.499333	0.135205	0.351914	1,2,3,4,5,2	9.590821	0.019271	0.150932	0.445248	0.099595	0.194851	0.090102	0.386789	0.191756	0.196311	0.056625	0.092640	0.075879	0.135717	0.185071	0.186376	0.198447	0.270741	0.023648	0.077468	0.424954	0.077115	0.121366	0.037862	0.261235	0.137488	0.218172	0.153507	0.081499	0.273443	0.135892	0.386789	0.191756	0.196311	0.056625	0.092640	0.075879	1,1,1,1,1,1	0.000000	0.853348	0.853348	0.853348	0.853348	0.853348	0.853348	
410000	-115870	1,1,2,1,2,2	0.199495	5.582611	5.582611	6.005675	5.582611	6.005675	6.005675	1,1,1,1,1,1	0.000000	0.014848	0.486567	0.138749	0.359835	0.014848	0.486567	0.138749	0.359835	0.014848	0.486567	0.138749	0.359835	0.014848	0.486567	0.138749	0.359835	0.014848	0.486567	0.138749	0.359835	0.014848	0.486567	0.138749	0.359835	1,2,3,4,5,1	10.740662	0.274535	0.183997	0.043573	0.193808	0.236628	0.067460	0.301694	0.208047	0.189844	0.077572	0.071099	0.151745	0.035404	0.032562	0.305556	0.139879	0.483586	0.003012	0.157228	0.322326	0.009765	0.185559	0.001720	0.323402	0.017121	0.389434	0.149912	0.060307	0.285960	0.097266	0.274535	0.183997	0.043573	0.193808	0.236628	0.067460	1,2,2,2,2,2	0.271899	0.546795	0.866267	0.866267	0.866267	0.866267	0.866267	
411000	-115999	1,2,3,3,1,1	5.678315	6.014214	6.022330	5.521202	5.521202	6.014214	6.014214	1,1,1,1,1,1	0.000000	0.011951	0.518538	0.119440	0.350071	0.011951	0.518538	0.119440	0.350071	0.011951	0.518538	0.119440	0.350071	0.011951	0.518538	0.119440	0.350071	0.011951	0.518538	0.119440	0.350071	0.011951	0.518538	0.119440	0.350071	1,2,1,3,4,2	1.872975	0.071074	0.152983	0.254650	0.187065	0.287390	0.046838	0.629989	0.090250	0.104658	0.049459	0.102877	0.022768	0.071074	0.152983	0.254650	0.187065	0.287390	0.046838	0.096565	0.201481	0.216587	0.343585	0.044554	0.097227	0.024069	0.185843	0.289059	0.079430	0.273440	0.148159	0.629989	0.090250	0.104658	0.049459	0.102877	0.022768	1,2,2,3,2,2	4.258872	0.549422	0.899428	0.899428	0.944902	0.899428	0.899428	
412000	-115682	1,2,3,2,1,4	2.717844	6.145521	5.231959	5.972247	5.231959	6.145521	5.551472	1,1,1,1,1,1	0.000000	0.015172	0.528591	0.117679	0.338559	0.015172	0.528591	0.117679	0.338559	0.015172	0.528591	0.117679	0.338559	0.015172	0.528591	0.117679	0.338559	0.015172	0.528591	0.117679	0.338559	0.015172	0.528591	0.117679	0.338559	1,2,3,4,5,2	5.001268	0.005580	0.050427	0.216402	0.359235	0.261666	0.106689	0.153683	0.101861	0.296393	0.160830	0.183456	0.103776	0.144103	0.179843	0.351556	0.113066	0.182160	0.029272	0.018523	0.014695	0.386702	0.201183	0.042098	0.336799	0.215487	0.135619	0.084955	0.020435	0.277816	0.265688	0.153683	0.101861	0.296393	0.160830	0.183456	0.103776	1,2,2,2,2,2	0.555893	0.653591	0.936854	0.936854	0.936854	0.936854	0.936854	
413000	-115915	1,1,2,1,1,1	0.859091	6.166963	6.166963	5.600892	6.166963	6.166963	6.166963	1,1,1,1,1,1	0.000000	0.013952	0.539623	0.120131	0.326295	0.013952	0.539623	0.120131	0.326295	0.013952	0.539623	0.120131	0.326295	0.013952	0.539623	0.120131	0.326295	0.013952	0.539623	0.120131	0.326295	0.013952	0.539623	0.120131	0.326295	1,2,1,3,4,4	1.881158	0.143270	0.427286	0.124375	0.104683	0.172923	0.027463	0.146255	0.110863	0.149296	0.240336	0.112804	0.240446	0.143270	0.427286	0.124375	0.104683	0.172923	0.027463	0.104067	0.025833	0.135029	0.197419	0.035859	0.501793	0.138181	0.152124	0.148176	0.076358	0.283350	0.201812	0.138181	0.152124	0.148176	0.076358	0.283350	0.201812	1,1,1,1,1,1	0.000000	0.860961	0.860961	0.860961	0.860961	0.860961	0.860961	
414000	-115993	1,2,1,2,3,3	1.801567	5.761984	5.294516	5.761984	5.294516	6.091188	6.091188	1,1,1,1,1,1	0.000000	0.016384	0.502169	0.117995	0.363452	0.016384	0.502169	0.117995	0.363452	0.016384	0.502169	0.117995	0.363452	0.016384	0.502169	0.117995	0.363452	0.016384	0.502169	0.117995	0.363452	0.016384	0.502169	0.117995	0.363452	1,2,3,4,5,3	18.298228	0.080457	0.225094	0.336457	0.125057	0.139147	0.093788	0.390917	0.180457	0.169256	0.097591	0.096742	0.065037	0.299135	0.048517	0.006854	0.191081	0.296713	0.157700	0.281554	0.081096	0.264100	0.178818	0.057688	0.136744	0.030586	0.061397	0.395688	0.029186	0.231454	0.251689	0.299135	0.048517	0.006854	0.191081	0.296713	0.157700	1,1,1,1,1,1	0.000000	0.847681	0.847681	0.847681	0.847681	0.847681	0.847681	
415000	-116686	1,1,1,1,1,1	0.000000	5.791411	5.791411	5.791411	5.791411	5.791411	5.791411	1,1,1,2,1,1	0.249608	0.012055	0.539960	0.109652	0.338333	0.012055	0.539960	0.109652	0.338333	0.012055	0.539960	0.109652	0.338333	0.025589	0.419579	0.134821	0.420010	0.012055	0.539960	0.109652	0.338333	0.012055	0.539960	0.109652	0.338333	1,2,1,3,4,4	5.896676	0.277102	0.035476	0.043181	0.198799	0.320020	0.125423	0.081666	0.662054	0.126211	0.062126	0.033502	0.034441	0.277102	0.035476	0.043181	0.198799	0.320020	0.125423	0.090561	0.069377	0.135631	0.438723	0.124897	0.140811	0.189119	0.370961	0.104106	0.068236	0.144078	0.123501	0.189119	0.370961	0.104106	0.068236	0.144078	0.123501	1,2,2,2,2,2	0.192006	0.756345	0.902341	0.902341	0.902341	0.902341	0.902341	
416000	-115477	1,1,1,1,1,1	0.000000	6.105845	6.105845	6.105845	6.105845	6.105845	6.105845	1,1,1,1,1,1	0.000000	0.014992	0.511978	0.137168	0.335863	0.014992	0.511978	0.137168	0.335863	0.014992	0.511978	0.137168	0.335863	0.014992	0.511978	0.137168	0.335863	0.014992	0.511978	0.137168	0.335863	0.014992	0.511978	0.137168	0.335863	1,2,1,3,4,2	6.269002	0.276311	0.140502	0.085320	0.153411	0.315446	0.029011	0.447114	0.130755	0.108057	0.108334	0.124231	0.081508	0.276311	0.140502	0.085320	0.153411	0.315446	0.029011	0.202303	0.316789	0.126914	0.090158	0.009451	0.254385	0.190635	0.026339	0.174446	0.037275	0.320409	0.250896	0.447114	0.130755	0.108057	0.108334	0.124231	0.081508	1,1,1,1,1,1	0.000000	0.943563	0.943563	0.943563	0.943563	0.943563	0.943563	
417000	-116287	1,1,1,2,3,3	0.395414	6.028975	6.028975	6.028975	5.403551	6.187056	6.187056	1,1,1,1,1,1	0.000000	0.017168	0.506746	0.115592	0.360495	0.017168	0.506746	0.115592	0.360495	0.017168	0.506746	0.115592	0.360495	0.017168	0.506746	0.115592	0.360495	0.017168	0.506746	0.115592	0.360495	0.017168	0.506746	0.115592	0.360495	1,2,3,4,5,3	4.846850	0.097286	0.004902	0.166250	0.346586	0.362624	0.022352	0.511270	0.092362	0.038728	0.212165	0.094732	0.050743	0.154892	0.238689	0.215438	0.113661	0.234013	0.043306	0.415677	0.035066	0.010295	0.370824	0.038315	0.129822	0.027200	0.146939	0.376062	0.111174	0.186266	0.152359	0.154892	0.238689	0.215438	0.113661	0.234013	0.043306	1,2,2,2,2,2	0.060277	0.623960	0.875765	0.875765	0.875765	0.875765	0.875765	
418000	-115777	1,2,2,1,1,1	0.205497	5.884261	5.571548	5.571548	5.884261	5.884261	5.884261	1,1,1,1,1,1	0.000000	0.017839	0.533444	0.119070	0.329647	0.017839	0.533444	0.119070	0.329647	0.017839	0.533444	0.119070	0.329647	0.017839	0.533444	0.119070	0.329647	0.017839	0.533444	0.119070	0.329647	0.017839	0.533444	0.119070	0.329647	1,2,1,3,4,2	0.910251	0.037569	0.246187	0.210143	0.230133	0.215779	0.060188	0.201198	0.028829	0.071944	0.207271	0.229194	0.261563	0.037569	0.246187	0.210143	0.230133	0.215779	0.060188	0.015794	0.016126	0.072508	0.254319	0.024890	0.616364	0.045423	0.292010	0.336687	0.022413	0.126290	0.177178	0.201198	0.028829	0.071944	0.207271	0.229194	0.261563	1,1,1,1,1,1	0.000000	0.844243	0.844243	0.844243	0.844243	0.844243	0.844243	
419000	-115982	1,2,3,2,1,2	3.863880	6.074069	6.018256	5.901813	6.018256	6.074069	6.018256	1,1,1,1,1,1	0.000000	0.015132	0.539990	0.131689	0.313189	0.015132	0.539990	0.131689	0.313189	0.015132	0.539990	0.131689	0.313189	0.015132	0.539990	0.131689	0.313189	0.015132	0.539990	0.131689	0.313189	0.015132	0.539990	0.131689	0.313189	1,2,1,3,4,4	5.012402	0.088593	0.048468	0.307958	0.188541	0.356747	0.009693	0.400948	0.150794	0.320508	0.048617	0.066871	0.012262	0.088593	0.048468	0.307958	0.188541	0.356747	0.009693	0.120450	0.454703	0.215505	0.141446	0.011417	0.056479	0.230376	0.199888	0.014942	0.079860	0.269792	0.205141	0.230376	0.199888	0.014942	0.079860	0.269792	0.205141	1,2,2,2,2,2	1.609587	0.613332	0.886989	0.886989	0.886989	0.886989	0.886989	
420000	-115671	1,1,1,1,1,1	0.000000	5.802292	5.802292	5.802292	5.802292	5.802292	5.802292	1,1,1,1,1,1	0.000000	0.013183	0.541518	0.112880	0.332418	0.013183	0.541518	0.112880	0.332418	0.013183	0.541518	0.112880	0.332418	0.013183	0.541518	0.112880	0.332418	0.013183	0.541518	0.112880	0.332418	0.013183	0.541518	0.112880	0.332418	1,2,3,4,5,5	12.513988	0.289582	0.018384	0.262578	0.131757	0.183998	0.113702	0.097598	0.758381	0.032687	0.029155	0.036491	0.045688	0.222727	0.180414	0.157840	0.134711	0.198472	0.105836	0.030536	0.269113	0.287096	0.130651	0.014287	0.268317	0.323513	0.114498	0.015588	0.095096	0.275143	0.176163	0.323513	0.114498	0.015588	0.095096	0.275143	0.176163	1,2,3,2,2,2	1.678195	0.806548	0.933423	0.837373	0.933423	0.933423	0.933423	
421000	-115732	1,1,1,1,2,2	0.683460	5.570205	5.570205	5.570205	5.570205	6.126070	6.126070	1,1,1,1,1,1	0.000000	0.013661	0.536062	0.108737	0.341540	0.013661	0.536062	0.108737	0.341540	0.013661	0.536062	0.108737	0.341540	0.013661	0.536062	0.108737	0.341540	0.013661	0.536062	0.108737	0.341540	0.013661	0.536062	0.108737	0.341540	1,2,1,3,4,2	7.935904	0.246911	0.201528	0.195859	0.143339	0.160443	0.051919	0.335975	0.095068	0.159621	0.153563	0.179765	0.076009	0.246911	0.201528	0.195859	0.143339	0.160443	0.051919	0.349096	0.040601	0.125193	0.207214	0.028260	0.249637	0.067624	0.020095	0.571277	0.016050	0.153974	0.170978	0.335975	0.095068	0.159621	0.153563	0.179765	0.076009	1,2,2,2,2,2	0.449662	0.545151	0.888659	0.888659	0.888659	0.888659	0.888659	
422000	-115576	1,2,3,2,4,4	9.076218	6.529631	5.179592	5.900868	5.179592	5.790371	5.790371	1,1,1,1,1,1	0.000103	0.016276	0.524621	0.129496	0.329607	0.016276	0.524621	0.129496	0.329607	0.016276	0.524621	0.129496	0.329607	0.016276	0.524621	0.129496	0.329607	0.016276	0.524621	0.129496	0.329607	0.016276	0.524621	0.129496	0.329607	1,2,3,4,2,2	0.415505	0.034067	0.112023	0.324870	0.180167	0.298991	0.049883	0.352951	0.085229	0.184841	0.091099	0.163205	0.122675	0.203031	0.175999	0.071845	0.154365	0.379921	0.014839	0.198608	0.052455	0.161195	0.354156	0.035969	0.197616	0.352951	0.085229	0.184841	0.091099	0.163205	0.122675	0.352951	0.085229	0.184841	0.091099	0.163205	0.122675	1,1,1,1,1,1	0.000000	0.848506	0.848506	0.848506	0.848506	0.848506	0.848506	
423000	-115589	1,2,1,3,2,2	1.824536	5.935599	6.045822	5.935599	5.284177	6.045822	6.045822	1,1,1,1,1,1	0.000000	0.010760	0.524978	0.126885	0.337377	0.010760	0.524978	0.126885	0.337377	0.010760	0.524978	0.126885	0.337377	0.010760	0.524978	0.126885	0.337377	0.010760	0.524978	0.126885	0.337377	0.010760	0.524978	0.126885	0.337377	1,2,3,4,5,6	5.194127	0.047681	0.477217	0.214573	0.083865	0.134548	0.042117	0.685603	0.118554	0.029367	0.036999	0.075375	0.054102	0.079924	0.371812	0.129275	0.154838	0.221906	0.042245	0.119419	0.039170	0.558104	0.200039	0.002963	0.080305	0.144788	0.114883	0.166479	0.047562	0.186085	0.340203	0.368969	0.024752	0.176361	0.143703	0.217262	0.068952	1,2,2,2,2,2	0.403809	0.619056	0.924630	0.924630	0.924630	0.924630	0.924630	
424000	-115970	1,2,3,4,3,3	1.106582	6.340795	5.219553	5.770424	7.090182	5.770424	5.770424	1,1,1,1,1,1	0.000000	0.013921	0.522046	0.142600	0.321433	0.013921	0.522046	0.142600	0.321433	0.013921	0.522046	0.142600	0.321433	0.013921	0.522046	0.142600	0.321433	0.013921	0.522046	0.142600	0.321433	0.013921	0.522046	0.142600	0.321433	1,2,1,3,4,2	6.563503	0.071436	0.098954	0.229565	0.209161	0.334542	0.056342	0.195180	0.205148	0.230329	0.113885	0.195030	0.060428	0.071436	0.098954	0.229565	0.209161	0.334542	0.056342	0.149404	0.055281	0.210794	0.425993	0.015942	0.142586	0.170393	0.256373	0.195148	0.049777	0.170173	0.158136	0.195180	0.205148	0.230329	0.113885	0.195030	0.060428	1,1,1,1,1,1	0.000000	0.846829	0.846829	0.846829	0.846829	0.846829	0.846829	
425000	-115295	1,2,3,2,4,5	3.649514	6.020542	5.206285	5.563222	5.206285	5.938240	5.669919	1,1,1,1,1,1	0.003800	0.014423	0.517146	0.119346	0.349086	0.014423	0.517146	0.119346	0.349086	0.014423	0.517146	0.119346	0.349086	0.014423	0.517146	0.119346	0.349086	0.014423	0.517146	0.119346	0.349086	0.014423	0.517146	0.119346	0.349086	1,2,1,3,4,4	2.680221	0.125158	0.244709	0.183633	0.155877	0.256930	0.033693	0.288468	0.217535	0.185160	0.184410	0.070817	0.053610	0.125158	0.244709	0.183633	0.155877	0.256930	0.033693	0.092483	0.124487	0.203808	0.280591	0.028683	0.269948	0.188499	0.200199	0.260734	0.059067	0.145046	0.146455	0.188499	0.200199	0.260734	0.059067	0.145046	0.146455	1,2,2,2,2,2	2.438614	0.639817	0.935331	0.935331	0.935331	0.935331	0.935331	
426000	-115925	1,2,3,4,3,1	2.115427	5.882929	5.496236	5.729888	6.636938	5.729888	5.882929	1,1,1,1,1,1	0.000000	0.015186	0.512600	0.140532	0.331682	0.015186	0.512600	0.140532	0.331682	0.015186	0.512600	0.140532	0.331682	0.015186	0.512600	0.140532	0.331682	0.015186	0.512600	0.140532	0.331682	0.015186	0.512600	0.140532	0.331682	1,2,3,4,5,2	6.621332	0.196305	0.137075	0.061710	0.212648	0.290933	0.101329	0.409442	0.103920	0.010533	0.177045	0.203699	0.095360	0.146085	0.305148	0.016709	0.133086	0.380258	0.018715	0.582802	0.172829	0.013200	0.097993	0.004905	0.128272	0.099486	0.027827	0.521901	0.055368	0.164619	0.130800	0.409442	0.103920	0.010533	0.177045	0.203699	0.095360	1,1,1,1,1,1	0.000000	0.800843	0.800843	0.800843	0.800843	0.800843	0.800843	
427000	-115334	1,2,3,4,1,5	1.951100	6.174962	5.437502	5.484483	5.877892	6.174962	6.130495	1,1,1,1,1,1	0.000000	0.014225	0.525775	0.121626	0.338374	0.014225	0.525775	0.121626	0.338374	0.014225	0.525775	0.121626	0.338374	0.014225	0.525775	0.121626	0.338374	0.014225	0.525775	0.121626	0.338374	0.014225	0.525775	0.121626	0.338374	1,2,1,3,4,2	5.511910	0.073001	0.110350	0.217366	0.177897	0.357241	0.064145	0.484276	0.267332	0.025373	0.064375	0.099481	0.059163	0.073001	0.110350	0.217366	0.177897	0.357241	0.064145	0.019251	0.147156	0.123646	0.288861	0.062015	0.359072	0.155425	0.010577	0.112557	0.133431	0.385058	0.202952	0.484276	0.267332	0.025373	0.064375	0.099481	0.059163	1,1,1,1,1,1	0.000000	0.857768	0.857768	0.857768	0.857768	0.857768	0.857768	
428000	-115517	1,2,1,3,1,4	5.518539	5.725064	5.601951	5.725064	5.245569	5.725064	6.438943	1,1,1,1,1,1	0.000000	0.017925	0.524233	0.141030	0.316812	0.017925	0.524233	0.141030	0.316812	0.017925	0.524233	0.141030	0.316812	0.017925	0.524233	0.141030	0.316812	0.017925	0.524233	0.141030	0.316812	0.017925	0.524233	0.141030	0.316812	1,2,3,4,5,2	1.110484	0.187052	0.049492	0.220037	0.262719	0.222195	0.058505	0.547911	0.113547	0.048608	0.073103	0.144309	0.072522	0.282767	0.040233	0.159457	0.050082	0.374737	0.092725	0.195023	0.185031	0.176543	0.212338	0.041284	0.189781	0.026853	0.045160	0.201360	0.055145	0.327855	0.343627	0.547911	0.113547	0.048608	0.073103	0.144309	0.072522	1,2,2,2,2,2	0.360433	0.676539	0.964262	0.964262	0.964262	0.964262	0.964262	
429000	-115424	1,2,3,1,4,4	0.425911	6.213495	5.213413	5.554563	6.213495	5.980925	5.980925	1,1,1,1,1,1	0.000000	0.018404	0.520551	0.124171	0.336873	0.018404	0.520551	0.124171	0.336873	0.018404	0.520551	0.124171	0.336873	0.018404	0.520551	0.124171	0.336873	0.018404	0.520551	0.124171	0.336873	0.018404	0.520551	0.124171	0.336873	1,2,3,4,5,1	4.287867	0.271983	0.045136	0.250905	0.116669	0.230417	0.084890	0.354078	0.117519	0.044384	0.166655	0.174896	0.142468	0.053145	0.576050	0.052807	0.069272	0.188248	0.060479	0.019801	0.110942	0.051145	0.206378	0.020152	0.591582	0.128130	0.181140	0.165071	0.020573	0.262382	0.242705	0.271983	0.045136	0.250905	0.116669	0.230417	0.084890	1,1,1,1,1,1	0.000000	0.857554	0.857554	0.857554	0.857554	0.857554	0.857554	
430000	-115761	1,1,2,2,2,2	0.315510	6.110662	6.110662	5.667248	5.667248	5.667248	5.667248	1,1,1,1,1,1	0.000000	0.013340	0.537554	0.131696	0.317410	0.013340	0.537554	0.131696	0.317410	0.013340	0.537554	0.131696	0.317410	0.013340	0.537554	0.131696	0.317410	0.013340	0.537554	0.131696	0.317410	0.013340	0.537554	0.131696	0.317410	1,2,1,3,4,4	8.437409	0.124853	0.005214	0.153700	0.277202	0.356450	0.082582	0.668939	0.105418	0.074157	0.025760	0.048263	0.077462	0.124853	0.005214	0.153700	0.277202	0.356450	0.082582	0.155698	0.245792	0.151406	0.100994	0.029613	0.316497	0.397945	0.017338	0.185538	0.090071	0.174439	0.134670	0.397945	0.017338	0.185538	0.090071	0.174439	0.134670	1,1,1,1,1,1	0.000000	0.895801	0.895801	0.895801	0.895801	0.895801	0.895801	
431000	-115383	1,1,1,1,1,1	0.000000	6.033333	6.033333	6.033333	6.033333	6.033333	6.033333	1,1,1,1,1,1	0.000000	0.013455	0.508822	0.120772	0.356950	0.013455	0.508822	0.120772	0.356950	0.013455	0.508822	0.120772	0.356950	0.013455	0.508822	0.120772	0.356950	0.013455	0.508822	0.120772	0.356950	0.013455	0.508822	0.120772	0.356950	1,2,3,4,5,2	20.233005	0.441532	0.080280	0.017540	0.216266	0.183369	0.061015	0.499930	0.196545	0.023832	0.087755	0.144271	0.047668	0.029119	0.279707	0.044547	0.117917	0.455337	0.073372	0.041302	0.049546	0.152394	0.263904	0.001132	0.491722	0.193297	0.064156	0.228498	0.074922	0.285578	0.153550	0.499930	0.196545	0.023832	0.087755	0.144271	0.047668	1,1,1,1,1,1	0.000145	0.826776	0.826776	0.826776	0.826776	0.826776	0.826776	
432000	-115843	1,2,3,2,4,5	3.727160	6.088960	5.356955	5.588825	5.356955	6.003098	6.257888	1,2,1,1,2,1	2.859069	0.015315	0.517321	0.132616	0.334748	0.033234	0.470871	0.125338	0.370557	0.015315	0.517321	0.132616	0.334748	0.015315	0.517321	0.132616	0.334748	0.033234	0.470871	0.125338	0.370557	0.015315	0.517321	0.132616	0.334748	1,2,1,3,4,1	6.643369	0.055212	0.164267	0.291497	0.139739	0.291867	0.057419	0.286170	0.159378	0.045904	0.243563	0.134417	0.130568	0.055212	0.164267	0.291497	0.139739	0.291867	0.057419	0.173894	0.244460	0.094474	0.254616	0.054944	0.177612	0.003309	0.026876	0.127963	0.133581	0.388347	0.319924	0.055212	0.164267	0.291497	0.139739	0.291867	0.057419	1,2,2,1,2,2	0.424793	0.653932	0.925854	0.925854	0.653932	0.925854	0.925854	
433000	-116206	1,1,1,1,1,1	0.000000	5.849930	5.849930	5.849930	5.849930	5.849930	5.849930	1,1,1,1,1,1	0.000000	0.017805	0.515601	0.127207	0.339387	0.017805	0.515601	0.127207	0.339387	0.017805	0.515601	0.127207	0.339387	0.017805	0.515601	0.127207	0.339387	0.017805	0.515601	0.127207	0.339387	0.017805	0.515601	0.127207	0.339387	1,2,3,4,5,2	2.896540	0.234998	0.044615	0.263272	0.262292	0.139921	0.054902	0.257209	0.203623	0.128428	0.100186	0.166356	0.144198	0.110910	0.091893	0.056026	0.196273	0.401699	0.143199	0.088958	0.470080	0.152065	0.090676	0.045861	0.152359	0.068449	0.030937	0.138939	0.078409	0.446237	0.237029	0.257209	0.203623	0.128428	0.100186	0.166356	0.144198	1,1,1,1,1,1	0.000000	0.805936	0.805936	0.805936	0.805936	0.805936	0.805936	
434000	-115504	1,2,1,2,1,2	0.022053	6.022985	5.626689	6.022985	5.626689	6.022985	5.626689	1,1,1,1,1,1	0.000000	0.016311	0.513961	0.129527	0.340201	0.016311	0.513961	0.129527	0.340201	0.016311	0.513961	0.129527	0.340201	0.016311	0.513961	0.129527	0.340201	0.016311	0.513961	0.129527	0.340201	0.016311	0.513961	0.129527	0.340201	1,2,1,3,4,4	2.325018	0.005308	0.333594	0.067436	0.217569	0.339412	0.036680	0.217665	0.141352	0.340982	0.138767	0.087120	0.074114	0.005308	0.333594	0.067436	0.217569	0.339412	0.036680	0.189655	0.168345	0.127141	0.287144	0.022609	0.205107	0.245801	0.134032	0.238262	0.085550	0.178967	0.117390	0.245801	0.134032	0.238262	0.085550	0.178967	0.117390	1,1,1,1,1,1	0.000000	0.897382	0.897382	0.897382	0.897382	0.897382	0.897382	
435000	-115604	1,1,1,1,1,1	0.000000	5.835526	5.835526	5.835526	5.835526	5.835526	5.835526	1,1,1,1,1,1	0.000000	0.016980	0.509372	0.118519	0.355129	0.016980	0.509372	0.118519	0.355129	0.016980	0.509372	0.118519	0.355129	0.016980	0.509372	0.118519	0.355129	0.016980	0.509372	0.118519	0.355129	0.016980	0.509372	0.118519	0.355129	1,2,3,4,5,6	22.283854	0.016690	0.164089	0.156363	0.311398	0.309315	0.042145	0.356257	0.158515	0.032131	0.170736	0.176186	0.106175	0.127174	0.250407	0.073656	0.082657	0.354912	0.111194	0.045424	0.479808	0.059008	0.288321	0.019602	0.107836	0.029343	0.453015	0.047033	0.034451	0.189185	0.246973	0.344249	0.257755	0.030158	0.107250	0.139872	0.120716	1,2,2,3,2,2	1.674121	0.707052	0.939034	0.939034	0.689106	0.939034	0.939034	
436000	-116202	1,1,1,1,1,1	0.000000	5.819312	5.819312	5.819312	5.819312	5.819312	5.819312	1,1,1,1,1,1	0.000000	0.015897	0.519709	0.128838	0.335556	0.015897	0.519709	0.128838	0.335556	0.015897	0.519709	0.128838	0.335556	0.015897	0.519709	0.128838	0.335556	0.015897	0.519709	0.128838	0.335556	0.015897	0.519709	0.128838	0.335556	1,1,2,3,4,1	4.817495	0.248230	0.191060	0.098720	0.157422	0.244357	0.060211	0.248230	0.191060	0.098720	0.157422	0.244357	0.060211	0.214829	0.304766	0.004256	0.122059	0.335388	0.018702	0.165606	0.229575	0.022007	0.318281	0.062384	0.202147	0.064846	0.113011	0.051876	0.027980	0.349673	0.392613	0.248230	0.191060	0.098720	0.157422	0.244357	0.060211	1,1,1,1,1,1	0.000000	0.855528	0.855528	0.855528	0.855528	0.855528	0.855528	
437000	-115652	1,1,1,2,2,1	0.900911	5.585797	5.585797	5.585797	6.166078	6.166078	5.585797	1,1,1,1,1,1	0.000000	0.014381	0.523129	0.128028	0.334463	0.014381	0.523129	0.128028	0.334463	0.014381	0.523129	0.128028	0.334463	0.014381	0.523129	0.128028	0.334463	0.014381	0.523129	0.128028	0.334463	0.014381	0.523129	0.128028	0.334463	1,2,1,3,4,1	0.378629	0.158808	0.264481	0.145562	0.104758	0.249813	0.076578	0.282723	0.106602	0.211000	0.166642	0.105664	0.127370	0.158808	0.264481	0.145562	0.104758	0.249813	0.076578	0.231866	0.211928	0.020737	0.203051	0.002109	0.330310	0.024737	0.005086	0.288890	0.142740	0.226654	0.311893	0.158808	0.264481	0.145562	0.104758	0.249813	0.076578	1,2,2,2,2,2	1.573626	0.558499	0.876835	0.876835	0.876835	0.876835	0.876835	
438000	-115463	1,1,1,2,2,1	1.580069	5.829829	5.829829	5.829829	6.399042	6.399042	5.829829	1,2,1,1,1,1	3.043285	0.013076	0.528044	0.103398	0.355482	0.038046	0.522803	0.131478	0.307672	0.013076	0.528044	0.103398	0.355482	0.013076	0.528044	0.103398	0.355482	0.013076	0.528044	0.103398	0.355482	0.013076	0.528044	0.103398	0.355482	1,2,1,3,4,2	2.401583	0.027148	0.377046	0.155582	0.154549	0.244312	0.041363	0.392497	0.057859	0.131035	0.138668	0.172782	0.107159	0.027148	0.377046	0.155582	0.154549	0.244312	0.041363	0.174357	0.054391	0.060572	0.501025	0.016080	0.193575	0.215170	0.178749	0.303962	0.027157	0.127579	0.147383	0.392497	0.057859	0.131035	0.138668	0.172782	0.107159	1,2,2,3,2,2	0.880696	0.666080	0.930327	0.930327	0.718466	0.930327	0.930327	
439000	-116840	1,2,2,3,1,1	1.197844	6.101474	5.347049	5.347049	5.001829	6.101474	6.101474	1,1,1,1,1,1	0.000000	0.017162	0.537633	0.113495	0.331710	0.017162	0.537633	0.113495	0.331710	0.017162	0.537633	0.113495	0.331710	0.017162	0.537633	0.113495	0.331710	0.017162	0.537633	0.113495	0.331710	0.017162	0.537633	0.113495	0.331710	1,2,1,3,4,5	5.130723	0.040478	0.242335	0.242816	0.147342	0.241046	0.085983	0.299207	0.342035	0.038411	0.208784	0.081342	0.030221	0.040478	0.242335	0.242816	0.147342	0.241046	0.085983	0.066862	0.100537	0.053998	0.261594	0.204264	0.312745	0.035600	0.107736	0.328883	0.019372	0.288042	0.220367	0.268645	0.120545	0.066721	0.155172	0.236729	0.152189	1,1,1,1,1,1	0.000000	0.811383	0.811383	0.811383	0.811383	0.811383	0.811383	
440000	-115929	1,2,2,2,1,3	2.239379	6.037454	5.603639	5.603639	5.603639	6.037454	6.105096	1,1,1,1,1,1	0.000000	0.018167	0.503279	0.126534	0.352021	0.018167	0.503279	0.126534	0.352021	0.018167	0.503279	0.126534	0.352021	0.018167	0.503279	0.126534	0.352021	0.018167	0.503279	0.126534	0.352021	0.018167	0.503279	0.126534	0.352021	1,2,3,4,1,2	3.237439	0.088896	0.224326	0.114371	0.181335	0.277197	0.113876	0.229793	0.473718	0.002365	0.051239	0.155616	0.087268	0.041853	0.097992	0.026116	0.304708	0.436208	0.093123	0.020124	0.257423	0.074664	0.203116	0.038621	0.406052	0.088896	0.224326	0.114371	0.181335	0.277197	0.113876	0.229793	0.473718	0.002365	0.051239	0.155616	0.087268	1,2,2,2,2,2	1.320650	0.632630	0.909920	0.909920	0.909920	0.909920	0.909920	
441000	-116206	1,2,1,2,3,1	0.972713	5.762937	5.102908	5.762937	5.102908	6.570836	5.762937	1,1,1,1,1,1	0.000000	0.012441	0.531880	0.111657	0.344023	0.012441	0.531880	0.111657	0.344023	0.012441	0.531880	0.111657	0.344023	0.012441	0.531880	0.111657	0.344023	0.012441	0.531880	0.111657	0.344023	0.012441	0.531880	0.111657	0.344023	1,2,3,4,5,2	5.397197	0.030136	0.119460	0.315283	0.248382	0.172857	0.113882	0.264057	0.096122	0.291528	0.137167	0.145675	0.065450	0.054183	0.308880	0.166250	0.072558	0.347522	0.050607	0.112514	0.110690	0.219035	0.205167	0.082264	0.270329	0.036308	0.802489	0.015832	0.002218	0.054876	0.088276	0.264057	0.096122	0.291528	0.137167	0.145675	0.065450	1,2,2,2,2,2	0.890399	0.677613	0.962386	0.962386	0.962386	0.962386	0.962386	
442000	-116197	1,1,1,2,1,1	0.143984	5.874571	5.874571	5.874571	5.234851	5.874571	5.874571	1,1,1,1,1,1	0.000000	0.020575	0.547863	0.116208	0.315354	0.020575	0.547863	0.116208	0.315354	0.020575	0.547863	0.116208	0.315354	0.020575	0.547863	0.116208	0.315354	0.020575	0.547863	0.116208	0.315354	0.020575	0.547863	0.116208	0.315354	1,2,1,3,4,5	1.511274	0.073267	0.094909	0.194203	0.207402	0.370707	0.059513	0.395730	0.312377	0.065640	0.085306	0.081268	0.059679	0.073267	0.094909	0.194203	0.207402	0.370707	0.059513	0.110892	0.166635	0.426116	0.059040	0.029720	0.207597	0.094496	0.106371	0.065638	0.260793	0.224830	0.247871	0.166055	0.030621	0.206314	0.156278	0.191910	0.248822	1,1,1,1,1,1	0.000000	0.862330	0.862330	0.862330	0.862330	0.862330	0.862330	
443000	-115757	1,1,2,2,3,4	11.054117	5.918302	5.918302	5.452856	5.452856	5.920836	5.984491	1,1,1,1,1,1	0.000000	0.019507	0.497632	0.147534	0.335328	0.019507	0.497632	0.147534	0.335328	0.019507	0.497632	0.147534	0.335328	0.019507	0.497632	0.147534	0.335328	0.019507	0.497632	0.147534	0.335328	0.019507	0.497632	0.147534	0.335328	1,2,3,4,5,6	16.188196	0.097468	0.395219	0.248305	0.105321	0.133042	0.020644	0.564504	0.104189	0.161478	0.047919	0.058915	0.062995	0.009217	0.351155	0.068997	0.138289	0.357362	0.074979	0.063639	0.093464	0.069986	0.245501	0.097770	0.429640	0.081560	0.087838	0.149771	0.200201	0.256163	0.224467	0.351434	0.090878	0.044523	0.195626	0.262480	0.055060	1,1,1,1,1,1	0.000000	0.811690	0.811690	0.811690	0.811690	0.811690	0.811690	
444000	-115060	1,2,3,4,5,5	12.727797	5.873502	5.453636	5.868661	5.939828	5.947655	5.947655	1,1,1,1,1,1	0.000000	0.010345	0.532068	0.113453	0.344134	0.010345	0.532068	0.113453	0.344134	0.010345	0.532068	0.113453	0.344134	0.010345	0.532068	0.113453	0.344134	0.010345	0.532068	0.113453	0.344134	0.010345	0.532068	0.113453	0.344134	1,2,3,4,5,6	5.373356	0.025345	0.389745	0.126617	0.145448	0.172888	0.139957	0.395638	0.351052	0.082510	0.068780	0.049169	0.052849	0.270276	0.281705	0.134088	0.082542	0.184897	0.046492	0.050985	0.138242	0.566370	0.083995	0.005749	0.154660	0.358063	0.112774	0.181790	0.047604	0.148784	0.150984	0.320470	0.203667	0.091521	0.054311	0.227304	0.102727	1,2,3,3,3,3	7.965074	0.562777	1.061777	0.866338	0.866338	0.866338	0.866338	
445000	-115562	1,1,1,1,1,1	0.000000	5.798392	5.798392	5.798392	5.798392	5.798392	5.798392	1,1,1,1,1,1	0.000000	0.013243	0.516800	0.115324	0.354634	0.013243	0.516800	0.115324	0.354634	0.013243	0.516800	0.115324	0.354634	0.013243	0.516800	0.115324	0.354634	0.013243	0.516800	0.115324	0.354634	0.013243	0.516800	0.115324	0.354634	1,2,1,3,4,4	3.289304	0.028325	0.119047	0.425819	0.137621	0.239889	0.049299	0.292335	0.343976	0.083530	0.104682	0.103818	0.071660	0.028325	0.119047	0.425819	0.137621	0.239889	0.049299	0.172273	0.038452	0.092200	0.456791	0.008238	0.232046	0.252658	0.117968	0.295061	0.081745	0.170870	0.081697	0.252658	0.117968	0.295061	0.081745	0.170870	0.081697	1,2,2,3,2,2	2.298718	0.501737	0.896622	0.896622	0.795692	0.896622	0.896622	
446000	-115671	1,2,3,4,5,5	16.130103	5.690763	5.969898	5.747449	5.921095	5.854016	5.854016	1,1,1,1,1,1	0.000000	0.015221	0.472464	0.163031	0.349284	0.015221	0.472464	0.163031	0.349284	0.015221	0.472464	0.163031	0.349284	0.015221	0.472464	0.163031	0.349284	0.015221	0.472464	0.163031	0.349284	0.015221	0.472464	0.163031	0.349284	1,2,3,4,1,3	8.951444	0.014705	0.032783	0.228783	0.182645	0.321970	0.219115	0.600560	0.212238	0.039464	0.027670	0.044062	0.076006	0.389751	0.037949	0.075644	0.114354	0.324773	0.057529	0.104040	0.108195	0.080276	0.379865	0.024188	0.303435	0.014705	0.032783	0.228783	0.182645	0.321970	0.219115	0.389751	0.037949	0.075644	0.114354	0.324773	0.057529	1,2,3,2,3,2	2.520033	0.475556	0.878756	0.887999	0.878756	0.887999	0.878756	
447000	-115897	1,1,1,1,1,1	0.000000	5.929926	5.929926	5.929926	5.929926	5.929926	5.929926	1,1,1,1,1,1	0.000000	0.015069	0.527590	0.129423	0.327918	0.015069	0.527590	0.129423	0.327918	0.015069	0.527590	0.129423	0.327918	0.015069	0.527590	0.129423	0.327918	0.015069	0.527590	0.129423	0.327918	0.015069	0.527590	0.129423	0.327918	1,2,3,4,5,5	12.536563	0.082335	0.014150	0.370535	0.337958	0.166717	0.028305	0.360682	0.027284	0.052301	0.264353	0.085868	0.209513	0.403904	0.126261	0.020500	0.129653	0.302429	0.017253	0.024463	0.331738	0.045267	0.234515	0.048361	0.315656	0.206169	0.137015	0.178786	0.063196	0.213670	0.201164	0.206169	0.137015	0.178786	0.063196	0.213670	0.201164	1,2,2,2,2,2	0.234996	0.510485	0.994901	0.994901	0.994901	0.994901	0.994901	
448000	-115753	1,2,3,4,1,5	3.969421	6.267602	5.525306	5.524151	5.608548	6.267602	5.818092	1,1,1,1,1,1	0.000000	0.014485	0.509652	0.125060	0.350802	0.014485	0.509652	0.125060	0.350802	0.014485	0.509652	0.125060	0.350802	0.014485	0.509652	0.125060	0.350802	0.014485	0.509652	0.125060	0.350802	0.014485	0.509652	0.125060	0.350802	1,2,1,3,4,5	4.824576	0.085304	0.233878	0.124401	0.146636	0.337159	0.072622	0.375356	0.089716	0.188787	0.075713	0.088820	0.181608	0.085304	0.233878	0.124401	0.146636	0.337159	0.072622	0.123625	0.078196	0.414090	0.103044	0.018235	0.262811	0.409538	0.007523	0.065027	0.025017	0.288973	0.203922	0.382215	0.261443	0.070422	0.131327	0.114749	0.039844	1,1,1,1,1,1	0.000000	0.841431	0.841431	0.841431	0.841431	0.841431	0.841431	
449000	-115654	1,1,1,1,1,1	0.000000	5.821709	5.821709	5.821709	5.821709	5.821709	5.821709	1,1,1,1,1,1	0.002114	0.013916	0.529043	0.111585	0.345456	0.013916	0.529043	0.111585	0.345456	0.013916	0.529043	0.111585	0.345456	0.013916	0.529043	0.111585	0.345456	0.013916	0.529043	0.111585	0.345456	0.013916	0.529043	0.111585	0.345456	1,2,3,4,5,2	3.406295	0.035903	0.127746	0.501526	0.093041	0.150348	0.091436	0.484882	0.000295	0.079071	0.148721	0.175309	0.111722	0.039049	0.558771	0.074555	0.127994	0.172526	0.027105	0.057362	0.364481	0.027225	0.142519	0.033869	0.374543	0.002646	0.105148	0.069878	0.105029	0.417874	0.299426	0.484882	0.000295	0.079071	0.148721	0.175309	0.111722	1,1,1,1,1,1	0.000000	0.910024	0.910024	0.910024	0.910024	0.910024	0.910024	
450000	-115581	1,2,1,1,1,1	0.004649	5.938229	5.592818	5.938229	5.938229	5.938229	5.938229	1,1,1,1,1,1	0.000000	0.015704	0.534728	0.117733	0.331834	0.015704	0.534728	0.117733	0.331834	0.015704	0.534728	0.117733	0.331834	0.015704	0.534728	0.117733	0.331834	0.015704	0.534728	0.117733	0.331834	0.015704	0.534728	0.117733	0.331834	1,2,1,3,4,2	10.251092	0.109592	0.154945	0.053735	0.257320	0.374934	0.049475	0.321972	0.158751	0.118701	0.121119	0.190939	0.088518	0.109592	0.154945	0.053735	0.257320	0.374934	0.049475	0.083120	0.100192	0.079875	0.159795	0.025556	0.551463	0.027637	0.053182	0.341096	0.004185	0.195717	0.378183	0.321972	0.158751	0.118701	0.121119	0.190939	0.088518	1,2,2,2,2,2	0.263395	0.551552	0.891154	0.891154	0.891154	0.891154	0.891154	
451000	-115588	1,1,1,2,1,1	1.285113	5.758627	5.758627	5.758627	5.440823	5.758627	5.758627	1,1,1,1,1,1	0.027748	0.017231	0.512924	0.107959	0.361887	0.017231	0.512924	0.107959	0.361887	0.017231	0.512924	0.107959	0.361887	0.017231	0.512924	0.107959	0.361887	0.017231	0.512924	0.107959	0.361887	0.017231	0.512924	0.107959	0.361887	1,2,3,4,5,6	5.604837	0.013922	0.563204	0.061878	0.160865	0.142780	0.057352	0.399855	0.146149	0.257854	0.029682	0.054121	0.112338	0.039809	0.359498	0.243989	0.108184	0.226664	0.021855	0.287224	0.254485	0.024327	0.242583	0.001653	0.189728	0.107070	0.027849	0.102825	0.146683	0.319249	0.296325	0.458775	0.051288	0.116554	0.082019	0.210755	0.080609	1,2,2,2,2,2	0.140416	0.502795	0.926005	0.926005	0.926005	0.926005	0.926005	
452000	-116506	1,1,1,1,1,1	0.000000	5.614165	5.614165	5.614165	5.614165	5.614165	5.614165	1,1,1,1,1,1	0.000000	0.014330	0.524234	0.122535	0.338900	0.014330	0.524234	0.122535	0.338900	0.014330	0.524234	0.122535	0.338900	0.014330	0.524234	0.122535	0.338900	0.014330	0.524234	0.122535	0.338900	0.014330	0.524234	0.122535	0.338900	1,2,3,4,5,2	6.759212	0.090535	0.292875	0.073551	0.223760	0.261448	0.057831	0.360159	0.196691	0.077166	0.089439	0.208718	0.067827	0.054372	0.225357	0.040592	0.147315	0.476083	0.056281	0.116217	0.225040	0.109711	0.121770	0.103466	0.323795	0.344273	0.086754	0.038677	0.107673	0.260834	0.161789	0.360159	0.196691	0.077166	0.089439	0.208718	0.067827	1,1,1,1,1,1	0.000000	0.841772	0.841772	0.841772	0.841772	0.841772	0.841772	
453000	-116163	1,2,3,2,4,5	2.276781	5.843825	5.478154	5.826980	5.478154	5.833526	6.022953	1,1,1,1,1,1	0.000000	0.017215	0.526991	0.136134	0.319660	0.017215	0.526991	0.136134	0.319660	0.017215	0.526991	0.136134	0.319660	0.017215	0.526991	0.136134	0.319660	0.017215	0.526991	0.136134	0.319660	0.017215	0.526991	0.136134	0.319660	1,2,3,4,3,2	3.705884	0.118150	0.186133	0.144015	0.231207	0.258802	0.061694	0.407957	0.117696	0.088290	0.104257	0.142803	0.138997	0.125769	0.098951	0.249474	0.134309	0.285860	0.105637	0.207111	0.009833	0.190773	0.149708	0.092399	0.350177	0.125769	0.098951	0.249474	0.134309	0.285860	0.105637	0.407957	0.117696	0.088290	0.104257	0.142803	0.138997	1,2,2,2,2,2	1.167661	0.657646	0.922415	0.922415	0.922415	0.922415	0.922415	
454000	-116657	1,1,1,2,1,1	0.170379	6.098991	6.098991	6.098991	5.177308	6.098991	6.098991	1,2,1,3,2,2	0.376122	0.010736	0.518592	0.107039	0.363633	0.024077	0.527753	0.097139	0.351032	0.010736	0.518592	0.107039	0.363633	0.029791	0.426795	0.358748	0.184665	0.024077	0.527753	0.097139	0.351032	0.024077	0.527753	0.097139	0.351032	1,2,3,4,5,1	8.323775	0.377368	0.067126	0.104009	0.138553	0.221531	0.091413	0.624770	0.003233	0.102108	0.054704	0.075976	0.139209	0.290838	0.300722	0.149289	0.107379	0.132581	0.019190	0.219383	0.085925	0.136767	0.168376	0.166001	0.223548	0.108963	0.012898	0.058997	0.168038	0.380461	0.270643	0.377368	0.067126	0.104009	0.138553	0.221531	0.091413	1,2,2,2,2,2	1.303211	0.807468	0.935122	0.935122	0.935122	0.935122	0.935122	
455000	-116303	1,2,1,2,1,1	0.837964	6.073542	5.019503	6.073542	5.019503	6.073542	6.073542	1,1,1,1,1,1	0.000000	0.012419	0.531584	0.116655	0.339341	0.012419	0.531584	0.116655	0.339341	0.012419	0.531584	0.116655	0.339341	0.012419	0.531584	0.116655	0.339341	0.012419	0.531584	0.116655	0.339341	0.012419	0.531584	0.116655	0.339341	1,2,3,4,5,2	3.270410	0.230020	0.084112	0.149760	0.185194	0.246494	0.104418	0.397901	0.097400	0.160912	0.115175	0.125106	0.103506	0.141471	0.137055	0.140843	0.064016	0.432609	0.084006	0.133185	0.075140	0.065995	0.308077	0.136874	0.280728	0.154497	0.000046	0.183554	0.150396	0.283436	0.228071	0.397901	0.097400	0.160912	0.115175	0.125106	0.103506	1,1,1,1,1,1	0.000860	0.873231	0.873231	0.873231	0.873231	0.873231	0.873231	
456000	-115259	1,1,1,1,1,1	0.000000	5.968643	5.968643	5.968643	5.968643	5.968643	5.968643	1,1,2,1,1,2	0.434246	0.017395	0.514523	0.133183	0.334898	0.017395	0.514523	0.133183	0.334898	0.017662	0.557914	0.074689	0.349734	0.017395	0.514523	0.133183	0.334898	0.017395	0.514523	0.133183	0.334898	0.017662	0.557914	0.074689	0.349734	1,2,1,3,4,2	0.481946	0.016239	0.267719	0.119648	0.212833	0.340816	0.042745	0.405697	0.289485	0.030298	0.081997	0.112263	0.080259	0.016239	0.267719	0.119648	0.212833	0.340816	0.042745	0.133125	0.357421	0.075329	0.225012	0.017122	0.191991	0.104064	0.304201	0.031764	0.146296	0.259626	0.154051	0.405697	0.289485	0.030298	0.081997	0.112263	0.080259	1,2,3,4,4,4	1.813986	0.734773	0.932703	0.852529	0.895864	0.895864	0.895864	
457000	-116651	1,1,1,1,1,1	0.000000	6.022287	6.022287	6.022287	6.022287	6.022287	6.022287	1,2,2,1,2,1	0.266762	0.021368	0.539107	0.135070	0.304455	0.009510	0.526902	0.098049	0.365539	0.009510	0.526902	0.098049	0.365539	0.021368	0.539107	0.135070	0.304455	0.009510	0.526902	0.098049	0.365539	0.021368	0.539107	0.135070	0.304455	1,2,3,4,5,5	4.228098	0.021735	0.082298	0.316885	0.260848	0.265088	0.053146	0.149198	0.751639	0.003350	0.037052	0.042990	0.015770	0.068152	0.125933	0.153169	0.209381	0.325085	0.118279	0.113309	0.383331	0.061973	0.083518	0.078638	0.279231	0.158887	0.521289	0.020855	0.055411	0.108724	0.134834	0.158887	0.521289	0.020855	0.055411	0.108724	0.134834	1,1,1,1,1,1	0.000000	0.859060	0.859060	0.859060	0.859060	0.859060	0.859060	
458000	-115606	1,1,1,1,1,1	0.000000	5.562612	5.562612	5.562612	5.562612	5.562612	5.562612	1,1,1,1,1,1	0.000000	0.020955	0.518568	0.118206	0.342272	0.020955	0.518568	0.118206	0.342272	0.020955	0.518568	0.118206	0.342272	0.020955	0.518568	0.118206	0.342272	0.020955	0.518568	0.118206	0.342272	0.020955	0.518568	0.118206	0.342272	1,2,1,3,4,2	14.321431	0.068644	0.181903	0.166251	0.191343	0.268423	0.123436	0.251529	0.285666	0.084810	0.114056	0.168864	0.095076	0.068644	0.181903	0.166251	0.191343	0.268423	0.123436	0.130128	0.376430	0.028577	0.219604	0.034027	0.211234	0.215386	0.051938	0.109534	0.126914	0.279320	0.216907	0.251529	0.285666	0.084810	0.114056	0.168864	0.095076	1,2,2,2,2,2	0.133949	0.578702	0.975061	0.975061	0.975061	0.975061	0.975061	
459000	-116393	1,2,1,2,1,1	0.301027	6.000627	5.385445	6.000627	5.385445	6.000627	6.000627	1,1,1,1,1,1	0.000000	0.011678	0.537327	0.125973	0.325022	0.011678	0.537327	0.125973	0.325022	0.011678	0.537327	0.125973	0.325022	0.011678	0.537327	0.125973	0.325022	0.011678	0.537327	0.125973	0.325022	0.011678	0.537327	0.125973	0.325022	1,2,3,4,5,6	4.725949	0.008939	0.203236	0.274137	0.250805	0.193289	0.069594	0.334651	0.092357	0.073140	0.217454	0.254152	0.028246	0.175853	0.203787	0.244992	0.072297	0.259749	0.043323	0.008888	0.163183	0.320294	0.340133	0.055077	0.112424	0.196719	0.184032	0.409660	0.023467	0.085545	0.100577	0.405674	0.022229	0.060326	0.196652	0.260962	0.054158	1,1,1,1,1,1	0.000000	0.903433	0.903433	0.903433	0.903433	0.903433	0.903433	
460000	-115752	1,2,3,4,1,5	2.379671	5.946520	6.605050	5.631084	6.885496	5.946520	6.220652	1,1,1,1,1,1	0.000000	0.016036	0.507347	0.151015	0.325602	0.016036	0.507347	0.151015	0.325602	0.016036	0.507347	0.151015	0.325602	0.016036	0.507347	0.151015	0.325602	0.016036	0.507347	0.151015	0.325602	0.016036	0.507347	0.151015	0.325602	1,2,1,3,4,5	3.373838	0.055773	0.040530	0.315312	0.167310	0.347873	0.073201	0.287014	0.020014	0.256284	0.101288	0.215751	0.119649	0.055773	0.040530	0.315312	0.167310	0.347873	0.073201	0.185203	0.217940	0.167619	0.272962	0.017072	0.139203	0.255478	0.152934	0.246211	0.035175	0.189938	0.120262	0.306601	0.183805	0.061947	0.119640	0.262784	0.065223	1,2,2,2,2,2	0.152376	0.703079	0.910874	0.910874	0.910874	0.910874	0.910874	
461000	-116150	1,2,1,2,1,1	0.060791	6.186739	5.421882	6.186739	5.421882	6.186739	6.186739	1,1,1,2,1,1	0.352763	0.017198	0.499534	0.114517	0.368750	0.017198	0.499534	0.114517	0.368750	0.017198	0.499534	0.114517	0.368750	0.011544	0.435286	0.164141	0.389029	0.017198	0.499534	0.114517	0.368750	0.017198	0.499534	0.114517	0.368750	1,2,3,4,5,6	13.357495	0.024059	0.096047	0.528620	0.138761	0.193178	0.019336	0.287969	0.203350	0.205113	0.141230	0.043890	0.118448	0.009790	0.194102	0.150598	0.172373	0.463009	0.010130	0.064066	0.010831	0.199226	0.403868	0.089812	0.232198	0.000520	0.099048	0.055759	0.197015	0.354534	0.293124	0.096326	0.615664	0.131973	0.039514	0.058478	0.058046	1,2,2,2,2,2	0.078550	0.635347	0.929669	0.929669	0.929669	0.929669	0.929669	
462000	-116176	1,1,1,2,1,1	0.057568	5.769430	5.769430	5.769430	6.429499	5.769430	5.769430	1,1,1,1,1,1	0.000000	0.011472	0.528010	0.120277	0.340241	0.011472	0.528010	0.120277	0.340241	0.011472	0.528010	0.120277	0.340241	0.011472	0.528010	0.120277	0.340241	0.011472	0.528010	0.120277	0.340241	0.011472	0.528010	0.120277	0.340241	1,2,1,3,4,4	4.766202	0.104953	0.224839	0.273381	0.148886	0.235697	0.012244	0.413002	0.133687	0.107003	0.215075	0.083624	0.047609	0.104953	0.224839	0.273381	0.148886	0.235697	0.012244	0.000713	0.061640	0.161850	0.598654	0.028419	0.148724	0.454451	0.019291	0.137012	0.070807	0.146635	0.171804	0.454451	0.019291	0.137012	0.070807	0.146635	0.171804	1,1,1,1,1,1	0.000002	0.850421	0.850421	0.850421	0.850421	0.850421	0.850421	
463000	-115007	1,2,3,4,5,2	8.912020	5.908513	5.721068	6.094796	5.447808	5.994604	5.721068	1,1,1,1,1,1	0.000000	0.020127	0.521000	0.099422	0.359451	0.020127	0.521000	0.099422	0.359451	0.020127	0.521000	0.099422	0.359451	0.020127	0.521000	0.099422	0.359451	0.020127	0.521000	0.099422	0.359451	0.020127	0.521000	0.099422	0.359451	1,2,3,4,5,6	3.460141	0.032257	0.078544	0.337452	0.222809	0.248711	0.080228	0.509004	0.159177	0.050074	0.144399	0.063524	0.073822	0.067261	0.467801	0.037341	0.144486	0.252164	0.030946	0.016129	0.406117	0.151497	0.127117	0.009394	0.289745	0.171092	0.218133	0.095182	0.040740	0.196194	0.278658	0.101026	0.127227	0.120281	0.206484	0.242729	0.202253	1,2,2,2,2,2	0.562704	0.629889	0.899596	0.899596	0.899596	0.899596	0.899596	
464000	-116341	1,2,3,4,5,3	3.284615	6.450689	5.530164	5.917754	6.316615	5.825371	5.917754	1,1,1,1,1,1	0.000000	0.016365	0.534823	0.113732	0.335080	0.016365	0.534823	0.113732	0.335080	0.016365	0.534823	0.113732	0.335080	0.016365	0.534823	0.113732	0.335080	0.016365	0.534823	0.113732	0.335080	0.016365	0.534823	0.113732	0.335080	1,2,1,3,4,4	4.677951	0.004714	0.116941	0.247838	0.235584	0.378044	0.016879	0.481147	0.129306	0.161223	0.021903	0.110100	0.096322	0.004714	0.116941	0.247838	0.235584	0.378044	0.016879	0.183834	0.023676	0.317777	0.363711	0.003116	0.107886	0.238556	0.009958	0.122975	0.117648	0.277400	0.233463	0.238556	0.009958	0.122975	0.117648	0.277400	0.233463	1,1,1,1,1,1	0.000000	0.899418	0.899418	0.899418	0.899418	0.899418	0.899418	
465000	-115057	1,2,2,3,4,3	3.548234	5.854841	5.784256	5.784256	6.083655	6.227696	6.083655	1,1,1,1,1,1	0.000001	0.015514	0.518131	0.125565	0.340790	0.015514	0.518131	0.125565	0.340790	0.015514	0.518131	0.125565	0.340790	0.015514	0.518131	0.125565	0.340790	0.015514	0.518131	0.125565	0.340790	0.015514	0.518131	0.125565	0.340790	1,2,3,4,5,2	6.577840	0.077535	0.209928	0.029064	0.291408	0.293491	0.098574	0.468367	0.110524	0.121086	0.057751	0.145607	0.096666	0.091373	0.355354	0.042135	0.171877	0.319224	0.020038	0.081808	0.222468	0.309096	0.155191	0.006765	0.224672	0.067354	0.206887	0.194119	0.035837	0.297208	0.198594	0.468367	0.110524	0.121086	0.057751	0.145607	0.096666	1,2,2,2,2,2	2.922152	0.544814	0.905339	0.905339	0.905339	0.905339	0.905339	
466000	-115924	1,1,1,1,1,1	0.000000	5.581819	5.581819	5.581819	5.581819	5.581819	5.581819	1,1,1,1,1,1	0.000000	0.015104	0.531317	0.128581	0.324998	0.015104	0.531317	0.128581	0.324998	0.015104	0.531317	0.128581	0.324998	0.015104	0.531317	0.128581	0.324998	0.015104	0.531317	0.128581	0.324998	0.015104	0.531317	0.128581	0.324998	1,2,3,4,5,3	25.967319	0.016884	0.427162	0.191010	0.139908	0.191034	0.034001	0.464347	0.155247	0.004124	0.086277	0.130176	0.159828	0.161928	0.393212	0.074630	0.094628	0.208847	0.066755	0.037093	0.249747	0.399864	0.200434	0.039793	0.073070	0.063179	0.346617	0.087721	0.056197	0.281275	0.165011	0.161928	0.393212	0.074630	0.094628	0.208847	0.066755	1,2,2,2,2,2	0.195727	0.734255	0.901831	0.901831	0.901831	0.901831	0.901831	
467000	-115662	1,1,2,2,1,1	0.356821	5.838961	5.838961	5.893808	5.893808	5.838961	5.838961	1,1,1,1,1,1	0.000000	0.016596	0.517293	0.114593	0.351518	0.016596	0.517293	0.114593	0.351518	0.016596	0.517293	0.114593	0.351518	0.016596	0.517293	0.114593	0.351518	0.016596	0.517293	0.114593	0.351518	0.016596	0.517293	0.114593	0.351518	1,2,3,4,5,2	1.625275	0.074127	0.133438	0.407855	0.208070	0.164598	0.011912	0.391718	0.200965	0.078844	0.069340	0.161321	0.097812	0.085048	0.060632	0.008718	0.165737	0.642462	0.037403	0.142670	0.106183	0.378815	0.250375	0.007664	0.114293	0.052843	0.027653	0.027069	0.060391	0.350915	0.481129	0.391718	0.200965	0.078844	0.069340	0.161321	0.097812	1,2,2,2,2,2	2.075323	0.537245	0.952229	0.952229	0.952229	0.952229	0.952229	
468000	-115370	1,2,3,1,1,1	2.519124	6.089735	5.380578	5.681888	6.089735	6.089735	6.089735	1,1,1,1,1,1	0.000000	0.012394	0.526989	0.119271	0.341346	0.012394	0.526989	0.119271	0.341346	0.012394	0.526989	0.119271	0.341346	0.012394	0.526989	0.119271	0.341346	0.012394	0.526989	0.119271	0.341346	0.012394	0.526989	0.119271	0.341346	1,2,3,4,5,2	2.287601	0.103173	0.078127	0.249500	0.276284	0.266489	0.026427	0.266989	0.042331	0.292043	0.103890	0.177956	0.116792	0.212732	0.074305	0.287243	0.108722	0.314249	0.002748	0.104823	0.004406	0.266900	0.235183	0.009266	0.379422	0.002528	0.071426	0.351095	0.131266	0.291405	0.152279	0.266989	0.042331	0.292043	0.103890	0.177956	0.116792	1,2,2,2,2,2	2.364840	0.566817	0.851239	0.851239	0.851239	0.851239	0.851239	
469000	-117322	1,2,1,2,1,1	1.076400	6.218739	5.239617	6.218739	5.239617	6.218739	6.218739	1,1,1,2,1,1	0.143325	0.013565	0.526178	0.113499	0.346758	0.013565	0.526178	0.113499	0.346758	0.013565	0.526178	0.113499	0.346758	0.055943	0.351057	0.170978	0.422022	0.013565	0.526178	0.113499	0.346758	0.013565	0.526178	0.113499	0.346758	1,2,3,4,5,2	6.179419	0.042068	0.214249	0.199330	0.314210	0.206996	0.023147	0.437932	0.187475	0.113199	0.083965	0.124445	0.052983	0.052334	0.221085	0.186547	0.173167	0.344973	0.021893	0.037951	0.325439	0.018380	0.208801	0.255028	0.154401	0.110044	0.240891	0.300737	0.027173	0.234200	0.086955	0.437932	0.187475	0.113199	0.083965	0.124445	0.052983	1,2,2,3,4,2	10.682037	0.613946	0.957710	0.957710	0.635325	0.866492	0.957710	
470000	-115442	1,2,3,3,4,5	11.030654	5.835362	5.491506	5.430059	5.430059	6.218970	6.216494	1,1,1,1,1,1	0.000000	0.020824	0.525262	0.117648	0.336266	0.020824	0.525262	0.117648	0.336266	0.020824	0.525262	0.117648	0.336266	0.020824	0.525262	0.117648	0.336266	0.020824	0.525262	0.117648	0.336266	0.020824	0.525262	0.117648	0.336266	1,2,3,4,5,5	5.530580	0.077323	0.290438	0.286942	0.122347	0.159834	0.063117	0.346381	0.156590	0.081371	0.203013	0.172355	0.040290	0.032303	0.096414	0.211653	0.172820	0.421389	0.065422	0.173237	0.044370	0.189244	0.172740	0.012233	0.408176	0.176737	0.128841	0.212828	0.072579	0.270073	0.138942	0.176737	0.128841	0.212828	0.072579	0.270073	0.138942	1,2,2,2,2,2	0.049424	0.569462	0.894978	0.894978	0.894978	0.894978	0.894978	
471000	-115748	1,2,1,2,3,1	0.317655	5.991097	5.731277	5.991097	5.731277	6.195191	5.991097	1,1,1,1,2,1	1.102979	0.018491	0.527965	0.110043	0.343500	0.018491	0.527965	0.110043	0.343500	0.018491	0.527965	0.110043	0.343500	0.018491	0.527965	0.110043	0.343500	0.018013	0.467395	0.148525	0.366067	0.018491	0.527965	0.110043	0.343500	1,2,3,4,1,1	2.358771	0.229498	0.060404	0.213515	0.078383	0.250573	0.167627	0.340237	0.292388	0.046712	0.093024	0.066326	0.161313	0.519245	0.078569	0.029118	0.055770	0.248885	0.068412	0.068653	0.240560	0.137426	0.218606	0.019752	0.315003	0.229498	0.060404	0.213515	0.078383	0.250573	0.167627	0.229498	0.060404	0.213515	0.078383	0.250573	0.167627	1,2,2,2,3,2	1.955875	0.572946	0.864561	0.864561	0.864561	1.000361	0.864561	
472000	-116004	1,2,1,2,1,1	2.097294	5.716441	5.130195	5.716441	5.130195	5.716441	5.716441	1,1,1,1,1,1	0.000000	0.016207	0.505012	0.109910	0.368871	0.016207	0.505012	0.109910	0.368871	0.016207	0.505012	0.109910	0.368871	0.016207	0.505012	0.109910	0.368871	0.016207	0.505012	0.109910	0.368871	0.016207	0.505012	0.109910	0.368871	1,2,1,3,4,5	6.894569	0.020110	0.164798	0.311276	0.212046	0.263266	0.028504	0.119133	0.351768	0.155047	0.152918	0.128699	0.092436	0.020110	0.164798	0.311276	0.212046	0.263266	0.028504	0.015655	0.342516	0.060046	0.306385	0.061744	0.213654	0.106557	0.027740	0.267543	0.190722	0.246143	0.161294	0.162633	0.317327	0.087911	0.100469	0.154287	0.177373	1,2,3,3,3,3	1.296113	0.601202	0.846108	0.883151	0.883151	0.883151	0.883151	
473000	-116002	1,2,3,4,3,1	6.030710	6.061407	5.151322	5.884284	6.915714	5.884284	6.061407	1,2,1,2,1,1	0.353521	0.014658	0.523095	0.130163	0.332085	0.037793	0.432156	0.253486	0.276565	0.014658	0.523095	0.130163	0.332085	0.037793	0.432156	0.253486	0.276565	0.014658	0.523095	0.130163	0.332085	0.014658	0.523095	0.130163	0.332085	1,2,1,3,2,2	4.878448	0.106579	0.152513	0.356559	0.141579	0.209031	0.033738	0.288130	0.202195	0.132824	0.083460	0.203386	0.090004	0.106579	0.152513	0.356559	0.141579	0.209031	0.033738	0.125040	0.249096	0.160755	0.251589	0.029119	0.184400	0.288130	0.202195	0.132824	0.083460	0.203386	0.090004	0.288130	0.202195	0.132824	0.083460	0.203386	0.090004	1,2,2,2,2,2	0.713397	0.640674	0.912851	0.912851	0.912851	0.912851	0.912851	
474000	-116506	1,2,3,4,1,1	2.903865	6.018435	4.754273	5.690306	5.926816	6.018435	6.018435	1,2,1,1,1,1	0.565518	0.014661	0.537113	0.122155	0.326070	0.058257	0.549979	0.179268	0.212495	0.014661	0.537113	0.122155	0.326070	0.014661	0.537113	0.122155	0.326070	0.014661	0.537113	0.122155	0.326070	0.014661	0.537113	0.122155	0.326070	1,2,1,3,4,2	0.612559	0.015084	0.084507	0.236883	0.265563	0.312252	0.085711	0.176571	0.171774	0.102380	0.144816	0.216971	0.187488	0.015084	0.084507	0.236883	0.265563	0.312252	0.085711	0.017512	0.436864	0.255874	0.032172	0.032162	0.225417	0.008337	0.324126	0.271444	0.068786	0.217965	0.109343	0.176571	0.171774	0.102380	0.144816	0.216971	0.187488	1,2,2,2,2,2	0.705107	0.726478	0.946299	0.946299	0.946299	0.946299	0.946299	
475000	-116298	1,2,3,4,4,4	7.216946	5.997802	5.272860	5.509787	5.789330	5.789330	5.789330	1,1,1,1,1,2	0.852102	0.011417	0.536087	0.122178	0.330319	0.011417	0.536087	0.122178	0.330319	0.011417	0.536087	0.122178	0.330319	0.011417	0.536087	0.122178	0.330319	0.011417	0.536087	0.122178	0.330319	0.042702	0.446062	0.156920	0.354316	1,2,3,4,5,6	8.799132	0.079077	0.365324	0.071973	0.192960	0.162469	0.128197	0.156869	0.053675	0.258163	0.257279	0.116169	0.157845	0.212456	0.263771	0.015209	0.131805	0.324555	0.052205	0.048715	0.471001	0.029858	0.228797	0.026646	0.194983	0.222683	0.002573	0.077465	0.257562	0.252755	0.186963	0.282468	0.046398	0.050988	0.174039	0.282752	0.163355	1,1,1,1,1,1	0.012398	0.922051	0.922051	0.922051	0.922051	0.922051	0.922051	
476000	-116124	1,2,2,3,3,4	1.008604	5.755530	5.838304	5.838304	6.299788	6.299788	5.963333	1,1,1,1,1,1	0.000000	0.012793	0.515458	0.142107	0.329642	0.012793	0.515458	0.142107	0.329642	0.012793	0.515458	0.142107	0.329642	0.012793	0.515458	0.142107	0.329642	0.012793	0.515458	0.142107	0.329642	0.012793	0.515458	0.142107	0.329642	1,2,1,3,4,5	3.578740	0.038355	0.299221	0.090773	0.219414	0.283297	0.068940	0.256285	0.036830	0.564002	0.028975	0.038246	0.075662	0.038355	0.299221	0.090773	0.219414	0.283297	0.068940	0.349025	0.085206	0.076087	0.093131	0.012865	0.383687	0.053945	0.139255	0.502598	0.010887	0.125059	0.168257	0.213461	0.137789	0.195738	0.069615	0.190143	0.193254	1,2,2,3,2,2	0.224088	0.619013	0.986097	0.986097	0.796562	0.986097	0.986097	
477000	-115631	1,2,3,2,4,5	4.815367	6.098823	5.327541	5.595668	5.327541	6.050124	6.007084	1,1,1,1,1,1	0.000130	0.016802	0.515864	0.132713	0.334622	0.016802	0.515864	0.132713	0.334622	0.016802	0.515864	0.132713	0.334622	0.016802	0.515864	0.132713	0.334622	0.016802	0.515864	0.132713	0.334622	0.016802	0.515864	0.132713	0.334622	1,2,1,3,4,2	10.876193	0.084558	0.260533	0.075626	0.197618	0.332290	0.049375	0.234249	0.084333	0.112973	0.106623	0.249661	0.212161	0.084558	0.260533	0.075626	0.197618	0.332290	0.049375	0.024211	0.317702	0.241142	0.233057	0.030289	0.153598	0.075614	0.327117	0.152517	0.029866	0.169543	0.245343	0.234249	0.084333	0.112973	0.106623	0.249661	0.212161	1,2,2,2,2,2	0.122837	0.721093	0.929580	0.929580	0.929580	0.929580	0.929580	
478000	-115840	1,1,1,1,1,1	0.000029	6.184791	6.184791	6.184791	6.184791	6.184791	6.184791	1,1,1,1,1,1	0.000002	0.016890	0.521555	0.127007	0.334548	0.016890	0.521555	0.127007	0.334548	0.016890	0.521555	0.127007	0.334548	0.016890	0.521555	0.127007	0.334548	0.016890	0.521555	0.127007	0.334548	0.016890	0.521555	0.127007	0.334548	1,2,1,3,4,5	11.400884	0.042571	0.133485	0.350483	0.120366	0.312957	0.040138	0.225344	0.026741	0.087972	0.333334	0.206242	0.120367	0.042571	0.133485	0.350483	0.120366	0.312957	0.040138	0.094981	0.173650	0.257324	0.300686	0.016444	0.156915	0.133761	0.073539	0.337941	0.082762	0.193621	0.178377	0.356578	0.104709	0.164070	0.040411	0.260590	0.073642	1,1,1,1,1,1	0.000000	0.836251	0.836251	0.836251	0.836251	0.836251	0.836251	
479000	-116139	1,2,3,4,5,5	4.733920	6.012194	5.461271	5.812640	6.793194	6.032278	6.032278	1,1,1,1,1,1	0.000000	0.015219	0.541547	0.128635	0.314600	0.015219	0.541547	0.128635	0.314600	0.015219	0.541547	0.128635	0.314600	0.015219	0.541547	0.128635	0.314600	0.015219	0.541547	0.128635	0.314600	0.015219	0.541547	0.128635	0.314600	1,2,3,4,3,2	5.556291	0.062096	0.095877	0.268352	0.208828	0.232787	0.132060	0.343070	0.029289	0.211972	0.124614	0.198790	0.092266	0.002697	0.036665	0.212268	0.184516	0.375347	0.188506	0.054389	0.021703	0.468378	0.064125	0.002904	0.388501	0.002697	0.036665	0.212268	0.184516	0.375347	0.188506	0.343070	0.029289	0.211972	0.124614	0.198790	0.092266	1,2,2,1,2,2	0.150937	0.664404	0.944330	0.944330	0.664404	0.944330	0.944330	
480000	-115895	1,1,1,1,1,1	0.001778	5.840360	5.840360	5.840360	5.840360	5.840360	5.840360	1,1,2,3,2,2	2.032583	0.016618	0.513662	0.160089	0.309631	0.016618	0.513662	0.160089	0.309631	0.008297	0.495246	0.109609	0.386848	0.016750	0.376124	0.171304	0.435822	0.008297	0.495246	0.109609	0.386848	0.008297	0.495246	0.109609	0.386848	1,2,3,4,5,2	8.706823	0.083252	0.130951	0.247344	0.183901	0.280516	0.074035	0.604299	0.123973	0.063503	0.055181	0.100837	0.052207	0.151049	0.426737	0.023682	0.131445	0.263095	0.003991	0.194537	0.007352	0.310994	0.328739	0.065122	0.093257	0.031855	0.181472	0.084595	0.201015	0.273091	0.227972	0.604299	0.123973	0.063503	0.055181	0.100837	0.052207	1,1,1,1,1,1	0.000000	0.880377	0.880377	0.880377	0.880377	0.880377	0.880377	
481000	-115713	1,1,1,1,1,1	0.000000	5.741698	5.741698	5.741698	5.741698	5.741698	5.741698	1,1,1,1,1,1	0.000000	0.019683	0.501899	0.133579	0.344839	0.019683	0.501899	0.133579	0.344839	0.019683	0.501899	0.133579	0.344839	0.019683	0.501899	0.133579	0.344839	0.019683	0.501899	0.133579	0.344839	0.019683	0.501899	0.133579	0.344839	1,2,1,3,4,2	2.302340	0.055799	0.014206	0.202227	0.263345	0.388019	0.076403	0.364554	0.196817	0.067932	0.136391	0.179165	0.055141	0.055799	0.014206	0.202227	0.263345	0.388019	0.076403	0.116938	0.077543	0.120358	0.471179	0.017223	0.196758	0.109855	0.010878	0.153067	0.006727	0.284112	0.435361	0.364554	0.196817	0.067932	0.136391	0.179165	0.055141	1,2,2,2,2,2	0.000021	0.632653	0.914627	0.914627	0.914627	0.914627	0.914627	
482000	-115662	1,2,1,3,1,4	0.795187	5.921338	6.432368	5.921338	5.781184	5.921338	6.303595	1,1,1,1,1,1	0.000001	0.018827	0.498915	0.128131	0.354126	0.018827	0.498915	0.128131	0.354126	0.018827	0.498915	0.128131	0.354126	0.018827	0.498915	0.128131	0.354126	0.018827	0.498915	0.128131	0.354126	0.018827	0.498915	0.128131	0.354126	1,2,3,4,1,5	10.941604	0.030670	0.150067	0.123133	0.200179	0.342618	0.153333	0.679431	0.088528	0.019273	0.109828	0.052441	0.050499	0.033633	0.064309	0.170702	0.191110	0.530004	0.010242	0.137094	0.028061	0.040739	0.379214	0.045673	0.369219	0.030670	0.150067	0.123133	0.200179	0.342618	0.153333	0.167247	0.083127	0.130212	0.080180	0.410486	0.128748	1,2,2,2,2,2	0.061458	0.608810	0.872843	0.872843	0.872843	0.872843	0.872843	
483000	-115674	1,2,1,2,1,1	0.126089	5.856621	5.429785	5.856621	5.429785	5.856621	5.856621	1,1,1,1,1,1	0.000000	0.022904	0.511297	0.135768	0.330031	0.022904	0.511297	0.135768	0.330031	0.022904	0.511297	0.135768	0.330031	0.022904	0.511297	0.135768	0.330031	0.022904	0.511297	0.135768	0.330031	0.022904	0.511297	0.135768	0.330031	1,2,1,3,4,4	11.492124	0.012655	0.027478	0.205598	0.188246	0.378259	0.187764	0.579376	0.046307	0.081968	0.133941	0.103044	0.055365	0.012655	0.027478	0.205598	0.188246	0.378259	0.187764	0.115751	0.183890	0.347799	0.125187	0.031961	0.195411	0.304160	0.046243	0.040929	0.088309	0.287876	0.232482	0.304160	0.046243	0.040929	0.088309	0.287876	0.232482	1,2,2,2,2,2	0.218924	0.827590	0.951680	0.951680	0.951680	0.951680	0.951680	
484000	-115376	1,2,3,4,5,6	7.286093	6.001166	5.501657	5.349373	6.693886	5.884411	6.019637	1,1,1,1,1,1	0.000000	0.015201	0.508529	0.140590	0.335680	0.015201	0.508529	0.140590	0.335680	0.015201	0.508529	0.140590	0.335680	0.015201	0.508529	0.140590	0.335680	0.015201	0.508529	0.140590	0.335680	0.015201	0.508529	0.140590	0.335680	1,2,1,3,4,2	5.738906	0.136714	0.349493	0.058520	0.128907	0.223348	0.103019	0.357205	0.224162	0.143585	0.058896	0.141452	0.074700	0.136714	0.349493	0.058520	0.128907	0.223348	0.103019	0.087547	0.198925	0.098060	0.294188	0.001583	0.319697	0.020124	0.247102	0.140386	0.046941	0.254861	0.290586	0.357205	0.224162	0.143585	0.058896	0.141452	0.074700	1,2,2,2,2,2	0.023517	0.621111	0.941486	0.941486	0.941486	0.941486	0.941486	
485000	-116673	1,1,1,1,1,1	0.000000	5.735502	5.735502	5.735502	5.735502	5.735502	5.735502	1,2,1,2,1,1	1.000600	0.013364	0.509112	0.129958	0.347565	0.014248	0.601172	0.159180	0.225400	0.013364	0.509112	0.129958	0.347565	0.014248	0.601172	0.159180	0.225400	0.013364	0.509112	0.129958	0.347565	0.013364	0.509112	0.129958	0.347565	1,2,3,4,5,2	8.570813	0.206468	0.166005	0.270560	0.169764	0.146693	0.040510	0.338559	0.357435	0.117183	0.031757	0.098674	0.056393	0.094681	0.406519	0.056913	0.116239	0.286150	0.039499	0.213130	0.065014	0.355557	0.147249	0.103270	0.115781	0.085416	0.206731	0.011725	0.104151	0.379874	0.212102	0.338559	0.357435	0.117183	0.031757	0.098674	0.056393	1,1,1,1,1,1	0.000000	0.864286	0.864286	0.864286	0.864286	0.864286	0.864286	
486000	-116009	1,2,3,4,5,4	13.996802	6.242068	5.410274	6.032663	6.199367	6.076284	6.199367	1,1,1,1,1,1	0.000000	0.014473	0.513757	0.122560	0.349211	0.014473	0.513757	0.122560	0.349211	0.014473	0.513757	0.122560	0.349211	0.014473	0.513757	0.122560	0.349211	0.014473	0.513757	0.122560	0.349211	0.014473	0.513757	0.122560	0.349211	1,2,1,3,4,2	2.263520	0.110052	0.239236	0.323400	0.165113	0.145769	0.016430	0.423410	0.113446	0.144899	0.050507	0.138215	0.129524	0.110052	0.239236	0.323400	0.165113	0.145769	0.016430	0.339109	0.164702	0.028444	0.125256	0.006233	0.336255	0.104952	0.008381	0.388294	0.108595	0.244883	0.144896	0.423410	0.113446	0.144899	0.050507	0.138215	0.129524	1,2,2,1,2,2	0.753877	0.715601	0.911639	0.911639	0.715601	0.911639	0.911639	
487000	-115494	1,2,1,2,1,1	0.308709	5.858562	5.168810	5.858562	5.168810	5.858562	5.858562	1,1,1,1,1,1	0.000000	0.014793	0.504926	0.126444	0.353838	0.014793	0.504926	0.126444	0.353838	0.014793	0.504926	0.126444	0.353838	0.014793	0.504926	0.126444	0.353838	0.014793	0.504926	0.126444	0.353838	0.014793	0.504926	0.126444	0.353838	1,2,3,4,5,3	3.703058	0.358272	0.112109	0.188455	0.125578	0.149772	0.065814	0.347072	0.406321	0.024306	0.113091	0.075032	0.034178	0.411456	0.076644	0.007905	0.135114	0.307316	0.061565	0.233477	0.043474	0.238387	0.193418	0.031679	0.259565	0.108925	0.041158	0.071796	0.135042	0.282139	0.360940	0.411456	0.076644	0.007905	0.135114	0.307316	0.061565	1,1,1,1,1,1	0.000000	0.838924	0.838924	0.838924	0.838924	0.838924	0.838924	
488000	-115939	1,2,3,2,4,4	6.103920	5.998618	5.507156	5.859935	5.507156	6.250823	6.250823	1,1,1,1,1,1	0.000000	0.014965	0.524137	0.120408	0.340489	0.014965	0.524137	0.120408	0.340489	0.014965	0.524137	0.120408	0.340489	0.014965	0.524137	0.120408	0.340489	0.014965	0.524137	0.120408	0.340489	0.014965	0.524137	0.120408	0.340489	1,2,1,3,4,2	1.134319	0.277618	0.058501	0.103907	0.182967	0.320994	0.056012	0.305641	0.311252	0.147525	0.042460	0.144121	0.049002	0.277618	0.058501	0.103907	0.182967	0.320994	0.056012	0.367978	0.136483	0.030993	0.187744	0.006000	0.270802	0.051508	0.276549	0.052697	0.026862	0.229544	0.362839	0.305641	0.311252	0.147525	0.042460	0.144121	0.049002	1,1,1,1,1,1	0.000000	0.810580	0.810580	0.810580	0.810580	0.810580	0.810580	
489000	-115365	1,2,2,3,3,4	2.265933	5.821772	5.647236	5.647236	6.223689	6.223689	6.157645	1,1,1,1,2,1	0.096875	0.018351	0.515498	0.126117	0.340035	0.018351	0.515498	0.126117	0.340035	0.018351	0.515498	0.126117	0.340035	0.018351	0.515498	0.126117	0.340035	0.022783	0.465111	0.066913	0.445193	0.018351	0.515498	0.126117	0.340035	1,2,3,4,5,6	3.977034	0.222951	0.069571	0.104213	0.307475	0.216401	0.079390	0.320851	0.297365	0.031827	0.103769	0.153974	0.092214	0.011828	0.118710	0.130993	0.155508	0.465544	0.117416	0.054789	0.000515	0.309797	0.223612	0.007225	0.404062	0.110506	0.152934	0.056447	0.114841	0.351778	0.213494	0.310484	0.086848	0.103855	0.083785	0.289053	0.125975	1,2,2,2,2,2	0.264145	0.602819	0.952943	0.952943	0.952943	0.952943	0.952943	
490000	-115302	1,2,3,4,5,3	13.547834	5.985764	5.366936	5.980048	5.125187	5.935284	5.980048	1,1,1,1,1,1	0.000000	0.015039	0.510237	0.120039	0.354685	0.015039	0.510237	0.120039	0.354685	0.015039	0.510237	0.120039	0.354685	0.015039	0.510237	0.120039	0.354685	0.015039	0.510237	0.120039	0.354685	0.015039	0.510237	0.120039	0.354685	1,2,3,4,5,1	11.460653	0.271782	0.098999	0.117152	0.170757	0.256159	0.085152	0.599221	0.031681	0.071870	0.078136	0.088510	0.130583	0.155260	0.058211	0.105017	0.103019	0.506202	0.072291	0.067852	0.297674	0.157207	0.229780	0.038950	0.208538	0.002897	0.471859	0.142956	0.022218	0.175849	0.184221	0.271782	0.098999	0.117152	0.170757	0.256159	0.085152	1,2,2,2,2,2	1.162671	0.692444	0.918681	0.918681	0.918681	0.918681	0.918681	
491000	-115756	1,1,1,1,1,1	0.000000	5.756774	5.756774	5.756774	5.756774	5.756774	5.756774	1,1,1,1,1,1	0.000000	0.017914	0.527907	0.119023	0.335155	0.017914	0.527907	0.119023	0.335155	0.017914	0.527907	0.119023	0.335155	0.017914	0.527907	0.119023	0.335155	0.017914	0.527907	0.119023	0.335155	0.017914	0.527907	0.119023	0.335155	1,2,1,3,4,2	9.512498	0.061074	0.130347	0.163322	0.210367	0.301467	0.133424	0.253804	0.171599	0.086025	0.143552	0.201080	0.143940	0.061074	0.130347	0.163322	0.210367	0.301467	0.133424	0.214010	0.003765	0.187196	0.234822	0.052180	0.308027	0.072156	0.125510	0.398563	0.066334	0.233069	0.104369	0.253804	0.171599	0.086025	0.143552	0.201080	0.143940	1,2,2,2,2,2	1.142585	0.463951	0.928247	0.928247	0.928247	0.928247	0.928247	
492000	-115055	1,2,3,4,5,6	13.162652	6.015436	5.479683	5.826077	4.829736	6.312406	6.276098	1,1,1,1,1,1	0.000000	0.016132	0.527621	0.100525	0.355722	0.016132	0.527621	0.100525	0.355722	0.016132	0.527621	0.100525	0.355722	0.016132	0.527621	0.100525	0.355722	0.016132	0.527621	0.100525	0.355722	0.016132	0.527621	0.100525	0.355722	1,2,3,4,5,2	3.527042	0.009742	0.271573	0.169641	0.278887	0.228232	0.041924	0.449198	0.206753	0.095844	0.074612	0.095465	0.078129	0.091247	0.142918	0.335438	0.092692	0.282146	0.055560	0.009751	0.142902	0.326016	0.173296	0.008132	0.339903	0.189583	0.181784	0.094905	0.160568	0.197769	0.175392	0.449198	0.206753	0.095844	0.074612	0.095465	0.078129	1,2,2,2,2,2	1.340565	0.637972	0.834730	0.834730	0.834730	0.834730	0.834730	
493000	-116487	1,1,1,1,1,1	0.000004	5.730537	5.730537	5.730537	5.730537	5.730537	5.730537	1,1,1,1,1,1	0.000000	0.017674	0.519145	0.107766	0.355415	0.017674	0.519145	0.107766	0.355415	0.017674	0.519145	0.107766	0.355415	0.017674	0.519145	0.107766	0.355415	0.017674	0.519145	0.107766	0.355415	0.017674	0.519145	0.107766	0.355415	1,1,2,3,4,2	5.060888	0.449183	0.038339	0.111215	0.153256	0.162695	0.085312	0.449183	0.038339	0.111215	0.153256	0.162695	0.085312	0.301831	0.246492	0.086387	0.096413	0.193531	0.075346	0.014907	0.047465	0.040041	0.605833	0.079125	0.212629	0.275608	0.268134	0.202751	0.054456	0.135749	0.063302	0.301831	0.246492	0.086387	0.096413	0.193531	0.075346	1,2,2,3,2,2	2.926915	0.524282	0.895688	0.895688	0.698702	0.895688	0.895688	
494000	-115884	1,2,3,4,5,6	4.216633	6.216402	5.537667	5.671078	6.337589	6.103910	5.861323	1,1,1,1,1,1	0.000000	0.016578	0.520878	0.151093	0.311451	0.016578	0.520878	0.151093	0.311451	0.016578	0.520878	0.151093	0.311451	0.016578	0.520878	0.151093	0.311451	0.016578	0.520878	0.151093	0.311451	0.016578	0.520878	0.151093	0.311451	1,2,1,3,4,5	2.301498	0.042530	0.019118	0.297865	0.154490	0.436866	0.049131	0.310729	0.278162	0.217208	0.031874	0.118803	0.043224	0.042530	0.019118	0.297865	0.154490	0.436866	0.049131	0.154571	0.264652	0.257002	0.213809	0.013767	0.096199	0.005322	0.039836	0.128938	0.100685	0.366380	0.358839	0.207328	0.201795	0.259039	0.074312	0.176797	0.080729	1,2,2,3,2,2	1.308487	0.546990	1.013495	1.013495	0.768908	1.013495	1.013495	
495000	-115927	1,2,3,2,3,4	2.951589	5.975952	5.133908	5.899336	5.133908	5.899336	5.963221	1,1,1,1,1,1	0.008621	0.013709	0.520027	0.120867	0.345397	0.013709	0.520027	0.120867	0.345397	0.013709	0.520027	0.120867	0.345397	0.013709	0.520027	0.120867	0.345397	0.013709	0.520027	0.120867	0.345397	0.013709	0.520027	0.120867	0.345397	1,2,1,3,4,5	1.290805	0.027195	0.132651	0.455266	0.174321	0.177540	0.033028	0.130684	0.158048	0.383469	0.085784	0.106998	0.135017	0.027195	0.132651	0.455266	0.174321	0.177540	0.033028	0.225400	0.042050	0.266122	0.262944	0.042788	0.160697	0.303936	0.021645	0.212552	0.063417	0.234450	0.164001	0.200189	0.315729	0.019706	0.113456	0.232512	0.118408	1,2,2,2,2,2	0.456326	0.664797	0.938923	0.938923	0.938923	0.938923	0.938923	
496000	-116974	1,2,3,2,4,5	9.243979	6.562640	5.931924	6.056841	5.931924	6.515163	6.282205	1,1,1,1,1,1	0.000000	0.013915	0.509003	0.129914	0.347167	0.013915	0.509003	0.129914	0.347167	0.013915	0.509003	0.129914	0.347167	0.013915	0.509003	0.129914	0.347167	0.013915	0.509003	0.129914	0.347167	0.013915	0.509003	0.129914	0.347167	1,1,1,2,3,1	4.850256	0.394635	0.092784	0.097921	0.089881	0.271562	0.053218	0.394635	0.092784	0.097921	0.089881	0.271562	0.053218	0.394635	0.092784	0.097921	0.089881	0.271562	0.053218	0.162547	0.000882	0.233890	0.444489	0.053143	0.105047	0.103146	0.300489	0.190477	0.026350	0.238054	0.141484	0.394635	0.092784	0.097921	0.089881	0.271562	0.053218	1,1,1,1,1,1	0.000014	0.869680	0.869680	0.869680	0.869680	0.869680	0.869680	
497000	-116084	1,1,1,1,1,1	0.000002	5.979213	5.979213	5.979213	5.979213	5.979213	5.979213	1,1,1,1,1,1	0.000000	0.016762	0.504395	0.106843	0.372001	0.016762	0.504395	0.106843	0.372001	0.016762	0.504395	0.106843	0.372001	0.016762	0.504395	0.106843	0.372001	0.016762	0.504395	0.106843	0.372001	0.016762	0.504395	0.106843	0.372001	1,2,1,3,4,1	5.295106	0.244270	0.008887	0.137775	0.192535	0.306587	0.109947	0.321158	0.044266	0.155669	0.245078	0.058689	0.175140	0.244270	0.008887	0.137775	0.192535	0.306587	0.109947	0.111403	0.084982	0.229593	0.250874	0.058782	0.264367	0.062834	0.121895	0.029869	0.082470	0.328598	0.374334	0.244270	0.008887	0.137775	0.192535	0.306587	0.109947	1,2,2,2,2,2	2.029720	0.612768	0.931339	0.931339	0.931339	0.931339	0.931339	
498000	-116079	1,2,3,1,3,1	1.713470	5.811352	5.528948	6.024973	5.811352	6.024973	5.811352	1,1,1,1,1,1	0.000000	0.014344	0.508739	0.117907	0.359010	0.014344	0.508739	0.117907	0.359010	0.014344	0.508739	0.117907	0.359010	0.014344	0.508739	0.117907	0.359010	0.014344	0.508739	0.117907	0.359010	0.014344	0.508739	0.117907	0.359010	1,2,3,4,5,2	10.052466	0.161148	0.023299	0.440056	0.158185	0.161631	0.055680	0.130158	0.255982	0.347406	0.081216	0.110083	0.075155	0.002668	0.330911	0.386754	0.032852	0.245245	0.001569	0.052908	0.105331	0.057826	0.199877	0.040688	0.543369	0.024723	0.221985	0.327183	0.006892	0.178612	0.240605	0.130158	0.255982	0.347406	0.081216	0.110083	0.075155	1,2,2,3,2,2	2.388522	0.618868	0.915798	0.915798	0.749954	0.915798	0.915798	
499000	-116215	1,2,3,4,3,5	6.679377	5.722860	5.164204	5.950512	6.439573	5.950512	5.951504	1,1,1,1,1,1	0.000000	0.017240	0.552274	0.123247	0.307239	0.017240	0.552274	0.123247	0.307239	0.017240	0.552274	0.123247	0.307239	0.017240	0.552274	0.123247	0.307239	0.017240	0.552274	0.123247	0.307239	0.017240	0.552274	0.123247	0.307239	1,2,3,4,5,2	5.404045	0.002902	0.367245	0.226892	0.175593	0.156559	0.070808	0.344845	0.244584	0.146887	0.073367	0.122768	0.067549	0.224307	0.104907	0.090642	0.103132	0.404526	0.072487	0.006417	0.014995	0.198844	0.050026	0.025362	0.704356	0.005612	0.341286	0.049589	0.057051	0.246996	0.299465	0.344845	0.244584	0.146887	0.073367	0.122768	0.067549	1,2,2,1,2,2	0.297421	0.678788	0.871235	0.871235	0.678788	0.871235	0.871235	
500000	-115883	1,1,1,1,1,1	0.001678	5.850711	5.850711	5.850711	5.850711	5.850711	5.850711	1,1,1,1,1,1	0.000000	0.012789	0.518432	0.116394	0.352385	0.012789	0.518432	0.116394	0.352385	0.012789	0.518432	0.116394	0.352385	0.012789	0.518432	0.116394	0.352385	0.012789	0.518432	0.116394	0.352385	0.012789	0.518432	0.116394	0.352385	1,2,3,4,5,6	4.984774	0.050574	0.175918	0.144586	0.149419	0.305942	0.173561	0.165488	0.280681	0.141179	0.129793	0.117203	0.165657	0.007456	0.423716	0.144853	0.144047	0.217196	0.062733	0.020920	0.131427	0.046403	0.508522	0.035120	0.257608	0.178206	0.376809	0.117562	0.021780	0.156703	0.148940	0.162658	0.035707	0.304132	0.105884	0.282482	0.109137	1,2,3,4,3,4	3.210730	0.639353	1.006916	0.923139	0.841280	0.923139	0.841280	
501000	-115716	1,1,1,1,1,1	0.000000	5.970134	5.970134	5.970134	5.970134	5.970134	5.970134	1,1,1,1,1,1	0.000000	0.015235	0.519073	0.128708	0.336985	0.015235	0.519073	0.128708	0.336985	0.015235	0.519073	0.128708	0.336985	0.015235	0.519073	0.128708	0.336985	0.015235	0.519073	0.128708	0.336985	0.015235	0.519073	0.128708	0.336985	1,2,1,3,1,2	3.738250	0.066661	0.196169	0.364410	0.094016	0.226136	0.052608	0.506906	0.240862	0.029967	0.064017	0.127832	0.030415	0.066661	0.196169	0.364410	0.094016	0.226136	0.052608	0.005436	0.196013	0.443672	0.115640	0.014955	0.224283	0.066661	0.196169	0.364410	0.094016	0.226136	0.052608	0.506906	0.240862	0.029967	0.064017	0.127832	0.030415	1,1,1,1,1,1	0.000000	0.922355	0.922355	0.922355	0.922355	0.922355	0.922355	
502000	-115519	1,1,1,1,1,1	0.014620	5.978486	5.978486	5.978486	5.978486	5.978486	5.978486	1,1,1,1,1,1	0.000885	0.012525	0.504612	0.124605	0.358258	0.012525	0.504612	0.124605	0.358258	0.012525	0.504612	0.124605	0.358258	0.012525	0.504612	0.124605	0.358258	0.012525	0.504612	0.124605	0.358258	0.012525	0.504612	0.124605	0.358258	1,1,2,3,4,1	0.831493	0.480973	0.070311	0.165619	0.087702	0.148601	0.046794	0.480973	0.070311	0.165619	0.087702	0.148601	0.046794	0.134988	0.507281	0.064079	0.127416	0.155899	0.010337	0.023472	0.234817	0.347304	0.234444	0.013884	0.146079	0.047124	0.031804	0.153728	0.087904	0.237335	0.442106	0.480973	0.070311	0.165619	0.087702	0.148601	0.046794	1,2,2,2,2,2	0.094277	0.696546	0.939220	0.939220	0.939220	0.939220	0.939220	
503000	-116541	1,2,2,3,4,1	3.555125	5.778897	5.810820	5.810820	5.208852	6.209449	5.778897	1,1,1,1,1,1	0.000000	0.015304	0.514045	0.121540	0.349111	0.015304	0.514045	0.121540	0.349111	0.015304	0.514045	0.121540	0.349111	0.015304	0.514045	0.121540	0.349111	0.015304	0.514045	0.121540	0.349111	0.015304	0.514045	0.121540	0.349111	1,2,3,4,5,5	3.842971	0.069182	0.034491	0.162278	0.226433	0.261910	0.245705	0.269670	0.506999	0.040995	0.017797	0.049181	0.115359	0.012250	0.056552	0.020288	0.453193	0.366360	0.091356	0.105755	0.231454	0.133443	0.164472	0.076269	0.288608	0.282396	0.030237	0.220077	0.076002	0.203620	0.187668	0.282396	0.030237	0.220077	0.076002	0.203620	0.187668	1,1,1,1,1,1	0.000000	0.897163	0.897163	0.897163	0.897163	0.897163	0.897163	
504000	-115491	1,1,1,1,1,1	0.000000	5.724351	5.724351	5.724351	5.724351	5.724351	5.724351	1,1,1,1,1,1	0.000000	0.015453	0.523667	0.115084	0.345796	0.015453	0.523667	0.115084	0.345796	0.015453	0.523667	0.115084	0.345796	0.015453	0.523667	0.115084	0.345796	0.015453	0.523667	0.115084	0.345796	0.015453	0.523667	0.115084	0.345796	1,2,1,3,4,2	1.395405	0.038988	0.320386	0.233174	0.177637	0.184787	0.045027	0.317896	0.329427	0.076185	0.107339	0.107791	0.061363	0.038988	0.320386	0.233174	0.177637	0.184787	0.045027	0.142241	0.490163	0.036723	0.188784	0.021596	0.120493	0.083053	0.074500	0.367887	0.081515	0.225361	0.167684	0.317896	0.329427	0.076185	0.107339	0.107791	0.061363	1,1,1,1,1,1	0.000000	0.881224	0.881224	0.881224	0.881224	0.881224	0.881224	
505000	-115193	1,2,1,3,1,1	2.140386	5.998933	5.569239	5.998933	6.526714	5.998933	5.998933	1,1,1,1,1,1	0.000000	0.015563	0.500978	0.134530	0.348929	0.015563	0.500978	0.134530	0.348929	0.015563	0.500978	0.134530	0.348929	0.015563	0.500978	0.134530	0.348929	0.015563	0.500978	0.134530	0.348929	0.015563	0.500978	0.134530	0.348929	1,2,3,4,5,3	10.625243	0.031709	0.131986	0.169991	0.285216	0.336485	0.044612	0.177400	0.434607	0.171005	0.071590	0.076619	0.068779	0.160356	0.110443	0.110414	0.166083	0.332029	0.120675	0.028766	0.153954	0.059319	0.245622	0.013182	0.499156	0.016505	0.010629	0.174476	0.056695	0.368313	0.373383	0.160356	0.110443	0.110414	0.166083	0.332029	0.120675	1,2,2,1,2,2	4.257062	0.721851	0.899018	0.899018	0.721851	0.899018	0.899018	
506000	-115095	1,2,1,1,1,1	0.202309	5.982358	5.432591	5.982358	5.982358	5.982358	5.982358	1,1,1,1,1,1	0.000000	0.019651	0.511380	0.117000	0.351969	0.019651	0.511380	0.117000	0.351969	0.019651	0.511380	0.117000	0.351969	0.019651	0.511380	0.117000	0.351969	0.019651	0.511380	0.117000	0.351969	0.019651	0.511380	0.117000	0.351969	1,2,3,4,5,6	17.558886	0.094246	0.405545	0.175738	0.112796	0.152107	0.059567	0.331472	0.048687	0.145450	0.121961	0.136192	0.216237	0.119631	0.116479	0.171894	0.157035	0.392662	0.042299	0.023674	0.093365	0.383211	0.188625	0.004499	0.306625	0.064868	0.180055	0.227310	0.046226	0.236559	0.244983	0.158545	0.435144	0.196518	0.056363	0.090445	0.062984	1,2,2,2,2,2	0.729201	0.573561	0.877703	0.877703	0.877703	0.877703	0.877703	
507000	-115535	1,2,3,4,5,6	3.946717	6.301291	5.203194	5.905209	5.318557	5.772273	5.918866	1,1,1,1,1,1	0.000000	0.013435	0.521053	0.120481	0.345032	0.013435	0.521053	0.120481	0.345032	0.013435	0.521053	0.120481	0.345032	0.013435	0.521053	0.120481	0.345032	0.013435	0.521053	0.120481	0.345032	0.013435	0.521053	0.120481	0.345032	1,2,3,4,5,6	8.949374	0.118989	0.001299	0.223707	0.317871	0.282022	0.056113	0.247667	0.067010	0.413975	0.089903	0.100114	0.081331	0.067143	0.053800	0.191176	0.199730	0.475137	0.013014	0.193614	0.006151	0.216258	0.333067	0.046960	0.203950	0.046454	0.023976	0.425166	0.043491	0.167823	0.293089	0.383879	0.187524	0.164444	0.109237	0.114697	0.040219	1,1,1,1,1,1	0.000000	0.859208	0.859208	0.859208	0.859208	0.859208	0.859208	
508000	-115710	1,1,1,1,1,1	0.000000	5.821536	5.821536	5.821536	5.821536	5.821536	5.821536	1,1,1,1,1,1	0.000000	0.015251	0.528030	0.121613	0.335106	0.015251	0.528030	0.121613	0.335106	0.015251	0.528030	0.121613	0.335106	0.015251	0.528030	0.121613	0.335106	0.015251	0.528030	0.121613	0.335106	0.015251	0.528030	0.121613	0.335106	1,2,3,4,5,6	3.799158	0.259791	0.158862	0.174496	0.139947	0.166199	0.100705	0.316330	0.207959	0.168023	0.154593	0.112865	0.040230	0.034313	0.042862	0.023878	0.189444	0.498954	0.210549	0.235001	0.206923	0.210651	0.106041	0.029598	0.211785	0.107096	0.120579	0.094156	0.033609	0.281556	0.363004	0.323981	0.055481	0.211758	0.109810	0.191297	0.107674	1,1,1,1,1,1	0.000000	0.823660	0.823660	0.823660	0.823660	0.823660	0.823660	
509000	-115733	1,2,3,4,5,5	7.808489	6.145379	5.081647	5.823783	5.379734	5.865553	5.865553	1,1,1,1,1,1	0.000000	0.019695	0.509145	0.116722	0.354437	0.019695	0.509145	0.116722	0.354437	0.019695	0.509145	0.116722	0.354437	0.019695	0.509145	0.116722	0.354437	0.019695	0.509145	0.116722	0.354437	0.019695	0.509145	0.116722	0.354437	1,2,1,3,4,5	5.175438	0.054152	0.175104	0.177401	0.133039	0.375897	0.084406	0.278514	0.087642	0.327375	0.078536	0.088361	0.139572	0.054152	0.175104	0.177401	0.133039	0.375897	0.084406	0.194874	0.180893	0.310984	0.159528	0.024832	0.128888	0.222485	0.155786	0.199109	0.061918	0.222602	0.138100	0.236693	0.093840	0.185162	0.149577	0.243076	0.091651	1,1,1,1,1,1	0.000000	0.889665	0.889665	0.889665	0.889665	0.889665	0.889665	
510000	-115263	1,1,1,2,3,3	0.413059	5.787231	5.787231	5.787231	5.092750	5.991904	5.991904	1,1,1,1,1,1	0.000000	0.014701	0.506559	0.132120	0.346620	0.014701	0.506559	0.132120	0.346620	0.014701	0.506559	0.132120	0.346620	0.014701	0.506559	0.132120	0.346620	0.014701	0.506559	0.132120	0.346620	0.014701	0.506559	0.132120	0.346620	1,2,3,4,5,2	6.794640	0.019323	0.072124	0.265906	0.361885	0.273822	0.006941	0.384135	0.315297	0.032791	0.078186	0.127704	0.061889	0.453273	0.014419	0.093693	0.127426	0.268188	0.043001	0.038518	0.055512	0.239350	0.240491	0.032654	0.393475	0.155578	0.344233	0.145430	0.022698	0.132857	0.199205	0.384135	0.315297	0.032791	0.078186	0.127704	0.061889	1,1,1,1,1,1	0.000000	0.834463	0.834463	0.834463	0.834463	0.834463	0.834463	
511000	-116226	1,1,1,1,1,1	0.000039	5.959826	5.959826	5.959826	5.959826	5.959826	5.959826	1,1,1,1,1,1	0.000000	0.016604	0.528476	0.127915	0.327005	0.016604	0.528476	0.127915	0.327005	0.016604	0.528476	0.127915	0.327005	0.016604	0.528476	0.127915	0.327005	0.016604	0.528476	0.127915	0.327005	0.016604	0.528476	0.127915	0.327005	1,1,2,3,4,4	15.350049	0.126714	0.079767	0.191274	0.201168	0.237549	0.163528	0.126714	0.079767	0.191274	0.201168	0.237549	0.163528	0.113219	0.063487	0.139707	0.211222	0.355707	0.116658	0.090832	0.021955	0.312417	0.170541	0.073759	0.330496	0.088127	0.133320	0.230886	0.089899	0.275615	0.182155	0.088127	0.133320	0.230886	0.089899	0.275615	0.182155	1,2,2,2,2,2	0.397587	0.669641	0.935650	0.935650	0.935650	0.935650	0.935650	
512000	-116013	1,2,2,3,4,1	4.823858	6.017837	5.704131	5.704131	5.584266	5.742385	6.017837	1,1,1,1,1,1	0.000007	0.012453	0.518827	0.128388	0.340332	0.012453	0.518827	0.128388	0.340332	0.012453	0.518827	0.128388	0.340332	0.012453	0.518827	0.128388	0.340332	0.012453	0.518827	0.128388	0.340332	0.012453	0.518827	0.128388	0.340332	1,2,1,3,4,5	3.170106	0.153090	0.181597	0.267491	0.148483	0.231564	0.017774	0.216736	0.120514	0.545687	0.031235	0.059899	0.025930	0.153090	0.181597	0.267491	0.148483	0.231564	0.017774	0.144646	0.014582	0.069286	0.326030	0.059064	0.386393	0.132007	0.189992	0.331963	0.118606	0.129386	0.098047	0.236635	0.091402	0.338327	0.034752	0.155121	0.143762	1,2,2,2,2,2	0.121801	0.639495	0.913198	0.913198	0.913198	0.913198	0.913198	
513000	-115911	1,1,2,1,3,4	1.704937	5.729187	5.729187	5.670815	5.729187	6.723102	6.046520	1,1,1,1,1,1	0.000000	0.014829	0.540553	0.122681	0.321937	0.014829	0.540553	0.122681	0.321937	0.014829	0.540553	0.122681	0.321937	0.014829	0.540553	0.122681	0.321937	0.014829	0.540553	0.122681	0.321937	0.014829	0.540553	0.122681	0.321937	1,2,3,4,5,2	11.637314	0.022597	0.147764	0.128722	0.300002	0.393582	0.007333	0.428302	0.154791	0.079693	0.131849	0.146003	0.059362	0.108271	0.448844	0.171741	0.096910	0.167444	0.006790	0.105670	0.101280	0.274009	0.339544	0.003981	0.175517	0.082530	0.002481	0.029412	0.280846	0.362767	0.241965	0.428302	0.154791	0.079693	0.131849	0.146003	0.059362	1,2,2,2,2,2	0.348319	0.752117	0.876214	0.876214	0.876214	0.876214	0.876214	
514000	-115562	1,2,3,2,1,1	0.440013	5.938221	5.449085	5.712847	5.449085	5.938221	5.938221	1,1,2,2,2,2	0.037751	0.016023	0.527189	0.142768	0.314020	0.016023	0.527189	0.142768	0.314020	0.010600	0.546981	0.095683	0.346736	0.010600	0.546981	0.095683	0.346736	0.010600	0.546981	0.095683	0.346736	0.010600	0.546981	0.095683	0.346736	1,2,1,3,4,2	1.424872	0.034110	0.305858	0.211418	0.156213	0.245433	0.046967	0.359731	0.249313	0.067688	0.080550	0.122203	0.120516	0.034110	0.305858	0.211418	0.156213	0.245433	0.046967	0.316102	0.256195	0.222521	0.110263	0.011305	0.083615	0.053678	0.458233	0.002287	0.090929	0.180760	0.214113	0.359731	0.249313	0.067688	0.080550	0.122203	0.120516	1,2,2,2,2,2	0.416931	0.822764	0.910635	0.910635	0.910635	0.910635	0.910635	
515000	-115244	1,1,1,1,1,1	0.000000	5.890309	5.890309	5.890309	5.890309	5.890309	5.890309	1,1,2,1,2,2	1.648654	0.017719	0.497046	0.148735	0.336500	0.017719	0.497046	0.148735	0.336500	0.012266	0.505350	0.094586	0.387798	0.017719	0.497046	0.148735	0.336500	0.012266	0.505350	0.094586	0.387798	0.012266	0.505350	0.094586	0.387798	1,2,1,3,4,2	3.310903	0.057910	0.192989	0.171369	0.199984	0.335734	0.042014	0.584626	0.055125	0.053442	0.095547	0.135857	0.075403	0.057910	0.192989	0.171369	0.199984	0.335734	0.042014	0.197990	0.117309	0.064465	0.271132	0.040736	0.308368	0.132734	0.006286	0.096261	0.215856	0.302213	0.246650	0.584626	0.055125	0.053442	0.095547	0.135857	0.075403	1,1,1,1,1,1	0.000000	0.825913	0.825913	0.825913	0.825913	0.825913	0.825913	
516000	-115821	1,2,3,2,3,3	2.536718	5.922378	5.102794	6.015688	5.102794	6.015688	6.015688	1,1,1,1,1,1	0.000000	0.012989	0.517375	0.109652	0.359984	0.012989	0.517375	0.109652	0.359984	0.012989	0.517375	0.109652	0.359984	0.012989	0.517375	0.109652	0.359984	0.012989	0.517375	0.109652	0.359984	0.012989	0.517375	0.109652	0.359984	1,2,3,4,2,2	0.873831	0.044337	0.110361	0.510399	0.132590	0.111421	0.090892	0.304282	0.214207	0.096291	0.093729	0.173725	0.117767	0.173073	0.027894	0.018545	0.086049	0.616907	0.077533	0.081771	0.144732	0.376744	0.130381	0.025125	0.241247	0.304282	0.214207	0.096291	0.093729	0.173725	0.117767	0.304282	0.214207	0.096291	0.093729	0.173725	0.117767	1,2,3,2,2,2	2.329271	0.644766	0.962521	0.812161	0.962521	0.962521	0.962521	
517000	-115927	1,2,3,4,2,1	0.489596	6.136219	5.593415	5.686637	5.382887	5.593415	6.136219	1,1,1,1,1,1	0.000000	0.016635	0.526864	0.122929	0.333572	0.016635	0.526864	0.122929	0.333572	0.016635	0.526864	0.122929	0.333572	0.016635	0.526864	0.122929	0.333572	0.016635	0.526864	0.122929	0.333572	0.016635	0.526864	0.122929	0.333572	1,2,1,3,4,5	5.744717	0.048031	0.166386	0.170071	0.203491	0.374282	0.037739	0.201122	0.562504	0.021927	0.118576	0.070266	0.025605	0.048031	0.166386	0.170071	0.203491	0.374282	0.037739	0.054319	0.200050	0.036869	0.227401	0.085123	0.396239	0.042681	0.097972	0.162710	0.127636	0.330838	0.238162	0.098537	0.196091	0.131880	0.175831	0.304883	0.092777	1,2,2,2,1,1	0.120445	0.901032	0.937339	0.937339	0.937339	0.901032	0.901032	
518000	-115885	1,2,2,2,1,1	0.252906	5.944701	5.552615	5.552615	5.552615	5.944701	5.944701	1,1,1,1,1,1	0.000000	0.014681	0.533742	0.122654	0.328923	0.014681	0.533742	0.122654	0.328923	0.014681	0.533742	0.122654	0.328923	0.014681	0.533742	0.122654	0.328923	0.014681	0.533742	0.122654	0.328923	0.014681	0.533742	0.122654	0.328923	1,2,3,4,5,6	5.710903	0.031305	0.162066	0.332516	0.187336	0.269003	0.017775	0.131590	0.321591	0.087389	0.100312	0.154642	0.204477	0.093184	0.214118	0.009506	0.153572	0.449098	0.080524	0.025418	0.249899	0.024576	0.390777	0.055501	0.253829	0.035125	0.254810	0.056208	0.063960	0.291527	0.298369	0.347213	0.117738	0.286652	0.086428	0.105236	0.056733	1,2,2,2,2,2	1.071238	0.666515	0.936241	0.936241	0.936241	0.936241	0.936241	
519000	-115068	1,2,3,1,4,5	10.157067	6.616635	5.525043	5.612338	6.616635	6.297047	5.938543	1,1,1,1,1,1	0.000000	0.011706	0.521518	0.127839	0.338937	0.011706	0.521518	0.127839	0.338937	0.011706	0.521518	0.127839	0.338937	0.011706	0.521518	0.127839	0.338937	0.011706	0.521518	0.127839	0.338937	0.011706	0.521518	0.127839	0.338937	1,2,1,3,4,2	1.426131	0.045629	0.197395	0.170548	0.171449	0.368771	0.046208	0.525930	0.252383	0.048161	0.043133	0.075733	0.054660	0.045629	0.197395	0.170548	0.171449	0.368771	0.046208	0.012230	0.430273	0.275484	0.153805	0.001852	0.126356	0.026116	0.222424	0.149653	0.059688	0.191554	0.350565	0.525930	0.252383	0.048161	0.043133	0.075733	0.054660	1,1,1,1,1,1	0.000000	0.854789	0.854789	0.854789	0.854789	0.854789	0.854789	
520000	-115809	1,2,3,4,5,6	9.309383	6.009612	5.377118	5.945042	7.282125	6.425989	5.843945	1,1,1,1,1,1	0.000000	0.014743	0.541326	0.123064	0.320867	0.014743	0.541326	0.123064	0.320867	0.014743	0.541326	0.123064	0.320867	0.014743	0.541326	0.123064	0.320867	0.014743	0.541326	0.123064	0.320867	0.014743	0.541326	0.123064	0.320867	1,2,3,4,5,2	6.476530	0.042667	0.248721	0.175493	0.141295	0.262926	0.128898	0.408777	0.046538	0.149973	0.086197	0.161079	0.147436	0.006564	0.056767	0.059720	0.321957	0.512145	0.042847	0.075740	0.172275	0.450512	0.210211	0.002118	0.089144	0.082651	0.099218	0.048081	0.016279	0.298600	0.455171	0.408777	0.046538	0.149973	0.086197	0.161079	0.147436	1,2,2,1,2,2	0.268765	0.686543	0.917537	0.917537	0.686543	0.917537	0.917537	
521000	-115660	1,2,2,2,1,1	0.949477	6.070855	5.498096	5.498096	5.498096	6.070855	6.070855	1,1,1,1,1,1	0.000000	0.017269	0.511402	0.123366	0.347964	0.017269	0.511402	0.123366	0.347964	0.017269	0.511402	0.123366	0.347964	0.017269	0.511402	0.123366	0.347964	0.017269	0.511402	0.123366	0.347964	0.017269	0.511402	0.123366	0.347964	1,2,1,3,4,2	2.837762	0.072046	0.050995	0.376214	0.185245	0.239884	0.075616	0.477587	0.227215	0.006252	0.064589	0.138440	0.085918	0.072046	0.050995	0.376214	0.185245	0.239884	0.075616	0.221931	0.183002	0.162388	0.097725	0.006264	0.328690	0.207294	0.033550	0.250241	0.015627	0.286454	0.206834	0.477587	0.227215	0.006252	0.064589	0.138440	0.085918	1,2,2,2,2,2	0.274810	0.758512	0.861119	0.861119	0.861119	0.861119	0.861119	
522000	-115809	1,1,1,1,1,1	0.000000	5.659181	5.659181	5.659181	5.659181	5.659181	5.659181	1,1,1,1,1,1	0.000000	0.017941	0.517239	0.125620	0.339201	0.017941	0.517239	0.125620	0.339201	0.017941	0.517239	0.125620	0.339201	0.017941	0.517239	0.125620	0.339201	0.017941	0.517239	0.125620	0.339201	0.017941	0.517239	0.125620	0.339201	1,2,3,4,5,5	9.498042	0.128066	0.064684	0.337891	0.167710	0.179679	0.121970	0.313558	0.025691	0.027950	0.278632	0.216631	0.137538	0.297687	0.175326	0.055035	0.050081	0.374906	0.046965	0.023277	0.344080	0.107246	0.172199	0.025510	0.327688	0.243995	0.004236	0.149693	0.156975	0.204568	0.240533	0.243995	0.004236	0.149693	0.156975	0.204568	0.240533	1,2,2,2,2,2	0.379930	0.644064	0.899327	0.899327	0.899327	0.899327	0.899327	
523000	-115692	1,2,3,3,2,4	4.397610	5.994006	5.733824	5.851189	5.851189	5.733824	6.166829	1,1,1,1,1,1	0.000000	0.014630	0.523972	0.118929	0.342469	0.014630	0.523972	0.118929	0.342469	0.014630	0.523972	0.118929	0.342469	0.014630	0.523972	0.118929	0.342469	0.014630	0.523972	0.118929	0.342469	0.014630	0.523972	0.118929	0.342469	1,2,3,4,5,2	10.134774	0.202501	0.143555	0.298678	0.118800	0.129536	0.106931	0.647428	0.014914	0.004640	0.115617	0.154509	0.062891	0.111682	0.378657	0.193725	0.137197	0.177328	0.001411	0.000563	0.381688	0.144717	0.271351	0.044899	0.156783	0.163573	0.325204	0.265482	0.041621	0.111427	0.092692	0.647428	0.014914	0.004640	0.115617	0.154509	0.062891	1,2,2,2,2,2	0.265422	0.689813	0.937997	0.937997	0.937997	0.937997	0.937997	
524000	-115542	1,1,1,1,1,1	0.000000	5.758814	5.758814	5.758814	5.758814	5.758814	5.758814	1,1,1,1,1,1	0.000000	0.012443	0.541594	0.108335	0.337628	0.012443	0.541594	0.108335	0.337628	0.012443	0.541594	0.108335	0.337628	0.012443	0.541594	0.108335	0.337628	0.012443	0.541594	0.108335	0.337628	0.012443	0.541594	0.108335	0.337628	1,2,3,4,5,2	17.914626	0.041707	0.245455	0.283754	0.218213	0.157538	0.053333	0.490154	0.026879	0.060264	0.100893	0.128059	0.193750	0.098685	0.188014	0.137576	0.114920	0.390440	0.070366	0.127518	0.060599	0.354190	0.111388	0.008019	0.338286	0.000977	0.455560	0.111693	0.013721	0.255584	0.162467	0.490154	0.026879	0.060264	0.100893	0.128059	0.193750	1,2,2,2,2,2	2.331674	0.734361	0.850252	0.850252	0.850252	0.850252	0.850252	
525000	-116781	1,2,3,2,1,4	1.946499	5.883138	5.275616	5.596881	5.275616	5.883138	5.620881	1,1,1,1,1,1	0.000000	0.017228	0.522649	0.113669	0.346454	0.017228	0.522649	0.113669	0.346454	0.017228	0.522649	0.113669	0.346454	0.017228	0.522649	0.113669	0.346454	0.017228	0.522649	0.113669	0.346454	0.017228	0.522649	0.113669	0.346454	1,1,2,3,4,1	3.670139	0.250796	0.161000	0.136579	0.147824	0.201162	0.102639	0.250796	0.161000	0.136579	0.147824	0.201162	0.102639	0.048727	0.274442	0.110416	0.168426	0.337682	0.060308	0.100778	0.036486	0.381947	0.037533	0.014956	0.428300	0.031387	0.186627	0.451127	0.066234	0.199940	0.064686	0.250796	0.161000	0.136579	0.147824	0.201162	0.102639	1,2,2,2,2,2	1.056799	0.677879	0.850180	0.850180	0.850180	0.850180	0.850180	
526000	-116106	1,1,1,1,1,1	0.000000	5.762222	5.762222	5.762222	5.762222	5.762222	5.762222	1,1,1,1,1,1	0.000000	0.018831	0.534106	0.116256	0.330806	0.018831	0.534106	0.116256	0.330806	0.018831	0.534106	0.116256	0.330806	0.018831	0.534106	0.116256	0.330806	0.018831	0.534106	0.116256	0.330806	0.018831	0.534106	0.116256	0.330806	1,2,1,3,4,2	7.125393	0.114790	0.271512	0.151788	0.133323	0.210491	0.118097	0.412030	0.074878	0.080655	0.138218	0.226079	0.068138	0.114790	0.271512	0.151788	0.133323	0.210491	0.118097	0.199000	0.323099	0.077485	0.217014	0.039742	0.143661	0.331224	0.004015	0.042012	0.065475	0.240369	0.316904	0.412030	0.074878	0.080655	0.138218	0.226079	0.068138	1,2,2,3,2,2	2.053172	0.647158	0.905393	0.905393	0.675839	0.905393	0.905393	
527000	-116096	1,2,3,4,5,6	3.934004	5.837026	5.116136	5.758824	4.941129	6.149978	6.066299	1,1,1,1,1,1	0.000000	0.013715	0.527685	0.115394	0.343207	0.013715	0.527685	0.115394	0.343207	0.013715	0.527685	0.115394	0.343207	0.013715	0.527685	0.115394	0.343207	0.013715	0.527685	0.115394	0.343207	0.013715	0.527685	0.115394	0.343207	1,2,1,3,4,1	9.765559	0.129561	0.068510	0.481026	0.104697	0.165992	0.050215	0.288530	0.410958	0.031789	0.075937	0.073952	0.118834	0.129561	0.068510	0.481026	0.104697	0.165992	0.050215	0.064460	0.236249	0.052511	0.160246	0.080668	0.405865	0.123151	0.128066	0.132881	0.079901	0.326886	0.209115	0.129561	0.068510	0.481026	0.104697	0.165992	0.050215	1,2,2,2,2,2	0.958401	0.706041	0.970627	0.970627	0.970627	0.970627	0.970627	
528000	-115408	1,2,3,4,5,5	13.060193	6.364415	5.568673	5.691041	5.931818	5.777986	5.777986	1,1,1,1,1,1	0.000000	0.015834	0.521024	0.117114	0.346028	0.015834	0.521024	0.117114	0.346028	0.015834	0.521024	0.117114	0.346028	0.015834	0.521024	0.117114	0.346028	0.015834	0.521024	0.117114	0.346028	0.015834	0.521024	0.117114	0.346028	1,2,3,4,5,2	10.514434	0.134632	0.353886	0.099487	0.147827	0.194886	0.069281	0.195946	0.164193	0.217843	0.108681	0.166353	0.146983	0.074448	0.420146	0.005133	0.128423	0.356591	0.015259	0.080719	0.026657	0.133407	0.398429	0.026507	0.334281	0.031636	0.195132	0.071749	0.115608	0.269069	0.316806	0.195946	0.164193	0.217843	0.108681	0.166353	0.146983	1,1,1,1,1,1	0.000000	0.860669	0.860669	0.860669	0.860669	0.860669	0.860669	
529000	-116256	1,2,2,3,1,1	2.479373	6.156824	5.645520	5.645520	5.299045	6.156824	6.156824	1,2,3,1,3,3	0.306661	0.022216	0.490007	0.165987	0.321790	0.033259	0.487498	0.142297	0.336946	0.013114	0.512427	0.119045	0.355413	0.022216	0.490007	0.165987	0.321790	0.013114	0.512427	0.119045	0.355413	0.013114	0.512427	0.119045	0.355413	1,2,1,3,4,2	3.117095	0.028329	0.149312	0.277380	0.188302	0.319981	0.036696	0.227707	0.291004	0.124723	0.106967	0.168638	0.080960	0.028329	0.149312	0.277380	0.188302	0.319981	0.036696	0.142099	0.016227	0.102405	0.201270	0.165665	0.372334	0.201921	0.144875	0.323573	0.064251	0.193405	0.071975	0.227707	0.291004	0.124723	0.106967	0.168638	0.080960	1,2,2,2,2,2	0.484832	0.693609	0.926454	0.926454	0.926454	0.926454	0.926454	
530000	-115529	1,2,3,4,3,5	10.923410	6.443845	5.629019	6.188917	5.667913	6.188917	6.099014	1,1,1,1,1,1	0.001169	0.015360	0.524808	0.118578	0.341253	0.015360	0.524808	0.118578	0.341253	0.015360	0.524808	0.118578	0.341253	0.015360	0.524808	0.118578	0.341253	0.015360	0.524808	0.118578	0.341253	0.015360	0.524808	0.118578	0.341253	1,2,3,4,5,6	8.480145	0.024476	0.045235	0.428478	0.197519	0.231871	0.072421	0.259976	0.190664	0.059561	0.259288	0.144721	0.085789	0.099161	0.371402	0.132935	0.156468	0.228505	0.011529	0.178167	0.156403	0.163306	0.178444	0.028956	0.294724	0.105591	0.137510	0.075313	0.109194	0.386846	0.185547	0.407372	0.059201	0.315648	0.042143	0.104728	0.070908	1,1,1,1,1,1	0.000000	0.912583	0.912583	0.912583	0.912583	0.912583	0.912583	
531000	-116383	1,1,1,1,1,1	0.000000	5.667257	5.667257	5.667257	5.667257	5.667257	5.667257	1,1,1,1,1,1	0.000000	0.013824	0.517020	0.128638	0.340519	0.013824	0.517020	0.128638	0.340519	0.013824	0.517020	0.128638	0.340519	0.013824	0.517020	0.128638	0.340519	0.013824	0.517020	0.128638	0.340519	0.013824	0.517020	0.128638	0.340519	1,2,1,3,4,2	0.908799	0.157063	0.363922	0.150384	0.112801	0.182188	0.033642	0.476882	0.146438	0.055435	0.113262	0.115079	0.092904	0.157063	0.363922	0.150384	0.112801	0.182188	0.033642	0.065970	0.275130	0.071687	0.196835	0.129641	0.260737	0.073353	0.058560	0.047522	0.191538	0.289211	0.339815	0.476882	0.146438	0.055435	0.113262	0.115079	0.092904	1,1,1,1,1,1	0.000000	0.934666	0.934666	0.934666	0.934666	0.934666	0.934666	
532000	-115443	1,1,1,1,1,1	0.000000	6.098799	6.098799	6.098799	6.098799	6.098799	6.098799	1,1,1,1,1,1	0.000000	0.015202	0.520188	0.129932	0.334678	0.015202	0.520188	0.129932	0.334678	0.015202	0.520188	0.129932	0.334678	0.015202	0.520188	0.129932	0.334678	0.015202	0.520188	0.129932	0.334678	0.015202	0.520188	0.129932	0.334678	1,2,3,4,5,2	3.661607	0.034883	0.306967	0.120964	0.295883	0.181611	0.059693	0.428997	0.209595	0.067075	0.097836	0.124730	0.071767	0.003251	0.003337	0.077365	0.242850	0.594634	0.078563	0.142198	0.088047	0.182057	0.348505	0.016453	0.222740	0.240485	0.186370	0.207654	0.051087	0.218874	0.095530	0.428997	0.209595	0.067075	0.097836	0.124730	0.071767	1,2,2,2,2,2	1.055118	0.545336	0.866056	0.866056	0.866056	0.866056	0.866056	
533000	-116587	1,2,3,4,1,5	14.494079	6.290372	5.666134	5.685420	5.452951	6.290372	5.972260	1,1,1,1,1,1	0.000000	0.011728	0.505008	0.128029	0.355235	0.011728	0.505008	0.128029	0.355235	0.011728	0.505008	0.128029	0.355235	0.011728	0.505008	0.128029	0.355235	0.011728	0.505008	0.128029	0.355235	0.011728	0.505008	0.128029	0.355235	1,2,1,3,4,2	2.309190	0.125709	0.309605	0.038201	0.184633	0.324611	0.017241	0.668739	0.050607	0.029427	0.077676	0.120362	0.053189	0.125709	0.309605	0.038201	0.184633	0.324611	0.017241	0.216111	0.274043	0.077296	0.167210	0.104384	0.160957	0.481289	0.001411	0.050673	0.042115	0.262867	0.161646	0.668739	0.050607	0.029427	0.077676	0.120362	0.053189	1,2,2,2,2,2	0.187150	0.790919	0.925097	0.925097	0.925097	0.925097	0.925097	
534000	-115449	1,2,3,2,4,4	1.428046	5.778097	5.116814	5.698612	5.116814	5.880794	5.880794	1,1,1,1,1,1	0.000000	0.013100	0.507178	0.144362	0.335360	0.013100	0.507178	0.144362	0.335360	0.013100	0.507178	0.144362	0.335360	0.013100	0.507178	0.144362	0.335360	0.013100	0.507178	0.144362	0.335360	0.013100	0.507178	0.144362	0.335360	1,2,3,4,5,2	2.223278	0.176558	0.233079	0.077267	0.174676	0.241034	0.097387	0.402387	0.335420	0.013428	0.092462	0.109688	0.046614	0.010333	0.154767	0.041014	0.108301	0.674506	0.011079	0.129188	0.253479	0.238961	0.191048	0.027506	0.159818	0.146324	0.031165	0.297690	0.074570	0.251883	0.198367	0.402387	0.335420	0.013428	0.092462	0.109688	0.046614	1,2,2,2,2,2	1.527195	0.435410	0.912032	0.912032	0.912032	0.912032	0.912032	
535000	-115751	1,1,1,1,1,1	0.000000	5.962517	5.962517	5.962517	5.962517	5.962517	5.962517	1,1,1,1,1,1	0.000000	0.014819	0.522251	0.122349	0.340581	0.014819	0.522251	0.122349	0.340581	0.014819	0.522251	0.122349	0.340581	0.014819	0.522251	0.122349	0.340581	0.014819	0.522251	0.122349	0.340581	0.014819	0.522251	0.122349	0.340581	1,2,3,4,5,6	1.156904	0.049655	0.140695	0.354396	0.157224	0.257000	0.041030	0.133897	0.513460	0.081401	0.090149	0.060906	0.120188	0.176207	0.366996	0.015643	0.117033	0.316012	0.008109	0.243250	0.141450	0.032794	0.149068	0.048201	0.385237	0.280193	0.068593	0.170610	0.055758	0.211132	0.213714	0.305911	0.180476	0.152510	0.050862	0.212444	0.097797	1,1,1,1,1,1	0.000000	0.890164	0.890164	0.890164	0.890164	0.890164	0.890164	
536000	-116499	1,1,1,2,1,3	2.420526	5.969732	5.969732	5.969732	5.781682	5.969732	6.351677	1,1,1,1,1,1	0.000000	0.014079	0.526660	0.129419	0.329842	0.014079	0.526660	0.129419	0.329842	0.014079	0.526660	0.129419	0.329842	0.014079	0.526660	0.129419	0.329842	0.014079	0.526660	0.129419	0.329842	0.014079	0.526660	0.129419	0.329842	1,2,1,3,4,5	30.171176	0.025171	0.112581	0.280309	0.166214	0.366860	0.048866	0.308832	0.069265	0.259382	0.221849	0.067366	0.073307	0.025171	0.112581	0.280309	0.166214	0.366860	0.048866	0.052249	0.395028	0.133087	0.052167	0.063420	0.304048	0.221852	0.030300	0.216070	0.080899	0.201805	0.249074	0.340587	0.061739	0.193182	0.067017	0.207521	0.129954	1,2,2,3,4,4	0.907292	0.609389	1.012689	1.012689	0.772104	0.970929	0.970929	
537000	-116204	1,2,1,2,1,1	0.004591	5.932540	5.146560	5.932540	5.146560	5.932540	5.932540	1,1,1,1,1,1	0.000000	0.010993	0.536370	0.123744	0.328893	0.010993	0.536370	0.123744	0.328893	0.010993	0.536370	0.123744	0.328893	0.010993	0.536370	0.123744	0.328893	0.010993	0.536370	0.123744	0.328893	0.010993	0.536370	0.123744	0.328893	1,2,3,4,5,2	3.749419	0.157679	0.050275	0.338732	0.183247	0.197019	0.073047	0.402861	0.126182	0.012344	0.107144	0.177137	0.174332	0.088777	0.004189	0.139787	0.258962	0.502240	0.006046	0.223398	0.143858	0.053681	0.157695	0.096636	0.324732	0.016812	0.402493	0.135542	0.040062	0.157802	0.247290	0.402861	0.126182	0.012344	0.107144	0.177137	0.174332	1,2,2,2,2,2	0.726960	0.681227	0.890842	0.890842	0.890842	0.890842	0.890842	
538000	-115512	1,2,3,2,3,3	2.884557	6.018835	5.330017	5.691227	5.330017	5.691227	5.691227	1,1,1,1,1,1	0.000000	0.014765	0.518572	0.118385	0.348278	0.014765	0.518572	0.118385	0.348278	0.014765	0.518572	0.118385	0.348278	0.014765	0.518572	0.118385	0.348278	0.014765	0.518572	0.118385	0.348278	0.014765	0.518572	0.118385	0.348278	1,2,1,3,4,4	9.582071	0.077432	0.034053	0.075118	0.288358	0.396996	0.128044	0.334596	0.303278	0.125751	0.083149	0.059246	0.093980	0.077432	0.034053	0.075118	0.288358	0.396996	0.128044	0.155896	0.054148	0.135899	0.304533	0.037094	0.312430	0.062305	0.444650	0.162566	0.069267	0.158696	0.102515	0.062305	0.444650	0.162566	0.069267	0.158696	0.102515	1,1,1,1,1,1	0.000000	0.850526	0.850526	0.850526	0.850526	0.850526	0.850526	
539000	-116719	1,2,3,4,3,2	1.786364	6.542697	5.842594	6.241838	5.406545	6.241838	5.842594	1,1,1,1,1,1	0.000000	0.013596	0.516257	0.129196	0.340951	0.013596	0.516257	0.129196	0.340951	0.013596	0.516257	0.129196	0.340951	0.013596	0.516257	0.129196	0.340951	0.013596	0.516257	0.129196	0.340951	0.013596	0.516257	0.129196	0.340951	1,2,1,3,4,5	18.056155	0.020319	0.422752	0.410751	0.054888	0.089593	0.001696	0.397638	0.033572	0.176630	0.222854	0.063095	0.106210	0.020319	0.422752	0.410751	0.054888	0.089593	0.001696	0.193972	0.291566	0.040606	0.197815	0.092324	0.183716	0.023137	0.117196	0.136087	0.035364	0.283004	0.405213	0.215847	0.383817	0.167889	0.080926	0.098829	0.052692	1,1,1,1,1,1	0.000000	0.830768	0.830768	0.830768	0.830768	0.830768	0.830768	
540000	-115860	1,2,3,1,3,3	1.763687	5.905133	5.789892	5.981005	5.905133	5.981005	5.981005	1,1,1,2,1,1	0.101396	0.018535	0.518967	0.120280	0.342217	0.018535	0.518967	0.120280	0.342217	0.018535	0.518967	0.120280	0.342217	0.020624	0.437864	0.175242	0.366271	0.018535	0.518967	0.120280	0.342217	0.018535	0.518967	0.120280	0.342217	1,2,3,4,3,2	3.566930	0.036175	0.029668	0.157848	0.356559	0.266860	0.152890	0.452021	0.072689	0.095602	0.098722	0.169523	0.111444	0.121217	0.185544	0.075916	0.139725	0.298638	0.178959	0.039837	0.128122	0.003376	0.347135	0.081519	0.400011	0.121217	0.185544	0.075916	0.139725	0.298638	0.178959	0.452021	0.072689	0.095602	0.098722	0.169523	0.111444	1,2,2,2,2,2	0.901645	0.633234	0.918531	0.918531	0.918531	0.918531	0.918531	
541000	-116357	1,2,3,1,4,1	1.367494	5.935682	5.502918	5.597524	5.935682	6.012906	5.935682	1,1,1,1,1,1	0.000000	0.017067	0.532122	0.111710	0.339101	0.017067	0.532122	0.111710	0.339101	0.017067	0.532122	0.111710	0.339101	0.017067	0.532122	0.111710	0.339101	0.017067	0.532122	0.111710	0.339101	0.017067	0.532122	0.111710	0.339101	1,2,3,4,5,6	1.608124	0.042568	0.231800	0.057670	0.328953	0.280398	0.058611	0.326157	0.337170	0.064260	0.170582	0.059287	0.042544	0.139829	0.161473	0.081700	0.066762	0.501948	0.048288	0.101515	0.124905	0.374243	0.212783	0.068254	0.118299	0.161677	0.189268	0.144778	0.102119	0.149047	0.253111	0.439651	0.021251	0.025150	0.171136	0.277135	0.065677	1,1,1,1,1,1	0.000000	0.879592	0.879592	0.879592	0.879592	0.879592	0.879592	
542000	-115653	1,2,2,2,2,2	0.057051	6.316075	5.637663	5.637663	5.637663	5.637663	5.637663	1,1,1,1,1,1	0.000000	0.018958	0.506233	0.135201	0.339608	0.018958	0.506233	0.135201	0.339608	0.018958	0.506233	0.135201	0.339608	0.018958	0.506233	0.135201	0.339608	0.018958	0.506233	0.135201	0.339608	0.018958	0.506233	0.135201	0.339608	1,2,3,4,5,2	1.426818	0.322456	0.051669	0.217185	0.172850	0.202256	0.033584	0.448088	0.017085	0.038685	0.138972	0.227311	0.129859	0.110864	0.227954	0.227936	0.120189	0.267249	0.045808	0.063123	0.188063	0.165683	0.284629	0.057980	0.240523	0.253308	0.066415	0.159825	0.127839	0.254883	0.137730	0.448088	0.017085	0.038685	0.138972	0.227311	0.129859	1,1,1,1,1,1	0.000000	0.913920	0.913920	0.913920	0.913920	0.913920	0.913920	
543000	-116143	1,2,2,3,4,5	1.641157	6.047835	5.779580	5.779580	5.482539	5.950756	6.002820	1,1,1,1,1,1	0.000000	0.017186	0.533573	0.125810	0.323431	0.017186	0.533573	0.125810	0.323431	0.017186	0.533573	0.125810	0.323431	0.017186	0.533573	0.125810	0.323431	0.017186	0.533573	0.125810	0.323431	0.017186	0.533573	0.125810	0.323431	1,2,1,3,4,4	12.203657	0.106308	0.436204	0.090114	0.154867	0.189795	0.022713	0.304137	0.006702	0.205795	0.268410	0.068502	0.146453	0.106308	0.436204	0.090114	0.154867	0.189795	0.022713	0.030810	0.030051	0.441892	0.287100	0.049534	0.160613	0.305575	0.026278	0.059869	0.066772	0.303384	0.238123	0.305575	0.026278	0.059869	0.066772	0.303384	0.238123	1,2,2,2,2,2	0.154976	0.600514	0.900314	0.900314	0.900314	0.900314	0.900314	
544000	-116248	1,2,3,4,5,6	8.270463	6.257165	4.815595	5.936135	6.692275	5.807807	6.124295	1,1,1,1,1,1	0.001759	0.016165	0.532050	0.105748	0.346038	0.016165	0.532050	0.105748	0.346038	0.016165	0.532050	0.105748	0.346038	0.016165	0.532050	0.105748	0.346038	0.016165	0.532050	0.105748	0.346038	0.016165	0.532050	0.105748	0.346038	1,2,1,3,4,1	5.533173	0.180020	0.178171	0.138430	0.121958	0.286004	0.095417	0.190421	0.023877	0.099766	0.267988	0.166109	0.251839	0.180020	0.178171	0.138430	0.121958	0.286004	0.095417	0.010074	0.069511	0.282963	0.489894	0.006895	0.140664	0.324104	0.000354	0.131431	0.075820	0.190041	0.278250	0.180020	0.178171	0.138430	0.121958	0.286004	0.095417	1,2,2,1,2,2	0.052091	0.625092	0.962488	0.962488	0.625092	0.962488	0.962488	
545000	-115912	1,2,3,2,1,1	1.070192	5.982326	5.149649	5.708800	5.149649	5.982326	5.982326	1,1,1,1,1,1	0.001349	0.017703	0.548650	0.116675	0.316971	0.017703	0.548650	0.116675	0.316971	0.017703	0.548650	0.116675	0.316971	0.017703	0.548650	0.116675	0.316971	0.017703	0.548650	0.116675	0.316971	0.017703	0.548650	0.116675	0.316971	1,2,3,4,5,6	25.648722	0.062866	0.091076	0.170618	0.243800	0.298725	0.132915	0.523690	0.211209	0.072551	0.034312	0.047569	0.110669	0.101691	0.135345	0.013386	0.223160	0.378472	0.147946	0.270671	0.082126	0.249580	0.171956	0.049413	0.176255	0.280083	0.048113	0.143444	0.042586	0.301861	0.183914	0.237394	0.069433	0.189219	0.093327	0.200547	0.210080	1,2,2,2,2,2	0.264072	0.482083	0.920111	0.920111	0.920111	0.920111	0.920111	
546000	-116179	1,2,3,4,1,5	2.144226	5.944555	5.100952	5.726895	6.762595	5.944555	5.947282	1,1,1,1,1,1	0.000000	0.013030	0.506423	0.114043	0.366503	0.013030	0.506423	0.114043	0.366503	0.013030	0.506423	0.114043	0.366503	0.013030	0.506423	0.114043	0.366503	0.013030	0.506423	0.114043	0.366503	0.013030	0.506423	0.114043	0.366503	1,2,3,4,5,2	1.126300	0.280244	0.136614	0.152263	0.223217	0.187985	0.019678	0.283314	0.049646	0.070774	0.204460	0.228445	0.163360	0.204758	0.017407	0.073459	0.146066	0.436952	0.121359	0.083991	0.396934	0.131557	0.297046	0.005805	0.084667	0.247485	0.288682	0.185094	0.041335	0.090165	0.147238	0.283314	0.049646	0.070774	0.204460	0.228445	0.163360	1,2,3,3,2,2	4.322955	0.710750	0.873168	0.850011	0.850011	0.873168	0.873168	
547000	-115610	1,1,1,1,1,1	0.000255	5.829409	5.829409	5.829409	5.829409	5.829409	5.829409	1,1,1,1,1,1	0.006636	0.017501	0.544176	0.113384	0.324938	0.017501	0.544176	0.113384	0.324938	0.017501	0.544176	0.113384	0.324938	0.017501	0.544176	0.113384	0.324938	0.017501	0.544176	0.113384	0.324938	0.017501	0.544176	0.113384	0.324938	1,2,3,4,2,2	7.043006	0.071264	0.140429	0.287848	0.257650	0.155405	0.087403	0.256629	0.197325	0.117569	0.072407	0.164787	0.191283	0.044082	0.213995	0.344414	0.159596	0.229910	0.008002	0.052318	0.267801	0.019986	0.294109	0.024500	0.341286	0.256629	0.197325	0.117569	0.072407	0.164787	0.191283	0.256629	0.197325	0.117569	0.072407	0.164787	0.191283	1,1,1,1,1,1	0.000000	0.834472	0.834472	0.834472	0.834472	0.834472	0.834472	
548000	-115699	1,1,1,1,1,1	0.000000	5.951435	5.951435	5.951435	5.951435	5.951435	5.951435	1,1,1,1,1,1	0.000000	0.018086	0.536431	0.106042	0.339441	0.018086	0.536431	0.106042	0.339441	0.018086	0.536431	0.106042	0.339441	0.018086	0.536431	0.106042	0.339441	0.018086	0.536431	0.106042	0.339441	0.018086	0.536431	0.106042	0.339441	1,2,3,4,5,6	14.450211	0.122835	0.032984	0.234312	0.241338	0.242701	0.125831	0.191493	0.175321	0.173078	0.148346	0.162661	0.149102	0.279456	0.097512	0.001834	0.089418	0.503161	0.028620	0.279984	0.265976	0.126833	0.097686	0.007491	0.222030	0.077504	0.168258	0.130801	0.085229	0.341687	0.196522	0.229814	0.228350	0.070020	0.130550	0.229532	0.111734	1,1,1,1,1,1	0.000000	0.894514	0.894514	0.894514	0.894514	0.894514	0.894514	
549000	-115447	1,2,3,4,1,1	21.624348	5.910612	5.375019	5.827457	5.334335	5.910612	5.910612	1,1,1,1,1,1	0.000000	0.014215	0.552929	0.105464	0.327392	0.014215	0.552929	0.105464	0.327392	0.014215	0.552929	0.105464	0.327392	0.014215	0.552929	0.105464	0.327392	0.014215	0.552929	0.105464	0.327392	0.014215	0.552929	0.105464	0.327392	1,2,3,4,5,6	5.536852	0.093724	0.010066	0.253407	0.255751	0.234862	0.152190	0.474721	0.229468	0.032823	0.056132	0.106042	0.100814	0.015022	0.140337	0.029159	0.169818	0.529950	0.115714	0.010698	0.063256	0.143544	0.434846	0.060057	0.287599	0.219607	0.016296	0.164850	0.040569	0.234069	0.324610	0.211530	0.019509	0.220101	0.147327	0.261421	0.140111	1,2,2,2,2,2	0.483063	0.607239	0.924594	0.924594	0.924594	0.924594	0.924594	
550000	-116603	1,1,1,1,1,1	0.000000	5.651712	5.651712	5.651712	5.651712	5.651712	5.651712	1,1,1,1,1,1	0.000000	0.013661	0.521562	0.114270	0.350507	0.013661	0.521562	0.114270	0.350507	0.013661	0.521562	0.114270	0.350507	0.013661	0.521562	0.114270	0.350507	0.013661	0.521562	0.114270	0.350507	0.013661	0.521562	0.114270	0.350507	1,2,3,4,5,6	5.113494	0.136318	0.294047	0.030918	0.272747	0.193912	0.072057	0.331650	0.379811	0.056159	0.098934	0.118836	0.014611	0.166983	0.067838	0.157815	0.250683	0.262676	0.094006	0.346531	0.021719	0.137620	0.161568	0.078181	0.254380	0.057178	0.104930	0.026809	0.136390	0.242023	0.432670	0.262607	0.288893	0.035660	0.081095	0.218353	0.113392	1,2,2,2,2,2	2.032053	0.617105	0.938210	0.938210	0.938210	0.938210	0.938210	
551000	-116310	1,2,1,2,1,1	2.537834	5.877156	5.347212	5.877156	5.347212	5.877156	5.877156	1,1,1,1,1,1	0.000000	0.013533	0.523739	0.120235	0.342493	0.013533	0.523739	0.120235	0.342493	0.013533	0.523739	0.120235	0.342493	0.013533	0.523739	0.120235	0.342493	0.013533	0.523739	0.120235	0.342493	0.013533	0.523739	0.120235	0.342493	1,2,3,4,5,6	16.102876	0.024534	0.081726	0.273872	0.224147	0.273609	0.122113	0.148567	0.085931	0.065810	0.268963	0.153098	0.277631	0.082933	0.213224	0.214471	0.086276	0.364524	0.038571	0.000502	0.075609	0.116753	0.203041	0.114236	0.489858	0.147402	0.289722	0.081911	0.072787	0.231518	0.176660	0.157526	0.368799	0.173534	0.106318	0.135037	0.058786	1,1,1,1,1,1	0.000000	0.861169	0.861169	0.861169	0.861169	0.861169	0.861169	
552000	-115851	1,1,1,1,1,1	0.000000	6.094724	6.094724	6.094724	6.094724	6.094724	6.094724	1,1,1,1,1,1	0.000000	0.015937	0.507537	0.132752	0.343774	0.015937	0.507537	0.132752	0.343774	0.015937	0.507537	0.132752	0.343774	0.015937	0.507537	0.132752	0.343774	0.015937	0.507537	0.132752	0.343774	0.015937	0.507537	0.132752	0.343774	1,2,3,4,2,2	2.868648	0.119811	0.183454	0.051315	0.175436	0.254088	0.215894	0.361561	0.087054	0.105465	0.093716	0.174557	0.177646	0.094596	0.092785	0.094610	0.193109	0.420409	0.104492	0.060762	0.153798	0.439456	0.102643	0.029810	0.213531	0.361561	0.087054	0.105465	0.093716	0.174557	0.177646	0.361561	0.087054	0.105465	0.093716	0.174557	0.177646	1,2,2,2,3,2	1.435059	0.582387	0.872758	0.872758	0.872758	1.022072	0.872758	
553000	-115935	1,1,1,1,1,1	0.000000	5.950848	5.950848	5.950848	5.950848	5.950848	5.950848	1,1,1,1,1,1	0.000000	0.015666	0.512830	0.111697	0.359807	0.015666	0.512830	0.111697	0.359807	0.015666	0.512830	0.111697	0.359807	0.015666	0.512830	0.111697	0.359807	0.015666	0.512830	0.111697	0.359807	0.015666	0.512830	0.111697	0.359807	1,2,1,3,4,5	6.213238	0.039480	0.076039	0.067065	0.227485	0.370410	0.219521	0.303186	0.419504	0.021208	0.110755	0.078482	0.066866	0.039480	0.076039	0.067065	0.227485	0.370410	0.219521	0.000061	0.081835	0.537302	0.282707	0.009307	0.088789	0.123959	0.114327	0.277640	0.086483	0.207229	0.190362	0.359776	0.238126	0.238604	0.028811	0.098746	0.035937	1,2,2,2,2,2	0.190710	0.510088	0.963131	0.963131	0.963131	0.963131	0.963131	
554000	-116128	1,1,1,1,1,1	0.000000	5.792086	5.792086	5.792086	5.792086	5.792086	5.792086	1,1,1,1,1,1	0.000000	0.014536	0.527655	0.123462	0.334348	0.014536	0.527655	0.123462	0.334348	0.014536	0.527655	0.123462	0.334348	0.014536	0.527655	0.123462	0.334348	0.014536	0.527655	0.123462	0.334348	0.014536	0.527655	0.123462	0.334348	1,2,1,3,4,2	4.849380	0.072363	0.050604	0.349598	0.184827	0.318132	0.024475	0.398354	0.043723	0.137427	0.088626	0.179604	0.152265	0.072363	0.050604	0.349598	0.184827	0.318132	0.024475	0.013945	0.145727	0.065144	0.215563	0.119835	0.439786	0.084345	0.355465	0.044263	0.019926	0.177572	0.318429	0.398354	0.043723	0.137427	0.088626	0.179604	0.152265	1,2,2,1,2,2	0.101368	0.793346	0.900953	0.900953	0.793346	0.900953	0.900953	
555000	-116641	1,2,3,4,5,3	9.615425	6.101936	5.165160	5.945062	5.297572	5.723213	5.945062	1,1,1,1,1,1	0.000000	0.014795	0.506388	0.144895	0.333922	0.014795	0.506388	0.144895	0.333922	0.014795	0.506388	0.144895	0.333922	0.014795	0.506388	0.144895	0.333922	0.014795	0.506388	0.144895	0.333922	0.014795	0.506388	0.144895	0.333922	1,2,3,4,5,1	8.131985	0.075213	0.192631	0.263216	0.097722	0.221743	0.149475	0.549497	0.017838	0.106013	0.187711	0.129697	0.009243	0.212578	0.076473	0.151775	0.091635	0.418426	0.049113	0.120775	0.229046	0.169318	0.274234	0.081333	0.125294	0.010503	0.069938	0.094068	0.091542	0.383733	0.350216	0.075213	0.192631	0.263216	0.097722	0.221743	0.149475	1,1,1,1,1,1	0.000000	0.859161	0.859161	0.859161	0.859161	0.859161	0.859161	
556000	-115946	1,1,1,1,1,1	0.000000	6.084148	6.084148	6.084148	6.084148	6.084148	6.084148	1,1,1,1,1,1	0.000000	0.013612	0.513769	0.108754	0.363865	0.013612	0.513769	0.108754	0.363865	0.013612	0.513769	0.108754	0.363865	0.013612	0.513769	0.108754	0.363865	0.013612	0.513769	0.108754	0.363865	0.013612	0.513769	0.108754	0.363865	1,2,3,4,5,6	5.038702	0.034463	0.028985	0.518889	0.234012	0.162246	0.021404	0.304707	0.004288	0.266976	0.121413	0.135005	0.167611	0.282230	0.079015	0.133740	0.148806	0.266940	0.089269	0.133292	0.377342	0.240385	0.148675	0.026929	0.073378	0.163962	0.188438	0.075779	0.092582	0.220757	0.258482	0.354239	0.035840	0.089722	0.101342	0.288754	0.130104	1,2,2,2,2,2	0.578849	0.816002	0.910489	0.910489	0.910489	0.910489	0.910489	
557000	-115508	1,1,1,1,1,1	0.000000	5.794089	5.794089	5.794089	5.794089	5.794089	5.794089	1,1,1,1,1,1	0.000000	0.015695	0.529410	0.124597	0.330298	0.015695	0.529410	0.124597	0.330298	0.015695	0.529410	0.124597	0.330298	0.015695	0.529410	0.124597	0.330298	0.015695	0.529410	0.124597	0.330298	0.015695	0.529410	0.124597	0.330298	1,2,3,4,5,2	4.259424	0.034723	0.146756	0.325783	0.196261	0.259260	0.037218	0.287863	0.108931	0.182691	0.060205	0.183493	0.176816	0.236646	0.224518	0.062982	0.118562	0.323706	0.033585	0.132743	0.414922	0.283449	0.092301	0.005225	0.071361	0.038589	0.164392	0.293054	0.075156	0.197002	0.231807	0.287863	0.108931	0.182691	0.060205	0.183493	0.176816	1,2,2,1,2,2	0.166384	0.731073	0.918177	0.918177	0.731073	0.918177	0.918177	
558000	-115809	1,2,3,4,5,1	17.588554	5.935527	5.412555	5.883452	6.602662	6.375513	5.935527	1,1,1,1,1,1	0.000000	0.015626	0.505881	0.138900	0.339592	0.015626	0.505881	0.138900	0.339592	0.015626	0.505881	0.138900	0.339592	0.015626	0.505881	0.138900	0.339592	0.015626	0.505881	0.138900	0.339592	0.015626	0.505881	0.138900	0.339592	1,2,3,4,5,2	0.795488	0.304430	0.097008	0.062706	0.247837	0.232715	0.055303	0.392461	0.196744	0.082372	0.111488	0.160543	0.056393	0.190891	0.438096	0.047260	0.111305	0.197341	0.015107	0.034539	0.138078	0.373108	0.257879	0.000438	0.195958	0.448422	0.163981	0.089576	0.099406	0.126033	0.072582	0.392461	0.196744	0.082372	0.111488	0.160543	0.056393	1,2,2,2,2,2	0.745461	0.646677	0.974120	0.974120	0.974120	0.974120	0.974120	
559000	-115899	1,1,1,1,1,1	0.000000	5.859990	5.859990	5.859990	5.859990	5.859990	5.859990	1,1,1,1,1,1	0.000000	0.012951	0.526861	0.122764	0.337425	0.012951	0.526861	0.122764	0.337425	0.012951	0.526861	0.122764	0.337425	0.012951	0.526861	0.122764	0.337425	0.012951	0.526861	0.122764	0.337425	0.012951	0.526861	0.122764	0.337425	1,2,1,3,4,5	5.650915	0.136315	0.284145	0.131679	0.144989	0.274970	0.027902	0.391752	0.038837	0.126621	0.121173	0.052273	0.269344	0.136315	0.284145	0.131679	0.144989	0.274970	0.027902	0.062966	0.285210	0.048483	0.325749	0.003425	0.274167	0.149457	0.171761	0.018405	0.078486	0.295547	0.286345	0.181311	0.087926	0.007906	0.129592	0.443224	0.150041	1,2,2,1,2,2	2.801295	0.703768	0.893541	0.893541	0.703768	0.893541	0.893541	
560000	-115432	1,2,3,4,5,6	11.128496	6.526393	5.161932	5.864458	5.590578	5.956494	5.943347	1,1,1,1,1,1	0.000000	0.018714	0.520504	0.125327	0.335455	0.018714	0.520504	0.125327	0.335455	0.018714	0.520504	0.125327	0.335455	0.018714	0.520504	0.125327	0.335455	0.018714	0.520504	0.125327	0.335455	0.018714	0.520504	0.125327	0.335455	1,2,1,3,4,4	4.593754	0.133068	0.132687	0.065257	0.213889	0.394079	0.061020	0.269045	0.140700	0.139470	0.247079	0.123346	0.080359	0.133068	0.132687	0.065257	0.213889	0.394079	0.061020	0.018490	0.105848	0.173513	0.197210	0.033319	0.471621	0.340722	0.031778	0.166237	0.089726	0.213594	0.157943	0.340722	0.031778	0.166237	0.089726	0.213594	0.157943	1,1,1,1,1,1	0.000000	0.865922	0.865922	0.865922	0.865922	0.865922	0.865922	
561000	-115666	1,2,2,3,1,1	1.568561	6.088253	5.973978	5.973978	5.110576	6.088253	6.088253	1,1,1,1,1,1	0.000000	0.019903	0.528660	0.135999	0.315438	0.019903	0.528660	0.135999	0.315438	0.019903	0.528660	0.135999	0.315438	0.019903	0.528660	0.135999	0.315438	0.019903	0.528660	0.135999	0.315438	0.019903	0.528660	0.135999	0.315438	1,2,1,3,4,4	1.298191	0.048911	0.287854	0.113540	0.190723	0.350699	0.008273	0.185293	0.341563	0.343849	0.050877	0.050340	0.028078	0.048911	0.287854	0.113540	0.190723	0.350699	0.008273	0.053219	0.092227	0.114421	0.189883	0.055248	0.495002	0.316359	0.169389	0.122574	0.044425	0.243114	0.104138	0.316359	0.169389	0.122574	0.044425	0.243114	0.104138	1,2,2,2,2,2	0.529936	0.595236	0.896740	0.896740	0.896740	0.896740	0.896740	
562000	-115723	1,2,1,3,4,4	12.952080	5.957032	5.485735	5.957032	6.158162	6.441883	6.441883	1,1,1,1,1,1	0.000000	0.011702	0.536681	0.112374	0.339243	0.011702	0.536681	0.112374	0.339243	0.011702	0.536681	0.112374	0.339243	0.011702	0.536681	0.112374	0.339243	0.011702	0.536681	0.112374	0.339243	0.011702	0.536681	0.112374	0.339243	1,2,3,4,5,2	30.027058	0.112013	0.127394	0.104524	0.264666	0.282530	0.108872	0.158188	0.315548	0.134376	0.144482	0.195649	0.051756	0.036729	0.185681	0.249492	0.135601	0.390141	0.002355	0.284618	0.038685	0.200554	0.194775	0.010467	0.270902	0.126485	0.015549	0.326195	0.108602	0.239472	0.183697	0.158188	0.315548	0.134376	0.144482	0.195649	0.051756	1,2,2,2,2,2	2.310280	0.646740	0.919101	0.919101	0.919101	0.919101	0.919101	
563000	-116374	1,2,1,3,1,1	0.399736	5.873971	5.473256	5.873971	5.159310	5.873971	5.873971	1,1,1,2,1,1	0.765027	0.014831	0.510491	0.119023	0.355655	0.014831	0.510491	0.119023	0.355655	0.014831	0.510491	0.119023	0.355655	0.007080	0.479745	0.285364	0.227810	0.014831	0.510491	0.119023	0.355655	0.014831	0.510491	0.119023	0.355655	1,2,3,4,5,1	2.761263	0.225831	0.043769	0.072270	0.214837	0.239590	0.203703	0.494770	0.186964	0.044216	0.130393	0.092843	0.050814	0.116392	0.639101	0.026926	0.102112	0.109031	0.006438	0.119901	0.487290	0.047216	0.114740	0.090478	0.140374	0.250680	0.019905	0.180423	0.061123	0.235703	0.252165	0.225831	0.043769	0.072270	0.214837	0.239590	0.203703	1,1,1,1,1,1	0.000000	0.833694	0.833694	0.833694	0.833694	0.833694	0.833694	
564000	-116576	1,1,1,1,1,1	0.000000	5.901112	5.901112	5.901112	5.901112	5.901112	5.901112	1,1,1,1,1,1	0.000000	0.011644	0.515547	0.130156	0.342654	0.011644	0.515547	0.130156	0.342654	0.011644	0.515547	0.130156	0.342654	0.011644	0.515547	0.130156	0.342654	0.011644	0.515547	0.130156	0.342654	0.011644	0.515547	0.130156	0.342654	1,2,3,4,3,3	6.988422	0.034903	0.138664	0.048483	0.306842	0.314163	0.156946	0.302372	0.055241	0.010663	0.203775	0.295353	0.132594	0.210636	0.192822	0.244999	0.056860	0.192751	0.101932	0.098333	0.081114	0.345187	0.168925	0.080746	0.225696	0.210636	0.192822	0.244999	0.056860	0.192751	0.101932	0.210636	0.192822	0.244999	0.056860	0.192751	0.101932	1,2,2,2,2,2	1.303010	0.506470	0.948291	0.948291	0.948291	0.948291	0.948291	
565000	-116762	1,2,2,3,1,1	3.709633	5.850705	5.604562	5.604562	4.924758	5.850705	5.850705	1,1,1,2,1,1	0.126753	0.013417	0.524121	0.126176	0.336286	0.013417	0.524121	0.126176	0.336286	0.013417	0.524121	0.126176	0.336286	0.051640	0.442318	0.157375	0.348667	0.013417	0.524121	0.126176	0.336286	0.013417	0.524121	0.126176	0.336286	1,2,3,4,5,2	6.555453	0.068555	0.215132	0.116651	0.306545	0.215250	0.077866	0.148289	0.496391	0.199186	0.034503	0.064681	0.056949	0.109541	0.197604	0.201663	0.160048	0.327762	0.003381	0.017222	0.123685	0.060691	0.123172	0.194603	0.480628	0.038376	0.138815	0.346765	0.035426	0.153325	0.287293	0.148289	0.496391	0.199186	0.034503	0.064681	0.056949	1,2,2,2,2,2	0.007957	0.561508	0.893330	0.893330	0.893330	0.893330	0.893330	
566000	-115645	1,2,3,2,4,5	5.580083	6.153628	5.443172	6.078075	5.443172	6.035999	6.387216	1,2,1,1,1,2	0.588590	0.013513	0.517665	0.135909	0.332913	0.020203	0.505497	0.107373	0.366928	0.013513	0.517665	0.135909	0.332913	0.013513	0.517665	0.135909	0.332913	0.013513	0.517665	0.135909	0.332913	0.020203	0.505497	0.107373	0.366928	1,2,3,4,5,1	12.477219	0.242337	0.074642	0.045951	0.210216	0.337235	0.089619	0.366161	0.249380	0.089098	0.091107	0.074966	0.129289	0.010115	0.053029	0.280668	0.137408	0.447456	0.071325	0.118415	0.115762	0.564931	0.092619	0.023100	0.085174	0.220843	0.021147	0.206701	0.085237	0.303658	0.162414	0.242337	0.074642	0.045951	0.210216	0.337235	0.089619	1,2,3,2,2,2	1.520652	0.621902	0.967756	0.842782	0.967756	0.967756	0.967756	
567000	-115358	1,1,1,1,1,1	0.000000	5.826799	5.826799	5.826799	5.826799	5.826799	5.826799	1,1,1,1,1,1	0.000000	0.015346	0.525662	0.124801	0.334191	0.015346	0.525662	0.124801	0.334191	0.015346	0.525662	0.124801	0.334191	0.015346	0.525662	0.124801	0.334191	0.015346	0.525662	0.124801	0.334191	0.015346	0.525662	0.124801	0.334191	1,2,3,4,5,2	2.095409	0.096104	0.193236	0.276184	0.155980	0.222946	0.055549	0.409033	0.122797	0.048728	0.110644	0.216202	0.092596	0.285073	0.276052	0.095763	0.112102	0.215569	0.015441	0.016429	0.191850	0.281738	0.169053	0.031177	0.309753	0.163539	0.258170	0.133362	0.128689	0.165822	0.150419	0.409033	0.122797	0.048728	0.110644	0.216202	0.092596	1,1,1,1,1,1	0.000000	0.873582	0.873582	0.873582	0.873582	0.873582	0.873582	
568000	-116501	1,2,1,1,3,3	0.409971	6.303375	5.224556	6.303375	6.303375	5.918931	5.918931	1,1,1,1,1,1	0.000000	0.018339	0.533926	0.126743	0.320993	0.018339	0.533926	0.126743	0.320993	0.018339	0.533926	0.126743	0.320993	0.018339	0.533926	0.126743	0.320993	0.018339	0.533926	0.126743	0.320993	0.018339	0.533926	0.126743	0.320993	1,2,3,4,5,2	10.427432	0.020158	0.312124	0.067782	0.386592	0.190901	0.022443	0.296300	0.215118	0.023386	0.121979	0.187174	0.156044	0.026896	0.172613	0.081772	0.081540	0.539525	0.097654	0.021845	0.057873	0.254918	0.519455	0.053407	0.092502	0.187632	0.104630	0.242482	0.060215	0.230190	0.174851	0.296300	0.215118	0.023386	0.121979	0.187174	0.156044	1,2,2,2,2,2	0.023052	0.645682	0.924209	0.924209	0.924209	0.924209	0.924209	
569000	-115829	1,1,1,1,1,1	0.000105	5.848108	5.848108	5.848108	5.848108	5.848108	5.848108	1,1,1,1,1,1	0.000000	0.019125	0.500341	0.136159	0.344375	0.019125	0.500341	0.136159	0.344375	0.019125	0.500341	0.136159	0.344375	0.019125	0.500341	0.136159	0.344375	0.019125	0.500341	0.136159	0.344375	0.019125	0.500341	0.136159	0.344375	1,2,3,4,5,2	6.164226	0.108361	0.231060	0.019105	0.307234	0.279647	0.054593	0.439780	0.165342	0.033631	0.121450	0.165982	0.073814	0.043911	0.013274	0.145851	0.119017	0.477800	0.200147	0.028481	0.332179	0.081929	0.357127	0.049544	0.150740	0.148988	0.140945	0.058014	0.092595	0.270204	0.289254	0.439780	0.165342	0.033631	0.121450	0.165982	0.073814	1,2,2,2,2,2	0.220115	0.710578	0.931660	0.931660	0.931660	0.931660	0.931660	
570000	-117154	1,1,1,1,1,1	0.000000	5.939754	5.939754	5.939754	5.939754	5.939754	5.939754	1,1,1,1,1,1	0.000000	0.014284	0.510170	0.121988	0.353557	0.014284	0.510170	0.121988	0.353557	0.014284	0.510170	0.121988	0.353557	0.014284	0.510170	0.121988	0.353557	0.014284	0.510170	0.121988	0.353557	0.014284	0.510170	0.121988	0.353557	1,2,3,2,4,5	5.975324	0.007603	0.245684	0.139790	0.331028	0.209968	0.065926	0.223699	0.275749	0.241547	0.141483	0.072492	0.045029	0.228036	0.378749	0.052142	0.135287	0.188954	0.016832	0.223699	0.275749	0.241547	0.141483	0.072492	0.045029	0.077114	0.386059	0.033569	0.014413	0.203670	0.285175	0.174949	0.145589	0.205772	0.093549	0.216145	0.163996	1,2,2,2,2,2	0.324393	0.712466	0.935379	0.935379	0.935379	0.935379	0.935379	
571000	-115633	1,2,3,4,3,1	9.050453	6.055110	5.361060	5.907394	5.776287	5.907394	6.055110	1,1,1,1,1,1	0.000000	0.016494	0.497544	0.130581	0.355381	0.016494	0.497544	0.130581	0.355381	0.016494	0.497544	0.130581	0.355381	0.016494	0.497544	0.130581	0.355381	0.016494	0.497544	0.130581	0.355381	0.016494	0.497544	0.130581	0.355381	1,2,1,3,2,4	2.454487	0.072546	0.049239	0.187404	0.215347	0.380145	0.095319	0.241009	0.195895	0.186313	0.113155	0.149960	0.113669	0.072546	0.049239	0.187404	0.215347	0.380145	0.095319	0.198890	0.055027	0.082743	0.365904	0.015825	0.281610	0.241009	0.195895	0.186313	0.113155	0.149960	0.113669	0.294264	0.020150	0.171030	0.143949	0.201297	0.169310	1,2,2,3,2,2	1.901311	0.642100	0.982729	0.982729	0.796690	0.982729	0.982729	
572000	-115429	1,2,2,3,4,5	2.554866	6.268914	5.487431	5.487431	5.167435	5.761764	5.929402	1,1,1,1,1,1	0.000000	0.011747	0.533945	0.126981	0.327328	0.011747	0.533945	0.126981	0.327328	0.011747	0.533945	0.126981	0.327328	0.011747	0.533945	0.126981	0.327328	0.011747	0.533945	0.126981	0.327328	0.011747	0.533945	0.126981	0.327328	1,2,1,3,4,4	2.739747	0.066695	0.277509	0.201583	0.172274	0.247288	0.034651	0.286569	0.133382	0.380117	0.028849	0.085366	0.085717	0.066695	0.277509	0.201583	0.172274	0.247288	0.034651	0.132740	0.192455	0.186332	0.182121	0.027472	0.278880	0.230939	0.055126	0.137843	0.115574	0.254538	0.205980	0.230939	0.055126	0.137843	0.115574	0.254538	0.205980	1,2,3,3,3,2	0.495173	0.740056	0.979324	0.847685	0.847685	0.847685	0.979324	
573000	-115920	1,1,1,1,1,1	0.000000	5.810820	5.810820	5.810820	5.810820	5.810820	5.810820	1,1,1,1,1,1	0.000000	0.013869	0.513699	0.132177	0.340255	0.013869	0.513699	0.132177	0.340255	0.013869	0.513699	0.132177	0.340255	0.013869	0.513699	0.132177	0.340255	0.013869	0.513699	0.132177	0.340255	0.013869	0.513699	0.132177	0.340255	1,1,2,3,4,1	15.954003	0.377205	0.049385	0.085747	0.140750	0.229732	0.117182	0.377205	0.049385	0.085747	0.140750	0.229732	0.117182	0.267219	0.231056	0.109178	0.098418	0.286226	0.007903	0.172493	0.480899	0.033111	0.084302	0.021723	0.207471	0.136446	0.285453	0.181333	0.085855	0.206556	0.104356	0.377205	0.049385	0.085747	0.140750	0.229732	0.117182	1,1,1,1,1,1	0.001356	0.886579	0.886579	0.886579	0.886579	0.886579	0.886579	
574000	-116658	1,2,2,2,3,4	1.106979	6.203455	5.460732	5.460732	5.460732	5.966164	5.962284	1,1,1,1,1,1	0.000000	0.012480	0.512647	0.141988	0.332885	0.012480	0.512647	0.141988	0.332885	0.012480	0.512647	0.141988	0.332885	0.012480	0.512647	0.141988	0.332885	0.012480	0.512647	0.141988	0.332885	0.012480	0.512647	0.141988	0.332885	1,2,1,2,3,4	1.681444	0.013469	0.217129	0.245842	0.190830	0.309734	0.022996	0.294281	0.125033	0.289165	0.080589	0.065360	0.145572	0.013469	0.217129	0.245842	0.190830	0.309734	0.022996	0.294281	0.125033	0.289165	0.080589	0.065360	0.145572	0.024468	0.443419	0.220668	0.026181	0.122418	0.162847	0.075754	0.173723	0.113026	0.247337	0.273730	0.116430	1,1,1,1,1,1	0.000000	0.857039	0.857039	0.857039	0.857039	0.857039	0.857039	
575000	-116707	1,2,1,3,1,1	1.504086	5.888143	5.231615	5.888143	5.039037	5.888143	5.888143	1,1,1,1,1,1	0.000000	0.012410	0.521114	0.127629	0.338847	0.012410	0.521114	0.127629	0.338847	0.012410	0.521114	0.127629	0.338847	0.012410	0.521114	0.127629	0.338847	0.012410	0.521114	0.127629	0.338847	0.012410	0.521114	0.127629	0.338847	1,2,3,4,5,2	16.851299	0.057597	0.186700	0.469542	0.124801	0.123230	0.038131	0.333433	0.057451	0.158489	0.125016	0.241388	0.084222	0.353894	0.166970	0.071954	0.079196	0.270204	0.057782	0.244395	0.005515	0.002035	0.545907	0.066110	0.136037	0.019295	0.429211	0.258574	0.015353	0.156256	0.121310	0.333433	0.057451	0.158489	0.125016	0.241388	0.084222	1,2,2,1,2,2	0.109898	0.603792	0.895404	0.895404	0.603792	0.895404	0.895404	
576000	-116560	1,2,1,2,1,1	0.820524	5.944576	4.900187	5.944576	4.900187	5.944576	5.944576	1,1,1,1,1,1	0.000000	0.020555	0.509158	0.114054	0.356232	0.020555	0.509158	0.114054	0.356232	0.020555	0.509158	0.114054	0.356232	0.020555	0.509158	0.114054	0.356232	0.020555	0.509158	0.114054	0.356232	0.020555	0.509158	0.114054	0.356232	1,2,1,3,4,5	10.778533	0.052820	0.213157	0.266153	0.181828	0.174380	0.111662	0.244523	0.060114	0.241281	0.181775	0.135034	0.137274	0.052820	0.213157	0.266153	0.181828	0.174380	0.111662	0.132868	0.388558	0.042688	0.159577	0.063240	0.213069	0.133699	0.576843	0.042410	0.017008	0.087616	0.142425	0.223009	0.027663	0.219684	0.204226	0.295691	0.029727	1,1,1,1,1,1	0.000000	0.877695	0.877695	0.877695	0.877695	0.877695	0.877695	
577000	-115449	1,2,3,4,1,4	10.607780	6.029964	5.619590	5.893734	6.176802	6.029964	6.176802	1,1,1,1,1,1	0.000000	0.010097	0.505473	0.129491	0.354939	0.010097	0.505473	0.129491	0.354939	0.010097	0.505473	0.129491	0.354939	0.010097	0.505473	0.129491	0.354939	0.010097	0.505473	0.129491	0.354939	0.010097	0.505473	0.129491	0.354939	1,2,1,3,4,2	3.538126	0.293711	0.116360	0.153181	0.179325	0.244614	0.012809	0.379629	0.366995	0.004862	0.064685	0.120916	0.062913	0.293711	0.116360	0.153181	0.179325	0.244614	0.012809	0.114873	0.403030	0.136873	0.211849	0.006730	0.126645	0.121306	0.132983	0.072358	0.081452	0.340232	0.251668	0.379629	0.366995	0.004862	0.064685	0.120916	0.062913	1,2,2,2,2,2	0.055752	0.682813	0.911018	0.911018	0.911018	0.911018	0.911018	
578000	-115769	1,2,3,4,1,5	4.561579	6.134234	5.515799	5.832288	5.307148	6.134234	5.765021	1,1,1,1,1,1	0.000000	0.015208	0.521411	0.125763	0.337618	0.015208	0.521411	0.125763	0.337618	0.015208	0.521411	0.125763	0.337618	0.015208	0.521411	0.125763	0.337618	0.015208	0.521411	0.125763	0.337618	0.015208	0.521411	0.125763	0.337618	1,1,2,3,4,1	0.710686	0.349385	0.088223	0.167325	0.122918	0.169542	0.102607	0.349385	0.088223	0.167325	0.122918	0.169542	0.102607	0.113617	0.318901	0.148325	0.040452	0.315262	0.063444	0.020762	0.072319	0.182211	0.179801	0.066704	0.478203	0.003847	0.393472	0.089259	0.049089	0.239120	0.225214	0.349385	0.088223	0.167325	0.122918	0.169542	0.102607	1,2,3,3,3,2	1.674960	0.790882	0.961491	0.920600	0.920600	0.920600	0.961491	
579000	-115357	1,2,1,3,4,5	2.042463	5.640847	5.712736	5.640847	6.150948	6.138580	5.858250	1,1,1,1,1,1	0.000000	0.011632	0.511091	0.136730	0.340547	0.011632	0.511091	0.136730	0.340547	0.011632	0.511091	0.136730	0.340547	0.011632	0.511091	0.136730	0.340547	0.011632	0.511091	0.136730	0.340547	0.011632	0.511091	0.136730	0.340547	1,2,1,3,4,2	2.184200	0.115741	0.118512	0.151320	0.234760	0.334596	0.045072	0.515330	0.144766	0.044961	0.070257	0.153358	0.071328	0.115741	0.118512	0.151320	0.234760	0.334596	0.045072	0.193789	0.287024	0.154880	0.182248	0.007320	0.174740	0.106475	0.333994	0.084798	0.010679	0.153894	0.310159	0.515330	0.144766	0.044961	0.070257	0.153358	0.071328	1,2,2,2,2,2	0.034228	0.580235	0.954900	0.954900	0.954900	0.954900	0.954900	
580000	-115559	1,1,1,1,1,1	0.000001	5.798032	5.798032	5.798032	5.798032	5.798032	5.798032	1,1,1,1,1,1	0.000000	0.015955	0.535278	0.115439	0.333328	0.015955	0.535278	0.115439	0.333328	0.015955	0.535278	0.115439	0.333328	0.015955	0.535278	0.115439	0.333328	0.015955	0.535278	0.115439	0.333328	0.015955	0.535278	0.115439	0.333328	1,2,3,4,5,6	3.693946	0.316375	0.089821	0.005340	0.220437	0.271733	0.096294	0.103666	0.317818	0.287843	0.143410	0.086690	0.060572	0.147948	0.036755	0.203099	0.242085	0.365225	0.004889	0.146032	0.124277	0.180869	0.191127	0.025483	0.332212	0.130491	0.154147	0.225673	0.039036	0.238410	0.212244	0.204528	0.347694	0.094882	0.076391	0.145243	0.131261	1,1,1,1,1,1	0.000000	0.868449	0.868449	0.868449	0.868449	0.868449	0.868449	
581000	-115635	1,1,1,2,1,1	1.548471	6.005606	6.005606	6.005606	7.005511	6.005606	6.005606	1,1,1,1,1,1	0.000000	0.015621	0.517608	0.123899	0.342872	0.015621	0.517608	0.123899	0.342872	0.015621	0.517608	0.123899	0.342872	0.015621	0.517608	0.123899	0.342872	0.015621	0.517608	0.123899	0.342872	0.015621	0.517608	0.123899	0.342872	1,2,3,4,5,5	3.829191	0.006050	0.032367	0.498022	0.280034	0.166127	0.017401	0.400303	0.415624	0.021623	0.047901	0.028272	0.086276	0.131239	0.262298	0.077620	0.136180	0.374256	0.018407	0.008832	0.008173	0.246181	0.497045	0.012303	0.227466	0.284554	0.026888	0.076407	0.160733	0.264033	0.187386	0.284554	0.026888	0.076407	0.160733	0.264033	0.187386	1,2,2,2,2,2	0.492031	0.561982	0.855498	0.855498	0.855498	0.855498	0.855498	
582000	-116514	1,2,3,2,4,4	6.248871	5.707797	5.098734	5.829525	5.098734	5.775451	5.775451	1,2,1,1,2,1	0.721060	0.013000	0.498508	0.157017	0.331475	0.063097	0.447824	0.089147	0.399933	0.013000	0.498508	0.157017	0.331475	0.013000	0.498508	0.157017	0.331475	0.063097	0.447824	0.089147	0.399933	0.013000	0.498508	0.157017	0.331475	1,2,3,4,2,5	7.559091	0.070128	0.382834	0.181748	0.161548	0.186571	0.017171	0.119973	0.136622	0.124453	0.151635	0.200517	0.266800	0.026450	0.091267	0.258526	0.129349	0.467398	0.027009	0.151554	0.059657	0.473333	0.189335	0.048393	0.077728	0.119973	0.136622	0.124453	0.151635	0.200517	0.266800	0.214133	0.313612	0.228964	0.084808	0.118108	0.040376	1,2,2,2,2,2	0.125809	0.636999	0.928691	0.928691	0.928691	0.928691	0.928691	
583000	-115653	1,2,2,3,4,5	3.373648	5.856380	5.503811	5.503811	5.177715	6.194697	6.246218	1,1,1,1,1,1	0.000000	0.014697	0.504526	0.139062	0.341716	0.014697	0.504526	0.139062	0.341716	0.014697	0.504526	0.139062	0.341716	0.014697	0.504526	0.139062	0.341716	0.014697	0.504526	0.139062	0.341716	0.014697	0.504526	0.139062	0.341716	1,2,3,4,5,2	6.275541	0.058437	0.152336	0.274180	0.250728	0.222303	0.042016	0.649696	0.033718	0.055908	0.068657	0.129210	0.062810	0.119879	0.377003	0.070242	0.131624	0.233621	0.067631	0.121777	0.132551	0.042480	0.255281	0.083946	0.363965	0.096940	0.257951	0.011299	0.034530	0.317009	0.282270	0.649696	0.033718	0.055908	0.068657	0.129210	0.062810	1,2,3,3,2,3	0.966333	0.666705	0.972414	0.925577	0.925577	0.972414	0.925577	
584000	-116167	1,2,2,2,1,1	0.009438	5.948004	5.442598	5.442598	5.442598	5.948004	5.948004	1,1,1,1,1,1	0.000000	0.018442	0.488124	0.132831	0.360604	0.018442	0.488124	0.132831	0.360604	0.018442	0.488124	0.132831	0.360604	0.018442	0.488124	0.132831	0.360604	0.018442	0.488124	0.132831	0.360604	0.018442	0.488124	0.132831	0.360604	1,2,1,3,4,5	2.026042	0.018922	0.112418	0.152367	0.269596	0.367625	0.079071	0.141625	0.182696	0.341428	0.146209	0.068137	0.119905	0.018922	0.112418	0.152367	0.269596	0.367625	0.079071	0.059846	0.248138	0.186465	0.108083	0.064492	0.332977	0.082197	0.107988	0.280928	0.075511	0.257506	0.195871	0.435368	0.069364	0.047603	0.224851	0.169363	0.053451	1,2,2,2,3,2	0.595459	0.549520	0.953282	0.953282	0.953282	0.975255	0.953282	
585000	-115235	1,2,1,2,1,1	0.624490	5.813560	5.423331	5.813560	5.423331	5.813560	5.813560	1,1,1,1,1,1	0.000000	0.014665	0.524806	0.130154	0.330375	0.014665	0.524806	0.130154	0.330375	0.014665	0.524806	0.130154	0.330375	0.014665	0.524806	0.130154	0.330375	0.014665	0.524806	0.130154	0.330375	0.014665	0.524806	0.130154	0.330375	1,2,3,4,5,2	2.533085	0.012447	0.093408	0.278341	0.267439	0.306142	0.042222	0.240643	0.153503	0.288337	0.074631	0.133283	0.109603	0.269436	0.011313	0.162687	0.140788	0.400148	0.015628	0.049923	0.112356	0.265427	0.225201	0.019340	0.327754	0.131636	0.250023	0.258469	0.003039	0.145955	0.210877	0.240643	0.153503	0.288337	0.074631	0.133283	0.109603	1,2,2,2,2,2	0.436965	0.691814	0.976164	0.976164	0.976164	0.976164	0.976164	
586000	-115468	1,2,3,4,5,6	20.709885	6.126844	5.423914	5.774523	6.348477	6.336844	6.321247	1,1,1,1,1,1	0.000000	0.012741	0.523164	0.118362	0.345734	0.012741	0.523164	0.118362	0.345734	0.012741	0.523164	0.118362	0.345734	0.012741	0.523164	0.118362	0.345734	0.012741	0.523164	0.118362	0.345734	0.012741	0.523164	0.118362	0.345734	1,2,3,4,2,2	3.530207	0.110646	0.031916	0.453492	0.181919	0.204102	0.017925	0.425042	0.104961	0.099564	0.073914	0.189804	0.106715	0.066557	0.445973	0.113124	0.115457	0.212858	0.046032	0.063914	0.202704	0.088585	0.197605	0.000902	0.446291	0.425042	0.104961	0.099564	0.073914	0.189804	0.106715	0.425042	0.104961	0.099564	0.073914	0.189804	0.106715	1,2,2,2,2,2	0.168480	0.569731	0.923496	0.923496	0.923496	0.923496	0.923496	
587000	-116002	1,2,1,3,1,1	1.706601	5.925822	5.257469	5.925822	5.107988	5.925822	5.925822	1,1,1,1,1,1	0.000000	0.013725	0.522114	0.119866	0.344294	0.013725	0.522114	0.119866	0.344294	0.013725	0.522114	0.119866	0.344294	0.013725	0.522114	0.119866	0.344294	0.013725	0.522114	0.119866	0.344294	0.013725	0.522114	0.119866	0.344294	1,2,1,3,4,1	6.798100	0.232495	0.177140	0.080205	0.167999	0.263379	0.078782	0.182646	0.357364	0.181274	0.116948	0.068312	0.093456	0.232495	0.177140	0.080205	0.167999	0.263379	0.078782	0.042199	0.374245	0.078736	0.126876	0.070186	0.307758	0.182757	0.280429	0.104367	0.087004	0.171037	0.174407	0.232495	0.177140	0.080205	0.167999	0.263379	0.078782	1,2,2,2,2,2	1.587486	0.493811	0.974451	0.974451	0.974451	0.974451	0.974451	
588000	-115861	1,2,3,4,5,6	27.478838	6.373202	5.361475	6.082456	6.174341	5.956566	5.970692	1,1,1,1,1,1	0.000000	0.015614	0.507433	0.120794	0.356159	0.015614	0.507433	0.120794	0.356159	0.015614	0.507433	0.120794	0.356159	0.015614	0.507433	0.120794	0.356159	0.015614	0.507433	0.120794	0.356159	0.015614	0.507433	0.120794	0.356159	1,2,3,4,5,5	4.282410	0.063893	0.058385	0.086229	0.355776	0.319180	0.116537	0.151071	0.177351	0.515662	0.062253	0.055160	0.038503	0.075833	0.093934	0.137817	0.333478	0.343358	0.015580	0.157937	0.148139	0.055738	0.350357	0.007261	0.280567	0.435708	0.041992	0.050331	0.162657	0.220044	0.089268	0.435708	0.041992	0.050331	0.162657	0.220044	0.089268	1,2,2,3,2,2	1.344885	0.573481	0.962962	0.962962	0.897390	0.962962	0.962962	
589000	-115579	1,2,3,2,4,1	2.605115	5.901133	5.424861	6.259399	5.424861	6.275965	5.901133	1,2,2,1,2,1	0.264169	0.039058	0.524806	0.122233	0.313902	0.014735	0.536300	0.113009	0.335956	0.014735	0.536300	0.113009	0.335956	0.039058	0.524806	0.122233	0.313902	0.014735	0.536300	0.113009	0.335956	0.039058	0.524806	0.122233	0.313902	1,2,3,4,5,6	6.432060	0.109733	0.176180	0.064582	0.202072	0.330106	0.117328	0.322043	0.035449	0.443030	0.061783	0.034771	0.102924	0.316317	0.143872	0.187309	0.102847	0.245265	0.004391	0.022941	0.152538	0.058912	0.174708	0.025206	0.565694	0.037670	0.019076	0.266486	0.145241	0.286728	0.244799	0.178573	0.045765	0.241676	0.104841	0.277056	0.152089	1,2,2,1,2,2	0.078559	0.863587	0.923481	0.923481	0.863587	0.923481	0.923481	
590000	-115900	1,2,3,4,1,3	3.761332	6.127101	5.224093	5.592098	5.956686	6.127101	5.592098	1,1,1,1,1,1	0.000000	0.014217	0.511549	0.128726	0.345508	0.014217	0.511549	0.128726	0.345508	0.014217	0.511549	0.128726	0.345508	0.014217	0.511549	0.128726	0.345508	0.014217	0.511549	0.128726	0.345508	0.014217	0.511549	0.128726	0.345508	1,2,1,3,4,2	25.740970	0.243053	0.236820	0.126671	0.141232	0.220021	0.032204	0.211551	0.210854	0.134349	0.120821	0.216781	0.105643	0.243053	0.236820	0.126671	0.141232	0.220021	0.032204	0.005586	0.114441	0.149179	0.479197	0.039426	0.212171	0.236149	0.057437	0.097969	0.019374	0.205766	0.383304	0.211551	0.210854	0.134349	0.120821	0.216781	0.105643	1,2,2,2,2,2	0.292399	0.716713	0.931384	0.931384	0.931384	0.931384	0.931384	
591000	-115159	1,2,3,3,1,3	6.078285	6.299923	5.406439	5.834578	5.834578	6.299923	5.834578	1,1,1,1,1,1	0.000000	0.013749	0.526997	0.137397	0.321856	0.013749	0.526997	0.137397	0.321856	0.013749	0.526997	0.137397	0.321856	0.013749	0.526997	0.137397	0.321856	0.013749	0.526997	0.137397	0.321856	0.013749	0.526997	0.137397	0.321856	1,2,1,3,4,2	6.649446	0.100674	0.155471	0.124615	0.208908	0.357224	0.053109	0.420285	0.036736	0.147404	0.106056	0.174795	0.114724	0.100674	0.155471	0.124615	0.208908	0.357224	0.053109	0.017156	0.429802	0.120770	0.153657	0.001083	0.277532	0.247196	0.043477	0.145346	0.078852	0.218896	0.266234	0.420285	0.036736	0.147404	0.106056	0.174795	0.114724	1,1,1,1,1,1	0.000000	0.864106	0.864106	0.864106	0.864106	0.864106	0.864106	
592000	-116121	1,1,1,1,1,1	0.015144	5.662309	5.662309	5.662309	5.662309	5.662309	5.662309	1,1,1,1,1,1	0.000000	0.013524	0.528022	0.121283	0.337171	0.013524	0.528022	0.121283	0.337171	0.013524	0.528022	0.121283	0.337171	0.013524	0.528022	0.121283	0.337171	0.013524	0.528022	0.121283	0.337171	0.013524	0.528022	0.121283	0.337171	1,2,3,4,5,2	8.049355	0.114166	0.424435	0.230610	0.082665	0.115811	0.032312	0.471862	0.076007	0.039042	0.118277	0.173115	0.121699	0.186313	0.023409	0.196869	0.135962	0.413442	0.044005	0.088555	0.019749	0.419008	0.153422	0.077829	0.241436	0.295660	0.086831	0.067467	0.139302	0.295357	0.115384	0.471862	0.076007	0.039042	0.118277	0.173115	0.121699	1,2,2,2,2,2	0.633136	0.740076	0.899459	0.899459	0.899459	0.899459	0.899459	
593000	-115641	1,2,3,4,1,5	11.529056	5.915154	5.308696	5.756295	6.714726	5.915154	5.976260	1,1,1,1,1,1	0.000000	0.015730	0.516284	0.138787	0.329198	0.015730	0.516284	0.138787	0.329198	0.015730	0.516284	0.138787	0.329198	0.015730	0.516284	0.138787	0.329198	0.015730	0.516284	0.138787	0.329198	0.015730	0.516284	0.138787	0.329198	1,2,1,3,4,4	5.055022	0.047163	0.066605	0.212614	0.174795	0.353334	0.145490	0.335023	0.088352	0.162700	0.156368	0.104789	0.152770	0.047163	0.066605	0.212614	0.174795	0.353334	0.145490	0.009877	0.109152	0.067428	0.220607	0.017802	0.575134	0.073307	0.128064	0.129525	0.118745	0.309114	0.241245	0.073307	0.128064	0.129525	0.118745	0.309114	0.241245	1,2,3,3,2,2	0.369254	0.526016	0.978251	0.881573	0.881573	0.978251	0.978251	
594000	-116047	1,1,1,1,1,1	0.000000	5.581747	5.581747	5.581747	5.581747	5.581747	5.581747	1,1,1,1,1,1	0.000000	0.017036	0.510265	0.137209	0.335490	0.017036	0.510265	0.137209	0.335490	0.017036	0.510265	0.137209	0.335490	0.017036	0.510265	0.137209	0.335490	0.017036	0.510265	0.137209	0.335490	0.017036	0.510265	0.137209	0.335490	1,2,2,3,4,5	1.992818	0.065252	0.056908	0.326087	0.262909	0.219776	0.069068	0.151938	0.047466	0.272797	0.184861	0.218696	0.124242	0.151938	0.047466	0.272797	0.184861	0.218696	0.124242	0.008474	0.138126	0.180268	0.334956	0.035368	0.302809	0.431591	0.211016	0.126604	0.025125	0.100323	0.105342	0.259140	0.089910	0.035520	0.079378	0.348994	0.187059	1,2,2,1,2,2	1.115756	0.800071	0.888841	0.888841	0.800071	0.888841	0.888841	
595000	-116287	1,1,1,1,1,1	0.005334	5.797789	5.797789	5.797789	5.797789	5.797789	5.797789	1,1,1,1,1,1	0.000000	0.011075	0.542566	0.124713	0.321645	0.011075	0.542566	0.124713	0.321645	0.011075	0.542566	0.124713	0.321645	0.011075	0.542566	0.124713	0.321645	0.011075	0.542566	0.124713	0.321645	0.011075	0.542566	0.124713	0.321645	1,1,2,3,4,4	3.522042	0.128412	0.361167	0.123985	0.172035	0.138116	0.076285	0.128412	0.361167	0.123985	0.172035	0.138116	0.076285	0.076573	0.242707	0.167408	0.092677	0.408805	0.011831	0.537086	0.051011	0.195201	0.049530	0.016827	0.150345	0.265195	0.057948	0.263191	0.073607	0.211666	0.128393	0.265195	0.057948	0.263191	0.073607	0.211666	0.128393	1,2,2,2,2,2	1.736090	0.615555	0.917457	0.917457	0.917457	0.917457	0.917457	
596000	-116662	1,1,1,1,1,1	0.000000	5.875576	5.875576	5.875576	5.875576	5.875576	5.875576	1,1,1,1,1,1	0.000000	0.014022	0.555073	0.101410	0.329495	0.014022	0.555073	0.101410	0.329495	0.014022	0.555073	0.101410	0.329495	0.014022	0.555073	0.101410	0.329495	0.014022	0.555073	0.101410	0.329495	0.014022	0.555073	0.101410	0.329495	1,2,3,4,5,6	24.137617	0.011292	0.192937	0.217146	0.226301	0.260515	0.091809	0.342086	0.519199	0.036884	0.007723	0.037194	0.056914	0.059218	0.121060	0.140981	0.235804	0.434004	0.008932	0.239270	0.045073	0.409616	0.098445	0.063040	0.144556	0.299649	0.141744	0.343568	0.040297	0.079932	0.094809	0.235376	0.242249	0.185766	0.124406	0.130058	0.082144	1,1,1,1,1,1	0.000000	0.900908	0.900908	0.900908	0.900908	0.900908	0.900908	
597000	-115145	1,2,2,1,1,2	0.125654	6.099079	5.783538	5.783538	6.099079	6.099079	5.783538	1,1,2,1,2,2	0.471263	0.016782	0.513135	0.141196	0.328887	0.016782	0.513135	0.141196	0.328887	0.009548	0.515517	0.112254	0.362682	0.016782	0.513135	0.141196	0.328887	0.009548	0.515517	0.112254	0.362682	0.009548	0.515517	0.112254	0.362682	1,2,1,3,4,2	0.549384	0.053942	0.113253	0.169429	0.235141	0.385280	0.042955	0.544869	0.062149	0.093526	0.087745	0.120164	0.091547	0.053942	0.113253	0.169429	0.235141	0.385280	0.042955	0.073149	0.143344	0.089920	0.168467	0.023077	0.502044	0.097871	0.555689	0.181210	0.022887	0.058099	0.084243	0.544869	0.062149	0.093526	0.087745	0.120164	0.091547	1,1,1,1,1,1	0.000000	0.905867	0.905867	0.905867	0.905867	0.905867	0.905867	
598000	-116379	1,2,3,4,1,5	3.810683	6.027804	5.016572	5.799538	5.207057	6.027804	6.443273	1,1,1,1,1,1	0.000018	0.016214	0.526019	0.114062	0.343706	0.016214	0.526019	0.114062	0.343706	0.016214	0.526019	0.114062	0.343706	0.016214	0.526019	0.114062	0.343706	0.016214	0.526019	0.114062	0.343706	0.016214	0.526019	0.114062	0.343706	1,2,3,4,5,5	6.360654	0.017973	0.024534	0.083568	0.297800	0.426571	0.149555	0.357989	0.071791	0.122666	0.197291	0.095300	0.154963	0.004079	0.099345	0.115631	0.164773	0.565634	0.050538	0.111135	0.100326	0.176384	0.111597	0.094261	0.406297	0.256557	0.182037	0.109027	0.037896	0.212323	0.202160	0.256557	0.182037	0.109027	0.037896	0.212323	0.202160	1,1,1,1,1,1	0.000000	0.823733	0.823733	0.823733	0.823733	0.823733	0.823733	
599000	-115430	1,2,2,3,4,4	1.942085	5.977735	5.533166	5.533166	5.428753	6.052287	6.052287	1,1,1,1,1,1	0.000013	0.014366	0.507025	0.126729	0.351880	0.014366	0.507025	0.126729	0.351880	0.014366	0.507025	0.126729	0.351880	0.014366	0.507025	0.126729	0.351880	0.014366	0.507025	0.126729	0.351880	0.014366	0.507025	0.126729	0.351880	1,2,3,4,5,2	4.611412	0.155085	0.495531	0.047182	0.122806	0.175957	0.003440	0.489540	0.001531	0.263323	0.107511	0.081704	0.056392	0.019083	0.238768	0.302628	0.109035	0.293420	0.037066	0.171348	0.147926	0.216248	0.192324	0.008368	0.263785	0.042692	0.307604	0.104548	0.116462	0.252632	0.176062	0.489540	0.001531	0.263323	0.107511	0.081704	0.056392	1,2,2,2,2,2	3.196471	0.617718	0.904005	0.904005	0.904005	0.904005	0.904005	
600000	-116020	1,2,3,1,1,1	0.678503	6.185171	5.625271	5.402854	6.185171	6.185171	6.185171	1,1,1,1,1,1	0.000000	0.014497	0.519424	0.139239	0.326841	0.014497	0.519424	0.139239	0.326841	0.014497	0.519424	0.139239	0.326841	0.014497	0.519424	0.139239	0.326841	0.014497	0.519424	0.139239	0.326841	0.014497	0.519424	0.139239	0.326841	1,2,3,4,5,1	9.525566	0.187004	0.169291	0.198352	0.124141	0.209161	0.112051	0.429246	0.027208	0.281865	0.066402	0.094855	0.100423	0.168254	0.078691	0.069942	0.175977	0.460783	0.046353	0.259546	0.086452	0.266585	0.244501	0.052224	0.090691	0.083604	0.435010	0.175550	0.057782	0.128544	0.119511	0.187004	0.169291	0.198352	0.124141	0.209161	0.112051	1,2,2,2,2,2	0.594452	0.705795	0.942805	0.942805	0.942805	0.942805	0.942805	
601000	-115733	1,1,2,1,3,1	2.313202	5.653451	5.653451	5.560414	5.653451	6.700423	5.653451	1,1,1,1,1,1	0.000000	0.017300	0.526455	0.127993	0.328252	0.017300	0.526455	0.127993	0.328252	0.017300	0.526455	0.127993	0.328252	0.017300	0.526455	0.127993	0.328252	0.017300	0.526455	0.127993	0.328252	0.017300	0.526455	0.127993	0.328252	1,2,1,3,4,5	7.065743	0.000330	0.146463	0.388120	0.109621	0.261441	0.094025	0.569091	0.143720	0.021101	0.146947	0.062644	0.056497	0.000330	0.146463	0.388120	0.109621	0.261441	0.094025	0.179414	0.242312	0.110748	0.081007	0.018850	0.367669	0.033522	0.095582	0.196471	0.112255	0.289533	0.272637	0.249077	0.235990	0.043812	0.098059	0.301964	0.071098	1,2,2,2,2,2	0.602612	0.624797	0.876176	0.876176	0.876176	0.876176	0.876176	
602000	-115482	1,1,1,1,1,1	0.000000	5.998779	5.998779	5.998779	5.998779	5.998779	5.998779	1,1,1,1,1,1	0.000000	0.014258	0.522641	0.132547	0.330554	0.014258	0.522641	0.132547	0.330554	0.014258	0.522641	0.132547	0.330554	0.014258	0.522641	0.132547	0.330554	0.014258	0.522641	0.132547	0.330554	0.014258	0.522641	0.132547	0.330554	1,2,3,4,5,6	12.677882	0.011671	0.124793	0.111208	0.306667	0.362680	0.082982	0.669439	0.047426	0.084973	0.113641	0.070581	0.013939	0.013204	0.304376	0.201461	0.130833	0.348429	0.001697	0.032226	0.322118	0.098271	0.248640	0.028390	0.270355	0.189671	0.346870	0.045531	0.052308	0.140726	0.224894	0.256283	0.435593	0.020071	0.133250	0.130072	0.024731	1,1,1,1,1,1	0.000000	0.945837	0.945837	0.945837	0.945837	0.945837	0.945837	
603000	-116299	1,2,3,4,4,5	3.098543	6.013315	5.378281	5.576446	6.143768	6.143768	6.298253	1,1,1,1,1,1	0.000000	0.010836	0.528079	0.138689	0.322395	0.010836	0.528079	0.138689	0.322395	0.010836	0.528079	0.138689	0.322395	0.010836	0.528079	0.138689	0.322395	0.010836	0.528079	0.138689	0.322395	0.010836	0.528079	0.138689	0.322395	1,2,1,3,4,5	3.670327	0.088260	0.439366	0.141416	0.131871	0.173070	0.026017	0.527207	0.091468	0.112732	0.121408	0.079395	0.067790	0.088260	0.439366	0.141416	0.131871	0.173070	0.026017	0.038410	0.325213	0.046041	0.435887	0.058091	0.096358	0.088002	0.567379	0.146933	0.031137	0.104874	0.061675	0.765306	0.048960	0.001881	0.040532	0.125138	0.018183	1,2,2,1,2,2	0.539641	0.712503	0.956630	0.956630	0.712503	0.956630	0.956630	
604000	-116034	1,1,1,1,1,1	0.000000	5.947478	5.947478	5.947478	5.947478	5.947478	5.947478	1,1,1,1,1,1	0.000000	0.014876	0.523666	0.123284	0.338174	0.014876	0.523666	0.123284	0.338174	0.014876	0.523666	0.123284	0.338174	0.014876	0.523666	0.123284	0.338174	0.014876	0.523666	0.123284	0.338174	0.014876	0.523666	0.123284	0.338174	1,2,1,3,4,2	15.139912	0.175508	0.391856	0.153528	0.115613	0.132974	0.030522	0.333898	0.012165	0.179648	0.143162	0.213808	0.117319	0.175508	0.391856	0.153528	0.115613	0.132974	0.030522	0.120754	0.120560	0.142916	0.173796	0.056736	0.385238	0.194601	0.141237	0.125210	0.084917	0.133919	0.320117	0.333898	0.012165	0.179648	0.143162	0.213808	0.117319	1,2,2,3,2,2	0.444363	0.674648	0.932807	0.932807	0.739520	0.932807	0.932807	
605000	-115978	1,1,1,1,1,1	0.000000	6.040386	6.040386	6.040386	6.040386	6.040386	6.040386	1,1,1,1,1,1	0.000000	0.010967	0.548232	0.139258	0.301542	0.010967	0.548232	0.139258	0.301542	0.010967	0.548232	0.139258	0.301542	0.010967	0.548232	0.139258	0.301542	0.010967	0.548232	0.139258	0.301542	0.010967	0.548232	0.139258	0.301542	1,1,2,3,4,5	2.538549	0.382406	0.163044	0.093060	0.155480	0.147609	0.058401	0.382406	0.163044	0.093060	0.155480	0.147609	0.058401	0.040221	0.329666	0.306147	0.087108	0.177651	0.059208	0.018216	0.272565	0.264887	0.203797	0.052011	0.188524	0.007422	0.047764	0.083519	0.116725	0.454730	0.289840	0.160150	0.184122	0.290693	0.075679	0.208213	0.081144	1,2,2,1,2,2	0.206703	0.606754	0.890351	0.890351	0.606754	0.890351	0.890351	
606000	-116669	1,2,3,4,1,1	8.609555	6.070752	5.585520	6.164520	5.177118	6.070752	6.070752	1,1,1,1,1,1	0.000000	0.014390	0.508104	0.136830	0.340676	0.014390	0.508104	0.136830	0.340676	0.014390	0.508104	0.136830	0.340676	0.014390	0.508104	0.136830	0.340676	0.014390	0.508104	0.136830	0.340676	0.014390	0.508104	0.136830	0.340676	1,2,1,3,4,4	10.632153	0.116295	0.234387	0.250833	0.125598	0.222946	0.049942	0.228610	0.216249	0.287195	0.083468	0.133037	0.051440	0.116295	0.234387	0.250833	0.125598	0.222946	0.049942	0.269189	0.211938	0.107777	0.260783	0.073921	0.076393	0.364628	0.070642	0.225335	0.073624	0.141395	0.124375	0.364628	0.070642	0.225335	0.073624	0.141395	0.124375	1,2,3,3,3,3	1.271611	0.586773	0.955167	0.942882	0.942882	0.942882	0.942882	
607000	-115477	1,1,1,1,1,1	0.000000	5.798627	5.798627	5.798627	5.798627	5.798627	5.798627	1,1,1,1,1,1	0.000000	0.011749	0.528972	0.134451	0.324828	0.011749	0.528972	0.134451	0.324828	0.011749	0.528972	0.134451	0.324828	0.011749	0.528972	0.134451	0.324828	0.011749	0.528972	0.134451	0.324828	0.011749	0.528972	0.134451	0.324828	1,2,3,4,5,6	16.867489	0.216550	0.106088	0.265366	0.194389	0.150069	0.067538	0.306647	0.152988	0.261805	0.096600	0.069602	0.112358	0.181187	0.337703	0.067293	0.067957	0.315120	0.030740	0.057485	0.069494	0.086170	0.279033	0.019269	0.488550	0.033798	0.357216	0.272638	0.054073	0.184651	0.097625	0.066179	0.153670	0.488273	0.044566	0.168753	0.078559	1,1,1,1,1,1	0.000000	0.933262	0.933262	0.933262	0.933262	0.933262	0.933262	
608000	-116187	1,2,1,3,1,1	0.677013	5.816529	5.265668	5.816529	5.386951	5.816529	5.816529	1,1,1,1,1,1	0.000018	0.023553	0.541173	0.120398	0.314877	0.023553	0.541173	0.120398	0.314877	0.023553	0.541173	0.120398	0.314877	0.023553	0.541173	0.120398	0.314877	0.023553	0.541173	0.120398	0.314877	0.023553	0.541173	0.120398	0.314877	1,2,1,3,4,5	2.667794	0.073183	0.299867	0.159342	0.088958	0.291862	0.086788	0.455504	0.132827	0.009747	0.129010	0.154152	0.118759	0.073183	0.299867	0.159342	0.088958	0.291862	0.086788	0.187600	0.063371	0.098896	0.108858	0.058051	0.483224	0.126512	0.145533	0.090529	0.056433	0.356199	0.224795	0.210304	0.185080	0.098734	0.187330	0.235390	0.083161	1,1,1,1,1,1	0.000000	0.952164	0.952164	0.952164	0.952164	0.952164	0.952164	
609000	-116823	1,2,2,2,3,4	5.355553	6.240101	5.381329	5.381329	5.381329	6.361530	6.418469	1,1,1,1,1,1	0.000000	0.019529	0.504350	0.123568	0.352553	0.019529	0.504350	0.123568	0.352553	0.019529	0.504350	0.123568	0.352553	0.019529	0.504350	0.123568	0.352553	0.019529	0.504350	0.123568	0.352553	0.019529	0.504350	0.123568	0.352553	1,2,1,2,3,4	3.200012	0.084217	0.076144	0.168635	0.234295	0.382580	0.054129	0.364893	0.298981	0.022181	0.118754	0.081411	0.113780	0.084217	0.076144	0.168635	0.234295	0.382580	0.054129	0.364893	0.298981	0.022181	0.118754	0.081411	0.113780	0.055689	0.062979	0.309028	0.022447	0.286135	0.263722	0.054378	0.290286	0.219130	0.066282	0.247438	0.122486	1,1,1,1,1,1	0.000000	0.932072	0.932072	0.932072	0.932072	0.932072	0.932072	
610000	-116310	1,2,3,2,4,1	3.960764	5.936741	5.366096	5.618881	5.366096	5.938888	5.936741	1,1,1,1,1,1	0.000000	0.014164	0.530689	0.117274	0.337873	0.014164	0.530689	0.117274	0.337873	0.014164	0.530689	0.117274	0.337873	0.014164	0.530689	0.117274	0.337873	0.014164	0.530689	0.117274	0.337873	0.014164	0.530689	0.117274	0.337873	1,1,2,3,4,1	2.235989	0.149151	0.562345	0.038085	0.085700	0.120495	0.044223	0.149151	0.562345	0.038085	0.085700	0.120495	0.044223	0.026571	0.176882	0.089244	0.311318	0.380118	0.015867	0.292400	0.158381	0.026807	0.209764	0.074582	0.238067	0.044305	0.009782	0.240678	0.051573	0.288695	0.364967	0.149151	0.562345	0.038085	0.085700	0.120495	0.044223	1,2,2,2,2,2	0.020593	0.671354	0.870014	0.870014	0.870014	0.870014	0.870014	
611000	-115312	1,2,1,3,4,5	2.711563	6.214836	5.333939	6.214836	4.957072	6.323841	5.960304	1,1,1,1,1,1	0.000000	0.018053	0.500116	0.134812	0.347018	0.018053	0.500116	0.134812	0.347018	0.018053	0.500116	0.134812	0.347018	0.018053	0.500116	0.134812	0.347018	0.018053	0.500116	0.134812	0.347018	0.018053	0.500116	0.134812	0.347018	1,2,1,3,4,2	12.197888	0.136301	0.239628	0.068928	0.227637	0.274824	0.052681	0.416335	0.134719	0.144969	0.110308	0.152661	0.041008	0.136301	0.239628	0.068928	0.227637	0.274824	0.052681	0.068847	0.045120	0.350564	0.236031	0.036358	0.263079	0.055313	0.140727	0.165986	0.060810	0.334265	0.242899	0.416335	0.134719	0.144969	0.110308	0.152661	0.041008	1,1,1,1,1,1	0.000000	0.867582	0.867582	0.867582	0.867582	0.867582	0.867582	
612000	-115310	1,2,3,4,5,6	25.405303	6.644037	5.037589	5.862034	6.331824	5.935245	5.924740	1,1,1,1,1,1	0.000000	0.012602	0.507727	0.112137	0.367533	0.012602	0.507727	0.112137	0.367533	0.012602	0.507727	0.112137	0.367533	0.012602	0.507727	0.112137	0.367533	0.012602	0.507727	0.112137	0.367533	0.012602	0.507727	0.112137	0.367533	1,2,1,3,4,2	11.705113	0.015863	0.323286	0.187607	0.197162	0.250525	0.025557	0.477557	0.172208	0.021795	0.133406	0.128751	0.066282	0.015863	0.323286	0.187607	0.197162	0.250525	0.025557	0.198017	0.456557	0.198769	0.059947	0.002726	0.083984	0.082820	0.103703	0.047250	0.083853	0.329075	0.353298	0.477557	0.172208	0.021795	0.133406	0.128751	0.066282	1,1,1,1,1,1	0.000000	0.877019	0.877019	0.877019	0.877019	0.877019	0.877019	
613000	-115141	1,2,3,4,5,6	10.075376	6.195542	5.390954	5.561514	6.492860	5.893604	5.979330	1,1,1,1,1,1	0.000552	0.014964	0.512182	0.136008	0.336846	0.014964	0.512182	0.136008	0.336846	0.014964	0.512182	0.136008	0.336846	0.014964	0.512182	0.136008	0.336846	0.014964	0.512182	0.136008	0.336846	0.014964	0.512182	0.136008	0.336846	1,2,1,3,4,2	14.648682	0.018782	0.441432	0.067360	0.183199	0.266358	0.022869	0.395043	0.103220	0.208847	0.095199	0.122249	0.075443	0.018782	0.441432	0.067360	0.183199	0.266358	0.022869	0.072479	0.060149	0.149654	0.351876	0.001723	0.364118	0.138715	0.022520	0.115917	0.098528	0.360600	0.263719	0.395043	0.103220	0.208847	0.095199	0.122249	0.075443	1,2,2,3,2,2	3.301479	0.505436	0.911106	0.911106	0.807035	0.911106	0.911106	
614000	-115645	1,2,1,3,1,4	9.013455	6.175868	5.675325	6.175868	5.374021	6.175868	6.042941	1,1,1,1,1,1	0.000000	0.018188	0.525307	0.110426	0.346078	0.018188	0.525307	0.110426	0.346078	0.018188	0.525307	0.110426	0.346078	0.018188	0.525307	0.110426	0.346078	0.018188	0.525307	0.110426	0.346078	0.018188	0.525307	0.110426	0.346078	1,2,3,4,5,5	12.938046	0.066380	0.228350	0.244834	0.131020	0.200897	0.128519	0.407997	0.136829	0.120283	0.176884	0.054960	0.103047	0.104219	0.407298	0.081933	0.068508	0.312035	0.026007	0.256518	0.089031	0.111389	0.236645	0.031392	0.275025	0.340681	0.096340	0.073185	0.076985	0.175754	0.237056	0.340681	0.096340	0.073185	0.076985	0.175754	0.237056	1,1,1,1,1,1	0.802805	0.923609	0.923609	0.923609	0.923609	0.923609	0.923609	
615000	-116173	1,2,1,2,1,3	4.677952	5.726039	5.301845	5.726039	5.301845	5.726039	6.110987	1,1,1,1,1,1	0.000002	0.017195	0.519298	0.140290	0.323217	0.017195	0.519298	0.140290	0.323217	0.017195	0.519298	0.140290	0.323217	0.017195	0.519298	0.140290	0.323217	0.017195	0.519298	0.140290	0.323217	0.017195	0.519298	0.140290	0.323217	1,2,3,4,5,2	3.386452	0.022088	0.345455	0.120755	0.160670	0.261264	0.089768	0.310012	0.328536	0.022448	0.087013	0.190257	0.061733	0.063591	0.358838	0.106410	0.081219	0.302670	0.087272	0.198643	0.018394	0.035979	0.356475	0.110265	0.280245	0.244244	0.043548	0.435786	0.032111	0.115053	0.129258	0.310012	0.328536	0.022448	0.087013	0.190257	0.061733	1,1,1,1,1,1	0.000000	0.796585	0.796585	0.796585	0.796585	0.796585	0.796585	
616000	-116406	1,1,1,1,1,1	0.000000	6.033831	6.033831	6.033831	6.033831	6.033831	6.033831	1,1,1,1,1,1	0.000000	0.014990	0.515423	0.113143	0.356444	0.014990	0.515423	0.113143	0.356444	0.014990	0.515423	0.113143	0.356444	0.014990	0.515423	0.113143	0.356444	0.014990	0.515423	0.113143	0.356444	0.014990	0.515423	0.113143	0.356444	1,2,2,3,4,2	8.270333	0.021850	0.196821	0.486790	0.102310	0.099663	0.092566	0.412655	0.045500	0.090466	0.127252	0.242232	0.081895	0.412655	0.045500	0.090466	0.127252	0.242232	0.081895	0.448049	0.131490	0.314040	0.038287	0.005728	0.062405	0.047922	0.172952	0.128539	0.157107	0.253132	0.240348	0.412655	0.045500	0.090466	0.127252	0.242232	0.081895	1,2,2,2,2,2	0.038073	0.707336	0.899418	0.899418	0.899418	0.899418	0.899418	
617000	-115349	1,2,1,2,1,1	0.584598	5.927600	5.190070	5.927600	5.190070	5.927600	5.927600	1,1,1,1,1,1	0.000000	0.019047	0.515852	0.137729	0.327372	0.019047	0.515852	0.137729	0.327372	0.019047	0.515852	0.137729	0.327372	0.019047	0.515852	0.137729	0.327372	0.019047	0.515852	0.137729	0.327372	0.019047	0.515852	0.137729	0.327372	1,2,3,4,5,3	11.043084	0.033380	0.265772	0.260221	0.196740	0.187612	0.056276	0.185775	0.376748	0.104883	0.122298	0.122980	0.087316	0.411814	0.084917	0.010055	0.148235	0.263324	0.081655	0.194412	0.181818	0.119605	0.196347	0.024202	0.283616	0.010955	0.382475	0.212582	0.074180	0.172709	0.147099	0.411814	0.084917	0.010055	0.148235	0.263324	0.081655	1,2,2,2,2,2	0.625918	0.633603	0.922670	0.922670	0.922670	0.922670	0.922670	
618000	-116120	1,2,3,4,5,1	3.640246	6.100555	5.189310	5.684037	5.824401	5.905958	6.100555	1,1,1,1,1,1	0.000000	0.013774	0.541853	0.117246	0.327126	0.013774	0.541853	0.117246	0.327126	0.013774	0.541853	0.117246	0.327126	0.013774	0.541853	0.117246	0.327126	0.013774	0.541853	0.117246	0.327126	0.013774	0.541853	0.117246	0.327126	1,2,1,3,4,1	1.401142	0.277057	0.073742	0.057042	0.140199	0.353834	0.098125	0.444005	0.052536	0.112403	0.088323	0.102151	0.200581	0.277057	0.073742	0.057042	0.140199	0.353834	0.098125	0.233341	0.076981	0.372166	0.212659	0.018616	0.086237	0.078198	0.210960	0.107699	0.150126	0.234677	0.218340	0.277057	0.073742	0.057042	0.140199	0.353834	0.098125	1,2,2,2,2,2	0.411705	0.549858	0.968779	0.968779	0.968779	0.968779	0.968779	
619000	-115763	1,2,1,2,1,1	0.042755	6.156428	5.435113	6.156428	5.435113	6.156428	6.156428	1,1,1,1,1,1	0.000000	0.013370	0.505640	0.125808	0.355182	0.013370	0.505640	0.125808	0.355182	0.013370	0.505640	0.125808	0.355182	0.013370	0.505640	0.125808	0.355182	0.013370	0.505640	0.125808	0.355182	0.013370	0.505640	0.125808	0.355182	1,2,3,4,2,5	13.300451	0.057431	0.077070	0.267616	0.247714	0.304199	0.045971	0.345999	0.192683	0.138138	0.068881	0.111658	0.142640	0.003394	0.151646	0.272201	0.209671	0.313746	0.049342	0.238487	0.311531	0.013985	0.180179	0.033640	0.222178	0.345999	0.192683	0.138138	0.068881	0.111658	0.142640	0.268944	0.014378	0.101292	0.094654	0.297958	0.222773	1,2,2,2,2,2	0.010998	0.682980	0.947014	0.947014	0.947014	0.947014	0.947014	
620000	-116115	1,2,2,3,4,4	4.592616	6.084544	5.513272	5.513272	5.083368	5.891425	5.891425	1,1,1,1,1,1	0.000000	0.012851	0.520605	0.121664	0.344880	0.012851	0.520605	0.121664	0.344880	0.012851	0.520605	0.121664	0.344880	0.012851	0.520605	0.121664	0.344880	0.012851	0.520605	0.121664	0.344880	0.012851	0.520605	0.121664	0.344880	1,2,1,3,4,2	4.918375	0.075852	0.241474	0.145914	0.191995	0.300205	0.044560	0.192703	0.424524	0.127427	0.072528	0.113722	0.069096	0.075852	0.241474	0.145914	0.191995	0.300205	0.044560	0.011416	0.569654	0.034703	0.091635	0.066349	0.226244	0.261312	0.208274	0.229559	0.024398	0.136291	0.140166	0.192703	0.424524	0.127427	0.072528	0.113722	0.069096	1,2,2,2,2,2	0.328663	0.601522	0.844649	0.844649	0.844649	0.844649	0.844649	
621000	-116199	1,2,3,4,5,1	1.776558	6.111489	5.636007	5.870095	5.436300	6.151768	6.111489	1,1,1,1,1,1	0.000000	0.014202	0.530918	0.118295	0.336585	0.014202	0.530918	0.118295	0.336585	0.014202	0.530918	0.118295	0.336585	0.014202	0.530918	0.118295	0.336585	0.014202	0.530918	0.118295	0.336585	0.014202	0.530918	0.118295	0.336585	1,2,1,3,4,2	3.837196	0.034443	0.133953	0.091142	0.334818	0.395844	0.009800	0.398081	0.318116	0.017569	0.058449	0.096724	0.111061	0.034443	0.133953	0.091142	0.334818	0.395844	0.009800	0.140833	0.064649	0.003264	0.251219	0.107523	0.432512	0.042836	0.080058	0.282826	0.094791	0.308094	0.191395	0.398081	0.318116	0.017569	0.058449	0.096724	0.111061	1,2,2,2,2,2	0.361486	0.584181	0.927498	0.927498	0.927498	0.927498	0.927498	
622000	-115674	1,2,3,4,5,1	8.565314	6.287988	5.632280	5.591721	7.228835	5.590884	6.287988	1,1,1,1,1,1	0.000000	0.016574	0.520220	0.134109	0.329096	0.016574	0.520220	0.134109	0.329096	0.016574	0.520220	0.134109	0.329096	0.016574	0.520220	0.134109	0.329096	0.016574	0.520220	0.134109	0.329096	0.016574	0.520220	0.134109	0.329096	1,2,1,3,4,4	2.183363	0.057150	0.022904	0.144724	0.299943	0.467225	0.008055	0.256526	0.554158	0.103920	0.026448	0.031077	0.027871	0.057150	0.022904	0.144724	0.299943	0.467225	0.008055	0.057211	0.151451	0.107239	0.451149	0.032435	0.200515	0.299892	0.091585	0.082246	0.116339	0.207846	0.202091	0.299892	0.091585	0.082246	0.116339	0.207846	0.202091	1,1,1,1,1,1	0.000000	0.796877	0.796877	0.796877	0.796877	0.796877	0.796877	
623000	-117290	1,2,1,2,1,1	0.869988	6.138657	5.318480	6.138657	5.318480	6.138657	6.138657	1,1,1,1,1,1	0.000000	0.020807	0.510527	0.115035	0.353630	0.020807	0.510527	0.115035	0.353630	0.020807	0.510527	0.115035	0.353630	0.020807	0.510527	0.115035	0.353630	0.020807	0.510527	0.115035	0.353630	0.020807	0.510527	0.115035	0.353630	1,2,3,4,5,1	13.116462	0.384632	0.076336	0.034090	0.147800	0.312998	0.044143	0.375939	0.415883	0.102677	0.040779	0.054433	0.010289	0.156620	0.067514	0.110349	0.167045	0.391639	0.106833	0.016215	0.023017	0.085927	0.655513	0.121783	0.097545	0.181358	0.044220	0.118611	0.052977	0.156505	0.446330	0.384632	0.076336	0.034090	0.147800	0.312998	0.044143	1,2,2,2,2,2	0.069474	0.653428	0.889879	0.889879	0.889879	0.889879	0.889879	
624000	-115872	1,2,2,3,1,1	2.138654	6.089326	5.766655	5.766655	4.981706	6.089326	6.089326	1,1,1,1,1,1	0.000000	0.016693	0.514255	0.133849	0.335203	0.016693	0.514255	0.133849	0.335203	0.016693	0.514255	0.133849	0.335203	0.016693	0.514255	0.133849	0.335203	0.016693	0.514255	0.133849	0.335203	0.016693	0.514255	0.133849	0.335203	1,2,3,4,5,1	4.704629	0.231163	0.152956	0.098541	0.148252	0.245124	0.123964	0.377949	0.215906	0.041580	0.167556	0.065889	0.131120	0.059566	0.462402	0.002211	0.095513	0.353012	0.027297	0.251364	0.010025	0.084087	0.230234	0.071255	0.353036	0.169988	0.133743	0.040340	0.041833	0.330553	0.283542	0.231163	0.152956	0.098541	0.148252	0.245124	0.123964	1,1,1,1,1,1	0.000005	0.886349	0.886349	0.886349	0.886349	0.886349	0.886349	
625000	-115703	1,2,1,3,1,1	2.809808	5.785878	5.777432	5.785878	4.876781	5.785878	5.785878	1,1,1,1,1,1	0.000000	0.012713	0.509369	0.121769	0.356148	0.012713	0.509369	0.121769	0.356148	0.012713	0.509369	0.121769	0.356148	0.012713	0.509369	0.121769	0.356148	0.012713	0.509369	0.121769	0.356148	0.012713	0.509369	0.121769	0.356148	1,2,1,3,4,4	6.108217	0.114620	0.046599	0.260323	0.189238	0.273466	0.115754	0.214924	0.664618	0.039639	0.042816	0.032257	0.005746	0.114620	0.046599	0.260323	0.189238	0.273466	0.115754	0.008493	0.151281	0.258768	0.332612	0.049636	0.199211	0.173557	0.152950	0.229776	0.083540	0.216065	0.144111	0.173557	0.152950	0.229776	0.083540	0.216065	0.144111	1,1,1,1,1,1	0.000000	0.817032	0.817032	0.817032	0.817032	0.817032	0.817032	
626000	-115499	1,1,2,3,4,4	1.571353	5.409857	5.409857	5.923507	6.397407	6.062779	6.062779	1,1,1,1,1,1	0.000198	0.009873	0.495820	0.134738	0.359569	0.009873	0.495820	0.134738	0.359569	0.009873	0.495820	0.134738	0.359569	0.009873	0.495820	0.134738	0.359569	0.009873	0.495820	0.134738	0.359569	0.009873	0.495820	0.134738	0.359569	1,2,3,4,5,5	2.116030	0.219989	0.150586	0.096734	0.256321	0.203147	0.073223	0.576104	0.143490	0.050052	0.087593	0.116433	0.026329	0.303034	0.312485	0.198415	0.047711	0.126698	0.011656	0.002046	0.287483	0.035809	0.245239	0.013070	0.416354	0.523431	0.135988	0.032874	0.062013	0.159150	0.086544	0.523431	0.135988	0.032874	0.062013	0.159150	0.086544	1,2,3,3,3,2	1.386108	0.565091	0.992879	0.830371	0.830371	0.830371	0.992879	
627000	-116104	1,2,3,4,5,6	8.582618	6.403792	5.323917	5.592007	6.928927	5.676797	6.051396	1,1,1,1,1,1	0.000000	0.012721	0.527584	0.127766	0.331929	0.012721	0.527584	0.127766	0.331929	0.012721	0.527584	0.127766	0.331929	0.012721	0.527584	0.127766	0.331929	0.012721	0.527584	0.127766	0.331929	0.012721	0.527584	0.127766	0.331929	1,2,3,4,5,5	2.487998	0.074060	0.084033	0.116512	0.380213	0.237989	0.107193	0.264783	0.109377	0.071362	0.270142	0.158220	0.126116	0.452421	0.175412	0.052468	0.090817	0.223302	0.005580	0.307623	0.198740	0.115654	0.174747	0.043845	0.159391	0.207568	0.245179	0.128941	0.078431	0.195607	0.144276	0.207568	0.245179	0.128941	0.078431	0.195607	0.144276	1,2,2,1,2,3	1.509525	0.708069	0.934065	0.934065	0.708069	0.934065	0.927309	
628000	-115404	1,2,3,4,5,6	21.901539	5.957168	5.531692	5.878023	5.177460	5.849249	6.006848	1,1,1,1,1,1	0.000000	0.015726	0.522827	0.124871	0.336576	0.015726	0.522827	0.124871	0.336576	0.015726	0.522827	0.124871	0.336576	0.015726	0.522827	0.124871	0.336576	0.015726	0.522827	0.124871	0.336576	0.015726	0.522827	0.124871	0.336576	1,2,3,4,5,2	7.978287	0.071723	0.206946	0.258319	0.162782	0.255639	0.044592	0.344397	0.301696	0.072605	0.084995	0.147119	0.049187	0.201017	0.220932	0.136822	0.086638	0.323712	0.030879	0.044817	0.072972	0.025058	0.279663	0.070286	0.507204	0.032252	0.041475	0.350761	0.039286	0.260640	0.275586	0.344397	0.301696	0.072605	0.084995	0.147119	0.049187	1,1,1,1,1,1	0.000000	0.824656	0.824656	0.824656	0.824656	0.824656	0.824656	
629000	-116726	1,2,3,1,4,5	4.048073	6.072894	5.559172	6.132837	6.072894	5.876282	5.877623	1,1,1,1,1,1	0.000000	0.017736	0.522198	0.123792	0.336274	0.017736	0.522198	0.123792	0.336274	0.017736	0.522198	0.123792	0.336274	0.017736	0.522198	0.123792	0.336274	0.017736	0.522198	0.123792	0.336274	0.017736	0.522198	0.123792	0.336274	1,2,3,4,3,5	14.831820	0.019174	0.545279	0.207884	0.105524	0.079294	0.042846	0.552972	0.031534	0.010561	0.174794	0.135087	0.095053	0.021041	0.066864	0.174844	0.151471	0.371317	0.214464	0.004120	0.090603	0.254991	0.357119	0.150763	0.142404	0.021041	0.066864	0.174844	0.151471	0.371317	0.214464	0.408760	0.028161	0.062694	0.169654	0.290935	0.039796	1,1,1,1,1,1	0.000000	0.845643	0.845643	0.845643	0.845643	0.845643	0.845643	
630000	-117254	1,1,1,1,1,1	0.000000	5.767845	5.767845	5.767845	5.767845	5.767845	5.767845	1,1,1,1,1,1	0.000000	0.014866	0.506171	0.133493	0.345470	0.014866	0.506171	0.133493	0.345470	0.014866	0.506171	0.133493	0.345470	0.014866	0.506171	0.133493	0.345470	0.014866	0.506171	0.133493	0.345470	0.014866	0.506171	0.133493	0.345470	1,2,3,2,3,4	20.921093	0.014670	0.348567	0.448571	0.051571	0.100642	0.035979	0.420743	0.196020	0.025271	0.109195	0.106906	0.141864	0.054920	0.361622	0.162019	0.089459	0.232278	0.099703	0.420743	0.196020	0.025271	0.109195	0.106906	0.141864	0.054920	0.361622	0.162019	0.089459	0.232278	0.099703	0.289136	0.097860	0.081547	0.062261	0.347957	0.121239	1,2,2,2,2,3	1.161475	0.489143	0.904515	0.904515	0.904515	0.904515	0.870323	
631000	-115904	1,2,2,3,3,3	2.343351	6.155155	5.396649	5.396649	6.242282	6.242282	6.242282	1,1,1,1,1,1	0.000000	0.018125	0.510645	0.141661	0.329569	0.018125	0.510645	0.141661	0.329569	0.018125	0.510645	0.141661	0.329569	0.018125	0.510645	0.141661	0.329569	0.018125	0.510645	0.141661	0.329569	0.018125	0.510645	0.141661	0.329569	1,2,1,3,4,4	2.744052	0.091746	0.415696	0.047134	0.200108	0.215804	0.029513	0.456585	0.044548	0.117137	0.123212	0.187529	0.070989	0.091746	0.415696	0.047134	0.200108	0.215804	0.029513	0.287032	0.115476	0.325648	0.161833	0.005865	0.104145	0.342421	0.173216	0.039049	0.089157	0.252287	0.103871	0.342421	0.173216	0.039049	0.089157	0.252287	0.103871	1,2,2,2,2,2	1.096891	0.556412	0.871254	0.871254	0.871254	0.871254	0.871254	
632000	-115495	1,2,3,4,3,5	5.826766	5.963947	5.504194	5.958413	6.499939	5.958413	6.004658	1,1,1,1,1,1	0.000058	0.015518	0.517407	0.127736	0.339339	0.015518	0.517407	0.127736	0.339339	0.015518	0.517407	0.127736	0.339339	0.015518	0.517407	0.127736	0.339339	0.015518	0.517407	0.127736	0.339339	0.015518	0.517407	0.127736	0.339339	1,2,3,4,5,6	5.865795	0.068884	0.239682	0.092868	0.263672	0.258910	0.075984	0.496811	0.240415	0.054636	0.063395	0.033425	0.111318	0.130630	0.120324	0.133899	0.144864	0.354936	0.115348	0.151729	0.237835	0.029249	0.342512	0.020702	0.217973	0.132065	0.439473	0.189706	0.020790	0.112404	0.105562	0.390755	0.165742	0.118837	0.052748	0.146887	0.125032	1,2,2,2,2,2	0.072335	0.601191	0.894442	0.894442	0.894442	0.894442	0.894442	
633000	-115856	1,2,1,2,1,1	0.779505	6.144928	5.066589	6.144928	5.066589	6.144928	6.144928	1,1,1,1,1,1	0.000000	0.013939	0.539537	0.116349	0.330176	0.013939	0.539537	0.116349	0.330176	0.013939	0.539537	0.116349	0.330176	0.013939	0.539537	0.116349	0.330176	0.013939	0.539537	0.116349	0.330176	0.013939	0.539537	0.116349	0.330176	1,2,3,4,5,2	4.643591	0.037064	0.074185	0.275684	0.373220	0.171963	0.067885	0.374715	0.175422	0.150308	0.108637	0.129756	0.061162	0.266268	0.081139	0.027138	0.099166	0.418864	0.107424	0.048837	0.382641	0.054734	0.207976	0.057159	0.248652	0.162216	0.047823	0.019560	0.016620	0.304568	0.449214	0.374715	0.175422	0.150308	0.108637	0.129756	0.061162	1,1,1,1,1,1	0.000000	0.835006	0.835006	0.835006	0.835006	0.835006	0.835006	
634000	-115461	1,2,1,3,1,1	1.088849	6.022452	5.363513	6.022452	5.160306	6.022452	6.022452	1,1,1,1,1,1	0.000000	0.018513	0.525670	0.097597	0.358220	0.018513	0.525670	0.097597	0.358220	0.018513	0.525670	0.097597	0.358220	0.018513	0.525670	0.097597	0.358220	0.018513	0.525670	0.097597	0.358220	0.018513	0.525670	0.097597	0.358220	1,2,1,3,4,2	9.387531	0.063445	0.018226	0.263061	0.197612	0.376734	0.080923	0.315803	0.235531	0.091458	0.106229	0.137410	0.113569	0.063445	0.018226	0.263061	0.197612	0.376734	0.080923	0.293420	0.257092	0.131039	0.139675	0.009023	0.169750	0.026899	0.030714	0.175119	0.064352	0.226058	0.476858	0.315803	0.235531	0.091458	0.106229	0.137410	0.113569	1,1,1,1,1,1	0.000000	0.865001	0.865001	0.865001	0.865001	0.865001	0.865001	
635000	-115511	1,2,1,2,1,1	1.635654	6.134537	5.460781	6.134537	5.460781	6.134537	6.134537	1,1,1,1,1,1	0.000000	0.011127	0.502169	0.118761	0.367943	0.011127	0.502169	0.118761	0.367943	0.011127	0.502169	0.118761	0.367943	0.011127	0.502169	0.118761	0.367943	0.011127	0.502169	0.118761	0.367943	0.011127	0.502169	0.118761	0.367943	1,2,3,4,5,5	2.487693	0.036328	0.548084	0.136846	0.076381	0.134152	0.068208	0.421645	0.182640	0.161649	0.044172	0.071352	0.118542	0.230361	0.162486	0.008976	0.123557	0.432687	0.041934	0.090700	0.182488	0.341854	0.190363	0.023719	0.170876	0.335793	0.332766	0.096134	0.034007	0.119198	0.082101	0.335793	0.332766	0.096134	0.034007	0.119198	0.082101	1,1,1,1,1,1	0.000000	0.940127	0.940127	0.940127	0.940127	0.940127	0.940127	
636000	-115652	1,2,3,3,3,3	3.070126	6.234826	5.328480	5.647472	5.647472	5.647472	5.647472	1,1,1,1,1,1	0.000723	0.013737	0.526064	0.110175	0.350024	0.013737	0.526064	0.110175	0.350024	0.013737	0.526064	0.110175	0.350024	0.013737	0.526064	0.110175	0.350024	0.013737	0.526064	0.110175	0.350024	0.013737	0.526064	0.110175	0.350024	1,2,1,3,4,2	6.641719	0.091271	0.064677	0.313430	0.197618	0.314685	0.018319	0.288549	0.200438	0.082381	0.147488	0.173577	0.107567	0.091271	0.064677	0.313430	0.197618	0.314685	0.018319	0.331305	0.087014	0.267011	0.109460	0.010705	0.194505	0.162674	0.159898	0.021003	0.113354	0.341564	0.201507	0.288549	0.200438	0.082381	0.147488	0.173577	0.107567	1,2,2,2,2,2	1.296724	0.542612	0.908039	0.908039	0.908039	0.908039	0.908039	
637000	-115451	1,1,1,1,1,1	0.000000	5.749471	5.749471	5.749471	5.749471	5.749471	5.749471	1,1,1,1,1,1	0.000000	0.015034	0.517104	0.121020	0.346842	0.015034	0.517104	0.121020	0.346842	0.015034	0.517104	0.121020	0.346842	0.015034	0.517104	0.121020	0.346842	0.015034	0.517104	0.121020	0.346842	0.015034	0.517104	0.121020	0.346842	1,2,1,3,4,5	11.797396	0.118056	0.017332	0.106834	0.255861	0.452036	0.049881	0.695804	0.066564	0.064213	0.064612	0.070304	0.038504	0.118056	0.017332	0.106834	0.255861	0.452036	0.049881	0.288314	0.007634	0.099876	0.296838	0.044214	0.263123	0.069425	0.407965	0.128143	0.074919	0.171766	0.147782	0.255504	0.152805	0.073313	0.186391	0.236961	0.095026	1,1,1,1,1,1	0.000000	0.834201	0.834201	0.834201	0.834201	0.834201	0.834201	
638000	-116398	1,2,2,3,4,5	7.583932	6.125339	5.434377	5.434377	5.107190	6.303520	5.876312	1,1,1,1,1,1	0.001526	0.015803	0.525397	0.124539	0.334261	0.015803	0.525397	0.124539	0.334261	0.015803	0.525397	0.124539	0.334261	0.015803	0.525397	0.124539	0.334261	0.015803	0.525397	0.124539	0.334261	0.015803	0.525397	0.124539	0.334261	1,2,1,3,4,5	0.723755	0.072582	0.211074	0.067726	0.235847	0.361075	0.051695	0.213488	0.076512	0.192168	0.192187	0.247281	0.078365	0.072582	0.211074	0.067726	0.235847	0.361075	0.051695	0.217652	0.306667	0.066022	0.216432	0.058100	0.135128	0.225343	0.193991	0.073652	0.089266	0.294895	0.122852	0.356327	0.092364	0.086627	0.133562	0.184267	0.146853	1,2,2,2,2,2	0.430741	0.543975	0.840281	0.840281	0.840281	0.840281	0.840281	
639000	-115896	1,2,3,4,4,4	8.388468	6.282169	5.499627	5.398217	5.827443	5.827443	5.827443	1,1,1,1,1,1	0.000000	0.011832	0.507512	0.130996	0.349660	0.011832	0.507512	0.130996	0.349660	0.011832	0.507512	0.130996	0.349660	0.011832	0.507512	0.130996	0.349660	0.011832	0.507512	0.130996	0.349660	0.011832	0.507512	0.130996	0.349660	1,2,1,3,4,5	10.571632	0.006797	0.031737	0.723456	0.086475	0.129934	0.021601	0.222706	0.475870	0.063970	0.095089	0.038654	0.103712	0.006797	0.031737	0.723456	0.086475	0.129934	0.021601	0.032542	0.321780	0.279850	0.103306	0.043935	0.218587	0.055048	0.059625	0.525810	0.040542	0.171585	0.147390	0.397184	0.158682	0.110206	0.084262	0.184469	0.065197	1,1,1,1,1,1	0.000000	0.840464	0.840464	0.840464	0.840464	0.840464	0.840464	
640000	-115790	1,2,3,4,5,6	6.930815	6.333298	6.616932	5.409821	5.224739	5.773927	5.957368	1,1,1,1,1,1	0.000000	0.013000	0.513311	0.122161	0.351528	0.013000	0.513311	0.122161	0.351528	0.013000	0.513311	0.122161	0.351528	0.013000	0.513311	0.122161	0.351528	0.013000	0.513311	0.122161	0.351528	0.013000	0.513311	0.122161	0.351528	1,2,1,3,4,2	5.619301	0.018336	0.431912	0.138618	0.173631	0.181682	0.055822	0.157207	0.057259	0.445961	0.119619	0.150318	0.069636	0.018336	0.431912	0.138618	0.173631	0.181682	0.055822	0.239447	0.122691	0.217552	0.122523	0.003125	0.294663	0.037780	0.205940	0.230473	0.079665	0.226640	0.219503	0.157207	0.057259	0.445961	0.119619	0.150318	0.069636	1,1,1,1,1,1	0.000000	0.831581	0.831581	0.831581	0.831581	0.831581	0.831581	
641000	-116172	1,2,3,2,1,4	2.105515	5.842047	5.380389	5.546831	5.380389	5.842047	5.872906	1,1,1,1,1,1	0.000000	0.014722	0.527136	0.133412	0.324729	0.014722	0.527136	0.133412	0.324729	0.014722	0.527136	0.133412	0.324729	0.014722	0.527136	0.133412	0.324729	0.014722	0.527136	0.133412	0.324729	0.014722	0.527136	0.133412	0.324729	1,2,1,3,4,2	4.720507	0.099022	0.191217	0.270458	0.174618	0.230250	0.034436	0.304325	0.175483	0.073467	0.156543	0.206365	0.083816	0.099022	0.191217	0.270458	0.174618	0.230250	0.034436	0.307140	0.122523	0.198611	0.201216	0.065021	0.105488	0.162882	0.106826	0.165099	0.048007	0.258567	0.258619	0.304325	0.175483	0.073467	0.156543	0.206365	0.083816	1,2,2,2,2,2	1.101772	0.667191	0.871662	0.871662	0.871662	0.871662	0.871662	
642000	-115324	1,1,1,1,1,1	0.000627	5.664896	5.664896	5.664896	5.664896	5.664896	5.664896	1,1,1,1,1,1	0.000000	0.012578	0.533992	0.106525	0.346905	0.012578	0.533992	0.106525	0.346905	0.012578	0.533992	0.106525	0.346905	0.012578	0.533992	0.106525	0.346905	0.012578	0.533992	0.106525	0.346905	0.012578	0.533992	0.106525	0.346905	1,2,3,4,5,6	18.809920	0.016039	0.234067	0.407409	0.119527	0.171389	0.051569	0.417003	0.253712	0.016237	0.161240	0.055509	0.096299	0.090599	0.130367	0.234522	0.205877	0.276574	0.062061	0.024390	0.170684	0.130402	0.390209	0.000916	0.283399	0.101869	0.058744	0.116399	0.070144	0.369971	0.282872	0.106761	0.275281	0.103846	0.145243	0.220925	0.147944	1,1,1,1,1,1	0.000000	0.826092	0.826092	0.826092	0.826092	0.826092	0.826092	
643000	-116278	1,2,3,4,5,6	48.086504	6.126732	5.049324	5.788417	5.612443	6.185806	6.042774	1,1,1,2,1,1	0.134862	0.025513	0.495735	0.127030	0.351723	0.025513	0.495735	0.127030	0.351723	0.025513	0.495735	0.127030	0.351723	0.021890	0.316503	0.300676	0.360931	0.025513	0.495735	0.127030	0.351723	0.025513	0.495735	0.127030	0.351723	1,2,1,3,4,1	11.784745	0.225995	0.064218	0.097439	0.201423	0.335634	0.075290	0.433720	0.059395	0.284776	0.131984	0.061703	0.028422	0.225995	0.064218	0.097439	0.201423	0.335634	0.075290	0.176292	0.133107	0.224424	0.242244	0.096759	0.127174	0.228928	0.017120	0.118077	0.054937	0.303309	0.277629	0.225995	0.064218	0.097439	0.201423	0.335634	0.075290	1,2,2,2,2,2	0.519088	0.610826	0.895899	0.895899	0.895899	0.895899	0.895899	
644000	-115943	1,1,1,1,1,1	0.000000	5.968008	5.968008	5.968008	5.968008	5.968008	5.968008	1,1,1,1,1,1	0.000000	0.017391	0.510404	0.112767	0.359438	0.017391	0.510404	0.112767	0.359438	0.017391	0.510404	0.112767	0.359438	0.017391	0.510404	0.112767	0.359438	0.017391	0.510404	0.112767	0.359438	0.017391	0.510404	0.112767	0.359438	1,2,1,3,4,2	2.358455	0.042877	0.428720	0.117480	0.157096	0.194424	0.059402	0.415398	0.113049	0.019657	0.093062	0.253231	0.105602	0.042877	0.428720	0.117480	0.157096	0.194424	0.059402	0.133396	0.471998	0.070126	0.129792	0.017049	0.177639	0.198324	0.171764	0.271059	0.099461	0.195647	0.063745	0.415398	0.113049	0.019657	0.093062	0.253231	0.105602	1,2,2,2,2,2	0.597169	0.734771	0.891102	0.891102	0.891102	0.891102	0.891102	
645000	-115396	1,2,3,2,4,5	11.547986	6.139390	5.048711	5.834287	5.048711	6.194836	6.106730	1,1,1,1,1,1	0.000000	0.015356	0.516806	0.107431	0.360406	0.015356	0.516806	0.107431	0.360406	0.015356	0.516806	0.107431	0.360406	0.015356	0.516806	0.107431	0.360406	0.015356	0.516806	0.107431	0.360406	0.015356	0.516806	0.107431	0.360406	1,2,1,3,4,5	2.332209	0.114935	0.115245	0.206728	0.222987	0.304993	0.035112	0.228333	0.326631	0.058302	0.146973	0.111718	0.128041	0.114935	0.115245	0.206728	0.222987	0.304993	0.035112	0.069878	0.370536	0.192892	0.218857	0.029769	0.118068	0.156496	0.147343	0.262736	0.058182	0.203358	0.171885	0.395546	0.154982	0.119272	0.122902	0.138554	0.068742	1,2,2,2,2,2	0.256432	0.557689	0.936074	0.936074	0.936074	0.936074	0.936074	
646000	-116242	1,1,1,1,1,1	0.000000	5.725375	5.725375	5.725375	5.725375	5.725375	5.725375	1,1,1,1,1,1	0.000000	0.011015	0.519097	0.125855	0.344033	0.011015	0.519097	0.125855	0.344033	0.011015	0.519097	0.125855	0.344033	0.011015	0.519097	0.125855	0.344033	0.011015	0.519097	0.125855	0.344033	0.011015	0.519097	0.125855	0.344033	1,2,3,4,5,2	6.816088	0.068925	0.075681	0.205660	0.233569	0.294377	0.121789	0.275881	0.228942	0.152985	0.098573	0.148378	0.095242	0.079326	0.046059	0.049289	0.301523	0.482393	0.041409	0.078971	0.156621	0.082757	0.539029	0.044423	0.098199	0.167901	0.060431	0.066328	0.040908	0.287181	0.377252	0.275881	0.228942	0.152985	0.098573	0.148378	0.095242	1,2,2,1,2,2	0.504313	0.647404	0.899013	0.899013	0.647404	0.899013	0.899013	
647000	-115796	1,2,3,2,4,5	19.580105	6.059222	5.471384	6.138080	5.471384	6.279491	6.138838	1,1,1,1,1,1	0.112455	0.018487	0.524418	0.120220	0.336875	0.018487	0.524418	0.120220	0.336875	0.018487	0.524418	0.120220	0.336875	0.018487	0.524418	0.120220	0.336875	0.018487	0.524418	0.120220	0.336875	0.018487	0.524418	0.120220	0.336875	1,2,1,3,4,2	1.570941	0.059699	0.177552	0.096362	0.220590	0.286469	0.159327	0.338607	0.214595	0.002090	0.127565	0.193033	0.124110	0.059699	0.177552	0.096362	0.220590	0.286469	0.159327	0.015304	0.101055	0.375392	0.192152	0.047831	0.268266	0.374443	0.184597	0.015152	0.061770	0.235013	0.129024	0.338607	0.214595	0.002090	0.127565	0.193033	0.124110	1,2,2,2,2,2	1.677444	0.651761	0.907287	0.907287	0.907287	0.907287	0.907287	
648000	-115653	1,1,1,1,1,1	0.000001	5.910362	5.910362	5.910362	5.910362	5.910362	5.910362	1,1,1,1,1,1	0.000000	0.017781	0.506461	0.113505	0.362253	0.017781	0.506461	0.113505	0.362253	0.017781	0.506461	0.113505	0.362253	0.017781	0.506461	0.113505	0.362253	0.017781	0.506461	0.113505	0.362253	0.017781	0.506461	0.113505	0.362253	1,1,2,3,4,1	11.484788	0.152761	0.409015	0.169833	0.092374	0.098089	0.077929	0.152761	0.409015	0.169833	0.092374	0.098089	0.077929	0.137582	0.200064	0.287051	0.089483	0.232279	0.053541	0.059749	0.266362	0.223284	0.122674	0.026243	0.301687	0.093344	0.154840	0.335345	0.056279	0.203355	0.156836	0.152761	0.409015	0.169833	0.092374	0.098089	0.077929	1,2,2,2,2,2	2.755348	0.792771	0.915549	0.915549	0.915549	0.915549	0.915549	
649000	-116796	1,2,3,4,3,5	6.233353	5.692824	5.258534	5.824470	5.128841	5.824470	5.866976	1,1,1,1,1,1	0.000000	0.012884	0.514128	0.138490	0.334499	0.012884	0.514128	0.138490	0.334499	0.012884	0.514128	0.138490	0.334499	0.012884	0.514128	0.138490	0.334499	0.012884	0.514128	0.138490	0.334499	0.012884	0.514128	0.138490	0.334499	1,2,1,3,4,4	0.747524	0.068471	0.061716	0.377864	0.148516	0.281432	0.062001	0.087668	0.108638	0.199502	0.224307	0.269306	0.110579	0.068471	0.061716	0.377864	0.148516	0.281432	0.062001	0.288835	0.047610	0.223833	0.170275	0.083694	0.185754	0.307341	0.276781	0.050730	0.040430	0.166692	0.158027	0.307341	0.276781	0.050730	0.040430	0.166692	0.158027	1,2,2,2,2,2	0.167946	0.577165	0.878264	0.878264	0.878264	0.878264	0.878264	
650000	-115586	1,1,1,1,1,1	0.000000	5.769053	5.769053	5.769053	5.769053	5.769053	5.769053	1,1,1,1,1,1	0.000005	0.010835	0.526940	0.139873	0.322351	0.010835	0.526940	0.139873	0.322351	0.010835	0.526940	0.139873	0.322351	0.010835	0.526940	0.139873	0.322351	0.010835	0.526940	0.139873	0.322351	0.010835	0.526940	0.139873	0.322351	1,2,3,4,5,3	2.616975	0.047093	0.214874	0.187121	0.238602	0.187920	0.124389	0.191166	0.056626	0.336831	0.121410	0.186239	0.107727	0.247004	0.240208	0.113908	0.104177	0.211154	0.083549	0.024772	0.201677	0.423040	0.157638	0.005170	0.187703	0.021530	0.167953	0.157202	0.116532	0.344326	0.192458	0.247004	0.240208	0.113908	0.104177	0.211154	0.083549	1,2,2,2,2,2	0.300316	0.702603	0.864274	0.864274	0.864274	0.864274	0.864274	
651000	-115653	1,2,3,4,5,6	10.600605	6.155109	5.176003	5.630924	5.560467	6.334509	5.689386	1,1,1,1,1,1	0.000000	0.012772	0.516210	0.132224	0.338794	0.012772	0.516210	0.132224	0.338794	0.012772	0.516210	0.132224	0.338794	0.012772	0.516210	0.132224	0.338794	0.012772	0.516210	0.132224	0.338794	0.012772	0.516210	0.132224	0.338794	1,2,3,4,5,3	6.701111	0.246424	0.175604	0.094123	0.207379	0.226488	0.049982	0.386908	0.287858	0.131840	0.030950	0.084463	0.077981	0.176782	0.313076	0.185800	0.080508	0.189663	0.054171	0.062251	0.080782	0.151726	0.131953	0.038021	0.535266	0.082768	0.017913	0.166632	0.026351	0.284817	0.421519	0.176782	0.313076	0.185800	0.080508	0.189663	0.054171	1,2,2,1,2,2	0.404525	0.784680	0.950617	0.950617	0.784680	0.950617	0.950617	
652000	-115544	1,1,1,1,1,1	0.000000	5.496272	5.496272	5.496272	5.496272	5.496272	5.496272	1,1,1,1,1,1	0.000000	0.017945	0.519091	0.119354	0.343611	0.017945	0.519091	0.119354	0.343611	0.017945	0.519091	0.119354	0.343611	0.017945	0.519091	0.119354	0.343611	0.017945	0.519091	0.119354	0.343611	0.017945	0.519091	0.119354	0.343611	1,2,3,4,5,6	7.273982	0.115300	0.076807	0.247809	0.190495	0.269831	0.099758	0.496523	0.142856	0.138606	0.035683	0.093569	0.092764	0.093983	0.182277	0.172508	0.258087	0.270835	0.022309	0.038338	0.122858	0.485142	0.164473	0.020730	0.168460	0.025430	0.278256	0.125011	0.161109	0.180989	0.229205	0.225071	0.179384	0.163726	0.172144	0.176835	0.082840	1,2,2,1,2,2	0.246181	0.686697	0.851370	0.851370	0.686697	0.851370	0.851370	
653000	-115327	1,2,3,1,1,4	19.545965	6.264219	5.447844	5.852899	6.264219	6.264219	5.771547	1,1,2,1,1,2	1.362759	0.010234	0.514163	0.138301	0.337302	0.010234	0.514163	0.138301	0.337302	0.011203	0.521025	0.086649	0.381123	0.010234	0.514163	0.138301	0.337302	0.010234	0.514163	0.138301	0.337302	0.011203	0.521025	0.086649	0.381123	1,2,1,3,4,2	1.788933	0.021948	0.181819	0.239973	0.164760	0.337577	0.053923	0.513504	0.087792	0.080953	0.085529	0.121286	0.110936	0.021948	0.181819	0.239973	0.164760	0.337577	0.053923	0.106297	0.286476	0.069900	0.103866	0.011531	0.421930	0.024226	0.167606	0.178101	0.067665	0.329207	0.233194	0.513504	0.087792	0.080953	0.085529	0.121286	0.110936	1,2,3,3,2,2	0.777681	0.671845	0.907804	0.888002	0.888002	0.907804	0.907804	
654000	-115831	1,1,1,1,1,1	0.000000	5.884545	5.884545	5.884545	5.884545	5.884545	5.884545	1,1,1,1,1,1	0.000000	0.010363	0.533502	0.120329	0.335806	0.010363	0.533502	0.120329	0.335806	0.010363	0.533502	0.120329	0.335806	0.010363	0.533502	0.120329	0.335806	0.010363	0.533502	0.120329	0.335806	0.010363	0.533502	0.120329	0.335806	1,2,3,4,5,5	7.595584	0.000877	0.101003	0.134483	0.254537	0.403138	0.105962	0.479645	0.153164	0.085492	0.144402	0.079420	0.057876	0.096521	0.599138	0.113530	0.033492	0.124891	0.032427	0.227786	0.044198	0.247205	0.330207	0.016069	0.134535	0.142203	0.052503	0.164351	0.166562	0.278717	0.195664	0.142203	0.052503	0.164351	0.166562	0.278717	0.195664	1,2,2,2,2,2	1.465621	0.592256	0.938076	0.938076	0.938076	0.938076	0.938076	
655000	-116491	1,1,1,1,1,1	0.003973	6.222554	6.222554	6.222554	6.222554	6.222554	6.222554	1,1,1,1,1,1	0.000000	0.018176	0.511261	0.123141	0.347423	0.018176	0.511261	0.123141	0.347423	0.018176	0.511261	0.123141	0.347423	0.018176	0.511261	0.123141	0.347423	0.018176	0.511261	0.123141	0.347423	0.018176	0.511261	0.123141	0.347423	1,2,3,4,3,5	2.779095	0.008875	0.005539	0.167752	0.260456	0.320913	0.236464	0.421203	0.121534	0.075904	0.079134	0.063124	0.239100	0.175083	0.142722	0.146075	0.105192	0.294147	0.136781	0.039400	0.024498	0.025023	0.130031	0.029957	0.751092	0.175083	0.142722	0.146075	0.105192	0.294147	0.136781	0.554574	0.008699	0.037131	0.152106	0.192525	0.054965	1,2,2,2,2,2	0.055280	0.709541	0.889845	0.889845	0.889845	0.889845	0.889845	
656000	-115231	1,2,3,1,4,5	2.093146	5.861816	5.443594	5.769959	5.861816	5.875834	6.269633	1,1,1,1,1,1	0.000000	0.015960	0.521057	0.130784	0.332198	0.015960	0.521057	0.130784	0.332198	0.015960	0.521057	0.130784	0.332198	0.015960	0.521057	0.130784	0.332198	0.015960	0.521057	0.130784	0.332198	0.015960	0.521057	0.130784	0.332198	1,2,1,3,4,2	1.462327	0.107720	0.112319	0.177847	0.262163	0.313441	0.026509	0.355039	0.087207	0.086647	0.113768	0.243876	0.113463	0.107720	0.112319	0.177847	0.262163	0.313441	0.026509	0.057659	0.104453	0.121091	0.357332	0.030102	0.329362	0.097920	0.065241	0.217858	0.083374	0.296788	0.238820	0.355039	0.087207	0.086647	0.113768	0.243876	0.113463	1,2,2,2,2,2	1.372919	0.586188	0.906923	0.906923	0.906923	0.906923	0.906923	
657000	-115417	1,2,1,1,1,1	0.137321	6.084810	5.107957	6.084810	6.084810	6.084810	6.084810	1,1,1,1,1,1	0.000000	0.017398	0.516892	0.128889	0.336820	0.017398	0.516892	0.128889	0.336820	0.017398	0.516892	0.128889	0.336820	0.017398	0.516892	0.128889	0.336820	0.017398	0.516892	0.128889	0.336820	0.017398	0.516892	0.128889	0.336820	1,1,2,3,4,5	4.549643	0.270340	0.200718	0.061448	0.206430	0.174430	0.086634	0.270340	0.200718	0.061448	0.206430	0.174430	0.086634	0.041509	0.585432	0.111539	0.069773	0.171004	0.020742	0.095770	0.011633	0.096909	0.283644	0.008978	0.503066	0.155942	0.198950	0.178810	0.031504	0.210555	0.224239	0.144792	0.253136	0.222345	0.127556	0.205527	0.046644	1,1,1,1,1,1	0.000000	0.876049	0.876049	0.876049	0.876049	0.876049	0.876049	
658000	-116119	1,2,3,4,5,6	2.968212	6.509743	5.367697	5.931996	5.435578	5.893631	6.371456	1,1,1,1,1,1	0.000000	0.017201	0.502432	0.136465	0.343901	0.017201	0.502432	0.136465	0.343901	0.017201	0.502432	0.136465	0.343901	0.017201	0.502432	0.136465	0.343901	0.017201	0.502432	0.136465	0.343901	0.017201	0.502432	0.136465	0.343901	1,2,3,4,5,6	7.052363	0.165056	0.062585	0.016955	0.225792	0.410010	0.119602	0.089899	0.546934	0.001814	0.109364	0.175590	0.076398	0.022003	0.123534	0.474640	0.124355	0.255279	0.000190	0.281278	0.063258	0.071780	0.204139	0.015840	0.363705	0.121885	0.121778	0.035551	0.101471	0.256263	0.363052	0.303164	0.038082	0.229827	0.084713	0.210884	0.133330	1,2,2,2,2,2	0.134705	0.659869	0.916930	0.916930	0.916930	0.916930	0.916930	
659000	-115811	1,2,3,2,1,4	5.935960	5.986848	5.455981	5.815888	5.455981	5.986848	5.868290	1,1,1,1,1,1	0.000000	0.015547	0.526007	0.116397	0.342050	0.015547	0.526007	0.116397	0.342050	0.015547	0.526007	0.116397	0.342050	0.015547	0.526007	0.116397	0.342050	0.015547	0.526007	0.116397	0.342050	0.015547	0.526007	0.116397	0.342050	1,2,3,4,5,3	7.277542	0.091831	0.085359	0.487734	0.151537	0.118432	0.065107	0.471566	0.090077	0.148583	0.142519	0.111611	0.035644	0.338335	0.140708	0.119108	0.135231	0.193561	0.073057	0.188608	0.331482	0.111301	0.122337	0.047032	0.199240	0.211796	0.112148	0.167512	0.068174	0.192711	0.247659	0.338335	0.140708	0.119108	0.135231	0.193561	0.073057	1,2,2,2,2,2	1.584722	0.760274	0.932854	0.932854	0.932854	0.932854	0.932854	
660000	-115760	1,2,3,4,5,6	43.594560	6.333205	5.207609	5.783562	5.794413	5.904535	6.085169	1,1,1,1,1,1	0.000000	0.018243	0.533476	0.127342	0.320940	0.018243	0.533476	0.127342	0.320940	0.018243	0.533476	0.127342	0.320940	0.018243	0.533476	0.127342	0.320940	0.018243	0.533476	0.127342	0.320940	0.018243	0.533476	0.127342	0.320940	1,2,1,3,4,2	1.671628	0.159349	0.048649	0.038914	0.263609	0.381992	0.107488	0.608055	0.052878	0.076165	0.072465	0.131152	0.059285	0.159349	0.048649	0.038914	0.263609	0.381992	0.107488	0.199318	0.230567	0.296074	0.122640	0.029421	0.121981	0.104844	0.264354	0.229229	0.045289	0.231529	0.124754	0.608055	0.052878	0.076165	0.072465	0.131152	0.059285	1,2,2,2,2,2	0.299675	0.787045	0.912835	0.912835	0.912835	0.912835	0.912835	
661000	-115914	1,1,1,1,1,1	0.000000	5.638172	5.638172	5.638172	5.638172	5.638172	5.638172	1,1,1,1,1,1	0.000000	0.013317	0.526168	0.120969	0.339546	0.013317	0.526168	0.120969	0.339546	0.013317	0.526168	0.120969	0.339546	0.013317	0.526168	0.120969	0.339546	0.013317	0.526168	0.120969	0.339546	0.013317	0.526168	0.120969	0.339546	1,2,3,4,5,3	9.817337	0.047382	0.247537	0.218816	0.181505	0.181896	0.122865	0.186329	0.366690	0.229109	0.062907	0.079829	0.075136	0.285245	0.295302	0.168353	0.086485	0.125767	0.038848	0.122086	0.252992	0.091941	0.078766	0.005961	0.448253	0.137949	0.093390	0.109083	0.083486	0.305597	0.270494	0.285245	0.295302	0.168353	0.086485	0.125767	0.038848	1,1,1,1,1,1	0.000004	0.916096	0.916096	0.916096	0.916096	0.916096	0.916096	
662000	-117178	1,2,3,2,1,4	7.901478	5.933623	4.945500	5.846942	4.945500	5.933623	5.955903	1,1,1,1,1,1	0.000002	0.018496	0.511575	0.131610	0.338320	0.018496	0.511575	0.131610	0.338320	0.018496	0.511575	0.131610	0.338320	0.018496	0.511575	0.131610	0.338320	0.018496	0.511575	0.131610	0.338320	0.018496	0.511575	0.131610	0.338320	1,2,3,4,4,1	16.515182	0.121434	0.014730	0.312417	0.233108	0.228584	0.089728	0.119084	0.323914	0.196627	0.126206	0.118671	0.115499	0.151351	0.323658	0.119077	0.075068	0.309781	0.021065	0.017881	0.061123	0.344755	0.097401	0.150693	0.328146	0.017881	0.061123	0.344755	0.097401	0.150693	0.328146	0.121434	0.014730	0.312417	0.233108	0.228584	0.089728	1,1,1,1,1,1	0.000000	0.844913	0.844913	0.844913	0.844913	0.844913	0.844913	
663000	-116405	1,2,3,2,1,4	6.572413	6.049301	5.350202	6.243484	5.350202	6.049301	6.019743	1,1,1,1,1,1	0.000001	0.015767	0.541945	0.140327	0.301961	0.015767	0.541945	0.140327	0.301961	0.015767	0.541945	0.140327	0.301961	0.015767	0.541945	0.140327	0.301961	0.015767	0.541945	0.140327	0.301961	0.015767	0.541945	0.140327	0.301961	1,2,3,4,5,6	19.675535	0.030387	0.400715	0.282393	0.160448	0.116226	0.009830	0.299435	0.158861	0.024373	0.118962	0.156567	0.241802	0.074762	0.040090	0.184833	0.082000	0.435322	0.182994	0.056759	0.233788	0.302628	0.061798	0.040739	0.304287	0.157087	0.157372	0.068532	0.057938	0.245942	0.313129	0.133611	0.275965	0.311595	0.036464	0.191930	0.050434	1,1,1,1,1,1	0.000000	0.868615	0.868615	0.868615	0.868615	0.868615	0.868615	
664000	-115854	1,2,3,1,4,4	1.302298	5.911123	5.576827	5.969679	5.911123	6.156217	6.156217	1,1,1,1,1,1	0.000000	0.015059	0.512705	0.131956	0.340280	0.015059	0.512705	0.131956	0.340280	0.015059	0.512705	0.131956	0.340280	0.015059	0.512705	0.131956	0.340280	0.015059	0.512705	0.131956	0.340280	0.015059	0.512705	0.131956	0.340280	1,2,3,4,5,6	10.861758	0.160895	0.124679	0.121420	0.162466	0.357262	0.073278	0.430737	0.112319	0.085977	0.145050	0.141852	0.084065	0.008096	0.400252	0.177576	0.147521	0.262353	0.004203	0.002426	0.061005	0.045985	0.588579	0.081764	0.220241	0.014632	0.186638	0.200204	0.066748	0.351460	0.180318	0.352931	0.100891	0.079227	0.074948	0.224182	0.167819	1,2,2,2,2,2	0.587313	0.564519	0.893534	0.893534	0.893534	0.893534	0.893534	
665000	-116156	1,2,3,4,5,6	9.568605	5.980246	5.485723	5.736011	5.109362	6.007463	6.264767	1,1,1,1,1,1	0.000000	0.012950	0.526795	0.116253	0.344003	0.012950	0.526795	0.116253	0.344003	0.012950	0.526795	0.116253	0.344003	0.012950	0.526795	0.116253	0.344003	0.012950	0.526795	0.116253	0.344003	0.012950	0.526795	0.116253	0.344003	1,2,3,4,5,2	5.213142	0.186461	0.164613	0.065098	0.326147	0.236348	0.021332	0.349373	0.149322	0.107987	0.140856	0.185119	0.067343	0.002204	0.079733	0.317471	0.169802	0.397227	0.033563	0.141941	0.316651	0.134446	0.240304	0.057576	0.109082	0.179259	0.369321	0.054637	0.054307	0.148285	0.194191	0.349373	0.149322	0.107987	0.140856	0.185119	0.067343	1,2,2,1,2,2	0.381796	0.850680	0.916783	0.916783	0.850680	0.916783	0.916783	
666000	-115664	1,1,2,3,3,1	3.008175	5.955891	5.955891	6.481848	6.216270	6.216270	5.955891	1,1,1,1,1,1	0.000000	0.016395	0.521599	0.117492	0.344514	0.016395	0.521599	0.117492	0.344514	0.016395	0.521599	0.117492	0.344514	0.016395	0.521599	0.117492	0.344514	0.016395	0.521599	0.117492	0.344514	0.016395	0.521599	0.117492	0.344514	1,2,3,4,5,5	3.041994	0.075127	0.005269	0.321706	0.270519	0.219959	0.107420	0.122536	0.139040	0.385953	0.125595	0.054733	0.172143	0.023867	0.107017	0.093757	0.086421	0.637076	0.051862	0.018104	0.470622	0.068966	0.192989	0.005534	0.243785	0.216868	0.049863	0.121129	0.102974	0.298764	0.210402	0.216868	0.049863	0.121129	0.102974	0.298764	0.210402	1,1,1,1,1,1	0.000000	0.875056	0.875056	0.875056	0.875056	0.875056	0.875056	
667000	-114971	1,2,1,1,1,1	2.255352	5.997321	5.582489	5.997321	5.997321	5.997321	5.997321	1,1,1,1,1,1	0.000000	0.019842	0.513585	0.118944	0.347628	0.019842	0.513585	0.118944	0.347628	0.019842	0.513585	0.118944	0.347628	0.019842	0.513585	0.118944	0.347628	0.019842	0.513585	0.118944	0.347628	0.019842	0.513585	0.118944	0.347628	1,2,3,4,5,6	1.055914	0.149891	0.167259	0.083882	0.214846	0.290246	0.093876	0.391872	0.324477	0.053430	0.053764	0.092489	0.083967	0.006049	0.243072	0.072137	0.152090	0.457761	0.068891	0.094069	0.175668	0.130508	0.291025	0.007707	0.301022	0.014842	0.291553	0.263230	0.044329	0.151989	0.234058	0.364210	0.004711	0.085763	0.182127	0.298043	0.065147	1,1,1,1,1,1	0.000000	0.903371	0.903371	0.903371	0.903371	0.903371	0.903371	
668000	-115907	1,2,2,1,1,2	12.762078	5.791831	5.698009	5.698009	5.791831	5.791831	5.698009	1,1,1,1,1,1	0.000000	0.015738	0.529648	0.125577	0.329037	0.015738	0.529648	0.125577	0.329037	0.015738	0.529648	0.125577	0.329037	0.015738	0.529648	0.125577	0.329037	0.015738	0.529648	0.125577	0.329037	0.015738	0.529648	0.125577	0.329037	1,2,3,4,5,6	13.684132	0.056401	0.332824	0.328348	0.126594	0.111552	0.044281	0.367366	0.101030	0.075963	0.107942	0.199438	0.148260	0.036534	0.088235	0.257736	0.196060	0.394440	0.026996	0.317753	0.260399	0.317176	0.036755	0.009520	0.058396	0.225075	0.029990	0.332859	0.080752	0.185869	0.145455	0.437057	0.070177	0.046144	0.101261	0.201742	0.143619	1,2,2,1,2,2	0.234956	0.668442	0.926154	0.926154	0.668442	0.926154	0.926154	
669000	-116192	1,2,3,2,1,4	3.456097	6.124260	5.178550	5.862885	5.178550	6.124260	6.288651	1,1,1,1,1,1	0.000003	0.017542	0.507185	0.130126	0.345147	0.017542	0.507185	0.130126	0.345147	0.017542	0.507185	0.130126	0.345147	0.017542	0.507185	0.130126	0.345147	0.017542	0.507185	0.130126	0.345147	0.017542	0.507185	0.130126	0.345147	1,2,1,3,4,5	3.124059	0.013674	0.194384	0.366559	0.144838	0.250944	0.029600	0.155828	0.097613	0.236003	0.236265	0.142412	0.131880	0.013674	0.194384	0.366559	0.144838	0.250944	0.029600	0.108979	0.098936	0.357627	0.285150	0.054709	0.094600	0.023267	0.236463	0.098975	0.039508	0.266752	0.335037	0.304145	0.178432	0.025734	0.148697	0.303347	0.039645	1,2,2,1,2,2	0.105703	0.724047	0.960386	0.960386	0.724047	0.960386	0.960386	
670000	-116318	1,1,1,1,1,1	0.000000	5.811950	5.811950	5.811950	5.811950	5.811950	5.811950	1,1,1,1,1,1	0.000000	0.021050	0.525059	0.120456	0.333435	0.021050	0.525059	0.120456	0.333435	0.021050	0.525059	0.120456	0.333435	0.021050	0.525059	0.120456	0.333435	0.021050	0.525059	0.120456	0.333435	0.021050	0.525059	0.120456	0.333435	1,1,2,3,4,2	6.717170	0.210485	0.323948	0.122350	0.130365	0.160217	0.052636	0.210485	0.323948	0.122350	0.130365	0.160217	0.052636	0.261758	0.013978	0.038039	0.162708	0.408931	0.114586	0.326894	0.196919	0.395453	0.028777	0.001161	0.050797	0.156219	0.173926	0.169919	0.068902	0.250832	0.180201	0.261758	0.013978	0.038039	0.162708	0.408931	0.114586	1,2,2,1,2,2	0.069531	0.521739	0.926041	0.926041	0.521739	0.926041	0.926041	
671000	-115884	1,1,1,1,1,1	0.000000	5.577846	5.577846	5.577846	5.577846	5.577846	5.577846	1,1,1,1,1,1	0.000001	0.020275	0.539101	0.111597	0.329028	0.020275	0.539101	0.111597	0.329028	0.020275	0.539101	0.111597	0.329028	0.020275	0.539101	0.111597	0.329028	0.020275	0.539101	0.111597	0.329028	0.020275	0.539101	0.111597	0.329028	1,2,3,4,5,6	7.727862	0.072272	0.282826	0.116260	0.238825	0.247296	0.042520	0.310196	0.213069	0.134936	0.116743	0.081812	0.143243	0.004007	0.529537	0.115611	0.083188	0.225389	0.042268	0.210476	0.047845	0.256762	0.292121	0.047340	0.145456	0.070031	0.100327	0.415689	0.046388	0.119986	0.247579	0.059919	0.223737	0.093588	0.161351	0.272152	0.189252	1,2,2,2,2,2	0.234740	0.657565	0.926289	0.926289	0.926289	0.926289	0.926289	
672000	-116693	1,2,3,2,4,4	2.436411	6.063815	5.322788	5.904643	5.322788	6.010539	6.010539	1,1,1,1,1,1	0.000000	0.015149	0.510490	0.107547	0.366814	0.015149	0.510490	0.107547	0.366814	0.015149	0.510490	0.107547	0.366814	0.015149	0.510490	0.107547	0.366814	0.015149	0.510490	0.107547	0.366814	0.015149	0.510490	0.107547	0.366814	1,2,3,4,5,2	1.677583	0.149126	0.138083	0.034022	0.242215	0.288835	0.147719	0.477410	0.040115	0.199662	0.067716	0.133809	0.081289	0.199865	0.177602	0.087289	0.226741	0.261128	0.047374	0.099970	0.271277	0.249411	0.132644	0.089924	0.156774	0.091112	0.348556	0.064582	0.057734	0.288746	0.149271	0.477410	0.040115	0.199662	0.067716	0.133809	0.081289	1,1,1,1,1,1	0.134051	0.860639	0.860639	0.860639	0.860639	0.860639	0.860639	
673000	-116167	1,2,3,3,3,3	2.502109	6.430200	5.533627	6.076737	6.076737	6.076737	6.076737	1,1,1,1,1,1	0.000000	0.016701	0.524134	0.143614	0.315550	0.016701	0.524134	0.143614	0.315550	0.016701	0.524134	0.143614	0.315550	0.016701	0.524134	0.143614	0.315550	0.016701	0.524134	0.143614	0.315550	0.016701	0.524134	0.143614	0.315550	1,2,3,4,2,5	22.739838	0.029491	0.101159	0.268232	0.114288	0.437646	0.049185	0.167509	0.307217	0.264260	0.072797	0.110357	0.077860	0.190614	0.220314	0.153312	0.108450	0.299037	0.028273	0.062608	0.079595	0.437776	0.262035	0.043645	0.114340	0.167509	0.307217	0.264260	0.072797	0.110357	0.077860	0.434606	0.148496	0.037565	0.067090	0.208565	0.103679	1,1,1,1,1,1	0.000000	0.839962	0.839962	0.839962	0.839962	0.839962	0.839962	
674000	-115616	1,2,3,2,1,4	1.193200	6.250309	5.038125	5.664108	5.038125	6.250309	5.791347	1,1,1,1,1,1	0.000000	0.016473	0.523256	0.117030	0.343241	0.016473	0.523256	0.117030	0.343241	0.016473	0.523256	0.117030	0.343241	0.016473	0.523256	0.117030	0.343241	0.016473	0.523256	0.117030	0.343241	0.016473	0.523256	0.117030	0.343241	1,2,3,4,5,6	2.302496	0.024655	0.301370	0.267530	0.234399	0.155839	0.016206	0.436147	0.084729	0.031375	0.159228	0.157914	0.130607	0.141787	0.266469	0.021470	0.163654	0.388699	0.017922	0.009538	0.131503	0.320628	0.157905	0.070126	0.310301	0.013337	0.495612	0.111671	0.068701	0.101634	0.209044	0.437227	0.045831	0.025836	0.180318	0.242970	0.067818	1,1,1,1,1,1	0.000000	0.884184	0.884184	0.884184	0.884184	0.884184	0.884184	
675000	-115450	1,2,3,4,3,1	1.883239	5.776407	5.249719	5.495249	6.164822	5.495249	5.776407	1,1,1,1,1,1	0.000000	0.015638	0.531664	0.129006	0.323693	0.015638	0.531664	0.129006	0.323693	0.015638	0.531664	0.129006	0.323693	0.015638	0.531664	0.129006	0.323693	0.015638	0.531664	0.129006	0.323693	0.015638	0.531664	0.129006	0.323693	1,2,1,3,4,5	9.635419	0.109120	0.268269	0.140347	0.190905	0.209954	0.081404	0.409474	0.002203	0.304497	0.148093	0.085375	0.050357	0.109120	0.268269	0.140347	0.190905	0.209954	0.081404	0.012418	0.006057	0.285607	0.429797	0.024523	0.241598	0.064210	0.101203	0.343128	0.081521	0.183006	0.226932	0.504160	0.097593	0.003603	0.123076	0.159648	0.111921	1,2,2,2,2,2	0.947283	0.670455	0.906149	0.906149	0.906149	0.906149	0.906149	
676000	-115943	1,2,3,4,1,2	2.130361	6.221011	5.642748	5.665162	5.002762	6.221011	5.642748	1,1,1,1,1,1	0.000000	0.020270	0.495091	0.142469	0.342170	0.020270	0.495091	0.142469	0.342170	0.020270	0.495091	0.142469	0.342170	0.020270	0.495091	0.142469	0.342170	0.020270	0.495091	0.142469	0.342170	0.020270	0.495091	0.142469	0.342170	1,2,1,3,4,5	6.093886	0.048364	0.061674	0.182751	0.237187	0.405369	0.064655	0.073052	0.604003	0.142816	0.065117	0.087249	0.027763	0.048364	0.061674	0.182751	0.237187	0.405369	0.064655	0.084196	0.094507	0.387009	0.138776	0.046710	0.248803	0.009461	0.338336	0.245374	0.041946	0.269447	0.095436	0.362390	0.059355	0.141159	0.127643	0.167179	0.142275	1,2,2,2,2,2	0.134102	0.625130	0.858913	0.858913	0.858913	0.858913	0.858913	
677000	-115643	1,2,3,2,1,1	0.440128	5.959264	5.309995	6.412094	5.309995	5.959264	5.959264	1,1,1,1,1,1	0.000000	0.015022	0.511082	0.118327	0.355569	0.015022	0.511082	0.118327	0.355569	0.015022	0.511082	0.118327	0.355569	0.015022	0.511082	0.118327	0.355569	0.015022	0.511082	0.118327	0.355569	0.015022	0.511082	0.118327	0.355569	1,2,3,4,5,2	3.854268	0.103505	0.351102	0.066741	0.297863	0.130292	0.050497	0.340906	0.113822	0.211915	0.132782	0.102613	0.097963	0.072597	0.130766	0.140301	0.192688	0.457030	0.006618	0.054277	0.055469	0.064307	0.419407	0.068931	0.337610	0.119427	0.022227	0.155610	0.077010	0.273768	0.351959	0.340906	0.113822	0.211915	0.132782	0.102613	0.097963	1,1,1,1,1,1	0.000000	0.844564	0.844564	0.844564	0.844564	0.844564	0.844564	
678000	-115607	1,2,2,3,3,3	1.193941	5.688664	5.859874	5.859874	6.059772	6.059772	6.059772	1,1,1,1,1,1	0.000000	0.015176	0.526792	0.125135	0.332897	0.015176	0.526792	0.125135	0.332897	0.015176	0.526792	0.125135	0.332897	0.015176	0.526792	0.125135	0.332897	0.015176	0.526792	0.125135	0.332897	0.015176	0.526792	0.125135	0.332897	1,2,3,4,5,2	6.631229	0.040047	0.468604	0.030037	0.141127	0.183175	0.137011	0.475917	0.012711	0.125843	0.161615	0.185195	0.038719	0.023024	0.030653	0.566544	0.076112	0.262725	0.040943	0.079958	0.106142	0.131698	0.246344	0.008155	0.427703	0.163732	0.091764	0.248154	0.070390	0.286737	0.139222	0.475917	0.012711	0.125843	0.161615	0.185195	0.038719	1,2,2,2,2,2	1.100119	0.708951	0.918659	0.918659	0.918659	0.918659	0.918659	
679000	-115307	1,2,3,4,1,5	3.904863	5.943916	5.424826	5.790469	5.015310	5.943916	6.052895	1,1,1,1,1,1	0.000000	0.016587	0.527781	0.127126	0.328506	0.016587	0.527781	0.127126	0.328506	0.016587	0.527781	0.127126	0.328506	0.016587	0.527781	0.127126	0.328506	0.016587	0.527781	0.127126	0.328506	0.016587	0.527781	0.127126	0.328506	1,2,3,4,5,2	2.467086	0.131117	0.544739	0.049950	0.095993	0.123712	0.054490	0.466536	0.088662	0.078402	0.080637	0.130298	0.155465	0.095707	0.185262	0.255889	0.120949	0.286275	0.055917	0.108234	0.095120	0.168836	0.243688	0.046359	0.337763	0.054686	0.174805	0.324195	0.043676	0.227654	0.174985	0.466536	0.088662	0.078402	0.080637	0.130298	0.155465	1,2,2,2,2,2	0.750952	0.662812	0.879049	0.879049	0.879049	0.879049	0.879049	
680000	-115631	1,2,1,2,3,3	0.479556	5.979645	5.395742	5.979645	5.395742	5.833531	5.833531	1,1,1,1,1,1	0.000000	0.012316	0.529722	0.121251	0.336711	0.012316	0.529722	0.121251	0.336711	0.012316	0.529722	0.121251	0.336711	0.012316	0.529722	0.121251	0.336711	0.012316	0.529722	0.121251	0.336711	0.012316	0.529722	0.121251	0.336711	1,2,3,4,1,2	4.900954	0.012205	0.482779	0.172832	0.068292	0.131383	0.132509	0.307583	0.121253	0.247430	0.084852	0.124776	0.114105	0.101705	0.351659	0.198813	0.073644	0.266046	0.008133	0.003919	0.073865	0.308070	0.208329	0.060816	0.345002	0.012205	0.482779	0.172832	0.068292	0.131383	0.132509	0.307583	0.121253	0.247430	0.084852	0.124776	0.114105	1,2,2,2,2,2	0.366028	0.633154	0.926316	0.926316	0.926316	0.926316	0.926316	
681000	-115359	1,2,1,2,1,1	0.159431	5.769187	5.246790	5.769187	5.246790	5.769187	5.769187	1,1,1,1,1,1	0.000000	0.013147	0.530247	0.132016	0.324590	0.013147	0.530247	0.132016	0.324590	0.013147	0.530247	0.132016	0.324590	0.013147	0.530247	0.132016	0.324590	0.013147	0.530247	0.132016	0.324590	0.013147	0.530247	0.132016	0.324590	1,2,3,4,5,2	6.839783	0.180564	0.085279	0.227941	0.143514	0.283623	0.079080	0.389590	0.121364	0.134590	0.129030	0.164539	0.060887	0.147852	0.028672	0.078841	0.197275	0.446474	0.100887	0.037982	0.009386	0.435592	0.212165	0.021929	0.282945	0.146951	0.453940	0.130825	0.054858	0.091385	0.122040	0.389590	0.121364	0.134590	0.129030	0.164539	0.060887	1,2,2,2,2,2	0.348051	0.606974	0.939460	0.939460	0.939460	0.939460	0.939460	
682000	-115729	1,2,1,2,1,1	1.183581	6.074250	5.575777	6.074250	5.575777	6.074250	6.074250	1,1,1,1,1,1	0.000000	0.014614	0.519702	0.115676	0.350008	0.014614	0.519702	0.115676	0.350008	0.014614	0.519702	0.115676	0.350008	0.014614	0.519702	0.115676	0.350008	0.014614	0.519702	0.115676	0.350008	0.014614	0.519702	0.115676	0.350008	1,2,3,4,5,6	30.219486	0.013921	0.332668	0.202569	0.157826	0.285667	0.007349	0.352346	0.295608	0.006486	0.034326	0.135861	0.175372	0.138417	0.098074	0.139748	0.163077	0.428084	0.032599	0.043584	0.332534	0.259244	0.172931	0.017292	0.174415	0.049377	0.295448	0.384406	0.056593	0.113740	0.100437	0.356480	0.121852	0.101660	0.093226	0.127856	0.198926	1,2,2,2,2,2	0.435579	0.624544	0.933247	0.933247	0.933247	0.933247	0.933247	
683000	-115692	1,1,1,1,1,1	0.000001	5.944756	5.944756	5.944756	5.944756	5.944756	5.944756	1,1,1,1,1,1	0.000693	0.016524	0.496761	0.136202	0.350513	0.016524	0.496761	0.136202	0.350513	0.016524	0.496761	0.136202	0.350513	0.016524	0.496761	0.136202	0.350513	0.016524	0.496761	0.136202	0.350513	0.016524	0.496761	0.136202	0.350513	1,2,1,3,4,2	5.479620	0.081953	0.070609	0.132481	0.282307	0.391103	0.041548	0.213213	0.303007	0.112349	0.115647	0.178587	0.077198	0.081953	0.070609	0.132481	0.282307	0.391103	0.041548	0.122797	0.408640	0.208532	0.083022	0.015246	0.161761	0.066045	0.131954	0.324681	0.064872	0.311991	0.100456	0.213213	0.303007	0.112349	0.115647	0.178587	0.077198	1,2,2,2,2,2	0.635512	0.564325	0.886332	0.886332	0.886332	0.886332	0.886332	
684000	-116601	1,2,3,2,3,4	1.376413	5.950824	5.169519	5.769976	5.169519	5.769976	6.149127	1,1,1,1,1,1	0.000000	0.017157	0.516989	0.121837	0.344017	0.017157	0.516989	0.121837	0.344017	0.017157	0.516989	0.121837	0.344017	0.017157	0.516989	0.121837	0.344017	0.017157	0.516989	0.121837	0.344017	0.017157	0.516989	0.121837	0.344017	1,2,1,3,4,5	0.880047	0.132113	0.014840	0.076580	0.300036	0.397330	0.079101	0.381816	0.213821	0.006933	0.231695	0.067380	0.098355	0.132113	0.014840	0.076580	0.300036	0.397330	0.079101	0.022394	0.086274	0.123721	0.183124	0.133753	0.450734	0.228408	0.251942	0.075055	0.017432	0.220215	0.206948	0.163569	0.023301	0.072367	0.107742	0.380227	0.252794	1,1,1,1,1,1	0.000000	0.853399	0.853399	0.853399	0.853399	0.853399	0.853399	
685000	-116024	1,2,2,3,1,1	0.521627	6.182248	5.604223	5.604223	6.708731	6.182248	6.182248	1,2,1,1,1,1	0.209687	0.012842	0.550058	0.113430	0.323670	0.018444	0.553223	0.141130	0.287203	0.012842	0.550058	0.113430	0.323670	0.012842	0.550058	0.113430	0.323670	0.012842	0.550058	0.113430	0.323670	0.012842	0.550058	0.113430	0.323670	1,2,3,4,5,2	9.420381	0.017571	0.012880	0.460117	0.143795	0.268647	0.096990	0.600062	0.070773	0.040600	0.075136	0.137283	0.076147	0.078413	0.140670	0.461567	0.097542	0.178052	0.043755	0.238998	0.427164	0.044827	0.036088	0.002984	0.249940	0.164558	0.046552	0.161446	0.089556	0.335021	0.202867	0.600062	0.070773	0.040600	0.075136	0.137283	0.076147	1,2,2,2,2,2	1.394386	0.631246	0.930664	0.930664	0.930664	0.930664	0.930664	
686000	-116175	1,2,3,1,1,1	3.826720	6.002886	5.543888	5.831776	6.002886	6.002886	6.002886	1,1,1,1,1,1	0.000000	0.012519	0.511634	0.132217	0.343630	0.012519	0.511634	0.132217	0.343630	0.012519	0.511634	0.132217	0.343630	0.012519	0.511634	0.132217	0.343630	0.012519	0.511634	0.132217	0.343630	0.012519	0.511634	0.132217	0.343630	1,2,1,3,4,5	0.562434	0.083512	0.270105	0.180400	0.193753	0.250422	0.021808	0.549900	0.085119	0.101117	0.056341	0.042745	0.164778	0.083512	0.270105	0.180400	0.193753	0.250422	0.021808	0.351134	0.072814	0.056837	0.121110	0.046642	0.351463	0.230220	0.024090	0.139184	0.053053	0.198136	0.355315	0.149669	0.384628	0.150637	0.075744	0.134742	0.104581	1,2,2,3,2,2	7.076056	0.642232	0.975214	0.975214	0.812671	0.975214	0.975214	
687000	-115511	1,2,3,3,4,4	2.660783	6.337454	5.296465	5.863778	5.863778	5.984327	5.984327	1,1,1,1,1,1	0.000000	0.016869	0.492876	0.119554	0.370700	0.016869	0.492876	0.119554	0.370700	0.016869	0.492876	0.119554	0.370700	0.016869	0.492876	0.119554	0.370700	0.016869	0.492876	0.119554	0.370700	0.016869	0.492876	0.119554	0.370700	1,2,3,4,5,2	3.271104	0.070126	0.209086	0.182221	0.248589	0.268490	0.021488	0.406599	0.254691	0.055095	0.066729	0.131179	0.085706	0.065113	0.101416	0.125014	0.263826	0.444509	0.000122	0.332431	0.162602	0.181402	0.198205	0.011290	0.114070	0.240724	0.016769	0.114166	0.135345	0.284884	0.208112	0.406599	0.254691	0.055095	0.066729	0.131179	0.085706	1,1,1,1,1,1	0.000009	0.909669	0.909669	0.909669	0.909669	0.909669	0.909669	
688000	-115377	1,1,1,1,1,1	0.000000	5.850041	5.850041	5.850041	5.850041	5.850041	5.850041	1,1,1,1,1,1	0.000000	0.019492	0.487961	0.142733	0.349814	0.019492	0.487961	0.142733	0.349814	0.019492	0.487961	0.142733	0.349814	0.019492	0.487961	0.142733	0.349814	0.019492	0.487961	0.142733	0.349814	0.019492	0.487961	0.142733	0.349814	1,2,1,3,4,4	8.253490	0.113799	0.058771	0.339702	0.146097	0.284411	0.057219	0.442347	0.248231	0.037946	0.084628	0.124933	0.061915	0.113799	0.058771	0.339702	0.146097	0.284411	0.057219	0.099747	0.182510	0.073821	0.223854	0.012699	0.407369	0.445162	0.105310	0.077510	0.058244	0.188678	0.125095	0.445162	0.105310	0.077510	0.058244	0.188678	0.125095	1,1,1,1,1,1	0.000000	0.807196	0.807196	0.807196	0.807196	0.807196	0.807196	
689000	-116300	1,2,3,4,3,5	2.545820	6.346197	5.144582	6.004482	6.682382	6.004482	6.065401	1,1,1,1,1,1	0.000000	0.017748	0.530581	0.112056	0.339615	0.017748	0.530581	0.112056	0.339615	0.017748	0.530581	0.112056	0.339615	0.017748	0.530581	0.112056	0.339615	0.017748	0.530581	0.112056	0.339615	0.017748	0.530581	0.112056	0.339615	1,2,3,4,5,2	3.627122	0.128816	0.237583	0.073756	0.267606	0.276257	0.015982	0.374283	0.060251	0.230423	0.106219	0.108496	0.120328	0.135113	0.257206	0.027837	0.214039	0.328747	0.037057	0.342443	0.190929	0.224322	0.192044	0.003874	0.046388	0.092519	0.025451	0.393850	0.004650	0.194619	0.288911	0.374283	0.060251	0.230423	0.106219	0.108496	0.120328	1,2,2,1,2,2	1.159353	0.668615	0.880463	0.880463	0.668615	0.880463	0.880463	
690000	-115978	1,2,3,4,5,4	4.120866	5.815081	5.848308	5.988060	6.097036	6.494110	6.097036	1,1,1,1,1,1	0.000000	0.016934	0.551537	0.103102	0.328427	0.016934	0.551537	0.103102	0.328427	0.016934	0.551537	0.103102	0.328427	0.016934	0.551537	0.103102	0.328427	0.016934	0.551537	0.103102	0.328427	0.016934	0.551537	0.103102	0.328427	1,2,3,4,5,2	22.021206	0.015426	0.261285	0.341166	0.149206	0.190960	0.041957	0.457085	0.223256	0.072599	0.058316	0.131254	0.057490	0.179838	0.012230	0.180400	0.170809	0.381568	0.075155	0.093335	0.076738	0.056802	0.576484	0.030432	0.166209	0.094677	0.029865	0.456057	0.085031	0.210611	0.123758	0.457085	0.223256	0.072599	0.058316	0.131254	0.057490	1,2,2,3,2,2	0.739594	0.519262	0.922942	0.922942	0.721422	0.922942	0.922942	
691000	-115993	1,1,1,1,1,1	0.000000	6.000304	6.000304	6.000304	6.000304	6.000304	6.000304	1,1,1,1,1,1	0.000000	0.013902	0.505996	0.136811	0.343291	0.013902	0.505996	0.136811	0.343291	0.013902	0.505996	0.136811	0.343291	0.013902	0.505996	0.136811	0.343291	0.013902	0.505996	0.136811	0.343291	0.013902	0.505996	0.136811	0.343291	1,2,1,3,4,5	2.213675	0.217641	0.261636	0.023656	0.137627	0.306868	0.052572	0.291884	0.064200	0.147895	0.070873	0.234380	0.190767	0.217641	0.261636	0.023656	0.137627	0.306868	0.052572	0.283151	0.087445	0.146087	0.299399	0.014584	0.169335	0.174669	0.046860	0.192747	0.065811	0.307631	0.212282	0.256865	0.318083	0.056602	0.111949	0.204777	0.051723	1,2,2,2,2,2	0.062191	0.647996	0.914923	0.914923	0.914923	0.914923	0.914923	
692000	-115219	1,2,1,2,3,1	1.508123	5.824680	5.095759	5.824680	5.095759	6.103457	5.824680	1,1,1,1,1,1	0.000000	0.012696	0.484925	0.134133	0.368246	0.012696	0.484925	0.134133	0.368246	0.012696	0.484925	0.134133	0.368246	0.012696	0.484925	0.134133	0.368246	0.012696	0.484925	0.134133	0.368246	0.012696	0.484925	0.134133	0.368246	1,2,3,4,5,2	3.502938	0.020922	0.342841	0.219194	0.200363	0.193647	0.023034	0.217281	0.509556	0.081827	0.062378	0.081421	0.047536	0.044245	0.385583	0.064114	0.098823	0.306196	0.101040	0.009910	0.184400	0.216511	0.217474	0.008807	0.362896	0.123435	0.067271	0.566577	0.045024	0.121770	0.075923	0.217281	0.509556	0.081827	0.062378	0.081421	0.047536	1,1,1,1,1,1	0.000000	0.853845	0.853845	0.853845	0.853845	0.853845	0.853845	
693000	-115665	1,2,3,3,3,3	2.343128	6.071172	5.454023	5.719455	5.719455	5.719455	5.719455	1,1,1,1,1,1	0.000000	0.013393	0.512964	0.128512	0.345131	0.013393	0.512964	0.128512	0.345131	0.013393	0.512964	0.128512	0.345131	0.013393	0.512964	0.128512	0.345131	0.013393	0.512964	0.128512	0.345131	0.013393	0.512964	0.128512	0.345131	1,2,1,3,4,2	0.530572	0.033106	0.173240	0.204710	0.217718	0.361527	0.009700	0.507162	0.143696	0.042860	0.083125	0.141422	0.081735	0.033106	0.173240	0.204710	0.217718	0.361527	0.009700	0.071880	0.180918	0.106575	0.453306	0.043697	0.143624	0.087169	0.160776	0.207717	0.121247	0.196698	0.226393	0.507162	0.143696	0.042860	0.083125	0.141422	0.081735	1,2,2,2,2,2	1.636321	0.573884	0.943799	0.943799	0.943799	0.943799	0.943799	
694000	-115425	1,2,3,3,4,1	1.177346	6.472613	5.635537	5.724611	5.724611	6.074133	6.472613	1,1,1,1,1,1	0.000153	0.019645	0.504489	0.124808	0.351058	0.019645	0.504489	0.124808	0.351058	0.019645	0.504489	0.124808	0.351058	0.019645	0.504489	0.124808	0.351058	0.019645	0.504489	0.124808	0.351058	0.019645	0.504489	0.124808	0.351058	1,2,3,4,5,2	3.617709	0.080494	0.116094	0.260925	0.131155	0.359572	0.051760	0.566925	0.125665	0.021799	0.061183	0.137421	0.087007	0.034428	0.259186	0.075653	0.200497	0.396663	0.033574	0.177308	0.045067	0.207200	0.161611	0.016933	0.391880	0.046319	0.002271	0.127698	0.102217	0.460774	0.260722	0.566925	0.125665	0.021799	0.061183	0.137421	0.087007	1,1,1,1,1,1	0.000000	0.838946	0.838946	0.838946	0.838946	0.838946	0.838946	
695000	-115901	1,2,3,3,3,3	0.550555	6.540391	5.514743	5.801064	5.801064	5.801064	5.801064	1,1,1,1,1,1	0.000000	0.012112	0.533188	0.119484	0.335216	0.012112	0.533188	0.119484	0.335216	0.012112	0.533188	0.119484	0.335216	0.012112	0.533188	0.119484	0.335216	0.012112	0.533188	0.119484	0.335216	0.012112	0.533188	0.119484	0.335216	1,2,3,4,5,6	1.452148	0.018038	0.004263	0.247409	0.272711	0.406084	0.051496	0.228912	0.193724	0.173360	0.130333	0.120231	0.153441	0.001833	0.623895	0.004280	0.135773	0.217971	0.016248	0.259030	0.027316	0.095347	0.407035	0.028158	0.183113	0.269232	0.115844	0.308293	0.027114	0.120079	0.159437	0.284035	0.147606	0.276977	0.048911	0.119591	0.122880	1,1,1,1,1,1	0.000000	0.921691	0.921691	0.921691	0.921691	0.921691	0.921691	
696000	-116130	1,2,1,3,1,1	1.652361	5.906713	5.316221	5.906713	4.949742	5.906713	5.906713	1,1,1,1,1,1	0.000000	0.012791	0.514314	0.145635	0.327259	0.012791	0.514314	0.145635	0.327259	0.012791	0.514314	0.145635	0.327259	0.012791	0.514314	0.145635	0.327259	0.012791	0.514314	0.145635	0.327259	0.012791	0.514314	0.145635	0.327259	1,2,3,4,5,3	2.432247	0.142799	0.190655	0.365125	0.122070	0.150571	0.028780	0.193873	0.242447	0.196344	0.076443	0.155994	0.134899	0.556218	0.005468	0.049614	0.095524	0.245188	0.047987	0.011852	0.018353	0.093558	0.296955	0.128374	0.450909	0.162424	0.010009	0.213310	0.110822	0.270463	0.232973	0.556218	0.005468	0.049614	0.095524	0.245188	0.047987	1,2,2,1,2,2	0.397619	0.770099	0.903576	0.903576	0.770099	0.903576	0.903576	
697000	-116532	1,2,3,4,3,3	2.274373	6.100531	5.465737	5.848115	5.362001	5.848115	5.848115	1,1,1,1,1,1	0.000000	0.014794	0.537060	0.127577	0.320568	0.014794	0.537060	0.127577	0.320568	0.014794	0.537060	0.127577	0.320568	0.014794	0.537060	0.127577	0.320568	0.014794	0.537060	0.127577	0.320568	0.014794	0.537060	0.127577	0.320568	1,2,3,4,5,6	22.217152	0.116756	0.051828	0.036763	0.392529	0.258468	0.143656	0.166790	0.023402	0.597717	0.071000	0.077494	0.063597	0.292083	0.113452	0.171812	0.101403	0.315947	0.005303	0.400281	0.025980	0.212329	0.089814	0.054791	0.216804	0.026426	0.200701	0.462349	0.078692	0.105799	0.126032	0.324273	0.083091	0.118477	0.142953	0.245737	0.085469	1,1,1,1,1,1	0.000000	0.871644	0.871644	0.871644	0.871644	0.871644	0.871644	
698000	-115574	1,1,1,1,1,1	0.000000	5.924907	5.924907	5.924907	5.924907	5.924907	5.924907	1,1,2,1,1,2	0.060097	0.016741	0.500686	0.158639	0.323934	0.016741	0.500686	0.158639	0.323934	0.009797	0.523857	0.109688	0.356658	0.016741	0.500686	0.158639	0.323934	0.016741	0.500686	0.158639	0.323934	0.009797	0.523857	0.109688	0.356658	1,2,1,3,4,2	1.686031	0.026948	0.231659	0.266244	0.166252	0.277189	0.031708	0.468817	0.079690	0.231627	0.065857	0.079731	0.074279	0.026948	0.231659	0.266244	0.166252	0.277189	0.031708	0.177698	0.374270	0.330129	0.033881	0.002545	0.081477	0.103665	0.087937	0.454669	0.079535	0.198011	0.076183	0.468817	0.079690	0.231627	0.065857	0.079731	0.074279	1,2,2,3,2,2	0.720622	0.727004	0.929312	0.929312	0.672644	0.929312	0.929312	
699000	-115233	1,2,3,4,5,5	7.673892	6.431545	5.497606	5.728292	5.751190	6.160565	6.160565	1,1,1,1,1,1	0.000000	0.013726	0.509766	0.128644	0.347865	0.013726	0.509766	0.128644	0.347865	0.013726	0.509766	0.128644	0.347865	0.013726	0.509766	0.128644	0.347865	0.013726	0.509766	0.128644	0.347865	0.013726	0.509766	0.128644	0.347865	1,2,1,3,4,2	1.771817	0.130718	0.276507	0.069112	0.184023	0.311915	0.027724	0.401426	0.445620	0.002262	0.045777	0.051834	0.053082	0.130718	0.276507	0.069112	0.184023	0.311915	0.027724	0.151358	0.109529	0.144138	0.228146	0.015086	0.351744	0.071290	0.421408	0.160511	0.017809	0.129878	0.199103	0.401426	0.445620	0.002262	0.045777	0.051834	0.053082	1,2,2,2,2,2	0.199111	0.473888	0.950361	0.950361	0.950361	0.950361	0.950361	
700000	-115693	1,1,1,2,1,1	0.641403	6.008141	6.008141	6.008141	5.370833	6.008141	6.008141	1,1,1,1,1,1	0.000000	0.015652	0.522760	0.130884	0.330703	0.015652	0.522760	0.130884	0.330703	0.015652	0.522760	0.130884	0.330703	0.015652	0.522760	0.130884	0.330703	0.015652	0.522760	0.130884	0.330703	0.015652	0.522760	0.130884	0.330703	1,2,1,3,4,2	6.982160	0.172014	0.090118	0.252014	0.123230	0.330820	0.031804	0.494823	0.070701	0.113840	0.040829	0.136776	0.143032	0.172014	0.090118	0.252014	0.123230	0.330820	0.031804	0.069680	0.127402	0.343325	0.194014	0.026452	0.239127	0.118046	0.204329	0.387952	0.042176	0.176864	0.070633	0.494823	0.070701	0.113840	0.040829	0.136776	0.143032	1,2,3,3,3,3	1.099823	0.561070	0.844779	0.944881	0.944881	0.944881	0.944881	
701000	-116581	1,1,1,1,1,1	0.000000	5.688429	5.688429	5.688429	5.688429	5.688429	5.688429	1,1,1,1,1,1	0.000000	0.015302	0.529534	0.113553	0.341610	0.015302	0.529534	0.113553	0.341610	0.015302	0.529534	0.113553	0.341610	0.015302	0.529534	0.113553	0.341610	0.015302	0.529534	0.113553	0.341610	0.015302	0.529534	0.113553	0.341610	1,2,1,3,4,4	6.905892	0.015754	0.511313	0.098607	0.080967	0.244158	0.049202	0.489646	0.145989	0.002551	0.173690	0.131185	0.056938	0.015754	0.511313	0.098607	0.080967	0.244158	0.049202	0.452440	0.021578	0.442811	0.022843	0.000090	0.060239	0.097710	0.222443	0.148960	0.130502	0.248189	0.152196	0.097710	0.222443	0.148960	0.130502	0.248189	0.152196	1,2,2,3,2,3	4.004679	0.595394	0.906374	0.906374	0.870867	0.906374	0.870867	
702000	-115971	1,1,2,2,3,1	1.946752	6.024406	6.024406	6.421372	6.421372	6.267665	6.024406	1,1,1,1,1,1	0.000000	0.017026	0.507997	0.118203	0.356774	0.017026	0.507997	0.118203	0.356774	0.017026	0.507997	0.118203	0.356774	0.017026	0.507997	0.118203	0.356774	0.017026	0.507997	0.118203	0.356774	0.017026	0.507997	0.118203	0.356774	1,2,3,4,5,6	14.540029	0.000947	0.097805	0.152615	0.362681	0.303845	0.082108	0.092254	0.320195	0.472890	0.046684	0.036148	0.031829	0.082921	0.078216	0.033670	0.158030	0.579169	0.067994	0.077160	0.150641	0.253830	0.369021	0.006519	0.142829	0.089416	0.394562	0.188448	0.030378	0.093542	0.203653	0.401003	0.065013	0.049416	0.041265	0.169698	0.273604	1,2,2,3,2,2	0.855114	0.698173	0.942346	0.942346	0.719575	0.942346	0.942346	
703000	-115966	1,2,1,2,1,3	2.249961	5.777427	5.451346	5.777427	5.451346	5.777427	6.206751	1,1,1,1,1,1	0.000000	0.014162	0.531046	0.117509	0.337284	0.014162	0.531046	0.117509	0.337284	0.014162	0.531046	0.117509	0.337284	0.014162	0.531046	0.117509	0.337284	0.014162	0.531046	0.117509	0.337284	0.014162	0.531046	0.117509	0.337284	1,2,3,4,5,6	15.180251	0.225558	0.146884	0.084492	0.323966	0.146312	0.072789	0.158431	0.432647	0.203392	0.038696	0.050285	0.116548	0.097799	0.206662	0.071287	0.114721	0.340432	0.169099	0.089016	0.047747	0.043578	0.244536	0.044568	0.530554	0.022660	0.099968	0.209163	0.036144	0.252219	0.379847	0.152471	0.183479	0.102583	0.087261	0.308048	0.166156	1,2,2,2,2,2	1.348305	0.838352	0.937578	0.937578	0.937578	0.937578	0.937578	
704000	-116003	1,2,1,2,1,1	0.200734	5.766876	5.082052	5.766876	5.082052	5.766876	5.766876	1,1,1,1,1,1	0.005910	0.013049	0.565216	0.106267	0.315468	0.013049	0.565216	0.106267	0.315468	0.013049	0.565216	0.106267	0.315468	0.013049	0.565216	0.106267	0.315468	0.013049	0.565216	0.106267	0.315468	0.013049	0.565216	0.106267	0.315468	1,2,1,3,4,4	6.369675	0.168021	0.069149	0.008919	0.310816	0.395238	0.047856	0.399463	0.233254	0.001602	0.078432	0.078605	0.208643	0.168021	0.069149	0.008919	0.310816	0.395238	0.047856	0.279255	0.061171	0.266127	0.130905	0.016392	0.246150	0.071264	0.215273	0.175766	0.138758	0.205143	0.193796	0.071264	0.215273	0.175766	0.138758	0.205143	0.193796	1,1,1,1,1,1	0.000000	0.855538	0.855538	0.855538	0.855538	0.855538	0.855538	
705000	-115316	1,1,1,1,1,1	0.000000	5.908816	5.908816	5.908816	5.908816	5.908816	5.908816	1,1,1,1,1,1	0.000000	0.017878	0.526117	0.134091	0.321914	0.017878	0.526117	0.134091	0.321914	0.017878	0.526117	0.134091	0.321914	0.017878	0.526117	0.134091	0.321914	0.017878	0.526117	0.134091	0.321914	0.017878	0.526117	0.134091	0.321914	1,2,3,4,5,6	4.197193	0.107127	0.190322	0.221905	0.150578	0.296990	0.033078	0.303288	0.073505	0.243545	0.162220	0.169252	0.048191	0.001513	0.442849	0.116209	0.105163	0.298107	0.036159	0.032872	0.092139	0.432332	0.116587	0.009667	0.316403	0.030617	0.172569	0.227230	0.027777	0.323097	0.218709	0.364642	0.077067	0.206551	0.104200	0.146547	0.100993	1,2,2,2,2,2	0.736695	0.598309	0.924601	0.924601	0.924601	0.924601	0.924601	
706000	-116427	1,2,1,3,1,1	0.301264	5.775175	5.378307	5.775175	4.882175	5.775175	5.775175	1,1,1,1,1,1	0.000000	0.012865	0.520141	0.125864	0.341130	0.012865	0.520141	0.125864	0.341130	0.012865	0.520141	0.125864	0.341130	0.012865	0.520141	0.125864	0.341130	0.012865	0.520141	0.125864	0.341130	0.012865	0.520141	0.125864	0.341130	1,2,1,3,4,1	3.342058	0.109409	0.308864	0.126591	0.186350	0.204494	0.064293	0.174470	0.487442	0.066382	0.102693	0.062005	0.107008	0.109409	0.308864	0.126591	0.186350	0.204494	0.064293	0.036553	0.236045	0.021902	0.360000	0.105444	0.240057	0.126313	0.330907	0.179818	0.065000	0.109066	0.188898	0.109409	0.308864	0.126591	0.186350	0.204494	0.064293	1,2,2,2,2,2	0.194807	0.700638	0.922008	0.922008	0.922008	0.922008	0.922008	
707000	-115846	1,2,3,4,5,6	11.348677	5.754182	5.141736	5.571496	6.274875	5.744041	6.122104	1,1,2,1,1,2	1.336697	0.029571	0.498123	0.151107	0.321199	0.029571	0.498123	0.151107	0.321199	0.012373	0.510568	0.136202	0.340857	0.029571	0.498123	0.151107	0.321199	0.029571	0.498123	0.151107	0.321199	0.012373	0.510568	0.136202	0.340857	1,2,1,3,4,5	8.412276	0.035998	0.130116	0.238868	0.205199	0.344260	0.045559	0.281748	0.140303	0.063407	0.258826	0.186844	0.068873	0.035998	0.130116	0.238868	0.205199	0.344260	0.045559	0.058414	0.246901	0.021227	0.390850	0.025192	0.257416	0.046287	0.387549	0.011459	0.075337	0.214807	0.264563	0.370028	0.080968	0.097240	0.051027	0.158776	0.241962	1,1,1,1,1,1	0.000000	0.850028	0.850028	0.850028	0.850028	0.850028	0.850028	
708000	-116450	1,2,1,3,4,5	4.879473	5.842012	5.490845	5.842012	6.715038	6.091584	6.055445	1,1,1,1,1,1	0.000000	0.013627	0.517902	0.106981	0.361490	0.013627	0.517902	0.106981	0.361490	0.013627	0.517902	0.106981	0.361490	0.013627	0.517902	0.106981	0.361490	0.013627	0.517902	0.106981	0.361490	0.013627	0.517902	0.106981	0.361490	1,2,1,3,4,5	3.153538	0.052824	0.368268	0.135517	0.153650	0.212287	0.077455	0.198226	0.221083	0.142404	0.155843	0.137061	0.145382	0.052824	0.368268	0.135517	0.153650	0.212287	0.077455	0.080363	0.025734	0.208984	0.260699	0.104318	0.319903	0.062842	0.183806	0.629456	0.006539	0.046991	0.070365	0.245641	0.005747	0.156473	0.257880	0.216690	0.117568	1,2,1,1,2,2	0.169127	0.809398	0.948414	0.809398	0.809398	0.948414	0.948414	
709000	-115544	1,2,2,1,1,1	3.017530	6.200697	5.778959	5.778959	6.200697	6.200697	6.200697	1,1,1,1,1,1	0.000000	0.015861	0.528897	0.126444	0.328798	0.015861	0.528897	0.126444	0.328798	0.015861	0.528897	0.126444	0.328798	0.015861	0.528897	0.126444	0.328798	0.015861	0.528897	0.126444	0.328798	0.015861	0.528897	0.126444	0.328798	1,2,1,3,4,2	2.956495	0.102803	0.275249	0.257394	0.162862	0.167799	0.033893	0.486626	0.133175	0.096986	0.090148	0.120762	0.072304	0.102803	0.275249	0.257394	0.162862	0.167799	0.033893	0.248646	0.200141	0.097015	0.133250	0.004692	0.316256	0.203433	0.027983	0.041745	0.151017	0.343422	0.232401	0.486626	0.133175	0.096986	0.090148	0.120762	0.072304	1,1,1,1,1,1	0.000000	0.932620	0.932620	0.932620	0.932620	0.932620	0.932620	
710000	-115639	1,2,1,2,1,1	0.510678	6.235136	5.257076	6.235136	5.257076	6.235136	6.235136	1,1,1,1,1,1	0.000000	0.018412	0.527053	0.134102	0.320433	0.018412	0.527053	0.134102	0.320433	0.018412	0.527053	0.134102	0.320433	0.018412	0.527053	0.134102	0.320433	0.018412	0.527053	0.134102	0.320433	0.018412	0.527053	0.134102	0.320433	1,2,3,4,5,2	1.847703	0.162180	0.091073	0.061090	0.231873	0.362661	0.091123	0.341049	0.359229	0.044832	0.078015	0.139676	0.037199	0.056831	0.143470	0.124454	0.140859	0.469984	0.064403	0.244631	0.131421	0.068686	0.191264	0.035555	0.328443	0.362992	0.006459	0.347647	0.014846	0.127451	0.140605	0.341049	0.359229	0.044832	0.078015	0.139676	0.037199	1,2,2,2,2,2	0.553970	0.657450	0.893079	0.893079	0.893079	0.893079	0.893079	
711000	-115607	1,1,1,1,1,1	0.000000	5.500974	5.500974	5.500974	5.500974	5.500974	5.500974	1,1,1,1,1,1	0.018640	0.014024	0.541158	0.100478	0.344340	0.014024	0.541158	0.100478	0.344340	0.014024	0.541158	0.100478	0.344340	0.014024	0.541158	0.100478	0.344340	0.014024	0.541158	0.100478	0.344340	0.014024	0.541158	0.100478	0.344340	1,2,1,3,4,5	1.300369	0.037915	0.301253	0.163584	0.197471	0.248757	0.051022	0.288790	0.092086	0.149993	0.125826	0.151350	0.191956	0.037915	0.301253	0.163584	0.197471	0.248757	0.051022	0.214781	0.258581	0.002367	0.164956	0.009461	0.349853	0.123754	0.168427	0.124178	0.095756	0.305675	0.182210	0.212237	0.168984	0.142984	0.144137	0.190836	0.140822	1,2,2,2,2,2	0.818427	0.755798	0.959990	0.959990	0.959990	0.959990	0.959990	
712000	-115464	1,2,1,2,3,4	2.337877	5.722214	5.089654	5.722214	5.089654	6.266542	6.264606	1,1,1,1,1,1	0.000000	0.016450	0.516603	0.114570	0.352378	0.016450	0.516603	0.114570	0.352378	0.016450	0.516603	0.114570	0.352378	0.016450	0.516603	0.114570	0.352378	0.016450	0.516603	0.114570	0.352378	0.016450	0.516603	0.114570	0.352378	1,2,3,4,5,6	16.388023	0.101940	0.110060	0.194451	0.260104	0.267660	0.065785	0.259413	0.255904	0.123048	0.092773	0.102466	0.166396	0.001047	0.111368	0.094735	0.321985	0.445225	0.025640	0.159185	0.003064	0.248281	0.153716	0.041364	0.394389	0.197300	0.259241	0.232752	0.026978	0.141932	0.141797	0.347115	0.046241	0.127792	0.071631	0.267240	0.139981	1,2,2,3,2,2	1.309661	0.614696	0.926488	0.926488	0.855367	0.926488	0.926488	
713000	-115527	1,2,3,4,5,6	32.181789	6.027316	5.288666	5.915222	5.878152	5.793668	5.749755	1,1,1,1,1,1	0.000000	0.015550	0.537313	0.114977	0.332160	0.015550	0.537313	0.114977	0.332160	0.015550	0.537313	0.114977	0.332160	0.015550	0.537313	0.114977	0.332160	0.015550	0.537313	0.114977	0.332160	0.015550	0.537313	0.114977	0.332160	1,2,3,4,5,2	2.386749	0.054275	0.396276	0.098481	0.128012	0.218735	0.104220	0.202164	0.401661	0.173957	0.063616	0.095796	0.062806	0.300222	0.007665	0.055820	0.162321	0.444890	0.029083	0.220349	0.180405	0.002902	0.257734	0.005547	0.333063	0.055713	0.057246	0.240408	0.114178	0.298381	0.234074	0.202164	0.401661	0.173957	0.063616	0.095796	0.062806	1,2,2,2,2,2	1.792264	0.560332	0.886805	0.886805	0.886805	0.886805	0.886805	
714000	-115409	1,2,2,3,3,2	2.459975	6.432172	5.616034	5.616034	6.478035	6.478035	5.616034	1,1,1,1,1,1	0.000000	0.010475	0.545176	0.117516	0.326834	0.010475	0.545176	0.117516	0.326834	0.010475	0.545176	0.117516	0.326834	0.010475	0.545176	0.117516	0.326834	0.010475	0.545176	0.117516	0.326834	0.010475	0.545176	0.117516	0.326834	1,2,3,4,5,2	0.825304	0.104471	0.170174	0.076256	0.239005	0.286764	0.123330	0.316667	0.270794	0.082397	0.122920	0.122573	0.084649	0.306430	0.140527	0.032284	0.082282	0.399243	0.039235	0.046314	0.136274	0.199928	0.221586	0.015502	0.380397	0.231783	0.044283	0.029235	0.031783	0.210590	0.452326	0.316667	0.270794	0.082397	0.122920	0.122573	0.084649	1,2,2,3,4,2	1.627457	0.545686	0.881219	0.881219	0.711545	1.102871	0.881219	
715000	-115475	1,2,2,3,2,4	2.802462	6.204818	5.688680	5.688680	6.055850	5.688680	6.182327	1,1,1,1,1,1	0.000000	0.014477	0.528240	0.134858	0.322425	0.014477	0.528240	0.134858	0.322425	0.014477	0.528240	0.134858	0.322425	0.014477	0.528240	0.134858	0.322425	0.014477	0.528240	0.134858	0.322425	0.014477	0.528240	0.134858	0.322425	1,2,1,3,4,5	1.122111	0.015448	0.237753	0.299858	0.145286	0.251177	0.050478	0.604091	0.046598	0.114766	0.121363	0.052129	0.061053	0.015448	0.237753	0.299858	0.145286	0.251177	0.050478	0.238699	0.063574	0.175283	0.217098	0.013897	0.291448	0.065820	0.663717	0.088210	0.011895	0.095933	0.074426	0.072046	0.146658	0.396700	0.129823	0.197915	0.056858	1,1,1,1,1,1	0.000000	0.863059	0.863059	0.863059	0.863059	0.863059	0.863059	
716000	-116764	1,2,3,4,5,6	66.751993	6.008617	5.517851	5.705012	5.370746	5.938952	5.863333	1,1,1,1,1,1	0.000000	0.014590	0.512800	0.122526	0.350085	0.014590	0.512800	0.122526	0.350085	0.014590	0.512800	0.122526	0.350085	0.014590	0.512800	0.122526	0.350085	0.014590	0.512800	0.122526	0.350085	0.014590	0.512800	0.122526	0.350085	1,2,1,3,4,2	9.626007	0.113601	0.248480	0.126776	0.168933	0.235726	0.106483	0.302164	0.194742	0.137845	0.124181	0.165807	0.075263	0.113601	0.248480	0.126776	0.168933	0.235726	0.106483	0.069009	0.140436	0.082981	0.107842	0.144919	0.454814	0.172351	0.302836	0.117191	0.074632	0.169009	0.163983	0.302164	0.194742	0.137845	0.124181	0.165807	0.075263	1,2,2,2,2,2	0.031379	0.686097	0.920288	0.920288	0.920288	0.920288	0.920288	
717000	-116566	1,2,2,1,3,1	2.375559	5.888079	5.680841	5.680841	5.888079	6.239388	5.888079	1,1,1,1,1,1	0.000000	0.016238	0.530599	0.120066	0.333096	0.016238	0.530599	0.120066	0.333096	0.016238	0.530599	0.120066	0.333096	0.016238	0.530599	0.120066	0.333096	0.016238	0.530599	0.120066	0.333096	0.016238	0.530599	0.120066	0.333096	1,2,1,3,2,2	5.241727	0.172683	0.064643	0.085226	0.253929	0.411320	0.012198	0.182852	0.121339	0.180431	0.124355	0.240619	0.150404	0.172683	0.064643	0.085226	0.253929	0.411320	0.012198	0.080752	0.357610	0.365954	0.025173	0.005242	0.165269	0.182852	0.121339	0.180431	0.124355	0.240619	0.150404	0.182852	0.121339	0.180431	0.124355	0.240619	0.150404	1,1,1,1,1,1	0.000000	0.841719	0.841719	0.841719	0.841719	0.841719	0.841719	
718000	-115269	1,2,2,2,1,1	0.072531	5.984401	5.144697	5.144697	5.144697	5.984401	5.984401	1,1,1,1,1,1	0.000000	0.015442	0.528277	0.133205	0.323077	0.015442	0.528277	0.133205	0.323077	0.015442	0.528277	0.133205	0.323077	0.015442	0.528277	0.133205	0.323077	0.015442	0.528277	0.133205	0.323077	0.015442	0.528277	0.133205	0.323077	1,2,1,3,4,2	5.358746	0.054511	0.249865	0.090290	0.250692	0.326612	0.028030	0.476646	0.023289	0.069094	0.111657	0.194900	0.124413	0.054511	0.249865	0.090290	0.250692	0.326612	0.028030	0.110205	0.134931	0.159543	0.270783	0.039066	0.285472	0.209306	0.083085	0.155318	0.039014	0.286119	0.227157	0.476646	0.023289	0.069094	0.111657	0.194900	0.124413	1,1,1,1,1,1	0.000000	0.859094	0.859094	0.859094	0.859094	0.859094	0.859094	
719000	-116136	1,2,3,3,3,4	11.335927	6.121347	5.627720	5.767196	5.767196	5.767196	6.138464	1,1,1,1,2,1	0.115450	0.009708	0.529992	0.124626	0.335674	0.009708	0.529992	0.124626	0.335674	0.009708	0.529992	0.124626	0.335674	0.009708	0.529992	0.124626	0.335674	0.031960	0.477918	0.175028	0.315094	0.009708	0.529992	0.124626	0.335674	1,2,3,4,5,6	7.417243	0.021375	0.120060	0.320504	0.234223	0.238433	0.065405	0.313114	0.044106	0.140341	0.195596	0.170552	0.136292	0.072559	0.326606	0.074354	0.113523	0.309694	0.103263	0.051575	0.036428	0.684921	0.126741	0.031439	0.068895	0.176259	0.005028	0.283590	0.065199	0.246054	0.223870	0.372667	0.039058	0.212856	0.116354	0.232035	0.027030	1,1,1,1,1,1	0.000000	0.844176	0.844176	0.844176	0.844176	0.844176	0.844176	
720000	-115403	1,2,1,1,1,1	0.074631	5.934040	5.623653	5.934040	5.934040	5.934040	5.934040	1,1,1,1,1,1	0.000000	0.012877	0.520230	0.111742	0.355151	0.012877	0.520230	0.111742	0.355151	0.012877	0.520230	0.111742	0.355151	0.012877	0.520230	0.111742	0.355151	0.012877	0.520230	0.111742	0.355151	0.012877	0.520230	0.111742	0.355151	1,2,3,4,5,6	8.042116	0.138675	0.046917	0.217144	0.259103	0.197998	0.140163	0.359843	0.018416	0.368125	0.094293	0.090998	0.068324	0.162106	0.634372	0.079574	0.039992	0.063982	0.019974	0.045242	0.189475	0.143529	0.399804	0.009001	0.212949	0.113716	0.199791	0.301646	0.040225	0.173744	0.170878	0.274807	0.090002	0.036585	0.197997	0.225608	0.175001	1,2,2,1,2,2	0.775183	0.675171	0.945658	0.945658	0.675171	0.945658	0.945658	
721000	-115705	1,1,1,1,1,1	0.000020	5.802050	5.802050	5.802050	5.802050	5.802050	5.802050	1,1,1,1,1,1	0.000000	0.016685	0.535838	0.130016	0.317461	0.016685	0.535838	0.130016	0.317461	0.016685	0.535838	0.130016	0.317461	0.016685	0.535838	0.130016	0.317461	0.016685	0.535838	0.130016	0.317461	0.016685	0.535838	0.130016	0.317461	1,2,3,4,5,2	3.729082	0.047075	0.104296	0.104750	0.231400	0.418925	0.093555	0.439850	0.045996	0.102686	0.098278	0.189647	0.123543	0.063297	0.200898	0.190130	0.195791	0.303683	0.046201	0.178350	0.320067	0.196380	0.063693	0.001285	0.240225	0.096578	0.038656	0.315575	0.113360	0.279706	0.156125	0.439850	0.045996	0.102686	0.098278	0.189647	0.123543	1,1,1,1,1,1	0.000000	0.900915	0.900915	0.900915	0.900915	0.900915	0.900915	
722000	-116096	1,2,3,4,5,4	8.756201	5.958228	5.749188	5.935563	6.645313	6.104821	6.645313	1,1,1,1,1,1	0.000000	0.013795	0.524787	0.128128	0.333290	0.013795	0.524787	0.128128	0.333290	0.013795	0.524787	0.128128	0.333290	0.013795	0.524787	0.128128	0.333290	0.013795	0.524787	0.128128	0.333290	0.013795	0.524787	0.128128	0.333290	1,2,3,4,5,2	4.120410	0.097550	0.371556	0.233028	0.184320	0.113161	0.000386	0.388222	0.116415	0.072427	0.115928	0.192953	0.114055	0.009750	0.396457	0.035618	0.129719	0.242534	0.185922	0.202297	0.228222	0.359228	0.052257	0.010244	0.147752	0.165860	0.065520	0.455763	0.057135	0.106853	0.148869	0.388222	0.116415	0.072427	0.115928	0.192953	0.114055	1,2,3,1,2,3	1.440858	0.746560	1.008973	0.879960	0.746560	1.008973	0.879960	
723000	-115638	1,1,1,2,2,2	0.598718	5.672861	5.672861	5.672861	6.223443	6.223443	6.223443	1,1,1,1,1,1	0.000000	0.014039	0.515553	0.121256	0.349152	0.014039	0.515553	0.121256	0.349152	0.014039	0.515553	0.121256	0.349152	0.014039	0.515553	0.121256	0.349152	0.014039	0.515553	0.121256	0.349152	0.014039	0.515553	0.121256	0.349152	1,2,3,4,1,5	2.823968	0.050925	0.063214	0.341426	0.181972	0.272873	0.089591	0.482662	0.127874	0.006735	0.134651	0.138601	0.109477	0.047070	0.393412	0.108482	0.149782	0.296762	0.004492	0.083051	0.056020	0.053526	0.309279	0.065194	0.432930	0.050925	0.063214	0.341426	0.181972	0.272873	0.089591	0.324710	0.030895	0.237057	0.063685	0.225095	0.118557	1,2,2,1,2,2	0.436917	0.763512	0.895375	0.895375	0.763512	0.895375	0.895375	
724000	-115174	1,1,2,1,1,1	0.002916	5.946350	5.946350	5.927634	5.946350	5.946350	5.946350	1,1,1,1,1,1	0.000000	0.014223	0.518372	0.123822	0.343582	0.014223	0.518372	0.123822	0.343582	0.014223	0.518372	0.123822	0.343582	0.014223	0.518372	0.123822	0.343582	0.014223	0.518372	0.123822	0.343582	0.014223	0.518372	0.123822	0.343582	1,2,1,3,4,1	3.598283	0.333853	0.157194	0.102692	0.138349	0.228448	0.039464	0.475940	0.019140	0.322429	0.083479	0.071685	0.027327	0.333853	0.157194	0.102692	0.138349	0.228448	0.039464	0.004213	0.032899	0.307433	0.321753	0.030351	0.303350	0.091885	0.007904	0.229904	0.052504	0.259739	0.358064	0.333853	0.157194	0.102692	0.138349	0.228448	0.039464	1,2,2,2,2,2	0.101932	0.587586	0.978635	0.978635	0.978635	0.978635	0.978635	
725000	-116063	1,2,1,2,1,1	3.428517	5.887170	5.115134	5.887170	5.115134	5.887170	5.887170	1,1,1,1,1,1	0.000000	0.013483	0.514067	0.119021	0.353429	0.013483	0.514067	0.119021	0.353429	0.013483	0.514067	0.119021	0.353429	0.013483	0.514067	0.119021	0.353429	0.013483	0.514067	0.119021	0.353429	0.013483	0.514067	0.119021	0.353429	1,1,2,3,2,4	5.761455	0.226276	0.334406	0.214332	0.088384	0.069688	0.066914	0.226276	0.334406	0.214332	0.088384	0.069688	0.066914	0.178863	0.314384	0.029507	0.081258	0.199609	0.196378	0.028702	0.138509	0.518193	0.127104	0.031503	0.155990	0.178863	0.314384	0.029507	0.081258	0.199609	0.196378	0.166257	0.315338	0.038790	0.139405	0.207991	0.132219	1,2,2,2,2,2	0.699825	0.569850	0.874209	0.874209	0.874209	0.874209	0.874209	
726000	-116074	1,2,3,4,5,6	29.583733	6.136970	5.258084	5.218178	5.622310	6.412802	6.097414	1,1,1,1,2,1	0.203596	0.017213	0.521185	0.125016	0.336586	0.017213	0.521185	0.125016	0.336586	0.017213	0.521185	0.125016	0.336586	0.017213	0.521185	0.125016	0.336586	0.003390	0.430367	0.139731	0.426511	0.017213	0.521185	0.125016	0.336586	1,2,1,3,4,2	11.081994	0.115435	0.117130	0.180169	0.191329	0.351225	0.044713	0.235635	0.064096	0.289825	0.154416	0.154530	0.101498	0.115435	0.117130	0.180169	0.191329	0.351225	0.044713	0.229675	0.012890	0.096838	0.436448	0.038096	0.186052	0.198626	0.206265	0.155404	0.029943	0.290938	0.118823	0.235635	0.064096	0.289825	0.154416	0.154530	0.101498	1,2,2,2,3,2	2.854554	0.570782	0.888802	0.888802	0.888802	0.913290	0.888802	
727000	-117253	1,2,3,2,4,2	8.558497	6.412819	5.572462	5.624437	5.572462	6.261376	5.572462	1,1,1,1,1,1	0.000000	0.013844	0.511870	0.120730	0.353556	0.013844	0.511870	0.120730	0.353556	0.013844	0.511870	0.120730	0.353556	0.013844	0.511870	0.120730	0.353556	0.013844	0.511870	0.120730	0.353556	0.013844	0.511870	0.120730	0.353556	1,2,1,3,4,3	2.369072	0.112125	0.188420	0.117404	0.203006	0.327511	0.051535	0.258941	0.242502	0.333885	0.047812	0.058880	0.057980	0.112125	0.188420	0.117404	0.203006	0.327511	0.051535	0.168709	0.179317	0.269670	0.147812	0.127097	0.107395	0.004184	0.153337	0.031562	0.119205	0.243336	0.448376	0.168709	0.179317	0.269670	0.147812	0.127097	0.107395	1,1,1,1,1,1	0.000000	0.835959	0.835959	0.835959	0.835959	0.835959	0.835959	
728000	-115925	1,2,3,4,3,5	3.832587	6.312766	5.538230	5.934831	5.711555	5.934831	6.256162	1,1,1,1,1,1	0.000000	0.015991	0.516355	0.129160	0.338494	0.015991	0.516355	0.129160	0.338494	0.015991	0.516355	0.129160	0.338494	0.015991	0.516355	0.129160	0.338494	0.015991	0.516355	0.129160	0.338494	0.015991	0.516355	0.129160	0.338494	1,2,3,4,5,2	1.817860	0.323182	0.067593	0.033722	0.171443	0.341495	0.062565	0.542501	0.047454	0.052031	0.091354	0.163258	0.103402	0.028419	0.053136	0.146807	0.313395	0.439756	0.018488	0.082912	0.259442	0.132119	0.348158	0.036036	0.141332	0.088237	0.052872	0.033286	0.222429	0.351816	0.251361	0.542501	0.047454	0.052031	0.091354	0.163258	0.103402	1,2,2,2,2,2	0.327855	0.626842	0.931931	0.931931	0.931931	0.931931	0.931931	
729000	-115949	1,2,3,4,4,4	0.604734	5.957825	5.084265	5.668879	6.095825	6.095825	6.095825	1,1,1,1,1,1	0.000002	0.017718	0.512961	0.127839	0.341482	0.017718	0.512961	0.127839	0.341482	0.017718	0.512961	0.127839	0.341482	0.017718	0.512961	0.127839	0.341482	0.017718	0.512961	0.127839	0.341482	0.017718	0.512961	0.127839	0.341482	1,1,2,3,4,2	5.732856	0.311841	0.019819	0.197961	0.197770	0.162943	0.109666	0.311841	0.019819	0.197961	0.197770	0.162943	0.109666	0.170938	0.003202	0.315274	0.124430	0.306197	0.079960	0.342522	0.049906	0.366328	0.131494	0.008052	0.101698	0.011653	0.145040	0.066817	0.049638	0.286988	0.439865	0.170938	0.003202	0.315274	0.124430	0.306197	0.079960	1,2,2,2,2,2	0.044721	0.678845	0.885036	0.885036	0.885036	0.885036	0.885036	
730000	-116207	1,2,2,3,2,4	4.459914	6.206711	5.690958	5.690958	5.456820	5.690958	6.180456	1,1,1,1,1,1	0.000000	0.016370	0.516623	0.124479	0.342528	0.016370	0.516623	0.124479	0.342528	0.016370	0.516623	0.124479	0.342528	0.016370	0.516623	0.124479	0.342528	0.016370	0.516623	0.124479	0.342528	0.016370	0.516623	0.124479	0.342528	1,2,3,4,5,6	7.001495	0.044253	0.040270	0.474642	0.176108	0.245339	0.019388	0.308613	0.113037	0.149547	0.192817	0.121801	0.114186	0.104005	0.166943	0.301995	0.126969	0.243013	0.057074	0.231062	0.038087	0.126170	0.349740	0.100202	0.154738	0.130928	0.070514	0.126911	0.087760	0.259451	0.324436	0.177111	0.043500	0.130638	0.101627	0.352355	0.194770	1,1,1,1,1,1	0.000000	0.927374	0.927374	0.927374	0.927374	0.927374	0.927374	
731000	-116097	1,2,1,2,1,1	0.091967	6.117911	5.034159	6.117911	5.034159	6.117911	6.117911	1,1,1,1,1,1	0.000000	0.016410	0.505504	0.121806	0.356281	0.016410	0.505504	0.121806	0.356281	0.016410	0.505504	0.121806	0.356281	0.016410	0.505504	0.121806	0.356281	0.016410	0.505504	0.121806	0.356281	0.016410	0.505504	0.121806	0.356281	1,2,3,4,5,3	3.205414	0.237689	0.108516	0.181641	0.174404	0.263710	0.034040	0.344209	0.124434	0.253027	0.131389	0.095226	0.051715	0.226083	0.131989	0.231488	0.100235	0.265378	0.044827	0.102334	0.002280	0.329925	0.168995	0.103371	0.293095	0.075414	0.071853	0.207747	0.025561	0.356191	0.263234	0.226083	0.131989	0.231488	0.100235	0.265378	0.044827	1,1,1,1,1,1	0.000000	0.855460	0.855460	0.855460	0.855460	0.855460	0.855460	
732000	-116843	1,2,3,2,4,5	5.183122	6.256614	5.452580	5.636111	5.452580	5.959163	6.166201	1,1,1,1,1,1	0.000000	0.015297	0.544168	0.119409	0.321127	0.015297	0.544168	0.119409	0.321127	0.015297	0.544168	0.119409	0.321127	0.015297	0.544168	0.119409	0.321127	0.015297	0.544168	0.119409	0.321127	0.015297	0.544168	0.119409	0.321127	1,2,3,2,4,5	3.584950	0.235637	0.097429	0.028125	0.285163	0.276928	0.076717	0.262972	0.276119	0.070262	0.182844	0.090081	0.117722	0.055040	0.104647	0.181521	0.121132	0.518714	0.018946	0.262972	0.276119	0.070262	0.182844	0.090081	0.117722	0.409999	0.121572	0.192094	0.022659	0.134948	0.118727	0.407680	0.105606	0.061764	0.125013	0.131624	0.168312	1,2,2,2,2,2	1.216755	0.584492	0.870219	0.870219	0.870219	0.870219	0.870219	
733000	-115599	1,1,1,1,1,1	0.000000	5.963101	5.963101	5.963101	5.963101	5.963101	5.963101	1,1,1,1,1,1	0.000000	0.012449	0.504443	0.134217	0.348891	0.012449	0.504443	0.134217	0.348891	0.012449	0.504443	0.134217	0.348891	0.012449	0.504443	0.134217	0.348891	0.012449	0.504443	0.134217	0.348891	0.012449	0.504443	0.134217	0.348891	1,2,1,3,4,2	9.542869	0.045970	0.163988	0.345765	0.172517	0.257511	0.014249	0.527404	0.245303	0.067836	0.050807	0.075754	0.032896	0.045970	0.163988	0.345765	0.172517	0.257511	0.014249	0.191620	0.007178	0.011131	0.506573	0.011960	0.271538	0.004572	0.024708	0.216306	0.112428	0.355310	0.286675	0.527404	0.245303	0.067836	0.050807	0.075754	0.032896	1,1,1,1,1,1	0.000000	0.848391	0.848391	0.848391	0.848391	0.848391	0.848391	
734000	-115597	1,2,3,1,4,3	4.550958	6.173343	5.843757	5.916168	6.173343	6.259034	5.916168	1,1,1,1,1,1	0.000000	0.016279	0.533683	0.126795	0.323243	0.016279	0.533683	0.126795	0.323243	0.016279	0.533683	0.126795	0.323243	0.016279	0.533683	0.126795	0.323243	0.016279	0.533683	0.126795	0.323243	0.016279	0.533683	0.126795	0.323243	1,2,1,3,4,5	3.033455	0.063548	0.210475	0.167099	0.168889	0.383243	0.006746	0.189888	0.359291	0.239056	0.073751	0.054953	0.083061	0.063548	0.210475	0.167099	0.168889	0.383243	0.006746	0.113006	0.226529	0.214177	0.118200	0.024278	0.303809	0.275622	0.331769	0.124053	0.039282	0.101564	0.127711	0.359053	0.335122	0.042697	0.088223	0.146233	0.028672	1,2,2,2,2,2	2.712087	0.669374	0.922048	0.922048	0.922048	0.922048	0.922048	
735000	-115785	1,1,1,1,1,1	0.000000	5.587863	5.587863	5.587863	5.587863	5.587863	5.587863	1,2,1,2,1,1	0.637531	0.011687	0.536547	0.107706	0.344061	0.021245	0.558668	0.134002	0.286084	0.011687	0.536547	0.107706	0.344061	0.021245	0.558668	0.134002	0.286084	0.011687	0.536547	0.107706	0.344061	0.011687	0.536547	0.107706	0.344061	1,2,3,4,1,2	2.841691	0.001269	0.046698	0.363255	0.153161	0.250846	0.184771	0.385312	0.071667	0.256626	0.065412	0.126802	0.094181	0.080458	0.164136	0.285821	0.108077	0.349976	0.011531	0.096935	0.413984	0.253179	0.046749	0.023742	0.165411	0.001269	0.046698	0.363255	0.153161	0.250846	0.184771	0.385312	0.071667	0.256626	0.065412	0.126802	0.094181	1,2,2,2,2,2	0.158221	0.565164	0.916879	0.916879	0.916879	0.916879	0.916879	
736000	-115442	1,1,1,1,1,1	0.000000	5.798962	5.798962	5.798962	5.798962	5.798962	5.798962	1,1,2,1,1,2	2.377512	0.022467	0.510736	0.134240	0.332557	0.022467	0.510736	0.134240	0.332557	0.012661	0.541993	0.079883	0.365463	0.022467	0.510736	0.134240	0.332557	0.022467	0.510736	0.134240	0.332557	0.012661	0.541993	0.079883	0.365463	1,2,3,4,5,2	8.584940	0.041484	0.139277	0.241371	0.241970	0.299957	0.035942	0.473382	0.179491	0.057776	0.091420	0.114989	0.082942	0.183811	0.224433	0.047210	0.161434	0.333834	0.049278	0.323017	0.068543	0.154236	0.120697	0.047863	0.285644	0.038960	0.449532	0.043758	0.056939	0.209743	0.201069	0.473382	0.179491	0.057776	0.091420	0.114989	0.082942	1,2,3,3,3,3	0.173462	0.646148	0.973205	0.925161	0.925161	0.925161	0.925161	
737000	-115832	1,1,1,1,1,1	0.000000	5.775108	5.775108	5.775108	5.775108	5.775108	5.775108	1,2,1,2,1,1	0.015626	0.009602	0.535751	0.101119	0.353529	0.012491	0.488479	0.166639	0.332391	0.009602	0.535751	0.101119	0.353529	0.012491	0.488479	0.166639	0.332391	0.009602	0.535751	0.101119	0.353529	0.009602	0.535751	0.101119	0.353529	1,2,3,4,5,2	1.846088	0.018684	0.316250	0.125238	0.205950	0.270530	0.063348	0.273782	0.266594	0.060952	0.069343	0.215911	0.113417	0.045221	0.430396	0.052434	0.203672	0.267369	0.000908	0.053807	0.224102	0.434108	0.126763	0.043307	0.117913	0.094396	0.050626	0.200789	0.122186	0.245345	0.286659	0.273782	0.266594	0.060952	0.069343	0.215911	0.113417	1,2,3,2,2,2	0.457314	0.675145	0.891614	0.863510	0.891614	0.891614	0.891614	
738000	-115414	1,2,3,1,1,1	4.052682	6.034906	5.586538	5.754396	6.034906	6.034906	6.034906	1,1,1,1,1,1	0.000000	0.012521	0.532160	0.114516	0.340803	0.012521	0.532160	0.114516	0.340803	0.012521	0.532160	0.114516	0.340803	0.012521	0.532160	0.114516	0.340803	0.012521	0.532160	0.114516	0.340803	0.012521	0.532160	0.114516	0.340803	1,2,1,3,4,5	1.896774	0.173678	0.134135	0.163297	0.182367	0.292767	0.053757	0.466079	0.006437	0.081836	0.220879	0.144484	0.080285	0.173678	0.134135	0.163297	0.182367	0.292767	0.053757	0.126078	0.031140	0.342038	0.322737	0.010406	0.167602	0.015886	0.250113	0.230059	0.020474	0.197763	0.285704	0.182348	0.177154	0.166309	0.107381	0.278427	0.088380	1,2,2,2,2,2	0.129227	0.626773	0.961949	0.961949	0.961949	0.961949	0.961949	
739000	-116445	1,2,1,2,1,1	1.172914	6.018076	5.504069	6.018076	5.504069	6.018076	6.018076	1,1,1,1,1,1	0.000000	0.016067	0.513787	0.123317	0.346829	0.016067	0.513787	0.123317	0.346829	0.016067	0.513787	0.123317	0.346829	0.016067	0.513787	0.123317	0.346829	0.016067	0.513787	0.123317	0.346829	0.016067	0.513787	0.123317	0.346829	1,2,3,2,4,4	9.079570	0.085873	0.190056	0.151359	0.236451	0.282193	0.054067	0.308327	0.065842	0.342060	0.068648	0.054502	0.160621	0.120147	0.140490	0.088080	0.180521	0.406638	0.064124	0.308327	0.065842	0.342060	0.068648	0.054502	0.160621	0.386140	0.035228	0.193239	0.072241	0.181601	0.131551	0.386140	0.035228	0.193239	0.072241	0.181601	0.131551	1,2,2,2,2,2	0.184597	0.735347	0.879315	0.879315	0.879315	0.879315	0.879315	
740000	-115622	1,2,3,4,5,6	9.125055	5.654989	5.092520	6.124313	5.668090	6.169705	6.079298	1,1,1,1,1,1	0.000000	0.011370	0.507684	0.115811	0.365134	0.011370	0.507684	0.115811	0.365134	0.011370	0.507684	0.115811	0.365134	0.011370	0.507684	0.115811	0.365134	0.011370	0.507684	0.115811	0.365134	0.011370	0.507684	0.115811	0.365134	1,2,3,4,5,6	11.515016	0.176221	0.010328	0.303345	0.316828	0.191582	0.001696	0.466741	0.043167	0.148695	0.073976	0.114729	0.152692	0.273672	0.049867	0.186800	0.118219	0.353879	0.017564	0.021714	0.532143	0.267912	0.107250	0.003470	0.067511	0.145625	0.137327	0.193832	0.145462	0.253499	0.124254	0.237824	0.103021	0.071970	0.173758	0.268036	0.145390	1,2,2,2,2,2	0.017466	0.560719	0.940038	0.940038	0.940038	0.940038	0.940038	
741000	-116020	1,2,3,2,4,5	23.740869	6.079062	5.234901	5.510859	5.234901	6.569996	6.346985	1,1,1,1,1,1	0.000000	0.013150	0.531627	0.140982	0.314242	0.013150	0.531627	0.140982	0.314242	0.013150	0.531627	0.140982	0.314242	0.013150	0.531627	0.140982	0.314242	0.013150	0.531627	0.140982	0.314242	0.013150	0.531627	0.140982	0.314242	1,2,1,3,4,5	4.335438	0.127987	0.238463	0.118817	0.146721	0.324379	0.043634	0.045180	0.280917	0.155563	0.131786	0.151088	0.235466	0.127987	0.238463	0.118817	0.146721	0.324379	0.043634	0.106016	0.345775	0.086713	0.149851	0.017635	0.294011	0.034171	0.349127	0.385828	0.030018	0.113425	0.087431	0.400797	0.136539	0.047414	0.029023	0.245653	0.140575	1,2,2,2,2,2	1.044866	0.754863	0.931088	0.931088	0.931088	0.931088	0.931088	
742000	-115684	1,2,1,1,1,1	0.034931	5.832673	5.434476	5.832673	5.832673	5.832673	5.832673	1,2,2,1,1,1	0.275801	0.009313	0.546077	0.124161	0.320450	0.030424	0.523892	0.117009	0.328675	0.030424	0.523892	0.117009	0.328675	0.009313	0.546077	0.124161	0.320450	0.009313	0.546077	0.124161	0.320450	0.009313	0.546077	0.124161	0.320450	1,2,3,4,5,6	12.754768	0.100330	0.170870	0.490213	0.102711	0.094567	0.041309	0.241036	0.282213	0.073092	0.196548	0.118507	0.088603	0.029602	0.043973	0.025260	0.323339	0.474884	0.102942	0.183531	0.006694	0.363430	0.264426	0.017362	0.164558	0.021289	0.476736	0.197638	0.064984	0.158524	0.080830	0.311409	0.057560	0.144678	0.117202	0.152240	0.216911	1,2,2,1,2,2	0.620371	0.785907	0.970651	0.970651	0.785907	0.970651	0.970651	
743000	-115799	1,1,1,1,1,1	0.000000	5.989868	5.989868	5.989868	5.989868	5.989868	5.989868	1,1,1,1,1,1	0.000000	0.015820	0.518144	0.130616	0.335421	0.015820	0.518144	0.130616	0.335421	0.015820	0.518144	0.130616	0.335421	0.015820	0.518144	0.130616	0.335421	0.015820	0.518144	0.130616	0.335421	0.015820	0.518144	0.130616	0.335421	1,2,3,4,5,2	1.432702	0.021759	0.154913	0.513349	0.146853	0.158096	0.005030	0.549359	0.060835	0.140461	0.065779	0.120651	0.062916	0.078353	0.083339	0.083626	0.301365	0.416783	0.036533	0.160604	0.311615	0.017484	0.275930	0.052142	0.182225	0.065204	0.443924	0.271812	0.046963	0.107351	0.064745	0.549359	0.060835	0.140461	0.065779	0.120651	0.062916	1,2,2,2,2,2	1.166301	0.698895	0.911102	0.911102	0.911102	0.911102	0.911102	
744000	-115077	1,1,1,1,1,1	0.000000	5.943242	5.943242	5.943242	5.943242	5.943242	5.943242	1,1,1,1,1,1	0.000000	0.016736	0.507697	0.135547	0.340019	0.016736	0.507697	0.135547	0.340019	0.016736	0.507697	0.135547	0.340019	0.016736	0.507697	0.135547	0.340019	0.016736	0.507697	0.135547	0.340019	0.016736	0.507697	0.135547	0.340019	1,2,1,3,4,2	0.729946	0.019984	0.021571	0.356298	0.198361	0.354554	0.049233	0.561831	0.090681	0.001505	0.119702	0.152276	0.074006	0.019984	0.021571	0.356298	0.198361	0.354554	0.049233	0.016071	0.007540	0.400727	0.254727	0.018139	0.302796	0.009745	0.100230	0.349170	0.045852	0.326578	0.168425	0.561831	0.090681	0.001505	0.119702	0.152276	0.074006	1,2,2,3,2,2	0.262030	0.634624	0.906794	0.906794	0.945697	0.906794	0.906794	
745000	-116327	1,2,3,2,4,3	2.368913	5.605130	5.085275	5.830177	5.085275	6.102640	5.830177	1,1,1,1,1,1	0.000000	0.012862	0.508074	0.136252	0.342812	0.012862	0.508074	0.136252	0.342812	0.012862	0.508074	0.136252	0.342812	0.012862	0.508074	0.136252	0.342812	0.012862	0.508074	0.136252	0.342812	0.012862	0.508074	0.136252	0.342812	1,2,3,4,5,1	15.900462	0.237675	0.199470	0.110088	0.109611	0.209599	0.133557	0.313095	0.141600	0.037255	0.259333	0.129921	0.118796	0.375306	0.096669	0.094901	0.119206	0.220628	0.093291	0.186773	0.036714	0.126555	0.134215	0.077350	0.438393	0.034438	0.153624	0.356739	0.026161	0.232359	0.196679	0.237675	0.199470	0.110088	0.109611	0.209599	0.133557	1,2,2,2,2,2	0.081154	0.703999	0.941114	0.941114	0.941114	0.941114	0.941114	
746000	-116746	1,2,1,1,3,1	0.391128	6.042788	5.352336	6.042788	6.042788	5.801923	6.042788	1,1,1,1,1,1	0.000000	0.019987	0.522578	0.125311	0.332125	0.019987	0.522578	0.125311	0.332125	0.019987	0.522578	0.125311	0.332125	0.019987	0.522578	0.125311	0.332125	0.019987	0.522578	0.125311	0.332125	0.019987	0.522578	0.125311	0.332125	1,2,3,4,5,5	10.121826	0.121045	0.150650	0.427600	0.105256	0.125747	0.069703	0.237928	0.281101	0.043265	0.103994	0.148394	0.185317	0.170165	0.379876	0.148331	0.101439	0.177413	0.022775	0.289693	0.041482	0.198317	0.352531	0.055151	0.062826	0.275848	0.024760	0.172914	0.075229	0.230548	0.220701	0.275848	0.024760	0.172914	0.075229	0.230548	0.220701	1,2,2,1,2,2	0.021754	0.660454	0.958556	0.958556	0.660454	0.958556	0.958556	
747000	-115449	1,1,1,1,1,1	0.000000	5.735904	5.735904	5.735904	5.735904	5.735904	5.735904	1,1,1,1,1,1	0.000000	0.016735	0.534135	0.105413	0.343717	0.016735	0.534135	0.105413	0.343717	0.016735	0.534135	0.105413	0.343717	0.016735	0.534135	0.105413	0.343717	0.016735	0.534135	0.105413	0.343717	0.016735	0.534135	0.105413	0.343717	1,2,1,3,2,2	0.639089	0.097072	0.184506	0.184497	0.203079	0.279458	0.051388	0.419181	0.073165	0.095605	0.094613	0.183721	0.133716	0.097072	0.184506	0.184497	0.203079	0.279458	0.051388	0.052461	0.052234	0.127650	0.323925	0.045156	0.398573	0.419181	0.073165	0.095605	0.094613	0.183721	0.133716	0.419181	0.073165	0.095605	0.094613	0.183721	0.133716	1,2,2,2,2,2	1.310867	0.737288	0.883297	0.883297	0.883297	0.883297	0.883297	
748000	-115406	1,1,2,3,1,1	2.238935	6.140033	6.140033	5.705261	5.507573	6.140033	6.140033	1,1,1,1,1,1	0.000000	0.013084	0.494561	0.116117	0.376238	0.013084	0.494561	0.116117	0.376238	0.013084	0.494561	0.116117	0.376238	0.013084	0.494561	0.116117	0.376238	0.013084	0.494561	0.116117	0.376238	0.013084	0.494561	0.116117	0.376238	1,2,3,4,5,6	11.151865	0.191835	0.101500	0.002561	0.245482	0.236308	0.222314	0.429078	0.415128	0.056500	0.020967	0.043323	0.035003	0.137829	0.237530	0.240650	0.130477	0.250064	0.003450	0.138088	0.041946	0.387322	0.160777	0.027749	0.244118	0.026000	0.058522	0.305284	0.071870	0.263352	0.274974	0.202379	0.247700	0.189130	0.105606	0.201510	0.053676	1,2,2,2,2,2	0.587158	0.886168	0.933203	0.933203	0.933203	0.933203	0.933203	
749000	-115800	1,2,3,4,5,3	3.995380	6.052282	5.482714	5.971118	5.083532	6.344517	5.971118	1,1,1,1,1,1	0.000000	0.010389	0.498093	0.114246	0.377272	0.010389	0.498093	0.114246	0.377272	0.010389	0.498093	0.114246	0.377272	0.010389	0.498093	0.114246	0.377272	0.010389	0.498093	0.114246	0.377272	0.010389	0.498093	0.114246	0.377272	1,2,1,3,4,5	8.899739	0.072285	0.251146	0.120168	0.204838	0.304057	0.047506	0.322350	0.039410	0.457303	0.099479	0.049372	0.032085	0.072285	0.251146	0.120168	0.204838	0.304057	0.047506	0.223506	0.300753	0.083799	0.161491	0.043889	0.186562	0.283990	0.312144	0.204734	0.009175	0.104379	0.085577	0.271935	0.010278	0.316888	0.094968	0.173590	0.132341	1,2,2,2,2,2	3.693712	0.574064	0.922353	0.922353	0.922353	0.922353	0.922353	
750000	-115631	1,2,3,1,4,4	3.718151	5.750387	5.334510	5.807672	5.750387	5.996923	5.996923	1,1,1,1,1,1	0.000000	0.016702	0.500409	0.119891	0.362998	0.016702	0.500409	0.119891	0.362998	0.016702	0.500409	0.119891	0.362998	0.016702	0.500409	0.119891	0.362998	0.016702	0.500409	0.119891	0.362998	0.016702	0.500409	0.119891	0.362998	1,2,3,4,5,2	5.713284	0.103403	0.182607	0.240061	0.181790	0.227127	0.065012	0.553983	0.031851	0.025069	0.114893	0.173243	0.100960	0.089420	0.151005	0.254687	0.139671	0.362747	0.002470	0.094690	0.031413	0.050986	0.172263	0.064764	0.585884	0.206600	0.033515	0.067807	0.076469	0.284597	0.331012	0.553983	0.031851	0.025069	0.114893	0.173243	0.100960	1,2,2,1,2,2	0.010220	0.775430	0.929049	0.929049	0.775430	0.929049	0.929049	
751000	-115396	1,1,1,1,1,1	0.000000	5.958749	5.958749	5.958749	5.958749	5.958749	5.958749	1,1,1,1,1,1	0.058048	0.013468	0.517768	0.133865	0.334899	0.013468	0.517768	0.133865	0.334899	0.013468	0.517768	0.133865	0.334899	0.013468	0.517768	0.133865	0.334899	0.013468	0.517768	0.133865	0.334899	0.013468	0.517768	0.133865	0.334899	1,2,1,3,2,2	6.251045	0.130614	0.111626	0.214005	0.206050	0.299460	0.038245	0.464563	0.190500	0.076536	0.067339	0.111286	0.089776	0.130614	0.111626	0.214005	0.206050	0.299460	0.038245	0.044388	0.120994	0.229640	0.254920	0.040171	0.309888	0.464563	0.190500	0.076536	0.067339	0.111286	0.089776	0.464563	0.190500	0.076536	0.067339	0.111286	0.089776	1,2,2,2,2,2	0.312164	0.684019	0.900111	0.900111	0.900111	0.900111	0.900111	
752000	-115396	1,1,1,1,1,1	0.000000	5.859444	5.859444	5.859444	5.859444	5.859444	5.859444	1,1,1,1,2,2	0.258003	0.018689	0.521372	0.144993	0.314946	0.018689	0.521372	0.144993	0.314946	0.018689	0.521372	0.144993	0.314946	0.018689	0.521372	0.144993	0.314946	0.008563	0.543835	0.089702	0.357900	0.008563	0.543835	0.089702	0.357900	1,2,3,4,5,2	8.818857	0.183709	0.124878	0.410815	0.135331	0.123605	0.021662	0.565386	0.061411	0.170597	0.053564	0.091095	0.057946	0.060193	0.107134	0.002418	0.238961	0.504120	0.087175	0.124598	0.008950	0.044560	0.452618	0.023072	0.346201	0.179278	0.119369	0.338249	0.022575	0.150589	0.189940	0.565386	0.061411	0.170597	0.053564	0.091095	0.057946	1,2,2,2,2,2	0.079624	0.674732	0.849350	0.849350	0.849350	0.849350	0.849350	
753000	-116006	1,1,1,1,1,1	0.000000	5.806539	5.806539	5.806539	5.806539	5.806539	5.806539	1,1,1,1,1,1	0.000000	0.013390	0.520558	0.124266	0.341787	0.013390	0.520558	0.124266	0.341787	0.013390	0.520558	0.124266	0.341787	0.013390	0.520558	0.124266	0.341787	0.013390	0.520558	0.124266	0.341787	0.013390	0.520558	0.124266	0.341787	1,2,3,4,3,2	4.011082	0.000205	0.154266	0.232325	0.236649	0.263105	0.113450	0.305436	0.220045	0.079900	0.137831	0.192246	0.064542	0.092845	0.385007	0.180159	0.062732	0.215278	0.063979	0.438159	0.024378	0.121474	0.237469	0.026651	0.151869	0.092845	0.385007	0.180159	0.062732	0.215278	0.063979	0.305436	0.220045	0.079900	0.137831	0.192246	0.064542	1,2,2,2,2,2	0.000223	0.615040	0.881822	0.881822	0.881822	0.881822	0.881822	
754000	-116284	1,1,1,1,1,1	0.000000	5.871775	5.871775	5.871775	5.871775	5.871775	5.871775	1,1,1,1,1,1	0.000000	0.014920	0.519052	0.129809	0.336219	0.014920	0.519052	0.129809	0.336219	0.014920	0.519052	0.129809	0.336219	0.014920	0.519052	0.129809	0.336219	0.014920	0.519052	0.129809	0.336219	0.014920	0.519052	0.129809	0.336219	1,1,2,3,4,5	4.716747	0.103113	0.080403	0.353216	0.159497	0.213068	0.090704	0.103113	0.080403	0.353216	0.159497	0.213068	0.090704	0.214152	0.092924	0.143066	0.178281	0.328828	0.042748	0.061177	0.006808	0.051805	0.514958	0.057180	0.308073	0.063740	0.447533	0.000693	0.068249	0.219055	0.200731	0.276595	0.168097	0.205758	0.154074	0.145342	0.050134	1,2,2,2,2,2	0.509945	0.634969	0.993020	0.993020	0.993020	0.993020	0.993020	
755000	-115390	1,2,3,4,5,3	4.533165	6.241246	5.537137	6.008900	6.038673	5.996321	6.008900	1,1,1,1,1,1	0.000000	0.014273	0.525193	0.112192	0.348342	0.014273	0.525193	0.112192	0.348342	0.014273	0.525193	0.112192	0.348342	0.014273	0.525193	0.112192	0.348342	0.014273	0.525193	0.112192	0.348342	0.014273	0.525193	0.112192	0.348342	1,2,1,3,4,2	0.986273	0.004842	0.253372	0.310320	0.147766	0.257381	0.026319	0.343544	0.285480	0.018643	0.106354	0.146639	0.099340	0.004842	0.253372	0.310320	0.147766	0.257381	0.026319	0.349310	0.120244	0.150292	0.154412	0.019021	0.206721	0.257755	0.216380	0.102369	0.078091	0.167867	0.177537	0.343544	0.285480	0.018643	0.106354	0.146639	0.099340	1,2,2,2,2,2	0.200826	0.618542	0.940265	0.940265	0.940265	0.940265	0.940265	
756000	-115978	1,2,3,4,1,1	2.032026	5.872348	6.568548	5.590510	5.407782	5.872348	5.872348	1,1,1,1,1,1	0.000000	0.013918	0.514707	0.110790	0.360585	0.013918	0.514707	0.110790	0.360585	0.013918	0.514707	0.110790	0.360585	0.013918	0.514707	0.110790	0.360585	0.013918	0.514707	0.110790	0.360585	0.013918	0.514707	0.110790	0.360585	1,2,3,4,5,5	6.876114	0.359521	0.011992	0.166349	0.258794	0.166629	0.036715	0.128542	0.421975	0.382257	0.026760	0.012403	0.028063	0.263385	0.010782	0.070002	0.202538	0.364154	0.089139	0.102142	0.186678	0.168547	0.274137	0.024061	0.244436	0.206908	0.133125	0.121813	0.189491	0.247310	0.101353	0.206908	0.133125	0.121813	0.189491	0.247310	0.101353	1,1,1,1,1,1	0.000000	0.810274	0.810274	0.810274	0.810274	0.810274	0.810274	
757000	-116414	1,2,2,1,2,3	2.001693	6.148150	5.867738	5.867738	6.148150	5.867738	5.900823	1,1,1,1,1,1	0.000000	0.021953	0.519870	0.107420	0.350756	0.021953	0.519870	0.107420	0.350756	0.021953	0.519870	0.107420	0.350756	0.021953	0.519870	0.107420	0.350756	0.021953	0.519870	0.107420	0.350756	0.021953	0.519870	0.107420	0.350756	1,2,1,3,4,5	27.800432	0.015472	0.549338	0.088393	0.152618	0.159548	0.034630	0.276198	0.310209	0.256205	0.024617	0.046139	0.086632	0.015472	0.549338	0.088393	0.152618	0.159548	0.034630	0.004563	0.125509	0.093067	0.259303	0.141497	0.376062	0.150662	0.308352	0.068284	0.061910	0.142953	0.267840	0.430432	0.112603	0.020083	0.184773	0.175868	0.076241	1,2,2,2,2,2	0.311995	0.607359	0.911728	0.911728	0.911728	0.911728	0.911728	
758000	-116744	1,2,3,2,4,4	0.859549	5.817734	5.019166	5.608651	5.019166	5.796304	5.796304	1,1,1,2,1,1	0.478807	0.014986	0.512813	0.143314	0.328887	0.014986	0.512813	0.143314	0.328887	0.014986	0.512813	0.143314	0.328887	0.065178	0.374713	0.282157	0.277953	0.014986	0.512813	0.143314	0.328887	0.014986	0.512813	0.143314	0.328887	1,2,3,4,1,2	1.118566	0.061182	0.140557	0.252118	0.131294	0.261261	0.153589	0.394400	0.002072	0.049476	0.137324	0.237975	0.178754	0.148579	0.223606	0.037222	0.249692	0.304752	0.036149	0.089676	0.152645	0.199848	0.324995	0.120599	0.112238	0.061182	0.140557	0.252118	0.131294	0.261261	0.153589	0.394400	0.002072	0.049476	0.137324	0.237975	0.178754	1,2,2,2,2,2	0.225587	0.484103	0.923129	0.923129	0.923129	0.923129	0.923129	
759000	-116538	1,2,1,3,4,1	27.171504	6.025366	5.238338	6.025366	4.983413	5.569894	6.025366	1,1,1,1,1,1	0.000000	0.012230	0.524825	0.131475	0.331469	0.012230	0.524825	0.131475	0.331469	0.012230	0.524825	0.131475	0.331469	0.012230	0.524825	0.131475	0.331469	0.012230	0.524825	0.131475	0.331469	0.012230	0.524825	0.131475	0.331469	1,2,1,3,2,2	0.198829	0.053945	0.066762	0.066467	0.323560	0.412435	0.076830	0.157462	0.198747	0.156346	0.117723	0.223963	0.145758	0.053945	0.066762	0.066467	0.323560	0.412435	0.076830	0.103907	0.295123	0.058790	0.152592	0.082870	0.306718	0.157462	0.198747	0.156346	0.117723	0.223963	0.145758	0.157462	0.198747	0.156346	0.117723	0.223963	0.145758	1,2,2,2,2,2	1.744069	0.546542	0.906985	0.906985	0.906985	0.906985	0.906985	
760000	-116656	1,2,3,4,5,6	4.055533	5.705926	5.480367	5.797204	5.240587	6.070050	6.018374	1,1,1,1,1,1	0.000000	0.011060	0.494408	0.145888	0.348643	0.011060	0.494408	0.145888	0.348643	0.011060	0.494408	0.145888	0.348643	0.011060	0.494408	0.145888	0.348643	0.011060	0.494408	0.145888	0.348643	0.011060	0.494408	0.145888	0.348643	1,2,3,4,5,3	2.046256	0.095455	0.142885	0.154964	0.204796	0.226919	0.174980	0.269366	0.174963	0.027231	0.259934	0.088796	0.179709	0.164898	0.127026	0.226888	0.098089	0.290714	0.092386	0.224265	0.026503	0.038053	0.196859	0.076697	0.437623	0.113158	0.051296	0.133838	0.193925	0.263739	0.244043	0.164898	0.127026	0.226888	0.098089	0.290714	0.092386	1,2,2,2,2,2	0.626386	0.608214	0.885932	0.885932	0.885932	0.885932	0.885932	
761000	-116369	1,2,3,4,5,6	11.764438	6.155571	5.323260	5.918575	5.220443	6.003928	6.265216	1,1,1,1,1,1	0.000000	0.013055	0.539510	0.115363	0.332072	0.013055	0.539510	0.115363	0.332072	0.013055	0.539510	0.115363	0.332072	0.013055	0.539510	0.115363	0.332072	0.013055	0.539510	0.115363	0.332072	0.013055	0.539510	0.115363	0.332072	1,2,3,4,1,5	6.842086	0.069929	0.230032	0.472628	0.058764	0.115599	0.053048	0.242720	0.449760	0.115255	0.073672	0.042112	0.076482	0.258385	0.220907	0.082661	0.114756	0.305523	0.017768	0.112402	0.064001	0.237913	0.254294	0.113981	0.217408	0.069929	0.230032	0.472628	0.058764	0.115599	0.053048	0.139473	0.279720	0.200098	0.082389	0.224510	0.073809	1,2,2,2,2,2	0.883506	0.666269	0.930260	0.930260	0.930260	0.930260	0.930260	
762000	-116478	1,2,2,1,1,1	0.328775	5.776230	5.364176	5.364176	5.776230	5.776230	5.776230	1,1,1,2,1,1	0.040162	0.019861	0.532321	0.124107	0.323712	0.019861	0.532321	0.124107	0.323712	0.019861	0.532321	0.124107	0.323712	0.014219	0.433359	0.245726	0.306696	0.019861	0.532321	0.124107	0.323712	0.019861	0.532321	0.124107	0.323712	1,2,1,3,4,2	2.520806	0.129878	0.293162	0.102842	0.205539	0.244715	0.023865	0.359167	0.079119	0.029928	0.109432	0.168751	0.253602	0.129878	0.293162	0.102842	0.205539	0.244715	0.023865	0.190146	0.044467	0.147871	0.477815	0.034884	0.104817	0.084237	0.169985	0.164186	0.059985	0.294830	0.226777	0.359167	0.079119	0.029928	0.109432	0.168751	0.253602	1,2,2,1,2,2	0.392194	0.662090	0.936951	0.936951	0.662090	0.936951	0.936951	
763000	-115782	1,1,1,1,1,1	0.000000	5.715884	5.715884	5.715884	5.715884	5.715884	5.715884	1,1,1,1,1,1	0.000000	0.019654	0.531668	0.110412	0.338266	0.019654	0.531668	0.110412	0.338266	0.019654	0.531668	0.110412	0.338266	0.019654	0.531668	0.110412	0.338266	0.019654	0.531668	0.110412	0.338266	0.019654	0.531668	0.110412	0.338266	1,2,3,4,5,2	2.327200	0.081617	0.149531	0.259066	0.176183	0.226928	0.106675	0.310636	0.046774	0.175194	0.185985	0.219183	0.062227	0.175070	0.145627	0.180281	0.176015	0.235326	0.087680	0.017630	0.453915	0.082185	0.261589	0.034130	0.150551	0.037459	0.102494	0.196522	0.107944	0.186125	0.369456	0.310636	0.046774	0.175194	0.185985	0.219183	0.062227	1,2,2,2,2,2	0.797314	0.567637	0.906465	0.906465	0.906465	0.906465	0.906465	
764000	-115362	1,1,1,1,1,1	0.000000	5.752426	5.752426	5.752426	5.752426	5.752426	5.752426	1,1,1,1,1,1	0.000000	0.015811	0.510905	0.137574	0.335710	0.015811	0.510905	0.137574	0.335710	0.015811	0.510905	0.137574	0.335710	0.015811	0.510905	0.137574	0.335710	0.015811	0.510905	0.137574	0.335710	0.015811	0.510905	0.137574	0.335710	1,2,1,3,4,2	4.745810	0.085365	0.055962	0.147821	0.353279	0.330048	0.027525	0.349541	0.189838	0.093631	0.091139	0.159378	0.116472	0.085365	0.055962	0.147821	0.353279	0.330048	0.027525	0.163759	0.121037	0.119869	0.301865	0.010917	0.282553	0.116931	0.100388	0.116852	0.108338	0.307009	0.250482	0.349541	0.189838	0.093631	0.091139	0.159378	0.116472	1,2,2,2,2,2	1.158682	0.590989	0.942575	0.942575	0.942575	0.942575	0.942575	
765000	-116116	1,2,3,4,5,6	13.065380	6.285450	5.064772	6.431494	6.632581	6.508747	5.898646	1,1,1,2,2,1	0.159859	0.014779	0.519760	0.117768	0.347693	0.014779	0.519760	0.117768	0.347693	0.014779	0.519760	0.117768	0.347693	0.036668	0.440966	0.146268	0.376097	0.036668	0.440966	0.146268	0.376097	0.014779	0.519760	0.117768	0.347693	1,2,3,4,5,2	3.359661	0.029727	0.071768	0.287553	0.251620	0.294008	0.065326	0.351344	0.078741	0.092135	0.153121	0.185159	0.139500	0.045538	0.056611	0.104908	0.185447	0.558482	0.049014	0.403945	0.179770	0.060458	0.106123	0.003538	0.246166	0.098633	0.199124	0.158641	0.095880	0.174549	0.273174	0.351344	0.078741	0.092135	0.153121	0.185159	0.139500	1,1,1,1,1,1	0.000000	0.907198	0.907198	0.907198	0.907198	0.907198	0.907198	
766000	-115974	1,1,1,1,1,1	0.000000	5.934741	5.934741	5.934741	5.934741	5.934741	5.934741	1,1,1,1,1,1	0.000000	0.017224	0.513662	0.124907	0.344208	0.017224	0.513662	0.124907	0.344208	0.017224	0.513662	0.124907	0.344208	0.017224	0.513662	0.124907	0.344208	0.017224	0.513662	0.124907	0.344208	0.017224	0.513662	0.124907	0.344208	1,2,3,4,5,1	25.020083	0.205053	0.071557	0.229885	0.152958	0.248595	0.091952	0.412759	0.150172	0.019572	0.210045	0.120599	0.086852	0.175505	0.078412	0.157697	0.179394	0.303899	0.105093	0.137128	0.011970	0.227848	0.453271	0.033887	0.135896	0.068697	0.001855	0.118106	0.212142	0.305282	0.293918	0.205053	0.071557	0.229885	0.152958	0.248595	0.091952	1,2,2,3,2,2	4.502782	0.589237	0.932599	0.932599	0.820084	0.932599	0.932599	
767000	-115539	1,2,3,4,5,6	12.490924	5.599295	5.398009	5.559309	6.577692	5.771706	5.856442	1,1,1,1,1,1	0.000000	0.014838	0.522912	0.115011	0.347240	0.014838	0.522912	0.115011	0.347240	0.014838	0.522912	0.115011	0.347240	0.014838	0.522912	0.115011	0.347240	0.014838	0.522912	0.115011	0.347240	0.014838	0.522912	0.115011	0.347240	1,2,2,3,4,2	1.618901	0.029303	0.100830	0.338056	0.204954	0.235365	0.091493	0.222600	0.317500	0.118270	0.116999	0.168814	0.055818	0.222600	0.317500	0.118270	0.116999	0.168814	0.055818	0.228637	0.069995	0.201535	0.179353	0.000275	0.320206	0.018594	0.329632	0.329875	0.068435	0.155796	0.097667	0.222600	0.317500	0.118270	0.116999	0.168814	0.055818	1,2,2,3,2,2	1.777367	0.575810	0.909846	0.909846	0.728468	0.909846	0.909846	
768000	-116012	1,2,3,2,4,5	2.674506	6.245130	5.437956	5.523963	5.437956	5.622819	5.886619	1,1,1,1,1,1	0.000000	0.016572	0.533483	0.123496	0.326450	0.016572	0.533483	0.123496	0.326450	0.016572	0.533483	0.123496	0.326450	0.016572	0.533483	0.123496	0.326450	0.016572	0.533483	0.123496	0.326450	0.016572	0.533483	0.123496	0.326450	1,2,1,3,4,2	11.109666	0.057099	0.338742	0.159255	0.152208	0.269776	0.022920	0.247095	0.234574	0.139416	0.075787	0.177738	0.125390	0.057099	0.338742	0.159255	0.152208	0.269776	0.022920	0.224840	0.256793	0.099464	0.206021	0.061137	0.151745	0.012425	0.486551	0.071317	0.057312	0.157815	0.214579	0.247095	0.234574	0.139416	0.075787	0.177738	0.125390	1,1,1,1,1,1	0.000000	0.826942	0.826942	0.826942	0.826942	0.826942	0.826942	
769000	-115661	1,1,1,1,1,1	0.000000	6.013318	6.013318	6.013318	6.013318	6.013318	6.013318	1,1,1,1,1,1	0.000000	0.011563	0.523089	0.099994	0.365354	0.011563	0.523089	0.099994	0.365354	0.011563	0.523089	0.099994	0.365354	0.011563	0.523089	0.099994	0.365354	0.011563	0.523089	0.099994	0.365354	0.011563	0.523089	0.099994	0.365354	1,2,3,4,5,2	10.365605	0.032993	0.059690	0.298866	0.278439	0.327261	0.002752	0.310310	0.105412	0.274526	0.095036	0.136619	0.078097	0.254538	0.116794	0.039923	0.144630	0.343686	0.100429	0.075575	0.060116	0.276424	0.140977	0.017512	0.429397	0.279684	0.004692	0.238521	0.125909	0.155956	0.195239	0.310310	0.105412	0.274526	0.095036	0.136619	0.078097	1,2,3,3,2,2	1.310997	0.627217	1.008363	0.809885	0.809885	1.008363	1.008363	
770000	-116377	1,2,3,4,5,3	11.050862	6.185028	5.648100	5.720069	5.343186	5.862071	5.720069	1,1,1,1,1,1	0.000000	0.021237	0.541660	0.099855	0.337248	0.021237	0.541660	0.099855	0.337248	0.021237	0.541660	0.099855	0.337248	0.021237	0.541660	0.099855	0.337248	0.021237	0.541660	0.099855	0.337248	0.021237	0.541660	0.099855	0.337248	1,2,1,3,4,2	5.125131	0.162510	0.242051	0.063346	0.159007	0.296281	0.076806	0.172861	0.040172	0.129458	0.182533	0.275697	0.199280	0.162510	0.242051	0.063346	0.159007	0.296281	0.076806	0.004023	0.184835	0.200763	0.273903	0.089900	0.246577	0.049970	0.004818	0.584553	0.069859	0.161424	0.129376	0.172861	0.040172	0.129458	0.182533	0.275697	0.199280	1,2,2,2,2,2	0.046677	0.602900	0.943625	0.943625	0.943625	0.943625	0.943625	
771000	-116001	1,2,3,1,1,3	0.537176	6.475797	5.422565	5.908028	6.475797	6.475797	5.908028	1,1,1,1,1,1	0.000000	0.012260	0.521000	0.118697	0.348043	0.012260	0.521000	0.118697	0.348043	0.012260	0.521000	0.118697	0.348043	0.012260	0.521000	0.118697	0.348043	0.012260	0.521000	0.118697	0.348043	0.012260	0.521000	0.118697	0.348043	1,2,3,4,5,2	1.903211	0.052870	0.133413	0.078859	0.434029	0.267453	0.033376	0.215684	0.330488	0.160601	0.123612	0.123547	0.046068	0.033611	0.030333	0.084375	0.158366	0.536385	0.156930	0.370007	0.086937	0.288227	0.067107	0.001595	0.186126	0.294722	0.030747	0.313397	0.012491	0.159747	0.188896	0.215684	0.330488	0.160601	0.123612	0.123547	0.046068	1,1,1,1,1,1	0.000000	0.852396	0.852396	0.852396	0.852396	0.852396	0.852396	
772000	-116150	1,1,2,3,4,5	1.894087	6.090533	6.090533	5.590616	5.456389	6.166578	6.282392	1,1,1,1,1,1	0.000000	0.019540	0.517451	0.124590	0.338419	0.019540	0.517451	0.124590	0.338419	0.019540	0.517451	0.124590	0.338419	0.019540	0.517451	0.124590	0.338419	0.019540	0.517451	0.124590	0.338419	0.019540	0.517451	0.124590	0.338419	1,2,3,4,5,6	1.208399	0.205975	0.026386	0.130776	0.223386	0.314659	0.098818	0.352821	0.064485	0.420970	0.024777	0.063838	0.073108	0.160681	0.065256	0.064931	0.185601	0.440009	0.083522	0.024477	0.104041	0.276274	0.225003	0.114464	0.255741	0.144019	0.345330	0.200481	0.022333	0.140020	0.147817	0.207789	0.311122	0.072971	0.080359	0.168845	0.158913	1,2,2,2,2,2	0.578788	0.461577	0.904780	0.904780	0.904780	0.904780	0.904780	
773000	-115506	1,1,1,1,1,1	0.000289	5.930211	5.930211	5.930211	5.930211	5.930211	5.930211	1,1,1,1,1,1	0.000000	0.014263	0.504043	0.144629	0.337065	0.014263	0.504043	0.144629	0.337065	0.014263	0.504043	0.144629	0.337065	0.014263	0.504043	0.144629	0.337065	0.014263	0.504043	0.144629	0.337065	0.014263	0.504043	0.144629	0.337065	1,2,3,4,5,6	21.062006	0.057561	0.212036	0.410079	0.116355	0.153733	0.050236	0.163359	0.443293	0.097260	0.070693	0.100547	0.124848	0.073255	0.144030	0.235149	0.087773	0.417204	0.042590	0.003347	0.520565	0.054477	0.224894	0.019275	0.177442	0.040406	0.085386	0.321303	0.077615	0.309052	0.166239	0.071810	0.083878	0.446235	0.072487	0.219848	0.105742	1,2,2,2,2,2	0.295172	0.529463	0.911823	0.911823	0.911823	0.911823	0.911823	
774000	-115458	1,1,1,1,1,1	0.000000	6.110334	6.110334	6.110334	6.110334	6.110334	6.110334	1,1,1,1,1,1	0.000000	0.020441	0.525854	0.104619	0.349086	0.020441	0.525854	0.104619	0.349086	0.020441	0.525854	0.104619	0.349086	0.020441	0.525854	0.104619	0.349086	0.020441	0.525854	0.104619	0.349086	0.020441	0.525854	0.104619	0.349086	1,2,1,3,4,1	6.249016	0.254282	0.118362	0.082969	0.172646	0.247104	0.124637	0.254401	0.043470	0.181734	0.144231	0.140411	0.235753	0.254282	0.118362	0.082969	0.172646	0.247104	0.124637	0.025120	0.411784	0.019554	0.238679	0.005503	0.299361	0.052711	0.254234	0.057276	0.059729	0.230591	0.345460	0.254282	0.118362	0.082969	0.172646	0.247104	0.124637	1,2,2,2,2,2	1.491898	0.620782	0.934380	0.934380	0.934380	0.934380	0.934380	
775000	-116336	1,1,1,1,1,1	0.000000	5.827116	5.827116	5.827116	5.827116	5.827116	5.827116	1,1,1,1,1,1	0.000000	0.014594	0.510520	0.135123	0.339763	0.014594	0.510520	0.135123	0.339763	0.014594	0.510520	0.135123	0.339763	0.014594	0.510520	0.135123	0.339763	0.014594	0.510520	0.135123	0.339763	0.014594	0.510520	0.135123	0.339763	1,2,1,3,4,1	2.153648	0.166340	0.166541	0.204522	0.138641	0.275135	0.048822	0.425114	0.174859	0.229059	0.019708	0.065357	0.085903	0.166340	0.166541	0.204522	0.138641	0.275135	0.048822	0.692026	0.074842	0.057018	0.096252	0.010979	0.068883	0.155990	0.219807	0.020809	0.077942	0.256993	0.268458	0.166340	0.166541	0.204522	0.138641	0.275135	0.048822	1,2,2,2,2,2	0.938022	0.618999	0.876704	0.876704	0.876704	0.876704	0.876704	
776000	-115791	1,2,3,4,5,4	14.257274	6.042342	5.511799	6.030684	5.960923	6.144315	5.960923	1,1,1,1,1,1	0.000000	0.015399	0.517159	0.120237	0.347205	0.015399	0.517159	0.120237	0.347205	0.015399	0.517159	0.120237	0.347205	0.015399	0.517159	0.120237	0.347205	0.015399	0.517159	0.120237	0.347205	0.015399	0.517159	0.120237	0.347205	1,2,1,3,4,5	7.905207	0.065683	0.181170	0.036375	0.346963	0.336742	0.033066	0.300360	0.052948	0.134680	0.087007	0.181200	0.243805	0.065683	0.181170	0.036375	0.346963	0.336742	0.033066	0.259122	0.161201	0.076775	0.248756	0.014066	0.240081	0.045729	0.116926	0.115047	0.094895	0.214970	0.412432	0.458230	0.092245	0.095855	0.080375	0.146695	0.126600	1,1,1,1,1,1	0.000000	0.925071	0.925071	0.925071	0.925071	0.925071	0.925071	
777000	-115818	1,2,3,2,4,5	2.429074	6.029694	5.333256	5.811737	5.333256	6.011827	5.938338	1,1,1,1,1,1	0.000000	0.017514	0.513171	0.131523	0.337792	0.017514	0.513171	0.131523	0.337792	0.017514	0.513171	0.131523	0.337792	0.017514	0.513171	0.131523	0.337792	0.017514	0.513171	0.131523	0.337792	0.017514	0.513171	0.131523	0.337792	1,2,1,3,4,5	8.215585	0.039901	0.177962	0.137374	0.227848	0.344681	0.072234	0.507111	0.044860	0.206965	0.094750	0.082465	0.063848	0.039901	0.177962	0.137374	0.227848	0.344681	0.072234	0.217004	0.483521	0.043348	0.126907	0.036269	0.092951	0.071866	0.163265	0.159389	0.171156	0.292876	0.141449	0.450584	0.025731	0.073205	0.111404	0.253915	0.085161	1,2,2,2,2,2	0.921193	0.600760	0.896264	0.896264	0.896264	0.896264	0.896264	
778000	-115523	1,2,3,4,5,1	4.917409	6.064546	5.102562	5.562706	5.441515	6.031635	6.064546	1,1,1,1,1,1	0.000000	0.014631	0.531921	0.101946	0.351501	0.014631	0.531921	0.101946	0.351501	0.014631	0.531921	0.101946	0.351501	0.014631	0.531921	0.101946	0.351501	0.014631	0.531921	0.101946	0.351501	0.014631	0.531921	0.101946	0.351501	1,2,1,3,4,2	2.178869	0.037707	0.334646	0.173003	0.172269	0.236609	0.045766	0.292465	0.029075	0.095391	0.130520	0.194153	0.258395	0.037707	0.334646	0.173003	0.172269	0.236609	0.045766	0.014134	0.062449	0.439977	0.276951	0.015709	0.190779	0.126296	0.073894	0.203750	0.115484	0.164346	0.316231	0.292465	0.029075	0.095391	0.130520	0.194153	0.258395	1,2,2,3,2,2	0.504988	0.622759	0.890915	0.890915	0.794780	0.890915	0.890915	
779000	-115734	1,2,3,4,5,4	9.675981	5.720475	5.741497	5.835632	6.067552	5.968668	6.067552	1,1,1,1,1,1	0.000000	0.015108	0.532017	0.105329	0.347547	0.015108	0.532017	0.105329	0.347547	0.015108	0.532017	0.105329	0.347547	0.015108	0.532017	0.105329	0.347547	0.015108	0.532017	0.105329	0.347547	0.015108	0.532017	0.105329	0.347547	1,2,3,4,1,3	5.404351	0.002282	0.105473	0.295210	0.161559	0.277332	0.158144	0.170441	0.190907	0.090799	0.189105	0.191010	0.167737	0.411853	0.204145	0.078713	0.069348	0.182623	0.053319	0.037570	0.157382	0.249267	0.155961	0.024586	0.375235	0.002282	0.105473	0.295210	0.161559	0.277332	0.158144	0.411853	0.204145	0.078713	0.069348	0.182623	0.053319	1,2,2,2,3,2	2.525676	0.697934	0.889939	0.889939	0.889939	0.956230	0.889939	
780000	-115145	1,1,1,1,1,1	0.000000	5.679275	5.679275	5.679275	5.679275	5.679275	5.679275	1,1,1,1,1,1	0.000000	0.016972	0.513382	0.133147	0.336499	0.016972	0.513382	0.133147	0.336499	0.016972	0.513382	0.133147	0.336499	0.016972	0.513382	0.133147	0.336499	0.016972	0.513382	0.133147	0.336499	0.016972	0.513382	0.133147	0.336499	1,2,3,4,5,5	4.904793	0.034622	0.276830	0.180881	0.221855	0.251602	0.034211	0.500092	0.199316	0.139598	0.049327	0.053318	0.058349	0.006954	0.113652	0.211219	0.269764	0.395634	0.002776	0.040131	0.625483	0.024559	0.099781	0.012087	0.197958	0.328439	0.059299	0.092521	0.050557	0.259686	0.209498	0.328439	0.059299	0.092521	0.050557	0.259686	0.209498	1,2,2,2,2,2	0.608964	0.440454	0.887319	0.887319	0.887319	0.887319	0.887319	
781000	-116516	1,2,1,2,3,3	4.603148	5.592503	5.257196	5.592503	5.257196	5.945606	5.945606	1,1,1,1,1,1	0.000000	0.017725	0.531131	0.111287	0.339857	0.017725	0.531131	0.111287	0.339857	0.017725	0.531131	0.111287	0.339857	0.017725	0.531131	0.111287	0.339857	0.017725	0.531131	0.111287	0.339857	0.017725	0.531131	0.111287	0.339857	1,2,3,4,5,6	2.902850	0.002227	0.260146	0.365548	0.121394	0.172112	0.078572	0.343126	0.063166	0.083408	0.101473	0.149604	0.259222	0.136126	0.148886	0.176306	0.193694	0.277810	0.067178	0.326745	0.083036	0.070575	0.192274	0.113870	0.213501	0.122517	0.196249	0.116717	0.072514	0.218418	0.273585	0.201997	0.039370	0.216628	0.149889	0.284012	0.108103	1,2,2,2,2,2	0.214275	0.555728	0.910150	0.910150	0.910150	0.910150	0.910150	
782000	-115742	1,1,2,3,2,4	3.921342	5.742526	5.742526	6.255761	5.034583	6.255761	6.164908	1,1,1,1,1,1	0.000000	0.017090	0.527647	0.129005	0.326257	0.017090	0.527647	0.129005	0.326257	0.017090	0.527647	0.129005	0.326257	0.017090	0.527647	0.129005	0.326257	0.017090	0.527647	0.129005	0.326257	0.017090	0.527647	0.129005	0.326257	1,2,3,4,5,6	15.552161	0.063774	0.131319	0.262560	0.222576	0.185772	0.133999	0.482202	0.178760	0.088642	0.049745	0.066576	0.134075	0.082747	0.105964	0.171905	0.054768	0.524497	0.060119	0.024087	0.150860	0.171657	0.251478	0.065748	0.336170	0.137932	0.024830	0.280817	0.070820	0.350451	0.135150	0.471402	0.063548	0.073953	0.142920	0.224281	0.023894	1,2,2,2,2,2	0.054284	0.575237	0.899717	0.899717	0.899717	0.899717	0.899717	
783000	-115182	1,1,1,1,1,1	0.000000	5.728923	5.728923	5.728923	5.728923	5.728923	5.728923	1,1,1,1,1,1	0.000000	0.015805	0.531045	0.110114	0.343036	0.015805	0.531045	0.110114	0.343036	0.015805	0.531045	0.110114	0.343036	0.015805	0.531045	0.110114	0.343036	0.015805	0.531045	0.110114	0.343036	0.015805	0.531045	0.110114	0.343036	1,2,1,3,4,5	2.939547	0.089024	0.069195	0.162897	0.268183	0.352141	0.058561	0.425797	0.068465	0.194202	0.149467	0.099183	0.062886	0.089024	0.069195	0.162897	0.268183	0.352141	0.058561	0.059590	0.231960	0.271389	0.144131	0.010693	0.282237	0.271089	0.085055	0.202739	0.043742	0.148691	0.248684	0.232146	0.152908	0.190862	0.188713	0.196276	0.039094	1,2,2,2,2,2	0.296419	0.700633	0.894462	0.894462	0.894462	0.894462	0.894462	
784000	-115970	1,1,1,2,1,1	4.968974	6.047688	6.047688	6.047688	5.483803	6.047688	6.047688	1,1,1,1,1,1	0.000000	0.015937	0.525955	0.110348	0.347760	0.015937	0.525955	0.110348	0.347760	0.015937	0.525955	0.110348	0.347760	0.015937	0.525955	0.110348	0.347760	0.015937	0.525955	0.110348	0.347760	0.015937	0.525955	0.110348	0.347760	1,2,3,4,5,6	5.058988	0.021480	0.465528	0.116495	0.231520	0.162818	0.002159	0.491124	0.067622	0.212239	0.044881	0.044964	0.139170	0.011273	0.255045	0.022480	0.342144	0.324687	0.044371	0.216987	0.344403	0.115290	0.079360	0.028379	0.215581	0.091526	0.237202	0.237877	0.062357	0.215334	0.155704	0.383239	0.002828	0.073425	0.168101	0.294489	0.077919	1,2,2,2,2,2	0.970541	0.661664	0.915523	0.915523	0.915523	0.915523	0.915523	
785000	-115886	1,2,3,4,5,6	13.388856	5.990696	5.336334	5.451860	5.270141	5.810550	6.216989	1,1,1,1,1,1	0.000000	0.015870	0.530475	0.130573	0.323082	0.015870	0.530475	0.130573	0.323082	0.015870	0.530475	0.130573	0.323082	0.015870	0.530475	0.130573	0.323082	0.015870	0.530475	0.130573	0.323082	0.015870	0.530475	0.130573	0.323082	1,2,3,4,5,6	2.391793	0.105609	0.086150	0.108616	0.268291	0.343500	0.087834	0.228261	0.171599	0.147653	0.170210	0.117324	0.164953	0.120779	0.083899	0.113473	0.101487	0.535194	0.045168	0.422027	0.062511	0.047476	0.252925	0.032014	0.183047	0.094988	0.178411	0.141624	0.082570	0.297819	0.204589	0.177316	0.034750	0.226708	0.142928	0.201499	0.216800	1,1,1,1,1,1	0.000000	0.842691	0.842691	0.842691	0.842691	0.842691	0.842691	
786000	-116276	1,2,3,4,1,5	12.783625	6.120966	5.281461	5.428332	5.449755	6.120966	6.088700	1,1,1,1,1,1	0.004366	0.016955	0.502047	0.112738	0.368259	0.016955	0.502047	0.112738	0.368259	0.016955	0.502047	0.112738	0.368259	0.016955	0.502047	0.112738	0.368259	0.016955	0.502047	0.112738	0.368259	0.016955	0.502047	0.112738	0.368259	1,2,1,3,4,2	1.946215	0.067692	0.303938	0.151372	0.157559	0.245927	0.073512	0.421598	0.014764	0.069205	0.091165	0.225536	0.177733	0.067692	0.303938	0.151372	0.157559	0.245927	0.073512	0.187172	0.036729	0.237627	0.400167	0.033251	0.105055	0.057200	0.000477	0.178726	0.157106	0.197089	0.409402	0.421598	0.014764	0.069205	0.091165	0.225536	0.177733	1,2,2,1,2,2	0.920611	0.658721	0.889381	0.889381	0.658721	0.889381	0.889381	
787000	-116615	1,2,2,2,1,1	1.388508	6.252292	5.502252	5.502252	5.502252	6.252292	6.252292	1,1,1,1,1,1	0.000001	0.013066	0.525052	0.114387	0.347495	0.013066	0.525052	0.114387	0.347495	0.013066	0.525052	0.114387	0.347495	0.013066	0.525052	0.114387	0.347495	0.013066	0.525052	0.114387	0.347495	0.013066	0.525052	0.114387	0.347495	1,1,2,3,4,5	13.677730	0.588403	0.035035	0.050469	0.101828	0.184535	0.039730	0.588403	0.035035	0.050469	0.101828	0.184535	0.039730	0.031272	0.407250	0.026581	0.122132	0.294362	0.118403	0.328832	0.146078	0.105341	0.280924	0.038892	0.099934	0.315638	0.264311	0.210044	0.023260	0.079836	0.106911	0.575915	0.036117	0.059171	0.078566	0.152910	0.097320	1,1,1,1,1,1	0.001230	0.804097	0.804097	0.804097	0.804097	0.804097	0.804097	
788000	-115958	1,1,1,1,1,1	0.000000	5.986299	5.986299	5.986299	5.986299	5.986299	5.986299	1,1,1,1,1,1	0.000000	0.011121	0.554682	0.108586	0.325611	0.011121	0.554682	0.108586	0.325611	0.011121	0.554682	0.108586	0.325611	0.011121	0.554682	0.108586	0.325611	0.011121	0.554682	0.108586	0.325611	0.011121	0.554682	0.108586	0.325611	1,2,3,4,5,3	4.930427	0.089361	0.272944	0.505636	0.055849	0.053747	0.022463	0.482071	0.138515	0.046488	0.184391	0.080735	0.067800	0.315414	0.238310	0.102335	0.101269	0.193584	0.049088	0.188379	0.316752	0.179427	0.218274	0.016572	0.080596	0.155061	0.132183	0.241278	0.076157	0.259078	0.136244	0.315414	0.238310	0.102335	0.101269	0.193584	0.049088	1,2,2,2,2,2	0.418997	0.713897	0.964388	0.964388	0.964388	0.964388	0.964388	
789000	-115353	1,1,1,1,1,1	0.000000	5.897955	5.897955	5.897955	5.897955	5.897955	5.897955	1,1,1,1,1,1	0.000000	0.014632	0.523442	0.131090	0.330837	0.014632	0.523442	0.131090	0.330837	0.014632	0.523442	0.131090	0.330837	0.014632	0.523442	0.131090	0.330837	0.014632	0.523442	0.131090	0.330837	0.014632	0.523442	0.131090	0.330837	1,2,1,3,4,5	6.626197	0.117502	0.145949	0.097954	0.152938	0.370962	0.114696	0.475580	0.130846	0.104028	0.069423	0.095413	0.124710	0.117502	0.145949	0.097954	0.152938	0.370962	0.114696	0.056037	0.044748	0.276197	0.229294	0.029935	0.363790	0.195539	0.039330	0.463749	0.041130	0.099062	0.161191	0.366068	0.113501	0.052092	0.183297	0.234931	0.050111	1,2,2,1,2,2	0.489229	0.823019	0.954578	0.954578	0.823019	0.954578	0.954578	
790000	-117215	1,2,3,4,5,3	5.281848	6.052494	4.955210	6.050081	4.955422	6.299622	6.050081	1,1,1,1,1,1	0.000029	0.015964	0.535053	0.112758	0.336225	0.015964	0.535053	0.112758	0.336225	0.015964	0.535053	0.112758	0.336225	0.015964	0.535053	0.112758	0.336225	0.015964	0.535053	0.112758	0.336225	0.015964	0.535053	0.112758	0.336225	1,2,3,4,5,1	4.808133	0.074371	0.082045	0.335301	0.175194	0.262476	0.070612	0.178132	0.065321	0.426000	0.152129	0.098962	0.079456	0.034466	0.476998	0.150705	0.069928	0.267588	0.000315	0.405111	0.130236	0.230914	0.070405	0.049543	0.113790	0.001780	0.657995	0.171901	0.041888	0.096650	0.029787	0.074371	0.082045	0.335301	0.175194	0.262476	0.070612	1,2,3,2,2,3	2.723810	0.635063	0.910258	0.847919	0.910258	0.910258	0.847919	
791000	-115786	1,2,1,2,3,3	1.959087	6.127300	5.319373	6.127300	5.319373	6.118680	6.118680	1,1,1,1,1,1	0.000000	0.013308	0.529082	0.118052	0.339558	0.013308	0.529082	0.118052	0.339558	0.013308	0.529082	0.118052	0.339558	0.013308	0.529082	0.118052	0.339558	0.013308	0.529082	0.118052	0.339558	0.013308	0.529082	0.118052	0.339558	1,2,1,3,1,2	0.768093	0.007611	0.195461	0.300292	0.117300	0.231655	0.147681	0.439893	0.272548	0.013829	0.084730	0.115616	0.073385	0.007611	0.195461	0.300292	0.117300	0.231655	0.147681	0.171832	0.044431	0.530067	0.057002	0.008716	0.187952	0.007611	0.195461	0.300292	0.117300	0.231655	0.147681	0.439893	0.272548	0.013829	0.084730	0.115616	0.073385	1,1,1,1,1,1	0.000000	0.885412	0.885412	0.885412	0.885412	0.885412	0.885412	
792000	-115575	1,1,1,1,1,1	0.000000	6.115950	6.115950	6.115950	6.115950	6.115950	6.115950	1,1,1,1,1,1	0.000000	0.013684	0.509294	0.141439	0.335584	0.013684	0.509294	0.141439	0.335584	0.013684	0.509294	0.141439	0.335584	0.013684	0.509294	0.141439	0.335584	0.013684	0.509294	0.141439	0.335584	0.013684	0.509294	0.141439	0.335584	1,2,3,4,5,6	6.701716	0.027950	0.205449	0.432013	0.113316	0.152554	0.068718	0.445911	0.129577	0.082103	0.152631	0.093284	0.096494	0.169654	0.115072	0.075456	0.157691	0.433773	0.048354	0.032064	0.087646	0.051175	0.592858	0.002750	0.233508	0.093356	0.026025	0.343381	0.043994	0.267326	0.225917	0.210828	0.091240	0.011344	0.128717	0.333674	0.224198	1,2,3,4,2,3	1.402166	0.837252	1.017063	0.921686	0.578778	1.017063	0.921686	
793000	-116062	1,2,3,2,4,3	4.364898	6.228001	4.990008	5.949021	4.990008	5.934376	5.949021	1,1,1,1,1,1	0.000000	0.015659	0.507062	0.133894	0.343385	0.015659	0.507062	0.133894	0.343385	0.015659	0.507062	0.133894	0.343385	0.015659	0.507062	0.133894	0.343385	0.015659	0.507062	0.133894	0.343385	0.015659	0.507062	0.133894	0.343385	1,2,3,4,5,2	8.075424	0.045735	0.075767	0.417828	0.132203	0.283947	0.044521	0.496705	0.087546	0.001332	0.125992	0.143271	0.145154	0.101808	0.149235	0.071632	0.260561	0.375985	0.040780	0.246754	0.175425	0.237073	0.117089	0.060406	0.163253	0.100741	0.072701	0.311212	0.119043	0.204147	0.192157	0.496705	0.087546	0.001332	0.125992	0.143271	0.145154	1,1,1,1,1,1	0.000000	0.822445	0.822445	0.822445	0.822445	0.822445	0.822445	
794000	-115191	1,1,1,1,1,1	0.000000	5.903544	5.903544	5.903544	5.903544	5.903544	5.903544	1,1,2,2,2,2	0.540164	0.013771	0.509124	0.134340	0.342765	0.013771	0.509124	0.134340	0.342765	0.012053	0.497775	0.109157	0.381015	0.012053	0.497775	0.109157	0.381015	0.012053	0.497775	0.109157	0.381015	0.012053	0.497775	0.109157	0.381015	1,2,3,4,5,2	2.066549	0.033212	0.351505	0.125887	0.209127	0.209902	0.070367	0.537420	0.199631	0.023626	0.083733	0.098138	0.057453	0.243114	0.114258	0.023317	0.108564	0.419287	0.091461	0.036751	0.041715	0.210970	0.205000	0.033596	0.471968	0.047916	0.039961	0.082369	0.171301	0.335754	0.322699	0.537420	0.199631	0.023626	0.083733	0.098138	0.057453	1,2,2,2,2,2	0.277755	0.682046	0.924216	0.924216	0.924216	0.924216	0.924216	
795000	-116082	1,2,3,1,1,1	0.919960	6.002403	5.206125	5.905771	6.002403	6.002403	6.002403	1,1,1,1,1,1	0.000000	0.014135	0.525881	0.118515	0.341470	0.014135	0.525881	0.118515	0.341470	0.014135	0.525881	0.118515	0.341470	0.014135	0.525881	0.118515	0.341470	0.014135	0.525881	0.118515	0.341470	0.014135	0.525881	0.118515	0.341470	1,2,1,3,4,2	19.344868	0.071548	0.038831	0.135800	0.311757	0.418979	0.023085	0.652099	0.047859	0.119309	0.043610	0.093363	0.043760	0.071548	0.038831	0.135800	0.311757	0.418979	0.023085	0.102471	0.060902	0.036697	0.319943	0.100528	0.379458	0.072984	0.278886	0.043121	0.108813	0.322393	0.173803	0.652099	0.047859	0.119309	0.043610	0.093363	0.043760	1,2,2,1,2,2	0.363933	0.755754	0.928553	0.928553	0.755754	0.928553	0.928553	
796000	-115782	1,1,1,1,1,1	0.000000	5.907451	5.907451	5.907451	5.907451	5.907451	5.907451	1,1,1,1,1,1	0.000002	0.014479	0.515916	0.129001	0.340604	0.014479	0.515916	0.129001	0.340604	0.014479	0.515916	0.129001	0.340604	0.014479	0.515916	0.129001	0.340604	0.014479	0.515916	0.129001	0.340604	0.014479	0.515916	0.129001	0.340604	1,2,1,3,4,2	3.712699	0.165883	0.061747	0.212317	0.175839	0.329673	0.054541	0.183887	0.230061	0.158272	0.163573	0.185348	0.078859	0.165883	0.061747	0.212317	0.175839	0.329673	0.054541	0.293768	0.150806	0.322669	0.093830	0.002199	0.136728	0.103462	0.435957	0.072837	0.083662	0.147601	0.156481	0.183887	0.230061	0.158272	0.163573	0.185348	0.078859	1,2,2,1,2,2	0.180666	0.666107	0.957551	0.957551	0.666107	0.957551	0.957551	
797000	-115838	1,2,3,4,1,1	2.141799	5.992941	5.639060	5.850916	5.438935	5.992941	5.992941	1,1,1,1,1,1	0.000000	0.013405	0.536503	0.131597	0.318494	0.013405	0.536503	0.131597	0.318494	0.013405	0.536503	0.131597	0.318494	0.013405	0.536503	0.131597	0.318494	0.013405	0.536503	0.131597	0.318494	0.013405	0.536503	0.131597	0.318494	1,2,3,4,5,2	1.511291	0.141536	0.284399	0.105429	0.208577	0.202136	0.057924	0.465116	0.045955	0.218630	0.071511	0.120675	0.078114	0.049305	0.109800	0.365007	0.157005	0.313822	0.005062	0.212542	0.114821	0.140533	0.293735	0.075207	0.163162	0.179886	0.368922	0.118384	0.041130	0.187768	0.103909	0.465116	0.045955	0.218630	0.071511	0.120675	0.078114	1,2,2,2,2,2	0.325825	0.652897	0.935831	0.935831	0.935831	0.935831	0.935831	
798000	-116381	1,2,2,3,4,5	12.429988	5.886468	5.558683	5.558683	4.955758	5.919932	5.955157	1,1,1,1,1,1	0.000003	0.015546	0.530094	0.120714	0.333646	0.015546	0.530094	0.120714	0.333646	0.015546	0.530094	0.120714	0.333646	0.015546	0.530094	0.120714	0.333646	0.015546	0.530094	0.120714	0.333646	0.015546	0.530094	0.120714	0.333646	1,2,3,4,5,2	3.914725	0.155113	0.021246	0.084628	0.395532	0.233266	0.110215	0.319057	0.098662	0.243238	0.086067	0.186662	0.066314	0.150042	0.095133	0.024162	0.206778	0.340563	0.183322	0.075046	0.161366	0.121912	0.472721	0.037552	0.131403	0.204675	0.200892	0.366912	0.011083	0.090166	0.126272	0.319057	0.098662	0.243238	0.086067	0.186662	0.066314	1,2,3,3,3,3	4.940284	0.564366	0.927104	0.920028	0.920028	0.920028	0.920028	
799000	-115557	1,2,1,3,4,5	9.882646	5.783732	5.445748	5.783732	5.109634	6.058202	6.450837	1,1,1,1,1,1	0.000000	0.015828	0.507865	0.123699	0.352609	0.015828	0.507865	0.123699	0.352609	0.015828	0.507865	0.123699	0.352609	0.015828	0.507865	0.123699	0.352609	0.015828	0.507865	0.123699	0.352609	0.015828	0.507865	0.123699	0.352609	1,2,3,4,5,2	4.334498	0.116321	0.070195	0.432115	0.148675	0.152972	0.079722	0.225293	0.070173	0.348434	0.116472	0.139279	0.100349	0.039149	0.191134	0.208341	0.119306	0.389708	0.052362	0.089869	0.030995	0.028785	0.244985	0.016045	0.589321	0.111539	0.150484	0.338694	0.012711	0.182052	0.204520	0.225293	0.070173	0.348434	0.116472	0.139279	0.100349	1,2,3,4,3,3	2.166803	0.534324	0.889184	0.926526	0.890858	0.926526	0.926526	
800000	-117097	1,2,3,4,5,6	6.007731	6.110404	7.141758	5.415104	5.470310	5.810886	6.196854	1,1,1,1,1,1	0.000000	0.020702	0.516366	0.127450	0.335483	0.020702	0.516366	0.127450	0.335483	0.020702	0.516366	0.127450	0.335483	0.020702	0.516366	0.127450	0.335483	0.020702	0.516366	0.127450	0.335483	0.020702	0.516366	0.127450	0.335483	1,2,1,3,4,5	10.357114	0.087771	0.056464	0.088447	0.317355	0.389908	0.060054	0.710175	0.028660	0.174668	0.035060	0.016623	0.034813	0.087771	0.056464	0.088447	0.317355	0.389908	0.060054	0.322304	0.145897	0.029779	0.050662	0.063980	0.387379	0.019589	0.031444	0.274768	0.212023	0.213015	0.249160	0.184221	0.217658	0.301226	0.070512	0.165406	0.060976	1,1,1,1,1,1	0.000000	0.815272	0.815272	0.815272	0.815272	0.815272	0.815272	
801000	-115248	1,1,1,1,1,1	0.000000	5.989827	5.989827	5.989827	5.989827	5.989827	5.989827	1,1,1,1,1,1	0.000000	0.016801	0.508849	0.140095	0.334256	0.016801	0.508849	0.140095	0.334256	0.016801	0.508849	0.140095	0.334256	0.016801	0.508849	0.140095	0.334256	0.016801	0.508849	0.140095	0.334256	0.016801	0.508849	0.140095	0.334256	1,2,3,4,5,5	2.119471	0.030836	0.167517	0.184486	0.239779	0.256457	0.120925	0.328564	0.304829	0.247015	0.029877	0.048333	0.041382	0.057131	0.101220	0.340479	0.163306	0.328903	0.008961	0.187692	0.071202	0.167766	0.166433	0.009624	0.397283	0.318819	0.080723	0.175570	0.096694	0.179011	0.149183	0.318819	0.080723	0.175570	0.096694	0.179011	0.149183	1,2,2,2,2,2	0.072958	0.655257	0.916038	0.916038	0.916038	0.916038	0.916038	
802000	-115596	1,2,1,2,1,1	0.506644	6.000986	5.508878	6.000986	5.508878	6.000986	6.000986	1,1,1,1,1,1	0.000000	0.019872	0.531222	0.114193	0.334713	0.019872	0.531222	0.114193	0.334713	0.019872	0.531222	0.114193	0.334713	0.019872	0.531222	0.114193	0.334713	0.019872	0.531222	0.114193	0.334713	0.019872	0.531222	0.114193	0.334713	1,2,1,3,4,2	13.523699	0.007805	0.257136	0.303975	0.209905	0.212438	0.008741	0.253460	0.298748	0.031633	0.159601	0.138536	0.118022	0.007805	0.257136	0.303975	0.209905	0.212438	0.008741	0.103878	0.021104	0.308322	0.236218	0.032767	0.297711	0.070898	0.235004	0.059183	0.006223	0.217640	0.411052	0.253460	0.298748	0.031633	0.159601	0.138536	0.118022	1,2,2,3,2,4	2.049399	0.488543	1.018309	1.018309	0.852764	1.018309	0.946136	
803000	-115549	1,2,3,4,1,5	2.460102	6.012585	5.397858	5.473082	5.162162	6.012585	5.873294	1,1,1,1,1,1	0.000000	0.016797	0.535489	0.118660	0.329054	0.016797	0.535489	0.118660	0.329054	0.016797	0.535489	0.118660	0.329054	0.016797	0.535489	0.118660	0.329054	0.016797	0.535489	0.118660	0.329054	0.016797	0.535489	0.118660	0.329054	1,2,1,3,4,2	1.782251	0.044249	0.061794	0.221607	0.259944	0.323923	0.088482	0.395356	0.054718	0.102664	0.159413	0.177353	0.110496	0.044249	0.061794	0.221607	0.259944	0.323923	0.088482	0.034192	0.035184	0.408369	0.274990	0.054666	0.192599	0.082174	0.522414	0.100223	0.020355	0.108408	0.166426	0.395356	0.054718	0.102664	0.159413	0.177353	0.110496	1,2,2,2,2,2	0.398439	0.703615	0.943497	0.943497	0.943497	0.943497	0.943497	
804000	-116147	1,2,2,3,4,4	9.157279	6.335286	5.446520	5.446520	4.723846	6.158438	6.158438	1,1,1,1,1,1	0.000000	0.017778	0.536860	0.121424	0.323939	0.017778	0.536860	0.121424	0.323939	0.017778	0.536860	0.121424	0.323939	0.017778	0.536860	0.121424	0.323939	0.017778	0.536860	0.121424	0.323939	0.017778	0.536860	0.121424	0.323939	1,2,1,3,4,2	10.878911	0.021923	0.234413	0.211341	0.187972	0.310721	0.033631	0.143639	0.226108	0.095880	0.130514	0.223750	0.180110	0.021923	0.234413	0.211341	0.187972	0.310721	0.033631	0.050480	0.249764	0.238021	0.159073	0.086554	0.216109	0.023989	0.035224	0.196030	0.041916	0.354700	0.348141	0.143639	0.226108	0.095880	0.130514	0.223750	0.180110	1,2,2,2,3,3	0.861985	0.624670	0.906676	0.906676	0.906676	0.951381	0.951381	
805000	-114997	1,2,3,4,5,6	14.804854	6.057954	4.759112	5.851842	6.139433	6.049711	5.982867	1,1,1,1,1,1	0.000000	0.018864	0.530661	0.115942	0.334534	0.018864	0.530661	0.115942	0.334534	0.018864	0.530661	0.115942	0.334534	0.018864	0.530661	0.115942	0.334534	0.018864	0.530661	0.115942	0.334534	0.018864	0.530661	0.115942	0.334534	1,2,1,3,4,5	12.043189	0.059324	0.245956	0.114919	0.241825	0.292458	0.045518	0.245444	0.291061	0.142630	0.147072	0.113194	0.060599	0.059324	0.245956	0.114919	0.241825	0.292458	0.045518	0.039745	0.013832	0.222588	0.334979	0.008650	0.380205	0.054695	0.004082	0.441415	0.048637	0.255002	0.196169	0.219874	0.078787	0.060463	0.204676	0.258876	0.177323	1,2,2,2,2,2	0.787205	0.621798	0.832554	0.832554	0.832554	0.832554	0.832554	
806000	-115679	1,2,3,2,4,5	1.343858	5.864266	5.323450	6.056081	5.323450	6.247072	6.296353	1,1,1,1,1,1	0.000000	0.024031	0.507293	0.136193	0.332483	0.024031	0.507293	0.136193	0.332483	0.024031	0.507293	0.136193	0.332483	0.024031	0.507293	0.136193	0.332483	0.024031	0.507293	0.136193	0.332483	0.024031	0.507293	0.136193	0.332483	1,2,3,4,5,3	4.936645	0.017075	0.143276	0.088784	0.259757	0.228794	0.262313	0.362008	0.172074	0.228409	0.081705	0.054449	0.101356	0.130723	0.253007	0.067964	0.117426	0.357997	0.072884	0.006862	0.140074	0.570730	0.093070	0.020396	0.168869	0.129097	0.169981	0.212729	0.027957	0.183488	0.276749	0.130723	0.253007	0.067964	0.117426	0.357997	0.072884	1,2,2,2,2,2	1.909149	0.597229	0.942288	0.942288	0.942288	0.942288	0.942288	
807000	-115477	1,2,3,1,1,1	2.213609	5.873651	5.379953	5.491298	5.873651	5.873651	5.873651	1,1,1,1,1,1	0.000064	0.014577	0.539488	0.125607	0.320328	0.014577	0.539488	0.125607	0.320328	0.014577	0.539488	0.125607	0.320328	0.014577	0.539488	0.125607	0.320328	0.014577	0.539488	0.125607	0.320328	0.014577	0.539488	0.125607	0.320328	1,2,3,4,5,6	4.308589	0.078893	0.019810	0.309839	0.226269	0.279817	0.085373	0.369662	0.106220	0.196233	0.077832	0.132499	0.117554	0.032478	0.111208	0.022658	0.317696	0.508104	0.007856	0.277509	0.027546	0.067908	0.205191	0.035544	0.386301	0.013572	0.020990	0.267688	0.155866	0.263008	0.278875	0.247624	0.298926	0.039334	0.105310	0.242574	0.066231	1,1,1,1,1,1	0.000000	0.830880	0.830880	0.830880	0.830880	0.830880	0.830880	
808000	-115332	1,2,3,3,4,5	8.026673	6.153641	5.740024	5.792016	5.792016	5.706921	6.254517	1,1,1,1,1,1	0.000000	0.015125	0.506808	0.126085	0.351982	0.015125	0.506808	0.126085	0.351982	0.015125	0.506808	0.126085	0.351982	0.015125	0.506808	0.126085	0.351982	0.015125	0.506808	0.126085	0.351982	0.015125	0.506808	0.126085	0.351982	1,2,3,4,5,2	4.330205	0.026743	0.170102	0.077780	0.335031	0.342635	0.047710	0.604047	0.016562	0.089418	0.090497	0.148031	0.051444	0.222145	0.049770	0.048033	0.225174	0.426031	0.028846	0.080411	0.074161	0.470037	0.223637	0.016114	0.135640	0.260227	0.002722	0.281956	0.088542	0.188626	0.177926	0.604047	0.016562	0.089418	0.090497	0.148031	0.051444	1,1,1,1,1,1	0.000000	0.821171	0.821171	0.821171	0.821171	0.821171	0.821171	
809000	-115969	1,2,3,4,4,5	4.190354	5.990024	5.530821	6.065252	6.397340	6.397340	6.129796	1,1,1,1,1,1	0.000000	0.015731	0.508590	0.128467	0.347212	0.015731	0.508590	0.128467	0.347212	0.015731	0.508590	0.128467	0.347212	0.015731	0.508590	0.128467	0.347212	0.015731	0.508590	0.128467	0.347212	0.015731	0.508590	0.128467	0.347212	1,1,2,3,4,1	4.754819	0.346633	0.080197	0.195241	0.145914	0.178084	0.053930	0.346633	0.080197	0.195241	0.145914	0.178084	0.053930	0.006779	0.065963	0.101711	0.269744	0.515200	0.040602	0.163900	0.103067	0.036996	0.113955	0.021987	0.560096	0.189783	0.096852	0.245298	0.040733	0.263365	0.163969	0.346633	0.080197	0.195241	0.145914	0.178084	0.053930	1,2,2,2,2,2	0.935862	0.634828	0.881546	0.881546	0.881546	0.881546	0.881546	
810000	-116351	1,1,1,1,1,2	2.579012	5.690989	5.690989	5.690989	5.690989	5.690989	6.627012	1,1,1,1,1,1	0.000000	0.014942	0.532347	0.102879	0.349831	0.014942	0.532347	0.102879	0.349831	0.014942	0.532347	0.102879	0.349831	0.014942	0.532347	0.102879	0.349831	0.014942	0.532347	0.102879	0.349831	0.014942	0.532347	0.102879	0.349831	1,2,1,3,4,5	5.054856	0.063777	0.595689	0.018182	0.141058	0.114008	0.067286	0.333710	0.020666	0.402490	0.123796	0.090666	0.028673	0.063777	0.595689	0.018182	0.141058	0.114008	0.067286	0.176020	0.027037	0.595627	0.059284	0.010825	0.131207	0.387553	0.005073	0.101900	0.042503	0.194011	0.268960	0.321497	0.184811	0.048641	0.039200	0.211120	0.194730	1,1,1,1,1,1	0.000041	0.936388	0.936388	0.936388	0.936388	0.936388	0.936388	
811000	-115757	1,2,3,4,5,6	18.137918	6.028644	5.347338	5.579720	5.402049	6.363444	5.713783	1,1,1,1,1,1	0.000000	0.016493	0.532732	0.120612	0.330163	0.016493	0.532732	0.120612	0.330163	0.016493	0.532732	0.120612	0.330163	0.016493	0.532732	0.120612	0.330163	0.016493	0.532732	0.120612	0.330163	0.016493	0.532732	0.120612	0.330163	1,2,3,4,5,2	7.170719	0.055254	0.141845	0.355863	0.130657	0.242525	0.073855	0.407428	0.007110	0.062537	0.179021	0.231088	0.112817	0.012725	0.136189	0.111970	0.172564	0.545627	0.020924	0.046266	0.020383	0.104215	0.587427	0.006289	0.235421	0.008048	0.431056	0.226276	0.025334	0.190358	0.118929	0.407428	0.007110	0.062537	0.179021	0.231088	0.112817	1,1,1,1,1,1	0.000000	0.868128	0.868128	0.868128	0.868128	0.868128	0.868128	
812000	-115898	1,2,1,2,2,2	0.105191	6.009124	5.514160	6.009124	5.514160	5.514160	5.514160	1,1,1,1,1,1	0.000000	0.009439	0.525704	0.124895	0.339961	0.009439	0.525704	0.124895	0.339961	0.009439	0.525704	0.124895	0.339961	0.009439	0.525704	0.124895	0.339961	0.009439	0.525704	0.124895	0.339961	0.009439	0.525704	0.124895	0.339961	1,1,2,3,4,1	3.135487	0.337753	0.305402	0.147511	0.076592	0.082757	0.049985	0.337753	0.305402	0.147511	0.076592	0.082757	0.049985	0.255443	0.232780	0.127732	0.137393	0.244625	0.002027	0.061200	0.104057	0.101359	0.453840	0.072790	0.206753	0.197917	0.116485	0.122915	0.105540	0.215733	0.241410	0.337753	0.305402	0.147511	0.076592	0.082757	0.049985	1,2,2,2,2,2	0.880949	0.558395	0.879791	0.879791	0.879791	0.879791	0.879791	
813000	-115316	1,2,1,2,3,1	6.217736	5.991277	4.992239	5.991277	4.992239	6.025477	5.991277	1,1,1,1,1,1	0.000000	0.020496	0.518468	0.114768	0.346267	0.020496	0.518468	0.114768	0.346267	0.020496	0.518468	0.114768	0.346267	0.020496	0.518468	0.114768	0.346267	0.020496	0.518468	0.114768	0.346267	0.020496	0.518468	0.114768	0.346267	1,2,3,4,5,1	1.317260	0.150438	0.178616	0.214569	0.130035	0.226413	0.099929	0.394642	0.003978	0.037318	0.131464	0.167236	0.265362	0.138782	0.137033	0.079839	0.266535	0.328762	0.049050	0.037100	0.131463	0.340157	0.200327	0.018428	0.272524	0.084213	0.150770	0.073081	0.068720	0.237869	0.385348	0.150438	0.178616	0.214569	0.130035	0.226413	0.099929	1,2,2,2,2,2	0.451896	0.639891	0.918995	0.918995	0.918995	0.918995	0.918995	
814000	-115859	1,2,2,1,3,3	0.707870	6.234863	5.554357	5.554357	6.234863	6.196835	6.196835	1,1,1,1,1,1	0.000000	0.013548	0.515914	0.122650	0.347889	0.013548	0.515914	0.122650	0.347889	0.013548	0.515914	0.122650	0.347889	0.013548	0.515914	0.122650	0.347889	0.013548	0.515914	0.122650	0.347889	0.013548	0.515914	0.122650	0.347889	1,2,1,3,4,5	5.656077	0.052023	0.090578	0.397129	0.170207	0.251429	0.038634	0.560695	0.087687	0.018941	0.092006	0.117888	0.122783	0.052023	0.090578	0.397129	0.170207	0.251429	0.038634	0.100033	0.422624	0.072969	0.049068	0.021807	0.333500	0.086005	0.247974	0.077576	0.085307	0.299438	0.203700	0.525635	0.140687	0.103565	0.063404	0.106063	0.060646	1,1,1,1,1,1	0.000000	0.847706	0.847706	0.847706	0.847706	0.847706	0.847706	
815000	-115783	1,2,3,2,3,1	1.622605	5.829794	5.160205	5.915675	5.160205	5.915675	5.829794	1,1,1,1,1,1	0.000000	0.014468	0.541018	0.120650	0.323864	0.014468	0.541018	0.120650	0.323864	0.014468	0.541018	0.120650	0.323864	0.014468	0.541018	0.120650	0.323864	0.014468	0.541018	0.120650	0.323864	0.014468	0.541018	0.120650	0.323864	1,2,1,3,4,2	9.240143	0.005095	0.285193	0.122384	0.156806	0.320796	0.109725	0.351788	0.067509	0.203480	0.109646	0.160394	0.107182	0.005095	0.285193	0.122384	0.156806	0.320796	0.109725	0.048822	0.272022	0.321719	0.073310	0.038439	0.245689	0.058468	0.104688	0.298767	0.067556	0.162858	0.307663	0.351788	0.067509	0.203480	0.109646	0.160394	0.107182	1,1,1,1,1,1	0.000000	0.895700	0.895700	0.895700	0.895700	0.895700	0.895700	
816000	-116120	1,1,1,1,1,1	0.000000	5.647478	5.647478	5.647478	5.647478	5.647478	5.647478	1,1,1,1,1,1	0.000000	0.017186	0.512710	0.127962	0.342143	0.017186	0.512710	0.127962	0.342143	0.017186	0.512710	0.127962	0.342143	0.017186	0.512710	0.127962	0.342143	0.017186	0.512710	0.127962	0.342143	0.017186	0.512710	0.127962	0.342143	1,1,2,3,4,1	5.091166	0.229500	0.243121	0.138109	0.112046	0.175577	0.101647	0.229500	0.243121	0.138109	0.112046	0.175577	0.101647	0.167028	0.417002	0.018986	0.078614	0.270345	0.048024	0.079847	0.725518	0.008004	0.127250	0.004570	0.054811	0.094397	0.079439	0.135650	0.068693	0.423736	0.198085	0.229500	0.243121	0.138109	0.112046	0.175577	0.101647	1,2,2,2,2,2	0.339604	0.622699	0.921214	0.921214	0.921214	0.921214	0.921214	
817000	-116392	1,1,1,1,1,1	0.000000	5.756988	5.756988	5.756988	5.756988	5.756988	5.756988	1,1,1,1,1,1	0.000000	0.013330	0.514318	0.134771	0.337581	0.013330	0.514318	0.134771	0.337581	0.013330	0.514318	0.134771	0.337581	0.013330	0.514318	0.134771	0.337581	0.013330	0.514318	0.134771	0.337581	0.013330	0.514318	0.134771	0.337581	1,1,2,3,4,1	7.242491	0.265783	0.120083	0.210098	0.122136	0.192327	0.089573	0.265783	0.120083	0.210098	0.122136	0.192327	0.089573	0.202099	0.168825	0.166069	0.088673	0.273524	0.100810	0.000066	0.248149	0.288721	0.241245	0.087515	0.134304	0.247676	0.438842	0.088063	0.008208	0.101745	0.115466	0.265783	0.120083	0.210098	0.122136	0.192327	0.089573	1,2,2,2,3,2	0.416254	0.608320	0.909667	0.909667	0.909667	0.903760	0.909667	
818000	-116558	1,1,2,3,4,2	3.105619	5.913496	5.913496	5.807054	6.938860	5.738099	5.807054	1,1,1,1,1,1	0.000000	0.021333	0.503554	0.123878	0.351236	0.021333	0.503554	0.123878	0.351236	0.021333	0.503554	0.123878	0.351236	0.021333	0.503554	0.123878	0.351236	0.021333	0.503554	0.123878	0.351236	0.021333	0.503554	0.123878	0.351236	1,2,3,4,5,3	8.520927	0.060118	0.025630	0.247185	0.307580	0.311927	0.047560	0.233448	0.310835	0.133870	0.198134	0.073532	0.050181	0.184796	0.108100	0.076448	0.173750	0.321389	0.135517	0.250906	0.246642	0.008742	0.402813	0.010534	0.080363	0.034038	0.126291	0.179653	0.112970	0.313162	0.233886	0.184796	0.108100	0.076448	0.173750	0.321389	0.135517	1,1,1,1,1,1	0.000000	0.825652	0.825652	0.825652	0.825652	0.825652	0.825652	
819000	-115612	1,2,1,3,1,1	1.672311	6.094691	5.598154	6.094691	5.389321	6.094691	6.094691	1,1,1,1,1,1	0.000000	0.012448	0.519242	0.126070	0.342240	0.012448	0.519242	0.126070	0.342240	0.012448	0.519242	0.126070	0.342240	0.012448	0.519242	0.126070	0.342240	0.012448	0.519242	0.126070	0.342240	0.012448	0.519242	0.126070	0.342240	1,2,1,3,4,1	3.846704	0.163594	0.236997	0.164299	0.126817	0.235246	0.073048	0.473166	0.074716	0.084524	0.178428	0.098059	0.091108	0.163594	0.236997	0.164299	0.126817	0.235246	0.073048	0.134290	0.155642	0.131700	0.100293	0.009547	0.468529	0.021864	0.396111	0.113429	0.038768	0.198301	0.231526	0.163594	0.236997	0.164299	0.126817	0.235246	0.073048	1,2,2,3,2,2	0.559928	0.629813	0.876256	0.876256	0.754806	0.876256	0.876256	
820000	-116257	1,1,1,1,1,1	0.000000	5.456497	5.456497	5.456497	5.456497	5.456497	5.456497	1,1,1,1,1,1	0.000000	0.023735	0.535620	0.119086	0.321559	0.023735	0.535620	0.119086	0.321559	0.023735	0.535620	0.119086	0.321559	0.023735	0.535620	0.119086	0.321559	0.023735	0.535620	0.119086	0.321559	0.023735	0.535620	0.119086	0.321559	1,2,2,3,4,2	11.012009	0.017904	0.010107	0.094694	0.342406	0.326814	0.208076	0.157825	0.074166	0.242538	0.136193	0.239499	0.149779	0.157825	0.074166	0.242538	0.136193	0.239499	0.149779	0.098849	0.200436	0.136464	0.151276	0.070563	0.342413	0.023976	0.111109	0.122173	0.080958	0.317477	0.344307	0.157825	0.074166	0.242538	0.136193	0.239499	0.149779	1,2,2,3,2,2	0.849479	0.498854	0.958258	0.958258	0.928445	0.958258	0.958258	
821000	-115522	1,2,1,2,1,1	0.586429	6.090934	5.425255	6.090934	5.425255	6.090934	6.090934	1,1,1,1,1,1	0.000000	0.022768	0.530593	0.114369	0.332270	0.022768	0.530593	0.114369	0.332270	0.022768	0.530593	0.114369	0.332270	0.022768	0.530593	0.114369	0.332270	0.022768	0.530593	0.114369	0.332270	0.022768	0.530593	0.114369	0.332270	1,2,3,4,5,2	9.118586	0.223935	0.080006	0.133923	0.219029	0.310246	0.032860	0.292289	0.029119	0.095922	0.126591	0.308914	0.147166	0.122587	0.154167	0.030511	0.175531	0.467021	0.050183	0.068876	0.010430	0.361061	0.302035	0.027755	0.229843	0.045656	0.010636	0.139986	0.081639	0.359342	0.362741	0.292289	0.029119	0.095922	0.126591	0.308914	0.147166	1,2,2,2,2,2	0.256930	0.522734	0.925776	0.925776	0.925776	0.925776	0.925776	
822000	-116073	1,2,3,4,5,6	11.271243	6.036230	5.140777	5.488717	6.617941	6.037317	6.052043	1,1,1,1,1,1	0.000000	0.017887	0.508980	0.151479	0.321654	0.017887	0.508980	0.151479	0.321654	0.017887	0.508980	0.151479	0.321654	0.017887	0.508980	0.151479	0.321654	0.017887	0.508980	0.151479	0.321654	0.017887	0.508980	0.151479	0.321654	1,2,1,3,2,2	3.789900	0.073332	0.177912	0.184487	0.181759	0.333123	0.049386	0.346906	0.097778	0.259197	0.080524	0.121758	0.093837	0.073332	0.177912	0.184487	0.181759	0.333123	0.049386	0.452942	0.296745	0.058353	0.072537	0.009890	0.109534	0.346906	0.097778	0.259197	0.080524	0.121758	0.093837	0.346906	0.097778	0.259197	0.080524	0.121758	0.093837	1,1,1,1,1,1	0.000000	0.856730	0.856730	0.856730	0.856730	0.856730	0.856730	
823000	-116180	1,2,2,3,4,5	6.198827	5.935983	5.509194	5.509194	5.144753	6.090749	6.420141	1,1,1,1,1,1	0.000000	0.019994	0.489411	0.127290	0.363305	0.019994	0.489411	0.127290	0.363305	0.019994	0.489411	0.127290	0.363305	0.019994	0.489411	0.127290	0.363305	0.019994	0.489411	0.127290	0.363305	0.019994	0.489411	0.127290	0.363305	1,2,3,4,3,3	2.793926	0.255066	0.042106	0.338672	0.154342	0.176291	0.033523	0.203992	0.412116	0.238679	0.053016	0.058079	0.034118	0.177592	0.200449	0.116629	0.123475	0.263562	0.118293	0.089025	0.094730	0.369203	0.291063	0.051833	0.104146	0.177592	0.200449	0.116629	0.123475	0.263562	0.118293	0.177592	0.200449	0.116629	0.123475	0.263562	0.118293	1,1,1,1,1,1	0.000000	0.841803	0.841803	0.841803	0.841803	0.841803	0.841803	
824000	-116059	1,2,3,2,1,1	2.913435	6.073500	5.048235	5.367592	5.048235	6.073500	6.073500	1,1,1,1,1,1	0.000000	0.016714	0.517466	0.120172	0.345648	0.016714	0.517466	0.120172	0.345648	0.016714	0.517466	0.120172	0.345648	0.016714	0.517466	0.120172	0.345648	0.016714	0.517466	0.120172	0.345648	0.016714	0.517466	0.120172	0.345648	1,2,3,4,5,6	4.418598	0.036374	0.174730	0.237144	0.186009	0.220651	0.145092	0.445650	0.077274	0.031009	0.171619	0.211904	0.062544	0.211721	0.082553	0.217686	0.111859	0.258647	0.117534	0.052726	0.209594	0.039067	0.405204	0.086484	0.206926	0.305674	0.061205	0.176267	0.028580	0.218268	0.210005	0.405571	0.109365	0.052632	0.115686	0.246690	0.070056	1,1,1,1,1,1	0.000000	0.856601	0.856601	0.856601	0.856601	0.856601	0.856601	
825000	-115447	1,2,1,3,1,1	2.488623	5.925977	5.452133	5.925977	5.689835	5.925977	5.925977	1,1,1,1,1,1	0.000000	0.015284	0.532060	0.115036	0.337620	0.015284	0.532060	0.115036	0.337620	0.015284	0.532060	0.115036	0.337620	0.015284	0.532060	0.115036	0.337620	0.015284	0.532060	0.115036	0.337620	0.015284	0.532060	0.115036	0.337620	1,2,1,3,4,1	3.003537	0.137452	0.088829	0.211354	0.167471	0.254673	0.140221	0.328363	0.000112	0.184194	0.190220	0.111084	0.186026	0.137452	0.088829	0.211354	0.167471	0.254673	0.140221	0.058656	0.054202	0.464968	0.183832	0.008200	0.230143	0.173499	0.255706	0.301350	0.036876	0.113927	0.118643	0.137452	0.088829	0.211354	0.167471	0.254673	0.140221	1,2,2,2,2,2	0.083177	0.607480	0.876637	0.876637	0.876637	0.876637	0.876637	
826000	-115482	1,2,1,1,3,1	2.130579	5.714181	5.019595	5.714181	5.714181	6.086830	5.714181	1,1,1,1,1,1	0.000000	0.013964	0.550997	0.114614	0.320426	0.013964	0.550997	0.114614	0.320426	0.013964	0.550997	0.114614	0.320426	0.013964	0.550997	0.114614	0.320426	0.013964	0.550997	0.114614	0.320426	0.013964	0.550997	0.114614	0.320426	1,2,3,4,5,6	9.473037	0.120471	0.166123	0.244370	0.253408	0.147846	0.067781	0.256487	0.064177	0.257447	0.163830	0.143657	0.114402	0.040378	0.375474	0.279082	0.131731	0.157196	0.016140	0.035252	0.364633	0.066246	0.182462	0.009198	0.342209	0.024494	0.168582	0.291744	0.000488	0.207182	0.307510	0.116346	0.343408	0.170602	0.126502	0.184164	0.058979	1,2,2,2,2,2	0.369640	0.623616	0.863245	0.863245	0.863245	0.863245	0.863245	
827000	-116496	1,2,1,3,1,1	3.158878	5.892732	5.452454	5.892732	5.827426	5.892732	5.892732	1,1,1,1,1,1	0.000000	0.011947	0.527771	0.120602	0.339680	0.011947	0.527771	0.120602	0.339680	0.011947	0.527771	0.120602	0.339680	0.011947	0.527771	0.120602	0.339680	0.011947	0.527771	0.120602	0.339680	0.011947	0.527771	0.120602	0.339680	1,2,3,4,5,6	44.616196	0.108738	0.423450	0.087486	0.205036	0.135433	0.039858	0.406062	0.296716	0.069012	0.083442	0.086529	0.058239	0.041139	0.066053	0.298472	0.111993	0.426152	0.056191	0.076326	0.035040	0.102123	0.080185	0.118352	0.587974	0.094335	0.417417	0.028773	0.063442	0.185420	0.210614	0.408371	0.289818	0.024980	0.061172	0.140221	0.075438	1,2,2,2,2,2	1.581230	0.768840	0.954519	0.954519	0.954519	0.954519	0.954519	
828000	-116489	1,2,1,2,1,1	1.421952	5.805422	5.124075	5.805422	5.124075	5.805422	5.805422	1,1,1,1,1,1	0.000000	0.015591	0.540299	0.135462	0.308648	0.015591	0.540299	0.135462	0.308648	0.015591	0.540299	0.135462	0.308648	0.015591	0.540299	0.135462	0.308648	0.015591	0.540299	0.135462	0.308648	0.015591	0.540299	0.135462	0.308648	1,2,3,4,2,5	2.492332	0.010078	0.015493	0.527840	0.189933	0.166850	0.089806	0.220330	0.141462	0.046268	0.125777	0.218127	0.248037	0.135546	0.359089	0.133129	0.104918	0.139899	0.127419	0.143229	0.157056	0.049948	0.228253	0.057667	0.363847	0.220330	0.141462	0.046268	0.125777	0.218127	0.248037	0.134145	0.125126	0.098410	0.145306	0.316401	0.180613	1,2,2,3,2,2	1.425329	0.611574	0.897005	0.897005	0.856248	0.897005	0.897005	
829000	-115694	1,2,2,2,1,1	0.661191	6.119482	5.564464	5.564464	5.564464	6.119482	6.119482	1,1,1,1,1,1	0.000000	0.019298	0.517955	0.115769	0.346978	0.019298	0.517955	0.115769	0.346978	0.019298	0.517955	0.115769	0.346978	0.019298	0.517955	0.115769	0.346978	0.019298	0.517955	0.115769	0.346978	0.019298	0.517955	0.115769	0.346978	1,2,1,3,1,2	1.392381	0.118452	0.219603	0.071113	0.147084	0.334233	0.109514	0.372727	0.214519	0.053395	0.129771	0.145902	0.083686	0.118452	0.219603	0.071113	0.147084	0.334233	0.109514	0.010998	0.378499	0.245109	0.108097	0.022997	0.234299	0.118452	0.219603	0.071113	0.147084	0.334233	0.109514	0.372727	0.214519	0.053395	0.129771	0.145902	0.083686	1,2,2,2,2,2	0.417724	0.847295	0.908827	0.908827	0.908827	0.908827	0.908827	
830000	-116166	1,2,2,3,1,2	1.383658	6.113461	5.772931	5.772931	5.365219	6.113461	5.772931	1,1,1,2,1,1	0.897967	0.012502	0.524106	0.124829	0.338563	0.012502	0.524106	0.124829	0.338563	0.012502	0.524106	0.124829	0.338563	0.071858	0.302194	0.320996	0.304952	0.012502	0.524106	0.124829	0.338563	0.012502	0.524106	0.124829	0.338563	1,2,1,3,4,5	7.489026	0.138267	0.299190	0.183115	0.149461	0.206371	0.023596	0.440551	0.052893	0.284470	0.103803	0.070991	0.047291	0.138267	0.299190	0.183115	0.149461	0.206371	0.023596	0.021908	0.055347	0.517315	0.105038	0.086171	0.214221	0.023400	0.428462	0.208244	0.027165	0.148695	0.164034	0.239634	0.217559	0.129473	0.063483	0.192421	0.157431	1,2,2,2,2,2	0.007810	0.667485	0.907249	0.907249	0.907249	0.907249	0.907249	
831000	-115406	1,2,3,4,5,6	11.200912	6.540868	4.756749	5.885259	5.698642	5.936910	6.086034	1,1,1,1,1,1	0.000000	0.016451	0.524094	0.124139	0.335316	0.016451	0.524094	0.124139	0.335316	0.016451	0.524094	0.124139	0.335316	0.016451	0.524094	0.124139	0.335316	0.016451	0.524094	0.124139	0.335316	0.016451	0.524094	0.124139	0.335316	1,2,1,3,4,2	0.355219	0.063417	0.204337	0.180278	0.192905	0.308488	0.050574	0.286822	0.135693	0.103056	0.080672	0.237409	0.156348	0.063417	0.204337	0.180278	0.192905	0.308488	0.050574	0.156893	0.072105	0.084181	0.223501	0.019221	0.444098	0.099714	0.085731	0.322471	0.034884	0.244596	0.212603	0.286822	0.135693	0.103056	0.080672	0.237409	0.156348	1,1,2,3,2,2	1.993018	0.757460	0.757460	0.914842	0.885666	0.914842	0.914842	
832000	-115857	1,1,1,1,1,1	0.000000	5.818974	5.818974	5.818974	5.818974	5.818974	5.818974	1,1,1,1,1,1	0.000000	0.013590	0.528017	0.122380	0.336012	0.013590	0.528017	0.122380	0.336012	0.013590	0.528017	0.122380	0.336012	0.013590	0.528017	0.122380	0.336012	0.013590	0.528017	0.122380	0.336012	0.013590	0.528017	0.122380	0.336012	1,2,3,4,5,3	6.101925	0.139365	0.378606	0.023171	0.215619	0.183491	0.059746	0.178661	0.174238	0.262259	0.132833	0.059675	0.192334	0.230001	0.154529	0.120234	0.109147	0.248131	0.137958	0.221443	0.155777	0.245009	0.102746	0.002517	0.272508	0.052498	0.004621	0.336563	0.028676	0.233323	0.344320	0.230001	0.154529	0.120234	0.109147	0.248131	0.137958	1,2,2,2,2,2	0.167119	0.728280	0.848479	0.848479	0.848479	0.848479	0.848479	
833000	-115821	1,1,1,1,1,1	0.000207	5.798271	5.798271	5.798271	5.798271	5.798271	5.798271	1,1,1,1,1,2	0.484606	0.012915	0.512887	0.135365	0.338833	0.012915	0.512887	0.135365	0.338833	0.012915	0.512887	0.135365	0.338833	0.012915	0.512887	0.135365	0.338833	0.012915	0.512887	0.135365	0.338833	0.066762	0.577322	0.121149	0.234768	1,2,3,4,5,6	5.172743	0.254511	0.012423	0.158614	0.215599	0.254031	0.104822	0.376520	0.180531	0.031004	0.175128	0.092490	0.144327	0.280680	0.101027	0.004640	0.254241	0.332824	0.026588	0.015589	0.525558	0.017699	0.229249	0.019861	0.192044	0.115993	0.003259	0.124156	0.193485	0.356089	0.207018	0.139611	0.014977	0.051264	0.137239	0.314351	0.342558	1,2,2,3,2,2	3.250890	0.560362	0.935515	0.935515	0.856404	0.935515	0.935515	
834000	-115591	1,2,2,1,1,1	1.022295	6.075868	5.601352	5.601352	6.075868	6.075868	6.075868	1,2,1,2,2,1	0.090134	0.013401	0.516026	0.095190	0.375383	0.015453	0.520186	0.127017	0.337344	0.013401	0.516026	0.095190	0.375383	0.015453	0.520186	0.127017	0.337344	0.015453	0.520186	0.127017	0.337344	0.013401	0.516026	0.095190	0.375383	1,2,1,3,4,2	1.587488	0.070849	0.344086	0.096340	0.135894	0.259937	0.092895	0.499452	0.112662	0.071322	0.103195	0.121442	0.091928	0.070849	0.344086	0.096340	0.135894	0.259937	0.092895	0.238357	0.528536	0.042828	0.064659	0.009717	0.115902	0.086152	0.518231	0.169583	0.029057	0.075740	0.121237	0.499452	0.112662	0.071322	0.103195	0.121442	0.091928	1,2,1,1,1,1	0.780065	0.847480	0.975266	0.847480	0.847480	0.847480	0.847480	
835000	-115534	1,2,1,3,1,1	1.041297	5.988523	5.244391	5.988523	5.788433	5.988523	5.988523	1,1,1,1,1,1	0.000000	0.013377	0.489826	0.124091	0.372706	0.013377	0.489826	0.124091	0.372706	0.013377	0.489826	0.124091	0.372706	0.013377	0.489826	0.124091	0.372706	0.013377	0.489826	0.124091	0.372706	0.013377	0.489826	0.124091	0.372706	1,2,3,4,5,6	8.429691	0.070436	0.103802	0.206626	0.353470	0.168508	0.097158	0.299740	0.202979	0.131296	0.139100	0.126619	0.100267	0.042415	0.316137	0.202543	0.050718	0.330153	0.058034	0.020087	0.260346	0.030284	0.406375	0.026559	0.256347	0.069310	0.328975	0.135094	0.084990	0.187868	0.193762	0.524280	0.110618	0.100999	0.053791	0.115929	0.094384	1,1,1,1,1,1	0.000000	0.880542	0.880542	0.880542	0.880542	0.880542	0.880542	
836000	-115397	1,2,3,4,3,3	0.569457	6.256140	5.131057	5.777174	6.566675	5.777174	5.777174	1,1,2,1,1,2	1.259488	0.016855	0.503643	0.142512	0.336989	0.016855	0.503643	0.142512	0.336989	0.010484	0.523509	0.082450	0.383557	0.016855	0.503643	0.142512	0.336989	0.016855	0.503643	0.142512	0.336989	0.010484	0.523509	0.082450	0.383557	1,2,3,4,5,2	3.586240	0.068213	0.320700	0.141378	0.201050	0.203900	0.064759	0.547788	0.057314	0.008421	0.124316	0.132469	0.129691	0.102839	0.170591	0.001501	0.246976	0.397802	0.080292	0.116084	0.012996	0.164541	0.492066	0.021112	0.193201	0.113076	0.072926	0.333295	0.019556	0.233008	0.228139	0.547788	0.057314	0.008421	0.124316	0.132469	0.129691	1,1,1,1,1,1	0.000000	0.848931	0.848931	0.848931	0.848931	0.848931	0.848931	
837000	-116357	1,2,3,2,4,5	8.531237	6.413130	5.255185	5.681647	5.255185	6.168870	5.847399	1,1,1,1,1,1	0.000000	0.012144	0.526566	0.132854	0.328436	0.012144	0.526566	0.132854	0.328436	0.012144	0.526566	0.132854	0.328436	0.012144	0.526566	0.132854	0.328436	0.012144	0.526566	0.132854	0.328436	0.012144	0.526566	0.132854	0.328436	1,2,1,3,4,2	6.621235	0.151447	0.226769	0.244291	0.119884	0.198142	0.059467	0.507133	0.014316	0.109095	0.117057	0.158875	0.093524	0.151447	0.226769	0.244291	0.119884	0.198142	0.059467	0.169672	0.397116	0.077771	0.099306	0.080244	0.175892	0.080645	0.082447	0.057475	0.070832	0.401753	0.306848	0.507133	0.014316	0.109095	0.117057	0.158875	0.093524	1,2,2,2,2,2	2.678190	0.617660	0.892221	0.892221	0.892221	0.892221	0.892221	
838000	-115695	1,2,2,1,1,2	0.212639	6.291977	5.598548	5.598548	6.291977	6.291977	5.598548	1,1,1,1,1,1	0.000000	0.012690	0.518148	0.130830	0.338332	0.012690	0.518148	0.130830	0.338332	0.012690	0.518148	0.130830	0.338332	0.012690	0.518148	0.130830	0.338332	0.012690	0.518148	0.130830	0.338332	0.012690	0.518148	0.130830	0.338332	1,2,3,4,5,2	1.923209	0.007164	0.129479	0.301745	0.118667	0.347450	0.095497	0.504997	0.092034	0.103519	0.085026	0.130147	0.084275	0.003737	0.406252	0.071420	0.154043	0.296200	0.068348	0.251738	0.048316	0.058464	0.413691	0.018389	0.209401	0.420961	0.017474	0.113768	0.032230	0.248521	0.167045	0.504997	0.092034	0.103519	0.085026	0.130147	0.084275	1,1,1,1,1,1	0.000000	0.861359	0.861359	0.861359	0.861359	0.861359	0.861359	
839000	-115734	1,2,1,2,1,1	0.202930	5.837814	5.203940	5.837814	5.203940	5.837814	5.837814	1,1,1,1,1,1	0.000000	0.016027	0.519438	0.123912	0.340624	0.016027	0.519438	0.123912	0.340624	0.016027	0.519438	0.123912	0.340624	0.016027	0.519438	0.123912	0.340624	0.016027	0.519438	0.123912	0.340624	0.016027	0.519438	0.123912	0.340624	1,2,1,3,4,2	2.301241	0.038167	0.323847	0.394628	0.088305	0.137439	0.017615	0.423803	0.078192	0.154643	0.080467	0.152398	0.110496	0.038167	0.323847	0.394628	0.088305	0.137439	0.017615	0.109492	0.191731	0.023143	0.447915	0.019488	0.208231	0.100535	0.044625	0.110258	0.171924	0.309061	0.263596	0.423803	0.078192	0.154643	0.080467	0.152398	0.110496	1,2,2,2,2,2	0.225667	0.714240	0.930154	0.930154	0.930154	0.930154	0.930154	
840000	-115143	1,1,1,1,1,1	0.000000	5.471587	5.471587	5.471587	5.471587	5.471587	5.471587	1,1,2,1,2,2	1.272774	0.018745	0.517192	0.130684	0.333380	0.018745	0.517192	0.130684	0.333380	0.010856	0.540026	0.084544	0.364574	0.018745	0.517192	0.130684	0.333380	0.010856	0.540026	0.084544	0.364574	0.010856	0.540026	0.084544	0.364574	1,2,1,3,4,2	2.771160	0.038192	0.294585	0.203139	0.169263	0.244948	0.049873	0.550209	0.083977	0.055615	0.103804	0.131723	0.074671	0.038192	0.294585	0.203139	0.169263	0.244948	0.049873	0.124089	0.050806	0.184159	0.305361	0.053560	0.282025	0.278035	0.194291	0.063144	0.076322	0.139354	0.248853	0.550209	0.083977	0.055615	0.103804	0.131723	0.074671	1,2,2,2,2,2	0.861113	0.578685	0.884965	0.884965	0.884965	0.884965	0.884965	
841000	-116069	1,2,1,1,1,1	0.057581	5.902037	5.468347	5.902037	5.902037	5.902037	5.902037	1,2,1,1,1,1	0.030335	0.011451	0.549305	0.110656	0.328589	0.044368	0.507566	0.115211	0.332855	0.011451	0.549305	0.110656	0.328589	0.011451	0.549305	0.110656	0.328589	0.011451	0.549305	0.110656	0.328589	0.011451	0.549305	0.110656	0.328589	1,2,3,4,5,6	1.875623	0.084687	0.078529	0.084519	0.299061	0.375876	0.077327	0.071550	0.572525	0.102843	0.097409	0.121575	0.034099	0.008654	0.439120	0.090557	0.162472	0.271827	0.027370	0.354408	0.018959	0.422938	0.071476	0.016283	0.115936	0.030257	0.171665	0.324507	0.106942	0.222656	0.143974	0.297648	0.256896	0.043591	0.104351	0.161220	0.136294	1,2,2,3,3,3	1.574082	0.484163	0.852658	0.852658	0.915665	0.915665	0.915665	
842000	-115615	1,1,1,1,1,1	0.000000	5.878704	5.878704	5.878704	5.878704	5.878704	5.878704	1,1,1,1,1,1	0.000000	0.013615	0.508512	0.122274	0.355599	0.013615	0.508512	0.122274	0.355599	0.013615	0.508512	0.122274	0.355599	0.013615	0.508512	0.122274	0.355599	0.013615	0.508512	0.122274	0.355599	0.013615	0.508512	0.122274	0.355599	1,2,3,4,5,2	13.000093	0.092979	0.157703	0.110857	0.218246	0.271215	0.148999	0.499730	0.024835	0.056017	0.095972	0.193879	0.129567	0.072502	0.190605	0.077765	0.074401	0.541347	0.043380	0.184365	0.191438	0.414438	0.092898	0.005353	0.111508	0.042219	0.076690	0.086394	0.110073	0.218623	0.466002	0.499730	0.024835	0.056017	0.095972	0.193879	0.129567	1,2,2,2,2,2	2.757293	0.614859	0.877262	0.877262	0.877262	0.877262	0.877262	
843000	-115939	1,2,3,1,4,4	9.228150	5.877691	5.419628	5.721730	5.877691	6.044874	6.044874	1,1,1,1,1,1	0.000000	0.013666	0.518880	0.117211	0.350243	0.013666	0.518880	0.117211	0.350243	0.013666	0.518880	0.117211	0.350243	0.013666	0.518880	0.117211	0.350243	0.013666	0.518880	0.117211	0.350243	0.013666	0.518880	0.117211	0.350243	1,2,3,4,3,2	1.115479	0.094701	0.194626	0.308190	0.215241	0.161353	0.025889	0.454070	0.212905	0.059204	0.083426	0.124802	0.065593	0.167744	0.307426	0.222269	0.066551	0.165791	0.070220	0.117338	0.070444	0.281461	0.405455	0.021469	0.103832	0.167744	0.307426	0.222269	0.066551	0.165791	0.070220	0.454070	0.212905	0.059204	0.083426	0.124802	0.065593	1,2,2,1,2,2	2.113727	0.698036	0.908517	0.908517	0.698036	0.908517	0.908517	
844000	-115910	1,2,2,2,3,3	2.986227	6.332795	5.598166	5.598166	5.598166	6.044174	6.044174	1,1,1,1,1,1	0.155394	0.017643	0.531577	0.136793	0.313988	0.017643	0.531577	0.136793	0.313988	0.017643	0.531577	0.136793	0.313988	0.017643	0.531577	0.136793	0.313988	0.017643	0.531577	0.136793	0.313988	0.017643	0.531577	0.136793	0.313988	1,2,1,3,4,5	3.921432	0.023782	0.237258	0.254188	0.162771	0.296047	0.025954	0.287319	0.396185	0.135928	0.101443	0.052955	0.026169	0.023782	0.237258	0.254188	0.162771	0.296047	0.025954	0.133337	0.014278	0.055698	0.451019	0.076779	0.268889	0.088820	0.618498	0.012846	0.046063	0.147226	0.086547	0.319610	0.093013	0.138986	0.060557	0.254295	0.133539	1,2,2,1,2,2	0.646556	0.853230	0.906427	0.906427	0.853230	0.906427	0.906427	
845000	-117084	1,1,1,1,1,1	0.000000	6.058323	6.058323	6.058323	6.058323	6.058323	6.058323	1,1,1,1,1,1	0.000000	0.016187	0.504664	0.139956	0.339194	0.016187	0.504664	0.139956	0.339194	0.016187	0.504664	0.139956	0.339194	0.016187	0.504664	0.139956	0.339194	0.016187	0.504664	0.139956	0.339194	0.016187	0.504664	0.139956	0.339194	1,1,2,3,4,2	1.939736	0.152529	0.160846	0.229057	0.146817	0.220968	0.089783	0.152529	0.160846	0.229057	0.146817	0.220968	0.089783	0.184207	0.038490	0.290354	0.132839	0.254793	0.099316	0.034149	0.150727	0.261751	0.350911	0.123847	0.078615	0.090116	0.153514	0.165515	0.072859	0.264869	0.253127	0.184207	0.038490	0.290354	0.132839	0.254793	0.099316	1,2,2,2,2,2	0.098902	0.549649	0.810549	0.810549	0.810549	0.810549	0.810549	
846000	-115222	1,2,3,4,5,6	0.917567	6.358634	5.475768	5.692448	5.557977	6.142428	5.503868	1,1,2,2,2,2	2.384319	0.014445	0.541991	0.148248	0.295316	0.014445	0.541991	0.148248	0.295316	0.013376	0.501268	0.112882	0.372474	0.013376	0.501268	0.112882	0.372474	0.013376	0.501268	0.112882	0.372474	0.013376	0.501268	0.112882	0.372474	1,2,1,3,4,2	6.538932	0.054020	0.073240	0.158713	0.245480	0.449151	0.019395	0.416072	0.206100	0.030174	0.061590	0.151459	0.134605	0.054020	0.073240	0.158713	0.245480	0.449151	0.019395	0.053292	0.019144	0.314644	0.355685	0.002776	0.254460	0.169829	0.236064	0.181126	0.050968	0.174980	0.187033	0.416072	0.206100	0.030174	0.061590	0.151459	0.134605	1,2,2,1,2,2	0.113617	0.696085	0.892149	0.892149	0.696085	0.892149	0.892149	
847000	-115895	1,1,1,1,1,1	0.000000	5.886979	5.886979	5.886979	5.886979	5.886979	5.886979	1,1,1,1,1,1	0.000001	0.013735	0.497964	0.148056	0.340246	0.013735	0.497964	0.148056	0.340246	0.013735	0.497964	0.148056	0.340246	0.013735	0.497964	0.148056	0.340246	0.013735	0.497964	0.148056	0.340246	0.013735	0.497964	0.148056	0.340246	1,2,3,4,5,5	3.059701	0.023326	0.163225	0.292796	0.190476	0.310883	0.019294	0.331007	0.322742	0.036764	0.138369	0.098711	0.072407	0.011288	0.371386	0.135514	0.097097	0.367699	0.017015	0.108867	0.125637	0.210790	0.332033	0.061297	0.161376	0.164973	0.226477	0.136695	0.148048	0.213594	0.110213	0.164973	0.226477	0.136695	0.148048	0.213594	0.110213	1,2,2,3,3,2	2.315288	0.653748	0.985591	0.985591	1.045237	1.045237	0.985591	
848000	-115596	1,1,1,1,1,1	0.000000	5.736402	5.736402	5.736402	5.736402	5.736402	5.736402	1,1,1,1,1,1	0.000612	0.014697	0.526012	0.119003	0.340289	0.014697	0.526012	0.119003	0.340289	0.014697	0.526012	0.119003	0.340289	0.014697	0.526012	0.119003	0.340289	0.014697	0.526012	0.119003	0.340289	0.014697	0.526012	0.119003	0.340289	1,2,1,3,4,2	3.940979	0.024320	0.273533	0.220762	0.166390	0.284304	0.030691	0.415644	0.191339	0.141955	0.111586	0.101436	0.038040	0.024320	0.273533	0.220762	0.166390	0.284304	0.030691	0.304694	0.096631	0.061245	0.245018	0.044509	0.247903	0.069708	0.101395	0.321589	0.039538	0.139255	0.328514	0.415644	0.191339	0.141955	0.111586	0.101436	0.038040	1,2,2,2,2,2	1.440737	0.680782	0.936269	0.936269	0.936269	0.936269	0.936269	
849000	-116215	1,2,3,4,5,5	12.158279	6.032838	5.858366	5.635255	5.438105	6.186838	6.186838	1,1,1,1,1,1	0.000000	0.013214	0.538371	0.115041	0.333374	0.013214	0.538371	0.115041	0.333374	0.013214	0.538371	0.115041	0.333374	0.013214	0.538371	0.115041	0.333374	0.013214	0.538371	0.115041	0.333374	0.013214	0.538371	0.115041	0.333374	1,2,3,2,4,5	4.988962	0.067382	0.117637	0.202273	0.303715	0.176741	0.132252	0.224631	0.343872	0.035644	0.164260	0.055157	0.176436	0.054262	0.067022	0.314673	0.159861	0.351900	0.052282	0.224631	0.343872	0.035644	0.164260	0.055157	0.176436	0.084965	0.097132	0.344244	0.023383	0.182619	0.267658	0.309726	0.290571	0.071679	0.068881	0.104870	0.154272	1,2,2,2,2,2	0.327523	0.670839	0.909374	0.909374	0.909374	0.909374	0.909374	
850000	-115886	1,1,1,1,1,1	0.000000	5.780053	5.780053	5.780053	5.780053	5.780053	5.780053	1,1,1,1,1,1	0.000001	0.017321	0.501554	0.133482	0.347643	0.017321	0.501554	0.133482	0.347643	0.017321	0.501554	0.133482	0.347643	0.017321	0.501554	0.133482	0.347643	0.017321	0.501554	0.133482	0.347643	0.017321	0.501554	0.133482	0.347643	1,2,3,4,5,6	19.544401	0.073231	0.082653	0.166161	0.262953	0.344948	0.070053	0.140265	0.149530	0.266893	0.167715	0.140800	0.134798	0.055006	0.194192	0.338746	0.111765	0.264488	0.035804	0.071314	0.260271	0.248440	0.240615	0.052023	0.127337	0.321046	0.105869	0.176465	0.074331	0.147044	0.175245	0.376287	0.060581	0.247667	0.066554	0.193660	0.055251	1,2,2,2,2,2	0.084178	0.792390	0.862569	0.862569	0.862569	0.862569	0.862569	
851000	-115133	1,2,2,2,3,4	12.338859	6.166086	5.506348	5.506348	5.506348	6.010942	6.398185	1,1,1,1,1,1	0.115228	0.014557	0.528997	0.129990	0.326456	0.014557	0.528997	0.129990	0.326456	0.014557	0.528997	0.129990	0.326456	0.014557	0.528997	0.129990	0.326456	0.014557	0.528997	0.129990	0.326456	0.014557	0.528997	0.129990	0.326456	1,2,1,3,4,2	1.598416	0.082148	0.249220	0.303453	0.106365	0.194924	0.063891	0.514641	0.136813	0.041930	0.067327	0.150682	0.088606	0.082148	0.249220	0.303453	0.106365	0.194924	0.063891	0.025715	0.155126	0.330431	0.197211	0.011601	0.279916	0.244670	0.048274	0.094987	0.117955	0.289721	0.204393	0.514641	0.136813	0.041930	0.067327	0.150682	0.088606	1,1,1,1,1,1	0.000000	0.864702	0.864702	0.864702	0.864702	0.864702	0.864702	
852000	-115686	1,1,1,1,1,1	0.000000	5.678691	5.678691	5.678691	5.678691	5.678691	5.678691	1,1,1,1,1,1	0.000000	0.018485	0.533063	0.110929	0.337522	0.018485	0.533063	0.110929	0.337522	0.018485	0.533063	0.110929	0.337522	0.018485	0.533063	0.110929	0.337522	0.018485	0.533063	0.110929	0.337522	0.018485	0.533063	0.110929	0.337522	1,2,3,4,5,6	6.137146	0.013671	0.037600	0.045958	0.383862	0.335807	0.183102	0.294967	0.235374	0.115953	0.110034	0.055499	0.188173	0.165352	0.134689	0.169283	0.086352	0.421220	0.023104	0.013430	0.268328	0.043478	0.435767	0.005329	0.233668	0.131169	0.188174	0.166132	0.036430	0.164170	0.313924	0.262042	0.023047	0.096970	0.085846	0.268759	0.263336	1,1,2,3,1,1	1.239340	0.905808	0.905808	0.856169	0.700701	0.905808	0.905808	
853000	-115212	1,2,1,2,1,1	0.185956	5.817307	5.476090	5.817307	5.476090	5.817307	5.817307	1,1,1,1,1,1	0.000000	0.017332	0.516793	0.130949	0.334926	0.017332	0.516793	0.130949	0.334926	0.017332	0.516793	0.130949	0.334926	0.017332	0.516793	0.130949	0.334926	0.017332	0.516793	0.130949	0.334926	0.017332	0.516793	0.130949	0.334926	1,2,3,4,5,2	2.931810	0.147595	0.057223	0.210348	0.265535	0.255683	0.063616	0.517242	0.108845	0.115565	0.085612	0.110591	0.062145	0.127259	0.055813	0.050505	0.202517	0.552157	0.011749	0.021414	0.099965	0.117367	0.422324	0.039981	0.298949	0.178833	0.078068	0.136322	0.041317	0.391327	0.174132	0.517242	0.108845	0.115565	0.085612	0.110591	0.062145	1,2,2,3,3,2	1.888154	0.615030	0.880123	0.880123	0.891476	0.891476	0.880123	
854000	-115546	1,2,3,4,5,6	10.204164	6.198537	5.485120	5.576572	5.826630	5.663994	6.122714	1,1,1,1,1,1	0.000000	0.016122	0.481864	0.136839	0.365176	0.016122	0.481864	0.136839	0.365176	0.016122	0.481864	0.136839	0.365176	0.016122	0.481864	0.136839	0.365176	0.016122	0.481864	0.136839	0.365176	0.016122	0.481864	0.136839	0.365176	1,2,1,3,4,5	2.226993	0.050514	0.283729	0.107074	0.118661	0.356969	0.083052	0.244537	0.169164	0.037791	0.172096	0.156460	0.219951	0.050514	0.283729	0.107074	0.118661	0.356969	0.083052	0.013087	0.081123	0.400605	0.178885	0.010965	0.315335	0.061701	0.178124	0.314100	0.101205	0.186657	0.158213	0.252587	0.090946	0.041069	0.127350	0.338259	0.149790	1,1,1,1,1,1	0.000000	0.825990	0.825990	0.825990	0.825990	0.825990	0.825990	
855000	-116048	1,1,1,1,1,1	0.000000	5.837302	5.837302	5.837302	5.837302	5.837302	5.837302	1,1,1,1,1,1	0.000000	0.010869	0.546685	0.120805	0.321641	0.010869	0.546685	0.120805	0.321641	0.010869	0.546685	0.120805	0.321641	0.010869	0.546685	0.120805	0.321641	0.010869	0.546685	0.120805	0.321641	0.010869	0.546685	0.120805	0.321641	1,2,3,4,5,2	24.595464	0.093266	0.100061	0.413727	0.175817	0.128902	0.088227	0.368011	0.289303	0.118237	0.036934	0.070841	0.116675	0.027866	0.236753	0.153157	0.211005	0.364465	0.006754	0.410668	0.259291	0.128514	0.105248	0.020996	0.075282	0.098743	0.142869	0.272521	0.013671	0.216846	0.255350	0.368011	0.289303	0.118237	0.036934	0.070841	0.116675	1,2,2,2,2,2	0.828787	0.627698	0.943694	0.943694	0.943694	0.943694	0.943694	
856000	-115119	1,2,1,2,1,1	0.591358	5.887575	5.362819	5.887575	5.362819	5.887575	5.887575	1,1,1,1,1,1	0.000000	0.014356	0.506048	0.128093	0.351503	0.014356	0.506048	0.128093	0.351503	0.014356	0.506048	0.128093	0.351503	0.014356	0.506048	0.128093	0.351503	0.014356	0.506048	0.128093	0.351503	0.014356	0.506048	0.128093	0.351503	1,2,1,3,4,2	20.364493	0.020762	0.240132	0.181882	0.196607	0.320679	0.039939	0.527465	0.088003	0.127384	0.079700	0.122262	0.055186	0.020762	0.240132	0.181882	0.196607	0.320679	0.039939	0.016751	0.249980	0.214074	0.196636	0.055302	0.267257	0.010594	0.082516	0.267002	0.061596	0.278605	0.299687	0.527465	0.088003	0.127384	0.079700	0.122262	0.055186	1,2,2,2,2,2	0.718333	0.594691	0.975191	0.975191	0.975191	0.975191	0.975191	
857000	-115579	1,2,3,2,1,4	0.551739	6.239832	5.423805	6.056627	5.423805	6.239832	5.768830	1,1,1,1,1,1	0.000000	0.016580	0.521960	0.119835	0.341624	0.016580	0.521960	0.119835	0.341624	0.016580	0.521960	0.119835	0.341624	0.016580	0.521960	0.119835	0.341624	0.016580	0.521960	0.119835	0.341624	0.016580	0.521960	0.119835	0.341624	1,1,2,3,4,1	4.268903	0.347001	0.098990	0.211500	0.149545	0.149079	0.043885	0.347001	0.098990	0.211500	0.149545	0.149079	0.043885	0.094508	0.097366	0.208289	0.121660	0.452122	0.026054	0.088187	0.150973	0.063782	0.257643	0.020631	0.418784	0.104616	0.627013	0.007488	0.013026	0.103423	0.144435	0.347001	0.098990	0.211500	0.149545	0.149079	0.043885	1,1,1,1,1,1	0.000000	0.889394	0.889394	0.889394	0.889394	0.889394	0.889394	
858000	-115556	1,2,2,1,3,3	1.303608	5.951046	5.453198	5.453198	5.951046	5.995359	5.995359	1,1,1,1,1,1	0.000000	0.022373	0.534124	0.105894	0.337610	0.022373	0.534124	0.105894	0.337610	0.022373	0.534124	0.105894	0.337610	0.022373	0.534124	0.105894	0.337610	0.022373	0.534124	0.105894	0.337610	0.022373	0.534124	0.105894	0.337610	1,2,1,3,4,5	20.139813	0.066140	0.063504	0.065619	0.326125	0.372710	0.105901	0.285730	0.045615	0.039097	0.120549	0.121609	0.387400	0.066140	0.063504	0.065619	0.326125	0.372710	0.105901	0.041296	0.146811	0.040812	0.302169	0.009703	0.459209	0.077079	0.283816	0.106933	0.060647	0.151141	0.320385	0.201446	0.307411	0.078950	0.116625	0.182241	0.113328	1,1,1,1,1,1	0.000000	0.864297	0.864297	0.864297	0.864297	0.864297	0.864297	
859000	-115041	1,2,3,2,4,5	1.822431	5.841120	5.826157	5.650996	5.826157	5.974788	5.971860	1,1,1,1,1,1	0.000000	0.014359	0.524234	0.112296	0.349111	0.014359	0.524234	0.112296	0.349111	0.014359	0.524234	0.112296	0.349111	0.014359	0.524234	0.112296	0.349111	0.014359	0.524234	0.112296	0.349111	0.014359	0.524234	0.112296	0.349111	1,2,3,4,5,2	2.297322	0.087291	0.146668	0.109153	0.267647	0.284806	0.104435	0.544328	0.185576	0.031894	0.066997	0.106314	0.064891	0.136003	0.059947	0.115244	0.239226	0.386077	0.063502	0.192995	0.022020	0.216541	0.286706	0.018364	0.263374	0.079784	0.147285	0.513205	0.034585	0.126171	0.098970	0.544328	0.185576	0.031894	0.066997	0.106314	0.064891	1,2,2,2,2,2	1.016831	0.704928	0.963744	0.963744	0.963744	0.963744	0.963744	
860000	-116022	1,1,1,1,1,1	0.000000	5.662885	5.662885	5.662885	5.662885	5.662885	5.662885	1,1,1,2,2,1	1.052778	0.019894	0.541000	0.120714	0.318393	0.019894	0.541000	0.120714	0.318393	0.019894	0.541000	0.120714	0.318393	0.009940	0.460201	0.152728	0.377131	0.009940	0.460201	0.152728	0.377131	0.019894	0.541000	0.120714	0.318393	1,2,1,3,4,5	0.974775	0.044268	0.031652	0.392608	0.197279	0.301361	0.032831	0.451766	0.220391	0.137842	0.057499	0.056647	0.075854	0.044268	0.031652	0.392608	0.197279	0.301361	0.032831	0.072633	0.089231	0.150230	0.241181	0.123185	0.323541	0.027262	0.144586	0.020696	0.071665	0.368984	0.366807	0.114602	0.112596	0.305464	0.078432	0.191977	0.196929	1,2,2,2,2,2	0.653900	0.620383	0.896770	0.896770	0.896770	0.896770	0.896770	
861000	-115915	1,1,1,1,1,1	0.000000	5.828559	5.828559	5.828559	5.828559	5.828559	5.828559	1,1,1,1,1,1	0.000000	0.016210	0.514384	0.132176	0.337231	0.016210	0.514384	0.132176	0.337231	0.016210	0.514384	0.132176	0.337231	0.016210	0.514384	0.132176	0.337231	0.016210	0.514384	0.132176	0.337231	0.016210	0.514384	0.132176	0.337231	1,2,3,4,5,2	7.712150	0.200935	0.028627	0.105758	0.319499	0.289851	0.055329	0.568848	0.043191	0.101928	0.054913	0.141801	0.089318	0.148753	0.553827	0.031545	0.094481	0.136049	0.035345	0.058498	0.045806	0.037170	0.444202	0.102031	0.312293	0.097968	0.270823	0.228707	0.020200	0.193632	0.188671	0.568848	0.043191	0.101928	0.054913	0.141801	0.089318	1,2,2,2,2,2	0.452843	0.635049	0.852786	0.852786	0.852786	0.852786	0.852786	
862000	-116277	1,1,1,1,1,1	0.000000	5.833237	5.833237	5.833237	5.833237	5.833237	5.833237	1,1,1,1,1,1	0.000000	0.011158	0.513973	0.131832	0.343037	0.011158	0.513973	0.131832	0.343037	0.011158	0.513973	0.131832	0.343037	0.011158	0.513973	0.131832	0.343037	0.011158	0.513973	0.131832	0.343037	0.011158	0.513973	0.131832	0.343037	1,2,1,3,2,2	1.872670	0.132242	0.139620	0.258992	0.193215	0.242139	0.033792	0.180282	0.057381	0.390689	0.112205	0.179836	0.079607	0.132242	0.139620	0.258992	0.193215	0.242139	0.033792	0.152081	0.034715	0.568995	0.063370	0.019694	0.161145	0.180282	0.057381	0.390689	0.112205	0.179836	0.079607	0.180282	0.057381	0.390689	0.112205	0.179836	0.079607	1,1,1,1,1,1	0.000000	0.931849	0.931849	0.931849	0.931849	0.931849	0.931849	
863000	-115307	1,2,2,2,1,1	0.492404	5.991373	5.446554	5.446554	5.446554	5.991373	5.991373	1,1,1,1,1,1	0.000000	0.014246	0.512199	0.119323	0.354232	0.014246	0.512199	0.119323	0.354232	0.014246	0.512199	0.119323	0.354232	0.014246	0.512199	0.119323	0.354232	0.014246	0.512199	0.119323	0.354232	0.014246	0.512199	0.119323	0.354232	1,2,3,4,5,6	0.946114	0.082414	0.154379	0.165695	0.328163	0.224824	0.044524	0.434052	0.064944	0.101826	0.146217	0.142662	0.110300	0.102101	0.077792	0.283570	0.084399	0.435913	0.016224	0.209531	0.070282	0.282681	0.191797	0.024211	0.221498	0.030205	0.588822	0.156862	0.005262	0.099279	0.119569	0.356303	0.049921	0.120201	0.109304	0.217837	0.146434	1,1,1,1,1,1	0.000002	0.833329	0.833329	0.833329	0.833329	0.833329	0.833329	
864000	-115318	1,2,3,4,5,4	6.227702	6.111737	5.625717	5.954504	6.398346	6.190294	6.398346	1,1,1,1,1,1	0.000000	0.017880	0.522701	0.123525	0.335894	0.017880	0.522701	0.123525	0.335894	0.017880	0.522701	0.123525	0.335894	0.017880	0.522701	0.123525	0.335894	0.017880	0.522701	0.123525	0.335894	0.017880	0.522701	0.123525	0.335894	1,2,3,4,5,2	0.604525	0.165705	0.119576	0.266773	0.148155	0.261475	0.038316	0.135309	0.325524	0.284538	0.064500	0.116352	0.073777	0.197480	0.111922	0.095059	0.222075	0.333934	0.039531	0.009722	0.112696	0.209118	0.289259	0.004760	0.374445	0.006115	0.134152	0.186128	0.043197	0.242059	0.388350	0.135309	0.325524	0.284538	0.064500	0.116352	0.073777	1,1,1,1,1,1	0.000372	0.849814	0.849814	0.849814	0.849814	0.849814	0.849814	
865000	-115320	1,1,1,2,3,1	0.170501	5.887012	5.887012	5.887012	6.386277	6.207727	5.887012	1,1,1,1,1,1	0.000000	0.019195	0.483027	0.126426	0.371352	0.019195	0.483027	0.126426	0.371352	0.019195	0.483027	0.126426	0.371352	0.019195	0.483027	0.126426	0.371352	0.019195	0.483027	0.126426	0.371352	0.019195	0.483027	0.126426	0.371352	1,2,1,3,4,4	10.017251	0.022594	0.275183	0.184694	0.200041	0.284442	0.033045	0.558057	0.015567	0.183231	0.108704	0.058316	0.076126	0.022594	0.275183	0.184694	0.200041	0.284442	0.033045	0.029682	0.011715	0.152588	0.190567	0.010210	0.605239	0.119235	0.228068	0.222040	0.082288	0.214707	0.133662	0.119235	0.228068	0.222040	0.082288	0.214707	0.133662	1,2,3,1,3,2	2.630201	0.780393	0.908474	0.970030	0.780393	0.970030	0.908474	
866000	-115743	1,2,3,4,5,1	5.354034	6.248194	5.421868	6.153750	5.520046	6.367988	6.248194	1,1,1,1,1,1	0.000000	0.016906	0.512751	0.133224	0.337119	0.016906	0.512751	0.133224	0.337119	0.016906	0.512751	0.133224	0.337119	0.016906	0.512751	0.133224	0.337119	0.016906	0.512751	0.133224	0.337119	0.016906	0.512751	0.133224	0.337119	1,2,3,4,5,6	4.510385	0.096179	0.117923	0.032156	0.396469	0.352210	0.005063	0.295941	0.077231	0.210396	0.135410	0.112213	0.168810	0.066283	0.240372	0.077372	0.098652	0.391108	0.126214	0.149834	0.130727	0.250243	0.135423	0.028558	0.305214	0.052742	0.037982	0.294748	0.016759	0.264984	0.332785	0.102854	0.009900	0.222553	0.194835	0.388839	0.081019	1,2,2,2,2,2	0.188798	0.514435	0.877105	0.877105	0.877105	0.877105	0.877105	
867000	-116532	1,2,2,3,1,4	1.261213	6.510353	5.591276	5.591276	5.512366	6.510353	6.342684	1,1,1,1,1,1	0.000000	0.015004	0.504543	0.134004	0.346449	0.015004	0.504543	0.134004	0.346449	0.015004	0.504543	0.134004	0.346449	0.015004	0.504543	0.134004	0.346449	0.015004	0.504543	0.134004	0.346449	0.015004	0.504543	0.134004	0.346449	1,2,1,3,2,2	1.154447	0.018457	0.260931	0.200726	0.155709	0.336185	0.027992	0.276127	0.331126	0.092232	0.095689	0.131139	0.073687	0.018457	0.260931	0.200726	0.155709	0.336185	0.027992	0.217311	0.004458	0.280254	0.293098	0.089201	0.115679	0.276127	0.331126	0.092232	0.095689	0.131139	0.073687	0.276127	0.331126	0.092232	0.095689	0.131139	0.073687	1,2,2,2,2,2	1.562081	0.594688	1.016335	1.016335	1.016335	1.016335	1.016335	
868000	-116012	1,1,1,1,1,1	0.000000	5.853899	5.853899	5.853899	5.853899	5.853899	5.853899	1,1,1,1,1,1	0.000000	0.012749	0.510438	0.132135	0.344678	0.012749	0.510438	0.132135	0.344678	0.012749	0.510438	0.132135	0.344678	0.012749	0.510438	0.132135	0.344678	0.012749	0.510438	0.132135	0.344678	0.012749	0.510438	0.132135	0.344678	1,2,3,4,5,2	17.053867	0.212390	0.068323	0.117296	0.256955	0.217932	0.127103	0.197178	0.507394	0.020149	0.093187	0.138674	0.043419	0.230251	0.297547	0.127897	0.121432	0.205931	0.016943	0.013432	0.112848	0.068885	0.124227	0.030254	0.650355	0.150773	0.115427	0.093592	0.092468	0.279797	0.267943	0.197178	0.507394	0.020149	0.093187	0.138674	0.043419	1,2,2,2,2,2	0.041155	0.593941	0.866881	0.866881	0.866881	0.866881	0.866881	
869000	-116927	1,2,1,2,1,1	1.201418	5.897041	5.118550	5.897041	5.118550	5.897041	5.897041	1,1,1,1,1,1	0.000000	0.014274	0.532969	0.118850	0.333907	0.014274	0.532969	0.118850	0.333907	0.014274	0.532969	0.118850	0.333907	0.014274	0.532969	0.118850	0.333907	0.014274	0.532969	0.118850	0.333907	0.014274	0.532969	0.118850	0.333907	1,2,3,4,2,5	1.488395	0.061981	0.225931	0.357710	0.098739	0.196025	0.059613	0.194990	0.170659	0.181863	0.087507	0.175601	0.189379	0.153989	0.442066	0.016494	0.105885	0.258501	0.023065	0.067084	0.134170	0.357627	0.182882	0.130027	0.128210	0.194990	0.170659	0.181863	0.087507	0.175601	0.189379	0.247090	0.053918	0.049891	0.122484	0.311931	0.214686	1,2,2,2,2,2	1.049890	0.581273	0.921283	0.921283	0.921283	0.921283	0.921283	
870000	-116515	1,2,3,4,1,1	1.256748	6.189949	5.737270	5.682679	5.498380	6.189949	6.189949	1,1,1,1,1,1	0.000000	0.014617	0.513659	0.140435	0.331289	0.014617	0.513659	0.140435	0.331289	0.014617	0.513659	0.140435	0.331289	0.014617	0.513659	0.140435	0.331289	0.014617	0.513659	0.140435	0.331289	0.014617	0.513659	0.140435	0.331289	1,2,1,3,4,1	10.207836	0.104904	0.201566	0.145412	0.179737	0.305827	0.062554	0.287580	0.018355	0.294538	0.176439	0.115068	0.108020	0.104904	0.201566	0.145412	0.179737	0.305827	0.062554	0.094330	0.079348	0.075081	0.229445	0.177363	0.344432	0.021139	0.314335	0.253363	0.025700	0.213582	0.171881	0.104904	0.201566	0.145412	0.179737	0.305827	0.062554	1,2,2,2,2,2	0.268559	0.791912	0.906224	0.906224	0.906224	0.906224	0.906224	
871000	-117118	1,1,1,2,1,1	0.306830	5.898153	5.898153	5.898153	5.186274	5.898153	5.898153	1,1,1,1,1,1	0.000127	0.014534	0.507206	0.123942	0.354319	0.014534	0.507206	0.123942	0.354319	0.014534	0.507206	0.123942	0.354319	0.014534	0.507206	0.123942	0.354319	0.014534	0.507206	0.123942	0.354319	0.014534	0.507206	0.123942	0.354319	1,2,3,4,5,2	4.389694	0.001488	0.609302	0.184689	0.072108	0.120635	0.011777	0.311094	0.075195	0.196147	0.093606	0.194773	0.129185	0.082750	0.455057	0.008484	0.098070	0.290680	0.064960	0.286534	0.065543	0.294704	0.050570	0.082215	0.220435	0.102492	0.142008	0.096485	0.075773	0.202151	0.381090	0.311094	0.075195	0.196147	0.093606	0.194773	0.129185	1,2,2,2,2,2	0.224153	0.553879	0.883738	0.883738	0.883738	0.883738	0.883738	
872000	-115824	1,2,3,4,5,1	3.677711	5.963374	5.182379	5.857887	5.977413	6.567654	5.963374	1,1,1,1,1,1	0.000000	0.015992	0.511150	0.121242	0.351615	0.015992	0.511150	0.121242	0.351615	0.015992	0.511150	0.121242	0.351615	0.015992	0.511150	0.121242	0.351615	0.015992	0.511150	0.121242	0.351615	0.015992	0.511150	0.121242	0.351615	1,2,3,4,5,1	8.111070	0.191993	0.138914	0.174732	0.158094	0.236354	0.099914	0.253510	0.262871	0.059695	0.173116	0.148382	0.102426	0.097437	0.477956	0.073724	0.140539	0.195754	0.014591	0.041339	0.192176	0.404024	0.247795	0.020277	0.094390	0.160267	0.199485	0.401965	0.015463	0.152043	0.070778	0.191993	0.138914	0.174732	0.158094	0.236354	0.099914	1,2,3,3,3,4	2.066994	0.662796	0.972038	0.918920	0.918920	0.918920	0.879712	
873000	-115461	1,2,3,4,3,1	1.985147	5.795597	5.201713	5.839657	5.303186	5.839657	5.795597	1,1,1,1,1,1	0.000000	0.016321	0.551006	0.108209	0.324464	0.016321	0.551006	0.108209	0.324464	0.016321	0.551006	0.108209	0.324464	0.016321	0.551006	0.108209	0.324464	0.016321	0.551006	0.108209	0.324464	0.016321	0.551006	0.108209	0.324464	1,2,1,3,4,2	3.687653	0.036139	0.060228	0.178715	0.258470	0.404284	0.062163	0.414758	0.169078	0.031416	0.084466	0.151959	0.148323	0.036139	0.060228	0.178715	0.258470	0.404284	0.062163	0.019107	0.163305	0.145755	0.423335	0.038301	0.210196	0.012708	0.481321	0.169723	0.032792	0.176934	0.126523	0.414758	0.169078	0.031416	0.084466	0.151959	0.148323	1,2,2,2,2,2	0.103975	0.594309	0.924151	0.924151	0.924151	0.924151	0.924151	
874000	-116323	1,2,3,4,5,6	6.338642	6.081732	5.603807	5.757534	5.164985	6.319436	6.055180	1,1,2,2,2,1	1.015572	0.013576	0.547145	0.127091	0.312189	0.013576	0.547145	0.127091	0.312189	0.010803	0.524605	0.113063	0.351528	0.010803	0.524605	0.113063	0.351528	0.010803	0.524605	0.113063	0.351528	0.013576	0.547145	0.127091	0.312189	1,2,1,3,4,4	3.083674	0.054630	0.201261	0.121021	0.252815	0.348044	0.022230	0.444570	0.013127	0.242471	0.115549	0.049053	0.135231	0.054630	0.201261	0.121021	0.252815	0.348044	0.022230	0.396607	0.107512	0.118843	0.216870	0.039215	0.120952	0.071990	0.138700	0.190913	0.150983	0.314584	0.132830	0.071990	0.138700	0.190913	0.150983	0.314584	0.132830	1,2,3,3,3,3	0.586338	0.735671	0.868757	0.901270	0.901270	0.901270	0.901270	
875000	-115524	1,1,1,1,1,1	0.000000	5.928750	5.928750	5.928750	5.928750	5.928750	5.928750	1,1,1,1,1,1	0.000000	0.012294	0.527614	0.127489	0.332603	0.012294	0.527614	0.127489	0.332603	0.012294	0.527614	0.127489	0.332603	0.012294	0.527614	0.127489	0.332603	0.012294	0.527614	0.127489	0.332603	0.012294	0.527614	0.127489	0.332603	1,2,3,4,5,2	15.474160	0.282148	0.065207	0.058657	0.199279	0.325936	0.068774	0.613452	0.000933	0.107881	0.079683	0.116037	0.082014	0.248022	0.090390	0.127524	0.166743	0.330348	0.036974	0.188206	0.258619	0.255963	0.073343	0.018993	0.204876	0.058633	0.073436	0.358184	0.062801	0.297996	0.148950	0.613452	0.000933	0.107881	0.079683	0.116037	0.082014	1,1,1,1,1,1	0.000000	0.936621	0.936621	0.936621	0.936621	0.936621	0.936621	
876000	-115826	1,2,2,3,1,3	0.229001	5.959377	6.125298	6.125298	6.864211	5.959377	6.864211	1,1,1,1,1,1	0.000000	0.012043	0.535057	0.118959	0.333941	0.012043	0.535057	0.118959	0.333941	0.012043	0.535057	0.118959	0.333941	0.012043	0.535057	0.118959	0.333941	0.012043	0.535057	0.118959	0.333941	0.012043	0.535057	0.118959	0.333941	1,2,3,4,1,3	8.654262	0.000160	0.353190	0.311474	0.072412	0.152281	0.110483	0.739091	0.010692	0.110832	0.028338	0.050735	0.060311	0.280380	0.310450	0.081636	0.051452	0.226761	0.049322	0.439632	0.277813	0.127486	0.054801	0.002505	0.097763	0.000160	0.353190	0.311474	0.072412	0.152281	0.110483	0.280380	0.310450	0.081636	0.051452	0.226761	0.049322	1,2,3,1,2,2	0.916903	0.668576	0.919577	0.861692	0.668576	0.919577	0.919577	
877000	-116434	1,2,3,4,1,2	2.628276	6.010882	6.201124	5.704572	4.797376	6.010882	6.201124	1,1,1,1,1,1	0.000000	0.013311	0.489585	0.132371	0.364733	0.013311	0.489585	0.132371	0.364733	0.013311	0.489585	0.132371	0.364733	0.013311	0.489585	0.132371	0.364733	0.013311	0.489585	0.132371	0.364733	0.013311	0.489585	0.132371	0.364733	1,2,3,4,5,3	20.926678	0.026251	0.167604	0.192587	0.342840	0.234843	0.035875	0.607033	0.092883	0.221099	0.013362	0.049128	0.016495	0.270045	0.174259	0.070455	0.167708	0.242124	0.075408	0.051720	0.478225	0.093136	0.119781	0.069979	0.187160	0.263358	0.154482	0.031514	0.066417	0.179581	0.304647	0.270045	0.174259	0.070455	0.167708	0.242124	0.075408	1,2,2,2,2,2	0.921021	0.541071	0.882114	0.882114	0.882114	0.882114	0.882114	
878000	-115380	1,2,1,1,1,1	0.515573	6.035130	5.402490	6.035130	6.035130	6.035130	6.035130	1,1,1,1,1,1	0.000000	0.013706	0.512279	0.135588	0.338426	0.013706	0.512279	0.135588	0.338426	0.013706	0.512279	0.135588	0.338426	0.013706	0.512279	0.135588	0.338426	0.013706	0.512279	0.135588	0.338426	0.013706	0.512279	0.135588	0.338426	1,2,3,4,5,2	5.375056	0.173904	0.030167	0.297952	0.191320	0.238907	0.067750	0.307724	0.250597	0.130582	0.100530	0.145477	0.065090	0.047263	0.129924	0.181413	0.135310	0.494202	0.011888	0.075176	0.037422	0.327700	0.268753	0.007020	0.283929	0.054701	0.208442	0.136220	0.172710	0.330850	0.097076	0.307724	0.250597	0.130582	0.100530	0.145477	0.065090	1,2,2,2,2,2	0.028285	0.578433	0.922987	0.922987	0.922987	0.922987	0.922987	
879000	-115685	1,2,3,4,3,5	5.542683	6.316087	5.554951	5.740619	6.859241	5.740619	6.152271	1,2,2,2,1,1	0.457903	0.011054	0.544192	0.107276	0.337478	0.012087	0.510471	0.181510	0.295932	0.012087	0.510471	0.181510	0.295932	0.012087	0.510471	0.181510	0.295932	0.011054	0.544192	0.107276	0.337478	0.011054	0.544192	0.107276	0.337478	1,2,3,4,5,2	9.614476	0.123621	0.297229	0.113579	0.274903	0.168003	0.022664	0.416182	0.245819	0.105487	0.057633	0.114339	0.060540	0.273478	0.037868	0.139663	0.086808	0.349029	0.113155	0.209212	0.065857	0.111380	0.208844	0.005408	0.399298	0.241209	0.071425	0.220669	0.136076	0.193293	0.137328	0.416182	0.245819	0.105487	0.057633	0.114339	0.060540	1,1,1,1,1,1	0.000000	0.888693	0.888693	0.888693	0.888693	0.888693	0.888693	
880000	-116261	1,2,3,1,3,4	6.296238	5.741976	5.384840	5.833933	5.741976	5.833933	6.156777	1,1,1,1,1,1	0.000000	0.013309	0.531680	0.133685	0.321326	0.013309	0.531680	0.133685	0.321326	0.013309	0.531680	0.133685	0.321326	0.013309	0.531680	0.133685	0.321326	0.013309	0.531680	0.133685	0.321326	0.013309	0.531680	0.133685	0.321326	1,1,2,3,4,4	1.344296	0.169563	0.308676	0.081833	0.166579	0.158814	0.114536	0.169563	0.308676	0.081833	0.166579	0.158814	0.114536	0.183111	0.391873	0.270515	0.034347	0.108382	0.011772	0.082668	0.446227	0.034202	0.301926	0.021456	0.113522	0.193809	0.045471	0.119415	0.141710	0.269310	0.230286	0.193809	0.045471	0.119415	0.141710	0.269310	0.230286	1,2,2,2,2,2	0.038062	0.677193	0.876924	0.876924	0.876924	0.876924	0.876924	
881000	-115835	1,2,1,2,3,1	1.119900	6.332813	5.293715	6.332813	5.293715	5.785065	6.332813	1,1,1,1,1,1	0.000000	0.013016	0.506828	0.124238	0.355918	0.013016	0.506828	0.124238	0.355918	0.013016	0.506828	0.124238	0.355918	0.013016	0.506828	0.124238	0.355918	0.013016	0.506828	0.124238	0.355918	0.013016	0.506828	0.124238	0.355918	1,2,3,4,5,6	11.696189	0.050287	0.116641	0.242161	0.212610	0.200343	0.177958	0.287883	0.373981	0.119576	0.058228	0.048370	0.111961	0.104155	0.032208	0.040198	0.157574	0.542139	0.123726	0.016454	0.170510	0.402413	0.081836	0.002032	0.326755	0.083159	0.292227	0.347198	0.059690	0.143335	0.074390	0.135390	0.127574	0.257419	0.090282	0.243364	0.145972	1,2,2,1,2,2	7.277744	0.853477	0.960388	0.960388	0.853477	0.960388	0.960388	
882000	-115309	1,2,3,4,1,5	18.345028	5.752425	5.102922	5.856638	6.587206	5.752425	6.197464	1,1,1,1,1,1	0.000000	0.011903	0.531652	0.125057	0.331387	0.011903	0.531652	0.125057	0.331387	0.011903	0.531652	0.125057	0.331387	0.011903	0.531652	0.125057	0.331387	0.011903	0.531652	0.125057	0.331387	0.011903	0.531652	0.125057	0.331387	1,2,3,4,5,3	6.544077	0.147650	0.181174	0.185477	0.149166	0.195218	0.141314	0.407190	0.092761	0.264229	0.104402	0.077558	0.053860	0.325424	0.072276	0.078134	0.086441	0.318702	0.119024	0.008296	0.113707	0.073814	0.193078	0.015541	0.595564	0.186308	0.001082	0.209913	0.058136	0.234131	0.310429	0.325424	0.072276	0.078134	0.086441	0.318702	0.119024	1,2,2,2,2,2	2.890787	0.658086	0.871417	0.871417	0.871417	0.871417	0.871417	
883000	-115515	1,2,1,3,4,1	4.356873	5.999243	5.113718	5.999243	5.401736	6.054664	5.999243	1,1,1,1,1,1	0.000000	0.008508	0.524803	0.115277	0.351412	0.008508	0.524803	0.115277	0.351412	0.008508	0.524803	0.115277	0.351412	0.008508	0.524803	0.115277	0.351412	0.008508	0.524803	0.115277	0.351412	0.008508	0.524803	0.115277	0.351412	1,2,3,4,2,2	2.102531	0.102871	0.344758	0.205196	0.144824	0.186425	0.015927	0.231057	0.360260	0.127645	0.068692	0.118517	0.093829	0.104394	0.275188	0.145596	0.112914	0.276379	0.085528	0.233238	0.326826	0.194644	0.104429	0.008053	0.132810	0.231057	0.360260	0.127645	0.068692	0.118517	0.093829	0.231057	0.360260	0.127645	0.068692	0.118517	0.093829	1,2,2,2,2,2	1.439678	0.718157	0.959466	0.959466	0.959466	0.959466	0.959466	
884000	-115383	1,2,2,2,3,3	4.913279	5.936987	5.580022	5.580022	5.580022	6.567683	6.567683	1,1,1,1,1,1	0.000000	0.018688	0.527979	0.107874	0.345458	0.018688	0.527979	0.107874	0.345458	0.018688	0.527979	0.107874	0.345458	0.018688	0.527979	0.107874	0.345458	0.018688	0.527979	0.107874	0.345458	0.018688	0.527979	0.107874	0.345458	1,2,3,4,5,3	3.818785	0.026475	0.195238	0.243256	0.200949	0.261080	0.073003	0.303440	0.340271	0.102474	0.108808	0.049797	0.095210	0.225208	0.167341	0.073762	0.138087	0.300824	0.094779	0.067341	0.022201	0.627604	0.102483	0.020967	0.159405	0.031044	0.219420	0.110687	0.062887	0.193404	0.382559	0.225208	0.167341	0.073762	0.138087	0.300824	0.094779	1,1,1,1,1,1	0.000000	0.842670	0.842670	0.842670	0.842670	0.842670	0.842670	
885000	-115488	1,1,1,1,1,1	0.000000	5.766736	5.766736	5.766736	5.766736	5.766736	5.766736	1,1,1,1,1,1	0.000000	0.015245	0.510842	0.118377	0.355536	0.015245	0.510842	0.118377	0.355536	0.015245	0.510842	0.118377	0.355536	0.015245	0.510842	0.118377	0.355536	0.015245	0.510842	0.118377	0.355536	0.015245	0.510842	0.118377	0.355536	1,2,3,4,5,2	10.726469	0.170180	0.114277	0.189093	0.232933	0.247062	0.046455	0.413941	0.169741	0.141585	0.096258	0.133886	0.044590	0.015727	0.065215	0.328195	0.153766	0.335124	0.101972	0.165429	0.405853	0.023554	0.185521	0.017731	0.201912	0.454615	0.161138	0.061711	0.038072	0.139507	0.144957	0.413941	0.169741	0.141585	0.096258	0.133886	0.044590	1,2,2,2,2,2	1.833718	0.621255	0.915952	0.915952	0.915952	0.915952	0.915952	
886000	-116075	1,1,1,1,1,1	0.000000	5.689012	5.689012	5.689012	5.689012	5.689012	5.689012	1,1,1,1,1,1	0.000000	0.017010	0.529743	0.114741	0.338505	0.017010	0.529743	0.114741	0.338505	0.017010	0.529743	0.114741	0.338505	0.017010	0.529743	0.114741	0.338505	0.017010	0.529743	0.114741	0.338505	0.017010	0.529743	0.114741	0.338505	1,2,3,4,5,3	3.261029	0.059523	0.266417	0.174402	0.162586	0.254494	0.082578	0.193113	0.404997	0.222260	0.062068	0.031765	0.085798	0.153970	0.153012	0.162556	0.178328	0.287704	0.064429	0.090842	0.468754	0.005556	0.187925	0.063891	0.183032	0.013918	0.077837	0.295677	0.109627	0.227694	0.275247	0.153970	0.153012	0.162556	0.178328	0.287704	0.064429	1,2,2,2,2,2	2.553882	0.748999	0.914306	0.914306	0.914306	0.914306	0.914306	
887000	-115900	1,1,1,1,1,1	0.000000	5.979624	5.979624	5.979624	5.979624	5.979624	5.979624	1,1,1,1,1,1	0.000000	0.016191	0.513754	0.128201	0.341854	0.016191	0.513754	0.128201	0.341854	0.016191	0.513754	0.128201	0.341854	0.016191	0.513754	0.128201	0.341854	0.016191	0.513754	0.128201	0.341854	0.016191	0.513754	0.128201	0.341854	1,1,2,3,4,5	5.849439	0.133128	0.126463	0.122033	0.268637	0.239158	0.110580	0.133128	0.126463	0.122033	0.268637	0.239158	0.110580	0.020113	0.448856	0.217117	0.059561	0.226099	0.028254	0.028049	0.309859	0.101779	0.272947	0.011167	0.276197	0.316437	0.082225	0.290377	0.019958	0.098774	0.192228	0.121017	0.207924	0.047572	0.244591	0.286419	0.092477	1,2,2,3,2,4	1.851773	0.772468	0.996355	0.996355	0.840143	0.996355	1.036066	
888000	-115519	1,2,3,4,5,6	18.223809	5.830933	5.200429	5.653150	5.871088	6.396700	5.683745	1,1,1,1,1,1	0.000000	0.015243	0.523109	0.125023	0.336625	0.015243	0.523109	0.125023	0.336625	0.015243	0.523109	0.125023	0.336625	0.015243	0.523109	0.125023	0.336625	0.015243	0.523109	0.125023	0.336625	0.015243	0.523109	0.125023	0.336625	1,2,3,4,5,6	7.799668	0.138763	0.264979	0.122581	0.173051	0.201339	0.099287	0.383724	0.364740	0.048915	0.028381	0.039956	0.134284	0.067471	0.048658	0.013779	0.131494	0.569535	0.169062	0.051577	0.335421	0.088417	0.275097	0.002436	0.247053	0.045039	0.151185	0.187053	0.090075	0.334921	0.191727	0.528802	0.073335	0.032720	0.053282	0.200482	0.111379	1,1,1,1,1,1	0.084669	0.873291	0.873291	0.873291	0.873291	0.873291	0.873291	
889000	-115729	1,2,3,4,5,6	4.634352	5.983543	5.402909	5.921544	6.139100	6.244590	6.172146	1,1,1,1,1,1	0.003366	0.015266	0.523418	0.114977	0.346338	0.015266	0.523418	0.114977	0.346338	0.015266	0.523418	0.114977	0.346338	0.015266	0.523418	0.114977	0.346338	0.015266	0.523418	0.114977	0.346338	0.015266	0.523418	0.114977	0.346338	1,2,1,3,4,2	2.306512	0.023817	0.565215	0.113663	0.121045	0.155050	0.021210	0.555062	0.003596	0.065937	0.098244	0.170336	0.106826	0.023817	0.565215	0.113663	0.121045	0.155050	0.021210	0.328204	0.322029	0.134726	0.064586	0.009692	0.140762	0.178949	0.421084	0.003746	0.062232	0.144929	0.189059	0.555062	0.003596	0.065937	0.098244	0.170336	0.106826	1,2,3,3,2,2	2.960914	0.608253	0.964103	0.819587	0.819587	0.964103	0.964103	
890000	-115969	1,2,3,2,4,4	5.385299	6.248698	5.415106	5.637465	5.415106	6.021433	6.021433	1,1,1,1,1,1	0.000000	0.013927	0.513580	0.128385	0.344107	0.013927	0.513580	0.128385	0.344107	0.013927	0.513580	0.128385	0.344107	0.013927	0.513580	0.128385	0.344107	0.013927	0.513580	0.128385	0.344107	0.013927	0.513580	0.128385	0.344107	1,2,3,4,5,6	7.521733	0.071347	0.315796	0.208640	0.187570	0.189178	0.027470	0.278935	0.068573	0.335930	0.088461	0.145086	0.083014	0.204560	0.283959	0.182291	0.066915	0.201721	0.060554	0.311627	0.099060	0.336252	0.095739	0.034063	0.123259	0.233046	0.070925	0.056487	0.145663	0.289429	0.204450	0.326833	0.055055	0.117706	0.147200	0.263712	0.089493	1,2,3,3,2,3	1.968467	0.727471	0.930584	0.917790	0.917790	0.930584	0.917790	
891000	-116143	1,2,1,3,1,4	1.240566	5.858961	6.340745	5.858961	4.959166	5.858961	5.970233	1,2,2,1,2,2	1.103272	0.030350	0.524482	0.174271	0.270896	0.020176	0.520121	0.124913	0.334790	0.020176	0.520121	0.124913	0.334790	0.030350	0.524482	0.174271	0.270896	0.020176	0.520121	0.124913	0.334790	0.020176	0.520121	0.124913	0.334790	1,2,1,3,4,4	6.442725	0.009622	0.126160	0.318204	0.147323	0.324491	0.074202	0.245596	0.198097	0.356804	0.038014	0.054971	0.106517	0.009622	0.126160	0.318204	0.147323	0.324491	0.074202	0.027778	0.130165	0.137751	0.224351	0.141929	0.338026	0.136225	0.057045	0.167277	0.102264	0.225348	0.311842	0.136225	0.057045	0.167277	0.102264	0.225348	0.311842	1,2,2,2,2,2	1.711761	0.684494	0.929919	0.929919	0.929919	0.929919	0.929919	
892000	-115525	1,1,2,1,1,1	0.124410	5.864696	5.864696	5.780919	5.864696	5.864696	5.864696	1,1,2,1,2,2	1.746681	0.019821	0.512434	0.157962	0.309783	0.019821	0.512434	0.157962	0.309783	0.012808	0.507344	0.108073	0.371776	0.019821	0.512434	0.157962	0.309783	0.012808	0.507344	0.108073	0.371776	0.012808	0.507344	0.108073	0.371776	1,2,3,4,5,2	0.868007	0.049663	0.108174	0.222433	0.176951	0.380980	0.061798	0.475895	0.206008	0.024432	0.078718	0.137344	0.077602	0.049123	0.096987	0.227636	0.218466	0.379113	0.028675	0.046002	0.127114	0.332252	0.114720	0.030686	0.349226	0.122407	0.116313	0.144374	0.243100	0.154753	0.219052	0.475895	0.206008	0.024432	0.078718	0.137344	0.077602	1,1,1,1,1,1	0.000000	0.895199	0.895199	0.895199	0.895199	0.895199	0.895199	
893000	-115536	1,2,2,2,3,3	0.098118	5.968283	5.638605	5.638605	5.638605	6.158599	6.158599	1,1,2,2,2,2	1.135861	0.022167	0.514684	0.160292	0.302857	0.022167	0.514684	0.160292	0.302857	0.011247	0.537061	0.123283	0.328409	0.011247	0.537061	0.123283	0.328409	0.011247	0.537061	0.123283	0.328409	0.011247	0.537061	0.123283	0.328409	1,2,1,3,2,2	6.514772	0.033982	0.272884	0.165445	0.173265	0.296229	0.058195	0.446978	0.019608	0.196016	0.085079	0.160039	0.092280	0.033982	0.272884	0.165445	0.173265	0.296229	0.058195	0.254726	0.035381	0.169804	0.150389	0.025705	0.363995	0.446978	0.019608	0.196016	0.085079	0.160039	0.092280	0.446978	0.019608	0.196016	0.085079	0.160039	0.092280	1,1,1,1,1,1	0.000000	0.872122	0.872122	0.872122	0.872122	0.872122	0.872122	
894000	-115243	1,1,1,1,1,1	0.000007	5.919067	5.919067	5.919067	5.919067	5.919067	5.919067	1,1,1,1,1,1	0.000000	0.014679	0.515587	0.123408	0.346326	0.014679	0.515587	0.123408	0.346326	0.014679	0.515587	0.123408	0.346326	0.014679	0.515587	0.123408	0.346326	0.014679	0.515587	0.123408	0.346326	0.014679	0.515587	0.123408	0.346326	1,2,3,4,5,6	5.090625	0.182560	0.017168	0.154890	0.377809	0.213953	0.053619	0.350148	0.125602	0.178587	0.085926	0.113336	0.146402	0.030031	0.214938	0.038410	0.249229	0.432355	0.035038	0.093111	0.031332	0.166919	0.296003	0.000372	0.412262	0.026741	0.263128	0.144656	0.067413	0.168663	0.329400	0.391858	0.326420	0.044872	0.033013	0.126155	0.077682	1,1,1,1,1,1	0.000000	0.861451	0.861451	0.861451	0.861451	0.861451	0.861451	
895000	-117351	1,1,1,1,1,1	0.000000	5.908118	5.908118	5.908118	5.908118	5.908118	5.908118	1,1,1,1,1,1	0.000000	0.014978	0.516487	0.125461	0.343075	0.014978	0.516487	0.125461	0.343075	0.014978	0.516487	0.125461	0.343075	0.014978	0.516487	0.125461	0.343075	0.014978	0.516487	0.125461	0.343075	0.014978	0.516487	0.125461	0.343075	1,2,1,3,2,2	0.997667	0.111393	0.085047	0.272086	0.250347	0.248053	0.033075	0.271825	0.207937	0.075923	0.089835	0.196293	0.158188	0.111393	0.085047	0.272086	0.250347	0.248053	0.033075	0.387320	0.044398	0.234045	0.175378	0.092778	0.066080	0.271825	0.207937	0.075923	0.089835	0.196293	0.158188	0.271825	0.207937	0.075923	0.089835	0.196293	0.158188	1,2,3,1,2,3	2.895054	0.815476	0.943497	0.885584	0.815476	0.943497	0.885584	
896000	-116382	1,2,3,4,5,1	11.151273	6.062221	5.429940	5.678249	6.967078	5.983018	6.062221	1,1,1,1,1,1	0.000000	0.016826	0.544287	0.104561	0.334326	0.016826	0.544287	0.104561	0.334326	0.016826	0.544287	0.104561	0.334326	0.016826	0.544287	0.104561	0.334326	0.016826	0.544287	0.104561	0.334326	0.016826	0.544287	0.104561	0.334326	1,2,1,3,4,5	10.531365	0.024903	0.187937	0.019127	0.294639	0.382203	0.091191	0.138522	0.518281	0.041243	0.078674	0.065478	0.157801	0.024903	0.187937	0.019127	0.294639	0.382203	0.091191	0.498305	0.261427	0.164418	0.027326	0.002286	0.046237	0.034419	0.242158	0.150458	0.114730	0.273269	0.184967	0.437201	0.080693	0.034826	0.085608	0.267941	0.093731	1,1,1,1,1,1	0.000752	0.833302	0.833302	0.833302	0.833302	0.833302	0.833302	
897000	-115996	1,1,1,1,1,1	0.000000	5.666657	5.666657	5.666657	5.666657	5.666657	5.666657	1,2,1,1,1,1	0.591347	0.017728	0.512865	0.128168	0.341239	0.039817	0.493416	0.087951	0.378817	0.017728	0.512865	0.128168	0.341239	0.017728	0.512865	0.128168	0.341239	0.017728	0.512865	0.128168	0.341239	0.017728	0.512865	0.128168	0.341239	1,2,3,4,5,6	20.203161	0.047128	0.038339	0.149936	0.313878	0.286483	0.164236	0.297648	0.102548	0.024355	0.238695	0.051001	0.285754	0.068859	0.156802	0.162643	0.134503	0.435965	0.041229	0.054358	0.072344	0.162959	0.398792	0.050816	0.260731	0.004132	0.146472	0.528651	0.047545	0.096698	0.176502	0.185115	0.040184	0.238311	0.214463	0.245897	0.076032	1,2,2,2,2,2	0.939150	0.657352	0.927215	0.927215	0.927215	0.927215	0.927215	
898000	-116232	1,2,1,2,1,1	2.732958	5.946905	5.513397	5.946905	5.513397	5.946905	5.946905	1,1,1,1,1,1	0.000000	0.016621	0.523960	0.123796	0.335623	0.016621	0.523960	0.123796	0.335623	0.016621	0.523960	0.123796	0.335623	0.016621	0.523960	0.123796	0.335623	0.016621	0.523960	0.123796	0.335623	0.016621	0.523960	0.123796	0.335623	1,2,3,4,5,2	13.015103	0.026815	0.024617	0.283282	0.172799	0.398178	0.094308	0.323194	0.116014	0.022116	0.195327	0.249954	0.093396	0.214441	0.154793	0.058036	0.116676	0.411209	0.044845	0.009409	0.168007	0.499772	0.129653	0.063368	0.129790	0.011490	0.370701	0.134873	0.065697	0.255560	0.161679	0.323194	0.116014	0.022116	0.195327	0.249954	0.093396	1,1,1,1,1,1	0.000000	0.837247	0.837247	0.837247	0.837247	0.837247	0.837247	
899000	-115946	1,2,3,4,3,5	1.601223	6.448492	5.149159	5.962464	5.258185	5.962464	5.901101	1,1,1,1,1,1	0.000000	0.016191	0.515327	0.121056	0.347426	0.016191	0.515327	0.121056	0.347426	0.016191	0.515327	0.121056	0.347426	0.016191	0.515327	0.121056	0.347426	0.016191	0.515327	0.121056	0.347426	0.016191	0.515327	0.121056	0.347426	1,2,1,3,4,2	1.156350	0.087005	0.369209	0.045620	0.154610	0.278009	0.065547	0.400330	0.061618	0.050158	0.113797	0.195410	0.178686	0.087005	0.369209	0.045620	0.154610	0.278009	0.065547	0.405784	0.087354	0.005056	0.219999	0.014877	0.266930	0.087263	0.215607	0.080453	0.157684	0.181764	0.277230	0.400330	0.061618	0.050158	0.113797	0.195410	0.178686	1,1,1,1,1,1	0.000000	0.842021	0.842021	0.842021	0.842021	0.842021	0.842021	
900000	-115725	1,2,1,2,1,1	0.843080	6.017999	6.590612	6.017999	6.590612	6.017999	6.017999	1,1,1,1,1,1	0.000000	0.018683	0.522010	0.119283	0.340024	0.018683	0.522010	0.119283	0.340024	0.018683	0.522010	0.119283	0.340024	0.018683	0.522010	0.119283	0.340024	0.018683	0.522010	0.119283	0.340024	0.018683	0.522010	0.119283	0.340024	1,1,2,3,4,5	4.882448	0.146809	0.268127	0.140407	0.194736	0.153579	0.096342	0.146809	0.268127	0.140407	0.194736	0.153579	0.096342	0.022927	0.142678	0.088402	0.142345	0.571683	0.031964	0.359479	0.059164	0.286462	0.174194	0.005464	0.115238	0.014282	0.084538	0.199346	0.052104	0.274503	0.375227	0.171001	0.251305	0.245727	0.097174	0.175761	0.059031	1,2,2,2,2,2	0.303661	0.575611	0.882417	0.882417	0.882417	0.882417	0.882417	
901000	-116255	1,2,2,3,1,1	0.500883	5.841232	5.426238	5.426238	5.177175	5.841232	5.841232	1,1,1,1,1,1	0.000000	0.014347	0.508839	0.148247	0.328567	0.014347	0.508839	0.148247	0.328567	0.014347	0.508839	0.148247	0.328567	0.014347	0.508839	0.148247	0.328567	0.014347	0.508839	0.148247	0.328567	0.014347	0.508839	0.148247	0.328567	1,2,1,3,4,1	11.240584	0.196585	0.034852	0.214373	0.185405	0.312284	0.056500	0.262533	0.296104	0.233511	0.105358	0.053250	0.049244	0.196585	0.034852	0.214373	0.185405	0.312284	0.056500	0.284283	0.029858	0.426759	0.082768	0.022027	0.154305	0.122671	0.013748	0.195257	0.261405	0.243332	0.163587	0.196585	0.034852	0.214373	0.185405	0.312284	0.056500	1,2,2,1,2,2	1.463859	0.639819	0.906794	0.906794	0.639819	0.906794	0.906794	
902000	-115401	1,2,3,4,1,1	5.124887	6.073849	5.571091	6.031908	5.747049	6.073849	6.073849	1,1,1,2,1,1	2.017492	0.017454	0.531269	0.115280	0.335997	0.017454	0.531269	0.115280	0.335997	0.017454	0.531269	0.115280	0.335997	0.017466	0.381546	0.234404	0.366584	0.017454	0.531269	0.115280	0.335997	0.017454	0.531269	0.115280	0.335997	1,2,3,4,5,5	1.575506	0.087327	0.060250	0.282737	0.249882	0.292119	0.027684	0.387876	0.324093	0.032636	0.142297	0.063636	0.049462	0.021874	0.342036	0.185109	0.103493	0.331769	0.015718	0.000884	0.111897	0.206963	0.241770	0.059862	0.378625	0.203695	0.168372	0.068424	0.132120	0.256459	0.170929	0.203695	0.168372	0.068424	0.132120	0.256459	0.170929	1,2,2,2,2,2	0.855543	0.527362	0.889659	0.889659	0.889659	0.889659	0.889659	
903000	-115583	1,1,1,1,1,1	0.000000	6.024905	6.024905	6.024905	6.024905	6.024905	6.024905	1,1,1,1,1,1	0.000000	0.014961	0.524696	0.124354	0.335989	0.014961	0.524696	0.124354	0.335989	0.014961	0.524696	0.124354	0.335989	0.014961	0.524696	0.124354	0.335989	0.014961	0.524696	0.124354	0.335989	0.014961	0.524696	0.124354	0.335989	1,2,1,3,4,2	7.545643	0.038581	0.029794	0.196001	0.323381	0.381070	0.031173	0.549872	0.025990	0.082077	0.090787	0.166902	0.084371	0.038581	0.029794	0.196001	0.323381	0.381070	0.031173	0.134736	0.171329	0.133019	0.102944	0.004265	0.453707	0.130449	0.063790	0.348706	0.017129	0.211883	0.228044	0.549872	0.025990	0.082077	0.090787	0.166902	0.084371	1,2,3,4,3,3	0.851477	0.441306	0.939713	0.932206	0.619506	0.932206	0.932206	
904000	-116645	1,2,2,2,1,1	0.612703	6.090774	5.488374	5.488374	5.488374	6.090774	6.090774	1,1,1,1,1,1	0.000026	0.013974	0.516042	0.125755	0.344230	0.013974	0.516042	0.125755	0.344230	0.013974	0.516042	0.125755	0.344230	0.013974	0.516042	0.125755	0.344230	0.013974	0.516042	0.125755	0.344230	0.013974	0.516042	0.125755	0.344230	1,2,1,3,4,2	2.594498	0.036116	0.188506	0.179523	0.207082	0.315111	0.073662	0.406390	0.120871	0.086518	0.120942	0.204441	0.060837	0.036116	0.188506	0.179523	0.207082	0.315111	0.073662	0.042347	0.128053	0.055883	0.536399	0.124857	0.112460	0.199179	0.387385	0.131562	0.016044	0.130842	0.134988	0.406390	0.120871	0.086518	0.120942	0.204441	0.060837	1,2,2,2,2,2	0.558782	0.570694	0.935981	0.935981	0.935981	0.935981	0.935981	
905000	-116178	1,2,3,4,3,5	5.446321	6.056938	5.179015	5.880127	5.556309	5.880127	5.661323	1,1,1,1,1,1	0.000000	0.014714	0.502700	0.135209	0.347377	0.014714	0.502700	0.135209	0.347377	0.014714	0.502700	0.135209	0.347377	0.014714	0.502700	0.135209	0.347377	0.014714	0.502700	0.135209	0.347377	0.014714	0.502700	0.135209	0.347377	1,2,3,4,5,2	3.965244	0.120876	0.084284	0.005753	0.250861	0.356166	0.182061	0.382792	0.158469	0.113287	0.091329	0.145918	0.108205	0.142707	0.054412	0.142683	0.091649	0.437072	0.131476	0.260213	0.126634	0.470041	0.072326	0.014079	0.056708	0.055541	0.198836	0.042010	0.149587	0.304546	0.249480	0.382792	0.158469	0.113287	0.091329	0.145918	0.108205	1,1,1,2,1,1	2.801460	0.899221	0.899221	0.899221	0.732778	0.899221	0.899221	
906000	-115355	1,2,1,2,3,3	4.382221	5.828715	5.212473	5.828715	5.212473	5.777137	5.777137	1,1,2,3,2,2	0.402210	0.024558	0.517666	0.168801	0.288975	0.024558	0.517666	0.168801	0.288975	0.014399	0.553777	0.083045	0.348780	0.016443	0.514567	0.114897	0.354093	0.014399	0.553777	0.083045	0.348780	0.014399	0.553777	0.083045	0.348780	1,2,1,3,4,2	3.028942	0.026703	0.033321	0.348690	0.182290	0.349896	0.059100	0.408224	0.034574	0.151485	0.120178	0.154098	0.131441	0.026703	0.033321	0.348690	0.182290	0.349896	0.059100	0.098812	0.120981	0.436074	0.162327	0.030595	0.151211	0.002162	0.552452	0.154492	0.031844	0.081056	0.177995	0.408224	0.034574	0.151485	0.120178	0.154098	0.131441	1,2,2,2,2,2	1.406608	0.576166	0.934637	0.934637	0.934637	0.934637	0.934637	
907000	-115633	1,2,2,3,4,5	5.127177	6.155181	5.435298	5.435298	5.186861	6.377079	5.600155	1,1,1,1,1,1	0.000000	0.014163	0.518019	0.135404	0.332414	0.014163	0.518019	0.135404	0.332414	0.014163	0.518019	0.135404	0.332414	0.014163	0.518019	0.135404	0.332414	0.014163	0.518019	0.135404	0.332414	0.014163	0.518019	0.135404	0.332414	1,2,1,3,4,1	3.785763	0.164619	0.197075	0.276509	0.118178	0.184087	0.059533	0.566817	0.014032	0.012289	0.185234	0.126069	0.095559	0.164619	0.197075	0.276509	0.118178	0.184087	0.059533	0.075162	0.475377	0.106638	0.132071	0.037292	0.173459	0.283248	0.002055	0.161702	0.042881	0.232121	0.277994	0.164619	0.197075	0.276509	0.118178	0.184087	0.059533	1,1,1,1,1,1	0.000000	0.869535	0.869535	0.869535	0.869535	0.869535	0.869535	
908000	-115937	1,1,1,1,1,1	0.000000	5.558319	5.558319	5.558319	5.558319	5.558319	5.558319	1,1,1,1,1,1	0.000000	0.016560	0.533049	0.114262	0.336129	0.016560	0.533049	0.114262	0.336129	0.016560	0.533049	0.114262	0.336129	0.016560	0.533049	0.114262	0.336129	0.016560	0.533049	0.114262	0.336129	0.016560	0.533049	0.114262	0.336129	1,2,3,4,1,1	1.812503	0.218475	0.048420	0.119364	0.199266	0.327922	0.086554	0.431152	0.003228	0.454543	0.035832	0.054613	0.020632	0.033970	0.092330	0.087957	0.182117	0.576362	0.027263	0.032332	0.123595	0.125029	0.298004	0.040095	0.380945	0.218475	0.048420	0.119364	0.199266	0.327922	0.086554	0.218475	0.048420	0.119364	0.199266	0.327922	0.086554	1,1,1,1,1,1	0.000000	0.908281	0.908281	0.908281	0.908281	0.908281	0.908281	
909000	-115964	1,1,1,2,1,1	0.063649	5.873772	5.873772	5.873772	4.559248	5.873772	5.873772	1,1,1,1,1,1	0.000000	0.014517	0.511172	0.153018	0.321293	0.014517	0.511172	0.153018	0.321293	0.014517	0.511172	0.153018	0.321293	0.014517	0.511172	0.153018	0.321293	0.014517	0.511172	0.153018	0.321293	0.014517	0.511172	0.153018	0.321293	1,2,3,4,5,6	6.266649	0.107482	0.188723	0.337716	0.161613	0.150389	0.054076	0.132163	0.306692	0.426396	0.053141	0.059147	0.022461	0.449682	0.167408	0.270077	0.035090	0.077724	0.000018	0.144742	0.030818	0.435837	0.214830	0.024799	0.148974	0.356349	0.175750	0.043981	0.049519	0.212986	0.161416	0.556322	0.048886	0.093341	0.042621	0.171199	0.087631	1,2,2,2,2,2	0.245600	0.515214	0.905595	0.905595	0.905595	0.905595	0.905595	
910000	-115130	1,2,1,3,1,1	0.523213	5.967422	5.577261	5.967422	5.344425	5.967422	5.967422	1,1,1,1,1,1	0.000000	0.012929	0.509572	0.120782	0.356717	0.012929	0.509572	0.120782	0.356717	0.012929	0.509572	0.120782	0.356717	0.012929	0.509572	0.120782	0.356717	0.012929	0.509572	0.120782	0.356717	0.012929	0.509572	0.120782	0.356717	1,2,3,4,5,2	7.683029	0.044720	0.391794	0.075741	0.162952	0.247882	0.076911	0.433303	0.330266	0.038905	0.087759	0.077576	0.032190	0.189860	0.186500	0.242433	0.116990	0.243788	0.020429	0.004900	0.129374	0.198853	0.295955	0.038362	0.332555	0.117109	0.109631	0.437014	0.044632	0.173985	0.117630	0.433303	0.330266	0.038905	0.087759	0.077576	0.032190	1,1,1,1,1,1	0.000000	0.851714	0.851714	0.851714	0.851714	0.851714	0.851714	
911000	-115805	1,2,1,3,4,5	3.116936	5.643089	5.457411	5.643089	5.256078	5.970844	6.001552	1,1,1,1,1,1	0.170619	0.017983	0.534719	0.106408	0.340889	0.017983	0.534719	0.106408	0.340889	0.017983	0.534719	0.106408	0.340889	0.017983	0.534719	0.106408	0.340889	0.017983	0.534719	0.106408	0.340889	0.017983	0.534719	0.106408	0.340889	1,2,3,4,5,3	9.079262	0.058271	0.160386	0.180131	0.234789	0.248756	0.117667	0.552776	0.065470	0.010581	0.128729	0.076675	0.165770	0.288387	0.054377	0.152795	0.106293	0.285024	0.113124	0.034342	0.042498	0.007286	0.437962	0.064191	0.413722	0.186340	0.007019	0.109376	0.116928	0.387344	0.192993	0.288387	0.054377	0.152795	0.106293	0.285024	0.113124	1,2,3,2,2,2	3.465777	0.515085	0.853771	0.863167	0.853771	0.853771	0.853771	
912000	-115150	1,1,2,3,4,1	1.347230	5.800303	5.800303	5.431449	5.904114	6.345764	5.800303	1,1,1,1,1,1	0.000000	0.015268	0.497342	0.120044	0.367347	0.015268	0.497342	0.120044	0.367347	0.015268	0.497342	0.120044	0.367347	0.015268	0.497342	0.120044	0.367347	0.015268	0.497342	0.120044	0.367347	0.015268	0.497342	0.120044	0.367347	1,2,1,3,4,2	3.617063	0.102665	0.207569	0.139780	0.214117	0.298211	0.037658	0.536057	0.079950	0.099972	0.111543	0.107326	0.065151	0.102665	0.207569	0.139780	0.214117	0.298211	0.037658	0.085620	0.197067	0.105683	0.363443	0.006779	0.241407	0.001910	0.148788	0.240006	0.031420	0.183552	0.394325	0.536057	0.079950	0.099972	0.111543	0.107326	0.065151	1,2,2,2,2,2	1.092604	0.580851	0.899625	0.899625	0.899625	0.899625	0.899625	
913000	-115739	1,2,1,2,1,1	0.192849	5.912146	5.193416	5.912146	5.193416	5.912146	5.912146	1,1,1,1,1,1	0.000000	0.011686	0.504060	0.122472	0.361782	0.011686	0.504060	0.122472	0.361782	0.011686	0.504060	0.122472	0.361782	0.011686	0.504060	0.122472	0.361782	0.011686	0.504060	0.122472	0.361782	0.011686	0.504060	0.122472	0.361782	1,2,3,4,5,2	3.033802	0.106241	0.288492	0.368034	0.111626	0.080552	0.045056	0.502793	0.119035	0.101316	0.084342	0.112883	0.079631	0.224945	0.096979	0.040048	0.200975	0.418998	0.018055	0.146259	0.315101	0.230078	0.088018	0.040050	0.180495	0.261854	0.045410	0.008306	0.051972	0.324462	0.307996	0.502793	0.119035	0.101316	0.084342	0.112883	0.079631	1,2,2,2,2,2	0.627174	0.639443	0.932589	0.932589	0.932589	0.932589	0.932589	
914000	-115855	1,2,3,4,5,1	24.764247	6.162671	5.226931	5.348905	5.323522	6.398381	6.162671	1,1,1,1,1,1	0.000000	0.014634	0.499758	0.134957	0.350651	0.014634	0.499758	0.134957	0.350651	0.014634	0.499758	0.134957	0.350651	0.014634	0.499758	0.134957	0.350651	0.014634	0.499758	0.134957	0.350651	0.014634	0.499758	0.134957	0.350651	1,2,1,3,4,2	5.137221	0.140079	0.190175	0.100875	0.244357	0.283196	0.041318	0.331962	0.178551	0.213974	0.109887	0.122751	0.042874	0.140079	0.190175	0.100875	0.244357	0.283196	0.041318	0.347138	0.031992	0.164330	0.138056	0.030460	0.288024	0.137157	0.007487	0.434836	0.082374	0.254390	0.083754	0.331962	0.178551	0.213974	0.109887	0.122751	0.042874	1,1,1,1,1,1	0.000000	0.859874	0.859874	0.859874	0.859874	0.859874	0.859874	
915000	-115934	1,2,1,2,3,3	0.972535	5.692542	5.141004	5.692542	5.141004	5.970583	5.970583	1,1,1,1,1,1	0.000000	0.009681	0.546892	0.118588	0.324839	0.009681	0.546892	0.118588	0.324839	0.009681	0.546892	0.118588	0.324839	0.009681	0.546892	0.118588	0.324839	0.009681	0.546892	0.118588	0.324839	0.009681	0.546892	0.118588	0.324839	1,2,3,4,5,2	9.361806	0.037872	0.333208	0.278243	0.149255	0.106532	0.094890	0.206875	0.320545	0.037408	0.122244	0.221638	0.091289	0.223638	0.295687	0.016016	0.113149	0.319332	0.032177	0.027726	0.067315	0.430271	0.111498	0.027718	0.335472	0.347234	0.123032	0.096233	0.018104	0.145695	0.269702	0.206875	0.320545	0.037408	0.122244	0.221638	0.091289	1,2,3,4,4,4	2.152626	0.629175	0.830181	0.932218	0.910522	0.910522	0.910522	
916000	-115633	1,1,1,1,1,1	0.000000	5.860398	5.860398	5.860398	5.860398	5.860398	5.860398	1,1,1,1,1,1	0.000000	0.016188	0.503227	0.132522	0.348062	0.016188	0.503227	0.132522	0.348062	0.016188	0.503227	0.132522	0.348062	0.016188	0.503227	0.132522	0.348062	0.016188	0.503227	0.132522	0.348062	0.016188	0.503227	0.132522	0.348062	1,2,3,4,5,3	3.616553	0.078627	0.105134	0.185402	0.251791	0.286190	0.092855	0.284754	0.019867	0.425030	0.106430	0.079677	0.084242	0.372118	0.084718	0.125158	0.085488	0.285081	0.047438	0.043068	0.024671	0.103880	0.365828	0.074941	0.387612	0.405066	0.140268	0.100762	0.025790	0.141283	0.186832	0.372118	0.084718	0.125158	0.085488	0.285081	0.047438	1,1,1,1,1,1	0.000000	0.810389	0.810389	0.810389	0.810389	0.810389	0.810389	
917000	-115650	1,2,1,2,3,3	2.436193	5.810891	5.096696	5.810891	5.096696	5.824559	5.824559	1,1,1,1,1,1	0.000000	0.017975	0.512468	0.126592	0.342964	0.017975	0.512468	0.126592	0.342964	0.017975	0.512468	0.126592	0.342964	0.017975	0.512468	0.126592	0.342964	0.017975	0.512468	0.126592	0.342964	0.017975	0.512468	0.126592	0.342964	1,2,3,4,5,2	2.037209	0.102623	0.435213	0.063186	0.221673	0.151686	0.025619	0.267467	0.309145	0.090251	0.097912	0.138046	0.097179	0.022026	0.070067	0.072222	0.105384	0.605917	0.124384	0.318849	0.124787	0.072364	0.191303	0.033857	0.258839	0.174271	0.072180	0.267807	0.029408	0.266350	0.189984	0.267467	0.309145	0.090251	0.097912	0.138046	0.097179	1,2,2,2,2,2	0.103127	0.582541	0.908049	0.908049	0.908049	0.908049	0.908049	
918000	-115631	1,2,3,4,5,1	4.848523	5.818431	5.576861	5.701996	5.252314	6.235661	5.818431	1,1,1,1,1,1	0.000000	0.012498	0.539943	0.130532	0.317027	0.012498	0.539943	0.130532	0.317027	0.012498	0.539943	0.130532	0.317027	0.012498	0.539943	0.130532	0.317027	0.012498	0.539943	0.130532	0.317027	0.012498	0.539943	0.130532	0.317027	1,2,1,3,4,5	5.708094	0.053748	0.255699	0.169189	0.154136	0.291067	0.076161	0.587273	0.017509	0.106645	0.044585	0.096728	0.147260	0.053748	0.255699	0.169189	0.154136	0.291067	0.076161	0.092221	0.033696	0.363032	0.151680	0.045295	0.314076	0.345554	0.133445	0.173024	0.009094	0.191802	0.147081	0.254332	0.143245	0.103619	0.138034	0.197515	0.163255	1,2,2,2,2,2	0.794430	0.675284	0.935314	0.935314	0.935314	0.935314	0.935314	
919000	-115388	1,2,3,2,4,1	3.660483	5.973940	5.343995	6.018805	5.343995	6.218492	5.973940	1,1,1,1,2,2	0.558911	0.017037	0.563786	0.137950	0.281227	0.017037	0.563786	0.137950	0.281227	0.017037	0.563786	0.137950	0.281227	0.017037	0.563786	0.137950	0.281227	0.013197	0.520342	0.106119	0.360343	0.013197	0.520342	0.106119	0.360343	1,2,3,4,5,2	5.744967	0.004516	0.280147	0.474323	0.072518	0.120375	0.048120	0.420571	0.152513	0.053549	0.097569	0.164162	0.111637	0.356424	0.011257	0.077480	0.099213	0.429142	0.026483	0.094798	0.124086	0.201196	0.210370	0.056778	0.312773	0.112675	0.130387	0.152893	0.136928	0.243598	0.223520	0.420571	0.152513	0.053549	0.097569	0.164162	0.111637	1,2,2,2,2,2	0.129299	0.614603	0.953449	0.953449	0.953449	0.953449	0.953449	
920000	-115511	1,1,1,1,1,1	0.000034	5.835726	5.835726	5.835726	5.835726	5.835726	5.835726	1,1,1,1,1,1	0.000000	0.013411	0.537970	0.103280	0.345339	0.013411	0.537970	0.103280	0.345339	0.013411	0.537970	0.103280	0.345339	0.013411	0.537970	0.103280	0.345339	0.013411	0.537970	0.103280	0.345339	0.013411	0.537970	0.103280	0.345339	1,2,3,4,5,2	3.325212	0.012294	0.431117	0.070363	0.191433	0.162239	0.132555	0.419151	0.021020	0.197113	0.071092	0.172356	0.119269	0.096324	0.281222	0.100555	0.114158	0.287465	0.120277	0.174748	0.124089	0.326792	0.134195	0.012128	0.228047	0.206853	0.238032	0.195965	0.055478	0.177734	0.125937	0.419151	0.021020	0.197113	0.071092	0.172356	0.119269	1,2,2,2,2,2	0.162811	0.611318	0.856820	0.856820	0.856820	0.856820	0.856820	
921000	-116029	1,1,1,1,1,1	0.000000	5.843006	5.843006	5.843006	5.843006	5.843006	5.843006	1,1,1,1,1,1	0.003031	0.014300	0.525750	0.141234	0.318717	0.014300	0.525750	0.141234	0.318717	0.014300	0.525750	0.141234	0.318717	0.014300	0.525750	0.141234	0.318717	0.014300	0.525750	0.141234	0.318717	0.014300	0.525750	0.141234	0.318717	1,2,2,3,4,2	17.921082	0.057402	0.527151	0.154747	0.096811	0.095548	0.068341	0.365208	0.096129	0.071346	0.112293	0.246606	0.108418	0.365208	0.096129	0.071346	0.112293	0.246606	0.108418	0.160408	0.148169	0.242141	0.287970	0.012595	0.148716	0.003841	0.085062	0.299559	0.001361	0.340832	0.269344	0.365208	0.096129	0.071346	0.112293	0.246606	0.108418	1,2,2,1,2,2	2.783387	0.723895	0.895608	0.895608	0.723895	0.895608	0.895608	
922000	-115897	1,1,1,1,1,1	0.000000	5.793079	5.793079	5.793079	5.793079	5.793079	5.793079	1,1,1,1,1,1	0.000000	0.018166	0.519448	0.141203	0.321183	0.018166	0.519448	0.141203	0.321183	0.018166	0.519448	0.141203	0.321183	0.018166	0.519448	0.141203	0.321183	0.018166	0.519448	0.141203	0.321183	0.018166	0.519448	0.141203	0.321183	1,2,3,4,1,2	3.808200	0.053171	0.051077	0.406113	0.124747	0.246134	0.118758	0.299760	0.271043	0.057088	0.117740	0.134237	0.120133	0.097202	0.115642	0.121113	0.252314	0.377125	0.036605	0.019005	0.144715	0.066565	0.275489	0.102617	0.391609	0.053171	0.051077	0.406113	0.124747	0.246134	0.118758	0.299760	0.271043	0.057088	0.117740	0.134237	0.120133	1,2,2,2,2,2	1.259160	0.584481	0.902100	0.902100	0.902100	0.902100	0.902100	
923000	-115735	1,2,1,1,3,1	0.731552	5.892053	5.307962	5.892053	5.892053	6.129397	5.892053	1,1,1,1,1,1	0.000000	0.013029	0.541404	0.109078	0.336488	0.013029	0.541404	0.109078	0.336488	0.013029	0.541404	0.109078	0.336488	0.013029	0.541404	0.109078	0.336488	0.013029	0.541404	0.109078	0.336488	0.013029	0.541404	0.109078	0.336488	1,2,3,4,3,5	5.752355	0.060212	0.077536	0.387280	0.239731	0.185721	0.049519	0.264934	0.170746	0.117985	0.103796	0.134981	0.207558	0.190390	0.127819	0.177579	0.080563	0.274073	0.149576	0.097271	0.076053	0.597871	0.133887	0.005755	0.089164	0.190390	0.127819	0.177579	0.080563	0.274073	0.149576	0.488209	0.079219	0.068037	0.060018	0.139744	0.164773	1,2,2,2,2,2	0.058455	0.584011	0.902668	0.902668	0.902668	0.902668	0.902668	
924000	-115512	1,2,2,2,2,1	0.512461	6.033502	5.670390	5.670390	5.670390	5.670390	6.033502	1,1,1,1,1,1	0.000000	0.014492	0.527143	0.114156	0.344208	0.014492	0.527143	0.114156	0.344208	0.014492	0.527143	0.114156	0.344208	0.014492	0.527143	0.114156	0.344208	0.014492	0.527143	0.114156	0.344208	0.014492	0.527143	0.114156	0.344208	1,2,1,3,4,2	5.471906	0.049227	0.069188	0.086317	0.306792	0.444080	0.044396	0.266259	0.254935	0.171312	0.070753	0.127515	0.109226	0.049227	0.069188	0.086317	0.306792	0.444080	0.044396	0.335278	0.059384	0.075986	0.185705	0.017811	0.325837	0.004959	0.325267	0.306157	0.077485	0.149012	0.137119	0.266259	0.254935	0.171312	0.070753	0.127515	0.109226	1,2,2,2,2,2	1.823327	0.641920	0.890991	0.890991	0.890991	0.890991	0.890991	
925000	-115700	1,2,1,1,2,2	0.043918	5.629745	6.346744	5.629745	5.629745	6.346744	6.346744	1,1,1,1,1,1	0.000000	0.015458	0.514904	0.110004	0.359633	0.015458	0.514904	0.110004	0.359633	0.015458	0.514904	0.110004	0.359633	0.015458	0.514904	0.110004	0.359633	0.015458	0.514904	0.110004	0.359633	0.015458	0.514904	0.110004	0.359633	1,2,3,4,5,3	8.223688	0.056169	0.067185	0.238430	0.286399	0.258096	0.093723	0.747541	0.090050	0.065017	0.024647	0.036895	0.035850	0.127941	0.440714	0.108397	0.055864	0.182301	0.084783	0.006642	0.186242	0.078841	0.419041	0.066519	0.242714	0.011903	0.308994	0.069806	0.113875	0.171026	0.324395	0.127941	0.440714	0.108397	0.055864	0.182301	0.084783	1,1,2,2,2,2	0.088711	0.675578	0.675578	0.816726	0.816726	0.816726	0.816726	
926000	-115715	1,1,2,1,3,4	3.604674	5.357948	5.357948	5.687842	5.357948	5.894441	5.580628	1,1,1,1,1,1	0.000007	0.013903	0.530216	0.130498	0.325383	0.013903	0.530216	0.130498	0.325383	0.013903	0.530216	0.130498	0.325383	0.013903	0.530216	0.130498	0.325383	0.013903	0.530216	0.130498	0.325383	0.013903	0.530216	0.130498	0.325383	1,2,3,4,3,2	2.576283	0.133947	0.222335	0.175857	0.257134	0.173414	0.037314	0.297087	0.177397	0.176653	0.080064	0.153446	0.115353	0.062235	0.062733	0.131786	0.136638	0.368044	0.238564	0.107564	0.191160	0.183899	0.149184	0.044036	0.324156	0.062235	0.062733	0.131786	0.136638	0.368044	0.238564	0.297087	0.177397	0.176653	0.080064	0.153446	0.115353	1,2,2,2,2,2	0.259470	0.547211	0.941292	0.941292	0.941292	0.941292	0.941292	
927000	-115764	1,2,2,2,3,4	2.160029	6.392769	5.421613	5.421613	5.421613	5.835985	6.191405	1,1,1,1,1,1	0.000955	0.015091	0.541527	0.100735	0.342647	0.015091	0.541527	0.100735	0.342647	0.015091	0.541527	0.100735	0.342647	0.015091	0.541527	0.100735	0.342647	0.015091	0.541527	0.100735	0.342647	0.015091	0.541527	0.100735	0.342647	1,2,1,3,4,5	9.593365	0.107842	0.181101	0.180233	0.146489	0.292553	0.091781	0.268050	0.054777	0.149013	0.099805	0.116828	0.311527	0.107842	0.181101	0.180233	0.146489	0.292553	0.091781	0.020553	0.273340	0.340811	0.120056	0.027342	0.217897	0.002620	0.019248	0.503138	0.080945	0.156645	0.237403	0.242518	0.096439	0.107074	0.086050	0.339530	0.128388	1,1,1,1,1,1	0.000000	0.878459	0.878459	0.878459	0.878459	0.878459	0.878459	
928000	-115694	1,2,2,3,2,1	0.559873	6.143031	5.700675	5.700675	4.712872	5.700675	6.143031	1,1,1,1,1,1	0.000000	0.015205	0.512614	0.131162	0.341019	0.015205	0.512614	0.131162	0.341019	0.015205	0.512614	0.131162	0.341019	0.015205	0.512614	0.131162	0.341019	0.015205	0.512614	0.131162	0.341019	0.015205	0.512614	0.131162	0.341019	1,2,3,4,5,2	17.167395	0.031856	0.257823	0.179865	0.165007	0.217484	0.147966	0.498872	0.223011	0.031427	0.068291	0.101766	0.076634	0.130745	0.359546	0.028621	0.161627	0.298137	0.021324	0.321988	0.039917	0.175708	0.331804	0.008217	0.122366	0.215501	0.278335	0.051337	0.069781	0.193543	0.191503	0.498872	0.223011	0.031427	0.068291	0.101766	0.076634	1,2,2,2,2,2	2.424203	0.590434	0.907561	0.907561	0.907561	0.907561	0.907561	
929000	-117432	1,1,1,2,1,1	1.001934	5.823934	5.823934	5.823934	5.221591	5.823934	5.823934	1,1,1,1,1,1	0.000000	0.020310	0.540192	0.117757	0.321741	0.020310	0.540192	0.117757	0.321741	0.020310	0.540192	0.117757	0.321741	0.020310	0.540192	0.117757	0.321741	0.020310	0.540192	0.117757	0.321741	0.020310	0.540192	0.117757	0.321741	1,2,3,4,5,6	9.957210	0.028362	0.355590	0.045695	0.203955	0.295431	0.070968	0.211153	0.190672	0.196272	0.237996	0.123893	0.040014	0.132076	0.153199	0.020775	0.257367	0.415031	0.021553	0.254345	0.073606	0.171491	0.170405	0.166148	0.164005	0.153328	0.301916	0.076985	0.031122	0.289187	0.147461	0.324564	0.052141	0.137815	0.155674	0.204405	0.125402	1,2,3,4,3,2	0.641668	0.799532	0.957427	0.887248	0.878094	0.887248	0.957427	
930000	-115953	1,2,3,2,3,4	3.877281	5.899642	5.116346	6.062536	5.116346	6.062536	6.007953	1,1,1,1,1,1	0.000000	0.018966	0.518129	0.108064	0.354841	0.018966	0.518129	0.108064	0.354841	0.018966	0.518129	0.108064	0.354841	0.018966	0.518129	0.108064	0.354841	0.018966	0.518129	0.108064	0.354841	0.018966	0.518129	0.108064	0.354841	1,2,3,4,5,6	20.081610	0.228409	0.015326	0.135568	0.338538	0.226284	0.055874	0.341350	0.085698	0.087344	0.248862	0.133764	0.102980	0.180617	0.128656	0.179979	0.102505	0.370986	0.037258	0.034060	0.095129	0.054433	0.472780	0.076362	0.267237	0.082613	0.097059	0.184907	0.086026	0.158589	0.390806	0.276799	0.193984	0.276235	0.099066	0.085092	0.068824	1,2,2,2,2,2	0.357402	0.534183	0.926846	0.926846	0.926846	0.926846	0.926846	
931000	-115594	1,1,1,1,1,1	0.000000	5.838273	5.838273	5.838273	5.838273	5.838273	5.838273	1,2,1,1,1,1	0.867694	0.012727	0.524584	0.138602	0.324087	0.041381	0.562189	0.149994	0.246435	0.012727	0.524584	0.138602	0.324087	0.012727	0.524584	0.138602	0.324087	0.012727	0.524584	0.138602	0.324087	0.012727	0.524584	0.138602	0.324087	1,2,3,4,5,2	2.453703	0.079242	0.279508	0.096717	0.220352	0.309232	0.014949	0.359029	0.039931	0.114411	0.090461	0.306898	0.089270	0.298679	0.056081	0.119206	0.102641	0.383856	0.039537	0.058024	0.131338	0.169074	0.192076	0.046569	0.402918	0.017400	0.163437	0.325745	0.057299	0.172733	0.263385	0.359029	0.039931	0.114411	0.090461	0.306898	0.089270	1,2,3,1,2,3	2.378823	0.761436	1.060689	0.905303	0.761436	1.060689	0.905303	
932000	-115914	1,1,1,1,1,1	0.000000	6.007830	6.007830	6.007830	6.007830	6.007830	6.007830	1,1,1,2,1,1	0.238223	0.016884	0.521141	0.119599	0.342376	0.016884	0.521141	0.119599	0.342376	0.016884	0.521141	0.119599	0.342376	0.014264	0.600334	0.184829	0.200573	0.016884	0.521141	0.119599	0.342376	0.016884	0.521141	0.119599	0.342376	1,2,3,4,5,3	6.417700	0.084125	0.036060	0.245333	0.256759	0.233844	0.143879	0.563110	0.047642	0.137127	0.132857	0.060352	0.058911	0.214399	0.079761	0.098908	0.154239	0.353826	0.098867	0.237822	0.217285	0.128746	0.073319	0.069709	0.273119	0.027294	0.043405	0.390508	0.025322	0.248778	0.264693	0.214399	0.079761	0.098908	0.154239	0.353826	0.098867	1,2,2,2,2,2	1.994802	0.720510	0.895376	0.895376	0.895376	0.895376	0.895376	
933000	-116481	1,2,1,3,2,3	1.745031	6.033645	5.737921	6.033645	6.051250	5.737921	6.051250	1,1,1,1,1,1	0.000000	0.014186	0.500888	0.130819	0.354107	0.014186	0.500888	0.130819	0.354107	0.014186	0.500888	0.130819	0.354107	0.014186	0.500888	0.130819	0.354107	0.014186	0.500888	0.130819	0.354107	0.014186	0.500888	0.130819	0.354107	1,2,3,4,5,5	9.788136	0.112983	0.145762	0.241313	0.190886	0.290558	0.018498	0.097345	0.558438	0.191506	0.051574	0.065406	0.035731	0.144661	0.082928	0.034158	0.174423	0.502815	0.061015	0.414995	0.129869	0.119732	0.180014	0.060559	0.094830	0.391282	0.203035	0.066835	0.065168	0.163332	0.110349	0.391282	0.203035	0.066835	0.065168	0.163332	0.110349	1,2,2,2,2,2	0.005465	0.659728	0.850376	0.850376	0.850376	0.850376	0.850376	
934000	-115954	1,2,3,4,2,2	1.634202	6.140291	6.077978	6.055434	6.782309	6.077978	6.077978	1,1,1,1,1,1	0.000000	0.016447	0.510126	0.134733	0.338694	0.016447	0.510126	0.134733	0.338694	0.016447	0.510126	0.134733	0.338694	0.016447	0.510126	0.134733	0.338694	0.016447	0.510126	0.134733	0.338694	0.016447	0.510126	0.134733	0.338694	1,2,3,4,5,3	7.464361	0.119060	0.101163	0.070263	0.345541	0.329350	0.034622	0.664324	0.093106	0.014611	0.079400	0.117308	0.031251	0.236513	0.167629	0.095818	0.144048	0.299932	0.056060	0.137974	0.201744	0.011099	0.471222	0.015404	0.162557	0.105288	0.099929	0.021483	0.091740	0.296654	0.384907	0.236513	0.167629	0.095818	0.144048	0.299932	0.056060	1,2,3,1,3,3	0.322659	0.627971	0.798132	0.962150	0.627971	0.962150	0.962150	
935000	-115498	1,2,2,2,3,4	1.950720	6.189299	5.354097	5.354097	5.354097	6.617870	5.662791	1,1,1,1,1,1	0.003578	0.019914	0.543758	0.116807	0.319521	0.019914	0.543758	0.116807	0.319521	0.019914	0.543758	0.116807	0.319521	0.019914	0.543758	0.116807	0.319521	0.019914	0.543758	0.116807	0.319521	0.019914	0.543758	0.116807	0.319521	1,2,1,3,4,5	2.205261	0.166011	0.074135	0.214222	0.231314	0.269601	0.044716	0.289494	0.211959	0.173181	0.125645	0.075598	0.124124	0.166011	0.074135	0.214222	0.231314	0.269601	0.044716	0.108196	0.253265	0.075319	0.231867	0.028759	0.302594	0.171889	0.316636	0.045882	0.001994	0.248833	0.214766	0.251383	0.071478	0.044154	0.182407	0.300047	0.150530	1,1,1,1,1,1	0.000000	0.828837	0.828837	0.828837	0.828837	0.828837	0.828837	
936000	-115525	1,1,1,1,1,1	0.000000	5.726239	5.726239	5.726239	5.726239	5.726239	5.726239	1,1,1,1,1,1	0.000000	0.011833	0.516224	0.128417	0.343526	0.011833	0.516224	0.128417	0.343526	0.011833	0.516224	0.128417	0.343526	0.011833	0.516224	0.128417	0.343526	0.011833	0.516224	0.128417	0.343526	0.011833	0.516224	0.128417	0.343526	1,2,2,3,4,2	8.543832	0.142144	0.180415	0.198344	0.256325	0.168234	0.054537	0.435644	0.070534	0.056275	0.118801	0.223597	0.095149	0.435644	0.070534	0.056275	0.118801	0.223597	0.095149	0.031233	0.077568	0.073382	0.415850	0.027058	0.374909	0.032364	0.029003	0.336421	0.018678	0.296854	0.286681	0.435644	0.070534	0.056275	0.118801	0.223597	0.095149	1,2,2,2,2,2	0.745814	0.604887	0.957493	0.957493	0.957493	0.957493	0.957493	
937000	-115724	1,2,2,3,1,1	3.603689	6.189476	5.673617	5.673617	5.256633	6.189476	6.189476	1,1,1,1,1,1	0.000000	0.014614	0.518081	0.122865	0.344441	0.014614	0.518081	0.122865	0.344441	0.014614	0.518081	0.122865	0.344441	0.014614	0.518081	0.122865	0.344441	0.014614	0.518081	0.122865	0.344441	0.014614	0.518081	0.122865	0.344441	1,2,1,3,4,5	1.559246	0.024098	0.203329	0.254557	0.155219	0.306407	0.056390	0.447945	0.147294	0.205810	0.057742	0.073274	0.067936	0.024098	0.203329	0.254557	0.155219	0.306407	0.056390	0.161755	0.119782	0.399463	0.180283	0.045972	0.092745	0.003091	0.361857	0.252316	0.061657	0.195502	0.125577	0.289775	0.138608	0.250030	0.124813	0.146109	0.050666	1,2,3,2,3,3	1.969632	0.679203	0.911242	0.922817	0.911242	0.922817	0.922817	
938000	-116379	1,2,1,3,2,2	1.836337	6.042817	6.049112	6.042817	5.353270	6.049112	6.049112	1,2,1,1,2,2	1.870997	0.011103	0.514343	0.125754	0.348800	0.037455	0.513540	0.154092	0.294913	0.011103	0.514343	0.125754	0.348800	0.011103	0.514343	0.125754	0.348800	0.037455	0.513540	0.154092	0.294913	0.037455	0.513540	0.154092	0.294913	1,2,3,4,2,5	4.025361	0.036124	0.048684	0.132420	0.319103	0.441967	0.021703	0.109354	0.149981	0.111415	0.129827	0.310091	0.189332	0.212143	0.142111	0.134085	0.146006	0.347540	0.018115	0.437255	0.384444	0.050933	0.066516	0.002335	0.058518	0.109354	0.149981	0.111415	0.129827	0.310091	0.189332	0.450423	0.001922	0.055673	0.075442	0.240644	0.175896	1,1,1,1,1,1	0.000000	0.895701	0.895701	0.895701	0.895701	0.895701	0.895701	
939000	-115839	1,2,1,2,1,3	1.954318	5.962201	5.081367	5.962201	5.081367	5.962201	5.697275	1,1,1,1,1,1	0.000023	0.011989	0.536653	0.113351	0.338007	0.011989	0.536653	0.113351	0.338007	0.011989	0.536653	0.113351	0.338007	0.011989	0.536653	0.113351	0.338007	0.011989	0.536653	0.113351	0.338007	0.011989	0.536653	0.113351	0.338007	1,2,3,4,5,6	7.818611	0.067926	0.009457	0.149962	0.313339	0.218241	0.241076	0.341159	0.323289	0.064257	0.077947	0.092423	0.100925	0.241833	0.498606	0.011653	0.100334	0.121123	0.026452	0.019856	0.132588	0.087747	0.119884	0.015361	0.624565	0.026274	0.020867	0.319464	0.088510	0.321865	0.223021	0.197066	0.055434	0.189266	0.179300	0.246999	0.131934	1,1,1,1,1,1	0.000000	0.881402	0.881402	0.881402	0.881402	0.881402	0.881402	
940000	-116428	1,2,1,3,4,1	8.558547	5.824084	5.151638	5.824084	5.645617	6.282480	5.824084	1,1,1,1,1,1	0.000000	0.012666	0.518428	0.136973	0.331933	0.012666	0.518428	0.136973	0.331933	0.012666	0.518428	0.136973	0.331933	0.012666	0.518428	0.136973	0.331933	0.012666	0.518428	0.136973	0.331933	0.012666	0.518428	0.136973	0.331933	1,1,2,3,4,1	6.214984	0.228606	0.249563	0.106186	0.138178	0.200084	0.077384	0.228606	0.249563	0.106186	0.138178	0.200084	0.077384	0.036028	0.163185	0.429764	0.070749	0.250437	0.049837	0.321658	0.027838	0.378371	0.073669	0.030818	0.167645	0.256756	0.208877	0.148804	0.033375	0.096217	0.255970	0.228606	0.249563	0.106186	0.138178	0.200084	0.077384	1,2,2,3,2,2	0.564815	0.749379	0.927361	0.927361	0.916870	0.927361	0.927361	
941000	-115952	1,2,1,3,4,5	1.301253	6.119202	6.081576	6.119202	5.313083	5.876286	6.016905	1,1,1,1,1,1	0.000000	0.013684	0.508856	0.133571	0.343889	0.013684	0.508856	0.133571	0.343889	0.013684	0.508856	0.133571	0.343889	0.013684	0.508856	0.133571	0.343889	0.013684	0.508856	0.133571	0.343889	0.013684	0.508856	0.133571	0.343889	1,2,3,4,5,1	2.998006	0.154103	0.156283	0.279182	0.123309	0.230565	0.056558	0.218428	0.549593	0.166707	0.015701	0.038329	0.011243	0.025324	0.371646	0.128836	0.114910	0.315308	0.043977	0.176828	0.399828	0.128272	0.130232	0.049296	0.115544	0.139820	0.002449	0.279928	0.022797	0.211955	0.343051	0.154103	0.156283	0.279182	0.123309	0.230565	0.056558	1,2,2,2,2,2	0.606716	0.657012	0.895430	0.895430	0.895430	0.895430	0.895430	
942000	-116427	1,2,2,3,4,5	4.611403	6.088198	5.758450	5.758450	5.585758	6.196313	6.118512	1,2,2,1,2,1	0.102010	0.013653	0.496100	0.092330	0.397917	0.018767	0.527466	0.128468	0.325299	0.018767	0.527466	0.128468	0.325299	0.013653	0.496100	0.092330	0.397917	0.018767	0.527466	0.128468	0.325299	0.013653	0.496100	0.092330	0.397917	1,2,3,4,5,2	0.791754	0.174570	0.081157	0.142521	0.307227	0.190575	0.103950	0.587164	0.010363	0.105643	0.087517	0.119231	0.090082	0.120706	0.283162	0.091338	0.164298	0.338255	0.002240	0.284483	0.096531	0.125668	0.343691	0.069425	0.080201	0.032567	0.008416	0.614796	0.028150	0.185815	0.130256	0.587164	0.010363	0.105643	0.087517	0.119231	0.090082	1,2,2,2,2,2	1.055964	0.669369	0.829930	0.829930	0.829930	0.829930	0.829930	
943000	-116473	1,1,1,1,1,1	0.000000	5.707783	5.707783	5.707783	5.707783	5.707783	5.707783	1,1,1,1,1,1	0.000000	0.016203	0.522415	0.115947	0.345436	0.016203	0.522415	0.115947	0.345436	0.016203	0.522415	0.115947	0.345436	0.016203	0.522415	0.115947	0.345436	0.016203	0.522415	0.115947	0.345436	0.016203	0.522415	0.115947	0.345436	1,2,3,4,5,6	9.396104	0.238197	0.085373	0.316268	0.162236	0.179568	0.018358	0.132680	0.206782	0.512282	0.054254	0.038785	0.055217	0.170791	0.283636	0.001711	0.172944	0.287520	0.083399	0.177049	0.024030	0.235495	0.161677	0.123823	0.277926	0.111590	0.080983	0.173105	0.076120	0.332624	0.225577	0.369597	0.093192	0.085245	0.112189	0.203039	0.136738	1,1,1,1,1,1	0.000000	0.826537	0.826537	0.826537	0.826537	0.826537	0.826537	
944000	-115386	1,2,1,1,1,1	0.231896	6.004095	5.653234	6.004095	6.004095	6.004095	6.004095	1,1,1,1,1,1	0.000000	0.016056	0.520012	0.119689	0.344243	0.016056	0.520012	0.119689	0.344243	0.016056	0.520012	0.119689	0.344243	0.016056	0.520012	0.119689	0.344243	0.016056	0.520012	0.119689	0.344243	0.016056	0.520012	0.119689	0.344243	1,2,3,4,5,6	6.643926	0.031231	0.158380	0.029310	0.371751	0.354127	0.055201	0.174201	0.407670	0.205257	0.099358	0.047683	0.065831	0.057688	0.215472	0.061818	0.145226	0.463406	0.056390	0.034611	0.028740	0.225937	0.182518	0.012002	0.516191	0.091547	0.236671	0.148427	0.028499	0.225282	0.269576	0.152487	0.091276	0.185317	0.216239	0.303723	0.050958	1,1,1,1,1,1	0.000142	0.820281	0.820281	0.820281	0.820281	0.820281	0.820281	
945000	-115588	1,1,1,1,1,1	0.000387	5.926057	5.926057	5.926057	5.926057	5.926057	5.926057	1,1,1,1,1,1	0.000000	0.016858	0.487663	0.140940	0.354539	0.016858	0.487663	0.140940	0.354539	0.016858	0.487663	0.140940	0.354539	0.016858	0.487663	0.140940	0.354539	0.016858	0.487663	0.140940	0.354539	0.016858	0.487663	0.140940	0.354539	1,2,3,4,5,2	1.995858	0.179529	0.133062	0.051519	0.215583	0.253003	0.167304	0.302236	0.580709	0.004429	0.032160	0.062718	0.017748	0.051467	0.224122	0.132700	0.119441	0.450884	0.021387	0.109763	0.124060	0.147092	0.173355	0.040588	0.405142	0.144665	0.247832	0.157614	0.048439	0.241051	0.160399	0.302236	0.580709	0.004429	0.032160	0.062718	0.017748	1,2,2,2,2,2	1.118133	0.677628	0.868074	0.868074	0.868074	0.868074	0.868074	
946000	-115393	1,2,2,1,3,1	1.988082	6.261678	5.515925	5.515925	6.261678	6.206388	6.261678	1,1,1,1,1,1	0.000000	0.014556	0.521144	0.125049	0.339251	0.014556	0.521144	0.125049	0.339251	0.014556	0.521144	0.125049	0.339251	0.014556	0.521144	0.125049	0.339251	0.014556	0.521144	0.125049	0.339251	0.014556	0.521144	0.125049	0.339251	1,2,3,4,5,6	3.796426	0.071660	0.155101	0.147076	0.258136	0.285955	0.082072	0.188492	0.388007	0.123071	0.108856	0.128001	0.063574	0.041539	0.206384	0.383678	0.107249	0.238792	0.022357	0.183389	0.001554	0.143700	0.365620	0.009888	0.295848	0.142152	0.013936	0.107359	0.002177	0.324607	0.409769	0.322506	0.172784	0.031920	0.113495	0.270541	0.088753	1,1,1,1,1,1	0.000000	0.810672	0.810672	0.810672	0.810672	0.810672	0.810672	
947000	-115872	1,2,3,2,4,5	11.873401	6.389668	5.320415	5.904135	5.320415	5.971570	5.849173	1,1,1,1,1,1	0.000000	0.017023	0.525392	0.123388	0.334197	0.017023	0.525392	0.123388	0.334197	0.017023	0.525392	0.123388	0.334197	0.017023	0.525392	0.123388	0.334197	0.017023	0.525392	0.123388	0.334197	0.017023	0.525392	0.123388	0.334197	1,2,3,4,5,6	9.474999	0.133862	0.238044	0.241082	0.145832	0.201543	0.039636	0.278441	0.242876	0.037965	0.258744	0.127400	0.054575	0.172118	0.160381	0.042172	0.163704	0.432811	0.028815	0.340539	0.339282	0.040955	0.108124	0.024917	0.146183	0.088498	0.022411	0.299994	0.133255	0.278240	0.177601	0.196313	0.076423	0.292000	0.102118	0.202999	0.130147	1,1,1,1,1,1	0.000000	0.871333	0.871333	0.871333	0.871333	0.871333	0.871333	
948000	-115127	1,2,3,4,1,4	11.923795	5.983643	5.451128	5.769059	6.004703	5.983643	6.004703	1,1,1,1,1,1	0.000000	0.013687	0.536731	0.121745	0.327838	0.013687	0.536731	0.121745	0.327838	0.013687	0.536731	0.121745	0.327838	0.013687	0.536731	0.121745	0.327838	0.013687	0.536731	0.121745	0.327838	0.013687	0.536731	0.121745	0.327838	1,2,1,3,4,2	4.263709	0.045390	0.101282	0.234221	0.245301	0.255592	0.118213	0.367026	0.063755	0.285195	0.082147	0.118639	0.083238	0.045390	0.101282	0.234221	0.245301	0.255592	0.118213	0.078599	0.065329	0.181502	0.258079	0.009995	0.406496	0.014878	0.160451	0.276852	0.048018	0.268329	0.231473	0.367026	0.063755	0.285195	0.082147	0.118639	0.083238	1,1,1,1,1,1	0.000000	0.865159	0.865159	0.865159	0.865159	0.865159	0.865159	
949000	-115575	1,2,3,4,5,6	5.329000	6.319014	5.209023	5.521808	5.442547	6.049544	6.209206	1,1,1,1,1,1	0.000000	0.018176	0.518922	0.122047	0.340855	0.018176	0.518922	0.122047	0.340855	0.018176	0.518922	0.122047	0.340855	0.018176	0.518922	0.122047	0.340855	0.018176	0.518922	0.122047	0.340855	0.018176	0.518922	0.122047	0.340855	1,2,1,3,4,5	4.447658	0.090456	0.110906	0.118915	0.275801	0.332689	0.071233	0.326863	0.211106	0.110947	0.159491	0.079451	0.112141	0.090456	0.110906	0.118915	0.275801	0.332689	0.071233	0.185383	0.107445	0.060092	0.175862	0.044195	0.427024	0.101059	0.090330	0.120084	0.076585	0.375462	0.236481	0.214115	0.230796	0.179005	0.111468	0.230019	0.034597	1,1,1,1,1,1	0.007867	0.894440	0.894440	0.894440	0.894440	0.894440	0.894440	
950000	-115989	1,1,1,1,1,1	0.000000	5.740061	5.740061	5.740061	5.740061	5.740061	5.740061	1,1,1,1,1,1	0.000000	0.017456	0.535381	0.122576	0.324587	0.017456	0.535381	0.122576	0.324587	0.017456	0.535381	0.122576	0.324587	0.017456	0.535381	0.122576	0.324587	0.017456	0.535381	0.122576	0.324587	0.017456	0.535381	0.122576	0.324587	1,2,1,3,4,5	1.374222	0.176538	0.117070	0.145289	0.144099	0.368844	0.048160	0.282834	0.134486	0.036837	0.152888	0.244221	0.148735	0.176538	0.117070	0.145289	0.144099	0.368844	0.048160	0.000436	0.366234	0.361829	0.052245	0.002185	0.217071	0.085220	0.465720	0.018194	0.019486	0.139120	0.272260	0.448735	0.029152	0.070240	0.102807	0.263031	0.086035	1,1,1,1,1,1	0.000000	0.869373	0.869373	0.869373	0.869373	0.869373	0.869373	
951000	-115489	1,2,2,2,3,1	5.313595	6.078970	5.194665	5.194665	5.194665	6.016396	6.078970	1,1,1,1,1,1	0.000000	0.018202	0.518948	0.125992	0.336858	0.018202	0.518948	0.125992	0.336858	0.018202	0.518948	0.125992	0.336858	0.018202	0.518948	0.125992	0.336858	0.018202	0.518948	0.125992	0.336858	0.018202	0.518948	0.125992	0.336858	1,2,3,4,5,6	5.301455	0.039900	0.301261	0.228027	0.185678	0.213557	0.031577	0.229121	0.158622	0.090314	0.164655	0.209565	0.147722	0.065704	0.085875	0.252927	0.200926	0.317120	0.077448	0.044844	0.108434	0.279358	0.261034	0.055686	0.250644	0.072626	0.305016	0.198438	0.063342	0.115399	0.245178	0.438276	0.184615	0.020955	0.077963	0.172654	0.105538	1,2,2,2,2,2	0.265128	0.573397	0.904257	0.904257	0.904257	0.904257	0.904257	
952000	-115678	1,1,1,1,1,1	0.000000	5.699984	5.699984	5.699984	5.699984	5.699984	5.699984	1,2,3,2,1,2	2.031457	0.007163	0.601701	0.090404	0.300731	0.014114	0.517085	0.103222	0.365579	0.011136	0.565831	0.053914	0.369119	0.014114	0.517085	0.103222	0.365579	0.007163	0.601701	0.090404	0.300731	0.014114	0.517085	0.103222	0.365579	1,2,3,4,5,2	5.609162	0.063999	0.077164	0.252227	0.216138	0.236181	0.154291	0.278641	0.506955	0.071158	0.048350	0.059526	0.035370	0.290279	0.051038	0.123067	0.221916	0.270568	0.043132	0.109014	0.263559	0.032544	0.215571	0.054059	0.325253	0.155139	0.109548	0.346753	0.022647	0.180612	0.185301	0.278641	0.506955	0.071158	0.048350	0.059526	0.035370	1,1,1,1,1,1	0.000000	0.866995	0.866995	0.866995	0.866995	0.866995	0.866995	
953000	-115680	1,2,3,4,5,6	3.030859	6.068793	5.606202	5.783972	6.534291	5.684136	5.975357	1,1,1,1,1,1	0.000000	0.017885	0.523461	0.127029	0.331626	0.017885	0.523461	0.127029	0.331626	0.017885	0.523461	0.127029	0.331626	0.017885	0.523461	0.127029	0.331626	0.017885	0.523461	0.127029	0.331626	0.017885	0.523461	0.127029	0.331626	1,2,1,3,4,2	2.085455	0.047986	0.121113	0.203612	0.213364	0.357116	0.056808	0.481191	0.119403	0.054223	0.071589	0.175491	0.098103	0.047986	0.121113	0.203612	0.213364	0.357116	0.056808	0.050267	0.145639	0.054475	0.109919	0.032562	0.607138	0.116879	0.314579	0.100241	0.090703	0.192746	0.184852	0.481191	0.119403	0.054223	0.071589	0.175491	0.098103	1,2,2,2,2,2	0.161334	0.590616	0.857392	0.857392	0.857392	0.857392	0.857392	
954000	-115728	1,2,3,4,4,4	1.886424	6.097834	5.391935	5.705432	6.292893	6.292893	6.292893	1,1,1,1,1,1	0.000000	0.015469	0.529241	0.120993	0.334296	0.015469	0.529241	0.120993	0.334296	0.015469	0.529241	0.120993	0.334296	0.015469	0.529241	0.120993	0.334296	0.015469	0.529241	0.120993	0.334296	0.015469	0.529241	0.120993	0.334296	1,2,3,4,5,6	18.132617	0.126844	0.176061	0.173340	0.315770	0.164487	0.043498	0.171020	0.195290	0.335710	0.096992	0.088098	0.112890	0.189177	0.088079	0.418194	0.048772	0.209354	0.046423	0.194880	0.347434	0.134761	0.177328	0.002501	0.143096	0.148780	0.261075	0.014613	0.058120	0.267796	0.249616	0.544523	0.242304	0.023867	0.040073	0.090096	0.059137	1,1,1,1,1,1	0.000000	0.844587	0.844587	0.844587	0.844587	0.844587	0.844587	
955000	-116015	1,2,3,2,4,4	1.671134	5.732668	5.308650	5.720893	5.308650	6.461091	6.461091	1,1,1,1,1,1	0.000000	0.017103	0.518221	0.113075	0.351600	0.017103	0.518221	0.113075	0.351600	0.017103	0.518221	0.113075	0.351600	0.017103	0.518221	0.113075	0.351600	0.017103	0.518221	0.113075	0.351600	0.017103	0.518221	0.113075	0.351600	1,1,2,3,4,5	4.364843	0.370228	0.004454	0.116082	0.235628	0.178980	0.094628	0.370228	0.004454	0.116082	0.235628	0.178980	0.094628	0.127095	0.213508	0.030626	0.223696	0.351469	0.053606	0.019490	0.190451	0.109692	0.148312	0.045126	0.486928	0.036240	0.069641	0.389360	0.101364	0.315619	0.087776	0.170036	0.166836	0.075587	0.093430	0.343481	0.150631	1,2,2,2,2,2	0.023909	0.593885	0.920487	0.920487	0.920487	0.920487	0.920487	
956000	-116869	1,2,2,2,1,1	0.810991	6.045983	5.495039	5.495039	5.495039	6.045983	6.045983	1,1,1,1,1,1	0.000000	0.009483	0.543873	0.104896	0.341748	0.009483	0.543873	0.104896	0.341748	0.009483	0.543873	0.104896	0.341748	0.009483	0.543873	0.104896	0.341748	0.009483	0.543873	0.104896	0.341748	0.009483	0.543873	0.104896	0.341748	1,2,3,4,5,6	6.689261	0.067776	0.185273	0.080547	0.334069	0.193312	0.139023	0.132897	0.664906	0.022999	0.027548	0.098019	0.053631	0.124516	0.112953	0.168058	0.082477	0.442996	0.069000	0.175906	0.187631	0.072651	0.348194	0.066161	0.149457	0.264319	0.206801	0.041848	0.074463	0.210823	0.201746	0.325731	0.081936	0.180437	0.057543	0.188139	0.166212	1,1,1,1,1,1	0.000000	0.833661	0.833661	0.833661	0.833661	0.833661	0.833661	
957000	-115654	1,1,1,1,1,1	0.000000	6.071977	6.071977	6.071977	6.071977	6.071977	6.071977	1,1,1,1,1,1	0.000000	0.015225	0.529119	0.109899	0.345757	0.015225	0.529119	0.109899	0.345757	0.015225	0.529119	0.109899	0.345757	0.015225	0.529119	0.109899	0.345757	0.015225	0.529119	0.109899	0.345757	0.015225	0.529119	0.109899	0.345757	1,2,3,4,5,3	5.828687	0.010846	0.142964	0.228894	0.281968	0.248727	0.086602	0.536518	0.073527	0.069062	0.140346	0.045760	0.134787	0.090674	0.294763	0.045908	0.101559	0.371177	0.095918	0.041845	0.330759	0.014356	0.223757	0.042469	0.346813	0.053916	0.017409	0.529490	0.057116	0.141753	0.200316	0.090674	0.294763	0.045908	0.101559	0.371177	0.095918	1,2,2,2,2,2	0.052550	0.597333	0.906653	0.906653	0.906653	0.906653	0.906653	
958000	-115605	1,1,1,1,1,1	0.000000	5.924488	5.924488	5.924488	5.924488	5.924488	5.924488	1,1,1,1,1,1	0.000000	0.013949	0.513852	0.128294	0.343905	0.013949	0.513852	0.128294	0.343905	0.013949	0.513852	0.128294	0.343905	0.013949	0.513852	0.128294	0.343905	0.013949	0.513852	0.128294	0.343905	0.013949	0.513852	0.128294	0.343905	1,2,3,4,2,2	2.208075	0.073696	0.233345	0.312474	0.152092	0.183312	0.045080	0.239796	0.222295	0.113286	0.108567	0.226476	0.089578	0.218285	0.055411	0.318891	0.090968	0.276883	0.039563	0.093303	0.295585	0.198830	0.141404	0.005368	0.265511	0.239796	0.222295	0.113286	0.108567	0.226476	0.089578	0.239796	0.222295	0.113286	0.108567	0.226476	0.089578	1,2,2,2,2,2	0.445255	0.557120	0.902247	0.902247	0.902247	0.902247	0.902247	
959000	-115665	1,2,3,2,4,1	1.398469	5.951630	5.213044	5.622517	5.213044	5.815335	5.951630	1,1,1,1,1,1	0.000000	0.014183	0.529669	0.119933	0.336215	0.014183	0.529669	0.119933	0.336215	0.014183	0.529669	0.119933	0.336215	0.014183	0.529669	0.119933	0.336215	0.014183	0.529669	0.119933	0.336215	0.014183	0.529669	0.119933	0.336215	1,2,1,3,4,5	14.101544	0.120605	0.130860	0.190694	0.229405	0.288492	0.039944	0.548064	0.229011	0.032794	0.094401	0.049938	0.045791	0.120605	0.130860	0.190694	0.229405	0.288492	0.039944	0.040630	0.326985	0.068957	0.073827	0.022746	0.466856	0.112423	0.284030	0.099802	0.089821	0.168169	0.245755	0.441545	0.210533	0.014353	0.036351	0.203862	0.093356	1,2,2,2,2,2	0.204971	0.583755	0.863119	0.863119	0.863119	0.863119	0.863119	
960000	-115219	1,2,3,4,1,5	4.473995	5.990357	5.505007	5.881971	5.935828	5.990357	6.412733	1,1,1,1,1,1	0.000000	0.013692	0.509724	0.110356	0.366229	0.013692	0.509724	0.110356	0.366229	0.013692	0.509724	0.110356	0.366229	0.013692	0.509724	0.110356	0.366229	0.013692	0.509724	0.110356	0.366229	0.013692	0.509724	0.110356	0.366229	1,2,3,4,5,2	12.274947	0.290324	0.010091	0.157718	0.292393	0.175626	0.073848	0.600232	0.079651	0.049764	0.071761	0.109251	0.089341	0.056384	0.025256	0.052691	0.298801	0.547709	0.019159	0.017311	0.051013	0.125598	0.408437	0.008891	0.388750	0.214816	0.267477	0.343722	0.019862	0.086186	0.067937	0.600232	0.079651	0.049764	0.071761	0.109251	0.089341	1,2,2,2,2,2	0.050467	0.568803	0.977704	0.977704	0.977704	0.977704	0.977704	
961000	-115805	1,2,3,2,3,3	1.611121	6.155781	5.448220	5.982506	5.448220	5.982506	5.982506	1,1,1,1,1,1	0.000000	0.018057	0.512809	0.124286	0.344847	0.018057	0.512809	0.124286	0.344847	0.018057	0.512809	0.124286	0.344847	0.018057	0.512809	0.124286	0.344847	0.018057	0.512809	0.124286	0.344847	0.018057	0.512809	0.124286	0.344847	1,2,3,4,5,6	9.470606	0.291954	0.000132	0.177646	0.256908	0.216326	0.057034	0.336967	0.135617	0.066849	0.221664	0.137480	0.101424	0.088725	0.220598	0.024314	0.319295	0.321165	0.025903	0.005616	0.257802	0.011138	0.153928	0.022383	0.549134	0.037463	0.369366	0.115649	0.024359	0.185034	0.268129	0.232371	0.348551	0.011905	0.089148	0.129911	0.188113	1,1,1,1,1,1	0.000000	0.861473	0.861473	0.861473	0.861473	0.861473	0.861473	
962000	-115898	1,2,2,2,3,3	0.841675	6.060450	5.546331	5.546331	5.546331	6.247625	6.247625	1,1,1,1,1,1	0.000000	0.013081	0.507041	0.125729	0.354150	0.013081	0.507041	0.125729	0.354150	0.013081	0.507041	0.125729	0.354150	0.013081	0.507041	0.125729	0.354150	0.013081	0.507041	0.125729	0.354150	0.013081	0.507041	0.125729	0.354150	1,2,3,4,5,1	19.112424	0.207910	0.155326	0.150463	0.136986	0.261938	0.087376	0.438199	0.154059	0.255008	0.065589	0.077071	0.010074	0.081489	0.024935	0.273089	0.219441	0.351009	0.050036	0.263990	0.041627	0.407340	0.072530	0.012261	0.202252	0.268359	0.144104	0.122594	0.021540	0.289141	0.154261	0.207910	0.155326	0.150463	0.136986	0.261938	0.087376	1,2,2,2,2,2	1.419398	0.635357	0.976820	0.976820	0.976820	0.976820	0.976820	
963000	-115487	1,2,2,2,1,1	1.436311	5.930508	5.557094	5.557094	5.557094	5.930508	5.930508	1,1,1,1,1,1	0.000000	0.019254	0.514464	0.119818	0.346463	0.019254	0.514464	0.119818	0.346463	0.019254	0.514464	0.119818	0.346463	0.019254	0.514464	0.119818	0.346463	0.019254	0.514464	0.119818	0.346463	0.019254	0.514464	0.119818	0.346463	1,2,3,4,5,6	21.403573	0.069214	0.079751	0.299684	0.272068	0.193512	0.085771	0.290390	0.126898	0.057256	0.304204	0.134302	0.086950	0.138359	0.215281	0.063127	0.183273	0.371524	0.028435	0.042247	0.192019	0.109656	0.185213	0.036450	0.434415	0.047790	0.264276	0.103272	0.006629	0.240677	0.337356	0.298658	0.269037	0.036476	0.138145	0.227287	0.030396	1,1,1,1,1,1	0.000000	0.849799	0.849799	0.849799	0.849799	0.849799	0.849799	
964000	-115611	1,2,3,4,5,6	1.518734	6.011365	5.432125	6.107380	5.402243	6.340843	6.538703	1,1,1,1,1,1	0.100117	0.019400	0.510448	0.141227	0.328924	0.019400	0.510448	0.141227	0.328924	0.019400	0.510448	0.141227	0.328924	0.019400	0.510448	0.141227	0.328924	0.019400	0.510448	0.141227	0.328924	0.019400	0.510448	0.141227	0.328924	1,2,3,4,5,3	9.989628	0.027809	0.353200	0.052140	0.289941	0.220807	0.056102	0.280475	0.132778	0.200230	0.072138	0.144794	0.169584	0.161408	0.350665	0.147446	0.081100	0.193743	0.065638	0.190697	0.055902	0.268388	0.177262	0.021863	0.285887	0.029222	0.357813	0.075130	0.013836	0.246641	0.277358	0.161408	0.350665	0.147446	0.081100	0.193743	0.065638	1,1,1,1,1,1	0.000000	0.801588	0.801588	0.801588	0.801588	0.801588	0.801588	
965000	-115738	1,1,1,1,1,1	0.000000	5.710576	5.710576	5.710576	5.710576	5.710576	5.710576	1,1,1,1,1,1	0.000000	0.015108	0.532801	0.119923	0.332168	0.015108	0.532801	0.119923	0.332168	0.015108	0.532801	0.119923	0.332168	0.015108	0.532801	0.119923	0.332168	0.015108	0.532801	0.119923	0.332168	0.015108	0.532801	0.119923	0.332168	1,2,3,4,5,3	5.385259	0.008778	0.293004	0.411385	0.122593	0.096377	0.067862	0.137459	0.623494	0.148229	0.029695	0.035288	0.025836	0.257159	0.073291	0.194846	0.145306	0.231093	0.098305	0.024733	0.363252	0.205963	0.263582	0.011279	0.131191	0.218746	0.000025	0.162644	0.102287	0.141713	0.374584	0.257159	0.073291	0.194846	0.145306	0.231093	0.098305	1,1,1,1,1,1	0.000000	0.825574	0.825574	0.825574	0.825574	0.825574	0.825574	
966000	-115365	1,1,1,1,1,1	0.000000	5.825343	5.825343	5.825343	5.825343	5.825343	5.825343	1,1,1,1,1,1	0.000000	0.011953	0.516078	0.127377	0.344592	0.011953	0.516078	0.127377	0.344592	0.011953	0.516078	0.127377	0.344592	0.011953	0.516078	0.127377	0.344592	0.011953	0.516078	0.127377	0.344592	0.011953	0.516078	0.127377	0.344592	1,2,1,3,4,5	13.923662	0.121344	0.057800	0.086665	0.235402	0.437813	0.060976	0.274267	0.528193	0.066373	0.017285	0.034644	0.079238	0.121344	0.057800	0.086665	0.235402	0.437813	0.060976	0.056744	0.142570	0.260753	0.250701	0.021719	0.267513	0.041487	0.134609	0.272128	0.093819	0.294859	0.163098	0.258053	0.063848	0.444959	0.061045	0.130068	0.042027	1,2,2,2,2,2	0.024876	0.677292	0.890235	0.890235	0.890235	0.890235	0.890235	
967000	-116009	1,1,1,1,1,1	0.000010	5.885602	5.885602	5.885602	5.885602	5.885602	5.885602	1,1,1,1,1,1	0.000000	0.016422	0.529117	0.136099	0.318362	0.016422	0.529117	0.136099	0.318362	0.016422	0.529117	0.136099	0.318362	0.016422	0.529117	0.136099	0.318362	0.016422	0.529117	0.136099	0.318362	0.016422	0.529117	0.136099	0.318362	1,2,3,4,5,6	5.089109	0.113770	0.040157	0.217603	0.215033	0.230885	0.182553	0.211937	0.091167	0.478985	0.113237	0.058265	0.046410	0.032680	0.413908	0.105104	0.073934	0.335782	0.038593	0.284901	0.151034	0.200762	0.069436	0.003626	0.290241	0.010617	0.039355	0.441587	0.010328	0.306993	0.191121	0.271779	0.082459	0.302508	0.078858	0.139799	0.124596	1,2,2,3,2,2	0.161576	0.595243	0.931975	0.931975	0.746779	0.931975	0.931975	
968000	-115325	1,2,3,3,4,5	6.197087	5.927264	5.464793	5.965804	5.965804	5.630435	5.801952	1,1,1,1,1,1	0.000000	0.014820	0.539679	0.110379	0.335122	0.014820	0.539679	0.110379	0.335122	0.014820	0.539679	0.110379	0.335122	0.014820	0.539679	0.110379	0.335122	0.014820	0.539679	0.110379	0.335122	0.014820	0.539679	0.110379	0.335122	1,2,3,4,5,2	14.771286	0.007898	0.199186	0.377464	0.234432	0.170099	0.010921	0.386017	0.317922	0.020363	0.091019	0.111757	0.072923	0.068266	0.029341	0.046784	0.139229	0.549393	0.166987	0.291524	0.143162	0.113058	0.138901	0.006952	0.306403	0.139722	0.163266	0.182866	0.059722	0.259689	0.194735	0.386017	0.317922	0.020363	0.091019	0.111757	0.072923	1,1,1,1,1,1	0.000000	0.839024	0.839024	0.839024	0.839024	0.839024	0.839024	
969000	-116651	1,1,1,1,1,1	0.000000	6.233360	6.233360	6.233360	6.233360	6.233360	6.233360	1,1,1,1,1,1	0.000000	0.021398	0.512000	0.124540	0.342062	0.021398	0.512000	0.124540	0.342062	0.021398	0.512000	0.124540	0.342062	0.021398	0.512000	0.124540	0.342062	0.021398	0.512000	0.124540	0.342062	0.021398	0.512000	0.124540	0.342062	1,2,1,3,4,5	6.832574	0.049096	0.362151	0.040471	0.201240	0.323344	0.023699	0.225879	0.149015	0.034203	0.072147	0.337167	0.181588	0.049096	0.362151	0.040471	0.201240	0.323344	0.023699	0.014728	0.105930	0.148197	0.165988	0.100753	0.464404	0.128149	0.051865	0.120218	0.030063	0.414145	0.255559	0.449651	0.129120	0.020867	0.129662	0.186338	0.084363	1,1,1,1,1,1	0.010817	0.797503	0.797503	0.797503	0.797503	0.797503	0.797503	
970000	-116021	1,2,3,2,3,1	0.353295	6.003934	5.190359	5.941859	5.190359	5.941859	6.003934	1,1,1,1,1,1	0.000000	0.010186	0.528626	0.132140	0.329047	0.010186	0.528626	0.132140	0.329047	0.010186	0.528626	0.132140	0.329047	0.010186	0.528626	0.132140	0.329047	0.010186	0.528626	0.132140	0.329047	0.010186	0.528626	0.132140	0.329047	1,2,3,4,5,6	6.265717	0.121787	0.096507	0.303302	0.082457	0.232853	0.163094	0.284359	0.057998	0.267346	0.107272	0.122167	0.160858	0.033686	0.086061	0.304699	0.134635	0.401530	0.039389	0.119624	0.008637	0.190840	0.271961	0.086156	0.322782	0.087013	0.263398	0.200164	0.035586	0.166599	0.247240	0.257981	0.174856	0.021124	0.184209	0.203145	0.158684	1,2,2,2,3,2	2.131235	0.845721	0.955928	0.955928	0.955928	1.027163	0.955928	
971000	-115995	1,1,1,1,1,1	0.000000	5.715188	5.715188	5.715188	5.715188	5.715188	5.715188	1,1,1,1,1,1	0.000000	0.016819	0.504368	0.127864	0.350950	0.016819	0.504368	0.127864	0.350950	0.016819	0.504368	0.127864	0.350950	0.016819	0.504368	0.127864	0.350950	0.016819	0.504368	0.127864	0.350950	0.016819	0.504368	0.127864	0.350950	1,2,3,4,5,2	17.424084	0.135050	0.360763	0.069982	0.197080	0.179896	0.057229	0.425163	0.096987	0.230699	0.048504	0.110824	0.087822	0.095546	0.148782	0.248792	0.171729	0.310195	0.024956	0.132748	0.111516	0.070402	0.237175	0.094214	0.353945	0.097671	0.025048	0.091366	0.201276	0.390119	0.194520	0.425163	0.096987	0.230699	0.048504	0.110824	0.087822	1,2,2,2,2,2	0.533829	0.871782	0.945218	0.945218	0.945218	0.945218	0.945218	
972000	-115343	1,1,1,1,1,1	0.000000	5.753141	5.753141	5.753141	5.753141	5.753141	5.753141	1,1,1,1,1,1	0.000000	0.015915	0.531128	0.117065	0.335892	0.015915	0.531128	0.117065	0.335892	0.015915	0.531128	0.117065	0.335892	0.015915	0.531128	0.117065	0.335892	0.015915	0.531128	0.117065	0.335892	0.015915	0.531128	0.117065	0.335892	1,2,3,4,5,6	5.108450	0.008988	0.135641	0.108296	0.259106	0.240076	0.247892	0.541744	0.060400	0.223859	0.065339	0.064503	0.044155	0.304749	0.105238	0.029563	0.110115	0.334580	0.115754	0.134043	0.182743	0.033702	0.175976	0.020431	0.453104	0.108248	0.258012	0.248750	0.016160	0.142553	0.226276	0.347445	0.021353	0.194715	0.078629	0.213376	0.144483	1,2,2,3,2,2	1.487570	0.860491	0.905514	0.905514	0.891340	0.905514	0.905514	
973000	-116025	1,2,3,2,3,1	2.543496	5.944012	5.343657	5.902345	5.343657	5.902345	5.944012	1,1,1,1,1,1	0.000000	0.014444	0.522785	0.113022	0.349749	0.014444	0.522785	0.113022	0.349749	0.014444	0.522785	0.113022	0.349749	0.014444	0.522785	0.113022	0.349749	0.014444	0.522785	0.113022	0.349749	0.014444	0.522785	0.113022	0.349749	1,2,3,4,5,2	13.056292	0.048179	0.022763	0.147401	0.295766	0.450093	0.035798	0.285390	0.112020	0.243288	0.140183	0.169436	0.049683	0.022874	0.430580	0.226620	0.110659	0.204729	0.004539	0.171123	0.038945	0.025657	0.187161	0.054843	0.522271	0.066898	0.437258	0.053828	0.073767	0.147144	0.221105	0.285390	0.112020	0.243288	0.140183	0.169436	0.049683	1,2,2,2,2,2	0.430194	0.706525	0.954453	0.954453	0.954453	0.954453	0.954453	
974000	-116069	1,2,2,3,4,2	1.531398	5.703363	5.849610	5.849610	5.206631	6.584398	5.849610	1,1,1,1,1,1	0.000000	0.013654	0.502263	0.118160	0.365922	0.013654	0.502263	0.118160	0.365922	0.013654	0.502263	0.118160	0.365922	0.013654	0.502263	0.118160	0.365922	0.013654	0.502263	0.118160	0.365922	0.013654	0.502263	0.118160	0.365922	1,2,2,3,4,2	8.443957	0.022682	0.421199	0.057536	0.303216	0.150573	0.044793	0.339625	0.074785	0.234186	0.121793	0.197597	0.032013	0.339625	0.074785	0.234186	0.121793	0.197597	0.032013	0.020766	0.004377	0.273584	0.285999	0.052060	0.363214	0.409823	0.009199	0.198352	0.007525	0.175616	0.199486	0.339625	0.074785	0.234186	0.121793	0.197597	0.032013	1,2,2,2,2,2	4.079695	0.623764	0.979939	0.979939	0.979939	0.979939	0.979939	
975000	-115737	1,2,1,2,1,1	0.039313	5.841306	5.174980	5.841306	5.174980	5.841306	5.841306	1,1,1,1,1,1	0.000000	0.014869	0.509252	0.112673	0.363206	0.014869	0.509252	0.112673	0.363206	0.014869	0.509252	0.112673	0.363206	0.014869	0.509252	0.112673	0.363206	0.014869	0.509252	0.112673	0.363206	0.014869	0.509252	0.112673	0.363206	1,1,2,3,4,2	0.973486	0.132908	0.131061	0.184546	0.320182	0.159858	0.071444	0.132908	0.131061	0.184546	0.320182	0.159858	0.071444	0.211917	0.222245	0.108749	0.110024	0.278112	0.068954	0.025942	0.163449	0.394120	0.180183	0.027430	0.208876	0.169151	0.060375	0.165061	0.118436	0.257443	0.229534	0.211917	0.222245	0.108749	0.110024	0.278112	0.068954	1,2,2,2,2,2	0.311398	0.566609	0.901331	0.901331	0.901331	0.901331	0.901331	
976000	-115792	1,2,3,4,5,6	9.892724	5.970174	5.292843	5.863321	5.873488	6.121372	5.871531	1,1,1,1,1,1	0.000000	0.012329	0.522217	0.129705	0.335749	0.012329	0.522217	0.129705	0.335749	0.012329	0.522217	0.129705	0.335749	0.012329	0.522217	0.129705	0.335749	0.012329	0.522217	0.129705	0.335749	0.012329	0.522217	0.129705	0.335749	1,2,3,4,2,5	29.466568	0.040783	0.367878	0.354700	0.109996	0.104107	0.022536	0.181685	0.561273	0.082291	0.035393	0.078745	0.060614	0.040923	0.177818	0.098875	0.131602	0.462639	0.088143	0.090919	0.003184	0.171029	0.162850	0.049148	0.522869	0.181685	0.561273	0.082291	0.035393	0.078745	0.060614	0.378742	0.118911	0.165735	0.037757	0.182473	0.116381	1,2,2,2,2,2	0.164556	0.542604	0.894583	0.894583	0.894583	0.894583	0.894583	
977000	-115343	1,2,3,1,3,3	1.993921	6.303464	5.371154	5.958153	6.303464	5.958153	5.958153	1,1,1,1,1,1	0.019489	0.015961	0.533056	0.113206	0.337777	0.015961	0.533056	0.113206	0.337777	0.015961	0.533056	0.113206	0.337777	0.015961	0.533056	0.113206	0.337777	0.015961	0.533056	0.113206	0.337777	0.015961	0.533056	0.113206	0.337777	1,1,2,3,4,1	1.298191	0.475765	0.113769	0.093186	0.102465	0.136029	0.078787	0.475765	0.113769	0.093186	0.102465	0.136029	0.078787	0.116264	0.489444	0.010594	0.095989	0.269453	0.018257	0.039745	0.526948	0.297114	0.051476	0.003244	0.081474	0.076116	0.030422	0.542461	0.039366	0.160136	0.151499	0.475765	0.113769	0.093186	0.102465	0.136029	0.078787	1,2,2,2,2,2	0.104354	0.667469	0.939325	0.939325	0.939325	0.939325	0.939325	
978000	-115745	1,1,1,1,1,1	0.000000	5.948716	5.948716	5.948716	5.948716	5.948716	5.948716	1,1,1,1,1,1	0.000000	0.015073	0.531074	0.115763	0.338090	0.015073	0.531074	0.115763	0.338090	0.015073	0.531074	0.115763	0.338090	0.015073	0.531074	0.115763	0.338090	0.015073	0.531074	0.115763	0.338090	0.015073	0.531074	0.115763	0.338090	1,2,1,3,4,2	1.804946	0.386648	0.091242	0.044411	0.158644	0.316533	0.002522	0.496820	0.114914	0.099222	0.072795	0.117296	0.098953	0.386648	0.091242	0.044411	0.158644	0.316533	0.002522	0.016747	0.321816	0.112142	0.137610	0.039749	0.371936	0.123232	0.290660	0.293547	0.013542	0.155001	0.124018	0.496820	0.114914	0.099222	0.072795	0.117296	0.098953	1,2,2,2,2,2	0.244600	0.692460	0.899741	0.899741	0.899741	0.899741	0.899741	
979000	-115800	1,1,1,1,1,1	0.000000	5.697331	5.697331	5.697331	5.697331	5.697331	5.697331	1,2,1,2,1,1	0.323854	0.011833	0.526085	0.107287	0.354795	0.013485	0.530586	0.150022	0.305907	0.011833	0.526085	0.107287	0.354795	0.013485	0.530586	0.150022	0.305907	0.011833	0.526085	0.107287	0.354795	0.011833	0.526085	0.107287	0.354795	1,2,3,4,5,6	3.234075	0.182262	0.040515	0.172316	0.194428	0.301091	0.109388	0.294446	0.053443	0.356562	0.062864	0.076324	0.156360	0.110988	0.052258	0.137530	0.183322	0.491871	0.024031	0.046332	0.017347	0.268625	0.394353	0.060825	0.212517	0.258721	0.027149	0.268146	0.044866	0.139330	0.261788	0.251695	0.015701	0.364493	0.114088	0.206432	0.047591	1,2,3,1,3,3	1.665016	0.793074	0.958655	0.938874	0.793074	0.938874	0.938874	
980000	-115433	1,2,3,4,5,3	6.499955	6.262980	5.305503	5.488918	7.161507	5.603776	5.488918	1,1,1,1,1,1	0.000000	0.020693	0.498076	0.144020	0.337211	0.020693	0.498076	0.144020	0.337211	0.020693	0.498076	0.144020	0.337211	0.020693	0.498076	0.144020	0.337211	0.020693	0.498076	0.144020	0.337211	0.020693	0.498076	0.144020	0.337211	1,2,1,3,4,2	1.142821	0.023829	0.287074	0.179574	0.158250	0.273714	0.077560	0.382380	0.058723	0.107886	0.132230	0.206891	0.111889	0.023829	0.287074	0.179574	0.158250	0.273714	0.077560	0.045339	0.473559	0.167815	0.100334	0.001819	0.211134	0.154608	0.114230	0.059330	0.112858	0.232056	0.326917	0.382380	0.058723	0.107886	0.132230	0.206891	0.111889	1,1,1,1,1,1	0.000000	0.801231	0.801231	0.801231	0.801231	0.801231	0.801231	
981000	-116431	1,2,3,2,1,1	1.968072	5.901389	5.103862	5.743317	5.103862	5.901389	5.901389	1,1,1,1,1,1	0.000000	0.012199	0.505203	0.123842	0.358756	0.012199	0.505203	0.123842	0.358756	0.012199	0.505203	0.123842	0.358756	0.012199	0.505203	0.123842	0.358756	0.012199	0.505203	0.123842	0.358756	0.012199	0.505203	0.123842	0.358756	1,2,1,3,4,5	2.129129	0.170681	0.095726	0.311605	0.150045	0.238481	0.033463	0.244172	0.026989	0.337612	0.220106	0.133397	0.037723	0.170681	0.095726	0.311605	0.150045	0.238481	0.033463	0.120512	0.054084	0.417889	0.086727	0.062109	0.258678	0.071937	0.475545	0.169695	0.057063	0.105930	0.119831	0.283605	0.003063	0.350499	0.086885	0.159522	0.116426	1,1,1,1,1,1	0.000000	0.881320	0.881320	0.881320	0.881320	0.881320	0.881320	
982000	-116018	1,2,2,1,3,3	1.341239	5.305539	5.633185	5.633185	5.305539	6.343140	6.343140	1,2,2,1,2,2	0.046801	0.003238	0.457826	0.197336	0.341600	0.015312	0.513911	0.117719	0.353058	0.015312	0.513911	0.117719	0.353058	0.003238	0.457826	0.197336	0.341600	0.015312	0.513911	0.117719	0.353058	0.015312	0.513911	0.117719	0.353058	1,1,2,3,4,1	3.376283	0.331101	0.103938	0.351490	0.066022	0.116581	0.030868	0.331101	0.103938	0.351490	0.066022	0.116581	0.030868	0.015441	0.221387	0.299051	0.181523	0.225151	0.057448	0.159197	0.104347	0.456644	0.149664	0.026342	0.103805	0.170119	0.050902	0.324288	0.072702	0.126481	0.255508	0.331101	0.103938	0.351490	0.066022	0.116581	0.030868	1,2,2,2,2,2	0.670660	0.536924	0.897609	0.897609	0.897609	0.897609	0.897609	
983000	-115620	1,2,1,2,1,1	0.016781	5.983358	5.030513	5.983358	5.030513	5.983358	5.983358	1,1,1,1,1,1	0.000000	0.015623	0.523016	0.144817	0.316544	0.015623	0.523016	0.144817	0.316544	0.015623	0.523016	0.144817	0.316544	0.015623	0.523016	0.144817	0.316544	0.015623	0.523016	0.144817	0.316544	0.015623	0.523016	0.144817	0.316544	1,2,1,3,4,5	14.639464	0.052410	0.040126	0.156707	0.184432	0.420359	0.145965	0.355418	0.271788	0.027567	0.120143	0.132383	0.092702	0.052410	0.040126	0.156707	0.184432	0.420359	0.145965	0.067440	0.244303	0.071877	0.360753	0.011754	0.243872	0.031603	0.123949	0.636845	0.014513	0.112121	0.080968	0.266566	0.155253	0.206605	0.119607	0.154972	0.096996	1,1,1,1,1,1	0.000000	0.853830	0.853830	0.853830	0.853830	0.853830	0.853830	
984000	-115831	1,1,1,1,1,1	0.000000	5.780783	5.780783	5.780783	5.780783	5.780783	5.780783	1,1,1,1,1,1	0.000007	0.012952	0.544970	0.122616	0.319463	0.012952	0.544970	0.122616	0.319463	0.012952	0.544970	0.122616	0.319463	0.012952	0.544970	0.122616	0.319463	0.012952	0.544970	0.122616	0.319463	0.012952	0.544970	0.122616	0.319463	1,2,3,4,5,6	10.354816	0.183515	0.176501	0.112205	0.250299	0.222474	0.055005	0.244198	0.413228	0.172951	0.023903	0.071460	0.074261	0.022815	0.228867	0.347267	0.057454	0.311558	0.032039	0.047800	0.213180	0.289579	0.291597	0.030459	0.127385	0.077989	0.513820	0.154364	0.038295	0.126646	0.088886	0.289801	0.005549	0.432220	0.050208	0.180946	0.041275	1,2,2,2,2,2	0.890542	0.568046	0.883838	0.883838	0.883838	0.883838	0.883838	
985000	-115699	1,1,1,1,1,1	0.000000	5.909057	5.909057	5.909057	5.909057	5.909057	5.909057	1,1,1,1,1,1	0.000000	0.015584	0.520258	0.128716	0.335442	0.015584	0.520258	0.128716	0.335442	0.015584	0.520258	0.128716	0.335442	0.015584	0.520258	0.128716	0.335442	0.015584	0.520258	0.128716	0.335442	0.015584	0.520258	0.128716	0.335442	1,2,1,3,4,2	2.680371	0.165075	0.157776	0.168673	0.194767	0.279148	0.034560	0.400879	0.142699	0.148887	0.063301	0.163646	0.080588	0.165075	0.157776	0.168673	0.194767	0.279148	0.034560	0.000530	0.080742	0.043991	0.547028	0.055046	0.272664	0.154080	0.161742	0.041918	0.083794	0.295925	0.262541	0.400879	0.142699	0.148887	0.063301	0.163646	0.080588	1,1,1,1,1,1	0.000002	0.855775	0.855775	0.855775	0.855775	0.855775	0.855775	
986000	-115491	1,1,1,1,1,1	0.000000	5.763616	5.763616	5.763616	5.763616	5.763616	5.763616	1,1,1,1,1,1	0.000000	0.015316	0.499641	0.145030	0.340013	0.015316	0.499641	0.145030	0.340013	0.015316	0.499641	0.145030	0.340013	0.015316	0.499641	0.145030	0.340013	0.015316	0.499641	0.145030	0.340013	0.015316	0.499641	0.145030	0.340013	1,2,3,4,5,6	3.242529	0.007574	0.263756	0.338529	0.172602	0.180773	0.036766	0.334190	0.058450	0.384704	0.034550	0.092677	0.095429	0.078834	0.152037	0.414012	0.142061	0.201196	0.011860	0.005434	0.014857	0.086346	0.415336	0.034955	0.443072	0.195220	0.258851	0.163818	0.039955	0.156340	0.185817	0.262876	0.151335	0.158740	0.048308	0.250886	0.127856	1,2,2,2,2,2	0.671891	0.725825	0.908245	0.908245	0.908245	0.908245	0.908245	
987000	-115739	1,2,2,2,2,3	1.288376	6.327683	5.721580	5.721580	5.721580	5.721580	6.239846	1,2,1,1,1,1	0.283308	0.014636	0.523603	0.118317	0.343444	0.098646	0.425044	0.072033	0.404276	0.014636	0.523603	0.118317	0.343444	0.014636	0.523603	0.118317	0.343444	0.014636	0.523603	0.118317	0.343444	0.014636	0.523603	0.118317	0.343444	1,2,3,4,5,6	7.721010	0.049079	0.262629	0.299108	0.177959	0.193171	0.018054	0.241279	0.296000	0.059276	0.259107	0.086196	0.058143	0.071954	0.033062	0.247777	0.172174	0.394367	0.080665	0.029725	0.108899	0.048333	0.276756	0.020901	0.515386	0.100461	0.093480	0.264500	0.093328	0.285766	0.162464	0.644002	0.079248	0.000472	0.105852	0.099328	0.071098	1,2,2,2,2,2	0.819005	0.684060	0.883915	0.883915	0.883915	0.883915	0.883915	
988000	-115694	1,2,3,4,5,1	3.177381	6.032204	5.513684	5.954517	5.633766	5.928783	6.032204	1,2,1,2,1,1	1.250465	0.015112	0.508765	0.114218	0.361905	0.030779	0.495851	0.151471	0.321899	0.015112	0.508765	0.114218	0.361905	0.030779	0.495851	0.151471	0.321899	0.015112	0.508765	0.114218	0.361905	0.015112	0.508765	0.114218	0.361905	1,2,3,4,1,2	1.999706	0.095521	0.151753	0.222461	0.132897	0.243228	0.154140	0.387413	0.200706	0.004033	0.077582	0.245015	0.085250	0.029829	0.284220	0.106387	0.121321	0.408032	0.050211	0.001646	0.059965	0.498439	0.142181	0.039160	0.258609	0.095521	0.151753	0.222461	0.132897	0.243228	0.154140	0.387413	0.200706	0.004033	0.077582	0.245015	0.085250	1,1,1,1,1,1	0.000000	0.836290	0.836290	0.836290	0.836290	0.836290	0.836290	
989000	-116693	1,2,2,3,4,5	3.529284	6.281981	5.638468	5.638468	4.629476	6.109743	5.785854	1,1,1,1,1,1	0.000000	0.012164	0.527474	0.114533	0.345828	0.012164	0.527474	0.114533	0.345828	0.012164	0.527474	0.114533	0.345828	0.012164	0.527474	0.114533	0.345828	0.012164	0.527474	0.114533	0.345828	0.012164	0.527474	0.114533	0.345828	1,2,3,4,2,2	4.082800	0.232490	0.028931	0.296575	0.157758	0.236279	0.047967	0.623489	0.048038	0.070397	0.070420	0.113070	0.074586	0.034524	0.027810	0.207615	0.271394	0.414836	0.043821	0.019458	0.367232	0.075091	0.084611	0.090172	0.363436	0.623489	0.048038	0.070397	0.070420	0.113070	0.074586	0.623489	0.048038	0.070397	0.070420	0.113070	0.074586	1,2,3,3,3,3	0.041821	0.768665	0.969021	0.831929	0.831929	0.831929	0.831929	
990000	-115759	1,1,1,1,1,1	0.000000	5.896776	5.896776	5.896776	5.896776	5.896776	5.896776	1,1,1,1,1,1	0.000000	0.012875	0.533178	0.123926	0.330021	0.012875	0.533178	0.123926	0.330021	0.012875	0.533178	0.123926	0.330021	0.012875	0.533178	0.123926	0.330021	0.012875	0.533178	0.123926	0.330021	0.012875	0.533178	0.123926	0.330021	1,2,1,3,4,2	5.341564	0.004359	0.113570	0.376725	0.142470	0.294166	0.068710	0.683506	0.019563	0.003080	0.135064	0.117419	0.041367	0.004359	0.113570	0.376725	0.142470	0.294166	0.068710	0.214923	0.258969	0.215322	0.068539	0.017783	0.224464	0.018959	0.126999	0.144200	0.037960	0.401911	0.269971	0.683506	0.019563	0.003080	0.135064	0.117419	0.041367	1,2,2,2,2,2	0.100789	0.662775	0.930331	0.930331	0.930331	0.930331	0.930331	
991000	-115784	1,2,1,2,1,1	0.746947	5.990042	5.512733	5.990042	5.512733	5.990042	5.990042	1,1,1,1,1,1	0.000000	0.012495	0.504904	0.127323	0.355278	0.012495	0.504904	0.127323	0.355278	0.012495	0.504904	0.127323	0.355278	0.012495	0.504904	0.127323	0.355278	0.012495	0.504904	0.127323	0.355278	0.012495	0.504904	0.127323	0.355278	1,2,3,4,5,5	22.481658	0.089075	0.021161	0.447118	0.134221	0.256896	0.051530	0.319049	0.037037	0.161949	0.285325	0.100713	0.095927	0.091325	0.107363	0.248103	0.131864	0.395969	0.025376	0.129448	0.062278	0.017159	0.350693	0.044979	0.395443	0.341024	0.121182	0.145644	0.058441	0.168926	0.164783	0.341024	0.121182	0.145644	0.058441	0.168926	0.164783	1,2,3,1,3,2	0.603792	0.878803	0.977051	0.943544	0.878803	0.943544	0.977051	
992000	-116412	1,1,1,1,1,1	0.000000	5.828475	5.828475	5.828475	5.828475	5.828475	5.828475	1,1,1,1,1,1	0.000113	0.018484	0.538353	0.117141	0.326022	0.018484	0.538353	0.117141	0.326022	0.018484	0.538353	0.117141	0.326022	0.018484	0.538353	0.117141	0.326022	0.018484	0.538353	0.117141	0.326022	0.018484	0.538353	0.117141	0.326022	1,2,1,3,1,1	8.884071	0.134010	0.090139	0.266792	0.161539	0.276613	0.070907	0.215047	0.048833	0.001516	0.333569	0.210396	0.190638	0.134010	0.090139	0.266792	0.161539	0.276613	0.070907	0.219380	0.083925	0.078722	0.380915	0.018797	0.218261	0.134010	0.090139	0.266792	0.161539	0.276613	0.070907	0.134010	0.090139	0.266792	0.161539	0.276613	0.070907	1,2,2,2,2,2	0.483073	0.548355	0.876237	0.876237	0.876237	0.876237	0.876237	
993000	-116212	1,2,1,3,4,5	1.114756	5.986854	5.863457	5.986854	4.756545	6.007115	6.110084	1,1,1,1,1,1	0.000000	0.016262	0.511809	0.124605	0.347324	0.016262	0.511809	0.124605	0.347324	0.016262	0.511809	0.124605	0.347324	0.016262	0.511809	0.124605	0.347324	0.016262	0.511809	0.124605	0.347324	0.016262	0.511809	0.124605	0.347324	1,2,1,3,4,5	7.223501	0.031456	0.118207	0.306013	0.132609	0.352263	0.059452	0.330091	0.001057	0.023150	0.202044	0.196255	0.247402	0.031456	0.118207	0.306013	0.132609	0.352263	0.059452	0.157189	0.058387	0.194312	0.247306	0.096470	0.246336	0.199781	0.108692	0.257538	0.085697	0.167950	0.180342	0.338911	0.051917	0.133986	0.056192	0.202958	0.216035	1,2,2,2,2,2	0.113356	0.583828	0.947847	0.947847	0.947847	0.947847	0.947847	
994000	-115566	1,1,1,1,1,1	0.000000	5.957009	5.957009	5.957009	5.957009	5.957009	5.957009	1,1,1,1,1,1	0.000000	0.015931	0.508712	0.146314	0.329042	0.015931	0.508712	0.146314	0.329042	0.015931	0.508712	0.146314	0.329042	0.015931	0.508712	0.146314	0.329042	0.015931	0.508712	0.146314	0.329042	0.015931	0.508712	0.146314	0.329042	1,2,3,4,5,6	7.035636	0.135298	0.068278	0.033809	0.287306	0.330888	0.144421	0.301067	0.320898	0.103421	0.074289	0.121825	0.078501	0.328226	0.230735	0.143860	0.066650	0.206088	0.024440	0.250773	0.166901	0.024114	0.216159	0.009771	0.332281	0.066470	0.321758	0.215839	0.029260	0.248705	0.117967	0.327672	0.078402	0.075616	0.155906	0.232771	0.129632	1,2,2,3,2,2	0.352423	0.665467	0.972286	0.972286	0.740962	0.972286	0.972286	
995000	-115772	1,2,3,4,5,6	8.641107	5.547507	5.419998	5.585577	6.799238	6.106571	5.754090	1,1,1,1,1,1	0.000000	0.017894	0.484014	0.138586	0.359506	0.017894	0.484014	0.138586	0.359506	0.017894	0.484014	0.138586	0.359506	0.017894	0.484014	0.138586	0.359506	0.017894	0.484014	0.138586	0.359506	0.017894	0.484014	0.138586	0.359506	1,2,3,4,5,2	5.978285	0.076751	0.028080	0.303751	0.218100	0.331585	0.041733	0.356825	0.248668	0.038217	0.094668	0.214376	0.047247	0.036703	0.504665	0.007836	0.111425	0.301125	0.038246	0.054613	0.354496	0.277954	0.221928	0.007322	0.083687	0.013351	0.116920	0.237519	0.017321	0.346509	0.268381	0.356825	0.248668	0.038217	0.094668	0.214376	0.047247	1,2,2,2,2,2	1.211170	0.473253	0.912302	0.912302	0.912302	0.912302	0.912302	
996000	-116022	1,1,1,1,1,1	0.000000	5.908330	5.908330	5.908330	5.908330	5.908330	5.908330	1,1,1,1,1,1	0.000000	0.011590	0.542670	0.116846	0.328893	0.011590	0.542670	0.116846	0.328893	0.011590	0.542670	0.116846	0.328893	0.011590	0.542670	0.116846	0.328893	0.011590	0.542670	0.116846	0.328893	0.011590	0.542670	0.116846	0.328893	1,2,3,4,5,5	10.733758	0.024808	0.173442	0.128512	0.259167	0.301467	0.112603	0.370335	0.079085	0.388924	0.034701	0.042657	0.084298	0.030547	0.081179	0.194612	0.282645	0.382317	0.028701	0.137800	0.184389	0.139957	0.123651	0.077227	0.336976	0.280623	0.086129	0.080368	0.062117	0.264399	0.226364	0.280623	0.086129	0.080368	0.062117	0.264399	0.226364	1,2,2,2,2,2	1.121473	0.683417	0.929891	0.929891	0.929891	0.929891	0.929891	
997000	-116255	1,2,3,1,4,4	1.017633	6.338848	5.424856	5.489237	6.338848	5.952805	5.952805	1,1,1,1,1,1	0.000000	0.018346	0.519079	0.123360	0.339215	0.018346	0.519079	0.123360	0.339215	0.018346	0.519079	0.123360	0.339215	0.018346	0.519079	0.123360	0.339215	0.018346	0.519079	0.123360	0.339215	0.018346	0.519079	0.123360	0.339215	1,2,1,3,2,2	0.337166	0.040825	0.331588	0.086082	0.170115	0.297870	0.073520	0.201487	0.167101	0.278288	0.048485	0.152842	0.151797	0.040825	0.331588	0.086082	0.170115	0.297870	0.073520	0.159901	0.251793	0.071504	0.100405	0.043872	0.372526	0.201487	0.167101	0.278288	0.048485	0.152842	0.151797	0.201487	0.167101	0.278288	0.048485	0.152842	0.151797	1,1,1,1,1,1	0.000000	0.834122	0.834122	0.834122	0.834122	0.834122	0.834122	
998000	-115541	1,1,1,1,1,1	0.000000	5.759230	5.759230	5.759230	5.759230	5.759230	5.759230	1,1,2,1,1,2	0.100967	0.018471	0.515653	0.124782	0.341094	0.018471	0.515653	0.124782	0.341094	0.012476	0.541222	0.082972	0.363331	0.018471	0.515653	0.124782	0.341094	0.018471	0.515653	0.124782	0.341094	0.012476	0.541222	0.082972	0.363331	1,2,1,3,4,2	1.381521	0.084912	0.253171	0.184894	0.149699	0.314302	0.013023	0.572341	0.005923	0.058200	0.126988	0.144621	0.091928	0.084912	0.253171	0.184894	0.149699	0.314302	0.013023	0.159938	0.044181	0.297723	0.260130	0.053310	0.184719	0.099217	0.334883	0.033635	0.068557	0.208386	0.255322	0.572341	0.005923	0.058200	0.126988	0.144621	0.091928	1,2,2,1,2,2	0.271939	0.742816	0.927493	0.927493	0.742816	0.927493	0.927493	
999000	-115970	1,2,3,4,1,1	2.495607	5.993432	5.618644	5.597606	5.216659	5.993432	5.993432	1,1,1,1,1,1	0.000000	0.015646	0.507297	0.155655	0.321401	0.015646	0.507297	0.155655	0.321401	0.015646	0.507297	0.155655	0.321401	0.015646	0.507297	0.155655	0.321401	0.015646	0.507297	0.155655	0.321401	0.015646	0.507297	0.155655	0.321401	1,2,3,4,5,6	5.016883	0.015621	0.257266	0.383260	0.190746	0.139061	0.014046	0.428095	0.186755	0.011882	0.156300	0.073887	0.143081	0.025257	0.123612	0.508416	0.079439	0.206921	0.056355	0.029868	0.187346	0.211776	0.324676	0.059501	0.186833	0.030300	0.123361	0.264891	0.095495	0.329946	0.156007	0.117717	0.242542	0.109066	0.124527	0.316658	0.089491	1,2,2,2,2,2	1.087555	0.676330	0.898717	0.898717	0.898717	0.898717	0.898717	
1000000	-115877	1,2,3,2,4,5	2.405583	6.840554	5.507058	5.824723	5.507058	5.973817	5.689738	1,1,1,1,1,1	0.035232	0.010891	0.512503	0.123271	0.353335	0.010891	0.512503	0.123271	0.353335	0.010891	0.512503	0.123271	0.353335	0.010891	0.512503	0.123271	0.353335	0.010891	0.512503	0.123271	0.353335	0.010891	0.512503	0.123271	0.353335	1,2,3,4,5,2	2.227518	0.296995	0.173415	0.032370	0.231093	0.220712	0.045414	0.504831	0.004569	0.025724	0.123188	0.167123	0.174565	0.063809	0.201922	0.081599	0.297857	0.330598	0.024214	0.262208	0.151697	0.058509	0.165106	0.031944	0.330536	0.278833	0.094243	0.025771	0.085739	0.223856	0.291558	0.504831	0.004569	0.025724	0.123188	0.167123	0.174565	1,1,1,1,1,1	0.000000	0.905795	0.905795	0.905795	0.905795	0.905795	0.905795	
